"query","significant","p_value","term_size","query_size","intersection_size","precision","recall","term_id","source","term_name","effective_domain_size","source_order","parents","Comparison","Direction"
"query_1",TRUE,3.83814527617048e-08,416,54,13,0.240740740740741,0.03125,"GO:0009615","GO:BP","response to virus",20972,3384,"GO:0051707","Monocytes_Healthy_vs_SNMG_Pre","Up"
"query_1",TRUE,3.83814527617048e-08,2427,54,26,0.481481481481481,0.0107128141738772,"GO:0009605","GO:BP","response to external stimulus",20972,3376,"GO:0050896","Monocytes_Healthy_vs_SNMG_Pre","Up"
"query_1",TRUE,4.3564311369427e-08,138,54,9,0.166666666666667,0.0652173913043478,"GO:0030168","GO:BP","platelet activation",20972,6260,"GO:0001775;GO:0007596","Monocytes_Healthy_vs_SNMG_Pre","Up"
"query_1",TRUE,4.3564311369427e-08,3984,54,32,0.592592592592593,0.00803212851405622,"GO:0006950","GO:BP","response to stress",20972,2451,"GO:0050896","Monocytes_Healthy_vs_SNMG_Pre","Up"
"query_1",TRUE,4.48326609415955e-08,101,54,8,0.148148148148148,0.0792079207920792,"GO:0034109","GO:BP","homotypic cell-cell adhesion",20972,7855,"GO:0098609","Monocytes_Healthy_vs_SNMG_Pre","Up"
"query_1",TRUE,4.48326609415955e-08,1121,54,18,0.333333333333333,0.016057091882248,"GO:0098542","GO:BP","defense response to other organism",20972,17559,"GO:0006952;GO:0051707","Monocytes_Healthy_vs_SNMG_Pre","Up"
"query_1",TRUE,4.48326609415955e-08,1100,54,18,0.333333333333333,0.0163636363636364,"GO:0140546","GO:BP","defense response to symbiont",20972,18576,"GO:0098542","Monocytes_Healthy_vs_SNMG_Pre","Up"
"query_1",TRUE,4.48326609415955e-08,1610,54,21,0.388888888888889,0.0130434782608696,"GO:0051707","GO:BP","response to other organism",20972,12978,"GO:0043207;GO:0044419","Monocytes_Healthy_vs_SNMG_Pre","Up"
"query_1",TRUE,4.48326609415955e-08,1613,54,21,0.388888888888889,0.0130192188468692,"GO:0043207","GO:BP","response to external biotic stimulus",20972,9908,"GO:0009605;GO:0009607","Monocytes_Healthy_vs_SNMG_Pre","Up"
"query_1",TRUE,4.48326609415955e-08,1777,54,22,0.407407407407407,0.0123804164321891,"GO:0044419","GO:BP","biological process involved in interspecies interaction between organisms",20972,10288,"GO:0008150","Monocytes_Healthy_vs_SNMG_Pre","Up"
"query_1",TRUE,5.2256975324352e-08,1652,54,21,0.388888888888889,0.0127118644067797,"GO:0009607","GO:BP","response to biotic stimulus",20972,3378,"GO:0050896","Monocytes_Healthy_vs_SNMG_Pre","Up"
"query_1",TRUE,1.01116725685401e-07,241,54,10,0.185185185185185,0.04149377593361,"GO:0007596","GO:BP","blood coagulation",20972,2915,"GO:0007599;GO:0042060;GO:0050817","Monocytes_Healthy_vs_SNMG_Pre","Up"
"query_1",TRUE,1.0527666848011e-07,116,54,8,0.148148148148148,0.0689655172413793,"GO:1903900","GO:BP","regulation of viral life cycle",20972,21725,"GO:0019058;GO:0050792","Monocytes_Healthy_vs_SNMG_Pre","Up"
"query_1",TRUE,1.05821829866973e-07,246,54,10,0.185185185185185,0.040650406504065,"GO:0050817","GO:BP","coagulation",20972,12417,"GO:0032501","Monocytes_Healthy_vs_SNMG_Pre","Up"
"query_1",TRUE,1.06847811567405e-07,248,54,10,0.185185185185185,0.0403225806451613,"GO:0007599","GO:BP","hemostasis",20972,2918,"GO:0050878","Monocytes_Healthy_vs_SNMG_Pre","Up"
"query_1",TRUE,1.17017538898889e-07,74,54,7,0.12962962962963,0.0945945945945946,"GO:0070527","GO:BP","platelet aggregation",20972,15050,"GO:0030168;GO:0034109","Monocytes_Healthy_vs_SNMG_Pre","Up"
"query_1",TRUE,1.94232323722867e-07,9051,54,45,0.833333333333333,0.00497182631753397,"GO:0050896","GO:BP","response to stimulus",20972,12476,"GO:0008150","Monocytes_Healthy_vs_SNMG_Pre","Up"
"query_1",TRUE,1.98237369104699e-07,81,54,7,0.12962962962963,0.0864197530864197,"GO:0045069","GO:BP","regulation of viral genome replication",20972,10508,"GO:0019079;GO:1903900","Monocytes_Healthy_vs_SNMG_Pre","Up"
"query_1",TRUE,3.01197228966813e-07,374,54,11,0.203703703703704,0.0294117647058824,"GO:0050878","GO:BP","regulation of body fluid levels",20972,12460,"GO:0065008","Monocytes_Healthy_vs_SNMG_Pre","Up"
"query_1",TRUE,3.13411569340169e-07,1883,54,21,0.388888888888889,0.0111524163568773,"GO:0006952","GO:BP","defense response",20972,2452,"GO:0006950","Monocytes_Healthy_vs_SNMG_Pre","Up"
"query_1",TRUE,3.27029380216209e-07,142,54,8,0.148148148148148,0.0563380281690141,"GO:0050792","GO:BP","regulation of viral process",20972,12399,"GO:0016032;GO:0050789","Monocytes_Healthy_vs_SNMG_Pre","Up"
"query_1",TRUE,3.36673917476101e-07,1018,54,16,0.296296296296296,0.0157170923379175,"GO:0045087","GO:BP","innate immune response",20972,10511,"GO:0006955;GO:0140546","Monocytes_Healthy_vs_SNMG_Pre","Up"
"query_1",TRUE,3.71546359012264e-07,51,54,6,0.111111111111111,0.117647058823529,"GO:0045071","GO:BP","negative regulation of viral genome replication",20972,10510,"GO:0019079;GO:0045069;GO:0048525","Monocytes_Healthy_vs_SNMG_Pre","Up"
"query_1",TRUE,1.25536112796379e-06,439,54,11,0.203703703703704,0.0250569476082005,"GO:0042060","GO:BP","wound healing",20972,9312,"GO:0009611","Monocytes_Healthy_vs_SNMG_Pre","Up"
"query_1",TRUE,1.47947621095578e-06,564,54,12,0.222222222222222,0.0212765957446809,"GO:0019221","GO:BP","cytokine-mediated signaling pathway",20972,5275,"GO:0007166;GO:0071345","Monocytes_Healthy_vs_SNMG_Pre","Up"
"query_1",TRUE,1.5575862974747e-06,115,54,7,0.12962962962963,0.0608695652173913,"GO:0019079","GO:BP","viral genome replication",20972,5248,"GO:0016032;GO:0019058","Monocytes_Healthy_vs_SNMG_Pre","Up"
"query_1",TRUE,1.5575862974747e-06,570,54,12,0.222222222222222,0.0210526315789474,"GO:0009611","GO:BP","response to wounding",20972,3382,"GO:0006950","Monocytes_Healthy_vs_SNMG_Pre","Up"
"query_1",TRUE,1.5896677169238e-06,456,54,11,0.203703703703704,0.0241228070175439,"GO:0006935","GO:BP","chemotaxis",20972,2443,"GO:0042221;GO:0042330","Monocytes_Healthy_vs_SNMG_Pre","Up"
"query_1",TRUE,1.60527252884406e-06,458,54,11,0.203703703703704,0.0240174672489083,"GO:0042330","GO:BP","taxis",20972,9447,"GO:0009605;GO:0040011","Monocytes_Healthy_vs_SNMG_Pre","Up"
"query_1",TRUE,1.70065416797149e-06,2118,54,21,0.388888888888889,0.00991501416430595,"GO:0006955","GO:BP","immune response",20972,2455,"GO:0002376;GO:0050896","Monocytes_Healthy_vs_SNMG_Pre","Up"
"query_1",TRUE,3.44840557721777e-06,77,54,6,0.111111111111111,0.0779220779220779,"GO:0048525","GO:BP","negative regulation of viral process",20972,11959,"GO:0016032;GO:0048519;GO:0050792","Monocytes_Healthy_vs_SNMG_Pre","Up"
"query_1",TRUE,3.72989941074575e-06,290,54,9,0.166666666666667,0.0310344827586207,"GO:0019058","GO:BP","viral life cycle",20972,5234,"GO:0016032","Monocytes_Healthy_vs_SNMG_Pre","Up"
"query_1",TRUE,8.8278775284716e-06,322,54,9,0.166666666666667,0.0279503105590062,"GO:0051607","GO:BP","defense response to virus",20972,12899,"GO:0006952;GO:0009615","Monocytes_Healthy_vs_SNMG_Pre","Up"
"query_1",TRUE,1.14176286536869e-05,49,54,5,0.0925925925925926,0.102040816326531,"GO:0002548","GO:BP","monocyte chemotaxis",20972,1023,"GO:0030595;GO:0071674;GO:0097529","Monocytes_Healthy_vs_SNMG_Pre","Up"
"query_1",TRUE,1.63941950582246e-05,2913,54,23,0.425925925925926,0.00789564023343632,"GO:0002376","GO:BP","immune system process",20972,867,"GO:0008150","Monocytes_Healthy_vs_SNMG_Pre","Up"
"query_1",TRUE,1.70162963640279e-05,103,54,6,0.111111111111111,0.058252427184466,"GO:0032760","GO:BP","positive regulation of tumor necrosis factor production",20972,7308,"GO:0032640;GO:0032680;GO:1903557","Monocytes_Healthy_vs_SNMG_Pre","Up"
"query_1",TRUE,2.07626710442729e-05,107,54,6,0.111111111111111,0.0560747663551402,"GO:1903557","GO:BP","positive regulation of tumor necrosis factor superfamily cytokine production",20972,21495,"GO:0001819;GO:0071706;GO:1903555","Monocytes_Healthy_vs_SNMG_Pre","Up"
"query_1",TRUE,2.89474094667626e-05,377,54,9,0.166666666666667,0.0238726790450928,"GO:0016032","GO:BP","viral process",20972,4829,"GO:0008150","Monocytes_Healthy_vs_SNMG_Pre","Up"
"query_1",TRUE,3.86918719032945e-05,1123,54,14,0.259259259259259,0.01246660730187,"GO:0001775","GO:BP","cell activation",20972,427,"GO:0009987;GO:0032501","Monocytes_Healthy_vs_SNMG_Pre","Up"
"query_1",TRUE,3.90578618146881e-05,27,54,4,0.0740740740740741,0.148148148148148,"GO:0090025","GO:BP","regulation of monocyte chemotaxis",20972,16768,"GO:0002548;GO:0002688;GO:0071675","Monocytes_Healthy_vs_SNMG_Pre","Up"
"query_1",TRUE,4.85508924766809e-05,6063,54,33,0.611111111111111,0.00544285007422068,"GO:0007165","GO:BP","signal transduction",20972,2595,"GO:0007154;GO:0009987;GO:0023052;GO:0050794;GO:0051716","Monocytes_Healthy_vs_SNMG_Pre","Up"
"query_1",TRUE,4.85508924766809e-05,979,54,13,0.240740740740741,0.0132788559754852,"GO:0034097","GO:BP","response to cytokine",20972,7846,"GO:1901652","Monocytes_Healthy_vs_SNMG_Pre","Up"
"query_1",TRUE,4.92316763440117e-05,8,54,3,0.0555555555555556,0.375,"GO:0070106","GO:BP","interleukin-27-mediated signaling pathway",20972,14811,"GO:0019221","Monocytes_Healthy_vs_SNMG_Pre","Up"
"query_1",TRUE,4.92316763440117e-05,1341,54,15,0.277777777777778,0.0111856823266219,"GO:0009968","GO:BP","negative regulation of signal transduction",20972,3645,"GO:0007165;GO:0009966;GO:0010648;GO:0023057;GO:0048585","Monocytes_Healthy_vs_SNMG_Pre","Up"
"query_1",TRUE,5.3145039751609e-05,993,54,13,0.240740740740741,0.013091641490433,"GO:1901652","GO:BP","response to peptide",20972,20209,"GO:0042221","Monocytes_Healthy_vs_SNMG_Pre","Up"
"query_1",TRUE,7.63778393752643e-05,2963,54,22,0.407407407407407,0.00742490718866014,"GO:0065008","GO:BP","regulation of biological quality",20972,14785,"GO:0065007","Monocytes_Healthy_vs_SNMG_Pre","Up"
"query_1",TRUE,8.17079452148149e-05,223,54,7,0.12962962962963,0.031390134529148,"GO:0071674","GO:BP","mononuclear cell migration",20972,15706,"GO:0050900","Monocytes_Healthy_vs_SNMG_Pre","Up"
"query_1",TRUE,8.45839327689785e-05,142,54,6,0.111111111111111,0.0422535211267606,"GO:0071675","GO:BP","regulation of mononuclear cell migration",20972,15707,"GO:0002685;GO:0071674","Monocytes_Healthy_vs_SNMG_Pre","Up"
"query_1",TRUE,9.55146379226941e-05,449,54,9,0.166666666666667,0.0200445434298441,"GO:0030099","GO:BP","myeloid cell differentiation",20972,6242,"GO:0030097;GO:0030154","Monocytes_Healthy_vs_SNMG_Pre","Up"
"query_1",TRUE,0.000100476783020076,891,54,12,0.222222222222222,0.0134680134680135,"GO:0071345","GO:BP","cellular response to cytokine stimulus",20972,15461,"GO:0034097","Monocytes_Healthy_vs_SNMG_Pre","Up"
"query_1",TRUE,0.000109796677692725,1449,54,15,0.277777777777778,0.010351966873706,"GO:0010648","GO:BP","negative regulation of cell communication",20972,4107,"GO:0007154;GO:0010646;GO:0048523","Monocytes_Healthy_vs_SNMG_Pre","Up"
"query_1",TRUE,0.000109796677692725,1449,54,15,0.277777777777778,0.010351966873706,"GO:0023057","GO:BP","negative regulation of signaling",20972,6207,"GO:0023051;GO:0023052;GO:0048519","Monocytes_Healthy_vs_SNMG_Pre","Up"
"query_1",TRUE,0.000110768630509705,84,54,5,0.0925925925925926,0.0595238095238095,"GO:0001960","GO:BP","negative regulation of cytokine-mediated signaling pathway",20972,556,"GO:0001959;GO:0009968;GO:0019221;GO:0060761","Monocytes_Healthy_vs_SNMG_Pre","Up"
"query_1",TRUE,0.000125978965214338,470,54,9,0.166666666666667,0.0191489361702128,"GO:0045088","GO:BP","regulation of innate immune response",20972,10512,"GO:0002831;GO:0031347;GO:0032101;GO:0045087;GO:0050776","Monocytes_Healthy_vs_SNMG_Pre","Up"
"query_1",TRUE,0.000134400304347592,88,54,5,0.0925925925925926,0.0568181818181818,"GO:0060761","GO:BP","negative regulation of response to cytokine stimulus",20972,13892,"GO:0034097;GO:0048585;GO:0060759","Monocytes_Healthy_vs_SNMG_Pre","Up"
"query_1",TRUE,0.000140936591572541,1693,54,16,0.296296296296296,0.00945067926757236,"GO:0048585","GO:BP","negative regulation of response to stimulus",20972,12007,"GO:0048519;GO:0048583;GO:0050896","Monocytes_Healthy_vs_SNMG_Pre","Up"
"query_1",TRUE,0.00016152958491725,92,54,5,0.0925925925925926,0.0543478260869565,"GO:0034340","GO:BP","response to type I interferon",20972,8005,"GO:0034097;GO:0045087","Monocytes_Healthy_vs_SNMG_Pre","Up"
"query_1",TRUE,0.00016435573314735,165,54,6,0.111111111111111,0.0363636363636364,"GO:0032640","GO:BP","tumor necrosis factor production",20972,7191,"GO:0071706","Monocytes_Healthy_vs_SNMG_Pre","Up"
"query_1",TRUE,0.00016435573314735,165,54,6,0.111111111111111,0.0363636363636364,"GO:0032680","GO:BP","regulation of tumor necrosis factor production",20972,7230,"GO:0032640;GO:1903555","Monocytes_Healthy_vs_SNMG_Pre","Up"
"query_1",TRUE,0.000170617266741814,94,54,5,0.0925925925925926,0.0531914893617021,"GO:0045824","GO:BP","negative regulation of innate immune response",20972,10872,"GO:0002832;GO:0031348;GO:0032102;GO:0045087;GO:0045088;GO:0050777","Monocytes_Healthy_vs_SNMG_Pre","Up"
"query_1",TRUE,0.000179957222377527,96,54,5,0.0925925925925926,0.0520833333333333,"GO:0071677","GO:BP","positive regulation of mononuclear cell migration",20972,15709,"GO:0002687;GO:0071674;GO:0071675","Monocytes_Healthy_vs_SNMG_Pre","Up"
"query_1",TRUE,0.000179957222377527,263,54,7,0.12962962962963,0.026615969581749,"GO:0031348","GO:BP","negative regulation of defense response",20972,6683,"GO:0006952;GO:0031347;GO:0048585","Monocytes_Healthy_vs_SNMG_Pre","Up"
"query_1",TRUE,0.000179957222377527,170,54,6,0.111111111111111,0.0352941176470588,"GO:1903555","GO:BP","regulation of tumor necrosis factor superfamily cytokine production",20972,21493,"GO:0001817;GO:0071706","Monocytes_Healthy_vs_SNMG_Pre","Up"
"query_1",TRUE,0.000179957222377527,170,54,6,0.111111111111111,0.0352941176470588,"GO:0071706","GO:BP","tumor necrosis factor superfamily cytokine production",20972,15729,"GO:0001816","Monocytes_Healthy_vs_SNMG_Pre","Up"
"query_1",TRUE,0.000181028176741848,2923,54,21,0.388888888888889,0.00718439958946288,"GO:0051239","GO:BP","regulation of multicellular organismal process",20972,12691,"GO:0032501;GO:0050789","Monocytes_Healthy_vs_SNMG_Pre","Up"
"query_1",TRUE,0.000184512596954098,971,54,12,0.222222222222222,0.0123583934088568,"GO:0030097","GO:BP","hemopoiesis",20972,6240,"GO:0048468","Monocytes_Healthy_vs_SNMG_Pre","Up"
"query_1",TRUE,0.000204561996550333,6558,54,33,0.611111111111111,0.005032021957914,"GO:0023052","GO:BP","signaling",20972,6205,"GO:0050789","Monocytes_Healthy_vs_SNMG_Pre","Up"
"query_1",TRUE,0.000212018894970181,386,54,8,0.148148148148148,0.0207253886010363,"GO:0050900","GO:BP","leukocyte migration",20972,12479,"GO:0002376;GO:0016477","Monocytes_Healthy_vs_SNMG_Pre","Up"
"query_1",TRUE,0.00022985623771973,6598,54,33,0.611111111111111,0.00500151561079115,"GO:0007154","GO:BP","cell communication",20972,2584,"GO:0009987","Monocytes_Healthy_vs_SNMG_Pre","Up"
"query_1",TRUE,0.00023486768387048,393,54,8,0.148148148148148,0.0203562340966921,"GO:0032102","GO:BP","negative regulation of response to external stimulus",20972,6888,"GO:0009605;GO:0032101;GO:0048585","Monocytes_Healthy_vs_SNMG_Pre","Up"
"query_1",TRUE,0.000291724078587594,3031,54,21,0.388888888888889,0.0069284064665127,"GO:0009966","GO:BP","regulation of signal transduction",20972,3643,"GO:0007165;GO:0010646;GO:0023051;GO:0048583","Monocytes_Healthy_vs_SNMG_Pre","Up"
"query_1",TRUE,0.000291724078587594,16,54,3,0.0555555555555556,0.1875,"GO:0072378","GO:BP","blood coagulation, fibrin clot formation",20972,16202,"GO:0007596;GO:0072376","Monocytes_Healthy_vs_SNMG_Pre","Up"
"query_1",TRUE,0.000316773579620542,111,54,5,0.0925925925925926,0.045045045045045,"GO:0140888","GO:BP","interferon-mediated signaling pathway",20972,18678,"GO:0019221","Monocytes_Healthy_vs_SNMG_Pre","Up"
"query_1",TRUE,0.000325325975521602,7425,54,35,0.648148148148148,0.00471380471380471,"GO:0051716","GO:BP","cellular response to stimulus",20972,12983,"GO:0009987;GO:0050896","Monocytes_Healthy_vs_SNMG_Pre","Up"
"query_1",TRUE,0.000343003168533225,1639,54,15,0.277777777777778,0.00915192190359976,"GO:0051240","GO:BP","positive regulation of multicellular organismal process",20972,12692,"GO:0032501;GO:0048518;GO:0051239","Monocytes_Healthy_vs_SNMG_Pre","Up"
"query_1",TRUE,0.000362646204423865,559,54,9,0.166666666666667,0.0161001788908766,"GO:0002831","GO:BP","regulation of response to biotic stimulus",20972,1295,"GO:0009607;GO:0048583","Monocytes_Healthy_vs_SNMG_Pre","Up"
"query_1",TRUE,0.000368338977647852,199,54,6,0.111111111111111,0.0301507537688442,"GO:0050777","GO:BP","negative regulation of immune response",20972,12392,"GO:0002683;GO:0006955;GO:0048585;GO:0050776","Monocytes_Healthy_vs_SNMG_Pre","Up"
"query_1",TRUE,0.000372192786961362,2834,54,20,0.37037037037037,0.00705716302046577,"GO:0007166","GO:BP","cell surface receptor signaling pathway",20972,2596,"GO:0007165","Monocytes_Healthy_vs_SNMG_Pre","Up"
"query_1",TRUE,0.000374871220985524,18,54,3,0.0555555555555556,0.166666666666667,"GO:2000341","GO:BP","regulation of chemokine (C-X-C motif) ligand 2 production",20972,23786,"GO:0032642;GO:0072567","Monocytes_Healthy_vs_SNMG_Pre","Up"
"query_1",TRUE,0.000374871220985524,201,54,6,0.111111111111111,0.0298507462686567,"GO:0050920","GO:BP","regulation of chemotaxis",20972,12499,"GO:0006935;GO:0032101;GO:0040012","Monocytes_Healthy_vs_SNMG_Pre","Up"
"query_1",TRUE,0.000374871220985524,18,54,3,0.0555555555555556,0.166666666666667,"GO:0072567","GO:BP","chemokine (C-X-C motif) ligand 2 production",20972,16267,"GO:0032602","Monocytes_Healthy_vs_SNMG_Pre","Up"
"query_1",TRUE,0.000414992162699955,1898,54,16,0.296296296296296,0.00842992623814542,"GO:0006915","GO:BP","apoptotic process",20972,2433,"GO:0012501","Monocytes_Healthy_vs_SNMG_Pre","Up"
"query_1",TRUE,0.000445479779321465,315,54,7,0.12962962962963,0.0222222222222222,"GO:0060326","GO:BP","cell chemotaxis",20972,13548,"GO:0006935;GO:0016477;GO:0070887","Monocytes_Healthy_vs_SNMG_Pre","Up"
"query_1",TRUE,0.000474397602102613,1092,54,12,0.222222222222222,0.010989010989011,"GO:0032101","GO:BP","regulation of response to external stimulus",20972,6887,"GO:0009605;GO:0048583","Monocytes_Healthy_vs_SNMG_Pre","Up"
"query_1",TRUE,0.000491472898360721,20,54,3,0.0555555555555556,0.15,"GO:0072376","GO:BP","protein activation cascade",20972,16200,"GO:0051604","Monocytes_Healthy_vs_SNMG_Pre","Up"
"query_1",TRUE,0.000491472898360721,20,54,3,0.0555555555555556,0.15,"GO:0090026","GO:BP","positive regulation of monocyte chemotaxis",20972,16769,"GO:0002548;GO:0002690;GO:0071677;GO:0090025","Monocytes_Healthy_vs_SNMG_Pre","Up"
"query_1",TRUE,0.000530827807324128,128,54,5,0.0925925925925926,0.0390625,"GO:0002832","GO:BP","negative regulation of response to biotic stimulus",20972,1296,"GO:0002831;GO:0009607;GO:0048585","Monocytes_Healthy_vs_SNMG_Pre","Up"
"query_1",TRUE,0.000570893432014076,1958,54,16,0.296296296296296,0.00817160367722165,"GO:0012501","GO:BP","programmed cell death",20972,4356,"GO:0008219","Monocytes_Healthy_vs_SNMG_Pre","Up"
"query_1",TRUE,0.000572574402082563,1962,54,16,0.296296296296296,0.00815494393476045,"GO:0008219","GO:BP","cell death",20972,3006,"GO:0009987","Monocytes_Healthy_vs_SNMG_Pre","Up"
"query_1",TRUE,0.000572574402082563,3480,54,22,0.407407407407407,0.00632183908045977,"GO:0010646","GO:BP","regulation of cell communication",20972,4105,"GO:0007154;GO:0050794","Monocytes_Healthy_vs_SNMG_Pre","Up"
"query_1",TRUE,0.000616034639824103,65,54,4,0.0740740740740741,0.0615384615384615,"GO:0140374","GO:BP","antiviral innate immune response",20972,18509,"GO:0045087;GO:0051607","Monocytes_Healthy_vs_SNMG_Pre","Up"
"query_1",TRUE,0.000633047685726846,226,54,6,0.111111111111111,0.0265486725663717,"GO:0002685","GO:BP","regulation of leukocyte migration",20972,1157,"GO:0002682;GO:0030334;GO:0050900","Monocytes_Healthy_vs_SNMG_Pre","Up"
"query_1",TRUE,0.000635151314937726,227,54,6,0.111111111111111,0.026431718061674,"GO:0030595","GO:BP","leukocyte chemotaxis",20972,6417,"GO:0050900;GO:0060326","Monocytes_Healthy_vs_SNMG_Pre","Up"
"query_1",TRUE,0.000635151314937726,227,54,6,0.111111111111111,0.026431718061674,"GO:0097529","GO:BP","myeloid leukocyte migration",20972,17462,"GO:0050900","Monocytes_Healthy_vs_SNMG_Pre","Up"
"query_1",TRUE,0.000647225174195787,780,54,10,0.185185185185185,0.0128205128205128,"GO:0001817","GO:BP","regulation of cytokine production",20972,461,"GO:0001816;GO:0010468;GO:0051239","Monocytes_Healthy_vs_SNMG_Pre","Up"
"query_1",TRUE,0.000676711116022737,23,54,3,0.0555555555555556,0.130434782608696,"GO:0060339","GO:BP","negative regulation of type I interferon-mediated signaling pathway",20972,13560,"GO:0001960;GO:0045824;GO:0060337;GO:0060338","Monocytes_Healthy_vs_SNMG_Pre","Up"
"query_1",TRUE,0.000676711116022737,786,54,10,0.185185185185185,0.0127226463104326,"GO:0001816","GO:BP","cytokine production",20972,460,"GO:0010467;GO:0032501","Monocytes_Healthy_vs_SNMG_Pre","Up"
"query_1",TRUE,0.00072487491969727,69,54,4,0.0740740740740741,0.0579710144927536,"GO:0032722","GO:BP","positive regulation of chemokine production",20972,7271,"GO:0001819;GO:0032602;GO:0032642","Monocytes_Healthy_vs_SNMG_Pre","Up"
"query_1",TRUE,0.000743192596931775,141,54,5,0.0925925925925926,0.0354609929078014,"GO:0050921","GO:BP","positive regulation of chemotaxis",20972,12500,"GO:0006935;GO:0032103;GO:0040017;GO:0050920","Monocytes_Healthy_vs_SNMG_Pre","Up"
"query_1",TRUE,0.000803340598746933,3863,54,23,0.425925925925926,0.00595392182241781,"GO:0042221","GO:BP","response to chemical",20972,9400,"GO:0050896","Monocytes_Healthy_vs_SNMG_Pre","Up"
"query_1",TRUE,0.000820252503016438,492,54,8,0.148148148148148,0.016260162601626,"GO:0001819","GO:BP","positive regulation of cytokine production",20972,463,"GO:0001816;GO:0001817;GO:0010628;GO:0051240","Monocytes_Healthy_vs_SNMG_Pre","Up"
"query_1",TRUE,0.000828442843277764,25,54,3,0.0555555555555556,0.12,"GO:0002407","GO:BP","dendritic cell chemotaxis",20972,890,"GO:0030595;GO:0036336","Monocytes_Healthy_vs_SNMG_Pre","Up"
"query_1",TRUE,0.000860092810948749,1184,54,12,0.222222222222222,0.0101351351351351,"GO:0010628","GO:BP","positive regulation of gene expression",20972,4087,"GO:0010467;GO:0010468;GO:0010557","Monocytes_Healthy_vs_SNMG_Pre","Up"
"query_1",TRUE,0.000916818651612142,26,54,3,0.0555555555555556,0.115384615384615,"GO:0033622","GO:BP","integrin activation",20972,7766,"GO:0065003","Monocytes_Healthy_vs_SNMG_Pre","Up"
"query_1",TRUE,0.000972687534183925,151,54,5,0.0925925925925926,0.033112582781457,"GO:0002687","GO:BP","positive regulation of leukocyte migration",20972,1159,"GO:0002684;GO:0002685;GO:0030335;GO:0050900","Monocytes_Healthy_vs_SNMG_Pre","Up"
"query_1",TRUE,0.000991211719507241,1410,54,13,0.240740740740741,0.00921985815602837,"GO:0080134","GO:BP","regulation of response to stress",20972,16633,"GO:0006950;GO:0048583","Monocytes_Healthy_vs_SNMG_Pre","Up"
"query_1",TRUE,0.000991211719507241,831,54,10,0.185185185185185,0.0120336943441637,"GO:0031347","GO:BP","regulation of defense response",20972,6682,"GO:0006952;GO:0080134","Monocytes_Healthy_vs_SNMG_Pre","Up"
"query_1",TRUE,0.0010668581705554,78,54,4,0.0740740740740741,0.0512820512820513,"GO:0098586","GO:BP","cellular response to virus",20972,17566,"GO:0009615","Monocytes_Healthy_vs_SNMG_Pre","Up"
"query_1",TRUE,0.00123473200989895,1236,54,12,0.222222222222222,0.00970873786407767,"GO:0040011","GO:BP","locomotion",20972,9265,"GO:0008150","Monocytes_Healthy_vs_SNMG_Pre","Up"
"query_1",TRUE,0.00146717326615663,85,54,4,0.0740740740740741,0.0470588235294118,"GO:0060337","GO:BP","type I interferon-mediated signaling pathway",20972,13558,"GO:0071357;GO:0140888","Monocytes_Healthy_vs_SNMG_Pre","Up"
"query_1",TRUE,0.00147161392727428,31,54,3,0.0555555555555556,0.0967741935483871,"GO:0002507","GO:BP","tolerance induction",20972,987,"GO:0002376;GO:0002520","Monocytes_Healthy_vs_SNMG_Pre","Up"
"query_1",TRUE,0.00150092220040712,86,54,4,0.0740740740740741,0.0465116279069767,"GO:0071357","GO:BP","cellular response to type I interferon",20972,15473,"GO:0034340;GO:0071345","Monocytes_Healthy_vs_SNMG_Pre","Up"
"query_1",TRUE,0.00150092220040712,168,54,5,0.0925925925925926,0.0297619047619048,"GO:0001959","GO:BP","regulation of cytokine-mediated signaling pathway",20972,555,"GO:0009966;GO:0019221;GO:0060759","Monocytes_Healthy_vs_SNMG_Pre","Up"
"query_1",TRUE,0.00150565857375714,3473,54,21,0.388888888888889,0.00604664555139649,"GO:0023051","GO:BP","regulation of signaling",20972,6204,"GO:0023052;GO:0050789","Monocytes_Healthy_vs_SNMG_Pre","Up"
"query_1",TRUE,0.00154168660622205,276,54,6,0.111111111111111,0.0217391304347826,"GO:0070372","GO:BP","regulation of ERK1 and ERK2 cascade",20972,14976,"GO:0043408;GO:0070371","Monocytes_Healthy_vs_SNMG_Pre","Up"
"query_1",TRUE,0.00155102861787762,32,54,3,0.0555555555555556,0.09375,"GO:0036336","GO:BP","dendritic cell migration",20972,8948,"GO:0071674","Monocytes_Healthy_vs_SNMG_Pre","Up"
"query_1",TRUE,0.00162996756793541,716,54,9,0.166666666666667,0.0125698324022346,"GO:0030036","GO:BP","actin cytoskeleton organization",20972,6225,"GO:0007010;GO:0030029","Monocytes_Healthy_vs_SNMG_Pre","Up"
"query_1",TRUE,0.00166863094628257,719,54,9,0.166666666666667,0.0125173852573018,"GO:0009617","GO:BP","response to bacterium",20972,3386,"GO:0051707","Monocytes_Healthy_vs_SNMG_Pre","Up"
"query_1",TRUE,0.00183138592487492,92,54,4,0.0740740740740741,0.0434782608695652,"GO:0032602","GO:BP","chemokine production",20972,7154,"GO:0001816","Monocytes_Healthy_vs_SNMG_Pre","Up"
"query_1",TRUE,0.00183138592487492,92,54,4,0.0740740740740741,0.0434782608695652,"GO:0032642","GO:BP","regulation of chemokine production",20972,7193,"GO:0001817;GO:0032602","Monocytes_Healthy_vs_SNMG_Pre","Up"
"query_1",TRUE,0.00188372261805499,6,54,2,0.037037037037037,0.333333333333333,"GO:0002513","GO:BP","tolerance induction to self antigen",20972,993,"GO:0002507","Monocytes_Healthy_vs_SNMG_Pre","Up"
"query_1",TRUE,0.00188372261805499,179,54,5,0.0925925925925926,0.0279329608938547,"GO:0060759","GO:BP","regulation of response to cytokine stimulus",20972,13890,"GO:0034097;GO:0048583","Monocytes_Healthy_vs_SNMG_Pre","Up"
"query_1",TRUE,0.00191832625874722,422,54,7,0.12962962962963,0.0165876777251185,"GO:0043254","GO:BP","regulation of protein-containing complex assembly",20972,9920,"GO:0044087;GO:0051128;GO:0065003","Monocytes_Healthy_vs_SNMG_Pre","Up"
"query_1",TRUE,0.0022594214858582,300,54,6,0.111111111111111,0.02,"GO:0070371","GO:BP","ERK1 and ERK2 cascade",20972,14975,"GO:0000165","Monocytes_Healthy_vs_SNMG_Pre","Up"
"query_1",TRUE,0.00236312188802895,189,54,5,0.0925925925925926,0.0264550264550265,"GO:0070374","GO:BP","positive regulation of ERK1 and ERK2 cascade",20972,14978,"GO:0043410;GO:0070371;GO:0070372","Monocytes_Healthy_vs_SNMG_Pre","Up"
"query_1",TRUE,0.00238332963813445,38,54,3,0.0555555555555556,0.0789473684210526,"GO:0010742","GO:BP","macrophage derived foam cell differentiation",20972,4164,"GO:0090077","Monocytes_Healthy_vs_SNMG_Pre","Up"
"query_1",TRUE,0.00238332963813445,38,54,3,0.0555555555555556,0.0789473684210526,"GO:0090077","GO:BP","foam cell differentiation",20972,16808,"GO:0030154","Monocytes_Healthy_vs_SNMG_Pre","Up"
"query_1",TRUE,0.00248998683668626,7,54,2,0.037037037037037,0.285714285714286,"GO:0072126","GO:BP","positive regulation of glomerular mesangial cell proliferation",20972,16000,"GO:0072110;GO:0072124;GO:1901724","Monocytes_Healthy_vs_SNMG_Pre","Up"
"query_1",TRUE,0.00248998683668626,7,54,2,0.037037037037037,0.285714285714286,"GO:0002576","GO:BP","platelet degranulation",20972,1051,"GO:0045055;GO:0051649","Monocytes_Healthy_vs_SNMG_Pre","Up"
"query_1",TRUE,0.00261956035779792,103,54,4,0.0740740740740741,0.0388349514563107,"GO:0045639","GO:BP","positive regulation of myeloid cell differentiation",20972,10721,"GO:0030099;GO:0045597;GO:0045637","Monocytes_Healthy_vs_SNMG_Pre","Up"
"query_1",TRUE,0.00277871535809768,965,54,10,0.185185185185185,0.0103626943005181,"GO:0098609","GO:BP","cell-cell adhesion",20972,17570,"GO:0007155","Monocytes_Healthy_vs_SNMG_Pre","Up"
"query_1",TRUE,0.0028026271341696,1594,54,13,0.240740740740741,0.0081555834378921,"GO:0002682","GO:BP","regulation of immune system process",20972,1154,"GO:0002376;GO:0050789","Monocytes_Healthy_vs_SNMG_Pre","Up"
"query_1",TRUE,0.00285473362352138,970,54,10,0.185185185185185,0.0103092783505155,"GO:0050776","GO:BP","regulation of immune response",20972,12391,"GO:0002682;GO:0006955;GO:0048583","Monocytes_Healthy_vs_SNMG_Pre","Up"
"query_1",TRUE,0.00294386193218679,107,54,4,0.0740740740740741,0.0373831775700935,"GO:0010595","GO:BP","positive regulation of endothelial cell migration",20972,4057,"GO:0010594;GO:0030335;GO:0043542","Monocytes_Healthy_vs_SNMG_Pre","Up"
"query_1",TRUE,0.0030289876926491,42,54,3,0.0555555555555556,0.0714285714285714,"GO:0032728","GO:BP","positive regulation of interferon-beta production",20972,7277,"GO:0032481;GO:0032608;GO:0032648","Monocytes_Healthy_vs_SNMG_Pre","Up"
"query_1",TRUE,0.00310283789711876,204,54,5,0.0925925925925926,0.0245098039215686,"GO:0031334","GO:BP","positive regulation of protein-containing complex assembly",20972,6672,"GO:0043254;GO:0044089;GO:0051130;GO:0065003","Monocytes_Healthy_vs_SNMG_Pre","Up"
"query_1",TRUE,0.0031209513375714,8,54,2,0.037037037037037,0.25,"GO:1990314","GO:BP","cellular response to insulin-like growth factor stimulus",20972,23293,"GO:0071375","Monocytes_Healthy_vs_SNMG_Pre","Up"
"query_1",TRUE,0.00313770161749541,798,54,9,0.166666666666667,0.0112781954887218,"GO:0097435","GO:BP","supramolecular fiber organization",20972,17431,"GO:0016043","Monocytes_Healthy_vs_SNMG_Pre","Up"
"query_1",TRUE,0.00314791188699724,3993,54,22,0.407407407407407,0.00550964187327824,"GO:0048583","GO:BP","regulation of response to stimulus",20972,12005,"GO:0050789;GO:0050896","Monocytes_Healthy_vs_SNMG_Pre","Up"
"query_1",TRUE,0.00333356495900751,44,54,3,0.0555555555555556,0.0681818181818182,"GO:0014003","GO:BP","oligodendrocyte development",20972,4361,"GO:0021782;GO:0048709","Monocytes_Healthy_vs_SNMG_Pre","Up"
"query_1",TRUE,0.00333356495900751,44,54,3,0.0555555555555556,0.0681818181818182,"GO:0060338","GO:BP","regulation of type I interferon-mediated signaling pathway",20972,13559,"GO:0001959;GO:0045088;GO:0060337","Monocytes_Healthy_vs_SNMG_Pre","Up"
"query_1",TRUE,0.00337647552387002,210,54,5,0.0925925925925926,0.0238095238095238,"GO:0045936","GO:BP","negative regulation of phosphate metabolic process",20972,10951,"GO:0006796;GO:0010563","Monocytes_Healthy_vs_SNMG_Pre","Up"
"query_1",TRUE,0.00337647552387002,210,54,5,0.0925925925925926,0.0238095238095238,"GO:0010563","GO:BP","negative regulation of phosphorus metabolic process",20972,4030,"GO:0006793;GO:0009892;GO:0051174","Monocytes_Healthy_vs_SNMG_Pre","Up"
"query_1",TRUE,0.00355125955522095,816,54,9,0.166666666666667,0.0110294117647059,"GO:0030029","GO:BP","actin filament-based process",20972,6218,"GO:0009987","Monocytes_Healthy_vs_SNMG_Pre","Up"
"query_1",TRUE,0.00358486693847651,214,54,5,0.0925925925925926,0.0233644859813084,"GO:0071222","GO:BP","cellular response to lipopolysaccharide",20972,15350,"GO:0032496;GO:0071219;GO:0071396;GO:1901701","Monocytes_Healthy_vs_SNMG_Pre","Up"
"query_1",TRUE,0.00358486693847651,214,54,5,0.0925925925925926,0.0233644859813084,"GO:0045637","GO:BP","regulation of myeloid cell differentiation",20972,10719,"GO:0030099;GO:1903706","Monocytes_Healthy_vs_SNMG_Pre","Up"
"query_1",TRUE,0.00358486693847651,1426,54,12,0.222222222222222,0.00841514726507714,"GO:0042981","GO:BP","regulation of apoptotic process",20972,9804,"GO:0006915;GO:0043067","Monocytes_Healthy_vs_SNMG_Pre","Up"
"query_1",TRUE,0.00362692577210599,46,54,3,0.0555555555555556,0.0652173913043478,"GO:0097028","GO:BP","dendritic cell differentiation",20972,17234,"GO:1903131","Monocytes_Healthy_vs_SNMG_Pre","Up"
"query_1",TRUE,0.00362780994570885,5948,54,28,0.518518518518518,0.0047074646940148,"GO:0048856","GO:BP","anatomical structure development",20972,12247,"GO:0032502","Monocytes_Healthy_vs_SNMG_Pre","Up"
"query_1",TRUE,0.00365883617513039,9,54,2,0.037037037037037,0.222222222222222,"GO:1901724","GO:BP","positive regulation of cell proliferation involved in kidney development",20972,20254,"GO:0008284;GO:0072111","Monocytes_Healthy_vs_SNMG_Pre","Up"
"query_1",TRUE,0.00380431458263551,118,54,4,0.0740740740740741,0.0338983050847458,"GO:0007229","GO:BP","integrin-mediated signaling pathway",20972,2644,"GO:0007166","Monocytes_Healthy_vs_SNMG_Pre","Up"
"query_1",TRUE,0.00390331541217865,119,54,4,0.0740740740740741,0.0336134453781513,"GO:0002688","GO:BP","regulation of leukocyte chemotaxis",20972,1160,"GO:0002685;GO:0030595;GO:0050920","Monocytes_Healthy_vs_SNMG_Pre","Up"
"query_1",TRUE,0.00410758939799254,839,54,9,0.166666666666667,0.0107270560190703,"GO:0048871","GO:BP","multicellular organismal-level homeostasis",20972,12261,"GO:0032501;GO:0042592","Monocytes_Healthy_vs_SNMG_Pre","Up"
"query_1",TRUE,0.00413966934587141,223,54,5,0.0925925925925926,0.0224215246636771,"GO:0051924","GO:BP","regulation of calcium ion transport",20972,13065,"GO:0006816;GO:0010959","Monocytes_Healthy_vs_SNMG_Pre","Up"
"query_1",TRUE,0.00418033394410857,49,54,3,0.0555555555555556,0.0612244897959184,"GO:0033628","GO:BP","regulation of cell adhesion mediated by integrin",20972,7772,"GO:0030155;GO:0033627","Monocytes_Healthy_vs_SNMG_Pre","Up"
"query_1",TRUE,0.00425832761667343,225,54,5,0.0925925925925926,0.0222222222222222,"GO:0071219","GO:BP","cellular response to molecule of bacterial origin",20972,15347,"GO:0002237;GO:0071216","Monocytes_Healthy_vs_SNMG_Pre","Up"
"query_1",TRUE,0.00432613284933713,1467,54,12,0.222222222222222,0.0081799591002045,"GO:0043067","GO:BP","regulation of programmed cell death",20972,9850,"GO:0012501;GO:0050794","Monocytes_Healthy_vs_SNMG_Pre","Up"
"query_1",TRUE,0.00433480397268701,10,54,2,0.037037037037037,0.2,"GO:0072124","GO:BP","regulation of glomerular mesangial cell proliferation",20972,15998,"GO:0042127;GO:0072110","Monocytes_Healthy_vs_SNMG_Pre","Up"
"query_1",TRUE,0.00436670217336439,124,54,4,0.0740740740740741,0.032258064516129,"GO:0002761","GO:BP","regulation of myeloid leukocyte differentiation",20972,1226,"GO:0002573;GO:0045637;GO:1902105","Monocytes_Healthy_vs_SNMG_Pre","Up"
"query_1",TRUE,0.00447435384786909,125,54,4,0.0740740740740741,0.032,"GO:0051209","GO:BP","release of sequestered calcium ion into cytosol",20972,12672,"GO:0097553","Monocytes_Healthy_vs_SNMG_Pre","Up"
"query_1",TRUE,0.00463165871585183,4443,54,23,0.425925925925926,0.00517668242178708,"GO:0030154","GO:BP","cell differentiation",20972,6252,"GO:0048869","Monocytes_Healthy_vs_SNMG_Pre","Up"
"query_1",TRUE,0.00463165871585183,4444,54,23,0.425925925925926,0.00517551755175518,"GO:0048869","GO:BP","cellular developmental process",20972,12259,"GO:0009987;GO:0032502","Monocytes_Healthy_vs_SNMG_Pre","Up"
"query_1",TRUE,0.00463730690005571,127,54,4,0.0740740740740741,0.031496062992126,"GO:0032606","GO:BP","type I interferon production",20972,7158,"GO:0001816","Monocytes_Healthy_vs_SNMG_Pre","Up"
"query_1",TRUE,0.00463730690005571,127,54,4,0.0740740740740741,0.031496062992126,"GO:0032479","GO:BP","regulation of type I interferon production",20972,7095,"GO:0001817;GO:0032606","Monocytes_Healthy_vs_SNMG_Pre","Up"
"query_1",TRUE,0.00494507016016729,11,54,2,0.037037037037037,0.181818181818182,"GO:0033625","GO:BP","positive regulation of integrin activation",20972,7769,"GO:0031334;GO:0033622;GO:0033623","Monocytes_Healthy_vs_SNMG_Pre","Up"
"query_1",TRUE,0.00494507016016729,5753,54,27,0.5,0.00469320354597601,"GO:0048519","GO:BP","negative regulation of biological process",20972,11953,"GO:0008150;GO:0050789","Monocytes_Healthy_vs_SNMG_Pre","Up"
"query_1",TRUE,0.00494507016016729,53,54,3,0.0555555555555556,0.0566037735849057,"GO:0010543","GO:BP","regulation of platelet activation",20972,4016,"GO:0030168;GO:0050865","Monocytes_Healthy_vs_SNMG_Pre","Up"
"query_1",TRUE,0.00494507016016729,11,54,2,0.037037037037037,0.181818181818182,"GO:2000343","GO:BP","positive regulation of chemokine (C-X-C motif) ligand 2 production",20972,23788,"GO:0032722;GO:0072567;GO:2000341","Monocytes_Healthy_vs_SNMG_Pre","Up"
"query_1",TRUE,0.00494507016016729,11,54,2,0.037037037037037,0.181818181818182,"GO:0072110","GO:BP","glomerular mesangial cell proliferation",20972,15984,"GO:0072109;GO:0072111","Monocytes_Healthy_vs_SNMG_Pre","Up"
"query_1",TRUE,0.00495201560222305,873,54,9,0.166666666666667,0.0103092783505155,"GO:0006954","GO:BP","inflammatory response",20972,2454,"GO:0006952","Monocytes_Healthy_vs_SNMG_Pre","Up"
"query_1",TRUE,0.00506922569755924,522,54,7,0.12962962962963,0.0134099616858238,"GO:0002683","GO:BP","negative regulation of immune system process",20972,1155,"GO:0002376;GO:0002682;GO:0048519","Monocytes_Healthy_vs_SNMG_Pre","Up"
"query_1",TRUE,0.00520780971485465,1512,54,12,0.222222222222222,0.00793650793650794,"GO:0007155","GO:BP","cell adhesion",20972,2585,"GO:0009987","Monocytes_Healthy_vs_SNMG_Pre","Up"
"query_1",TRUE,0.00527540558550804,55,54,3,0.0555555555555556,0.0545454545454545,"GO:0043536","GO:BP","positive regulation of blood vessel endothelial cell migration",20972,10077,"GO:0010595;GO:0043534;GO:0043535","Monocytes_Healthy_vs_SNMG_Pre","Up"
"query_1",TRUE,0.00543509279831475,243,54,5,0.0925925925925926,0.0205761316872428,"GO:0002274","GO:BP","myeloid leukocyte activation",20972,779,"GO:0045321","Monocytes_Healthy_vs_SNMG_Pre","Up"
"query_1",TRUE,0.00568866423874065,12,54,2,0.037037037037037,0.166666666666667,"GO:0071888","GO:BP","macrophage apoptotic process",20972,15821,"GO:0006925;GO:0033028;GO:0071887","Monocytes_Healthy_vs_SNMG_Pre","Up"
"query_1",TRUE,0.00568866423874065,380,54,6,0.111111111111111,0.0157894736842105,"GO:0050867","GO:BP","positive regulation of cell activation",20972,12452,"GO:0001775;GO:0048522;GO:0050865;GO:0051240","Monocytes_Healthy_vs_SNMG_Pre","Up"
"query_1",TRUE,0.00605183854751995,139,54,4,0.0740740740740741,0.0287769784172662,"GO:0002244","GO:BP","hematopoietic progenitor cell differentiation",20972,755,"GO:0030097;GO:0030154","Monocytes_Healthy_vs_SNMG_Pre","Up"
"query_1",TRUE,0.00620281368089887,252,54,5,0.0925925925925926,0.0198412698412698,"GO:0071216","GO:BP","cellular response to biotic stimulus",20972,15344,"GO:0009607;GO:0051716","Monocytes_Healthy_vs_SNMG_Pre","Up"
"query_1",TRUE,0.00620281368089887,544,54,7,0.12962962962963,0.0128676470588235,"GO:0030335","GO:BP","positive regulation of cell migration",20972,6340,"GO:0016477;GO:0030334;GO:2000147","Monocytes_Healthy_vs_SNMG_Pre","Up"
"query_1",TRUE,0.00620281368089887,59,54,3,0.0555555555555556,0.0508474576271186,"GO:0032648","GO:BP","regulation of interferon-beta production",20972,7199,"GO:0032479;GO:0032608","Monocytes_Healthy_vs_SNMG_Pre","Up"
"query_1",TRUE,0.00620281368089887,59,54,3,0.0555555555555556,0.0508474576271186,"GO:0032608","GO:BP","interferon-beta production",20972,7160,"GO:0032606","Monocytes_Healthy_vs_SNMG_Pre","Up"
"query_1",TRUE,0.00649060130377664,13,54,2,0.037037037037037,0.153846153846154,"GO:0010572","GO:BP","positive regulation of platelet activation",20972,4039,"GO:0010543;GO:0030168;GO:0050867","Monocytes_Healthy_vs_SNMG_Pre","Up"
"query_1",TRUE,0.00676731324663468,61,54,3,0.0555555555555556,0.0491803278688525,"GO:0002763","GO:BP","positive regulation of myeloid leukocyte differentiation",20972,1228,"GO:0002573;GO:0002761;GO:0045639;GO:1902107","Monocytes_Healthy_vs_SNMG_Pre","Up"
"query_1",TRUE,0.00694266078499202,2842,54,17,0.314814814814815,0.005981703026038,"GO:0048468","GO:BP","cell development",20972,11920,"GO:0030154;GO:0048856;GO:0048869","Monocytes_Healthy_vs_SNMG_Pre","Up"
"query_1",TRUE,0.00739729561246559,14,54,2,0.037037037037037,0.142857142857143,"GO:0044029","GO:BP","positive regulation of gene expression via chromosomal CpG island demethylation",20972,10191,"GO:0045815","Monocytes_Healthy_vs_SNMG_Pre","Up"
"query_1",TRUE,0.00739729561246559,14,54,2,0.037037037037037,0.142857142857143,"GO:0010763","GO:BP","positive regulation of fibroblast migration",20972,4183,"GO:0010761;GO:0010762;GO:0030335","Monocytes_Healthy_vs_SNMG_Pre","Up"
"query_1",TRUE,0.00762496991221802,64,54,3,0.0555555555555556,0.046875,"GO:0048524","GO:BP","positive regulation of viral process",20972,11958,"GO:0016032;GO:0048518;GO:0050792","Monocytes_Healthy_vs_SNMG_Pre","Up"
"query_1",TRUE,0.0077818462565436,7337,54,31,0.574074074074074,0.00422516014719913,"GO:0032501","GO:BP","multicellular organismal process",20972,7116,"GO:0008150","Monocytes_Healthy_vs_SNMG_Pre","Up"
"query_1",TRUE,0.00783078624540198,571,54,7,0.12962962962963,0.0122591943957968,"GO:2000147","GO:BP","positive regulation of cell motility",20972,23636,"GO:0040017;GO:0048522;GO:0048870;GO:2000145","Monocytes_Healthy_vs_SNMG_Pre","Up"
"query_1",TRUE,0.00829131653824083,154,54,4,0.0740740740740741,0.025974025974026,"GO:0008277","GO:BP","regulation of G protein-coupled receptor signaling pathway",20972,3009,"GO:0007186;GO:0009966","Monocytes_Healthy_vs_SNMG_Pre","Up"
"query_1",TRUE,0.00829819030567853,15,54,2,0.037037037037037,0.133333333333333,"GO:0045651","GO:BP","positive regulation of macrophage differentiation",20972,10733,"GO:0002763;GO:0030225;GO:0045649","Monocytes_Healthy_vs_SNMG_Pre","Up"
"query_1",TRUE,0.00882638732629099,421,54,6,0.111111111111111,0.0142517814726841,"GO:0043269","GO:BP","regulation of monoatomic ion transport",20972,9925,"GO:0006811;GO:0051049","Monocytes_Healthy_vs_SNMG_Pre","Up"
"query_1",TRUE,0.00882638732629099,421,54,6,0.111111111111111,0.0142517814726841,"GO:0006816","GO:BP","calcium ion transport",20972,2367,"GO:0030001","Monocytes_Healthy_vs_SNMG_Pre","Up"
"query_1",TRUE,0.00882638732629099,1392,54,11,0.203703703703704,0.00790229885057471,"GO:2000026","GO:BP","regulation of multicellular organismal development",20972,23538,"GO:0007275;GO:0050793;GO:0051239","Monocytes_Healthy_vs_SNMG_Pre","Up"
"query_1",TRUE,0.00884372333090092,586,54,7,0.12962962962963,0.0119453924914676,"GO:0040017","GO:BP","positive regulation of locomotion",20972,9271,"GO:0040011;GO:0040012;GO:0048518","Monocytes_Healthy_vs_SNMG_Pre","Up"
"query_1",TRUE,0.00917719078520398,425,54,6,0.111111111111111,0.0141176470588235,"GO:1903706","GO:BP","regulation of hemopoiesis",20972,21591,"GO:0002682;GO:0030097;GO:0060284;GO:2000026","Monocytes_Healthy_vs_SNMG_Pre","Up"
"query_1",TRUE,0.00917963757222301,16,54,2,0.037037037037037,0.125,"GO:0072109","GO:BP","glomerular mesangium development",20972,15983,"GO:0061448;GO:0072012","Monocytes_Healthy_vs_SNMG_Pre","Up"
"query_1",TRUE,0.00965382120481797,430,54,6,0.111111111111111,0.013953488372093,"GO:0010720","GO:BP","positive regulation of cell development",20972,4152,"GO:0045597;GO:0048468;GO:0060284","Monocytes_Healthy_vs_SNMG_Pre","Up"
"query_1",TRUE,0.00978872922187262,163,54,4,0.0740740740740741,0.0245398773006135,"GO:0042326","GO:BP","negative regulation of phosphorylation",20972,9445,"GO:0016310;GO:0042325;GO:0045936","Monocytes_Healthy_vs_SNMG_Pre","Up"
"query_1",TRUE,0.00985788645708059,1194,54,10,0.185185185185185,0.00837520938023451,"GO:1901701","GO:BP","cellular response to oxygen-containing compound",20972,20238,"GO:0070887;GO:1901700","Monocytes_Healthy_vs_SNMG_Pre","Up"
"query_1",TRUE,0.0101797367298739,17,54,2,0.037037037037037,0.117647058823529,"GO:0033623","GO:BP","regulation of integrin activation",20972,7767,"GO:0033622;GO:0043254","Monocytes_Healthy_vs_SNMG_Pre","Up"
"query_1",TRUE,0.0110321339978331,169,54,4,0.0740740740740741,0.0236686390532544,"GO:0010594","GO:BP","regulation of endothelial cell migration",20972,4056,"GO:0030334;GO:0043542","Monocytes_Healthy_vs_SNMG_Pre","Up"
"query_1",TRUE,0.0111461679429617,1677,54,12,0.222222222222222,0.00715563506261181,"GO:0042592","GO:BP","homeostatic process",20972,9598,"GO:0008150","Monocytes_Healthy_vs_SNMG_Pre","Up"
"query_1",TRUE,0.0112651833182856,18,54,2,0.037037037037037,0.111111111111111,"GO:0016553","GO:BP","base conversion or substitution editing",20972,4992,"GO:0009451","Monocytes_Healthy_vs_SNMG_Pre","Up"
"query_1",TRUE,0.0113850627213855,1006,54,9,0.166666666666667,0.00894632206759443,"GO:0044087","GO:BP","regulation of cellular component biogenesis",20972,10212,"GO:0044085;GO:0050794","Monocytes_Healthy_vs_SNMG_Pre","Up"
"query_1",TRUE,0.0114273676516297,76,54,3,0.0555555555555556,0.0394736842105263,"GO:0048661","GO:BP","positive regulation of smooth muscle cell proliferation",20972,12070,"GO:0008284;GO:0048659;GO:0048660","Monocytes_Healthy_vs_SNMG_Pre","Up"
"query_1",TRUE,0.0116817022451225,450,54,6,0.111111111111111,0.0133333333333333,"GO:0043410","GO:BP","positive regulation of MAPK cascade",20972,10007,"GO:0000165;GO:0043408;GO:1902533","Monocytes_Healthy_vs_SNMG_Pre","Up"
"query_1",TRUE,0.011698716217446,77,54,3,0.0555555555555556,0.038961038961039,"GO:0032481","GO:BP","positive regulation of type I interferon production",20972,7097,"GO:0001819;GO:0032479;GO:0032606","Monocytes_Healthy_vs_SNMG_Pre","Up"
"query_1",TRUE,0.011698716217446,77,54,3,0.0555555555555556,0.038961038961039,"GO:0051279","GO:BP","regulation of release of sequestered calcium ion into cytosol",20972,12717,"GO:0051209;GO:1903169","Monocytes_Healthy_vs_SNMG_Pre","Up"
"query_1",TRUE,0.011926178451019,2199,54,14,0.259259259259259,0.00636653024101864,"GO:0070887","GO:BP","cellular response to chemical stimulus",20972,15231,"GO:0042221;GO:0051716","Monocytes_Healthy_vs_SNMG_Pre","Up"
"query_1",TRUE,0.012029498245153,78,54,3,0.0555555555555556,0.0384615384615385,"GO:0002200","GO:BP","somatic diversification of immune receptors",20972,718,"GO:0002376;GO:0002520","Monocytes_Healthy_vs_SNMG_Pre","Up"
"query_1",TRUE,0.012038626366329,816,54,8,0.148148148148148,0.00980392156862745,"GO:0060284","GO:BP","regulation of cell development",20972,13512,"GO:0045595;GO:0048468","Monocytes_Healthy_vs_SNMG_Pre","Up"
"query_1",TRUE,0.012038626366329,19,54,2,0.037037037037037,0.105263157894737,"GO:0090201","GO:BP","negative regulation of release of cytochrome c from mitochondria",20972,16903,"GO:0001836;GO:0010639;GO:0090199;GO:2001234","Monocytes_Healthy_vs_SNMG_Pre","Up"
"query_1",TRUE,0.0122334284202552,457,54,6,0.111111111111111,0.0131291028446389,"GO:0007015","GO:BP","actin filament organization",20972,2491,"GO:0030036;GO:0097435","Monocytes_Healthy_vs_SNMG_Pre","Up"
"query_1",TRUE,0.0126448436435757,80,54,3,0.0555555555555556,0.0375,"GO:0070098","GO:BP","chemokine-mediated signaling pathway",20972,14803,"GO:0007186;GO:0019221;GO:1990869","Monocytes_Healthy_vs_SNMG_Pre","Up"
"query_1",TRUE,0.0126448436435757,80,54,3,0.0555555555555556,0.0375,"GO:0014812","GO:BP","muscle cell migration",20972,4474,"GO:0016477","Monocytes_Healthy_vs_SNMG_Pre","Up"
"query_1",TRUE,0.0130479141136706,5510,54,25,0.462962962962963,0.00453720508166969,"GO:0048523","GO:BP","negative regulation of cellular process",20972,11957,"GO:0009987;GO:0048519;GO:0050794","Monocytes_Healthy_vs_SNMG_Pre","Up"
"query_1",TRUE,0.0130479141136706,20,54,2,0.037037037037037,0.1,"GO:0072111","GO:BP","cell proliferation involved in kidney development",20972,15985,"GO:0001822;GO:0008283","Monocytes_Healthy_vs_SNMG_Pre","Up"
"query_1",TRUE,0.0131187818891098,181,54,4,0.0740740740740741,0.0220994475138122,"GO:0002262","GO:BP","myeloid cell homeostasis",20972,770,"GO:0002376;GO:0048872","Monocytes_Healthy_vs_SNMG_Pre","Up"
"query_1",TRUE,0.0131446917255366,6535,54,28,0.518518518518518,0.00428462127008416,"GO:0032502","GO:BP","developmental process",20972,7117,"GO:0008150","Monocytes_Healthy_vs_SNMG_Pre","Up"
"query_1",TRUE,0.0132670366260155,182,54,4,0.0740740740740741,0.021978021978022,"GO:0097553","GO:BP","calcium ion transmembrane import into cytosol",20972,17473,"GO:0070588","Monocytes_Healthy_vs_SNMG_Pre","Up"
"query_1",TRUE,0.0135793690187461,645,54,7,0.12962962962963,0.0108527131782946,"GO:0032103","GO:BP","positive regulation of response to external stimulus",20972,6889,"GO:0009605;GO:0032101;GO:0048584","Monocytes_Healthy_vs_SNMG_Pre","Up"
"query_1",TRUE,0.0140747954272685,21,54,2,0.037037037037037,0.0952380952380952,"GO:0050765","GO:BP","negative regulation of phagocytosis",20972,12380,"GO:0006909;GO:0045806;GO:0050764","Monocytes_Healthy_vs_SNMG_Pre","Up"
"query_1",TRUE,0.0150237840618215,86,54,3,0.0555555555555556,0.0348837209302326,"GO:1904892","GO:BP","regulation of receptor signaling pathway via STAT",20972,22453,"GO:0009966;GO:0097696","Monocytes_Healthy_vs_SNMG_Pre","Up"
"query_1",TRUE,0.0152515858012942,22,54,2,0.037037037037037,0.0909090909090909,"GO:0006925","GO:BP","inflammatory cell apoptotic process",20972,2436,"GO:0006915","Monocytes_Healthy_vs_SNMG_Pre","Up"
"query_1",TRUE,0.0152515858012942,22,54,2,0.037037037037037,0.0909090909090909,"GO:0033630","GO:BP","positive regulation of cell adhesion mediated by integrin",20972,7774,"GO:0033627;GO:0033628;GO:0045785","Monocytes_Healthy_vs_SNMG_Pre","Up"
"query_1",TRUE,0.0153202666677193,856,54,8,0.148148148148148,0.00934579439252336,"GO:0043066","GO:BP","negative regulation of apoptotic process",20972,9849,"GO:0006915;GO:0042981;GO:0043069","Monocytes_Healthy_vs_SNMG_Pre","Up"
"query_1",TRUE,0.0155091799638443,326,54,5,0.0925925925925926,0.0153374233128834,"GO:0032496","GO:BP","response to lipopolysaccharide",20972,7112,"GO:0002237;GO:0033993;GO:1901700","Monocytes_Healthy_vs_SNMG_Pre","Up"
"query_1",TRUE,0.0155198306483408,192,54,4,0.0740740740740741,0.0208333333333333,"GO:1903708","GO:BP","positive regulation of hemopoiesis",20972,21593,"GO:0002684;GO:0010720;GO:0030097;GO:0051240;GO:1903706","Monocytes_Healthy_vs_SNMG_Pre","Up"
"query_1",TRUE,0.0155198306483408,192,54,4,0.0740740740740741,0.0208333333333333,"GO:1902107","GO:BP","positive regulation of leukocyte differentiation",20972,20534,"GO:0002521;GO:1902105;GO:1903708","Monocytes_Healthy_vs_SNMG_Pre","Up"
"query_1",TRUE,0.0158239457809272,329,54,5,0.0925925925925926,0.0151975683890578,"GO:1902105","GO:BP","regulation of leukocyte differentiation",20972,20532,"GO:0002521;GO:1903706","Monocytes_Healthy_vs_SNMG_Pre","Up"
"query_1",TRUE,0.0158239457809272,89,54,3,0.0555555555555556,0.0337078651685393,"GO:1990868","GO:BP","response to chemokine",20972,23474,"GO:0034097","Monocytes_Healthy_vs_SNMG_Pre","Up"
"query_1",TRUE,0.0158239457809272,1532,54,11,0.203703703703704,0.00718015665796345,"GO:0016477","GO:BP","cell migration",20972,4977,"GO:0048870","Monocytes_Healthy_vs_SNMG_Pre","Up"
"query_1",TRUE,0.0158239457809272,89,54,3,0.0555555555555556,0.0337078651685393,"GO:1990869","GO:BP","cellular response to chemokine",20972,23475,"GO:0071345;GO:1990868","Monocytes_Healthy_vs_SNMG_Pre","Up"
"query_1",TRUE,0.0158239457809272,89,54,3,0.0555555555555556,0.0337078651685393,"GO:0033627","GO:BP","cell adhesion mediated by integrin",20972,7771,"GO:0007155","Monocytes_Healthy_vs_SNMG_Pre","Up"
"query_1",TRUE,0.0159699628661178,23,54,2,0.037037037037037,0.0869565217391304,"GO:0045649","GO:BP","regulation of macrophage differentiation",20972,10731,"GO:0002761;GO:0030225","Monocytes_Healthy_vs_SNMG_Pre","Up"
"query_1",TRUE,0.0166459469447386,676,54,7,0.12962962962963,0.0103550295857988,"GO:1901699","GO:BP","cellular response to nitrogen compound",20972,20236,"GO:0070887;GO:1901698","Monocytes_Healthy_vs_SNMG_Pre","Up"
"query_1",TRUE,0.0171031962716283,92,54,3,0.0555555555555556,0.0326086956521739,"GO:0043535","GO:BP","regulation of blood vessel endothelial cell migration",20972,10076,"GO:0010594;GO:0043534","Monocytes_Healthy_vs_SNMG_Pre","Up"
"query_1",TRUE,0.0171031962716283,24,54,2,0.037037037037037,0.0833333333333333,"GO:1902993","GO:BP","positive regulation of amyloid precursor protein catabolic process",20972,21106,"GO:0042987;GO:0051247;GO:1902991","Monocytes_Healthy_vs_SNMG_Pre","Up"
"query_1",TRUE,0.0171031962716283,24,54,2,0.037037037037037,0.0833333333333333,"GO:0009219","GO:BP","pyrimidine deoxyribonucleotide metabolic process",20972,3231,"GO:0006220;GO:0009394","Monocytes_Healthy_vs_SNMG_Pre","Up"
"query_1",TRUE,0.0171271909645606,200,54,4,0.0740740740740741,0.02,"GO:0050679","GO:BP","positive regulation of epithelial cell proliferation",20972,12354,"GO:0008284;GO:0050673;GO:0050678","Monocytes_Healthy_vs_SNMG_Pre","Up"
"query_1",TRUE,0.0171271909645606,338,54,5,0.0925925925925926,0.014792899408284,"GO:0048872","GO:BP","homeostasis of number of cells",20972,12262,"GO:0048871","Monocytes_Healthy_vs_SNMG_Pre","Up"
"query_1",TRUE,0.0171975936919201,93,54,3,0.0555555555555556,0.032258064516129,"GO:2000177","GO:BP","regulation of neural precursor cell proliferation",20972,23648,"GO:0042127;GO:0061351","Monocytes_Healthy_vs_SNMG_Pre","Up"
"query_1",TRUE,0.0171975936919201,339,54,5,0.0925925925925926,0.0147492625368732,"GO:0070661","GO:BP","leukocyte proliferation",20972,15119,"GO:0008283","Monocytes_Healthy_vs_SNMG_Pre","Up"
"query_1",TRUE,0.0171975936919201,93,54,3,0.0555555555555556,0.032258064516129,"GO:0007044","GO:BP","cell-substrate junction assembly",20972,2515,"GO:0034329;GO:0150115","Monocytes_Healthy_vs_SNMG_Pre","Up"
"query_1",TRUE,0.0175908743295879,94,54,3,0.0555555555555556,0.0319148936170213,"GO:0002690","GO:BP","positive regulation of leukocyte chemotaxis",20972,1162,"GO:0002687;GO:0002688;GO:0030595;GO:0050921","Monocytes_Healthy_vs_SNMG_Pre","Up"
"query_1",TRUE,0.0175908743295879,342,54,5,0.0925925925925926,0.0146198830409357,"GO:0010959","GO:BP","regulation of metal ion transport",20972,4322,"GO:0030001;GO:0043269","Monocytes_Healthy_vs_SNMG_Pre","Up"
"query_1",TRUE,0.0175908743295879,887,54,8,0.148148148148148,0.00901916572717024,"GO:0043069","GO:BP","negative regulation of programmed cell death",20972,9852,"GO:0012501;GO:0043067;GO:0048523","Monocytes_Healthy_vs_SNMG_Pre","Up"
"query_1",TRUE,0.0178889777003214,25,54,2,0.037037037037037,0.08,"GO:0030220","GO:BP","platelet formation",20972,6289,"GO:0030099;GO:0036344;GO:0048646","Monocytes_Healthy_vs_SNMG_Pre","Up"
"query_1",TRUE,0.0180690340634324,205,54,4,0.0740740740740741,0.0195121951219512,"GO:0002520","GO:BP","immune system development",20972,1000,"GO:0002376;GO:0048731","Monocytes_Healthy_vs_SNMG_Pre","Up"
"query_1",TRUE,0.0180690340634324,345,54,5,0.0925925925925926,0.0144927536231884,"GO:0002237","GO:BP","response to molecule of bacterial origin",20972,748,"GO:0009617;GO:0043207","Monocytes_Healthy_vs_SNMG_Pre","Up"
"query_1",TRUE,0.0181037815601305,694,54,7,0.12962962962963,0.0100864553314121,"GO:0006897","GO:BP","endocytosis",20972,2420,"GO:0016192;GO:0098657","Monocytes_Healthy_vs_SNMG_Pre","Up"
"query_1",TRUE,0.0181037815601305,1572,54,11,0.203703703703704,0.00699745547073791,"GO:0016192","GO:BP","vesicle-mediated transport",20972,4920,"GO:0006810;GO:0009987","Monocytes_Healthy_vs_SNMG_Pre","Up"
"query_1",TRUE,0.0183147375943582,1111,54,9,0.166666666666667,0.0081008100810081,"GO:0002684","GO:BP","positive regulation of immune system process",20972,1156,"GO:0002376;GO:0002682;GO:0048518","Monocytes_Healthy_vs_SNMG_Pre","Up"
"query_1",TRUE,0.0188925724431937,26,54,2,0.037037037037037,0.0769230769230769,"GO:0002837","GO:BP","regulation of immune response to tumor cell",20972,1301,"GO:0002418;GO:0002834;GO:0050776","Monocytes_Healthy_vs_SNMG_Pre","Up"
"query_1",TRUE,0.0190895569249378,702,54,7,0.12962962962963,0.00997150997150997,"GO:0051174","GO:BP","regulation of phosphorus metabolic process",20972,12663,"GO:0006793;GO:0019222","Monocytes_Healthy_vs_SNMG_Pre","Up"
"query_1",TRUE,0.0192462240260011,352,54,5,0.0925925925925926,0.0142045454545455,"GO:0006887","GO:BP","exocytosis",20972,2412,"GO:0016192;GO:0032940","Monocytes_Healthy_vs_SNMG_Pre","Up"
"query_1",TRUE,0.0198261398909206,27,54,2,0.037037037037037,0.0740740740740741,"GO:0036344","GO:BP","platelet morphogenesis",20972,8955,"GO:0000902","Monocytes_Healthy_vs_SNMG_Pre","Up"
"query_1",TRUE,0.0198261398909206,27,54,2,0.037037037037037,0.0740740740740741,"GO:0002834","GO:BP","regulation of response to tumor cell",20972,1298,"GO:0002347;GO:0002831","Monocytes_Healthy_vs_SNMG_Pre","Up"
"query_1",TRUE,0.0198261398909206,27,54,2,0.037037037037037,0.0740740740740741,"GO:0045662","GO:BP","negative regulation of myoblast differentiation",20972,10744,"GO:0045445;GO:0045596;GO:0045661","Monocytes_Healthy_vs_SNMG_Pre","Up"
"query_1",TRUE,0.0198261398909206,100,54,3,0.0555555555555556,0.03,"GO:0150115","GO:BP","cell-substrate junction organization",20972,18893,"GO:0034330","Monocytes_Healthy_vs_SNMG_Pre","Up"
"query_1",TRUE,0.0198261398909206,100,54,3,0.0555555555555556,0.03,"GO:0070167","GO:BP","regulation of biomineral tissue development",20972,14853,"GO:0031214;GO:2000026","Monocytes_Healthy_vs_SNMG_Pre","Up"
"query_1",TRUE,0.0208099097137869,102,54,3,0.0555555555555556,0.0294117647058824,"GO:0061844","GO:BP","antimicrobial humoral immune response mediated by antimicrobial peptide",20972,14587,"GO:0019730","Monocytes_Healthy_vs_SNMG_Pre","Up"
"query_1",TRUE,0.0208099097137869,529,54,6,0.111111111111111,0.0113421550094518,"GO:0060627","GO:BP","regulation of vesicle-mediated transport",20972,13786,"GO:0016192;GO:0050794;GO:0051049","Monocytes_Healthy_vs_SNMG_Pre","Up"
"query_1",TRUE,0.0209955402645971,28,54,2,0.037037037037037,0.0714285714285714,"GO:0070168","GO:BP","negative regulation of biomineral tissue development",20972,14854,"GO:0031214;GO:0051093;GO:0070167","Monocytes_Healthy_vs_SNMG_Pre","Up"
"query_1",TRUE,0.0209955402645971,28,54,2,0.037037037037037,0.0714285714285714,"GO:1900368","GO:BP","regulation of post-transcriptional gene silencing by regulatory ncRNA",20972,19360,"GO:0035194;GO:0060147;GO:0060966","Monocytes_Healthy_vs_SNMG_Pre","Up"
"query_1",TRUE,0.0212627953913666,1,54,1,0.0185185185185185,1,"GO:1905641","GO:BP","cellular response to acetaldehyde",20972,22984,"GO:0110096;GO:1905640","Monocytes_Healthy_vs_SNMG_Pre","Up"
"query_1",TRUE,0.0212627953913666,29,54,2,0.037037037037037,0.0689655172413793,"GO:0072012","GO:BP","glomerulus vasculature development",20972,15899,"GO:0001568;GO:0032835;GO:0061440","Monocytes_Healthy_vs_SNMG_Pre","Up"
"query_1",TRUE,0.0212627953913666,1,54,1,0.0185185185185185,1,"GO:1905640","GO:BP","response to acetaldehyde",20972,22983,"GO:1901700","Monocytes_Healthy_vs_SNMG_Pre","Up"
"query_1",TRUE,0.0212627953913666,1,54,1,0.0185185185185185,1,"GO:1900729","GO:BP","regulation of adenylate cyclase-inhibiting opioid receptor signaling pathway",20972,19617,"GO:0031635;GO:2000474","Monocytes_Healthy_vs_SNMG_Pre","Up"
"query_1",TRUE,0.0212627953913666,29,54,2,0.037037037037037,0.0689655172413793,"GO:2000108","GO:BP","positive regulation of leukocyte apoptotic process",20972,23605,"GO:0043065;GO:0071887;GO:2000106","Monocytes_Healthy_vs_SNMG_Pre","Up"
"query_1",TRUE,0.0212627953913666,104,54,3,0.0555555555555556,0.0288461538461538,"GO:0048709","GO:BP","oligodendrocyte differentiation",20972,12116,"GO:0007417;GO:0010001","Monocytes_Healthy_vs_SNMG_Pre","Up"
"query_1",TRUE,0.0212627953913666,1,54,1,0.0185185185185185,1,"GO:1902847","GO:BP","regulation of neuronal signal transduction",20972,21006,"GO:0009966;GO:0023041","Monocytes_Healthy_vs_SNMG_Pre","Up"
"query_1",TRUE,0.0212627953913666,1,54,1,0.0185185185185185,1,"GO:1902998","GO:BP","positive regulation of neurofibrillary tangle assembly",20972,21111,"GO:0090261;GO:1902988;GO:1902996","Monocytes_Healthy_vs_SNMG_Pre","Up"
"query_1",TRUE,0.0212627953913666,1,54,1,0.0185185185185185,1,"GO:1900731","GO:BP","positive regulation of adenylate cyclase-inhibiting opioid receptor signaling pathway",20972,19619,"GO:0031635;GO:1900729;GO:2000476","Monocytes_Healthy_vs_SNMG_Pre","Up"
"query_1",TRUE,0.0212627953913666,29,54,2,0.037037037037037,0.0689655172413793,"GO:0060147","GO:BP","regulation of post-transcriptional gene silencing",20972,13408,"GO:0010468;GO:0016441","Monocytes_Healthy_vs_SNMG_Pre","Up"
"query_1",TRUE,0.0212627953913666,1,54,1,0.0185185185185185,1,"GO:0060305","GO:BP","regulation of cell diameter",20972,13529,"GO:0008361","Monocytes_Healthy_vs_SNMG_Pre","Up"
"query_1",TRUE,0.0212627953913666,1,54,1,0.0185185185185185,1,"GO:0070560","GO:BP","protein secretion by platelet",20972,15060,"GO:0002576;GO:0009306;GO:0051649;GO:0140029","Monocytes_Healthy_vs_SNMG_Pre","Up"
"query_1",TRUE,0.0212627953913666,1,54,1,0.0185185185185185,1,"GO:2000476","GO:BP","positive regulation of opioid receptor signaling pathway",20972,23905,"GO:0038003;GO:0045745;GO:2000474","Monocytes_Healthy_vs_SNMG_Pre","Up"
"query_1",TRUE,0.0212627953913666,1,54,1,0.0185185185185185,1,"GO:0014006","GO:BP","regulation of microglia differentiation",20972,4364,"GO:0014004;GO:0045649;GO:0045685","Monocytes_Healthy_vs_SNMG_Pre","Up"
"query_1",TRUE,0.0212627953913666,1,54,1,0.0185185185185185,1,"GO:0035395","GO:BP","negative regulation of chemokine (C-X-C motif) ligand 9 production",20972,8438,"GO:0032682;GO:0035393;GO:0035394","Monocytes_Healthy_vs_SNMG_Pre","Up"
"query_1",TRUE,0.0212627953913666,29,54,2,0.037037037037037,0.0689655172413793,"GO:0001773","GO:BP","myeloid dendritic cell activation",20972,425,"GO:0002274","Monocytes_Healthy_vs_SNMG_Pre","Up"
"query_1",TRUE,0.0212627953913666,1,54,1,0.0185185185185185,1,"GO:0014008","GO:BP","positive regulation of microglia differentiation",20972,4366,"GO:0014004;GO:0014006;GO:0045651;GO:0045687","Monocytes_Healthy_vs_SNMG_Pre","Up"
"query_1",TRUE,0.0212627953913666,1,54,1,0.0185185185185185,1,"GO:0035394","GO:BP","regulation of chemokine (C-X-C motif) ligand 9 production",20972,8437,"GO:0032642;GO:0035393","Monocytes_Healthy_vs_SNMG_Pre","Up"
"query_1",TRUE,0.0212627953913666,1,54,1,0.0185185185185185,1,"GO:0035393","GO:BP","chemokine (C-X-C motif) ligand 9 production",20972,8436,"GO:0032602","Monocytes_Healthy_vs_SNMG_Pre","Up"
"query_1",TRUE,0.0212627953913666,1,54,1,0.0185185185185185,1,"GO:0035689","GO:BP","chemokine (C-C motif) ligand 5 signaling pathway",20972,8576,"GO:0070098","Monocytes_Healthy_vs_SNMG_Pre","Up"
"query_1",TRUE,0.0212627953913666,1,54,1,0.0185185185185185,1,"GO:0072303","GO:BP","positive regulation of glomerular metanephric mesangial cell proliferation",20972,16163,"GO:0072126;GO:0072262;GO:0072301","Monocytes_Healthy_vs_SNMG_Pre","Up"
"query_1",TRUE,0.0213185461847195,1632,54,11,0.203703703703704,0.00674019607843137,"GO:1901700","GO:BP","response to oxygen-containing compound",20972,20237,"GO:0042221","Monocytes_Healthy_vs_SNMG_Pre","Up"
"query_1",TRUE,0.021815686456894,3276,54,17,0.314814814814815,0.00518925518925519,"GO:0009892","GO:BP","negative regulation of metabolic process",20972,3591,"GO:0008152;GO:0019222;GO:0048523","Monocytes_Healthy_vs_SNMG_Pre","Up"
"query_1",TRUE,0.021815686456894,1639,54,11,0.203703703703704,0.00671140939597315,"GO:0042127","GO:BP","regulation of cell population proliferation",20972,9340,"GO:0008283;GO:0050794","Monocytes_Healthy_vs_SNMG_Pre","Up"
"query_1",TRUE,0.021815686456894,30,54,2,0.037037037037037,0.0666666666666667,"GO:0060966","GO:BP","regulation of gene silencing by regulatory ncRNA",20972,14043,"GO:0010468;GO:0031047","Monocytes_Healthy_vs_SNMG_Pre","Up"
"query_1",TRUE,0.021815686456894,30,54,2,0.037037037037037,0.0666666666666667,"GO:0002418","GO:BP","immune response to tumor cell",20972,901,"GO:0002347;GO:0006955","Monocytes_Healthy_vs_SNMG_Pre","Up"
"query_1",TRUE,0.021815686456894,30,54,2,0.037037037037037,0.0666666666666667,"GO:1902230","GO:BP","negative regulation of intrinsic apoptotic signaling pathway in response to DNA damage",20972,20628,"GO:0008630;GO:1902229;GO:2001243","Monocytes_Healthy_vs_SNMG_Pre","Up"
"query_1",TRUE,0.021815686456894,944,54,8,0.148148148148148,0.00847457627118644,"GO:0030334","GO:BP","regulation of cell migration",20972,6339,"GO:0016477;GO:2000145","Monocytes_Healthy_vs_SNMG_Pre","Up"
"query_1",TRUE,0.0218438628946337,2427,54,14,0.259259259259259,0.0057684384013185,"GO:0051128","GO:BP","regulation of cellular component organization",20972,12627,"GO:0016043;GO:0050794","Monocytes_Healthy_vs_SNMG_Pre","Up"
"query_1",TRUE,0.022107268384013,2431,54,14,0.259259259259259,0.00575894693541752,"GO:0050793","GO:BP","regulation of developmental process",20972,12400,"GO:0032502;GO:0050789","Monocytes_Healthy_vs_SNMG_Pre","Up"
"query_1",TRUE,0.0223625264757852,228,54,4,0.0740740740740741,0.0175438596491228,"GO:0043542","GO:BP","endothelial cell migration",20972,10079,"GO:0016477","Monocytes_Healthy_vs_SNMG_Pre","Up"
"query_1",TRUE,0.0223625264757852,228,54,4,0.0740740740740741,0.0175438596491228,"GO:2001234","GO:BP","negative regulation of apoptotic signaling pathway",20972,24475,"GO:0009968;GO:0043066;GO:0097190;GO:2001233","Monocytes_Healthy_vs_SNMG_Pre","Up"
"query_1",TRUE,0.0226369182380745,12804,54,43,0.796296296296296,0.00335832552327398,"GO:0065007","GO:BP","biological regulation",20972,14784,"GO:0008150","Monocytes_Healthy_vs_SNMG_Pre","Up"
"query_1",TRUE,0.0226369182380745,31,54,2,0.037037037037037,0.0645161290322581,"GO:0045070","GO:BP","positive regulation of viral genome replication",20972,10509,"GO:0019079;GO:0045069;GO:0048524","Monocytes_Healthy_vs_SNMG_Pre","Up"
"query_1",TRUE,0.0226369182380745,31,54,2,0.037037037037037,0.0645161290322581,"GO:0061437","GO:BP","renal system vasculature development",20972,14387,"GO:0001944;GO:0072001","Monocytes_Healthy_vs_SNMG_Pre","Up"
"query_1",TRUE,0.0226369182380745,31,54,2,0.037037037037037,0.0645161290322581,"GO:0061440","GO:BP","kidney vasculature development",20972,14390,"GO:0001822;GO:0061437","Monocytes_Healthy_vs_SNMG_Pre","Up"
"query_1",TRUE,0.0230129674482424,748,54,7,0.12962962962963,0.00935828877005348,"GO:0031399","GO:BP","regulation of protein modification process",20972,6699,"GO:0036211;GO:0051246","Monocytes_Healthy_vs_SNMG_Pre","Up"
"query_1",TRUE,0.023520478867986,112,54,3,0.0555555555555556,0.0267857142857143,"GO:0001776","GO:BP","leukocyte homeostasis",20972,428,"GO:0002376;GO:0048872","Monocytes_Healthy_vs_SNMG_Pre","Up"
"query_1",TRUE,0.0252844793260249,33,54,2,0.037037037037037,0.0606060606060606,"GO:0014911","GO:BP","positive regulation of smooth muscle cell migration",20972,4553,"GO:0014909;GO:0014910;GO:0030335","Monocytes_Healthy_vs_SNMG_Pre","Up"
"query_1",TRUE,0.0252844793260249,33,54,2,0.037037037037037,0.0606060606060606,"GO:0010743","GO:BP","regulation of macrophage derived foam cell differentiation",20972,4165,"GO:0010742;GO:0045595","Monocytes_Healthy_vs_SNMG_Pre","Up"
"query_1",TRUE,0.0253189309184078,238,54,4,0.0740740740740741,0.0168067226890756,"GO:0006909","GO:BP","phagocytosis",20972,2428,"GO:0006897","Monocytes_Healthy_vs_SNMG_Pre","Up"
"query_1",TRUE,0.0255349399823512,239,54,4,0.0740740740740741,0.0167364016736402,"GO:0050670","GO:BP","regulation of lymphocyte proliferation",20972,12345,"GO:0032944;GO:0046651;GO:0051249","Monocytes_Healthy_vs_SNMG_Pre","Up"
"query_1",TRUE,0.0255349399823512,569,54,6,0.111111111111111,0.0105448154657293,"GO:0051248","GO:BP","negative regulation of protein metabolic process",20972,12697,"GO:0010605;GO:0019538;GO:0051246","Monocytes_Healthy_vs_SNMG_Pre","Up"
"query_1",TRUE,0.0257571998311301,1945,54,12,0.222222222222222,0.00616966580976864,"GO:1902531","GO:BP","regulation of intracellular signal transduction",20972,20814,"GO:0009966;GO:0035556","Monocytes_Healthy_vs_SNMG_Pre","Up"
"query_1",TRUE,0.0260040675859682,117,54,3,0.0555555555555556,0.0256410256410256,"GO:0071887","GO:BP","leukocyte apoptotic process",20972,15820,"GO:0006915","Monocytes_Healthy_vs_SNMG_Pre","Up"
"query_1",TRUE,0.0268331736123114,243,54,4,0.0740740740740741,0.0164609053497942,"GO:0032944","GO:BP","regulation of mononuclear cell proliferation",20972,7417,"GO:0032943;GO:0070663","Monocytes_Healthy_vs_SNMG_Pre","Up"
"query_1",TRUE,0.0271419244595416,244,54,4,0.0740740740740741,0.0163934426229508,"GO:0002573","GO:BP","myeloid leukocyte differentiation",20972,1048,"GO:0002521;GO:0030099","Monocytes_Healthy_vs_SNMG_Pre","Up"
"query_1",TRUE,0.0271973321745235,1961,54,12,0.222222222222222,0.00611932687404386,"GO:0008283","GO:BP","cell population proliferation",20972,3010,"GO:0009987","Monocytes_Healthy_vs_SNMG_Pre","Up"
"query_1",TRUE,0.0274807350615571,120,54,3,0.0555555555555556,0.025,"GO:0001952","GO:BP","regulation of cell-matrix adhesion",20972,548,"GO:0007160;GO:0010810","Monocytes_Healthy_vs_SNMG_Pre","Up"
"query_1",TRUE,0.0274807350615571,120,54,3,0.0555555555555556,0.025,"GO:0071621","GO:BP","granulocyte chemotaxis",20972,15660,"GO:0030595;GO:0097530","Monocytes_Healthy_vs_SNMG_Pre","Up"
"query_1",TRUE,0.0275901546871853,246,54,4,0.0740740740740741,0.016260162601626,"GO:0031400","GO:BP","negative regulation of protein modification process",20972,6700,"GO:0031399;GO:0036211;GO:0051248","Monocytes_Healthy_vs_SNMG_Pre","Up"
"query_1",TRUE,0.027634556873141,780,54,7,0.12962962962963,0.00897435897435897,"GO:0030155","GO:BP","regulation of cell adhesion",20972,6253,"GO:0007155;GO:0050794","Monocytes_Healthy_vs_SNMG_Pre","Up"
"query_1",TRUE,0.0277769165894963,121,54,3,0.0555555555555556,0.0247933884297521,"GO:0030278","GO:BP","regulation of ossification",20972,6315,"GO:0001503;GO:0051239","Monocytes_Healthy_vs_SNMG_Pre","Up"
"query_1",TRUE,0.0277769165894963,121,54,3,0.0555555555555556,0.0247933884297521,"GO:0043534","GO:BP","blood vessel endothelial cell migration",20972,10075,"GO:0043542","Monocytes_Healthy_vs_SNMG_Pre","Up"
"query_1",TRUE,0.0280694822499919,998,54,8,0.148148148148148,0.00801603206412826,"GO:0000902","GO:BP","cell morphogenesis",20972,230,"GO:0009653","Monocytes_Healthy_vs_SNMG_Pre","Up"
"query_1",TRUE,0.0282653903182158,36,54,2,0.037037037037037,0.0555555555555556,"GO:2001240","GO:BP","negative regulation of extrinsic apoptotic signaling pathway in absence of ligand",20972,24481,"GO:0097192;GO:1901099;GO:2001237;GO:2001239","Monocytes_Healthy_vs_SNMG_Pre","Up"
"query_1",TRUE,0.0282653903182158,36,54,2,0.037037037037037,0.0555555555555556,"GO:0033280","GO:BP","response to vitamin D",20972,7583,"GO:0033273;GO:0033993;GO:1901700","Monocytes_Healthy_vs_SNMG_Pre","Up"
"query_1",TRUE,0.0282653903182158,36,54,2,0.037037037037037,0.0555555555555556,"GO:0043537","GO:BP","negative regulation of blood vessel endothelial cell migration",20972,10078,"GO:0010596;GO:0043534;GO:0043535","Monocytes_Healthy_vs_SNMG_Pre","Up"
"query_1",TRUE,0.0282653903182158,36,54,2,0.037037037037037,0.0555555555555556,"GO:1901099","GO:BP","negative regulation of signal transduction in absence of ligand",20972,19853,"GO:0009968;GO:0038034","Monocytes_Healthy_vs_SNMG_Pre","Up"
"query_1",TRUE,0.0288325160296168,1005,54,8,0.148148148148148,0.00796019900497512,"GO:2000145","GO:BP","regulation of cell motility",20972,23634,"GO:0040012;GO:0048870;GO:0050794","Monocytes_Healthy_vs_SNMG_Pre","Up"
"query_1",TRUE,0.0295586000769941,37,54,2,0.037037037037037,0.0540540540540541,"GO:2000406","GO:BP","positive regulation of T cell migration",20972,23841,"GO:0072678;GO:2000403;GO:2000404","Monocytes_Healthy_vs_SNMG_Pre","Up"
"query_1",TRUE,0.0295586000769941,37,54,2,0.037037037037037,0.0540540540540541,"GO:0010762","GO:BP","regulation of fibroblast migration",20972,4182,"GO:0010761;GO:0030334","Monocytes_Healthy_vs_SNMG_Pre","Up"
"query_1",TRUE,0.0295953149739029,125,54,3,0.0555555555555556,0.024,"GO:0048660","GO:BP","regulation of smooth muscle cell proliferation",20972,12069,"GO:0042127;GO:0048659","Monocytes_Healthy_vs_SNMG_Pre","Up"
"query_1",TRUE,0.03011047642227,255,54,4,0.0740740740740741,0.0156862745098039,"GO:0050870","GO:BP","positive regulation of T cell activation",20972,12455,"GO:0042110;GO:0050863;GO:0051251;GO:1903039","Monocytes_Healthy_vs_SNMG_Pre","Up"
"query_1",TRUE,0.030317591957762,38,54,2,0.037037037037037,0.0526315789473684,"GO:0033028","GO:BP","myeloid cell apoptotic process",20972,7473,"GO:0006915","Monocytes_Healthy_vs_SNMG_Pre","Up"
"query_1",TRUE,0.030317591957762,38,54,2,0.037037037037037,0.0526315789473684,"GO:0034110","GO:BP","regulation of homotypic cell-cell adhesion",20972,7856,"GO:0022407;GO:0034109","Monocytes_Healthy_vs_SNMG_Pre","Up"
"query_1",TRUE,0.030317591957762,127,54,3,0.0555555555555556,0.0236220472440945,"GO:0009142","GO:BP","nucleoside triphosphate biosynthetic process",20972,3159,"GO:0009141;GO:1901293","Monocytes_Healthy_vs_SNMG_Pre","Up"
"query_1",TRUE,0.030317591957762,38,54,2,0.037037037037037,0.0526315789473684,"GO:1902229","GO:BP","regulation of intrinsic apoptotic signaling pathway in response to DNA damage",20972,20627,"GO:0008630;GO:0080135;GO:2001242","Monocytes_Healthy_vs_SNMG_Pre","Up"
"query_1",TRUE,0.030317591957762,127,54,3,0.0555555555555556,0.0236220472440945,"GO:0021782","GO:BP","glial cell development",20972,5952,"GO:0010001;GO:0048468","Monocytes_Healthy_vs_SNMG_Pre","Up"
"query_1",TRUE,0.030317591957762,38,54,2,0.037037037037037,0.0526315789473684,"GO:0045745","GO:BP","positive regulation of G protein-coupled receptor signaling pathway",20972,10815,"GO:0007186;GO:0008277;GO:0009967","Monocytes_Healthy_vs_SNMG_Pre","Up"
"query_1",TRUE,0.030317591957762,600,54,6,0.111111111111111,0.01,"GO:0071396","GO:BP","cellular response to lipid",20972,15512,"GO:0033993;GO:0070887","Monocytes_Healthy_vs_SNMG_Pre","Up"
"query_1",TRUE,0.0306403573244042,258,54,4,0.0740740740740741,0.0155038759689922,"GO:1904062","GO:BP","regulation of monoatomic cation transmembrane transport",20972,21845,"GO:0034765;GO:0098655","Monocytes_Healthy_vs_SNMG_Pre","Up"
"query_1",TRUE,0.0306911792438864,128,54,3,0.0555555555555556,0.0234375,"GO:0048659","GO:BP","smooth muscle cell proliferation",20972,12068,"GO:0033002","Monocytes_Healthy_vs_SNMG_Pre","Up"
"query_1",TRUE,0.0322525428354289,424,54,5,0.0925925925925926,0.0117924528301887,"GO:0001503","GO:BP","ossification",20972,308,"GO:0032501","Monocytes_Healthy_vs_SNMG_Pre","Up"
"query_1",TRUE,0.0330376965277079,40,54,2,0.037037037037037,0.05,"GO:0090199","GO:BP","regulation of release of cytochrome c from mitochondria",20972,16901,"GO:0001836;GO:0010821","Monocytes_Healthy_vs_SNMG_Pre","Up"
"query_1",TRUE,0.0330376965277079,40,54,2,0.037037037037037,0.05,"GO:0032733","GO:BP","positive regulation of interleukin-10 production",20972,7282,"GO:0001819;GO:0032613;GO:0032653","Monocytes_Healthy_vs_SNMG_Pre","Up"
"query_1",TRUE,0.0331234290903222,2,54,1,0.0185185185185185,0.5,"GO:0046077","GO:BP","dUDP metabolic process",20972,11073,"GO:0009196;GO:0009219","Monocytes_Healthy_vs_SNMG_Pre","Up"
"query_1",TRUE,0.0331234290903222,2,54,1,0.0185185185185185,0.5,"GO:0031635","GO:BP","adenylate cyclase-inhibiting opioid receptor signaling pathway",20972,6783,"GO:0007193;GO:0038003","Monocytes_Healthy_vs_SNMG_Pre","Up"
"query_1",TRUE,0.0331234290903222,2,54,1,0.0185185185185185,0.5,"GO:0030845","GO:BP","phospholipase C-inhibiting G protein-coupled receptor signaling pathway",20972,6483,"GO:0007186","Monocytes_Healthy_vs_SNMG_Pre","Up"
"query_1",TRUE,0.0331234290903222,41,54,2,0.037037037037037,0.0487804878048781,"GO:0030866","GO:BP","cortical actin cytoskeleton organization",20972,6500,"GO:0030036;GO:0030865","Monocytes_Healthy_vs_SNMG_Pre","Up"
"query_1",TRUE,0.0331234290903222,2,54,1,0.0185185185185185,0.5,"GO:0017055","GO:BP","negative regulation of RNA polymerase II transcription preinitiation complex assembly",20972,5026,"GO:0031333;GO:0045898;GO:0051123;GO:0060633","Monocytes_Healthy_vs_SNMG_Pre","Up"
"query_1",TRUE,0.0331234290903222,2,54,1,0.0185185185185185,0.5,"GO:0031583","GO:BP","phospholipase D-activating G protein-coupled receptor signaling pathway",20972,6770,"GO:0007186","Monocytes_Healthy_vs_SNMG_Pre","Up"
"query_1",TRUE,0.0331234290903222,2,54,1,0.0185185185185185,0.5,"GO:0071506","GO:BP","cellular response to mycophenolic acid",20972,15601,"GO:0071505;GO:1901701","Monocytes_Healthy_vs_SNMG_Pre","Up"
"query_1",TRUE,0.0331234290903222,2,54,1,0.0185185185185185,0.5,"GO:2000426","GO:BP","negative regulation of apoptotic cell clearance",20972,23861,"GO:0043277;GO:0050765;GO:2000425","Monocytes_Healthy_vs_SNMG_Pre","Up"
"query_1",TRUE,0.0331234290903222,2,54,1,0.0185185185185185,0.5,"GO:2000636","GO:BP","positive regulation of primary miRNA processing",20972,24028,"GO:0031053;GO:1903800;GO:2000634","Monocytes_Healthy_vs_SNMG_Pre","Up"
"query_1",TRUE,0.0331234290903222,269,54,4,0.0740740740740741,0.0148698884758364,"GO:0070663","GO:BP","regulation of leukocyte proliferation",20972,15121,"GO:0042127;GO:0070661","Monocytes_Healthy_vs_SNMG_Pre","Up"
"query_1",TRUE,0.0331234290903222,1046,54,8,0.148148148148148,0.00764818355640535,"GO:0040012","GO:BP","regulation of locomotion",20972,9266,"GO:0040011;GO:0050789","Monocytes_Healthy_vs_SNMG_Pre","Up"
"query_1",TRUE,0.0331234290903222,2,54,1,0.0185185185185185,0.5,"GO:0071505","GO:BP","response to mycophenolic acid",20972,15600,"GO:1901700","Monocytes_Healthy_vs_SNMG_Pre","Up"
"query_1",TRUE,0.0331234290903222,2,54,1,0.0185185185185185,0.5,"GO:0070447","GO:BP","positive regulation of oligodendrocyte progenitor proliferation",20972,15011,"GO:0014015;GO:0070444;GO:0070445;GO:2000179","Monocytes_Healthy_vs_SNMG_Pre","Up"
"query_1",TRUE,0.0331234290903222,2,54,1,0.0185185185185185,0.5,"GO:0072301","GO:BP","regulation of metanephric glomerular mesangial cell proliferation",20972,16161,"GO:0072124;GO:0072262","Monocytes_Healthy_vs_SNMG_Pre","Up"
"query_1",TRUE,0.0331234290903222,2,54,1,0.0185185185185185,0.5,"GO:0090261","GO:BP","positive regulation of inclusion body assembly",20972,16945,"GO:0044089;GO:0051130;GO:0070841;GO:0090083","Monocytes_Healthy_vs_SNMG_Pre","Up"
"query_1",TRUE,0.0331234290903222,2,54,1,0.0185185185185185,0.5,"GO:1902996","GO:BP","regulation of neurofibrillary tangle assembly",20972,21109,"GO:0090083;GO:1902988","Monocytes_Healthy_vs_SNMG_Pre","Up"
"query_1",TRUE,0.0331234290903222,2,54,1,0.0185185185185185,0.5,"GO:0010920","GO:BP","negative regulation of inositol phosphate biosynthetic process",20972,4294,"GO:0010919;GO:0032958;GO:0045912;GO:0045936;GO:1902931","Monocytes_Healthy_vs_SNMG_Pre","Up"
"query_1",TRUE,0.0331234290903222,2,54,1,0.0185185185185185,0.5,"GO:1905273","GO:BP","positive regulation of proton-transporting ATP synthase activity, rotational mechanism",20972,22723,"GO:0051351;GO:2001259","Monocytes_Healthy_vs_SNMG_Pre","Up"
"query_1",TRUE,0.0331234290903222,2,54,1,0.0185185185185185,0.5,"GO:0009196","GO:BP","pyrimidine deoxyribonucleoside diphosphate metabolic process",20972,3209,"GO:0009138","Monocytes_Healthy_vs_SNMG_Pre","Up"
"query_1",TRUE,0.0331234290903222,2,54,1,0.0185185185185185,0.5,"GO:1990402","GO:BP","embryonic liver development",20972,23310,"GO:0048568","Monocytes_Healthy_vs_SNMG_Pre","Up"
"query_1",TRUE,0.0331234290903222,2,54,1,0.0185185185185185,0.5,"GO:0150054","GO:BP","regulation of postsynaptic neurotransmitter receptor diffusion trapping",20972,18864,"GO:0060341;GO:0065008;GO:0098970;GO:1902683","Monocytes_Healthy_vs_SNMG_Pre","Up"
"query_1",TRUE,0.0331234290903222,2,54,1,0.0185185185185185,0.5,"GO:0046072","GO:BP","dTDP metabolic process",20972,11068,"GO:0009196;GO:0009219","Monocytes_Healthy_vs_SNMG_Pre","Up"
"query_1",TRUE,0.0331234290903222,2,54,1,0.0185185185185185,0.5,"GO:0006227","GO:BP","dUDP biosynthetic process",20972,1946,"GO:0009197;GO:0009221;GO:0046077","Monocytes_Healthy_vs_SNMG_Pre","Up"
"query_1",TRUE,0.0331234290903222,2,54,1,0.0185185185185185,0.5,"GO:1904702","GO:BP","regulation of protein localization to adherens junction",20972,22306,"GO:0071896;GO:0150106","Monocytes_Healthy_vs_SNMG_Pre","Up"
"query_1",TRUE,0.0331234290903222,2,54,1,0.0185185185185185,0.5,"GO:0006233","GO:BP","dTDP biosynthetic process",20972,1952,"GO:0009197;GO:0009221;GO:0046072","Monocytes_Healthy_vs_SNMG_Pre","Up"
"query_1",TRUE,0.0331234290903222,2,54,1,0.0185185185185185,0.5,"GO:0009197","GO:BP","pyrimidine deoxyribonucleoside diphosphate biosynthetic process",20972,3210,"GO:0009139;GO:0009189;GO:0009196","Monocytes_Healthy_vs_SNMG_Pre","Up"
"query_1",TRUE,0.0333748957371158,271,54,4,0.0740740740740741,0.014760147601476,"GO:0006959","GO:BP","humoral immune response",20972,2459,"GO:0006955","Monocytes_Healthy_vs_SNMG_Pre","Up"
"query_1",TRUE,0.033504640924546,1534,54,10,0.185185185185185,0.00651890482398957,"GO:0007010","GO:BP","cytoskeleton organization",20972,2489,"GO:0006996","Monocytes_Healthy_vs_SNMG_Pre","Up"
"query_1",TRUE,0.033504640924546,42,54,2,0.037037037037037,0.0476190476190476,"GO:1902991","GO:BP","regulation of amyloid precursor protein catabolic process",20972,21104,"GO:0042987;GO:0051246","Monocytes_Healthy_vs_SNMG_Pre","Up"
"query_1",TRUE,0.033504640924546,42,54,2,0.037037037037037,0.0476190476190476,"GO:0009394","GO:BP","2'-deoxyribonucleotide metabolic process",20972,3307,"GO:0009262","Monocytes_Healthy_vs_SNMG_Pre","Up"
"query_1",TRUE,0.0338572221154053,627,54,6,0.111111111111111,0.00956937799043062,"GO:0050865","GO:BP","regulation of cell activation",20972,12450,"GO:0001775;GO:0050794;GO:0051239","Monocytes_Healthy_vs_SNMG_Pre","Up"
"query_1",TRUE,0.0339019647134144,1794,54,11,0.203703703703704,0.00613154960981048,"GO:0048870","GO:BP","cell motility",20972,12260,"GO:0009987","Monocytes_Healthy_vs_SNMG_Pre","Up"
"query_1",TRUE,0.0339350502128916,628,54,6,0.111111111111111,0.00955414012738853,"GO:0002521","GO:BP","leukocyte differentiation",20972,1001,"GO:0030097;GO:0030154","Monocytes_Healthy_vs_SNMG_Pre","Up"
"query_1",TRUE,0.0341146677640158,138,54,3,0.0555555555555556,0.0217391304347826,"GO:0030218","GO:BP","erythrocyte differentiation",20972,6287,"GO:0030099;GO:0034101","Monocytes_Healthy_vs_SNMG_Pre","Up"
"query_1",TRUE,0.0342534512522019,43,54,2,0.037037037037037,0.0465116279069767,"GO:0030279","GO:BP","negative regulation of ossification",20972,6316,"GO:0001503;GO:0030278;GO:0051241","Monocytes_Healthy_vs_SNMG_Pre","Up"
"query_1",TRUE,0.0342534512522019,43,54,2,0.037037037037037,0.0465116279069767,"GO:0009262","GO:BP","deoxyribonucleotide metabolic process",20972,3271,"GO:0009117;GO:1901135","Monocytes_Healthy_vs_SNMG_Pre","Up"
"query_1",TRUE,0.0342534512522019,43,54,2,0.037037037037037,0.0465116279069767,"GO:0043277","GO:BP","apoptotic cell clearance",20972,9929,"GO:0006909","Monocytes_Healthy_vs_SNMG_Pre","Up"
"query_1",TRUE,0.0342534512522019,43,54,2,0.037037037037037,0.0465116279069767,"GO:0035196","GO:BP","miRNA processing",20972,8309,"GO:0070918","Monocytes_Healthy_vs_SNMG_Pre","Up"
"query_1",TRUE,0.0343476044030761,139,54,3,0.0555555555555556,0.0215827338129496,"GO:0018108","GO:BP","peptidyl-tyrosine phosphorylation",20972,5072,"GO:0006468;GO:0018212","Monocytes_Healthy_vs_SNMG_Pre","Up"
"query_1",TRUE,0.0343734445715785,276,54,4,0.0740740740740741,0.0144927536231884,"GO:1903039","GO:BP","positive regulation of leukocyte cell-cell adhesion",20972,21142,"GO:0007159;GO:0022409;GO:1903037","Monocytes_Healthy_vs_SNMG_Pre","Up"
"query_1",TRUE,0.0348302910970919,1549,54,10,0.185185185185185,0.00645577792123951,"GO:0045595","GO:BP","regulation of cell differentiation",20972,10677,"GO:0030154;GO:0050793;GO:0050794","Monocytes_Healthy_vs_SNMG_Pre","Up"
"query_1",TRUE,0.0354544710594968,141,54,3,0.0555555555555556,0.0212765957446809,"GO:0018212","GO:BP","peptidyl-tyrosine modification",20972,5114,"GO:0018193","Monocytes_Healthy_vs_SNMG_Pre","Up"
"query_1",TRUE,0.0356494618674563,638,54,6,0.111111111111111,0.00940438871473354,"GO:0043408","GO:BP","regulation of MAPK cascade",20972,10005,"GO:0000165;GO:1902531","Monocytes_Healthy_vs_SNMG_Pre","Up"
"query_1",TRUE,0.0364706927619556,45,54,2,0.037037037037037,0.0444444444444444,"GO:0002347","GO:BP","response to tumor cell",20972,840,"GO:0009607","Monocytes_Healthy_vs_SNMG_Pre","Up"
"query_1",TRUE,0.0364706927619556,45,54,2,0.037037037037037,0.0444444444444444,"GO:2000403","GO:BP","positive regulation of lymphocyte migration",20972,23838,"GO:0071677;GO:0072676;GO:2000401","Monocytes_Healthy_vs_SNMG_Pre","Up"
"query_1",TRUE,0.0364706927619556,45,54,2,0.037037037037037,0.0444444444444444,"GO:0045646","GO:BP","regulation of erythrocyte differentiation",20972,10728,"GO:0030218;GO:0045637","Monocytes_Healthy_vs_SNMG_Pre","Up"
"query_1",TRUE,0.0364706927619556,852,54,7,0.12962962962963,0.00821596244131455,"GO:0045597","GO:BP","positive regulation of cell differentiation",20972,10679,"GO:0030154;GO:0045595;GO:0048522;GO:0051094","Monocytes_Healthy_vs_SNMG_Pre","Up"
"query_1",TRUE,0.0364706927619556,143,54,3,0.0555555555555556,0.020979020979021,"GO:0031333","GO:BP","negative regulation of protein-containing complex assembly",20972,6671,"GO:0043254;GO:0051129;GO:0065003","Monocytes_Healthy_vs_SNMG_Pre","Up"
"query_1",TRUE,0.0368063899850407,1566,54,10,0.185185185185185,0.00638569604086846,"GO:0051049","GO:BP","regulation of transport",20972,12588,"GO:0006810;GO:0032879","Monocytes_Healthy_vs_SNMG_Pre","Up"
"query_1",TRUE,0.0368121868583638,144,54,3,0.0555555555555556,0.0208333333333333,"GO:1903169","GO:BP","regulation of calcium ion transmembrane transport",20972,21218,"GO:0051924;GO:0070588;GO:1904062","Monocytes_Healthy_vs_SNMG_Pre","Up"
"query_1",TRUE,0.0377753098612619,46,54,2,0.037037037037037,0.0434782608695652,"GO:2001239","GO:BP","regulation of extrinsic apoptotic signaling pathway in absence of ligand",20972,24480,"GO:0097192;GO:2001236","Monocytes_Healthy_vs_SNMG_Pre","Up"
"query_1",TRUE,0.0378378802628479,1574,54,10,0.185185185185185,0.00635324015247776,"GO:0051246","GO:BP","regulation of protein metabolic process",20972,12695,"GO:0019538;GO:0060255;GO:0080090","Monocytes_Healthy_vs_SNMG_Pre","Up"
"query_1",TRUE,0.0388055754556984,1091,54,8,0.148148148148148,0.0073327222731439,"GO:0051241","GO:BP","negative regulation of multicellular organismal process",20972,12693,"GO:0032501;GO:0048519;GO:0051239","Monocytes_Healthy_vs_SNMG_Pre","Up"
"query_1",TRUE,0.0389842170631129,2963,54,15,0.277777777777778,0.00506243671954101,"GO:0035556","GO:BP","intracellular signal transduction",20972,8505,"GO:0007165","Monocytes_Healthy_vs_SNMG_Pre","Up"
"query_1",TRUE,0.0391028175504662,148,54,3,0.0555555555555556,0.0202702702702703,"GO:0097530","GO:BP","granulocyte migration",20972,17463,"GO:0097529","Monocytes_Healthy_vs_SNMG_Pre","Up"
"query_1",TRUE,0.0391028175504662,148,54,3,0.0555555555555556,0.0202702702702703,"GO:0001933","GO:BP","negative regulation of protein phosphorylation",20972,534,"GO:0001932;GO:0006468;GO:0031400;GO:0042326","Monocytes_Healthy_vs_SNMG_Pre","Up"
"query_1",TRUE,0.0396352710842412,149,54,3,0.0555555555555556,0.0201342281879195,"GO:0034101","GO:BP","erythrocyte homeostasis",20972,7847,"GO:0002262","Monocytes_Healthy_vs_SNMG_Pre","Up"
"query_1",TRUE,0.0396352710842412,149,54,3,0.0555555555555556,0.0201342281879195,"GO:0019730","GO:BP","antimicrobial humoral response",20972,5618,"GO:0006959;GO:0140546","Monocytes_Healthy_vs_SNMG_Pre","Up"
"query_1",TRUE,0.0397540498610146,292,54,4,0.0740740740740741,0.0136986301369863,"GO:0030100","GO:BP","regulation of endocytosis",20972,6243,"GO:0006897;GO:0051128;GO:0060627","Monocytes_Healthy_vs_SNMG_Pre","Up"
"query_1",TRUE,0.0397540498610146,292,54,4,0.0740740740740741,0.0136986301369863,"GO:0034765","GO:BP","regulation of monoatomic ion transmembrane transport",20972,8158,"GO:0034220;GO:0034762;GO:0043269","Monocytes_Healthy_vs_SNMG_Pre","Up"
"query_1",TRUE,0.0400708047843763,150,54,3,0.0555555555555556,0.02,"GO:0097696","GO:BP","cell surface receptor signaling pathway via STAT",20972,17494,"GO:0007166","Monocytes_Healthy_vs_SNMG_Pre","Up"
"query_1",TRUE,0.0408833405864846,295,54,4,0.0740740740740741,0.0135593220338983,"GO:0046651","GO:BP","lymphocyte proliferation",20972,11449,"GO:0032943;GO:0046649","Monocytes_Healthy_vs_SNMG_Pre","Up"
"query_1",TRUE,0.0408833405864846,295,54,4,0.0740740740740741,0.0135593220338983,"GO:0001818","GO:BP","negative regulation of cytokine production",20972,462,"GO:0001816;GO:0001817;GO:0010629;GO:0051241","Monocytes_Healthy_vs_SNMG_Pre","Up"
"query_1",TRUE,0.0411404070938935,665,54,6,0.111111111111111,0.00902255639097744,"GO:0045596","GO:BP","negative regulation of cell differentiation",20972,10678,"GO:0030154;GO:0045595;GO:0048523;GO:0051093","Monocytes_Healthy_vs_SNMG_Pre","Up"
"query_1",TRUE,0.0411404070938935,49,54,2,0.037037037037037,0.0408163265306122,"GO:0061028","GO:BP","establishment of endothelial barrier",20972,14091,"GO:0001885","Monocytes_Healthy_vs_SNMG_Pre","Up"
"query_1",TRUE,0.0411404070938935,152,54,3,0.0555555555555556,0.0197368421052632,"GO:0042552","GO:BP","myelination",20972,9589,"GO:0008366","Monocytes_Healthy_vs_SNMG_Pre","Up"
"query_1",TRUE,0.0411750511278884,880,54,7,0.12962962962963,0.00795454545454545,"GO:0033993","GO:BP","response to lipid",20972,7811,"GO:0042221","Monocytes_Healthy_vs_SNMG_Pre","Up"
"query_1",TRUE,0.0420761224142865,3,54,1,0.0185185185185185,0.333333333333333,"GO:0072262","GO:BP","metanephric glomerular mesangial cell proliferation involved in metanephros development",20972,16128,"GO:0072110;GO:0072203;GO:0072223","Monocytes_Healthy_vs_SNMG_Pre","Up"
"query_1",TRUE,0.0420761224142865,3,54,1,0.0185185185185185,0.333333333333333,"GO:1902216","GO:BP","positive regulation of interleukin-4-mediated signaling pathway",20972,20616,"GO:0001961;GO:0035771;GO:1902214","Monocytes_Healthy_vs_SNMG_Pre","Up"
"query_1",TRUE,0.0420761224142865,3,54,1,0.0185185185185185,0.333333333333333,"GO:1905333","GO:BP","regulation of gastric motility",20972,22776,"GO:0035482;GO:0044058","Monocytes_Healthy_vs_SNMG_Pre","Up"
"query_1",TRUE,0.0420761224142865,51,54,2,0.037037037037037,0.0392156862745098,"GO:1904894","GO:BP","positive regulation of receptor signaling pathway via STAT",20972,22455,"GO:0009967;GO:0097696;GO:1904892","Monocytes_Healthy_vs_SNMG_Pre","Up"
"query_1",TRUE,0.0420761224142865,3,54,1,0.0185185185185185,0.333333333333333,"GO:0002856","GO:BP","negative regulation of natural killer cell mediated immune response to tumor cell",20972,1320,"GO:0002423;GO:0002716;GO:0002838;GO:0002855","Monocytes_Healthy_vs_SNMG_Pre","Up"
"query_1",TRUE,0.0420761224142865,12397,54,41,0.759259259259259,0.00330725175445672,"GO:0050789","GO:BP","regulation of biological process",20972,12397,"GO:0008150;GO:0065007","Monocytes_Healthy_vs_SNMG_Pre","Up"
"query_1",TRUE,0.0420761224142865,3,54,1,0.0185185185185185,0.333333333333333,"GO:0046074","GO:BP","dTMP catabolic process",20972,11070,"GO:0009178;GO:0009223;GO:0046073","Monocytes_Healthy_vs_SNMG_Pre","Up"
"query_1",TRUE,0.0420761224142865,154,54,3,0.0555555555555556,0.0194805194805195,"GO:0007272","GO:BP","ensheathment of neurons",20972,2664,"GO:0007399;GO:0009987","Monocytes_Healthy_vs_SNMG_Pre","Up"
"query_1",TRUE,0.0420761224142865,3,54,1,0.0185185185185185,0.333333333333333,"GO:0002859","GO:BP","negative regulation of natural killer cell mediated cytotoxicity directed against tumor cell target",20972,1323,"GO:0002420;GO:0002856;GO:0002858;GO:0045953","Monocytes_Healthy_vs_SNMG_Pre","Up"
"query_1",TRUE,0.0420761224142865,3,54,1,0.0185185185185185,0.333333333333333,"GO:2000474","GO:BP","regulation of opioid receptor signaling pathway",20972,23903,"GO:0008277;GO:0038003","Monocytes_Healthy_vs_SNMG_Pre","Up"
"query_1",TRUE,0.0420761224142865,3,54,1,0.0185185185185185,0.333333333333333,"GO:0032425","GO:BP","positive regulation of mismatch repair",20972,7067,"GO:0006298;GO:0032423;GO:0045739","Monocytes_Healthy_vs_SNMG_Pre","Up"
"query_1",TRUE,0.0420761224142865,302,54,4,0.0740740740740741,0.0132450331125828,"GO:0032943","GO:BP","mononuclear cell proliferation",20972,7416,"GO:0070661","Monocytes_Healthy_vs_SNMG_Pre","Up"
"query_1",TRUE,0.0420761224142865,3,54,1,0.0185185185185185,0.333333333333333,"GO:2000670","GO:BP","positive regulation of dendritic cell apoptotic process",20972,24051,"GO:0097048;GO:2000108;GO:2000668","Monocytes_Healthy_vs_SNMG_Pre","Up"
"query_1",TRUE,0.0420761224142865,3,54,1,0.0185185185185185,0.333333333333333,"GO:2000182","GO:BP","regulation of progesterone biosynthetic process",20972,23653,"GO:0006701;GO:0010566;GO:0046885;GO:0050810","Monocytes_Healthy_vs_SNMG_Pre","Up"
"query_1",TRUE,0.0420761224142865,154,54,3,0.0555555555555556,0.0194805194805195,"GO:0008366","GO:BP","axon ensheathment",20972,3045,"GO:0007272","Monocytes_Healthy_vs_SNMG_Pre","Up"
"query_1",TRUE,0.0420761224142865,3,54,1,0.0185185185185185,0.333333333333333,"GO:1903487","GO:BP","regulation of lactation",20972,21438,"GO:0007595;GO:0050878;GO:0051046;GO:2000026","Monocytes_Healthy_vs_SNMG_Pre","Up"
"query_1",TRUE,0.0420761224142865,3,54,1,0.0185185185185185,0.333333333333333,"GO:0035711","GO:BP","T-helper 1 cell activation",20972,8595,"GO:0035710","Monocytes_Healthy_vs_SNMG_Pre","Up"
"query_1",TRUE,0.0420761224142865,3,54,1,0.0185185185185185,0.333333333333333,"GO:0060086","GO:BP","circadian temperature homeostasis",20972,13365,"GO:0001659;GO:0007623","Monocytes_Healthy_vs_SNMG_Pre","Up"
"query_1",TRUE,0.0420761224142865,3,54,1,0.0185185185185185,0.333333333333333,"GO:0060364","GO:BP","frontal suture morphogenesis",20972,13580,"GO:0060363","Monocytes_Healthy_vs_SNMG_Pre","Up"
"query_1",TRUE,0.0420761224142865,3,54,1,0.0185185185185185,0.333333333333333,"GO:0071659","GO:BP","negative regulation of IP-10 production",20972,15695,"GO:0032682;GO:0071612;GO:0071658","Monocytes_Healthy_vs_SNMG_Pre","Up"
"query_1",TRUE,0.0420761224142865,3,54,1,0.0185185185185185,0.333333333333333,"GO:0061740","GO:BP","protein targeting to lysosome involved in chaperone-mediated autophagy",20972,14549,"GO:0006622;GO:0061684;GO:0071211","Monocytes_Healthy_vs_SNMG_Pre","Up"
"query_1",TRUE,0.0420761224142865,3,54,1,0.0185185185185185,0.333333333333333,"GO:0098758","GO:BP","response to interleukin-8",20972,17637,"GO:0034097","Monocytes_Healthy_vs_SNMG_Pre","Up"
"query_1",TRUE,0.0420761224142865,3,54,1,0.0185185185185185,0.333333333333333,"GO:0098759","GO:BP","cellular response to interleukin-8",20972,17638,"GO:0071345;GO:0098758","Monocytes_Healthy_vs_SNMG_Pre","Up"
"query_1",TRUE,0.0420761224142865,3,54,1,0.0185185185185185,0.333333333333333,"GO:0070667","GO:BP","negative regulation of mast cell proliferation",20972,15125,"GO:0070662;GO:0070664;GO:0070666","Monocytes_Healthy_vs_SNMG_Pre","Up"
"query_1",TRUE,0.0420761224142865,3,54,1,0.0185185185185185,0.333333333333333,"GO:0071504","GO:BP","cellular response to heparin",20972,15599,"GO:0071503;GO:1901699;GO:1901701","Monocytes_Healthy_vs_SNMG_Pre","Up"
"query_1",TRUE,0.0429984864096823,52,54,2,0.037037037037037,0.0384615384615385,"GO:0045912","GO:BP","negative regulation of carbohydrate metabolic process",20972,10931,"GO:0005975;GO:0006109;GO:0009892","Monocytes_Healthy_vs_SNMG_Pre","Up"
"query_1",TRUE,0.0429984864096823,52,54,2,0.037037037037037,0.0384615384615385,"GO:2000404","GO:BP","regulation of T cell migration",20972,23839,"GO:0072678;GO:2000401","Monocytes_Healthy_vs_SNMG_Pre","Up"
"query_1",TRUE,0.0429984864096823,52,54,2,0.037037037037037,0.0384615384615385,"GO:0048146","GO:BP","positive regulation of fibroblast proliferation",20972,11702,"GO:0008284;GO:0048144;GO:0048145","Monocytes_Healthy_vs_SNMG_Pre","Up"
"query_1",TRUE,0.0429984864096823,483,54,5,0.0925925925925926,0.010351966873706,"GO:0045785","GO:BP","positive regulation of cell adhesion",20972,10845,"GO:0007155;GO:0030155;GO:0048522","Monocytes_Healthy_vs_SNMG_Pre","Up"
"query_1",TRUE,0.0430580824464255,159,54,3,0.0555555555555556,0.0188679245283019,"GO:0051017","GO:BP","actin filament bundle assembly",20972,12571,"GO:0022607;GO:0061572","Monocytes_Healthy_vs_SNMG_Pre","Up"
"query_1",TRUE,0.0430580824464255,159,54,3,0.0555555555555556,0.0188679245283019,"GO:0072006","GO:BP","nephron development",20972,15893,"GO:0001822;GO:0048856","Monocytes_Healthy_vs_SNMG_Pre","Up"
"query_1",TRUE,0.044107956963924,53,54,2,0.037037037037037,0.0377358490566038,"GO:0014009","GO:BP","glial cell proliferation",20972,4367,"GO:0008283;GO:0042063","Monocytes_Healthy_vs_SNMG_Pre","Up"
"query_1",TRUE,0.044107956963924,53,54,2,0.037037037037037,0.0377358490566038,"GO:2000179","GO:BP","positive regulation of neural precursor cell proliferation",20972,23650,"GO:0008284;GO:0061351;GO:2000177","Monocytes_Healthy_vs_SNMG_Pre","Up"
"query_1",TRUE,0.044107956963924,53,54,2,0.037037037037037,0.0377358490566038,"GO:0001836","GO:BP","release of cytochrome c from mitochondria",20972,480,"GO:0008637;GO:0097190","Monocytes_Healthy_vs_SNMG_Pre","Up"
"query_1",TRUE,0.0449040964434233,162,54,3,0.0555555555555556,0.0185185185185185,"GO:0061572","GO:BP","actin filament bundle organization",20972,14475,"GO:0007015","Monocytes_Healthy_vs_SNMG_Pre","Up"
"query_1",TRUE,0.0454217694690442,54,54,2,0.037037037037037,0.037037037037037,"GO:0010761","GO:BP","fibroblast migration",20972,4181,"GO:0001667","Monocytes_Healthy_vs_SNMG_Pre","Up"
"query_1",TRUE,0.0454217694690442,54,54,2,0.037037037037037,0.037037037037037,"GO:0010596","GO:BP","negative regulation of endothelial cell migration",20972,4058,"GO:0010594;GO:0030336;GO:0043542","Monocytes_Healthy_vs_SNMG_Pre","Up"
"query_1",TRUE,0.0457157596490174,1914,54,11,0.203703703703704,0.00574712643678161,"GO:0032879","GO:BP","regulation of localization",20972,7364,"GO:0050789;GO:0051179","Monocytes_Healthy_vs_SNMG_Pre","Up"
"query_1",TRUE,0.0459139794558138,164,54,3,0.0555555555555556,0.0182926829268293,"GO:0051250","GO:BP","negative regulation of lymphocyte activation",20972,12699,"GO:0002695;GO:0046649;GO:0051249","Monocytes_Healthy_vs_SNMG_Pre","Up"
"query_1",TRUE,0.0459139794558138,164,54,3,0.0555555555555556,0.0182926829268293,"GO:0061351","GO:BP","neural precursor cell proliferation",20972,14343,"GO:0008283","Monocytes_Healthy_vs_SNMG_Pre","Up"
"query_1",TRUE,0.0462005009744313,916,54,7,0.12962962962963,0.00764192139737991,"GO:0051093","GO:BP","negative regulation of developmental process",20972,12611,"GO:0032502;GO:0048519;GO:0050793","Monocytes_Healthy_vs_SNMG_Pre","Up"
"query_1",TRUE,0.046536866282185,55,54,2,0.037037037037037,0.0363636363636364,"GO:2000351","GO:BP","regulation of endothelial cell apoptotic process",20972,23796,"GO:0042981;GO:0072577","Monocytes_Healthy_vs_SNMG_Pre","Up"
"query_1",TRUE,0.0467949664072784,497,54,5,0.0925925925925926,0.0100603621730382,"GO:0044089","GO:BP","positive regulation of cellular component biogenesis",20972,10214,"GO:0044085;GO:0044087;GO:0048522","Monocytes_Healthy_vs_SNMG_Pre","Up"
"query_1",TRUE,0.0470348258601862,166,54,3,0.0555555555555556,0.0180722891566265,"GO:0070665","GO:BP","positive regulation of leukocyte proliferation",20972,15123,"GO:0008284;GO:0070661;GO:0070663","Monocytes_Healthy_vs_SNMG_Pre","Up"
"query_1",TRUE,0.0476469610452891,923,54,7,0.12962962962963,0.0075839653304442,"GO:0008284","GO:BP","positive regulation of cell population proliferation",20972,3011,"GO:0008283;GO:0042127;GO:0048522","Monocytes_Healthy_vs_SNMG_Pre","Up"
"query_1",TRUE,0.0476531021989653,56,54,2,0.037037037037037,0.0357142857142857,"GO:0045815","GO:BP","transcription initiation-coupled chromatin remodeling",20972,10865,"GO:0006367;GO:0141137","Monocytes_Healthy_vs_SNMG_Pre","Up"
"query_1",TRUE,0.0476531021989653,56,54,2,0.037037037037037,0.0357142857142857,"GO:0006220","GO:BP","pyrimidine nucleotide metabolic process",20972,1940,"GO:0009117;GO:0072527","Monocytes_Healthy_vs_SNMG_Pre","Up"
"query_1",TRUE,0.0481728490782903,3080,54,15,0.277777777777778,0.00487012987012987,"GO:0010605","GO:BP","negative regulation of macromolecule metabolic process",20972,4066,"GO:0009892;GO:0043170;GO:0060255","Monocytes_Healthy_vs_SNMG_Pre","Up"
"query_1",TRUE,0.0487703043047969,57,54,2,0.037037037037037,0.0350877192982456,"GO:0030865","GO:BP","cortical cytoskeleton organization",20972,6499,"GO:0007010","Monocytes_Healthy_vs_SNMG_Pre","Up"
"query_1",TRUE,0.0487703043047969,57,54,2,0.037037037037037,0.0350877192982456,"GO:1902895","GO:BP","positive regulation of miRNA transcription",20972,21044,"GO:0045893;GO:0061614;GO:1902893;GO:2000630","Monocytes_Healthy_vs_SNMG_Pre","Up"
"query_1",TRUE,0.0487703043047969,57,54,2,0.037037037037037,0.0350877192982456,"GO:0042987","GO:BP","amyloid precursor protein catabolic process",20972,9810,"GO:0042982","Monocytes_Healthy_vs_SNMG_Pre","Up"
"query_1",TRUE,0.0487703043047969,504,54,5,0.0925925925925926,0.00992063492063492,"GO:0001932","GO:BP","regulation of protein phosphorylation",20972,533,"GO:0006468;GO:0031399;GO:0042325","Monocytes_Healthy_vs_SNMG_Pre","Up"
"query_1",TRUE,0.049425418894397,4,54,1,0.0185185185185185,0.25,"GO:0051611","GO:BP","regulation of serotonin uptake",20972,12903,"GO:0051580;GO:0051610","Monocytes_Healthy_vs_SNMG_Pre","Up"
"query_1",TRUE,0.049425418894397,512,54,5,0.0925925925925926,0.009765625,"GO:0043065","GO:BP","positive regulation of apoptotic process",20972,9848,"GO:0006915;GO:0042981;GO:0043068","Monocytes_Healthy_vs_SNMG_Pre","Up"
"query_1",TRUE,0.049425418894397,4,54,1,0.0185185185185185,0.25,"GO:0060762","GO:BP","regulation of branching involved in mammary gland duct morphogenesis",20972,13893,"GO:0060444;GO:0060688;GO:1905330;GO:2000027","Monocytes_Healthy_vs_SNMG_Pre","Up"
"query_1",TRUE,0.049425418894397,59,54,2,0.037037037037037,0.0338983050847458,"GO:0141137","GO:BP","positive regulation of gene expression, epigenetic",20972,18790,"GO:0010628;GO:0040029","Monocytes_Healthy_vs_SNMG_Pre","Up"
"query_1",TRUE,0.049425418894397,58,54,2,0.037037037037037,0.0344827586206897,"GO:1903053","GO:BP","regulation of extracellular matrix organization",20972,21151,"GO:0030198;GO:0051128","Monocytes_Healthy_vs_SNMG_Pre","Up"
"query_1",TRUE,0.049425418894397,941,54,7,0.12962962962963,0.00743889479277365,"GO:1901698","GO:BP","response to nitrogen compound",20972,20235,"GO:0042221","Monocytes_Healthy_vs_SNMG_Pre","Up"
"query_1",TRUE,0.049425418894397,4,54,1,0.0185185185185185,0.25,"GO:0070668","GO:BP","positive regulation of mast cell proliferation",20972,15126,"GO:0070662;GO:0070665;GO:0070666","Monocytes_Healthy_vs_SNMG_Pre","Up"
"query_1",TRUE,0.049425418894397,4,54,1,0.0185185185185185,0.25,"GO:0010716","GO:BP","negative regulation of extracellular matrix disassembly",20972,4148,"GO:0010715;GO:0022617;GO:1903054","Monocytes_Healthy_vs_SNMG_Pre","Up"
"query_1",TRUE,0.049425418894397,4,54,1,0.0185185185185185,0.25,"GO:0009189","GO:BP","deoxyribonucleoside diphosphate biosynthetic process",20972,3202,"GO:0009133","Monocytes_Healthy_vs_SNMG_Pre","Up"
"query_1",TRUE,0.049425418894397,4,54,1,0.0185185185185185,0.25,"GO:0046075","GO:BP","dTTP metabolic process",20972,11071,"GO:0009211;GO:0009219","Monocytes_Healthy_vs_SNMG_Pre","Up"
"query_1",TRUE,0.049425418894397,4,54,1,0.0185185185185185,0.25,"GO:1902988","GO:BP","neurofibrillary tangle assembly",20972,21101,"GO:0070841","Monocytes_Healthy_vs_SNMG_Pre","Up"
"query_1",TRUE,0.049425418894397,4,54,1,0.0185185185185185,0.25,"GO:0002774","GO:BP","Fc receptor mediated inhibitory signaling pathway",20972,1239,"GO:0002767","Monocytes_Healthy_vs_SNMG_Pre","Up"
"query_1",TRUE,0.049425418894397,4,54,1,0.0185185185185185,0.25,"GO:0006235","GO:BP","dTTP biosynthetic process",20972,1954,"GO:0009212;GO:0009221;GO:0046075","Monocytes_Healthy_vs_SNMG_Pre","Up"
"query_1",TRUE,0.049425418894397,4,54,1,0.0185185185185185,0.25,"GO:0048642","GO:BP","negative regulation of skeletal muscle tissue development",20972,12051,"GO:0007519;GO:0045843;GO:0048641","Monocytes_Healthy_vs_SNMG_Pre","Up"
"query_1",TRUE,0.049425418894397,4,54,1,0.0185185185185185,0.25,"GO:2000342","GO:BP","negative regulation of chemokine (C-X-C motif) ligand 2 production",20972,23787,"GO:0032682;GO:0072567;GO:2000341","Monocytes_Healthy_vs_SNMG_Pre","Up"
"query_1",TRUE,0.049425418894397,4,54,1,0.0185185185185185,0.25,"GO:0070495","GO:BP","negative regulation of thrombin-activated receptor signaling pathway",20972,15040,"GO:0045744;GO:0070493;GO:0070494","Monocytes_Healthy_vs_SNMG_Pre","Up"
"query_1",TRUE,0.049425418894397,326,54,4,0.0740740740740741,0.0122699386503067,"GO:0070588","GO:BP","calcium ion transmembrane transport",20972,15076,"GO:0006816;GO:0098655","Monocytes_Healthy_vs_SNMG_Pre","Up"
"query_1",TRUE,0.049425418894397,4,54,1,0.0185185185185185,0.25,"GO:0061520","GO:BP","Langerhans cell differentiation",20972,14431,"GO:0043011","Monocytes_Healthy_vs_SNMG_Pre","Up"
"query_1",TRUE,0.049425418894397,4,54,1,0.0185185185185185,0.25,"GO:0070494","GO:BP","regulation of thrombin-activated receptor signaling pathway",20972,15039,"GO:0008277;GO:0070493","Monocytes_Healthy_vs_SNMG_Pre","Up"
"query_1",TRUE,0.049425418894397,4,54,1,0.0185185185185185,0.25,"GO:0071658","GO:BP","regulation of IP-10 production",20972,15694,"GO:0032642;GO:0071612","Monocytes_Healthy_vs_SNMG_Pre","Up"
"query_1",TRUE,0.049425418894397,4,54,1,0.0185185185185185,0.25,"GO:0071612","GO:BP","IP-10 production",20972,15657,"GO:0032602","Monocytes_Healthy_vs_SNMG_Pre","Up"
"query_1",TRUE,0.049425418894397,4,54,1,0.0185185185185185,0.25,"GO:1900126","GO:BP","negative regulation of hyaluronan biosynthetic process",20972,19187,"GO:0010558;GO:0030213;GO:0045912;GO:1900125","Monocytes_Healthy_vs_SNMG_Pre","Up"
"query_1",TRUE,0.049425418894397,173,54,3,0.0555555555555556,0.0173410404624277,"GO:0006367","GO:BP","transcription initiation at RNA polymerase II promoter",20972,2034,"GO:0006352;GO:0006366","Monocytes_Healthy_vs_SNMG_Pre","Up"
"query_1",TRUE,0.049425418894397,328,54,4,0.0740740740740741,0.0121951219512195,"GO:0022409","GO:BP","positive regulation of cell-cell adhesion",20972,6166,"GO:0022407;GO:0045785;GO:0098609","Monocytes_Healthy_vs_SNMG_Pre","Up"
"query_1",TRUE,0.049425418894397,4,54,1,0.0185185185185185,0.25,"GO:0032423","GO:BP","regulation of mismatch repair",20972,7065,"GO:0006282;GO:0006298","Monocytes_Healthy_vs_SNMG_Pre","Up"
"query_1",TRUE,0.049425418894397,59,54,2,0.037037037037037,0.0338983050847458,"GO:0014910","GO:BP","regulation of smooth muscle cell migration",20972,4552,"GO:0014909;GO:0030334","Monocytes_Healthy_vs_SNMG_Pre","Up"
"query_1",TRUE,0.049425418894397,4,54,1,0.0185185185185185,0.25,"GO:0032286","GO:BP","central nervous system myelin maintenance",20972,6975,"GO:0022010;GO:0043217","Monocytes_Healthy_vs_SNMG_Pre","Up"
"query_1",TRUE,0.049425418894397,4,54,1,0.0185185185185185,0.25,"GO:2001200","GO:BP","positive regulation of dendritic cell differentiation",20972,24452,"GO:0097028;GO:1902107;GO:2001198","Monocytes_Healthy_vs_SNMG_Pre","Up"
"query_1",TRUE,0.049425418894397,59,54,2,0.037037037037037,0.0338983050847458,"GO:0032613","GO:BP","interleukin-10 production",20972,7165,"GO:0001816","Monocytes_Healthy_vs_SNMG_Pre","Up"
"query_1",TRUE,0.049425418894397,4,54,1,0.0185185185185185,0.25,"GO:0009212","GO:BP","pyrimidine deoxyribonucleoside triphosphate biosynthetic process",20972,3224,"GO:0009148;GO:0009211","Monocytes_Healthy_vs_SNMG_Pre","Up"
"query_1",TRUE,0.049425418894397,59,54,2,0.037037037037037,0.0338983050847458,"GO:0032653","GO:BP","regulation of interleukin-10 production",20972,7204,"GO:0001817;GO:0032613","Monocytes_Healthy_vs_SNMG_Pre","Up"
"query_1",TRUE,0.0498572289101928,331,54,4,0.0740740740740741,0.0120845921450151,"GO:0051251","GO:BP","positive regulation of lymphocyte activation",20972,12700,"GO:0002696;GO:0046649;GO:0051249","Monocytes_Healthy_vs_SNMG_Pre","Up"
