"p_val","avg_log2FC","pct.1","pct.2","p_val_adj","cluster","gene"
0,4.28288262591167,0.723,0.1,0,"Monocytes","FCN1"
0,1.45069252433971,0.822,0.206,0,"Monocytes","CST3"
0,4.90598155053154,0.681,0.086,0,"Monocytes","VCAN"
0,3.7677947382264,0.692,0.104,0,"Monocytes","CD68"
0,3.51366083149273,0.637,0.066,0,"Monocytes","CD14"
0,2.99103358435538,0.72,0.15,0,"Monocytes","LGALS3"
0,3.13166721407981,0.664,0.095,0,"Monocytes","CSTA"
0,3.6282136051915,0.69,0.124,0,"Monocytes","AC020656.1"
0,2.77611480216431,0.72,0.173,0,"Monocytes","IFI30"
0,3.69452792229672,0.614,0.068,0,"Monocytes","S100A12"
0,0.894881647665665,0.658,0.116,0,"Monocytes","SLC11A1"
0,3.41513421834137,0.76,0.219,0,"Monocytes","LYZ"
0,3.65011368110034,0.705,0.166,0,"Monocytes","CYBB"
0,2.58561175507212,0.638,0.101,0,"Monocytes","MS4A6A"
0,1.52386294788267,0.67,0.134,0,"Monocytes","SERPINA1"
0,5.12344276726877,0.549,0.029,0,"Monocytes","MAFB"
0,2.03706236679161,0.606,0.09,0,"Monocytes","CFD"
0,1.53301920968176,0.677,0.162,0,"Monocytes","NCF2"
0,2.39236226236964,0.671,0.157,0,"Monocytes","MPEG1"
0,2.33903229119055,0.705,0.194,0,"Monocytes","FGL2"
0,1.15407278673506,0.659,0.157,0,"Monocytes","CLEC7A"
0,3.06181932110619,0.641,0.144,0,"Monocytes","BLVRB"
0,4.15659488504869,0.539,0.043,0,"Monocytes","SLC7A7"
0,1.70525622226725,0.604,0.109,0,"Monocytes","CPVL"
0,2.1845517222518,0.594,0.1,0,"Monocytes","CLEC12A"
0,2.33169940894073,0.643,0.152,0,"Monocytes","CD302"
0,3.0685585743414,0.609,0.118,0,"Monocytes","KCTD12"
0,0.739664738636768,0.588,0.099,0,"Monocytes","C5AR1"
0,2.45130336922318,0.716,0.228,0,"Monocytes","S100A8"
0,2.56462934076021,0.656,0.171,0,"Monocytes","CTSB"
0,0.271209542399111,0.635,0.151,0,"Monocytes","FPR1"
0,2.12589975978398,0.679,0.197,0,"Monocytes","GRN"
0,0.669723308581248,0.703,0.221,0,"Monocytes","MNDA"
0,2.10098423131004,0.57,0.089,0,"Monocytes","CD93"
0,1.70139997198728,0.582,0.103,0,"Monocytes","IRAK3"
0,3.71924295172004,0.558,0.085,0,"Monocytes","CD36"
0,2.85671593207582,0.79,0.317,0,"Monocytes","NCOA4"
0,1.23997861769627,0.661,0.188,0,"Monocytes","RAB31"
0,1.79963548037547,0.788,0.318,0,"Monocytes","FCER1G"
0,1.99396725253523,0.702,0.233,0,"Monocytes","TYMP"
0,2.31403426071645,0.575,0.108,0,"Monocytes","PLXDC2"
0,2.41513552598705,0.638,0.174,0,"Monocytes","STXBP2"
0,1.80438722574041,0.631,0.169,0,"Monocytes","FGR"
0,2.31708828692747,0.576,0.115,0,"Monocytes","CFP"
0,2.62744230721294,0.51,0.056,0,"Monocytes","DMXL2"
0,4.27243384529354,0.631,0.178,0,"Monocytes","NRGN"
0,4.16283607600881,0.504,0.051,0,"Monocytes","LRP1"
0,2.32511237832559,0.572,0.119,0,"Monocytes","STX11"
0,1.89227453272399,0.725,0.273,0,"Monocytes","LST1"
0,1.71149309393592,0.601,0.15,0,"Monocytes","TNFSF13B"
0,2.01262838507457,0.535,0.088,0,"Monocytes","LILRB2"
0,2.35359436083926,0.746,0.301,0,"Monocytes","AP1S2"
0,2.80241727402648,0.763,0.321,0,"Monocytes","S100A9"
0,2.48672222051636,0.712,0.27,0,"Monocytes","TIMP1"
0,1.68406645933941,0.703,0.262,0,"Monocytes","CEBPD"
0,3.29180217719709,0.555,0.115,0,"Monocytes","RAB32"
0,3.45530295059299,0.694,0.257,0,"Monocytes","LIMS1"
0,0.686878945482002,0.569,0.133,0,"Monocytes","LRRK2"
0,2.90085532439713,0.52,0.085,0,"Monocytes","PLBD1"
0,2.59189135286822,0.56,0.128,0,"Monocytes","ALDH2"
0,0.904348293442579,0.543,0.112,0,"Monocytes","FCGR2A"
0,1.21724019594463,0.619,0.189,0,"Monocytes","SPI1"
0,4.17682363863218,0.439,0.012,0,"Monocytes","RBP7"
0,1.49266700907432,0.562,0.137,0,"Monocytes","MEGF9"
0,2.6410469898427,0.534,0.11,0,"Monocytes","TGFBI"
0,0.563289071490958,0.546,0.122,0,"Monocytes","LILRB3"
0,1.5960158434122,0.841,0.417,0,"Monocytes","TALDO1"
0,1.80273136531694,0.681,0.258,0,"Monocytes","YBX3"
0,4.12032205870156,0.488,0.066,0,"Monocytes","MS4A7"
0,1.37962948951889,0.662,0.241,0,"Monocytes","RNF130"
0,3.09279500596876,0.476,0.057,0,"Monocytes","LILRA5"
0,4.08531766701396,0.472,0.055,0,"Monocytes","CD163"
0,2.09840100327087,0.514,0.098,0,"Monocytes","GAS7"
0,1.12341214460742,0.547,0.134,0,"Monocytes","IGSF6"
0,2.4737447489358,0.435,0.023,0,"Monocytes","CDA"
0,1.21232447265602,0.517,0.106,0,"Monocytes","TNFAIP2"
0,4.53609615628026,0.448,0.037,0,"Monocytes","CD300E"
0,2.42145853916627,0.596,0.185,0,"Monocytes","ADA2"
0,0.5025755644606,0.5,0.093,0,"Monocytes","TLR4"
0,3.67448835037758,0.501,0.095,0,"Monocytes","MPP1"
0,2.00637219297957,0.652,0.248,0,"Monocytes","CTSD"
0,1.7610105252647,0.511,0.107,0,"Monocytes","TIMP2"
0,1.40377261742445,0.586,0.182,0,"Monocytes","PECAM1"
0,1.66092548182652,0.704,0.301,0,"Monocytes","FOS"
0,1.42904522360994,0.51,0.108,0,"Monocytes","HCK"
0,3.32532621999296,0.547,0.145,0,"Monocytes","CTSA"
0,5.2438069757135,0.431,0.032,0,"Monocytes","THBS1"
0,2.69375216116914,0.463,0.065,0,"Monocytes","JDP2"
0,1.43849987821775,0.48,0.082,0,"Monocytes","RXRA"
0,2.22462292116495,0.694,0.296,0,"Monocytes","APLP2"
0,1.16248871573854,0.753,0.356,0,"Monocytes","ASAH1"
0,0.979559500850731,0.532,0.135,0,"Monocytes","PLAUR"
0,1.4387789121174,0.636,0.242,0,"Monocytes","RTN3"
0,3.05209208335121,0.467,0.073,0,"Monocytes","C19orf38"
0,1.53031660684518,0.48,0.089,0,"Monocytes","PILRA"
0,2.28744983912185,0.734,0.345,0,"Monocytes","PKM"
0,1.78956347597257,0.675,0.287,0,"Monocytes","ANXA5"
0,1.1824769919795,0.547,0.162,0,"Monocytes","PGD"
0,2.04147644313543,0.527,0.143,0,"Monocytes","DPYD"
0,1.77984615981586,0.556,0.173,0,"Monocytes","CTSH"
0,2.98631190444996,0.453,0.07,0,"Monocytes","TMEM170B"
0,2.90120028352796,0.692,0.309,0,"Monocytes","GSTO1"
0,2.39859287162982,0.451,0.069,0,"Monocytes","IER3"
0,2.23049265610653,0.542,0.164,0,"Monocytes","MFSD1"
0,0.539459301581353,0.553,0.176,0,"Monocytes","CPPED1"
0,1.99718149983002,0.766,0.389,0,"Monocytes","FKBP1A"
0,1.50051245383353,0.664,0.292,0,"Monocytes","BNIP3L"
0,2.21696738508078,0.662,0.291,0,"Monocytes","PLEKHO1"
0,2.10096609855846,0.73,0.359,0,"Monocytes","AIF1"
0,1.76731665033647,0.535,0.164,0,"Monocytes","NUP214"
0,1.69597047143621,0.523,0.152,0,"Monocytes","IFNGR2"
0,2.77577340010971,0.779,0.409,0,"Monocytes","PSAP"
0,1.48998531264351,0.485,0.116,0,"Monocytes","TBXAS1"
0,2.24281864671901,0.466,0.097,0,"Monocytes","GNS"
0,1.77100633342017,0.745,0.376,0,"Monocytes","TYROBP"
0,2.127966559941,0.462,0.093,0,"Monocytes","LGALS2"
0,1.20221856428163,0.62,0.252,0,"Monocytes","FCGRT"
0,1.34660914400812,0.414,0.048,0,"Monocytes","CLEC4E"
0,2.25078227337514,0.505,0.14,0,"Monocytes","KLF10"
0,0.921725114777152,0.658,0.297,0,"Monocytes","TNFRSF1B"
0,1.03694879234877,0.549,0.189,0,"Monocytes","CCDC88A"
0,1.24040862928422,0.658,0.298,0,"Monocytes","ANXA2"
0,1.73855454534757,0.677,0.317,0,"Monocytes","RIOK3"
0,1.64338181417234,0.519,0.159,0,"Monocytes","AGTRAP"
0,0.800492707641114,0.591,0.231,0,"Monocytes","OGFRL1"
0,3.05139960346761,0.437,0.078,0,"Monocytes","ZNF385A"
0,2.23417582274649,0.465,0.108,0,"Monocytes","GRINA"
0,0.635039300320838,0.467,0.11,0,"Monocytes","DUSP6"
0,1.63402193724539,0.547,0.191,0,"Monocytes","PPT1"
0,1.34634998284947,0.423,0.067,0,"Monocytes","CCR1"
0,2.43335948846587,0.498,0.142,0,"Monocytes","AHR"
0,2.3001609213785,0.458,0.103,0,"Monocytes","CREG1"
0,0.813766845659156,0.531,0.176,0,"Monocytes","MARCKS"
0,0.708005272661013,0.536,0.181,0,"Monocytes","IL17RA"
0,1.58804501455119,0.551,0.199,0,"Monocytes","ZYX"
0,1.95264819416279,0.444,0.092,0,"Monocytes","EMILIN2"
0,2.201721866801,0.484,0.133,0,"Monocytes","SCPEP1"
0,1.43962155316735,0.717,0.367,0,"Monocytes","LGALS1"
0,0.95039012634414,0.685,0.336,0,"Monocytes","VSIR"
0,1.15638627017991,0.491,0.143,0,"Monocytes","ETS2"
0,4.34576045445574,0.385,0.038,0,"Monocytes","ASGR1"
0,2.83921610206396,0.398,0.051,0,"Monocytes","PRAM1"
0,1.78893847007658,0.811,0.465,0,"Monocytes","COTL1"
0,1.71810124307122,0.538,0.193,0,"Monocytes","MARCH1"
0,0.96991913623013,0.452,0.107,0,"Monocytes","SLC43A2"
0,1.71210398727159,0.53,0.186,0,"Monocytes","DPYSL2"
0,1.31679887137609,0.456,0.112,0,"Monocytes","ITGAM"
0,1.11138586053083,0.556,0.213,0,"Monocytes","MYADM"
0,1.68534683796118,0.424,0.081,0,"Monocytes","LRRC25"
0,1.70920683330881,0.571,0.229,0,"Monocytes","TPP1"
0,2.65971298801101,0.642,0.301,0,"Monocytes","FERMT3"
0,1.50761845850259,0.534,0.193,0,"Monocytes","ATP2B1-AS1"
0,1.5899982576504,0.699,0.359,0,"Monocytes","ZEB2"
0,1.05647632435157,0.553,0.214,0,"Monocytes","SNX10"
0,1.48503309864678,0.608,0.269,0,"Monocytes","ZFAND5"
0,1.55317395863662,0.684,0.346,0,"Monocytes","CAPZA2"
0,1.6288098174991,0.414,0.077,0,"Monocytes","AC090559.1"
0,5.8293875382623,0.342,0.006,0,"Monocytes","CYP1B1"
0,2.86133621120488,0.375,0.039,0,"Monocytes","BST1"
0,1.07224262305183,0.569,0.234,0,"Monocytes","SLC2A3"
0,1.04242539356133,0.58,0.245,0,"Monocytes","RILPL2"
0,3.15507570854751,0.562,0.228,0,"Monocytes","VCL"
0,1.52286753214168,0.679,0.345,0,"Monocytes","AP2S1"
0,1.37484434265663,0.46,0.126,0,"Monocytes","NAIP"
0,1.54937520137965,0.669,0.335,0,"Monocytes","NPC2"
0,0.279487926582776,0.536,0.203,0,"Monocytes","GCA"
0,2.27157578398073,0.441,0.108,0,"Monocytes","WARS"
0,1.29346753246093,0.554,0.222,0,"Monocytes","CASP1"
0,0.899088256192029,0.539,0.209,0,"Monocytes","THEMIS2"
0,3.63396543041159,0.504,0.174,0,"Monocytes","RGS18"
0,1.63709125915232,0.39,0.062,0,"Monocytes","ANPEP"
0,1.33321503377829,0.629,0.302,0,"Monocytes","PYCARD"
0,2.03714567558019,0.498,0.173,0,"Monocytes","CRTAP"
0,0.984153128149823,0.667,0.344,0,"Monocytes","ARRB2"
0,1.52067193145,0.383,0.061,0,"Monocytes","PYGL"
0,1.92889093251761,0.573,0.251,0,"Monocytes","LTA4H"
0,3.99922890598967,0.402,0.081,0,"Monocytes","F13A1"
0,0.823902183705173,0.456,0.136,0,"Monocytes","ATP6V1B2"
0,1.6676071230219,0.485,0.165,0,"Monocytes","CD4"
0,1.15913125276889,0.504,0.185,0,"Monocytes","IFITM3"
0,1.59435295043056,0.409,0.091,0,"Monocytes","RNF144B"
0,1.76585359050918,0.487,0.169,0,"Monocytes","SPTLC2"
0,1.41910735072702,0.531,0.216,0,"Monocytes","CSGALNACT2"
0,1.34226596115563,0.795,0.481,0,"Monocytes","ATP6V0C"
0,2.34307872288676,0.373,0.059,0,"Monocytes","NLRP3"
0,5.0778111960425,0.334,0.02,0,"Monocytes","GASK1B"
0,1.14011998303531,0.47,0.156,0,"Monocytes","UBE2D1"
0,5.41210103972759,0.326,0.013,0,"Monocytes","TMEM176B"
0,1.24040153384731,0.447,0.135,0,"Monocytes","SH3BP2"
0,1.5865487495024,0.455,0.144,0,"Monocytes","AGFG1"
0,2.49222112197841,0.37,0.059,0,"Monocytes","SULT1A1"
0,3.82628821006397,0.351,0.042,0,"Monocytes","HNMT"
0,2.72076777287074,0.381,0.072,0,"Monocytes","KLF4"
0,0.830369188793464,0.359,0.05,0,"Monocytes","SMIM25"
0,1.37475046455103,0.526,0.218,0,"Monocytes","MGAT1"
0,1.97716748812917,0.441,0.133,0,"Monocytes","CORO1C"
0,2.29499943987819,0.401,0.095,0,"Monocytes","SHTN1"
0,1.62351745289045,0.515,0.21,0,"Monocytes","HSBP1"
0,1.66578201538629,0.342,0.037,0,"Monocytes","NFAM1"
0,1.64663780359581,0.367,0.062,0,"Monocytes","LILRA2"
0,3.16783072954097,0.348,0.043,0,"Monocytes","HMOX1"
0,1.15325017757962,0.433,0.129,0,"Monocytes","SGK1"
0,1.55819706611886,0.775,0.472,0,"Monocytes","FLNA"
0,2.20983536175307,0.402,0.1,0,"Monocytes","CD86"
0,0.725154352944986,0.383,0.081,0,"Monocytes","CKAP4"
0,1.25738024736045,0.358,0.056,0,"Monocytes","APOBEC3A"
0,2.46229700054117,0.408,0.108,0,"Monocytes","SAP30"
0,1.94435267135428,0.714,0.414,0,"Monocytes","BRI3"
0,1.20531705240212,0.419,0.119,0,"Monocytes","AL034397.3"
0,1.97192105498917,0.711,0.412,0,"Monocytes","TKT"
0,0.690213458295066,0.369,0.072,0,"Monocytes","PTAFR"
0,1.85027460076476,0.413,0.118,0,"Monocytes","CTNNA1"
0,2.06993795760216,0.382,0.088,0,"Monocytes","RHOB"
0,1.2882374056717,0.437,0.143,0,"Monocytes","AOAH"
0,0.540318253709492,0.393,0.1,0,"Monocytes","RBM47"
0,1.67019936941174,0.387,0.094,0,"Monocytes","CLEC4A"
0,1.00652799211509,0.429,0.136,0,"Monocytes","SNX27"
0,1.45319709339411,0.407,0.114,0,"Monocytes","FAM49A"
0,1.38687196066191,0.375,0.082,0,"Monocytes","SLC8A1"
0,1.78491818794555,0.444,0.153,0,"Monocytes","ADIPOR1"
0,0.748773811682033,0.892,0.601,0,"Monocytes","SAT1"
0,2.7869156599629,0.354,0.063,0,"Monocytes","TNFSF13"
0,4.10388744759708,0.324,0.034,0,"Monocytes","RETN"
0,2.73410963803804,0.319,0.029,0,"Monocytes","KCNE3"
0,1.4439575627628,0.428,0.138,0,"Monocytes","CHP1"
0,1.48821125065188,0.409,0.119,0,"Monocytes","LACTB"
0,2.09930951778601,0.399,0.11,0,"Monocytes","LMO2"
0,1.3733402195259,0.341,0.052,0,"Monocytes","RAB3D"
0,1.21842682400477,0.427,0.138,0,"Monocytes","EHBP1L1"
0,1.55541525467787,0.406,0.118,0,"Monocytes","PRKACA"
0,2.99248560017345,0.351,0.063,0,"Monocytes","ZFHX3"
0,1.58267516572167,0.413,0.126,0,"Monocytes","METTL7A"
0,3.00428869980317,0.323,0.038,0,"Monocytes","OSCAR"
0,3.00182463743013,0.345,0.06,0,"Monocytes","CSF1R"
0,2.02126094058163,0.397,0.113,0,"Monocytes","GRK3"
0,3.45527902625816,0.334,0.051,0,"Monocytes","MGST1"
0,2.22927187450751,0.365,0.082,0,"Monocytes","RASSF4"
0,2.8564451562878,0.404,0.122,0,"Monocytes","ANO6"
0,1.90971531775288,0.384,0.104,0,"Monocytes","SCO2"
0,0.990541998900982,0.391,0.113,0,"Monocytes","NINJ1"
0,4.15106357069312,0.299,0.021,0,"Monocytes","SLC24A4"
0,0.580962574184595,0.398,0.121,0,"Monocytes","PLXNC1"
0,1.39917388757379,0.34,0.063,0,"Monocytes","SIRPA"
0,1.76354156497327,0.371,0.095,0,"Monocytes","NUDT16"
0,2.92520530077251,0.338,0.065,0,"Monocytes","PLXNB2"
0,3.12235995232436,0.317,0.045,0,"Monocytes","TTYH3"
0,2.19705968635416,0.323,0.053,0,"Monocytes","SLC31A2"
0,2.34230181232545,0.346,0.077,0,"Monocytes","LILRB1"
0,0.491274773402112,0.377,0.109,0,"Monocytes","ALOX5"
0,4.75144773148538,0.283,0.015,0,"Monocytes","ALDH1A1"
0,1.92379452926546,0.315,0.049,0,"Monocytes","NACC2"
0,2.45092359589036,0.341,0.075,0,"Monocytes","CD33"
0,2.10471647756721,0.35,0.087,0,"Monocytes","SCIMP"
0,1.18030682947715,0.368,0.106,0,"Monocytes","AC020916.1"
0,2.77224923597831,0.296,0.034,0,"Monocytes","LILRA1"
0,2.13191110419029,0.351,0.091,0,"Monocytes","BLVRA"
0,1.68757334354177,0.373,0.113,0,"Monocytes","PDXK"
0,1.93050558033985,0.364,0.105,0,"Monocytes","KIAA0930"
0,1.20437460502583,0.307,0.05,0,"Monocytes","SIRPB1"
0,0.983221305278687,0.322,0.066,0,"Monocytes","FGD4"
0,3.37978180171325,0.284,0.029,0,"Monocytes","SGMS2"
0,1.54048119928365,0.322,0.072,0,"Monocytes","SLC15A3"
0,1.22650161458623,0.328,0.078,0,"Monocytes","CAMKK2"
0,1.30076927967087,0.342,0.092,0,"Monocytes","ATP11A"
0,3.34261773718586,0.316,0.067,0,"Monocytes","CDKN1A"
0,0.765412779854108,0.327,0.079,0,"Monocytes","CXCL16"
0,0.407695161453472,0.322,0.077,0,"Monocytes","CREB5"
0,2.34122466780407,0.278,0.035,0,"Monocytes","ALDH3B1"
0,1.63655486403066,0.26,0.019,0,"Monocytes","CRISPLD2"
0,2.19129917126363,0.307,0.066,0,"Monocytes","TESC"
0,2.15501837171801,0.277,0.037,0,"Monocytes","CD300LF"
0,1.45488267644682,0.308,0.068,0,"Monocytes","TET3"
0,0.82142355123257,0.321,0.082,0,"Monocytes","PPM1F"
0,2.08396112941894,0.326,0.09,0,"Monocytes","KYNU"
0,1.8854055805617,0.303,0.068,0,"Monocytes","EVI5"
0,1.36682485002643,0.734,0.499,0,"Monocytes","S100A11"
0,1.11962693446576,0.284,0.05,0,"Monocytes","SECTM1"
0,0.632589971312507,0.27,0.037,0,"Monocytes","CHST15"
0,1.6361363176826,0.268,0.036,0,"Monocytes","TLR8"
0,2.09016400187235,0.3,0.068,0,"Monocytes","MCTP1"
0,1.30474418495096,0.263,0.033,0,"Monocytes","DOK3"
0,1.8940770060992,0.293,0.068,0,"Monocytes","ZNF467"
0,3.7906597013079,0.257,0.033,0,"Monocytes","EPB41L3"
0,1.83165757909067,0.289,0.065,0,"Monocytes","ODF3B"
0,1.90650899761785,0.283,0.061,0,"Monocytes","GAA"
0,0.615300740493667,0.273,0.052,0,"Monocytes","MEFV"
0,3.44365625315588,0.254,0.033,0,"Monocytes","ADAP2"
0,2.03371319061475,0.253,0.033,0,"Monocytes","QPCT"
0,2.4109477813772,0.286,0.066,0,"Monocytes","SMCO4"
0,2.31008847051032,0.288,0.069,0,"Monocytes","RASGEF1B"
0,1.6319838226207,0.276,0.058,0,"Monocytes","QSOX1"
0,2.57642556629231,0.255,0.038,0,"Monocytes","SORT1"
0,2.69875333799622,0.284,0.067,0,"Monocytes","CYFIP1"
0,4.46172471222888,0.279,0.064,0,"Monocytes","SNCA"
0,1.73001277001033,0.724,0.51,0,"Monocytes","TSPO"
0,2.7460776763243,0.266,0.053,0,"Monocytes","TFEC"
0,2.35726725791986,0.276,0.065,0,"Monocytes","CD1D"
0,2.26403654042879,0.276,0.066,0,"Monocytes","MAP3K20"
0,0.790364954729588,0.25,0.051,0,"Monocytes","PLEKHO2"
0,1.71748812837144,0.88,0.698,0,"Monocytes","ARPC1B"
0,2.78120012511854,0.739,0.557,0,"Monocytes","CTSS"
0,1.18674531996376,0.845,0.67,0,"Monocytes","ARPC5"
0,1.33022812285299,0.865,0.739,0,"Monocytes","GAPDH"
0,2.14615364909741,0.983,0.877,0,"Monocytes","OAZ1"
0,0.963539958714366,0.827,0.724,0,"Monocytes","GABARAP"
0,1.44182348182094,0.955,0.871,0,"Monocytes","SH3BGRL3"
0,1.87630734282375,0.989,0.963,0,"Monocytes","FTL"
0,1.09078351109723,0.965,0.979,0,"Monocytes","ACTB"
0,1.23543397578704,0.949,0.96,0,"Monocytes","H3F3A"
0,1.45247397746043,0.992,0.988,0,"Monocytes","FTH1"
8.89318162514244e-323,0.649843382639084,0.575,0.226,3.25499340661838e-318,"Monocytes","JAML"
2.66795448754273e-322,0.872906882137691,0.424,0.141,9.76498021985515e-318,"Monocytes","MAP3K3"
3.75489890839347e-322,0.966178049887519,0.398,0.129,1.3743305494611e-317,"Monocytes","C9orf72"
1.41302774710597e-320,0.682680105244166,0.372,0.111,5.17182285718254e-316,"Monocytes","ENTPD1"
2.44167242174744e-320,0.587817007075675,0.707,0.4,8.93676523083781e-316,"Monocytes","SDCBP"
4.58196479953172e-320,1.6684634195642,0.305,0.079,1.67704493627661e-315,"Monocytes","ZDHHC7"
7.38726953661832e-320,2.53541189211072,0.268,0.062,2.70381452309767e-315,"Monocytes","UBXN11"
1.09701347871299e-318,1.53530990553459,0.304,0.08,4.0151790334374e-314,"Monocytes","KDM1B"
1.2415573240603e-318,1.09834551122869,0.654,0.34,4.54422396179311e-314,"Monocytes","QKI"
5.49118392626045e-318,1.64827798966769,0.711,0.365,2.00982822885059e-313,"Monocytes","TPM4"
2.21562474069454e-316,2.51230507056274,0.268,0.062,8.10940811341607e-312,"Monocytes","TMEM91"
5.68053685773108e-316,0.976878111332265,0.53,0.211,2.07913329529815e-311,"Monocytes","MAP2K3"
2.13050098382687e-314,1.21261072947212,0.727,0.453,7.79784665090472e-310,"Monocytes","SERPINB1"
1.72340689305656e-313,1.50435193290772,0.755,0.832,6.30784156927633e-309,"Monocytes","S100A6"
1.44793976351159e-312,0.890186407696578,0.701,0.384,5.29960432842877e-308,"Monocytes","CMTM6"
6.4575341126145e-312,1.2374847598065,0.302,0.079,2.36352206055803e-307,"Monocytes","ZSWIM6"
9.15892862017383e-312,1.33123134039915,0.451,0.166,3.35225946426982e-307,"Monocytes","PLSCR1"
2.69638473254827e-311,0.396392957528931,0.6,0.272,9.86903775959992e-307,"Monocytes","VMP1"
1.22943358148816e-310,0.569642283199846,0.676,0.336,4.4998498516048e-306,"Monocytes","LYN"
2.58608405258853e-310,0.85148677750891,0.476,0.177,9.46532624087928e-306,"Monocytes","RHOQ"
3.13873104664302e-310,0.995546848871415,0.524,0.216,1.14880695038181e-305,"Monocytes","ATP6V0D1"
9.54118305370688e-310,2.92229758273549,0.354,0.108,3.49216840948726e-305,"Monocytes","LYL1"
2.73845896843049e-309,1.20611155555634,0.663,0.342,1.00230336703524e-304,"Monocytes","C1orf162"
2.62774399930413e-308,1.62315536747146,0.441,0.162,9.61780581185306e-304,"Monocytes","PLEC"
5.6670954460342e-308,1.18367059313542,0.573,0.238,2.07421360420298e-303,"Monocytes","CTSZ"
7.97054064708206e-308,0.402661266962628,0.873,0.736,2.91729758223851e-303,"Monocytes","SRGN"
2.98249450504937e-307,1.09981046654126,0.502,0.196,1.09162281379312e-302,"Monocytes","SYK"
4.50085053013705e-305,1.42492275302967,0.359,0.113,1.64735630253546e-300,"Monocytes","GNB4"
1.4453591037206e-303,1.48280381685112,0.466,0.18,5.29015885552778e-299,"Monocytes","ZDHHC20"
2.33857516722586e-303,0.467861505727404,0.261,0.06,8.55941896956337e-299,"Monocytes","P2RY13"
1.49050661722071e-301,2.18599518835949,0.387,0.128,5.45540326968952e-297,"Monocytes","HK1"
9.51310704964926e-301,1.02722591423207,0.604,0.276,3.48189231124213e-296,"Monocytes","SKAP2"
1.19257031062576e-299,1.56214941895531,0.357,0.113,4.36492659392133e-295,"Monocytes","RNPEP"
4.64834491787507e-299,2.25662249067126,0.291,0.079,1.70134072339145e-294,"Monocytes","NAGA"
1.10436182530573e-298,0.48399544941,0.326,0.092,4.0420747168015e-294,"Monocytes","HRH2"
4.99793097101063e-298,1.10012668927678,0.466,0.168,1.8292927146996e-293,"Monocytes","RNASE6"
5.29020888836406e-297,0.648252502476945,0.305,0.082,1.93626935523013e-292,"Monocytes","MSRB1"
8.55668980142212e-297,1.08185154581523,0.671,0.373,3.13183403421851e-292,"Monocytes","H2AFY"
1.33697807230606e-296,2.12656115120904,0.729,0.427,4.89347344244739e-292,"Monocytes","LAMTOR1"
5.25813859604457e-296,0.787380900549356,0.424,0.15,1.92453130753827e-291,"Monocytes","ACSL4"
5.9508917157707e-295,4.53541735589861,0.261,0.067,2.17808587688923e-290,"Monocytes","TUBB1"
1.72925158353574e-294,1.37349960536192,0.47,0.179,6.32923372089917e-290,"Monocytes","CAPG"
7.28051130237076e-294,1.16004721264295,0.455,0.174,2.66473994178072e-289,"Monocytes","NOTCH2"
2.89278020626498e-293,0.766082426252488,0.409,0.142,1.05878648329504e-288,"Monocytes","ATP6V1A"
3.2267477676308e-291,1.47007835957036,0.506,0.208,1.18102195043055e-286,"Monocytes","CMIP"
7.69603506191472e-291,1.99566677872013,0.256,0.061,2.81682579301141e-286,"Monocytes","KLF11"
2.37045623272565e-290,2.03808857590528,0.335,0.104,8.67610685739916e-286,"Monocytes","DSE"
2.6051098479567e-290,1.57869084308388,0.372,0.124,9.5349625545063e-286,"Monocytes","MAPKAPK3"
3.07468157585432e-290,1.53584175689413,0.301,0.083,1.12536420357844e-285,"Monocytes","SLC36A4"
1.54657337781475e-289,1.11294604649703,0.569,0.274,5.66061322013976e-285,"Monocytes","EVI2A"
3.57925416607796e-287,1.43047151757752,0.426,0.155,1.31004281732619e-282,"Monocytes","LGALS9"
5.39060950858637e-286,0.991664739371949,0.357,0.116,1.9730169862377e-281,"Monocytes","LY96"
7.10490001626601e-283,1.07973624770887,0.764,0.514,2.60046445495352e-278,"Monocytes","RAC1"
2.40740231247217e-281,0.534281314159403,0.347,0.107,8.81133320387939e-277,"Monocytes","BCL6"
1.30402470972664e-280,0.722688427729121,0.342,0.104,4.77286084007046e-276,"Monocytes","ARAP1"
1.50785336544452e-280,2.46175967282827,0.359,0.118,5.5188941028635e-276,"Monocytes","SNN"
9.99324598062343e-280,0.65295418926404,0.556,0.253,3.65762796136798e-275,"Monocytes","FBXL5"
1.54356470169193e-276,0.777478432491206,0.264,0.065,5.64960116466263e-272,"Monocytes","TOM1"
3.38067256371129e-276,1.36595943411898,0.715,0.441,1.23735996504397e-271,"Monocytes","TRAPPC5"
2.66634445208761e-273,0.422442892592973,0.476,0.188,9.75908732908584e-269,"Monocytes","RASSF2"
5.65676006614823e-273,0.91045326458918,0.405,0.145,2.07043075181091e-268,"Monocytes","TCIRG1"
1.39849318667094e-271,1.69060486383148,0.592,0.298,5.11862491253431e-267,"Monocytes","RAP2B"
1.49212101924372e-271,1.21127097410257,0.765,0.752,5.46131214253394e-267,"Monocytes","S100A4"
4.00874387008375e-271,0.936111422344695,0.802,0.679,1.46724034388935e-266,"Monocytes","RHOA"
1.63682231862703e-270,1.35510199371442,0.518,0.235,5.9909333684068e-266,"Monocytes","TMEM167A"
1.27539882693686e-269,1.39707181086869,0.513,0.229,4.66808724647158e-265,"Monocytes","POU2F2"
2.50091600037849e-268,2.01803164469215,0.398,0.145,9.1536026529853e-264,"Monocytes","NPTN"
1.36784769668617e-267,1.08136612171365,0.472,0.195,5.00645935464105e-263,"Monocytes","HIPK3"
3.45168029495938e-266,0.5036051130765,0.7,0.435,1.26334950475808e-261,"Monocytes","CEBPB"
4.83119858420194e-266,0.662707510072263,0.386,0.131,1.76826699380375e-261,"Monocytes","IL13RA1"
7.92188402058494e-266,2.22928842570461,0.257,0.069,2.89948877037429e-261,"Monocytes","GM2A"
2.16752901778093e-265,2.08829885418761,0.811,0.548,7.93337295797997e-261,"Monocytes","TLN1"
2.19759959447707e-265,1.59055738592081,0.357,0.121,8.04343427574553e-261,"Monocytes","SH2B3"
3.09147467580773e-265,0.880843908756039,0.501,0.217,1.13151064609239e-260,"Monocytes","DICER1"
5.87135757614499e-265,0.980761978912235,0.306,0.091,2.14897558644483e-260,"Monocytes","RP2"
1.31318863614762e-264,1.14355713785626,0.336,0.107,4.80640172716389e-260,"Monocytes","IMPDH1"
3.20976146012194e-264,0.662378826490384,0.713,0.485,1.17480479201923e-259,"Monocytes","DUSP1"
1.21685380264012e-263,0.573831413031942,0.349,0.112,4.45380660304309e-259,"Monocytes","SLC6A6"
5.26118560862618e-263,0.37102828042079,0.39,0.135,1.92564654461327e-258,"Monocytes","PHC2"
1.119623606095e-262,1.00760638619652,0.965,0.875,4.09793436066831e-258,"Monocytes","SERF2"
8.32478277387754e-262,1.40139577719665,0.449,0.18,3.04695374306692e-257,"Monocytes","MAN2B1"
1.56965831013882e-261,1.65713905752301,0.474,0.2,5.74510638093908e-257,"Monocytes","RAB10"
2.18304078001422e-261,0.299737402825648,0.501,0.21,7.99014755893006e-257,"Monocytes","NUMB"
2.37734056970548e-259,1.24978278167512,0.707,0.506,8.70130421917902e-255,"Monocytes","AHNAK"
2.32777564564211e-258,4.14667531693405,0.3,0.097,8.51989164061468e-254,"Monocytes","PRKAR2B"
9.19725454760295e-258,2.16001156491127,0.318,0.1,3.36628713696816e-253,"Monocytes","PSTPIP2"
4.25814053086618e-256,0.893110717978448,0.333,0.108,1.55852201570233e-251,"Monocytes","CSF2RA"
6.35996441022715e-256,1.10038633350095,0.561,0.279,2.32781057378724e-251,"Monocytes","ZNF106"
1.84056523776135e-255,1.50353520720298,0.31,0.097,6.73665282673031e-251,"Monocytes","FKBP15"
4.5329645289093e-255,2.30628548795085,0.517,0.238,1.65911034722609e-250,"Monocytes","PTPN18"
1.84084271279653e-253,1.48481811939271,0.367,0.129,6.73766841310658e-249,"Monocytes","SLC25A24"
5.86321185398421e-253,1.81675647555436,0.306,0.095,2.14599417067676e-248,"Monocytes","ARRB1"
9.24862400581332e-253,1.31562152375992,0.426,0.16,3.38508887236773e-248,"Monocytes","LY86"
1.02021838421471e-252,0.364871963072191,0.518,0.222,3.73410130806426e-248,"Monocytes","GNAQ"
1.69456841528113e-252,0.637734619057463,0.445,0.175,6.20228985677046e-248,"Monocytes","CDC42EP3"
2.03207589451856e-251,1.13563624047122,0.275,0.077,7.43760098152737e-247,"Monocytes","PELI2"
9.84364144449509e-251,1.11901089005422,0.37,0.131,3.60287120509965e-246,"Monocytes","SQOR"
4.45760637029221e-250,1.58930620346161,0.517,0.226,1.63152850759065e-245,"Monocytes","DOK2"
7.06101021881981e-250,0.395947134790742,0.484,0.203,2.58440035019024e-245,"Monocytes","BACH1"
9.24024529855425e-249,0.396587982795767,0.63,0.309,3.38202218172384e-244,"Monocytes","PTPRE"
1.14100966798493e-248,1.86197856812135,0.478,0.207,4.17620948579163e-244,"Monocytes","LEPROT"
7.75552266385806e-248,0.686594994908303,0.506,0.224,2.83859885019869e-243,"Monocytes","GPCPD1"
3.72635358914029e-246,1.77247875742646,0.779,0.54,1.36388267716124e-241,"Monocytes","GPX4"
5.54269837710744e-246,1.25215591014531,0.436,0.178,2.02868303300509e-241,"Monocytes","SPG21"
7.81434305723723e-246,0.935804863583277,0.391,0.143,2.8601277023794e-241,"Monocytes","PIK3AP1"
2.16226389568588e-245,1.16541249139319,0.353,0.122,7.91410208459989e-241,"Monocytes","VAMP3"
5.12228423725872e-245,1.08814534826041,0.505,0.23,1.87480725367907e-240,"Monocytes","CUX1"
5.43466271447802e-243,0.446814152250885,0.526,0.237,1.9891409001261e-238,"Monocytes","PICALM"
8.09039941421816e-243,1.70187487710981,0.375,0.141,2.96116708959799e-238,"Monocytes","ARL4A"
8.98422270602132e-243,1.25397342540502,0.274,0.081,3.28831535263086e-238,"Monocytes","SEMA4A"
9.98523491322278e-243,3.54820644926426,0.296,0.094,3.65469583058867e-238,"Monocytes","MAP3K7CL"
1.47004528617424e-242,1.28890230254864,0.335,0.113,5.38051275192635e-238,"Monocytes","SNX18"
2.97004564037263e-242,1.8140183429966,0.482,0.212,1.08706640483279e-237,"Monocytes","HACD4"
7.91102955268972e-242,1.32820894539026,0.756,0.513,2.89551592657997e-237,"Monocytes","SH3BGRL"
1.06276559491127e-241,1.34843231530848,0.431,0.171,3.88982835393475e-237,"Monocytes","ASAP1"
1.80849889172745e-241,1.03274017129173,0.542,0.265,6.61928679361164e-237,"Monocytes","FAM120A"
2.50259824133848e-241,1.32346852110308,0.447,0.189,9.15975982312297e-237,"Monocytes","PRKAG2"
4.59321554766006e-241,2.44427020613713,0.4,0.158,1.68116282259906e-236,"Monocytes","CARD19"
7.27379340738344e-240,1.06309238481528,0.345,0.118,2.66228112503641e-235,"Monocytes","AZI2"
1.32304935196073e-239,0.881289771604015,0.368,0.132,4.84249293311145e-235,"Monocytes","IL10RB"
1.85424759102545e-239,2.97501644025444,0.371,0.143,6.78673160791226e-235,"Monocytes","ILK"
2.00884157186966e-239,1.77099436952678,0.298,0.096,7.35256103720015e-235,"Monocytes","NAPRT"
8.1131609338047e-239,0.891660647596743,0.302,0.094,2.96949803338186e-234,"Monocytes","SBF2"
9.79034179065878e-239,1.00335477954951,0.63,0.348,3.58336299879902e-234,"Monocytes","GLIPR1"
1.23642884123911e-238,1.74203851321612,0.371,0.138,4.52545320181926e-234,"Monocytes","C20orf27"
1.36289874678314e-237,1.2688912358653,0.615,0.367,4.98834570310097e-233,"Monocytes","METTL9"
1.20457682382681e-235,0.520510450797525,0.37,0.133,4.40887163288851e-231,"Monocytes","TNFSF10"
4.45860501443447e-235,1.20460820306074,0.48,0.215,1.63189402133316e-230,"Monocytes","C4orf48"
2.17323094420399e-234,0.591221936699813,0.371,0.132,7.95424257888101e-230,"Monocytes","CPEB4"
4.04749291747449e-234,0.350879564626777,0.435,0.171,1.48142288272484e-229,"Monocytes","SLCO3A1"
5.06773761895497e-232,1.5434063913689,0.28,0.087,1.85484264591371e-227,"Monocytes","SRGAP2"
8.07868641667949e-232,1.11209185340311,0.418,0.169,2.95688001536886e-227,"Monocytes","PLEKHB2"
8.20600975768102e-232,0.980620230980087,0.316,0.105,3.00348163140883e-227,"Monocytes","ITPRID2"
9.46011310259668e-232,0.657209192621389,0.491,0.219,3.46249599668141e-227,"Monocytes","LAMP2"
1.57478029857258e-230,1.52297473689148,0.297,0.097,5.7638533708055e-226,"Monocytes","FES"
3.88337297065438e-230,1.15928939329434,0.759,0.787,1.42135334098921e-225,"Monocytes","VIM"
4.79260090428316e-229,0.496798515214123,0.686,0.398,1.75413985697668e-224,"Monocytes","VASP"
1.34973155741329e-228,1.34539144271203,0.485,0.232,4.94015247328837e-224,"Monocytes","NFKBIZ"
2.77667888958111e-228,1.04978174891029,0.708,0.513,1.01629224037558e-223,"Monocytes","GSTP1"
3.95868257700407e-228,1.7412100511271,0.288,0.092,1.44891741000926e-223,"Monocytes","FBP1"
9.61967878323968e-227,0.984865965107498,0.337,0.118,3.52089863145356e-222,"Monocytes","DENND10"
1.15577799729682e-225,0.999770867442035,0.415,0.171,4.23026304790609e-221,"Monocytes","NAGK"
5.52270060612558e-225,1.37871827942545,0.406,0.161,2.02136364884802e-220,"Monocytes","PTPRJ"
8.37062257910249e-225,2.00112433845417,0.252,0.073,3.0637315701773e-220,"Monocytes","SLC44A1"
1.8117375213755e-224,0.806288380991974,0.507,0.231,6.63114050198647e-220,"Monocytes","GLIPR2"
3.39118416662511e-223,1.62675444541532,0.344,0.128,1.24120731682646e-218,"Monocytes","EIF4EBP1"
1.34623053873053e-222,0.845129612579891,0.384,0.149,4.92733839480761e-218,"Monocytes","ADAM17"
3.21726060533207e-222,2.99851591264016,0.457,0.208,1.17754955415759e-217,"Monocytes","YWHAH"
4.81409680345677e-222,0.927490151873506,0.271,0.083,1.76200757103321e-217,"Monocytes","ARID3A"
5.88604303548174e-222,1.39381083363462,0.347,0.129,2.15435061141667e-217,"Monocytes","HEXB"
5.90290142715155e-222,0.80578442089948,0.705,0.514,2.16052095135174e-217,"Monocytes","MCL1"
3.65510983393403e-221,0.669864599728392,0.303,0.099,1.33780675031819e-216,"Monocytes","TMEM127"
9.31531408782074e-221,4.60088832238938,0.309,0.113,3.40949810928327e-216,"Monocytes","GP1BB"
1.18758834240506e-220,1.11504835465351,0.352,0.129,4.34669209203676e-216,"Monocytes","UNC93B1"
1.20587274268218e-219,1.11535282115117,0.563,0.292,4.41361482549106e-215,"Monocytes","IL10RA"
4.27999449377869e-219,1.6675823970634,0.295,0.098,1.56652078466794e-214,"Monocytes","MPP7"
3.1619276269842e-217,1.80652277310905,0.264,0.083,1.15729713075249e-212,"Monocytes","GLB1"
3.27902141554616e-217,0.758155292905233,0.745,0.625,1.20015462830405e-212,"Monocytes","GNAI2"
3.61551971850938e-216,4.6949364673648,0.3,0.11,1.32331637217162e-211,"Monocytes","GNG11"
7.96330986625829e-216,3.11853375018665,0.382,0.158,2.9146510441492e-211,"Monocytes","MARCH2"
4.02063169476169e-215,1.2212878320237,0.526,0.265,1.47159140659973e-210,"Monocytes","CCNY"
2.38583349776144e-214,0.294459019627562,0.474,0.21,8.73238918515666e-210,"Monocytes","TET2"
2.8429297449061e-213,0.42770975718919,0.321,0.112,1.04054071593308e-208,"Monocytes","C15orf39"
1.37055166469785e-211,0.567641241220548,0.649,0.377,5.01635614796059e-207,"Monocytes","GNB2"
2.28385418457557e-211,0.592903813720687,0.644,0.364,8.35913470096505e-207,"Monocytes","ATP6V0B"
2.56250183348859e-210,0.482381289731927,0.311,0.106,9.37901296075158e-206,"Monocytes","AGO4"
1.94487184211038e-208,1.46106220262875,0.283,0.095,7.11842542930821e-204,"Monocytes","PPIF"
1.58174026284626e-207,0.935647037140805,0.57,0.297,5.7893275360436e-203,"Monocytes","CNPY3"
4.93728216685496e-207,0.70087815089075,0.37,0.145,1.80709464589058e-202,"Monocytes","FAR1"
8.95502315722973e-207,1.02976873656615,0.491,0.233,3.27762802577765e-202,"Monocytes","HOOK3"
9.30202593864354e-207,0.84639780039343,0.263,0.083,3.40463451380292e-202,"Monocytes","RELT"
1.90740481992624e-206,1.3184706577686,0.306,0.107,6.98129238141202e-202,"Monocytes","PRKCD"
5.71641894897651e-206,1.10273178909995,0.278,0.09,2.09226649951489e-201,"Monocytes","SOAT1"
1.41903326853565e-205,0.444489548747077,0.558,0.279,5.19380366616733e-201,"Monocytes","LYST"
4.04664555531083e-205,1.24550940730943,0.598,0.339,1.48111273969932e-200,"Monocytes","CAPNS1"
1.26151229063399e-204,1.66727229800815,0.329,0.124,4.61726113494948e-200,"Monocytes","TRPS1"
2.07983780480011e-204,1.31009512269824,0.556,0.294,7.61241434934887e-200,"Monocytes","MKRN1"
8.50942452644989e-204,1.28323783567967,0.317,0.113,3.11453447092592e-199,"Monocytes","RIT1"
2.58983833218168e-203,0.742090532593658,0.699,0.396,9.47906727961815e-199,"Monocytes","PLEK"
4.72083829460712e-203,0.897087843810479,0.338,0.127,1.72787402420915e-198,"Monocytes","MANBA"
3.8384379319293e-202,1.25433839262753,0.301,0.106,1.40490666746544e-197,"Monocytes","MFSD14B"
6.47489136715596e-202,0.773023526071034,0.706,0.567,2.36987498929275e-197,"Monocytes","EVI2B"
6.64961509845554e-202,0.888915619556863,0.465,0.215,2.43382562218571e-197,"Monocytes","TRIM8"
6.43492717778731e-201,1.7050498555321,0.273,0.092,2.35524769634193e-196,"Monocytes","TTC7A"
2.26773138203305e-200,1.10165403683266,0.477,0.216,8.30012363137916e-196,"Monocytes","PTPN12"
1.06048360205692e-199,0.888042676077795,0.325,0.115,3.88147603188854e-195,"Monocytes","EIF4E3"
4.72466182173667e-199,1.36417930364117,0.353,0.136,1.72927347337384e-194,"Monocytes","APP"
5.59974670212932e-198,1.46125386601728,0.317,0.117,2.04956329044635e-193,"Monocytes","DIAPH2"
1.4747162138787e-197,1.05265797538748,0.296,0.104,5.39760881441741e-193,"Monocytes","TRIOBP"
8.21830324176299e-197,0.79365998996577,0.444,0.202,3.00798116951767e-192,"Monocytes","CERT1"
1.15819255554542e-195,1.27878634450044,0.428,0.191,4.2391005725518e-191,"Monocytes","PTTG1IP"
3.31445804467307e-195,1.53686482591215,0.395,0.169,1.21312478893079e-190,"Monocytes","KCTD20"
7.1168305865792e-195,1.16718911789325,0.325,0.123,2.60483116299385e-190,"Monocytes","ATP13A3"
1.05424964311732e-194,0.613133209394686,0.366,0.145,3.85865911877369e-190,"Monocytes","PER1"
3.55844471726151e-194,0.938143666207403,0.709,0.553,1.30242635096489e-189,"Monocytes","CAST"
4.33712272015307e-194,0.78571457368075,0.325,0.121,1.58743028680323e-189,"Monocytes","RALB"
4.63907409275301e-193,1.58139228044086,0.811,0.589,1.69794750868853e-188,"Monocytes","MTPN"
8.52161755397649e-193,1.65811883827728,0.598,0.345,3.11899724093094e-188,"Monocytes","NORAD"
3.45376476870001e-191,0.770537202133451,0.263,0.085,1.26411244299189e-186,"Monocytes","MNT"
8.2056409552849e-191,1.7766945704557,0.275,0.095,3.00334664604383e-186,"Monocytes","SPTSSA"
7.55869726060782e-190,0.910182608044661,0.696,0.573,2.76655878435507e-185,"Monocytes","CD44"
7.558704662285e-190,3.57551046629478,0.364,0.159,2.76656149344293e-185,"Monocytes","RUFY1"
3.07360841449847e-189,0.350562658402101,0.358,0.143,1.12497141579058e-184,"Monocytes","IL6R"
1.84103555751522e-188,1.73361795698369,0.304,0.113,6.73837424406147e-184,"Monocytes","BICD2"
3.76618076964663e-187,0.616653402230059,0.285,0.099,1.37845982349836e-182,"Monocytes","DENND5A"
7.11326515876856e-187,0.69082714450159,0.425,0.186,2.60352618076088e-182,"Monocytes","RIN3"
9.63063007222894e-187,0.949328231910017,0.452,0.205,3.52490691273651e-182,"Monocytes","UPP1"
1.36456344172835e-186,3.5490846256989,0.319,0.13,4.99443865306995e-182,"Monocytes","PGRMC1"
1.2194363055865e-185,1.37149362885583,0.564,0.293,4.46325882207713e-181,"Monocytes","YWHAE"
1.48417068887553e-185,1.05833701784456,0.725,0.668,5.43221313835333e-181,"Monocytes","S100A10"
3.04380137893234e-185,1.27180192784229,0.956,0.871,1.11406174270303e-180,"Monocytes","MYL6"
1.27215107325755e-184,0.907072061389823,0.673,0.451,4.65620014322995e-180,"Monocytes","SAMHD1"
3.3698488012986e-184,1.21531960060617,0.315,0.118,1.2333983597633e-179,"Monocytes","SCARB2"
1.32678520325131e-183,0.729850089662048,0.779,0.68,4.85616652242011e-179,"Monocytes","RNASEK"
1.46923484941172e-182,0.94728286251436,0.256,0.085,5.37754647233184e-178,"Monocytes","EHD4"
2.88379090833178e-182,0.515907071281732,0.351,0.136,1.05549631035852e-177,"Monocytes","PAK1"
1.23203392708138e-181,0.774826220013222,0.542,0.293,4.50936737651056e-177,"Monocytes","NCKAP1L"
1.23266009385961e-180,1.53874296383298,0.303,0.114,4.51165920953557e-176,"Monocytes","AGPAT3"
3.75457612886694e-180,0.875764985376074,0.379,0.157,1.37421240892659e-175,"Monocytes","CCPG1"
7.26280669562061e-180,0.611898503965544,0.52,0.269,2.6582598786641e-175,"Monocytes","MAP3K1"
1.32867928409126e-179,1.02260112643435,0.278,0.097,4.86309904770242e-175,"Monocytes","LFNG"
3.83810961703665e-178,1.09305807538436,0.375,0.162,1.40478650093159e-173,"Monocytes","FLII"
1.49555508415707e-176,0.257185332118908,0.569,0.312,5.47388116352327e-172,"Monocytes","HIF1A"
2.88114484244048e-176,4.15209120063584,0.303,0.128,1.05452782378164e-171,"Monocytes","CAVIN2"
3.59738095761862e-176,2.0705397571838,0.351,0.147,1.31667740429799e-171,"Monocytes","RNF11"
3.59873674696687e-176,0.747649808685222,0.359,0.15,1.31717363675734e-171,"Monocytes","TMEM33"
4.80001942813331e-176,0.580204348958651,0.558,0.293,1.75685511089107e-171,"Monocytes","IFNGR1"
7.709940374128e-176,0.78008748066596,0.314,0.121,2.82191527633459e-171,"Monocytes","AP2A1"
8.58345952805293e-176,0.636550029904485,0.317,0.122,3.14163202186265e-171,"Monocytes","RNF141"
5.54213470166572e-175,0.59710419192012,0.545,0.263,2.02847672215667e-170,"Monocytes","MEF2C"
7.44293606236219e-175,0.643360623531557,0.769,0.585,2.72418902818519e-170,"Monocytes","CAP1"
1.01386496204681e-174,0.829411132143928,0.728,0.675,3.71084714758754e-170,"Monocytes","EIF4A1"
3.52337908862084e-174,0.72333219481061,0.846,0.786,1.28959198022611e-169,"Monocytes","TPM3"
3.76306643958237e-174,1.24273492397929,0.385,0.171,1.37731994755154e-169,"Monocytes","UQCRC1"
3.18953069869284e-173,0.582559582181922,0.369,0.155,1.16740013102857e-168,"Monocytes","HOTAIRM1"
6.43591401451799e-173,0.808824939454006,0.37,0.158,2.35560888845373e-168,"Monocytes","MYD88"
8.52902047030138e-173,0.397751128099876,0.306,0.117,3.12170678233501e-168,"Monocytes","RARA"
1.27800078990807e-172,0.693250434354186,0.784,0.808,4.67761069114254e-168,"Monocytes","PABPC1"
7.25143123006564e-172,0.562207187703214,0.587,0.338,2.65409634451632e-167,"Monocytes","RHOG"
1.0620439189944e-171,0.766599987235486,0.479,0.239,3.88718694791142e-167,"Monocytes","CLTC"
1.7179565948091e-171,1.15262216554675,0.277,0.099,6.2878929326608e-167,"Monocytes","FOSB"
1.28129566329814e-170,0.951660787478752,0.275,0.1,4.68967025723751e-166,"Monocytes","RELL1"
1.93318489510917e-170,0.589146443820965,0.502,0.253,7.07565003458906e-166,"Monocytes","JARID2"
2.14608802025868e-169,1.80659088296445,0.256,0.09,7.85489676294879e-165,"Monocytes","FAM210B"
2.2310743871146e-169,1.28443848041794,0.439,0.21,8.16595536427813e-165,"Monocytes","ACTN1"
4.88593236564239e-169,0.362578579072984,0.323,0.127,1.78830010514877e-164,"Monocytes","PSEN1"
2.07603687434362e-168,0.819360345340843,0.511,0.267,7.5985025637851e-164,"Monocytes","MYO1G"
2.60774019464436e-168,1.82255001835621,0.312,0.127,9.54458988641782e-164,"Monocytes","LIPA"
1.95685818234617e-167,2.11123925949931,0.697,0.464,7.16229663320523e-163,"Monocytes","CALM3"
8.15733276546686e-167,1.12577759228834,0.439,0.214,2.98566536548853e-162,"Monocytes","SAT2"
1.05394435768354e-166,0.522237972127634,0.298,0.114,3.85754174355754e-162,"Monocytes","TNFRSF1A"
1.05707631224498e-166,1.77684889376049,0.458,0.232,3.86900501044784e-162,"Monocytes","SNAP23"
2.27403349917877e-166,1.00098030828771,0.48,0.252,8.3231900103442e-162,"Monocytes","CTNNB1"
3.51257027341136e-166,0.92711966553842,0.542,0.3,1.28563584577129e-161,"Monocytes","CARD16"
5.01406261965909e-165,0.675782055183771,0.326,0.132,1.83519705942142e-160,"Monocytes","SP1"
7.13897450884294e-165,0.55618649071653,0.92,0.9,2.61293605998161e-160,"Monocytes","ITM2B"
4.33988295316068e-164,2.34679248541205,0.399,0.19,1.58844055968634e-159,"Monocytes","DAPP1"
1.17160797924843e-163,1.24820276936194,0.35,0.15,4.28820236484718e-159,"Monocytes","ARL8B"
2.67546981853892e-163,1.00515190979363,0.648,0.393,9.79248708283429e-159,"Monocytes","STMP1"
1.18292605550412e-162,0.674600070753963,0.408,0.19,4.32962765575065e-158,"Monocytes","WASHC4"
5.98611378955483e-162,0.727165179672395,0.274,0.103,2.19097750811496e-157,"Monocytes","ZMIZ1"
1.68904063287657e-161,0.489071776828755,0.524,0.283,6.18205762039155e-157,"Monocytes","UBE2R2"
3.26383700622468e-161,0.620105412018036,0.28,0.104,1.19459698264829e-156,"Monocytes","TPD52L2"
3.37056806271856e-161,1.92718035134108,0.623,0.367,1.23366161663562e-156,"Monocytes","DYNLL1"
5.58397699178068e-160,0.443322869733281,0.904,0.907,2.04379141876165e-155,"Monocytes","ATP5F1E"
1.16373106659901e-158,1.68711372157962,0.311,0.127,4.25937207685904e-154,"Monocytes","MICU1"
6.19958053275532e-158,0.765125698729928,0.693,0.546,2.26910847079378e-153,"Monocytes","ITGB2"
8.07205565490602e-158,1.12758079860822,0.359,0.162,2.95445309025215e-153,"Monocytes","ZBTB16"
3.24462644336325e-157,1.29601338955779,0.367,0.167,1.18756572453538e-152,"Monocytes","NAAA"
1.09957502607293e-156,1.55332481883087,0.276,0.107,4.02455455292952e-152,"Monocytes","HEBP1"
6.43630898708656e-155,0.803951286633032,0.282,0.108,2.35575345236355e-150,"Monocytes","E2F3"
1.88684268969298e-153,0.684886149772287,0.312,0.128,6.90603292854528e-149,"Monocytes","MTMR6"
2.57276289526851e-153,0.650462654411458,0.645,0.404,9.41656947297228e-149,"Monocytes","RTN4"
4.26703791306177e-153,3.21576675864783,0.289,0.12,1.56177854655974e-148,"Monocytes","PARVB"
9.1586365296385e-153,1.10098534012732,0.579,0.343,3.35215255621299e-148,"Monocytes","CLTA"
3.06335271957169e-152,0.952456298531901,0.592,0.363,1.12121772889044e-147,"Monocytes","BNIP2"
6.87250301810574e-151,0.886261151994896,0.593,0.366,2.51540482965688e-146,"Monocytes","PGLS"
7.69858822198592e-151,1.02883796267,0.298,0.122,2.81776027512907e-146,"Monocytes","PLIN3"
9.62852030812003e-151,0.429915519805028,0.288,0.113,3.52413471797501e-146,"Monocytes","SPOPL"
2.69715165421752e-150,1.19054879932416,0.268,0.102,9.87184476960155e-146,"Monocytes","FURIN"
1.04230766897087e-149,0.916464283119218,0.372,0.172,3.81495029920029e-145,"Monocytes","ATP6AP1"
1.27636155802824e-149,0.340074033037477,0.484,0.247,4.67161093853915e-145,"Monocytes","RBPJ"
1.32147668589634e-149,1.19450407170693,0.494,0.26,4.83673681804919e-145,"Monocytes","CAPN2"
3.86873690548474e-149,0.94203901485809,0.306,0.128,1.41599639477647e-144,"Monocytes","CEP170"
5.61029809476156e-149,0.853992385596527,0.697,0.507,2.05342520566368e-144,"Monocytes","ANXA1"
1.03540850809139e-148,0.945467291715863,0.356,0.159,3.78969868046529e-144,"Monocytes","PLIN2"
1.24113812626265e-148,0.697575210909996,0.303,0.126,4.54268965593394e-144,"Monocytes","RCOR1"
1.46716866935754e-148,0.660568738833217,0.429,0.213,5.36998404671552e-144,"Monocytes","TAOK1"
9.60173325394247e-148,1.23588538473051,0.259,0.099,3.51433038827548e-143,"Monocytes","AGPAT2"
1.30425081536149e-147,0.710363550101762,0.435,0.219,4.77368840930461e-143,"Monocytes","HM13"
1.62587289366283e-147,0.85545246286858,0.489,0.256,5.95085737809534e-143,"Monocytes","LAMP1"
2.06749260359449e-147,0.909566442220743,0.398,0.191,7.56722967841621e-143,"Monocytes","IER5"
2.0697432121468e-147,0.95680401003942,0.351,0.16,7.5754671307785e-143,"Monocytes","SGK3"
1.1889790130449e-146,0.818955320564566,0.456,0.227,4.35178208564564e-142,"Monocytes","CAT"
1.59977417311066e-146,0.358620259007326,0.419,0.2,5.85533345100232e-142,"Monocytes","AGTPBP1"
1.64863075726619e-146,0.559542796687285,0.558,0.326,6.03415343466998e-142,"Monocytes","USP3"
4.44809254101116e-146,1.45634037637346,0.421,0.209,1.6280463509355e-141,"Monocytes","HDGF"
4.6936526958731e-146,4.20897078774818,0.385,0.199,1.71792382321651e-141,"Monocytes","PF4"
7.69997302492319e-146,0.699781731199842,0.579,0.339,2.81826712685214e-141,"Monocytes","PRKAR1A"
5.07130028037623e-145,1.20255738726693,0.529,0.3,1.8561466156205e-140,"Monocytes","ATF4"
1.8453016017978e-144,0.84814801463943,0.335,0.148,6.75398839274012e-140,"Monocytes","EPN1"
2.08086844119134e-144,0.599701913386292,0.287,0.116,7.61618658160442e-140,"Monocytes","SPECC1"
2.41185335398304e-144,0.911734878353212,0.284,0.114,8.82762446091333e-140,"Monocytes","SLC38A10"
1.21766308173882e-143,0.672419133582981,0.343,0.152,4.45676864547224e-139,"Monocytes","MDM2"
1.26850071814672e-143,1.17852977872064,0.365,0.173,4.64283947848881e-139,"Monocytes","PRDX3"
3.75159869407581e-143,0.525556207294085,0.411,0.197,1.37312263801869e-138,"Monocytes","CLIP1"
4.79107967774771e-143,1.99184951869871,0.472,0.255,1.75358307285244e-138,"Monocytes","H2AFJ"
9.28788579854791e-143,0.631059149904478,0.522,0.291,3.39945908112652e-138,"Monocytes","CCDC69"
1.90918896226511e-142,0.572825214922352,0.513,0.28,6.98782252078652e-138,"Monocytes","ADAM10"
2.90941874129531e-142,0.924551722050538,0.581,0.376,1.0648763535015e-137,"Monocytes","GLRX"
8.68324665549476e-142,0.504639627625413,0.386,0.183,3.17815510837764e-137,"Monocytes","SHKBP1"
1.01571153320261e-141,3.29691052755595,0.251,0.1,3.71760578267487e-137,"Monocytes","ARHGAP18"
4.23026318989279e-141,0.911284399523098,0.43,0.219,1.54831863013266e-136,"Monocytes","PPP1R15A"
5.78870048985113e-141,1.84583340805043,0.631,0.402,2.11872226629041e-136,"Monocytes","TGFB1"
5.84024112980803e-141,0.530023381095104,0.378,0.177,2.13758665592104e-136,"Monocytes","SULF2"
1.15551835555597e-140,1.15324721499183,0.265,0.105,4.22931273317042e-136,"Monocytes","MYO5A"
3.81975733638071e-140,0.508624844922017,0.417,0.208,1.3980693826887e-135,"Monocytes","ADPGK"
1.11328377359734e-139,0.557729725172413,0.307,0.13,4.07472993974363e-135,"Monocytes","PLCB2"
5.2803473051024e-139,0.91398615510858,0.539,0.327,1.93265991714053e-134,"Monocytes","MBD2"
6.83465485200477e-139,0.620915099659316,0.775,0.645,2.50155202238227e-134,"Monocytes","MSN"
1.54767112578597e-138,0.571506458655258,0.496,0.242,5.66463108748924e-134,"Monocytes","HLA-DMB"
3.0818850211157e-138,0.448555286319015,0.724,0.591,1.12800073657856e-133,"Monocytes","LRRFIP1"
3.59484771115557e-138,1.74497184093635,0.657,0.418,1.31575021076005e-133,"Monocytes","CDKN2D"
6.31989641539052e-138,0.702674037821985,0.377,0.178,2.31314528699708e-133,"Monocytes","OGFR"
7.2426934923985e-138,0.368647373793842,0.35,0.158,2.65089824515277e-133,"Monocytes","OSBPL11"
7.38601900891253e-138,0.37346531986176,0.327,0.144,2.70335681745208e-133,"Monocytes","FAM91A1"
1.23402066273077e-136,0.547851402371904,0.741,0.686,4.51663902766087e-132,"Monocytes","ACTR2"
4.94240487172204e-136,1.92131353892368,0.438,0.232,1.80896960709898e-131,"Monocytes","EMC3"
3.78448192442928e-135,0.928036659268707,0.302,0.13,1.38515822916036e-130,"Monocytes","STX12"
6.17574369741975e-135,0.625085410404554,0.411,0.207,2.2603839506926e-130,"Monocytes","TMED5"
1.05117241031065e-134,0.611111611787153,0.752,0.664,3.84739613897802e-130,"Monocytes","PCBP1"
2.78568340510443e-134,1.08220797712616,0.438,0.228,1.01958798310227e-129,"Monocytes","COMT"
4.04718868744294e-134,0.365625362781764,0.504,0.261,1.48131153149099e-129,"Monocytes","METRNL"
4.56528845985323e-134,0.778355308591343,0.599,0.385,1.67094122919088e-129,"Monocytes","GDI2"
6.46095213909248e-134,1.23232111323077,0.289,0.123,2.36477309242924e-129,"Monocytes","TMEM205"
7.94078155207032e-134,0.594706756313843,0.806,0.785,2.90640545587326e-129,"Monocytes","CALM2"
2.00053650898064e-132,1.56753735577923,0.263,0.108,7.32216367652005e-128,"Monocytes","TRMT1"
2.81104805171976e-132,2.24529422149355,0.276,0.117,1.02887169740995e-127,"Monocytes","CDK2AP1"
3.68223425163278e-132,1.323401559349,0.627,0.381,1.34773455844011e-127,"Monocytes","ITGB1"
6.76141432621053e-132,0.659540798113729,0.783,0.695,2.47474525753631e-127,"Monocytes","PTP4A2"
9.89071949757425e-132,1.02849190483488,0.281,0.117,3.62010224330715e-127,"Monocytes","G6PD"
1.13578537096471e-131,0.974740949619187,0.446,0.241,4.15708803626793e-127,"Monocytes","ATP1B3"
3.01419577001588e-131,1.34397412173821,0.485,0.271,1.10322579378351e-126,"Monocytes","AKIRIN2"
3.10589193512555e-131,1.04796890630443,0.278,0.116,1.1367875071753e-126,"Monocytes","TENT5A"
5.62616908555101e-131,0.864420454692461,0.33,0.152,2.05923414700253e-126,"Monocytes","STAT2"
1.08543736853691e-130,4.56172436376963,0.497,0.301,3.97280931258196e-126,"Monocytes","PPBP"
2.98111921176822e-130,0.880752523375076,0.261,0.105,1.09111944269929e-125,"Monocytes","AGO1"
3.79869582583206e-130,0.908021228267034,0.34,0.159,1.39036065921279e-125,"Monocytes","EIF4G1"
5.2390912545214e-130,0.6971895579022,0.401,0.2,1.91755979006738e-125,"Monocytes","RPN1"
1.99279486835603e-129,0.753068772038549,0.395,0.197,7.29382849766992e-125,"Monocytes","MEF2A"
2.81021083068015e-129,0.984890524497658,0.585,0.365,1.02856526613724e-124,"Monocytes","DIAPH1"
3.71561362773735e-129,0.803999329347936,0.692,0.493,1.35995174388815e-124,"Monocytes","MOB1A"
4.08021539086199e-129,0.596398440454144,0.449,0.235,1.4933996352094e-124,"Monocytes","CALCOCO2"
6.09739173735514e-129,0.381398496086069,0.291,0.123,2.23170634978936e-124,"Monocytes","CTBP2"
7.11500745335103e-129,0.76408406164903,0.427,0.222,2.60416387800101e-124,"Monocytes","ATG3"
5.23124206495667e-128,0.597808758656884,0.297,0.13,1.91468690819479e-123,"Monocytes","PLD3"
8.25268061604271e-128,0.815700167652755,0.383,0.189,3.02056363227779e-123,"Monocytes","GLTP"
1.23256617935609e-127,0.54007867873387,0.388,0.19,4.51131547306122e-123,"Monocytes","PTK2B"
1.35876837680998e-127,1.05852514640935,0.463,0.248,4.97322813596222e-123,"Monocytes","SERPINB6"
5.59694357283623e-127,0.445979160276273,0.504,0.282,2.04853731709379e-122,"Monocytes","TACC1"
1.02375990243764e-126,0.445217704382088,0.256,0.104,3.74706361891199e-122,"Monocytes","MAP3K11"
1.11985035236123e-126,1.32225769408652,0.264,0.11,4.09876427467735e-122,"Monocytes","ATP2A2"
8.76338128132536e-126,0.752377744784369,0.664,0.5,3.20748518277789e-121,"Monocytes","PGK1"
1.199843590042e-125,0.427106952216987,0.768,0.601,4.39154752391273e-121,"Monocytes","FYB1"
1.39718173907432e-124,0.769648813726351,0.604,0.4,5.11382488318592e-120,"Monocytes","EIF3A"
1.4675782988962e-124,0.682847879377418,0.425,0.22,5.37148333178997e-120,"Monocytes","BID"
1.49704195528789e-124,0.638359647784526,0.253,0.102,5.4793232605492e-120,"Monocytes","DNAJC5"
1.86366556532203e-124,0.544346515351651,0.652,0.46,6.82120233563518e-120,"Monocytes","GRB2"
2.24867925075756e-124,0.898121302043463,0.328,0.151,8.23039092569775e-120,"Monocytes","ZFAND3"
3.17037568580759e-124,0.395605412079878,0.696,0.549,1.16038920476244e-119,"Monocytes","IQGAP1"
5.21577778420486e-124,0.400180657429173,0.452,0.236,1.90902682679682e-119,"Monocytes","SEC14L1"
7.46995159004556e-124,0.9623992683734,0.271,0.113,2.73407698147258e-119,"Monocytes","WDFY1"
1.87080501636573e-123,0.809723911653685,0.634,0.466,6.8473334404002e-119,"Monocytes","PRELID1"
2.17377832615989e-123,0.938260253050719,0.334,0.157,7.95624605157783e-119,"Monocytes","MLXIP"
2.91690545576154e-123,0.363539955027068,0.335,0.154,1.06761656586328e-118,"Monocytes","LAT2"
1.50177514749664e-122,0.948651327745457,0.301,0.135,5.49664721735244e-118,"Monocytes","NCOR2"
1.55297693982146e-122,1.04394200588371,0.291,0.127,5.68405089744054e-118,"Monocytes","LRRFIP2"
3.45845385258396e-122,0.50449748443698,0.259,0.106,1.26582869458426e-117,"Monocytes","CD58"
3.10318325193255e-121,0.823340524287584,0.338,0.161,1.13579610203983e-116,"Monocytes","HDLBP"
2.06978064975274e-120,0.46208678572481,0.324,0.15,7.57560415616e-116,"Monocytes","ZNF281"
3.28695327640466e-120,0.84540415095318,0.626,0.412,1.20305776869687e-115,"Monocytes","ARPC4"
5.85370486039661e-120,0.531023507692814,0.731,0.739,2.14251451595376e-115,"Monocytes","LAPTM5"
1.3121172251594e-119,0.839180591207463,0.306,0.14,4.80248025580591e-115,"Monocytes","WASHC2C"
1.41535750354322e-119,1.13270199938241,0.741,0.543,5.18034999871855e-115,"Monocytes","ARF1"
4.30519618586779e-119,0.690410560778967,0.753,0.67,1.57574485598947e-114,"Monocytes","SERP1"
4.98709947821416e-119,0.276052854216986,0.391,0.194,1.82532828002117e-114,"Monocytes","WDR26"
7.62771207159414e-119,0.851112129053595,0.573,0.384,2.79181889532417e-114,"Monocytes","ATP6AP2"
1.62567548743449e-118,0.645999563186143,0.407,0.213,5.95013485155898e-114,"Monocytes","TMEM30A"
5.88628299442183e-118,1.01303502295751,0.369,0.187,2.15443843878833e-113,"Monocytes","NRIP1"
7.73462002614814e-117,0.260508486550749,0.55,0.333,2.83094827577048e-112,"Monocytes","ATP2B1"
1.30622149766854e-116,0.66310247756353,0.374,0.191,4.78090130361663e-112,"Monocytes","NUDT3"
1.5579026317623e-116,0.778549841976721,0.612,0.412,5.70207942251319e-112,"Monocytes","TPI1"
2.85909288122933e-116,0.717780470366136,0.407,0.21,1.04645658545875e-111,"Monocytes","TSPAN14"
3.64311350999867e-116,0.663954325740229,0.46,0.257,1.33341597579461e-111,"Monocytes","RGS19"
1.10220031585187e-115,0.635567105991644,0.347,0.166,4.03416337604944e-111,"Monocytes","PNPLA2"
1.74268842693832e-115,0.888047266194276,0.616,0.431,6.37841391143696e-111,"Monocytes","ATP6V1F"
3.12172913930848e-115,0.404220258708322,0.258,0.109,1.1425840822783e-110,"Monocytes","NFKBID"
4.07264410621554e-115,0.698642614712645,0.558,0.346,1.49062846931595e-110,"Monocytes","RAB5C"
4.10065428861831e-115,0.7856951560437,0.594,0.388,1.50088047617719e-110,"Monocytes","CSTB"
3.843442220376e-114,0.952472481994683,0.699,0.461,1.40673828707982e-109,"Monocytes","SNX3"
3.84734766600586e-113,2.49647111339306,0.732,0.495,1.4081677192348e-108,"Monocytes","RGS10"
5.31202810459526e-113,0.837478481395045,0.433,0.237,1.94425540656291e-108,"Monocytes","CTDSP1"
6.49793138873228e-113,0.71503408531444,0.595,0.396,2.3783078675899e-108,"Monocytes","CANX"
1.58807378664901e-112,0.878690752937231,0.531,0.324,5.81250886651405e-108,"Monocytes","RNH1"
1.69443953090209e-112,0.991472595278772,0.406,0.22,6.20181812705474e-108,"Monocytes","PGAM1"
1.77538452255391e-111,0.793034775313662,0.605,0.437,6.49808489099958e-107,"Monocytes","SEC11A"
2.93245865759862e-111,0.760544774629143,0.369,0.189,1.07330919326767e-106,"Monocytes","STX10"
3.46010460133374e-111,0.73458049091184,0.667,0.487,1.26643288513416e-106,"Monocytes","VAPA"
4.84169690641623e-111,1.23521357456252,0.521,0.318,1.77210948471741e-106,"Monocytes","WDR1"
5.47900846263112e-111,0.523036106460909,0.29,0.132,2.00537188740762e-106,"Monocytes","KDM7A"
5.79379623088003e-111,0.610507195082836,0.432,0.236,2.1205873584644e-106,"Monocytes","EIF4EBP2"
7.49468002027555e-111,0.844455551978501,0.476,0.277,2.74312783422105e-106,"Monocytes","LYPLA1"
6.183966939642e-110,0.76484697418675,0.389,0.205,2.26339373957837e-105,"Monocytes","EIF4E2"
6.34430861187872e-110,0.879995232498093,0.402,0.216,2.32208039503373e-105,"Monocytes","CALHM6"
9.90897639349763e-110,0.582990341687301,0.524,0.317,3.62678444978407e-105,"Monocytes","RAB5IF"
1.00838291789981e-109,1.07421145891638,0.37,0.191,3.69078231780509e-105,"Monocytes","SMS"
1.356309440104e-109,0.886001916498035,0.41,0.222,4.96422818172465e-105,"Monocytes","ATOX1"
2.44680157830591e-109,0.656829365336513,0.566,0.371,8.95553845675746e-105,"Monocytes","NOP10"
3.31175761662602e-109,1.46463552311303,0.834,0.677,1.21213640526129e-104,"Monocytes","TAGLN2"
5.66426088628269e-109,1.55980032196436,0.256,0.113,2.07317612698833e-104,"Monocytes","DAP"
8.13247372072413e-109,1.10930169030368,0.38,0.196,2.97656670652224e-104,"Monocytes","WBP2"
8.90970255655818e-109,0.298357295880317,0.543,0.342,3.26104023272586e-104,"Monocytes","ZBTB7A"
1.01919666850754e-108,0.611062385653674,0.565,0.361,3.73036172640446e-104,"Monocytes","DOCK2"
1.1456031976911e-108,0.68333298665388,0.32,0.156,4.19302226386918e-104,"Monocytes","WDFY2"
3.79968051512935e-108,0.845418437284439,0.392,0.209,1.39072106534249e-103,"Monocytes","TXNDC17"
1.16377288113159e-107,0.36925566664522,0.387,0.201,4.25952512222972e-103,"Monocytes","LASP1"
2.38128909668672e-107,0.431781904148972,0.448,0.254,8.71575622278305e-103,"Monocytes","CELF1"
5.26939979104723e-107,0.397623388925618,0.419,0.225,1.9286530175212e-102,"Monocytes","GNA13"
6.38499718655104e-107,0.657938331182922,0.324,0.155,2.33697282024955e-102,"Monocytes","PSTPIP1"
2.0268069591144e-106,1.69933194729416,0.324,0.163,7.41831615105463e-102,"Monocytes","CERS2"
2.64192763634732e-106,0.564140950635187,0.434,0.238,9.66971934179484e-102,"Monocytes","TM9SF2"
4.09267745641974e-106,0.723734767193821,0.25,0.108,1.49796087582419e-101,"Monocytes","ZBTB43"
6.63333692477896e-106,2.94341054443175,0.264,0.126,2.42786764783835e-101,"Monocytes","TUBA1C"
1.27473817334622e-105,0.731336383255474,0.685,0.516,4.66566918826448e-101,"Monocytes","EIF4G2"
1.62531319654608e-105,1.15851564764564,0.25,0.11,5.94880883067832e-101,"Monocytes","FGD2"
2.96402970777131e-105,0.934238724359516,0.365,0.192,1.08486451334138e-100,"Monocytes","LAP3"
7.8055533657218e-105,1.26385064410367,0.566,0.368,2.85691058738784e-100,"Monocytes","TMEM219"
8.24170146809304e-105,0.951189745336341,0.26,0.117,3.01654515433673e-100,"Monocytes","RIPK2"
9.86975498155853e-105,0.324167352271238,0.53,0.324,3.61242902080024e-100,"Monocytes","GRK2"
1.25682403150775e-104,1.16384028694029,0.517,0.311,4.6001016377215e-100,"Monocytes","SUPT4H1"
2.39943541537925e-104,0.632972780394208,0.465,0.271,8.7821735638296e-100,"Monocytes","MIS18BP1"
9.78339270381675e-104,0.788024233823899,0.289,0.137,3.58081956352397e-99,"Monocytes","SOCS3"
1.61665221649065e-103,0.503411738350572,0.272,0.124,5.91710877757742e-99,"Monocytes","TNRC18"
4.10527528876163e-103,0.840285808168229,0.338,0.172,1.50257180843964e-98,"Monocytes","TMED7"
4.90050990891032e-103,0.748081242332827,0.768,0.625,1.79363563176027e-98,"Monocytes","CLIC1"
9.4851499207087e-103,0.92299852980138,0.336,0.169,3.47165972247859e-98,"Monocytes","NDUFV3"
1.22683341610926e-102,0.714819744231957,0.337,0.168,4.49033298630152e-98,"Monocytes","SH3BP1"
3.16981559450823e-102,0.83710610545035,0.701,0.566,1.16018420574596e-97,"Monocytes","ATP5MPL"
5.77159248874374e-102,0.320907329591529,0.983,0.961,2.1124605668051e-97,"Monocytes","MT-CO1"
7.27996777450442e-102,0.455356990948378,0.724,0.619,2.66454100514636e-97,"Monocytes","DAZAP2"
1.82047702849935e-101,1.08354215982769,0.52,0.319,6.66312797201049e-97,"Monocytes","RAB8A"
3.79609137322078e-101,0.747969363960296,0.313,0.155,1.38940740351254e-96,"Monocytes","BTK"
8.48658941990763e-101,0.754778700631273,0.697,0.551,3.10617659358039e-96,"Monocytes","ENO1"
1.13002888262609e-100,0.258523385075112,0.372,0.195,4.13601871329975e-96,"Monocytes","STAT6"
1.48306829035075e-100,0.334226623040452,0.591,0.401,5.42817824951279e-96,"Monocytes","ACAP2"
3.05129036408424e-100,0.377496098959461,0.275,0.126,1.11680278615847e-95,"Monocytes","GSR"
1.56482354746824e-99,1.3144203637197,0.272,0.128,5.7274106660885e-95,"Monocytes","HHEX"
2.98178879751879e-99,0.531881278486569,0.593,0.397,1.09136451777985e-94,"Monocytes","GNB1"
5.34509667442511e-99,0.898536918408496,0.332,0.169,1.95635883380634e-94,"Monocytes","CMTM7"
5.54168128444087e-99,0.88171221775749,0.459,0.275,2.0283107669182e-94,"Monocytes","POLE4"
1.24370332092062e-98,1.09448886009623,0.277,0.133,4.55207852490157e-94,"Monocytes","YWHAG"
1.94073796412774e-98,0.945904389796488,0.353,0.187,7.10329502250394e-94,"Monocytes","NIPSNAP2"
7.78471670704925e-98,0.933310862016101,0.308,0.153,2.84928416194709e-93,"Monocytes","MAP2K1"
1.06694089539252e-97,0.86718549813013,0.451,0.264,3.90511037122615e-93,"Monocytes","KDELR1"
1.14632847794926e-97,1.05299659012914,0.303,0.15,4.19567686214208e-93,"Monocytes","SNAP29"
1.37640461398442e-97,0.714419074890334,0.299,0.147,5.03777852764439e-93,"Monocytes","CARS2"
2.81975585167058e-97,1.56931624913149,0.83,0.691,1.03205883926995e-92,"Monocytes","NAP1L1"
2.84506118067607e-96,0.524965491022528,0.276,0.13,1.04132084273925e-91,"Monocytes","PDPK1"
4.47547483574915e-96,0.780814258765075,0.296,0.146,1.63806854463255e-91,"Monocytes","SLC66A2"
7.03353231337263e-96,0.420102633354834,0.304,0.15,2.57434316201752e-91,"Monocytes","LGALS8"
7.39571140675313e-96,0.352826903466004,0.266,0.124,2.70690433198571e-91,"Monocytes","UHRF1BP1L"
9.35253252327094e-96,0.890175168171656,0.335,0.174,3.4231204288424e-91,"Monocytes","OTULINL"
1.67894003624591e-95,0.677888400033045,0.301,0.147,6.14508842666367e-91,"Monocytes","NR4A2"
5.03291267561243e-95,0.659750352629267,0.673,0.515,1.84209636840091e-90,"Monocytes","GNG5"
5.80799419850395e-94,0.675012588926079,0.255,0.118,2.12578395659443e-89,"Monocytes","ZDHHC3"
6.41540186723078e-94,0.421949883242566,0.523,0.332,2.34810123742514e-89,"Monocytes","HSD17B11"
8.74054199495513e-94,0.363161816793235,0.277,0.13,3.19912577557353e-89,"Monocytes","CPQ"
1.53720073658952e-93,0.338503392546418,0.379,0.205,5.62630841599131e-89,"Monocytes","CYB5R4"
2.06306171489715e-93,0.884984063618045,0.291,0.142,7.55101218269506e-89,"Monocytes","YPEL2"
2.35408411552682e-93,1.24052020011048,0.401,0.227,8.61618327123971e-89,"Monocytes","STK24"
4.57403526467646e-93,0.537717587962036,0.76,0.665,1.67414264722423e-88,"Monocytes","ELOB"
1.07181782505699e-92,0.419106477868953,0.971,0.982,3.92296042149109e-88,"Monocytes","MT-ND2"
1.21461719570159e-92,0.568464588944509,0.545,0.36,4.44562039798739e-88,"Monocytes","XRN2"
1.43381564588662e-92,1.16834298848811,0.379,0.211,5.24790864550963e-88,"Monocytes","ARF3"
2.43795243944315e-92,0.393391235570308,0.657,0.464,8.92314972360588e-88,"Monocytes","PRKCB"
2.52944121116376e-92,0.636127094431758,0.742,0.573,9.25800777698048e-88,"Monocytes","MYH9"
4.38829934236372e-91,0.720675755158753,0.261,0.123,1.60616144229855e-86,"Monocytes","NFIC"
1.55820144353849e-89,1.52715435369453,0.34,0.183,5.70317310349524e-85,"Monocytes","TUBB4B"
2.48651668985676e-89,1.29292861437813,0.25,0.115,9.10089973654474e-85,"Monocytes","MTSS1"
4.34581398068776e-89,1.17644225968892,0.538,0.345,1.59061137507153e-84,"Monocytes","NAA38"
4.37506762081896e-89,0.413654047751889,0.438,0.255,1.60131849989595e-84,"Monocytes","TRIP12"
6.66128446269774e-89,0.418316899304804,0.331,0.173,2.438096726192e-84,"Monocytes","ETV6"
1.74410393839636e-88,0.686530068130357,0.361,0.198,6.38359482492452e-84,"Monocytes","LPP"
2.34739864220097e-88,0.566562171548433,0.399,0.227,8.59171377031976e-84,"Monocytes","OS9"
2.18874683852076e-87,1.29215578408337,0.33,0.175,8.01103230366983e-83,"Monocytes","PPP3R1"
3.94048607642589e-87,0.613657980835019,0.315,0.165,1.44225730883264e-82,"Monocytes","AHCYL1"
4.24664878428926e-87,1.84362401222618,0.296,0.155,1.55431592153771e-82,"Monocytes","CYB5R3"
5.39615367000538e-87,1.33562867574356,0.709,0.513,1.97504620475867e-82,"Monocytes","RBX1"
1.12886916238007e-86,1.11340503179902,0.266,0.127,4.13177402122729e-82,"Monocytes","USP12"
5.04637053771349e-86,0.378455340160387,0.255,0.121,1.84702208050851e-81,"Monocytes","APAF1"
8.16446604428056e-86,0.300406039424909,0.259,0.124,2.98827621686713e-81,"Monocytes","PPP1R9B"
1.31374247915655e-85,0.539745329270032,0.416,0.238,4.80842884796088e-81,"Monocytes","PARVG"
2.37178899269844e-84,1.00147406746987,0.534,0.351,8.68098489217555e-80,"Monocytes","FKBP8"
2.95563310444682e-84,1.164425933356,0.253,0.124,1.08179127255858e-79,"Monocytes","AC007952.4"
3.18539040608693e-84,2.26570569101003,0.354,0.205,1.16588474253188e-79,"Monocytes","ETFA"
2.13631845633866e-83,0.657116279035552,0.257,0.125,7.81913918204515e-79,"Monocytes","KIAA0100"
5.29010466641138e-83,0.681565358789017,0.39,0.227,1.93623120895323e-78,"Monocytes","HADHB"
6.86000214662401e-83,0.667884939132061,0.38,0.218,2.51082938568585e-78,"Monocytes","PIM3"
1.33396465447273e-82,0.926512187602707,0.276,0.138,4.88244403183563e-78,"Monocytes","SLC66A3"
2.39330482418235e-82,0.715677411172027,0.553,0.362,8.75973498698981e-78,"Monocytes","IQGAP2"
2.43088906846381e-82,0.58758460899069,0.264,0.131,8.89729707948439e-78,"Monocytes","RREB1"
2.95221565811666e-82,0.736108810194973,0.441,0.274,1.08054045302728e-77,"Monocytes","PABPC4"
6.43230983275157e-82,0.908443381967456,0.312,0.166,2.3542897218854e-77,"Monocytes","COMMD9"
1.20305558360336e-81,0.316994332629446,0.497,0.32,4.40330374154665e-77,"Monocytes","WSB1"
1.53946175187447e-81,0.464989758552449,0.311,0.158,5.63458395803574e-77,"Monocytes","MXI1"
2.31856330997851e-81,0.876609598323917,0.388,0.222,8.48617357085236e-77,"Monocytes","VTI1B"
2.45593032185024e-81,0.68146926830223,0.276,0.141,8.98895057100408e-77,"Monocytes","HSD17B4"
2.8431400008767e-81,0.317459244507694,0.316,0.167,1.04061767172088e-76,"Monocytes","TMEM167B"
3.95144268093193e-81,1.79313966177722,0.803,0.683,1.4462675356479e-76,"Monocytes","RAP1B"
1.31343266569379e-80,0.808181341784798,0.288,0.149,4.80729489970585e-76,"Monocytes","GLYR1"
2.03280681761858e-80,0.345415169974268,0.325,0.173,7.44027623316576e-76,"Monocytes","SASH3"
2.25095243155304e-80,0.325188291706091,0.493,0.306,8.23871099472728e-76,"Monocytes","PPP1R18"
2.98174650686095e-80,0.651139226592411,0.268,0.134,1.09134903897618e-75,"Monocytes","ATXN3"
3.37329037239872e-80,1.02777260468239,0.254,0.126,1.23465800920166e-75,"Monocytes","CPT1A"
3.66541827213908e-80,0.394316955389711,0.326,0.177,1.34157974178563e-75,"Monocytes","RAB1A"
4.19639134867188e-80,0.42307896978758,0.676,0.565,1.53592119752739e-75,"Monocytes","LAMTOR4"
4.75023986729063e-80,0.981061659841755,0.272,0.139,1.73863529382704e-75,"Monocytes","PFKL"
5.49437091573471e-80,0.697024962396933,0.339,0.188,2.01099469886806e-75,"Monocytes","AZIN1"
6.45482475885765e-80,0.353076272993497,0.286,0.146,2.36253040998949e-75,"Monocytes","PPP1R15B"
6.79210392127155e-80,0.381647331992307,0.262,0.13,2.4859779562246e-75,"Monocytes","GARS-DT"
1.23384875161863e-79,0.3491767449254,0.596,0.422,4.51600981579933e-75,"Monocytes","ROCK1"
1.99142467971908e-79,0.485344372366649,0.504,0.315,7.28881347023979e-75,"Monocytes","SSR1"
3.0811586137273e-79,0.431489949018353,0.258,0.126,1.12773486421033e-74,"Monocytes","USP25"
3.08960713723792e-79,2.26054054896462,0.346,0.202,1.13082710830045e-74,"Monocytes","RSU1"
4.09323971389326e-79,0.699616045704779,0.368,0.21,1.49816666768207e-74,"Monocytes","LARP1"
4.44498659637529e-79,0.512728469403336,0.656,0.517,1.62690954413932e-74,"Monocytes","CDV3"
1.07417312663935e-78,0.388878837315501,0.621,0.451,3.93158106081268e-74,"Monocytes","CAPZA1"
1.82173362710908e-78,0.558272026589411,0.322,0.175,6.66772724858194e-74,"Monocytes","RYBP"
4.64768944730377e-78,1.07820210037835,0.487,0.312,1.70110081460765e-73,"Monocytes","TMOD3"
5.74062262181338e-78,0.691387444929766,0.424,0.253,2.10112528580992e-73,"Monocytes","LAMTOR2"
1.09092332071923e-77,0.3357953526355,0.559,0.382,3.99288844616446e-73,"Monocytes","IRF2BP2"
1.50005648964013e-77,0.26013854974481,0.504,0.323,5.49035675773184e-73,"Monocytes","RBMS1"
2.11183541651375e-77,0.793843478630147,0.386,0.227,7.72952880798199e-73,"Monocytes","VMA21"
2.58262055790206e-77,0.418683695753333,0.628,0.476,9.45264950397733e-73,"Monocytes","TGOLN2"
2.94802699931961e-77,1.68415102599579,0.33,0.187,1.07900736202097e-72,"Monocytes","CAPN1"
3.93310932027602e-77,0.467977220023095,0.516,0.333,1.43955734231423e-72,"Monocytes","SNX2"
5.36073018831736e-77,0.672335739366919,0.271,0.139,1.96208085622604e-72,"Monocytes","PPTC7"
5.55056898634027e-77,1.28398653429006,0.278,0.146,2.0315637546904e-72,"Monocytes","PPM1A"
9.56494453516307e-77,0.75302257356978,0.433,0.263,3.50086534931503e-72,"Monocytes","BSG"
6.11080824992315e-76,0.420700772967586,0.309,0.166,2.23661692755437e-71,"Monocytes","MVP"
6.30450229681118e-76,0.303866213604321,0.474,0.3,2.30751088565586e-71,"Monocytes","NIN"
8.61417107093918e-76,0.561695378133081,0.329,0.183,3.15287275367445e-71,"Monocytes","ME2"
2.18404120173002e-75,0.608637234643671,0.261,0.132,7.99380920245203e-71,"Monocytes","SPTLC1"
2.74748081237905e-75,0.350608186404317,0.29,0.153,1.00560545213886e-70,"Monocytes","ARL8A"
3.50026233609696e-75,0.385260220404648,0.395,0.235,1.28113101763485e-70,"Monocytes","DCP2"
1.15412965000316e-74,0.835049555568489,0.564,0.391,4.22422993197656e-70,"Monocytes","SQSTM1"
1.77819954566944e-74,0.26658665610534,0.299,0.16,6.5083881571047e-70,"Monocytes","ATF6"
1.27510641385773e-73,0.879845460204033,0.418,0.258,4.66701698536068e-69,"Monocytes","TWF2"
2.79807881109688e-73,0.533984469937402,0.261,0.133,1.02412482564957e-68,"Monocytes","DNAJB12"
8.39365573734439e-73,0.35845649270314,0.303,0.163,3.07216193642542e-68,"Monocytes","SPG11"
1.19757941314669e-72,0.698605133976875,0.345,0.197,4.38326041005818e-68,"Monocytes","CTDSP2"
1.27465916926134e-72,0.539340450460485,0.412,0.253,4.66538002541342e-68,"Monocytes","PDCD6IP"
1.67883542545215e-72,0.387571713561658,0.338,0.19,6.14470554069742e-68,"Monocytes","MARK3"
2.30958392260826e-72,1.15587307794992,0.317,0.179,8.45330811513848e-68,"Monocytes","RAB1B"
5.37946547680653e-72,0.513837303792803,0.257,0.13,1.96893815916596e-67,"Monocytes","GATAD1"
1.05405336635166e-71,0.849863856010423,0.282,0.15,3.85794072618369e-67,"Monocytes","UBAC1"
1.77694998866092e-71,0.953988968774213,0.253,0.13,6.50381465349785e-67,"Monocytes","DHRS4L2"
2.12110345021389e-71,0.727230292542608,0.267,0.141,7.76345073812785e-67,"Monocytes","POLK"
2.26659804503209e-71,0.643226210404758,0.305,0.167,8.29597550462195e-67,"Monocytes","CBX6"
3.41111192179639e-71,0.460871602953057,0.882,0.861,1.2485010744967e-66,"Monocytes","ACTG1"
6.46368762822443e-71,0.480051268148679,0.628,0.516,2.36577430880642e-66,"Monocytes","ZFP36L1"
1.18281195557719e-70,0.420352507942678,0.416,0.251,4.32921003860807e-66,"Monocytes","HELZ"
2.14212831585632e-70,0.546887341819282,0.664,0.504,7.84040384886573e-66,"Monocytes","WASF2"
5.3221876299916e-70,1.11015457980579,0.306,0.171,1.94797389445323e-65,"Monocytes","DUSP22"
1.09571073644951e-69,0.335445111341994,0.341,0.192,4.01041086647886e-65,"Monocytes","NAPA"
2.0891835559824e-69,0.330131347523592,0.26,0.135,7.64662073325118e-65,"Monocytes","ARHGEF2"
5.10125150733367e-69,0.522247219880579,0.358,0.21,1.86710906419919e-64,"Monocytes","TUBGCP2"
6.59943196587927e-69,0.758854940739531,0.34,0.197,2.41545809383147e-64,"Monocytes","ACADVL"
7.3400261456314e-69,0.525069127036213,0.267,0.14,2.68652296956255e-64,"Monocytes","DYNC1LI2"
7.55095551705703e-69,0.570274233535456,0.462,0.292,2.76372522879804e-64,"Monocytes","BAG1"
1.14283557187034e-68,0.415863417030182,0.265,0.138,4.18289247660264e-64,"Monocytes","CD83"
1.30005241159319e-68,0.548640061009889,0.298,0.162,4.75832183167224e-64,"Monocytes","PRCP"
1.44308782608633e-68,0.429074358437109,0.514,0.338,5.28184575225856e-64,"Monocytes","RAB7A"
5.22834252908264e-68,3.79922868858188,0.296,0.184,1.91362564906954e-63,"Monocytes","HIST1H2AC"
5.54872119246683e-68,0.63792028866849,0.353,0.208,2.03088744365479e-63,"Monocytes","NARS"
8.38527288728885e-68,0.640723545415593,0.374,0.224,3.06909372947659e-63,"Monocytes","FLI1"
1.46016612705447e-67,0.278840452389486,0.478,0.31,5.34435404163208e-63,"Monocytes","COPA"
1.8670706039359e-67,0.377247895564904,0.26,0.137,6.83366511746579e-63,"Monocytes","SLC35E1"
2.2722774554654e-67,0.905489407945087,0.323,0.179,8.31676271474891e-63,"Monocytes","GSN"
7.00148816105591e-67,0.321029759221902,0.511,0.336,2.56261468182807e-62,"Monocytes","REL"
7.60674774060487e-67,0.804944601232696,0.433,0.276,2.78414574053879e-62,"Monocytes","BLOC1S6"
8.91650088057965e-67,0.559062258286733,0.312,0.176,3.26352848730096e-62,"Monocytes","GOLPH3"
9.65950705504459e-67,1.12640076060638,0.444,0.286,3.53547617721687e-62,"Monocytes","SUMO3"
1.54652015614421e-66,0.430876040819184,0.544,0.387,5.66041842350344e-62,"Monocytes","DDX21"
2.78709558664058e-66,0.337190367399713,0.316,0.179,1.02010485566632e-61,"Monocytes","SEL1L"
7.86065032843615e-66,0.301572201857391,0.425,0.263,2.87707662671092e-61,"Monocytes","RNF166"
8.28331549486952e-66,0.402590665576953,0.79,0.824,3.03177630427719e-61,"Monocytes","ARPC3"
2.78981412546017e-65,0.603557292136016,0.651,0.504,1.02109986805968e-60,"Monocytes","VAMP8"
6.79994533287041e-65,0.379211020899358,0.483,0.318,2.4888479912839e-60,"Monocytes","LAPTM4A"
1.41693716132008e-64,0.458478027078362,0.353,0.207,5.18613170414764e-60,"Monocytes","RNF10"
6.41184679150321e-64,0.772318845448889,0.318,0.185,2.34680004415809e-59,"Monocytes","CMTM3"
6.84735283939763e-64,0.570708358284922,0.279,0.152,2.50619961274792e-59,"Monocytes","MAN2A1"
1.51047560845299e-63,1.16351589376394,0.435,0.28,5.5284917744988e-59,"Monocytes","IFI27L2"
1.60141786754317e-63,0.963512488642602,0.551,0.382,5.86134953699475e-59,"Monocytes","AP2M1"
1.94958734394923e-63,0.697438398762676,0.326,0.191,7.13568463758856e-59,"Monocytes","GLUD1"
2.79009985673143e-63,1.4926076658516,0.337,0.201,1.02120444856227e-58,"Monocytes","ADI1"
3.75638695307042e-63,0.388923575196186,0.34,0.198,1.37487518869331e-58,"Monocytes","KCNAB2"
4.58240831962247e-63,0.399229261350235,0.428,0.271,1.67720726906502e-58,"Monocytes","VPS35"
2.26724228103137e-62,0.426814590376762,0.76,0.705,8.29833347280292e-58,"Monocytes","EMP3"
2.76145241961527e-62,0.64672468066385,0.259,0.14,1.01071920010338e-57,"Monocytes","BAG6"
3.18046129031986e-62,0.424369087172312,0.289,0.163,1.16408063686997e-57,"Monocytes","SERTAD2"
4.21293195090592e-62,0.549442841661384,0.536,0.378,1.54197522335108e-57,"Monocytes","ENY2"
4.63775362064125e-62,0.518815544216753,0.654,0.562,1.6974642026909e-57,"Monocytes","XIST"
1.22101355367929e-61,0.454242839119267,0.322,0.186,4.46903170782157e-57,"Monocytes","PRKAR2A"
1.79295039830765e-61,0.512070317571066,0.66,0.488,6.56237775284585e-57,"Monocytes","CD63"
2.90376155285461e-61,0.578309011002357,0.39,0.244,1.06280576596032e-56,"Monocytes","PTBP1"
3.80760909770277e-61,0.502121002366019,0.606,0.426,1.39362300585019e-56,"Monocytes","MAP1LC3B"
6.07963926833889e-61,0.509613921983776,0.336,0.198,2.22520876860472e-56,"Monocytes","CBL"
3.23035553940406e-60,0.512819155189121,0.427,0.276,1.18234243097728e-55,"Monocytes","ATP1A1"
3.32148422491527e-60,1.22178197435186,0.258,0.141,1.21569644116124e-55,"Monocytes","ELK3"
4.16777878264815e-60,0.319805063044244,0.36,0.216,1.52544871223705e-55,"Monocytes","KIDINS220"
1.78769708865002e-59,0.477253994575336,0.479,0.319,6.54315011416793e-55,"Monocytes","REEP5"
1.87388354694267e-59,2.1643575912903,0.262,0.147,6.85860117016486e-55,"Monocytes","STOM"
1.94776392682336e-59,0.27357513823166,0.391,0.241,7.12901074856618e-55,"Monocytes","HIPK1"
3.86079208657986e-59,0.360714923111063,0.402,0.252,1.41308851160909e-54,"Monocytes","SERINC3"
7.54658221388776e-59,0.264916797716481,0.721,0.731,2.76212455610506e-54,"Monocytes","LCP1"
2.33667291420841e-58,0.353397107066899,0.546,0.389,8.55245653329421e-54,"Monocytes","ARHGDIA"
8.1822570369303e-58,0.279068574572885,0.364,0.223,2.99478789808686e-53,"Monocytes","LENG8"
1.56375094525923e-57,0.392000320956451,0.394,0.242,5.72348483474333e-53,"Monocytes","SYNGR2"
2.42468215657124e-57,4.65168929242194,0.305,0.187,8.8745791612664e-53,"Monocytes","HBA2"
2.69636548406081e-57,0.564109637626282,0.374,0.235,9.86896730821097e-53,"Monocytes","TRIM44"
7.91687457593318e-57,0.465204917890834,0.291,0.168,2.8976552635373e-52,"Monocytes","MLX"
1.00864436188817e-56,2.06078814919234,0.451,0.314,3.6917392289469e-52,"Monocytes","MAX"
1.3269267322717e-56,0.417321331324578,0.297,0.172,4.85668453278765e-52,"Monocytes","SRA1"
2.81190405045215e-56,1.08455339618285,0.597,0.441,1.02918500150599e-51,"Monocytes","TMEM50A"
5.57822384131103e-56,0.789607227517593,0.274,0.154,2.04168570815825e-51,"Monocytes","HPCAL1"
6.13841930896308e-56,0.677774287683824,0.259,0.145,2.24672285127358e-51,"Monocytes","LRRC58"
1.36929947359637e-55,0.514707293927374,0.539,0.383,5.01177300331006e-51,"Monocytes","HADHA"
1.61969592367961e-55,0.60025887013782,0.312,0.186,5.92824905025974e-51,"Monocytes","DNAJC10"
1.47426724079249e-54,0.805128784950457,0.255,0.144,5.39596552802459e-50,"Monocytes","OTUD1"
2.15198536913151e-54,0.544777839822414,0.297,0.175,7.87648164955826e-50,"Monocytes","WDR45B"
3.03240417764542e-54,0.568830330556861,0.592,0.444,1.10989025306e-49,"Monocytes","BLOC1S1"
4.34325371554879e-54,0.521425270735466,0.4,0.256,1.58967429242801e-49,"Monocytes","MAPRE1"
8.08822673529538e-54,0.61595578195598,0.298,0.175,2.96037186738546e-49,"Monocytes","SND1"
1.02111383345859e-53,1.03581110731863,0.348,0.219,3.7373787418418e-49,"Monocytes","POLR2E"
1.12142936817439e-53,0.499264712279097,0.377,0.238,4.10454363045509e-49,"Monocytes","ERICH1"
2.65009761027299e-53,0.504070096874008,0.281,0.163,9.69962226336018e-49,"Monocytes","GNL3L"
3.73975312680655e-53,0.466903963698694,0.588,0.435,1.36878704194247e-48,"Monocytes","RAP1A"
3.89923665319564e-53,0.58956842135762,0.329,0.2,1.42715960743614e-48,"Monocytes","FAM200B"
3.94106434233614e-53,0.853913415423989,0.34,0.208,1.44246895993845e-48,"Monocytes","NUCB1"
4.94516006782745e-53,0.468377691365096,0.365,0.229,1.80997803642553e-48,"Monocytes","RAD23B"
7.39457543746713e-53,1.78110987591024,0.388,0.258,2.70648855586734e-48,"Monocytes","EIF2AK1"
1.23190573352753e-52,0.536920393689954,0.413,0.268,4.50889817528413e-48,"Monocytes","RNF181"
1.65697235734214e-52,0.660221300459025,0.3,0.177,6.06468452510797e-48,"Monocytes","SERPINB9"
6.31149303435543e-52,0.446401664554706,0.273,0.157,2.31006956550443e-47,"Monocytes","WDR11"
7.72612818419247e-52,0.376778152520919,0.581,0.438,2.82784017669629e-47,"Monocytes","SFPQ"
2.0720868995668e-51,0.474006990866292,0.495,0.342,7.58404526110444e-47,"Monocytes","SEPTIN2"
5.11906671895575e-51,0.806001649594598,0.343,0.216,1.873629609805e-46,"Monocytes","PHKB"
6.7278414111932e-51,0.31815478854708,0.5,0.344,2.46245723491082e-46,"Monocytes","CHMP2A"
9.16506347381761e-51,0.39694320327752,0.51,0.353,3.35450488205198e-46,"Monocytes","PSMA4"
1.12308346301356e-50,0.502552858277416,0.451,0.303,4.11059778297592e-46,"Monocytes","CTDNEP1"
1.64379210296599e-50,0.604436372874912,0.467,0.317,6.01644347606583e-46,"Monocytes","DBNL"
1.75459327389495e-50,0.378351842879912,0.689,0.575,6.42198684178291e-46,"Monocytes","CSDE1"
1.81638324295109e-50,1.69169050681085,0.408,0.278,6.64814430752528e-46,"Monocytes","RAB11A"
1.92167816016837e-50,1.04292994794718,0.365,0.236,7.03353423403225e-46,"Monocytes","RABGAP1L"
6.21230263527826e-50,0.533792901612997,0.254,0.146,2.2737648875382e-45,"Monocytes","UNC119"
8.27602864401999e-50,0.319957411095997,0.724,0.65,3.02910924399776e-45,"Monocytes","TMBIM6"
1.01982527557028e-49,0.478162598729941,0.46,0.313,3.73266249111478e-45,"Monocytes","P4HB"
1.1255419983792e-49,0.295064436479988,0.314,0.19,4.11959626826771e-45,"Monocytes","NFATC2IP"
1.25926246436954e-49,0.692078443708586,0.481,0.347,4.60902654583897e-45,"Monocytes","MT2A"
2.29664885454956e-49,0.471577979939135,0.353,0.222,8.40596447253684e-45,"Monocytes","SMC1A"
2.45822489896778e-49,0.651432366093596,0.426,0.283,8.99734895271196e-45,"Monocytes","TUBB"
9.23558393861866e-49,0.558022113553594,0.445,0.301,3.38031607737382e-44,"Monocytes","TOP1"
3.17030688894107e-48,0.388741036815723,0.577,0.443,1.16036402442132e-43,"Monocytes","VPS13C"
4.50855542559792e-48,0.399326324406634,0.285,0.172,1.6501763713231e-43,"Monocytes","DCAF7"
7.93009888667735e-48,0.382440560756417,0.296,0.181,2.90249549351278e-43,"Monocytes","PPIP5K2"
9.01571449956666e-48,0.580161425834953,0.349,0.221,3.29984166398639e-43,"Monocytes","ARF4"
1.02670296205247e-47,0.381941493175509,0.516,0.369,3.75783551140824e-43,"Monocytes","PLP2"
1.28943140807797e-47,0.459481215583533,0.452,0.312,4.71944789670616e-43,"Monocytes","CSK"
1.80009785192947e-47,0.3066694526031,0.376,0.243,6.58853814784706e-43,"Monocytes","ARHGAP4"
2.9381795424528e-47,0.414689356537752,0.319,0.196,1.07540309433315e-42,"Monocytes","DGKD"
3.2440005685753e-47,0.613180076421118,0.256,0.15,1.18733664810424e-42,"Monocytes","YIPF3"
5.74189034140091e-47,0.397953951236403,0.841,0.805,2.10158928385615e-42,"Monocytes","YBX1"
1.85274570015868e-46,0.612501478262615,0.346,0.221,6.78123453715078e-42,"Monocytes","C1orf43"
2.46731089716699e-46,0.275189573618144,0.352,0.224,9.0306046147209e-42,"Monocytes","GALNT1"
2.90028343605455e-46,0.440272874790671,0.444,0.307,1.06153274043033e-41,"Monocytes","SYNCRIP"
7.88115751218562e-46,0.511704132664005,0.293,0.177,2.88458246103506e-41,"Monocytes","PEPD"
8.09726005246166e-46,1.07675073484973,0.981,0.981,2.96367815180149e-41,"Monocytes","TMSB4X"
1.33549694299705e-45,1.40904874526043,0.316,0.2,4.88805236106352e-41,"Monocytes","UBE2E3"
1.45557720193043e-45,0.590212126270589,0.255,0.149,5.32755811678557e-41,"Monocytes","IL27RA"
1.47855542589326e-45,0.860194531443911,0.774,0.676,5.41166071431191e-41,"Monocytes","UQCRH"
1.56771441508144e-45,0.429844854686634,0.357,0.23,5.73799153063958e-41,"Monocytes","CAPRIN1"
1.63564684043496e-45,0.425944045354425,0.297,0.185,5.98663100067598e-41,"Monocytes","MTMR14"
3.78917083497297e-45,0.564836261808187,0.329,0.209,1.38687441730846e-40,"Monocytes","MAT2A"
4.48800965504766e-45,0.478308270146374,0.33,0.209,1.64265641384399e-40,"Monocytes","CAB39"
5.41244853611797e-45,0.603036745625989,0.306,0.191,1.98101028870454e-40,"Monocytes","AKR1A1"
1.07598072804183e-44,0.759048282122197,0.265,0.159,3.93819706270589e-40,"Monocytes","EIF4G3"
1.44788092989899e-44,0.336086903433717,0.271,0.16,5.2993889915233e-40,"Monocytes","SLC20A1"
1.65002722780157e-44,0.526943248905715,0.671,0.552,6.03926465647653e-40,"Monocytes","CAPZB"
2.10441315613893e-44,0.539219684929488,0.291,0.178,7.70236259278409e-40,"Monocytes","FAM50A"
2.42742059055733e-44,1.58790904471418,0.64,0.488,8.88460210349888e-40,"Monocytes","PRDX6"
2.59681171540287e-44,0.297102930285593,0.587,0.453,9.50459055954604e-40,"Monocytes","CSNK1A1"
2.63115650399297e-44,0.83093604605291,0.281,0.172,9.63029592026466e-40,"Monocytes","SIAH2"
2.84698335834097e-44,0.391773403989842,0.604,0.47,1.04202437898638e-39,"Monocytes","NDUFB1"
6.77118716317255e-44,0.394579965345475,0.621,0.515,2.47832221359278e-39,"Monocytes","ZFP36"
1.29049381241432e-43,0.448351044269944,0.36,0.236,4.72333640281766e-39,"Monocytes","OXA1L"
2.59302236496068e-43,0.546964574239793,0.361,0.236,9.4907211579926e-39,"Monocytes","DYNC1I2"
3.16190759135512e-43,0.7603298195624,0.367,0.242,1.15728979751189e-38,"Monocytes","MMP24OS"
3.49498978926804e-43,0.374796498761333,0.506,0.376,1.27920121276999e-38,"Monocytes","HEBP2"
5.45274054084965e-43,0.332243905890615,0.367,0.239,1.99575756535638e-38,"Monocytes","ZFP91"
1.16142181161402e-42,0.466004290768956,0.332,0.211,4.25091997268846e-38,"Monocytes","STAU1"
1.57288017142431e-42,0.323741541036404,0.389,0.263,5.75689871543012e-38,"Monocytes","SLC38A2"
2.05980759399242e-42,0.359673879170994,0.47,0.327,7.53910177477166e-38,"Monocytes","SSR3"
2.07233211644225e-42,0.410716914216552,0.561,0.408,7.58494277939029e-38,"Monocytes","ATP5F1B"
2.56052189229396e-42,0.381078875648086,0.29,0.178,9.37176617798513e-38,"Monocytes","PPP2R5A"
2.62208285066698e-42,0.342074722005312,0.317,0.2,9.59708544172621e-38,"Monocytes","BROX"
6.60430693793771e-42,0.680194001398395,0.253,0.153,2.41724238235458e-37,"Monocytes","ATL3"
7.40781313561682e-42,0.345072277696447,0.271,0.163,2.71133368576711e-37,"Monocytes","SURF4"
7.69300141864496e-42,1.50633844498311,0.305,0.197,2.81571544923824e-37,"Monocytes","UBAC2"
1.83022217546236e-41,0.623353479456861,0.646,0.507,6.69879618440977e-37,"Monocytes","BRK1"
3.66637393858316e-41,0.432380176221888,0.329,0.211,1.34192952526082e-36,"Monocytes","FGD5-AS1"
5.12979430627205e-41,0.255727195077473,0.264,0.16,1.87755601403863e-36,"Monocytes","DENND4A"
5.4848110174116e-41,0.621008135711584,0.381,0.261,2.00749568048282e-36,"Monocytes","VAMP5"
5.79002270501837e-41,0.434438502633737,0.315,0.2,2.11920621026378e-36,"Monocytes","ZC3H7A"
2.16604149492756e-40,0.876424888660444,0.319,0.205,7.92792847558434e-36,"Monocytes","UBE2H"
3.09590525625514e-40,0.276623330335795,0.252,0.151,1.13313228284194e-35,"Monocytes","GSK3B"
8.90638610754002e-40,0.513549211857287,0.369,0.249,3.25982637922072e-35,"Monocytes","IDH3G"
1.16683151621176e-39,0.341179562552029,0.349,0.226,4.27072003248666e-35,"Monocytes","PGP"
1.79620126858563e-39,0.359171308452432,0.39,0.262,6.57427626315028e-35,"Monocytes","EFCAB14"
2.21629712350281e-39,0.596049025862766,0.375,0.254,8.11186910173262e-35,"Monocytes","SNX17"
2.42639425008115e-39,0.28353211725448,0.303,0.191,8.88084559472201e-35,"Monocytes","PHACTR2"
2.93773804882812e-39,1.12465349362646,0.158,0.282,1.07524150325158e-34,"Monocytes","SVIP"
9.51914349606778e-39,0.722981517572053,0.655,0.605,3.48410171099577e-34,"Monocytes","NFKBIA"
1.03478038676873e-38,0.540546210750825,0.316,0.204,3.78739969361224e-34,"Monocytes","PSMF1"
1.14701377722034e-38,0.315766830470294,0.374,0.251,4.19818512600415e-34,"Monocytes","CHMP4B"
1.21474790828806e-38,0.687955977211373,0.446,0.316,4.44609881912512e-34,"Monocytes","ANXA7"
1.2215250054567e-38,0.580637216058856,0.332,0.216,4.47090367247206e-34,"Monocytes","ATP6V1E1"
5.21189060649605e-38,0.323068316953118,0.262,0.161,1.90760408088362e-33,"Monocytes","RNF138"
1.34733573387419e-37,0.326460772459445,0.558,0.417,4.93138351955293e-33,"Monocytes","YPEL5"
1.71155407098602e-37,0.420191572374927,0.763,0.692,6.26445905521593e-33,"Monocytes","UQCR11"
1.91265887366345e-37,1.58055368911646,0.329,0.225,7.00052274349561e-33,"Monocytes","CAMTA1"
2.22969425924493e-37,1.40193830910245,0.35,0.242,8.16090395826235e-33,"Monocytes","RAB4A"
5.90094006646231e-37,0.542839252440948,0.269,0.17,2.15980307372587e-32,"Monocytes","SVBP"
8.83510285748334e-37,0.282895069514044,0.266,0.168,3.23373599686748e-32,"Monocytes","UBA1"
9.22297792941615e-37,0.368943365643617,0.252,0.156,3.37570215194561e-32,"Monocytes","PTPN11"
1.02100527127821e-36,0.546133612065168,0.333,0.22,3.73698139340537e-32,"Monocytes","FBXO9"
1.14980624987077e-36,0.379908874235596,0.313,0.205,4.20840585515201e-32,"Monocytes","RB1"
1.19889907160354e-36,0.527946137757682,0.327,0.218,4.38809049197612e-32,"Monocytes","CNIH1"
1.61489736303804e-36,0.273321206106698,0.354,0.236,5.91068583845551e-32,"Monocytes","WIPI2"
1.86474979385111e-36,0.658191296523081,0.277,0.397,6.82517072047446e-32,"Monocytes","HIST1H1C"
1.94496111359602e-36,0.255059789178266,0.299,0.193,7.11875217187278e-32,"Monocytes","TNKS2"
2.05047466978056e-36,0.311969827252634,0.305,0.196,7.50494233886384e-32,"Monocytes","SZRD1"
4.66260826662209e-36,0.813683674406515,0.325,0.215,1.70656125166635e-31,"Monocytes","FBXW5"
7.09337525124059e-36,0.488138777273091,0.288,0.185,2.59624627570657e-31,"Monocytes","EMC10"
1.07115649091226e-35,0.323688996544682,0.29,0.186,3.92053987238796e-31,"Monocytes","PPP2R1A"
1.10680252878857e-35,0.315876382627179,0.371,0.252,4.05100793561904e-31,"Monocytes","ERP44"
1.18016260890606e-35,0.34045717529839,0.346,0.232,4.31951316485707e-31,"Monocytes","BORCS7"
1.74756721481885e-35,0.533203597286121,0.262,0.167,6.39627076295846e-31,"Monocytes","QARS"
2.55722672441611e-35,0.721460979991076,0.405,0.285,9.3597055340354e-31,"Monocytes","SRSF6"
3.83414644573743e-35,0.624978195807624,0.735,0.648,1.40333594060436e-30,"Monocytes","ATP6V0E1"
4.00912702323175e-35,0.379086316639824,0.26,0.163,1.46738058177305e-30,"Monocytes","TBRG1"
5.95623081666197e-35,0.327847109553544,0.561,0.429,2.18004004120645e-30,"Monocytes","PSMB3"
6.00270800368175e-35,1.26360261544908,0.315,0.213,2.19705115642756e-30,"Monocytes","RHEB"
6.1558902398982e-35,2.42631480959094,0.368,0.269,2.25311738670514e-30,"Monocytes","NT5C3A"
1.79741609064434e-34,0.625260392177814,0.261,0.167,6.57872263336736e-30,"Monocytes","RCC2"
2.3744298611612e-34,0.557514454611449,0.506,0.373,8.6906507348361e-30,"Monocytes","ARF5"
3.40264774824117e-34,0.348119743117851,0.278,0.178,1.24540310233375e-29,"Monocytes","VHL"
3.6098020444293e-34,0.364576020643353,0.38,0.264,1.32122364628157e-29,"Monocytes","FBXO7"
4.51727257370999e-34,0.643807007582526,0.267,0.173,1.65336693470359e-29,"Monocytes","ERCC1"
1.28084581289984e-33,0.40063777277297,0.767,0.716,4.6880237597947e-29,"Monocytes","MBNL1"
2.49848089541399e-33,0.272520064893489,0.261,0.166,9.14468992530474e-29,"Monocytes","KHSRP"
2.54894553355235e-33,0.967691197489688,0.283,0.185,9.32939554735496e-29,"Monocytes","TPST2"
2.69525256603107e-33,0.28133667024356,0.714,0.737,9.86489391693031e-29,"Monocytes","YWHAB"
2.74713336916577e-33,0.452907752338331,0.298,0.195,1.00547828444837e-28,"Monocytes","TMX1"
2.83871155057187e-33,2.63638073455132,0.388,0.295,1.03899681462481e-28,"Monocytes","TUBA4A"
3.79274641800819e-33,0.846018756943988,0.885,0.85,1.38818311645518e-28,"Monocytes","MYL12A"
6.01958429735391e-33,0.553239376506645,0.481,0.352,2.2032280486745e-28,"Monocytes","SELENOT"
6.68935955304807e-33,0.348434823485731,0.276,0.178,2.44837249001113e-28,"Monocytes","GPI"
1.02867719953656e-32,0.301186696192083,0.341,0.23,3.76506141802378e-28,"Monocytes","SFT2D1"
1.22917839101735e-32,0.427894589400937,0.28,0.182,4.49891582896259e-28,"Monocytes","USP22"
1.32957154015794e-32,0.42966173453101,0.264,0.169,4.86636479413208e-28,"Monocytes","RABL6"
2.43936387980313e-32,0.495273538261307,0.33,0.225,8.92831573646745e-28,"Monocytes","SMIM7"
8.48248193112295e-32,0.372901652638962,0.323,0.22,3.10467321161031e-27,"Monocytes","SMAD2"
1.01256908103515e-31,0.325057004223579,0.415,0.29,3.70610409349676e-27,"Monocytes","RNPEPL1"
1.29529630889747e-31,0.474867126985653,0.47,0.367,4.74091402019561e-27,"Monocytes","TMPO"
3.98076092152146e-31,0.420069051003424,0.277,0.183,1.45699830488607e-26,"Monocytes","TMEM183A"
4.49211212883127e-31,0.300892243754493,0.257,0.166,1.64415796027353e-26,"Monocytes","UBE2Z"
5.77924489612292e-31,0.275001124861209,0.488,0.36,2.11526142442995e-26,"Monocytes","KIF5B"
8.91270556268674e-31,0.351825001197175,0.31,0.21,3.26213936299897e-26,"Monocytes","CHCHD5"
1.62840652768097e-30,0.727363811038414,0.329,0.227,5.96013073196513e-26,"Monocytes","SECISBP2"
2.03696209431668e-30,0.281681969979499,0.517,0.392,7.45548496140847e-26,"Monocytes","M6PR"
2.07815018564053e-30,0.478543289672543,0.334,0.231,7.60623749446291e-26,"Monocytes","TIMM8B"
3.3162033301571e-30,0.341985534114975,0.492,0.375,1.2137635808708e-25,"Monocytes","PRDX1"
1.26515135594204e-29,0.271263757308034,0.447,0.322,4.63058047788346e-25,"Monocytes","ZNHIT1"
1.36183745268825e-29,1.21963359840018,0.413,0.305,4.98446126058426e-25,"Monocytes","RBBP6"
3.2195955412109e-29,0.463729248326353,0.267,0.176,1.1784041640386e-24,"Monocytes","CCDC6"
3.32474924697278e-29,0.373674312475418,0.739,0.674,1.21689147188451e-24,"Monocytes","COX6B1"
9.20810128505726e-29,0.611123605718317,0.322,0.223,3.37025715134381e-24,"Monocytes","PSMD2"
2.04032069183182e-28,0.294427183076285,0.639,0.545,7.46777776417363e-24,"Monocytes","MTDH"
2.11744426586612e-28,0.36871159256306,0.394,0.282,7.75005775749657e-24,"Monocytes","NDUFS7"
3.27330873026555e-28,0.359936724091414,0.438,0.316,1.1980637283645e-23,"Monocytes","VDAC1"
3.83390994805101e-28,0.413271647368465,0.324,0.223,1.40324938008615e-23,"Monocytes","SCAMP2"
7.45921985141602e-28,0.343325155058481,0.446,0.33,2.73014905781678e-23,"Monocytes","PPP1CC"
1.68842019273622e-27,0.526813695244659,0.576,0.458,6.17978674743386e-23,"Monocytes","WDR83OS"
4.78583563614555e-27,0.66496410584394,0.317,0.219,1.75166370118563e-22,"Monocytes","CYTOR"
5.66841254696703e-27,0.996085679330234,0.541,0.42,2.0746956763154e-22,"Monocytes","GABARAPL2"
8.60035853113915e-27,0.480437881384286,0.271,0.182,3.14781722598224e-22,"Monocytes","RAB6A"
1.87159523548889e-26,0.329943995021686,0.392,0.285,6.8502257214129e-22,"Monocytes","CCT5"
8.55249202592124e-26,0.448604375127087,0.318,0.222,3.13029760640743e-21,"Monocytes","FAM32A"
1.88766500219944e-25,0.343463547758369,0.343,0.246,6.90904267455017e-21,"Monocytes","MAPK1IP1L"
2.15395270692234e-25,0.421273966839877,0.276,0.189,7.88368230260647e-21,"Monocytes","GRSF1"
2.48140371724043e-25,0.716461093440303,0.364,0.264,9.08218574547171e-21,"Monocytes","PCMT1"
2.55097337926339e-25,0.959584812047922,0.282,0.195,9.33681766544192e-21,"Monocytes","UBE2F"
5.03027179711674e-25,0.340086878857146,0.28,0.192,1.8411297804627e-20,"Monocytes","PSMD11"
9.61786126677841e-25,0.354509877863491,0.286,0.198,3.52023340225356e-20,"Monocytes","MRPS5"
2.47609534654305e-24,0.274553186225784,0.306,0.216,9.06275657788223e-20,"Monocytes","ZFR"
3.28815923153175e-24,0.403990710317591,0.294,0.206,1.20349916033294e-19,"Monocytes","LSM12"
4.12381064259106e-24,0.285678401806217,0.438,0.326,1.50935593329475e-19,"Monocytes","CHMP3"
6.59625075280254e-24,0.701188832763331,0.27,0.188,2.41429373803326e-19,"Monocytes","DNAJC4"
7.80861115063555e-24,0.504088579827869,0.321,0.233,2.85802976724412e-19,"Monocytes","KLF9"
9.18533770796847e-24,0.325179556749644,0.353,0.255,3.36192545449354e-19,"Monocytes","ABI1"
1.17865382523514e-23,1.04531807757911,0.583,0.474,4.31399086574314e-19,"Monocytes","TRAPPC1"
2.11623513564742e-23,0.303697104886222,0.598,0.479,7.74563221998312e-19,"Monocytes","POLR1D"
2.99714511957494e-23,0.324920445731615,0.537,0.42,1.09698508521562e-18,"Monocytes","PSMA6"
5.87365778474292e-23,0.278449199434641,0.415,0.309,2.14981748579376e-18,"Monocytes","MT-ATP8"
6.72668962910824e-23,0.275299083827009,0.847,0.858,2.46203567114991e-18,"Monocytes","CFL1"
1.28006211388618e-22,0.433036696418289,0.259,0.179,4.68515534303482e-18,"Monocytes","LZIC"
1.47859653000837e-22,0.268530299496713,0.269,0.186,5.41181115948365e-18,"Monocytes","CIAO2A"
1.57436773013024e-22,0.327023374059145,0.506,0.43,5.7623433290497e-18,"Monocytes","FKBP5"
1.62170964566523e-22,0.781245276128055,0.652,0.561,5.93561947409931e-18,"Monocytes","NDUFS5"
2.12113771605617e-22,0.858313870596259,0.548,0.437,7.7635761545372e-18,"Monocytes","DNAJB6"
2.25962201052164e-22,0.505164741640501,0.366,0.271,8.27044252071024e-18,"Monocytes","COX17"
3.00464542320501e-22,0.590891998836922,0.574,0.453,1.09973027134726e-17,"Monocytes","VPS28"
3.69565532636072e-22,0.630455797846822,0.495,0.384,1.35264680600129e-17,"Monocytes","EIF1B"
4.5659155304655e-22,0.793925509424162,0.443,0.336,1.67117074330568e-17,"Monocytes","USF2"
5.9093306979894e-22,0.275714044559206,0.378,0.276,2.1628741287711e-17,"Monocytes","HNRNPAB"
6.13599829914834e-22,0.829570557335537,0.257,0.18,2.24583673747128e-17,"Monocytes","DCTN2"
9.26621909645174e-22,0.528023647858933,0.834,0.801,3.3915288514923e-17,"Monocytes","YWHAZ"
1.06239524542921e-21,0.288515856559233,0.275,0.192,3.88847283779546e-17,"Monocytes","IMMT"
1.40913192658239e-21,0.277279234305635,0.313,0.223,5.15756376448421e-17,"Monocytes","MPC1"
2.72346283866115e-21,0.298108499669238,0.636,0.559,9.96814633578367e-17,"Monocytes","COX8A"
7.40067439654762e-21,0.313014905712212,0.323,0.234,2.70872083588039e-16,"Monocytes","EIF3B"
7.78346509008825e-21,0.345058216262549,0.468,0.369,2.8488260576232e-16,"Monocytes","CHCHD10"
9.15264637823982e-21,0.441161647241224,0.431,0.328,3.34996010089956e-16,"Monocytes","ANAPC11"
1.0207850424825e-20,0.28898566719402,0.566,0.472,3.73617533399019e-16,"Monocytes","POLR2L"
1.08317561678649e-20,0.307632414429671,0.316,0.23,3.96453107500022e-16,"Monocytes","ERGIC3"
3.19229317793396e-20,0.3324976159775,0.342,0.251,1.16841122605561e-15,"Monocytes","DR1"
8.27716485925539e-20,1.06223710410831,0.21,0.297,3.02952511013606e-15,"Monocytes","NCK2"
1.82627541477373e-19,0.388681998246089,0.259,0.184,6.68435064561333e-15,"Monocytes","COPS3"
1.88672264560986e-19,0.315465157616585,0.389,0.294,6.90559355519664e-15,"Monocytes","LSM6"
2.77018425798497e-19,1.27135242650876,0.404,0.313,1.01391514026508e-14,"Monocytes","NDUFA6"
8.8541142257706e-19,0.258197334061189,0.264,0.187,3.2406943477743e-14,"Monocytes","HAGH"
8.8988168259367e-19,0.251388770811882,0.251,0.178,3.25705594646109e-14,"Monocytes","CUL5"
1.16297610090991e-18,3.06550617029313,0.375,0.314,4.25660882694037e-14,"Monocytes","ODC1"
2.69095244773263e-18,0.268397490844743,0.417,0.322,9.84915505394621e-14,"Monocytes","SLIRP"
2.88923674093628e-18,0.692995306421341,0.554,0.442,1.05748953955009e-13,"Monocytes","TUBA1B"
3.10637545978825e-18,0.272564149575848,0.625,0.54,1.1369644820371e-13,"Monocytes","SLC25A5"
3.26518560451701e-18,0.267411480167596,0.271,0.195,1.19509058310927e-13,"Monocytes","SNX5"
3.85052632836092e-18,1.39876850231152,0.906,0.802,1.40933114144338e-13,"Monocytes","OST4"
7.21708043174883e-18,0.290259291876673,0.41,0.313,2.64152360882439e-13,"Monocytes","VPS29"
2.3255452766703e-17,1.56623414504492,0.323,0.251,8.51172826714097e-13,"Monocytes","NDUFAF3"
3.47853767782905e-17,0.383375404839493,0.265,0.193,1.27317957546221e-12,"Monocytes","ANAPC15"
3.7414275232543e-17,0.258351936552068,0.431,0.335,1.36939988778631e-12,"Monocytes","RPN2"
3.80657164105403e-17,0.746356303720309,0.608,0.523,1.39324328634219e-12,"Monocytes","CD99"
5.71168736871152e-17,0.284597761875652,0.29,0.211,2.0905346938221e-12,"Monocytes","TMEM9B"
2.84895592701387e-16,0.446396854338409,0.382,0.29,1.04274635884635e-11,"Monocytes","MAF1"
7.53570512634427e-16,0.634601847084872,0.253,0.182,2.75814343329327e-11,"Monocytes","EHD1"
1.85203774279875e-15,0.500423763476911,0.279,0.209,6.77864334241769e-11,"Monocytes","ZSWIM7"
4.2223105671112e-15,0.476903446224606,0.255,0.188,1.54540789066837e-10,"Monocytes","DNM1L"
4.63470931592565e-15,0.350724852342486,0.221,0.282,1.69634995672195e-10,"Monocytes","SRSF8"
4.70470041687049e-15,0.481952273718215,0.43,0.343,1.72196739957877e-10,"Monocytes","BCAP31"
9.76017010342026e-15,0.261686626865781,0.595,0.518,3.57231985955285e-10,"Monocytes","COX7B"
2.21417761010241e-14,4.53149995082372,0.662,0.609,8.10411147073584e-10,"Monocytes","HBB"
7.87008555775577e-14,0.849322300265997,0.435,0.352,2.88053001499419e-09,"Monocytes","AMD1"
8.51718981109151e-14,0.252489384441491,0.431,0.342,3.1173766427576e-09,"Monocytes","FAM204A"
4.11076783974228e-13,0.51899562106877,0.4,0.317,1.50458213702407e-08,"Monocytes","DNAJC15"
9.89038918653386e-13,0.271983749770767,0.506,0.421,3.61998134616326e-08,"Monocytes","RNF7"
1.1273960448236e-12,0.540402399434479,0.288,0.221,4.12638226365887e-08,"Monocytes","PNKD"
1.88878214138465e-12,1.15948867658434,0.367,0.298,6.91313151568195e-08,"Monocytes","PDCD10"
2.28074297556956e-12,0.560779467177266,0.518,0.429,8.34774736488215e-08,"Monocytes","TAF10"
3.21590355087344e-12,0.365594629666436,0.301,0.232,1.17705285865519e-07,"Monocytes","ADRM1"
6.07736674012588e-12,1.63590096770828,0.366,0.306,2.22437700055347e-07,"Monocytes","TLK1"
6.54901207670082e-12,0.408632327512159,0.26,0.201,2.39700391019327e-07,"Monocytes","CORO1B"
9.6852981324397e-12,0.555338331546559,0.291,0.227,3.54491596945425e-07,"Monocytes","CHD9"
1.07806836422797e-11,0.410007571206782,0.321,0.253,3.94583801991078e-07,"Monocytes","AKIRIN1"
3.7864043215877e-11,0.479517250037214,0.503,0.415,1.38586184574431e-06,"Monocytes","PRDX5"
5.61442590902705e-11,0.337604812047847,0.461,0.38,2.05493602696299e-06,"Monocytes","SCP2"
7.376266634111e-11,0.385908776312178,0.251,0.194,2.69978735075097e-06,"Monocytes","KCMF1"
2.52846558847676e-10,0.499776142622161,0.252,0.195,9.25443690038379e-06,"Monocytes","DYNLL2"
2.74839828141425e-10,0.669313337037251,0.349,0.279,1.00594125498043e-05,"Monocytes","PCGF5"
2.95064427748081e-10,1.67038692428306,0.326,0.272,1.07996531200075e-05,"Monocytes","VDAC3"
4.39009322340818e-10,0.855469037908909,0.375,0.311,1.60681802069963e-05,"Monocytes","ANAPC5"
6.75383204706012e-10,1.02145345606217,0.861,0.784,2.47197006754447e-05,"Monocytes","GNAS"
1.86719405420323e-09,0.584741721031896,0.667,0.576,6.83411695778924e-05,"Monocytes","PARK7"
1.97822689126112e-09,0.795801497188206,0.317,0.258,7.24050824470483e-05,"Monocytes","COMMD7"
3.5246912887827e-09,1.15343988572611,0.322,0.261,0.000129007225860736,"Monocytes","SPINT2"
5.13008362862969e-09,0.959470643297601,0.26,0.209,0.000187766190891475,"Monocytes","ISCA1"
9.12941088487907e-09,0.943736612451122,0.35,0.295,0.000334145567797459,"Monocytes","GLRX5"
2.61978401704723e-08,0.628052317071745,0.354,0.29,0.000958867148079457,"Monocytes","GTF3C6"
2.8707540355617e-08,0.29670343091099,0.254,0.199,0.00105072468455594,"Monocytes","MLEC"
1.42801792907491e-07,0.265877052826059,0.342,0.377,0.00522668842220707,"Monocytes","NDUFA5"
1.6396053010432e-07,0.437566565703384,0.294,0.242,0.00600111936234821,"Monocytes","FAM89B"
2.1376269855245e-07,0.609629974279299,0.784,0.777,0.00782392852971824,"Monocytes","UBB"
5.52642491594581e-07,0.502118553971084,0.23,0.272,0.0202272678348533,"Monocytes","RBM38"
5.96872726582683e-07,0.284366227358057,0.252,0.206,0.0218461386656528,"Monocytes","A1BG"
2.64066851876245e-06,0.332592245660131,0.423,0.365,0.0966511084552243,"Monocytes","CDC37"
3.38703385612035e-06,0.258835743880017,0.676,0.63,0.123968826167861,"Monocytes","FXYD5"
4.3629091512474e-06,1.38399272027987,0.257,0.219,0.159686837844806,"Monocytes","NUTF2"
3.79982283640024e-05,0.444391583502344,0.582,0.512,1,"Monocytes","BIN2"
0.000117466285829637,0.43972728868376,0.702,0.666,1,"Monocytes","ARL6IP5"
0.000127971138455092,0.400857770003926,0.29,0.247,1,"Monocytes","LUC7L2"
0.000141225286578097,0.552623393850212,0.335,0.29,1,"Monocytes","PCMTD1"
0.0002904012867556,0.463109068031582,0.253,0.214,1,"Monocytes","ORAI1"
0.000531279736728863,0.369147054893559,0.261,0.223,1,"Monocytes","EMD"
0.00116093755942534,0.29558437486146,0.872,0.872,1,"Monocytes","HMGB1"
0,3.61081144276623,0.94,0.092,0,"CD8+ T cells","CD8B"
0,5.02972844786976,0.682,0.028,0,"CD8+ T cells","LINC02446"
0,1.39666133838386,0.963,0.321,0,"CD8+ T cells","IL7R"
0,2.18923989886009,0.835,0.212,0,"CD8+ T cells","PRKCQ-AS1"
0,1.46405988709529,0.953,0.332,0,"CD8+ T cells","CD3D"
0,2.38529227918292,0.8,0.179,0,"CD8+ T cells","CCR7"
0,2.61324289348605,0.74,0.135,0,"CD8+ T cells","LEF1"
0,1.48973590782809,0.943,0.347,0,"CD8+ T cells","CD3E"
0,1.27735098700863,0.896,0.312,0,"CD8+ T cells","CD3G"
0,1.99288306441018,0.689,0.12,0,"CD8+ T cells","CD8A"
0,1.62957416341231,0.858,0.294,0,"CD8+ T cells","BCL11B"
0,1.87590138590051,0.803,0.243,0,"CD8+ T cells","TCF7"
0,0.583986735676652,0.974,0.415,0,"CD8+ T cells","IL32"
0,1.46452787631096,0.843,0.286,0,"CD8+ T cells","TRAC"
0,1.96625631595353,0.854,0.322,0,"CD8+ T cells","NOSIP"
0,1.62234911095076,0.85,0.339,0,"CD8+ T cells","PIK3IP1"
0,1.29749550392141,0.874,0.374,0,"CD8+ T cells","GIMAP7"
0,2.27255141485219,0.631,0.148,0,"CD8+ T cells","OXNAD1"
0,1.89970584305324,0.723,0.241,0,"CD8+ T cells","RCAN3"
0,2.16990988257724,0.594,0.12,0,"CD8+ T cells","MAL"
0,1.47979501645313,0.94,0.482,0,"CD8+ T cells","PCED1B-AS1"
0,0.811607645413222,0.975,0.518,0,"CD8+ T cells","LTB"
0,1.58540468243908,0.732,0.275,0,"CD8+ T cells","NUCB2"
0,1.96254288352328,0.593,0.149,0,"CD8+ T cells","CD27"
0,1.41075820244822,0.891,0.449,0,"CD8+ T cells","LEPROTL1"
0,1.40758321161659,0.615,0.174,0,"CD8+ T cells","KLRK1"
0,3.70741593196371,0.474,0.039,0,"CD8+ T cells","NELL2"
0,1.18935425454907,0.864,0.435,0,"CD8+ T cells","TRBC2"
0,1.54894788602323,0.966,0.537,0,"CD8+ T cells","LDHB"
0,0.374938662403208,0.901,0.473,0,"CD8+ T cells","RGS10"
0,1.57105250618182,0.617,0.19,0,"CD8+ T cells","TXK"
0,1.62577744499719,0.594,0.186,0,"CD8+ T cells","LINC00861"
0,1.22872188916985,0.919,0.513,0,"CD8+ T cells","C12orf57"
0,1.37910824461395,0.551,0.175,0,"CD8+ T cells","PDE3B"
0,2.36625158573381,0.454,0.09,0,"CD8+ T cells","TRABD2A"
0,1.23199422601736,0.872,0.512,0,"CD8+ T cells","SNHG8"
0,1.24317498385507,0.78,0.427,0,"CD8+ T cells","SNHG32"
0,2.0316776117527,0.473,0.12,0,"CD8+ T cells","CAMK4"
0,1.34045708106862,0.728,0.375,0,"CD8+ T cells","NDFIP1"
0,1.08352853759163,0.787,0.435,0,"CD8+ T cells","GYPC"
0,1.80504311595074,0.509,0.163,0,"CD8+ T cells","SH3YL1"
0,1.15155503695675,0.632,0.288,0,"CD8+ T cells","SATB1"
0,1.41531907904707,0.992,0.658,0,"CD8+ T cells","GAS5"
0,1.43357867247154,0.465,0.159,0,"CD8+ T cells","GIMAP5"
0,1.49110435086097,0.449,0.145,0,"CD8+ T cells","ITK"
0,1.51231492827543,0.46,0.158,0,"CD8+ T cells","LINC01138"
0,1.0582250131067,0.984,0.682,0,"CD8+ T cells","EIF3E"
0,0.9795636158424,0.987,0.689,0,"CD8+ T cells","SNHG29"
0,1.72517136186345,0.431,0.134,0,"CD8+ T cells","FLT3LG"
0,1.51319776049242,0.392,0.111,0,"CD8+ T cells","LDLRAP1"
0,2.16765687959459,0.377,0.097,0,"CD8+ T cells","CARS"
0,0.842296798411224,0.987,0.715,0,"CD8+ T cells","CD48"
0,1.87016398251264,0.364,0.099,0,"CD8+ T cells","FBXO32"
0,2.1299886081968,0.333,0.07,0,"CD8+ T cells","THEMIS"
0,0.789606112644605,0.977,0.718,0,"CD8+ T cells","NOP53"
0,3.7361294315334,0.272,0.022,0,"CD8+ T cells","LRRN3"
0,1.92914036964604,0.34,0.094,0,"CD8+ T cells","PCED1B"
0,2.67510550536063,0.291,0.048,0,"CD8+ T cells","PASK"
0,1.19766204352739,0.998,0.756,0,"CD8+ T cells","NPM1"
0,2.09198764551575,0.318,0.077,0,"CD8+ T cells","RETREG1"
0,0.853614436799702,0.987,0.751,0,"CD8+ T cells","SARAF"
0,0.847743998567501,0.992,0.774,0,"CD8+ T cells","UQCRB"
0,0.758612255304342,0.994,0.777,0,"CD8+ T cells","COX7C"
0,1.0107523302133,0.999,0.786,0,"CD8+ T cells","RPS10"
0,0.734034009027257,0.998,0.788,0,"CD8+ T cells","TOMM7"
0,0.741933994780898,0.998,0.788,0,"CD8+ T cells","RPL4"
0,1.12472440733548,1,0.795,0,"CD8+ T cells","EEF1B2"
0,0.850296559544467,0.997,0.794,0,"CD8+ T cells","RPS17"
0,0.667790596217992,0.997,0.797,0,"CD8+ T cells","BTF3"
0,0.648796298003829,0.999,0.799,0,"CD8+ T cells","RPLP0"
0,0.909369550150788,1,0.804,0,"CD8+ T cells","EEF1G"
0,1.01897852588357,0.999,0.804,0,"CD8+ T cells","RPL31"
0,0.829641338046114,1,0.81,0,"CD8+ T cells","RPL23"
0,0.958191833811347,1,0.811,0,"CD8+ T cells","RPSA"
0,1.03809114635509,1,0.811,0,"CD8+ T cells","RPS5"
0,1.00628580851093,1,0.813,0,"CD8+ T cells","RPL10A"
0,0.909192005181559,0.999,0.813,0,"CD8+ T cells","RPL36A"
0,0.998061805046937,1,0.817,0,"CD8+ T cells","RPL22"
0,0.595684657921091,1,0.82,0,"CD8+ T cells","RPL35"
0,0.664272440064557,0.998,0.82,0,"CD8+ T cells","EEF1D"
0,0.743104227054483,1,0.822,0,"CD8+ T cells","RPL27"
0,1.00129157322075,1,0.824,0,"CD8+ T cells","RPS21"
0,0.65520235792482,1,0.825,0,"CD8+ T cells","RACK1"
0,0.919654450157215,1,0.825,0,"CD8+ T cells","RPL7"
0,0.986883925603643,1,0.826,0,"CD8+ T cells","RPL5"
0,0.823729739459089,1,0.829,0,"CD8+ T cells","RPL24"
0,0.907781226063266,1,0.831,0,"CD8+ T cells","RPS20"
0,0.957013032921515,0.999,0.83,0,"CD8+ T cells","RPL38"
0,1.01900184316899,1,0.832,0,"CD8+ T cells","RPL14"
0,0.792687667222809,1,0.832,0,"CD8+ T cells","RPL23A"
0,0.894228852253209,1,0.832,0,"CD8+ T cells","RPL36"
0,0.749720753342888,1,0.836,0,"CD8+ T cells","RPL37A"
0,0.688808161510305,1,0.837,0,"CD8+ T cells","RPL18A"
0,1.02222014010127,1,0.838,0,"CD8+ T cells","RPS13"
0,0.682495331282971,1,0.838,0,"CD8+ T cells","RPL26"
0,0.601660954673878,1,0.839,0,"CD8+ T cells","RPL8"
0,0.730084271074396,1,0.839,0,"CD8+ T cells","RPL6"
0,0.94894450097043,1,0.839,0,"CD8+ T cells","RPS16"
0,0.912787739986674,1,0.839,0,"CD8+ T cells","RPL3"
0,0.884033204914144,1,0.84,0,"CD8+ T cells","RPS23"
0,0.865079423070918,1,0.84,0,"CD8+ T cells","RPL18"
0,0.716298178028994,1,0.841,0,"CD8+ T cells","RPL7A"
0,0.813452410923651,1,0.841,0,"CD8+ T cells","RPL27A"
0,0.75583878631407,1,0.842,0,"CD8+ T cells","NACA"
0,0.896973207282143,1,0.843,0,"CD8+ T cells","RPS8"
0,0.651687633562719,1,0.844,0,"CD8+ T cells","RPL15"
0,0.788600666430743,1,0.844,0,"CD8+ T cells","RPL29"
0,0.629751743504702,1,0.845,0,"CD8+ T cells","RPS7"
0,0.789836166950813,1,0.845,0,"CD8+ T cells","RPS15"
0,0.869392714113116,1,0.846,0,"CD8+ T cells","RPL12"
0,1.04910162232902,1,0.848,0,"CD8+ T cells","RPS25"
0,0.907137018722453,1,0.848,0,"CD8+ T cells","RPL19"
0,0.760486121089434,1,0.848,0,"CD8+ T cells","RPL17"
0,0.935772776278073,1,0.849,0,"CD8+ T cells","RPS4X"
0,0.959682384413949,1,0.851,0,"CD8+ T cells","RPS18"
0,0.571986681435575,1,0.851,0,"CD8+ T cells","RPS24"
0,0.896847018896678,1,0.851,0,"CD8+ T cells","RPLP2"
0,0.814313024463493,1,0.851,0,"CD8+ T cells","RPS2"
0,0.76408604039411,1,0.851,0,"CD8+ T cells","RPS19"
0,0.731551268603342,1,0.851,0,"CD8+ T cells","RPL13A"
0,0.91601316325386,1,0.852,0,"CD8+ T cells","RPL35A"
0,1.10428790518446,1,0.852,0,"CD8+ T cells","RPS6"
0,0.90135811398288,1,0.852,0,"CD8+ T cells","RPS3"
0,1.07240541880406,1,0.855,0,"CD8+ T cells","RPS3A"
0,1.00520305632227,1,0.856,0,"CD8+ T cells","RPL9"
0,1.08908092639673,1,0.857,0,"CD8+ T cells","RPL32"
0,0.894231034577579,1,0.857,0,"CD8+ T cells","RPS29"
0,0.904807839194867,1,0.863,0,"CD8+ T cells","RPS15A"
0,1.04971354082075,1,0.864,0,"CD8+ T cells","RPL34"
0,0.839578545695024,1,0.865,0,"CD8+ T cells","RPL37"
0,1.02644916113619,1,0.868,0,"CD8+ T cells","RPL13"
0,0.747107118393508,1,0.868,0,"CD8+ T cells","RPS9"
0,0.869698281431369,1,0.869,0,"CD8+ T cells","RPL11"
0,1.18728978449206,1,0.869,0,"CD8+ T cells","RPS12"
0,0.950114039100196,1,0.869,0,"CD8+ T cells","RPS28"
0,0.930705286104518,1,0.872,0,"CD8+ T cells","RPS27A"
0,1.03792651382064,1,0.874,0,"CD8+ T cells","RPL21"
0,0.563391326963452,1,0.875,0,"CD8+ T cells","UBA52"
0,0.981923947892736,1,0.876,0,"CD8+ T cells","RPL30"
0,0.827257442786286,1,0.877,0,"CD8+ T cells","RPL28"
0,0.54824655785184,1,0.878,0,"CD8+ T cells","FAU"
0,0.969691268907352,1,0.883,0,"CD8+ T cells","RPS14"
0,0.849639033337431,1,0.883,0,"CD8+ T cells","RPL10"
0,0.779520538645694,1,0.884,0,"CD8+ T cells","RPL39"
0,0.855720874851716,1,0.892,0,"CD8+ T cells","RPS27"
0,0.771587879275702,1,0.901,0,"CD8+ T cells","EEF1A1"
0,0.692626098542825,1,0.907,0,"CD8+ T cells","RPLP1"
0,0.669078691361937,1,0.91,0,"CD8+ T cells","RPL41"
0,0.801025238157232,1,0.945,0,"CD8+ T cells","TPT1"
4.87967713067119e-313,1.69244426303017,0.369,0.114,1.78601062659696e-308,"CD8+ T cells","FAM102A"
8.45738948199743e-303,1.00079859493236,0.683,0.34,3.09548912430588e-298,"CD8+ T cells","MGAT4A"
4.21637517428048e-294,0.966586846901001,0.645,0.277,1.5432354775384e-289,"CD8+ T cells","LCK"
7.24661796350364e-294,1.40650775280033,0.502,0.216,2.65233464082197e-289,"CD8+ T cells","HSPB1"
2.70920759492608e-293,0.991078743368575,0.613,0.26,9.91597071818894e-289,"CD8+ T cells","SPOCK2"
2.35158014390243e-292,1.21853691858215,0.43,0.151,8.60701848469729e-288,"CD8+ T cells","ABLIM1"
8.54785783504809e-289,1.32052486778558,0.502,0.204,3.12860144620595e-284,"CD8+ T cells","GIMAP1"
1.1172679068611e-279,1.68738031404773,0.349,0.111,4.08931226590229e-275,"CD8+ T cells","STMN3"
2.07637655829918e-278,0.826404985089174,0.787,0.477,7.59974584103083e-274,"CD8+ T cells","PRMT2"
4.57068534161432e-273,0.582942990084382,0.682,0.308,1.67291654188426e-268,"CD8+ T cells","CD7"
1.36932963517613e-271,0.826745025612066,0.871,0.598,5.01188339770816e-267,"CD8+ T cells","UXT"
4.78712991981982e-271,0.530103865653798,1,0.922,1.75213742195325e-266,"CD8+ T cells","TXNIP"
3.35795240141126e-269,0.802394042381842,0.899,0.614,1.22904415844053e-264,"CD8+ T cells","EIF3H"
6.36005467834666e-267,1.60500181665508,0.364,0.126,2.32784361282166e-262,"CD8+ T cells","PRKCA"
6.15794344883199e-264,0.52830083594826,0.999,0.831,2.253868881707e-259,"CD8+ T cells","PFDN5"
2.31178033237788e-262,0.492368260903593,1,0.852,8.46134719453629e-258,"CD8+ T cells","RPS11"
7.8210999838426e-259,0.867357333282718,0.678,0.32,2.86260080508623e-254,"CD8+ T cells","LIME1"
1.44543802178629e-250,1.4972077914649,0.306,0.091,5.29044770354002e-246,"CD8+ T cells","ITGA6"
2.28052785039656e-250,0.604029124833435,0.984,0.764,8.34695998523644e-246,"CD8+ T cells","HNRNPA1"
3.00101852595823e-250,0.666521098963397,0.824,0.519,1.09840279068597e-245,"CD8+ T cells","TMEM123"
1.86756765638009e-248,1.38632536458245,0.39,0.145,6.83548437911678e-244,"CD8+ T cells","ZNF101"
1.35154944508976e-246,1.56636708091754,0.31,0.098,4.94680612397304e-242,"CD8+ T cells","TESPA1"
6.46468029530895e-246,0.811956762710268,0.862,0.597,2.36613763488603e-241,"CD8+ T cells","NSA2"
3.48419957699699e-245,0.691726547494441,0.807,0.516,1.27525188717667e-240,"CD8+ T cells","ATM"
1.60971203542824e-238,0.82571324154227,0.864,0.583,5.89170702087092e-234,"CD8+ T cells","SNHG5"
1.52877244694128e-235,0.613013066153866,0.962,0.716,5.59546003304977e-231,"CD8+ T cells","SNHG6"
3.92898249676066e-233,0.512900790642867,0.92,0.555,1.43804688363937e-228,"CD8+ T cells","ETS1"
2.39176146631815e-227,1.00395832941909,0.551,0.253,8.75408614287107e-223,"CD8+ T cells","LBH"
1.14584731770304e-226,1.01828893624108,0.457,0.199,4.19391576752491e-222,"CD8+ T cells","MAML2"
2.81693974401849e-223,1.13585346277042,0.434,0.186,1.03102811570821e-218,"CD8+ T cells","IL6ST"
1.42143344362709e-222,1.3048353874675,0.455,0.204,5.20258854701952e-218,"CD8+ T cells","ATF7IP2"
4.04678718289904e-221,0.583047393260804,0.973,0.745,1.48116457681288e-216,"CD8+ T cells","COMMD6"
1.964064581695e-216,0.752045865938471,0.664,0.354,7.18867277546188e-212,"CD8+ T cells","GIMAP4"
2.81940483979926e-216,1.09133619917933,0.368,0.145,1.03193036541493e-211,"CD8+ T cells","SERINC5"
3.52830115057764e-216,0.52901900180249,0.988,0.797,1.29139350412292e-211,"CD8+ T cells","COX4I1"
8.38060804004266e-216,1.02312504220332,0.554,0.274,3.06738634873601e-211,"CD8+ T cells","OCIAD2"
1.18668422077224e-215,0.871772091119327,0.557,0.263,4.34338291644846e-211,"CD8+ T cells","SLFN5"
1.54957793344063e-213,0.657555808055608,0.904,0.651,5.67161019418606e-209,"CD8+ T cells","SNRPD2"
7.12863109239882e-209,0.765904521904989,0.593,0.316,2.60915026612889e-204,"CD8+ T cells","TOB1"
1.43524375365358e-205,1.29181979470937,0.374,0.147,5.25313566274746e-201,"CD8+ T cells","ANXA2R"
9.39295564806492e-204,1.18653045314526,0.469,0.223,3.43791569674824e-199,"CD8+ T cells","MHENCR"
1.20302392979651e-197,0.514413218589973,0.879,0.621,4.4031878854482e-193,"CD8+ T cells","FOXP1"
4.93011966585094e-195,1.22421184885069,0.367,0.148,1.8044730988981e-190,"CD8+ T cells","MYC"
7.59255675074883e-194,1.40330828542719,0.306,0.115,2.77895169634158e-189,"CD8+ T cells","ARMH1"
4.4430761508943e-192,1.55733413844099,0.31,0.117,1.62621030198882e-187,"CD8+ T cells","FAM153CP"
4.718756575526e-191,1.42400774404647,0.292,0.101,1.72711209420827e-186,"CD8+ T cells","RIC3"
4.71415629193334e-186,0.943008109178693,0.519,0.259,1.72542834441052e-181,"CD8+ T cells","TRBC1"
2.31718303213033e-178,0.588771605284095,0.883,0.631,8.48112161590023e-174,"CD8+ T cells","COX6C"
2.62860359417298e-176,1.35557680607851,0.266,0.091,9.62095201503251e-172,"CD8+ T cells","SCML4"
1.43895585868896e-175,0.757563491898162,0.564,0.282,5.26672233838747e-171,"CD8+ T cells","FCMR"
5.95442695277044e-175,1.00007251141114,0.404,0.172,2.17937980898351e-170,"CD8+ T cells","CD96"
1.06512683726215e-170,0.637429265142769,0.725,0.45,3.89847073706318e-166,"CD8+ T cells","EVL"
7.60950560048033e-168,0.430867156536376,0.955,0.728,2.7851551448318e-163,"CD8+ T cells","ZFAS1"
1.10474198951487e-165,0.496114278970528,0.945,0.694,4.04346615582336e-161,"CD8+ T cells","HSP90AB1"
2.03188855100614e-164,0.55239298832293,0.862,0.62,7.43691528553757e-160,"CD8+ T cells","ANP32B"
4.19561547561429e-164,0.723438231726063,0.752,0.513,1.53563722022959e-159,"CD8+ T cells","ST13"
8.23089697927858e-164,0.543582499552307,0.711,0.446,3.01259060338575e-159,"CD8+ T cells","TRAF3IP3"
2.64262173685109e-163,0.480534132204354,0.98,0.749,9.67225981904866e-159,"CD8+ T cells","HINT1"
3.98109418926203e-162,0.666355951058533,0.799,0.565,1.4571202842118e-157,"CD8+ T cells","SMDT1"
4.83013145710383e-162,0.389815984223932,0.64,0.331,1.76787641461457e-157,"CD8+ T cells","CD2"
2.51823161754396e-160,1.02181193405151,0.351,0.152,9.21697954337266e-156,"CD8+ T cells","IPCEF1"
1.33901556453351e-159,0.881938303910577,0.589,0.356,4.90093086774909e-155,"CD8+ T cells","EPB41L4A-AS1"
7.05248881607273e-158,0.409959696513004,0.503,0.248,2.58128143157078e-153,"CD8+ T cells","RHOH"
8.20577832936947e-158,1.51865975714729,0.25,0.09,3.00339692633252e-153,"CD8+ T cells","ATP6V0E2"
2.02258315040486e-157,0.569429835033445,0.845,0.62,7.40285658879683e-153,"CD8+ T cells","ANAPC16"
1.07925218392332e-156,0.64281286660743,0.601,0.327,3.95017091837774e-152,"CD8+ T cells","CLEC2D"
3.22257618822677e-156,0.588033293460981,0.861,0.623,1.17949511065288e-151,"CD8+ T cells","MZT2B"
1.37065171500745e-155,1.38432314527918,0.303,0.126,5.01672234209876e-151,"CD8+ T cells","THEM4"
1.76642612960232e-155,0.30968652913113,0.743,0.46,6.46529627695744e-151,"CD8+ T cells","AAK1"
2.23810989672127e-150,0.311729508330563,0.997,0.959,8.19170603298952e-146,"CD8+ T cells","MT-CYB"
1.08306567502618e-149,0.799073102601673,0.601,0.358,3.96412867716332e-145,"CD8+ T cells","PPA1"
6.06878901279034e-147,0.438701767573624,0.512,0.276,2.22123746657139e-142,"CD8+ T cells","BCL2"
3.85217347514245e-146,1.06653249414377,0.337,0.154,1.40993401363689e-141,"CD8+ T cells","LINC01089"
4.06682516275137e-144,1.1738427139065,0.306,0.127,1.48849867781863e-139,"CD8+ T cells","BEX2"
6.6855459725378e-140,0.855116245897543,0.56,0.346,2.44697668140856e-135,"CD8+ T cells","MCUB"
2.58184747598733e-139,0.570853906036432,0.838,0.604,9.44981994686122e-135,"CD8+ T cells","TOMM20"
1.39603277631215e-137,0.813682083519015,0.542,0.313,5.10961956458012e-133,"CD8+ T cells","PRDX2"
2.78323979475955e-137,0.523903751696618,0.836,0.585,1.01869359727994e-132,"CD8+ T cells","HSPA8"
3.39867628212797e-136,0.826599631069926,0.578,0.362,1.24394950602166e-131,"CD8+ T cells","ALKBH7"
7.04002483828444e-136,0.460390256965037,0.953,0.726,2.57671949106049e-131,"CD8+ T cells","EIF3K"
5.16701020713302e-134,0.548359053348115,0.746,0.5,1.89117740591276e-129,"CD8+ T cells","SEPTIN6"
1.21830294024606e-133,0.60883840219085,0.541,0.307,4.45911059159461e-129,"CD8+ T cells","SNRPN"
1.51755987434363e-132,0.428401949630491,0.908,0.706,5.55442089608512e-128,"CD8+ T cells","SKP1"
1.21394981430118e-130,0.632011005734079,0.591,0.354,4.44317771532373e-126,"CD8+ T cells","TSTD1"
4.22753533945252e-129,0.370537152249374,0.924,0.694,1.54732020959302e-124,"CD8+ T cells","TLE5"
1.36054672044131e-128,0.885430170448781,0.384,0.196,4.97973705148724e-124,"CD8+ T cells","ILF3-DT"
1.37327339100186e-128,0.793533465418813,0.522,0.312,5.02631793840589e-124,"CD8+ T cells","TMEM243"
1.59568139924955e-128,0.413461006125513,0.578,0.359,5.84035348939326e-124,"CD8+ T cells","TGFBR2"
1.35649393677439e-127,0.488854400954679,0.861,0.634,4.96490345798796e-123,"CD8+ T cells","EIF4B"
3.29785850967648e-127,0.505145173155985,0.785,0.546,1.20704919312669e-122,"CD8+ T cells","SOD1"
1.28994378430148e-126,1.18775482154363,0.259,0.104,4.72132324492184e-122,"CD8+ T cells","SELENOM"
4.59831004728313e-123,0.786558243842971,0.603,0.399,1.6830274604061e-118,"CD8+ T cells","FBL"
1.44155136422258e-120,0.598133803631786,0.762,0.543,5.27622214819107e-116,"CD8+ T cells","ATP5PO"
6.3249242696492e-118,1.01777142903377,0.355,0.18,2.3149855319343e-113,"CD8+ T cells","GIMAP2"
2.35819160451358e-117,0.975439365096629,0.4,0.22,8.63121709168015e-113,"CD8+ T cells","MAPKAPK5-AS1"
4.45624745464406e-116,0.273291144601546,0.691,0.481,1.63103113087427e-111,"CD8+ T cells","PRDX6"
1.28468603573957e-113,0.735079205177416,0.555,0.356,4.7020793594104e-109,"CD8+ T cells","ABRACL"
2.66227322818636e-113,0.311263958220362,0.471,0.263,9.74418624248489e-109,"CD8+ T cells","NCK2"
4.36743796150379e-113,0.484358348815054,0.815,0.596,1.59852596829e-108,"CD8+ T cells","EIF2S3"
5.4974094715555e-111,0.553510676049279,0.74,0.532,2.01210684068403e-106,"CD8+ T cells","C19orf53"
7.83895340606443e-110,0.325296353671482,0.69,0.433,2.86913533615364e-105,"CD8+ T cells","PLAAT4"
4.97799853786409e-109,0.667883684443486,0.635,0.436,1.82199724484364e-104,"CD8+ T cells","RSL1D1"
6.92200876256901e-108,0.351325893089312,0.935,0.741,2.53352442718789e-103,"CD8+ T cells","CIRBP"
1.40766648786521e-107,1.02848357688111,0.277,0.127,5.15220011223545e-103,"CD8+ T cells","C12orf65"
3.67883134969292e-105,0.90581318665546,0.36,0.191,1.3464890623011e-100,"CD8+ T cells","MT1X"
1.02574792362783e-102,0.344543146882307,0.654,0.447,3.75433997527022e-98,"CD8+ T cells","GCC2"
2.61770040383911e-102,1.08032255155139,0.348,0.193,9.58104524809153e-98,"CD8+ T cells","A1BG"
6.57132960102252e-102,0.959573778057505,0.277,0.132,2.40517234727025e-97,"CD8+ T cells","DGKA"
2.45193693689087e-101,0.505754602702071,0.615,0.413,8.97433438271427e-97,"CD8+ T cells","PSIP1"
9.77981683193472e-101,0.810447403454133,0.343,0.179,3.57951075865643e-96,"CD8+ T cells","SNHG14"
7.9173814924257e-100,0.406959423835147,0.75,0.531,2.89784080004273e-95,"CD8+ T cells","HIST1H4C"
3.25733970335544e-97,0.864693359064595,0.284,0.14,1.19221890482513e-92,"CD8+ T cells","TMEM161B-AS1"
4.09751727139883e-97,0.356064593933152,0.989,0.795,1.49973229650469e-92,"CD8+ T cells","ATP5MG"
1.1262299645562e-96,0.289881445579654,0.776,0.566,4.12211429327214e-92,"CD8+ T cells","IKZF1"
1.35008147222574e-95,1.01783090572419,0.259,0.119,4.94143319649343e-91,"CD8+ T cells","AC243960.1"
1.49087995662677e-90,0.387735765203833,0.832,0.627,5.45676972924965e-86,"CD8+ T cells","SSR2"
1.62752162099827e-90,0.43540767334129,0.778,0.58,5.95689188501576e-86,"CD8+ T cells","UBXN1"
2.52888412796825e-90,0.806341298834751,0.258,0.123,9.25596879677658e-86,"CD8+ T cells","ITPKB"
2.9849802944452e-90,0.706929264807504,0.53,0.358,1.09253263756989e-85,"CD8+ T cells","LSM5"
9.05699791108757e-90,0.587688885617485,0.589,0.401,3.31495180543716e-85,"CD8+ T cells","MZT2A"
9.03679076525259e-89,0.577772582789099,0.641,0.443,3.3075557879901e-84,"CD8+ T cells","C1QBP"
7.11161765348984e-88,0.95973582537158,0.296,0.152,2.60292317735381e-83,"CD8+ T cells","TMEM238"
1.69071837934676e-87,0.845356014040341,0.338,0.185,6.18819834024709e-83,"CD8+ T cells","DYRK2"
3.21842863954343e-87,0.360738765722282,0.421,0.248,1.17797706635929e-82,"CD8+ T cells","SVIP"
6.49720378368942e-87,0.525208526814077,0.351,0.193,2.37804155686816e-82,"CD8+ T cells","RAPGEF6"
9.84637735298964e-86,0.847162125350687,0.263,0.13,3.60387257496774e-81,"CD8+ T cells","TMEM106B"
5.4793221910644e-85,0.343197963557118,0.891,0.687,2.00548671515148e-80,"CD8+ T cells","MIF"
6.98130420821719e-84,0.394144802676363,0.884,0.666,2.55522715324957e-79,"CD8+ T cells","EIF3F"
1.74781607093092e-83,0.595953357038361,0.265,0.13,6.39718160121426e-79,"CD8+ T cells","RGCC"
1.1983098080436e-82,0.645917039955961,0.277,0.138,4.38593372842037e-78,"CD8+ T cells","TNRC6C"
2.30986796452819e-82,0.362118822031331,0.642,0.461,8.45434773696963e-78,"CD8+ T cells","PPP1R2"
6.29741809669422e-82,0.531844596000002,0.61,0.434,2.30491799757105e-77,"CD8+ T cells","CUTA"
4.5245559913781e-81,0.256206494882821,0.343,0.18,1.6560327384043e-76,"CD8+ T cells","LAT"
1.12595356521944e-80,0.347501888074595,0.83,0.626,4.12110264405967e-76,"CD8+ T cells","EIF3G"
9.81187240917589e-80,0.368394301415413,0.78,0.579,3.59124342048247e-75,"CD8+ T cells","NUCKS1"
2.80075065669165e-79,0.470785174452907,0.714,0.525,1.02510274785571e-74,"CD8+ T cells","TBCA"
9.89873739936662e-79,0.466360132659971,0.734,0.548,3.62303687554218e-74,"CD8+ T cells","RSL24D1"
1.23761456374826e-78,0.330365685615761,0.596,0.395,4.52979306477501e-74,"CD8+ T cells","HIST1H1D"
1.81467575979607e-78,0.401932870982587,0.481,0.309,6.6418947484296e-74,"CD8+ T cells","RBL2"
2.02662758805932e-78,0.847136809631428,0.337,0.194,7.41765963505592e-74,"CD8+ T cells","SUCLG2"
3.98838687168468e-78,0.518348602096108,0.659,0.473,1.45978947890531e-73,"CD8+ T cells","EIF3D"
3.86642154194872e-77,0.300452606334189,0.747,0.548,1.41514894856865e-72,"CD8+ T cells","NDUFS5"
3.96347291480635e-77,0.671522113859757,0.277,0.149,1.45067072154827e-72,"CD8+ T cells","SNHG25"
4.46429674007045e-77,0.7055908167994,0.45,0.299,1.63397724983318e-72,"CD8+ T cells","SNHG16"
5.47159399114387e-75,0.365864789536178,0.579,0.392,2.00265811669857e-70,"CD8+ T cells","SNHG7"
6.27558622117783e-73,0.44107117844545,0.689,0.488,2.2969273128133e-68,"CD8+ T cells","PEBP1"
6.46595180007978e-73,0.385114184074306,0.814,0.616,2.3666030183472e-68,"CD8+ T cells","APRT"
2.43937505758877e-71,0.459926876175676,0.678,0.494,8.92835664828067e-67,"CD8+ T cells","EIF3M"
1.6548842713902e-70,0.314482870510971,0.955,0.728,6.05704192171527e-66,"CD8+ T cells","EEF2"
4.5209890813817e-70,0.538072192116438,0.575,0.411,1.65472721367652e-65,"CD8+ T cells","TTC3"
9.59833972065013e-70,0.654671947769,0.5,0.352,3.51308832115515e-65,"CD8+ T cells","EIF2A"
1.24630332003969e-69,0.545666126345744,0.524,0.362,4.56159478167729e-65,"CD8+ T cells","CHCHD10"
4.41647438151327e-69,0.256826390928026,0.906,0.709,1.61647378837767e-64,"CD8+ T cells","ATP6V1G1"
7.00826817690017e-68,0.8738845470521,0.324,0.196,2.56509623542723e-63,"CD8+ T cells","IMPDH2"
3.70036877949421e-67,0.262031770342932,0.401,0.23,1.35437197698268e-62,"CD8+ T cells","IFITM1"
9.44027320152439e-67,0.341994510452573,0.501,0.335,3.45523439448994e-62,"CD8+ T cells","ACAP1"
7.24459737690462e-65,0.674197225511673,0.331,0.198,2.65159508592086e-60,"CD8+ T cells","CCDC66"
1.90800417838113e-64,0.592647422450875,0.516,0.369,6.98348609329278e-60,"CD8+ T cells","CCT3"
2.93790717369583e-63,0.388865853091929,0.705,0.524,1.07530340464441e-58,"CD8+ T cells","SELENOH"
4.08646463544562e-63,0.273852819744915,0.767,0.593,1.49568692121945e-58,"CD8+ T cells","EIF4A2"
5.1922039560732e-63,0.555265610239471,0.341,0.196,1.90039856996235e-58,"CD8+ T cells","RASGRP1"
1.83526663574926e-61,0.498409340920461,0.371,0.228,6.71725941350587e-57,"CD8+ T cells","SEPTIN1"
1.53919708027252e-59,0.45917632581118,0.656,0.482,5.63361523350545e-55,"CD8+ T cells","SNRPF"
2.25106061057041e-59,0.860532599504238,0.298,0.184,8.23910694074878e-55,"CD8+ T cells","LRRC75A"
2.61986249526244e-59,0.264180355189007,0.657,0.492,9.58895871891006e-55,"CD8+ T cells","ISCU"
4.29973858087827e-59,0.771766632272085,0.253,0.14,1.57374731798726e-54,"CD8+ T cells","SLC25A45"
9.35276624662158e-58,0.412396502517021,0.269,0.145,3.42320597392596e-53,"CD8+ T cells","TC2N"
1.37252874522428e-57,0.702473093761182,0.376,0.25,5.02359246039539e-53,"CD8+ T cells","FAM162A"
1.33817130320765e-56,0.558985801474916,0.463,0.329,4.89784078687031e-52,"CD8+ T cells","CLNS1A"
3.35000366366997e-54,0.301246047579901,0.449,0.312,1.22613484093984e-49,"CD8+ T cells","NAP1L4"
1.36151697953263e-53,0.677859507320125,0.916,0.753,4.98328829678739e-49,"CD8+ T cells","RPS26"
3.36164017026702e-53,0.447712848103764,0.252,0.147,1.23039391871943e-48,"CD8+ T cells","YPEL2"
4.5626966897733e-53,0.317787731698259,0.746,0.56,1.66999261542393e-48,"CD8+ T cells","RAN"
9.41583122268042e-53,0.559979875818473,0.372,0.243,3.44628838581326e-48,"CD8+ T cells","ZNF22"
1.12346882794178e-51,0.530843901510942,0.336,0.216,4.11200825714972e-47,"CD8+ T cells","MTERF4"
1.49288112118854e-51,0.265554697302433,0.731,0.562,5.46409419166218e-47,"CD8+ T cells","UBE2D2"
1.83739121114884e-51,0.263892673277066,0.812,0.61,6.72503557192586e-47,"CD8+ T cells","ERP29"
5.81965765753907e-51,0.343918801700881,0.528,0.383,2.13005289923588e-46,"CD8+ T cells","SELENOW"
1.98136005153047e-50,0.467159692050208,0.509,0.382,7.25197592460667e-46,"CD8+ T cells","PSMC5"
1.41342313187707e-49,0.346935269652006,0.395,0.255,5.17327000498325e-45,"CD8+ T cells","LINC00623"
1.61690923286604e-49,0.362455803700222,0.269,0.16,5.91804948321301e-45,"CD8+ T cells","SMIM27"
7.7595041707483e-49,0.590763454349743,0.35,0.233,2.84005612153559e-44,"CD8+ T cells","SNHG3"
1.25796248887788e-48,0.457508681319309,0.544,0.413,4.60426850554194e-44,"CD8+ T cells","MRPS21"
3.4893737317465e-48,0.335783841426153,0.641,0.483,1.27714567955654e-43,"CD8+ T cells","ATP5PD"
3.7023849173628e-48,0.310000052594788,0.722,0.522,1.35510990360396e-43,"CD8+ T cells","EIF3L"
6.01635552869341e-48,0.282644570090677,0.53,0.39,2.20204628705708e-43,"CD8+ T cells","JPX"
1.05644173715069e-47,0.794633872624506,0.295,0.193,3.86668240214523e-43,"CD8+ T cells","NSMCE1"
1.10458072662865e-46,0.42573217406478,0.492,0.365,4.04287591753353e-42,"CD8+ T cells","REX1BD"
8.19617037954063e-46,0.511714891349145,0.346,0.228,2.99988032061567e-41,"CD8+ T cells","BLOC1S4"
1.10307816531976e-45,0.709215042109473,0.272,0.171,4.03737639288684e-41,"CD8+ T cells","COX11"
5.79351534707926e-45,0.837218762542008,0.302,0.204,2.12048455218448e-40,"CD8+ T cells","MRPS33"
4.18822092316458e-44,0.398848534636817,0.316,0.2,1.53293074008747e-39,"CD8+ T cells","PITPNC1"
8.43077962090681e-43,0.360328764426332,0.547,0.413,3.0857496490481e-38,"CD8+ T cells","TMEM14B"
4.96186481560905e-42,0.402434085502712,0.305,0.199,1.81609214116107e-37,"CD8+ T cells","BEX4"
7.95389100787836e-42,0.419004259570181,0.473,0.356,2.91120364779356e-37,"CD8+ T cells","IGBP1"
2.43382872010303e-41,0.357298618809157,0.575,0.435,8.9080564984491e-37,"CD8+ T cells","SNRPE"
1.00855106709585e-40,0.291200965685272,0.685,0.525,3.6913977606775e-36,"CD8+ T cells","NDUFB8"
1.4159113747185e-40,0.523277990554893,0.373,0.265,5.18237722260719e-36,"CD8+ T cells","DNAJC19"
6.91554587578195e-40,0.304417062840894,0.597,0.452,2.53115894599495e-35,"CD8+ T cells","COX7A2L"
5.80015641904129e-39,0.293388442014092,0.689,0.529,2.1229152509333e-34,"CD8+ T cells","HIGD2A"
1.66393734126065e-38,0.680962373639357,0.256,0.168,6.09017706274811e-34,"CD8+ T cells","CCDC57"
5.31399690768647e-38,0.278037890242264,0.724,0.562,1.94497600818233e-33,"CD8+ T cells","TOMM6"
1.04209779732525e-37,0.521512239464009,0.284,0.186,3.81418214799014e-33,"CD8+ T cells","NAE1"
1.29650327532016e-37,0.497203844808785,0.378,0.266,4.74533163799933e-33,"CD8+ T cells","BIN1"
1.67406878967414e-37,0.658005260894505,0.274,0.186,6.12725917708633e-33,"CD8+ T cells","ZFAND1"
6.91080077101569e-37,0.466454799518046,0.408,0.305,2.52942219019945e-32,"CD8+ T cells","NDUFAF8"
7.39768394581541e-37,0.45684558448671,0.308,0.211,2.7076263010079e-32,"CD8+ T cells","CCDC18-AS1"
1.25194214503331e-36,0.448795285190207,0.338,0.237,4.58223344503642e-32,"CD8+ T cells","TECR"
1.73708763273771e-36,0.546262634399816,0.297,0.202,6.35791444458329e-32,"CD8+ T cells","EBPL"
1.78327393526564e-36,0.390036344924147,0.502,0.373,6.52696093046578e-32,"CD8+ T cells","APEX1"
3.24717490453871e-36,0.565455394407443,0.325,0.228,1.18849848681021e-31,"CD8+ T cells","DANCR"
1.06994909950784e-35,0.544802347632452,0.357,0.262,3.91612069910866e-31,"CD8+ T cells","ESD"
3.487217622929e-35,0.284706586937541,0.568,0.439,1.27635652216824e-30,"CD8+ T cells","PSMA1"
1.79096317192952e-34,0.300180589549634,0.612,0.478,6.55510430557925e-30,"CD8+ T cells","DDT"
7.49649161033003e-34,0.303349586155516,0.537,0.415,2.74379089429689e-29,"CD8+ T cells","HSPE1"
1.67231764055215e-33,0.412018235966775,0.286,0.199,6.12084979618491e-29,"CD8+ T cells","CCNG1"
3.78582601721469e-32,0.46641350185166,0.364,0.271,1.38565018056075e-27,"CD8+ T cells","NBDY"
2.84891910088019e-31,0.428736482845225,0.379,0.288,1.04273288011316e-26,"CD8+ T cells","AIP"
3.56881582333869e-31,0.307813694066815,0.54,0.433,1.30622227950019e-26,"CD8+ T cells","PA2G4"
3.67987741733271e-31,0.294097191661476,0.577,0.449,1.34687193351794e-26,"CD8+ T cells","RBIS"
3.96018918362813e-31,0.629843237840763,0.263,0.182,1.44946884309973e-26,"CD8+ T cells","MTLN"
9.9418745742989e-31,0.423626994373346,0.394,0.301,3.63882551293914e-26,"CD8+ T cells","LSM4"
1.4853212360587e-30,0.280007571375202,0.495,0.39,5.43642425609844e-26,"CD8+ T cells","NDUFB9"
1.73103838358315e-29,0.320819577175618,0.32,0.226,6.33577358775269e-25,"CD8+ T cells","CCSER2"
6.39739676277242e-29,0.318861830306341,0.271,0.18,2.34151118914233e-24,"CD8+ T cells","AC025164.1"
7.45519562227289e-29,0.489959121677838,0.31,0.226,2.7286761497081e-24,"CD8+ T cells","DOCK10"
1.09030228213734e-28,0.487282734884894,0.261,0.181,3.99061538285087e-24,"CD8+ T cells","POLR2C"
2.64422411850427e-28,0.296118034246569,0.484,0.38,9.67812469613746e-24,"CD8+ T cells","MRPL57"
4.51510651598919e-27,0.575497494749729,0.256,0.18,1.6525741359172e-22,"CD8+ T cells","POP5"
1.94170885261831e-26,0.43570604185012,0.323,0.24,7.10684857146827e-22,"CD8+ T cells","ZNHIT3"
3.8618132214398e-26,0.478028772805163,0.318,0.238,1.41346225717918e-21,"CD8+ T cells","TRAPPC6A"
2.9287417476998e-25,0.31668106148974,0.284,0.206,1.0719487670756e-20,"CD8+ T cells","FAM200B"
2.43865364478351e-24,0.361663206474909,0.287,0.206,8.92571620527211e-20,"CD8+ T cells","TBCC"
1.09640160024001e-23,0.366383218603828,0.406,0.318,4.01293949703845e-19,"CD8+ T cells","HSPD1"
6.64957427945351e-23,0.401996111243999,0.389,0.309,2.43381068202278e-18,"CD8+ T cells","NHP2"
1.02492445345194e-22,0.370357802530762,0.319,0.239,3.75132599207944e-18,"CD8+ T cells","TRMT10C"
2.38779900420481e-22,0.301825206378445,0.387,0.303,8.73958313529001e-18,"CD8+ T cells","NCBP2AS2"
6.37180432127916e-22,0.335033566410058,0.265,0.192,2.33214409963139e-17,"CD8+ T cells","PURA"
6.84670817734663e-22,0.311361022700661,0.251,0.181,2.50596365999064e-17,"CD8+ T cells","PDE7A"
1.34213231291598e-21,0.275051651069097,0.292,0.218,4.91233847850378e-17,"CD8+ T cells","CHD3"
1.35350743638718e-21,0.255279582502504,0.468,0.375,4.95397256792072e-17,"CD8+ T cells","CCT8"
1.70379313996331e-21,0.2886295350626,0.315,0.244,6.23605327157973e-17,"CD8+ T cells","NFKB1"
2.36147985025956e-20,0.279433831304745,0.333,0.259,8.64325239993502e-16,"CD8+ T cells","NECAP2"
6.31115967578732e-20,0.281758715247985,0.359,0.284,2.30994755293492e-15,"CD8+ T cells","PABPC4"
1.20055244010399e-19,0.296643390908409,0.382,0.308,4.39414198602461e-15,"CD8+ T cells","PDCD2"
1.64933696293637e-19,0.477592060121517,0.287,0.222,6.0367382180434e-15,"CD8+ T cells","ABCE1"
1.77945749967623e-19,0.436504610316216,0.319,0.252,6.51299239456496e-15,"CD8+ T cells","NIFK"
7.97583985900459e-19,0.48989462551898,0.253,0.191,2.91923714679427e-14,"CD8+ T cells","CBX5"
2.92932981583196e-18,0.292389240153227,0.357,0.284,1.07216400589266e-13,"CD8+ T cells","IMP3"
4.14724869248717e-18,0.36228569382817,0.262,0.2,1.51793449393723e-13,"CD8+ T cells","MFNG"
1.19234646481319e-17,0.286780105205018,0.368,0.3,4.36410729586276e-13,"CD8+ T cells","ETFB"
1.20363380217347e-17,0.267979824485379,0.453,0.373,4.40542007933511e-13,"CD8+ T cells","MRPS24"
9.9965441787489e-17,0.278580790807366,0.398,0.329,3.65883513486388e-12,"CD8+ T cells","CCT4"
1.17428834938161e-16,0.417226044039285,0.281,0.225,4.29801278757162e-12,"CD8+ T cells","DAP3"
1.28489291570964e-16,0.291193832100642,0.415,0.345,4.70283656078886e-12,"CD8+ T cells","TMEM256"
2.30147197475563e-15,0.318815655797042,0.296,0.236,8.42361757480308e-11,"CD8+ T cells","NOP58"
2.79257616690168e-15,0.272223050335585,0.291,0.23,1.02211080284768e-10,"CD8+ T cells","METTL23"
3.69713312863411e-15,0.278467093688311,0.34,0.28,1.35318769641137e-10,"CD8+ T cells","VPS51"
4.59181673160849e-15,0.382358763113055,0.28,0.224,1.68065084193602e-10,"CD8+ T cells","CLPP"
1.26447314132488e-14,0.269379721818038,0.416,0.349,4.62809814456319e-10,"CD8+ T cells","MICOS13"
2.48501739523127e-14,0.305281906595942,0.274,0.215,9.09541216828599e-10,"CD8+ T cells","TTC39C"
3.04468780160329e-13,0.269029481739359,0.329,0.275,1.11438618226482e-08,"CD8+ T cells","DARS"
3.86402080148922e-13,0.323540170287506,0.28,0.227,1.41427025355307e-08,"CD8+ T cells","METTL5"
4.71928057611531e-12,0.320296377266037,0.275,0.225,1.72730388366396e-07,"CD8+ T cells","ARL14EP"
4.87299057730717e-12,0.392825984267029,0.261,0.214,1.7835632812002e-07,"CD8+ T cells","ANTKMT"
5.07937843778789e-12,0.254081302143237,0.368,0.311,1.85910330201475e-07,"CD8+ T cells","NDUFB5"
1.59160961064736e-10,0.271722942887858,0.38,0.332,5.8254503359304e-06,"CD8+ T cells","TOMM22"
3.50091524804151e-10,0.298181649576883,0.273,0.227,1.28136998993567e-05,"CD8+ T cells","NUDCD2"
8.52841331483226e-09,0.252672066355999,0.303,0.261,0.000312148455736176,"CD8+ T cells","LSM2"
1.71828886660971e-07,0.300676107434487,0.263,0.228,0.00628910908067821,"CD8+ T cells","SRM"
1.75745876424339e-05,0.268630891627065,0.252,0.228,0.643247482300721,"CD8+ T cells","CNIH1"
0,1.6418529789708,0.943,0.324,0,"CD4+ T cells","IL7R"
0,1.43766176071728,0.919,0.336,0,"CD4+ T cells","CD3D"
0,1.91428694827953,0.851,0.285,0,"CD4+ T cells","TRAC"
0,1.42807688849724,0.875,0.315,0,"CD4+ T cells","CD3G"
0,1.86864481941487,0.85,0.295,0,"CD4+ T cells","BCL11B"
0,1.40982038846499,0.903,0.352,0,"CD4+ T cells","CD3E"
0,2.29240129649128,0.768,0.221,0,"CD4+ T cells","PRKCQ-AS1"
0,2.84619685277092,0.623,0.116,0,"CD4+ T cells","MAL"
0,0.904231821067234,0.926,0.421,0,"CD4+ T cells","IL32"
0,1.99608422123423,0.754,0.249,0,"CD4+ T cells","TCF7"
0,1.5422878631296,0.98,0.518,0,"CD4+ T cells","LTB"
0,2.16190925499811,0.61,0.151,0,"CD4+ T cells","LEF1"
0,1.97620125074026,0.689,0.246,0,"CD4+ T cells","RCAN3"
0,1.48173400424331,0.824,0.381,0,"CD4+ T cells","GIMAP7"
0,1.63682208532999,0.752,0.335,0,"CD4+ T cells","NOSIP"
0,1.42944965959216,0.765,0.35,0,"CD4+ T cells","PIK3IP1"
0,1.37861781826885,0.895,0.488,0,"CD4+ T cells","PCED1B-AS1"
0,1.60189098633448,0.942,0.54,0,"CD4+ T cells","LDHB"
0,1.69917235728447,0.602,0.204,0,"CD4+ T cells","CCR7"
0,2.42629266923497,0.478,0.09,0,"CD4+ T cells","TRAT1"
0,1.39973990890932,0.818,0.441,0,"CD4+ T cells","TRBC2"
0,1.31301192871254,0.884,0.517,0,"CD4+ T cells","C12orf57"
0,1.24038085447551,0.684,0.319,0,"CD4+ T cells","LIME1"
0,1.73507039467292,0.552,0.191,0,"CD4+ T cells","LINC00861"
0,1.16845295359814,0.812,0.46,0,"CD4+ T cells","LEPROTL1"
0,1.80976681408619,0.497,0.161,0,"CD4+ T cells","CD27"
0,1.9090698679314,0.486,0.157,0,"CD4+ T cells","GIMAP5"
0,1.9814585686341,0.431,0.126,0,"CD4+ T cells","CAMK4"
0,1.94920251157025,0.434,0.134,0,"CD4+ T cells","FLT3LG"
0,1.11890821429747,0.962,0.662,0,"CD4+ T cells","GAS5"
0,2.58065457727008,0.364,0.079,0,"CD4+ T cells","INPP4B"
0,2.49719972458018,0.359,0.081,0,"CD4+ T cells","AQP3"
0,0.910847426444333,0.955,0.686,0,"CD4+ T cells","EIF3E"
0,2.13745836486572,0.364,0.101,0,"CD4+ T cells","TRABD2A"
0,0.916878037280357,0.968,0.719,0,"CD4+ T cells","NOP53"
0,0.874446261677789,0.964,0.718,0,"CD4+ T cells","CD48"
0,0.92282259744221,0.987,0.757,0,"CD4+ T cells","NPM1"
0,0.909789014186863,0.976,0.753,0,"CD4+ T cells","SARAF"
0,0.691920457888722,0.985,0.778,0,"CD4+ T cells","COX7C"
0,0.791030150588223,0.988,0.787,0,"CD4+ T cells","RPS10"
0,0.979576485328774,0.989,0.789,0,"CD4+ T cells","TOMM7"
0,0.802067821175287,0.993,0.796,0,"CD4+ T cells","EEF1B2"
0,0.838705879435441,0.994,0.805,0,"CD4+ T cells","RPL31"
0,0.731907905542796,0.994,0.805,0,"CD4+ T cells","EEF1G"
0,0.802981640222554,0.996,0.812,0,"CD4+ T cells","RPSA"
0,0.76432515235674,0.995,0.811,0,"CD4+ T cells","RPS5"
0,0.711569808326624,0.997,0.814,0,"CD4+ T cells","RPL36A"
0,0.705021586532017,0.993,0.811,0,"CD4+ T cells","RPL23"
0,0.75046046417443,0.995,0.814,0,"CD4+ T cells","RPL10A"
0,0.853523366003381,0.997,0.817,0,"CD4+ T cells","RPL22"
0,0.575885612869399,0.996,0.821,0,"CD4+ T cells","RPL35"
0,0.658256098347239,0.996,0.823,0,"CD4+ T cells","RPL27"
0,0.831660043467298,0.998,0.826,0,"CD4+ T cells","RPL5"
0,0.802397814876551,0.996,0.825,0,"CD4+ T cells","RPS21"
0,0.804010887039384,0.995,0.825,0,"CD4+ T cells","RPL7"
0,0.800776538836092,0.998,0.829,0,"CD4+ T cells","RPL24"
0,0.916529024690365,0.998,0.83,0,"CD4+ T cells","RPL38"
0,0.834962235489534,0.999,0.832,0,"CD4+ T cells","RPL14"
0,0.875338438844246,0.998,0.831,0,"CD4+ T cells","RPS20"
0,0.896388707529793,0.998,0.832,0,"CD4+ T cells","RPL36"
0,0.67464134664174,0.997,0.832,0,"CD4+ T cells","RPL23A"
0,0.604722550423081,0.998,0.836,0,"CD4+ T cells","RPL37A"
0,0.621833417852638,0.999,0.837,0,"CD4+ T cells","RPL18A"
0,0.663270964588504,1,0.839,0,"CD4+ T cells","RPL6"
0,0.812266601961992,0.999,0.839,0,"CD4+ T cells","RPL3"
0,0.714703530636017,0.999,0.841,0,"CD4+ T cells","RPS23"
0,0.835078076279446,0.997,0.839,0,"CD4+ T cells","RPS13"
0,0.593422138987529,0.996,0.839,0,"CD4+ T cells","RPL26"
0,0.825223719090395,0.997,0.84,0,"CD4+ T cells","RPS16"
0,0.728374169662936,0.998,0.841,0,"CD4+ T cells","RPL18"
0,0.757746395002219,0.999,0.843,0,"CD4+ T cells","RPS8"
0,0.54939040820291,0.997,0.841,0,"CD4+ T cells","RPL7A"
0,0.73302916180546,0.997,0.842,0,"CD4+ T cells","RPL27A"
0,0.608980829283043,0.999,0.845,0,"CD4+ T cells","RPS7"
0,0.70061487662202,0.998,0.844,0,"CD4+ T cells","RPL29"
0,0.60973952367275,0.997,0.843,0,"CD4+ T cells","NACA"
0,0.651513079567943,0.999,0.846,0,"CD4+ T cells","RPL12"
0,0.683152354041346,0.998,0.846,0,"CD4+ T cells","RPS15"
0,0.774814168065551,0.998,0.848,0,"CD4+ T cells","RPL19"
0,0.683105358430184,0.998,0.848,0,"CD4+ T cells","RPL17"
0,0.81068183617603,0.999,0.849,0,"CD4+ T cells","RPS4X"
0,0.965991160950884,0.997,0.848,0,"CD4+ T cells","RPS25"
0,0.622380367247819,1,0.851,0,"CD4+ T cells","RPS2"
0,0.800331919078127,0.999,0.851,0,"CD4+ T cells","RPS18"
0,0.783696681631477,0.999,0.851,0,"CD4+ T cells","RPLP2"
0,0.567496185265611,0.999,0.851,0,"CD4+ T cells","RPS19"
0,0.713771633051385,0.999,0.851,0,"CD4+ T cells","RPL13A"
0,0.839624791609457,0.998,0.852,0,"CD4+ T cells","RPS3"
0,0.909941816841735,0.998,0.853,0,"CD4+ T cells","RPS6"
0,0.83929715855173,0.997,0.853,0,"CD4+ T cells","RPL35A"
0,0.879682144171036,0.999,0.856,0,"CD4+ T cells","RPS3A"
0,0.924305458569989,0.999,0.857,0,"CD4+ T cells","RPL32"
0,0.908623792898561,0.998,0.856,0,"CD4+ T cells","RPL9"
0,0.920641294861729,0.998,0.857,0,"CD4+ T cells","RPS29"
0,0.887636954353484,0.999,0.863,0,"CD4+ T cells","RPS15A"
0,0.938552817545967,0.999,0.864,0,"CD4+ T cells","RPL34"
0,0.787411960492211,1,0.865,0,"CD4+ T cells","RPL37"
0,0.82801104472329,0.999,0.868,0,"CD4+ T cells","RPL13"
0,0.87861791309265,0.999,0.869,0,"CD4+ T cells","RPL11"
0,0.944536807811725,0.999,0.869,0,"CD4+ T cells","RPS12"
0,0.77836239681142,0.998,0.869,0,"CD4+ T cells","RPS28"
0,0.580823628857571,0.998,0.869,0,"CD4+ T cells","RPS9"
0,0.870717741870603,0.997,0.873,0,"CD4+ T cells","RPS27A"
0,0.856248660048819,0.998,0.874,0,"CD4+ T cells","RPL21"
0,0.952522695480607,0.999,0.876,0,"CD4+ T cells","RPL30"
0,0.668873478095842,0.999,0.878,0,"CD4+ T cells","RPL28"
0,0.571197552048844,0.996,0.876,0,"CD4+ T cells","UBA52"
0,0.505075458702217,0.997,0.879,0,"CD4+ T cells","FAU"
0,0.781650329120805,0.999,0.884,0,"CD4+ T cells","RPL10"
0,0.824618364681572,0.998,0.884,0,"CD4+ T cells","RPS14"
0,0.798941625748006,0.998,0.884,0,"CD4+ T cells","RPL39"
0,0.907589414996118,0.999,0.892,0,"CD4+ T cells","RPS27"
0,0.705712754015209,1,0.901,0,"CD4+ T cells","EEF1A1"
0,0.565481668717571,0.999,0.907,0,"CD4+ T cells","RPLP1"
0,0.656627435032415,0.998,0.91,0,"CD4+ T cells","RPL41"
0,0.887102776768744,1,0.945,0,"CD4+ T cells","TPT1"
1.82614567753258e-318,0.564428320738207,0.997,0.839,6.683875794337e-314,"CD4+ T cells","RPL8"
4.24282073110192e-312,1.03196578550845,0.674,0.327,1.55291481579061e-307,"CD4+ T cells","CD2"
9.00109483024415e-311,0.699005950272312,0.987,0.796,3.29449071881766e-306,"CD4+ T cells","RPS17"
4.53936865658571e-305,0.649844384837174,0.99,0.789,1.66145432199694e-300,"CD4+ T cells","RPL4"
4.9682931013465e-304,2.3092366950849,0.255,0.059,1.81844495802383e-299,"CD4+ T cells","LINC02273"
5.44499891472357e-302,0.557225128849249,0.996,0.826,1.99292405277797e-297,"CD4+ T cells","RACK1"
8.83258398599882e-302,0.967340131649571,0.811,0.543,3.23281406471543e-297,"CD4+ T cells","SOD1"
6.77936928472084e-291,1.6745360162248,0.447,0.184,2.48131695190067e-286,"CD4+ T cells","IL6ST"
3.67163791410907e-289,0.767348995329439,0.92,0.694,1.34385619294306e-284,"CD4+ T cells","TLE5"
2.44544450873255e-286,1.11779335420147,0.614,0.281,8.95057144641201e-282,"CD4+ T cells","LCK"
3.35720032094119e-283,1.46309859815039,0.448,0.171,1.22876888946768e-278,"CD4+ T cells","OXNAD1"
6.45118263994814e-281,1.47820646975094,0.552,0.255,2.36119735804742e-276,"CD4+ T cells","TRBC1"
8.47138657085844e-273,1.36928638919117,0.484,0.202,3.1006121987999e-268,"CD4+ T cells","ITM2A"
6.40742598277226e-270,0.686729253220902,0.947,0.694,2.34518198395448e-265,"CD4+ T cells","SNHG29"
2.70837524919065e-269,0.570910682473156,0.989,0.821,9.91292424956268e-265,"CD4+ T cells","EEF1D"
3.19291425544699e-264,0.724065227996336,0.944,0.718,1.16863854663615e-259,"CD4+ T cells","SNHG6"
3.71706964211435e-263,0.670928997987337,0.897,0.558,1.36048465971027e-258,"CD4+ T cells","ETS1"
3.42156816829263e-261,1.50321943051636,0.472,0.208,1.25232816527679e-256,"CD4+ T cells","GIMAP1"
7.95070104023439e-255,1.52756226196157,0.426,0.174,2.91003608773619e-250,"CD4+ T cells","SH3YL1"
5.87533540711118e-253,0.47219457954375,0.997,0.844,2.15043151235676e-248,"CD4+ T cells","RPL15"
3.60379409037672e-252,1.81536603058684,0.35,0.128,1.31902467501878e-247,"CD4+ T cells","PRKCA"
4.29499285966909e-241,0.649172488689947,0.963,0.751,1.57201033656748e-236,"CD4+ T cells","HINT1"
3.36436834097146e-234,0.608144774203902,0.973,0.777,1.23139245647897e-229,"CD4+ T cells","UQCRB"
1.43891134461326e-230,1.00191652977965,0.559,0.267,5.26655941241898e-226,"CD4+ T cells","SPOCK2"
1.4019419970074e-225,1.42156518268374,0.388,0.153,5.1312479032468e-221,"CD4+ T cells","ITK"
2.50645276487493e-224,0.531436906996379,0.979,0.755,9.17386776471874e-220,"CD4+ T cells","KLF2"
1.77335495799378e-223,0.54546367388143,0.973,0.689,6.49065648175303e-219,"CD4+ T cells","CD52"
1.24429082971071e-216,1.08506358052744,0.474,0.208,4.55422886582418e-212,"CD4+ T cells","TXK"
3.35389257046333e-215,1.54778304909029,0.316,0.111,1.22755821971528e-210,"CD4+ T cells","CD6"
9.30269223269221e-211,0.535525668826084,0.985,0.799,3.40487838408767e-206,"CD4+ T cells","BTF3"
1.50277879257559e-210,1.58451119028653,0.292,0.101,5.50032065870591e-206,"CD4+ T cells","TESPA1"
5.7430644438767e-207,0.846959898967503,0.767,0.526,2.10201901710331e-202,"CD4+ T cells","SNHG8"
4.97110991129779e-204,0.675799334113908,0.774,0.526,1.8194759386341e-199,"CD4+ T cells","TMEM123"
1.27702715683629e-196,1.6071142871873,0.316,0.12,4.6740470967365e-192,"CD4+ T cells","FAM102A"
8.27098009360333e-194,0.603230977852844,0.85,0.624,3.02726142405975e-189,"CD4+ T cells","FOXP1"
3.67813590286623e-192,1.80165193052757,0.255,0.085,1.34623452180807e-187,"CD4+ T cells","RETREG1"
1.34120263084734e-184,0.475755253053073,0.992,0.832,4.90893574916436e-180,"CD4+ T cells","PFDN5"
6.46028008958355e-183,1.06860625259676,0.518,0.279,2.36452711558848e-178,"CD4+ T cells","OCIAD2"
4.54377497813913e-182,0.927251562269865,0.673,0.441,1.6630670797487e-177,"CD4+ T cells","SNHG32"
3.55192663583548e-180,1.13494366687588,0.56,0.346,1.30004066798214e-175,"CD4+ T cells","MCUB"
4.4123590826069e-179,0.485741397493757,0.995,0.799,1.61496754782495e-174,"CD4+ T cells","RPLP0"
1.06852843975831e-178,0.755603232859872,0.702,0.453,3.91092094235939e-174,"CD4+ T cells","EVL"
9.47116752825022e-176,0.706021424219048,0.683,0.45,3.46654202701486e-171,"CD4+ T cells","TRAF3IP3"
5.82357709829265e-174,0.508868649360532,0.966,0.766,2.13148745374609e-169,"CD4+ T cells","HNRNPA1"
7.76834004111371e-174,0.674003374094696,0.839,0.626,2.84329013844803e-169,"CD4+ T cells","MZT2B"
1.39418491653055e-173,0.929398813593117,0.607,0.39,5.10285621299347e-169,"CD4+ T cells","NDFIP1"
3.45855295662003e-172,0.80419768171035,0.612,0.361,1.2658649676525e-167,"CD4+ T cells","GIMAP4"
6.21179058269362e-166,0.674064048819448,0.809,0.588,2.27357747117169e-161,"CD4+ T cells","HSPA8"
1.1242895360342e-165,0.727381468978299,0.808,0.604,4.11501213083876e-161,"CD4+ T cells","NSA2"
1.08831191358955e-163,1.37909017514146,0.342,0.151,3.98333043492911e-159,"CD4+ T cells","MYC"
7.93850747909868e-161,1.55845171744957,0.329,0.15,2.90557312242491e-156,"CD4+ T cells","SESN3"
4.13374850113913e-159,1.52520799681034,0.256,0.098,1.51299328890193e-154,"CD4+ T cells","SUSD3"
3.74460480946761e-153,0.619727731477413,0.852,0.658,1.37056280631324e-148,"CD4+ T cells","SNRPD2"
4.0920624656402e-153,0.442458958382786,0.977,0.81,1.49773578304897e-148,"CD4+ T cells","RPL36AL"
4.00256927892622e-151,0.50719732461529,0.942,0.749,1.46498038177979e-146,"CD4+ T cells","COMMD6"
8.7365878598582e-151,0.693491250727353,0.494,0.278,3.1976785225867e-146,"CD4+ T cells","BCL2"
1.57146952981586e-149,1.50875470449047,0.286,0.119,5.75173562607903e-145,"CD4+ T cells","STMN3"
5.92134291942147e-149,0.748350132709546,0.587,0.352,2.16727072193745e-144,"CD4+ T cells","MGAT4A"
7.14721806791311e-149,0.833991666539356,0.651,0.461,2.61595328503688e-144,"CD4+ T cells","GSTK1"
1.47549209847411e-148,1.0963310170455,0.295,0.123,5.40044862962511e-144,"CD4+ T cells","LDLRAP1"
1.09731014143716e-146,0.969815033133351,0.522,0.316,4.01626484867413e-142,"CD4+ T cells","PRDX2"
1.52391554108729e-144,0.552011490503648,0.68,0.471,5.57768327193358e-140,"CD4+ T cells","TNFAIP8"
8.43561337365039e-144,1.20506907994554,0.294,0.127,3.08751885088978e-139,"CD4+ T cells","RGCC"
1.04110389320283e-143,0.861128909492287,0.599,0.4,3.81054435951168e-139,"CD4+ T cells","MZT2A"
1.64215373076973e-142,1.46726527006804,0.261,0.103,6.01044686999029e-138,"CD4+ T cells","SELENOM"
2.76869600296455e-142,0.372239034994293,0.998,0.852,1.01337042404506e-137,"CD4+ T cells","RPS11"
4.25840699988035e-142,0.620644769982454,0.813,0.607,1.55861954602621e-137,"CD4+ T cells","TOMM20"
1.21646115217839e-139,0.693931616924409,0.372,0.177,4.45236946308812e-135,"CD4+ T cells","LAT"
1.90841738463263e-138,1.38047465033614,0.292,0.13,6.98499846949389e-134,"CD4+ T cells","DGKA"
3.27862946616405e-138,0.590174833895523,0.806,0.613,1.2000111709107e-133,"CD4+ T cells","FXYD5"
8.02763684589269e-138,0.994012035614531,0.318,0.139,2.93819536196518e-133,"CD4+ T cells","TC2N"
3.61968020631698e-135,1.62535380118911,0.276,0.122,1.32483915231408e-130,"CD4+ T cells","FAM153CP"
3.70402606678607e-134,1.26843819151067,0.355,0.18,1.35571058070437e-129,"CD4+ T cells","GIMAP2"
9.28872358403733e-134,0.636463291732596,0.474,0.262,3.3997657189935e-129,"CD4+ T cells","GPR183"
2.2865195939902e-131,0.464580949028748,0.876,0.71,8.36889036596354e-127,"CD4+ T cells","SKP1"
9.28878449526352e-131,0.563857981147534,0.823,0.625,3.3997880131114e-126,"CD4+ T cells","ANP32B"
1.42586229656938e-129,0.356547909460251,0.697,0.466,5.2187985916736e-125,"CD4+ T cells","AAK1"
2.22131958919445e-129,0.86908846312735,0.343,0.162,8.13025182841059e-125,"CD4+ T cells","ABLIM1"
2.74991138079908e-129,0.596741572854232,0.795,0.608,1.00649506448627e-124,"CD4+ T cells","UXT"
3.14096387753008e-129,1.07289988722475,0.382,0.195,1.14962418881478e-124,"CD4+ T cells","ARID5B"
3.43340829922404e-129,1.03428556470141,0.381,0.19,1.25666177159899e-124,"CD4+ T cells","RASGRP1"
1.06489872905109e-128,1.08029528296279,0.414,0.23,3.89763583819991e-124,"CD4+ T cells","MHENCR"
3.33420037434089e-125,1.49966201912058,0.28,0.129,1.22035067901251e-120,"CD4+ T cells","THEM4"
9.76478683598232e-124,1.17673061418889,0.32,0.158,3.57400962983789e-119,"CD4+ T cells","CDC14A"
5.37358205336191e-123,0.742002661195163,0.507,0.289,1.96678476735099e-118,"CD4+ T cells","FCMR"
1.09958305380106e-121,0.387164081860781,0.92,0.733,4.02458393521726e-117,"CD4+ T cells","ZFAS1"
3.90974742426451e-120,0.810419329585276,0.392,0.212,1.43100665475505e-115,"CD4+ T cells","PBXIP1"
6.05539471675635e-120,0.697056407490416,0.549,0.334,2.21633502027999e-115,"CD4+ T cells","CLEC2D"
2.57927423801421e-116,0.763222446179244,0.488,0.307,9.44040163855581e-112,"CD4+ T cells","SATB1"
1.32495965140036e-115,0.675623176598603,0.599,0.415,4.84948482009046e-111,"CD4+ T cells","PSIP1"
6.34371751430685e-115,0.64204288400903,0.425,0.227,2.32186404741145e-110,"CD4+ T cells","IFITM1"
1.16977541662608e-114,0.501016148896937,0.862,0.669,4.28149500239311e-110,"CD4+ T cells","EIF3F"
3.53935086245185e-114,0.737795597137066,0.477,0.274,1.295437809166e-109,"CD4+ T cells","SLFN5"
3.07474884847004e-113,0.492872440452362,0.735,0.55,1.12538882602852e-108,"CD4+ T cells","NDUFS5"
4.39008220587127e-112,0.608795468003475,0.744,0.572,1.60681398817094e-107,"CD4+ T cells","SMDT1"
6.91708594699276e-111,0.499782042330019,0.805,0.631,2.53172262745882e-106,"CD4+ T cells","SSR2"
7.03256197434398e-109,0.982852873467957,0.396,0.23,2.57398800822964e-104,"CD4+ T cells","HSPB1"
1.45216635495878e-108,0.367010886130838,0.96,0.793,5.31507407578462e-104,"CD4+ T cells","ZFP36L2"
2.93569342527701e-108,0.533139696294067,0.814,0.625,1.07449315058564e-103,"CD4+ T cells","EIF3H"
4.52208080984949e-108,0.629790538931056,0.678,0.49,1.65512679721301e-103,"CD4+ T cells","PEBP1"
1.6769232807771e-107,1.27573782899079,0.358,0.205,6.13770689997226e-103,"CD4+ T cells","TTC39C"
4.63197030646035e-107,0.978979545683814,0.41,0.249,1.69534745186755e-102,"CD4+ T cells","NECAP2"
2.91901200753346e-106,0.448065263948876,0.874,0.689,1.06838758487732e-101,"CD4+ T cells","MIF"
2.44775143711868e-105,0.337110820783394,0.999,0.863,8.95901503499809e-101,"CD4+ T cells","TMSB10"
2.56642286400736e-105,0.417630967128488,0.748,0.569,9.39336432455336e-101,"CD4+ T cells","IKZF1"
5.81978119536447e-103,1.16755917960204,0.275,0.131,2.13009811531535e-98,"CD4+ T cells","BEX2"
3.43957639323839e-102,1.09963893504707,0.304,0.156,1.25891935568918e-97,"CD4+ T cells","ZNF101"
1.90806951695083e-101,1.12973640340561,0.307,0.156,6.98372523899175e-97,"CD4+ T cells","ANXA2R"
2.57218878426623e-101,0.784495415867871,0.372,0.21,9.41446816929281e-97,"CD4+ T cells","MAML2"
3.29414665307389e-101,0.361223395552275,0.919,0.743,1.20569061649158e-96,"CD4+ T cells","CIRBP"
4.59182832986011e-100,0.387036580728622,0.443,0.256,1.6806550870121e-95,"CD4+ T cells","RHOH"
1.34613827788468e-99,1.32524886750816,0.256,0.119,4.92700071088573e-95,"CD4+ T cells","AC243960.1"
5.64027554660932e-98,0.879660853580999,0.296,0.155,2.06439725281448e-93,"CD4+ T cells","SERINC5"
8.84601327858607e-98,0.96393585202136,0.331,0.174,3.23772932009529e-93,"CD4+ T cells","LINC01138"
2.80471041529534e-97,1.31333053092407,0.329,0.192,1.02655205910225e-92,"CD4+ T cells","CORO1B"
3.66761749409959e-97,0.461623990787631,0.821,0.639,1.34238467901539e-92,"CD4+ T cells","EIF4B"
4.51294855831393e-94,0.261029026173432,0.856,0.701,1.65178430182848e-89,"CD4+ T cells","LINC01578"
6.14801471728957e-93,0.51872360501237,0.603,0.447,2.25023486667516e-88,"CD4+ T cells","CMPK1"
1.30873610984629e-92,0.49761436389973,0.78,0.594,4.79010503564842e-88,"CD4+ T cells","SNHG5"
2.8708646807705e-92,0.518518312116915,0.618,0.464,1.05076518180881e-87,"CD4+ T cells","PPP1R2"
1.11603707221574e-90,0.867292063562166,0.911,0.753,4.08480728801684e-86,"CD4+ T cells","RPS26"
1.71369945810041e-90,0.296076273716812,0.343,0.182,6.27231138659332e-86,"CD4+ T cells","S1PR1"
3.88661130226911e-90,1.19325497023695,0.289,0.153,1.42253860274352e-85,"CD4+ T cells","TMEM238"
3.95823608658482e-90,0.43696395687494,0.789,0.627,1.44875399005091e-85,"CD4+ T cells","ANAPC16"
2.0511861220018e-89,0.625031246737545,0.434,0.268,7.50754632513878e-85,"CD4+ T cells","DNAJB1"
7.37998261302449e-89,0.439063319117278,0.75,0.595,2.70114743619309e-84,"CD4+ T cells","EIF4A2"
1.68331216674158e-88,0.943867579800877,0.299,0.159,6.16109086149086e-84,"CD4+ T cells","IPCEF1"
1.79110784892246e-88,0.35756668837168,0.978,0.799,6.55563383784111e-84,"CD4+ T cells","COX4I1"
4.13105149045435e-87,0.39227316600166,0.931,0.731,1.51200615602119e-82,"CD4+ T cells","EEF2"
4.99716065008253e-87,0.341734368580037,0.437,0.267,1.82901076953671e-82,"CD4+ T cells","NCK2"
7.8135898316234e-86,0.276432747566187,0.996,0.923,2.85985201427248e-81,"CD4+ T cells","TXNIP"
1.01177920630624e-85,0.565459580950499,0.628,0.455,3.70321307300148e-81,"CD4+ T cells","GYPC"
8.01294443248928e-85,0.579036832369365,0.433,0.251,2.9328177917354e-80,"CD4+ T cells","SKAP1"
6.42685073149844e-84,0.29849852136617,0.999,0.851,2.35229163623574e-79,"CD4+ T cells","RPS24"
1.10088325726057e-83,0.781712102308851,0.268,0.14,4.02934280989941e-79,"CD4+ T cells","SOCS3"
2.0127609823859e-83,0.510352571576308,0.666,0.51,7.36690647163062e-79,"CD4+ T cells","SEPTIN6"
1.33900540444558e-81,0.62950163798849,0.578,0.438,4.90089368081125e-77,"CD4+ T cells","CUTA"
1.71260046032855e-80,0.470987134848966,0.738,0.585,6.26828894484853e-76,"CD4+ T cells","UBXN1"
1.86546243107501e-80,0.539357341272563,0.701,0.551,6.82777904397766e-76,"CD4+ T cells","ATP5PO"
3.75294566047138e-79,0.325566755833431,0.636,0.44,1.37361564118913e-74,"CD4+ T cells","PLAAT4"
7.46209906044734e-78,0.965754918780225,0.353,0.217,2.73120287711433e-73,"CD4+ T cells","ATF7IP2"
2.13559912738329e-76,0.547755636183754,0.523,0.363,7.81650636613557e-72,"CD4+ T cells","TSTD1"
5.12857129337076e-76,0.526088028807976,0.259,0.136,1.87710837908663e-71,"CD4+ T cells","PIM2"
7.03040541927042e-76,0.513652635411848,0.677,0.54,2.57319868750716e-71,"CD4+ T cells","C19orf53"
1.07425061534873e-73,0.925574275414159,0.355,0.226,3.93186467723788e-69,"CD4+ T cells","MAPKAPK5-AS1"
1.07684298501671e-73,0.889870029920313,0.284,0.161,3.94135300945965e-69,"CD4+ T cells","LINC01089"
1.55746784169731e-73,0.607566312573068,0.43,0.269,5.70048804739632e-69,"CD4+ T cells","LBH"
7.06757296881608e-72,0.548124377968177,0.443,0.307,2.58680238231637e-67,"CD4+ T cells","ARHGAP15"
1.95325229841629e-71,0.335693161767696,0.693,0.524,7.14909873743348e-67,"CD4+ T cells","FAM107B"
4.85940627475442e-71,0.384732050538503,0.393,0.251,1.77859129062286e-66,"CD4+ T cells","SVIP"
6.92960226154416e-71,0.312325937351601,0.797,0.654,2.53630372374778e-66,"CD4+ T cells","ARL6IP5"
2.50972763950132e-70,0.672338616350353,0.503,0.367,9.1858541333388e-66,"CD4+ T cells","EPB41L4A-AS1"
2.43085166337386e-69,0.43741174800889,0.766,0.623,8.89716017311467e-65,"CD4+ T cells","APRT"
3.01749942039384e-69,0.435435635626896,0.631,0.465,1.10443496285835e-64,"CD4+ T cells","H1FX"
1.09479883346346e-68,0.440461716163776,0.704,0.565,4.00707321035962e-64,"CD4+ T cells","RAN"
1.75876255894267e-68,0.521717027299646,0.624,0.485,6.43724684198608e-64,"CD4+ T cells","ATP5PD"
3.27606738433864e-68,0.502129814427983,0.658,0.525,1.19907342334179e-63,"CD4+ T cells","ST13"
5.48981824021681e-68,0.522409071770885,0.463,0.317,2.00932837410175e-63,"CD4+ T cells","SNRPN"
1.95573331462648e-67,0.610858490533852,0.58,0.443,7.15817950486437e-63,"CD4+ T cells","RSL1D1"
3.97981391041396e-66,0.391997637365064,0.759,0.603,1.45665168935061e-61,"CD4+ T cells","EIF2S3"
1.27415421865028e-65,1.07872097087663,0.312,0.198,4.6635318556819e-61,"CD4+ T cells","TRADD"
4.61253264326961e-65,0.281970714003935,0.874,0.713,1.68823307276311e-60,"CD4+ T cells","ATP6V1G1"
6.1276410560638e-64,0.309617133774303,0.79,0.631,2.24277790292991e-59,"CD4+ T cells","EIF3G"
1.13516449129965e-63,0.901559607045456,0.321,0.204,4.15481555460585e-59,"CD4+ T cells","ILF3-DT"
1.2715413465813e-63,0.773783546675328,0.391,0.264,4.65396848262221e-59,"CD4+ T cells","BIN1"
2.74897206369374e-63,0.400380622468704,0.531,0.399,1.00615126503255e-58,"CD4+ T cells","CDKN1B"
6.91062968866575e-63,0.287975531394099,0.599,0.454,2.52935957234855e-58,"CD4+ T cells","GCC2"
6.40206662400465e-62,0.585704479115224,0.319,0.197,2.34322040505194e-57,"CD4+ T cells","RAPGEF6"
1.63596882614766e-61,0.665888760565832,0.448,0.322,5.98780950058307e-57,"CD4+ T cells","TMEM243"
2.6180823668841e-61,0.921917724409921,0.33,0.213,9.58244327103248e-57,"CD4+ T cells","MDFIC"
2.89464209611258e-61,0.356207389392194,0.79,0.643,1.05946795359816e-56,"CD4+ T cells","COX6C"
4.25815253308842e-61,0.333830489941435,0.903,0.732,1.55852640863569e-56,"CD4+ T cells","EIF3K"
5.71573829288636e-61,0.900172517294099,0.316,0.2,2.09201737257934e-56,"CD4+ T cells","CCDC66"
1.18373349135111e-60,0.350574186611751,0.335,0.203,4.3325829516942e-56,"CD4+ T cells","PDE3B"
1.45463783477927e-59,0.495696686272957,0.469,0.339,5.32411993907559e-55,"CD4+ T cells","ACAP1"
2.52935808135379e-59,0.295544618299442,0.563,0.44,9.257703513563e-55,"CD4+ T cells","NSD3"
2.74229625013548e-59,0.485931022782578,0.596,0.463,1.00370785051209e-54,"CD4+ T cells","NDUFA12"
2.60520233366141e-58,0.505807743307559,0.511,0.385,9.53530106143413e-54,"CD4+ T cells","SELENOW"
8.74162034973065e-58,0.60149584182279,0.487,0.364,3.19952046420492e-53,"CD4+ T cells","ABRACL"
2.78542873620431e-55,0.334519946652922,0.609,0.493,1.01949477173814e-50,"CD4+ T cells","CHURC1"
3.65546720045938e-55,0.378034593482873,0.704,0.577,1.33793755004014e-50,"CD4+ T cells","PTGES3"
2.2713633762083e-54,0.428733451428334,0.683,0.555,8.31341709325999e-50,"CD4+ T cells","RSL24D1"
3.04960332578023e-54,0.560618785566211,0.503,0.37,1.11618531326882e-49,"CD4+ T cells","PPA1"
4.89851580303979e-54,0.512904143306175,0.542,0.427,1.79290576907059e-49,"CD4+ T cells","NOL7"
2.83688180364355e-51,0.510929180836912,0.301,0.192,1.03832710895157e-46,"CD4+ T cells","AL499604.1"
8.73744493773009e-50,0.609689042059625,0.345,0.232,3.19799222165859e-45,"CD4+ T cells","SEPTIN1"
2.12283478570742e-49,0.319211913322095,0.764,0.616,7.76978759916771e-45,"CD4+ T cells","ERP29"
2.69150476055462e-49,0.312098722185249,0.684,0.568,9.85117657410595e-45,"CD4+ T cells","UBE2D2"
3.89057135329953e-49,0.715628752796221,0.341,0.236,1.42398802102116e-44,"CD4+ T cells","TECR"
4.15465010715066e-49,0.380145229479501,0.608,0.497,1.52064348571821e-44,"CD4+ T cells","RPS27L"
3.1071875405444e-48,0.302733218448097,0.669,0.542,1.13726171171466e-43,"CD4+ T cells","HIST1H4C"
3.11076838674577e-48,0.525030659362698,0.336,0.211,1.13857233723282e-43,"CD4+ T cells","RORA"
3.11064495418934e-47,0.314389495567408,0.628,0.512,1.13852715968284e-42,"CD4+ T cells","PPDPF"
2.80002013333236e-46,0.578062020018416,0.476,0.375,1.02483536900098e-41,"CD4+ T cells","ALKBH7"
2.59124556975134e-45,0.369043367675605,0.517,0.4,9.48421790984688e-41,"CD4+ T cells","SNHG7"
6.60327195060191e-45,0.473155065714301,0.49,0.39,2.41686356663981e-40,"CD4+ T cells","NDUFB9"
3.95859101998581e-44,0.585923602413749,0.255,0.162,1.44888389922501e-39,"CD4+ T cells","WWP1"
6.05074832578497e-44,0.428352675326886,0.543,0.424,2.21463439472056e-39,"CD4+ T cells","TNFAIP3"
1.61626574972124e-43,0.550508422871206,0.455,0.359,5.91569427055472e-39,"CD4+ T cells","IGBP1"
2.63492620305681e-43,0.424837300627311,0.328,0.221,9.64409339580822e-39,"CD4+ T cells","UPP1"
1.12742491147379e-42,0.533446960671669,0.301,0.192,4.12648791848523e-38,"CD4+ T cells","OPTN"
2.04137973937802e-41,0.425496733357998,0.434,0.314,7.47165398409749e-37,"CD4+ T cells","NUCB2"
2.06118366558865e-40,0.414327699213875,0.37,0.258,7.54413833442104e-36,"CD4+ T cells","LINC00623"
2.93199087810738e-39,0.697979035905116,0.328,0.236,1.07313798129608e-34,"CD4+ T cells","SNHG3"
4.94421846026098e-39,0.464717447883199,0.374,0.281,1.80963339864012e-34,"CD4+ T cells","HAX1"
4.00411103929474e-38,0.54942317126461,0.286,0.191,1.46554468149227e-33,"CD4+ T cells","CD4"
6.21697157678072e-38,0.6665815679554,0.357,0.267,2.27547376681751e-33,"CD4+ T cells","DNAJC19"
7.43515646482891e-38,0.341004876833759,0.602,0.504,2.72134161769203e-33,"CD4+ T cells","SSBP1"
1.47935900983998e-37,0.382712696960731,0.612,0.502,5.4146019119153e-33,"CD4+ T cells","EIF3M"
5.43481463439723e-37,0.651504983882247,0.282,0.193,1.98919650433573e-32,"CD4+ T cells","DYRK2"
1.09698097080841e-36,0.336912684742525,0.437,0.332,4.01506005125586e-32,"CD4+ T cells","C1orf56"
3.2263046938318e-36,0.405258804415967,0.557,0.454,1.18085978098938e-31,"CD4+ T cells","C1QBP"
3.67038614688978e-36,0.689757034328443,0.253,0.17,1.34339803362313e-31,"CD4+ T cells","CITED2"
5.95055694635115e-36,0.30161538161948,0.497,0.401,2.17796334793398e-31,"CD4+ T cells","TAF1D"
1.28149779387437e-35,0.392838192747755,0.253,0.163,4.69041007535957e-31,"CD4+ T cells","RASA3"
4.49818964432409e-35,0.387042544582385,0.478,0.382,1.64638239171906e-30,"CD4+ T cells","MED10"
1.24049491125032e-34,0.363846928548046,0.576,0.482,4.54033542466728e-30,"CD4+ T cells","POLR1D"
2.24875637122091e-34,0.372880958226068,0.58,0.484,8.23067319430565e-30,"CD4+ T cells","EIF3D"
1.10292661254711e-33,0.446928214619407,0.287,0.188,4.03682169458369e-29,"CD4+ T cells","CD96"
3.48063634518685e-33,0.335762123552108,0.66,0.558,1.27394770870184e-28,"CD4+ T cells","NDUFB11"
9.59783696977309e-33,0.481265666885802,0.348,0.265,3.51290430930665e-28,"CD4+ T cells","SRSF8"
2.46005128934124e-32,0.314788888623212,0.486,0.396,9.00403372411788e-28,"CD4+ T cells","JPX"
6.91639812414845e-32,0.435567216814835,0.499,0.419,2.53147087741957e-27,"CD4+ T cells","MRPS21"
1.00619740457852e-31,0.537241819418708,0.385,0.308,3.68278312049785e-27,"CD4+ T cells","SNHG16"
1.02264528183785e-31,0.539551656278493,0.273,0.188,3.7429839960547e-27,"CD4+ T cells","SNHG14"
1.75762949563007e-31,0.344308417717362,0.55,0.457,6.43309971695564e-27,"CD4+ T cells","SMIM26"
1.8269489134746e-31,0.615515277027184,0.283,0.201,6.68681571820837e-27,"CD4+ T cells","MT1X"
2.48974748277193e-31,0.50868528341116,0.445,0.369,9.11272476169353e-27,"CD4+ T cells","LSM5"
2.68057986601925e-31,0.280573316170433,0.586,0.498,9.81119036761706e-27,"CD4+ T cells","DDX24"
3.72567004400949e-31,0.331188538143906,0.802,0.69,1.36363249280792e-26,"CD4+ T cells","JUNB"
3.54173485210368e-30,0.531168003802437,0.315,0.232,1.29631037321847e-25,"CD4+ T cells","BLOC1S4"
3.705488620036e-30,0.666777036012407,0.28,0.201,1.35624588981938e-25,"CD4+ T cells","SUCLG2"
4.28367099524036e-30,0.440205555317857,0.361,0.285,1.56786642096792e-25,"CD4+ T cells","ATP1A1"
1.12567601932129e-29,0.419623871237326,0.495,0.413,4.12008679831787e-25,"CD4+ T cells","SSB"
1.31947970988171e-29,0.518394323794552,0.331,0.249,4.82942768613803e-25,"CD4+ T cells","SIGIRR"
3.99884865194833e-29,0.406154809214239,0.517,0.436,1.46361859509961e-24,"CD4+ T cells","PA2G4"
6.91796196610093e-29,0.397878492955505,0.415,0.332,2.5320432592126e-24,"CD4+ T cells","BUB3"
7.39429376369131e-29,0.686953275254874,0.293,0.222,2.70638546044866e-24,"CD4+ T cells","CLPP"
8.53761506976676e-29,0.53547553920643,0.289,0.209,3.12485249168533e-24,"CD4+ T cells","TMC8"
1.01189536803376e-28,0.342860934158561,0.296,0.213,3.70363823654037e-24,"CD4+ T cells","CCND2"
1.05462126351065e-28,0.394426845600187,0.465,0.388,3.86001928657532e-24,"CD4+ T cells","PSMC5"
2.06376890078833e-27,0.277320919843144,0.602,0.51,7.55360055377538e-23,"CD4+ T cells","MICOS10"
2.9934878289614e-27,0.406676587300718,0.341,0.262,1.09564648027816e-22,"CD4+ T cells","S1PR4"
8.01472068795026e-27,0.778257692647062,0.264,0.197,2.93346791899668e-22,"CD4+ T cells","NSMCE1"
8.28754061780031e-27,0.369423703292466,0.434,0.354,3.03332274152109e-22,"CD4+ T cells","SBDS"
1.43475311781901e-26,0.773633757087806,0.256,0.189,5.25133988652935e-22,"CD4+ T cells","LRRC75A"
8.51616648052828e-26,0.340038066527699,0.496,0.42,3.11700209353816e-21,"CD4+ T cells","TMEM14B"
9.48506178103076e-26,0.394514857424649,0.439,0.372,3.47162746247507e-21,"CD4+ T cells","REX1BD"
1.23937453467121e-25,0.458949317613753,0.292,0.218,4.53623473435009e-21,"CD4+ T cells","CHD3"
2.29870585226058e-25,0.620179694362577,0.301,0.231,8.41349328985895e-21,"CD4+ T cells","DANCR"
3.56890639592782e-25,0.596163443666639,0.294,0.225,1.30625542997354e-20,"CD4+ T cells","METTL5"
2.49540169471246e-24,0.311072526600842,0.576,0.492,9.13341974281708e-20,"CD4+ T cells","SNRPF"
2.59091517164727e-24,0.343806732788351,0.511,0.443,9.48300861974619e-20,"CD4+ T cells","RWDD1"
1.05317799664062e-23,0.446545952714804,0.349,0.278,3.85473678550432e-19,"CD4+ T cells","NSMCE3"
1.63427371489845e-23,0.31793336498671,0.466,0.398,5.98160522389983e-19,"CD4+ T cells","OCIAD1"
2.93954034981987e-23,0.371370796919039,0.493,0.422,1.07590116343757e-18,"CD4+ T cells","TTC3"
1.038819530692e-22,0.259264983459524,0.274,0.206,3.80218336428579e-18,"CD4+ T cells","C16orf54"
1.14183561789859e-22,0.361732116174545,0.412,0.347,4.17923254507063e-18,"CD4+ T cells","NDUFC1"
2.44906160955969e-22,0.277345173777134,0.537,0.461,8.96381039714943e-18,"CD4+ T cells","NDUFB4"
2.71127610614777e-22,0.318918161245597,0.28,0.205,9.92354167611147e-18,"CD4+ T cells","PITPNC1"
2.88912514376472e-22,0.536077290920505,0.255,0.19,1.05744869386932e-17,"CD4+ T cells","NAE1"
3.42679705128508e-22,0.439630454798458,0.254,0.183,1.25424198874085e-17,"CD4+ T cells","AC025164.1"
3.81160331856905e-22,0.614812988915865,0.262,0.2,1.39508493062946e-17,"CD4+ T cells","MFNG"
6.9801574638579e-22,0.592699399323112,0.269,0.206,2.55480743334663e-17,"CD4+ T cells","EBPL"
7.56675904512397e-22,0.376999121430992,0.485,0.415,2.76950947810582e-17,"CD4+ T cells","FBL"
1.02737199808762e-21,0.54206387500632,0.303,0.24,3.76028425020048e-17,"CD4+ T cells","TRAPPC6A"
7.04399933523815e-21,0.312420216254552,0.523,0.457,2.57817419669051e-16,"CD4+ T cells","RTRAF"
9.21232583594072e-21,0.399924870442826,0.429,0.368,3.37180337921266e-16,"CD4+ T cells","URI1"
1.21098117967848e-20,0.44098314458458,0.42,0.363,4.43231221574119e-16,"CD4+ T cells","EIF2A"
1.97464275740116e-20,0.291386586227677,0.475,0.414,7.227389956364e-16,"CD4+ T cells","FXR1"
2.6646068775893e-20,0.303656046265827,0.29,0.226,9.7527276326646e-16,"CD4+ T cells","TSPAN14"
3.29266159404583e-20,0.589946964474972,0.316,0.258,1.20514707003671e-15,"CD4+ T cells","FAM162A"
1.30619355094063e-18,0.365571599617391,0.433,0.376,4.78079901579779e-14,"CD4+ T cells","MRPS24"
2.55043689047156e-18,0.679751729336353,0.26,0.21,9.33485406281496e-14,"CD4+ T cells","MRPS33"
7.41319596675972e-18,0.52325378420009,0.326,0.276,2.71330385579373e-13,"CD4+ T cells","NBDY"
1.07624992654201e-17,0.250488779834125,0.421,0.368,3.9391823561364e-13,"CD4+ T cells","MRFAP1"
1.54912974199975e-17,0.458663772668547,0.308,0.247,5.6699697686933e-13,"CD4+ T cells","CFAP97"
9.50087987377379e-17,0.402367782460225,0.327,0.276,3.47741704259995e-12,"CD4+ T cells","UBE2N"
1.55050747102534e-16,0.318386253383924,0.437,0.386,5.67501239469984e-12,"CD4+ T cells","MRPL57"
4.54347012003344e-16,0.374417562556058,0.27,0.216,1.66295549863344e-11,"CD4+ T cells","CCDC18-AS1"
9.08236926591527e-16,0.378679489532251,0.38,0.331,3.32423797501765e-11,"CD4+ T cells","CCT4"
7.0881762792424e-15,0.263998208779407,0.516,0.457,2.59434339996551e-10,"CD4+ T cells","RBIS"
1.19115017186835e-14,0.283907597297983,0.256,0.205,4.35972874405533e-10,"CD4+ T cells","BEX4"
1.30030689820746e-14,0.397108334518157,0.338,0.293,4.75925327812911e-10,"CD4+ T cells","AIP"
1.44567586689801e-14,0.386541304374776,0.273,0.224,5.2913182404334e-10,"CD4+ T cells","MTERF4"
1.47369142083931e-14,0.320535392725507,0.397,0.35,5.39385796941396e-10,"CD4+ T cells","ATRAID"
4.79257518515405e-14,0.38164261795881,0.257,0.209,1.75413044351823e-09,"CD4+ T cells","FAM200B"
6.98656563977134e-14,0.375670759546304,0.355,0.311,2.55715288981271e-09,"CD4+ T cells","PDCD2"
9.10937435977403e-14,0.35281434127532,0.355,0.307,3.33412210942089e-09,"CD4+ T cells","NCBP2AS2"
1.0267555831272e-13,0.426104575357893,0.264,0.217,3.75802810980387e-09,"CD4+ T cells","DNMT1"
1.42501133141111e-13,0.572865308680358,0.266,0.226,5.21568397409779e-09,"CD4+ T cells","CNIH1"
1.55311101404176e-13,0.255239610025154,0.314,0.262,5.68454162249425e-09,"CD4+ T cells","SPTAN1"
1.99740088175767e-13,0.369160660465449,0.267,0.218,7.31068696732123e-09,"CD4+ T cells","ASXL1"
5.30871010718388e-13,0.363757111595576,0.259,0.209,1.94304098633037e-08,"CD4+ T cells","TBCC"
6.44368399669729e-13,0.32995368465823,0.423,0.381,2.35845277963117e-08,"CD4+ T cells","CCT3"
7.86801733582696e-13,0.398718709133603,0.276,0.231,2.87977302508602e-08,"CD4+ T cells","DOCK10"
1.69386287684367e-12,0.390287829813679,0.331,0.288,6.19970751553553e-08,"CD4+ T cells","IMP3"
1.78878497179684e-12,0.351533360034648,0.323,0.282,6.54713187527363e-08,"CD4+ T cells","VPS51"
2.09231888615121e-12,0.465265991849767,0.27,0.228,7.65809635520203e-08,"CD4+ T cells","NUDCD2"
3.03493316698439e-12,0.409711697896395,0.31,0.269,1.11081588844796e-07,"CD4+ T cells","POLR2I"
3.24692943070732e-12,0.338791341746783,0.321,0.277,1.18840864093319e-07,"CD4+ T cells","ADH5"
4.12631152337597e-12,0.361748469383714,0.324,0.285,1.51027128067084e-07,"CD4+ T cells","CACYBP"
7.22986800769328e-12,0.42489845407606,0.339,0.305,2.64620398949582e-07,"CD4+ T cells","PDCD5"
3.07164871356474e-11,0.356834841208915,0.318,0.279,1.12425414565183e-06,"CD4+ T cells","NME3"
4.65109970416233e-11,0.321004451108423,0.368,0.33,1.70234900272046e-06,"CD4+ T cells","DUT"
1.0653826641567e-10,0.299899824231114,0.278,0.235,3.89940708907994e-06,"CD4+ T cells","OTUD6B-AS1"
1.23076938758879e-10,0.471954493700906,0.275,0.238,4.50473903551373e-06,"CD4+ T cells","NOP58"
2.39331173814056e-10,0.488366224748121,0.263,0.227,8.75976029276825e-06,"CD4+ T cells","ARL14EP"
3.41746216416463e-10,0.477387566660258,0.264,0.229,1.2508253267059e-05,"CD4+ T cells","PFDN4"
3.60157280242457e-10,0.456187914063287,0.262,0.227,1.31821166141542e-05,"CD4+ T cells","DCXR"
4.6625981372522e-10,0.273520061899844,0.414,0.382,1.70655754421568e-05,"CD4+ T cells","AIMP1"
9.12406829960845e-10,0.325172887682604,0.283,0.245,3.33950023833969e-05,"CD4+ T cells","ZNHIT3"
1.30785721452351e-09,0.316648045266929,0.392,0.362,4.78688819087749e-05,"CD4+ T cells","GADD45GIP1"
3.29009118197207e-09,0.350562414194616,0.279,0.244,0.00012042062735136,"CD4+ T cells","MALT1"
4.80803405245747e-09,0.343310991151566,0.269,0.233,0.000175978854353996,"CD4+ T cells","METTL23"
1.07493124690368e-08,0.333454119957766,0.278,0.246,0.000393435585679217,"CD4+ T cells","NCBP2"
1.56087001153592e-08,0.291616862819609,0.335,0.306,0.000571294032922262,"CD4+ T cells","CCT7"
1.92952946214747e-08,0.343929585512262,0.27,0.236,0.000706227078440597,"CD4+ T cells","RNF126"
2.16336587805325e-08,0.305624034665644,0.279,0.25,0.000791813545026268,"CD4+ T cells","PMPCB"
2.54917417084057e-08,0.274982574066255,0.315,0.284,0.000933023238269359,"CD4+ T cells","EXOSC6"
1.82677923431479e-07,0.312513644386233,0.258,0.228,0.00668619467551557,"CD4+ T cells","CLDND1"
1.85037660946773e-07,0.283788671292043,0.32,0.294,0.00677256342831283,"CD4+ T cells","MRPL34"
4.02930804110414e-07,0.338892102950728,0.271,0.245,0.0147476703612453,"CD4+ T cells","MRPL43"
4.2180212316086e-07,0.331228454108532,0.259,0.234,0.0154383795098106,"CD4+ T cells","TAF9"
1.34966582757385e-06,0.375390869100489,0.252,0.229,0.0493991189550304,"CD4+ T cells","DAP3"
2.95356558540388e-06,0.255574691582529,0.351,0.325,0.108103453991368,"CD4+ T cells","HSPD1"
4.43639239420754e-06,0.346981600845695,0.279,0.257,0.16237639802039,"CD4+ T cells","NIFK"
5.0236742431073e-06,0.277053348503985,0.31,0.291,0.18387150097197,"CD4+ T cells","PABPC4"
5.39959018907723e-06,0.295567478924063,0.298,0.279,0.197630400510416,"CD4+ T cells","DARS"
5.6584320094935e-06,0.39632280234319,0.286,0.271,0.207104269979472,"CD4+ T cells","ESD"
1.44300085482542e-05,0.272642635028607,0.31,0.294,0.528152742874652,"CD4+ T cells","MRPS34"
0.000934864560428126,0.275001008254778,0.265,0.253,1,"CD4+ T cells","FAM174C"
0,7.39262930152876,0.745,0.079,0,"Basophils","ATP10D"
0,8.9974648476993,0.669,0.006,0,"Basophils","HDC"
0,8.75844998117815,0.665,0.014,0,"Basophils","GATA2"
0,11.9566930539924,0.59,0.002,0,"Basophils","AKAP12"
0,11.7174039564651,0.581,0.003,0,"Basophils","CLC"
0,4.98465947772175,0.673,0.118,0,"Basophils","CSF2RB"
0,5.53469723568445,0.698,0.192,0,"Basophils","RUNX1"
0,7.75646090912952,0.53,0.037,0,"Basophils","SOCS2"
0,4.82552805171327,0.739,0.251,0,"Basophils","RFLNB"
0,3.64120353759499,0.617,0.153,0,"Basophils","ABHD5"
0,9.27746981237039,0.44,0.006,0,"Basophils","GCSAML"
0,4.7949961326817,0.631,0.2,0,"Basophils","PIM1"
0,9.52618425756789,0.43,0.003,0,"Basophils","MS4A3"
0,3.00652518365923,0.641,0.222,0,"Basophils","MXD1"
0,4.8101000971919,0.526,0.118,0,"Basophils","MAF"
0,8.72970572132169,0.409,0.002,0,"Basophils","MS4A2"
0,3.63001844133599,0.525,0.125,0,"Basophils","DUSP6"
0,4.06673766247316,0.637,0.258,0,"Basophils","PAG1"
0,4.69536545400543,0.468,0.096,0,"Basophils","ACOX1"
0,3.55061905787434,0.63,0.273,0,"Basophils","SAMSN1"
0,4.19000175617287,0.502,0.152,0,"Basophils","MAPK14"
0,4.4903637749054,0.419,0.074,0,"Basophils","CR1"
0,4.96528501059276,0.46,0.128,0,"Basophils","PDLIM5"
0,3.20292309554667,0.699,0.372,0,"Basophils","MED13L"
0,10.8962832487962,0.324,0.001,0,"Basophils","CACNG8"
0,4.80172298009466,0.366,0.055,0,"Basophils","IL3RA"
0,10.1900805974407,0.308,0.002,0,"Basophils","ITGB8"
0,4.11407897039919,0.411,0.107,0,"Basophils","FCER1A"
0,4.88441814782689,0.356,0.064,0,"Basophils","TMEM164"
0,5.75933917224368,0.336,0.06,0,"Basophils","STARD4"
0,10.2172602424348,0.275,0.002,0,"Basophils","IL1RL1"
0,7.10382484301919,0.261,0.003,0,"Basophils","CCR3"
0,5.63683131773117,0.285,0.038,0,"Basophils","NLK"
0,7.03850727572012,0.252,0.02,0,"Basophils","CD200R1"
0,4.91286980129667,0.278,0.048,0,"Basophils","OSM"
0,0.832157486827543,0.921,0.724,0,"Basophils","NEAT1"
0,1.47363820578781,0.988,0.98,0,"Basophils","MT-ND2"
4.27574261579993e-316,4.49735913745448,0.439,0.143,1.56496455480893e-311,"Basophils","JAK2"
1.22516704099137e-308,2.8714936933723,0.608,0.29,4.48423388673252e-304,"Basophils","TMEM154"
6.12039908478703e-285,4.3496257002585,0.315,0.075,2.2401272690229e-280,"Basophils","FRY"
8.39080617572652e-284,3.9421917031436,0.394,0.12,3.07111896837766e-279,"Basophils","TP53INP1"
1.81471271384237e-263,0.960591519478918,0.992,0.977,6.64203000393446e-259,"Basophils","MT-ND1"
5.70099141334908e-262,2.39028101291127,0.738,0.571,2.0866198671999e-257,"Basophils","PLCG2"
1.13560129444493e-245,3.48721840121272,0.512,0.238,4.15641429779789e-241,"Basophils","GNAQ"
6.96524431650347e-227,4.52152441506883,0.459,0.206,2.54934907228344e-222,"Basophils","PRNP"
4.15371867663837e-220,4.26529535639742,0.324,0.098,1.52030257283641e-215,"Basophils","GK5"
3.04058740600495e-214,2.20168792857851,0.729,0.641,1.11288539647187e-209,"Basophils","CELF2"
2.59594427417438e-205,4.09300790496188,0.533,0.3,9.50141563790566e-201,"Basophils","BIRC3"
2.55175967588616e-196,4.40362079315214,0.39,0.158,9.33969558971093e-192,"Basophils","SFXN1"
6.69170240671036e-193,1.82398445697419,0.663,0.472,2.44922999788006e-188,"Basophils","SORL1"
7.66027222250354e-192,3.87544008428224,0.285,0.084,2.80373623615852e-187,"Basophils","STXBP5"
3.25843684406658e-190,3.71714804222352,0.359,0.135,1.19262046929681e-185,"Basophils","HSH2D"
3.25321415461224e-189,4.05075624209504,0.428,0.198,1.19070891272962e-184,"Basophils","USP48"
1.2804903466366e-181,2.15300894850256,0.694,0.626,4.68672271772462e-177,"Basophils","DDX17"
1.88605839546465e-180,3.88392627182818,0.366,0.147,6.90316233324015e-176,"Basophils","SOCS1"
3.84675705543649e-180,3.71483385193187,0.352,0.135,1.40795154986031e-175,"Basophils","CFD"
3.78199184450058e-175,3.81142755090684,0.42,0.199,1.38424683500566e-170,"Basophils","MSI2"
1.3321657859551e-170,3.01353986617082,0.484,0.251,4.87585999317426e-166,"Basophils","AREG"
4.54504246944228e-166,3.4662685084036,0.407,0.192,1.66353099424057e-161,"Basophils","PGD"
1.18675549492472e-163,2.85768411054366,0.429,0.207,4.34364378697398e-159,"Basophils","IL17RA"
1.28825525234291e-159,3.68442555930818,0.284,0.095,4.71514304910029e-155,"Basophils","CHD7"
4.37584252794251e-158,3.5506685571482,0.506,0.324,1.60160212365224e-153,"Basophils","UGP2"
3.59017992970767e-153,3.01333294807652,0.566,0.419,1.3140417560723e-148,"Basophils","CYLD"
4.62321532025247e-150,3.72942015084401,0.26,0.084,1.69214303936561e-145,"Basophils","MIR4435-2HG"
8.78075900440715e-150,3.68821973924578,0.305,0.114,3.21384560320306e-145,"Basophils","TNIK"
5.8755609294057e-146,2.66309012992505,0.437,0.229,2.15051405577178e-141,"Basophils","RAB31"
4.91019368585818e-144,2.29378635752994,0.614,0.493,1.79717999096095e-139,"Basophils","USP15"
5.49574578168928e-144,3.44908183854407,0.287,0.104,2.01149791355609e-139,"Basophils","CKAP4"
2.51652625005143e-142,3.84962810752798,0.354,0.161,9.21073772781323e-138,"Basophils","BHLHE40"
5.01356251654146e-138,3.26674759322504,0.438,0.247,1.83501401667934e-133,"Basophils","ATXN7"
2.0423589030488e-136,3.30443387661985,0.478,0.306,7.47523782104892e-132,"Basophils","CLINT1"
2.94065594100231e-125,2.94060145974372,0.282,0.109,1.07630948096626e-120,"Basophils","ADGRE2"
9.52093819102117e-120,1.10610124703357,0.791,0.749,3.48475858729566e-115,"Basophils","SRGN"
1.0597200890929e-114,1.74428846793669,0.681,0.692,3.87868149808893e-110,"Basophils","STK17B"
2.14716677978299e-110,3.27491560448031,0.36,0.189,7.85884513068373e-106,"Basophils","S1PR1"
4.25128747756216e-110,0.916886930725211,0.824,0.908,1.55601372966253e-105,"Basophils","DDX5"
6.81836819804121e-109,2.22153778171639,0.534,0.388,2.49559094416506e-104,"Basophils","ALOX5AP"
2.16133724467523e-108,3.68572552893317,0.363,0.197,7.91071044923581e-104,"Basophils","PRKX"
4.92396423515552e-107,2.16991575726952,0.411,0.229,1.80222014970927e-102,"Basophils","IRS2"
5.12531172430814e-107,2.91453693957379,0.409,0.241,1.87591534421402e-102,"Basophils","RAB27A"
9.22619713762978e-107,3.62156326635911,0.313,0.149,3.37688041434388e-102,"Basophils","CD84"
6.08426341581024e-106,3.19578182756278,0.264,0.107,2.22690125282071e-101,"Basophils","MCTP2"
1.98966860476335e-101,3.6293163256687,0.321,0.163,7.28238606029433e-97,"Basophils","BTK"
2.61755424420227e-101,1.17545785016128,0.773,0.781,9.58051028920472e-97,"Basophils","KLF2"
2.11355072739394e-97,2.87834104082788,0.481,0.357,7.73580701733458e-93,"Basophils","ZBTB7A"
1.85162810562467e-95,3.67378984943423,0.253,0.108,6.77714402939685e-91,"Basophils","CASP3"
3.56092523322915e-92,2.77971180610054,0.367,0.211,1.3033342446142e-87,"Basophils","BAZ2B"
6.30825833279039e-92,3.32813278924383,0.35,0.197,2.30888563238461e-87,"Basophils","HIPK2"
1.48070343464918e-90,1.52261330378385,0.612,0.596,5.41952264115946e-86,"Basophils","ETS1"
2.71252740261193e-88,1.89470803440323,0.602,0.592,9.92812154629994e-84,"Basophils","MYH9"
1.0135837364882e-86,0.754050613534423,0.998,0.981,3.70981783392047e-82,"Basophils","MALAT1"
1.80785632105629e-85,1.11909347400229,0.686,0.753,6.61693492069815e-81,"Basophils","RIPOR2"
1.13731145039348e-81,3.18535663432283,0.269,0.131,4.16267363958519e-77,"Basophils","ALOX5"
9.57180138816085e-81,2.83357011340646,0.421,0.295,3.50337502608075e-76,"Basophils","BCL2"
1.80035235571552e-78,0.726624935575211,0.784,0.944,6.58946965715437e-74,"Basophils","HLA-E"
1.00107986425062e-75,3.2794672641175,0.265,0.132,3.6640524111437e-71,"Basophils","CCNG2"
2.41416980913911e-75,3.09439290973468,0.266,0.132,8.83610291843005e-71,"Basophils","ANKRD28"
2.08143086874005e-74,2.40761386966135,0.473,0.365,7.61824512267544e-70,"Basophils","CD69"
6.19959353596664e-74,2.8548202595902,0.329,0.194,2.26911323009915e-69,"Basophils","CAMK1D"
1.61161579414147e-67,0.256566463223258,0.291,0.635,5.8986749681372e-63,"Basophils","EIF4A2"
8.51035871703534e-67,2.82428465167446,0.296,0.168,3.1148763940221e-62,"Basophils","ERN1"
1.25759447010741e-66,3.08021537511196,0.343,0.223,4.60292152004012e-62,"Basophils","HERC1"
2.52900702781432e-66,2.18587056178947,0.321,0.188,9.2564186225032e-62,"Basophils","FOXO3"
1.79240659769781e-65,0.520887050000773,0.692,0.631,6.56038738823375e-61,"Basophils","SAT1"
2.53026455190888e-64,2.10000602027038,0.518,0.49,9.26102128644168e-60,"Basophils","AAK1"
2.39367203042203e-63,1.36892462460798,0.491,0.376,8.76107899854768e-59,"Basophils","RGS2"
3.11336969336482e-63,0.27450819065829,0.245,0.545,1.13952444146846e-58,"Basophils","TMBIM4"
4.05359336524146e-63,0.278145360451134,0.198,0.473,1.48365570761203e-58,"Basophils","CBX3"
5.70640517268619e-63,0.257446241340942,0.134,0.371,2.08860135725487e-58,"Basophils","UQCRC2"
3.72799131789849e-62,2.51082890012137,0.253,0.13,1.36448210226403e-57,"Basophils","DENND3"
1.54672981557593e-61,1.63876526090889,0.469,0.367,5.66118579798946e-57,"Basophils","MYO1F"
1.95073233086642e-60,2.6015174947935,0.394,0.292,7.1398754042042e-56,"Basophils","CLK1"
2.21615368390597e-60,0.296939237156839,0.151,0.39,8.11134409846423e-56,"Basophils","PTPN2"
2.7171366533983e-58,0.31698980921764,0.346,0.699,9.94499186510314e-54,"Basophils","ELOB"
6.44036683894355e-58,2.94356890400617,0.272,0.155,2.35723866672173e-53,"Basophils","ADAM8"
2.98056996411386e-57,2.3607747865009,0.445,0.377,1.09091841256531e-52,"Basophils","MACF1"
3.96447401861912e-57,2.50618228503259,0.328,0.213,1.45103713555478e-52,"Basophils","FOSL2"
6.42862852931536e-55,2.71446137861727,0.258,0.144,2.35294232801471e-50,"Basophils","ITGAM"
8.24382125616521e-55,2.31582987485259,0.345,0.231,3.01732101796903e-50,"Basophils","PCNX1"
9.16123535564508e-55,0.3780854940797,0.175,0.417,3.35310375251966e-50,"Basophils","ORMDL1"
1.99748323681079e-54,2.81758359902787,0.312,0.202,7.31098839505117e-50,"Basophils","TRIM33"
2.42296633175391e-54,2.02526926943064,0.25,0.132,8.86829907085247e-50,"Basophils","TLR4"
7.67958515884087e-54,0.371184966164855,0.205,0.462,2.81080496398735e-49,"Basophils","H2AFV"
1.10204605612239e-53,0.29932965266341,0.182,0.422,4.03359877001356e-49,"Basophils","JPX"
3.26979086485826e-53,2.2481659181445,0.424,0.345,1.19677615444677e-48,"Basophils","OGA"
1.40351514196379e-52,0.420987004268982,0.174,0.41,5.13700577110167e-48,"Basophils","SMARCE1"
3.54533651436086e-52,0.399900702754128,0.175,0.415,1.29762861762122e-47,"Basophils","HNRNPA0"
4.76375494626529e-52,2.41457916641992,0.325,0.213,1.74358194788256e-47,"Basophils","SYTL3"
5.17064771512521e-52,0.292693038070579,0.177,0.416,1.89250877021298e-47,"Basophils","PCNP"
1.0575721512398e-51,0.274600358650185,0.12,0.324,3.87081983075278e-47,"Basophils","BAG1"
2.13663835461319e-51,1.66388649274441,0.546,0.517,7.82031004171973e-47,"Basophils","KLF6"
2.42524786755752e-51,0.404543984332768,0.979,0.968,8.87664972004728e-47,"Basophils","MT-ND4"
2.78958491483285e-51,1.61100530765158,0.603,0.684,1.02101597467797e-46,"Basophils","MT-ND4L"
3.60477673187722e-51,0.293227201972305,0.142,0.356,1.31938433163438e-46,"Basophils","TMED2"
9.44216600215582e-51,2.07221263199163,0.447,0.383,3.45592717844905e-46,"Basophils","RASSF5"
9.58549906037343e-51,0.435134884773212,0.111,0.309,3.50838851108728e-46,"Basophils","PSMD13"
2.72656982081838e-50,1.9764807453776,0.501,0.472,9.97951820117736e-46,"Basophils","PTBP3"
4.15966846087579e-50,0.255698407793274,0.228,0.484,1.52248025336515e-45,"Basophils","KHDRBS1"
1.50604406593461e-49,0.357453482185615,0.144,0.357,5.51227188572726e-45,"Basophils","SSR3"
1.98245001641382e-49,0.260495172789709,0.093,0.275,7.25596530507624e-45,"Basophils","EIF3J"
6.41796204920347e-49,2.89548843306521,0.359,0.269,2.34903828962896e-44,"Basophils","FTX"
7.74305803407154e-49,0.409854758269458,0.176,0.406,2.83403667105052e-44,"Basophils","NONO"
1.00468522603946e-48,0.402401051904652,0.164,0.383,3.67724839582703e-44,"Basophils","RBBP4"
1.03601502968402e-48,0.411429696630933,0.174,0.406,3.7919186101465e-44,"Basophils","HEBP2"
1.32363940790061e-48,2.10185038585184,0.394,0.305,4.84465259685703e-44,"Basophils","RICTOR"
1.47378166455981e-48,0.345799069197291,0.137,0.338,5.39418827045537e-44,"Basophils","EIF5B"
1.94971611058904e-48,1.45868346507734,0.407,0.302,7.13615593636696e-44,"Basophils","GLUL"
9.04762609970947e-48,2.63556021793274,0.303,0.201,3.31152162875466e-43,"Basophils","SOS2"
1.17635706147983e-47,0.31025571183493,0.22,0.47,4.30558448072234e-43,"Basophils","TERF2IP"
4.90816620927035e-47,0.46253162244927,0.094,0.274,1.79643791425504e-42,"Basophils","IDH3G"
1.11077521748631e-46,3.17837963361113,0.277,0.179,4.06554837352163e-42,"Basophils","FOXN2"
1.52716613998412e-46,0.419924724405949,0.232,0.494,5.58958078895589e-42,"Basophils","HNRNPH3"
3.08407163285537e-46,0.291325901009993,0.295,0.594,1.12880105834139e-41,"Basophils","CD53"
3.21572994762607e-46,0.623388946599304,0.192,0.428,1.17698931813062e-41,"Basophils","NDUFV2"
6.86249535433618e-46,0.405677551538022,0.329,0.213,2.51174192464058e-41,"Basophils","PF4"
3.40731615560244e-45,0.662101645112203,0.202,0.446,1.24711178611205e-40,"Basophils","LSM8"
4.96493607785223e-45,0.479664367083304,0.254,0.525,1.8172162538547e-40,"Basophils","UBE2I"
6.1734857493168e-45,0.393451741723348,0.137,0.336,2.25955751910744e-40,"Basophils","PPP4C"
2.23393466156545e-44,0.591358928694074,0.175,0.393,8.1764242547957e-40,"Basophils","CHMP4A"
3.30037720891261e-44,0.28638237846981,0.126,0.313,1.2079710622341e-39,"Basophils","SMC3"
5.20168802170874e-44,0.284518268422443,0.108,0.285,1.90386983282562e-39,"Basophils","SERPINB6"
5.77321736998165e-44,0.392142798552971,0.131,0.32,2.11305528958698e-39,"Basophils","DNAJA2"
6.42048919977967e-44,0.313671347439273,0.088,0.253,2.34996325201136e-39,"Basophils","SFT2D1"
7.77051377829157e-44,2.50972210353405,0.316,0.224,2.8440857479925e-39,"Basophils","CYTOR"
9.44457176634396e-44,0.46307879940415,0.263,0.525,3.45680771219955e-39,"Basophils","VAPA"
1.16320461349718e-43,2.61546268049923,0.356,0.272,4.25744520586103e-39,"Basophils","RHOH"
1.47311701647902e-43,0.549935575275457,0.2,0.431,5.39175559201486e-39,"Basophils","RBM4"
1.67709800465184e-43,0.286375751755702,0.151,0.347,6.13834640682618e-39,"Basophils","DBNL"
1.92566694241523e-43,0.265216382008387,0.089,0.253,7.04813357593397e-39,"Basophils","CFDP1"
2.61838004572757e-43,0.405045601293159,0.167,0.375,9.58353280536746e-39,"Basophils","AMD1"
9.80878857405458e-43,0.355009499455838,0.111,0.285,3.59011470598972e-38,"Basophils","ILF3"
1.05297380128426e-42,0.379064385983377,0.145,0.339,3.85398941008052e-38,"Basophils","ATF4"
1.27337168461242e-42,0.359219793410817,0.271,0.54,4.66066770284991e-38,"Basophils","WASF2"
1.45996304643213e-42,0.688835485614995,0.88,0.984,5.34361074624622e-38,"Basophils","ACTB"
3.14950152123602e-42,0.43692075864103,0.209,0.444,1.1527490517876e-37,"Basophils","ZC3H15"
4.93764146768458e-42,2.66926772371561,0.285,0.19,1.80722615358723e-37,"Basophils","TPST2"
7.75694687688151e-42,0.456292220143551,0.183,0.399,2.8391201264074e-37,"Basophils","DOCK2"
1.52568683296256e-41,0.29562704008235,0.158,0.354,5.58416637732627e-37,"Basophils","BUB3"
2.05792705128168e-41,1.83439605154653,0.495,0.486,7.53221880039609e-37,"Basophils","PRKCB"
2.32608587260023e-41,0.333741300680328,0.298,0.585,8.51370690230408e-37,"Basophils","CAPZB"
3.86031759881612e-41,0.289971761726473,0.103,0.267,1.41291484434269e-36,"Basophils","UBE2G2"
3.9037924334506e-41,2.36183687308288,0.291,0.195,1.42882706856725e-36,"Basophils","SLCO3A1"
5.77097380363566e-41,0.391957296507725,0.145,0.335,2.11223412186869e-36,"Basophils","SYNCRIP"
8.38605680206802e-41,0.583067177137968,0.176,0.389,3.06938065012491e-36,"Basophils","WTAP"
1.02380030337597e-40,2.26147912494304,0.441,0.399,3.7472114903864e-36,"Basophils","IRF2BP2"
3.68176982037574e-40,0.315805398911529,0.166,0.367,1.34756457195572e-35,"Basophils","HSD17B11"
3.75256004533182e-40,0.375561414532682,0.098,0.261,1.3734745021919e-35,"Basophils","NT5C"
4.43957887451786e-40,2.6304744284052,0.318,0.233,1.62493026386228e-35,"Basophils","SPTBN1"
1.36859683876758e-39,1.77190560086597,0.559,0.645,5.00920128957322e-35,"Basophils","N4BP2L2"
1.71758613047504e-39,0.254069951124027,0.097,0.257,6.28653699615168e-35,"Basophils","OS9"
1.89672206984381e-39,0.276927469280155,0.131,0.309,6.94219244783535e-35,"Basophils","NRDC"
2.84314224167838e-39,0.590671706316774,0.226,0.462,1.0406184918767e-34,"Basophils","U2SURP"
3.80260240192151e-39,0.544590624700042,0.256,0.509,1.39179050512729e-34,"Basophils","EPC1"
4.74042811286168e-39,0.490939794098575,0.111,0.279,1.7350440935885e-34,"Basophils","DNAJC21"
5.54506194068792e-39,0.485394243955699,0.257,0.511,2.02954812091119e-34,"Basophils","BZW1"
5.68951653098875e-39,0.325124860756136,0.143,0.325,2.08241994550719e-34,"Basophils","RBM27"
5.70196304530226e-39,1.23033276362061,0.614,0.698,2.08697549421108e-34,"Basophils","ACTR2"
5.91621284738766e-39,0.291855652103778,0.126,0.3,2.16539306427236e-34,"Basophils","PKN1"
9.25719110445373e-39,0.428822128022189,0.302,0.573,3.38822451614111e-34,"Basophils","HNRNPD"
1.08802097039045e-38,0.276463056176803,0.914,0.993,3.9822655537261e-34,"Basophils","FTH1"
1.83734414129803e-38,2.21038934111891,0.378,0.312,6.72486329156491e-34,"Basophils","GNG2"
2.24240189195392e-38,0.501120701781909,0.204,0.42,8.20741516474053e-34,"Basophils","RTF1"
3.34583055979416e-38,0.422804934584454,0.094,0.251,1.22460744319026e-33,"Basophils","VTI1B"
4.6237315186536e-38,0.540207168759955,0.106,0.267,1.69233197314241e-33,"Basophils","WDR33"
4.62394744922338e-38,0.294108760225389,0.097,0.25,1.69241100589025e-33,"Basophils","OTUD6B-AS1"
4.80169480178233e-38,0.289421185111738,0.118,0.284,1.75746831440035e-33,"Basophils","LARP7"
5.37137920284929e-38,2.50708078243093,0.342,0.267,1.96597850203487e-33,"Basophils","PLEKHA2"
6.40940079928538e-38,0.399207887698051,0.131,0.306,2.34590478654644e-33,"Basophils","MBD4"
9.29263402484689e-38,0.432076674005485,0.12,0.292,3.40119697943421e-33,"Basophils","RGS19"
9.87568396932093e-38,0.804406538040414,0.176,0.382,3.61459908961115e-33,"Basophils","DNAJC7"
1.56132670983298e-37,0.439572826661439,0.155,0.34,5.7146118906597e-33,"Basophils","FNBP4"
1.77092119480471e-37,0.548151221424183,0.222,0.445,6.48174866510472e-33,"Basophils","PPIG"
1.98495894840786e-37,0.389195767324739,0.105,0.264,7.26514824706761e-33,"Basophils","PMPCB"
2.16015735075501e-37,0.389286435714479,0.239,0.474,7.90639191949842e-33,"Basophils","TMEM50A"
2.38110803618537e-37,0.56423940927945,0.135,0.311,8.71509352324209e-33,"Basophils","LYPLA1"
2.43728215560346e-37,0.376293646253026,0.113,0.276,8.92069641772422e-33,"Basophils","COPB1"
2.59152778772958e-37,0.476312237543863,0.113,0.279,9.48525085586905e-33,"Basophils","SPINT2"
2.65696091230822e-37,0.262720136766589,0.12,0.285,9.72474263513933e-33,"Basophils","UBTF"
4.52435763191353e-37,0.493526750582187,0.131,0.303,1.65596013685667e-32,"Basophils","HAX1"
5.39274191755013e-37,0.359429755231027,0.13,0.3,1.97379746924252e-32,"Basophils","KRAS"
5.70475388998958e-37,0.529909964228566,0.111,0.271,2.08799697127509e-32,"Basophils","MED28"
7.05210379656833e-37,0.431495173368007,0.119,0.285,2.58114051058198e-32,"Basophils","R3HDM2"
8.50283040218052e-37,0.587675793430218,0.149,0.33,3.11212095550209e-32,"Basophils","ANAPC5"
9.86934042005293e-37,2.33358367699044,0.375,0.315,3.61227728714357e-32,"Basophils","LPGAT1"
1.12601992364043e-36,0.453457662097781,0.139,0.315,4.12134552251634e-32,"Basophils","WBP11"
1.17316426650674e-36,0.263205592333652,0.201,0.41,4.2938985318413e-32,"Basophils","DYNLL1"
1.1966142414634e-36,0.469164318278966,0.291,0.559,4.37972778518019e-32,"Basophils","SH3BGRL"
3.58093944650618e-36,0.40445202868779,0.12,0.284,1.31065964681573e-31,"Basophils","PPP2CA"
4.58758735426012e-36,0.622499493365948,0.099,0.252,1.67910284753275e-31,"Basophils","SYPL1"
4.87088382213615e-36,0.60995149697585,0.206,0.427,1.78279218774005e-31,"Basophils","PNRC2"
6.68861572373553e-36,0.293377041408451,0.135,0.307,2.44810024104444e-31,"Basophils","AKIRIN2"
6.97585849729359e-36,0.374254002863287,0.392,0.722,2.55323396859443e-31,"Basophils","HNRNPA3"
1.04556866435725e-35,0.725336977603617,0.11,0.27,3.82688586841396e-31,"Basophils","SYNGR2"
1.2567684210685e-35,0.524430988745235,0.139,0.311,4.5998980979528e-31,"Basophils","TUBB"
1.28087792101962e-35,0.622068518858823,0.139,0.314,4.68814127872391e-31,"Basophils","DNTTIP2"
1.8930241172356e-35,0.560995134127405,0.117,0.278,6.92865757149403e-31,"Basophils","TMEM167A"
2.72375226251693e-35,0.450659331569611,0.346,0.649,9.96920565603822e-31,"Basophils","FUS"
2.93288538682812e-35,0.519653354840868,0.23,0.451,1.07346538043296e-30,"Basophils","ARPC4"
3.66508651733208e-35,0.366774576112342,0.145,0.315,1.34145831620871e-30,"Basophils","PRKACB"
4.83044690524892e-35,0.574177342857794,0.103,0.254,1.76799187179016e-30,"Basophils","HM13"
6.62439704244851e-35,0.466731785767997,0.107,0.259,2.42459556150658e-30,"Basophils","WIPI2"
7.46547031375517e-35,0.704596948318679,0.118,0.28,2.73243678953753e-30,"Basophils","VPS36"
1.28200100587892e-34,0.47076528995382,0.181,0.37,4.69225188161745e-30,"Basophils","PTPRA"
1.73781126950231e-34,0.574462316451709,0.249,0.487,6.3605630275054e-30,"Basophils","KTN1"
1.75914190488197e-34,0.713943466093832,0.132,0.299,6.43863528605851e-30,"Basophils","TIAL1"
1.87191798139431e-34,0.518802324552182,0.112,0.267,6.8514070037013e-30,"Basophils","MAPK1IP1L"
2.26800855850223e-34,3.16254631436946,0.27,0.189,8.30113812497402e-30,"Basophils","SLC39A10"
3.20491424211742e-34,0.723323442302553,0.188,0.385,1.1730306617574e-29,"Basophils","PPHLN1"
5.04233421678341e-34,1.86626884167912,0.467,0.464,1.8455447466849e-29,"Basophils","EPB41"
6.76354239201097e-34,0.489448553919948,0.161,0.337,2.47552415089994e-29,"Basophils","THUMPD1"
7.25207837224713e-34,0.783544649770278,0.115,0.27,2.65433320502617e-29,"Basophils","RBBP7"
7.78141714434117e-34,0.305965642889036,0.121,0.276,2.84807648900031e-29,"Basophils","SRPK2"
1.05248471852927e-33,0.616570665848915,0.237,0.464,3.85219931828899e-29,"Basophils","SF3B2"
1.64355315460732e-33,0.481146976445754,0.106,0.254,6.01556890117824e-29,"Basophils","CAPRIN1"
1.95890503805965e-33,0.40014808311825,0.119,0.27,7.16978832980211e-29,"Basophils","EBLN3P"
2.7474615066201e-33,0.391471862562963,0.198,0.398,1.00559838603802e-28,"Basophils","CAPZA2"
4.42112027481156e-33,0.258409843701361,0.115,0.264,1.61817423178378e-28,"Basophils","ZBTB1"
4.96109142186668e-33,0.674984776798881,0.161,0.343,1.81580907131742e-28,"Basophils","ANXA7"
6.43852401902947e-33,0.408829146420518,0.12,0.273,2.35656417620498e-28,"Basophils","FUBP1"
9.4084491532621e-33,0.678974771610711,0.111,0.264,3.44358647458546e-28,"Basophils","ZFP91"
1.05749686867277e-32,0.692240394216287,0.191,0.386,3.8705442890292e-28,"Basophils","HSPA9"
1.16421659787943e-32,0.368753629642429,0.151,0.321,4.26114916989852e-28,"Basophils","UBE2R2"
1.52482734703263e-32,0.579044060253929,0.186,0.379,5.58102057287412e-28,"Basophils","ZMAT2"
1.72972394577717e-32,0.719003463218005,0.198,0.396,6.33096261393903e-28,"Basophils","PRPF4B"
2.43628845572328e-32,0.597609569631353,0.116,0.268,8.91705937679279e-28,"Basophils","YTHDF2"
3.53365395784407e-32,1.97367385131391,0.456,0.453,1.29335268511051e-27,"Basophils","ANKRD44"
4.15214696045757e-32,0.728102417581633,0.155,0.327,1.51972730899708e-27,"Basophils","RBM17"
8.37273624686084e-32,0.609525893355306,0.277,0.524,3.06450519371354e-27,"Basophils","DDX24"
9.76684653503274e-32,0.525746049265884,0.268,0.507,3.57476350028733e-27,"Basophils","YY1"
1.00935370156144e-31,0.447238068800654,0.256,0.486,3.69433548308501e-27,"Basophils","CAPZA1"
1.10097407857209e-31,0.356258130110021,0.11,0.253,4.02967522498169e-27,"Basophils","TRAPPC10"
3.24718997691325e-31,0.37171644040094,0.122,0.272,1.18850400345002e-26,"Basophils","SELENOS"
4.38028776083752e-31,0.6283130743577,0.162,0.334,1.60322912334414e-26,"Basophils","ARHGAP15"
4.52154964529495e-31,2.63340524745251,0.28,0.205,1.6549323856744e-26,"Basophils","DGKD"
4.84044196234343e-31,0.460550253110313,0.121,0.269,1.77165016263732e-26,"Basophils","SFT2D2"
5.13793792279114e-31,0.255954307419123,0.115,0.258,1.88053665912078e-26,"Basophils","TMC6"
5.77443362962936e-31,0.488684061817419,0.158,0.329,2.11350045278064e-26,"Basophils","TOP1"
6.67529333895844e-31,0.438727910078977,0.136,0.29,2.44322411499218e-26,"Basophils","CASP8"
9.24670417863298e-31,0.629986556242647,0.127,0.279,3.38438619642146e-26,"Basophils","SMU1"
1.12365521119976e-30,1.93622472515953,0.461,0.472,4.11269043851224e-26,"Basophils","ADD3"
1.29418613868769e-30,0.822789906233844,0.113,0.258,4.7368506862108e-26,"Basophils","SUGT1"
1.723456778933e-30,0.593981260005127,0.231,0.437,6.30802415657269e-26,"Basophils","EIF3A"
2.02342105776722e-30,0.637312505602682,0.14,0.3,7.40592341353381e-26,"Basophils","VPS35"
2.39278320894625e-30,0.88022103593143,0.291,0.207,8.75782582306418e-26,"Basophils","RGS18"
3.12168782901441e-30,0.675641026853264,0.166,0.341,1.14256896229756e-25,"Basophils","FGFR1OP2"
3.69196825743951e-30,0.510871168346441,0.145,0.306,1.35129730190543e-25,"Basophils","CNOT1"
4.5767705661189e-30,2.07734703354428,0.303,0.231,1.67514379490518e-25,"Basophils","BACH1"
5.00251448150211e-30,0.654247426855229,0.2,0.392,1.83097032537459e-25,"Basophils","TMPO"
7.66397119738504e-30,0.418343561597719,0.137,0.29,2.8050900979549e-25,"Basophils","CARD8"
7.83188027122908e-30,2.40927125694707,0.351,0.297,2.86654649807256e-25,"Basophils","PHIP"
1.01741330854255e-29,2.10333018579456,0.447,0.446,3.72383445059658e-25,"Basophils","ZNF207"
1.20960861405936e-29,0.97555591629238,0.186,0.374,4.42728848831866e-25,"Basophils","SRI"
1.23974483100608e-29,0.724567155531287,0.128,0.278,4.53759005596535e-25,"Basophils","CSNK2A1"
1.74636564356888e-29,0.578672093702711,0.268,0.5,6.39187289202644e-25,"Basophils","SP100"
1.7944784217986e-29,0.865922062589122,0.158,0.328,6.56797047162506e-25,"Basophils","UFM1"
1.88457505457965e-29,1.7380886332248,0.501,0.544,6.89773315726697e-25,"Basophils","PDCD4"
2.82259649711267e-29,1.35227894934316,0.59,0.713,1.03309854390821e-24,"Basophils","PTP4A2"
2.94447135057364e-29,0.288019536817779,0.176,0.352,1.07770595902346e-24,"Basophils","FERMT3"
3.01801353794899e-29,2.24729059665767,0.458,0.482,1.10462313502471e-24,"Basophils","SELENOK"
6.651925746729e-29,0.366806451242952,0.383,0.678,2.43467134256028e-24,"Basophils","TMBIM6"
6.84842620953962e-29,0.669175488124179,0.118,0.264,2.5065924769536e-24,"Basophils","RAB4A"
7.01236049175016e-29,0.40814648303153,0.236,0.44,2.56659406358548e-24,"Basophils","TAF7"
7.55487814850474e-29,0.385419697802698,0.247,0.451,2.76516095113422e-24,"Basophils","TNFAIP3"
7.86323006914231e-29,0.289858127821894,0.125,0.269,2.87802083760678e-24,"Basophils","DOK2"
9.47134436163455e-29,1.52314811771754,0.586,0.728,3.46660674980186e-24,"Basophils","LINC01578"
1.12958951326681e-28,0.383905919622317,0.186,0.359,4.13441057750786e-24,"Basophils","TOB1"
1.25322945497792e-28,0.734186260489693,0.169,0.338,4.58694512816469e-24,"Basophils","GLS"
2.32645766290736e-28,0.329488844989404,0.343,0.605,8.51506769200723e-24,"Basophils","ARL4C"
2.88372976041528e-28,0.542858217758137,0.778,0.913,1.0554739296096e-23,"Basophils","BTG1"
4.70364841968987e-28,0.53005047800417,0.116,0.256,1.72158235809069e-23,"Basophils","STK24"
5.24642947879258e-28,0.564572850966922,0.267,0.491,1.92024565353287e-23,"Basophils","TRAF3IP3"
6.27508633759636e-28,0.478222655055247,0.127,0.271,2.29674435042364e-23,"Basophils","AKIRIN1"
6.43662440645706e-28,1.62887105091291,0.522,0.584,2.35586889900735e-23,"Basophils","AKAP13"
7.35398533184618e-28,0.465063318259144,0.183,0.353,2.69163217130902e-23,"Basophils","ARRDC3"
7.60859388319601e-28,0.716782858839913,0.178,0.348,2.78482144718857e-23,"Basophils","SSR1"
8.90302527561063e-28,0.825188302761509,0.224,0.425,3.25859628112625e-23,"Basophils","SRSF10"
1.05989799701418e-27,0.428664579748995,0.164,0.324,3.87933265887159e-23,"Basophils","TLK1"
1.14001621846393e-27,0.67983735108466,0.125,0.268,4.17257336119981e-23,"Basophils","ARHGAP4"
1.17671035936069e-27,0.640978819300193,0.143,0.297,4.30687758629605e-23,"Basophils","PTPN1"
1.95635757048569e-27,0.901278695027655,0.12,0.26,7.16046434373469e-23,"Basophils","TRIM44"
2.09456008378546e-27,1.45859103282476,0.409,0.36,7.66629936266318e-23,"Basophils","NCF1"
2.56684380949943e-27,0.401444579488689,0.324,0.566,9.39490502714887e-23,"Basophils","BTG2"
3.13271542997982e-27,0.36754084172372,0.123,0.261,1.14660517452691e-22,"Basophils","HNRNPH2"
4.37253772114292e-27,0.428014747768297,0.134,0.279,1.60039253131552e-22,"Basophils","PTPN18"
6.21149292702905e-27,0.711664215597565,0.127,0.27,2.2734685262219e-22,"Basophils","DAZAP1"
8.32559713462602e-27,0.604088717838043,0.124,0.265,3.04725180724447e-22,"Basophils","MMP24OS"
1.57623686142467e-26,1.63285489830554,0.525,0.602,5.76918453650045e-22,"Basophils","ANKRD12"
2.07219853953626e-26,0.890675811201197,0.216,0.404,7.58445387455667e-22,"Basophils","ZRANB2"
2.77332661669245e-26,0.591091982483164,0.216,0.402,1.0150652749756e-21,"Basophils","BNIP2"
3.95154657785815e-26,2.22275815681748,0.369,0.33,1.44630556296186e-21,"Basophils","MAP3K8"
6.15863275054166e-26,0.648261463938166,0.173,0.335,2.25412117302575e-21,"Basophils","MAT2B"
7.50438742886534e-26,0.490232784716439,0.325,0.583,2.746680842839e-21,"Basophils","ARF1"
8.55698287933221e-26,0.673844005761038,0.167,0.326,3.13194130366438e-21,"Basophils","SMARCA5"
8.94210649285981e-26,2.2437578148292,0.42,0.422,3.27290039745162e-21,"Basophils","STMP1"
9.02382459407936e-26,0.664052700253726,0.144,0.291,3.30281003967899e-21,"Basophils","COX17"
9.84317283929426e-26,0.742671550117947,0.247,0.458,3.60269969091009e-21,"Basophils","GPBP1"
1.26999018452626e-25,0.72874531490033,0.136,0.278,4.64829107438455e-21,"Basophils","SFSWAP"
1.71159831325585e-25,0.622589441460025,0.146,0.291,6.26462098634775e-21,"Basophils","IL16"
2.12889203540519e-25,0.776949940314738,0.125,0.263,7.79195773878653e-21,"Basophils","LMBRD1"
2.9808767751068e-25,0.686007304958966,0.159,0.314,1.09103070845684e-20,"Basophils","RNPEPL1"
4.18839026791515e-25,0.814622604965923,0.205,0.387,1.53299272195963e-20,"Basophils","KIF5B"
6.08260641774869e-25,0.495994803034367,0.202,0.378,2.2262947749602e-20,"Basophils","RHOG"
1.18917657986612e-24,0.613529432456562,0.157,0.305,4.35250519996798e-20,"Basophils","PCMTD1"
1.28843205338045e-24,0.538381014422051,0.268,0.475,4.71579015857778e-20,"Basophils","CD164"
1.44307702900836e-24,0.500049533335299,0.155,0.303,5.28180623387349e-20,"Basophils","BLOC1S6"
1.80188576287654e-24,0.824056116295973,0.177,0.34,6.59508208070442e-20,"Basophils","HNRNPL"
2.10136307643063e-24,0.662333032660065,0.154,0.301,7.69119899604376e-20,"Basophils","REST"
2.14110417321996e-24,1.13289854252666,0.582,0.732,7.83665538440239e-20,"Basophils","MBNL1"
3.02702905762754e-24,0.482281021004127,0.139,0.274,1.10792290538226e-19,"Basophils","RNF19A"
3.03012974243681e-24,0.830808637252641,0.125,0.26,1.1090577870293e-19,"Basophils","TRABD"
3.14855098718369e-24,0.668378354991871,0.229,0.419,1.1524011468191e-19,"Basophils","ARHGDIA"
3.26529187579539e-24,0.726419267557039,0.145,0.286,1.19512947945987e-19,"Basophils","CNOT2"
5.82954632388684e-24,0.55981163113717,0.167,0.317,2.13367225000582e-19,"Basophils","VPS4B"
6.21816465749742e-24,0.88147940592156,0.125,0.258,2.27591044629063e-19,"Basophils","TMEM248"
9.41525851273394e-24,0.543413581469635,0.148,0.286,3.44607876824575e-19,"Basophils","SLC38A2"
1.11497436354633e-23,0.462796838882388,0.297,0.523,4.08091766801593e-19,"Basophils","CD63"
1.12726334420488e-23,1.14168645661469,0.631,0.789,4.12589656612428e-19,"Basophils","CXCR4"
1.15493855689462e-23,0.809525446277004,0.148,0.291,4.22719061209002e-19,"Basophils","POLR2B"
2.12220326421211e-23,0.551749464503324,0.174,0.327,7.76747616734275e-19,"Basophils","RBBP6"
2.15068343725459e-23,0.610110524523764,0.257,0.451,7.87171644869552e-19,"Basophils","FKBP5"
2.21753546555327e-23,0.394831394359304,0.131,0.259,8.11640155747153e-19,"Basophils","RABGAP1L"
2.21933611002801e-23,0.705747042705857,0.142,0.279,8.12299209631353e-19,"Basophils","XPO1"
2.82653842665125e-23,0.961885774199735,0.203,0.381,1.03454132953863e-18,"Basophils","RNPS1"
2.83771530860288e-23,0.859388569705068,0.128,0.259,1.03863218010174e-18,"Basophils","DYNC1I2"
4.8961144483459e-23,0.642320167100987,0.156,0.298,1.79202684923908e-18,"Basophils","SYNRG"
6.40966883640026e-23,0.798289801283806,0.2,0.373,2.34600289081086e-18,"Basophils","TRA2A"
6.60734189623717e-23,1.79381817312724,0.365,0.324,2.41835320744177e-18,"Basophils","SSH2"
7.29405972431084e-23,0.668021358161979,0.188,0.35,2.66969879969501e-18,"Basophils","CHMP3"
1.01727916042992e-22,0.690404060181916,0.276,0.488,3.72334345508954e-18,"Basophils","MYCBP2"
1.05750301948428e-22,0.578479372183307,0.167,0.312,3.87056680161441e-18,"Basophils","KDM2A"
1.12581411454559e-22,0.79989652249537,0.131,0.261,4.12059224064831e-18,"Basophils","ZFX"
1.16981277411498e-22,1.34024134861083,0.443,0.435,4.28163173453825e-18,"Basophils","SDCBP"
1.33925382958618e-22,0.947872176285932,0.205,0.378,4.90180294166836e-18,"Basophils","DDX39B"
1.89171990064646e-22,0.84049912839844,0.135,0.269,6.9238840083561e-18,"Basophils","CALCOCO2"
1.93411015528554e-22,0.851555928565576,0.161,0.31,7.07903657936061e-18,"Basophils","UBE2K"
2.58908288547375e-22,0.911105769776718,0.208,0.38,9.47630226912248e-18,"Basophils","RSRC2"
2.93556191313353e-22,0.637449540285747,0.244,0.431,1.074445015826e-17,"Basophils","CANX"
3.16508275995726e-22,0.571189793273892,0.13,0.257,1.15845194097196e-17,"Basophils","CSNK1G2"
3.3181878682034e-22,0.403991587978428,0.261,0.458,1.21448994164113e-17,"Basophils","BOD1L1"
3.83524135477571e-22,0.94001994214696,0.141,0.276,1.40373668826146e-17,"Basophils","THOC2"
3.85051182800346e-22,0.698437763394567,0.317,0.559,1.40932583416755e-17,"Basophils","EIF5"
4.54791889392696e-22,0.983413322972753,0.24,0.431,1.66458379436621e-17,"Basophils","LUC7L3"
6.36372223700457e-22,0.729581475001505,0.288,0.51,2.32918597596604e-17,"Basophils","TAX1BP1"
6.426859137486e-22,0.74613642267239,0.156,0.297,2.35229471291125e-17,"Basophils","CHMP1B"
6.58436252605274e-22,0.768243841345262,0.156,0.296,2.40994252816056e-17,"Basophils","PCGF5"
8.05838550166379e-22,0.481716019000955,0.134,0.26,2.94944967746396e-17,"Basophils","CSGALNACT2"
8.56394276587749e-22,0.739033374102467,0.198,0.362,3.13448869173882e-17,"Basophils","RAB14"
1.82365311893768e-21,0.666806853967465,0.16,0.297,6.6747527806238e-17,"Basophils","GPATCH8"
3.45344526970103e-21,0.767243608974627,0.139,0.268,1.26399550316328e-16,"Basophils","GNPTAB"
3.4687465554619e-21,0.930752539550938,0.161,0.303,1.26959592676461e-16,"Basophils","TBL1XR1"
6.28611930730018e-21,0.88365860503868,0.164,0.306,2.30078252766494e-16,"Basophils","SEC31A"
7.00736835760292e-21,2.31686938335021,0.281,0.227,2.56476689256624e-16,"Basophils","CCDC88A"
8.13510206568318e-21,0.819654409170671,0.128,0.251,2.9775287070607e-16,"Basophils","MIA3"
1.31210912964562e-20,0.830604063260905,0.143,0.272,4.80245062541594e-16,"Basophils","PPP2R5E"
2.59169692575181e-20,0.747298706514123,0.36,0.63,9.4858699179442e-16,"Basophils","C11orf58"
2.5992181405191e-20,0.870711293117568,0.183,0.336,9.51339831611396e-16,"Basophils","PRPF8"
2.90278384968374e-20,0.894027415584009,0.13,0.252,1.06244791682275e-15,"Basophils","MAN1A2"
2.92271396858299e-20,0.280853862059,0.161,0.291,1.06974253964106e-15,"Basophils","TAGAP"
2.97068880997961e-20,0.756094164066893,0.203,0.364,1.08730181134064e-15,"Basophils","MIER1"
3.34377722938862e-20,0.96269810828178,0.148,0.28,1.22385590372853e-15,"Basophils","PDCD6IP"
3.57813581299937e-20,1.50023831937974,0.322,0.269,1.3096334889159e-15,"Basophils","SLC2A3"
3.72696779565948e-20,0.918853088868526,0.154,0.285,1.36410748288933e-15,"Basophils","SUZ12"
4.51744918961316e-20,0.522630003210253,0.184,0.329,1.65343157789031e-15,"Basophils","ELF2"
6.38576511508299e-20,0.370399101149041,0.164,0.298,2.33725388977152e-15,"Basophils","METRNL"
7.68969554899364e-20,1.0426830866905,0.318,0.256,2.81450546788716e-15,"Basophils","NIBAN1"
8.35097086776268e-20,0.816519056868776,0.273,0.471,3.05653884730982e-15,"Basophils","KLF13"
8.47658899278211e-20,0.828131755716723,0.154,0.286,3.10251633724818e-15,"Basophils","EFCAB14"
8.49195479871971e-20,0.947202394600298,0.151,0.285,3.1081403758794e-15,"Basophils","SLU7"
9.06195675341449e-20,0.672921708501613,0.264,0.459,3.31676679131724e-15,"Basophils","MAP1LC3B"
1.01901469133773e-19,1.04628528421033,0.135,0.258,3.72969567176521e-15,"Basophils","ZNF644"
1.08551987242065e-19,0.380447409184062,0.165,0.295,3.97311128504683e-15,"Basophils","GPR183"
2.18264689789865e-19,0.987251520430606,0.174,0.315,7.98870591099887e-15,"Basophils","ATG12"
2.4296835094361e-19,0.342213885914679,0.285,0.479,8.89288461288705e-15,"Basophils","WIPF1"
4.30889495674494e-19,0.287530906132305,0.97,0.948,1.57709864311822e-14,"Basophils","MT-ND3"
5.44624175752192e-19,2.56275948024931,0.336,0.31,1.9933789456706e-14,"Basophils","GABPB1-AS1"
6.68234136328543e-19,0.712693715490932,0.153,0.281,2.4458037623761e-14,"Basophils","EIF2AK1"
1.06936864834862e-18,1.32015654097924,0.557,0.702,3.91399618982077e-14,"Basophils","LIMD2"
1.10202532284502e-18,0.937098766512792,0.191,0.341,4.03352288414505e-14,"Basophils","RAP2B"
1.30455088056014e-18,0.870537759794335,0.21,0.372,4.77478667793818e-14,"Basophils","PHF20"
1.49063032242698e-18,0.69908435502843,0.19,0.337,5.45585604311499e-14,"Basophils","PPP1R18"
1.68859946939009e-18,0.35050851346518,0.135,0.251,6.18044291791466e-14,"Basophils","PPP1R15A"
1.96044193874146e-18,0.803910707382732,0.166,0.301,7.17541353998763e-14,"Basophils","ZNF24"
2.66218632710968e-18,0.816390115685854,0.138,0.258,9.74386817585416e-14,"Basophils","DNAJC3"
2.87380559798032e-18,1.18567835543456,0.23,0.407,1.05184158691678e-13,"Basophils","METTL9"
3.19409316831164e-18,0.47311000957303,0.424,0.705,1.16907004053374e-13,"Basophils","HNRNPC"
3.34197248504654e-18,0.854967562563344,0.14,0.256,1.22319534925188e-13,"Basophils","BDP1"
3.90383744811872e-18,0.656208398543561,0.322,0.548,1.42884354438593e-13,"Basophils","CDV3"
4.09893656589314e-18,0.820137392788443,0.21,0.364,1.50025177248255e-13,"Basophils","ACAP1"
4.5013792513392e-18,0.857591672038994,0.289,0.501,1.64754981978266e-13,"Basophils","THRAP3"
5.12033472184677e-18,1.4289226371143,0.455,0.49,1.87409371154313e-13,"Basophils","CFLAR"
6.88596067658575e-18,0.491571621831416,0.256,0.434,2.52033046723715e-13,"Basophils","STAT3"
6.89151258805914e-18,0.574697664557142,0.301,0.505,2.52236252235553e-13,"Basophils","MBP"
7.93579663736743e-18,1.8366997118522,0.423,0.45,2.90458092724285e-13,"Basophils","MDM4"
9.14301069962392e-18,0.848440249798399,0.63,0.817,3.34643334616935e-13,"Basophils","YWHAZ"
1.23324353378257e-17,0.78285846023182,0.167,0.302,4.51379465799758e-13,"Basophils","RAB11A"
1.45920735683437e-17,0.716228629794396,0.261,0.442,5.34084484674949e-13,"Basophils","CKLF"
1.59345510436134e-17,0.88696521782518,0.154,0.281,5.83220502747293e-13,"Basophils","MAPRE1"
2.12397074543026e-17,0.282111678688442,0.464,0.792,7.77394532534929e-13,"Basophils","SON"
2.19522939118863e-17,0.377068194278534,0.443,0.748,8.03475909468952e-13,"Basophils","HNRNPK"
2.93700239759259e-17,0.851600999822542,0.195,0.337,1.07497224754286e-12,"Basophils","NAP1L4"
3.26133228740624e-17,0.716005147723298,0.199,0.344,1.19368023051356e-12,"Basophils","MAPK1"
3.61749078782335e-17,2.77282175443226,0.255,0.215,1.32403780325122e-12,"Basophils","CHPT1"
4.33017861185159e-17,0.744569000903116,0.344,0.585,1.5848886737238e-12,"Basophils","HP1BP3"
5.78332333760531e-17,0.663313178649923,0.147,0.266,2.11675417479692e-12,"Basophils","SNAP23"
6.28681021267088e-17,0.63008099289497,0.221,0.376,2.30103540593967e-12,"Basophils","PRKAR1A"
6.58662477737759e-17,0.86092461060491,0.157,0.28,2.41077053476797e-12,"Basophils","WAPL"
7.29375866251185e-17,1.09737113800562,0.537,0.611,2.66958860806596e-12,"Basophils","LRRFIP1"
8.11866248986025e-17,1.0640090934972,0.193,0.335,2.97151165791375e-12,"Basophils","USP16"
9.03245204330478e-17,1.07832994640728,0.236,0.405,3.30596777236998e-12,"Basophils","UBXN4"
9.32455783900714e-17,0.995287549891519,0.191,0.333,3.412881414655e-12,"Basophils","CGGBP1"
2.03122938943154e-16,0.714791546433147,0.236,0.395,7.43450268825839e-12,"Basophils","IQGAP2"
2.23021826316036e-16,0.999359393584188,0.192,0.332,8.16282186499325e-12,"Basophils","TM9SF3"
2.36324832687373e-16,0.524440956575165,0.251,0.419,8.64972520119053e-12,"Basophils","GNB2"
2.43108826047145e-16,0.657508025862124,0.301,0.495,8.89802614215157e-12,"Basophils","GRB2"
2.76357424808387e-16,0.6099452277191,0.164,0.285,1.01149581054118e-11,"Basophils","IDI1"
3.03112590633934e-16,0.957801155453712,0.155,0.269,1.10942239297926e-11,"Basophils","NFKBIZ"
3.15209830876158e-16,0.905064246240434,0.24,0.406,1.15369950198983e-11,"Basophils","ARHGEF1"
4.14212124016453e-16,0.948092797620968,0.23,0.387,1.51605779511262e-11,"Basophils","PRPF38B"
4.75731400440575e-16,2.21442708484375,0.291,0.254,1.74122449875255e-11,"Basophils","LCOR"
4.85613789555819e-16,0.981285075745483,0.163,0.286,1.77739503115325e-11,"Basophils","PUM1"
6.60859540302805e-16,1.03221474959856,0.141,0.252,2.4188120034623e-11,"Basophils","CENPC"
7.12467927190539e-16,0.852251744951138,0.281,0.471,2.60770386031009e-11,"Basophils","VPS13C"
7.88632381536131e-16,1.76476040652392,0.416,0.447,2.88647337966039e-11,"Basophils","CYTH1"
9.84158563742636e-16,1.32987623541379,0.572,0.721,3.60211875915442e-11,"Basophils","EMP3"
1.01450059768522e-15,0.996484619976951,0.149,0.266,3.71317363758769e-11,"Basophils","EIF4EBP2"
1.11628821026114e-15,2.37273656205734,0.25,0.209,4.0857264783768e-11,"Basophils","RHOQ"
1.89610556285727e-15,1.67062882402078,0.379,0.376,6.93993597061388e-11,"Basophils","ADGRE5"
1.89808331316172e-15,0.829882785109644,0.202,0.338,6.94717473450322e-11,"Basophils","PRDM2"
1.92563369168616e-15,0.429819386667173,0.176,0.294,7.04801187494051e-11,"Basophils","NCK2"
2.90310105110598e-15,1.13613474091099,0.555,0.701,1.0625640157153e-10,"Basophils","HNRNPU"
3.08861678681348e-15,2.26753112295141,0.318,0.297,1.1304646301416e-10,"Basophils","MAP3K1"
3.78709838955342e-15,0.912260811860289,0.182,0.313,1.38611588156045e-10,"Basophils","TMF1"
3.99008986368565e-15,0.665151993361441,0.208,0.345,1.46041279100758e-10,"Basophils","SYAP1"
4.05929783740678e-15,0.955955661076689,0.219,0.366,1.48574360146926e-10,"Basophils","YME1L1"
4.40923182372615e-15,0.939419202766736,0.146,0.257,1.61382293980201e-10,"Basophils","CTCF"
6.29592286388651e-15,0.523910529029792,0.168,0.288,2.3043707274111e-10,"Basophils","NT5C3A"
8.24354952898489e-15,1.21841102555764,0.409,0.405,3.01722156310376e-10,"Basophils","TPM4"
1.29885861335872e-14,0.650632629882815,0.265,0.43,4.75395241075425e-10,"Basophils","GNB1"
1.69674336373243e-14,0.74954937835915,0.276,0.455,6.21025038559707e-10,"Basophils","TPR"
2.19528667844429e-14,0.888824717574423,0.149,0.26,8.03496877177396e-10,"Basophils","IRF9"
2.34534371535414e-14,0.773799860487792,0.257,0.422,8.58419253256768e-10,"Basophils","SQSTM1"
3.78630386434762e-14,0.473797400119519,0.178,0.296,1.38582507738987e-09,"Basophils","FBXL5"
3.91700945953283e-14,0.451183118909732,0.468,0.765,1.43366463228361e-09,"Basophils","SUB1"
4.21831288034198e-14,0.989822427513517,0.267,0.446,1.54394469733397e-09,"Basophils","GGNBP2"
5.63445589603939e-14,0.772541881403501,0.637,0.833,2.06226720250938e-09,"Basophils","HNRNPA2B1"
6.1422042252355e-14,0.902964462891396,0.192,0.32,2.24810816847845e-09,"Basophils","ZNF106"
6.62222116661315e-14,2.13797375230206,0.36,0.369,2.42379916919208e-09,"Basophils","CRBN"
7.62300019630186e-14,1.56252006173402,0.473,0.563,2.79009430184844e-09,"Basophils","TNRC6B"
9.02739111104578e-14,0.855903238189998,0.178,0.297,3.30411542055387e-09,"Basophils","RSBN1L"
1.1230733631444e-13,1.21687135928818,0.163,0.277,4.11056081644483e-09,"Basophils","PABPN1"
1.16446388139279e-13,0.78055619663912,0.205,0.335,4.26205425228575e-09,"Basophils","SP3"
1.44824200567334e-13,0.7894667465681,0.184,0.304,5.30071056496498e-09,"Basophils","FAM120A"
1.84932068910597e-13,0.91576803422162,0.249,0.407,6.76869865419677e-09,"Basophils","HNRNPUL1"
1.87270932824245e-13,0.831801795284117,0.378,0.629,6.85430341230018e-09,"Basophils","ARGLU1"
2.19515055993694e-13,0.85043688814819,0.157,0.267,8.03447056442521e-09,"Basophils","TANK"
2.30237853843798e-13,1.01339018986561,0.173,0.289,8.42693568853685e-09,"Basophils","RBM6"
2.55701286764492e-13,1.16951318082188,0.151,0.258,9.35892279686717e-09,"Basophils","PPP4R3B"
2.79889924406824e-13,0.848398365845105,0.328,0.537,1.02442511232142e-08,"Basophils","TCF25"
3.14296064168407e-13,2.35727773933155,0.254,0.222,1.15035502446279e-08,"Basophils","RNF10"
5.82118386596039e-13,1.05578514031383,0.183,0.303,2.13061150678016e-08,"Basophils","UHMK1"
5.99205470061317e-13,1.27136201453161,0.197,0.327,2.19315194097143e-08,"Basophils","TMEM165"
6.88331406853366e-13,1.04894355486368,0.214,0.354,2.519361782224e-08,"Basophils","TES"
7.13482327817212e-13,0.95810032278109,0.16,0.265,2.61141666804378e-08,"Basophils","KAT6B"
7.43884571422274e-13,0.664617086579304,0.292,0.471,2.72269191986267e-08,"Basophils","KLF3"
7.96368415073608e-13,0.715868226434411,0.186,0.302,2.91478803601091e-08,"Basophils","CTSD"
8.63655344151443e-13,0.929294316221874,0.234,0.383,3.16106492512869e-08,"Basophils","WNK1"
1.22411157492129e-12,1.25227348202566,0.191,0.315,4.48037077536943e-08,"Basophils","G3BP1"
1.49732373657922e-12,1.12329131808016,0.161,0.269,5.48035460825361e-08,"Basophils","HOOK3"
1.65300981111109e-12,0.857613481397396,0.168,0.275,6.05018120964769e-08,"Basophils","RASA2"
1.8372450884007e-12,0.445414498791829,0.423,0.676,6.72450074805541e-08,"Basophils","MSN"
2.60529385034137e-12,0.710845605076969,0.287,0.461,9.53563602163444e-08,"Basophils","DNAJB6"
3.0131920669797e-12,1.0850917242574,0.264,0.422,1.10285842843524e-07,"Basophils","TAF1D"
3.45105922991305e-12,0.995545517574411,0.166,0.273,1.26312218874048e-07,"Basophils","ABI1"
4.27574292009105e-12,1.75610981815809,0.417,0.47,1.56496466618252e-07,"Basophils","RCSD1"
4.80229828062544e-12,0.904428722432541,0.168,0.275,1.75768919369172e-07,"Basophils","SPTAN1"
5.02914801300514e-12,0.794473590579453,0.157,0.257,1.84071846424001e-07,"Basophils","PACS1"
5.85485705076116e-12,0.900500776979628,0.28,0.443,2.14293622914909e-07,"Basophils","RTN4"
7.40084421303287e-12,0.715190322444865,0.233,0.366,2.70878299041216e-07,"Basophils","SETX"
8.95232312556857e-12,0.731293412949793,0.207,0.332,3.27663978718935e-07,"Basophils","IFNGR1"
9.22980425113568e-12,2.11114371444243,0.257,0.227,3.37820065395817e-07,"Basophils","DYRK1A"
1.1844926635476e-11,0.708560499947533,0.369,0.603,4.33536159785058e-07,"Basophils","CSDE1"
1.43212067320647e-11,1.20684354744997,0.162,0.268,5.241704876003e-07,"Basophils","PTBP1"
1.48508592598824e-11,0.827127077336796,0.217,0.35,5.43556299770955e-07,"Basophils","WDR1"
1.62896253462892e-11,0.961357974896432,0.224,0.357,5.9621657729953e-07,"Basophils","USF2"
1.7010780823517e-11,1.19008828480195,0.171,0.282,6.22611588921546e-07,"Basophils","TOX4"
1.7773213508564e-11,0.819604437553809,0.16,0.26,6.50517387626952e-07,"Basophils","HBP1"
2.93679266036067e-11,0.714213653612316,0.189,0.296,1.07489548161861e-06,"Basophils","CYFIP2"
2.96861222442138e-11,0.781824478511437,0.157,0.256,1.08654176026047e-06,"Basophils","FNIP1"
3.03741631984232e-11,1.12920098788827,0.18,0.291,1.11172474722549e-06,"Basophils","SENP6"
3.22710224107737e-11,1.5704367236854,0.332,0.329,1.18115169125673e-06,"Basophils","MAX"
4.33834929339199e-11,2.041321704293,0.321,0.321,1.5878792248744e-06,"Basophils","MT-ATP8"
4.4806898483789e-11,1.22684153593189,0.16,0.261,1.63997729140516e-06,"Basophils","ERICH1"
6.89566793924509e-11,1.0933477911865,0.154,0.25,2.5238834224431e-06,"Basophils","ZBTB44"
9.14974779027093e-11,0.618103500491856,0.378,0.598,3.34889918871706e-06,"Basophils","ACTR3"
9.33870316662519e-11,1.38553496829528,0.484,0.588,3.41805874601649e-06,"Basophils","SCAF11"
1.03390495477463e-10,1.37220150373318,0.198,0.32,3.78419552497064e-06,"Basophils","SNRNP70"
1.06173005352469e-10,2.0273175137871,0.304,0.292,3.88603816890572e-06,"Basophils","MECP2"
1.25062770992644e-10,1.03849570010681,0.216,0.342,4.57742248110175e-06,"Basophils","PAFAH1B1"
1.28200138338696e-10,0.855028249325888,0.217,0.343,4.69225326333462e-06,"Basophils","BNIP3L"
1.43224861330649e-10,1.20404625061641,0.239,0.382,5.24217314956307e-06,"Basophils","SLTM"
1.47199671226285e-10,0.666928083364513,0.288,0.443,5.38765516655324e-06,"Basophils","YPEL5"
1.4996541360993e-10,1.15949339993709,0.161,0.26,5.48888410353703e-06,"Basophils","IREB2"
1.51135053433512e-10,0.841126400694649,0.215,0.337,5.53169409071998e-06,"Basophils","WDR82"
1.88146887868812e-10,1.15440568473317,0.173,0.278,6.8863642428864e-06,"Basophils","USP7"
2.20364164048903e-10,1.14634226549665,0.294,0.466,8.06554876835391e-06,"Basophils","SFPQ"
2.59858721329617e-10,1.8957172435542,0.329,0.33,9.51108905938531e-06,"Basophils","TLE4"
2.64472070561648e-10,1.32479147713202,0.198,0.314,9.67994225462686e-06,"Basophils","TTC14"
2.98930687536473e-10,0.980020034466824,0.227,0.357,1.09411620945224e-05,"Basophils","PHF3"
3.06601794907102e-10,0.912229023291933,0.18,0.283,1.12219322953948e-05,"Basophils","RBM23"
3.06813749009141e-10,1.02634513571114,0.213,0.334,1.12296900274836e-05,"Basophils","BRD2"
4.77475427263739e-10,1.29022491241943,0.159,0.254,1.74760781132801e-05,"Basophils","PDS5A"
7.22787502622664e-10,1.02585796116379,0.56,0.72,2.64547453834921e-05,"Basophils","RBM39"
7.44570230303361e-10,1.85447348170554,0.296,0.285,2.72520149993333e-05,"Basophils","RB1CC1"
1.39212733963812e-09,0.984091935705332,0.441,0.467,5.09532527580948e-05,"Basophils","CEBPB"
1.54637425866537e-09,1.14443300004104,0.473,0.533,5.65988442414111e-05,"Basophils","AHNAK"
1.60249417449011e-09,1.2154137115991,0.164,0.26,5.86528892805127e-05,"Basophils","HECTD1"
1.926298456573e-09,2.18099788335003,0.283,0.272,7.05044498090282e-05,"Basophils","RBM5"
2.56151809323826e-09,1.13322353435896,0.202,0.316,9.37541237306135e-05,"Basophils","ARID1A"
2.78220218713983e-09,1.1369386901704,0.165,0.259,0.000101831382251505,"Basophils","DCP2"
2.89909339250511e-09,1.27250872244199,0.188,0.295,0.000106109717259079,"Basophils","ZC3H13"
4.04727887204581e-09,0.664809083976989,0.44,0.711,0.000148134453995749,"Basophils","PNISR"
4.1080472696852e-09,0.576722287769942,0.355,0.54,0.000150358638117748,"Basophils","ZFP36"
4.82081762109335e-09,0.916216608997673,0.19,0.289,0.000176446745749638,"Basophils","LAMP1"
5.1849131805225e-09,1.04712489820971,0.184,0.28,0.000189773007320304,"Basophils","EML4"
5.28067120472769e-09,1.31975903516366,0.192,0.301,0.000193277846764238,"Basophils","NSD1"
5.40178718385165e-09,0.588611749717945,0.672,0.918,0.000197710812716154,"Basophils","ITM2B"
6.04753842467881e-09,0.724146146635158,0.26,0.39,0.000221345953881669,"Basophils","ARRB2"
6.32320766414021e-09,0.842540821173067,0.247,0.376,0.000231435723715196,"Basophils","LBR"
6.6978895064602e-09,1.94643660726079,0.29,0.281,0.00024514945382595,"Basophils","JARID2"
8.50841167487806e-09,0.979078128507513,0.161,0.25,0.000311416375712212,"Basophils","UBE2J1"
1.00933776250167e-08,0.832092203420753,0.25,0.373,0.000369427714453235,"Basophils","LINC-PINT"
1.04042363833399e-08,1.28145662144852,0.204,0.317,0.000380805455866623,"Basophils","RO60"
1.06038024772139e-08,1.66482625447063,0.32,0.322,0.000388109774468506,"Basophils","KMT2C"
1.20283222821795e-08,1.02740197944303,0.188,0.286,0.000440248623850052,"Basophils","RNF125"
1.22982057684463e-08,1.03923594452934,0.233,0.354,0.000450126629330904,"Basophils","ARHGAP30"
1.45408049557755e-08,1.85691118916578,0.332,0.346,0.000532208002186339,"Basophils","KDM5A"
1.64671633573904e-08,1.04313963705294,0.172,0.265,0.000602714646043846,"Basophils","CTDSP1"
1.88062323074956e-08,1.12314612473627,0.227,0.35,0.000688326908686646,"Basophils","RSF1"
2.15439828611264e-08,1.22601402523164,0.17,0.262,0.000788531316700087,"Basophils","EIF2AK2"
2.22248391774863e-08,0.686099370091488,0.338,0.517,0.000813451338735176,"Basophils","YPEL3"
2.80621014037851e-08,0.88225675752669,0.178,0.269,0.00102710097347994,"Basophils","SAMD9"
2.90168507243439e-08,1.10323519084247,0.168,0.258,0.00106204575336171,"Basophils","GOLGB1"
3.16551403711779e-08,1.72351579216066,0.337,0.352,0.00115860979272548,"Basophils","NIPBL"
3.49119486723679e-08,1.19709236819239,0.195,0.295,0.00127781223335734,"Basophils","OGT"
4.67795626120676e-08,1.02224976471453,0.557,0.754,0.00171217877116429,"Basophils","STK4"
4.99437215058003e-08,0.895099284777356,0.287,0.44,0.0018279901508338,"Basophils","CNN2"
5.23931136012398e-08,1.03061528379313,0.547,0.738,0.00191764035091898,"Basophils","JAK1"
5.8175158600649e-08,1.9042611013606,0.326,0.34,0.00212926897994235,"Basophils","RPS6KA3"
6.95031785355436e-08,0.719671945930637,0.371,0.578,0.00254388583757943,"Basophils","RNF213"
8.42559085337636e-08,1.05556268282292,0.199,0.295,0.00308385050824428,"Basophils","AC245297.3"
8.51228913713017e-08,0.984443144218994,0.212,0.321,0.00311558294708101,"Basophils","SHOC2"
8.65107211334689e-08,0.929631184853833,0.231,0.343,0.00316637890420609,"Basophils","KPNB1"
8.79729438168577e-08,1.39041792786337,0.388,0.423,0.00321989771664081,"Basophils","FMNL1"
8.89102761871429e-08,2.43891018554582,0.251,0.243,0.00325420501872562,"Basophils","ARHGEF6"
9.0241089040078e-08,1.97342592827801,0.338,0.367,0.0033029140999559,"Basophils","KMT2A"
9.50186080982977e-08,1.1984299430104,0.233,0.353,0.00347777607500579,"Basophils","BBX"
9.88064347388101e-08,0.672621032290911,0.215,0.318,0.00361641431787519,"Basophils","LYST"
1.18928712034183e-07,1.70742517857605,0.254,0.24,0.00435290978916312,"Basophils","TET2"
1.28448888298024e-07,1.03452276167828,0.179,0.264,0.00470135776059597,"Basophils","BTN3A2"
1.33955118121453e-07,1.88442669488506,0.318,0.331,0.00490289127836329,"Basophils","SMG1"
1.390736054009e-07,1.85270227632039,0.353,0.387,0.00509023303127835,"Basophils","UTRN"
1.59507095598341e-07,1.39491250457301,0.185,0.281,0.00583811920599487,"Basophils","MXD4"
1.62484968864228e-07,1.03444668954842,0.225,0.337,0.00594711234539961,"Basophils","MARCH7"
1.77169265993982e-07,1.11962971621289,0.216,0.325,0.00648457230464572,"Basophils","CHD4"
1.79196897185859e-07,2.30319577679373,0.26,0.255,0.00655878563389961,"Basophils","TSNAX"
2.30294976406287e-07,1.96955437598963,0.372,0.423,0.00842902643144651,"Basophils","NKTR"
2.9021382611137e-07,0.737756344558592,0.389,0.601,0.0106221162495022,"Basophils","CD44"
3.58320704071459e-07,1.14660133425088,0.278,0.422,0.0131148960897195,"Basophils","G3BP2"
4.34949420078453e-07,1.29909023536364,0.434,0.516,0.0159195837242915,"Basophils","PIK3R1"
4.8810204925109e-07,0.929395847354415,0.216,0.318,0.0178650231046392,"Basophils","MAP3K2"
5.38012838536172e-07,1.09814480451357,0.219,0.321,0.0196918079032624,"Basophils","ZNF292"
5.40310409575063e-07,0.894457652516802,0.173,0.254,0.0197759013008569,"Basophils","MLLT6"
5.53267905518725e-07,1.26360743207917,0.23,0.341,0.0202501586098908,"Basophils","SRSF4"
6.75554381530535e-07,1.77533705034157,0.393,0.459,0.0247259659183991,"Basophils","NSD3"
7.19551963364908e-07,1.71475080889745,0.284,0.284,0.026336321411119,"Basophils","GPR65"
8.33855433698129e-07,0.792031210503501,0.227,0.331,0.0305199427287852,"Basophils","SEMA4D"
8.62366672271612e-07,1.0827859903699,0.37,0.581,0.0315634825718133,"Basophils","TRA2B"
8.79366620169959e-07,1.05845420480275,0.236,0.35,0.0321856976648407,"Basophils","SERINC1"
8.83107856602423e-07,0.906602434792071,0.199,0.293,0.0323226306595053,"Basophils","RTN3"
9.10862401210046e-07,1.29426798962932,0.196,0.291,0.0333384747466889,"Basophils","SMARCC1"
9.21359784378314e-07,1.0213634870921,0.225,0.331,0.0337226894680307,"Basophils","ATF7IP"
9.3556465224102e-07,1.42339724188747,0.182,0.273,0.0342426018366736,"Basophils","STX7"
1.1305013361126e-06,0.840550939272062,0.361,0.548,0.0413774794030572,"Basophils","EIF4G2"
1.13394867713619e-06,1.33742599954494,0.174,0.257,0.0415036555318615,"Basophils","LUC7L2"
1.22580693291611e-06,1.08238685175942,0.244,0.36,0.0448657595516627,"Basophils","USP3"
1.39592914793884e-06,1.1231513177496,0.311,0.474,0.0510924027437095,"Basophils","RBM25"
1.45490105708605e-06,0.909551533617642,0.172,0.251,0.0532508335904064,"Basophils","CSNK1D"
1.93025314842927e-06,0.734967040809706,0.226,0.322,0.0706491954856598,"Basophils","RAB11FIP1"
1.97958104473943e-06,0.744970103947004,0.206,0.293,0.072454645818508,"Basophils","SNRK"
2.1336276061106e-06,1.48254954716453,0.18,0.267,0.0780929040112541,"Basophils","DR1"
2.13786160244538e-06,1.42237198185974,0.186,0.275,0.0782478725111033,"Basophils","VCP"
2.15152387505448e-06,0.672581452770755,0.185,0.267,0.078747925350869,"Basophils","LRP10"
2.58283687514828e-06,1.51369344625789,0.227,0.345,0.0945344124673021,"Basophils","LAPTM4A"
2.94489102385362e-06,1.31417754247166,0.213,0.317,0.107785956364066,"Basophils","ZFAND6"
3.04232581913621e-06,1.07438432258642,0.493,0.614,0.111352167306204,"Basophils","CAP1"
3.58703349829806e-06,1.09410023789854,0.215,0.313,0.131289013071207,"Basophils","ADAM10"
3.58730858830618e-06,1.00840083441533,0.294,0.44,0.131299081640595,"Basophils","WAC"
5.25632160445756e-06,1.81924318620704,0.34,0.372,0.192386627044751,"Basophils","AKAP9"
5.75331375810155e-06,1.10334017241537,0.199,0.29,0.210577036860275,"Basophils","PCF11"
6.09234713018278e-06,1.40714730174487,0.193,0.281,0.22298599731182,"Basophils","NEMF"
7.30989376145484e-06,1.22733800925964,0.232,0.339,0.267549421563009,"Basophils","CCNDBP1"
7.52120804987132e-06,1.40888876642856,0.174,0.255,0.27528373583334,"Basophils","RNF115"
7.8045197896717e-06,0.627264910175922,0.246,0.348,0.285653228821774,"Basophils","HIF1A"
8.7570492239656e-06,1.10518493104669,0.238,0.348,0.320516758646365,"Basophils","BRD4"
9.91115913018699e-06,1.67646838389833,0.332,0.361,0.362758335323974,"Basophils","ERBIN"
9.99641168348435e-06,1.05506522361223,0.302,0.447,0.365878664027211,"Basophils","ANKRD11"
1.44459037785973e-05,0.937591557413291,0.374,0.58,0.528734524200439,"Basophils","KMT2E"
2.03572900400709e-05,1.16254888700181,0.192,0.275,0.745097172756634,"Basophils","CUL3"
2.09789030016063e-05,0.729133058686925,0.198,0.279,0.767848828761791,"Basophils","PHF20L1"
2.15879648764572e-05,0.61710192587499,0.183,0.258,0.790141102443212,"Basophils","R3HDM4"
2.39993684423143e-05,1.64497830779564,0.376,0.44,0.878400884357147,"Basophils","RAD21"
2.47019485837883e-05,1.47259258737014,0.214,0.309,0.904116020115235,"Basophils","THUMPD3-AS1"
2.47102517089433e-05,1.42093740089896,0.372,0.418,0.904419922799035,"Basophils","IDS"
2.76418052475227e-05,1.14600763759673,0.189,0.272,1,"Basophils","CLTC"
3.33488997821992e-05,1.35448292382406,0.236,0.342,1,"Basophils","ADD1"
4.2880201163627e-05,1.3724130477383,0.252,0.365,1,"Basophils","PCM1"
4.33263559074177e-05,0.952207206471674,0.219,0.311,1,"Basophils","LCP2"
5.40496397733256e-05,1.23834589408139,0.244,0.356,1,"Basophils","PTPN6"
6.78438823463606e-05,1.4244709601878,0.426,0.522,1,"Basophils","MOB1A"
7.45128598012118e-05,1.5510735259452,0.193,0.275,1,"Basophils","OIP5-AS1"
8.480182256613e-05,1.54024603508845,0.211,0.302,1,"Basophils","DNAJB14"
8.87719635606974e-05,1.11257572050955,0.21,0.298,1,"Basophils","PPP3CA"
9.18834962230128e-05,1.21513717840929,0.243,0.348,1,"Basophils","PCSK7"
9.28783901464633e-05,1.36242546547563,0.271,0.393,1,"Basophils","PRPF40A"
0.000118929683661919,0.879172740937712,0.245,0.345,1,"Basophils","PREX1"
0.000125479213876914,1.68836980370513,0.362,0.419,1,"Basophils","BPTF"
0.000146913532511345,1.70607216213307,0.277,0.289,1,"Basophils","MAP4K4"
0.000147310409209257,1.04438574356338,0.327,0.478,1,"Basophils","CSNK1A1"
0.000154226933181865,1.06400818058283,0.372,0.555,1,"Basophils","PAK2"
0.00016160816199413,1.31408080840235,0.226,0.319,1,"Basophils","PPP4R3A"
0.000188604502944321,0.394921366029028,0.791,0.941,1,"Basophils","TXNIP"
0.000215702573922,1.26135354450372,0.215,0.298,1,"Basophils","TUT4"
0.000231214244299506,1.87319068682884,0.317,0.353,1,"Basophils","LNPEP"
0.000276131299013494,2.03098839341648,0.264,0.277,1,"Basophils","CELF1"
0.000290044716462139,1.16652437029924,0.24,0.335,1,"Basophils","RBL2"
0.000383887935310781,1.0150243460731,0.3,0.432,1,"Basophils","ACAP2"
0.00040246893881864,0.482665061786197,0.402,0.577,1,"Basophils","IQGAP1"
0.000408273288897454,1.53488975011944,0.367,0.428,1,"Basophils","DOCK8"
0.000411641780836592,1.40900907591149,0.209,0.294,1,"Basophils","TOP2B"
0.000412225474648991,1.08387371187908,0.281,0.397,1,"Basophils","DIAPH1"
0.000444444519382984,0.561997478161904,0.225,0.303,1,"Basophils","MIDN"
0.000446034838284583,1.57057263123911,0.202,0.285,1,"Basophils","DENR"
0.000483891823526183,1.39171994579685,0.229,0.32,1,"Basophils","NUFIP2"
0.000671154688966354,1.69765005521155,0.277,0.295,1,"Basophils","TMX4"
0.000895860780486986,1.03574188347192,0.243,0.333,1,"Basophils","CHD1"
0.00105946176241125,1.53123089698271,0.2,0.278,1,"Basophils","NCOA3"
0.00119538936008821,1.40833728457862,0.236,0.327,1,"Basophils","NCKAP1L"
0.00145464036773631,1.41278158137384,0.25,0.35,1,"Basophils","DYNC1H1"
0.00182322038350603,1.36463769619931,0.21,0.286,1,"Basophils","ZNF148"
0.0018386678339243,0.515476800668736,0.413,0.59,1,"Basophils","TLN1"
0.00186000585414525,1.02196848645854,0.188,0.252,1,"Basophils","GNA13"
0.00204580245899848,1.79001419792083,0.326,0.381,1,"Basophils","NCOR1"
0.00212982363101766,1.11157221342156,0.25,0.344,1,"Basophils","SUN2"
0.0022055935626689,1.17107611565728,0.373,0.435,1,"Basophils","VASP"
0.00225939687988281,1.3414758398156,0.198,0.268,1,"Basophils","PPP1R10"
0.00256013868321547,1.77479142100599,0.321,0.367,1,"Basophils","KANSL1"
0.00303567846491579,1.11088105157963,0.317,0.452,1,"Basophils","PJA2"
0.00358007248658971,1.39461402849779,0.201,0.27,1,"Basophils","RSBN1"
0.00380375624231587,1.63916715650682,0.327,0.377,1,"Basophils","NR3C1"
0.00382153044299925,1.07877926322415,0.351,0.504,1,"Basophils","BCLAF1"
0.00397640709191037,1.56821648794237,0.246,0.339,1,"Basophils","AC004687.1"
0.00451645555598098,1.68148174434861,0.329,0.383,1,"Basophils","PPP1R12A"
0.00487194250147193,0.583557829927628,0.607,0.858,1,"Basophils","CDC42"
0.00493876465665595,0.734284784793253,0.461,0.697,1,"Basophils","UBE2D3"
0.00506527074445883,1.3784640371835,0.213,0.287,1,"Basophils","STX16"
0.00508509268564188,1.58534709640106,0.338,0.397,1,"Basophils","CHD2"
0.00519659604625841,1.30246657141832,0.194,0.258,1,"Basophils","ZNF394"
0.00523583174316535,1.43115842168228,0.221,0.3,1,"Basophils","MYO1G"
0.0060131901293799,1.61314616100239,0.294,0.33,1,"Basophils","SATB1"
0.00605165095669706,1.79279495820262,0.314,0.365,1,"Basophils","XBP1"
0.00667575068725013,1.75895621051784,0.305,0.351,1,"Basophils","GRK2"
0.00689104151303239,1.02877217424824,0.413,0.618,1,"Basophils","HNRNPH1"
0.00695784377400101,1.36903040713525,0.324,0.369,1,"Basophils","AKNA"
0.00702627266210689,0.487897499214553,0.636,0.848,1,"Basophils","ARPC2"
0.0070773473717368,0.301604720479542,0.338,0.356,1,"Basophils","RNF149"
0.00760643851465851,1.42211834259383,0.236,0.318,1,"Basophils","BIRC6"
0.00778322448969317,1.03408591085426,0.491,0.675,1,"Basophils","SRRM2"
0.00795984901136037,1.26345967188629,0.301,0.422,1,"Basophils","CDKN1B"
0.00853506185334355,1.05669210462345,0.254,0.34,1,"Basophils","NFE2L2"
0.00861488202813412,1.68199181362897,0.225,0.305,1,"Basophils","EWSR1"
0.00943800111184438,0.989928175657094,0.374,0.534,1,"Basophils","CCNL1"
0,3.76364088171805,0.866,0.099,0,"NK cells","KLRD1"
0,3.26065559466402,0.917,0.173,0,"NK cells","GZMA"
0,4.01577483893817,0.864,0.123,0,"NK cells","PRF1"
0,4.94438335990615,0.794,0.058,0,"NK cells","KLRF1"
0,3.09133882182982,0.861,0.132,0,"NK cells","GZMB"
0,3.8639887479211,0.821,0.103,0,"NK cells","FGFBP2"
0,3.18264936307942,0.92,0.204,0,"NK cells","CST7"
0,4.34302363137877,0.877,0.177,0,"NK cells","GNLY"
0,3.51298487610134,0.96,0.268,0,"NK cells","NKG7"
0,3.72745989285169,0.807,0.128,0,"NK cells","HOPX"
0,2.49980725953459,0.789,0.136,0,"NK cells","KLRB1"
0,3.21997439060206,0.863,0.224,0,"NK cells","CTSW"
0,4.39036656322975,0.714,0.082,0,"NK cells","SPON2"
0,3.14198545916408,0.717,0.089,0,"NK cells","FCGR3A"
0,3.66308026861317,0.71,0.096,0,"NK cells","CLIC3"
0,3.13503011353183,0.851,0.247,0,"NK cells","CD247"
0,3.24293294580949,0.726,0.132,0,"NK cells","CCL4"
0,2.67893893798644,0.682,0.105,0,"NK cells","GZMH"
0,2.55479665830748,0.848,0.288,0,"NK cells","GZMM"
0,4.04941314255163,0.604,0.069,0,"NK cells","IL2RB"
0,2.69500107392306,0.814,0.291,0,"NK cells","CD7"
0,2.00224865476794,0.843,0.323,0,"NK cells","CCL5"
0,3.6249582332102,0.559,0.04,0,"NK cells","TRDC"
0,3.29509356335287,0.629,0.111,0,"NK cells","MATK"
0,2.92606842704842,0.691,0.187,0,"NK cells","CMC1"
0,1.0317536305255,0.861,0.361,0,"NK cells","TYROBP"
0,2.79303346463185,0.616,0.139,0,"NK cells","SAMD3"
0,2.01337648076682,0.859,0.387,0,"NK cells","ID2"
0,2.30392833413943,0.765,0.303,0,"NK cells","RUNX3"
0,1.66285126637758,0.864,0.421,0,"NK cells","EFHD2"
0,2.27770189684491,0.611,0.174,0,"NK cells","KLRK1"
0,2.13008450860313,0.654,0.219,0,"NK cells","SYNE1"
0,2.15640209199615,0.835,0.412,0,"NK cells","ABHD17A"
0,2.79673869278441,0.516,0.105,0,"NK cells","PYHIN1"
0,4.79910924466747,0.453,0.042,0,"NK cells","MYOM2"
0,1.7250594611836,0.943,0.542,0,"NK cells","ARL4C"
0,3.24953126143285,0.46,0.068,0,"NK cells","C1orf21"
0,1.38637795748525,0.672,0.281,0,"NK cells","SYNE2"
0,1.77025377857225,0.563,0.176,0,"NK cells","SYTL3"
0,3.5708081154862,0.435,0.051,0,"NK cells","S1PR5"
0,1.74134145515275,0.796,0.419,0,"NK cells","PLAAT4"
0,2.51775935663586,0.534,0.158,0,"NK cells","APMAP"
0,1.64409702998138,0.641,0.267,0,"NK cells","DUSP2"
0,4.02619789117027,0.404,0.035,0,"NK cells","PRSS23"
0,1.52775337662611,0.831,0.466,0,"NK cells","CD63"
0,5.63440701039363,0.374,0.011,0,"NK cells","SH2D1B"
0,3.57821764519469,0.415,0.052,0,"NK cells","LAIR2"
0,3.65299091704578,0.4,0.045,0,"NK cells","ADGRG1"
0,4.64714932166871,0.381,0.026,0,"NK cells","CD160"
0,1.69201150666647,0.774,0.431,0,"NK cells","CD81"
0,1.78569645053444,0.96,0.617,0,"NK cells","HCST"
0,1.3142340022713,0.866,0.524,0,"NK cells","ITGB2"
0,2.607650800348,0.428,0.089,0,"NK cells","MYBL1"
0,1.87227355786546,0.585,0.249,0,"NK cells","CEMIP2"
0,4.19919935203925,0.358,0.029,0,"NK cells","XCL2"
0,1.18306864945517,0.594,0.267,0,"NK cells","C12orf75"
0,1.87420557161569,0.527,0.201,0,"NK cells","TXK"
0,1.42312859695213,0.785,0.46,0,"NK cells","PLAC8"
0,1.31525598601516,0.819,0.495,0,"NK cells","CD99"
0,1.59242137307383,0.573,0.252,0,"NK cells","METRNL"
0,1.7235446509295,0.554,0.236,0,"NK cells","SKAP1"
0,2.81232231750281,0.4,0.083,0,"NK cells","CEP78"
0,3.48554179589511,0.417,0.104,0,"NK cells","IGFBP7"
0,2.78152387771064,0.391,0.078,0,"NK cells","NCR3"
0,1.97500210356507,0.489,0.185,0,"NK cells","PTPN4"
0,3.47419568092041,0.346,0.043,0,"NK cells","TTC38"
0,2.01814740781259,0.488,0.186,0,"NK cells","PRKCH"
0,1.49956077541397,0.732,0.431,0,"NK cells","FYN"
0,3.21767016791216,0.346,0.049,0,"NK cells","TBX21"
0,1.74094565856665,0.512,0.216,0,"NK cells","IFITM1"
0,2.14594792592396,0.499,0.204,0,"NK cells","APOBEC3G"
0,3.72150725038527,0.33,0.043,0,"NK cells","AKR1C3"
0,1.4860317596054,0.694,0.409,0,"NK cells","DDIT4"
0,4.0828107740235,0.306,0.028,0,"NK cells","KLRC3"
0,1.98438003677312,0.421,0.145,0,"NK cells","CHST12"
0,1.22912290122493,0.785,0.509,0,"NK cells","IL2RG"
0,1.83037897488765,0.427,0.154,0,"NK cells","STAT4"
0,1.83890064910252,0.524,0.252,0,"NK cells","ARPC5L"
0,1.01463616845729,0.759,0.489,0,"NK cells","BIN2"
0,1.15694568822678,0.797,0.528,0,"NK cells","PPP2R5C"
0,1.92425082223477,0.446,0.178,0,"NK cells","TFDP2"
0,1.27079692549269,0.672,0.404,0,"NK cells","PIP4K2A"
0,2.56714619658352,0.334,0.068,0,"NK cells","TGFBR3"
0,4.21194048851525,0.286,0.02,0,"NK cells","KLRC1"
0,2.7619657153532,0.327,0.062,0,"NK cells","SH2D2A"
0,3.39835305835232,0.3,0.037,0,"NK cells","FCRL6"
0,2.20047340584686,0.407,0.145,0,"NK cells","RHOC"
0,3.66405896193859,0.285,0.027,0,"NK cells","PTGDR"
0,1.19248650804501,0.804,0.547,0,"NK cells","DBI"
0,3.04326078190483,0.314,0.07,0,"NK cells","CX3CR1"
0,2.31710911275113,0.281,0.047,0,"NK cells","TRGC1"
0,3.26420296502779,0.294,0.06,0,"NK cells","CHST2"
0,1.13352900538361,0.79,0.557,0,"NK cells","HLA-F"
0,2.15969081320586,0.273,0.057,0,"NK cells","F2R"
0,0.670924892874789,0.875,0.673,0,"NK cells","RAP1B"
0,1.07680753975197,0.949,0.756,0,"NK cells","UBB"
0,1.02126215160804,0.891,0.704,0,"NK cells","JAK1"
0,1.01057771938786,0.925,0.738,0,"NK cells","SEPTIN7"
0,1.04166450474035,0.969,0.789,0,"NK cells","CYBA"
0,1.22451675056234,0.996,0.849,0,"NK cells","CALM1"
0,1.13275932389393,0.987,0.842,0,"NK cells","PFN1"
0,0.819469692030941,0.976,0.841,0,"NK cells","CFL1"
0,0.78461150983825,0.996,0.934,0,"NK cells","HLA-A"
0,0.917267768324703,0.997,0.936,0,"NK cells","HLA-C"
0,0.655568374630574,0.997,0.951,0,"NK cells","HLA-B"
0,0.359520087657281,1,0.978,0,"NK cells","TMSB4X"
0,0.541897810295267,0.998,0.978,0,"NK cells","MT-ATP6"
0,0.517486482375033,0.999,0.983,0,"NK cells","MT-CO2"
0,0.848250801066274,0.999,0.994,0,"NK cells","B2M"
2.24305803211926e-321,0.535251988793547,0.996,0.959,8.2098167033597e-317,"NK cells","MT-CO1"
1.31421461793772e-320,2.7408138384052,0.344,0.113,4.81015692311383e-316,"NK cells","SYNGR1"
6.32601652935132e-320,0.604171657528321,0.977,0.838,2.31538530990788e-315,"NK cells","MYL12A"
3.33642530636594e-319,0.766136859646984,0.33,0.09,1.221165026383e-314,"NK cells","MCTP2"
1.41396291634043e-310,1.45355553890516,0.518,0.223,5.17524567009762e-306,"NK cells","LYAR"
3.48967430850884e-310,1.74132957989915,0.435,0.162,1.27725569365732e-305,"NK cells","PRDM1"
4.33246280000302e-305,1.20766928808926,0.734,0.481,1.5857247094291e-300,"NK cells","PIK3R1"
5.04747401957685e-301,0.977363177135505,0.828,0.636,1.84742596590532e-296,"NK cells","RAC2"
5.68634051616338e-295,1.22773674272065,0.709,0.452,2.08125749232096e-290,"NK cells","EVL"
1.92432511533585e-293,1.19219695200086,0.557,0.285,7.04322235464076e-289,"NK cells","GNG2"
3.85302834482851e-290,1.91194109317575,0.384,0.142,1.41024690449068e-285,"NK cells","C5orf56"
1.5821016112915e-289,1.08335135266308,0.524,0.233,5.79065010748804e-285,"NK cells","AREG"
1.20954689597333e-287,1.87225348858654,0.481,0.231,4.42706259395198e-283,"NK cells","GNPTAB"
5.5236632506164e-284,2.22940216227807,0.303,0.091,2.02171598635811e-279,"NK cells","ZAP70"
3.90055908333402e-281,1.32071049386799,0.671,0.457,1.42764363009109e-276,"NK cells","NDUFB7"
1.17876828847392e-277,0.798830081252042,0.864,0.562,4.31440981264339e-273,"NK cells","ETS1"
1.68276474136198e-277,1.63025040680519,0.507,0.251,6.159087229859e-273,"NK cells","RNF125"
1.13277270662689e-275,0.926543070901277,0.828,0.61,4.14606138352509e-271,"NK cells","PPIB"
1.23554579169194e-275,1.0219884603267,0.526,0.253,4.52222115217168e-271,"NK cells","GPR65"
2.33330652427575e-272,1.21151147922896,0.474,0.217,8.54013520950167e-268,"NK cells","PTPN12"
9.77664350567592e-267,1.18650559547931,0.723,0.525,3.57834928951244e-262,"NK cells","NDUFB2"
1.77602916396993e-263,1.09353088909654,0.676,0.434,6.50044434304633e-259,"NK cells","CLEC2B"
2.44790454231064e-262,1.63563482654338,0.434,0.192,8.95957541531118e-258,"NK cells","ITGAL"
5.67113676665013e-259,1.31458786716455,0.685,0.463,2.07569276796161e-254,"NK cells","CALR"
6.52711672058835e-253,1.6015716911844,0.42,0.177,2.38898999090254e-248,"NK cells","OPTN"
4.46360038869157e-252,0.73079532862235,0.764,0.538,1.633722378265e-247,"NK cells","RNF213"
1.41770708910607e-250,1.16650506566449,0.684,0.471,5.18894971683714e-246,"NK cells","PDIA3"
3.33293412778736e-246,1.61314826466351,0.432,0.193,1.21988722011145e-241,"NK cells","FKBP11"
2.80565884669982e-243,0.779681203330469,0.881,0.699,1.0268991944806e-238,"NK cells","TLE5"
5.83532362838134e-243,1.344420765044,0.477,0.231,2.13578680122385e-238,"NK cells","DOK2"
4.72115633884189e-239,1.14609751873616,0.695,0.488,1.72799043157952e-234,"NK cells","PRMT2"
2.96939826312779e-237,0.761272081075987,0.857,0.613,1.0868294582874e-232,"NK cells","CLIC1"
6.91768247352774e-237,1.11538588297972,0.629,0.413,2.53194096213589e-232,"NK cells","OSTF1"
4.30405804194456e-235,1.09466366845612,0.79,0.631,1.57532828393213e-230,"NK cells","EIF3G"
1.35664430130078e-234,1.39195019456348,0.557,0.327,4.96545380719099e-230,"NK cells","DSTN"
3.50224124360273e-234,1.41546223961696,0.444,0.197,1.28185531757103e-229,"NK cells","RORA"
2.004683112089e-230,0.725422706576631,0.678,0.332,7.33734065855696e-226,"NK cells","FCER1G"
1.17466896917925e-228,1.84466606811654,0.373,0.158,4.29940589409298e-224,"NK cells","AC092821.3"
1.23184865147479e-227,1.18115228905129,0.58,0.342,4.50868924926288e-223,"NK cells","CTSC"
1.44175418219692e-227,0.741029842777939,0.853,0.691,5.27696448225894e-223,"NK cells","RBM39"
3.14192673098259e-225,0.702707516236079,0.835,0.637,1.14997660280694e-220,"NK cells","MSN"
1.50338312676419e-224,1.99812516663277,0.266,0.085,5.50253258226961e-220,"NK cells","SMAD7"
4.98129872477539e-222,0.576253640086941,0.948,0.82,1.82320514625504e-217,"NK cells","ARPC2"
7.03396305377636e-219,0.444283276389611,0.979,0.873,2.57450081731268e-214,"NK cells","SERF2"
1.93893361692486e-218,2.45266733482932,0.271,0.092,7.0966909313067e-214,"NK cells","TMIGD2"
1.07900965099864e-216,0.520873497054003,0.968,0.859,3.94928322362013e-212,"NK cells","HMGB1"
3.69270797490822e-215,1.53420540172798,0.308,0.108,1.35156804589616e-210,"NK cells","TLE1"
4.91204678480033e-213,0.661438362375967,0.91,0.766,1.79785824370477e-208,"NK cells","MYL12B"
1.03998198058883e-212,1.33502664588013,0.558,0.343,3.80643804715318e-208,"NK cells","PAXX"
1.18640567021432e-212,1.23540303228451,0.489,0.263,4.34236339355142e-208,"NK cells","AC245297.3"
7.14719795406633e-212,1.00002712465386,0.623,0.388,2.61594592316782e-207,"NK cells","STK17A"
1.43378672220881e-210,0.957356862217278,0.532,0.258,5.24780278195647e-206,"NK cells","TRBC1"
1.74621916275991e-210,1.29396252054623,0.622,0.418,6.39133675761755e-206,"NK cells","HIST1H1E"
1.58864445990576e-209,0.964530512456785,0.549,0.305,5.81459758770106e-205,"NK cells","MAP3K8"
3.42516154625199e-207,1.66995191318504,0.361,0.158,1.25364337754369e-202,"NK cells","DIP2A"
4.82907735786627e-206,1.8736556247046,0.264,0.086,1.76749060375263e-201,"NK cells","SH2D1A"
9.55793717993508e-206,0.634784838599481,0.95,0.781,3.49830058722804e-201,"NK cells","PPIA"
1.32173260793673e-205,0.762919213016248,0.838,0.684,4.83767351830924e-201,"NK cells","PSME1"
2.86709430502634e-200,1.85417059839726,0.313,0.122,1.04938518658269e-195,"NK cells","PLAAT3"
6.3146584475838e-196,0.523534585961599,0.982,0.888,2.31122813840014e-191,"NK cells","MT-ND5"
2.01159728637775e-195,1.03914054342591,0.521,0.311,7.3626472278712e-191,"NK cells","MAPK1"
3.02957135387761e-194,1.11322918521922,0.562,0.357,1.10885341123274e-189,"NK cells","DHRS7"
5.17102689026934e-194,1.1479619380045,0.526,0.314,1.89264755210748e-189,"NK cells","SUN2"
2.41171933590502e-192,1.50034204544336,0.317,0.121,8.82713394134597e-188,"NK cells","LINC01871"
1.30660959279016e-191,0.697687874326464,0.668,0.469,4.78232177057126e-187,"NK cells","MBP"
6.60313523512699e-191,2.05722549148415,0.258,0.09,2.41681352740883e-186,"NK cells","SLAMF7"
1.52545476266234e-190,1.82394950761429,0.398,0.204,5.58331697682045e-186,"NK cells","HDDC2"
2.78619218947355e-189,0.67374537345917,0.611,0.382,1.01977420326921e-184,"NK cells","ITGB1"
7.5948223841583e-188,0.401378677384931,0.701,0.475,2.77978094082578e-183,"NK cells","IRF1"
6.67102901304931e-187,1.61759198756586,0.327,0.142,2.44166332906618e-182,"NK cells","CD300A"
6.94420383592235e-187,0.456725276731269,0.977,0.893,2.54164804598594e-182,"NK cells","DDX5"
3.90729079637811e-186,0.713494703718308,0.762,0.506,1.43010750438235e-181,"NK cells","GSTP1"
4.89379690977333e-185,0.351620416995448,0.997,0.983,1.79117860694614e-180,"NK cells","MT-CO3"
2.08607091163677e-184,0.765768320355202,0.847,0.682,7.63522814368175e-180,"NK cells","NCL"
5.00113005881845e-184,0.796285512278789,0.724,0.558,1.83046361282814e-179,"NK cells","GUK1"
3.10594939141973e-183,0.81007761480394,0.377,0.173,1.13680853675354e-178,"NK cells","TPST2"
3.89402260012938e-182,1.12188323180602,0.526,0.293,1.42525121187335e-177,"NK cells","LCK"
3.86468812545048e-180,1.35649429535062,0.452,0.248,1.41451450079613e-175,"NK cells","LINC00623"
2.73003377095865e-179,0.94118048291645,0.649,0.474,9.99219660508575e-175,"NK cells","BZW1"
2.49311024784377e-178,1.48324106749058,0.318,0.132,9.12503281813298e-174,"NK cells","PDE4D"
1.02194654560299e-176,0.471295562225588,0.958,0.844,3.7404265515615e-172,"NK cells","UBC"
9.31528941241606e-175,1.19482625807889,0.488,0.272,3.4094890778384e-170,"NK cells","SLFN5"
1.47645034805066e-173,1.70215977638513,0.332,0.148,5.40395591890021e-169,"NK cells","CBLB"
4.01654288408044e-172,1.02149742206301,0.47,0.269,1.47009486100228e-167,"NK cells","SLC9A3R1"
4.34427607801159e-171,0.448989991379305,0.803,0.494,1.59004848731302e-166,"NK cells","ANXA1"
9.33161565209754e-170,1.21229855276744,0.435,0.236,3.41546464482422e-165,"NK cells","BTN3A2"
1.01359847404384e-169,0.655680218189543,0.874,0.734,3.70987177484785e-165,"NK cells","HNRNPDL"
3.11747596702055e-168,0.935641809941797,0.626,0.458,1.14102737868919e-163,"NK cells","CD47"
9.37023504272025e-168,0.561301521497992,0.595,0.406,3.42959972798604e-163,"NK cells","TGFB1"
1.47800239512356e-167,0.840249845382417,0.647,0.404,5.40963656639174e-163,"NK cells","GIMAP7"
5.73772537338883e-166,1.43243722458005,0.372,0.177,2.10006486391404e-161,"NK cells","CD96"
5.80843600770749e-165,0.716082643852548,0.687,0.53,2.12594566318102e-160,"NK cells","C9orf16"
2.03952146766447e-164,0.657604681354222,0.847,0.693,7.46485252379872e-160,"NK cells","MIF"
1.75598831494384e-163,1.66211620750546,0.266,0.105,6.42709283152594e-159,"NK cells","TSEN54"
2.3816551156084e-163,0.508660172287169,0.939,0.799,8.71709588863832e-159,"NK cells","SRP14"
3.08458513654566e-161,1.58339034253691,0.343,0.162,1.12898900582708e-156,"NK cells","PLEKHA1"
3.78212948037956e-159,0.515744871160986,0.992,0.923,1.38429721111372e-154,"NK cells","TXNIP"
1.18554036572688e-157,0.504018296222563,0.957,0.813,4.33919629259695e-153,"NK cells","RPL36AL"
3.76706411249828e-157,1.33674598624253,0.465,0.281,1.37878313581549e-152,"NK cells","SPN"
1.99527462004165e-156,0.947734208658697,0.585,0.41,7.30290463681444e-152,"NK cells","HSPA5"
4.22134370493652e-156,0.97747910236612,0.269,0.105,1.54505400944382e-151,"NK cells","CD226"
6.52801461673454e-156,1.09040776674241,0.502,0.32,2.38931862987101e-151,"NK cells","RAB5IF"
1.13663774335612e-155,1.52280343992685,0.358,0.185,4.16020780445773e-151,"NK cells","UBE2F"
3.88975972174804e-154,0.555763978401406,0.691,0.483,1.423690955757e-149,"NK cells","FLNA"
2.2725766559329e-153,1.80819804464111,0.308,0.142,8.31785781837999e-149,"NK cells","RAB9A"
2.62395083387492e-153,1.11471184527076,0.512,0.338,9.60392244706558e-149,"NK cells","PTPRA"
3.55208495576657e-153,0.901494933823021,0.472,0.271,1.30009861466012e-148,"NK cells","CTSD"
3.00053530759411e-151,0.810776264675083,0.484,0.287,1.09822592793252e-146,"NK cells","PARP8"
6.32589090150274e-151,0.733220214555458,0.695,0.539,2.31533932885902e-146,"NK cells","PSMB9"
7.54637332899984e-150,1.11666860788257,0.265,0.106,2.76204810214723e-145,"NK cells","LPCAT1"
4.23016113588459e-149,0.572158744490522,0.76,0.506,1.54828127734512e-144,"NK cells","PCED1B-AS1"
5.10321659349125e-149,1.25334294330511,0.459,0.283,1.86782830538373e-144,"NK cells","PRKACB"
4.02670354416537e-148,1.0722363223633,0.309,0.141,1.47381376419997e-143,"NK cells","STOM"
8.77941206530243e-148,1.20603493930957,0.505,0.323,3.21335261002134e-143,"NK cells","C1orf56"
3.20636943439454e-147,0.588157519748081,0.876,0.73,1.17356327668275e-142,"NK cells","CHCHD2"
6.86980486456022e-147,0.834552578349926,0.733,0.601,2.51441727847769e-142,"NK cells","SRSF7"
2.98502092061692e-146,0.81846862101748,0.547,0.364,1.092547507155e-141,"NK cells","UTRN"
4.34411447592132e-146,0.636661165303187,0.648,0.483,1.58998933933196e-141,"NK cells","CDC42SE1"
3.94858150134068e-145,0.732503491243598,0.733,0.55,1.4452203153057e-140,"NK cells","CAST"
7.40358270795705e-145,0.430273264762625,0.937,0.829,2.70978530693936e-140,"NK cells","CDC42"
1.25239671311578e-143,0.624562611894891,0.721,0.546,4.58389720967508e-139,"NK cells","HSP90B1"
1.24278327292228e-142,0.934793090286954,0.651,0.457,4.54871105722283e-138,"NK cells","IL32"
7.04938127382636e-142,0.987789234450778,0.591,0.435,2.58014404003319e-137,"NK cells","LDHA"
4.66267879598056e-140,0.883908071199783,0.548,0.371,1.70658706611685e-135,"NK cells","CNOT6L"
2.00907430797852e-139,1.13122911194174,0.459,0.281,7.3534128746322e-135,"NK cells","TBC1D10C"
3.11819741954198e-139,1.41427643959412,0.365,0.194,1.14129143752656e-134,"NK cells","PITPNC1"
4.04466234536728e-138,0.816473034695175,0.684,0.555,1.48038686502788e-133,"NK cells","ATP5IF1"
5.36406336709569e-137,1.44781618247789,0.319,0.158,1.96330083299069e-132,"NK cells","AOAH"
1.7923288652281e-136,0.916888227077226,0.516,0.341,6.56010287962137e-132,"NK cells","XBP1"
2.80106276420188e-136,1.47860413241344,0.34,0.176,1.02521698232553e-131,"NK cells","PTPN22"
1.92916872589409e-135,0.304091202039348,0.995,0.98,7.06095045364497e-131,"NK cells","MALAT1"
2.2762299269744e-134,0.344255774986849,0.953,0.728,8.33122915571899e-130,"NK cells","S100A4"
2.80368668378992e-134,1.6262359784689,0.276,0.124,1.02617736313395e-129,"NK cells","GTF3C1"
8.77239436304097e-133,0.668337328065563,0.688,0.525,3.21078406081662e-128,"NK cells","FAM107B"
1.83242963113563e-132,0.92020925577527,0.612,0.466,6.70687569291953e-128,"NK cells","POLR2L"
3.27919343531618e-130,0.340678941094877,0.889,0.709,1.20021758926008e-125,"NK cells","LCP1"
2.41775720639551e-129,0.421441458759513,0.605,0.371,8.84923315112821e-125,"NK cells","ZEB2"
8.20925641625595e-129,1.07191078645274,0.295,0.13,3.00466994091384e-124,"NK cells","KLRG1"
3.15052114073051e-128,0.460964663133813,0.657,0.471,1.15312224271878e-123,"NK cells","AAK1"
2.25672754417787e-127,1.00827520245962,0.547,0.396,8.2598484844454e-123,"NK cells","BST2"
3.46316114217807e-127,0.984128616345072,0.529,0.369,1.26755160964859e-122,"NK cells","LY6E"
6.01028720537517e-125,1.07498145473468,0.419,0.247,2.19982522003937e-120,"NK cells","RBM38"
6.26885601416269e-125,1.19730658047086,0.48,0.328,2.29446398974369e-120,"NK cells","ANXA6"
2.27955350941449e-124,0.899495259554676,0.624,0.491,8.34339379980797e-120,"NK cells","DNAJC8"
5.26504577486263e-123,0.509852704272556,0.786,0.661,1.92705940405747e-118,"NK cells","ELOB"
1.01275363577442e-122,1.04464871070961,0.348,0.186,3.70677958229795e-118,"NK cells","AL627171.2"
1.4129665927623e-122,0.89542287852138,0.614,0.475,5.1715990261693e-118,"NK cells","PSME2"
3.06439944291311e-122,1.02819354940668,0.525,0.383,1.12160084010063e-117,"NK cells","SELENOW"
3.24512985601086e-122,0.932975512336076,0.336,0.176,1.18774997859854e-117,"NK cells","PXN"
1.23870830319465e-120,1.50191714195865,0.302,0.151,4.53379626052274e-116,"NK cells","ARAP2"
3.45461180120272e-120,1.22526211611733,0.381,0.225,1.26442246535821e-115,"NK cells","TRAPPC10"
1.10373778110299e-119,0.55087328912102,0.698,0.558,4.03979065261505e-115,"NK cells","CD53"
3.56141723651671e-117,0.775954097867118,0.618,0.487,1.30351432273748e-112,"NK cells","SPCS2"
8.47325255670159e-117,0.99264833060392,0.523,0.346,3.10129516827835e-112,"NK cells","CD2"
1.11802576489684e-116,0.492468384175525,0.87,0.749,4.09208610209892e-112,"NK cells","CIRBP"
1.78180780922642e-116,1.05979598574935,0.511,0.374,6.52159476254962e-112,"NK cells","SCP2"
4.57301633059004e-115,0.715221480545112,0.458,0.296,1.67376970715926e-110,"NK cells","ACTN4"
3.44668830021032e-114,0.456912894433589,0.657,0.525,1.26152238475998e-109,"NK cells","CCND3"
5.14825390656787e-114,0.495407145943094,0.804,0.672,1.88431241234291e-109,"NK cells","SSR4"
5.36860610651083e-114,1.2036213662816,0.544,0.401,1.96496352104403e-109,"NK cells","HIST1H1D"
1.15262789390573e-113,1.3687704216582,0.361,0.213,4.21873335448434e-109,"NK cells","CDK2AP2"
2.06418091729343e-113,0.571558969423417,0.829,0.71,7.55510857538567e-109,"NK cells","SET"
5.68386536628439e-113,1.39117280917832,0.353,0.209,2.08035156271375e-108,"NK cells","SDF4"
6.08540854497566e-113,0.515661484128109,0.862,0.729,2.22732038154654e-108,"NK cells","HSP90AA1"
3.45198551749048e-112,0.251624768819025,0.966,0.87,1.26346121925669e-107,"NK cells","SH3BGRL3"
9.67258391561237e-111,0.294067355829609,0.895,0.793,3.54026243895328e-106,"NK cells","YWHAZ"
2.89930557770297e-110,0.671939424034952,0.503,0.348,1.06117483449506e-105,"NK cells","AKNA"
5.8764744063815e-110,0.62464411640615,0.536,0.365,2.15084839747969e-105,"NK cells","IQGAP2"
1.43985738782506e-109,1.09483704522647,0.471,0.334,5.2700220251785e-105,"NK cells","POLR3GL"
1.2936338718865e-107,0.849167484493391,0.538,0.411,4.73482933449178e-103,"NK cells","PRDX5"
7.59572111705924e-107,0.435370379739078,0.578,0.433,2.78010988605485e-102,"NK cells","DNAJB6"
1.88398495274135e-106,0.740071433052762,0.596,0.475,6.89557332552862e-102,"NK cells","RBM8A"
1.99338931446836e-106,0.311585873906497,0.661,0.499,7.29600422988565e-102,"NK cells","IER2"
2.24737480347628e-106,1.17975332241547,0.416,0.271,8.22561651820354e-102,"NK cells","GPATCH8"
3.26901270674397e-106,0.728025002251171,0.603,0.473,1.19649134079536e-101,"NK cells","POMP"
1.85863997768562e-105,0.419525456154026,0.952,0.865,6.80280818232713e-101,"NK cells","MTRNR2L12"
2.7580041466164e-105,0.418147954860279,0.938,0.823,1.00945709770307e-100,"NK cells","TMA7"
5.76663565840144e-105,1.00597208112131,0.395,0.228,2.11064631733151e-100,"NK cells","IKZF3"
8.47347405414024e-105,0.358760074676113,0.954,0.849,3.10137623855587e-100,"NK cells","ARHGDIB"
1.0929976762479e-104,1.22643726241856,0.468,0.335,4.00048079483495e-100,"NK cells","HIST2H2AC"
7.08712430794797e-104,1.28107902376332,0.38,0.237,2.59395836795204e-99,"NK cells","ZBTB1"
1.73756940130456e-102,0.775111186433433,0.582,0.457,6.35967776571483e-98,"NK cells","DRAP1"
2.90097922281796e-102,0.770687279149366,0.581,0.46,1.0617874053436e-97,"NK cells","PPP1CA"
2.95362637298546e-102,0.729232766173643,0.279,0.135,1.08105678877641e-97,"NK cells","ITGAM"
8.98110030843659e-102,0.592090364648109,0.664,0.534,3.28717252389088e-97,"NK cells","ATM"
3.96950632690052e-101,0.701558425438586,0.613,0.479,1.45287901070886e-96,"NK cells","ARF6"
7.70357255531201e-101,0.680694955767957,0.507,0.365,2.81958459096975e-96,"NK cells","MACF1"
3.96597666266058e-100,0.897483261677759,0.506,0.378,1.4515871183004e-95,"NK cells","YWHAQ"
6.29270995585087e-100,0.293660848284468,0.997,0.959,2.30319477094098e-95,"NK cells","MT-CYB"
2.05933341735304e-99,0.819562187794554,0.558,0.436,7.53736624085385e-95,"NK cells","NDUFC2"
2.23757159154542e-98,0.687261926550425,0.566,0.439,8.18973578221539e-94,"NK cells","TERF2IP"
4.88732399027775e-98,1.70076826396348,0.27,0.141,1.78880945368156e-93,"NK cells","HIST1H3D"
1.4153965664043e-97,0.752244608181933,0.332,0.191,5.18049297269638e-93,"NK cells","HIPK2"
1.72328834905984e-97,0.971935932409322,0.372,0.217,6.30740768639391e-93,"NK cells","ITM2A"
2.26418501704589e-97,0.797444834453204,0.591,0.484,8.28714358088965e-93,"NK cells","SNRPB"
2.67064133049151e-97,0.327903277128256,0.998,0.894,9.77481433373198e-93,"NK cells","PTMA"
5.00498783602494e-97,1.43862045881211,0.299,0.164,1.83187559786349e-92,"NK cells","TRG-AS1"
1.17975778643363e-96,0.68194430221562,0.407,0.261,4.31803147412571e-92,"NK cells","IDI1"
1.47741717351178e-96,1.20225108880362,0.317,0.179,5.40749459677046e-92,"NK cells","RASAL3"
1.63347003184403e-96,1.17328119429269,0.379,0.242,5.97866366355233e-92,"NK cells","SIGIRR"
1.19459614684747e-95,0.497487015643636,0.607,0.382,4.37234135707642e-91,"NK cells","LGALS1"
5.81841721275407e-95,0.70125140405946,0.597,0.459,2.12959888404012e-90,"NK cells","ITGA4"
1.20747244419748e-94,1.27784058939035,0.325,0.192,4.4194698930072e-90,"NK cells","HMOX2"
3.24899540381893e-94,0.991221542509284,0.511,0.389,1.18916480775177e-89,"NK cells","HMGN3"
2.60210223201609e-93,1.21047964639721,0.254,0.128,9.52395437940211e-89,"NK cells","RASSF1"
4.14736345452517e-93,0.361601692408031,0.858,0.731,1.51797649799076e-88,"NK cells","SUB1"
5.89790284982719e-93,1.24244518559073,0.341,0.207,2.15869142206525e-88,"NK cells","RPA2"
2.21964469107141e-92,0.709052099393079,0.57,0.46,8.12412153379047e-88,"NK cells","CCDC85B"
2.78061783227492e-91,0.996073928041505,0.439,0.317,1.01773393279094e-86,"NK cells","RPS19BP1"
2.02103680735875e-90,0.252833781011268,0.945,0.759,7.39719681861378e-86,"NK cells","KLF2"
2.56030313116592e-90,0.807894748293955,0.658,0.543,9.3709654903804e-86,"NK cells","HIST1H4C"
2.78745309529755e-90,0.501719977744332,0.627,0.51,1.02023570740986e-85,"NK cells","TCF25"
6.96707035442638e-90,1.06933220578031,0.314,0.182,2.5500174204236e-85,"NK cells","ATP2B4"
1.16291821921587e-89,0.877570765735154,0.548,0.44,4.25639697415201e-85,"NK cells","PSMB10"
3.20069374475392e-89,0.811527876531348,0.346,0.208,1.17148591751738e-84,"NK cells","APOL6"
1.52510011718758e-88,0.521530817725603,0.314,0.168,5.58201893891828e-84,"NK cells","ZBTB16"
2.01585089027443e-88,0.888493734802898,0.364,0.232,7.37821584349344e-84,"NK cells","ARHGAP9"
2.22869738482506e-88,0.7394037788305,0.521,0.372,8.1572552981982e-84,"NK cells","GIMAP4"
4.77226491935092e-88,0.251391573204335,0.665,0.528,1.74669668313163e-83,"NK cells","FAM49B"
1.04848839546895e-87,0.291625520006627,0.264,0.134,3.83757237625592e-83,"NK cells","HSH2D"
1.15569168423844e-87,0.73982219338479,0.56,0.44,4.22994713348111e-83,"NK cells","EMB"
2.66085874845161e-87,0.556044480412961,0.715,0.626,9.73900910520774e-83,"NK cells","SAP18"
1.3191823821407e-86,0.509767513153484,0.695,0.601,4.82833943687316e-82,"NK cells","ARGLU1"
2.16005629230971e-86,0.957582177565847,0.469,0.354,7.90602203548278e-82,"NK cells","CYCS"
2.41665828785412e-86,0.525881630397845,0.752,0.648,8.84521099937486e-82,"NK cells","COX6C"
3.53869151169395e-86,0.607751616011618,0.696,0.597,1.2951964801951e-81,"NK cells","GTF3A"
3.1475767025387e-85,0.444272485494263,0.76,0.658,1.15204454889619e-80,"NK cells","ARL6IP5"
7.1361007304411e-85,1.00579507948331,0.448,0.326,2.61188422834875e-80,"NK cells","BRD7"
2.2331373331071e-84,0.421429630272305,0.787,0.689,8.1735059529053e-80,"NK cells","HNRNPA3"
4.39523523062221e-84,1.20374445677244,0.361,0.24,1.60870004676004e-79,"NK cells","TMED9"
5.8815550223515e-84,0.750855623391784,0.471,0.353,2.15270795373087e-79,"NK cells","SELENOT"
6.23120296973622e-84,1.55073209786245,0.254,0.138,2.28068259895315e-79,"NK cells","EBP"
9.28486125826508e-84,0.56093556175547,0.626,0.524,3.3983520691376e-79,"NK cells","TMEM59"
1.26652683291135e-83,0.821275635316201,0.564,0.468,4.63561486113884e-79,"NK cells","NDUFA12"
4.27164529238636e-83,0.930322338701396,0.458,0.348,1.56346489346633e-78,"NK cells","LMAN2"
4.27671440564839e-83,0.519207521706678,0.733,0.633,1.56532023961137e-78,"NK cells","SRRM1"
4.54907544708644e-83,0.500272737100915,0.739,0.622,1.66500710438811e-78,"NK cells","SRSF3"
4.78725883170167e-83,0.866893956379936,0.452,0.331,1.75218460499113e-78,"NK cells","TES"
8.90591079779009e-83,0.661351606061414,0.588,0.461,3.25965241109915e-78,"NK cells","GYPC"
1.03807543808313e-81,0.775924690911516,0.509,0.404,3.79945991092806e-77,"NK cells","MAP2K2"
7.44022064617093e-81,0.739756486511188,0.278,0.153,2.72319515870502e-76,"NK cells","PTPN7"
8.69362452358094e-81,1.32519155409049,0.308,0.187,3.18195351187586e-76,"NK cells","APOBEC3C"
2.1000056181039e-79,0.770376517624673,0.394,0.269,7.68623056282208e-75,"NK cells","DGKZ"
2.75612873216266e-79,0.725539145587112,0.557,0.459,1.00877067725885e-74,"NK cells","C9orf78"
5.1140380280216e-79,1.60370609585679,0.267,0.155,1.87178905863619e-74,"NK cells","ACAA2"
9.36166286474681e-79,0.297795517820608,0.583,0.467,3.42646222512598e-74,"NK cells","SELENOK"
1.02806929681659e-78,0.980438724176689,0.361,0.234,3.76283643327841e-74,"NK cells","MLLT6"
2.0404890178945e-78,0.501917317628994,0.779,0.67,7.46839385439568e-74,"NK cells","EDF1"
2.31880821702938e-78,0.507671923523445,0.574,0.447,8.48706995514923e-74,"NK cells","CD164"
3.66726750919555e-78,0.574456941106382,0.66,0.559,1.34225658104066e-73,"NK cells","COX6A1"
1.52873415617442e-77,0.662423687278886,0.561,0.46,5.59531988501399e-73,"NK cells","WDR83OS"
3.97696565038252e-77,0.501229944517574,0.733,0.64,1.45560919769651e-72,"NK cells","SSR2"
5.75251642273877e-77,0.590112057358876,0.681,0.592,2.10547853588662e-72,"NK cells","NUCKS1"
2.04570014482392e-76,0.801292544421143,0.388,0.268,7.48746710007003e-72,"NK cells","RNF166"
2.10434183706872e-76,0.463445201344169,0.66,0.571,7.70210155785524e-72,"NK cells","PAIP2"
3.64319683443816e-76,1.10742061526519,0.313,0.193,1.33344647337271e-71,"NK cells","MANF"
3.73037583117509e-76,0.915715575693589,0.387,0.269,1.3653548579684e-71,"NK cells","BSG"
5.48488833222538e-76,0.963956845469347,0.28,0.16,2.00752397847781e-71,"NK cells","CREM"
1.19968233346885e-75,0.99528504217348,0.332,0.205,4.39095730872935e-71,"NK cells","ZBTB38"
4.37790867509234e-75,0.363775549345125,0.646,0.552,1.60235835417055e-70,"NK cells","DDX6"
6.61703824246927e-75,0.894072882016393,0.456,0.344,2.42190216712618e-70,"NK cells","PDIA6"
1.05060560047122e-74,0.816073291793795,0.479,0.371,3.84532155828473e-70,"NK cells","PRPF4B"
1.76504527833552e-74,1.24063676808715,0.312,0.197,6.46024222323585e-70,"NK cells","SSBP3"
1.9777380923076e-74,0.770120801353554,0.379,0.254,7.23871919165503e-70,"NK cells","RASA2"
2.33660116156845e-74,1.43159569725672,0.302,0.19,8.55219391145669e-70,"NK cells","SDF2L1"
2.9359693094525e-74,0.826342729082854,0.486,0.389,1.07459412695271e-69,"NK cells","PSMD8"
6.21320275035761e-74,0.698892515926559,0.498,0.364,2.27409433865839e-69,"NK cells","MGAT4A"
6.67771197389262e-74,0.576906159486975,0.66,0.556,2.44410935956444e-69,"NK cells","COX8A"
2.1407976984662e-73,0.549530487815648,0.616,0.529,7.83553365615613e-69,"NK cells","JTB"
3.69734069783871e-73,0.33364281981624,0.544,0.434,1.35326366881595e-68,"NK cells","MAP1LC3B"
5.35610623903312e-73,0.485123130671319,0.467,0.338,1.96038844454851e-68,"NK cells","SH3BP5"
6.90744930052363e-73,0.791288058203359,0.473,0.348,2.52819551848465e-68,"NK cells","MT2A"
1.17600590458201e-72,1.1271768211688,0.282,0.166,4.30429921136063e-68,"NK cells","RAB29"
1.23441986814318e-72,0.801928091630763,0.425,0.317,4.51810015939086e-68,"NK cells","BUD31"
1.55709606150223e-72,1.0485704524641,0.285,0.171,5.6991272947043e-68,"NK cells","VAV3"
1.56965583991699e-72,0.258636067790234,0.515,0.354,5.74509733968016e-68,"NK cells","CD69"
2.50869799124833e-72,0.725870179015601,0.372,0.249,9.182085517768e-68,"NK cells","GLIPR2"
3.04065326166386e-72,0.43631646944393,0.722,0.628,1.11290950030159e-67,"NK cells","UBL5"
3.33943420493921e-72,1.01031452508356,0.344,0.223,1.2222663133498e-67,"NK cells","CCSER2"
3.56221102681644e-72,1.0435708680433,0.334,0.215,1.30380485792509e-67,"NK cells","CCDC88C"
7.97441155182849e-72,1.04042008458455,0.4,0.298,2.91871437208475e-67,"NK cells","TBCB"
1.35995091403041e-71,0.389659368938945,0.789,0.688,4.9775563404427e-67,"NK cells","UQCR11"
1.43401790954836e-71,0.514570336679548,0.645,0.512,5.24864895073793e-67,"NK cells","ZFP36"
2.71929019016403e-71,0.74992373571107,0.501,0.386,9.95287402501938e-67,"NK cells","GLRX"
4.98009534969613e-71,0.581942046772524,0.542,0.421,1.82276469894228e-66,"NK cells","TPI1"
8.05463989285486e-71,1.37964262069272,0.292,0.181,2.94807874718381e-66,"NK cells","DNAJC1"
4.474463101331e-70,0.29515079867986,0.959,0.851,1.63769823971816e-65,"NK cells","ACTG1"
1.14011443920954e-69,0.430486888629454,0.276,0.16,4.17293285895085e-65,"NK cells","BHLHE40"
5.17782378216569e-69,0.319213375390994,0.735,0.648,1.89513528251046e-64,"NK cells","ATP6V0E1"
5.46039939546099e-69,0.77575414097555,0.48,0.381,1.99856078273268e-64,"NK cells","MED10"
6.02779071148455e-69,0.464691282684637,0.739,0.66,2.20623167831046e-64,"NK cells","TRIR"
7.65181236189242e-69,0.801497853304538,0.373,0.251,2.80063984257625e-64,"NK cells","RNF19A"
1.25928448205029e-68,0.73382813641172,0.463,0.355,4.60910713275228e-64,"NK cells","DYNLT1"
1.27672887117183e-68,0.326050591455465,0.923,0.798,4.67295534137602e-64,"NK cells","ZFP36L2"
3.03423806863252e-68,0.694852013016346,0.509,0.415,1.11056147550019e-63,"NK cells","ARL6IP1"
3.12525840684432e-68,0.520230449690217,0.657,0.575,1.14387582948909e-63,"NK cells","PSMB1"
3.60834623789977e-68,0.572936481705822,0.606,0.525,1.3206908065337e-63,"NK cells","NEDD8"
5.89702013270686e-68,0.323060596619781,0.907,0.809,2.15836833877204e-63,"NK cells","HNRNPA2B1"
1.1994376784984e-67,0.92822745808239,0.441,0.347,4.39006184707201e-63,"NK cells","TMEM160"
3.21089839155471e-67,0.882191344899044,0.275,0.16,1.17522092029294e-62,"NK cells","RASA3"
4.26728870538973e-67,0.483395084565839,0.72,0.624,1.5618703390597e-62,"NK cells","NDUFA13"
7.55483883939704e-67,0.736534091861622,0.379,0.267,2.76514656360771e-62,"NK cells","CASP8"
1.63444068084386e-66,0.366685824678783,0.836,0.729,5.98221633595661e-62,"NK cells","CORO1A"
2.33486870286608e-66,0.300804998899403,0.906,0.801,8.54585293936012e-62,"NK cells","SRSF5"
3.20274733947122e-66,1.21117734534429,0.307,0.198,1.17223755371986e-61,"NK cells","SYTL1"
3.8030441070017e-66,0.634849185332431,0.562,0.482,1.39195217360369e-61,"NK cells","PSMB8"
4.44724476709792e-66,1.39140525580519,0.286,0.183,1.62773605720551e-61,"NK cells","STX8"
1.77777356369646e-65,0.429402402072703,0.428,0.314,6.50682902048541e-61,"NK cells","PPP1R18"
2.28468263722625e-65,1.04726080013636,0.314,0.208,8.36216692051179e-61,"NK cells","MAPRE2"
2.83318126263296e-65,0.355474642848144,0.649,0.526,1.03697267393629e-60,"NK cells","ISG20"
3.09555993841553e-65,0.972914221021166,0.277,0.168,1.13300589305947e-60,"NK cells","STK26"
3.45048482044364e-65,0.620702261170811,0.483,0.37,1.26291194913058e-60,"NK cells","HIST1H1C"
5.7120082764767e-65,0.684393185770013,0.535,0.448,2.09065214927324e-60,"NK cells","CIB1"
9.25896169095187e-65,0.48857122682917,0.629,0.507,3.38887256850529e-60,"NK cells","VAMP8"
2.53217435766138e-64,0.723841427873653,0.427,0.315,9.26801136647642e-60,"NK cells","CARD16"
1.38673386060833e-63,0.539367319114584,0.568,0.482,5.07558460321254e-59,"NK cells","EPC1"
1.40838124378958e-63,0.955568230033985,0.344,0.238,5.15481619039426e-59,"NK cells","RNF115"
2.11480126891681e-63,0.922790019030698,0.34,0.236,7.7403841243624e-59,"NK cells","SIPA1"
3.62351009503792e-63,0.972826203298676,0.33,0.214,1.32624092988483e-58,"NK cells","CXXC5"
3.91691601933862e-63,0.538136583636955,0.603,0.516,1.43363043223813e-58,"NK cells","SEC61G"
1.23314586568006e-62,1.21876425338223,0.268,0.162,4.51343718297559e-58,"NK cells","ARHGEF3"
1.50267692948095e-62,0.461734501196324,0.713,0.602,5.49994782959324e-58,"NK cells","EID1"
2.37551703572269e-62,0.855153289383875,0.398,0.273,8.69462990244863e-58,"NK cells","LBH"
6.71708214760718e-62,0.512333949416627,0.371,0.256,2.4585192368457e-57,"NK cells","RAB8B"
7.87154187433691e-62,0.650675731617641,0.439,0.328,2.88106304142605e-57,"NK cells","PCSK7"
9.5207615606281e-62,0.63571753039808,0.516,0.423,3.48469393880549e-57,"NK cells","PSMA6"
1.30493273110797e-61,0.458533724005965,0.433,0.326,4.7761842891283e-57,"NK cells","STK10"
4.52649024957302e-61,0.693017685415558,0.425,0.324,1.65674069624622e-56,"NK cells","ADD1"
4.92023207259631e-61,0.56887101163813,0.556,0.473,1.80085414089098e-56,"NK cells","RABAC1"
2.70604055952327e-60,0.393059576219169,0.615,0.528,9.90437905191112e-56,"NK cells","TAPBP"
9.04724314988494e-60,0.905322288275112,0.419,0.331,3.31138146528939e-55,"NK cells","DCTN3"
1.38263689834333e-59,0.715317854372771,0.362,0.258,5.06058931162642e-55,"NK cells","HELZ"
1.65151674050775e-59,0.67523478061589,0.516,0.434,6.04471642193242e-55,"NK cells","DDX46"
2.15293916659067e-59,0.729100991202873,0.389,0.283,7.87997264363852e-55,"NK cells","MYO1G"
4.44495424049417e-59,0.435744511165576,0.72,0.63,1.62689770156327e-54,"NK cells","ATP5ME"
4.94074715477841e-59,0.853356199506833,0.441,0.355,1.80836286612045e-54,"NK cells","CCDC12"
1.43603966586996e-58,0.481444876887683,0.67,0.587,5.25604878105062e-54,"NK cells","UQCR10"
2.44096540297656e-58,0.553457423547317,0.495,0.407,8.93417747143452e-54,"NK cells","RAB2A"
3.74407855395464e-58,0.253188512132047,0.67,0.568,1.37037019153294e-53,"NK cells","AKAP13"
3.94210775054834e-58,0.726859834440597,0.524,0.441,1.4428508577782e-53,"NK cells","RWDD1"
4.91597381870018e-58,0.589275001179537,0.603,0.536,1.79929557738245e-53,"NK cells","NDUFB8"
5.89122102351386e-58,0.454469143621165,0.634,0.561,2.15624580681631e-53,"NK cells","HP1BP3"
7.77668038631069e-58,1.03466633260799,0.32,0.221,2.84634278819358e-53,"NK cells","ARIH2"
1.26730106695068e-57,1.11687166727558,0.324,0.23,4.63844863514617e-53,"NK cells","POLR2G"
1.27254992010926e-57,0.519168580032147,0.578,0.499,4.6576599625919e-53,"NK cells","DDX24"
2.49735708332502e-57,0.672374781933009,0.507,0.406,9.1405766606779e-53,"NK cells","SLC38A1"
6.07229720043528e-57,0.819310136773783,0.351,0.247,2.22252149833132e-52,"NK cells","KAT6B"
1.65447773130722e-56,0.407487403951073,0.527,0.435,6.05555394435756e-52,"NK cells","CYTH1"
2.02522901007949e-56,0.578619153027255,0.578,0.504,7.41254069979195e-52,"NK cells","COPS9"
2.44245107268158e-56,0.396353390077262,0.556,0.478,8.93961517112186e-52,"NK cells","TRAPPC1"
2.76362316843862e-56,0.258026137042673,0.998,0.863,1.01151371588022e-51,"NK cells","TMSB10"
3.71593888440148e-56,1.05004697070676,0.299,0.2,1.36007079107979e-51,"NK cells","RHOF"
2.06299593707224e-55,0.265902060719017,0.697,0.624,7.55077142927812e-51,"NK cells","CDC42SE2"
2.2229089657469e-55,0.345101901254758,0.672,0.575,8.13606910553024e-51,"NK cells","PARK7"
2.57264760804901e-55,0.394982039692089,0.555,0.451,9.41614751022019e-51,"NK cells","IFI16"
3.21187191534598e-55,0.738412311264454,0.468,0.392,1.17557723973578e-50,"NK cells","LSM3"
7.77170246747152e-55,0.815460389599929,0.426,0.337,2.84452082011925e-50,"NK cells","SRP19"
1.03248290779335e-54,0.67025422198774,0.488,0.4,3.77899069081445e-50,"NK cells","TMED10"
1.19981823047349e-54,0.42290714091334,0.477,0.379,4.39145470535603e-50,"NK cells","DIAPH1"
4.21270397407651e-54,0.48283848089022,0.633,0.545,1.54189178155174e-49,"NK cells","UCP2"
4.94571172591181e-54,0.675044069090845,0.421,0.321,1.81017994880098e-49,"NK cells","AC004687.1"
1.68525979810286e-53,1.0309383894579,0.352,0.265,6.16821938703628e-49,"NK cells","PIN1"
2.22233432506804e-53,0.413707671107288,0.699,0.609,8.13396586318155e-49,"NK cells","PSMA7"
2.24473592175808e-53,0.782567714206414,0.427,0.35,8.21595794722674e-49,"NK cells","STUB1"
2.53431887189194e-53,0.597820286043786,0.469,0.385,9.2758605030117e-49,"NK cells","ARHGEF1"
2.99400063394961e-53,0.602408382536909,0.495,0.428,1.0958341720319e-48,"NK cells","SUMO1"
5.66356660250788e-53,0.692091011353903,0.533,0.462,2.07292201218391e-48,"NK cells","UFC1"
1.16429992599062e-52,0.338553977687212,0.834,0.731,4.26145415911828e-48,"NK cells","SUMO2"
1.21162629217011e-51,0.55992071464073,0.431,0.34,4.43467339197181e-47,"NK cells","LNPEP"
1.25813602044285e-51,0.402518603083337,0.681,0.609,4.60490364842289e-47,"NK cells","NDUFA1"
1.95732996875947e-51,0.6256943611737,0.556,0.489,7.16402341865653e-47,"NK cells","SRSF2"
7.97202197455394e-51,0.493070482293838,0.628,0.564,2.91783976290649e-46,"NK cells","KRTCAP2"
8.69119725438304e-51,0.346605437990552,0.779,0.691,3.18106510707674e-46,"NK cells","NDUFA4"
1.22621474407209e-50,0.445609763164307,0.659,0.581,4.48806858477824e-46,"NK cells","ATP5MD"
1.59067283909798e-50,0.916183705920787,0.309,0.212,5.82202165838252e-46,"NK cells","CCND2"
2.01966975878345e-50,0.460478427305862,0.686,0.604,7.39219328412332e-46,"NK cells","HSPA8"
3.9343840204497e-50,0.622279054697521,0.513,0.451,1.44002389532479e-45,"NK cells","NDUFA3"
1.08898312371769e-49,0.826531511810757,0.29,0.198,3.98578713111913e-45,"NK cells","SAR1A"
1.92784764269315e-49,1.17935177717028,0.293,0.208,7.05611515702121e-45,"NK cells","IDH2"
2.61307196879072e-49,0.546564883674315,0.531,0.452,9.56410471297091e-45,"NK cells","BLOC1S1"
8.33046705702601e-49,0.390311960852258,0.587,0.472,3.04903424754209e-44,"NK cells","PRELID1"
1.28196088678733e-48,0.838304735727078,0.341,0.255,4.69210504173029e-44,"NK cells","COMMD7"
1.8163296956515e-48,0.489471546174572,0.666,0.596,6.64794831905404e-44,"NK cells","SERBP1"
2.84794066620159e-48,0.541204256488385,0.554,0.496,1.04237476323644e-43,"NK cells","SF3B5"
3.25573913421972e-48,0.634125913521723,0.499,0.435,1.19163308051576e-43,"NK cells","UBE2L3"
6.28751534224062e-48,0.746634952989299,0.404,0.321,2.30129349041349e-43,"NK cells","P4HB"
2.09925696021493e-47,0.440217121936132,0.644,0.559,7.68349040008265e-43,"NK cells","DEK"
2.71103447185642e-47,0.98116616772167,0.353,0.272,9.92265727044167e-43,"NK cells","ADH5"
4.26463875225472e-47,0.653655213195748,0.507,0.45,1.56090042971275e-42,"NK cells","FIS1"
5.46415329850587e-47,0.633568949552755,0.374,0.277,1.99993474878614e-42,"NK cells","CYFIP2"
1.05809495276676e-46,1.01360172653465,0.361,0.283,3.87273333662162e-42,"NK cells","BCL7C"
1.1655114733129e-46,0.922476646693055,0.397,0.325,4.26588854347256e-42,"NK cells","BANF1"
1.67409553444499e-46,0.677462661862896,0.402,0.318,6.1273570656221e-42,"NK cells","NAP1L4"
1.78318865074187e-46,0.370546880186199,0.723,0.659,6.52664878058033e-42,"NK cells","COX7A2"
2.15969514893534e-46,0.755279077742358,0.25,0.159,7.90470021461824e-42,"NK cells","SPATA13"
2.35925430729629e-46,0.736442641118989,0.373,0.29,8.63510669013515e-42,"NK cells","GPS2"
4.91788390732908e-46,0.829762709284045,0.387,0.31,1.79999468892152e-41,"NK cells","PDAP1"
1.01137369621044e-45,0.426641314222167,0.381,0.289,3.70172886549982e-41,"NK cells","SELPLG"
1.20212688913367e-45,0.901478877211264,0.373,0.298,4.39990462691813e-41,"NK cells","SSNA1"
1.28471553142188e-45,0.469688296005033,0.644,0.585,4.70218731655723e-41,"NK cells","ARL6IP4"
1.35609774258075e-45,0.579705728335401,0.528,0.447,4.96345334761982e-41,"NK cells","SEC11A"
2.97832273774694e-45,0.66198043457265,0.329,0.22,1.09009590524276e-40,"NK cells","LINC00861"
4.18428168688113e-45,0.735475109388612,0.435,0.359,1.53148894021536e-40,"NK cells","PPM1G"
5.64399758510726e-45,0.842433737516902,0.32,0.234,2.06575955612511e-40,"NK cells","ZBTB44"
5.97535872422893e-45,0.299377127795556,0.378,0.283,2.18704104665503e-40,"NK cells","TMX4"
1.71229061092143e-44,0.532523037112131,0.523,0.466,6.26715486503354e-40,"NK cells","DAD1"
2.07854899186756e-44,0.853887361413177,0.375,0.294,7.60769716513444e-40,"NK cells","SEC11C"
3.98414503260143e-44,0.547034738604646,0.553,0.504,1.45823692338245e-39,"NK cells","RPS27L"
5.47154137635197e-44,0.686838255996552,0.374,0.295,2.00263885915859e-39,"NK cells","RNPEPL1"
5.64505901112479e-44,0.880083268106131,0.382,0.313,2.06614804866178e-39,"NK cells","SNRPC"
5.94435591210311e-44,0.981890709907926,0.34,0.261,2.17569370738886e-39,"NK cells","POLR2K"
6.73183842205237e-44,1.11370654163301,0.288,0.208,2.46392018085539e-39,"NK cells","FDPS"
1.14109493081827e-43,0.274080618553966,0.779,0.723,4.17652155628796e-39,"NK cells","SKP1"
1.82917068856736e-43,0.647893760671541,0.482,0.424,6.69494763722541e-39,"NK cells","RNF7"
2.16230121166515e-43,0.48167578262551,0.555,0.501,7.91423866481561e-39,"NK cells","UBE2I"
2.26773177691912e-43,0.573902252812301,0.345,0.256,8.30012507670168e-39,"NK cells","SRPK2"
2.38023744039119e-43,0.901792692039517,0.373,0.298,8.71190705557579e-39,"NK cells","DDOST"
3.25936882114419e-43,0.729574591776749,0.278,0.19,1.19296158222699e-38,"NK cells","AGTRAP"
3.3963738134976e-43,0.801599677243145,0.345,0.266,1.24310677947826e-38,"NK cells","MXD4"
3.42053599369267e-43,0.992144077770269,0.301,0.218,1.25195037905145e-38,"NK cells","ABT1"
4.74610406520075e-43,0.573625931588107,0.521,0.456,1.73712154890413e-38,"NK cells","UQCRQ"
5.03154766541488e-43,1.04456017671552,0.298,0.217,1.8415967610185e-38,"NK cells","CCDC107"
5.18103645695467e-43,0.623936184539529,0.483,0.417,1.89631115360998e-38,"NK cells","NDUFS6"
6.58733037284979e-43,0.797760809030363,0.405,0.33,2.41102878976675e-38,"NK cells","C17orf49"
7.64871298407831e-43,0.616079277122285,0.502,0.441,2.7995054393025e-38,"NK cells","SNRPB2"
7.94600963433205e-43,0.458991919559906,0.573,0.511,2.90831898626187e-38,"NK cells","H2AFZ"
9.05036374007493e-43,0.301921927705683,0.272,0.18,3.31252363250482e-38,"NK cells","GABARAPL1"
9.43000111763356e-43,0.333986148144493,0.501,0.428,3.45147470906506e-38,"NK cells","ARPC4"
3.92669122590743e-42,0.515495237192027,0.509,0.442,1.43720825559438e-37,"NK cells","COPE"
3.94070772977417e-42,0.389552268645848,0.607,0.534,1.44233843617464e-37,"NK cells","SRSF9"
4.88971489793539e-42,0.368350307377173,0.741,0.662,1.78968454979333e-37,"NK cells","RBM3"
5.69809723423339e-42,0.559412964235953,0.311,0.224,2.08556056870176e-37,"NK cells","JOSD1"
1.01361201653906e-41,0.39121139529974,0.643,0.586,3.70992134173461e-37,"NK cells","XRCC5"
1.11394285958349e-41,0.737252479028073,0.407,0.337,4.07714226036153e-37,"NK cells","DGUOK"
1.16641296198398e-41,0.91006227857082,0.277,0.197,4.26918808215756e-37,"NK cells","TADA3"
1.57034962932024e-41,0.776085578421321,0.296,0.201,5.74763667827503e-37,"NK cells","RASGRP1"
2.19769005905142e-41,0.945076753028791,0.257,0.175,8.04376538513412e-37,"NK cells","DERL1"
2.51295841360268e-41,0.807095632553618,0.405,0.335,9.19767908962715e-37,"NK cells","ANP32E"
7.46809359613084e-41,0.324399628934856,0.45,0.37,2.73339693711985e-36,"NK cells","PPP1R12A"
1.04219090752573e-40,0.553086490176117,0.488,0.426,3.81452294063491e-36,"NK cells","SNX6"
1.18151811461742e-40,0.475057899693652,0.6,0.55,4.32447445131122e-36,"NK cells","HNRNPM"
1.32782404344915e-40,0.73319359725821,0.374,0.303,4.85996878142822e-36,"NK cells","LRPAP1"
1.61398194112592e-40,0.840145195934398,0.34,0.264,5.90733530271498e-36,"NK cells","SERPINB6"
1.99884738014232e-40,0.914779476144248,0.358,0.284,7.31598129605891e-36,"NK cells","SSBP4"
2.27878192717749e-40,0.619958736941293,0.439,0.375,8.34056973166234e-36,"NK cells","ENSA"
2.37995442604143e-40,0.410703740978214,0.482,0.403,8.71087119475425e-36,"NK cells","SH3KBP1"
3.59487040837873e-40,0.967527063531859,0.303,0.226,1.3157585181707e-35,"NK cells","RCN2"
7.19028198982456e-40,1.01758502162419,0.282,0.205,2.63171511109569e-35,"NK cells","ITGB1BP1"
1.17897795605759e-39,0.464681441141503,0.501,0.442,4.31517721696639e-35,"NK cells","SF3B2"
1.64946326440511e-39,0.714776856530481,0.411,0.35,6.03720049404914e-35,"NK cells","ACP1"
2.25399378431958e-38,0.554665926123707,0.494,0.436,8.2498426499881e-34,"NK cells","EAPP"
2.49975009467489e-38,0.954346753283746,0.293,0.216,9.14933532151958e-34,"NK cells","ABCF1"
2.62603557641731e-38,0.597194884703522,0.502,0.448,9.61155281324498e-34,"NK cells","CUTA"
4.86245553563102e-38,0.700773379955074,0.401,0.33,1.77970735059631e-33,"NK cells","ATXN7L3B"
7.46030105166701e-38,0.679717505881742,0.278,0.199,2.73054478792064e-33,"NK cells","GATAD2A"
1.05071971923708e-37,0.77779074672465,0.394,0.333,3.84573924437963e-33,"NK cells","ANAPC11"
1.96871144101786e-37,0.806267556838223,0.394,0.332,7.20568074526947e-33,"NK cells","TOMM5"
2.030245942649e-37,0.810871663200778,0.348,0.281,7.43090317468959e-33,"NK cells","PKN1"
2.17828055437707e-37,0.585812277856819,0.433,0.372,7.97272465707552e-33,"NK cells","CHMP4A"
2.78327203608559e-37,0.394893522388577,0.694,0.632,1.01870539792769e-32,"NK cells","APRT"
3.05114555774376e-37,0.390302952862508,0.279,0.189,1.1167497855898e-32,"NK cells","LAT"
3.40498666947735e-37,0.707867818151551,0.337,0.259,1.24625917089541e-32,"NK cells","SPTAN1"
6.04395918730204e-37,0.904566993152437,0.314,0.242,2.21214950214442e-32,"NK cells","NT5C"
9.82465884497344e-37,0.845100521310015,0.369,0.306,3.59592338384873e-32,"NK cells","NCBP2AS2"
1.14299186702375e-36,0.821384623400384,0.264,0.189,4.18346453249363e-32,"NK cells","RNF167"
1.19219908829524e-36,0.534635640944432,0.531,0.484,4.3635678830694e-32,"NK cells","EIF5A"
1.24537160700347e-36,0.943126564381274,0.305,0.231,4.55818461879338e-32,"NK cells","RNF126"
1.88377777657564e-36,0.887351554201455,0.281,0.208,6.89481504004449e-32,"NK cells","LSM1"
2.21693252862094e-36,0.308495861717831,0.339,0.253,8.11419474800549e-32,"NK cells","SAMD9"
2.33868343966907e-36,0.523005042943505,0.536,0.485,8.55981525753276e-32,"NK cells","HNRNPR"
2.59062170557072e-36,0.533812010871793,0.503,0.459,9.48193450455941e-32,"NK cells","SF3B6"
3.45313491958961e-36,0.59443364210826,0.286,0.206,1.26388191191899e-31,"NK cells","ISCA1"
5.90333585176177e-36,0.389671692851918,0.504,0.441,2.16067995510332e-31,"NK cells","SPCS3"
6.84426686377341e-36,0.724143535576477,0.276,0.199,2.50507011480971e-31,"NK cells","STK38"
7.07567998757235e-36,0.340704852333579,0.448,0.38,2.58976963225136e-31,"NK cells","CASP4"
8.49145265809668e-36,0.716195652586194,0.392,0.332,3.10795658738997e-31,"NK cells","MAGOH"
1.22773141765822e-35,0.571085334299682,0.474,0.426,4.49361976177086e-31,"NK cells","SRP9"
1.60235676482749e-35,0.435804815746835,0.623,0.576,5.8647859949451e-31,"NK cells","RAN"
2.14759195936646e-35,0.445089261438901,0.576,0.52,7.86040133047719e-31,"NK cells","COX7B"
2.4316596658876e-35,0.623160795375244,0.382,0.312,8.9001175431152e-31,"NK cells","NUB1"
2.61823059640289e-35,0.716426930699563,0.397,0.337,9.58298580589421e-31,"NK cells","MEAF6"
2.73520974645347e-35,0.478017395909069,0.551,0.511,1.00111411929943e-30,"NK cells","SSBP1"
2.74481520368545e-35,0.886623880021833,0.271,0.197,1.00462981270091e-30,"NK cells","SPSB3"
3.90807474481533e-35,0.371204513728571,0.534,0.481,1.43039443734986e-30,"NK cells","THRAP3"
7.10040247633264e-35,0.395588513125566,0.663,0.605,2.59881831036251e-30,"NK cells","ATP5F1D"
1.15887959401524e-34,0.53310920064372,0.379,0.317,4.2416152020552e-30,"NK cells","NDUFA6"
1.327432647603e-34,0.525587166131135,0.49,0.44,4.85853623349175e-30,"NK cells","H2AFV"
1.52360649925015e-34,0.698872080388972,0.422,0.368,5.57655214790548e-30,"NK cells","PSMB6"
2.53932311273076e-34,0.427879034141863,0.508,0.452,9.29417652490586e-30,"NK cells","KLF13"
3.18106797635919e-34,0.489488642119066,0.432,0.37,1.16430269002723e-29,"NK cells","PRPF38B"
3.77960555176772e-34,0.313444393363858,0.551,0.506,1.3833734280025e-29,"NK cells","PET100"
4.26058889140456e-34,0.390982202420209,0.706,0.655,1.55941814014298e-29,"NK cells","HMGN2"
4.94883542462445e-34,0.734685430460519,0.289,0.213,1.8113232537668e-29,"NK cells","NCOA7"
5.53089296738175e-34,0.851536607050886,0.347,0.284,2.02436213499139e-29,"NK cells","COPS6"
7.53616188490136e-34,0.53924390849777,0.515,0.471,2.75831061149275e-29,"NK cells","UBE2V1"
9.50325306371919e-34,0.302844110178405,0.722,0.653,3.47828565385186e-29,"NK cells","COX5B"
9.59608543170204e-34,0.453734827538098,0.259,0.182,3.51226322885726e-29,"NK cells","PPP2R5A"
1.01694392952298e-33,0.320602595673304,0.616,0.573,3.72211647644704e-29,"NK cells","SYF2"
1.08116308574502e-33,0.461615074655965,0.501,0.461,3.95716501013535e-29,"NK cells","SCAND1"
3.52537643021365e-33,0.45506984745193,0.499,0.443,1.2903230272225e-28,"NK cells","PNN"
4.32955435114935e-33,0.883829780874998,0.32,0.257,1.58466018806417e-28,"NK cells","EMC7"
5.11233554272181e-33,0.440212838093609,0.259,0.182,1.87116593199161e-28,"NK cells","EHD1"
6.7533716212783e-33,0.265701069893408,0.497,0.441,2.47180154710407e-28,"NK cells","ARID4B"
8.53259226908326e-33,0.946526583710357,0.332,0.272,3.12301409640716e-28,"NK cells","MYDGF"
8.614155517603e-33,0.737160715275721,0.347,0.278,3.15286706099787e-28,"NK cells","NSMCE3"
1.27978127580199e-32,0.954395288393772,0.271,0.204,4.68412744756288e-28,"NK cells","MCRIP1"
1.40039461931881e-32,0.709727097356139,0.382,0.324,5.12558434616876e-28,"NK cells","MED4"
1.74326700729157e-32,0.393888220263812,0.517,0.427,6.38053157338788e-28,"NK cells","TNFAIP3"
1.80180955200335e-32,1.00447290557267,0.25,0.183,6.59480314128748e-28,"NK cells","MIEN1"
1.81160852331044e-32,0.75651578985835,0.318,0.253,6.63066835616855e-28,"NK cells","RBBP7"
3.81475671707909e-32,0.271131994400661,0.586,0.538,1.39623910601812e-27,"NK cells","FNBP1"
7.21228292313957e-32,0.819441562953596,0.311,0.246,2.63976767269831e-27,"NK cells","ZBTB8OS"
7.62472661063792e-32,0.657375114034408,0.353,0.288,2.79072618675959e-27,"NK cells","UHMK1"
9.31765315742289e-32,0.80084606312538,0.261,0.19,3.41035423214835e-27,"NK cells","PLCL2"
1.14416595677767e-31,0.280725895122043,0.606,0.562,4.18776181840193e-27,"NK cells","TRA2B"
1.71875881020803e-31,0.394207260571388,0.609,0.543,6.29082912124243e-27,"NK cells","ATP5MC3"
2.19226801104792e-31,0.693154472730888,0.307,0.237,8.0239201472365e-27,"NK cells","CENPC"
3.0101514436199e-31,0.703882912307863,0.353,0.295,1.10174552987932e-26,"NK cells","GLRX5"
3.05188452260236e-31,0.29712570937074,0.495,0.434,1.11702025411769e-26,"NK cells","MPHOSPH8"
3.92499672230869e-31,0.250234548081316,0.31,0.234,1.4365880503322e-26,"NK cells","NCOA1"
4.60664924209549e-31,0.599485010479459,0.3,0.225,1.68607968909937e-26,"NK cells","UPP1"
7.84062012884766e-31,0.328245322328607,0.641,0.609,2.86974537335953e-26,"NK cells","EIF4A2"
2.12775825881047e-30,0.401859833859664,0.574,0.53,7.78780800307218e-26,"NK cells","ATP5PF"
2.84708294589574e-30,0.40344128222774,0.391,0.324,1.0420608290273e-25,"NK cells","RAP2B"
3.38924395054756e-30,0.348435541896782,0.525,0.47,1.24049717833991e-25,"NK cells","TRAF3IP3"
3.71214902804807e-30,0.82000520240227,0.292,0.228,1.35868366575587e-25,"NK cells","MFSD10"
4.70078815853858e-30,0.517367183014619,0.424,0.362,1.72053547390671e-25,"NK cells","CAPNS1"
6.53769554298196e-30,0.41373884689497,0.569,0.541,2.39286194568683e-25,"NK cells","KRT10"
7.44211394699594e-30,0.818155642824503,0.349,0.291,2.72388812573998e-25,"NK cells","NASP"
8.34460547796584e-30,0.668127430595004,0.39,0.334,3.05420905099028e-25,"NK cells","FRG1"
1.64937507421449e-29,0.367728379198419,0.487,0.438,6.03687770913247e-25,"NK cells","PSMB3"
1.70581507736063e-29,0.663440065222786,0.34,0.284,6.24345376464766e-25,"NK cells","RALY"
3.2159002517527e-29,0.683451789785943,0.287,0.22,1.177051651144e-24,"NK cells","CCM2"
3.3708200760131e-29,0.64131006661407,0.43,0.392,1.23375385602156e-24,"NK cells","PDCD6"
3.38336391805422e-29,0.696235558513461,0.35,0.29,1.23834502764702e-24,"NK cells","KRR1"
5.97189742851553e-29,0.979274161289481,0.257,0.193,2.18577417781097e-24,"NK cells","PHAX"
7.91810740858883e-29,0.464491937151778,0.374,0.304,2.8981064926176e-24,"NK cells","B4GALT1"
9.14419806041217e-29,0.515876107296518,0.349,0.282,3.34686793209146e-24,"NK cells","GOLGA4"
9.81843008630641e-29,0.523460321190161,0.413,0.364,3.59364359588901e-24,"NK cells","RNPS1"
1.09010993387066e-28,0.423765924054056,0.392,0.336,3.98991136895999e-24,"NK cells","RAB8A"
1.24695985601229e-28,0.522634350287551,0.321,0.251,4.56399776899059e-24,"NK cells","GADD45B"
1.29571125732943e-28,0.648170485048247,0.278,0.211,4.74243277295146e-24,"NK cells","ORAI1"
1.32402429103852e-28,0.282700177778499,0.629,0.56,4.84606130763009e-24,"NK cells","ENO1"
1.48805210347653e-28,0.542083586163598,0.362,0.299,5.44641950393445e-24,"NK cells","TTC14"
1.52924301919388e-28,1.02144344996867,0.272,0.214,5.59718237455152e-24,"NK cells","PSMC3"
1.53423107437834e-28,0.751932334113429,0.368,0.318,5.61543915533217e-24,"NK cells","NDUFS8"
1.81102081616859e-28,0.638250585277813,0.417,0.369,6.62851728925864e-24,"NK cells","URI1"
2.02373954911603e-28,0.343905395800761,0.569,0.517,7.40708912371959e-24,"NK cells","BRK1"
2.93145913408891e-28,0.421236896343948,0.462,0.421,1.07294335766788e-23,"NK cells","DYNLRB1"
3.69509098236081e-28,0.90952586062109,0.297,0.241,1.35244025045388e-23,"NK cells","EMC6"
4.75480424889875e-28,0.536435333705853,0.362,0.303,1.74030590313943e-23,"NK cells","RO60"
5.63994795721631e-28,0.459512897114894,0.448,0.4,2.06427735182074e-23,"NK cells","RTF1"
8.15778903451206e-28,0.744982304333463,0.321,0.259,2.98583236452176e-23,"NK cells","UPF3A"
9.51597446134866e-28,0.890401258481267,0.275,0.213,3.48294181259822e-23,"NK cells","RECQL"
1.17452745769172e-27,0.313978630838917,0.465,0.409,4.29888794789746e-23,"NK cells","BPTF"
1.2341074459037e-27,0.396581637993079,0.497,0.446,4.51695666275212e-23,"NK cells","ATP6V1F"
1.40423180153992e-27,0.812922277614607,0.319,0.265,5.13962881681627e-23,"NK cells","SS18L2"
1.55673573457206e-27,0.334030302885815,0.316,0.251,5.6978084621072e-23,"NK cells","HIPK1"
1.56017033894335e-27,0.438035582835153,0.326,0.254,5.71037945756656e-23,"NK cells","SELENOS"
1.69517886064562e-27,0.776416487988811,0.276,0.214,6.20452414784902e-23,"NK cells","NCK1"
1.79277274426328e-27,0.711143196291268,0.369,0.318,6.56172752127804e-23,"NK cells","SUPT16H"
2.37084557667571e-27,0.276275240465673,0.627,0.565,8.67753189519076e-23,"NK cells","XIST"
2.58144010914295e-27,0.48234094776616,0.315,0.252,9.44832894347411e-23,"NK cells","CTDSP1"
3.423633307269e-27,0.469897062687106,0.451,0.412,1.25308402679353e-22,"NK cells","RBM4"
4.66471670820525e-27,0.605905437113807,0.389,0.336,1.7073329623702e-22,"NK cells","BUB3"
9.61759739599544e-27,0.585816039593735,0.374,0.319,3.52013682290829e-22,"NK cells","THUMPD1"
1.40177543513534e-26,0.610870508557716,0.412,0.37,5.13063827013887e-22,"NK cells","PTPN2"
1.99071230552016e-26,0.517929943804161,0.448,0.413,7.28620610943434e-22,"NK cells","NDUFA2"
2.19125679807962e-26,0.548722291288054,0.475,0.449,8.0202190066512e-22,"NK cells","ERH"
2.81543873454792e-26,0.670309486835354,0.322,0.267,1.03047873123188e-21,"NK cells","AP2B1"
3.86993093609059e-26,0.664920560075686,0.345,0.292,1.41643342191852e-21,"NK cells","IFI27L2"
4.00206268775591e-26,0.755041855669527,0.322,0.264,1.46479496434554e-21,"NK cells","CEBPZ"
4.39678916871644e-26,0.4062966481048,0.543,0.495,1.6092688036419e-21,"NK cells","ATP5MF"
1.40567221577124e-25,0.499623300547253,0.267,0.206,5.14490087694431e-21,"NK cells","SPPL2A"
1.4869689621367e-25,0.574851687035514,0.383,0.337,5.44245509831653e-21,"NK cells","TMED2"
3.11739890582999e-25,0.77166541299363,0.278,0.221,1.14099917352283e-20,"NK cells","FBXW5"
3.38636114763454e-25,0.86697871944213,0.259,0.2,1.23944204364572e-20,"NK cells","ERLEC1"
4.41025693752343e-25,0.806757233225699,0.302,0.245,1.61419814170295e-20,"NK cells","RFC1"
5.32944713765215e-25,0.778670204469047,0.356,0.314,1.95063094685206e-20,"NK cells","PSMA5"
5.52623963215207e-25,0.785282599154238,0.298,0.241,2.02265896776398e-20,"NK cells","BCAS2"
7.24431695610176e-25,0.548864635836269,0.267,0.206,2.6514924491028e-20,"NK cells","UBE2E3"
8.28132025192745e-25,0.252466942030096,0.633,0.601,3.03104602540797e-20,"NK cells","HNRNPH1"
1.65008481792534e-24,0.84694378302916,0.259,0.204,6.03947544208853e-20,"NK cells","CTBP1"
1.76761143133214e-24,0.737728078454855,0.273,0.211,6.46963459981876e-20,"NK cells","TMC8"
2.44022423826072e-24,0.835683455274687,0.266,0.208,8.93146473445808e-20,"NK cells","TBCC"
2.68568034640712e-24,0.296778302925543,0.357,0.301,9.82985863588471e-20,"NK cells","VPS4B"
2.80942261947718e-24,0.351536358074895,0.336,0.276,1.02827677295484e-19,"NK cells","LAMP1"
3.26548629485247e-24,0.802085867184037,0.305,0.254,1.19520063877895e-19,"NK cells","POLE3"
5.66646016177483e-24,0.753847101211808,0.337,0.287,2.07398108381121e-19,"NK cells","IMP3"
5.84745322137624e-24,0.657766858258938,0.283,0.225,2.14022635355592e-19,"NK cells","CLDND1"
9.81983606950423e-24,0.627298861200655,0.326,0.276,3.59415819979924e-19,"NK cells","POLR2B"
1.12372360706567e-23,0.512798037129178,0.382,0.332,4.11294077422105e-19,"NK cells","REEP5"
1.54150995359076e-23,0.282805818937683,0.49,0.455,5.64208058113754e-19,"NK cells","RSRP1"
1.57340052939612e-23,0.465668023267438,0.369,0.324,5.75880327764275e-19,"NK cells","HNRNPL"
1.78968419042253e-23,0.388430128215049,0.511,0.476,6.55042310536551e-19,"NK cells","PSMA2"
2.11432316402626e-23,0.712201232755639,0.323,0.268,7.73863421265251e-19,"NK cells","VAMP5"
2.32937518468874e-23,0.491092881593694,0.475,0.441,8.52574611347927e-19,"NK cells","PA2G4"
2.40708956590067e-23,0.403237061357798,0.404,0.361,8.81018852015303e-19,"NK cells","ZMAT2"
3.20280670300476e-23,0.528506814015663,0.367,0.319,1.17225928136677e-18,"NK cells","MAT2B"
3.34332988299956e-23,0.613111564041084,0.257,0.201,1.22369217047667e-18,"NK cells","VPS26A"
4.8026995923082e-23,0.806930479068327,0.303,0.248,1.75783607778073e-18,"NK cells","CFAP97"
7.40516380943662e-23,0.400783394904096,0.412,0.367,2.7103640058919e-18,"NK cells","SLTM"
1.24253704510404e-22,0.928830315940347,0.309,0.265,4.54780983878529e-18,"NK cells","PHPT1"
1.80981055328745e-22,0.641945053742478,0.251,0.196,6.6240876060874e-18,"NK cells","ICAM2"
1.8154262880991e-22,0.536076258696535,0.456,0.425,6.64464175707151e-18,"NK cells","HSPE1"
2.08565098945104e-22,0.441187306821633,0.407,0.364,7.63369118648973e-18,"NK cells","RSRC2"
2.20223749126206e-22,0.829880650243221,0.29,0.243,8.06040944176828e-18,"NK cells","PUF60"
2.27709625841339e-22,0.290330824399566,0.61,0.573,8.33440001541885e-18,"NK cells","TMEM258"
2.81929297336257e-22,0.361328015563873,0.407,0.349,1.03188942118043e-17,"NK cells","REL"
3.73148430973797e-22,0.742068745003885,0.325,0.28,1.36576057220719e-17,"NK cells","PPP1R7"
4.6498669313215e-22,0.260776729147232,0.409,0.363,1.70189779553298e-17,"NK cells","CRBN"
5.64606713117959e-22,0.564495097885953,0.336,0.28,2.06651703068304e-17,"NK cells","CAPN2"
9.17251427583771e-22,0.598301836365215,0.349,0.304,3.35723195009936e-17,"NK cells","CPNE1"
1.07009955292965e-21,0.367274563051065,0.399,0.356,3.91667137367779e-17,"NK cells","PHF20"
1.08518037508075e-21,0.459259883394087,0.369,0.322,3.97186869083306e-17,"NK cells","GLS"
1.63710550049751e-21,0.931842081447059,0.28,0.236,5.99196984237094e-17,"NK cells","MRPS12"
1.64620140273791e-21,0.865659152667864,0.288,0.24,6.02526175416104e-17,"NK cells","MRPS6"
2.05800299384591e-21,0.842248349844099,0.272,0.222,7.53249675777543e-17,"NK cells","RPF1"
2.85962616751233e-21,0.525000729504323,0.252,0.196,1.04665177357119e-16,"NK cells","RRBP1"
2.97119435386553e-21,0.250358042903597,0.667,0.618,1.08748684545832e-16,"NK cells","HMGN1"
3.2120122597869e-21,0.267575595666915,0.683,0.646,1.1756286072046e-16,"NK cells","MZT2B"
4.48797970532889e-21,0.500102003907009,0.334,0.282,1.64264545194743e-16,"NK cells","SYNRG"
4.94154503006039e-21,0.283417970019277,0.591,0.58,1.8086548964524e-16,"NK cells","UBE2D2"
6.03995107870615e-21,0.753888043650168,0.319,0.276,2.21068249431724e-16,"NK cells","CNPY2"
6.04642783585273e-21,0.428738770507413,0.432,0.404,2.21305305220046e-16,"NK cells","AURKAIP1"
1.17579217417408e-20,0.798086218024447,0.283,0.239,4.30351693669455e-16,"NK cells","POLR2F"
1.24965216815311e-20,0.456559495943915,0.345,0.3,4.5738519006572e-16,"NK cells","ATG12"
1.2632407712751e-20,0.574687885152135,0.413,0.382,4.62358754694399e-16,"NK cells","SNRPD1"
1.66002851101266e-20,0.266552016004618,0.395,0.349,6.07587035315745e-16,"NK cells","MIER1"
1.98620134727219e-20,0.490549075134969,0.43,0.398,7.26969555115095e-16,"NK cells","ORMDL1"
1.98793488189666e-20,0.401836722429885,0.393,0.349,7.27604046122996e-16,"NK cells","ACAP1"
2.02278448513603e-20,0.562305446510653,0.336,0.294,7.40359349404639e-16,"NK cells","MPC2"
2.19784360816537e-20,0.864808906044157,0.278,0.234,8.04432739024607e-16,"NK cells","IER3IP1"
2.49457909797217e-20,0.405692999330377,0.485,0.464,9.13040895648792e-16,"NK cells","NDUFB10"
2.7265481092691e-20,0.520353547360067,0.316,0.269,9.97943873473585e-16,"NK cells","ARPP19"
3.20083746771443e-20,0.531884411992469,0.397,0.365,1.17153852155816e-15,"NK cells","RBBP4"
8.99811835261868e-20,0.605662249884558,0.346,0.306,3.29340129824196e-15,"NK cells","TMCO1"
9.51006447524728e-20,0.852818403148676,0.277,0.232,3.48077869858526e-15,"NK cells","MESD"
1.12546238398431e-19,0.560994467910827,0.418,0.394,4.11930487162096e-15,"NK cells","PSMC5"
1.29254991669424e-19,0.686879090578238,0.294,0.249,4.73086195009258e-15,"NK cells","SARNP"
1.8284735940877e-19,0.472871690198245,0.401,0.369,6.69239620172039e-15,"NK cells","NDUFA5"
1.93444592346966e-19,0.397338037130054,0.341,0.298,7.0802655244913e-15,"NK cells","DNTTIP2"
2.70033929643277e-19,0.32416524767749,0.465,0.436,9.88351185887359e-15,"NK cells","TAF10"
4.55934973711231e-19,0.372079945486987,0.403,0.371,1.66876759728048e-14,"NK cells","WTAP"
4.86627264850876e-19,0.674840336618021,0.345,0.314,1.78110445208069e-14,"NK cells","BAX"
5.64366001944595e-19,0.495924522696339,0.396,0.368,2.06563600371741e-14,"NK cells","CDC37"
6.82275245390815e-19,0.337933034181002,0.525,0.509,2.49719562565492e-14,"NK cells","TRMT112"
9.62546523641044e-19,0.37948675727458,0.353,0.314,3.52301653117858e-14,"NK cells","ANAPC5"
1.12828802262262e-18,0.409583874589375,0.383,0.349,4.12964699160105e-14,"NK cells","BCAP31"
1.16615049955278e-18,0.870388692899085,0.26,0.217,4.26822744341314e-14,"NK cells","MRPL47"
1.3565797815115e-18,0.45795941116625,0.454,0.436,4.96521765831023e-14,"NK cells","MRPL20"
1.38235046486852e-18,0.596857696285893,0.344,0.307,5.05954093646528e-14,"NK cells","PHB"
1.68680609199613e-18,0.277973755469687,0.435,0.403,6.17387897731503e-14,"NK cells","ARHGDIA"
2.00049573654403e-18,0.404535042879291,0.28,0.232,7.32201444532482e-14,"NK cells","GOLGA7"
3.1628611744885e-18,0.403835950786833,0.361,0.322,1.15763881847453e-13,"NK cells","BRD2"
3.1724112302225e-18,0.344460639324261,0.426,0.353,1.16113423437374e-13,"NK cells","LIME1"
4.58367237204598e-18,0.760099019642398,0.309,0.273,1.67766992489255e-13,"NK cells","ECH1"
5.36386838009639e-18,0.363323971754813,0.376,0.336,1.96322946579908e-13,"NK cells","DHX36"
6.24499476809096e-18,0.583474055978511,0.378,0.352,2.28573053506897e-13,"NK cells","CIAO2B"
6.54695715134208e-18,0.894243701219868,0.256,0.215,2.39625178696272e-13,"NK cells","ANTKMT"
6.7818894382649e-18,0.391987098975228,0.471,0.442,2.48223935329934e-13,"NK cells","SEPTIN9"
8.24575909293065e-18,0.425349191364575,0.338,0.287,3.01803028560355e-13,"NK cells","TUT4"
1.06094897674735e-17,0.555429478346569,0.375,0.348,3.88317934979299e-13,"NK cells","TXNL4A"
1.16958371321577e-17,0.308385364782338,0.542,0.524,4.28079334874102e-13,"NK cells","TCEA1"
1.33136496492735e-17,0.77152258514599,0.25,0.206,4.8729289081306e-13,"NK cells","SMIM10L1"
1.39273231867274e-17,0.432867175607934,0.29,0.245,5.09753955957408e-13,"NK cells","DNAJC3"
1.66345928379375e-17,0.601990755515632,0.287,0.242,6.0884273246135e-13,"NK cells","STIM2"
2.00380612991738e-17,0.267967902084333,0.367,0.33,7.33413081611061e-13,"NK cells","PAFAH1B1"
2.11107669978717e-17,0.679290920569225,0.299,0.262,7.72675182889102e-13,"NK cells","KDELR2"
3.42365017251374e-17,0.380439397259655,0.446,0.43,1.25309019964175e-12,"NK cells","GHITM"
3.67117923050809e-17,0.699453667209359,0.276,0.234,1.34368831015827e-12,"NK cells","ADSS"
4.29902320953657e-17,0.358504701518847,0.332,0.292,1.57348548492248e-12,"NK cells","DNAJB14"
5.4071268630418e-17,0.65336622705893,0.296,0.259,1.97906250314193e-12,"NK cells","C1D"
6.10291879855015e-17,0.335785434184301,0.535,0.519,2.23372930945734e-12,"NK cells","MICOS10"
7.76113800959301e-17,0.347778132578985,0.447,0.428,2.84065412289114e-12,"NK cells","LSM8"
8.98426192328216e-17,0.701418671245591,0.274,0.236,3.2883297065405e-12,"NK cells","PGP"
9.36141523407384e-17,0.513133113508615,0.35,0.322,3.42637158982336e-12,"NK cells","STRAP"
9.89286086482051e-17,0.808781095091897,0.26,0.217,3.62088600513295e-12,"NK cells","DNMT1"
1.16509312665162e-16,0.31277710910787,0.477,0.461,4.26435735285758e-12,"NK cells","IK"
2.45009182721389e-16,0.57403607872237,0.27,0.227,8.96758109678555e-12,"NK cells","ZNF800"
2.54413092404508e-16,0.458066412842608,0.34,0.303,9.31177359509739e-12,"NK cells","TNFRSF14"
3.14616077081637e-16,0.604707122126525,0.254,0.21,1.1515263037265e-11,"NK cells","PITHD1"
3.45815547024635e-16,0.271725353896352,0.422,0.399,1.26571948366487e-11,"NK cells","AP2M1"
3.55376978136913e-16,0.595234971818872,0.329,0.298,1.30071527767892e-11,"NK cells","PSMA3"
3.63816907951033e-16,0.341005002434558,0.272,0.228,1.33160626479157e-11,"NK cells","TSC22D4"
3.80100537945459e-16,0.384733062732588,0.469,0.452,1.39120597893417e-11,"NK cells","PSMA1"
4.27389819197946e-16,0.683190921882811,0.255,0.216,1.5642894772464e-11,"NK cells","TMEM9B"
6.69655372125289e-16,0.309070886977012,0.312,0.276,2.45100562751577e-11,"NK cells","H2AFJ"
9.47250279682699e-16,0.551611985505786,0.36,0.333,3.46703074866665e-11,"NK cells","ZNHIT1"
2.06588243212704e-15,0.433967572046909,0.423,0.393,7.56133628982819e-11,"NK cells","COX5A"
2.11605329090915e-15,0.468345880673692,0.411,0.392,7.74496665005658e-11,"NK cells","SMARCE1"
2.4910743505255e-15,0.631026832040235,0.316,0.283,9.11758123035838e-11,"NK cells","EXOSC6"
2.72518091582808e-15,0.567994191340601,0.377,0.359,9.97443467002235e-11,"NK cells","TMEM230"
2.87449459608876e-15,0.581032042905342,0.293,0.262,1.05209376711445e-10,"NK cells","UBE2M"
3.12022019889904e-15,0.549225940922322,0.359,0.326,1.14203179499904e-10,"NK cells","VDAC1"
3.55539820359773e-15,0.293069309321531,0.436,0.414,1.3013112964988e-10,"NK cells","SRSF11"
3.82495461841172e-15,0.494999381319526,0.36,0.331,1.39997163988487e-10,"NK cells","GLG1"
4.44303943949815e-15,0.310563295954234,0.52,0.506,1.62619686525072e-10,"NK cells","NDUFA11"
4.44654711334401e-15,0.517099461973055,0.286,0.244,1.62748070895504e-10,"NK cells","TMC6"
5.2349431179296e-15,0.274229794437856,0.388,0.359,1.91604153059341e-10,"NK cells","TRA2A"
5.24979145807317e-15,0.298539425382969,0.595,0.579,1.92147617156936e-10,"NK cells","TOMM6"
7.61640167353892e-15,0.269608159496836,0.3,0.26,2.78767917653198e-10,"NK cells","SHISA5"
7.93194913631983e-15,0.427880847384127,0.458,0.446,2.90317270338442e-10,"NK cells","U2SURP"
8.40546831077125e-15,0.356220104943866,0.428,0.409,3.07648545642538e-10,"NK cells","SRSF10"
8.71555113680334e-15,0.568268427191988,0.34,0.313,3.18997887158139e-10,"NK cells","HDAC1"
9.38158580919455e-15,0.576767881865461,0.368,0.348,3.4337542220233e-10,"NK cells","SNRPD3"
9.42392449430308e-15,0.317120475230857,0.364,0.324,3.44925060415987e-10,"NK cells","RBL2"
1.11673450662708e-14,0.609207389610448,0.338,0.314,4.08735996770576e-10,"NK cells","PDCD2"
1.21043711199153e-14,0.627022912007083,0.322,0.298,4.43032087360021e-10,"NK cells","MAF1"
1.3509420186137e-14,0.302493873018923,0.471,0.466,4.94458288232801e-10,"NK cells","VPS28"
1.43124387909422e-14,0.486236506586164,0.364,0.338,5.23849572187276e-10,"NK cells","RNMT"
1.54850489974214e-14,0.456158490101641,0.32,0.293,5.66768278354622e-10,"NK cells","PSMD13"
1.63200273069894e-14,0.381073113077743,0.307,0.273,5.97329319463119e-10,"NK cells","FBXO7"
2.0175508763293e-14,0.628756710315345,0.369,0.352,7.38443796245285e-10,"NK cells","COX16"
2.10791872211687e-14,0.50801673251999,0.279,0.234,7.71519331481994e-10,"NK cells","OFD1"
3.56322184400293e-14,0.487253684758321,0.395,0.382,1.30417482712351e-09,"NK cells","CWC15"
5.64680794464542e-14,0.633528600307596,0.321,0.294,2.06678817581967e-09,"NK cells","MRPL34"
6.88769470722446e-14,0.663945403971765,0.307,0.278,2.52096513979123e-09,"NK cells","PFDN1"
7.75186536598493e-14,0.69638096712931,0.264,0.23,2.83726024260414e-09,"NK cells","TSN"
8.13894246192752e-14,0.580853213854372,0.291,0.259,2.97893433049009e-09,"NK cells","SMAP1"
1.75292384040112e-13,0.292818768780466,0.252,0.212,6.41587654825215e-09,"NK cells","LPP"
1.7765020161991e-13,0.506490680333562,0.348,0.324,6.50217502949034e-09,"NK cells","TAF15"
1.90131608020187e-13,0.419629898118328,0.394,0.368,6.95900698514688e-09,"NK cells","PSMA4"
1.9178845019019e-13,0.65167284154204,0.31,0.289,7.01964906541114e-09,"NK cells","PSMD9"
1.92797629253012e-13,0.306300575771475,0.422,0.404,7.05658602828950e-09,"NK cells","ATP6AP2"
2.55879076520896e-13,0.294591320658964,0.263,0.211,9.36543007974132e-09,"NK cells","ARID5B"
2.76973666863604e-13,0.271251720025463,0.292,0.256,1.01375131808748e-08,"NK cells","JPT1"
3.03275669403426e-13,0.797157626973549,0.261,0.23,1.11001927758348e-08,"NK cells","MGMT"
3.55571516690164e-13,0.412441221861604,0.392,0.375,1.30142730823767e-08,"NK cells","LSM14A"
4.03730046250337e-13,0.61648288233833,0.283,0.251,1.47769234228086e-08,"NK cells","COMMD2"
4.47984428853424e-13,0.627973703429538,0.288,0.254,1.63966780804642e-08,"NK cells","ZNF22"
4.50127187379001e-13,0.543703444764092,0.315,0.286,1.64751051852588e-08,"NK cells","TMED4"
5.00239766047653e-13,0.596830626510492,0.274,0.237,1.83092756771101e-08,"NK cells","LMAN1"
5.45280195295168e-13,0.341342361305351,0.302,0.275,1.99578004279984e-08,"NK cells","VDAC3"
7.86806971189295e-13,0.656109381289508,0.306,0.275,2.87979219524994e-08,"NK cells","BIN1"
9.45493287392453e-13,0.59487540085701,0.252,0.218,3.46059998118512e-08,"NK cells","UBE2J2"
1.58944970988207e-12,0.250053330373201,0.25,0.211,5.81754488313935e-08,"NK cells","INTS6"
1.99363470989153e-12,0.561706703357032,0.288,0.258,7.296902401674e-08,"NK cells","LLPH"
2.46320719231067e-12,0.55379051857718,0.382,0.376,9.01558464457628e-08,"NK cells","MRPL54"
3.0641842515167e-12,0.585530153266706,0.313,0.289,1.12152207789763e-07,"NK cells","SLC3A2"
3.08809923539124e-12,0.649187323636175,0.314,0.293,1.13027520114555e-07,"NK cells","RNASEH2C"
3.12151715287758e-12,0.315518549978742,0.365,0.339,1.14250649312472e-07,"NK cells","RSF1"
3.20422100751814e-12,0.394170057320678,0.294,0.261,1.17277693096171e-07,"NK cells","GRK6"
5.18955063294547e-12,0.5945927892605,0.267,0.234,1.89942742716437e-07,"NK cells","HMGN4"
5.77971427938393e-12,0.554754901942678,0.322,0.298,2.11543322339731e-07,"NK cells","SMC3"
6.1399002626268e-12,0.685420276447107,0.288,0.263,2.24726489512404e-07,"NK cells","LSM2"
6.67590928254801e-12,0.351657915246901,0.377,0.359,2.4434495565054e-07,"NK cells","SRI"
1.30594001214639e-11,0.442885047368753,0.305,0.279,4.77987103845701e-07,"NK cells","COX17"
1.65163309471184e-11,0.327317189388904,0.264,0.23,6.0451422899548e-07,"NK cells","CHD9"
2.0483938328903e-11,0.468525233201744,0.322,0.301,7.49732626776178e-07,"NK cells","WBP11"
2.22116695518187e-11,0.40737277374706,0.291,0.263,8.12969317266117e-07,"NK cells","UFD1"
2.54719154534934e-11,0.413237735262088,0.382,0.361,9.32297577513312e-07,"NK cells","SBDS"
2.69052143337888e-11,0.704767620063143,0.264,0.238,9.84757749831006e-07,"NK cells","PGAM1"
2.76817110891211e-11,0.651334626533773,0.3,0.282,1.01317830757292e-06,"NK cells","PSMB2"
3.19777283793067e-11,0.490560785421751,0.288,0.26,1.170416836411e-06,"NK cells","PPP2R5E"
4.75805491935726e-11,0.29048732171237,0.408,0.378,1.74149568103395e-06,"NK cells","TSTD1"
4.81271695106137e-11,0.261986171303232,0.362,0.341,1.76150253125797e-06,"NK cells","DYNC1H1"
4.82746587179154e-11,0.427184138109781,0.334,0.314,1.76690078373442e-06,"NK cells","SNW1"
6.02488667095258e-11,0.310700111164263,0.281,0.253,2.20516877043535e-06,"NK cells","MMP24OS"
6.4745181190374e-11,0.573395604449189,0.275,0.246,2.36973837674888e-06,"NK cells","BDP1"
7.62631662858374e-11,0.421589046102346,0.36,0.347,2.79130814922793e-06,"NK cells","PSMD7"
8.50787910323661e-11,0.67214902477135,0.26,0.234,3.11396883057563e-06,"NK cells","SMC1A"
8.68165915006741e-11,0.571692513261756,0.252,0.222,3.17757406551617e-06,"NK cells","SMC5"
9.16246248016626e-11,0.368032905873355,0.299,0.273,3.35355289236565e-06,"NK cells","SLU7"
9.71357772002159e-11,0.551906572316974,0.312,0.295,3.5552665813051e-06,"NK cells","GTF3C6"
1.07695158184553e-10,0.412949489815164,0.361,0.337,3.94175048471281e-06,"NK cells","PRDX2"
1.63822037462132e-10,0.593653262485199,0.262,0.233,5.99605039315149e-06,"NK cells","METTL23"
3.37006942909224e-10,0.627466395103983,0.264,0.237,1.23347911174205e-05,"NK cells","TTC19"
3.62254883258647e-10,0.406746864606596,0.392,0.374,1.32588909821497e-05,"NK cells","OSTC"
3.8069681952477e-10,0.733852010359983,0.252,0.228,1.39338842914261e-05,"NK cells","DCXR"
4.11450928216185e-10,0.497996212436972,0.296,0.274,1.50595154236406e-05,"NK cells","CNOT2"
4.88328178140002e-10,0.284697409356674,0.416,0.405,1.78732996481022e-05,"NK cells","JPX"
5.56298056933282e-10,0.332780790322559,0.402,0.391,2.03610651818151e-05,"NK cells","ZRANB2"
5.78768427220336e-10,0.580336110862971,0.265,0.238,2.11835032046915e-05,"NK cells","BLOC1S4"
5.94671733332998e-10,0.380673485715331,0.308,0.282,2.17655801117211e-05,"NK cells","PSMB8-AS1"
5.96619066700717e-10,0.383032418302522,0.394,0.39,2.18368544603129e-05,"NK cells","NONO"
6.06558952214719e-10,0.465848310085004,0.255,0.228,2.22006642100109e-05,"NK cells","ARFGAP3"
9.61637854796815e-10,0.265196519335698,0.347,0.32,3.51969071234182e-05,"NK cells","IL10RA"
1.1730617398561e-09,0.393761686025396,0.404,0.4,4.2935232740473e-05,"NK cells","EIF3I"
1.21113240838828e-09,0.312671735117477,0.442,0.448,4.43286572794193e-05,"NK cells","XRCC6"
1.22711765558996e-09,0.490166727196431,0.295,0.271,4.49137333122482e-05,"NK cells","UBTF"
1.45845151755604e-09,0.59814427638195,0.284,0.262,5.33807839940685e-05,"NK cells","ATP1B3"
1.76974798337166e-09,0.739197377711327,0.25,0.227,6.4774545939386e-05,"NK cells","XPA"
2.38585810703281e-09,0.288131039001446,0.423,0.418,8.73247925755079e-05,"NK cells","LUC7L3"
2.48245358065561e-09,0.508013049685459,0.369,0.367,9.08602835055758e-05,"NK cells","NDUFAB1"
2.78534155905058e-09,0.622430302530198,0.257,0.238,0.00010194628640281,"NK cells","ADRM1"
2.91763189250694e-09,0.473499055382872,0.343,0.334,0.000106788244897646,"NK cells","GTF2A2"
4.26412103092817e-09,0.503732610988968,0.256,0.231,0.000156071093853002,"NK cells","ERAP2"
4.44848034300346e-09,0.588436299498782,0.325,0.316,0.00016281882903427,"NK cells","NDUFAF8"
4.49886655280193e-09,0.318520365628701,0.325,0.305,0.000164663014699103,"NK cells","G3BP1"
5.04374665508549e-09,0.406814798630037,0.349,0.343,0.000184606171322784,"NK cells","PSMD4"
5.08138343559583e-09,0.526539589421154,0.251,0.223,0.000185983715126243,"NK cells","CHD3"
5.32663218992719e-09,0.413851392435841,0.362,0.361,0.000194960064783525,"NK cells","POLR2J"
6.3733689792651e-09,0.482187859968956,0.358,0.351,0.000233271678010082,"NK cells","FAM204A"
6.73150945893838e-09,0.276550131624663,0.515,0.521,0.000246379977706603,"NK cells","LSM7"
8.21765715097261e-09,0.485122527260138,0.318,0.308,0.000300774469382748,"NK cells","SNF8"
8.45749805855981e-09,0.516294204402844,0.264,0.246,0.000309552886441348,"NK cells","FAM89B"
9.19654627445471e-09,0.423964707066064,0.254,0.231,0.000336602790191317,"NK cells","SRPRA"
9.76041858907192e-09,0.635206158706468,0.271,0.252,0.000357241080778621,"NK cells","COX20"
1.0665159415471e-08,0.453596412198766,0.279,0.263,0.000390355499765654,"NK cells","CLTB"
1.12958774789874e-08,0.57728305901269,0.296,0.282,0.000413440411608416,"NK cells","NME3"
1.1841052781995e-08,0.330860647598864,0.4,0.4,0.000433394372873801,"NK cells","HNRNPA0"
1.25647457482956e-08,0.485703416087254,0.336,0.324,0.000459882259133369,"NK cells","MGST3"
1.27865841917785e-08,0.401550256240316,0.287,0.266,0.000468001768003286,"NK cells","SFSWAP"
1.43693125124249e-08,0.359438880726894,0.426,0.435,0.000525931207267266,"NK cells","SNRPG"
1.48986439209583e-08,0.414558947979974,0.323,0.311,0.000545305266150993,"NK cells","RER1"
1.610456842595e-08,0.2588294741038,0.461,0.462,0.000589443308958195,"NK cells","HNRNPF"
1.91097158368553e-08,0.451164965674124,0.32,0.304,0.000699434709344742,"NK cells","CDC40"
2.13809386727778e-08,0.511305686854873,0.343,0.339,0.000782563736362342,"NK cells","RANBP1"
2.40356675707721e-08,0.464746445972376,0.368,0.366,0.000879729468757829,"NK cells","PYURF"
2.78670081603968e-08,0.412770517013197,0.305,0.292,0.00101996036567868,"NK cells","RBCK1"
3.07033845889097e-08,0.331649226330628,0.396,0.392,0.00112377457933868,"NK cells","CCDC59"
4.30176364837767e-08,0.559267082312425,0.3,0.286,0.00157448851294271,"NK cells","HNRNPAB"
5.88991301445722e-08,0.252209030563092,0.443,0.447,0.00215576706242149,"NK cells","SELENOF"
6.78428769277704e-08,0.607567130750079,0.287,0.276,0.00248311713843332,"NK cells","MDH1"
7.36641621906246e-08,0.32291808958943,0.442,0.443,0.00269618200033905,"NK cells","ATP5F1C"
7.57857719653582e-08,0.261778971564589,0.484,0.496,0.00277383503970407,"NK cells","SNU13"
8.62725234237582e-08,0.682375774052859,0.26,0.247,0.00315766062983297,"NK cells","FIBP"
1.03846549150152e-07,0.386210471405071,0.268,0.242,0.00380088754544472,"NK cells","SEPTIN1"
1.21583411294924e-07,0.508298634368107,0.266,0.251,0.00445007443680551,"NK cells","CDC26"
1.36066056741925e-07,0.597945016318391,0.264,0.246,0.00498015374281121,"NK cells","TECR"
1.5030004879616e-07,0.308436997364419,0.442,0.447,0.00550113208598826,"NK cells","ATP5PB"
1.89318995064589e-07,0.337201651649776,0.321,0.31,0.00692926453835904,"NK cells","BAG1"
1.93177610890163e-07,0.408823762434485,0.385,0.391,0.00707049373619087,"NK cells","MDH2"
2.21503843759779e-07,0.429503349683384,0.298,0.287,0.00810726218545168,"NK cells","TIAL1"
2.85414007105223e-07,0.601317003671927,0.258,0.242,0.0104464380740583,"NK cells","SNRPA1"
3.0751549849987e-07,0.516148126698229,0.257,0.238,0.0112553747605938,"NK cells","OTUD6B-AS1"
3.55292972971239e-07,0.381339130054079,0.389,0.397,0.0130040781037203,"NK cells","UQCRFS1"
3.72689111068483e-07,0.565817127788658,0.273,0.258,0.0136407941542176,"NK cells","THAP12"
3.79562237560963e-07,0.627486796942852,0.275,0.266,0.0138923574569688,"NK cells","SPAG7"
4.06332895390838e-07,0.460026361126932,0.36,0.366,0.0148721903042001,"NK cells","GADD45GIP1"
4.75606828316876e-07,0.41197263575812,0.334,0.327,0.017407685523226,"NK cells","FNBP4"
5.6572266461217e-07,0.344654860214892,0.396,0.402,0.02070601524747,"NK cells","NDUFB9"
5.6822076890692e-07,0.428204284438298,0.335,0.323,0.0207974483627622,"NK cells","EIF5B"
7.27274074018815e-07,0.251542109261341,0.408,0.413,0.0266189583831627,"NK cells","PNRC2"
8.27460290290165e-07,0.424764408716154,0.286,0.272,0.0302858740849103,"NK cells","LARP7"
8.93697442458503e-07,0.423045978615477,0.381,0.387,0.0327102200914237,"NK cells","CCT3"
9.19337522318518e-07,0.321491881480185,0.401,0.407,0.0336486726543801,"NK cells","OCIAD1"
9.82738615727295e-07,0.438029739534768,0.327,0.324,0.0359692160742347,"NK cells","NUDC"
1.09902827612872e-06,0.570348713104968,0.299,0.296,0.0402255339345871,"NK cells","MRPS34"
1.13674891529578e-06,0.413885043175049,0.283,0.274,0.041606147048741,"NK cells","PCMT1"
1.22370020110065e-06,0.621406044878664,0.258,0.247,0.0447886510604851,"NK cells","MRPL43"
1.26926168300281e-06,0.629226864592676,0.266,0.26,0.0464562468595857,"NK cells","EIF6"
1.78923137970113e-06,0.272846057734581,0.328,0.297,0.0654876577284412,"NK cells","SPOCK2"
2.34193684904641e-06,0.448663236636255,0.35,0.356,0.0857172306119477,"NK cells","ATRAID"
2.76191115073035e-06,0.311721444986207,0.37,0.375,0.101088710027881,"NK cells","MRFAP1"
3.03355670255156e-06,0.552688903625721,0.258,0.249,0.11103120887009,"NK cells","COPZ1"
3.40610043411142e-06,0.531306693923444,0.287,0.28,0.124666681988912,"NK cells","UBA2"
3.68291489299528e-06,0.486870608011766,0.258,0.249,0.13479836799852,"NK cells","NDUFB6"
3.91578006078086e-06,0.47829750945871,0.288,0.279,0.14332146600464,"NK cells","PHF11"
4.16873336078164e-06,0.281901462546879,0.285,0.27,0.152579809737969,"NK cells","S1PR4"
1.0877970095165e-05,0.385437725573984,0.318,0.316,0.398144583453135,"NK cells","RBM17"
1.26054982607128e-05,0.303317455142469,0.403,0.412,0.461373841840351,"NK cells","SEM1"
1.68974419175503e-05,0.52147194927157,0.251,0.243,0.618463271624258,"NK cells","ATOX1"
2.50788773191575e-05,0.274505952502866,0.4,0.41,0.917911988758483,"NK cells","VDAC2"
2.66227607721205e-05,0.391368290897367,0.26,0.25,0.974419667020382,"NK cells","SNHG9"
2.68207835614243e-05,0.544466418697188,0.307,0.313,0.981667499131692,"NK cells","LSM4"
2.92478285736535e-05,0.415275959240249,0.298,0.298,1,"NK cells","ELOC"
3.58196510999886e-05,0.279692927351031,0.262,0.252,1,"NK cells","ZFX"
3.77047561959361e-05,0.431005937128083,0.286,0.285,1,"NK cells","PSMC1"
4.19365166735398e-05,0.492978271341685,0.251,0.242,1,"NK cells","COX19"
5.07061301664627e-05,0.515777266798672,0.31,0.316,1,"NK cells","MRPL41"
5.09412839282139e-05,0.292992556723012,0.365,0.372,1,"NK cells","CSNK2B"
7.09816973431919e-05,0.4361807807386,0.332,0.339,1,"NK cells","DPP7"
7.60186131128839e-05,0.451289112064024,0.312,0.319,1,"NK cells","MRPL51"
7.82148535094217e-05,0.529052077863673,0.305,0.31,1,"NK cells","CCT7"
8.06215495774395e-05,0.536417929451492,0.276,0.273,1,"NK cells","POLR2I"
9.17930509126683e-05,0.501076624935091,0.282,0.285,1,"NK cells","RNF181"
0.000112726177114012,0.351295802753346,0.259,0.253,1,"NK cells","HECTD1"
0.000163271541033672,0.458698409003975,0.27,0.267,1,"NK cells","DNAJC21"
0.000186175318649193,0.385784658194828,0.286,0.286,1,"NK cells","MAZ"
0.000199684190734944,0.294872079172843,0.377,0.388,1,"NK cells","CAMLG"
0.000233874773153118,0.441587853271209,0.262,0.261,1,"NK cells","DAZAP1"
0.000472384436115599,0.327462528070383,0.274,0.272,1,"NK cells","DDX27"
0.000508982468521483,0.250439196097091,0.359,0.374,1,"NK cells","PPHLN1"
0.000568277102730985,0.35920111503958,0.364,0.382,1,"NK cells","REX1BD"
0.000751219959561931,0.320854008841206,0.341,0.354,1,"NK cells","MRPL33"
0.000958891860941394,0.476449117632075,0.252,0.249,1,"NK cells","ZNHIT3"
0.00107899502309382,0.400922751566447,0.258,0.256,1,"NK cells","WDR33"
0.0012077916809988,0.295137382737999,0.253,0.251,1,"NK cells","TRABD"
0.00144339153296925,0.278885417294788,0.286,0.289,1,"NK cells","TOP2B"
0.00201330817327653,0.281432114778101,0.275,0.277,1,"NK cells","EFCAB14"
0.00273258370809538,0.43905941469865,0.294,0.307,1,"NK cells","PSMG2"
0.00391687733869509,0.366206780991447,0.326,0.338,1,"NK cells","CCT6A"
0.00436988344333578,0.392419536001031,0.268,0.275,1,"NK cells","DECR1"
0.004451051484669,0.257776378536894,0.373,0.384,1,"NK cells","EPB41L4A-AS1"
0.00521071301001796,0.343940328771452,0.26,0.266,1,"NK cells","COPB1"
0.00704428289624289,0.355596881827715,0.26,0.263,1,"NK cells","FUBP1"
0.00722266343433504,0.424120648379682,0.276,0.284,1,"NK cells","PRMT1"
0.00736902783165794,0.355796934876335,0.34,0.359,1,"NK cells","MICOS13"
0,6.33997733051935,0.98,0.051,0,"B cells","CD79A"
0,6.54792154257857,0.919,0.023,0,"B cells","MS4A1"
0,5.35054259164549,0.85,0.053,0,"B cells","BANK1"
0,5.29818622207746,0.839,0.065,0,"B cells","CD79B"
0,5.75056598396782,0.789,0.032,0,"B cells","TNFRSF13C"
0,6.055205090189,0.758,0.021,0,"B cells","LINC00926"
0,6.21203250219565,0.799,0.073,0,"B cells","IGHM"
0,4.14043216620857,0.762,0.076,0,"B cells","RALGPS2"
0,1.8674748800384,0.944,0.264,0,"B cells","HLA-DQB1"
0,1.57111124975795,0.889,0.212,0,"B cells","HLA-DQA1"
0,6.7938346979751,0.685,0.019,0,"B cells","IGHD"
0,2.03442024316466,0.993,0.336,0,"B cells","HLA-DRA"
0,1.62345089612241,0.986,0.35,0,"B cells","HLA-DRB1"
0,2.70117138709373,0.834,0.225,0,"B cells","MEF2C"
0,1.46436164354397,0.989,0.398,0,"B cells","HLA-DPA1"
0,1.84308614033358,0.827,0.256,0,"B cells","HLA-DMA"
0,7.12939183397325,0.578,0.009,0,"B cells","VPREB3"
0,3.8441985347082,0.681,0.116,0,"B cells","AFF3"
0,2.56830262167448,0.724,0.161,0,"B cells","JUN"
0,1.69207194805075,0.992,0.462,0,"B cells","HLA-DPB1"
0,4.62188371336428,0.555,0.026,0,"B cells","TCL1A"
0,6.54011679213836,0.538,0.01,0,"B cells","PAX5"
0,5.92318340671554,0.686,0.164,0,"B cells","IGKC"
0,3.29399552992224,0.601,0.094,0,"B cells","SWAP70"
0,2.09592843617088,0.714,0.214,0,"B cells","HLA-DMB"
0,1.11429906948973,0.747,0.259,0,"B cells","BIRC3"
0,1.35614940953118,0.724,0.239,0,"B cells","HLA-DRB5"
0,2.26656565523904,0.617,0.134,0,"B cells","BCL11A"
0,3.3726766586293,0.579,0.101,0,"B cells","HVCN1"
0,2.14789266564914,0.999,0.523,0,"B cells","CD74"
0,5.76533584239075,0.491,0.017,0,"B cells","CD22"
0,6.19968811733719,0.481,0.01,0,"B cells","FCRL1"
0,3.72079477431932,0.572,0.102,0,"B cells","EAF2"
0,6.65086322763208,0.477,0.01,0,"B cells","FCER2"
0,2.49100311173849,0.645,0.18,0,"B cells","MARCH1"
0,2.17601931306403,0.764,0.301,0,"B cells","SNX2"
0,6.93099884596954,0.507,0.05,0,"B cells","IGLC2"
0,1.95295568230832,0.585,0.144,0,"B cells","HLA-DQA2"
0,3.94752202098174,0.513,0.075,0,"B cells","PLPP5"
0,1.47912540044033,0.544,0.108,0,"B cells","PDLIM1"
0,4.89856155036878,0.467,0.031,0,"B cells","P2RX5"
0,2.32147499232596,0.612,0.177,0,"B cells","CXXC5"
0,1.5763779668931,0.954,0.521,0,"B cells","LTB"
0,6.36540564981146,0.442,0.012,0,"B cells","LINC02397"
0,3.27164859412166,0.492,0.085,0,"B cells","GNG7"
0,1.30195976816725,0.558,0.152,0,"B cells","IRF8"
0,3.44261790265167,0.443,0.04,0,"B cells","COBLL1"
0,1.34008690842881,0.522,0.119,0,"B cells","TCF4"
0,5.76928690720339,0.413,0.012,0,"B cells","BLK"
0,4.67636648585821,0.429,0.031,0,"B cells","CD40"
0,1.83063048601253,0.664,0.269,0,"B cells","FCMR"
0,3.32724120102798,0.456,0.061,0,"B cells","JCHAIN"
0,2.77016173577465,0.5,0.106,0,"B cells","TPD52"
0,2.14836250581583,0.586,0.192,0,"B cells","CALHM6"
0,5.14876045557757,0.416,0.026,0,"B cells","HLA-DOB"
0,2.91881607605967,0.488,0.1,0,"B cells","TMEM156"
0,2.66085733828812,0.488,0.11,0,"B cells","CD83"
0,5.17995742856718,0.383,0.007,0,"B cells","CD24"
0,1.72386579947898,0.765,0.392,0,"B cells","EZR"
0,7.32850992715325,0.397,0.025,0,"B cells","IGLC3"
0,2.69083770578676,0.458,0.09,0,"B cells","ADAM28"
0,2.83469887238528,0.463,0.097,0,"B cells","STRBP"
0,3.96350594443634,0.383,0.034,0,"B cells","PKIG"
0,3.25549344047487,0.388,0.041,0,"B cells","NIBAN3"
0,6.01626000775995,0.352,0.01,0,"B cells","FCRLA"
0,2.18704872399092,0.491,0.151,0,"B cells","LY86"
0,2.78312679037782,0.46,0.121,0,"B cells","IFT57"
0,2.54312756534353,0.438,0.106,0,"B cells","SEL1L3"
0,6.88265068084497,0.337,0.005,0,"B cells","EBF1"
0,2.82085198527863,0.408,0.077,0,"B cells","PALM2-AKAP2"
0,2.11078426478414,0.423,0.093,0,"B cells","TLE1"
0,6.20548793136031,0.336,0.007,0,"B cells","POU2AF1"
0,1.92252204973565,0.452,0.124,0,"B cells","P2RY10"
0,1.58539819452051,0.549,0.224,0,"B cells","POU2F2"
0,2.0330548231476,0.506,0.185,0,"B cells","ZCCHC7"
0,1.6054259824082,0.48,0.162,0,"B cells","PMAIP1"
0,1.46544087237258,0.527,0.211,0,"B cells","IKZF3"
0,3.50118457054208,0.342,0.03,0,"B cells","FAM30A"
0,1.47883593911012,0.993,0.687,0,"B cells","CD52"
0,1.08014670473864,0.807,0.506,0,"B cells","ISG20"
0,1.72075082806412,0.486,0.186,0,"B cells","ITPR1"
0,1.65966917533302,0.482,0.182,0,"B cells","ARID5B"
0,2.49993774477918,0.361,0.061,0,"B cells","SPIB"
0,3.21498159780785,0.394,0.097,0,"B cells","BCL7A"
0,1.37984605372359,0.529,0.233,0,"B cells","STX7"
0,1.78009359688294,0.5,0.209,0,"B cells","SYPL1"
0,2.46261473693489,0.995,0.707,0,"B cells","CD37"
0,1.08512802734183,0.385,0.105,0,"B cells","TP53INP1"
0,6.54931308024265,0.299,0.019,0,"B cells","IGLC1"
0,0.884616626971784,0.421,0.144,0,"B cells","CCDC50"
0,3.62164884966881,0.31,0.036,0,"B cells","OSBPL10"
0,3.44629747592492,0.314,0.04,0,"B cells","RAB30"
0,3.10396654365659,0.343,0.071,0,"B cells","CDCA7L"
0,2.30496078150244,0.399,0.128,0,"B cells","IL4R"
0,6.23362799827033,0.273,0.006,0,"B cells","CD19"
0,3.44999722754631,0.299,0.038,0,"B cells","ARHGAP24"
0,2.49119268702318,0.304,0.046,0,"B cells","TSPAN13"
0,2.08263696529222,0.359,0.101,0,"B cells","MTSS1"
0,4.37006700892088,0.273,0.016,0,"B cells","PNOC"
0,6.90756847729567,0.257,0.004,0,"B cells","LINC01781"
0,6.16798899008258,0.255,0.005,0,"B cells","FCRL2"
0,4.55981222943821,0.263,0.016,0,"B cells","STAP1"
0,6.68553069551953,0.254,0.008,0,"B cells","IGHG3"
0,3.12733989056593,0.295,0.063,0,"B cells","C16orf74"
0,3.28170603851638,0.269,0.041,0,"B cells","BLNK"
0,2.29068588210434,0.314,0.087,0,"B cells","BACH2"
0,2.75024549932941,0.285,0.072,0,"B cells","QRSL1"
0,2.29033779374258,0.265,0.057,0,"B cells","RRAS2"
0,0.987841881742897,0.945,0.757,0,"B cells","CXCR4"
0,0.853950446606908,0.999,0.811,0,"B cells","RPS5"
0,0.647820553098093,0.998,0.812,0,"B cells","RPSA"
0,0.947905556133706,0.965,0.783,0,"B cells","JUND"
0,0.624771630550494,0.997,0.821,0,"B cells","RPL35"
0,0.597584699513096,0.999,0.832,0,"B cells","RPL23A"
0,0.631710338130124,0.997,0.831,0,"B cells","RPS20"
0,0.984516589344424,1,0.837,0,"B cells","RPL18A"
0,0.874133255806755,1,0.839,0,"B cells","RPL8"
0,0.693789514813773,1,0.84,0,"B cells","RPS23"
0,0.597998090764897,0.999,0.841,0,"B cells","RPL18"
0,0.61644830119874,1,0.843,0,"B cells","RPS8"
0,0.569755898571094,0.999,0.844,0,"B cells","RPL15"
0,0.571174714083825,0.999,0.844,0,"B cells","RPL29"
0,0.633467351233183,0.999,0.846,0,"B cells","RPL12"
0,0.615473089674736,1,0.851,0,"B cells","RPS19"
0,0.600706408327727,0.999,0.851,0,"B cells","RPLP2"
0,0.760738867651002,0.998,0.851,0,"B cells","RPL13A"
0,0.956382457234103,0.999,0.852,0,"B cells","RPS11"
0,0.575321765535091,1,0.868,0,"B cells","RPL13"
0,0.591053836104984,0.999,0.879,0,"B cells","FAU"
0,0.569392581711077,1,0.884,0,"B cells","RPL39"
0,0.690647032949588,0.999,0.892,0,"B cells","RPS27"
0,0.529560408601636,0.999,0.894,0,"B cells","PTMA"
0,1.1158483296716,0.996,0.892,0,"B cells","BTG1"
0,0.538919342971565,0.999,0.91,0,"B cells","RPL41"
0,0.637797885955736,0.999,0.943,0,"B cells","MT-ND3"
0,0.459093109958697,0.999,0.983,0,"B cells","MT-CO2"
0,0.46724515171063,0.998,0.983,0,"B cells","MT-CO3"
5.33590897508546e-321,0.543242059640316,1,0.907,1.95299604397103e-316,"B cells","RPLP1"
6.12126811710376e-315,0.588464877367164,0.999,0.851,2.24044534354115e-310,"B cells","RPS18"
7.60422344117386e-310,1.9172550932127,0.424,0.16,2.78322182170404e-305,"B cells","AC025164.1"
8.99129404983831e-306,2.36451072203879,0.337,0.106,3.29090353518132e-301,"B cells","FAM3C"
3.98102589669243e-305,1.58403781763438,0.564,0.286,1.4570952884484e-300,"B cells","PARP1"
2.06161829386238e-304,1.73193871954388,0.35,0.11,7.54572911736571e-300,"B cells","SP140"
4.67094268525299e-299,1.15478399553577,0.54,0.249,1.70961173222945e-294,"B cells","TAGAP"
3.2498703874326e-298,0.518567696199927,1,0.869,1.18948506050421e-293,"B cells","RPL11"
2.7914027124073e-297,1.79673099346121,0.387,0.137,1.0216813067682e-292,"B cells","CYB561A3"
3.87289063303219e-292,1.23895226209989,0.67,0.38,1.41751670059611e-287,"B cells","SNHG7"
1.64818772583862e-291,2.10397001010102,0.318,0.096,6.03253189534192e-287,"B cells","TRAF5"
1.49193234179522e-290,0.554627060346063,0.998,0.825,5.46062156420468e-286,"B cells","RPS21"
8.78179074657345e-287,0.518083510823615,0.999,0.845,3.21422323115335e-282,"B cells","RPS15"
2.64466478647996e-283,2.13116365653602,0.394,0.155,9.67973758499529e-279,"B cells","ADK"
4.65766479694247e-282,0.566990831731116,0.997,0.813,1.70475189232891e-277,"B cells","RPL10A"
1.10903874322755e-277,1.13032561343613,0.252,0.062,4.05919270408715e-273,"B cells","ADAM19"
7.26070921824315e-276,0.501794044683374,0.998,0.865,2.65749218096917e-271,"B cells","RPL37"
2.66890993241994e-274,0.528286130869774,0.998,0.836,9.76847724365021e-270,"B cells","RPL37A"
8.45003861655522e-274,0.491465636530203,1,0.874,3.09279863404538e-269,"B cells","RPL21"
1.74611855106748e-272,1.50731223787451,0.273,0.074,6.39096850876209e-268,"B cells","FCGR2B"
1.20330077555564e-270,0.975883762810243,0.719,0.455,4.40420116861118e-266,"B cells","SP100"
2.54908948962336e-263,0.516728691546933,0.999,0.851,9.32992244097046e-259,"B cells","RPS2"
3.5387155241203e-262,1.25055315885543,0.566,0.299,1.29520526898327e-257,"B cells","PRDM2"
1.31781141581897e-261,0.498831435379133,1,0.841,4.82332156303903e-257,"B cells","RPL7A"
1.15131926762384e-260,0.641737043470461,0.932,0.713,4.21394365143003e-256,"B cells","LAPTM5"
2.09316578026105e-260,1.91027850915822,0.312,0.099,7.66119607233348e-256,"B cells","RIC3"
2.92511682920213e-256,0.528843399808371,0.999,0.825,1.07062201065627e-251,"B cells","RACK1"
1.08724892150153e-254,2.16278545877932,0.261,0.073,3.97943977758774e-250,"B cells","BCAS4"
6.53536981436349e-252,0.704697362436201,0.948,0.722,2.39201070575518e-247,"B cells","NOP53"
1.77672044563946e-251,1.56016611380317,0.435,0.194,6.502974503085e-247,"B cells","PLEKHF2"
2.9121042842719e-250,0.689500963954634,0.928,0.749,1.06585928908636e-245,"B cells","TSC22D3"
7.70285990733469e-250,0.477732197008605,0.999,0.856,2.81932375468357e-245,"B cells","RPL9"
1.67250617593345e-249,0.488680897851272,0.999,0.857,6.121539854534e-245,"B cells","RPS29"
6.2122329692041e-248,1.47438011003631,0.333,0.116,2.27373938905839e-243,"B cells","GAPT"
4.3795630940098e-247,0.483780331390196,1,0.848,1.60296388803853e-242,"B cells","RPL19"
1.32132487070218e-243,0.78792217073733,0.485,0.22,4.83618115925706e-239,"B cells","PDE4B"
2.98406018709654e-243,0.891591015104194,0.694,0.437,1.09219586907921e-238,"B cells","RCSD1"
1.26028193765908e-242,1.96913005072009,0.326,0.121,4.61275792002599e-238,"B cells","HHEX"
1.33479453998977e-241,0.47098818923326,0.998,0.869,4.88548149581655e-237,"B cells","RPS9"
1.62311114361242e-239,0.46946624371465,1,0.857,5.94074909673584e-235,"B cells","RPL32"
4.58579312630816e-239,0.501694163001317,0.998,0.823,1.67844614216005e-234,"B cells","RPL27"
2.22356752155224e-236,2.00060843648244,0.276,0.088,8.13847948563334e-232,"B cells","GUCD1"
3.65395574327049e-235,0.495080700362609,0.998,0.832,1.33738434159443e-230,"B cells","RPL36"
2.21588413276668e-234,1.91679783205674,0.344,0.131,8.11035751433931e-230,"B cells","GGA2"
7.83463302631248e-231,0.396748219243471,0.997,0.965,2.86755403396063e-226,"B cells","MT-ND4"
4.29190667253781e-223,1.19294674438711,0.418,0.192,1.57088076121556e-218,"B cells","CHPT1"
5.34837794730471e-223,1.71277994459526,0.398,0.178,1.957559812493e-218,"B cells","SMIM14"
1.26645966214859e-220,0.572224938131758,0.427,0.185,4.63536900943006e-216,"B cells","ORAI2"
1.09734756993399e-218,1.25216655560762,0.59,0.344,4.01640184071541e-214,"B cells","CD69"
1.47114746305179e-218,1.13858172120364,0.509,0.267,5.38454682951587e-214,"B cells","MBD4"
7.46977660965956e-217,0.481807962509872,0.999,0.841,2.73401293690149e-212,"B cells","RPL27A"
2.59768500571714e-216,1.55739345000008,0.511,0.28,9.50778688942529e-212,"B cells","YBX3"
3.48019552947823e-215,1.23267306113664,0.57,0.34,1.27378636574433e-210,"B cells","POLD4"
3.92016640217347e-215,2.20596934078244,0.268,0.09,1.43482010485951e-210,"B cells","AGPAT5"
5.80378544771116e-214,0.353592754085414,0.998,0.978,2.12424351171676e-209,"B cells","MT-ATP6"
1.45001682286719e-210,0.519985166036442,0.996,0.81,5.30720657337619e-206,"B cells","RPL23"
1.94108566390724e-210,0.448936633315956,0.999,0.839,7.10456763846688e-206,"B cells","RPS16"
3.23790490547924e-210,1.14887518496568,0.633,0.408,1.18510557445446e-205,"B cells","RPL22L1"
6.54848233741959e-208,0.534497548539865,0.993,0.796,2.39681002031894e-203,"B cells","EEF1B2"
3.53535181044956e-207,0.528502542648772,0.996,0.799,1.29397411614264e-202,"B cells","RPLP0"
1.25069693706894e-206,0.512475539225096,0.997,0.805,4.57767585936602e-202,"B cells","EEF1G"
2.29722856683428e-206,2.03441528317522,0.296,0.111,8.40808627747016e-202,"B cells","SNX29"
1.73721436397882e-204,2.02386845125316,0.336,0.139,6.35837829359888e-200,"B cells","CAMK2D"
1.96612151713387e-203,0.318004030645379,0.761,0.499,7.19620136486168e-199,"B cells","ZFP36L1"
3.59675941107619e-203,0.526580409940004,0.989,0.787,1.31644991204799e-198,"B cells","RPS10"
1.95223218655112e-202,1.07582787483537,0.471,0.247,7.14536502599574e-198,"B cells","NCOA3"
3.65617786491092e-201,0.38499500623713,0.998,0.959,1.33819766033605e-196,"B cells","MT-CO1"
9.53420528582665e-200,1.3449142602811,0.338,0.137,3.48961447666541e-195,"B cells","KIAA0040"
8.19317434100215e-199,1.83971288437949,0.296,0.112,2.9987837405502e-194,"B cells","CCDC32"
1.28207564481258e-198,0.431614366198679,0.831,0.587,4.69252506757851e-194,"B cells","MTPN"
1.02740793384989e-197,0.434291856660464,1,0.848,3.76041577868397e-193,"B cells","RPS25"
5.97802811828843e-196,1.63815262812357,0.398,0.194,2.18801807157475e-191,"B cells","SMARCB1"
1.80163811868247e-195,1.00186287090751,0.564,0.329,6.59417567818969e-191,"B cells","REL"
1.51456465835545e-194,1.25463616448675,0.456,0.234,5.54345810604679e-190,"B cells","SYNGR2"
3.14783363483293e-194,1.33519156624056,0.414,0.191,1.1521385886852e-189,"B cells","PPM1K"
1.43644092224889e-190,0.410650204895648,0.999,0.876,5.25751741952315e-186,"B cells","RPL30"
3.23477256535145e-190,0.848089930063457,0.749,0.55,1.18395910664428e-185,"B cells","SEC62"
1.88919299042159e-189,1.63881568345252,0.388,0.188,6.91463526424205e-185,"B cells","DRAM2"
9.52674559178379e-189,0.43730644062133,0.997,0.83,3.48688415404879e-184,"B cells","RPL38"
1.04001335209295e-188,0.794556836043721,0.807,0.63,3.8065528699954e-184,"B cells","FOXP1"
1.19372748619363e-188,1.51312511295247,0.404,0.196,4.3691619722173e-184,"B cells","AIDA"
7.71407872279575e-185,0.609977864603914,0.959,0.757,2.82342995333047e-180,"B cells","KLF2"
2.16459765210088e-184,1.15038223340181,0.569,0.356,7.92264386645442e-180,"B cells","CHCHD10"
1.3507762550846e-183,1.7320269236409,0.323,0.135,4.94397617123513e-179,"B cells","CIITA"
2.48372507713376e-182,1.9918769347173,0.274,0.103,9.09068215481729e-178,"B cells","TCF3"
1.93097493059692e-181,0.661433836290383,0.704,0.46,7.06756134347779e-177,"B cells","SNX3"
7.74913030563453e-180,0.425108372958854,0.999,0.838,2.8362591831653e-175,"B cells","RPL26"
2.07955153615908e-177,0.609402453300151,0.798,0.586,7.61136657749586e-173,"B cells","NFKBIA"
2.10815569246537e-176,0.387172877577266,1,0.864,7.7160606499925e-172,"B cells","RPL34"
4.88659552079069e-175,1.28257226237233,0.381,0.181,1.7885428265646e-170,"B cells","CSNK1G3"
2.07469159794575e-174,0.351409112597009,0.998,0.958,7.59357871764124e-170,"B cells","MT-CYB"
5.87581331669981e-173,0.532505978772609,0.867,0.67,2.1506064320453e-168,"B cells","LIMD2"
1.81911207296633e-170,1.13485786633758,0.445,0.236,6.65813209826405e-166,"B cells","EBLN3P"
2.94607900256243e-169,0.983793204399582,0.586,0.355,1.07829437572787e-164,"B cells","TSTD1"
5.20545389961029e-168,0.405728957114643,1,0.884,1.90524818179636e-163,"B cells","RPL10"
1.75039608379758e-167,0.392872656172678,0.999,0.852,6.40662470630751e-163,"B cells","RPS6"
3.37916566162428e-167,0.522035571504388,0.924,0.732,1.2368084238111e-162,"B cells","ZFAS1"
1.45563046425644e-166,0.415888143543773,1,0.845,5.327753062225e-162,"B cells","RPS7"
1.1963523644885e-164,0.84704236293445,0.653,0.429,4.37876928926436e-160,"B cells","HERPUD1"
2.12925747413397e-163,1.30758621000538,0.346,0.157,7.79329528107776e-159,"B cells","ST6GAL1"
1.97102357729395e-162,0.644663189832506,0.897,0.701,7.2141433952536e-158,"B cells","HSP90AB1"
4.42876153637397e-160,1.15858013471229,0.455,0.259,1.62097100992824e-155,"B cells","BLOC1S2"
3.95028968195899e-159,0.564423997244661,0.608,0.393,1.44584552649381e-154,"B cells","SP110"
2.16016984485005e-158,0.545343554356053,0.929,0.731,7.90643764913566e-154,"B cells","EEF2"
8.35711887449466e-157,1.12275724461515,0.513,0.313,3.05878907925379e-152,"B cells","TMEM243"
2.64975145595172e-155,1.4707231707596,0.327,0.151,9.69835530392888e-151,"B cells","DMXL1"
8.76567660266288e-154,0.392753413917815,0.69,0.46,3.20832529334064e-149,"B cells","PRKCB"
4.37645695457337e-153,1.18640942935055,0.481,0.285,1.6018270099434e-148,"B cells","APPL1"
1.64396150036382e-151,1.53896298231743,0.304,0.133,6.01706348748162e-147,"B cells","ZNF92"
4.10070977878123e-151,0.389234067084099,0.999,0.873,1.50090078613172e-146,"B cells","RPS27A"
4.23833409818779e-151,0.811281847463654,0.693,0.498,1.55127266327771e-146,"B cells","LSM7"
1.64949238477748e-149,0.66818677869565,0.671,0.445,6.03730707752406e-145,"B cells","CD81"
1.17913481380995e-147,1.09681661118139,0.266,0.108,4.31575133202582e-143,"B cells","NFKBID"
1.39522174128595e-147,0.469647212893834,0.33,0.153,5.10665109528071e-143,"B cells","BTK"
7.46382985106233e-145,1.61490247460131,0.256,0.102,2.73183636378732e-140,"B cells","SMC6"
3.49245652603116e-144,1.56011807313214,0.327,0.153,1.27827401309266e-139,"B cells","MYC"
8.42528534433286e-144,1.08720466951224,0.379,0.194,3.08373868887927e-139,"B cells","IER5"
1.18402629429862e-143,0.36033846129674,1,0.878,4.33365463976239e-139,"B cells","RPL28"
3.99488885749437e-142,0.913149076956359,0.422,0.233,1.46216927073151e-137,"B cells","LMBRD1"
1.52049205228987e-138,0.671591652599846,0.463,0.253,5.56515296058616e-134,"B cells","RHOH"
1.69540499845132e-138,0.96930446044017,0.398,0.193,6.20535183483166e-134,"B cells","CTSH"
2.6010167117722e-138,0.354740524710544,0.999,0.869,9.51998126675742e-134,"B cells","RPS28"
2.360658196327e-137,1.81374676644282,0.263,0.114,8.64024506437646e-133,"B cells","HDAC9"
9.62286111442927e-137,1.32191871833922,0.356,0.184,3.52206339649226e-132,"B cells","UVRAG"
2.86266003084425e-136,0.524722062081357,0.851,0.673,1.04776219788931e-131,"B cells","PNISR"
3.51517307759492e-134,0.358100390302185,0.999,0.839,1.28658849813052e-129,"B cells","RPS13"
3.93622943437079e-134,0.80811604900784,0.321,0.153,1.44069933527405e-129,"B cells","FCHSD2"
5.77977723011162e-133,1.44326959986172,0.34,0.175,2.11545626399315e-128,"B cells","MARCKSL1"
1.24570964785925e-131,1.45070447932326,0.32,0.158,4.55942188212964e-127,"B cells","TSPAN3"
4.49050322351032e-131,1.18870276575859,0.375,0.202,1.64356908483701e-126,"B cells","ACBD3"
1.22978601560544e-129,0.661223319701715,0.662,0.492,4.50113979571748e-125,"B cells","ISCU"
3.12327688430778e-128,0.728149202589698,0.6,0.391,1.14315057242549e-123,"B cells","STK17A"
1.49136055749298e-127,0.349475254529791,0.999,0.852,5.45852877648007e-123,"B cells","RPL35A"
2.16155495872093e-127,0.422429372106732,0.986,0.796,7.91150730441448e-123,"B cells","RPS17"
5.97934703126021e-126,1.20253955507677,0.366,0.198,2.18850080691155e-121,"B cells","RB1"
1.02991289000474e-124,0.359434032238718,0.999,0.848,3.76958416870635e-120,"B cells","RPL17"
1.20600619029456e-124,0.414755400412362,0.867,0.708,4.41410325709712e-120,"B cells","SF1"
3.20406391366957e-124,0.384979648215367,0.908,0.669,1.1727194330422e-119,"B cells","GAS5"
3.33034419755009e-124,0.382681091911208,0.965,0.802,1.21893927974531e-119,"B cells","ARPC3"
1.5016677138709e-123,0.363819176910017,0.999,0.817,5.49625399953886e-119,"B cells","RPL22"
9.29966370748376e-123,1.37248938558749,0.344,0.184,3.40376991357613e-118,"B cells","HSPA4"
9.31333926352846e-122,0.930145641973272,0.401,0.232,3.40877530384405e-117,"B cells","ELOVL5"
1.18200248439615e-121,0.674100961536934,0.43,0.251,4.32624729313835e-117,"B cells","PLEKHA2"
5.48854923385259e-121,0.788683077965775,0.601,0.426,2.00886390508239e-116,"B cells","SELENOF"
4.15040703221674e-119,0.322484053876941,0.999,0.856,1.51909047786165e-114,"B cells","RPS3A"
3.46044625822265e-116,0.534946872060559,0.616,0.433,1.26655793497207e-111,"B cells","NSD3"
1.24247438913041e-115,0.528519711325439,0.478,0.251,4.54758051165622e-111,"B cells","CTSZ"
1.62584298318446e-115,0.663919405989245,0.469,0.294,5.95074790275346e-111,"B cells","RASGRP2"
8.9131978764996e-115,0.335102811214552,0.998,0.875,3.26231955477762e-110,"B cells","UBA52"
1.01595648611941e-113,1.05373332116027,0.397,0.231,3.71850233484564e-109,"B cells","NT5C"
2.63826138788194e-113,0.387558298360538,0.977,0.862,9.6563005057867e-109,"B cells","MTRNR2L12"
8.48117938830975e-108,1.32145258510866,0.303,0.156,3.10419646791525e-103,"B cells","SCPEP1"
8.69037148696948e-108,1.3967137608209,0.288,0.146,3.1807628679457e-103,"B cells","ZCCHC10"
1.93746891678788e-107,0.661860745245833,0.657,0.509,7.09132998233532e-103,"B cells","TCEA1"
6.17434278033838e-107,0.373532140162049,0.988,0.821,2.25987120103165e-102,"B cells","EEF1D"
2.32503007203907e-106,0.633684845942274,0.685,0.526,8.50984256667019e-102,"B cells","KRT10"
2.35056394158067e-104,0.562924824324958,0.335,0.176,8.6032990825794e-100,"B cells","IFNGR2"
5.71906779866919e-104,1.2796787276386,0.331,0.183,2.09323600499091e-99,"B cells","DNAJC10"
1.27163744385611e-103,1.18810744122532,0.318,0.17,4.65432020825775e-99,"B cells","SP140L"
1.02690876505607e-102,0.485330516685684,0.512,0.333,3.75858877098172e-98,"B cells","SH3BP5"
1.70479104895196e-102,0.524650029411166,0.64,0.476,6.23970571826909e-98,"B cells","TNFAIP8"
5.27210405244259e-101,0.510179095495986,0.787,0.627,1.92964280423451e-96,"B cells","ANAPC16"
1.62904723866114e-100,0.419864377988733,0.908,0.744,5.96247579822364e-96,"B cells","CIRBP"
9.52439690451715e-99,0.454396771500547,0.377,0.217,3.48602451102232e-94,"B cells","PARP14"
3.72103505880787e-98,0.333211370856799,0.668,0.475,1.36193604187427e-93,"B cells","PLAC8"
8.46890538366144e-98,0.343943415118843,0.999,0.839,3.09970405947392e-93,"B cells","RPL3"
1.18537833824012e-97,0.383808806850862,0.449,0.279,4.33860325579268e-93,"B cells","MAP3K1"
1.76059948952569e-96,1.09414657160877,0.389,0.244,6.44397019161299e-92,"B cells","LSM10"
2.3871210468444e-96,0.277724626261856,1,0.869,8.7371017435552e-92,"B cells","RPS12"
2.81300338954536e-96,0.429746641817535,0.891,0.732,1.0295873706075e-91,"B cells","HNRNPDL"
6.6127628221889e-96,0.499820754047495,0.787,0.613,2.42033732054936e-91,"B cells","ERP29"
9.75405065741857e-96,0.428448410211847,0.901,0.706,3.57008008112177e-91,"B cells","SLC25A6"
3.94906028702817e-94,0.314028760235403,0.999,0.849,1.44539555565518e-89,"B cells","RPS4X"
4.20325372979503e-93,0.544828761409261,0.735,0.573,1.53843289764228e-88,"B cells","SMDT1"
1.63073302024042e-92,0.971773332176211,0.263,0.133,5.96864592738197e-88,"B cells","PXK"
1.92352462587949e-92,0.311559223444753,0.998,0.826,7.04029248318152e-88,"B cells","RPL5"
3.33864263770149e-91,0.548889721157688,0.451,0.293,1.22197659182512e-86,"B cells","GABPB1-AS1"
1.49880841024327e-90,0.57671260452027,0.687,0.538,5.48578866233138e-86,"B cells","UCP2"
2.45911090521805e-89,0.441775833998758,0.782,0.603,9.00059182418858e-85,"B cells","HMGN1"
2.01240515175571e-88,0.295266041562108,0.46,0.283,7.36560409594108e-84,"B cells","BCL2"
5.82330193560947e-87,0.776173210853403,0.457,0.307,2.13138674145242e-82,"B cells","ATF7IP"
1.1641483329388e-86,0.71872334433754,0.357,0.215,4.26089931338931e-82,"B cells","BCL10"
2.47916147749274e-85,0.587233185065737,0.546,0.395,9.07397892377118e-81,"B cells","TAF1D"
5.39840131385564e-85,0.297911971681668,0.999,0.863,1.9758688648843e-80,"B cells","RPS15A"
4.011390997132e-83,0.30628490947853,1,0.901,1.46820921886028e-78,"B cells","EEF1A1"
6.96010588835467e-82,0.34034276860771,0.978,0.79,2.54746835619669e-77,"B cells","RPL4"
7.05263948597835e-82,1.21279877309252,0.309,0.181,2.58133657826294e-77,"B cells","CIAO2A"
1.31810449968501e-81,0.350988386303092,0.947,0.753,4.82439427929711e-77,"B cells","HINT1"
5.69265359417217e-81,0.292536537623296,0.997,0.825,2.08356814200295e-76,"B cells","RPL7"
4.15628191835304e-80,0.917843100497933,0.418,0.281,1.5212407449364e-75,"B cells","RNASEH2B"
4.13105504820989e-79,0.521931750363561,0.605,0.458,1.5120074581953e-74,"B cells","MYCBP2"
3.56765469689952e-78,1.2630251682508,0.263,0.143,1.30579729561219e-73,"B cells","OTUD1"
1.13397484157223e-77,0.611531603869883,0.483,0.345,4.15046131763853e-73,"B cells","GABPB1-IT1"
6.58065417047501e-77,0.588071462691382,0.519,0.381,2.40858523293556e-72,"B cells","EIF1B"
3.20555166706296e-75,0.567450737932745,0.674,0.528,1.17326396566172e-70,"B cells","SELENOH"
3.98117949392377e-75,1.05023085589554,0.363,0.236,1.45715150657104e-70,"B cells","GLO1"
2.38147104617482e-74,0.95714770875478,0.338,0.209,8.71642217610447e-70,"B cells","ASXL1"
4.92078235258561e-74,0.396747647628913,0.744,0.6,1.80105554886986e-69,"B cells","SRSF7"
1.49863571755731e-72,0.496529522765714,0.284,0.161,5.48515658983151e-68,"B cells","LAT2"
9.88070301777769e-72,0.29886129902916,0.977,0.791,3.61643611153681e-67,"B cells","TOMM7"
2.29811862405587e-71,0.614098741798021,0.511,0.38,8.4113439759069e-67,"B cells","LAMTOR5"
2.49964473779913e-70,0.450825074780514,0.555,0.415,9.14894970481859e-66,"B cells","ARID1B"
1.23259973229449e-69,0.303196901109546,0.989,0.832,4.51143828017107e-65,"B cells","PFDN5"
2.62853644324972e-69,0.411514548628297,0.725,0.598,9.62070623593832e-65,"B cells","EIF4A2"
2.33729088258713e-68,1.04386737548979,0.307,0.187,8.55471835935714e-64,"B cells","PWP1"
3.16018580671923e-68,0.350953883268021,0.85,0.716,1.1566596071173e-63,"B cells","ATP6V1G1"
8.91333839339795e-68,0.272434486647234,0.987,0.806,3.26237098536758e-63,"B cells","RPL31"
4.63346743772714e-67,0.333952542080927,0.412,0.277,1.69589541688251e-62,"B cells","PPP3CA"
9.18133030905611e-67,0.973331150995773,0.342,0.221,3.36045870641763e-62,"B cells","SINHCAF"
1.60250186345569e-65,0.937244354578662,0.303,0.184,5.86531707043419e-61,"B cells","TMEM134"
1.39991065764875e-64,0.27880702363638,0.997,0.814,5.12381299806018e-60,"B cells","RPL36A"
2.27514834827145e-64,0.38957369705425,0.252,0.136,8.32727046950832e-60,"B cells","PIM2"
5.51180329066294e-64,0.689952907672909,0.479,0.343,2.01737512241554e-59,"B cells","CLEC2D"
5.62391319084813e-64,0.563010971982733,0.32,0.201,2.05840846698232e-59,"B cells","WASHC4"
3.68077828149484e-63,0.273817361962799,0.997,0.829,1.34720165880993e-58,"B cells","RPL24"
6.72682068967366e-62,0.879473427880812,0.279,0.162,2.46208364062746e-57,"B cells","VEGFB"
1.42632370907688e-60,0.287020180314028,0.546,0.412,5.22048740759229e-56,"B cells","TAF7"
2.55941746689991e-60,0.614246643899962,0.382,0.252,9.36772387060035e-56,"B cells","RBM38"
3.31664953633689e-59,0.846690276155191,0.362,0.247,1.21392689679466e-54,"B cells","DCK"
4.38994032349709e-59,0.40365169280463,0.739,0.606,1.60676205780317e-54,"B cells","EIF2S3"
2.93337535488074e-58,0.38809119414133,0.71,0.589,1.0736447136399e-53,"B cells","UBXN1"
1.75245146004678e-57,0.788800729298638,0.263,0.159,6.41414758891721e-53,"B cells","WDR11"
2.3897963894964e-57,0.650125467187194,0.389,0.274,8.74689376519579e-53,"B cells","PTPN1"
4.73935293783151e-57,0.448784721266083,0.393,0.273,1.73465056877571e-52,"B cells","NCK2"
8.16409855499019e-57,0.408088094065035,0.683,0.537,2.98814171211196e-52,"B cells","SNHG8"
1.89439733847474e-55,0.29908082747719,0.668,0.554,6.9336836985514e-51,"B cells","TRA2B"
4.47496801511185e-55,0.256309944692327,0.294,0.178,1.63788304321109e-50,"B cells","ARHGAP25"
1.42698785225943e-54,0.798956152714633,0.284,0.176,5.22291823805473e-50,"B cells","PDE7A"
1.70175613841187e-54,0.295232316353519,0.587,0.447,6.22859764220128e-50,"B cells","IFI16"
8.27963662029728e-54,0.490853597426134,0.449,0.331,3.03042979939501e-49,"B cells","BBX"
5.24931995654565e-53,0.311227000894662,0.773,0.647,1.92130359729527e-48,"B cells","HMGN2"
1.48397729357114e-52,0.437660139949281,0.401,0.279,5.43150529219974e-48,"B cells","MIS18BP1"
2.68864309059866e-52,0.464527853189441,0.554,0.436,9.84070257590017e-48,"B cells","PNN"
1.98834124432945e-48,0.716148615575784,0.339,0.235,7.27752778837024e-44,"B cells","STIM2"
3.17663350070829e-48,0.860837039144805,0.252,0.158,1.16267962759424e-43,"B cells","RABEP1"
1.33863395617201e-47,0.60206671311571,0.435,0.331,4.89953414298516e-43,"B cells","PPP1CC"
5.44145801236523e-47,0.614629995083539,0.275,0.18,1.9916280471058e-42,"B cells","RERE"
7.22651310510479e-47,0.625773635439466,0.318,0.219,2.64497606159941e-42,"B cells","PHKB"
1.10087476851966e-46,0.279772741166588,0.844,0.681,4.02931174025881e-42,"B cells","NME2"
1.31948248612064e-46,0.354014087718171,0.598,0.496,4.82943784745014e-42,"B cells","UBE2I"
3.11711262315605e-46,0.443979439729006,0.395,0.279,1.14089439120134e-41,"B cells","TUT4"
5.54413914774444e-46,0.765540677235242,0.288,0.195,2.02921036946594e-41,"B cells","DEGS1"
1.28875045859662e-45,0.393368649190859,0.387,0.279,4.71695555350949e-41,"B cells","IRF2"
1.41185728956347e-45,0.489064020770149,0.326,0.221,5.16753886553124e-41,"B cells","ZBTB20"
9.7788338488512e-45,0.408508441198202,0.455,0.35,3.57915097701803e-40,"B cells","TRA2A"
2.51673359993605e-44,0.502809216405342,0.361,0.259,9.21149664912592e-40,"B cells","RBM26"
3.94564488978679e-44,0.554815813117482,0.381,0.276,1.44414548611086e-39,"B cells","LTA4H"
6.08545812618237e-44,0.489217163888861,0.29,0.193,2.22733852876401e-39,"B cells","OSER1"
9.39826075952043e-43,0.436055930602459,0.561,0.455,3.43985742059207e-38,"B cells","SNHG32"
1.96878469886954e-42,0.942685312646375,0.255,0.167,7.2059488763324e-38,"B cells","PRKD3"
3.73893695868479e-41,0.743954490896132,0.33,0.235,1.36848831624822e-36,"B cells","SNHG3"
8.72202094926161e-41,0.466012183511828,0.303,0.209,3.19234688763924e-36,"B cells","MEF2A"
1.00020692839458e-40,0.395110145726015,0.331,0.233,3.66085737861701e-36,"B cells","UBE2J1"
1.28062201867965e-40,0.916536295158457,0.273,0.186,4.68720465056939e-36,"B cells","RPA3"
1.40608953123699e-40,0.654609273247029,0.265,0.177,5.14642829328051e-36,"B cells","DUSP22"
3.75703559407325e-40,0.581406661049808,0.387,0.274,1.37511259778675e-35,"B cells","LBH"
6.04930913074446e-39,0.584070951007429,0.465,0.372,2.21410763494378e-34,"B cells","EPB41L4A-AS1"
1.22456605455362e-38,0.305327221488624,0.573,0.476,4.48203421627172e-34,"B cells","THRAP3"
1.92732677616361e-36,0.506989451523346,0.443,0.357,7.05420873343643e-32,"B cells","CYCS"
2.43457754864627e-36,0.572505767985607,0.386,0.296,8.91079728580023e-32,"B cells","CDC40"
2.70616539725628e-36,0.337767588323616,0.656,0.543,9.9048359704977e-32,"B cells","HIST1H4C"
6.41761010350077e-36,0.727788046732984,0.312,0.224,2.34890947398232e-31,"B cells","RCN2"
7.41395696457535e-36,0.296839023104368,0.659,0.571,2.71358238860423e-31,"B cells","UBE2D2"
9.08825130009874e-36,0.357807737904151,0.409,0.318,3.32639085834914e-31,"B cells","CSK"
2.20565317794751e-35,0.49960114376635,0.365,0.275,8.07291119660569e-31,"B cells","PSMB8-AS1"
4.40758809308153e-35,0.555294995918831,0.263,0.179,1.61322131794877e-30,"B cells","NGLY1"
5.41108821327224e-35,0.284907280658368,0.591,0.481,1.98051239693977e-30,"B cells","ARF6"
8.27027415300924e-35,0.392449453182645,0.562,0.486,3.02700304274291e-30,"B cells","SNU13"
8.02713151345907e-34,0.612452746568524,0.324,0.239,2.93801040524115e-29,"B cells","MALT1"
9.89063971737404e-34,0.25836131512322,0.334,0.247,3.62007304295607e-29,"B cells","ITSN2"
1.57492072070514e-33,0.38562836710875,0.313,0.224,5.76436732985286e-29,"B cells","CHD9"
2.69050478237342e-33,0.738424927454672,0.287,0.207,9.84751655396494e-29,"B cells","ITGAE"
6.33609419990014e-33,0.531587356691999,0.305,0.22,2.31907383810545e-28,"B cells","ANKRD49"
7.00219193858168e-33,0.421397271412703,0.468,0.385,2.56287227144028e-28,"B cells","SMARCE1"
1.03057176295094e-32,0.624564661700499,0.323,0.239,3.77199570957674e-28,"B cells","TRMT10C"
1.89906951647313e-32,0.362308774543693,0.575,0.493,6.95078433724329e-28,"B cells","SPCS2"
3.32472730225867e-32,0.411386245845481,0.322,0.228,1.2168834398997e-27,"B cells","OFD1"
3.86352572857066e-32,0.268984492153771,0.729,0.614,1.41408905191415e-27,"B cells","NSA2"
9.9833452139716e-32,0.39293301241922,0.506,0.407,3.65400418176575e-27,"B cells","SLC38A1"
2.87412798329005e-31,0.374569745986023,0.342,0.238,1.05195958316399e-26,"B cells","CCR7"
1.03478723386404e-30,0.268321632423538,0.726,0.617,3.78742475466578e-26,"B cells","UXT"
1.16376788880486e-30,0.330181503326929,0.483,0.402,4.25950684981468e-26,"B cells","SRSF10"
2.19297558927124e-29,0.643267787054821,0.269,0.192,8.02650995429167e-25,"B cells","APOBEC3C"
2.60941221356303e-29,0.657903680415301,0.268,0.194,9.55070964286206e-25,"B cells","ALG13"
4.48302711945365e-29,0.338559247491576,0.37,0.275,1.64083275599123e-24,"B cells","GPR183"
1.65480472672042e-28,0.440462613203199,0.401,0.317,6.05675078026939e-24,"B cells","DNAJC15"
3.31456933759992e-28,0.279041750624154,0.571,0.487,1.21316552325495e-23,"B cells","SNRPB"
8.77262706344978e-27,0.353239529373943,0.484,0.412,3.21086923149326e-22,"B cells","ZNF706"
1.03758272133846e-26,0.594145425666975,0.318,0.242,3.7976565183709e-22,"B cells","MHENCR"
6.68421883329352e-26,0.328043608838793,0.564,0.486,2.44649093517376e-21,"B cells","EIF3D"
7.49687886369223e-26,0.436301151466055,0.38,0.308,2.74393263289999e-21,"B cells","HDAC1"
1.53315860705322e-25,0.262939287862558,0.578,0.502,5.61151381767547e-21,"B cells","TRMT112"
8.62110939623925e-25,0.420898497885005,0.438,0.368,3.15541225011753e-20,"B cells","MRPL54"
9.13763319448329e-25,0.608912853886718,0.342,0.275,3.34446512551283e-20,"B cells","PRMT1"
1.7717424649801e-24,0.538342972402993,0.255,0.188,6.48475459607365e-20,"B cells","ANKRD10"
5.47920522344325e-24,0.465358438734175,0.417,0.35,2.00544390383247e-19,"B cells","PHB2"
2.04586348624029e-23,0.470869435807211,0.284,0.217,7.48806494598808e-19,"B cells","CNTRL"
4.46837021466435e-23,0.615755943026778,0.277,0.215,1.6354681822693e-18,"B cells","MED30"
6.62254603583559e-23,0.360290179919735,0.44,0.371,2.42391807457619e-18,"B cells","TMPO"
7.06463388249557e-23,0.357130002651568,0.412,0.344,2.5857266473322e-18,"B cells","MBD2"
7.09128135707932e-23,0.582398127963185,0.324,0.258,2.5954798895046e-18,"B cells","LSM2"
1.53939236945744e-22,0.37493898092809,0.449,0.385,5.63433001145117e-18,"B cells","CCDC59"
1.89124718471021e-22,0.381927245027345,0.353,0.279,6.92215382075784e-18,"B cells","CEMIP2"
2.03828792844412e-22,0.452674670894714,0.339,0.274,7.46033764689833e-18,"B cells","RBM6"
5.17391172984573e-22,0.463028331425559,0.287,0.225,1.89370343224084e-17,"B cells","AP3B1"
3.09747069650589e-21,0.357724147208343,0.572,0.504,1.13370524962812e-16,"B cells","PEBP1"
4.73817383607862e-21,0.276663237212019,0.374,0.304,1.73421900574314e-16,"B cells","B4GALT1"
7.06791117668391e-21,0.318776678910606,0.369,0.299,2.58692616977808e-16,"B cells","TNFRSF14"
1.52453560921952e-20,0.389651696981141,0.357,0.289,5.57995278330438e-16,"B cells","KRR1"
1.85288278164251e-20,0.324746212133011,0.406,0.338,6.78173626908974e-16,"B cells","ANXA6"
1.49275028211733e-19,0.430873054826816,0.278,0.215,5.46361530757763e-15,"B cells","CCDC18-AS1"
1.81094598172284e-19,0.254340679435927,0.366,0.293,6.62824338770377e-15,"B cells","TBC1D10C"
3.7181964493584e-19,0.364709810756241,0.419,0.358,1.36089708242967e-14,"B cells","CCDC12"
4.37352101852998e-19,0.396269800986665,0.303,0.243,1.60075242799216e-14,"B cells","ZNF644"
7.60532150314201e-19,0.480055078259419,0.331,0.275,2.78362372336501e-14,"B cells","UBE2N"
1.00198823580472e-18,0.426170328060747,0.257,0.2,3.66737714186884e-14,"B cells","VOPP1"
1.39885358648151e-18,0.349416737197336,0.393,0.334,5.11994401188099e-14,"B cells","RNMT"
5.26514430548773e-18,0.499485216279297,0.28,0.223,1.92709546725156e-13,"B cells","PLEKHJ1"
5.60648918185442e-18,0.315693139405814,0.486,0.434,2.05203110545054e-13,"B cells","NOL7"
1.00080718240972e-17,0.372432089821966,0.377,0.321,3.6630543683378e-13,"B cells","FNBP4"
1.45238045763931e-17,0.366700632422388,0.414,0.357,5.31585771300563e-13,"B cells","SBDS"
5.29933602010652e-17,0.267491968979568,0.505,0.448,1.93960997671919e-12,"B cells","RBMX"
1.76284068609112e-16,0.266919863376428,0.444,0.386,6.45217319516211e-12,"B cells","MED10"
1.92997679123599e-16,0.458640415347832,0.328,0.275,7.06390805360285e-12,"B cells","DARS"
5.02569877646325e-16,0.256553845492236,0.456,0.406,1.83945600917331e-11,"B cells","PNRC2"
6.66782290097942e-16,0.274817092434974,0.53,0.484,2.44048985998748e-11,"B cells","EIF5A"
8.01933730399728e-16,0.38265661916652,0.316,0.26,2.93515764663604e-11,"B cells","UPF3A"
2.71718666567783e-15,0.540280579983975,0.274,0.226,9.94517491504743e-11,"B cells","RPAIN"
6.03067223623423e-15,0.288164377238418,0.345,0.295,2.20728634518409e-10,"B cells","MAF1"
1.29794110128821e-14,0.349459929711577,0.34,0.287,4.75059422482498e-10,"B cells","SSBP4"
1.97572541764138e-14,0.335712704378094,0.335,0.28,7.23135260110921e-10,"B cells","NSMCE3"
2.04274975760892e-14,0.519127608759306,0.265,0.216,7.47666838782441e-10,"B cells","C7orf50"
2.49855111631495e-14,0.33538140621496,0.285,0.238,9.14494694082436e-10,"B cells","TSPYL1"
3.39014622742233e-14,0.372654271917588,0.392,0.348,1.24082742069885e-09,"B cells","TMEM256"
3.67408859297463e-14,0.581478587333559,0.252,0.205,1.34475316591464e-09,"B cells","IMPDH2"
7.16659563769472e-14,0.392929495499537,0.341,0.292,2.62304566935264e-09,"B cells","NASP"
2.13196771598924e-12,0.459474129316113,0.347,0.31,7.80321503729221e-08,"B cells","MRPL52"
2.87946626203786e-12,0.32848981830712,0.292,0.243,1.05391344656848e-07,"B cells","BDP1"
6.31462567286835e-12,0.300726934054421,0.361,0.32,2.31121614252654e-07,"B cells","CNOT7"
8.52851275784031e-12,0.423664776550924,0.257,0.213,3.12152095449713e-07,"B cells","LYRM2"
9.82312657415322e-12,0.30597847124326,0.31,0.267,3.59536255740582e-07,"B cells","DDX27"
1.67303754658576e-11,0.388683365736933,0.287,0.242,6.12348472425856e-07,"B cells","BCAS2"
2.19243870450625e-11,0.292073688273306,0.462,0.418,8.02454490236331e-07,"B cells","FBL"
3.53483375587825e-11,0.334688696129782,0.267,0.224,1.293784502989e-06,"B cells","PNKD"
4.69048533398696e-11,0.549452760682289,0.256,0.218,1.71676453709257e-06,"B cells","COMMD3"
5.49915790510968e-11,0.253936394112525,0.299,0.255,2.0127467848492e-06,"B cells","RBBP7"
1.10936048656019e-10,0.48486104374979,0.273,0.235,4.06037031685896e-06,"B cells","DANCR"
1.43370745895925e-10,0.388152560320537,0.295,0.253,5.24751267053674e-06,"B cells","ZNF22"
2.64173614994122e-10,0.456551529687317,0.256,0.218,9.66901848239985e-06,"B cells","SNRNP27"
3.99965189784852e-10,0.417324024829262,0.269,0.234,1.46391259113154e-05,"B cells","ECHDC1"
7.22240869033587e-10,0.467860734729779,0.253,0.217,2.64347380474983e-05,"B cells","CHRAC1"
1.49210149910439e-09,0.355973625478665,0.257,0.222,5.46124069687198e-05,"B cells","PSMC6"
2.69898084828392e-09,0.313751472495576,0.294,0.262,9.87853980280396e-05,"B cells","ERP44"
3.82249763073692e-09,0.316357448693265,0.27,0.228,0.000139907235782602,"B cells","ATF7IP2"
9.78189114917983e-09,0.308948859896707,0.286,0.255,0.000358026997951131,"B cells","MFF"
1.02018292219193e-08,0.328494718859458,0.288,0.254,0.000373397151351469,"B cells","ZCRB1"
5.92673175515136e-08,0.305300972467267,0.364,0.336,0.00216924308970295,"B cells","RANBP1"
6.88944692490539e-08,0.279787824701966,0.316,0.284,0.00252160646898462,"B cells","EXOSC6"
1.02450448628858e-07,0.356281186321531,0.272,0.239,0.00374978887026485,"B cells","NOP58"
1.27035825648503e-07,0.295054485691788,0.287,0.25,0.00464963825456087,"B cells","CFAP97"
4.17224659336388e-07,0.336861207010663,0.286,0.263,0.0152708397563711,"B cells","BTF3L4"
7.17555690937608e-07,0.432329673127012,0.256,0.228,0.0262632558440074,"B cells","ARL14EP"
1.01139287947128e-06,0.295551743184762,0.305,0.279,0.0370179907815283,"B cells","PFDN1"
1.09551582887411e-06,0.309060992110774,0.316,0.293,0.0400969748526215,"B cells","RNASEH2C"
2.35132928850305e-06,0.327124026569908,0.304,0.279,0.0860610032885003,"B cells","TFAM"
2.42809355357077e-06,0.328570515247141,0.272,0.246,0.0888706521542437,"B cells","NCBP2"
3.63110902776368e-06,0.307369747598142,0.307,0.284,0.132902221525179,"B cells","VPS51"
6.72093934701264e-06,0.358559381482583,0.3,0.278,0.24599310104001,"B cells","LARS"
7.1948080929073e-06,0.299697948858997,0.555,0.622,0.2633371710085,"B cells","CRIP1"
9.46585694140262e-05,0.278700661420298,0.266,0.247,1,"B cells","MPG"
0.000171770759367823,0.258058224280328,0.333,0.316,1,"B cells","NHP2"
0.000423875700378171,0.262720269011944,0.274,0.258,1,"B cells","THAP12"
0.000496201008545728,0.597172290768867,0.315,0.302,1,"B cells","SEC11C"
0,2.09768331754135,0.89,0.176,0,"T cells","GZMA"
0,1.97147513098238,0.892,0.208,0,"T cells","CST7"
0,1.8336505463075,0.944,0.27,0,"T cells","NKG7"
0,2.23634797544269,0.975,0.306,0,"T cells","CCL5"
0,1.91076091715062,0.933,0.335,0,"T cells","CD3D"
0,2.01192413924127,0.899,0.311,0,"T cells","CD3G"
0,2.15232569234657,0.992,0.413,0,"T cells","IL32"
0,2.82899402595714,0.76,0.192,0,"T cells","LYAR"
0,1.72032843724358,0.915,0.351,0,"T cells","CD3E"
0,2.6462174146654,0.806,0.245,0,"T cells","DUSP2"
0,1.77824732140324,0.834,0.29,0,"T cells","GZMM"
0,2.99834401491775,0.612,0.089,0,"T cells","KLRG1"
0,4.21239937792044,0.564,0.052,0,"T cells","TRGC2"
0,1.44504672744525,0.723,0.242,0,"T cells","CTSW"
0,4.1434762607497,0.521,0.05,0,"T cells","GZMK"
0,1.44075968387232,0.617,0.146,0,"T cells","CCL4"
0,2.89600433364828,0.554,0.09,0,"T cells","LINC01871"
0,1.03156176056477,0.614,0.155,0,"T cells","PRF1"
0,1.97342327350575,0.77,0.314,0,"T cells","CD2"
0,1.45390628312531,0.722,0.274,0,"T cells","SYNE2"
0,1.57047760449983,0.746,0.299,0,"T cells","TRAC"
0,2.80095616030221,0.567,0.12,0,"T cells","GZMH"
0,2.69419063598361,0.548,0.138,0,"T cells","CD8A"
0,2.24176385458021,0.544,0.148,0,"T cells","PRDM1"
0,1.32746896557738,0.937,0.542,0,"T cells","ARL4C"
0,1.46467428457064,0.698,0.311,0,"T cells","RUNX3"
0,1.57868557733905,0.737,0.351,0,"T cells","IL7R"
0,1.35481608784315,0.817,0.441,0,"T cells","TRBC2"
0,2.53649081311515,0.543,0.168,0,"T cells","KLRB1"
0,1.10469275452285,0.631,0.262,0,"T cells","C12orf75"
0,1.13587391441199,0.53,0.163,0,"T cells","HOPX"
0,1.97337274123368,0.55,0.184,0,"T cells","RORA"
0,1.6743602914778,0.62,0.259,0,"T cells","SPOCK2"
0,1.08223844973249,0.757,0.4,0,"T cells","ID2"
0,1.41477890376278,0.972,0.615,0,"T cells","HCST"
0,1.36170719522942,0.874,0.518,0,"T cells","PPP2R5C"
0,1.76200546327652,0.508,0.153,0,"T cells","SAMD3"
0,1.42232072581198,0.501,0.147,0,"T cells","KLRD1"
0,1.41430391839169,0.632,0.279,0,"T cells","LCK"
0,1.48643265298909,0.496,0.145,0,"T cells","FGFBP2"
0,1.28645111017823,0.769,0.423,0,"T cells","PLAAT4"
0,1.64764823884216,0.468,0.132,0,"T cells","MATK"
0,1.29839301754865,0.656,0.323,0,"T cells","LIME1"
0,1.09794239694134,0.825,0.494,0,"T cells","CD99"
0,2.18243624198819,0.417,0.09,0,"T cells","MYBL1"
0,1.31396512662382,0.758,0.434,0,"T cells","CD81"
0,1.42143866084501,0.796,0.473,0,"T cells","PIK3R1"
0,1.40029359129694,0.546,0.233,0,"T cells","SYNE1"
0,1.90526673579237,0.427,0.117,0,"T cells","PYHIN1"
0,1.55042868634636,0.495,0.189,0,"T cells","KLRK1"
0,1.58467038655694,0.457,0.155,0,"T cells","CD8B"
0,1.94904897436987,0.499,0.212,0,"T cells","CMC1"
0,1.19027815434604,0.715,0.434,0,"T cells","FYN"
0,1.02111604732914,0.961,0.691,0,"T cells","CD52"
0,0.94369467809382,0.982,0.724,0,"T cells","S100A4"
0,2.09568952685426,0.306,0.072,0,"T cells","TGFBR3"
0,1.85049335096847,0.279,0.051,0,"T cells","A2M-AS1"
0,0.896438373911375,0.974,0.791,0,"T cells","ZFP36L2"
0,0.624162921095822,1,0.852,0,"T cells","RPS3"
0,0.981043230155546,0.996,0.849,0,"T cells","CALM1"
0,0.723960798554732,1,0.935,0,"T cells","HLA-C"
0,0.521035464286576,1,0.951,0,"T cells","HLA-B"
0,0.697652175783996,0.997,0.958,0,"T cells","MT-CYB"
0,0.588705055134647,0.998,0.978,0,"T cells","MT-ATP6"
0,0.793525277718755,1,0.994,0,"T cells","B2M"
7.90505033345994e-323,0.510096886915677,0.998,0.934,2.89332747254967e-318,"T cells","HLA-A"
7.15061209226036e-319,0.683122812622266,0.981,0.81,2.61719553188821e-314,"T cells","RPL36AL"
7.28746827615839e-319,2.12520765859419,0.306,0.081,2.66728626375673e-314,"T cells","SH2D1A"
4.61469269604354e-317,0.447452951575564,0.999,0.983,1.68902367367889e-312,"T cells","MT-CO3"
1.79875876429565e-302,0.405923617739338,0.375,0.115,6.5836369531985e-298,"T cells","MAF"
4.88246984539324e-291,0.482137292336247,0.998,0.959,1.78703278811238e-286,"T cells","MT-CO1"
2.71838888907215e-290,0.832576386378136,0.529,0.222,9.94957517289296e-286,"T cells","GNLY"
4.89416837643205e-290,0.894959480462382,0.783,0.51,1.79131456745789e-285,"T cells","IL2RG"
1.58997636872713e-289,0.718216002386756,0.896,0.558,5.81947250717818e-285,"T cells","ETS1"
3.6271804470001e-288,0.620518407668191,0.994,0.887,1.32758431540651e-283,"T cells","MT-ND5"
5.84111509903523e-288,0.941981348370404,0.824,0.589,2.13790653739789e-283,"T cells","SRSF7"
3.78054440088705e-285,0.976247772689293,0.699,0.43,1.38371705616867e-280,"T cells","ABHD17A"
1.12272739292506e-279,1.33850960767035,0.529,0.239,4.10929453084503e-275,"T cells","SKAP1"
2.70164630301243e-277,0.404460138234405,0.998,0.984,9.88829563365578e-273,"T cells","MT-CO2"
2.0524507612187e-273,0.862141025580857,0.802,0.556,7.51217503113658e-269,"T cells","HLA-F"
1.67620577216872e-272,1.65095383706329,0.275,0.071,6.13508074671472e-268,"T cells","S1PR5"
5.12125459883299e-269,1.13016454255957,0.679,0.425,1.87443039571886e-264,"T cells","EMB"
1.27936341765754e-268,0.96736032294711,0.685,0.405,4.68259804496835e-264,"T cells","TNFAIP3"
1.28910095459003e-266,0.646010166394606,0.858,0.487,4.71823840389498e-262,"T cells","ANXA1"
1.65506227294364e-259,0.980519426737067,0.687,0.433,6.057693425201e-255,"T cells","CLEC2B"
1.94170942397119e-250,0.87037843295121,0.658,0.32,7.10685066267695e-246,"T cells","BCL11B"
3.8838614832917e-250,0.603599493185961,0.926,0.737,1.4215321414996e-245,"T cells","SEPTIN7"
1.33719319136227e-247,1.44908147254784,0.442,0.191,4.89426079970503e-243,"T cells","FKBP11"
1.90575411547366e-247,1.30334572444861,0.541,0.256,6.97525063804513e-243,"T cells","TRBC1"
2.30949379695867e-246,1.83526305672743,0.259,0.071,8.45297824624842e-242,"T cells","SH2D2A"
3.51988788296605e-246,0.733185010913145,0.82,0.498,1.28831416404441e-241,"T cells","PCED1B-AS1"
2.68011319341685e-242,1.62965642873103,0.358,0.134,9.80948229922502e-238,"T cells","TC2N"
2.3947710770221e-231,1.53856671728743,0.425,0.193,8.76510161900859e-227,"T cells","ZBTB38"
5.3525825526284e-231,1.80734901854845,0.316,0.111,1.95909874008752e-226,"T cells","CD6"
7.3467390566764e-229,1.11227945763614,0.595,0.328,2.68897996213413e-224,"T cells","CLEC2D"
1.44474485431347e-227,0.493334936590553,1,0.832,5.28791064127272e-223,"T cells","RPL23A"
1.60320313985953e-227,0.474642975454465,0.999,0.832,5.86788381219987e-223,"T cells","RPL14"
2.10903688827939e-226,0.779408562266582,0.447,0.191,7.71928591479141e-222,"T cells","SYTL3"
1.72543168317703e-225,0.691634803723284,0.924,0.721,6.31525250359624e-221,"T cells","HSP90AA1"
2.71425138102396e-225,0.374086107113671,0.984,0.837,9.9344314796858e-221,"T cells","MYL12A"
1.90167565582771e-222,0.496961473240806,1,0.839,6.96032306789501e-218,"T cells","RPL3"
8.04097361206512e-222,1.14642894640904,0.579,0.341,2.94307675175196e-217,"T cells","PAXX"
2.93648199765985e-216,1.37143581740393,0.404,0.172,1.07478177596348e-211,"T cells","CD96"
9.61241528321223e-215,0.67616750407758,0.572,0.284,3.51824011780851e-210,"T cells","CD247"
1.8036914573193e-213,1.26852781876461,0.386,0.159,6.60169110293438e-209,"T cells","STAT4"
3.60552237172137e-213,1.57320413780025,0.251,0.074,1.31965724327374e-208,"T cells","LAIR2"
1.32576192729549e-212,1.72714829860229,0.28,0.092,4.85242123009421e-208,"T cells","C1orf21"
1.18904250463798e-208,1.50478260098824,0.434,0.212,4.35201447122548e-204,"T cells","APOBEC3G"
2.99394681614505e-208,0.840087847436689,0.528,0.281,1.09581447417725e-203,"T cells","PARP8"
2.26128592975191e-206,1.33587480989466,0.426,0.194,8.27653263148497e-202,"T cells","PRKCH"
2.6409160276492e-205,1.19322523065222,0.489,0.261,9.66601675279885e-201,"T cells","DNAJB1"
3.10802723170987e-205,0.346978208993636,0.922,0.642,1.13756904707813e-200,"T cells","S100A10"
1.15382824908614e-203,1.74322167629929,0.36,0.156,4.22312677448017e-199,"T cells","TRG-AS1"
8.52460775091534e-203,1.305037494838,0.403,0.179,3.12009168291252e-198,"T cells","OPTN"
1.08567195993991e-201,0.611590691278572,0.939,0.722,3.97366794057605e-197,"T cells","CD48"
1.07065395204239e-200,0.456880220230232,1,0.857,3.91870052987034e-196,"T cells","RPS29"
5.55958167889577e-200,0.354895982350541,0.46,0.184,2.03486249029264e-195,"T cells","GZMB"
7.52795350366844e-197,0.728924394862105,0.756,0.554,2.75530626187769e-192,"T cells","GUK1"
8.15269346228884e-197,0.435987345299623,1,0.863,2.98396733413234e-192,"T cells","RPS15A"
3.92567525275084e-193,0.566536226823509,0.931,0.763,1.43683639925933e-188,"T cells","MYL12B"
4.73346722722683e-190,0.290363272242057,0.983,0.878,1.73249633983729e-185,"T cells","PTPRC"
6.08195268766928e-188,0.383402515271432,0.99,0.867,2.22605550321383e-183,"T cells","SH3BGRL3"
6.74793228817246e-188,1.3431054207868,0.431,0.209,2.469810696794e-183,"T cells","ITM2A"
8.58943167386112e-182,0.44450920443974,1,0.851,3.14381788694991e-177,"T cells","RPS19"
4.45014647737618e-181,0.777751013647565,0.676,0.4,1.62879811218446e-176,"T cells","GIMAP7"
2.09510719686507e-180,0.439719815458013,1,0.892,7.66830185124584e-176,"T cells","RPS27"
7.53456094632177e-179,0.606846358439881,0.823,0.611,2.75772465196323e-174,"T cells","PPIB"
1.54406063453628e-175,1.36193723160034,0.396,0.189,5.65141632846625e-171,"T cells","RASGRP1"
1.14066150030678e-174,0.393497074989782,1,0.91,4.17493515727283e-170,"T cells","RPL41"
2.89816948900532e-173,0.394225144939621,0.601,0.342,1.06075901467084e-168,"T cells","CD69"
2.59063611720096e-170,0.344527681543397,0.997,0.965,9.48198725256725e-166,"T cells","MT-ND4"
9.48059846339917e-168,0.483916305506722,0.843,0.585,3.46999384358873e-163,"T cells","CRIP1"
1.25862692374928e-167,1.16187185019603,0.403,0.196,4.60670040361476e-163,"T cells","PTPN4"
1.96782825851443e-166,1.14587560183494,0.439,0.223,7.20244820898866e-162,"T cells","IKZF3"
3.40555021021122e-161,0.676546655478778,0.723,0.52,1.24646543243941e-156,"T cells","FAM107B"
1.39881897222205e-159,1.04552850379864,0.461,0.256,5.11981732022993e-155,"T cells","RNF125"
9.94537330909188e-156,1.54701602632857,0.257,0.096,3.64010608486072e-151,"T cells","NCR3"
1.5433415147797e-155,0.507914727340507,0.475,0.26,5.64878427824518e-151,"T cells","GPR65"
1.90650679541463e-155,0.269103254055238,0.929,0.759,6.97800552189707e-151,"T cells","CXCR4"
8.64132413293322e-155,1.08337377144459,0.447,0.248,3.16281104589489e-150,"T cells","LINC00623"
1.68458429923995e-153,0.40315844055856,0.999,0.848,6.16574699364814e-149,"T cells","RPL17"
1.83885043719475e-153,0.463939276640588,0.983,0.843,6.73037648517651e-149,"T cells","PFN1"
1.98734095389426e-152,0.80334355057059,0.612,0.433,7.2738666253484e-148,"T cells","TERF2IP"
3.70677901328352e-152,0.53637357118663,0.882,0.699,1.3567181866519e-147,"T cells","TLE5"
4.09734210088695e-152,0.88941005471441,0.557,0.37,1.49966818234563e-147,"T cells","CNOT6L"
1.22672185793236e-151,0.958138101815203,0.554,0.372,4.48992467221823e-147,"T cells","YWHAQ"
3.15513112838537e-151,0.411798792729549,0.969,0.756,1.15480954430033e-146,"T cells","KLF2"
4.35099911665347e-150,0.43881734149724,0.969,0.795,1.59250918668634e-145,"T cells","SRP14"
1.33716938858453e-149,1.2690006232601,0.364,0.181,4.89417367915824e-145,"T cells","P2RY8"
8.51196787203391e-149,0.956382291103037,0.484,0.273,3.11546536084313e-144,"T cells","SLFN5"
6.54783512588545e-147,0.466219215347618,0.709,0.48,2.39657313442533e-142,"T cells","FLNA"
5.27673660538e-146,0.35012595216047,0.999,0.884,1.93133836493513e-141,"T cells","RPS14"
5.11641032720726e-145,0.382016989639931,1,0.872,1.87265734386113e-140,"T cells","RPS27A"
3.51166921311848e-142,0.84748044449676,0.558,0.356,1.28530604869349e-137,"T cells","MGAT4A"
7.57686681415104e-141,0.421340764604373,0.967,0.819,2.77320902264742e-136,"T cells","TMA7"
7.71292637571434e-139,0.362501239116948,0.998,0.943,2.82300818277521e-134,"T cells","MT-ND3"
4.93070158709941e-138,1.0883275276751,0.359,0.181,1.80468608789425e-133,"T cells","APMAP"
4.57312031511495e-136,0.362579898825376,1,0.877,1.67380776653522e-131,"T cells","RPL28"
6.50778809720464e-136,0.954834614448074,0.515,0.332,2.38191552145787e-131,"T cells","DSTN"
1.33386260327206e-135,0.382576917343886,1,0.845,4.88207051423606e-131,"T cells","RPS7"
1.11334708759359e-134,0.40560160422041,0.636,0.46,4.07496167530129e-130,"T cells","SELENOK"
1.12170049958909e-134,0.860404736815843,0.535,0.34,4.10553599854604e-130,"T cells","MT2A"
6.48619778908349e-134,0.406282624240899,0.976,0.791,2.37401325278245e-129,"T cells","TOMM7"
7.85969278340659e-133,0.828027461362339,0.631,0.455,2.87672615565465e-128,"T cells","ITGA4"
8.4810208585388e-131,0.801416671102028,0.358,0.178,3.10413844443379e-126,"T cells","LAT"
3.97556271091706e-130,0.391062612566697,0.998,0.82,1.45509570782275e-125,"T cells","RPL35"
2.0656478798344e-127,1.50363166625846,0.343,0.186,7.56047780498189e-123,"T cells","PHACTR2"
9.80648329947098e-127,0.422725005840155,0.839,0.668,3.58927095243937e-122,"T cells","SSR4"
1.20020015957354e-126,0.394329737714759,0.986,0.821,4.39285260405511e-122,"T cells","EEF1D"
4.1022864101018e-126,0.840057934005999,0.521,0.347,1.50147784896136e-121,"T cells","DYNLT1"
6.9247149669117e-125,1.15563617171158,0.293,0.135,2.53451492503935e-120,"T cells","PDE4D"
2.03791663855778e-122,0.93861915183326,0.552,0.39,7.45897868878534e-118,"T cells","ITGB1"
3.28170887665565e-122,0.517911311421485,0.854,0.692,1.20113826594474e-117,"T cells","MIF"
1.17207262845561e-121,0.810149303316936,0.417,0.228,4.28990302741037e-117,"T cells","IFITM1"
2.14883686239646e-121,0.426314633382047,0.727,0.516,7.86495780005727e-117,"T cells","ISG20"
3.95099965674007e-120,0.567646901233245,0.785,0.633,1.44610538436343e-115,"T cells","SSR2"
5.00978454153719e-120,0.35028624758131,0.671,0.469,1.83363124004803e-115,"T cells","AAK1"
7.37746170529903e-119,0.321798448022212,0.991,0.893,2.7002247587565e-114,"T cells","BTG1"
1.64262893716225e-118,0.321681571224603,1,0.869,6.01218617290754e-114,"T cells","RPS12"
1.72680638405311e-118,0.358147510725406,1,0.883,6.32028404627277e-114,"T cells","RPL10"
3.60801994852834e-118,0.653286756465316,0.698,0.555,1.32057138136086e-113,"T cells","KRTCAP2"
6.14960108051315e-117,0.855984846700302,0.449,0.267,2.25081549147862e-112,"T cells","CEMIP2"
9.06890238553669e-117,0.434001568152043,0.912,0.726,3.31930896213029e-112,"T cells","NOP53"
2.54780485761932e-116,0.514202339226351,0.699,0.538,9.32522055937249e-112,"T cells","PSMB9"
3.96988825599825e-116,0.723035323048318,0.555,0.368,1.45301880057792e-111,"T cells","GIMAP4"
5.83972718749205e-116,0.318362173533767,0.973,0.842,2.13739854789396e-111,"T cells","UBC"
1.16106465299843e-115,1.0856798621396,0.382,0.218,4.24961273643954e-111,"T cells","CCSER2"
2.33717443273704e-115,0.592688269381982,0.709,0.556,8.55429214126083e-111,"T cells","SOD1"
4.60000657208106e-115,1.56374195120742,0.256,0.118,1.68364840544739e-110,"T cells","MRPL10"
9.5707499011178e-114,0.580254297738911,0.578,0.416,3.50299017130813e-109,"T cells","PIP4K2A"
2.29606893867201e-113,0.529987939350705,0.731,0.537,8.40384192243343e-109,"T cells","C12orf57"
2.34995753211038e-113,0.54632401275473,0.818,0.662,8.60107956327721e-109,"T cells","SNRPD2"
8.89197564473053e-113,0.469207203299238,0.844,0.683,3.25455200572782e-108,"T cells","PSME1"
1.08221284237513e-112,1.24972095521665,0.303,0.152,3.9610072243772e-108,"T cells","CBLB"
1.02135883132747e-111,1.01390285459344,0.425,0.265,3.73827545854167e-107,"T cells","ARPC5L"
4.66601543629228e-111,0.970038010445071,0.361,0.201,1.70780830983734e-106,"T cells","ITGAL"
1.3909477894759e-110,1.31190179931716,0.357,0.209,5.09100800426074e-106,"T cells","CCDC107"
2.70355811495881e-110,0.485291215313416,0.795,0.654,9.89529305656075e-106,"T cells","ARL6IP5"
3.02363391980548e-110,0.632748158343162,0.7,0.553,1.106680250988e-105,"T cells","ATP5IF1"
3.33361345825602e-110,0.458894903498641,0.876,0.734,1.22013586185629e-105,"T cells","HNRNPDL"
1.69189725364371e-109,0.776547461639346,0.581,0.423,6.19251313806135e-105,"T cells","HIST1H1E"
1.50336934033087e-108,1.40131117084989,0.263,0.126,5.50248212254502e-104,"T cells","GTF3C1"
9.56169594925998e-107,0.258598681512388,0.916,0.76,3.49967633438864e-102,"T cells","UBB"
1.96295899749686e-106,0.517144215296321,0.792,0.632,7.18462622673824e-102,"T cells","MZT2B"
3.31295173100563e-106,0.604158377148927,0.655,0.48,1.21257346306537e-101,"T cells","LEPROTL1"
3.91893202514009e-106,0.643789888903752,0.633,0.492,1.43436831052152e-101,"T cells","DDX24"
4.11792190849163e-104,0.415596983389332,0.962,0.78,1.50720059772702e-99,"T cells","PPIA"
2.097048342939e-103,0.518015138431903,0.597,0.441,7.67540663999103e-99,"T cells","KLF3"
2.61357850065815e-103,0.311799389849848,0.314,0.158,9.56595867025888e-99,"T cells","ERN1"
2.87903653109625e-103,0.340665670263818,1,0.841,1.05375616074654e-98,"T cells","RPL7A"
3.61915878875564e-103,0.606332954071289,0.728,0.593,1.32464830827245e-98,"T cells","GTF3A"
1.3119946981803e-102,0.896876547336511,0.403,0.247,4.80203179480973e-98,"T cells","RNF19A"
1.00291678645485e-101,0.290414634574688,0.675,0.5,3.67077573010341e-97,"T cells","BIN2"
1.35623637743656e-101,0.692161095682941,0.413,0.256,4.96396076505556e-97,"T cells","EML4"
1.57898485605045e-101,0.416649642519067,0.903,0.727,5.77924247163026e-97,"T cells","CHCHD2"
2.57467440970247e-101,0.564882519981531,0.753,0.595,9.42356580695202e-97,"T cells","HSPA8"
6.56056027780561e-101,0.324948208205584,1,0.849,2.40123066727963e-96,"T cells","RPS4X"
1.44589426860869e-100,0.411304536290004,0.531,0.327,5.29211761253466e-96,"T cells","CD7"
4.80028794950433e-100,0.340809784489595,1,0.839,1.75695339239808e-95,"T cells","RPL6"
3.3950444047058e-99,0.90969312388947,0.306,0.16,1.24262020256637e-94,"T cells","CHST12"
3.60981100763544e-99,0.369513927537687,0.748,0.618,1.32122692690465e-94,"T cells","CDC42SE2"
7.53896017898636e-98,0.642668860750225,0.283,0.144,2.7593348151108e-93,"T cells","STOM"
2.69373647657868e-97,1.34261429271293,0.28,0.146,9.85934487792563e-93,"T cells","RAB9A"
1.26715808432559e-96,0.303382954201903,0.867,0.691,4.63792530444008e-92,"T cells","EMP3"
1.99056856444905e-95,0.311307275061749,0.97,0.863,7.28568000273996e-91,"T cells","MTRNR2L12"
2.0539101057625e-92,0.666837311715533,0.507,0.351,7.51751637810133e-88,"T cells","CTSC"
2.19736407562081e-92,1.1494743707088,0.331,0.195,8.04257225317974e-88,"T cells","MT1X"
5.59948792308756e-92,0.42822853088459,0.256,0.114,2.04946857472928e-87,"T cells","IL2RB"
1.34889378011513e-91,0.30688281464731,1,0.824,4.9370861245994e-87,"T cells","RPS21"
2.76985318180677e-91,0.851018405336759,0.462,0.326,1.01379396307309e-86,"T cells","BUB3"
1.67859779417532e-89,0.976988643494865,0.338,0.197,6.14383578646108e-85,"T cells","PITPNC1"
2.3981753735238e-89,0.276829378399412,1,0.876,8.77756168463444e-85,"T cells","RPL30"
4.41221379246729e-89,1.0230445789515,0.314,0.179,1.61491437018095e-84,"T cells","PTPN22"
2.23650811095046e-88,0.587205333160407,0.613,0.457,8.18584333688979e-84,"T cells","GYPC"
6.82089359469388e-88,0.459121778339911,0.795,0.65,2.49651526459391e-83,"T cells","COX7A2"
1.6871751757127e-87,0.550851730321552,0.635,0.511,6.17522986062604e-83,"T cells","PPDPF"
4.60193894075861e-87,0.594072204541868,0.595,0.467,1.68435567170706e-82,"T cells","NDUFB7"
6.15667766427466e-87,1.09343952202716,0.405,0.278,2.25340559190117e-82,"T cells","SSBP4"
1.15340370761173e-86,0.651582874745631,0.613,0.473,4.22157291022969e-82,"T cells","CALR"
3.86961042670098e-86,1.08514725119921,0.303,0.17,1.41631611227683e-81,"T cells","ODF2L"
2.06352539298019e-85,0.448267401613238,0.785,0.654,7.5527092908468e-81,"T cells","TRIR"
2.91100731950524e-85,0.54437556800239,0.618,0.487,1.06545778901211e-80,"T cells","SPCS2"
5.26410441038106e-84,0.509285204859269,0.648,0.51,1.92671485524357e-79,"T cells","SEC61G"
4.91414975708612e-82,0.271484285844255,0.999,0.848,1.79862795259109e-77,"T cells","RPS25"
9.54834021616193e-82,0.528330491485086,0.351,0.215,3.49478800251743e-77,"T cells","CYTOR"
1.09583579388746e-81,0.562214100453295,0.581,0.424,4.01086858920751e-77,"T cells","DDIT4"
1.51309744313055e-80,0.442088947486346,0.799,0.668,5.53808795160212e-76,"T cells","EDF1"
1.24428245798524e-79,0.286828492080172,0.719,0.546,4.55419822447178e-75,"T cells","HSP90B1"
5.16589486909335e-79,0.537961100899299,0.564,0.418,1.89076918103686e-74,"T cells","EZR"
1.4185253540125e-78,0.475471754942233,0.708,0.575,5.19194464822116e-74,"T cells","ATP5MD"
5.26794957745076e-78,0.738211534919665,0.5,0.379,1.92812222484275e-73,"T cells","MED10"
7.1152328430132e-78,0.297693100776977,0.65,0.527,2.60424637287126e-73,"T cells","PDCD4"
1.7114736904079e-76,0.305253620669624,0.998,0.812,6.26416485426196e-72,"T cells","RPSA"
6.70610325370869e-76,0.339973229759145,0.952,0.78,2.45450085188992e-71,"T cells","UQCRB"
1.65087913524532e-75,0.533269894034134,0.605,0.465,6.04238272291138e-71,"T cells","EVL"
3.98921048507061e-75,0.691383987945233,0.508,0.385,1.4600909296407e-70,"T cells","SELENOW"
2.10849403695314e-74,0.590611733688508,0.504,0.372,7.71729902465218e-70,"T cells","LY6E"
2.26788431399524e-74,0.316288522768746,1,0.838,8.30068337765397e-70,"T cells","RPL26"
2.04363796339389e-73,1.16611166308812,0.297,0.181,7.47991930981798e-69,"T cells","DNAJC1"
3.43940976891674e-73,0.727179698479662,0.471,0.349,1.25885836952122e-68,"T cells","SBDS"
3.53715203385909e-73,0.501447794026816,0.521,0.401,1.29463301591277e-68,"T cells","CDKN1B"
4.35119261481497e-73,0.528059795178745,0.605,0.482,1.59258000894843e-68,"T cells","PDIA3"
5.24817282069055e-73,0.571611349783506,0.566,0.457,1.92088373410095e-68,"T cells","C9orf78"
1.11943951183766e-72,0.422023272658657,0.738,0.623,4.09726055727702e-68,"T cells","SAP18"
3.61611302148498e-71,0.426829225169666,0.636,0.523,1.32353352699372e-66,"T cells","TMEM59"
4.90711218494156e-71,0.848652273437792,0.303,0.184,1.79605213081046e-66,"T cells","ATP2B4"
8.97876712152717e-71,0.935150127527566,0.302,0.181,3.28631855415016e-66,"T cells","RASAL3"
1.98639516130095e-70,0.889452456853846,0.394,0.279,7.27040492987762e-66,"T cells","BCL7C"
2.32471725798166e-70,0.321795231649605,0.882,0.748,8.50869763593868e-66,"T cells","CIRBP"
4.42407885893042e-70,0.449145193784208,0.744,0.625,1.61925710315712e-65,"T cells","APRT"
1.25239730782707e-69,0.380649875625064,0.753,0.597,4.58389938637784e-65,"T cells","EID1"
1.54192345296204e-69,0.437357478015234,0.698,0.578,5.64359403018637e-65,"T cells","PTGES3"
2.70716879304668e-69,0.34832425870535,0.652,0.542,9.90850849943015e-65,"T cells","VAMP2"
7.35173978961304e-69,0.275211671181901,0.999,0.832,2.69081028039627e-64,"T cells","RPL36"
9.39482286562613e-69,0.737809009279588,0.412,0.271,3.43859911704782e-64,"T cells","LBH"
2.6240382573012e-68,0.839907600555743,0.425,0.312,9.60424242554811e-64,"T cells","MGST3"
4.28422872049343e-68,0.551742495836319,0.602,0.498,1.5680705539878e-63,"T cells","RPS27L"
6.44966651108039e-68,0.760043082652742,0.409,0.29,2.36064243972053e-63,"T cells","SEC11C"
8.20623677152597e-68,0.63117988490953,0.532,0.403,3.00356472074622e-63,"T cells","SLC38A1"
1.22482863315538e-67,0.45937029003516,0.698,0.589,4.482995280212e-63,"T cells","NUCKS1"
2.2638573000745e-67,0.311782169463492,0.915,0.753,8.28594410400267e-63,"T cells","RPS26"
3.09351430938463e-67,0.393438632899967,0.826,0.685,1.13225717237787e-62,"T cells","NCL"
6.27614806815089e-67,1.02139161315885,0.269,0.155,2.29713295442391e-62,"T cells","ARAP2"
9.66775477192993e-67,0.391515234499753,0.544,0.398,3.53849492407407e-62,"T cells","STK17A"
1.38467196180379e-66,0.376535104994952,0.726,0.604,5.06803784739806e-62,"T cells","NDUFA1"
3.42105654480995e-66,0.629842151808115,0.342,0.218,1.25214090596589e-61,"T cells","PBXIP1"
3.87178605494235e-66,0.617172242387408,0.519,0.413,1.41711241396945e-61,"T cells","ARL6IP1"
2.8250171647239e-65,0.286255610276114,1,0.845,1.0339845324606e-60,"T cells","RPS15"
1.1458530509069e-64,0.685355315606085,0.522,0.417,4.19393675162434e-60,"T cells","HSPE1"
1.05302508438018e-63,0.262962457643867,0.871,0.729,3.85417711133991e-59,"T cells","SUB1"
2.23930532721543e-63,0.274325739369648,1,0.851,8.19608142814118e-59,"T cells","RPS18"
1.2964134212262e-61,0.305811650470264,0.826,0.685,4.74500276303e-57,"T cells","NDUFA4"
3.80600318188999e-61,0.349059240391487,0.705,0.554,1.39303522460356e-56,"T cells","CAST"
1.80785269164295e-60,0.55599066113159,0.569,0.472,6.61692163668237e-56,"T cells","GSTK1"
5.12919125651592e-60,0.350547430137541,0.536,0.416,1.87733529179739e-55,"T cells","HSPA5"
8.45857641612611e-60,0.267958058733971,0.829,0.716,3.09592355406632e-55,"T cells","SKP1"
1.21807864224317e-59,0.844050474495648,0.327,0.216,4.45828963847424e-55,"T cells","CCDC88C"
2.59095987672684e-59,0.808890632089466,0.282,0.166,9.48317224480791e-55,"T cells","ITK"
3.28534485099115e-59,0.270600054927121,0.997,0.814,1.20246906891127e-54,"T cells","RPL36A"
3.34164586866721e-59,0.265874894099938,1,0.851,1.22307580439088e-54,"T cells","RPS24"
7.37609483010407e-59,0.313790252299098,0.873,0.727,2.69972446876639e-54,"T cells","SNHG6"
1.74460842295591e-58,0.504881801220603,0.628,0.533,6.38544128886093e-54,"T cells","NDUFB8"
5.67189009173224e-58,0.765483434540687,0.351,0.241,2.07596849247492e-53,"T cells","ZBTB1"
6.08951035086956e-57,0.264879069755802,0.468,0.353,2.22882168352177e-52,"T cells","AKNA"
6.35357541601543e-57,0.702257835969797,0.421,0.31,2.32547213801581e-52,"T cells","IL10RA"
3.77760494382116e-56,0.634356034275758,0.532,0.44,1.38264118548798e-51,"T cells","RWDD1"
5.08281663529661e-56,1.02471218380388,0.265,0.161,1.86036171668491e-51,"T cells","ANXA2R"
5.67943534595887e-56,0.44773542444534,0.392,0.279,2.07873013097441e-51,"T cells","SLC9A3R1"
6.72671292990459e-56,0.563920968250898,0.302,0.192,2.46204419947438e-51,"T cells","AL627171.2"
1.02947467558237e-55,0.310202649434865,0.698,0.56,3.76798026009903e-51,"T cells","DBI"
1.41946617983404e-55,0.531299159690061,0.547,0.441,5.19538816481057e-51,"T cells","LDHA"
2.1856003170056e-55,0.365618480112312,0.48,0.368,7.99951572027219e-51,"T cells","DHRS7"
2.39728935115854e-55,0.68953685369417,0.433,0.331,8.77431875417536e-51,"T cells","ANP32E"
6.32001691875713e-55,0.731230448481418,0.264,0.162,2.3131893924343e-50,"T cells","CREM"
1.89696764652623e-54,0.29400174547301,0.629,0.538,6.94309128305066e-50,"T cells","C9orf16"
3.18109909768841e-54,0.485543653913915,0.598,0.501,1.16431408074493e-49,"T cells","COPS9"
4.67630757543384e-54,0.344167248660025,0.741,0.632,1.71157533568454e-49,"T cells","SRRM1"
9.37644919368264e-54,0.692890302554144,0.343,0.236,3.43187416937978e-49,"T cells","MLLT6"
9.64940352590971e-54,0.689188666581122,0.436,0.334,3.53177818451821e-49,"T cells","ANXA6"
1.05441973301663e-53,0.943200394987963,0.276,0.171,3.85928166481417e-49,"T cells","PLEKHA1"
3.64800722239891e-53,0.534049144978385,0.547,0.456,1.33520712347022e-48,"T cells","NDUFB10"
4.54710671867863e-53,0.762322818476096,0.367,0.263,1.66428653010356e-48,"T cells","VAMP5"
6.05227540367305e-53,0.755046987692953,0.261,0.158,2.21519332049837e-48,"T cells","C5orf56"
6.85097070713965e-53,0.707019077852077,0.431,0.328,2.50752378852018e-48,"T cells","PRDX2"
7.85277117576568e-53,0.466216532074538,0.589,0.495,2.874192778042e-48,"T cells","DNAJC8"
1.23602108303063e-52,0.280889866424533,0.662,0.555,4.52396076600039e-48,"T cells","SPCS1"
4.56524795116603e-52,0.818494798872584,0.346,0.247,1.67092640260628e-47,"T cells","SIGIRR"
8.99641416951061e-52,0.94039477230944,0.318,0.22,3.29277755018258e-47,"T cells","CLDND1"
1.86819324711038e-51,0.349856501154146,0.729,0.605,6.8377741037487e-47,"T cells","PSMA7"
3.67748966775305e-51,0.473026188461815,0.602,0.5,1.34599799329429e-46,"T cells","PEBP1"
4.31381636155121e-51,0.690798887906874,0.379,0.275,1.57889992649136e-46,"T cells","CAPN2"
7.08395968205901e-51,0.351442373886352,0.738,0.622,2.59280008323042e-46,"T cells","NDUFA13"
1.0172252713673e-50,0.534929493770381,0.429,0.326,3.72314621573147e-46,"T cells","SUN2"
1.26908410292724e-50,0.594887750629412,0.395,0.289,4.64497472512397e-46,"T cells","TBC1D10C"
1.82584617794305e-50,0.446565462209022,0.558,0.473,6.68277959588937e-46,"T cells","RABAC1"
3.88365351526212e-50,0.662029647197541,0.315,0.211,1.42145602312109e-45,"T cells","CCND2"
1.26860234453255e-49,0.378677298799146,0.665,0.559,4.64321144122357e-45,"T cells","COX6A1"
1.36877872952834e-49,0.502623177464157,0.354,0.246,5.00986702794666e-45,"T cells","BTN3A2"
3.89479496678598e-49,0.42335159825772,0.576,0.486,1.42553390579334e-44,"T cells","SRSF2"
4.72037886222317e-49,0.339779652291868,0.255,0.156,1.7277058673623e-44,"T cells","PTPN7"
9.45123421944517e-49,0.363951852543904,0.667,0.565,3.45924623665913e-44,"T cells","TMEM258"
1.34132767151962e-48,0.2756775251838,1,0.851,4.90939341052896e-44,"T cells","RPS2"
9.07997731828101e-48,0.817516088010036,0.33,0.237,3.32336249826403e-43,"T cells","BCAS2"
1.07024682311855e-47,0.648303118141601,0.392,0.291,3.9172103972962e-43,"T cells","SPN"
1.14577316913734e-47,0.407164765103786,0.638,0.536,4.19364437635958e-43,"T cells","NDUFB2"
3.76051475595615e-47,0.503996729573417,0.439,0.351,1.37638600582751e-42,"T cells","SRI"
4.39332424341318e-46,0.797317220558995,0.349,0.261,1.60800060633166e-41,"T cells","SS18L2"
4.59978008020858e-46,0.666253935203481,0.351,0.257,1.68356550715714e-41,"T cells","SPTAN1"
4.77357612301273e-46,0.305584025394041,0.666,0.556,1.74717659678389e-41,"T cells","DEK"
4.92242666450977e-46,0.477210714269129,0.547,0.467,1.80165738347722e-41,"T cells","UBE2V1"
6.46326674780844e-46,0.81177224532599,0.299,0.208,2.36562026236537e-41,"T cells","CRYBG1"
6.77597428940713e-46,0.39352129000643,0.585,0.479,2.4800743496659e-41,"T cells","PSME2"
7.99858218031552e-46,0.827601432727064,0.348,0.26,2.92756106381729e-41,"T cells","POLR2K"
2.04431462578407e-45,0.736836279906025,0.412,0.33,7.48239596183226e-41,"T cells","TOMM5"
2.26151028297907e-45,0.407114246280579,0.611,0.535,8.27735378673169e-41,"T cells","KRT10"
3.16227216660102e-45,0.374993625218646,0.55,0.468,1.15742323569764e-40,"T cells","CD47"
3.69100189160209e-45,0.673708086331181,0.369,0.275,1.35094360234528e-40,"T cells","NSMCE3"
5.29402603285938e-45,0.367899070745224,0.573,0.481,1.93766646828686e-40,"T cells","PSMB8"
9.81991602265716e-45,0.378878379899759,0.662,0.571,3.59418746345275e-40,"T cells","RAN"
1.06982360587135e-44,0.414839871656058,0.274,0.18,3.91566137984972e-40,"T cells","EHD1"
5.46792329304596e-44,0.758750771261276,0.302,0.212,2.00131460448775e-39,"T cells","NCOA7"
1.20451052452083e-43,0.309449046402556,0.667,0.573,4.40862897079867e-39,"T cells","PSMB1"
6.79930520079311e-43,0.569288823146016,0.425,0.34,2.48861369654228e-38,"T cells","POLR3GL"
7.18090022526007e-43,0.637319482437425,0.351,0.261,2.62828129144744e-38,"T cells","S1PR4"
7.44216412945487e-43,0.68821457990337,0.259,0.169,2.72390649302178e-38,"T cells","RAB29"
1.05446292573915e-42,0.864387101474389,0.333,0.244,3.85943975449787e-38,"T cells","CFAP97"
1.35299425798962e-42,0.383594079000038,0.547,0.465,4.9520942836678e-38,"T cells","PPP1CA"
1.42571444061754e-42,0.312642863021524,0.757,0.648,5.21825742410426e-38,"T cells","COX6C"
1.35823581362832e-41,0.4322994389608,0.528,0.44,4.97127890146102e-37,"T cells","NDUFC2"
5.28031338879742e-41,0.287082316544093,0.572,0.484,1.93264750343374e-36,"T cells","BZW1"
2.26176243009609e-40,0.659353929682222,0.365,0.282,8.27827667039471e-36,"T cells","SLC3A2"
2.32155278390033e-40,0.450038506687865,0.357,0.272,8.4971153443536e-36,"T cells","RNF166"
2.61881205288137e-40,0.329194244203414,0.58,0.502,9.58511399475111e-36,"T cells","ISCU"
3.58875919938955e-40,0.318796092740466,0.601,0.526,1.31352175456857e-35,"T cells","NEDD8"
3.77279724691315e-40,0.497663786183656,0.535,0.462,1.38088152034268e-35,"T cells","UFC1"
7.23662628852896e-40,0.681169952415535,0.296,0.211,2.64867758786448e-35,"T cells","NCK1"
5.95390107405303e-39,0.601254978220741,0.44,0.366,2.17918733211415e-34,"T cells","URI1"
1.62667911422641e-38,0.64413706403733,0.322,0.235,5.95380822598008e-34,"T cells","SEPTIN1"
2.09386225826543e-38,0.448923906550482,0.431,0.344,7.6637452514773e-34,"T cells","ACAP1"
2.57218018435446e-38,0.421549041585517,0.492,0.428,9.41443669275575e-34,"T cells","SUMO1"
3.75738485411923e-38,0.314982835609964,0.532,0.465,1.37524043045618e-33,"T cells","CCDC85B"
5.93483912487065e-38,0.494270946472823,0.509,0.44,2.17221046809391e-33,"T cells","SNRPB2"
7.16698436810481e-38,0.760887290149272,0.331,0.255,2.62318794857004e-33,"T cells","EMC7"
4.35646218098696e-37,0.379649319911547,0.618,0.548,1.59450872286304e-32,"T cells","C19orf53"
5.5710065419804e-37,0.389783388048597,0.371,0.278,2.03904410443025e-32,"T cells","AC245297.3"
6.561634396726e-37,0.755799229323958,0.304,0.226,2.40162380554568e-32,"T cells","MFSD10"
7.81463167182558e-37,0.608056962150151,0.276,0.184,2.86023333820488e-32,"T cells","GIMAP5"
1.46216260739718e-36,0.33617372505248,0.67,0.581,5.35166135933443e-32,"T cells","ARL6IP4"
2.62856033541501e-36,0.584343362963753,0.453,0.389,9.62079368365248e-32,"T cells","PSMC5"
4.11489831342093e-36,0.526842564636596,0.361,0.279,1.5060939316952e-31,"T cells","SYNRG"
4.19900436277773e-36,0.457402016438417,0.517,0.45,1.53687758682028e-31,"T cells","CIB1"
4.23590904870786e-36,0.392476278123569,0.429,0.349,1.55038507091757e-31,"T cells","PTPRA"
7.36706586484309e-36,0.421427553306369,0.434,0.365,2.69641977719122e-31,"T cells","NDUFA5"
8.9347716103554e-36,0.340425931276642,0.461,0.386,3.27021575710618e-31,"T cells","ARHGEF1"
2.79138817716154e-35,0.301267741732489,0.6,0.531,1.02167598672289e-30,"T cells","JTB"
2.95601266927993e-35,0.571856934500491,0.319,0.241,1.08193019708315e-30,"T cells","RNF115"
7.28206766191827e-35,0.406083031037058,0.501,0.435,2.66530958493871e-30,"T cells","EAPP"
7.85092062712248e-35,0.510246958620834,0.489,0.408,2.8735154587331e-30,"T cells","HIST1H1D"
1.03798933421246e-34,0.520962614808088,0.417,0.351,3.79914476215104e-30,"T cells","STUB1"
3.87119267703121e-34,0.384052588162303,0.412,0.324,1.41689523172019e-29,"T cells","SNRPN"
1.05498546744912e-33,0.336599743211588,0.561,0.488,3.86135230941052e-29,"T cells","SNRPB"
1.08327518727035e-33,0.273475304764774,0.675,0.586,3.9648955129282e-29,"T cells","UQCR10"
1.33312926142623e-33,0.372464581016553,0.353,0.274,4.87938640974614e-29,"T cells","DGKZ"
3.7260522754201e-33,0.538922441644967,0.382,0.297,1.36377239332651e-28,"T cells","OCIAD2"
3.80810198654092e-33,0.573067003615321,0.403,0.336,1.39380340809384e-28,"T cells","MEAF6"
3.94271382723375e-33,0.841987909950257,0.287,0.214,1.44307268790582e-28,"T cells","TTC39C"
4.59131265867912e-33,0.507182848287214,0.428,0.359,1.68046634620314e-28,"T cells","CYCS"
5.27976111590173e-33,0.491398055168167,0.448,0.382,1.93244536603119e-28,"T cells","SCP2"
6.70742694543899e-33,0.417429976415206,0.509,0.451,2.45498533630013e-28,"T cells","NDUFA3"
7.69040621088041e-33,0.282334732024199,0.562,0.478,2.81476557724434e-28,"T cells","POMP"
1.35395736475672e-32,0.673380470842609,0.266,0.183,4.95561935074608e-28,"T cells","LINC01138"
1.97601846724823e-32,0.551270667607842,0.39,0.323,7.23242519197523e-28,"T cells","MED4"
2.68020866527698e-32,0.532086740539166,0.285,0.21,9.80983173578028e-28,"T cells","ORAI1"
5.28276706030888e-32,0.487637379821664,0.363,0.286,1.93354557174365e-27,"T cells","MYO1G"
5.87755661715369e-32,0.741384511853229,0.306,0.233,2.15124449744442e-27,"T cells","BLOC1S4"
7.81340362335291e-32,0.422255946901531,0.416,0.334,2.8597838601834e-27,"T cells","C1orf56"
8.99437704694921e-32,0.346120676625251,0.566,0.509,3.29203194295388e-27,"T cells","SSBP1"
1.18964963723027e-31,0.384905984956142,0.517,0.457,4.35423663722651e-27,"T cells","SF3B6"
1.2323820265002e-31,0.329888830948277,0.614,0.548,4.51064145519339e-27,"T cells","HNRNPM"
1.27809834908505e-31,0.542954211097833,0.431,0.373,4.67796776748621e-27,"T cells","REX1BD"
1.34738316355372e-31,0.379494885526612,0.5,0.435,4.93155711692298e-27,"T cells","UBE2L3"
1.55088936529982e-31,0.508010778488534,0.257,0.182,5.67641016593387e-27,"T cells","HERPUD2"
1.84624317432456e-31,0.38150759782363,0.544,0.488,6.75743464234533e-27,"T cells","SNU13"
2.01132327795057e-31,0.438499355021324,0.489,0.427,7.36164432962689e-27,"T cells","SNRPG"
5.1984041743152e-31,0.703988744261761,0.268,0.198,1.90266791184111e-26,"T cells","SPSB3"
7.08301234245234e-31,0.357533738445764,0.346,0.271,2.59245334746098e-26,"T cells","CASP8"
1.36264694332768e-30,0.272020486269861,0.792,0.678,4.98742407727365e-26,"T cells","EIF3F"
2.61799254205063e-30,0.797456886631068,0.3,0.232,9.58211450315952e-26,"T cells","RNF126"
2.75544452517924e-30,0.359615365412141,0.604,0.539,1.00852025066086e-25,"T cells","TBCA"
5.892600988551e-30,0.389639896225772,0.541,0.485,2.15675088781955e-25,"T cells","HNRNPR"
5.90296202090714e-30,0.690756539072399,0.349,0.285,2.16054312927222e-25,"T cells","IMP3"
7.08292155666486e-30,0.531547407164008,0.417,0.358,2.5924201189549e-25,"T cells","CCDC12"
2.21939898004905e-29,0.462368596151165,0.48,0.415,8.12322220687752e-25,"T cells","MZT2A"
2.38918128982955e-29,0.556874670321016,0.407,0.352,8.74464243890514e-25,"T cells","TMEM160"
2.78113747991365e-29,0.433279935893478,0.483,0.424,1.0179241290232e-24,"T cells","RNF7"
3.17044092300207e-29,0.471959131779471,0.452,0.395,1.16041308222799e-24,"T cells","NDUFB9"
7.09948727353168e-29,0.609861989580996,0.27,0.199,2.59848333698533e-24,"T cells","MANF"
7.96828421875734e-29,0.337696249785775,0.619,0.563,2.91647170690737e-24,"T cells","RSL24D1"
9.82249432358376e-29,0.284025572125666,0.572,0.504,3.59513114737489e-24,"T cells","PRMT2"
2.80308239472881e-28,0.275106654919215,0.566,0.485,1.02595618729469e-23,"T cells","ARF6"
2.95620933542711e-28,0.268554387841689,0.428,0.353,1.08200217885968e-23,"T cells","XBP1"
3.23964601979852e-28,0.709040175775955,0.269,0.203,1.18574283970646e-23,"T cells","SSBP3"
4.13222931248866e-28,0.532959125490745,0.287,0.207,1.51243725066397e-23,"T cells","ARID5B"
4.59154194765725e-28,0.34373372210479,0.39,0.321,1.68055026826203e-23,"T cells","RBL2"
5.24091329349969e-28,0.282065328847469,0.679,0.603,1.91822667455382e-23,"T cells","ATP5F1D"
5.88868995990213e-28,0.438039765391089,0.397,0.33,2.15531941222378e-23,"T cells","REEP5"
6.71935983761142e-28,0.418325117183387,0.496,0.447,2.45935289416416e-23,"T cells","ERH"
7.98346345381757e-28,0.36745442743439,0.518,0.457,2.92202745873177e-23,"T cells","UQCRQ"
2.07572358643256e-27,0.624298237686198,0.366,0.31,7.59735589870183e-23,"T cells","SNHG16"
2.19488517981859e-27,0.650362395956304,0.328,0.263,8.03349924665403e-23,"T cells","CEBPZ"
2.301937379749e-27,0.750186001533165,0.273,0.207,8.42532100361933e-23,"T cells","TBCC"
2.89092593808395e-27,0.275694994517112,0.615,0.549,1.05810780259811e-22,"T cells","HIST1H4C"
4.06743633925902e-27,0.268944449744408,0.513,0.451,1.48872237453219e-22,"T cells","KLF13"
4.124746221777e-27,0.321107508938364,0.495,0.439,1.5096983646326e-22,"T cells","H2AFV"
5.58615003350524e-27,0.324446906955379,0.506,0.457,2.04458677376325e-22,"T cells","IK"
5.80626832865025e-27,0.623215141755617,0.362,0.307,2.12515227096928e-22,"T cells","NCBP2AS2"
1.55010746510621e-26,0.555399514621558,0.255,0.19,5.67354833303523e-22,"T cells","RNF167"
2.06966031390814e-26,0.32031395351245,0.421,0.358,7.57516371493517e-22,"T cells","KMT2A"
3.91895666562482e-26,0.461545661477478,0.284,0.22,1.43437732918534e-21,"T cells","FAM177A1"
4.33458804828026e-26,0.321460963507399,0.551,0.497,1.58650257155106e-21,"T cells","SF3B5"
4.34933309322056e-26,0.314538590130731,0.509,0.456,1.59189940544966e-21,"T cells","HNRNPF"
4.52479945865829e-26,0.25960076635662,0.532,0.483,1.65612184986352e-21,"T cells","RBM8A"
5.06146354749288e-26,0.525064010086156,0.325,0.267,1.85254627301787e-21,"T cells","AP2B1"
6.83158356239671e-26,0.633199907669231,0.335,0.272,2.50042789967282e-21,"T cells","BIN1"
9.35852650130563e-26,0.573105669111324,0.379,0.334,3.42531428474287e-21,"T cells","MAGOH"
1.38107578711496e-25,0.427362823550428,0.495,0.449,5.05487548841948e-21,"T cells","CUTA"
1.50717472792902e-25,0.313664463877531,0.558,0.505,5.51641022169302e-21,"T cells","TRMT112"
2.31478831352828e-25,0.292977717808301,0.362,0.279,8.47235670634486e-21,"T cells","METRNL"
5.27222866765263e-25,0.279357025013941,0.293,0.226,1.92968841464754e-20,"T cells","JOSD1"
5.84009907849305e-25,0.354191341214828,0.408,0.34,2.13753466371924e-20,"T cells","TOB1"
6.23406218882047e-25,0.364053453195886,0.552,0.495,2.28172910173018e-20,"T cells","SNRPF"
7.38747137142817e-25,0.461548666211081,0.395,0.341,2.70388839665642e-20,"T cells","SRP19"
1.10498571364343e-24,0.691416193353649,0.262,0.2,4.04435821050632e-20,"T cells","HMOX2"
5.09379689724124e-24,0.393456157886016,0.444,0.396,1.86438060235926e-19,"T cells","ORMDL1"
5.23614881154344e-24,0.77265777157613,0.256,0.196,1.91648282651301e-19,"T cells","SDF2L1"
7.10876553120535e-24,0.667964355157233,0.264,0.204,2.60187927207647e-19,"T cells","SYTL1"
7.93586501968495e-24,0.303522867259327,0.323,0.254,2.90460595585489e-19,"T cells","SELENOS"
1.28691595219657e-23,0.324800846916635,0.332,0.259,4.71024107663465e-19,"T cells","RBM38"
3.4119315461348e-23,0.445121536024927,0.359,0.296,1.2488010652008e-18,"T cells","PRKACB"
7.7765344426828e-23,0.668680129096864,0.328,0.278,2.84628937136633e-18,"T cells","GSPT1"
1.42385087048444e-22,0.320133205375362,0.369,0.304,5.21143657106009e-18,"T cells","B4GALT1"
1.69620933355668e-22,0.604960836412037,0.262,0.205,6.20829578175082e-18,"T cells","RHOF"
1.86900091295907e-22,0.63608344705841,0.308,0.254,6.84073024152148e-18,"T cells","THAP12"
2.23132307334911e-22,0.685274375323499,0.277,0.222,8.16686558076506e-18,"T cells","ABT1"
2.58000166948792e-22,0.531328233721724,0.404,0.361,9.44306411049274e-18,"T cells","PYURF"
3.49225004150957e-22,0.405376833606996,0.398,0.344,1.27819843769292e-17,"T cells","HIST2H2AC"
6.17026766212071e-22,0.63844202286505,0.298,0.243,2.2583796670128e-17,"T cells","ZNHIT3"
6.350941718717e-22,0.628511654755028,0.324,0.275,2.32450817846761e-17,"T cells","CNPY2"
8.08610160082998e-22,0.605688795803341,0.302,0.249,2.95959404691978e-17,"T cells","COMMD2"
9.57609947452758e-22,0.557446271537215,0.395,0.352,3.50494816867184e-17,"T cells","MICOS13"
1.24157697272245e-21,0.303096506131053,0.512,0.464,4.54429587786145e-17,"T cells","NDUFB4"
1.54393114887189e-21,0.535442348656387,0.296,0.23,5.65094239798599e-17,"T cells","GIMAP1"
1.76789912156666e-21,0.393406654827931,0.401,0.355,6.47068757484615e-17,"T cells","LMAN2"
1.92899843203227e-21,0.326801861979544,0.478,0.431,7.06032716108133e-17,"T cells","PSIP1"
2.10511281932009e-21,0.550225647165868,0.35,0.304,7.70492342999345e-17,"T cells","TBCB"
2.36986699053553e-21,0.340974504816441,0.494,0.453,8.67395017205909e-17,"T cells","DDX18"
2.76110718667882e-21,0.48474692943616,0.421,0.381,1.01059284139631e-16,"T cells","SNRPD1"
4.77744809622924e-21,0.612691131695218,0.317,0.27,1.74859377770086e-16,"T cells","PIN1"
5.17064986794651e-21,0.629979111725159,0.272,0.216,1.8925095581671e-16,"T cells","RPA2"
5.26562623572838e-21,0.663170459761677,0.255,0.2,1.92727185853895e-16,"T cells","ERLEC1"
6.27644909172518e-21,0.477208034794953,0.281,0.227,2.29724313206233e-16,"T cells","SRPRA"
7.45305721661718e-21,0.690333015161654,0.25,0.195,2.72789347185405e-16,"T cells","APOBEC3C"
1.02602776108543e-20,0.537435447720029,0.354,0.305,3.75536420834878e-16,"T cells","TMCO1"
1.02986800669204e-20,0.527269703496443,0.298,0.242,3.76941989129353e-16,"T cells","TMC6"
1.22992044988234e-20,0.307128802597607,0.302,0.224,4.50163183861434e-16,"T cells","LINC00861"
3.04794896002114e-20,0.304467792922745,0.465,0.426,1.11557979885734e-15,"T cells","LSM8"
3.9878766602555e-20,0.320011608155392,0.526,0.477,1.45960273642011e-15,"T cells","POLR2L"
4.12652797155419e-20,0.260329269421287,0.58,0.52,1.51035050286855e-15,"T cells","COX7B"
6.49391721636485e-20,0.356303657541839,0.414,0.374,2.3768386403617e-15,"T cells","CHMP4A"
7.24577684440636e-20,0.607266823129128,0.328,0.286,2.65202678282117e-15,"T cells","COPS6"
8.55299389327633e-20,0.495901934324711,0.379,0.335,3.13048129487807e-15,"T cells","FRG1"
8.70063253124946e-20,0.587150681732209,0.269,0.216,3.18451851276261e-15,"T cells","MED30"
9.87887242136241e-20,0.3215742957031,0.342,0.282,3.61576609494285e-15,"T cells","CYFIP2"
1.39769127139842e-19,0.372424702610806,0.439,0.396,5.11568982244535e-15,"T cells","PSMD8"
1.66575277548969e-19,0.380359874495726,0.398,0.356,6.09682173356983e-15,"T cells","POLR2J"
2.14327092873045e-19,0.330755697568452,0.426,0.382,7.84458592624632e-15,"T cells","CAMLG"
2.15147981131123e-19,0.652077155061067,0.28,0.231,7.87463125738024e-15,"T cells","METTL23"
3.99893388252306e-19,0.664709173623069,0.273,0.225,1.46364979034227e-14,"T cells","CLPP"
9.4281644004308e-19,0.364673731990826,0.343,0.299,3.45080245220168e-14,"T cells","RNPEPL1"
9.45579565613815e-19,0.371173476495427,0.29,0.237,3.46091576810312e-14,"T cells","TRAPPC10"
1.10824925553105e-18,0.444653049055163,0.422,0.388,4.0563031001692e-14,"T cells","MRPL57"
1.55960047655974e-18,0.322618523301759,0.476,0.439,5.70829370425631e-14,"T cells","DDX46"
1.68889166675116e-18,0.484225247881085,0.396,0.361,6.1815123894759e-14,"T cells","GADD45GIP1"
1.88502359805437e-18,0.538346154285364,0.322,0.282,6.89937487123878e-14,"T cells","MAZ"
2.72413847935828e-18,0.623420667060904,0.283,0.239,9.97061924829925e-14,"T cells","POLR2F"
2.73391576929397e-18,0.525602280586325,0.294,0.247,1.00064051071929e-13,"T cells","CDC26"
2.81340376683903e-18,0.260200498609578,0.565,0.525,1.02973391270075e-13,"T cells","EIF1AX"
3.17666347829531e-18,0.545348070670979,0.269,0.222,1.16269059969087e-13,"T cells","FBXW5"
3.4093418313931e-18,0.592014733607582,0.278,0.233,1.24785320370819e-13,"T cells","HMGN4"
3.885340071813e-18,0.71650285399866,0.253,0.205,1.42207331968427e-13,"T cells","TRADD"
5.69845843521735e-18,0.291963556521235,0.447,0.412,2.0856927718739e-13,"T cells","MAP2K2"
6.7719224898859e-18,0.525898676476241,0.265,0.212,2.47859135052314e-13,"T cells","TMC8"
8.11822207094875e-18,0.507293953580663,0.34,0.302,2.97135046018795e-13,"T cells","SSNA1"
9.45097739274081e-18,0.313408604636402,0.368,0.322,3.45915223551707e-13,"T cells","NAP1L4"
1.16389943359249e-17,0.250992099062782,0.608,0.543,4.25998831689186e-13,"T cells","ATP5MC3"
1.4951294882447e-17,0.257237328334201,0.488,0.448,5.47232343992444e-13,"T cells","PSMB10"
2.30043874387243e-17,0.532027208113665,0.368,0.334,8.41983584644748e-13,"T cells","DPP7"
2.68084244680183e-17,0.586611837056622,0.344,0.311,9.81215143953939e-13,"T cells","MRPL41"
2.88433966856442e-17,0.692998080586346,0.26,0.217,1.05569716209127e-12,"T cells","MRPL47"
2.88619255013522e-17,0.304502313582642,0.459,0.428,1.05637533527499e-12,"T cells","SRP9"
5.25071896731841e-17,0.53239759103187,0.319,0.277,1.92181564922821e-12,"T cells","ADH5"
5.6342743875845e-17,0.374084608304069,0.4,0.365,2.0622007685998e-12,"T cells","SIVA1"
6.75063958198448e-17,0.326931550792869,0.291,0.243,2.47080159340214e-12,"T cells","SIPA1"
6.75645673067316e-17,0.257983356584637,0.357,0.32,2.47293072799368e-12,"T cells","NDUFA6"
7.8812703501857e-17,0.383933427316568,0.398,0.352,2.88462376087147e-12,"T cells","PDIA6"
8.97344335078377e-17,0.356235187868344,0.263,0.215,3.28437000082037e-12,"T cells","CCNH"
9.32088724162838e-17,0.331117648732686,0.26,0.209,3.4115379393084e-12,"T cells","ISCA1"
1.06567533924589e-16,0.39350963722333,0.379,0.341,3.90047830917388e-12,"T cells","DGUOK"
1.22853322459476e-16,0.436637846838594,0.395,0.364,4.49655445533928e-12,"T cells","NDUFAB1"
1.43192714661695e-16,0.452220228535937,0.284,0.234,5.24099654933270e-12,"T cells","OTUD6B-AS1"
1.62448695987472e-16,0.578261708384827,0.283,0.242,5.94578472183747e-12,"T cells","EMC6"
2.30354099392816e-16,0.483225516456513,0.316,0.275,8.43119039187647e-12,"T cells","PHF11"
3.13693464099484e-16,0.326343818035688,0.355,0.316,1.14814944795052e-11,"T cells","NUB1"
3.35338473979804e-16,0.606311339444371,0.26,0.215,1.22737234861348e-11,"T cells","RECQL"
4.49236645284546e-16,0.410922750380882,0.408,0.38,1.64425104540597e-11,"T cells","CWC15"
1.19068278894554e-15,0.408613022587023,0.401,0.371,4.35801807581959e-11,"T cells","PSMB6"
1.60173410143555e-15,0.475987841855186,0.298,0.258,5.86250698466424e-11,"T cells","SMAP1"
1.84646579733649e-15,0.507402031013821,0.282,0.236,6.75824946483129e-11,"T cells","LMAN1"
1.94999590992633e-15,0.356648230121983,0.469,0.442,7.13718002992136e-11,"T cells","PA2G4"
2.44769875193731e-15,0.371789056247652,0.45,0.419,8.95882220196575e-11,"T cells","SSB"
2.77240801708231e-15,0.594167277959956,0.285,0.243,1.0147290583323e-10,"T cells","TRMT10C"
3.33904885547744e-15,0.399210423388169,0.379,0.348,1.2221252715933e-10,"T cells","TXNL4A"
5.79357889180532e-15,0.406591900405284,0.333,0.292,2.12050781018966e-10,"T cells","KRR1"
6.22525893711782e-15,0.52850824701069,0.284,0.244,2.27850702357449e-10,"T cells","TECR"
6.22957520104248e-15,0.352709851130096,0.412,0.371,2.28008681933356e-10,"T cells","OSTC"
6.5718135053786e-15,0.393650331733963,0.349,0.315,2.40534946110362e-10,"T cells","PDAP1"
7.02112854501002e-15,0.614441545984602,0.273,0.235,2.56980325875912e-10,"T cells","IER3IP1"
1.06464667024485e-14,0.348387270994874,0.376,0.345,3.89671327776319e-10,"T cells","PSMD7"
1.1188073157345e-14,0.369554622093229,0.282,0.239,4.09494665631984e-10,"T cells","ZBTB44"
1.20258591895684e-14,0.280446730219727,0.411,0.38,4.40158472197393e-10,"T cells","PRPF4B"
1.30293335167826e-14,0.253190696924558,0.404,0.373,4.7688663604776e-10,"T cells","LSM14A"
1.33947131030733e-14,0.26273362775763,0.375,0.336,4.90259894285585e-10,"T cells","RAB5IF"
1.62326619193668e-14,0.650965915257895,0.263,0.221,5.94131658910745e-10,"T cells","MDFIC"
1.91838672457873e-14,0.383070366308371,0.382,0.352,7.02148725063061e-10,"T cells","CIAO2B"
2.36727158922901e-14,0.375391830176114,0.282,0.233,8.66445074373711e-10,"T cells","OFD1"
2.90760681972917e-14,0.277454969061067,0.518,0.489,1.06421317208908e-09,"T cells","POLR1D"
3.80047705103156e-14,0.359147410084659,0.38,0.348,1.39101260544806e-09,"T cells","MRPL33"
3.805679048591e-14,0.266722778055339,0.506,0.475,1.39291658857479e-09,"T cells","NDUFA12"
3.87816794325727e-14,0.334026747877122,0.357,0.321,1.41944824891159e-09,"T cells","THUMPD1"
4.0856522767013e-14,0.345411051853799,0.33,0.295,1.49538958979544e-09,"T cells","GPS2"
4.56082937232005e-14,0.567121585686905,0.308,0.273,1.66930915856286e-09,"T cells","DNAJC19"
5.79606968441866e-14,0.258752878038539,0.42,0.376,2.12141946519408e-09,"T cells","TSTD1"
8.25788161752074e-14,0.325430945207491,0.358,0.327,3.02246725082876e-09,"T cells","RPS19BP1"
8.69653360141113e-14,0.391540247966985,0.398,0.373,3.18301826345249e-09,"T cells","MRPL54"
9.53699634413382e-14,0.518804549934605,0.304,0.27,3.49063603191642e-09,"T cells","POLR2I"
9.9859275141001e-14,0.289478805438262,0.472,0.454,3.65494932943578e-09,"T cells","FIS1"
1.35735688681754e-13,0.508257378118381,0.311,0.282,4.96806194144086e-09,"T cells","PPP1R7"
1.40564795118327e-13,0.295315847894832,0.395,0.368,5.14481206612588e-09,"T cells","CDC37"
1.46613255424118e-13,0.439061275742469,0.354,0.321,5.36619176177814e-09,"T cells","EIF5B"
1.82882790771023e-13,0.436794122208571,0.319,0.286,6.6936930250102e-09,"T cells","TMED4"
2.0633037533098e-13,0.3102650761147,0.35,0.322,7.55189806748921e-09,"T cells","STRAP"
2.34590865717945e-13,0.31654923112517,0.361,0.326,8.58626027614251e-09,"T cells","P4HB"
2.37893923275929e-13,0.414562396275586,0.346,0.316,8.70715548582229e-09,"T cells","PSMA5"
2.68386507034961e-13,0.329674698589898,0.414,0.385,9.82321454398662e-09,"T cells","PRDX1"
3.63190791711203e-13,0.49278445006117,0.322,0.294,1.32931461674218e-08,"T cells","MRPL34"
3.96661880610854e-13,0.34333535100539,0.443,0.427,1.45182214922379e-08,"T cells","TMEM14B"
4.15896954033147e-13,0.481969751122172,0.284,0.249,1.52222444145672e-08,"T cells","TMED9"
4.85137212823749e-13,0.261565510290895,0.436,0.409,1.7756507126562e-08,"T cells","PNRC2"
5.74257990126278e-13,0.318515320253157,0.44,0.407,2.10184166966119e-08,"T cells","SEM1"
6.07770725116156e-13,0.603881383285726,0.257,0.221,2.22450163099764e-08,"T cells","ABCF1"
6.34916579823839e-13,0.399480712239948,0.278,0.244,2.32385817381323e-08,"T cells","FAM89B"
1.22502596822486e-12,0.441017625199187,0.32,0.294,4.48371754629979e-08,"T cells","GTF3C6"
1.52401151776943e-12,0.532960919675723,0.26,0.224,5.57803455618789e-08,"T cells","MPHOSPH10"
1.84443583545928e-12,0.560845819545787,0.266,0.233,6.7508196013645e-08,"T cells","MESD"
2.82313009605242e-12,0.344728113100741,0.336,0.309,1.03329384645614e-07,"T cells","RER1"
3.0227687181605e-12,0.332500144869678,0.411,0.39,1.10636357853392e-07,"T cells","CCDC59"
4.49827452169325e-12,0.298240841226734,0.367,0.337,1.64641345768495e-07,"T cells","RNMT"
6.37735771694471e-12,0.339561630691565,0.324,0.294,2.33417669797893e-07,"T cells","IFI27L2"
6.68597457530213e-12,0.510306035943974,0.266,0.23,2.44713355430633e-07,"T cells","RCN2"
7.33382833838142e-12,0.418713500701656,0.337,0.308,2.68425451013098e-07,"T cells","PHB"
9.59904160757756e-12,0.402810933267715,0.372,0.353,3.51334521878946e-07,"T cells","ATRAID"
1.19278830136419e-11,0.336445507036552,0.45,0.439,4.36572446182308e-07,"T cells","NOL7"
1.31549182720528e-11,0.306296976204741,0.414,0.392,4.81483163675406e-07,"T cells","SMARCE1"
1.45575449514782e-11,0.42675635908085,0.341,0.318,5.32820702769055e-07,"T cells","SNRPC"
2.06941613874605e-11,0.459301631575699,0.28,0.25,7.57427000942443e-07,"T cells","ZBTB8OS"
2.08519976428397e-11,0.504585244246229,0.282,0.248,7.63203965725575e-07,"T cells","RFC1"
2.43476557950224e-11,0.27057165671683,0.257,0.224,8.91148549753614e-07,"T cells","EMD"
3.05850374008687e-11,0.30454013720222,0.276,0.241,1.11944295390919e-06,"T cells","CENPC"
3.5677252023726e-11,0.597313758315762,0.27,0.241,1.3058231013204e-06,"T cells","SNRPA1"
4.03981873319345e-11,0.358236891930238,0.358,0.339,1.47861405453613e-06,"T cells","DCTN3"
7.98903173946383e-11,0.270528083657688,0.453,0.436,2.92406550696116e-06,"T cells","MRPL20"
1.08448679521966e-10,0.257523776688289,0.443,0.422,3.96933011918346e-06,"T cells","NDUFS6"
1.26527922617816e-10,0.298774755557572,0.317,0.284,4.63104849573467e-06,"T cells","GPATCH8"
1.86959840281215e-10,0.321706546928778,0.44,0.427,6.84291711413277e-06,"T cells","MRPS21"
2.15510568944314e-10,0.274758911212156,0.361,0.339,7.88790233393085e-06,"T cells","TMED2"
2.57477325339977e-10,0.306460287070345,0.41,0.394,9.42392758476851e-06,"T cells","UQCRFS1"
3.24774739805563e-10,0.391805644312936,0.297,0.272,1.18870802516234e-05,"T cells","MXD4"
4.23882121331291e-10,0.497594432219932,0.282,0.258,1.55145095228466e-05,"T cells","METTL26"
4.47487128773549e-10,0.326827781511388,0.359,0.338,1.63784764002407e-05,"T cells","BRD7"
7.19967771800522e-10,0.482940538341161,0.255,0.222,2.63515404156709e-05,"T cells","HDDC2"
1.17001387794305e-09,0.278895428899327,0.451,0.431,4.28236779465936e-05,"T cells","RPL22L1"
1.26944764957498e-09,0.419398266992607,0.338,0.322,4.6463053422094e-05,"T cells","SUPT16H"
1.59638765301333e-09,0.437239598041765,0.313,0.296,5.84293844879409e-05,"T cells","AIP"
3.73400380075574e-09,0.357700648988363,0.319,0.299,0.000136668273111461,"T cells","PSMA3"
4.40433076957148e-09,0.532244406093755,0.251,0.225,0.000161202910497086,"T cells","KIAA1143"
5.23344300847049e-09,0.517983093405696,0.32,0.308,0.000191549247553028,"T cells","PDCD5"
5.28147599907655e-09,0.377542266991177,0.349,0.332,0.000193307303042201,"T cells","DUT"
5.85764701789618e-09,0.351335798547308,0.252,0.223,0.000214395738502018,"T cells","CHD3"
7.83673718029461e-09,0.465232302237402,0.321,0.308,0.000286832417535963,"T cells","CCT7"
1.00822015158238e-08,0.386170817789673,0.312,0.296,0.000369018657680666,"T cells","ELOC"
1.26327053778311e-08,0.423604260344644,0.305,0.285,0.000462369649533997,"T cells","EXOSC6"
2.55284150314727e-08,0.383350714604252,0.318,0.299,0.000934365518566933,"T cells","SMC3"
2.79382747923151e-08,0.319264649640159,0.33,0.315,0.00102256879567353,"T cells","HDAC1"
2.91895944461927e-08,0.418545171370994,0.318,0.305,0.0010683683463251,"T cells","DDOST"
4.26509786054157e-08,0.254378268393641,0.379,0.374,0.00156106846793682,"T cells","MRFAP1"
6.35641631883502e-08,0.31451060546066,0.344,0.334,0.0023265119368568,"T cells","GTF2A2"
7.39439572427893e-08,0.396206943139251,0.327,0.316,0.00270642277904333,"T cells","NDUFAF8"
7.43888642322356e-08,0.291027398423441,0.28,0.258,0.00272270681976406,"T cells","RBBP7"
7.45451716204743e-08,0.30993582515672,0.311,0.298,0.00272842782648098,"T cells","MPC2"
8.38482013416263e-08,0.32182182156747,0.324,0.309,0.00306892801730486,"T cells","LRPAP1"
1.17906208385134e-07,0.530828464634555,0.268,0.252,0.0043154851331043,"T cells","FAM174C"
1.75859856009592e-07,0.286345227000009,0.293,0.272,0.00643664658980709,"T cells","UBTF"
1.86495692208331e-07,0.25529661341141,0.282,0.264,0.00682592883051711,"T cells","UFD1"
1.92673440398214e-07,0.446187676035427,0.258,0.239,0.00705204059201502,"T cells","PGAM1"
2.17282506756654e-07,0.41987248282076,0.257,0.238,0.0079527570298003,"T cells","PGP"
2.60327079465943e-07,0.395898246303769,0.346,0.338,0.00952823143553297,"T cells","RANBP1"
2.99435007229075e-07,0.303484597396763,0.392,0.385,0.0109596206995914,"T cells","AIMP1"
3.05606775609894e-07,0.383733862206001,0.251,0.23,0.0111855135940977,"T cells","ARIH2"
3.58576650043217e-07,0.389471978772727,0.272,0.252,0.0131242639682318,"T cells","COX20"
5.64946422284112e-07,0.258176846635046,0.379,0.367,0.0206776040020208,"T cells","PPM1G"
1.18838543501396e-06,0.413744478367558,0.288,0.276,0.043496095306946,"T cells","MDH1"
1.40692784943123e-06,0.322718067427124,0.362,0.361,0.0514949662170326,"T cells","TMEM230"
1.78179874949932e-06,0.284300211088684,0.391,0.39,0.0652156160304247,"T cells","MDH2"
2.01307820110009e-06,0.513697631225071,0.259,0.247,0.0736806752384643,"T cells","MRPL43"
2.1826332196697e-06,0.34746329100549,0.373,0.37,0.0798865584731305,"T cells","MCUB"
2.20763294007568e-06,0.394913611433054,0.257,0.241,0.08080157323971,"T cells","COX19"
2.3107604950191e-06,0.405028209867975,0.259,0.244,0.0845761448781941,"T cells","MRPS6"
2.63285950082577e-06,0.256333138971766,0.38,0.377,0.0963652905897241,"T cells","COX14"
2.63776658117835e-06,0.370055391302169,0.323,0.317,0.0965448946377089,"T cells","BAX"
3.47600442815011e-06,0.31932450323739,0.359,0.354,0.127225238074722,"T cells","COX16"
3.49700327537917e-06,0.473445726396544,0.275,0.263,0.127993816882153,"T cells","FAM162A"
3.58233251472196e-06,0.309823263032415,0.264,0.245,0.131116952371338,"T cells","STIM2"
3.73826477488905e-06,0.413089344591679,0.29,0.281,0.136824229025714,"T cells","PFDN1"
4.68762808552427e-06,0.331905201798687,0.278,0.263,0.171571875558274,"T cells","ATP1B3"
7.55730961446534e-06,0.310076760704495,0.34,0.338,0.276605089199046,"T cells","THOC7"
9.40413609542286e-06,0.267921213951511,0.318,0.312,0.344200785228572,"T cells","RBM27"
1.30680045962953e-05,0.294298936277412,0.35,0.351,0.478302036229006,"T cells","SNRPD3"
1.92292921603709e-05,0.29387355637958,0.328,0.317,0.703811322361734,"T cells","PARP1"
2.44396365264355e-05,0.274296260792978,0.251,0.237,0.894515136504066,"T cells","ADSS"
3.98372028688926e-05,0.345051382526935,0.293,0.291,1,"T cells","PSMD9"
4.22069775090236e-05,0.274148118189782,0.385,0.386,1,"T cells","CCT3"
7.68932021558687e-05,0.435812162960719,0.252,0.241,1,"T cells","NOP58"
8.716015513241e-05,0.277482942195004,0.324,0.324,1,"T cells","NUDC"
0.000101161698331749,0.364722228749723,0.268,0.257,1,"T cells","ZNF22"
0.000103404991295696,0.293059261352987,0.328,0.329,1,"T cells","PFDN2"
0.000146589298261113,0.274331028337968,0.343,0.347,1,"T cells","TUFM"
0.000179040014465221,0.292030517124147,0.286,0.281,1,"T cells","UBE2N"
0.000185111178477199,0.255685263272423,0.293,0.294,1,"T cells","RBCK1"
0.000421449673088344,0.327132564160292,0.282,0.279,1,"T cells","MYDGF"
0.000575613182393644,0.369656240895011,0.267,0.267,1,"T cells","SPAG7"
0.000803914783906523,0.300832002516383,0.283,0.285,1,"T cells","PSMB2"
0.000848381601286494,0.316775208764912,0.311,0.317,1,"T cells","PDCD2"
0.000854341674706074,0.254574861624908,0.335,0.34,1,"T cells","ANAPC11"
0.000857634849828339,0.302911150365555,0.309,0.313,1,"T cells","ROMO1"
0.000998946024188072,0.355443308655745,0.251,0.248,1,"T cells","PUF60"
0.0013786053693712,0.330250660864225,0.287,0.29,1,"T cells","CACYBP"
0.00207339547416399,0.268333937778521,0.34,0.347,1,"T cells","METAP2"
0.00324274481463873,0.348895910431695,0.28,0.283,1,"T cells","PRMT1"
0.00510965826071687,0.396431790187507,0.268,0.271,1,"T cells","EPRS"
0.0065030283431488,0.318875897505988,0.288,0.297,1,"T cells","MRPS34"
0.00754674691264038,0.261281364716677,0.315,0.328,1,"T cells","TAF15"
0.00887697670361685,0.268686094332269,0.265,0.269,1,"T cells","COPS2"
0,2.66452019785026,0.973,0.159,0,"Dendritic cells","GRN"
0,2.5686732989854,0.948,0.138,0,"Dendritic cells","CCDC88A"
0,4.1446943316362,0.993,0.184,0,"Dendritic cells","CST3"
0,2.35392673310231,0.903,0.127,0,"Dendritic cells","MPEG1"
0,2.816939597445,0.912,0.137,0,"Dendritic cells","DPYSL2"
0,2.54351816266289,0.882,0.114,0,"Dendritic cells","RNASE6"
0,2.63083777331889,0.957,0.189,0,"Dendritic cells","CTSZ"
0,2.04622353750402,0.875,0.108,0,"Dendritic cells","GSN"
0,2.49842023775706,0.946,0.184,0,"Dendritic cells","HLA-DMB"
0,3.71184685690936,0.964,0.203,0,"Dendritic cells","HLA-DQA1"
0,2.54991003553315,0.796,0.04,0,"Dendritic cells","FCER1A"
0,2.80263355715131,0.841,0.091,0,"Dendritic cells","ALDH2"
0,1.58361480849658,0.927,0.181,0,"Dendritic cells","JAML"
0,3.11004734226948,0.816,0.074,0,"Dendritic cells","TGFBI"
0,2.09451261959292,0.951,0.209,0,"Dendritic cells","FCGRT"
0,2.75749367625589,0.973,0.237,0,"Dendritic cells","HLA-DMA"
0,1.76759596761362,0.852,0.125,0,"Dendritic cells","CD302"
0,1.63824766435795,0.923,0.207,0,"Dendritic cells","RNF130"
0,5.59197633263545,0.746,0.03,0,"Dendritic cells","PLD4"
0,3.14340505537863,0.971,0.261,0,"Dendritic cells","HLA-DQB1"
0,2.45828086003697,0.839,0.132,0,"Dendritic cells","CAPG"
0,1.26855953604361,0.916,0.215,0,"Dendritic cells","MEF2C"
0,2.11049754128891,0.79,0.094,0,"Dendritic cells","KCTD12"
0,1.77289309994027,0.985,0.292,0,"Dendritic cells","FCER1G"
0,4.06940748796363,0.773,0.087,0,"Dendritic cells","CPVL"
0,2.00370209393817,0.858,0.175,0,"Dendritic cells","CAT"
0,3.56559396241003,0.9,0.223,0,"Dendritic cells","PPP1R14B"
0,2.4886875795535,0.8,0.124,0,"Dendritic cells","CD4"
0,1.32751774913865,0.799,0.124,0,"Dendritic cells","TNFSF13B"
0,1.6304394472401,0.866,0.191,0,"Dendritic cells","SPINT2"
0,1.67657648725088,0.934,0.262,0,"Dendritic cells","PYCARD"
0,1.80941809648384,0.947,0.275,0,"Dendritic cells","AP1S2"
0,3.53053094879459,0.719,0.054,0,"Dendritic cells","SHTN1"
0,1.70351959246299,0.831,0.167,0,"Dendritic cells","BID"
0,3.03680166741159,0.997,0.336,0,"Dendritic cells","HLA-DRA"
0,3.01263661251038,0.739,0.081,0,"Dendritic cells","CIITA"
0,2.17319100100387,0.953,0.298,0,"Dendritic cells","NPC2"
0,1.5061181963071,0.847,0.194,0,"Dendritic cells","TPP1"
0,0.608689189935503,0.922,0.271,0,"Dendritic cells","PTPRE"
0,2.16873151980771,0.788,0.137,0,"Dendritic cells","MAN2B1"
0,1.3814243334012,0.807,0.157,0,"Dendritic cells","SYK"
0,1.6718520251955,0.802,0.153,0,"Dendritic cells","CTSB"
0,0.374528231989179,0.795,0.147,0,"Dendritic cells","PHACTR1"
0,1.37901297433806,0.902,0.254,0,"Dendritic cells","CNPY3"
0,3.19005505392528,0.994,0.349,0,"Dendritic cells","HLA-DRB1"
0,2.32314660029099,0.854,0.213,0,"Dendritic cells","GPR183"
0,2.59333438639598,0.752,0.114,0,"Dendritic cells","EIF2AK4"
0,2.01577749424474,0.811,0.179,0,"Dendritic cells","TMEM14C"
0,3.28721533050677,0.685,0.053,0,"Dendritic cells","MGST2"
0,1.53713135912598,0.883,0.251,0,"Dendritic cells","YWHAE"
0,1.3870906364374,0.938,0.308,0,"Dendritic cells","GLIPR1"
0,1.4730011324867,0.894,0.265,0,"Dendritic cells","SSR1"
0,4.09469666289421,0.73,0.104,0,"Dendritic cells","CCDC50"
0,0.950422173432383,0.972,0.347,0,"Dendritic cells","TYROBP"
0,1.85639808155225,0.687,0.062,0,"Dendritic cells","CSF2RA"
0,1.71520132275128,0.784,0.161,0,"Dendritic cells","ADA2"
0,1.73318318455652,0.801,0.181,0,"Dendritic cells","COMT"
0,1.55183483447798,0.956,0.336,0,"Dendritic cells","H2AFY"
0,3.67116030170927,0.684,0.065,0,"Dendritic cells","LGALS2"
0,1.48534257993633,0.889,0.272,0,"Dendritic cells","SSR3"
0,3.25822886200116,0.841,0.224,0,"Dendritic cells","HLA-DRB5"
0,1.54977401062005,0.802,0.189,0,"Dendritic cells","SYNGR2"
0,2.13122755813531,0.773,0.16,0,"Dendritic cells","IGFLR1"
0,2.17499572638727,0.734,0.122,0,"Dendritic cells","OTULINL"
0,0.656422053816399,0.853,0.244,0,"Dendritic cells","SKAP2"
0,1.99872198558599,0.797,0.189,0,"Dendritic cells","SFT2D2"
0,1.32575723386542,0.737,0.13,0,"Dendritic cells","SULF2"
0,0.985741106444544,0.761,0.159,0,"Dendritic cells","CYBB"
0,1.55106043478816,0.915,0.314,0,"Dendritic cells","AP2S1"
0,2.61278414088946,0.713,0.113,0,"Dendritic cells","C12orf45"
0,3.3293556523126,0.996,0.397,0,"Dendritic cells","HLA-DPA1"
0,0.98172026692097,0.817,0.218,0,"Dendritic cells","TYMP"
0,0.945456301558295,0.863,0.265,0,"Dendritic cells","PLEKHO1"
0,0.477504464519344,0.844,0.247,0,"Dendritic cells","RAB11FIP1"
0,1.44598219392483,0.789,0.192,0,"Dendritic cells","TM9SF2"
0,0.66495667781826,0.924,0.328,0,"Dendritic cells","ATP6V0B"
0,2.15881191269352,0.676,0.08,0,"Dendritic cells","SH2B3"
0,2.01944300456911,0.739,0.143,0,"Dendritic cells","LAP3"
0,1.05255648518052,0.976,0.38,0,"Dendritic cells","BRI3"
0,0.931911295026601,0.772,0.178,0,"Dendritic cells","THEMIS2"
0,0.713748081783714,0.9,0.308,0,"Dendritic cells","QKI"
0,2.33151095249386,0.679,0.087,0,"Dendritic cells","UNC93B1"
0,2.02998093725144,0.93,0.34,0,"Dendritic cells","LGALS1"
0,0.884656471120866,0.974,0.384,0,"Dendritic cells","PSAP"
0,3.76762546120546,0.721,0.131,0,"Dendritic cells","IRF8"
0,1.92990923890619,0.727,0.138,0,"Dendritic cells","MLEC"
0,1.4585622843109,0.896,0.308,0,"Dendritic cells","OSTC"
0,1.80962470300004,0.708,0.122,0,"Dendritic cells","AC020656.1"
0,1.61824051618139,0.78,0.196,0,"Dendritic cells","PTRHD1"
0,1.57749352320004,0.926,0.342,0,"Dendritic cells","GDI2"
0,2.16632783657072,0.699,0.116,0,"Dendritic cells","AHR"
0,2.18829591077011,0.964,0.381,0,"Dendritic cells","TXN"
0,1.47399667018534,0.698,0.115,0,"Dendritic cells","IGSF6"
0,7.1760164902299,0.594,0.011,0,"Dendritic cells","CLEC10A"
0,2.8993058488079,0.705,0.123,0,"Dendritic cells","BCL11A"
0,2.1085060863085,0.854,0.272,0,"Dendritic cells","ANXA2"
0,1.71770782903985,0.724,0.144,0,"Dendritic cells","CRTAP"
0,1.36310531757886,0.771,0.192,0,"Dendritic cells","PARVG"
0,1.87457899613786,0.672,0.094,0,"Dendritic cells","PAK1"
0,2.37885727832022,0.729,0.151,0,"Dendritic cells","CTSH"
0,1.89927006645502,0.687,0.112,0,"Dendritic cells","PRCP"
0,1.98392974093059,0.732,0.157,0,"Dendritic cells","MAT2A"
0,1.84130862371307,0.704,0.129,0,"Dendritic cells","PRDX3"
0,1.46989679592692,0.779,0.206,0,"Dendritic cells","LAMTOR2"
0,1.77084296062056,0.962,0.389,0,"Dendritic cells","TUBA1B"
0,1.33043622498252,0.903,0.331,0,"Dendritic cells","COX5A"
0,2.22655729782892,0.673,0.102,0,"Dendritic cells","CFP"
0,2.22623023383692,0.982,0.411,0,"Dendritic cells","SAMHD1"
0,1.25168947957444,0.924,0.354,0,"Dendritic cells","CANX"
0,1.20165719479122,0.734,0.165,0,"Dendritic cells","ARF3"
0,1.9593376031543,0.738,0.171,0,"Dendritic cells","IFI30"
0,1.10702320396527,0.871,0.305,0,"Dendritic cells","CLTA"
0,1.37172267437776,0.926,0.361,0,"Dendritic cells","ATP5F1B"
0,1.12448716832523,0.888,0.324,0,"Dendritic cells","ARF5"
0,1.81456457906514,0.686,0.122,0,"Dendritic cells","LGALS9"
0,1.39009662899915,0.891,0.327,0,"Dendritic cells","PGLS"
0,1.5532762402292,0.885,0.321,0,"Dendritic cells","PLP2"
0,1.16217712510802,0.732,0.168,0,"Dendritic cells","MARCH1"
0,1.83888728204546,0.877,0.314,0,"Dendritic cells","C1orf162"
0,0.807142219392347,0.823,0.26,0,"Dendritic cells","LST1"
0,1.32257222967507,0.868,0.305,0,"Dendritic cells","CTSC"
0,1.88970008923366,0.829,0.267,0,"Dendritic cells","ANXA5"
0,3.37821678817455,0.588,0.026,0,"Dendritic cells","FLT3"
0,2.22383362290954,0.778,0.217,0,"Dendritic cells","LYZ"
0,1.63552086110154,0.845,0.284,0,"Dendritic cells","RNH1"
0,2.86105331684021,0.631,0.071,0,"Dendritic cells","CD86"
0,1.27172795292894,0.784,0.224,0,"Dendritic cells","HNRNPAB"
0,1.67322470592438,0.95,0.39,0,"Dendritic cells","HERPUD1"
0,1.70851209050475,0.675,0.118,0,"Dendritic cells","KLF10"
0,0.294714752154706,0.736,0.179,0,"Dendritic cells","RAB31"
0,2.74882448532065,0.655,0.099,0,"Dendritic cells","MS4A6A"
0,1.17800062713668,0.684,0.128,0,"Dendritic cells","ETV6"
0,1.40338558015168,0.66,0.104,0,"Dendritic cells","CORO1C"
0,1.93085876689381,0.695,0.139,0,"Dendritic cells","RRBP1"
0,1.13857371534099,0.733,0.179,0,"Dendritic cells","SFT2D1"
0,1.00344292556152,0.728,0.175,0,"Dendritic cells","SPI1"
0,1.28724358644318,0.649,0.097,0,"Dendritic cells","IL13RA1"
0,0.6241489023198,0.821,0.269,0,"Dendritic cells","MAP3K8"
0,1.46180534036841,0.74,0.19,0,"Dendritic cells","HMGA1"
0,0.770409837057032,0.919,0.369,0,"Dendritic cells","FKBP1A"
0,1.30234923727236,0.667,0.118,0,"Dendritic cells","AFF3"
0,0.617768452275046,0.753,0.204,0,"Dendritic cells","STX7"
0,0.953684915601074,0.729,0.181,0,"Dendritic cells","TRIM8"
0,1.03163047272786,0.854,0.308,0,"Dendritic cells","PSMA4"
0,1.09054479222298,0.772,0.227,0,"Dendritic cells","VPS35"
0,1.49082037630266,0.684,0.139,0,"Dendritic cells","BLVRB"
0,0.491556609236508,0.848,0.304,0,"Dendritic cells","PRKAR1A"
0,2.53962795585448,0.589,0.045,0,"Dendritic cells","ALCAM"
0,1.41787519728044,0.733,0.191,0,"Dendritic cells","FGL2"
0,1.19235526277268,0.867,0.325,0,"Dendritic cells","APEX1"
0,0.839898550380563,0.816,0.275,0,"Dendritic cells","LAPTM4A"
0,0.895895723964004,0.88,0.34,0,"Dendritic cells","IRF2BP2"
0,0.927349879376762,0.771,0.231,0,"Dendritic cells","MIS18BP1"
0,1.39015216607305,0.714,0.175,0,"Dendritic cells","ACAA1"
0,1.1634843278845,0.886,0.348,0,"Dendritic cells","TMED10"
0,1.23919231812262,0.706,0.168,0,"Dendritic cells","TXNDC17"
0,1.32677294322168,0.674,0.137,0,"Dendritic cells","PLSCR1"
0,1.23648012416814,0.754,0.217,0,"Dendritic cells","MYDGF"
0,1.38597580187494,0.713,0.176,0,"Dendritic cells","CALHM6"
0,0.831046345684352,0.85,0.313,0,"Dendritic cells","KIF5B"
0,1.12966109502224,0.801,0.265,0,"Dendritic cells","DNAJC15"
0,0.648529954984928,0.893,0.358,0,"Dendritic cells","GNB1"
0,0.88113754508659,0.773,0.238,0,"Dendritic cells","LYPLA1"
0,2.23610820747846,0.636,0.101,0,"Dendritic cells","FABP5"
0,0.912055544910622,0.829,0.294,0,"Dendritic cells","CIAO2B"
0,0.872824917158685,0.842,0.307,0,"Dendritic cells","CAPNS1"
0,0.965486317462967,0.896,0.363,0,"Dendritic cells","NDUFS6"
0,0.703541017167816,0.739,0.206,0,"Dendritic cells","CLTC"
0,0.75254674849277,0.857,0.324,0,"Dendritic cells","DOCK2"
0,3.20034773654513,0.994,0.461,0,"Dendritic cells","HLA-DPB1"
0,0.362579992673048,0.902,0.37,0,"Dendritic cells","PLEK"
0,0.568039010688998,0.868,0.336,0,"Dendritic cells","DYNLL1"
0,1.03810694787499,0.827,0.296,0,"Dendritic cells","PDIA6"
0,1.07747049556507,0.87,0.34,0,"Dendritic cells","HADHA"
0,1.94444555498287,0.629,0.099,0,"Dendritic cells","CSTA"
0,0.771336661809077,0.634,0.104,0,"Dendritic cells","RAB32"
0,0.59627965567607,0.9,0.371,0,"Dendritic cells","RTN4"
0,1.07244975525245,0.805,0.276,0,"Dendritic cells","CCT6A"
0,1.09681721158132,0.912,0.383,0,"Dendritic cells","ATP5F1C"
0,1.19528958407161,0.64,0.111,0,"Dendritic cells","CD68"
0,1.01458955057955,0.835,0.307,0,"Dendritic cells","PPM1G"
0,0.942585437157643,0.878,0.35,0,"Dendritic cells","SEM1"
0,0.649388572257707,0.789,0.261,0,"Dendritic cells","NCKAP1L"
0,0.968546085119921,0.88,0.352,0,"Dendritic cells","NDUFV2"
0,1.07134436442493,0.813,0.285,0,"Dendritic cells","RPN2"
0,1.02047392595824,0.79,0.263,0,"Dendritic cells","NDUFS8"
0,1.62334569542157,0.682,0.155,0,"Dendritic cells","LGALS3"
0,0.777197221338012,0.872,0.346,0,"Dendritic cells","M6PR"
0,2.8623725350562,0.584,0.058,0,"Dendritic cells","PEA15"
0,0.808056787699006,0.802,0.277,0,"Dendritic cells","REEP5"
0,1.25525055239942,0.711,0.186,0,"Dendritic cells","ATG3"
0,5.64926487175719,0.546,0.022,0,"Dendritic cells","CD1C"
0,1.05609325852475,0.793,0.269,0,"Dendritic cells","PFDN2"
0,2.00443760101417,0.654,0.13,0,"Dendritic cells","LY86"
0,1.30367697172124,0.952,0.428,0,"Dendritic cells","SNX3"
0,1.2479307705794,0.943,0.419,0,"Dendritic cells","ATP5F1A"
0,2.96331131331028,0.574,0.051,0,"Dendritic cells","IL18"
0,1.21579899815884,0.792,0.27,0,"Dendritic cells","VDAC1"
0,0.954067435208711,0.772,0.251,0,"Dendritic cells","BAG1"
0,1.88645909785624,0.638,0.118,0,"Dendritic cells","RCC2"
0,1.2182640691277,0.73,0.21,0,"Dendritic cells","PHPT1"
0,1.71615473098918,0.599,0.08,0,"Dendritic cells","CD36"
0,1.56835796153805,0.98,0.461,0,"Dendritic cells","VAMP8"
0,0.650755881452876,0.819,0.3,0,"Dendritic cells","SEPTIN2"
0,2.01129020443687,0.587,0.068,0,"Dendritic cells","CLEC4A"
0,0.597498469796502,0.843,0.325,0,"Dendritic cells","IQGAP2"
0,0.861163306908099,0.712,0.194,0,"Dendritic cells","MGAT1"
0,1.47225834116868,0.678,0.16,0,"Dendritic cells","NUDT1"
0,0.88389644594153,0.861,0.344,0,"Dendritic cells","HMGN3"
0,0.957009334858931,0.903,0.387,0,"Dendritic cells","ATP5PB"
0,1.9973812776114,0.6,0.084,0,"Dendritic cells","LMO2"
0,0.716805435064208,0.675,0.159,0,"Dendritic cells","PTTG1IP"
0,1.13321285916928,0.7,0.185,0,"Dendritic cells","ATOX1"
0,0.944735211058187,0.858,0.343,0,"Dendritic cells","AIF1"
0,0.653047061859641,0.807,0.294,0,"Dendritic cells","ARL5A"
0,0.998232398568806,0.806,0.293,0,"Dendritic cells","ATP5MC1"
0,0.680699753102179,0.729,0.216,0,"Dendritic cells","RBPJ"
0,1.19448583389538,0.685,0.173,0,"Dendritic cells","PPT1"
0,2.10291185428581,0.6,0.088,0,"Dendritic cells","RUFY3"
0,0.824954847381992,0.776,0.264,0,"Dendritic cells","TM9SF3"
0,0.790122150396918,0.887,0.375,0,"Dendritic cells","PSMA6"
0,1.15920574279103,0.635,0.124,0,"Dendritic cells","MYD88"
0,0.891353909455834,0.901,0.391,0,"Dendritic cells","NDUFC2"
0,4.52284337359807,0.535,0.025,0,"Dendritic cells","LILRB4"
0,0.932215839518287,0.758,0.249,0,"Dendritic cells","APPL1"
0,1.30148735194676,0.912,0.403,0,"Dendritic cells","CD164"
0,3.14550340342423,0.611,0.102,0,"Dendritic cells","APP"
0,2.74628028255161,0.564,0.055,0,"Dendritic cells","WDFY4"
0,0.376338752093184,0.844,0.335,0,"Dendritic cells","NOP10"
0,0.697072140438441,0.808,0.3,0,"Dendritic cells","RAB7A"
0,2.42985125598082,0.576,0.068,0,"Dendritic cells","FGD2"
0,1.25057941355653,0.655,0.147,0,"Dendritic cells","SPTLC2"
0,0.677166181382679,0.894,0.386,0,"Dendritic cells","PSMB3"
0,1.46379136797875,0.761,0.253,0,"Dendritic cells","PHB"
0,1.07578525180679,0.745,0.237,0,"Dendritic cells","NDUFA7"
0,0.43379943316544,0.702,0.195,0,"Dendritic cells","SNX10"
0,2.23688659906425,0.579,0.073,0,"Dendritic cells","HDAC9"
0,0.658376470504133,0.844,0.338,0,"Dendritic cells","ENY2"
0,0.889892032859621,0.766,0.26,0,"Dendritic cells","MRPL51"
0,0.418051216361443,0.732,0.226,0,"Dendritic cells","RILPL2"
0,0.911362558209025,0.815,0.309,0,"Dendritic cells","NDUFAB1"
0,0.648164148189597,0.86,0.354,0,"Dendritic cells","SH3KBP1"
0,0.658428596104943,0.758,0.253,0,"Dendritic cells","ZNF106"
0,1.7458968418492,0.631,0.126,0,"Dendritic cells","ERCC1"
0,0.901811587327638,0.816,0.311,0,"Dendritic cells","SRP72"
0,0.810821107926983,0.769,0.266,0,"Dendritic cells","VPS29"
0,1.11872411687652,0.945,0.443,0,"Dendritic cells","ATP5MF"
0,0.852488967863334,0.916,0.414,0,"Dendritic cells","KTN1"
0,1.31970695908154,0.928,0.427,0,"Dendritic cells","PRELID1"
0,0.681662494167126,0.792,0.291,0,"Dendritic cells","USF2"
0,0.977849452014223,0.643,0.142,0,"Dendritic cells","NAGK"
0,0.720439459205745,0.706,0.205,0,"Dendritic cells","HOOK3"
0,2.80518808262048,0.546,0.046,0,"Dendritic cells","HLA-DOA"
0,0.716892157151851,0.93,0.431,0,"Dendritic cells","POMP"
0,0.340261997246664,0.903,0.404,0,"Dendritic cells","LAMTOR1"
0,0.716924157635859,0.831,0.332,0,"Dendritic cells","PKM"
0,0.631280070667636,0.686,0.188,0,"Dendritic cells","HSBP1"
0,0.766890632029601,0.808,0.311,0,"Dendritic cells","DNAJC7"
0,0.769102164401294,0.772,0.275,0,"Dendritic cells","AC004687.1"
0,0.718678351470396,0.89,0.393,0,"Dendritic cells","COPE"
0,1.38763349104992,0.581,0.084,0,"Dendritic cells","GNB4"
0,0.912886722662599,0.778,0.282,0,"Dendritic cells","C17orf49"
0,0.989677227168029,0.885,0.389,0,"Dendritic cells","TRAM1"
0,1.84686187079613,0.974,0.478,0,"Dendritic cells","GSTP1"
0,0.929795442557579,0.853,0.357,0,"Dendritic cells","BST2"
0,0.559926912742103,0.805,0.31,0,"Dendritic cells","NAA38"
0,0.49426301356077,0.809,0.314,0,"Dendritic cells","RAB5C"
0,0.396094309536331,0.777,0.282,0,"Dendritic cells","RPS6KA3"
0,0.486119614087992,0.646,0.151,0,"Dendritic cells","MFSD1"
0,1.45551016977957,0.728,0.233,0,"Dendritic cells","CPNE3"
0,8.17971328659325,0.497,0.002,0,"Dendritic cells","ENHO"
0,0.797601976626533,0.811,0.317,0,"Dendritic cells","PSMB6"
0,0.914686968302768,0.744,0.25,0,"Dendritic cells","DDOST"
0,1.18162427497687,0.97,0.476,0,"Dendritic cells","GNG5"
0,0.788042577798136,0.861,0.367,0,"Dendritic cells","EIF3A"
0,0.89019546177003,0.742,0.248,0,"Dendritic cells","SUMO3"
0,0.759263147019067,0.668,0.175,0,"Dendritic cells","RAB10"
0,1.35689792592498,0.64,0.147,0,"Dendritic cells","UVRAG"
0,0.530628598857477,0.766,0.273,0,"Dendritic cells","RTF2"
0,0.722713448976295,0.774,0.282,0,"Dendritic cells","PSMB4"
0,0.94658358495294,0.901,0.409,0,"Dendritic cells","C1QBP"
0,0.326918175560546,0.705,0.213,0,"Dendritic cells","PTPN18"
0,1.03207834434325,0.753,0.261,0,"Dendritic cells","NDUFB5"
0,0.69908876480747,0.878,0.386,0,"Dendritic cells","UBE2L3"
0,0.850128689539465,0.915,0.424,0,"Dendritic cells","PSMA2"
0,2.81629491956667,0.544,0.053,0,"Dendritic cells","RPS6KA4"
0,2.0699623578767,0.599,0.108,0,"Dendritic cells","C20orf27"
0,1.1832595555973,0.666,0.176,0,"Dendritic cells","CYC1"
0,1.11526994645477,0.98,0.49,0,"Dendritic cells","RNASET2"
0,1.88409976833421,0.586,0.096,0,"Dendritic cells","EIF4EBP1"
0,0.622720365141893,0.959,0.47,0,"Dendritic cells","S100A11"
0,1.60280493419815,0.622,0.133,0,"Dendritic cells","TMEM109"
0,3.78343362758053,0.598,0.109,0,"Dendritic cells","TCF4"
0,1.89943896409958,0.567,0.078,0,"Dendritic cells","KIAA0930"
0,0.871661157787804,0.77,0.282,0,"Dendritic cells","DPP7"
0,1.02175287229052,0.676,0.188,0,"Dendritic cells","CAPRIN1"
0,1.79080849811776,0.586,0.098,0,"Dendritic cells","HEXB"
0,1.45120301047523,0.623,0.135,0,"Dendritic cells","CNDP2"
0,0.393002381254019,0.773,0.286,0,"Dendritic cells","RAB8A"
0,0.576137088578701,0.877,0.39,0,"Dendritic cells","TKT"
0,0.929798342928728,0.726,0.239,0,"Dendritic cells","NDUFS7"
0,1.28765040294003,0.643,0.158,0,"Dendritic cells","STARD7"
0,0.985993615941994,0.694,0.209,0,"Dendritic cells","ATP1B3"
0,0.468484672515379,0.761,0.276,0,"Dendritic cells","RAP2B"
0,0.724331899430478,0.738,0.253,0,"Dendritic cells","SNF8"
0,2.4692168409882,0.558,0.074,0,"Dendritic cells","GRASP"
0,0.345691183980267,0.776,0.292,0,"Dendritic cells","FOS"
0,0.620006145347746,0.751,0.267,0,"Dendritic cells","IL10RA"
0,0.80166976526212,0.891,0.408,0,"Dendritic cells","RBIS"
0,0.898955637136715,0.848,0.365,0,"Dendritic cells","ZNF706"
0,0.75175035985718,0.818,0.335,0,"Dendritic cells","MDH2"
0,1.50597064258036,0.562,0.08,0,"Dendritic cells","CDK2AP1"
0,0.81917814737979,0.812,0.33,0,"Dendritic cells","CCT8"
0,0.770356697597528,0.878,0.396,0,"Dendritic cells","SNRPE"
0,0.652544968507591,0.688,0.206,0,"Dendritic cells","CUX1"
0,0.884357281982464,0.671,0.19,0,"Dendritic cells","C4orf48"
0,0.790187223960717,0.748,0.267,0,"Dendritic cells","SYNCRIP"
0,0.4491006396015,0.695,0.214,0,"Dendritic cells","MLF2"
0,1.47182770703,0.975,0.494,0,"Dendritic cells","SLC25A5"
0,0.716508099468961,0.779,0.299,0,"Dendritic cells","COX16"
0,1.05802877113893,0.67,0.19,0,"Dendritic cells","VMA21"
0,0.482785416666566,0.76,0.28,0,"Dendritic cells","SUPT4H1"
0,0.79132490461766,0.608,0.128,0,"Dendritic cells","ETS2"
0,0.387923977927429,0.895,0.416,0,"Dendritic cells","CAPZA1"
0,0.686800019389481,0.77,0.291,0,"Dendritic cells","TRIM22"
0,2.77258218026168,0.529,0.05,0,"Dendritic cells","CD33"
0,1.08137465309928,0.622,0.143,0,"Dendritic cells","MTMR14"
0,1.00583505927382,0.967,0.488,0,"Dendritic cells","RAC1"
0,0.635830134256166,0.855,0.376,0,"Dendritic cells","CKLF"
0,0.913868561121242,0.947,0.468,0,"Dendritic cells","BRK1"
0,0.601449118001974,0.765,0.287,0,"Dendritic cells","APLP2"
0,1.61711980606442,0.57,0.092,0,"Dendritic cells","PTMS"
0,0.42859861084007,0.661,0.184,0,"Dendritic cells","ZYX"
0,0.495868932892258,0.719,0.242,0,"Dendritic cells","FAM120A"
0,0.419134008102903,0.938,0.461,0,"Dendritic cells","MOB1A"
0,1.76926385556151,0.541,0.065,0,"Dendritic cells","FES"
0,0.678265205265906,0.761,0.285,0,"Dendritic cells","ANAPC11"
0,2.70441770440476,0.999,0.523,0,"Dendritic cells","CD74"
0,3.16567592712687,0.616,0.14,0,"Dendritic cells","HLA-DQA2"
0,0.951226012355089,0.688,0.212,0,"Dendritic cells","KDELR2"
0,0.331402413805878,0.729,0.253,0,"Dendritic cells","TACC1"
0,1.71492033947513,0.607,0.132,0,"Dendritic cells","CCDC6"
0,1.24176349472631,0.621,0.146,0,"Dendritic cells","CMTM3"
0,2.33397579137431,0.539,0.065,0,"Dendritic cells","ZNF385A"
0,0.28672951137961,0.671,0.197,0,"Dendritic cells","ATP6V0D1"
0,0.510266123969389,0.824,0.35,0,"Dendritic cells","DDX21"
0,0.672564747215336,0.74,0.266,0,"Dendritic cells","CTDNEP1"
0,0.637920473949535,0.772,0.299,0,"Dendritic cells","NDUFB3"
0,0.975468231327568,0.695,0.222,0,"Dendritic cells","MRPS15"
0,0.726203614013902,0.738,0.265,0,"Dendritic cells","PSMA5"
0,1.89675084363215,0.989,0.516,0,"Dendritic cells","SEC61B"
0,0.869510046571176,0.875,0.402,0,"Dendritic cells","SEC11A"
0,0.960087702379452,0.678,0.207,0,"Dendritic cells","EIF6"
0,0.777550358283968,0.799,0.328,0,"Dendritic cells","MRPS24"
0,0.659852612018712,0.757,0.286,0,"Dendritic cells","DNAJA1"
0,1.6174627526592,0.527,0.056,0,"Dendritic cells","KCNK6"
0,0.740722613263464,0.747,0.276,0,"Dendritic cells","P4HB"
0,1.24318140825762,0.547,0.077,0,"Dendritic cells","DSE"
0,1.42123978237042,0.802,0.332,0,"Dendritic cells","PPA1"
0,1.22269280070205,0.646,0.176,0,"Dendritic cells","CDK2AP2"
0,1.05606543433467,0.633,0.163,0,"Dendritic cells","ADI1"
0,0.497521913371689,0.8,0.331,0,"Dendritic cells","PRPF40A"
0,1.43467432880223,0.614,0.145,0,"Dendritic cells","GRSF1"
0,1.29788117432588,0.613,0.144,0,"Dendritic cells","DNAJC4"
0,0.969899768586119,0.688,0.219,0,"Dendritic cells","ESD"
0,0.803522002764202,0.7,0.231,0,"Dendritic cells","KDELR1"
0,0.917156009207919,0.688,0.22,0,"Dendritic cells","DECR1"
0,0.87684487886025,0.741,0.274,0,"Dendritic cells","HSPD1"
0,0.7556710715733,0.69,0.223,0,"Dendritic cells","TWF2"
0,1.21035822074565,0.969,0.502,0,"Dendritic cells","MTDH"
0,0.542206269736485,0.749,0.283,0,"Dendritic cells","ZNHIT1"
0,0.75123626101492,0.659,0.193,0,"Dendritic cells","OS9"
0,1.15131001148647,0.669,0.203,0,"Dendritic cells","TIMM13"
0,0.983125738383067,0.654,0.189,0,"Dendritic cells","TIMM8B"
0,0.750812022001223,0.758,0.293,0,"Dendritic cells","TUFM"
0,0.783224439318595,0.696,0.231,0,"Dendritic cells","PSMB2"
0,0.913741053527091,0.73,0.265,0,"Dendritic cells","NHP2"
0,0.888319166571344,0.606,0.141,0,"Dendritic cells","ATP6AP1"
0,0.759426644851999,0.904,0.44,0,"Dendritic cells","DDT"
0,0.833324460553887,0.654,0.191,0,"Dendritic cells","NENF"
0,1.09929898660404,0.939,0.476,0,"Dendritic cells","AHNAK"
0,0.292715227498036,0.733,0.27,0,"Dendritic cells","PPP4C"
0,1.14398091529134,0.955,0.492,0,"Dendritic cells","EIF3L"
0,0.768370909045644,0.723,0.261,0,"Dendritic cells","MRPL52"
0,2.10241742091694,0.548,0.087,0,"Dendritic cells","SNRNP25"
0,0.269269233225273,0.704,0.243,0,"Dendritic cells","AKIRIN2"
0,1.4075357644128,0.58,0.119,0,"Dendritic cells","EIF4A3"
0,0.534371091893477,0.689,0.228,0,"Dendritic cells","RGS19"
0,1.17272594734645,0.542,0.082,0,"Dendritic cells","PLBD1"
0,0.416857702740528,0.741,0.281,0,"Dendritic cells","DBNL"
0,1.21761474487665,0.614,0.154,0,"Dendritic cells","TMX1"
0,0.423459077599637,0.735,0.275,0,"Dendritic cells","CSK"
0,1.79201008903297,0.539,0.08,0,"Dendritic cells","FEZ2"
0,1.0623726432003,0.646,0.187,0,"Dendritic cells","ERGIC3"
0,1.09252567087482,0.957,0.498,0,"Dendritic cells","ATP5MC3"
0,0.876877984038944,0.681,0.223,0,"Dendritic cells","TXN2"
0,0.334501022531832,0.949,0.491,0,"Dendritic cells","FAM49B"
0,0.610824221091874,0.923,0.467,0,"Dendritic cells","PGK1"
0,0.473225201575004,0.855,0.399,0,"Dendritic cells","PPP1CB"
0,1.10492159200724,0.607,0.151,0,"Dendritic cells","SMIM14"
0,0.691936932639002,0.946,0.49,0,"Dendritic cells","SRSF9"
0,3.01774077154196,0.505,0.05,0,"Dendritic cells","OPN3"
0,2.85811960852237,0.513,0.058,0,"Dendritic cells","IDH3A"
0,6.765695274977,0.468,0.013,0,"Dendritic cells","SERPINF1"
0,1.44079965536811,0.969,0.514,0,"Dendritic cells","HSP90B1"
0,0.773138977406025,0.653,0.199,0,"Dendritic cells","TRABD"
0,0.772568111540622,0.625,0.171,0,"Dendritic cells","RPN1"
0,4.0069549378704,0.534,0.081,0,"Dendritic cells","ITM2C"
0,0.707339915284284,0.895,0.442,0,"Dendritic cells","ARF6"
0,1.79350390160038,0.531,0.079,0,"Dendritic cells","BCL7A"
0,0.887703100425151,0.713,0.261,0,"Dendritic cells","CEBPD"
0,0.645967515710076,0.684,0.233,0,"Dendritic cells","RNF181"
0,0.907187302983673,0.925,0.474,0,"Dendritic cells","SEC61G"
0,0.586542716619302,0.651,0.2,0,"Dendritic cells","MYADM"
0,1.56618467451138,0.568,0.117,0,"Dendritic cells","MIF4GD"
0,1.04932683607498,0.635,0.185,0,"Dendritic cells","NDUFS4"
0,0.950590066258572,0.647,0.197,0,"Dendritic cells","FIBP"
0,0.5980278201449,0.699,0.249,0,"Dendritic cells","UBE2K"
0,0.709193059415362,0.618,0.168,0,"Dendritic cells","MEF2A"
0,0.817539814285027,0.889,0.44,0,"Dendritic cells","PSME2"
0,0.634465277564075,0.672,0.224,0,"Dendritic cells","MXD4"
0,1.85801393883103,0.547,0.099,0,"Dendritic cells","REPIN1"
0,0.765075215053302,0.923,0.475,0,"Dendritic cells","COX7B"
0,2.20447891219976,0.513,0.065,0,"Dendritic cells","NIPSNAP3A"
0,1.24154093504038,0.529,0.081,0,"Dendritic cells","EMILIN2"
0,2.72547375841162,0.494,0.046,0,"Dendritic cells","SLC1A5"
0,4.49574562180974,0.481,0.033,0,"Dendritic cells","IRF4"
0,0.904506475522424,0.614,0.166,0,"Dendritic cells","RB1"
0,1.08545408948693,0.62,0.173,0,"Dendritic cells","IFT20"
0,1.90314643958388,0.499,0.052,0,"Dendritic cells","IMPA2"
0,0.659633554528674,0.611,0.164,0,"Dendritic cells","DYNC1LI1"
0,0.556727779015082,0.698,0.251,0,"Dendritic cells","SPN"
0,0.928250733123292,0.963,0.517,0,"Dendritic cells","COX8A"
0,0.679512287299389,0.547,0.103,0,"Dendritic cells","TIMP2"
0,0.913517344871411,0.642,0.198,0,"Dendritic cells","MPG"
0,1.02621852430632,0.969,0.525,0,"Dendritic cells","DBI"
0,0.293278047687222,0.566,0.122,0,"Dendritic cells","BTK"
0,1.30395788004485,0.561,0.118,0,"Dendritic cells","SEC13"
0,0.740174715497878,0.532,0.089,0,"Dendritic cells","PARVB"
0,0.964888518024051,0.629,0.186,0,"Dendritic cells","PIM3"
0,1.18820133217136,0.979,0.536,0,"Dendritic cells","PARK7"
0,0.876303784779037,0.666,0.225,0,"Dendritic cells","OLA1"
0,2.12615144620269,0.531,0.09,0,"Dendritic cells","GAPT"
0,0.83450197735698,0.672,0.231,0,"Dendritic cells","NBDY"
0,2.57975840469846,0.498,0.057,0,"Dendritic cells","KLF4"
0,0.81497226692146,0.825,0.384,0,"Dendritic cells","TPI1"
0,0.836185082498564,0.551,0.111,0,"Dendritic cells","PLXDC2"
0,1.83914864962316,0.652,0.212,0,"Dendritic cells","SELENOS"
0,2.47368124420635,0.493,0.053,0,"Dendritic cells","NAGA"
0,0.758239233534691,0.664,0.225,0,"Dendritic cells","ILF2"
0,1.73255260912752,0.492,0.053,0,"Dendritic cells","SEMA4A"
0,0.900486018397777,0.626,0.187,0,"Dendritic cells","ECHDC1"
0,0.831076395166917,0.524,0.085,0,"Dendritic cells","SPECC1"
0,0.841998483306993,0.614,0.176,0,"Dendritic cells","EIF4E2"
0,0.526244138384292,0.675,0.238,0,"Dendritic cells","LTA4H"
0,2.48695296094325,0.489,0.052,0,"Dendritic cells","UBE2E2"
0,0.932934027804455,0.623,0.186,0,"Dendritic cells","TMEM147"
0,0.660769032460136,0.663,0.227,0,"Dendritic cells","APH1A"
0,0.637251117963378,0.682,0.246,0,"Dendritic cells","SEC31A"
0,0.531311488769589,0.653,0.217,0,"Dendritic cells","TMEM167A"
0,0.607455423061929,0.651,0.215,0,"Dendritic cells","CLTB"
0,0.540348840426703,0.636,0.2,0,"Dendritic cells","DNAJC3"
0,1.1167758871132,0.592,0.156,0,"Dendritic cells","NIPSNAP2"
0,0.956110341782917,0.599,0.163,0,"Dendritic cells","ACADVL"
0,0.698373841829361,0.685,0.25,0,"Dendritic cells","TUBB"
0,3.45594719749105,0.527,0.092,0,"Dendritic cells","IRF7"
0,1.04176269497188,0.608,0.173,0,"Dendritic cells","COMMD3"
0,0.548230374980356,0.629,0.194,0,"Dendritic cells","HM13"
0,0.64430424548232,0.592,0.157,0,"Dendritic cells","NOTCH2"
0,0.921714543749454,0.587,0.152,0,"Dendritic cells","SCNM1"
0,1.09204925794718,0.536,0.102,0,"Dendritic cells","CTNNA1"
0,0.705014684316785,0.932,0.498,0,"Dendritic cells","NDUFB2"
0,0.662445213919229,0.674,0.24,0,"Dendritic cells","PSMB7"
0,0.762008702786072,0.653,0.219,0,"Dendritic cells","VPS36"
0,0.847034569019236,0.634,0.2,0,"Dendritic cells","COPZ1"
0,7.4658743294252,0.437,0.003,0,"Dendritic cells","GAS6"
0,0.760840238787673,0.705,0.271,0,"Dendritic cells","TIMP1"
0,1.29049677676895,0.554,0.121,0,"Dendritic cells","MAP2K1"
0,0.874482902094492,0.616,0.183,0,"Dendritic cells","NDUFS2"
0,2.84969685456785,0.495,0.062,0,"Dendritic cells","CLN8"
0,0.983500041050043,0.53,0.098,0,"Dendritic cells","FAM49A"
0,0.990965045120497,0.512,0.08,0,"Dendritic cells","PRKCD"
0,0.373751414011222,0.651,0.22,0,"Dendritic cells","VCP"
0,0.756456800134761,0.651,0.22,0,"Dendritic cells","MRPL11"
0,0.901440854915654,0.632,0.201,0,"Dendritic cells","GLO1"
0,0.829208582925354,0.967,0.536,0,"Dendritic cells","LSP1"
0,0.610834779431928,0.653,0.223,0,"Dendritic cells","DDX27"
0,1.4081357043295,0.592,0.162,0,"Dendritic cells","A1BG"
0,0.812300695124628,0.673,0.244,0,"Dendritic cells","PABPC4"
0,0.671958322374767,0.642,0.213,0,"Dendritic cells","IDH3G"
0,0.870568168521038,0.63,0.201,0,"Dendritic cells","OXA1L"
0,1.14756502749734,0.584,0.155,0,"Dendritic cells","AKR1A1"
0,0.695044548419071,0.591,0.162,0,"Dendritic cells","UBE2A"
0,0.733145312770247,0.624,0.196,0,"Dendritic cells","HADHB"
0,1.00821247527486,0.515,0.088,0,"Dendritic cells","APAF1"
0,1.12119228522568,0.56,0.134,0,"Dendritic cells","CBX6"
0,2.48197730574368,0.485,0.059,0,"Dendritic cells","ATG101"
0,0.43379422026607,0.595,0.169,0,"Dendritic cells","CHPT1"
0,3.15895657087765,0.453,0.028,0,"Dendritic cells","P2RY14"
0,2.08299135921167,0.49,0.065,0,"Dendritic cells","BRI3BP"
0,0.358787371115766,0.619,0.194,0,"Dendritic cells","PPP1R15A"
0,1.1148006525526,0.534,0.11,0,"Dendritic cells","UNC119"
0,2.02829382257076,0.49,0.066,0,"Dendritic cells","FBP1"
0,1.81044771341764,0.506,0.082,0,"Dendritic cells","NANS"
0,1.08381045125997,0.582,0.158,0,"Dendritic cells","ATXN10"
0,0.569574016793558,0.639,0.216,0,"Dendritic cells","COPB1"
0,0.257635392999914,0.541,0.119,0,"Dendritic cells","IL6R"
0,1.50914526547191,0.528,0.106,0,"Dendritic cells","DUSP23"
0,0.844461248355531,0.685,0.263,0,"Dendritic cells","B4GALT1"
0,0.715039885972886,0.609,0.187,0,"Dendritic cells","C1orf43"
0,1.11416440225556,0.489,0.067,0,"Dendritic cells","SLC8A1"
0,0.673949130233437,0.571,0.149,0,"Dendritic cells","PLEKHB2"
0,1.16413670367518,0.532,0.111,0,"Dendritic cells","CCDC47"
0,0.283529222032776,0.527,0.106,0,"Dendritic cells","HCK"
0,0.978985595473722,0.593,0.172,0,"Dendritic cells","AKR7A2"
0,0.802355648472836,0.623,0.202,0,"Dendritic cells","TRIM44"
0,0.795626159221288,0.652,0.232,0,"Dendritic cells","LARS"
0,0.646532736639399,0.605,0.185,0,"Dendritic cells","HDGF"
0,0.370554577999032,0.614,0.194,0,"Dendritic cells","HACD4"
0,1.01425087080125,0.631,0.212,0,"Dendritic cells","CASP1"
0,0.637264299739438,0.634,0.215,0,"Dendritic cells","EIF3J"
0,1.85851681096167,0.51,0.091,0,"Dendritic cells","AC007952.4"
0,0.31319181105369,0.593,0.174,0,"Dendritic cells","FGR"
0,0.555812937937739,0.61,0.191,0,"Dendritic cells","GALNT1"
0,0.468444750426178,0.631,0.213,0,"Dendritic cells","DR1"
0,2.18469261693106,0.477,0.059,0,"Dendritic cells","MIR181A1HG"
0,0.769501993552261,0.578,0.16,0,"Dendritic cells","SPG21"
0,1.14356713251618,0.466,0.049,0,"Dendritic cells","HIP1"
0,0.514963990180332,0.657,0.24,0,"Dendritic cells","CHMP1B"
0,1.22354953426858,0.57,0.153,0,"Dendritic cells","MRPL3"
0,0.344919549487574,0.623,0.207,0,"Dendritic cells","RAB4A"
0,4.30091180978977,0.434,0.018,0,"Dendritic cells","MYCL"
0,1.73428897937061,0.492,0.077,0,"Dendritic cells","SOX4"
0,0.813624640745681,0.611,0.196,0,"Dendritic cells","BUD23"
0,0.571856165438092,0.627,0.213,0,"Dendritic cells","LSM10"
0,4.06458003893811,0.504,0.09,0,"Dendritic cells","UGCG"
0,0.673015148942025,0.633,0.219,0,"Dendritic cells","SPAG7"
0,0.817912998736546,0.591,0.177,0,"Dendritic cells","NARS"
0,0.462137475626355,0.551,0.138,0,"Dendritic cells","FOXN2"
0,0.599837315700407,0.636,0.223,0,"Dendritic cells","XPO1"
0,1.29755105963445,0.543,0.13,0,"Dendritic cells","QARS"
0,1.39380914328306,0.515,0.102,0,"Dendritic cells","YWHAG"
0,1.73676324322392,0.475,0.062,0,"Dendritic cells","SRGAP2"
0,0.808383009875948,0.595,0.182,0,"Dendritic cells","SUCLG1"
0,0.686845874539746,0.6,0.187,0,"Dendritic cells","PSMD2"
0,0.832527803353359,0.605,0.192,0,"Dendritic cells","FKBP3"
0,3.99450961768052,0.433,0.02,0,"Dendritic cells","LGMN"
0,0.809613727000102,0.933,0.521,0,"Dendritic cells","ENO1"
0,2.32050953686442,0.469,0.057,0,"Dendritic cells","TBC1D9"
0,0.767940029678206,0.601,0.189,0,"Dendritic cells","SMC1A"
0,0.644146690479753,0.632,0.221,0,"Dendritic cells","SNX17"
0,1.02044931831749,0.572,0.161,0,"Dendritic cells","GRHPR"
0,0.703535643268891,0.506,0.096,0,"Dendritic cells","LY96"
0,3.46126835967148,0.433,0.023,0,"Dendritic cells","PON2"
0,5.50889691756549,0.417,0.007,0,"Dendritic cells","CLIC2"
0,2.74922480095638,0.452,0.043,0,"Dendritic cells","CD1D"
0,0.881038981297157,0.509,0.1,0,"Dendritic cells","WARS"
0,2.56245108247864,0.458,0.049,0,"Dendritic cells","RAB34"
0,1.91375382407748,0.499,0.091,0,"Dendritic cells","RUNX2"
0,1.21561998949129,0.542,0.134,0,"Dendritic cells","LPXN"
0,0.780848003213969,0.547,0.139,0,"Dendritic cells","FLII"
0,0.631565233890047,0.587,0.179,0,"Dendritic cells","COMMD8"
0,0.74884567454394,0.599,0.191,0,"Dendritic cells","AP3S1"
0,0.46830425518805,0.614,0.207,0,"Dendritic cells","ZFP91"
0,2.51851234892584,0.456,0.049,0,"Dendritic cells","PLXNB2"
0,1.42379637790772,0.564,0.157,0,"Dendritic cells","MAPKAPK2"
0,0.944679598905783,0.578,0.171,0,"Dendritic cells","NDUFS3"
0,0.930853470371764,0.541,0.135,0,"Dendritic cells","HDLBP"
0,0.84696766030153,0.53,0.124,0,"Dendritic cells","CYB5R3"
0,0.644127329965249,0.586,0.18,0,"Dendritic cells","TUBGCP2"
0,0.657765111461483,0.617,0.213,0,"Dendritic cells","SDHB"
0,0.786098488449321,0.508,0.104,0,"Dendritic cells","PLCB2"
0,0.758772275053095,0.529,0.125,0,"Dendritic cells","CHP1"
0,1.25160491991797,0.501,0.098,0,"Dendritic cells","DDAH2"
0,0.374883970425546,0.528,0.125,0,"Dendritic cells","STX11"
0,1.00442733823653,0.6,0.198,0,"Dendritic cells","UBE2J1"
0,0.983850806644353,0.534,0.133,0,"Dendritic cells","EIF4G1"
0,1.19788421336391,0.544,0.143,0,"Dendritic cells","SND1"
0,0.689579075814827,0.97,0.569,0,"Dendritic cells","EID1"
0,4.20933932287981,0.414,0.013,0,"Dendritic cells","NDRG2"
0,1.17112648692067,0.531,0.131,0,"Dendritic cells","ARHGAP5"
0,0.663804850065991,0.588,0.188,0,"Dendritic cells","CHD9"
0,0.835768524421597,0.575,0.175,0,"Dendritic cells","PSMC4"
0,0.943574125832649,0.571,0.171,0,"Dendritic cells","HSD17B10"
0,0.671798839400723,0.604,0.205,0,"Dendritic cells","IAH1"
0,0.988045355479872,0.549,0.15,0,"Dendritic cells","UQCRC1"
0,0.71415197968492,0.958,0.559,0,"Dendritic cells","SERBP1"
0,1.28696852627703,0.489,0.091,0,"Dendritic cells","NDRG1"
0,4.23559615297804,0.414,0.016,0,"Dendritic cells","ST14"
0,0.915923774400932,0.523,0.126,0,"Dendritic cells","FCN1"
0,0.956090588060966,0.558,0.161,0,"Dendritic cells","GLUD1"
0,1.00515762031205,0.969,0.572,0,"Dendritic cells","SLC25A3"
0,0.944871432060744,0.514,0.117,0,"Dendritic cells","SLC66A2"
0,1.09802898391439,0.497,0.1,0,"Dendritic cells","GRK3"
0,0.703694364670608,0.582,0.186,0,"Dendritic cells","SEC63"
0,2.50778630201299,0.442,0.047,0,"Dendritic cells","CSF1R"
0,1.20750361135302,0.496,0.101,0,"Dendritic cells","HSD17B12"
0,1.24226425189081,0.964,0.569,0,"Dendritic cells","CRIP1"
0,2.29416482208188,0.44,0.045,0,"Dendritic cells","CBFA2T3"
0,0.594332495374623,0.601,0.207,0,"Dendritic cells","NFKB1"
0,0.33673730365056,0.506,0.112,0,"Dendritic cells","CLEC12A"
0,2.96638899970838,0.423,0.029,0,"Dendritic cells","NREP"
0,0.648640801627713,0.582,0.188,0,"Dendritic cells","MPC1"
0,0.331681573504615,0.528,0.135,0,"Dendritic cells","OSBPL11"
0,0.947933474969105,0.524,0.132,0,"Dendritic cells","SERTAD2"
0,0.920758221544742,0.563,0.171,0,"Dendritic cells","ITGAE"
0,0.425632761561362,0.553,0.162,0,"Dendritic cells","NUP214"
0,0.638745446213622,0.567,0.176,0,"Dendritic cells","AUP1"
0,0.895032121186621,0.632,0.242,0,"Dendritic cells","CAPN2"
0,1.85061255426843,0.462,0.072,0,"Dendritic cells","KYNU"
0,2.34203689249164,0.426,0.036,0,"Dendritic cells","SPATS2L"
0,0.330998282589135,0.554,0.164,0,"Dendritic cells","FLOT1"
0,0.782959610171265,0.531,0.142,0,"Dendritic cells","DUSP22"
0,0.851777190115105,0.497,0.108,0,"Dendritic cells","LACTB"
0,1.03332867936001,0.979,0.59,0,"Dendritic cells","PPIB"
0,1.16842273726166,0.604,0.216,0,"Dendritic cells","DCK"
0,0.668231837183778,0.548,0.16,0,"Dendritic cells","TNKS2"
0,0.425832202430739,0.557,0.169,0,"Dendritic cells","CBL"
0,1.41786568288909,0.755,0.367,0,"Dendritic cells","CSTB"
0,1.22992434528005,0.483,0.096,0,"Dendritic cells","RNPEP"
0,1.29498766567898,0.428,0.041,0,"Dendritic cells","GPAT3"
0,0.978806184973883,0.535,0.148,0,"Dendritic cells","RALA"
0,0.98118269239583,0.536,0.149,0,"Dendritic cells","PLEC"
0,0.913868998431255,0.519,0.132,0,"Dendritic cells","ELMSAN1"
0,0.835085798196518,0.572,0.185,0,"Dendritic cells","ABCE1"
0,0.951635182021914,0.486,0.1,0,"Dendritic cells","HHEX"
0,1.0063579998057,0.525,0.139,0,"Dendritic cells","COMMD9"
0,0.572533539930981,0.519,0.134,0,"Dendritic cells","ELMO1"
0,0.806461806648562,0.544,0.159,0,"Dendritic cells","SNX5"
0,0.765694539877234,0.48,0.096,0,"Dendritic cells","IGFBP7"
0,0.683964865393445,0.556,0.173,0,"Dendritic cells","ZSWIM7"
0,1.30177546076117,0.473,0.09,0,"Dendritic cells","MYCBP"
0,1.11541732942809,0.522,0.139,0,"Dendritic cells","MRPL23"
0,3.39999103048435,0.406,0.023,0,"Dendritic cells","RTN1"
0,3.18687491408011,0.434,0.051,0,"Dendritic cells","SPIB"
0,1.07688328189015,0.491,0.109,0,"Dendritic cells","MAPKAPK3"
0,1.24316936984868,0.448,0.066,0,"Dendritic cells","MOB1B"
0,0.709242875544103,0.52,0.138,0,"Dendritic cells","SGK3"
0,1.19959041394548,0.499,0.117,0,"Dendritic cells","NUDT22"
0,0.965558534238349,0.971,0.589,0,"Dendritic cells","ERP29"
0,1.05461882781769,0.534,0.152,0,"Dendritic cells","CIAO2A"
0,0.481146638510778,0.573,0.191,0,"Dendritic cells","NUTM2B-AS1"
0,0.681570637488332,0.494,0.113,0,"Dendritic cells","PIK3CG"
0,1.71313201383627,0.641,0.26,0,"Dendritic cells","C12orf75"
0,0.784724797100248,0.554,0.174,0,"Dendritic cells","SMARCB1"
0,0.61833448699546,0.543,0.163,0,"Dendritic cells","VOPP1"
0,0.927894717990641,0.529,0.149,0,"Dendritic cells","TIMM10"
0,0.340201089276923,0.499,0.119,0,"Dendritic cells","TSEN34"
0,0.701283669998548,0.552,0.173,0,"Dendritic cells","LSM12"
0,1.38092670342675,0.456,0.077,0,"Dendritic cells","CTNNBIP1"
0,1.00977056344169,0.528,0.149,0,"Dendritic cells","HINT2"
0,0.628178528319993,0.571,0.192,0,"Dendritic cells","FYTTD1"
0,0.752710310049488,0.541,0.163,0,"Dendritic cells","ALYREF"
0,1.18020768133497,0.504,0.127,0,"Dendritic cells","N4BP2"
0,0.584173073821343,0.52,0.143,0,"Dendritic cells","SRA1"
0,2.14805540304043,0.425,0.048,0,"Dendritic cells","SMCO4"
0,0.253098364615147,0.47,0.093,0,"Dendritic cells","C15orf39"
0,0.577503334015161,0.454,0.077,0,"Dendritic cells","LRRC25"
0,0.780362682694402,0.522,0.146,0,"Dendritic cells","TBC1D5"
0,0.630310973559668,0.478,0.102,0,"Dendritic cells","ANTXR2"
0,0.529781482580305,0.46,0.084,0,"Dendritic cells","RNF144B"
0,1.2546631934264,0.5,0.124,0,"Dendritic cells","BZW2"
0,1.08076410634908,0.525,0.149,0,"Dendritic cells","ETHE1"
0,0.54231049711753,0.502,0.127,0,"Dendritic cells","LMO4"
0,0.52520619997481,0.97,0.595,0,"Dendritic cells","GNAI2"
0,0.995881545403119,0.496,0.121,0,"Dendritic cells","HDAC2"
0,0.878881017806234,0.519,0.144,0,"Dendritic cells","CHCHD1"
0,0.811401873837158,0.504,0.129,0,"Dendritic cells","FCHSD2"
0,0.729757772423535,0.517,0.142,0,"Dendritic cells","DCAF7"
0,0.985097611028243,0.487,0.113,0,"Dendritic cells","HSD17B4"
0,0.867449946717077,0.454,0.08,0,"Dendritic cells","ZMIZ1"
0,0.699963104530568,0.551,0.178,0,"Dendritic cells","CHCHD5"
0,0.642497200791809,0.503,0.13,0,"Dendritic cells","STAT2"
0,0.740515767654397,0.505,0.132,0,"Dendritic cells","WDFY2"
0,1.02102347943777,0.466,0.093,0,"Dendritic cells","SCO2"
0,1.7787530620709,0.443,0.071,0,"Dendritic cells","RASSF4"
0,1.81283595980593,0.446,0.074,0,"Dendritic cells","FUOM"
0,0.636332212920681,0.546,0.175,0,"Dendritic cells","IDH2"
0,0.522795940735401,0.542,0.171,0,"Dendritic cells","KCNAB2"
0,0.572320187590697,0.5,0.129,0,"Dendritic cells","EIF4G3"
0,1.5380792052202,0.436,0.065,0,"Dendritic cells","DIPK2A"
0,2.15869793939762,0.494,0.123,0,"Dendritic cells","CYB561A3"
0,0.681538149677901,0.487,0.116,0,"Dendritic cells","METTL7A"
0,0.589411251251152,0.968,0.598,0,"Dendritic cells","CLIC1"
0,0.968610136094261,0.508,0.138,0,"Dendritic cells","SSRP1"
0,0.365588486451108,0.541,0.171,0,"Dendritic cells","RIN3"
0,1.16225808699048,0.468,0.098,0,"Dendritic cells","KIAA0100"
0,0.527081715049067,0.547,0.178,0,"Dendritic cells","IFNAR2"
0,1.39054037277157,0.462,0.093,0,"Dendritic cells","MTCH2"
0,1.07111607109224,0.481,0.112,0,"Dendritic cells","NCOR2"
0,0.934011123128704,0.475,0.106,0,"Dendritic cells","ADCY7"
0,0.51096668449921,0.501,0.133,0,"Dendritic cells","RHOC"
0,1.91555228899147,0.488,0.12,0,"Dendritic cells","CD2AP"
0,1.30223426985292,0.5,0.132,0,"Dendritic cells","PDIA4"
0,0.643785667873362,0.507,0.14,0,"Dendritic cells","AHCYL1"
0,0.755004371183549,0.516,0.149,0,"Dendritic cells","TMED7"
0,0.359535001604509,0.528,0.161,0,"Dendritic cells","PARP4"
0,0.831980768356504,0.524,0.158,0,"Dendritic cells","DNAJC10"
0,1.08342821811484,0.41,0.044,0,"Dendritic cells","DAB2"
0,0.943765727221183,0.523,0.157,0,"Dendritic cells","TTC37"
0,1.64759161453534,0.443,0.077,0,"Dendritic cells","NAPRT"
0,0.276393956888789,0.53,0.164,0,"Dendritic cells","SLK"
0,0.854087207228197,0.512,0.146,0,"Dendritic cells","NDUFV3"
0,1.85738533775879,0.461,0.096,0,"Dendritic cells","CERS6"
0,3.22902971399537,0.393,0.028,0,"Dendritic cells","DST"
0,1.0266799012943,0.44,0.075,0,"Dendritic cells","SLC12A9"
0,0.327833636349927,0.465,0.1,0,"Dendritic cells","TUBA1C"
0,1.47567251861155,0.459,0.094,0,"Dendritic cells","UCHL3"
0,1.26131140694611,0.442,0.077,0,"Dendritic cells","C19orf38"
0,0.378400945900308,0.501,0.137,0,"Dendritic cells","TMEM131"
0,0.892417923132416,0.512,0.148,0,"Dendritic cells","NAAA"
0,1.24622853264203,0.455,0.091,0,"Dendritic cells","HGSNAT"
0,0.730495189933603,0.518,0.154,0,"Dendritic cells","DNM1L"
0,0.801158043866029,0.481,0.118,0,"Dendritic cells","EDEM1"
0,1.18826820697577,0.482,0.119,0,"Dendritic cells","NME1"
0,0.762198986504466,0.529,0.166,0,"Dendritic cells","PQBP1"
0,4.16005696472909,0.376,0.014,0,"Dendritic cells","BATF3"
0,0.586042579234938,0.526,0.164,0,"Dendritic cells","DEGS1"
0,1.60342134172183,0.463,0.101,0,"Dendritic cells","HIGD1A"
0,0.730740297192087,0.499,0.137,0,"Dendritic cells","VKORC1"
0,1.1064226210624,0.547,0.186,0,"Dendritic cells","CXXC5"
0,0.8768030170011,0.507,0.146,0,"Dendritic cells","NDUFA9"
0,1.13793278568819,0.432,0.072,0,"Dendritic cells","TMEM170B"
0,0.447221715738059,0.524,0.164,0,"Dendritic cells","PDLIM2"
0,1.92157387024614,0.413,0.053,0,"Dendritic cells","SERPINB8"
0,1.5743580946445,0.416,0.056,0,"Dendritic cells","YIF1B"
0,2.16482776901137,0.406,0.047,0,"Dendritic cells","SCRN1"
0,0.662655594372124,0.5,0.141,0,"Dendritic cells","DNAJB11"
0,0.542008199548386,0.512,0.153,0,"Dendritic cells","PPIP5K2"
0,0.517198213387488,0.489,0.13,0,"Dendritic cells","PIK3AP1"
0,1.14431573742825,0.441,0.082,0,"Dendritic cells","MPST"
0,0.303068281201412,0.518,0.16,0,"Dendritic cells","ASAP1"
0,1.27278680143222,0.447,0.089,0,"Dendritic cells","P4HA1"
0,0.543884517205338,0.516,0.158,0,"Dendritic cells","ME2"
0,1.31751190986068,0.471,0.114,0,"Dendritic cells","PAIP1"
0,1.53496208797222,0.415,0.058,0,"Dendritic cells","ACER3"
0,0.63153876421139,0.508,0.151,0,"Dendritic cells","HEXA"
0,1.2478669640761,0.462,0.107,0,"Dendritic cells","LTV1"
0,0.299886267129336,0.509,0.154,0,"Dendritic cells","KCTD20"
0,0.27139560483676,0.448,0.093,0,"Dendritic cells","PILRA"
0,0.848354228340338,0.504,0.149,0,"Dendritic cells","DDB1"
0,2.058427978396,0.397,0.043,0,"Dendritic cells","DUSP3"
0,0.886627328528922,0.487,0.133,0,"Dendritic cells","RAP1GDS1"
0,0.834372973849244,0.492,0.139,0,"Dendritic cells","PSENEN"
0,1.98278782286892,0.452,0.1,0,"Dendritic cells","SCARB2"
0,1.05382471074968,0.457,0.106,0,"Dendritic cells","AP3D1"
0,0.74447716904989,0.476,0.125,0,"Dendritic cells","ANXA4"
0,2.42969112959307,0.382,0.031,0,"Dendritic cells","CRYBG3"
0,0.535923389543847,0.505,0.154,0,"Dendritic cells","CNOT8"
0,0.567313683560531,0.508,0.157,0,"Dendritic cells","NUDT5"
0,0.737725280869618,0.49,0.139,0,"Dendritic cells","GLRX3"
0,1.17248789143681,0.411,0.06,0,"Dendritic cells","SLC15A3"
0,0.697901376697329,0.503,0.152,0,"Dendritic cells","COPS3"
0,1.36832478848049,0.443,0.092,0,"Dendritic cells","GNG7"
0,0.996884781085183,0.459,0.109,0,"Dendritic cells","CS"
0,0.252674480634071,0.474,0.124,0,"Dendritic cells","NAIP"
0,1.17094077634267,0.471,0.121,0,"Dendritic cells","CDYL"
0,0.719735769978683,0.464,0.115,0,"Dendritic cells","COPB2"
0,2.20478920031054,0.401,0.052,0,"Dendritic cells","CYFIP1"
0,0.509707624370492,0.449,0.1,0,"Dendritic cells","UHRF1BP1L"
0,2.27626939098896,0.395,0.047,0,"Dendritic cells","SH3TC1"
0,0.443526963797086,0.454,0.106,0,"Dendritic cells","RCOR1"
0,0.578716676756222,0.448,0.1,0,"Dendritic cells","PPP1R9B"
0,0.642361055205886,0.475,0.127,0,"Dendritic cells","SNAP29"
0,5.069449517037,0.355,0.008,0,"Dendritic cells","SCN9A"
0,1.17364248421932,0.469,0.122,0,"Dendritic cells","MRPL36"
0,1.17819962694339,0.988,0.641,0,"Dendritic cells","EIF4A1"
0,0.951817626040606,0.45,0.104,0,"Dendritic cells","CREG1"
0,0.629107848421755,0.468,0.122,0,"Dendritic cells","ATP6V1D"
0,0.969394593022569,0.445,0.099,0,"Dendritic cells","SNX18"
0,0.977879126734561,0.483,0.137,0,"Dendritic cells","TSPAN3"
0,1.60602203659824,0.407,0.062,0,"Dendritic cells","HAVCR2"
0,1.83374186199814,0.41,0.065,0,"Dendritic cells","PCBD1"
0,1.66196028096841,0.417,0.073,0,"Dendritic cells","TTC7A"
0,0.52769733675616,0.458,0.115,0,"Dendritic cells","VCAN"
0,0.646871268066239,0.983,0.64,0,"Dendritic cells","SERP1"
0,2.02706625002584,0.393,0.051,0,"Dendritic cells","MAP3K20"
0,1.78393297254641,0.401,0.059,0,"Dendritic cells","FNIP2"
0,0.82868703773817,0.403,0.061,0,"Dendritic cells","CYSTM1"
0,0.929853813952868,0.449,0.107,0,"Dendritic cells","GUSB"
0,2.25829226295219,0.378,0.036,0,"Dendritic cells","GNA15"
0,0.870733420623988,0.491,0.149,0,"Dendritic cells","NGLY1"
0,1.37485454915935,0.429,0.087,0,"Dendritic cells","FAM118A"
0,0.745251332791097,0.463,0.122,0,"Dendritic cells","PSMD1"
0,0.552584837552565,0.478,0.137,0,"Dendritic cells","AOAH"
0,0.387080865615435,0.418,0.077,0,"Dendritic cells","AC090559.1"
0,2.01086537937928,0.477,0.136,0,"Dendritic cells","VEGFB"
0,1.5239734294978,0.405,0.065,0,"Dendritic cells","GLB1"
0,0.485900223211121,0.488,0.148,0,"Dendritic cells","MORF4L2"
0,1.02710143382651,0.454,0.115,0,"Dendritic cells","SLC66A3"
0,0.448132818056159,0.483,0.144,0,"Dendritic cells","DCUN1D1"
0,0.793467231179832,0.481,0.142,0,"Dendritic cells","EEF1E1"
0,1.37599646463457,0.429,0.092,0,"Dendritic cells","ZNRF2"
0,0.54952491275422,0.43,0.093,0,"Dendritic cells","ADAM28"
0,1.41557529661724,0.418,0.081,0,"Dendritic cells","DCPS"
0,0.725125867241795,0.475,0.138,0,"Dendritic cells","KHSRP"
0,0.964328562511149,0.833,0.496,0,"Dendritic cells","TSPO"
0,1.67285424316807,0.394,0.058,0,"Dendritic cells","FCGR2B"
0,0.307470179433143,0.44,0.104,0,"Dendritic cells","CTBP2"
0,0.840588517669624,0.442,0.106,0,"Dendritic cells","RAB4B"
0,0.844415461238156,0.453,0.118,0,"Dendritic cells","SLC25A24"
0,2.27423569664925,0.371,0.036,0,"Dendritic cells","SLC9A7"
0,1.48354441974484,0.414,0.079,0,"Dendritic cells","SCIMP"
0,1.63961035794177,0.398,0.064,0,"Dendritic cells","GNA12"
0,0.317720732559231,0.466,0.133,0,"Dendritic cells","EHBP1L1"
0,0.885184132509707,0.461,0.128,0,"Dendritic cells","EEA1"
0,1.18073756356085,0.439,0.106,0,"Dendritic cells","NME4"
0,1.18716124708821,0.8,0.467,0,"Dendritic cells","COTL1"
0,1.19113181448973,0.435,0.102,0,"Dendritic cells","DIAPH2"
0,0.664252487625002,0.479,0.146,0,"Dendritic cells","CCS"
0,1.05017961777553,0.388,0.056,0,"Dendritic cells","MCTP1"
0,1.1890262579966,0.43,0.098,0,"Dendritic cells","AGPAT3"
0,1.42639842124584,0.387,0.056,0,"Dendritic cells","ZNF467"
0,0.552841547225526,0.435,0.104,0,"Dendritic cells","PLIN3"
0,0.486057785450564,0.988,0.657,0,"Dendritic cells","TAGLN2"
0,0.907937384359601,0.458,0.128,0,"Dendritic cells","TCERG1"
0,1.07284182172364,0.407,0.077,0,"Dendritic cells","MS4A7"
0,0.617926926749068,0.984,0.654,0,"Dendritic cells","RNASEK"
0,0.611097970635878,0.454,0.125,0,"Dendritic cells","CNPPD1"
0,1.06856266603291,0.434,0.105,0,"Dendritic cells","TMX3"
0,1.12208260473592,0.441,0.113,0,"Dendritic cells","IPO5"
0,0.805315970240307,0.456,0.128,0,"Dendritic cells","WDR61"
0,0.94665390681384,0.453,0.125,0,"Dendritic cells","MRPL4"
0,1.58003359630167,0.395,0.067,0,"Dendritic cells","MAP4K1"
0,0.36163963734047,0.98,0.652,0,"Dendritic cells","ARPC5"
0,0.473689055809124,0.983,0.655,0,"Dendritic cells","ACTR2"
0,0.581598428103308,0.438,0.111,0,"Dendritic cells","CEP170"
0,1.00244785764395,0.445,0.118,0,"Dendritic cells","PTPMT1"
0,1.42993502028494,0.989,0.662,0,"Dendritic cells","NME2"
0,0.746772666149194,0.428,0.102,0,"Dendritic cells","RRAGC"
0,1.29647558821289,0.403,0.078,0,"Dendritic cells","TPMT"
0,1.18144946926147,0.417,0.092,0,"Dendritic cells","PPA2"
0,0.971818941627714,0.438,0.114,0,"Dendritic cells","RPL26L1"
0,0.438010999123382,0.428,0.104,0,"Dendritic cells","TNRC18"
0,0.908571005268617,0.408,0.084,0,"Dendritic cells","FKBP15"
0,1.37440664762592,0.409,0.085,0,"Dendritic cells","TRMT6"
0,1.28766161765403,0.412,0.089,0,"Dendritic cells","YIF1A"
0,1.071094500732,0.417,0.094,0,"Dendritic cells","TP53I13"
0,0.67646041221498,0.439,0.117,0,"Dendritic cells","BAG6"
0,1.67909376988741,0.387,0.065,0,"Dendritic cells","GCLC"
0,1.14378336609473,0.429,0.107,0,"Dendritic cells","DHRS4L2"
0,1.47694584534914,0.391,0.07,0,"Dendritic cells","CCDC112"
0,0.932463873553435,0.402,0.081,0,"Dendritic cells","NQO2"
0,1.485942415699,0.405,0.085,0,"Dendritic cells","GPATCH11"
0,0.27628065131275,0.437,0.117,0,"Dendritic cells","UBE2W"
0,1.86143641397597,0.365,0.045,0,"Dendritic cells","DAPK1"
0,1.11778382119694,0.386,0.067,0,"Dendritic cells","MICAL1"
0,0.536370146577429,0.446,0.127,0,"Dendritic cells","MAN1A1"
0,0.897257222560267,0.429,0.111,0,"Dendritic cells","TRPS1"
0,1.1658595464041,0.399,0.081,0,"Dendritic cells","AGPAT2"
0,0.47623141468024,0.417,0.099,0,"Dendritic cells","BICD2"
0,2.49176224094472,0.354,0.037,0,"Dendritic cells","ADAM15"
0,1.89202177109755,0.383,0.066,0,"Dendritic cells","TXNDC5"
0,0.776003138931809,0.395,0.078,0,"Dendritic cells","AGPAT1"
0,0.969920042493625,0.39,0.073,0,"Dendritic cells","TAX1BP3"
0,5.10231968170775,0.323,0.007,0,"Dendritic cells","CACNA2D3"
0,0.674040198561208,0.429,0.113,0,"Dendritic cells","GRINA"
0,0.793585870834475,0.407,0.091,0,"Dendritic cells","NUDT16"
0,0.800562533698594,0.408,0.092,0,"Dendritic cells","MFSD14B"
0,1.82444502982914,0.365,0.05,0,"Dendritic cells","GOLIM4"
0,0.942887072610659,0.374,0.059,0,"Dendritic cells","NRROS"
0,1.33761332515554,0.374,0.059,0,"Dendritic cells","CDKN1A"
0,0.865205504958462,0.433,0.118,0,"Dendritic cells","PFKL"
0,0.760825784395281,0.436,0.122,0,"Dendritic cells","AK2"
0,0.820358661743251,0.419,0.105,0,"Dendritic cells","TIMM17A"
0,0.677368527796721,0.442,0.128,0,"Dendritic cells","ATL3"
0,0.415253330118005,0.443,0.129,0,"Dendritic cells","GLYR1"
0,0.501639584160676,0.423,0.11,0,"Dendritic cells","MEF2D"
0,0.885035690847255,0.417,0.104,0,"Dendritic cells","HDAC3"
0,1.01340508658838,0.38,0.067,0,"Dendritic cells","ARHGAP27"
0,0.730398475728479,0.422,0.11,0,"Dendritic cells","RREB1"
0,1.72686111711509,0.365,0.053,0,"Dendritic cells","SNX30"
0,1.18081096868972,0.432,0.12,0,"Dendritic cells","GGA2"
0,0.775273449451105,0.432,0.12,0,"Dendritic cells","PSMD3"
0,1.79730088904235,0.362,0.05,0,"Dendritic cells","GALK1"
0,1.32707438405154,0.382,0.07,0,"Dendritic cells","SCAMP4"
0,0.750821119982121,0.428,0.116,0,"Dendritic cells","ACO2"
0,1.50968151766713,0.42,0.109,0,"Dendritic cells","SEL1L3"
0,0.903070599723093,0.416,0.105,0,"Dendritic cells","CPT1A"
0,1.12642533234156,0.41,0.099,0,"Dendritic cells","NUP62"
0,1.02500198691634,0.38,0.071,0,"Dendritic cells","SERTAD3"
0,1.10704839553597,0.4,0.092,0,"Dendritic cells","ZDHHC17"
0,0.4842245581222,0.395,0.087,0,"Dendritic cells","BCL3"
0,1.62663746249509,0.383,0.075,0,"Dendritic cells","TCTN3"
0,0.268468367739184,0.423,0.115,0,"Dendritic cells","TXNRD1"
0,1.57551510277699,0.369,0.061,0,"Dendritic cells","TNFSF13"
0,1.05095270586084,0.398,0.091,0,"Dendritic cells","HEBP1"
0,0.607351668106296,0.375,0.068,0,"Dendritic cells","RELT"
0,1.13511282860694,0.397,0.091,0,"Dendritic cells","TRMT1"
0,1.62467818629288,0.354,0.048,0,"Dendritic cells","WDR41"
0,1.09762406469609,0.412,0.106,0,"Dendritic cells","NUS1"
0,0.746481092834506,0.415,0.109,0,"Dendritic cells","NIPA2"
0,1.64511370283974,0.367,0.061,0,"Dendritic cells","ZFHX3"
0,0.573533479840119,0.411,0.106,0,"Dendritic cells","KIAA2013"
0,1.29794347704296,0.39,0.085,0,"Dendritic cells","ARMC10"
0,0.505707530209617,0.419,0.114,0,"Dendritic cells","LARP4B"
0,1.33125059448939,0.383,0.078,0,"Dendritic cells","APIP"
0,0.67840629751647,0.434,0.129,0,"Dendritic cells","MX1"
0,4.89954560586581,0.312,0.007,0,"Dendritic cells","UPK3A"
0,0.957999190279307,0.989,0.684,0,"Dendritic cells","ARPC1B"
0,1.11527706065077,0.4,0.096,0,"Dendritic cells","CSNK1E"
0,3.21036693279501,0.326,0.022,0,"Dendritic cells","ARHGAP31"
0,0.580965607071749,0.411,0.107,0,"Dendritic cells","VPS41"
0,2.16734782175424,0.345,0.041,0,"Dendritic cells","ROGDI"
0,8.73937227466807,0.306,0.002,0,"Dendritic cells","LILRA4"
0,0.289168909643262,0.397,0.094,0,"Dendritic cells","MCUR1"
0,0.367974425138642,0.385,0.082,0,"Dendritic cells","PPIF"
0,0.516780113373351,0.405,0.103,0,"Dendritic cells","ATAD2B"
0,0.867857550955907,0.416,0.114,0,"Dendritic cells","CUEDC2"
0,1.16697051240025,0.39,0.089,0,"Dendritic cells","COMMD10"
0,1.04437362267914,0.389,0.088,0,"Dendritic cells","HAUS4"
0,1.08440758449861,0.397,0.096,0,"Dendritic cells","KDSR"
0,0.594769571685355,0.414,0.113,0,"Dendritic cells","DNAJB12"
0,2.29093871345452,0.331,0.031,0,"Dendritic cells","PPP1R14A"
0,0.652964264431727,0.37,0.07,0,"Dendritic cells","STK38L"
0,0.982019263297554,0.41,0.111,0,"Dendritic cells","PRKRA"
0,1.23063213041361,0.38,0.081,0,"Dendritic cells","MRPL15"
0,0.936013886522296,0.41,0.111,0,"Dendritic cells","ECI1"
0,0.986123006505934,0.391,0.093,0,"Dendritic cells","BOLA2"
0,1.62620457352846,0.354,0.056,0,"Dendritic cells","GM2A"
0,0.76119273012368,0.369,0.071,0,"Dendritic cells","LILRA5"
0,0.599388956433303,0.39,0.093,0,"Dendritic cells","NCSTN"
0,1.89946419737141,0.355,0.058,0,"Dendritic cells","LMNA"
0,2.24838318758356,0.332,0.036,0,"Dendritic cells","EPB41L2"
0,1.70010688083748,0.337,0.041,0,"Dendritic cells","IL3RA"
0,1.43100990779891,0.35,0.054,0,"Dendritic cells","HPS5"
0,0.927499441244893,0.403,0.108,0,"Dendritic cells","IMP4"
0,0.747216105093205,0.388,0.093,0,"Dendritic cells","ZNF787"
0,0.709591621805834,0.379,0.084,0,"Dendritic cells","IKBIP"
0,1.08334220792068,0.385,0.091,0,"Dendritic cells","MRPS28"
0,2.16590502059777,0.348,0.054,0,"Dendritic cells","LDLRAD4"
0,0.774309818269802,0.395,0.102,0,"Dendritic cells","EFTUD2"
0,1.21659633241079,0.371,0.078,0,"Dendritic cells","GGCX"
0,0.972921496217617,0.362,0.069,0,"Dendritic cells","CD163"
0,2.11564860709331,0.344,0.051,0,"Dendritic cells","AHCY"
0,0.270390131682177,0.375,0.082,0,"Dendritic cells","RP2"
0,0.727752173952783,0.405,0.113,0,"Dendritic cells","SEPTIN11"
0,2.12212359328223,0.331,0.039,0,"Dendritic cells","INSR"
0,0.885935934234632,0.4,0.109,0,"Dendritic cells","SAP30"
0,1.28922210487609,0.364,0.073,0,"Dendritic cells","ELOVL1"
0,1.23607607970915,0.36,0.069,0,"Dendritic cells","C5orf15"
0,1.15085375925924,0.375,0.084,0,"Dendritic cells","ARHGAP17"
0,1.46891089975088,0.354,0.063,0,"Dendritic cells","SPNS3"
0,0.537513413594523,0.364,0.073,0,"Dendritic cells","TYK2"
0,0.976520996835193,0.985,0.695,0,"Dendritic cells","SLC25A6"
0,0.858751685086005,0.395,0.106,0,"Dendritic cells","ECI2"
0,0.498183378527282,0.351,0.062,0,"Dendritic cells","SIRPA"
0,0.998757924628026,0.391,0.103,0,"Dendritic cells","GGCT"
0,0.75016692570684,0.383,0.095,0,"Dendritic cells","ATP2A2"
0,1.04269581904557,0.991,0.703,0,"Dendritic cells","GABARAP"
0,0.790558073469477,0.383,0.096,0,"Dendritic cells","CREB3L2"
0,0.713904030679194,0.373,0.086,0,"Dendritic cells","DERA"
0,1.24708922878311,0.347,0.06,0,"Dendritic cells","FAM102B"
0,0.753040709309504,0.388,0.102,0,"Dendritic cells","SEC61A1"
0,0.91140684839533,0.393,0.107,0,"Dendritic cells","NUP42"
0,0.671759239172236,0.39,0.104,0,"Dendritic cells","MCMBP"
0,1.59627781239399,0.341,0.056,0,"Dendritic cells","LIMD1"
0,0.668886516571049,0.384,0.099,0,"Dendritic cells","HPS3"
0,4.12037694845066,0.296,0.011,0,"Dendritic cells","TMEM8B"
0,0.742718972297919,0.383,0.099,0,"Dendritic cells","USO1"
0,0.98808769083874,0.373,0.089,0,"Dendritic cells","TMEM70"
0,0.960731259997576,0.347,0.063,0,"Dendritic cells","EVI5"
0,3.37712847018381,0.308,0.024,0,"Dendritic cells","PID1"
0,6.64656623730258,0.289,0.005,0,"Dendritic cells","TNFRSF21"
0,1.24176127833305,0.356,0.072,0,"Dendritic cells","PRPF19"
0,0.345494917251463,0.369,0.086,0,"Dendritic cells","DENND1B"
0,2.27613057291553,0.329,0.046,0,"Dendritic cells","ABHD15"
0,0.988728384226013,0.372,0.089,0,"Dendritic cells","CYSLTR1"
0,1.17699211955245,0.358,0.075,0,"Dendritic cells","AP1B1"
0,2.31178932392425,0.34,0.058,0,"Dendritic cells","RGS1"
0,0.290945766934128,0.356,0.074,0,"Dendritic cells","PIP4P2"
0,1.08711712502034,0.377,0.096,0,"Dendritic cells","RNF5"
0,1.58340553673039,0.342,0.061,0,"Dendritic cells","ALG2"
0,1.29021640426039,0.38,0.099,0,"Dendritic cells","SLC15A4"
0,3.23683628596455,0.298,0.018,0,"Dendritic cells","MYO1E"
0,0.418176463377803,0.343,0.065,0,"Dendritic cells","LILRA2"
0,1.2011999793969,0.345,0.067,0,"Dendritic cells","ORAI3"
0,0.302834832184329,0.363,0.085,0,"Dendritic cells","SNX20"
0,0.81049102691523,0.369,0.092,0,"Dendritic cells","SLC35B1"
0,0.886719723678575,0.357,0.08,0,"Dendritic cells","SIRT1"
0,0.788213246605233,0.362,0.085,0,"Dendritic cells","ABI3"
0,6.10466203306176,0.279,0.003,0,"Dendritic cells","SH3BP4"
0,6.48362983534872,0.28,0.004,0,"Dendritic cells","DNASE1L3"
0,1.13734921664188,0.337,0.061,0,"Dendritic cells","PGM2"
0,1.09705580843475,0.343,0.067,0,"Dendritic cells","RAP2A"
0,0.905488321256971,0.335,0.059,0,"Dendritic cells","ODF3B"
0,1.19582540468269,0.354,0.078,0,"Dendritic cells","SNX4"
0,1.1943600905647,0.347,0.071,0,"Dendritic cells","LRP1"
0,1.41356081605963,0.352,0.076,0,"Dendritic cells","LILRB1"
0,0.498193282565228,0.363,0.088,0,"Dendritic cells","RELL1"
0,0.705691198734264,0.367,0.092,0,"Dendritic cells","MYO5A"
0,0.655909705038495,0.353,0.078,0,"Dendritic cells","MTHFD2"
0,0.75442126617931,0.349,0.074,0,"Dendritic cells","KDM1B"
0,1.01625805905953,0.35,0.076,0,"Dendritic cells","TBC1D9B"
0,0.948461280940021,0.357,0.083,0,"Dendritic cells","TRPV2"
0,0.593130411941652,0.987,0.714,0,"Dendritic cells","SUB1"
0,1.70216101414859,0.325,0.052,0,"Dendritic cells","MGST1"
0,5.64358439469887,0.281,0.008,0,"Dendritic cells","SMPD3"
0,7.25442168796852,0.273,0.001,0,"Dendritic cells","CLEC4C"
0,0.846013480028066,0.364,0.092,0,"Dendritic cells","BTBD1"
0,0.808148771285617,0.342,0.07,0,"Dendritic cells","DNTTIP1"
0,1.67259355073062,0.327,0.056,0,"Dendritic cells","ZNF124"
0,2.10714568775474,0.321,0.05,0,"Dendritic cells","DUSP5"
0,0.942560135791654,0.361,0.09,0,"Dendritic cells","EI24"
0,2.04047474728465,0.301,0.03,0,"Dendritic cells","LRRK1"
0,0.582300025999313,0.351,0.08,0,"Dendritic cells","POR"
0,1.33526431073,0.347,0.076,0,"Dendritic cells","TMEM19"
0,0.563992541532798,0.356,0.086,0,"Dendritic cells","ZBTB18"
0,1.03146024550847,0.342,0.073,0,"Dendritic cells","TOR2A"
0,2.1971084178553,0.31,0.041,0,"Dendritic cells","NR4A1"
0,1.04932964864474,0.343,0.074,0,"Dendritic cells","KDM2B"
0,1.10741337851086,0.349,0.08,0,"Dendritic cells","DCTPP1"
0,1.90909485421496,0.314,0.046,0,"Dendritic cells","HNMT"
0,1.56224919658753,0.335,0.067,0,"Dendritic cells","QDPR"
0,11.6837069052282,0.268,0,0,"Dendritic cells","SCT"
0,1.81286882249261,0.911,0.644,0,"Dendritic cells","S100A10"
0,0.595515054520013,0.331,0.064,0,"Dendritic cells","NLRP3"
0,0.895259645991977,0.358,0.091,0,"Dendritic cells","TARS"
0,0.688967698377529,0.988,0.721,0,"Dendritic cells","ATP5MC2"
0,2.01814663187458,0.295,0.028,0,"Dendritic cells","CCR2"
0,1.31054673573739,0.336,0.072,0,"Dendritic cells","TOR3A"
0,1.2906241018858,0.339,0.075,0,"Dendritic cells","IVD"
0,1.4171476708762,0.342,0.079,0,"Dendritic cells","SLAMF7"
0,0.597034020737333,0.322,0.059,0,"Dendritic cells","MAML3"
0,1.34149719927589,0.314,0.052,0,"Dendritic cells","SRGAP2B"
0,2.91503421970878,0.287,0.025,0,"Dendritic cells","LRMDA"
0,1.6580954280066,0.304,0.043,0,"Dendritic cells","TOP1MT"
0,1.97913540610933,0.3,0.039,0,"Dendritic cells","CTNND1"
0,1.47298674759878,0.325,0.066,0,"Dendritic cells","CHML"
0,1.03710651424419,0.327,0.068,0,"Dendritic cells","TRAK1"
0,1.22593906518886,0.331,0.072,0,"Dendritic cells","UBL7"
0,2.32419490394222,0.284,0.025,0,"Dendritic cells","TNNI2"
0,3.58915379315486,0.274,0.016,0,"Dendritic cells","CLCN5"
0,0.736435901716554,0.332,0.075,0,"Dendritic cells","ARID3A"
0,1.54026531088537,0.315,0.058,0,"Dendritic cells","MFSD12"
0,1.33776943179882,0.315,0.059,0,"Dendritic cells","OAS1"
0,1.86421987576341,0.285,0.029,0,"Dendritic cells","TMEM273"
0,0.816711125182517,0.318,0.063,0,"Dendritic cells","SRGAP2C"
0,0.85433427975695,0.333,0.078,0,"Dendritic cells","SLC30A5"
0,6.60054587632241,0.26,0.005,0,"Dendritic cells","TPM2"
0,3.22792119011956,0.275,0.02,0,"Dendritic cells","GRAMD1B"
0,0.808826251323209,0.329,0.075,0,"Dendritic cells","COPG1"
0,2.38416112143006,0.292,0.038,0,"Dendritic cells","BLNK"
0,1.31181470710493,0.321,0.067,0,"Dendritic cells","THOC6"
0,1.18298703583389,0.322,0.069,0,"Dendritic cells","VRK2"
0,0.502755038344816,0.31,0.057,0,"Dendritic cells","PLAGL1"
0,1.00436364496379,0.327,0.074,0,"Dendritic cells","TUBGCP3"
0,0.7232581854148,0.324,0.072,0,"Dendritic cells","GPR160"
0,0.986408264897217,0.329,0.077,0,"Dendritic cells","NUBP1"
0,1.56352559327911,0.288,0.038,0,"Dendritic cells","CAMK1"
0,2.02777475201154,0.286,0.036,0,"Dendritic cells","IRF5"
0,1.37117670586035,0.305,0.056,0,"Dendritic cells","FUCA2"
0,1.73011421130862,0.298,0.049,0,"Dendritic cells","TFEC"
0,1.19620772070024,0.309,0.06,0,"Dendritic cells","PBX3"
0,2.48039454106754,0.27,0.022,0,"Dendritic cells","ATP1B1"
0,1.76879135278834,0.286,0.038,0,"Dendritic cells","B3GALNT2"
0,2.09755527818989,0.287,0.039,0,"Dendritic cells","ATF5"
0,3.15047374861982,0.264,0.017,0,"Dendritic cells","FUT7"
0,3.57692179507631,0.261,0.014,0,"Dendritic cells","ZNF503"
0,1.22106646539432,0.315,0.068,0,"Dendritic cells","EXOSC5"
0,3.02833630920339,0.264,0.018,0,"Dendritic cells","MCOLN2"
0,0.829002411434498,0.278,0.032,0,"Dendritic cells","TST"
0,5.4219523377993,0.253,0.007,0,"Dendritic cells","LINC02812"
0,0.856532739084678,0.317,0.072,0,"Dendritic cells","MSRA"
0,2.03548553191253,0.274,0.03,0,"Dendritic cells","NET1"
0,2.80049035513745,0.269,0.025,0,"Dendritic cells","TUBB6"
0,1.08838417803354,0.319,0.075,0,"Dendritic cells","MRPL12"
0,0.72209696748106,0.319,0.075,0,"Dendritic cells","SEC23B"
0,1.47262548046151,0.316,0.073,0,"Dendritic cells","RUBCN"
0,0.669711529691436,0.306,0.063,0,"Dendritic cells","AIG1"
0,0.676769745746167,0.313,0.07,0,"Dendritic cells","MARS"
0,1.03527389568006,0.317,0.074,0,"Dendritic cells","MCM5"
0,2.03803466619918,0.285,0.042,0,"Dendritic cells","KCTD5"
0,3.03201882193911,0.279,0.037,0,"Dendritic cells","MZB1"
0,3.22108788108808,0.261,0.019,0,"Dendritic cells","MYOF"
0,3.44725895149564,0.266,0.024,0,"Dendritic cells","TRAF4"
0,1.89728163113215,0.998,0.756,0,"Dendritic cells","VIM"
0,1.01477928958582,0.967,0.725,0,"Dendritic cells","GAPDH"
0,0.923068729349131,0.317,0.075,0,"Dendritic cells","PIGS"
0,2.78008362107303,0.278,0.037,0,"Dendritic cells","ST6GALNAC4"
0,1.06520920384876,0.297,0.056,0,"Dendritic cells","TK2"
0,1.3439805622594,0.289,0.049,0,"Dendritic cells","STT3A"
0,1.45197657512113,0.304,0.065,0,"Dendritic cells","HYOU1"
0,0.755910094413267,0.308,0.07,0,"Dendritic cells","STX6"
0,1.24754992638199,0.3,0.062,0,"Dendritic cells","PAK1IP1"
0,4.31525462321335,0.255,0.017,0,"Dendritic cells","DERL3"
0,1.80823313400074,0.277,0.04,0,"Dendritic cells","SETD7"
0,1.34259308417362,0.296,0.059,0,"Dendritic cells","ZBTB33"
0,2.30942499918349,0.27,0.034,0,"Dendritic cells","HBEGF"
0,2.13821631587036,0.274,0.038,0,"Dendritic cells","SLC7A5"
0,2.24270836089999,0.315,0.079,0,"Dendritic cells","JCHAIN"
0,1.53275027603591,0.289,0.053,0,"Dendritic cells","CNP"
0,1.36463287425897,0.28,0.045,0,"Dendritic cells","TIGAR"
0,1.47213431776756,0.267,0.032,0,"Dendritic cells","LTBR"
0,1.43347441054704,0.267,0.032,0,"Dendritic cells","CXorf21"
0,1.28531177984966,0.296,0.061,0,"Dendritic cells","STX18"
0,0.789371699136146,0.303,0.068,0,"Dendritic cells","MSRB2"
0,1.00118025921652,0.295,0.06,0,"Dendritic cells","GAA"
0,0.766549787478485,0.299,0.064,0,"Dendritic cells","PRAM1"
0,0.65281516907307,0.275,0.041,0,"Dendritic cells","MPZL1"
0,1.07712570998151,0.302,0.068,0,"Dendritic cells","FH"
0,0.876600214175749,0.995,0.761,0,"Dendritic cells","CALM2"
0,1.93003463334593,0.267,0.034,0,"Dendritic cells","CALHM2"
0,1.12906567751992,0.297,0.064,0,"Dendritic cells","RFK"
0,1.57817476739119,0.278,0.046,0,"Dendritic cells","KPNA2"
0,1.67404011839755,0.27,0.038,0,"Dendritic cells","VEGFA"
0,1.08545352407145,0.3,0.068,0,"Dendritic cells","LRRC8D"
0,0.333375026028028,0.296,0.064,0,"Dendritic cells","LMNB1"
0,1.09109613914683,0.294,0.062,0,"Dendritic cells","SLC39A6"
0,1.10860320560791,0.295,0.063,0,"Dendritic cells","COLGALT1"
0,1.36400830579262,0.291,0.06,0,"Dendritic cells","SLC2A1"
0,0.498575870475054,0.295,0.064,0,"Dendritic cells","XPNPEP1"
0,1.53540204637676,0.275,0.045,0,"Dendritic cells","ATPAF2"
0,1.141852788067,0.286,0.056,0,"Dendritic cells","KCNQ1"
0,0.613622013506322,0.287,0.059,0,"Dendritic cells","EVA1B"
0,0.50561320621739,0.995,0.767,0,"Dendritic cells","GNAS"
0,1.23904920712736,0.276,0.049,0,"Dendritic cells","TRIO"
0,2.21229591581934,0.256,0.029,0,"Dendritic cells","RCAN1"
0,2.61538789990785,0.276,0.05,0,"Dendritic cells","TSPAN13"
0,1.49557324850938,0.272,0.048,0,"Dendritic cells","VARS"
0,1.89162497430959,0.26,0.036,0,"Dendritic cells","LINC02245"
0,1.60812632089514,0.259,0.035,0,"Dendritic cells","FADS1"
0,0.767757206857399,0.281,0.058,0,"Dendritic cells","SLC31A2"
0,0.979956843820428,0.283,0.06,0,"Dendritic cells","ACSL5"
0,1.12104224967568,0.284,0.061,0,"Dendritic cells","COPRS"
0,0.73224850202093,0.278,0.056,0,"Dendritic cells","BCKDK"
0,1.55602353915961,0.278,0.057,0,"Dendritic cells","AC253572.2"
0,1.50511058617065,0.279,0.059,0,"Dendritic cells","ADA"
0,0.732684622939632,0.995,0.775,0,"Dendritic cells","PPIA"
0,1.08352543743117,0.275,0.056,0,"Dendritic cells","NUP93"
0,1.26853566370144,0.274,0.056,0,"Dendritic cells","HADH"
0,1.28234838265016,0.274,0.056,0,"Dendritic cells","ENDOG"
0,1.42198758665449,0.262,0.045,0,"Dendritic cells","ATG4C"
0,1.16505877976129,0.275,0.058,0,"Dendritic cells","AIFM1"
0,1.5527143396024,0.251,0.035,0,"Dendritic cells","TNFAIP8L2"
0,1.56883917552039,0.261,0.046,0,"Dendritic cells","FKBP2"
0,1.35902045638653,0.268,0.053,0,"Dendritic cells","ISOC2"
0,1.15006959600321,0.267,0.053,0,"Dendritic cells","ASGR1"
0,1.62797916913455,0.261,0.048,0,"Dendritic cells","CHAMP1"
0,0.882883423809425,0.267,0.055,0,"Dendritic cells","ARSD"
0,0.74998393314751,0.993,0.781,0,"Dendritic cells","PABPC1"
0,1.51971459931227,0.268,0.057,0,"Dendritic cells","MAP2K6"
0,1.0431141852351,0.997,0.786,0,"Dendritic cells","CYBA"
0,1.25411778288147,0.251,0.041,0,"Dendritic cells","IL1B"
0,1.35815578637791,0.26,0.052,0,"Dendritic cells","DBNDD2"
0,0.950185741085412,0.991,0.786,0,"Dendritic cells","YBX1"
0,1.31434510113193,0.25,0.046,0,"Dendritic cells","HCCS"
0,1.32333076862615,0.254,0.052,0,"Dendritic cells","SUSD1"
0,0.863228966165449,0.25,0.048,0,"Dendritic cells","OSCAR"
0,1.61329433121414,0.25,0.05,0,"Dendritic cells","FLNB"
0,0.701547030800133,0.999,0.799,0,"Dendritic cells","RPLP0"
0,0.800251790740429,0.995,0.798,0,"Dendritic cells","ARPC3"
0,1.00956719173896,0.992,0.801,0,"Dendritic cells","S100A6"
0,0.669508253815637,0.997,0.81,0,"Dendritic cells","RPL23"
0,0.585875501055694,0.994,0.839,0,"Dendritic cells","CFL1"
0,0.526340876486755,0.993,0.841,0,"Dendritic cells","PFN1"
0,0.93651591843709,0.995,0.846,0,"Dendritic cells","ACTG1"
0,0.563909935570327,0.997,0.851,0,"Dendritic cells","RPS24"
0,0.763474430594454,0.997,0.852,0,"Dendritic cells","RPS11"
0,0.751025965221283,0.999,0.863,0,"Dendritic cells","TMSB10"
0,0.285158528266502,0.995,0.866,0,"Dendritic cells","MYL6"
0,0.414989764372792,0.997,0.871,0,"Dendritic cells","SERF2"
0,0.485945580054197,0.997,0.895,0,"Dendritic cells","ATP5F1E"
0,0.645626183158867,0.998,0.975,0,"Dendritic cells","ACTB"
1.97626258336499e-323,0.66163497182974,0.767,0.297,7.23331868137419e-319,"Dendritic cells","TXNL4A"
1.97626258336499e-323,0.545121034079019,0.862,0.411,7.23331868137419e-319,"Dendritic cells","IFI16"
1.97626258336499e-323,0.462638545960373,0.573,0.19,7.23331868137419e-319,"Dendritic cells","POLR2E"
1.97626258336499e-323,0.668955170799505,0.506,0.157,7.23331868137419e-319,"Dendritic cells","VBP1"
4.94065645841247e-323,0.61295637701146,0.574,0.191,1.80832967034355e-318,"Dendritic cells","SCAMP2"
1.18575755001899e-322,0.977844053911821,0.356,0.092,4.33999120882451e-318,"Dendritic cells","TCEAL4"
2.47032822920623e-322,0.845850360294798,0.431,0.124,9.04164835171773e-318,"Dendritic cells","MRPL19"
2.96439387504748e-322,0.304771963567049,0.53,0.171,1.08499780220613e-317,"Dendritic cells","NUDT3"
4.05133829589822e-322,0.573900093171664,0.53,0.17,1.48283032968171e-317,"Dendritic cells","HPS1"
4.54540394173947e-322,0.287054837333463,0.574,0.19,1.66366329671606e-317,"Dendritic cells","CHMP2B"
7.11454530011395e-322,0.498376739939218,0.63,0.218,2.60399472529471e-317,"Dendritic cells","ERP44"
9.78249978765668e-322,0.936954146302284,0.323,0.079,3.58049274728022e-317,"Dendritic cells","TATDN3"
9.98012604599318e-322,0.594799425001387,0.438,0.127,3.65282593409396e-317,"Dendritic cells","PGGT1B"
2.19365146753513e-321,0.397199250090061,0.749,0.291,8.02898373632535e-317,"Dendritic cells","DYNC1H1"
2.78653024254463e-321,0.902456281640298,0.36,0.093,1.01989793407376e-316,"Dendritic cells","AAMP"
5.08887615216484e-321,0.746505538481124,0.363,0.095,1.86257956045385e-316,"Dendritic cells","IMPAD1"
6.79834328677555e-321,0.601197099435853,0.742,0.282,2.48826162639272e-316,"Dendritic cells","GTF2A2"
1.18081689356058e-320,0.724035369551217,0.468,0.143,4.32190791212108e-316,"Dendritic cells","RABL6"
1.81914970798747e-320,0.658453318899877,0.583,0.196,6.65826984620494e-316,"Dendritic cells","TMEM179B"
8.6866621851808e-320,0.902999945138743,0.313,0.073,3.17940522639802e-315,"Dendritic cells","HACD2"
1.46144618039841e-319,0.768289816084398,0.41,0.114,5.34903916487621e-315,"Dendritic cells","NDUFA8"
2.85075877650399e-319,0.953515354932423,0.34,0.085,1.04340621978823e-314,"Dendritic cells","BCKDHA"
4.973857669813e-319,0.878269315001251,0.427,0.122,1.82048164572826e-314,"Dendritic cells","DNPH1"
5.07612925850214e-319,0.591366396756827,0.681,0.247,1.85791406990437e-314,"Dendritic cells","GTF3C6"
6.07809438826818e-319,0.38255529026713,0.469,0.141,2.22464332705004e-314,"Dendritic cells","UBA1"
9.27657656631525e-319,1.14404908319495,0.284,0.063,3.39531978903704e-314,"Dendritic cells","CKAP2"
2.74835873074694e-318,0.899559196426397,0.411,0.117,1.00592677904069e-313,"Dendritic cells","IPO7"
4.17745349265566e-318,0.678639517417023,0.872,0.398,1.5289897528469e-313,"Dendritic cells","ATP6V1F"
9.83824027382049e-318,0.823078271044259,0.276,0.06,3.60089432262104e-313,"Dendritic cells","GALNT7"
2.68356696195131e-317,0.480855193817582,0.474,0.144,9.82212343743801e-313,"Dendritic cells","MLX"
9.43792457240891e-317,0.760723352673323,0.518,0.165,3.45437477274739e-312,"Dendritic cells","ECHS1"
1.18719834425539e-316,0.463780306196373,0.662,0.246,4.34526465980917e-312,"Dendritic cells","TBL1XR1"
1.97542178244889e-316,0.906099151680802,0.329,0.081,7.2302412659412e-312,"Dendritic cells","GNL2"
3.69758511958705e-316,0.71289252538568,0.423,0.123,1.35335312962006e-311,"Dendritic cells","NNT"
6.91693742101948e-316,0.595658749485576,0.61,0.212,2.53166826546734e-311,"Dendritic cells","ZCRB1"
2.35420200226985e-315,0.652811444871221,0.831,0.345,8.61661474850788e-311,"Dendritic cells","PSMD8"
2.48410391576327e-315,1.16276637747262,0.263,0.055,9.09206874208515e-311,"Dendritic cells","MRM2"
5.84747330951405e-315,0.78825902888635,0.313,0.075,2.14023370601524e-310,"Dendritic cells","PI4KA"
6.50402564442424e-315,0.65583056863767,0.588,0.196,2.38053842611572e-310,"Dendritic cells","MRPS12"
1.04759658025181e-314,0.441589346339946,0.511,0.165,3.83430824337966e-310,"Dendritic cells","AZIN1"
1.08188249005077e-314,1.22377552016543,0.261,0.054,3.95979810183482e-310,"Dendritic cells","WDR18"
2.08008300856596e-314,0.359906856777801,0.554,0.182,7.61331181965227e-310,"Dendritic cells","RHEB"
2.54456107273682e-314,0.890047988183533,0.369,0.102,9.31334798232404e-310,"Dendritic cells","DAAM1"
3.0506428743286e-314,0.600589451482266,0.814,0.346,1.11656579843301e-309,"Dendritic cells","GLRX"
3.26238480456754e-314,0.387458431839936,0.315,0.075,1.19406546231976e-309,"Dendritic cells","KLHL5"
3.31962135806781e-314,0.578865021796171,0.993,0.794,1.2150146132664e-309,"Dendritic cells","ATP5MG"
4.38571136879699e-314,0.497117346013596,0.525,0.171,1.60521421809339e-309,"Dendritic cells","SMS"
5.49319283966609e-314,0.869749381946648,0.302,0.07,2.01056351124618e-309,"Dendritic cells","EMC8"
8.87648880505377e-314,0.64835216939609,0.872,0.405,3.24888366753773e-309,"Dendritic cells","VPS13C"
9.32938158120691e-314,0.67741100982886,0.267,0.057,3.41464695253754e-309,"Dendritic cells","MAFG"
1.11295108764416e-313,0.657113666944134,0.889,0.409,4.07351227588639e-309,"Dendritic cells","UQCRQ"
1.17367066679499e-313,0.711344950926275,0.474,0.144,4.29575200753635e-309,"Dendritic cells","NUP210"
1.78494937559547e-313,0.535537037981748,0.864,0.422,6.53309320961698e-309,"Dendritic cells","TRAPPC5"
4.38830158373498e-313,0.470755606730163,0.62,0.219,1.60616226266284e-308,"Dendritic cells","CHMP4B"
5.70788319962973e-313,0.569425054629508,0.873,0.4,2.08914232989648e-308,"Dendritic cells","SFPQ"
6.42035182289674e-313,0.652851620805229,0.405,0.114,2.34991297069844e-308,"Dendritic cells","IBTK"
1.03205747978921e-312,0.481056400464086,0.378,0.103,3.77743358177648e-308,"Dendritic cells","TENT5A"
4.61610935177397e-312,0.764723411806144,0.922,0.499,1.68954218384279e-307,"Dendritic cells","HIGD2A"
4.8524206841156e-312,0.288986256618732,0.54,0.178,1.77603449459315e-307,"Dendritic cells","GIT2"
5.36543040789742e-312,0.631687540079496,0.869,0.388,1.96380118359453e-307,"Dendritic cells","EIF2S2"
8.62837751409026e-312,2.28599151665328,0.256,0.058,3.15807245393218e-307,"Dendritic cells","NIBAN3"
9.27483430224339e-312,0.443364106740451,0.931,0.484,3.3946821029641e-307,"Dendritic cells","RBX1"
1.03722306399351e-311,0.910517807147994,0.334,0.084,3.79634013652266e-307,"Dendritic cells","PTGES2"
1.04581937952345e-311,0.582746733506793,0.574,0.193,3.82780351099378e-307,"Dendritic cells","MESD"
1.46388246164203e-311,0.951982785347795,0.325,0.081,5.357956197856e-307,"Dendritic cells","GALNT2"
1.63250418089918e-311,0.64763414774647,0.98,0.631,5.9751285525091e-307,"Dendritic cells","RBM3"
2.52567323759007e-311,0.871485731678384,0.424,0.131,9.2442166169034e-307,"Dendritic cells","NR4A2"
2.99900481335044e-311,0.492788336751814,0.626,0.223,1.0976657517344e-306,"Dendritic cells","OIP5-AS1"
3.13485767487986e-311,0.841045573964632,0.322,0.081,1.14738925758278e-306,"Dendritic cells","ST3GAL2"
3.19814777337372e-311,0.407051172716539,0.401,0.113,1.17055406653252e-306,"Dendritic cells","PDPK1"
7.02038583841041e-311,0.346659595408445,0.424,0.122,2.56953142071659e-306,"Dendritic cells","EAF2"
1.03474806460267e-310,0.528840052830318,0.511,0.166,3.78728139125225e-306,"Dendritic cells","CCAR1"
1.66363582615648e-310,0.44565102516513,0.627,0.223,6.08907348731532e-306,"Dendritic cells","SMU1"
1.75559119590822e-310,0.948014968225714,0.322,0.079,6.42563933614368e-306,"Dendritic cells","MRPL37"
2.33861759249507e-310,0.440361687870532,0.506,0.162,8.5595742502912e-306,"Dendritic cells","PRKAR2A"
3.02666554635453e-310,0.287189921572781,0.511,0.164,1.10778985662122e-305,"Dendritic cells","TBC1D1"
6.06389382395087e-310,0.646776211027071,0.514,0.165,2.21944577850426e-305,"Dendritic cells","TMEM208"
7.97737808383767e-310,0.683887755473321,0.541,0.181,2.91980015246542e-305,"Dendritic cells","C7orf50"
9.17344252309041e-310,0.422019196871553,0.984,0.671,3.35757169787632e-305,"Dendritic cells","NAP1L1"
1.53002039868974e-309,0.627883001059397,0.653,0.235,5.60002766124433e-305,"Dendritic cells","SDHD"
5.55455954478698e-309,0.951138395485384,0.295,0.069,2.03302433898748e-304,"Dendritic cells","UTP11"
6.9474868101689e-309,0.732944778143302,0.407,0.116,2.54284964738992e-304,"Dendritic cells","HCFC1"
7.58430944759017e-309,0.714135733047105,0.56,0.188,2.77593310091248e-304,"Dendritic cells","CNIH1"
7.6343668872102e-309,0.445652425396674,0.817,0.336,2.79425462438781e-304,"Dendritic cells","TMEM219"
1.00984429371e-308,0.60934533727677,0.685,0.252,3.69613109940795e-304,"Dendritic cells","PSMA3"
1.2641798813075e-308,0.674190147905854,0.464,0.14,4.62702478357356e-304,"Dendritic cells","TPGS1"
1.28485539756867e-308,0.747778545118406,0.618,0.219,4.7026992406411e-304,"Dendritic cells","FAM162A"
1.30359371434926e-308,0.311222935975587,0.671,0.251,4.77128335388974e-304,"Dendritic cells","SELPLG"
1.50569029603278e-308,0.50063122149342,0.334,0.084,5.51097705250958e-304,"Dendritic cells","SMARCD2"
3.59413278233953e-308,0.59071697570021,0.995,0.794,1.31548853966409e-303,"Dendritic cells","RPS17"
4.2860568285221e-308,0.728746426215833,0.351,0.092,1.56873965980737e-303,"Dendritic cells","UTP6"
4.44932987651849e-308,0.617972205392131,0.966,0.592,1.62849922810453e-303,"Dendritic cells","SRSF3"
1.00538245540684e-307,0.659444354927291,0.492,0.156,3.67980032503457e-303,"Dendritic cells","ZNF511"
2.0202131467558e-307,0.544452162354841,0.551,0.186,7.3941821384409e-303,"Dendritic cells","FBXW5"
2.15162277602119e-307,0.72335353836769,0.386,0.107,7.87515452251514e-303,"Dendritic cells","PDHA1"
2.94489720347265e-307,0.582198041708974,0.416,0.122,1.07786182544302e-302,"Dendritic cells","POLK"
4.66657509440551e-307,0.643989154832083,0.438,0.131,1.70801315030336e-302,"Dendritic cells","PHYKPL"
4.80256141115367e-307,0.708915511057563,0.553,0.191,1.75778550209636e-302,"Dendritic cells","N4BP2L1"
2.59552477441331e-306,0.338616484708995,0.406,0.115,9.49988022683015e-302,"Dendritic cells","VAMP3"
4.39192345142869e-306,0.633544195083322,0.617,0.218,1.60748790245741e-301,"Dendritic cells","EMC7"
4.61700522299824e-306,0.579128835684064,0.539,0.18,1.68987008166958e-301,"Dendritic cells","CHRAC1"
5.20001249116582e-306,0.698219687644332,0.739,0.286,1.9032565718916e-301,"Dendritic cells","TOMM22"
5.3523531780005e-306,0.401524192490323,0.367,0.099,1.95901478667996e-301,"Dendritic cells","DAP"
8.43128895656019e-306,0.848419206792065,0.379,0.105,3.0859360709906e-301,"Dendritic cells","TMED3"
8.51976389320088e-306,0.253122013617146,0.757,0.286,3.11831878255046e-301,"Dendritic cells","RAB5IF"
1.02885245102602e-305,0.320203382849025,0.561,0.19,3.76570285600033e-301,"Dendritic cells","AP3B1"
3.12899481268502e-305,0.685396554645639,0.821,0.346,1.14524339139085e-300,"Dendritic cells","EIF3I"
5.52591839771437e-305,0.603360930649771,0.738,0.291,2.02254139274744e-300,"Dendritic cells","TMED2"
7.4437739475891e-305,0.328404390042752,0.58,0.202,2.72449570255708e-300,"Dendritic cells","PBRM1"
1.66279258702958e-304,0.37147337975745,0.376,0.103,6.08598714778697e-300,"Dendritic cells","ARRDC1"
1.91448650654824e-304,0.857755825524068,0.398,0.114,7.0072120626172e-300,"Dendritic cells","ACADM"
2.46226823977538e-304,0.468634791343008,0.357,0.095,9.01214798440188e-300,"Dendritic cells","BRD3"
2.84124716149617e-304,0.35421232164582,0.47,0.145,1.03992487357921e-299,"Dendritic cells","MVP"
3.26124995757259e-304,0.687772344284053,0.764,0.305,1.19365009697114e-299,"Dendritic cells","PHB2"
3.3801991609049e-304,0.649745070285475,0.507,0.163,1.2371866948828e-299,"Dendritic cells","NDUFV1"
4.05835871556805e-304,0.944905371193497,0.416,0.125,1.48539987348506e-299,"Dendritic cells","SNX9"
7.94679279277765e-304,0.572767878864038,0.53,0.174,2.90860563008455e-299,"Dendritic cells","MCTS1"
3.37246543924672e-303,1.07846643772785,0.563,0.228,1.23435607541869e-298,"Dendritic cells","AREG"
5.16893864259061e-303,0.790900177539787,0.404,0.116,1.89188323257459e-298,"Dendritic cells","CHCHD3"
1.72271615943831e-302,0.761428172292731,0.371,0.101,6.30531341516017e-298,"Dendritic cells","ACYP2"
4.62786079775589e-302,0.336614152820977,0.513,0.165,1.69384333058663e-297,"Dendritic cells","UBE2F"
5.4852532417996e-302,0.650839006933181,0.354,0.094,2.00765753903107e-297,"Dendritic cells","POGK"
7.2680293418179e-302,0.89006265679824,0.276,0.062,2.66017141939877e-297,"Dendritic cells","LRRC59"
7.74492909055497e-302,0.589531387970355,0.875,0.407,2.83472149643403e-297,"Dendritic cells","BLOC1S1"
1.80834484810298e-301,0.585314913676577,0.389,0.109,6.6187229785417e-297,"Dendritic cells","ACLY"
3.60503583722905e-301,0.796349444716753,0.436,0.13,1.3194791667842e-296,"Dendritic cells","CCNB1IP1"
8.1380954998653e-301,0.676816135944352,0.806,0.331,2.9786243339057e-296,"Dendritic cells","SNRPD1"
9.15296397048695e-301,0.861663681627241,0.376,0.104,3.35007634283793e-296,"Dendritic cells","PSMB5"
1.20704500665274e-300,0.684280110539382,0.377,0.104,4.41790542884968e-296,"Dendritic cells","NSF"
1.99777952107334e-300,0.505960081525741,0.514,0.169,7.31207282508052e-296,"Dendritic cells","NRIP1"
2.52831491482508e-300,0.313122475235784,0.362,0.097,9.25388541975127e-296,"Dendritic cells","NF1"
2.7550752155323e-300,0.639017349062271,0.733,0.281,1.00838507963698e-295,"Dendritic cells","SLIRP"
3.54944034818551e-300,0.547924349279617,0.824,0.339,1.29913066183938e-295,"Dendritic cells","LAMTOR5"
1.11912008536243e-299,0.69143600324085,0.56,0.189,4.09609142443504e-295,"Dendritic cells","SRM"
2.25157894376149e-299,0.617813679163404,0.574,0.198,8.24100409206143e-295,"Dendritic cells","PGAM1"
2.40105071139028e-299,0.651575006420015,0.594,0.209,8.78808570875958e-295,"Dendritic cells","TMED9"
3.54175777381978e-299,0.653409558063062,0.663,0.25,1.29631876279578e-294,"Dendritic cells","CCT5"
1.23343756500417e-298,0.337844119988654,0.506,0.165,4.51450483167176e-294,"Dendritic cells","PHACTR2"
1.67476100948946e-298,0.491267408787002,0.59,0.206,6.12979277083238e-294,"Dendritic cells","DYNC1I2"
2.00585304541645e-298,0.607010197062136,0.959,0.576,7.34162273152876e-294,"Dendritic cells","PSMA7"
2.92291662213426e-298,0.749932449561375,0.404,0.117,1.06981671286736e-293,"Dendritic cells","RMDN1"
1.36792844786065e-297,0.492517810526836,0.39,0.111,5.00675491201476e-293,"Dendritic cells","MRE11"
1.59876018587227e-297,0.913680334001573,0.278,0.063,5.85162215631111e-293,"Dendritic cells","TRAF7"
1.76300491325973e-297,0.989612191719444,0.292,0.069,6.45277428302194e-293,"Dendritic cells","TFPT"
4.67666639396962e-297,0.72092838205106,0.33,0.085,1.71170666685682e-292,"Dendritic cells","DNAJC13"
1.51565488790964e-296,0.62149490718488,0.692,0.263,5.54744845523807e-292,"Dendritic cells","ROMO1"
3.53166403971444e-296,0.703557340524476,0.916,0.463,1.29262435517588e-291,"Dendritic cells","EIF3M"
3.87168244277791e-296,0.572542264383721,0.663,0.243,1.41707449088114e-291,"Dendritic cells","PSMD9"
1.17517609810743e-295,0.807548903087798,0.361,0.098,4.30126203668301e-291,"Dendritic cells","TP53"
1.3496564698296e-295,1.08743553311858,0.256,0.055,4.93987764522331e-291,"Dendritic cells","MCCC2"
2.15884613414381e-295,0.992563907399561,0.308,0.076,7.90159273557974e-291,"Dendritic cells","PRDX4"
3.20198472957872e-295,0.519319739572643,0.255,0.055,1.17195843087311e-290,"Dendritic cells","PDE4A"
4.09020000014189e-295,0.686755569521672,0.625,0.227,1.49705410205193e-290,"Dendritic cells","CCT2"
4.1156166757269e-295,0.757338258470441,0.304,0.075,1.5063568594828e-290,"Dendritic cells","CLASP2"
5.79985782395439e-295,0.602703683912055,0.327,0.084,2.12280596214555e-290,"Dendritic cells","ZMYM6"
1.26974560011018e-294,0.731611840517754,0.389,0.11,4.64739587096326e-290,"Dendritic cells","MRPL13"
1.9378607957457e-294,0.445349698087492,0.698,0.262,7.09276429850883e-290,"Dendritic cells","RER1"
2.99100439640565e-294,0.684478893305606,0.312,0.078,1.09473751912843e-289,"Dendritic cells","ZDHHC7"
4.88207702818388e-294,0.748405546023482,0.305,0.075,1.78688901308558e-289,"Dendritic cells","TRAPPC12"
1.58023631603801e-293,0.91605919771331,0.251,0.054,5.78382294033074e-289,"Dendritic cells","TTYH3"
1.73708114715306e-293,1.01016862872267,0.29,0.07,6.35789070669493e-289,"Dendritic cells","TARBP1"
1.9170057478326e-293,0.694885448369184,0.736,0.294,7.01643273764209e-289,"Dendritic cells","CLNS1A"
2.3228638067292e-293,0.593724877560464,0.948,0.534,8.50191381900954e-289,"Dendritic cells","ATP5MPL"
3.47447725052186e-293,0.646492414602681,0.282,0.065,1.27169341846351e-288,"Dendritic cells","COPS7A"
4.85469003434187e-293,0.588866497408036,0.535,0.18,1.77686509946947e-288,"Dendritic cells","KARS"
9.27759046517037e-293,0.67775053769341,0.355,0.097,3.39569088615701e-288,"Dendritic cells","GARS"
1.15612978373809e-292,0.328125715346063,0.405,0.118,4.23155062145979e-288,"Dendritic cells","PRKACA"
1.39944994542595e-292,0.620434996013787,0.33,0.086,5.1221267452535e-288,"Dendritic cells","DCLRE1C"
1.79181517195873e-292,0.349663141634988,0.576,0.201,6.55822271088614e-288,"Dendritic cells","RAD23B"
1.81186649591532e-292,0.447127924063566,0.982,0.655,6.63161256169968e-288,"Dendritic cells","RHOA"
2.62884948660804e-292,0.479854645015857,0.617,0.222,9.62185200593409e-288,"Dendritic cells","DNAJC21"
2.67922082941043e-292,0.626324069605205,0.95,0.522,9.80621615772513e-288,"Dendritic cells","COX6A1"
4.92358416854923e-292,0.627243201621081,0.419,0.126,1.8020810415307e-287,"Dendritic cells","CLPTM1L"
5.00645782559369e-292,0.993807775935613,0.282,0.066,1.83241362874555e-287,"Dendritic cells","CPSF3"
5.18043379443745e-292,0.630756529730554,0.408,0.12,1.89609057310205e-287,"Dendritic cells","CLPX"
6.06077816773374e-292,0.750761130019012,0.396,0.116,2.21830541717223e-287,"Dendritic cells","LIPA"
7.35725350959456e-292,0.824498669270759,0.307,0.076,2.69282835704671e-287,"Dendritic cells","REEP3"
8.27438127593043e-292,0.942275541543195,0.302,0.074,3.0285062908033e-287,"Dendritic cells","MAD2L2"
9.27906876234214e-292,0.724007978489908,0.899,0.45,3.39623195770485e-287,"Dendritic cells","SNRPF"
1.4228724066889e-291,0.572401144281008,0.894,0.432,5.20785529572203e-287,"Dendritic cells","NDUFB1"
1.44796514765054e-291,0.429585934011527,0.281,0.065,5.29969723691575e-287,"Dendritic cells","MRTFA"
2.77265273643412e-291,0.702786168181073,0.535,0.182,1.01481862806225e-286,"Dendritic cells","LRPPRC"
2.99442432078534e-291,0.337151549279955,0.55,0.19,1.09598924565064e-286,"Dendritic cells","ARFGAP3"
3.31053636134808e-291,0.458826199059232,0.41,0.121,1.21168941361701e-286,"Dendritic cells","PPTC7"
5.72026459401492e-291,0.502453670695213,0.522,0.177,2.0936740440554e-286,"Dendritic cells","CHMP5"
6.52755652052616e-291,0.48394130573355,0.573,0.201,2.38915096207778e-286,"Dendritic cells","MAN1A2"
1.30917020554259e-290,0.475717478699948,0.288,0.069,4.79169386930642e-286,"Dendritic cells","IMPACT"
1.33069656416389e-290,0.612130286073111,0.571,0.196,4.87048249449624e-286,"Dendritic cells","MRPL21"
1.41019135678937e-290,0.472840227473485,0.695,0.259,5.16144138498478e-286,"Dendritic cells","TBCB"
1.68744937241197e-289,0.722286624742483,0.386,0.111,6.17623344796503e-285,"Dendritic cells","SLC25A11"
1.80264053718423e-289,0.70143723403386,0.39,0.113,6.59784463014799e-285,"Dendritic cells","CISD2"
1.9368519921103e-289,0.702592930840338,0.872,0.417,7.08907197632291e-285,"Dendritic cells","COX7A2L"
5.71257595658193e-289,0.594049795638728,0.463,0.147,2.09085992586855e-284,"Dendritic cells","CPSF6"
1.11305858064072e-288,0.673052423095423,0.46,0.145,4.07390571100309e-284,"Dendritic cells","COMMD1"
1.32839364182906e-288,0.541504373543208,0.733,0.287,4.86205356845854e-284,"Dendritic cells","THOC7"
2.32624981405824e-288,1.20217106930198,0.285,0.069,8.51430694443458e-284,"Dendritic cells","RASGEF1B"
2.33311664761546e-288,0.662377199605313,0.841,0.375,8.53944024193734e-284,"Dendritic cells","TMEM14B"
3.16269851234013e-288,0.531112617402055,0.465,0.152,1.15757928250161e-283,"Dendritic cells","EPSTI1"
3.86869168622885e-288,0.755576815018412,0.385,0.111,1.41597984407662e-283,"Dendritic cells","TMEM205"
5.09244296554639e-288,0.675422558426683,0.413,0.125,1.86388504981963e-283,"Dendritic cells","LRRC58"
9.45585731268268e-288,0.619708797991698,0.618,0.226,3.46093833501499e-283,"Dendritic cells","EPRS"
3.23367477160805e-287,0.695573131289538,0.278,0.066,1.18355730315626e-282,"Dendritic cells","NKIRAS2"
4.50188624508562e-287,1.02299829774478,0.31,0.08,1.64773538456379e-282,"Dendritic cells","CYP51A1"
7.88351291143127e-287,0.471527344595598,0.478,0.155,2.88544456071296e-282,"Dendritic cells","LY75"
1.07524307667243e-286,0.400023697322542,0.622,0.233,3.93549718492875e-282,"Dendritic cells","SLC38A2"
1.13587497224992e-286,0.287825646913582,0.602,0.216,4.15741598593193e-282,"Dendritic cells","CALCOCO2"
1.28057847385988e-286,0.494342195460857,0.433,0.133,4.68704527217456e-282,"Dendritic cells","NDUFS1"
1.46013513034177e-286,0.280711439366451,0.804,0.336,5.34424059056392e-282,"Dendritic cells","BNIP2"
1.73324678179838e-286,0.866851705498317,0.38,0.109,6.34385654606024e-282,"Dendritic cells","LYRM4"
2.66445099885178e-286,0.748708028340066,0.436,0.135,9.75215710089739e-282,"Dendritic cells","RTCB"
4.37008980255831e-286,0.645012527790466,0.402,0.12,1.59949656863437e-281,"Dendritic cells","TCOF1"
4.43270587974679e-286,0.264970731311299,0.766,0.31,1.62241467904612e-281,"Dendritic cells","CHMP2A"
1.83729474511352e-285,0.754085937714103,0.39,0.115,6.72468249658999e-281,"Dendritic cells","MFSD14C"
2.04855967473659e-285,0.691812294525017,0.331,0.088,7.4979332655034e-281,"Dendritic cells","HEATR5B"
2.34319122315975e-285,0.630989637338581,0.733,0.288,8.57631419588702e-281,"Dendritic cells","RANBP1"
3.78536642889533e-285,0.566865133674255,0.836,0.363,1.38548196663998e-280,"Dendritic cells","NDUFA2"
3.97879166401985e-285,0.424774514436357,0.817,0.348,1.45627753694791e-280,"Dendritic cells","AP2M1"
4.35124090805119e-285,0.996239542499912,0.271,0.062,1.59259768475581e-280,"Dendritic cells","CTPS1"
4.68334322657947e-285,0.614414838364741,0.478,0.154,1.71415045436035e-280,"Dendritic cells","PDHB"
1.18751823532055e-284,0.831111473894269,0.312,0.08,4.34643549309675e-280,"Dendritic cells","DDX49"
1.9296784918988e-284,0.903644530146327,0.313,0.08,7.06281624819881e-280,"Dendritic cells","CBR1"
3.26755779384296e-284,0.63469571038961,0.276,0.065,1.19595882812446e-279,"Dendritic cells","ZMPSTE24"
6.25844839429005e-284,0.683174118794549,0.329,0.088,2.2906546967941e-279,"Dendritic cells","JKAMP"
7.23443257740611e-284,0.919400268028091,0.32,0.083,2.64787466765641e-279,"Dendritic cells","NIT2"
9.34257336601278e-284,0.619182189515811,0.511,0.168,3.41947527769434e-279,"Dendritic cells","STOML2"
2.69292795149368e-283,0.770425052111929,0.982,0.649,9.85638559526203e-279,"Dendritic cells","SSR4"
3.24674711605375e-283,0.480099245269953,0.664,0.252,1.18834191194683e-278,"Dendritic cells","SRSF6"
4.49821958309108e-283,1.01957620181763,0.521,0.188,1.64639334960717e-278,"Dendritic cells","MDFIC"
7.17752144629254e-283,0.661428428194245,0.521,0.176,2.62704462455753e-278,"Dendritic cells","MRPS33"
7.27965564281856e-283,0.502086430809914,0.398,0.117,2.66442676182802e-278,"Dendritic cells","STX12"
1.49791398566314e-282,0.560671313578558,0.497,0.164,5.48251497892566e-278,"Dendritic cells","PDCL3"
1.55539467004781e-282,0.542224654761766,0.344,0.094,5.69290003184201e-278,"Dendritic cells","CPSF2"
2.65700862851581e-282,0.680668465852571,0.475,0.153,9.72491728123071e-278,"Dendritic cells","SNRPA"
4.05890927814884e-282,0.96168887753531,0.286,0.069,1.48560138489526e-277,"Dendritic cells","MDP1"
6.10630376239412e-282,0.462663611485383,0.778,0.33,2.23496824007387e-277,"Dendritic cells","XRN2"
9.88577277943283e-282,0.262584901844875,0.366,0.104,3.61829169500021e-277,"Dendritic cells","IMPDH1"
1.40548471936389e-281,0.594000201665842,0.897,0.444,5.14421462134379e-277,"Dendritic cells","PDIA3"
5.96791670476548e-281,0.719222314183827,0.548,0.195,2.18431719311121e-276,"Dendritic cells","SINHCAF"
9.28278839759719e-281,0.567062135323563,0.55,0.189,3.39759338140455e-276,"Dendritic cells","PARL"
1.17715952305771e-280,0.308528261742109,0.753,0.304,4.30852157034351e-276,"Dendritic cells","REL"
1.75614106336577e-280,0.500067216239584,0.8,0.336,6.42765190602507e-276,"Dendritic cells","SCP2"
2.87866465954211e-280,0.612536502552344,0.362,0.104,1.05362005203901e-275,"Dendritic cells","RIPK2"
5.70998610372512e-280,0.549659952359485,0.638,0.239,2.08991201382443e-275,"Dendritic cells","NDUFA10"
1.35618431894859e-279,0.553393534606825,0.288,0.07,4.96377022578373e-275,"Dendritic cells","MTMR12"
1.39470088984351e-279,0.638185614208804,0.464,0.151,5.10474472691621e-275,"Dendritic cells","UFL1"
2.64333448199516e-279,0.418414066572537,0.256,0.058,9.67486853755047e-275,"Dendritic cells","MICAL2"
3.34596909577435e-279,0.968812233478608,0.288,0.071,1.22465814874437e-274,"Dendritic cells","SUCLA2"
8.02966374400279e-279,0.351905525344321,0.334,0.09,2.93893722694246e-274,"Dendritic cells","SLC39A3"
8.14363262567754e-279,0.464439257780351,0.38,0.11,2.98065097732424e-274,"Dendritic cells","ARHGAP1"
2.68107004952226e-278,0.432421877737997,0.639,0.243,9.81298448825643e-274,"Dendritic cells","TOP2B"
4.86648481443308e-278,0.620858014182917,0.685,0.264,1.78118210693065e-273,"Dendritic cells","LSM4"
6.23263847853057e-278,0.311273222746331,0.508,0.172,2.28120800952697e-273,"Dendritic cells","MSL3"
1.39173290913688e-277,0.28526733944509,0.43,0.134,5.09388162073189e-273,"Dendritic cells","FAM192A"
1.42372081473121e-277,0.635081185745561,0.799,0.344,5.21096055399771e-273,"Dendritic cells","UQCRFS1"
1.84973529817051e-277,0.316587474255693,0.475,0.156,6.7702161648339e-273,"Dendritic cells","SCFD1"
3.23077627068418e-277,0.487426618482829,0.421,0.13,1.18249642283312e-272,"Dendritic cells","FBXW11"
3.6563215047967e-277,0.602060816085007,0.293,0.073,1.33825023397064e-272,"Dendritic cells","ECPAS"
6.37258635732111e-277,0.30063092318127,0.617,0.225,2.3324303326431e-272,"Dendritic cells","PABPN1"
1.10821301712087e-276,0.603625875120506,0.986,0.716,4.0561704639641e-272,"Dendritic cells","CHCHD2"
1.61709573305506e-276,0.513984323902832,0.378,0.11,5.91873209255483e-272,"Dendritic cells","KDM1A"
1.87278141009084e-276,0.711738064402529,0.308,0.08,6.85456723907349e-272,"Dendritic cells","EDEM2"
2.58493032995222e-276,0.85882562299541,0.429,0.14,9.46110350065811e-272,"Dendritic cells","SLC20A1"
3.67930514846071e-276,1.13422099673747,0.926,0.521,1.3466624773881e-271,"Dendritic cells","SPCS1"
4.22866890268933e-276,0.626638738055727,0.88,0.413,1.54773510507332e-271,"Dendritic cells","NDUFB10"
5.07634319117717e-276,0.444023407088417,0.481,0.161,1.85799237140276e-271,"Dendritic cells","VEZF1"
5.65522583823819e-276,0.636893434224494,0.38,0.112,2.06986920905356e-271,"Dendritic cells","YLPM1"
6.09132817192419e-276,0.642122811951236,0.881,0.411,2.22948702420597e-271,"Dendritic cells","RTRAF"
7.70570845221379e-276,0.520610422239383,0.853,0.395,2.82036635059477e-271,"Dendritic cells","SPCS3"
1.82704229405156e-275,0.859697700861319,0.356,0.102,6.68715750045812e-271,"Dendritic cells","HSPH1"
3.6658301404195e-275,0.873742509808254,0.315,0.085,1.34173048969494e-270,"Dendritic cells","OAS2"
4.18233529867326e-275,0.608285647485991,0.73,0.297,1.5307765426674e-270,"Dendritic cells","METAP2"
4.21051355915578e-275,0.401135818531468,0.375,0.109,1.54109006778661e-270,"Dendritic cells","GNS"
4.58929086981634e-275,0.399115524276952,0.529,0.18,1.67972635126148e-270,"Dendritic cells","TMEM9B"
1.23390660222376e-274,0.720814793883265,0.339,0.093,4.51622155479919e-270,"Dendritic cells","CEBPG"
1.83095405097872e-274,0.500581021052012,0.592,0.215,6.70147492198722e-270,"Dendritic cells","YTHDF2"
2.10835803104916e-274,0.554346031687115,0.766,0.317,7.71680122944301e-270,"Dendritic cells","RBBP4"
4.55155295789059e-274,0.261186620178766,0.482,0.16,1.66591389811753e-269,"Dendritic cells","ATP2B4"
5.75017424228105e-274,0.618338989191922,0.953,0.58,2.10462127441729e-269,"Dendritic cells","HMGN1"
5.91003187196882e-274,0.456283763227983,0.411,0.126,2.16313076545931e-269,"Dendritic cells","OPA1"
7.89469820792181e-274,1.03456449719106,0.286,0.071,2.88953849108146e-269,"Dendritic cells","MRPL45"
9.7733101424143e-274,0.482820455952286,0.425,0.134,3.57712924522506e-269,"Dendritic cells","PTPN11"
1.03340379556707e-273,0.463076765766845,0.927,0.485,3.78236123215502e-269,"Dendritic cells","EIF4G2"
1.28087778270045e-273,1.05458230795115,0.25,0.056,4.68814077246193e-269,"Dendritic cells","SEH1L"
1.72891902613147e-273,0.60301151692267,0.962,0.593,6.32801652754379e-269,"Dendritic cells","NDUFA13"
2.93750889476779e-273,0.548849178320235,0.437,0.137,1.07515763057396e-268,"Dendritic cells","GRPEL1"
3.54189944519424e-273,0.649671336766928,0.783,0.336,1.29637061593554e-268,"Dendritic cells","ALKBH7"
3.71911527660332e-273,0.665020044331174,0.505,0.171,1.36123338238958e-268,"Dendritic cells","GNL3"
5.89348653974005e-273,0.592893550617596,0.675,0.257,2.15707500841026e-268,"Dendritic cells","PSMG2"
6.87243194598797e-273,0.623911686077334,0.817,0.356,2.51537881655106e-268,"Dendritic cells","VDAC2"
9.04368535925719e-273,0.405675512268136,0.476,0.158,3.31007927834172e-268,"Dendritic cells","TMEM183A"
1.86953603466367e-272,0.849402504559791,0.31,0.081,6.8426888404725e-268,"Dendritic cells","CHID1"
2.76545170330938e-272,0.626104308197187,0.466,0.151,1.01218297792826e-267,"Dendritic cells","COA4"
3.08521540586683e-272,0.567202705165257,0.473,0.156,1.12921969070132e-267,"Dendritic cells","IARS2"
3.59254514334027e-272,0.844421909789946,0.334,0.091,1.31490744791397e-267,"Dendritic cells","TOMM40"
3.6478314216592e-272,0.421233540852089,0.387,0.116,1.33514277864148e-267,"Dendritic cells","ARPC1A"
3.98893523281105e-272,0.540352273260007,0.739,0.302,1.45999018456117e-267,"Dendritic cells","MRPL33"
8.84859339463048e-272,0.479406691332367,0.468,0.153,3.2386736683687e-267,"Dendritic cells","DCTN2"
1.42929650421364e-271,0.251315470044827,0.55,0.191,5.23136813507236e-267,"Dendritic cells","CTNNBL1"
1.65554133975376e-271,0.467728160315351,0.574,0.206,6.05944685763273e-267,"Dendritic cells","SUGT1"
2.37915847129434e-271,0.533641833779419,0.339,0.094,8.70795792078441e-267,"Dendritic cells","OGDH"
3.26469267746618e-271,0.322384041780017,0.985,0.697,1.1949101668794e-266,"Dendritic cells","LCP1"
3.58939984201427e-271,0.434073102971192,0.474,0.155,1.31375623617564e-266,"Dendritic cells","FAM50A"
3.90256224876411e-271,1.04369903274658,0.257,0.06,1.42837680867015e-266,"Dendritic cells","ALG3"
5.49384322791522e-271,1.03580648034403,0.257,0.06,2.01080155984925e-266,"Dendritic cells","SIL1"
7.01321225054611e-271,0.484586893233338,0.379,0.113,2.56690581582238e-266,"Dendritic cells","OTULIN"
8.12152901680668e-271,0.844614879299233,0.338,0.095,2.97256083544141e-266,"Dendritic cells","SMIM30"
1.31723633153739e-270,0.919969236007296,0.266,0.063,4.82121669706e-266,"Dendritic cells","ELK1"
1.85277403824948e-270,0.256457669357532,0.625,0.233,6.78133825739694e-266,"Dendritic cells","CTNNB1"
2.01785774886146e-270,0.761966540835305,0.264,0.062,7.38556114660782e-266,"Dendritic cells","MTM1"
3.39514925500488e-270,0.483511728556933,0.677,0.263,1.24265857882434e-265,"Dendritic cells","TMCO1"
4.41012296951971e-270,0.570905851083824,0.376,0.112,1.61414910807391e-265,"Dendritic cells","SDCCAG8"
6.72834669903505e-270,0.611074575455603,0.987,0.748,2.46264217531382e-265,"Dendritic cells","HINT1"
1.85880393665499e-269,0.289929592904026,0.437,0.139,6.80340828855094e-265,"Dendritic cells","ARL8B"
3.64720805410271e-269,0.526930953320493,0.486,0.168,1.33491461988213e-264,"Dendritic cells","NFATC2IP"
5.9024444532223e-269,0.55529302760688,0.401,0.122,2.16035369432389e-264,"Dendritic cells","GET3"
1.62135260499717e-268,0.433715052778462,0.773,0.323,5.93431266955014e-264,"Dendritic cells","PTPN2"
2.78253844624219e-268,0.555356010372008,0.42,0.132,1.0184368967091e-263,"Dendritic cells","UBAC1"
3.19516039984367e-268,0.587214793973714,0.299,0.078,1.16946065794678e-263,"Dendritic cells","MTHFR"
3.89289847308865e-268,0.526036514636892,0.678,0.26,1.42483977013518e-263,"Dendritic cells","ETFB"
4.62700862462198e-268,0.522841105794765,0.543,0.191,1.69353142669789e-263,"Dendritic cells","NAA10"
1.0715041986103e-267,0.543482966119311,0.512,0.175,3.92181251733355e-263,"Dendritic cells","MRPL18"
1.20712225236536e-267,0.884682246402773,0.291,0.074,4.41818815588245e-263,"Dendritic cells","MGAT2"
1.72172750102703e-267,0.394318728672948,0.608,0.224,6.30169482650902e-263,"Dendritic cells","CSNK2A1"
1.98674757367492e-267,0.973388683616977,0.261,0.061,7.27169479440758e-263,"Dendritic cells","AP1S1"
2.07454670749768e-267,0.645434629561767,0.363,0.106,7.59304840411226e-263,"Dendritic cells","OSGEP"
3.71276780477571e-267,0.542324124203587,0.713,0.284,1.35891014422596e-262,"Dendritic cells","BANF1"
1.14861157618406e-266,0.762592602486461,0.308,0.082,4.20403322999128e-262,"Dendritic cells","MPV17"
2.03439948863285e-266,0.57331915122744,0.97,0.621,7.44610556834511e-262,"Dendritic cells","COX5B"
4.30766484743976e-266,0.453424342628904,0.444,0.141,1.57664841081143e-261,"Dendritic cells","ITGB7"
9.71892520573562e-266,0.438734020412388,0.502,0.171,3.55722381455129e-261,"Dendritic cells","STX10"
2.35242158022783e-265,0.582241451963451,0.855,0.394,8.61009822579189e-261,"Dendritic cells","XRCC6"
8.38110740184691e-265,0.393247457330737,0.914,0.478,3.06756912014999e-260,"Dendritic cells","ZFP36"
9.19104564881551e-265,0.656068439895116,0.874,0.427,3.36401461792297e-260,"Dendritic cells","NDUFA12"
1.06132006302981e-264,0.600057815010174,0.291,0.075,3.88453756269543e-260,"Dendritic cells","DELE1"
1.39589899542951e-264,0.587032086077487,0.377,0.112,5.10912991317157e-260,"Dendritic cells","ZNF433-AS1"
3.03306560910688e-264,0.589702507203332,0.919,0.46,1.11013234358921e-259,"Dendritic cells","COPS9"
4.34872490530148e-264,0.544350980129076,0.624,0.233,1.5916768025894e-259,"Dendritic cells","MDH1"
4.66329377317972e-264,0.659555405598474,0.383,0.115,1.70681215392151e-259,"Dendritic cells","PTDSS1"
5.23253512447073e-264,0.352739871354047,0.307,0.081,1.91516018090753e-259,"Dendritic cells","SYMPK"
9.65066175474244e-264,0.598494522378808,0.89,0.43,3.53223870885328e-259,"Dendritic cells","POLR2L"
2.69618537136594e-263,0.540065290131301,0.844,0.378,9.86830807773649e-259,"Dendritic cells","GHITM"
4.47120855225252e-263,0.531292352082071,0.366,0.108,1.63650704220995e-258,"Dendritic cells","SETD3"
4.98001563013481e-263,0.682560947354447,0.36,0.105,1.82273552078564e-258,"Dendritic cells","TIMMDC1"
5.76264117856655e-263,0.401560512422987,0.365,0.107,2.10918429776714e-258,"Dendritic cells","HTT"
8.07067438316514e-263,0.508883356363373,0.98,0.691,2.95394753098227e-258,"Dendritic cells","PCBP2"
9.55726614173912e-263,0.500734551832207,0.526,0.187,3.49805498053794e-258,"Dendritic cells","MTIF3"
3.42384703972918e-262,0.840961656591291,0.263,0.063,1.25316225501128e-257,"Dendritic cells","SLC25A33"
3.50168133001606e-262,0.624010302897889,0.428,0.137,1.28165038359918e-257,"Dendritic cells","PSMD14"
3.97871914329757e-262,0.425903189041601,0.382,0.115,1.45625099363835e-257,"Dendritic cells","UBE2S"
1.07952617801143e-261,0.330663306130727,0.589,0.216,3.95117376413962e-257,"Dendritic cells","ARHGAP4"
1.25114944933561e-261,0.600001962540552,0.427,0.136,4.57933209951325e-257,"Dendritic cells","DDRGK1"
1.99664282430437e-261,0.33885307225792,0.32,0.088,7.30791240123643e-257,"Dendritic cells","ZBED1"
2.21047612718124e-261,1.22262176406,0.251,0.06,8.09056367309606e-257,"Dendritic cells","AC103591.3"
9.11338005415123e-261,0.472236354498357,0.643,0.244,3.33558823361989e-256,"Dendritic cells","CACYBP"
1.43792499821331e-260,0.342539237266951,0.582,0.22,5.26294928596054e-256,"Dendritic cells","POU2F2"
2.53833645420291e-260,1.17546184287174,0.29,0.077,9.29056525602806e-256,"Dendritic cells","ZDHHC4"
7.14967207381307e-260,0.72318022926118,0.376,0.113,2.61685147573632e-255,"Dendritic cells","UQCC2"
1.31007250167045e-259,0.784490448447027,0.302,0.08,4.79499636336401e-255,"Dendritic cells","BX284668.5"
3.45611868985275e-259,0.802662254695808,0.948,0.728,1.264974001673e-254,"Dendritic cells","S100A4"
3.89512535079533e-259,0.342473536214274,0.577,0.208,1.4256548296446e-254,"Dendritic cells","NDUFB6"
6.02337600470851e-259,0.460397644213864,0.634,0.244,2.20461585148336e-254,"Dendritic cells","DHX9"
1.56621369855549e-258,0.675545501272687,0.301,0.08,5.73249875808295e-254,"Dendritic cells","SYNE3"
1.89443171940916e-258,0.610992223350618,0.42,0.134,6.93380953620945e-254,"Dendritic cells","MRPL16"
2.02458053480985e-258,0.52477312114233,0.52,0.181,7.41016721545754e-254,"Dendritic cells","ANTKMT"
3.01952386332527e-258,0.43476550014442,0.525,0.183,1.10517592921568e-253,"Dendritic cells","MRPL47"
5.79079261015579e-258,0.576166199267046,0.474,0.161,2.11948800324312e-253,"Dendritic cells","EMC10"
2.66910953033478e-257,0.624950280365323,0.427,0.137,9.76920779197834e-253,"Dendritic cells","LAGE3"
5.05610252263173e-257,0.58301600375649,0.36,0.107,1.85058408430844e-252,"Dendritic cells","IFI35"
5.36845123116748e-257,0.631086394368537,0.95,0.528,1.96490683511961e-252,"Dendritic cells","TMEM258"
7.35862798586709e-257,0.560494811332845,0.949,0.551,2.69333142910721e-252,"Dendritic cells","UQCR10"
7.50593358422908e-257,0.442903143516278,0.364,0.108,2.74724675116369e-252,"Dendritic cells","RBM42"
1.02337261293072e-256,0.468568999364674,0.559,0.204,3.74564610058774e-252,"Dendritic cells","BORCS7"
1.07060612630158e-256,0.470242886124592,0.731,0.299,3.91852548287641e-252,"Dendritic cells","PSMD7"
1.18586436765794e-256,0.300293924667685,0.626,0.237,4.34038217206482e-252,"Dendritic cells","COX17"
1.21083964512127e-256,0.414145579795516,0.557,0.199,4.43179418510835e-252,"Dendritic cells","ADRM1"
1.46395922095208e-256,0.638061531973335,0.912,0.459,5.35823714460672e-252,"Dendritic cells","PEBP1"
1.56235183693897e-256,0.523974652662393,0.476,0.16,5.71836395838033e-252,"Dendritic cells","MRPL55"
5.61851104459169e-256,0.377451774556765,0.567,0.208,2.056431227431e-251,"Dendritic cells","TMEM248"
1.08393783982859e-255,0.496025674697479,0.304,0.082,3.96732088755663e-251,"Dendritic cells","INIP"
1.5993826303786e-255,0.431163424248379,0.354,0.105,5.85390036544872e-251,"Dendritic cells","SLC38A10"
1.84681324547143e-255,0.351454765447405,0.921,0.492,6.75952115975e-251,"Dendritic cells","SH3BGRL"
1.84810847938e-255,0.42787337467977,0.634,0.242,6.76426184537875e-251,"Dendritic cells","FAAP20"
1.8692039613504e-255,0.570276472386195,0.92,0.485,6.84147341893858e-251,"Dendritic cells","ATP5PF"
1.95013876597543e-255,0.670939692939548,0.421,0.135,7.13770289734666e-251,"Dendritic cells","ADSL"
4.00725511870682e-255,0.302222234040114,0.671,0.27,1.46669544599788e-250,"Dendritic cells","SMARCA5"
6.28818543057141e-255,0.415077230936766,0.562,0.208,2.30153874944344e-250,"Dendritic cells","PDS5A"
6.46215074081485e-255,0.563380602646599,0.456,0.152,2.36521179264564e-250,"Dendritic cells","TRIM28"
7.34617642434768e-255,0.512397790172975,0.326,0.092,2.6887740330755e-250,"Dendritic cells","TM7SF3"
7.93953548369157e-255,1.01158861260825,0.251,0.06,2.90594938238595e-250,"Dendritic cells","MIIP"
8.36240317895298e-255,0.762411922742355,0.293,0.079,3.06072318752858e-250,"Dendritic cells","MDN1"
1.31825382155754e-254,0.439751619123174,0.336,0.096,4.82494081228275e-250,"Dendritic cells","EXOC5"
1.4798998891421e-254,0.593529859137107,0.862,0.417,5.416581584249e-250,"Dendritic cells","SMIM26"
1.86609285365462e-254,0.530553411428752,0.978,0.643,6.83008645366127e-250,"Dendritic cells","COX6B1"
2.74819055368199e-254,0.415909460249976,0.276,0.07,1.00586522455314e-249,"Dendritic cells","ABR"
7.82313461116647e-254,0.943684573875877,0.3,0.08,2.86334549903304e-249,"Dendritic cells","POLD2"
9.08951594191272e-254,0.482206844669365,0.371,0.113,3.32685372989948e-249,"Dendritic cells","RPAP3"
1.14222894658993e-253,0.536690199135083,0.329,0.094,4.18067216741379e-249,"Dendritic cells","MTHFD2L"
1.27912605571974e-253,0.266581276645528,0.375,0.114,4.68172927653983e-249,"Dendritic cells","SNX14"
2.35795225830159e-253,0.651711661232444,0.348,0.102,8.63034106060964e-249,"Dendritic cells","GPAA1"
4.15935800238528e-253,0.6095293785347,0.834,0.403,1.52236662245304e-248,"Dendritic cells","LDHA"
4.53771082206283e-253,0.527046324291115,0.398,0.126,1.66084753798322e-248,"Dendritic cells","DHX29"
6.34147173262744e-253,0.602532856520147,0.487,0.169,2.32104206885897e-248,"Dendritic cells","INTS10"
7.46878950692355e-253,0.382605404171237,0.555,0.2,2.73365164742909e-248,"Dendritic cells","POLR2G"
1.48224820846295e-252,0.654011124870441,0.932,0.495,5.42517666779523e-248,"Dendritic cells","SELENOH"
2.02318910654182e-252,0.557234214870322,0.435,0.143,7.40507444885373e-248,"Dendritic cells","PRKD3"
2.6249529997778e-252,0.477651635956406,0.463,0.157,9.60759047448671e-248,"Dendritic cells","TCEAL8"
3.79598471066589e-252,0.504399910152495,0.267,0.067,1.38936836395082e-247,"Dendritic cells","DGAT1"
4.50095058235692e-252,0.5596960217173,0.478,0.166,1.64739292264845e-247,"Dendritic cells","IMMT"
1.24418783407835e-251,0.48195568858805,0.411,0.131,4.55385189151016e-247,"Dendritic cells","TRAPPC3"
1.45632643347529e-251,0.315460030484628,0.836,0.381,5.33030037916292e-247,"Dendritic cells","GABARAPL2"
1.94541871216013e-251,0.506555853679263,0.605,0.231,7.12042702837728e-247,"Dendritic cells","ILF3"
2.35868653622051e-251,0.575186498714085,0.849,0.393,8.63302859122068e-247,"Dendritic cells","SEPTIN9"
2.74024803373907e-251,0.264500417761957,0.343,0.1,1.00295818282884e-246,"Dendritic cells","TMEM43"
3.80244376603231e-251,0.332644459864714,0.574,0.212,1.39173244280549e-246,"Dendritic cells","HECTD1"
3.95828439750283e-251,0.737224432913703,0.349,0.104,1.44877167233001e-246,"Dendritic cells","R3HDM1"
4.26950754370385e-251,0.489906043407655,0.531,0.189,1.56268245607105e-246,"Dendritic cells","SMIM19"
8.76300656995559e-251,0.255865690889999,0.616,0.241,3.20734803466945e-246,"Dendritic cells","SENP6"
1.41500985090782e-250,0.266573076089069,0.691,0.279,5.17907755530772e-246,"Dendritic cells","ATF4"
1.42115480839309e-250,0.473640460210739,0.979,0.702,5.20156871419954e-246,"Dendritic cells","YWHAB"
3.00073385559531e-250,0.389341739442758,0.404,0.129,1.09829859848644e-245,"Dendritic cells","OXR1"
3.92739201174764e-250,0.407386553495507,0.407,0.129,1.43746475021975e-245,"Dendritic cells","DPM1"
5.37460862423143e-250,0.389384623977553,0.371,0.114,1.96716050255495e-245,"Dendritic cells","TFDP1"
1.46311017636814e-249,0.470622915880832,0.68,0.27,5.35512955652502e-245,"Dendritic cells","BAX"
1.54642506732572e-249,1.51859945231767,0.406,0.15,5.66007038891888e-245,"Dendritic cells","STMN1"
6.07772991459522e-249,0.492088685778705,0.705,0.286,2.224509926041e-244,"Dendritic cells","DUT"
9.95528587561998e-249,0.291907018691972,0.734,0.302,3.64373418333567e-244,"Dendritic cells","RAB14"
1.00698515631879e-248,1.05234321427275,0.344,0.104,3.68566637064242e-244,"Dendritic cells","TMEM107"
1.16277555789093e-248,0.433162532969778,0.434,0.145,4.2558748194366e-244,"Dendritic cells","MAGT1"
1.22040403939352e-248,0.409194759659506,0.363,0.11,4.46680082458422e-244,"Dendritic cells","DCTN1"
1.2729508208263e-248,0.58936471671589,0.735,0.308,4.65912729930634e-244,"Dendritic cells","MICOS13"
1.40444250448977e-248,0.515859059786651,0.338,0.098,5.14040001068299e-244,"Dendritic cells","SCAMP1"
1.9244336486424e-248,0.494000291425977,0.856,0.4,7.04361959739603e-244,"Dendritic cells","PSMB10"
2.06309533363579e-248,0.476811806964556,0.441,0.147,7.55113523064037e-244,"Dendritic cells","API5"
2.79129207951021e-248,0.383216473103798,0.48,0.166,1.02164081402153e-243,"Dendritic cells","ELAVL1"
2.93459062367397e-248,0.532040174813524,0.564,0.211,1.07408951417091e-243,"Dendritic cells","NMT1"
3.68648210962914e-248,0.685894584232194,0.324,0.092,1.34928931694536e-243,"Dendritic cells","DNPEP"
3.846763715282e-248,0.457979604521811,0.346,0.104,1.40795398743036e-243,"Dendritic cells","INSIG1"
5.32956185496695e-248,0.522907880703107,0.355,0.106,1.95067293453645e-243,"Dendritic cells","RFTN1"
1.10150113185771e-247,0.615813714677518,0.412,0.133,4.0316042927124e-243,"Dendritic cells","MRPS35"
1.10412643391137e-247,0.513875657635723,0.584,0.219,4.04121316075901e-243,"Dendritic cells","METTL26"
3.60699107278584e-247,0.41398631125036,0.595,0.223,1.32019480255035e-242,"Dendritic cells","BTF3L4"
1.66393555691039e-246,0.50728759318275,0.986,0.689,6.0901705318477e-242,"Dendritic cells","SNHG29"
1.87113772946208e-246,0.420314763454221,0.343,0.102,6.84855120360417e-242,"Dendritic cells","UBXN6"
1.92300367702139e-246,0.629691015670901,0.296,0.08,7.03838575826598e-242,"Dendritic cells","GTF2E2"
2.69717809803949e-246,0.587695433526598,0.982,0.722,9.87194155663433e-242,"Dendritic cells","EIF3K"
5.17537524691262e-246,0.543816315767243,0.302,0.083,1.89423909412249e-241,"Dendritic cells","UBP1"
6.60553594044433e-246,0.516520433835955,0.466,0.159,2.41769220956203e-241,"Dendritic cells","TPRKB"
7.06428074524346e-246,0.277125038816519,0.735,0.304,2.58559739556656e-241,"Dendritic cells","SNX2"
8.13091371738391e-246,0.545970979117268,0.836,0.382,2.97599572969968e-241,"Dendritic cells","SNRPG"
8.43257116285715e-246,0.438202255794534,0.681,0.268,3.08640537131734e-241,"Dendritic cells","MRPL41"
1.50035737870228e-245,0.819978789651045,0.26,0.065,5.49145804178821e-241,"Dendritic cells","DDI2"
1.58153633499083e-245,0.382676047690877,0.389,0.122,5.78858113969994e-241,"Dendritic cells","TIMM17B"
4.54672098923693e-245,0.611080923580215,0.948,0.533,1.66414534927061e-240,"Dendritic cells","TOMM6"
5.63175864402882e-245,1.1113218105961,0.317,0.094,2.06127998130099e-240,"Dendritic cells","SMC6"
6.95916993315586e-245,0.431006392168245,0.492,0.174,2.54712578723437e-240,"Dendritic cells","CTBP1"
7.96804030808126e-245,0.504870236977086,0.643,0.251,2.91638243316082e-240,"Dendritic cells","MRPS34"
8.49252519440361e-245,0.658776974531058,0.301,0.083,3.10834914640367e-240,"Dendritic cells","HDGFL2"
1.0076455227781e-244,0.336927392649887,0.983,0.768,3.68808337792013e-240,"Dendritic cells","TPM3"
1.61078821589651e-244,0.500874269638382,0.495,0.174,5.89564594900281e-240,"Dendritic cells","DRAM2"
1.86016606841388e-244,0.501909500617136,0.666,0.266,6.80839382700163e-240,"Dendritic cells","RAD23A"
1.90244767270072e-244,0.628144860748221,0.374,0.116,6.96314872685189e-240,"Dendritic cells","RRP7A"
1.99243933165453e-244,0.441663581965138,0.532,0.192,7.29252719778876e-240,"Dendritic cells","DCXR"
2.53927390923004e-244,0.341272526571024,0.574,0.216,9.29399643517285e-240,"Dendritic cells","MAPK1IP1L"
2.72281818139561e-244,0.293706472421541,0.548,0.201,9.96578682572609e-240,"Dendritic cells","VTI1B"
3.40453074407207e-244,0.92446035902887,0.299,0.083,1.24609229763782e-239,"Dendritic cells","MYO9A"
4.15673118541051e-244,0.437227863724437,0.811,0.355,1.5214051811721e-239,"Dendritic cells","AURKAIP1"
5.36762581811943e-244,0.635671866826233,0.323,0.093,1.96460472568989e-239,"Dendritic cells","ZHX1"
5.39657949767095e-244,0.675050488293439,0.351,0.105,1.97520206194254e-239,"Dendritic cells","SAMM50"
7.35892303916068e-244,0.82045903526055,0.258,0.065,2.6934394215632e-239,"Dendritic cells","MVB12A"
1.23751071290534e-243,0.315118940582789,0.446,0.154,4.52941296030485e-239,"Dendritic cells","DPYD"
3.14731134790681e-243,0.712626899545489,0.262,0.066,1.15194742644737e-238,"Dendritic cells","CISD1"
4.07766089282849e-243,0.320671907959957,0.454,0.155,1.49246466338416e-238,"Dendritic cells","GPI"
4.65052422701435e-243,0.275772994790845,0.735,0.323,1.70213837232952e-238,"Dendritic cells","AKAP9"
4.83290129779726e-243,0.797991421227797,0.268,0.069,1.76889020400678e-238,"Dendritic cells","CREBL2"
7.72622634858652e-243,0.394809604669053,0.839,0.388,2.82787610584615e-238,"Dendritic cells","TAF10"
1.69793466129021e-242,0.673588951940785,0.367,0.114,6.2146106537883e-238,"Dendritic cells","DDX54"
2.3129573586909e-242,0.419540260752347,0.764,0.321,8.46565522854456e-238,"Dendritic cells","CSNK2B"
3.52951880987385e-242,0.527482436347904,0.417,0.139,1.29183917960193e-237,"Dendritic cells","DMXL1"
3.87195042128342e-242,0.575336373352218,0.634,0.253,1.41717257369394e-237,"Dendritic cells","RNASEH2B"
6.34292377206544e-242,0.263779502988271,0.419,0.137,2.32157352981367e-237,"Dendritic cells","RAB22A"
7.60201230861687e-242,0.611125251398639,0.425,0.141,2.78241252507686e-237,"Dendritic cells","ALG5"
7.61961018205896e-242,0.392726011940843,0.699,0.284,2.7888535227354e-237,"Dendritic cells","EIF4H"
8.1932359738007e-242,0.303714624176697,0.495,0.177,2.99880629877079e-237,"Dendritic cells","HNRNPUL2"
1.04862676298121e-241,0.421309559135376,0.321,0.092,3.83807881518753e-237,"Dendritic cells","GYG1"
1.15262987185876e-241,0.354199634982456,0.43,0.147,4.21874059399024e-237,"Dendritic cells","CBX4"
1.92451275559721e-241,0.551954343816581,0.321,0.093,7.04390913676134e-237,"Dendritic cells","MAP3K13"
2.19498033021225e-241,0.380784031017504,0.47,0.163,8.03384750660985e-237,"Dendritic cells","PPP2R1A"
3.97063472400293e-241,0.422375689020453,0.441,0.149,1.45329201533231e-236,"Dendritic cells","ADK"
4.11896730954356e-241,0.394081533913689,0.76,0.321,1.50758322496604e-236,"Dendritic cells","CDC37"
8.50040550584012e-241,0.484948293474509,0.639,0.254,3.11123341919254e-236,"Dendritic cells","NASP"
9.15103002810057e-241,0.759540845184906,0.9,0.51,3.34936850058509e-236,"Dendritic cells","UCP2"
1.80629074726454e-240,0.449607777152785,0.462,0.159,6.61120476406295e-236,"Dendritic cells","DNAJC1"
1.93480102324482e-240,0.556505828965023,0.331,0.098,7.08156522517837e-236,"Dendritic cells","ACBD5"
2.05346832032554e-240,0.52049875827548,0.475,0.166,7.51589939922352e-236,"Dendritic cells","ANAPC15"
5.1396101551794e-240,0.53215699716693,0.455,0.155,1.88114871289721e-235,"Dendritic cells","MRPS23"
6.2129483736615e-240,0.466903889608024,0.729,0.301,2.27400123424384e-235,"Dendritic cells","SNRPD3"
9.4577894277693e-240,0.670794959255039,0.283,0.076,3.46164550845784e-235,"Dendritic cells","TXLNA"
1.19252288884368e-239,0.312646091049112,0.628,0.241,4.36475302545676e-235,"Dendritic cells","PSMC1"
1.36833243724044e-239,0.260718387825391,0.291,0.08,5.00823355354372e-235,"Dendritic cells","ZSWIM6"
1.4099621593016e-239,0.338308402006866,0.783,0.34,5.1606024992598e-235,"Dendritic cells","HEBP2"
1.87547028339268e-239,0.486987307489769,0.39,0.125,6.86440878424553e-235,"Dendritic cells","ZDHHC12"
2.20507755984798e-239,0.658189395803166,0.383,0.122,8.07080437679959e-235,"Dendritic cells","SMIM4"
2.59545794445828e-239,0.475960482983124,0.734,0.306,9.49963562251176e-235,"Dendritic cells","UQCRC2"
2.92093894705992e-239,0.562061079799858,0.4,0.129,1.0690928640134e-234,"Dendritic cells","HPRT1"
9.86029746632001e-239,0.612978914733131,0.366,0.114,3.60896747564779e-234,"Dendritic cells","CUL1"
1.09866409158826e-238,0.946659438405181,0.255,0.064,4.02122044162218e-234,"Dendritic cells","HDHD5"
1.33759001304255e-238,0.563064730081607,0.442,0.149,4.89571320673703e-234,"Dendritic cells","C12orf10"
1.65083681897387e-238,0.325723453741575,0.374,0.117,6.04222784112626e-234,"Dendritic cells","SPTLC1"
1.74233840214595e-238,0.669071601105653,0.364,0.113,6.37713278569441e-234,"Dendritic cells","SRFBP1"
2.12790542568207e-238,0.362440814762163,0.596,0.231,7.78834664853894e-234,"Dendritic cells","SERPINB6"
2.95268598896805e-238,0.491825564434811,0.643,0.252,1.0807125988222e-233,"Dendritic cells","MRPL34"
3.71468761890892e-238,0.403272851921854,0.507,0.182,1.35961281539685e-233,"Dendritic cells","MRPS36"
4.07602899957968e-238,0.689814556433952,0.302,0.084,1.49186737413616e-233,"Dendritic cells","FLYWCH2"
4.78141727307988e-238,0.393742370971262,0.272,0.072,1.75004653611997e-233,"Dendritic cells","BMP2K"
4.95095259444506e-238,0.499176918152154,0.335,0.1,1.81209815909284e-233,"Dendritic cells","PRXL2C"
1.18831113505011e-237,0.691777258730135,0.33,0.097,4.34933758539689e-233,"Dendritic cells","EBNA1BP2"
1.24726818369185e-237,0.485669940368253,0.279,0.074,4.56512627913053e-233,"Dendritic cells","CEP164"
1.32396011597373e-237,0.301888198528865,0.354,0.108,4.84582642047545e-233,"Dendritic cells","PRRC2A"
1.68838137325683e-237,1.26522944613584,0.503,0.205,6.17964466425734e-233,"Dendritic cells","OFD1"
3.21597013417874e-237,0.745298987821545,0.271,0.072,1.17707722881076e-232,"Dendritic cells","ZMYM4"
1.20001262296675e-236,0.336792287430496,0.992,0.814,4.3921662013206e-232,"Dendritic cells","ARPC2"
1.21110157142847e-236,0.843324744403826,0.255,0.065,4.43275286158534e-232,"Dendritic cells","EIPR1"
4.00123947230057e-236,0.39051283391557,0.483,0.171,1.46449365925673e-231,"Dendritic cells","FDFT1"
4.46154848182291e-236,0.386313517462399,0.44,0.149,1.632971359832e-231,"Dendritic cells","TDG"
9.07856540824037e-236,0.64681821052286,0.735,0.322,3.32284572507006e-231,"Dendritic cells","SIVA1"
1.39133328606502e-235,0.454941672865328,0.86,0.417,5.09241896032656e-231,"Dendritic cells","KHDRBS1"
1.56804506191672e-235,0.44231243281532,0.508,0.183,5.7392017311214e-231,"Dendritic cells","PSMC3"
2.5190965860754e-235,0.63751684097772,0.361,0.113,9.22014541469456e-231,"Dendritic cells","GORASP2"
2.86903067480821e-235,0.763152195352777,0.261,0.067,1.05009391728655e-230,"Dendritic cells","CRLS1"
3.38062094475078e-235,0.270922230842807,0.374,0.119,1.23734107198823e-230,"Dendritic cells","GINM1"
3.66505355102269e-235,0.535203562685774,0.758,0.329,1.34144625020981e-230,"Dendritic cells","ABRACL"
4.59340786781616e-235,0.564983318207748,0.299,0.084,1.68123321369939e-230,"Dendritic cells","TM9SF4"
1.10837792146583e-234,0.413650849925368,0.744,0.31,4.05677403035709e-230,"Dendritic cells","LMAN2"
1.1321708547742e-234,0.367173215255677,0.923,0.483,4.14385854555905e-230,"Dendritic cells","CDV3"
1.85806499512199e-234,0.500561167525742,0.281,0.076,6.800703688646e-230,"Dendritic cells","TRIM26"
3.24036217322271e-234,0.354957908901274,0.462,0.162,1.18600495902124e-229,"Dendritic cells","ANKRD10"
3.42191144794077e-234,0.500080071745625,0.923,0.507,1.2524538090608e-229,"Dendritic cells","HNRNPD"
3.6170535108382e-234,0.440216839313294,0.292,0.081,1.32387775550189e-229,"Dendritic cells","TMEM65"
7.56277686167929e-234,0.495861709487974,0.311,0.09,2.76805195914324e-229,"Dendritic cells","SPTSSA"
1.80066713765038e-233,0.62274182771216,0.293,0.081,6.59062179051417e-229,"Dendritic cells","VPS25"
2.89686454989024e-233,0.472454681220791,0.34,0.103,1.06028139390532e-228,"Dendritic cells","PLPBP"
3.20842472889708e-233,0.284219650175024,0.593,0.229,1.17431553502362e-228,"Dendritic cells","PDCD6IP"
3.73366267751314e-233,0.532799325602393,0.845,0.403,1.36655787659659e-228,"Dendritic cells","PSMA1"
3.95017930899817e-233,0.472696868006522,0.892,0.445,1.44580512888642e-228,"Dendritic cells","SRSF2"
7.59751852135e-233,0.333798810747762,0.689,0.278,2.78076775399931e-228,"Dendritic cells","STRAP"
8.00793304993189e-233,0.574194095739867,0.429,0.145,2.93098357560557e-228,"Dendritic cells","CCDC57"
9.82675995235217e-233,0.277160444538728,0.494,0.179,3.59669241016042e-228,"Dendritic cells","IER5"
1.01632165298615e-232,0.322804828690308,0.358,0.111,3.71983888209461e-228,"Dendritic cells","SYNGR1"
1.55016977561064e-232,0.497015264947808,0.407,0.134,5.67377639571249e-228,"Dendritic cells","EIF2S1"
7.46829906516885e-232,0.373086017007975,0.557,0.207,2.73347214084245e-227,"Dendritic cells","EMC6"
7.84797314158093e-232,0.535233030572317,0.348,0.108,2.87243664955004e-227,"Dendritic cells","MCFD2"
1.04712216143037e-231,0.944485163990898,0.274,0.075,3.83257182305131e-227,"Dendritic cells","ABI2"
1.07842628891687e-231,0.252080284862949,0.458,0.16,3.94714806006462e-227,"Dendritic cells","PPP6R1"
1.13064554186649e-231,0.521473471452715,0.964,0.598,4.13827574778553e-227,"Dendritic cells","ATP5ME"
1.58973801083208e-231,0.411122176809824,0.38,0.122,5.81860009344649e-227,"Dendritic cells","GTF2F2"
3.10789945799697e-231,0.663121953556707,0.348,0.107,1.13752228062147e-226,"Dendritic cells","MRPS25"
3.9929626057798e-231,0.393471958119096,0.969,0.619,1.46146424334146e-226,"Dendritic cells","TMBIM6"
4.72499376563711e-231,0.49587256438212,0.344,0.106,1.72939496816084e-226,"Dendritic cells","RWDD4"
6.23099202144241e-231,1.31856317143437,0.349,0.118,2.28060538976814e-226,"Dendritic cells","PLAAT3"
6.85747582836808e-231,0.302143016067048,0.365,0.115,2.509904727941e-226,"Dendritic cells","BCAP29"
1.84109347277297e-230,0.310834872884,0.611,0.239,6.73858621969636e-226,"Dendritic cells","RBM6"
2.96291637924513e-230,0.402199635774177,0.285,0.079,1.08445702396751e-225,"Dendritic cells","FBRSL1"
3.12644442286616e-230,0.496411045184484,0.334,0.101,1.14430992321324e-225,"Dendritic cells","STIP1"
6.13371097966042e-230,0.551358660234082,0.342,0.106,2.24499955566551e-225,"Dendritic cells","ACSL3"
7.52211126696568e-230,0.427304903106829,0.379,0.122,2.75316794482211e-225,"Dendritic cells","C16orf87"
1.80363895019593e-229,0.647038297638584,0.301,0.086,6.60149892161213e-225,"Dendritic cells","POLDIP2"
2.09321576780616e-229,0.378725307845331,0.489,0.175,7.66137903174734e-225,"Dendritic cells","MPLKIP"
2.6728726345795e-229,0.501374590158041,0.48,0.173,9.78298112982442e-225,"Dendritic cells","MRPS5"
3.29244720896123e-229,0.4975219447645,0.365,0.116,1.2050686029519e-224,"Dendritic cells","MTREX"
3.46759994005003e-229,0.581965723161644,0.315,0.094,1.26917625405771e-224,"Dendritic cells","POLG"
4.27567710535869e-229,0.454557375912886,0.472,0.167,1.56494057733233e-224,"Dendritic cells","ITPA"
4.94474720445063e-229,0.312137756112314,0.525,0.196,1.80982692430097e-224,"Dendritic cells","SRPRA"
8.26795300905846e-229,0.489707336749852,0.516,0.189,3.02615348084549e-224,"Dendritic cells","NAA20"
8.40959619729012e-229,0.455668695910244,0.538,0.2,3.07799630417016e-224,"Dendritic cells","IER3IP1"
9.91737421261037e-229,0.438489250409214,0.346,0.107,3.62985813555752e-224,"Dendritic cells","NRAS"
1.96712849448703e-228,0.653918840567246,0.262,0.069,7.19988700267198e-224,"Dendritic cells","LRRC41"
2.02986988047323e-228,0.287445137122398,0.483,0.172,7.42952674952007e-224,"Dendritic cells","CORO1B"
2.19853477074905e-228,0.438269098554673,0.548,0.205,8.04685711441859e-224,"Dendritic cells","EIF3B"
2.99852383110658e-228,0.50332154283913,0.994,0.788,1.09748970742332e-223,"Dendritic cells","RPL4"
3.03018391811509e-228,0.755567057354703,0.26,0.07,1.1090776158693e-223,"Dendritic cells","IRF2BPL"
4.48936726895028e-228,0.358446603793923,0.465,0.164,1.64315331410849e-223,"Dendritic cells","SF3A3"
1.51149675116418e-227,0.424941960782253,0.899,0.519,5.53222925893603e-223,"Dendritic cells","ITGB2"
2.93943209788102e-227,0.464275019212105,0.838,0.378,1.07586154214543e-222,"Dendritic cells","RNF7"
3.61042216857663e-227,0.495610145732927,0.445,0.154,1.32145061792073e-222,"Dendritic cells","GTPBP6"
3.77921610328491e-227,0.328948430726618,0.643,0.255,1.38323088596331e-222,"Dendritic cells","MPC2"
5.98662805908974e-227,0.368841950100821,0.676,0.278,2.19116573590744e-222,"Dendritic cells","SUPT16H"
7.0485617600078e-227,0.473178340115679,0.401,0.134,2.57984408978046e-222,"Dendritic cells","FAM136A"
1.02330617589548e-226,0.460042525119566,0.317,0.095,3.74540293439506e-222,"Dendritic cells","CUL4B"
1.1770959459552e-226,1.02770986827302,0.279,0.079,4.30828887179063e-222,"Dendritic cells","CDCA7L"
1.6895743056233e-226,0.46088006554447,0.564,0.214,6.18401091601185e-222,"Dendritic cells","FAM174C"
1.9389350027868e-226,0.388770396529094,0.533,0.205,7.09669600369998e-222,"Dendritic cells","MIA3"
4.86418123526649e-226,0.25897983752586,0.68,0.28,1.78033897391989e-221,"Dendritic cells","PRPF8"
5.67585660311512e-226,0.608341290418594,0.32,0.095,2.07742027530617e-221,"Dendritic cells","GPRIN3"
5.78072196858884e-226,0.704453274246533,0.394,0.133,2.1158020477232e-221,"Dendritic cells","TMEM141"
8.79107707832188e-226,0.514586519663891,0.295,0.084,3.21762212143659e-221,"Dendritic cells","RNF20"
1.22210894253672e-225,0.924404186317699,0.764,0.499,4.47304094057865e-221,"Dendritic cells","ANXA1"
1.59982807260329e-225,0.553570890345254,0.373,0.122,5.85553072853531e-221,"Dendritic cells","INPP4A"
3.5955553424307e-225,0.400746757914126,0.644,0.263,1.31600921088306e-220,"Dendritic cells","CDC40"
7.33492458152087e-225,0.539208778131607,0.901,0.471,2.68465574608245e-220,"Dendritic cells","MICOS10"
8.73245489349439e-225,0.480282275372599,0.7,0.29,3.19616581556788e-220,"Dendritic cells","CCT4"
1.41104591986779e-224,0.537305455144674,0.898,0.457,5.16456917130809e-220,"Dendritic cells","NDUFA11"
1.72726809157441e-224,0.55654684117461,0.811,0.372,6.32197394197151e-220,"Dendritic cells","FBL"
2.30833643676363e-224,0.255320817155746,0.812,0.38,8.44874219219858e-220,"Dendritic cells","HSPA5"
2.39292940128693e-224,0.500569993566843,0.424,0.145,8.75836090165029e-220,"Dendritic cells","DDX1"
2.49574451885911e-224,0.370579559909944,0.54,0.202,9.13467451347624e-220,"Dendritic cells","SURF1"
3.13647853648941e-224,0.570490350800104,0.256,0.068,1.14798250914049e-219,"Dendritic cells","TRAPPC11"
6.47021321392277e-224,0.37456066320723,0.852,0.393,2.36816273842787e-219,"Dendritic cells","H2AFV"
8.46553444531555e-224,0.453058474309605,0.758,0.328,3.09847026232995e-219,"Dendritic cells","COX14"
1.57116333461206e-223,0.428931383963755,0.309,0.091,5.7506149210136e-219,"Dendritic cells","CALU"
1.59330867179758e-223,0.417214636811184,0.791,0.346,5.83166906964633e-219,"Dendritic cells","PDCD6"
3.48589255991001e-223,0.464168293798972,0.741,0.318,1.27587153585266e-218,"Dendritic cells","PYURF"
4.34755917489144e-223,0.4723621217158,0.385,0.128,1.59125013360202e-218,"Dendritic cells","AFG3L2"
7.03681214230657e-223,0.266106695241257,0.725,0.305,2.57554361220563e-218,"Dendritic cells","BCAP31"
1.32269490567274e-222,0.325640438043999,0.441,0.155,4.8411956242528e-218,"Dendritic cells","LZIC"
1.4046942446996e-222,0.468440577731473,0.445,0.156,5.14132140502499e-218,"Dendritic cells","AHSA1"
1.08478885956653e-221,0.267859729267083,0.497,0.183,3.97043570489945e-217,"Dendritic cells","PRKAG2"
2.6645141586505e-221,0.543455470227648,0.4,0.135,9.75238827207668e-217,"Dendritic cells","NSMCE4A"
3.16872907246314e-221,0.449065417861312,0.737,0.317,1.15978652781224e-216,"Dendritic cells","CCDC12"
3.94419756538234e-221,0.367010921485266,0.252,0.066,1.44361575090559e-216,"Dendritic cells","BAG4"
5.60877543148109e-221,0.621364924949968,0.318,0.096,2.05286789567639e-216,"Dendritic cells","MRPL27"
8.22852632288806e-221,0.484905955128541,0.886,0.446,3.01172291944026e-216,"Dendritic cells","SNRPB"
1.048979633566e-220,0.453157965363062,0.86,0.421,3.8393703568149e-216,"Dendritic cells","DRAP1"
1.54233374151137e-220,0.390402542913639,0.401,0.136,5.64509572730576e-216,"Dendritic cells","BAZ1B"
1.57839310824308e-220,0.40299726353967,0.403,0.135,5.77707661548049e-216,"Dendritic cells","E2F4"
1.70673195244141e-220,0.491008400379444,0.392,0.13,6.24680961913079e-216,"Dendritic cells","TMEM126A"
1.76716596465202e-220,0.359513051014501,0.486,0.177,6.46800414722286e-216,"Dendritic cells","FNTA"
3.19651656266364e-220,0.286411787916699,0.925,0.521,1.16995702710052e-215,"Dendritic cells","GPX4"
3.54570944735986e-220,0.637125126735381,0.305,0.09,1.29776511482818e-215,"Dendritic cells","NOLC1"
7.80109919174763e-220,0.454273363154928,0.918,0.524,2.85528031517155e-215,"Dendritic cells","DEK"
7.82633747727238e-220,0.7012464955645,0.308,0.092,2.86451778005646e-215,"Dendritic cells","ZDHHC24"
1.41829444906248e-219,0.493412024738229,0.334,0.104,5.19109951301356e-215,"Dendritic cells","FEM1B"
1.98461328117891e-219,0.4285135778184,0.308,0.095,7.26388307044293e-215,"Dendritic cells","FOSB"
2.22574504272161e-219,0.707566392853698,0.259,0.07,8.14644943086536e-215,"Dendritic cells","CLPTM1"
2.50410528874529e-219,0.362513675097711,0.653,0.261,9.16527576733662e-215,"Dendritic cells","SSNA1"
2.64137047132119e-219,0.813134290956452,0.502,0.208,9.66768006208268e-215,"Dendritic cells","CCDC186"
4.98618980670444e-219,0.342019425975877,0.38,0.125,1.82499533115189e-214,"Dendritic cells","KPNA3"
5.68688952405886e-219,0.406177385189323,0.533,0.202,2.08145843470078e-214,"Dendritic cells","SAT2"
5.93763151133655e-219,0.51782773899308,0.293,0.085,2.17323250946429e-214,"Dendritic cells","AGPS"
5.98372054052194e-219,0.400093930066109,0.361,0.116,2.19010155503643e-214,"Dendritic cells","PSMC2"
1.40138375346757e-218,0.541337232783146,0.338,0.106,5.12920467606666e-214,"Dendritic cells","WDR70"
1.67239406566571e-218,0.502265932299596,0.434,0.152,6.12112951974306e-214,"Dendritic cells","CFAP298"
2.03541274611381e-218,0.717123809538602,0.321,0.099,7.44981419205114e-214,"Dendritic cells","TMA16"
4.83774075916577e-218,0.323241532786516,0.362,0.117,1.77066149526226e-213,"Dendritic cells","MRPL28"
5.87580897056531e-218,0.78241718734456,0.291,0.085,2.15060484131661e-213,"Dendritic cells","TRIM14"
1.34419144781867e-217,0.298654502375298,0.603,0.24,4.9198751181611e-213,"Dendritic cells","IL16"
1.50188444560832e-217,0.536426428401056,0.857,0.419,5.49704725937103e-213,"Dendritic cells","NDUFB4"
1.67567014406484e-217,0.276542715794059,0.408,0.14,6.1331202942917e-213,"Dendritic cells","SNX1"
2.06541360855328e-217,0.369698003062561,0.561,0.217,7.55962034866586e-213,"Dendritic cells","UBE2G2"
3.3727314997341e-217,0.314873146507526,0.516,0.191,1.23445345621768e-212,"Dendritic cells","MMADHC"
4.74007544007271e-217,0.310479901339291,0.532,0.2,1.73491501182101e-212,"Dendritic cells","TCP1"
4.98048710027283e-217,0.420118379879081,0.811,0.386,1.82290808357086e-212,"Dendritic cells","EZR"
5.62072572362214e-217,0.316718792247546,0.467,0.168,2.05724182210294e-212,"Dendritic cells","HSPA4"
5.88010822720442e-217,0.444118240613655,0.542,0.21,2.15217841223909e-212,"Dendritic cells","MALT1"
8.8333981415889e-217,0.641316145453168,0.313,0.095,3.23311205380295e-212,"Dendritic cells","BCL2L13"
1.06855635034306e-216,0.290622306543086,0.443,0.156,3.91102309789062e-212,"Dendritic cells","TIPRL"
1.41204214922716e-216,0.376373783269232,0.6,0.24,5.16821547038632e-212,"Dendritic cells","DARS"
2.16333691567158e-216,0.41499767657995,0.438,0.155,7.91802944504956e-212,"Dendritic cells","SEPHS2"
2.67371617055767e-216,0.533183150379115,0.799,0.382,9.78606855585812e-212,"Dendritic cells","TTC3"
3.02110968793357e-216,0.339592826846453,0.329,0.102,1.10575635688057e-211,"Dendritic cells","ZNF580"
4.33679476314005e-216,0.42503332297854,0.279,0.08,1.58731025125689e-211,"Dendritic cells","BTAF1"
4.52850650346777e-216,0.423863948968597,0.347,0.11,1.65747866533424e-211,"Dendritic cells","TMEM50B"
5.1160161248063e-216,0.437354869808995,0.436,0.154,1.87251306184035e-211,"Dendritic cells","USP14"
9.13813811960156e-216,0.570688101131925,0.276,0.078,3.34464993315537e-211,"Dendritic cells","SNAPIN"
9.7342300571377e-216,0.662039154057059,0.307,0.093,3.56282554321297e-211,"Dendritic cells","TFRC"
1.07396170005574e-215,0.487654255151839,0.61,0.251,3.93080721837403e-211,"Dendritic cells","SLC3A2"
1.18440591253473e-215,0.446967728724317,0.334,0.105,4.33504408046837e-211,"Dendritic cells","IRAK1"
1.22791581909853e-215,0.375083670015357,0.481,0.176,4.49429468948252e-211,"Dendritic cells","MRPS16"
1.97703250211692e-215,0.573368566434548,0.271,0.076,7.23613666099815e-211,"Dendritic cells","ALDH16A1"
5.4092957018631e-215,0.425583993687536,0.965,0.596,1.97985631983891e-210,"Dendritic cells","UBL5"
8.36468810935909e-215,0.484016418689238,0.276,0.079,3.06155949490652e-210,"Dendritic cells","RDX"
9.09342408349704e-215,0.278190491508258,0.417,0.146,3.32828414880075e-210,"Dendritic cells","MLXIP"
1.69075274792673e-214,0.373837221252881,0.671,0.306,6.18832413268661e-210,"Dendritic cells","TOB1"
4.35285120052322e-214,0.767931474899841,0.273,0.077,1.5931870679035e-209,"Dendritic cells","PAFAH1B3"
7.67884187568958e-214,0.517109200789734,0.974,0.666,2.81053291492114e-209,"Dendritic cells","NCL"
9.76536361623416e-214,0.415635655055992,0.37,0.123,3.57422073717786e-209,"Dendritic cells","SMARCA4"
1.07798499580964e-213,0.424140879107207,0.655,0.265,3.94553288316288e-209,"Dendritic cells","CCT7"
1.1370928200421e-213,0.473436462304712,0.267,0.075,4.16187343063611e-209,"Dendritic cells","PNP"
2.04736494017316e-213,0.347246030851246,0.267,0.075,7.4935604175278e-209,"Dendritic cells","CSRP1"
2.07927190041505e-213,0.647769332252238,0.29,0.085,7.61034308270912e-209,"Dendritic cells","HCFC1R1"
3.10377473911441e-213,0.501072496715746,0.606,0.241,1.13601259226327e-208,"Dendritic cells","PRMT1"
4.23712110534522e-213,0.339701170264738,0.793,0.356,1.5508286957674e-208,"Dendritic cells","ATP6AP2"
9.56759477292931e-213,0.312698247759881,0.488,0.184,3.50183536283986e-208,"Dendritic cells","TTC17"
2.2053373494225e-212,0.597648522535951,0.258,0.07,8.0717552326213e-208,"Dendritic cells","QTRT2"
2.91363977999227e-212,0.577965094986656,0.354,0.116,1.06642129587497e-207,"Dendritic cells","PHF6"
3.83691982014032e-212,0.343975779496573,0.672,0.28,1.40435102336956e-207,"Dendritic cells","CNOT7"
4.17823902845034e-212,0.31531064495476,0.496,0.188,1.52927726680311e-207,"Dendritic cells","UBE2L6"
4.49611136357875e-212,0.516193219602353,0.335,0.107,1.64562172018346e-207,"Dendritic cells","ELOA"
6.20301846043363e-212,0.416881384563237,0.79,0.35,2.27036678670331e-207,"Dendritic cells","LSM3"
7.10244976837814e-212,0.319647905686137,0.366,0.122,2.59956763972408e-207,"Dendritic cells","ATXN3"
1.10846090340054e-211,0.349343357745337,0.449,0.161,4.0570777525363e-207,"Dendritic cells","GTF2H5"
1.46926803392348e-211,0.300638199104508,0.491,0.181,5.37766793096331e-207,"Dendritic cells","IDH3B"
2.51333838975195e-211,0.448353478537013,0.384,0.129,9.1990698403311e-207,"Dendritic cells","CCDC124"
6.44768325084119e-211,0.628128775475689,0.286,0.085,2.35991654664038e-206,"Dendritic cells","SLC25A46"
6.51295693721838e-211,0.261131905421625,0.292,0.086,2.3838073685913e-206,"Dendritic cells","PSME3"
7.57345313257571e-211,0.546229422252267,0.619,0.263,2.77195958105404e-206,"Dendritic cells","SEC11C"
8.25719352455274e-211,0.55889809479683,0.301,0.09,3.02221540192155e-206,"Dendritic cells","GPS1"
8.71277155511857e-211,0.370891685257535,0.668,0.282,3.18896151688895e-206,"Dendritic cells","TAF15"
8.96004185123122e-211,0.370439757898717,0.812,0.379,3.27946491796914e-206,"Dendritic cells","ZC3H15"
1.30603594243084e-210,0.347945487608263,0.561,0.218,4.78022215289111e-206,"Dendritic cells","SDHC"
2.6153290583848e-210,0.290805117161904,0.447,0.161,9.57236588659419e-206,"Dendritic cells","ATXN2L"
7.79499882146588e-210,0.496077453663782,0.976,0.665,2.85304751864473e-205,"Dendritic cells","NDUFA4"
1.04753442180765e-209,0.604355578663452,0.33,0.105,3.83408073725819e-205,"Dendritic cells","ELP5"
2.79141426916221e-209,0.264283925502699,0.62,0.251,1.02168553665606e-204,"Dendritic cells","ATP1A1"
3.45766790449853e-209,0.862346347003129,0.26,0.073,1.26554102972551e-204,"Dendritic cells","PAICS"
3.7127472699181e-209,0.45746343780613,0.359,0.118,1.35890262826272e-204,"Dendritic cells","DDX39A"
3.89111619640551e-209,0.634540919093515,0.261,0.073,1.42418743904638e-204,"Dendritic cells","DIMT1"
4.46681887730954e-209,0.490103597004952,0.939,0.538,1.63490037728406e-204,"Dendritic cells","PSMB1"
8.64771464736271e-209,0.582719450542,0.343,0.111,3.16515003808123e-204,"Dendritic cells","ASCC3"
9.75009384943715e-209,0.41788840907228,0.319,0.099,3.56863184983249e-204,"Dendritic cells","SLC35C2"
1.27300162078022e-208,0.438786329166179,0.445,0.159,4.65931323221767e-204,"Dendritic cells","MRPL9"
1.62120538575103e-208,0.433472105350511,0.592,0.25,5.93377383238733e-204,"Dendritic cells","OGT"
1.8614556285631e-208,0.354800505114385,0.599,0.24,6.8131137461038e-204,"Dendritic cells","TFAM"
4.49378727896689e-208,0.359764972334781,0.522,0.199,1.64477108197467e-203,"Dendritic cells","DOCK10"
1.40002780046866e-207,0.66292742495847,0.257,0.072,5.12424175249535e-203,"Dendritic cells","APEH"
2.40548490018026e-207,0.344303313258061,0.488,0.182,8.80431528314978e-203,"Dendritic cells","PRKCSH"
3.15245967760573e-207,0.478421067403418,0.451,0.166,1.15383176660047e-202,"Dendritic cells","CBX5"
3.50628583700222e-207,0.464091624774329,0.787,0.397,1.28333567920118e-202,"Dendritic cells","DDIT4"
3.68605304156542e-207,0.381177454275001,0.325,0.102,1.34913227374336e-202,"Dendritic cells","COPS4"
4.07588005883539e-207,0.293515371483578,0.612,0.247,1.49181286033434e-202,"Dendritic cells","TXNL1"
9.08037083971796e-207,0.30935810044205,0.654,0.273,3.32350653104517e-202,"Dendritic cells","UFM1"
1.3310563726811e-206,0.337267876411804,0.505,0.193,4.87179942965011e-202,"Dendritic cells","LARP1"
1.65000064270203e-206,0.446171519882926,0.633,0.263,6.03916735235369e-202,"Dendritic cells","LSM6"
1.93204066469262e-206,0.728302448791628,0.279,0.082,7.07146203684146e-202,"Dendritic cells","IARS"
3.20147960734196e-206,0.687235862459595,0.255,0.071,1.17177355108323e-201,"Dendritic cells","KIF22"
5.11006362008464e-206,0.265618127609561,0.385,0.13,1.87033438558718e-201,"Dendritic cells","RPS6KB2"
6.1094240481092e-206,0.294148204612303,0.522,0.204,2.23611029584845e-201,"Dendritic cells","HUWE1"
6.91562891191401e-206,0.338885351320755,0.558,0.221,2.53118933804965e-201,"Dendritic cells","POLE3"
1.05061398100539e-205,0.536176195301355,0.287,0.085,3.84535223187783e-201,"Dendritic cells","FUBP3"
1.70883816682294e-205,0.348427095604877,0.413,0.146,6.25451857438865e-201,"Dendritic cells","MAP4"
2.19989994036934e-205,0.635796371879238,0.255,0.071,8.05185377174583e-201,"Dendritic cells","RIOK1"
5.60143144287718e-205,0.408491956256199,0.478,0.176,2.05017992240748e-200,"Dendritic cells","MRPL14"
7.3468171627572e-205,0.321405530064439,0.31,0.096,2.68900854974076e-200,"Dendritic cells","MTX1"
1.08222390366243e-204,0.364054968476038,0.278,0.081,3.96104770979488e-200,"Dendritic cells","PHKG2"
1.3153196331518e-204,0.311066160231958,0.432,0.157,4.81420138929891e-200,"Dendritic cells","NSL1"
2.17036285369696e-204,0.265913030981041,0.586,0.235,7.94374508081626e-200,"Dendritic cells","PCMT1"
4.56313811366594e-204,0.369222103353345,0.4,0.14,1.67015418098287e-199,"Dendritic cells","DKC1"
5.52248508054454e-204,0.484759996990556,0.73,0.323,2.02128476433011e-199,"Dendritic cells","EIF2A"
6.68330822763149e-204,0.290918459874806,0.606,0.245,2.4461576443954e-199,"Dendritic cells","MAZ"
7.4773864320638e-204,0.529595889163259,0.943,0.544,2.73679820799967e-199,"Dendritic cells","ATP5MD"
7.59703212656683e-204,0.334474975112264,0.671,0.279,2.78058972864472e-199,"Dendritic cells","NUDC"
8.14279052241581e-204,0.355149440454447,0.35,0.115,2.98034275910941e-199,"Dendritic cells","GANAB"
8.73254972048004e-204,0.590941543047276,0.254,0.071,3.1962005231929e-199,"Dendritic cells","PSMD10"
1.95371712818974e-203,0.335648828333522,0.462,0.171,7.15080006088728e-199,"Dendritic cells","SARS"
3.21426192213102e-203,0.267693691166345,0.882,0.441,1.17645200611917e-198,"Dendritic cells","YY1"
3.72434954405305e-203,0.309004900775883,0.429,0.155,1.36314917661886e-198,"Dendritic cells","C5orf24"
3.86105796407357e-203,0.429722055820493,0.461,0.174,1.41318582543057e-198,"Dendritic cells","MANF"
1.0052221958057e-202,0.553714185122118,0.353,0.118,3.67921375886843e-198,"Dendritic cells","SAMD1"
1.27678871159478e-202,0.353972666927966,0.342,0.112,4.67317436330806e-198,"Dendritic cells","SART1"
1.3722950094204e-202,0.47309964874501,0.445,0.165,5.02273696397961e-198,"Dendritic cells","NHLRC3"
1.61781855258967e-202,0.295395975693378,0.628,0.255,5.92137768433346e-198,"Dendritic cells","ELOC"
1.65299831415959e-202,0.393684854659875,0.44,0.161,6.0501391296555e-198,"Dendritic cells","ZSCAN16-AS1"
3.02975156242087e-202,0.455108694629747,0.748,0.329,1.10891936936166e-197,"Dendritic cells","LSM5"
4.71567770692912e-202,0.424335598252102,0.761,0.34,1.72598519751313e-197,"Dendritic cells","PRDX1"
5.60741886353799e-202,0.612748209925923,0.306,0.095,2.05237137824354e-197,"Dendritic cells","FAM117B"
5.63637227433455e-202,0.514848955603753,0.84,0.438,2.06296861612919e-197,"Dendritic cells","H1FX"
1.21964036551792e-201,0.37961869765914,0.329,0.106,4.46400570183213e-197,"Dendritic cells","ERAP1"
1.35147110626831e-201,0.425824945723908,0.833,0.396,4.94651939605264e-197,"Dendritic cells","SELENOF"
1.36059219272642e-201,0.457254099857784,0.364,0.123,4.97990348459797e-197,"Dendritic cells","BCCIP"
4.57688037434625e-201,0.458332557250152,0.868,0.442,1.67518398581447e-196,"Dendritic cells","HNRNPR"
5.07088557515066e-201,0.305203517249362,0.525,0.203,1.85599482936089e-196,"Dendritic cells","PGP"
8.57642314999472e-201,0.282393909157849,0.369,0.127,3.13905663712957e-196,"Dendritic cells","BORCS5"
1.11794315048244e-200,0.287695739068232,0.706,0.306,4.09178372508079e-196,"Dendritic cells","FAM204A"
1.25668425849162e-200,0.667669063626122,0.705,0.324,4.59959005450519e-196,"Dendritic cells","PAXX"
1.7366254110438e-200,0.345157432707333,0.408,0.143,6.35622266696142e-196,"Dendritic cells","ARL2"
1.93011796145745e-200,0.717947923080223,0.274,0.081,7.06442475073043e-196,"Dendritic cells","ZBTB10"
1.94483727614519e-200,0.496673431240732,0.327,0.105,7.11829891441902e-196,"Dendritic cells","BMS1"
2.06260056232982e-200,0.519619766283803,0.936,0.523,7.54932431818336e-196,"Dendritic cells","NDUFB11"
2.18246187140747e-200,0.552628602700825,0.299,0.092,7.98802869553847e-196,"Dendritic cells","KLHDC3"
2.22699295732031e-200,0.82072374357064,0.253,0.072,8.15101692308807e-196,"Dendritic cells","PARP10"
5.34524683780514e-200,0.437210876445946,0.303,0.094,1.95641379510506e-195,"Dendritic cells","GNPTG"
7.53979305482513e-200,0.447718279590076,0.954,0.574,2.75963965599654e-195,"Dendritic cells","NDUFA1"
1.03165194174027e-199,0.355073156311398,0.321,0.103,3.77594927196358e-195,"Dendritic cells","SRRT"
1.04637761917828e-199,0.32387651973949,0.295,0.09,3.82984672395444e-195,"Dendritic cells","ARMCX6"
1.09346207167011e-199,0.374931755635528,0.262,0.076,4.00218052851978e-195,"Dendritic cells","PRCC"
1.30708456039839e-199,0.453677237870881,0.329,0.107,4.78406019951414e-195,"Dendritic cells","ORMDL2"
1.9452368728074e-199,0.644058424285861,0.272,0.08,7.11976147816237e-195,"Dendritic cells","ABCB7"
2.4326130677506e-199,0.380542493056808,0.303,0.094,8.90360708927397e-195,"Dendritic cells","MTMR9"
3.28928439100983e-199,0.371692480520811,0.323,0.104,1.20391097995351e-194,"Dendritic cells","MMGT1"
3.82913684096201e-199,0.360100185258808,0.311,0.098,1.40150237516051e-194,"Dendritic cells","DESI1"
9.36291386933968e-199,0.37811384981266,0.513,0.197,3.42692010531702e-194,"Dendritic cells","PFDN4"
1.58421704504421e-198,0.951614819979274,0.264,0.078,5.79839280656633e-194,"Dendritic cells","PRMT9"
1.88411766305295e-198,0.314756841128101,0.458,0.17,6.8960590585401e-194,"Dendritic cells","SDF2L1"
3.56132181682029e-198,0.375415906264491,0.596,0.243,1.30347939817439e-193,"Dendritic cells","NME3"
3.60657846550937e-198,0.361811402835977,0.759,0.343,1.32004378416109e-193,"Dendritic cells","NONO"
4.74515021636287e-198,0.367909805712707,0.594,0.24,1.73677243069097e-193,"Dendritic cells","UBA2"
5.32857184243325e-198,0.438393112765235,0.319,0.102,1.95031058004899e-193,"Dendritic cells","UNC50"
7.06168337929519e-198,0.422886589722948,0.41,0.146,2.58464673365583e-193,"Dendritic cells","HIKESHI"
2.13697245003134e-197,0.344376262846589,0.342,0.114,7.82153286435971e-193,"Dendritic cells","SYS1"
2.40885411897575e-197,0.45231523598658,0.985,0.689,8.81664696086314e-193,"Dendritic cells","SET"
3.00790576409704e-197,0.43018665524693,0.325,0.105,1.10092358871716e-192,"Dendritic cells","JOSD2"
3.17838544608883e-197,0.566661491242238,0.298,0.092,1.16332085712297e-192,"Dendritic cells","FAM98B"
3.9798721024111e-197,0.49978971128146,0.944,0.569,1.45667298820349e-192,"Dendritic cells","ATP5F1D"
4.60430872169179e-197,0.546950073378737,0.293,0.091,1.68522303522641e-192,"Dendritic cells","RARS"
1.11269316040873e-196,0.642088396591661,0.26,0.075,4.07256823641201e-192,"Dendritic cells","CCDC43"
1.45338683552107e-196,0.500578840261409,0.297,0.093,5.31954115669066e-192,"Dendritic cells","FAM207A"
1.76441687493466e-196,0.389067533487846,0.262,0.076,6.45794220394836e-192,"Dendritic cells","MCRS1"
2.60362212959799e-196,0.565157005155023,0.44,0.165,9.52951735654159e-192,"Dendritic cells","LRRC75A"
2.94569412333998e-196,0.456541055193715,0.751,0.339,1.07815350608367e-191,"Dendritic cells","CCT3"
5.51744591661554e-196,0.46563069765206,0.86,0.419,2.01944037994045e-191,"Dendritic cells","UFC1"
2.14850455849764e-195,0.365117626963652,0.337,0.112,7.86374153455721e-191,"Dendritic cells","PIGT"
2.76475658936041e-195,0.313732954749982,0.393,0.139,1.0119285592718e-190,"Dendritic cells","ACAA2"
2.97971014593446e-195,0.367224990319319,0.386,0.136,1.09060371051347e-190,"Dendritic cells","UBE2E1"
3.20987180829852e-195,0.403192292074708,0.587,0.236,1.17484518055534e-190,"Dendritic cells","ECH1"
3.37675632091971e-195,0.435740975077364,0.793,0.375,1.23592658101982e-190,"Dendritic cells","SSB"
4.40541104185561e-195,0.650800439998852,0.503,0.207,1.61242449542957e-190,"Dendritic cells","LMAN1"
4.7841445274067e-195,0.414991611376729,0.816,0.402,1.75104473847612e-190,"Dendritic cells","PNN"
5.09376150867345e-195,0.433933068448043,0.971,0.712,1.86436764978957e-190,"Dendritic cells","CORO1A"
5.60520226771253e-195,0.461005084918161,0.847,0.442,2.05156008200546e-190,"Dendritic cells","CALR"
9.47136747043756e-195,0.64620015252859,0.251,0.071,3.46661520785485e-190,"Dendritic cells","GNPDA1"
9.61246135451851e-195,0.571133046005524,0.335,0.111,3.51825698036732e-190,"Dendritic cells","NOP14"
1.81379312256042e-194,0.297054126526487,0.965,0.636,6.63866420788341e-190,"Dendritic cells","PCBP1"
2.11471396778198e-194,0.622354001689756,0.299,0.094,7.74006459347882e-190,"Dendritic cells","TYW3"
2.44951069280214e-194,0.311414386624294,0.518,0.201,8.96545408672513e-190,"Dendritic cells","TAF9"
2.89409268530917e-194,0.403185058062985,0.267,0.079,1.05926686375001e-189,"Dendritic cells","ACTR1A"
4.26877179758452e-194,0.362824586947823,0.971,0.65,1.56241316563391e-189,"Dendritic cells","HNRNPC"
4.32507700487712e-194,0.465545818828537,0.261,0.076,1.58302143455507e-189,"Dendritic cells","SLC30A9"
4.90778457507207e-194,0.383711045642941,0.343,0.115,1.79629823232213e-189,"Dendritic cells","AASDHPPT"
8.64640677075691e-194,0.29887567571774,0.504,0.195,3.16467134216474e-189,"Dendritic cells","DPM3"
1.3041307881743e-193,0.619556597977214,0.285,0.088,4.77324909779674e-189,"Dendritic cells","DTWD1"
1.4235782512275e-193,0.417725289102635,0.708,0.307,5.21043875731777e-189,"Dendritic cells","TMEM256"
2.82992880001983e-193,0.371278448483595,0.304,0.096,1.03578224009526e-188,"Dendritic cells","DYM"
4.80420955572723e-193,0.610994865959247,0.265,0.078,1.75838873949172e-188,"Dendritic cells","ZNF593"
1.09725229513174e-192,0.345319297462445,0.661,0.277,4.01605312541167e-188,"Dendritic cells","SNRPC"
1.80358456475514e-192,0.28540506343264,0.356,0.123,6.60129986546028e-188,"Dendritic cells","GOLGA3"
2.11954138034449e-192,0.581218995050711,0.26,0.076,7.75773340619888e-188,"Dendritic cells","PNO1"
2.37792317701945e-192,0.444767438837939,0.369,0.128,8.70343662020888e-188,"Dendritic cells","UROS"
2.87356766786862e-192,0.382523766200864,0.258,0.076,1.05175450211659e-187,"Dendritic cells","KMT5A"
3.0284483003905e-192,0.431854096817906,0.305,0.097,1.10844236242593e-187,"Dendritic cells","OAT"
3.78983892444895e-192,0.321453093302717,0.49,0.189,1.38711894473756e-187,"Dendritic cells","PMF1"
4.82588146864805e-192,0.412437582062079,0.769,0.343,1.76632087633987e-187,"Dendritic cells","MRPL57"
9.34952648913004e-192,0.407354710385768,0.257,0.075,3.42202019028648e-187,"Dendritic cells","PTS"
9.54735802668633e-192,0.360536400728092,0.35,0.118,3.49442851134746e-187,"Dendritic cells","CRELD2"
1.04524401492212e-191,0.823217922146695,0.341,0.118,3.82569761901645e-187,"Dendritic cells","SDHAF3"
1.73521181832387e-191,0.788612566814737,0.261,0.078,6.35104877624721e-187,"Dendritic cells","EIF4EBP3"
2.24047026887152e-191,0.279060781775961,0.432,0.162,8.20034523109665e-187,"Dendritic cells","ZNF326"
2.57905122180496e-191,0.274047608418687,0.474,0.18,9.43958537692832e-187,"Dendritic cells","ITGB1BP1"
2.76044739703269e-191,0.451614754456611,0.313,0.102,1.01035135178793e-186,"Dendritic cells","ZNF330"
3.11388310253374e-191,0.312963996070895,0.692,0.296,1.13971235435837e-186,"Dendritic cells","DCTN3"
3.6702927733501e-191,0.394465612583157,0.462,0.178,1.34336385797387e-186,"Dendritic cells","BEX4"
3.39008282542081e-190,0.383604254065647,0.412,0.152,1.24080421493227e-185,"Dendritic cells","MRPS10"
4.61148234645533e-190,0.436146374120127,0.275,0.084,1.68784865362611e-185,"Dendritic cells","CBWD1"
9.63983989213113e-190,0.393591737254618,0.816,0.389,3.52827779891891e-185,"Dendritic cells","MRPL20"
1.42410486680217e-189,0.380077295742578,0.641,0.266,5.21236622298264e-185,"Dendritic cells","PDCD5"
2.99693279684751e-189,0.34377983907362,0.413,0.151,1.09690737297416e-184,"Dendritic cells","RABGGTB"
4.87696655689869e-189,0.45216109949952,0.307,0.099,1.78501852949049e-184,"Dendritic cells","SHMT2"
8.75200342831768e-189,0.271160119276707,0.411,0.15,3.20332077479855e-184,"Dendritic cells","BABAM1"
9.71923948653518e-189,0.628250022254063,0.267,0.08,3.55733884446674e-184,"Dendritic cells","CDK4"
9.84279654849301e-189,0.348355591232599,0.611,0.254,3.60256196471393e-184,"Dendritic cells","RNASEH2C"
1.65962516672311e-188,0.476032268847619,0.324,0.107,6.07439407272326e-184,"Dendritic cells","UTP18"
1.71772504801962e-188,0.3922930262393,0.957,0.653,6.2870454482566e-184,"Dendritic cells","UQCRH"
3.53966639125403e-188,0.600702097174176,0.255,0.075,1.29555329586289e-183,"Dendritic cells","MTA1"
6.73334502117749e-188,0.33750922955857,0.375,0.132,2.46447161120117e-183,"Dendritic cells","PIH1D1"
7.47284699035906e-188,0.250741861621286,0.615,0.26,2.73513672694132e-183,"Dendritic cells","SMC3"
8.11973177784693e-188,0.370836931786099,0.267,0.081,2.97190302800975e-183,"Dendritic cells","DEF8"
8.15415868181351e-188,0.360947896900642,0.885,0.457,2.98450361913056e-183,"Dendritic cells","DNAJC8"
1.10980958563779e-187,0.398016389501211,0.858,0.444,4.06201406439287e-183,"Dendritic cells","PSMB8"
1.84753668764499e-187,0.487950837378082,0.903,0.5,6.76216903044942e-183,"Dendritic cells","TBCA"
2.60210714542126e-187,0.62036297060012,0.256,0.076,9.52397236295635e-183,"Dendritic cells","MRPL48"
4.2627804379343e-187,0.47419698116382,0.267,0.081,1.56022026808833e-182,"Dendritic cells","SLC25A28"
5.64029504689039e-187,0.324594129585108,0.277,0.086,2.06440439011235e-182,"Dendritic cells","IWS1"
6.74529199866139e-187,0.556409962492472,0.283,0.088,2.46884432443005e-182,"Dendritic cells","MRPL17"
1.51072092155362e-186,0.343485710130824,0.38,0.134,5.52938964497841e-182,"Dendritic cells","MRPL22"
2.38046683248695e-186,0.428482283764424,0.374,0.134,8.71274665358549e-182,"Dendritic cells","RAD50"
2.80259752032504e-186,0.360339391740307,0.315,0.103,1.02577871841417e-181,"Dendritic cells","GFM1"
5.19467076309488e-186,0.382354038799811,0.3,0.096,1.90130144600036e-181,"Dendritic cells","LIN7C"
5.46908228450267e-186,0.487648895557896,0.987,0.723,2.00173880695082e-181,"Dendritic cells","EEF2"
7.47882119035421e-186,0.356452255664595,0.402,0.147,2.73732334388155e-181,"Dendritic cells","ZNF280D"
1.6568163188058e-185,0.564204727198828,0.255,0.075,6.06411340846113e-181,"Dendritic cells","MRPS9"
2.41840556007196e-185,0.392978233562462,0.531,0.223,8.8516061904194e-181,"Dendritic cells","GADD45B"
6.46601974916223e-185,0.383071664725929,0.329,0.111,2.36662788839087e-180,"Dendritic cells","RFXANK"
4.53282023593778e-184,0.393888431131109,0.515,0.204,1.65905753455559e-179,"Dendritic cells","MRPS7"
9.59405354671718e-184,0.252753797824302,0.865,0.423,3.51151953863396e-179,"Dendritic cells","PPP1CA"
1.17961436403182e-183,0.393931888028399,0.34,0.117,4.31750653379288e-179,"Dendritic cells","COA5"
1.39020576538256e-183,0.614174996884307,0.251,0.075,5.0882921218767e-179,"Dendritic cells","GPN3"
1.97560060889267e-183,0.303119311606975,0.412,0.152,7.23089578860806e-179,"Dendritic cells","MAPKAP1"
3.86281104031199e-183,0.41575254273256,0.89,0.453,1.41382746886459e-178,"Dendritic cells","SF3B5"
5.01078912975902e-183,0.319849189115555,0.289,0.091,1.8339989293831e-178,"Dendritic cells","DESI2"
6.82893837173632e-183,0.318392898583836,0.608,0.255,2.49945973343921e-178,"Dendritic cells","POLE4"
7.21801248072264e-183,0.3618259395886,0.324,0.108,2.64186474806929e-178,"Dendritic cells","RBM15B"
9.4962854335152e-183,0.309210745045493,0.365,0.129,3.4757354315209e-178,"Dendritic cells","C22orf39"
3.4186306735503e-182,0.392359428238492,0.271,0.083,1.25125301282615e-177,"Dendritic cells","TXNDC15"
4.09156548372012e-182,0.310160907074799,0.49,0.191,1.4975538826964e-177,"Dendritic cells","FDX1"
4.15132347486951e-182,0.255752769123463,0.43,0.16,1.51942590503699e-177,"Dendritic cells","TEX264"
7.50701239970025e-182,0.437698123773951,0.871,0.453,2.74764160841429e-177,"Dendritic cells","ATP5PD"
1.52569589668125e-181,0.513419243558317,0.269,0.083,5.58419955144304e-177,"Dendritic cells","UROD"
2.65656445934302e-181,0.513860589662392,0.269,0.083,9.72329157764137e-177,"Dendritic cells","ASPSCR1"
3.03950666095446e-181,0.439239623345061,0.508,0.205,1.11248983297594e-176,"Dendritic cells","DANCR"
3.67855774626835e-181,0.350886677798737,0.259,0.078,1.34638892071168e-176,"Dendritic cells","POLDIP3"
1.33203551017789e-180,0.399888390012168,0.292,0.096,4.87538317080208e-176,"Dendritic cells","USP24"
2.34509268815261e-180,0.270058891537321,0.394,0.144,8.58327374790736e-176,"Dendritic cells","SCPEP1"
2.5704786622424e-180,0.318002037165767,0.28,0.088,9.40820895167342e-176,"Dendritic cells","STAMBP"
3.86996279924773e-180,0.415989341822262,0.304,0.1,1.41644508415266e-175,"Dendritic cells","EP400"
4.19376769426195e-180,0.519641988463756,0.425,0.164,1.53496091377682e-175,"Dendritic cells","MARCKSL1"
4.45726749294026e-180,0.320514372411123,0.844,0.423,1.63140447509107e-175,"Dendritic cells","WDR83OS"
4.60743594100744e-180,0.266262183410434,0.415,0.156,1.68636762876813e-175,"Dendritic cells","CUL5"
1.24047283094765e-179,0.484343616519637,0.913,0.496,4.54025460855149e-175,"Dendritic cells","NDUFB8"
2.43205413469552e-179,0.352970857617002,0.26,0.079,8.90156133839906e-175,"Dendritic cells","AP2A2"
2.7190193395288e-179,0.521898714243337,0.286,0.091,9.95188268460935e-175,"Dendritic cells","PFDN6"
3.50267706132882e-179,0.390810074087588,0.265,0.083,1.28201483121696e-174,"Dendritic cells","SLC33A1"
6.40802184719618e-179,0.269221368130253,0.316,0.107,2.34540007629227e-174,"Dendritic cells","PPP3CB"
1.74666182501948e-178,0.31067810254863,0.403,0.15,6.39295694575378e-174,"Dendritic cells","RNASEH1"
2.20095472255842e-178,0.433732690986046,0.993,0.797,8.05571438003608e-174,"Dendritic cells","COX4I1"
2.89882956405972e-178,0.40599416108424,0.304,0.1,1.0610006087415e-173,"Dendritic cells","ACAT1"
6.69577288581269e-178,0.279244557742808,0.496,0.197,2.4507198339363e-173,"Dendritic cells","DAP3"
7.41177875914292e-178,0.465560338607698,0.267,0.083,2.7127851436339e-173,"Dendritic cells","COQ4"
1.32150417785339e-177,0.442471497029221,0.26,0.08,4.83683744136119e-173,"Dendritic cells","ZADH2"
1.37065795153193e-177,0.392607291724681,0.394,0.146,5.01674516840202e-173,"Dendritic cells","UTP3"
3.69272124011104e-177,0.250154039223621,0.47,0.184,1.35157290109304e-172,"Dendritic cells","PSMF1"
6.10367111393525e-177,0.327593415043916,0.307,0.102,2.23400466441144e-172,"Dendritic cells","HSF1"
7.15204805270058e-177,0.32015884238395,0.268,0.084,2.61772110776894e-172,"Dendritic cells","CCDC14"
7.19573384871853e-177,0.546919737371871,0.262,0.081,2.63371054596947e-172,"Dendritic cells","MRPS14"
2.19285529139871e-176,0.295284981086624,0.699,0.31,8.02606965204841e-172,"Dendritic cells","NDUFC1"
3.12116496211667e-176,0.252179063113553,0.639,0.284,1.14237758778432e-171,"Dendritic cells","EIF5B"
5.8366223098139e-176,0.391047077245603,0.353,0.125,2.13626213161499e-171,"Dendritic cells","MRPS11"
9.57511533245357e-176,0.267903350746711,0.475,0.189,3.50458796283133e-171,"Dendritic cells","DNMT1"
2.18190055651812e-175,0.26360363585576,0.392,0.144,7.98597422691198e-171,"Dendritic cells","FBXL15"
2.22657997588476e-175,0.384402588145196,0.309,0.103,8.14950536973583e-171,"Dendritic cells","UQCC3"
2.42369049179372e-175,0.454132975440973,0.291,0.095,8.87094956901419e-171,"Dendritic cells","MPHOSPH6"
2.51179636543528e-175,0.43565196769683,0.83,0.403,9.19342587712968e-171,"Dendritic cells","ERH"
2.87352422136527e-175,0.471547543456124,0.28,0.09,1.0517386002619e-170,"Dendritic cells","VEZT"
3.11190429104566e-175,0.321938110800268,0.296,0.098,1.13898808956562e-170,"Dendritic cells","PNPT1"
3.19358027896332e-175,0.969726629158679,0.435,0.189,1.16888231790336e-170,"Dendritic cells","PPM1K"
5.12534193179743e-175,0.259436004632934,0.434,0.166,1.87592640045718e-170,"Dendritic cells","HSPB11"
2.24401611576097e-174,0.438146996196798,0.287,0.093,8.21332338529673e-170,"Dendritic cells","PAM16"
2.45419135691208e-174,0.321325852515592,0.256,0.078,8.98258578543392e-170,"Dendritic cells","TOR1A"
6.37736402294107e-174,0.388362602121404,0.457,0.179,2.33417900603666e-169,"Dendritic cells","IMPDH2"
4.38611646892822e-173,0.577604592357686,0.268,0.085,1.60536248879242e-168,"Dendritic cells","ENOPH1"
4.44490750915167e-173,0.691422871267382,0.906,0.578,1.6268805974246e-168,"Dendritic cells","SNHG5"
5.71530580642218e-173,0.261660209069299,0.892,0.474,2.09185907820858e-168,"Dendritic cells","WASF2"
1.05969095457941e-172,0.493234897957931,0.275,0.088,3.87857486285609e-168,"Dendritic cells","MBNL3"
1.91086671936598e-172,0.331290856191513,0.304,0.103,6.99396327955143e-168,"Dendritic cells","PAXBP1"
2.94592955656736e-172,0.391605561580721,0.274,0.088,1.07823967699922e-167,"Dendritic cells","RBM28"
1.17690130435166e-171,0.496901273420126,0.296,0.099,4.3075764640575e-167,"Dendritic cells","DCTD"
1.2367267045788e-171,0.270720924346697,0.322,0.111,4.52654341142888e-167,"Dendritic cells","SF3B3"
1.60361867245059e-171,0.321355234647338,0.333,0.115,5.86940470303642e-167,"Dendritic cells","WDR46"
1.64369277963429e-171,0.25404297600253,0.524,0.212,6.01607994273946e-167,"Dendritic cells","MRPL43"
1.7719094204751e-171,0.386795962154956,0.897,0.488,6.48536566988093e-167,"Dendritic cells","NEDD8"
2.76276929154651e-171,0.282206729758443,0.415,0.159,1.01120118839894e-166,"Dendritic cells","CMTM7"
3.33454539407262e-171,0.352913293164397,0.734,0.341,1.22047695968452e-166,"Dendritic cells","AIMP1"
3.61111945605392e-171,0.468965544866945,0.317,0.108,1.32170583211029e-166,"Dendritic cells","ATIC"
7.63702308622998e-171,0.464480733332918,0.291,0.098,2.79522681979103e-166,"Dendritic cells","MPP7"
1.11202486905651e-170,0.427829722487242,0.824,0.411,4.07012222323372e-166,"Dendritic cells","RSL1D1"
1.21370635569982e-170,0.463351002424897,0.302,0.102,4.44228663249692e-166,"Dendritic cells","HAUS1"
1.56906858300068e-170,0.374650055104624,0.295,0.099,5.74294792064077e-166,"Dendritic cells","AGGF1"
2.55532128691524e-170,0.472403879175401,0.253,0.078,9.35273144223845e-166,"Dendritic cells","TSEN15"
2.96124097222194e-170,0.391608143571595,0.296,0.098,1.08384380824295e-165,"Dendritic cells","CENPB"
3.35119793772355e-170,0.653635857807609,0.32,0.12,1.2265719571862e-165,"Dendritic cells","LAIR1"
4.51000653299159e-170,0.305586923582337,0.319,0.11,1.65070749114025e-165,"Dendritic cells","DCAF13"
8.11015594092694e-170,0.306543007780081,0.298,0.099,2.96839817593867e-165,"Dendritic cells","NOL12"
1.69000550370235e-169,0.375133943439184,0.908,0.491,6.18558914410097e-165,"Dendritic cells","JTB"
2.4852766192136e-169,0.407713732942746,0.352,0.128,9.09636095398368e-165,"Dendritic cells","ELOF1"
8.12421993030195e-169,0.341192262848845,0.344,0.122,2.97354573668982e-164,"Dendritic cells","TRIAP1"
1.07416093562065e-168,0.265715329728012,0.931,0.543,3.93153644046515e-164,"Dendritic cells","CSDE1"
2.14579025280147e-168,0.316113292141903,0.304,0.103,7.85380690427865e-164,"Dendritic cells","ZPR1"
8.65384195307005e-168,0.285955503232683,0.256,0.08,3.16739269324317e-163,"Dendritic cells","MCM3AP"
1.1380408250858e-167,0.337962728642671,0.372,0.138,4.16534322389652e-163,"Dendritic cells","GMPS"
1.95086668941604e-167,0.298754398800992,0.861,0.432,7.14036716993164e-163,"Dendritic cells","NDUFB7"
3.03796672619293e-167,0.498445594074862,0.282,0.093,1.11192620145387e-162,"Dendritic cells","PPIL3"
2.46854697122548e-166,0.414935823402493,0.865,0.444,9.03512876938237e-162,"Dendritic cells","POLR1D"
4.81999945767708e-166,0.298012002986769,0.388,0.148,1.76416800150439e-161,"Dendritic cells","LYSMD2"
6.29692948445333e-166,0.309106932651614,0.634,0.276,2.30473916060476e-161,"Dendritic cells","NDUFAF8"
1.18084176474627e-165,0.305258525859988,0.415,0.16,4.32199894314783e-161,"Dendritic cells","DUS1L"
1.72028772446802e-165,0.479345811455809,0.324,0.115,6.29642510032542e-161,"Dendritic cells","PIGP"
1.92695734314976e-165,0.364558377139056,0.498,0.207,7.05285657166244e-161,"Dendritic cells","NOP56"
1.92896811123547e-165,0.309549621543062,0.334,0.118,7.06021618393294e-161,"Dendritic cells","MRPS22"
7.12909363745443e-165,0.438945876793125,0.759,0.374,2.60931956224469e-160,"Dendritic cells","SLC38A1"
1.47182110079056e-164,0.466482834263953,0.261,0.083,5.38701241100352e-160,"Dendritic cells","MRPL58"
1.86250315712675e-164,0.31026486941149,0.274,0.09,6.81694780539962e-160,"Dendritic cells","ZC3H14"
5.36640744593438e-164,0.382923914841609,0.785,0.383,1.96415878928644e-159,"Dendritic cells","HSPE1"
8.93989412593803e-164,0.264258945484784,0.389,0.146,3.27209064903458e-159,"Dendritic cells","NXT1"
1.81874306585664e-163,0.450818975840847,0.254,0.081,6.65678149534189e-159,"Dendritic cells","TMEM192"
3.21598664162009e-163,0.281888200815897,0.697,0.318,1.17708327069937e-158,"Dendritic cells","TMEM230"
5.11437017325262e-163,0.346349792001159,0.711,0.32,1.87191062711219e-158,"Dendritic cells","GADD45GIP1"
1.4530162675142e-162,0.257333218462339,0.399,0.153,5.31818484072873e-158,"Dendritic cells","ACBD6"
2.41147525596091e-162,0.334247776774212,0.372,0.139,8.82624058434253e-158,"Dendritic cells","MRPL38"
3.5269679507941e-162,0.482008894456942,0.288,0.097,1.29090553967015e-157,"Dendritic cells","PMVK"
1.31734287905728e-161,0.312721630601166,0.439,0.174,4.82160667163755e-157,"Dendritic cells","NSMCE1"
2.37855746499337e-161,0.487843292666562,0.776,0.389,8.70575817762222e-157,"Dendritic cells","RPL22L1"
2.87329959337106e-161,0.402354580433954,0.343,0.125,1.05165638416974e-156,"Dendritic cells","NAXE"
6.64848919405407e-161,0.33121469989904,0.309,0.109,2.43341352991573e-156,"Dendritic cells","SLC35A3"
1.05040366168591e-160,0.372547960433592,0.285,0.097,3.84458244213661e-156,"Dendritic cells","ARL1"
1.57356240909843e-160,0.279756409682639,0.313,0.111,5.75939577354115e-156,"Dendritic cells","TUSC2"
5.98678942260268e-160,0.279871845920691,0.69,0.312,2.19122479656681e-155,"Dendritic cells","ATRAID"
9.84903289317895e-160,0.360269374434641,0.263,0.086,3.60484452923243e-155,"Dendritic cells","PIEZO1"
1.12749624352201e-159,0.281871902732491,0.265,0.086,4.1267490009149e-155,"Dendritic cells","MAPK9"
1.22211408812908e-159,0.524501588211835,0.253,0.082,4.47305977396124e-155,"Dendritic cells","GTF2H3"
5.24626478230658e-159,0.287939000224894,0.488,0.2,1.92018537297203e-154,"Dendritic cells","NUDCD2"
7.08757693759355e-159,0.268450021534248,0.327,0.118,2.59412403492861e-154,"Dendritic cells","COA3"
8.07699485054317e-159,0.363409386510157,0.28,0.094,2.9562608852473e-154,"Dendritic cells","COA6"
1.54589817184175e-158,0.547492723972008,0.277,0.094,5.658141898758e-154,"Dendritic cells","NOA1"
1.71257585442036e-158,0.37130276574405,0.869,0.446,6.26819888476395e-154,"Dendritic cells","SNU13"
3.06863378461529e-158,0.25413330903032,0.756,0.36,1.12315065150704e-153,"Dendritic cells","OCIAD1"
7.23680638846942e-158,0.36829378237321,0.714,0.337,2.64874350624369e-153,"Dendritic cells","CHCHD10"
1.00445274996714e-157,0.276709683467678,0.332,0.12,3.67639751015471e-153,"Dendritic cells","EIF2B1"
1.40428478510822e-157,0.411525402756983,0.268,0.09,5.13982274197458e-153,"Dendritic cells","AGPAT5"
1.57080936621699e-157,0.32686856503824,0.275,0.092,5.74931936129081e-153,"Dendritic cells","TSHZ1"
2.26661483122596e-157,0.290825973490267,0.317,0.113,8.29603694377014e-153,"Dendritic cells","POLR2H"
3.0394844622059e-157,0.289018933001625,0.341,0.126,1.11248170801198e-152,"Dendritic cells","NAA15"
3.39841740473415e-156,0.420652862797365,0.969,0.655,1.24385475430675e-151,"Dendritic cells","EIF3F"
4.99350478766223e-156,0.28245808473918,0.336,0.124,1.82767268733225e-151,"Dendritic cells","NTAN1"
6.98243186926619e-156,0.255513302048754,0.991,0.866,2.55563988847012e-151,"Dendritic cells","SH3BGRL3"
4.76342784690448e-155,0.294641347143862,0.839,0.415,1.74346222624551e-150,"Dendritic cells","SF3B6"
5.33175403808613e-155,0.308890539434071,0.467,0.194,1.95147529547991e-150,"Dendritic cells","WDR43"
2.47940006379686e-154,0.260208211217501,0.273,0.092,9.0748521735029e-150,"Dendritic cells","TEN1"
2.90866592252609e-154,0.428459401376021,0.926,0.537,1.06460081430377e-149,"Dendritic cells","RAN"
7.75631845882313e-154,0.306001879531719,0.797,0.38,2.83889011911385e-149,"Dendritic cells","MRPS21"
2.13711768138313e-153,0.292084783791612,0.423,0.169,7.82206442563038e-149,"Dendritic cells","MRPL40"
2.74115966765855e-153,0.3509702565278,0.254,0.084,1.0032918499597e-148,"Dendritic cells","CIZ1"
2.77327135357644e-153,0.340227377478799,0.357,0.136,1.01504504812251e-148,"Dendritic cells","IL27RA"
3.49075066290938e-153,0.365898701702512,0.276,0.094,1.27764965013146e-148,"Dendritic cells","MRPL2"
3.59594380198437e-153,0.38238452292449,0.998,0.836,1.3161513909643e-148,"Dendritic cells","RPL37A"
2.12438076130129e-152,0.424761490063931,0.959,0.598,7.77544602443885e-148,"Dendritic cells","APRT"
2.86619814844169e-152,0.271682283601591,0.718,0.332,1.04905718431114e-147,"Dendritic cells","MRPL54"
3.23390520264588e-152,0.35298640875577,0.326,0.12,1.18364164322042e-147,"Dendritic cells","SMIM15"
7.41597448430122e-152,0.30972980819079,0.803,0.398,2.71432082099909e-147,"Dendritic cells","PA2G4"
7.45468366060064e-152,0.346029029222361,0.859,0.456,2.72848876661644e-147,"Dendritic cells","SPCS2"
1.23454456360448e-151,0.269516065625392,0.811,0.417,4.51855655724876e-147,"Dendritic cells","HNRNPF"
2.70208815416145e-151,0.368741913403071,0.884,0.473,9.88991285304631e-147,"Dendritic cells","LSM7"
3.51667708719552e-151,0.28110599942459,0.81,0.401,1.28713898068443e-146,"Dendritic cells","SNRPB2"
6.27320152906774e-151,0.270011239744344,0.332,0.125,2.29605449165408e-146,"Dendritic cells","NOL8"
2.33288184255758e-150,0.313247452679325,0.297,0.106,8.538580831945e-146,"Dendritic cells","HPF1"
2.76210558017865e-150,0.324639581732576,0.289,0.102,1.01095826340119e-145,"Dendritic cells","MAGOHB"
3.06807635049734e-150,0.319589222351397,0.928,0.549,1.12294662504553e-145,"Dendritic cells","XRCC5"
9.86644368260482e-150,0.439487241908431,0.287,0.101,3.61121705227019e-145,"Dendritic cells","TCF3"
5.59594219669363e-149,0.531660084690885,0.254,0.085,2.04817080341184e-144,"Dendritic cells","UBA5"
8.85354483196339e-149,0.550507397279437,0.993,0.792,3.24048594394692e-144,"Dendritic cells","SRP14"
4.21089608591236e-148,0.406280874511056,0.263,0.089,1.54123007640478e-143,"Dendritic cells","RPP30"
9.6764349674187e-148,0.41531627323133,0.275,0.095,3.54167196242492e-143,"Dendritic cells","MRTO4"
7.35187451236216e-147,0.278876566148272,0.297,0.107,2.69085959026968e-142,"Dendritic cells","TSTA3"
9.17566895278742e-147,0.262618800710349,0.296,0.106,3.35838659340972e-142,"Dendritic cells","WASHC2A"
3.17734571003641e-146,0.341164252475527,0.878,0.531,1.16294030333043e-141,"Dendritic cells","CAST"
5.7679089882105e-145,0.327968900775032,0.982,0.714,2.11111236877493e-140,"Dendritic cells","HSP90AA1"
3.40940510437261e-144,0.293463730953678,0.25,0.084,1.24787636225142e-139,"Dendritic cells","PDP1"
1.46755904188131e-143,0.285646296913641,0.275,0.097,5.37141284918978e-139,"Dendritic cells","NTMT1"
2.26927153673332e-142,0.317869637229447,0.901,0.53,8.30576075159761e-138,"Dendritic cells","XIST"
3.13011127502811e-142,0.364922659402664,0.641,0.316,1.14565202777304e-137,"Dendritic cells","DSTN"
4.41364985425134e-142,0.414791624881185,0.253,0.087,1.61543998315453e-137,"Dendritic cells","PRRC1"
1.31168061446892e-141,0.290845397956077,0.295,0.108,4.80088221701768e-137,"Dendritic cells","F8A1"
2.45877644133103e-141,0.253220568550563,0.359,0.143,8.99936765291571e-137,"Dendritic cells","ARL4A"
6.93530912282159e-141,0.285470803329476,0.254,0.087,2.53839249204393e-136,"Dendritic cells","R3HCC1"
1.04230899418511e-140,0.328169516212237,0.297,0.109,3.81495514961691e-136,"Dendritic cells","URM1"
1.19361200275629e-140,0.265568878096267,0.969,0.665,4.36873929128828e-136,"Dendritic cells","UQCR11"
2.03837200080566e-140,0.276546379554209,0.262,0.091,7.46064536014878e-136,"Dendritic cells","COPS8"
2.14590946829385e-140,0.295031301704754,0.883,0.48,7.85424324490234e-136,"Dendritic cells","TCEA1"
5.28950774165032e-140,0.309261583084398,0.791,0.395,1.93601272852143e-135,"Dendritic cells","NOL7"
5.55584170419648e-139,0.357183090222164,0.252,0.086,2.03349362215295e-134,"Dendritic cells","SMAD3"
3.94151783928483e-138,0.3529684243774,0.318,0.121,1.44263494435664e-133,"Dendritic cells","FMC1"
5.48293444570271e-138,0.385973222905227,0.972,0.645,2.00680883647165e-133,"Dendritic cells","EDF1"
1.57943834737086e-136,0.375005646287779,0.966,0.628,5.78090229521209e-132,"Dendritic cells","COX7A2"
1.71777433030556e-136,0.403061727397196,0.293,0.109,6.28722582635138e-132,"Dendritic cells","NOB1"
2.62077313855746e-136,0.366659818326236,0.998,0.844,9.59229176443416e-132,"Dendritic cells","RPL15"
8.55608458540373e-136,0.467031100218281,0.275,0.101,3.13161251910362e-131,"Dendritic cells","BLVRA"
1.09486236132897e-135,0.292172418187486,0.265,0.094,4.00730572870015e-131,"Dendritic cells","DRG1"
2.24445718804838e-135,0.328743464208471,0.894,0.512,8.21493775397587e-131,"Dendritic cells","HNRNPM"
4.16686893251955e-135,1.13765483685096,0.325,0.145,1.52511569799148e-130,"Dendritic cells","CLIC3"
1.99468374849896e-134,0.345153801823044,0.842,0.45,7.30074198788103e-130,"Dendritic cells","EIF3D"
2.27819041151894e-133,0.451144620615894,0.269,0.097,8.33840472520047e-129,"Dendritic cells","MCRIP2"
3.2674733337805e-133,0.327855681446344,0.861,0.466,1.195927914897e-128,"Dendritic cells","TRMT112"
9.20090951605507e-133,0.359386553406553,0.927,0.525,3.36762489197131e-128,"Dendritic cells","KRTCAP2"
2.57857561172862e-132,0.300776977405726,0.845,0.443,9.43784459648793e-128,"Dendritic cells","EIF5A"
5.5693827425036e-132,0.310525919894724,0.335,0.134,2.03844977758374e-127,"Dendritic cells","OTUD1"
7.59597599728143e-132,0.333304792203766,0.271,0.098,2.78020317476497e-127,"Dendritic cells","EIF2D"
2.00228994395004e-131,0.361666645799124,0.958,0.623,7.32858142385154e-127,"Dendritic cells","HMGN2"
8.03976782496254e-131,0.258523967613192,0.383,0.16,2.94263542161454e-126,"Dendritic cells","PHF14"
1.20201676659915e-130,0.280647606887875,0.269,0.098,4.39950156742954e-126,"Dendritic cells","NMD3"
1.42234774526068e-130,0.253309609259981,0.972,0.665,5.20593498242863e-126,"Dendritic cells","HNRNPA3"
4.69645652000874e-130,0.364744077839108,0.95,0.608,1.7189500508884e-125,"Dendritic cells","EIF3H"
3.84116532976769e-129,0.356644870967469,0.981,0.69,1.40590492234827e-124,"Dendritic cells","HSP90AB1"
9.60529289771026e-128,0.362085487494757,0.909,0.524,3.51563325349093e-123,"Dendritic cells","ATP5PO"
1.94495585486135e-126,0.348420023898024,0.979,0.713,7.11873292437804e-122,"Dendritic cells","SUMO2"
2.31753860070647e-126,0.256798903980803,0.876,0.485,8.48242303244577e-122,"Dendritic cells","EIF1AX"
6.69226092816057e-126,0.34703953005294,0.998,0.826,2.44943442231605e-121,"Dendritic cells","RACK1"
1.35703302211104e-125,0.447787711176044,0.988,0.743,4.96687656422861e-121,"Dendritic cells","COMMD6"
1.56720386488754e-123,0.281542262787581,0.27,0.101,5.7361228658749e-119,"Dendritic cells","SDR39U1"
9.69280940699785e-120,0.36534353963764,0.992,0.798,3.54766517105528e-115,"Dendritic cells","BTF3"
1.72140225161117e-117,0.316200958813405,0.914,0.55,6.30050438112203e-113,"Dendritic cells","ARL6IP4"
5.81324698085506e-117,0.269051482831138,0.253,0.094,2.12770652746276e-112,"Dendritic cells","ASF1A"
1.40934653773661e-116,0.345103987519741,0.998,0.843,5.15834926276978e-112,"Dendritic cells","NACA"
1.13419307298525e-115,0.319397303159929,0.957,0.622,4.15126006643333e-111,"Dendritic cells","EIF4B"
3.50104027121309e-115,0.254971592017045,0.261,0.099,1.2814157496667e-110,"Dendritic cells","HNRNPA1P48"
9.12694386139846e-109,0.32116595656625,0.953,0.589,3.34055272271045e-104,"Dendritic cells","TOMM20"
4.80848321522811e-107,0.302523217462457,0.693,0.408,1.75995294160564e-102,"Dendritic cells","ID2"
1.05731334634033e-101,0.285460134060544,0.963,0.621,3.86987257894025e-97,"Dendritic cells","COX6C"
3.5137450395908e-100,0.310045347169162,0.995,0.814,1.28606582194063e-95,"Dendritic cells","RPL36A"
6.55454701396296e-94,0.31342472320469,0.991,0.763,2.39902975258058e-89,"Dendritic cells","HNRNPA1"
9.47161725697591e-94,0.30975704462167,0.999,0.84,3.46670663222575e-89,"Dendritic cells","RPL6"
3.21823211547898e-93,0.416241822611864,0.605,0.371,1.17790513658646e-88,"Dendritic cells","ALOX5AP"
4.12387217734385e-93,0.27556392653063,0.254,0.106,1.50937845562962e-88,"Dendritic cells","ST3GAL5"
4.17591398054485e-85,0.285991721692035,0.996,0.805,1.52842627601922e-80,"Dendritic cells","EEF1G"
2.7290644088782e-83,1.58947080550287,0.33,0.201,9.98864864293512e-79,"Dendritic cells","GZMB"
1.460337478884e-81,0.320861523264414,0.999,0.851,5.34498120646331e-77,"Dendritic cells","RPS2"
4.84607357200384e-81,1.33708802279142,0.667,0.475,1.77371138808913e-76,"Dendritic cells","PLAC8"
6.40691047405064e-78,0.324630259219552,0.264,0.123,2.34499330260727e-73,"Dendritic cells","STRBP"
9.24268476951369e-77,0.261886616352265,0.893,0.577,3.38291505248971e-72,"Dendritic cells","HSPA8"
1.714823179414e-76,0.252837831019661,0.997,0.875,6.27642431897317e-72,"Dendritic cells","UBA52"
2.02198851272242e-68,0.257933418961822,0.998,0.869,7.40068015541531e-64,"Dendritic cells","RPS9"
2.97935899260629e-64,0.258645016356156,0.997,0.842,1.09047518488383e-59,"Dendritic cells","RPL27A"
2.50193734305726e-53,0.265820761666067,0.997,0.821,9.15734086932387e-49,"Dendritic cells","RPL35"
1.25578173964206e-36,0.2515332180905,0.998,0.838,4.5962867452639e-32,"Dendritic cells","RPL26"
0,5.22819939448164,0.967,0.111,0,"Progenitors","SOX4"
0,4.1211941642712,0.949,0.143,0,"Progenitors","CDK6"
0,3.06009720897824,0.958,0.166,0,"Progenitors","STMN1"
0,5.63539805790086,0.825,0.047,0,"Progenitors","GIHCG"
0,9.52596918609598,0.765,0.001,0,"Progenitors","SMIM24"
0,6.07936538419811,0.758,0.012,0,"Progenitors","PRSS57"
0,1.36835912553096,0.839,0.103,0,"Progenitors","TSC22D1"
0,2.67216673858188,0.862,0.128,0,"Progenitors","ANKRD28"
0,7.11377878737677,0.744,0.022,0,"Progenitors","SPINK2"
0,4.36010432321607,0.774,0.054,0,"Progenitors","FAM30A"
0,8.66023332294487,0.716,0.001,0,"Progenitors","CD34"
0,3.10058650789262,0.8,0.1,0,"Progenitors","IL18"
0,1.69821773888337,0.807,0.11,0,"Progenitors","BEX3"
0,9.28963583986028,0.695,0.001,0,"Progenitors","CYTL1"
0,2.72109713415753,0.807,0.133,0,"Progenitors","DDAH2"
0,5.25122704461251,0.671,0.006,0,"Progenitors","EGFL7"
0,2.63025210134948,0.713,0.065,0,"Progenitors","AKR1C3"
0,2.11526002076308,0.762,0.126,0,"Progenitors","LYL1"
0,1.12312967703087,0.741,0.11,0,"Progenitors","MTURN"
0,3.28782730159765,0.683,0.057,0,"Progenitors","MYL6B"
0,3.84831802730995,0.648,0.023,0,"Progenitors","ZNRF1"
0,9.30769569751953,0.608,0.001,0,"Progenitors","NPR3"
0,4.97767075893776,0.618,0.015,0,"Progenitors","LAPTM4B"
0,3.2195843142056,0.65,0.064,0,"Progenitors","NREP"
0,9.7170630091187,0.552,0,0,"Progenitors","EMID1"
0,3.13015940546444,0.599,0.047,0,"Progenitors","RAB13"
0,3.46340902710782,0.583,0.036,0,"Progenitors","ALDH1A1"
0,3.63892023407786,0.559,0.013,0,"Progenitors","DIPK1B"
0,4.55627978564145,0.55,0.021,0,"Progenitors","MYB"
0,2.91265361925551,0.564,0.043,0,"Progenitors","FHL1"
0,10.6407917652715,0.52,0,0,"Progenitors","LINC02573"
0,3.98539319119611,0.531,0.013,0,"Progenitors","TFPI"
0,4.99468218461733,0.52,0.011,0,"Progenitors","HACD1"
0,3.22068590232347,0.513,0.012,0,"Progenitors","PBX1"
0,5.62617969960938,0.499,0.007,0,"Progenitors","IGSF10"
0,4.06357280346025,0.508,0.018,0,"Progenitors","MAP7"
0,2.53566054632123,0.515,0.028,0,"Progenitors","HEMGN"
0,4.870420735988,0.497,0.013,0,"Progenitors","DPPA4"
0,3.06793937147348,0.503,0.023,0,"Progenitors","GUCY1A1"
0,4.30222403488285,0.487,0.01,0,"Progenitors","MED12L"
0,4.91595750401763,0.483,0.008,0,"Progenitors","AL157895.1"
0,3.5925786266063,0.48,0.019,0,"Progenitors","ST8SIA6"
0,4.40992453246367,0.471,0.013,0,"Progenitors","HOXA10"
0,6.02879038538131,0.466,0.011,0,"Progenitors","HOXA9"
0,4.95931468878313,0.464,0.012,0,"Progenitors","GNAI1"
0,4.007486647536,0.469,0.023,0,"Progenitors","C11orf74"
0,2.815035727664,0.485,0.043,0,"Progenitors","H1F0"
0,2.62460406500746,0.487,0.046,0,"Progenitors","IGF2BP2"
0,2.21750314704065,0.485,0.048,0,"Progenitors","EREG"
0,8.74178273656936,0.438,0.001,0,"Progenitors","AC002454.1"
0,2.93784686924779,0.457,0.027,0,"Progenitors","AC090152.1"
0,2.98311799204338,0.464,0.035,0,"Progenitors","PCDH9"
0,9.53522580632073,0.431,0.002,0,"Progenitors","CRHBP"
0,2.90251875176904,0.443,0.016,0,"Progenitors","MSRB3"
0,5.04346969122888,0.427,0.004,0,"Progenitors","HPGDS"
0,1.53438938087188,0.443,0.033,0,"Progenitors","MGLL"
0,11.5473152518269,0.408,0,0,"Progenitors","CRYGD"
0,2.92170096449786,0.438,0.038,0,"Progenitors","CKS2"
0,6.27939682351959,0.401,0.002,0,"Progenitors","BAALC"
0,3.31768197393074,0.431,0.034,0,"Progenitors","JUP"
0,4.36916666446019,0.399,0.006,0,"Progenitors","ZNF521"
0,3.31895892933176,0.406,0.014,0,"Progenitors","SERPINE2"
0,2.85324472571396,0.399,0.009,0,"Progenitors","MEIS1"
0,5.9051162951651,0.389,0.002,0,"Progenitors","ERG"
0,3.30460997612775,0.394,0.008,0,"Progenitors","ANGPT1"
0,3.31591735562328,0.399,0.013,0,"Progenitors","TCEAL9"
0,2.27801594325331,0.392,0.015,0,"Progenitors","CPA3"
0,3.38369694327415,0.408,0.032,0,"Progenitors","ZBED3"
0,2.89530773231298,0.378,0.012,0,"Progenitors","INKA1"
0,3.68782183904194,0.385,0.024,0,"Progenitors","MINPP1"
0,2.8250106731591,0.385,0.03,0,"Progenitors","TMEM220"
0,4.14494199102686,0.366,0.012,0,"Progenitors","MEST"
0,8.14411435359656,0.354,0.002,0,"Progenitors","AC004540.2"
0,2.90713119989679,0.371,0.023,0,"Progenitors","ISYNA1"
0,3.87849047869751,0.361,0.017,0,"Progenitors","CD109"
0,3.62734160590096,0.345,0.004,0,"Progenitors","MYCT1"
0,4.68511507949516,0.347,0.007,0,"Progenitors","KIT"
0,3.7267780102096,0.35,0.011,0,"Progenitors","CCDC171"
0,3.22260669205583,0.364,0.026,0,"Progenitors","NPDC1"
0,3.52220842600198,0.364,0.026,0,"Progenitors","HMGB3"
0,2.84612161294248,0.359,0.022,0,"Progenitors","LXN"
0,4.71854661761022,0.338,0.004,0,"Progenitors","ZNF385D"
0,4.14776598577305,0.357,0.023,0,"Progenitors","DEPTOR"
0,5.90408547024422,0.333,0.005,0,"Progenitors","MDK"
0,3.36685539680653,0.343,0.018,0,"Progenitors","ACSM3"
0,2.85788619825425,0.347,0.022,0,"Progenitors","RAMP1"
0,4.84912573511746,0.324,0.005,0,"Progenitors","CASC15"
0,4.17693855420771,0.329,0.01,0,"Progenitors","ZNF711"
0,7.19842852192526,0.319,0.001,0,"Progenitors","CNRIP1"
0,2.45180199583865,0.34,0.022,0,"Progenitors","MLC1"
0,3.44959479927681,0.331,0.019,0,"Progenitors","KIF9"
0,3.26456940014027,0.329,0.019,0,"Progenitors","CREB3L4"
0,4.19587713529002,0.322,0.015,0,"Progenitors","ARMCX1"
0,4.06994897536025,0.319,0.016,0,"Progenitors","ARHGAP22"
0,5.3678535812155,0.308,0.007,0,"Progenitors","RBPMS"
0,5.97082016239378,0.305,0.005,0,"Progenitors","NDN"
0,7.80206010176173,0.301,0.001,0,"Progenitors","AJ009632.2"
0,1.65080076052838,0.317,0.02,0,"Progenitors","MMRN1"
0,7.99193327564923,0.298,0.001,0,"Progenitors","CAVIN1"
0,4.97904736399616,0.301,0.005,0,"Progenitors","AC244502.1"
0,2.91668751131432,0.312,0.018,0,"Progenitors","ZNF667-AS1"
0,3.21984198197419,0.305,0.015,0,"Progenitors","FBXW9"
0,3.56817572920823,0.303,0.014,0,"Progenitors","ICA1"
0,2.87065261918991,0.303,0.015,0,"Progenitors","CENPU"
0,10.50179318865,0.282,0,0,"Progenitors","PROM1"
0,11.9421169586143,0.28,0,0,"Progenitors","MYCN"
0,5.53906437167658,0.282,0.004,0,"Progenitors","CMBL"
0,8.9540536347277,0.275,0,0,"Progenitors","CPXM1"
0,4.66776999357105,0.282,0.008,0,"Progenitors","ZBTB8A"
0,7.250558933887,0.273,0.001,0,"Progenitors","TCTEX1D1"
0,4.08645467955897,0.287,0.015,0,"Progenitors","QPRT"
0,6.55771064438357,0.268,0.002,0,"Progenitors","LINC01122"
0,5.7887288784193,0.27,0.009,0,"Progenitors","ADGRG6"
0,3.81207313807933,0.261,0.002,0,"Progenitors","ITGA9"
0,4.08578355466274,0.266,0.008,0,"Progenitors","BSPRY"
0,4.26429854670082,0.268,0.012,0,"Progenitors","CDCA7"
0,7.26600107861674,0.256,0.001,0,"Progenitors","HTR1F"
0,4.38139198463171,0.261,0.006,0,"Progenitors","TFR2"
0,7.22333374230303,0.252,0.001,0,"Progenitors","HOXA7"
0,4.49778785253635,0.256,0.006,0,"Progenitors","ZNF667"
0,3.56385445204008,0.261,0.014,0,"Progenitors","FSCN1"
0,1.10767246031823,0.259,0.013,0,"Progenitors","TAL1"
0,3.42801821742717,0.256,0.013,0,"Progenitors","FADS2"
0,3.5538712631498,0.252,0.01,0,"Progenitors","TESMIN"
5.92878775009496e-323,2.24254764231542,0.513,0.054,2.16999560441226e-318,"Progenitors","TSPAN2"
7.23509731769921e-320,2.47931119490371,0.767,0.127,2.64811796925109e-315,"Progenitors","ARMH1"
6.57804929660786e-318,3.19219630398756,0.275,0.015,2.40763182305144e-313,"Progenitors","AC138649.1"
1.33893427919763e-313,2.84058175213019,0.287,0.017,4.90063335529124e-309,"Progenitors","FAM229B"
8.26438044160293e-310,1.06623876076866,0.284,0.017,3.02484588543109e-305,"Progenitors","GUCY1B1"
8.2794568218313e-309,0.952374590293923,0.31,0.02,3.03036399135847e-304,"Progenitors","NT5M"
2.33510445584699e-304,3.23097012797998,0.296,0.019,8.54671581884558e-300,"Progenitors","PCLAF"
1.3733031462612e-302,2.68353776851418,0.881,0.202,5.0264268456306e-298,"Progenitors","EBPL"
1.04865633194982e-300,3.15425212462019,0.287,0.018,3.83818704056952e-296,"Progenitors","CHST13"
1.97739684685518e-300,0.915704684687339,0.48,0.05,7.23747019917464e-296,"Progenitors","NFE2"
5.95742946619396e-296,1.88709440125717,0.751,0.125,2.18047875892165e-291,"Progenitors","CDK2AP1"
1.29668366749144e-293,1.83093314932114,0.744,0.123,4.74599189138541e-289,"Progenitors","ITM2C"
1.36529450276285e-285,2.40261679789878,0.741,0.13,4.99711440956231e-281,"Progenitors","IGFBP7"
1.10640780368766e-283,1.99375802569606,0.702,0.114,4.0495632022772e-279,"Progenitors","SSBP2"
1.42603608175522e-283,2.35361719958195,0.746,0.133,5.21943466283229e-279,"Progenitors","LMO2"
9.30172643597677e-283,2.57011505947318,0.541,0.068,3.40452489283186e-278,"Progenitors","HIST3H2A"
2.11608985722723e-278,1.36467027175495,0.478,0.055,7.74510048643738e-274,"Progenitors","ATP8B4"
1.28706112650419e-277,3.01767943794432,0.625,0.098,4.710772429118e-273,"Progenitors","MIR181A1HG"
2.04930442059059e-275,2.24615415154941,0.487,0.056,7.50065910980363e-271,"Progenitors","GPSM2"
5.18782852907357e-275,2.65337470020326,0.31,0.023,1.89879711992622e-270,"Progenitors","SOX12"
1.38938158137547e-273,1.45728197280918,0.492,0.058,5.08527552599234e-269,"Progenitors","IL1B"
1.53199873868557e-273,1.1588127807779,0.587,0.079,5.60726858346306e-269,"Progenitors","SCCPDH"
4.73913505264247e-272,2.38479952315452,0.524,0.068,1.73457082061767e-267,"Progenitors","GNA15"
5.39316046722794e-270,2.5887213776291,0.566,0.078,1.9739506626101e-265,"Progenitors","SNHG19"
1.50566335320649e-264,2.44057200417565,0.62,0.101,5.51087843907109e-260,"Progenitors","SLC40A1"
2.36770350601317e-264,1.65977097332468,0.559,0.078,8.6660316023588e-260,"Progenitors","PLAGL1"
5.28802377655523e-264,2.77564101951504,0.305,0.023,1.93546958245698e-259,"Progenitors","MORN2"
8.01034660567283e-264,2.89421809079947,0.35,0.031,2.93186696114231e-259,"Progenitors","AC245060.5"
8.435191542322e-264,2.31091003628307,0.392,0.038,3.08736445640528e-259,"Progenitors","HDGFL3"
4.14149904914781e-262,2.1742452477505,0.76,0.137,1.51583006697859e-257,"Progenitors","BEX2"
6.3289706294337e-262,2.20377712608365,0.476,0.055,2.31646654007903e-257,"Progenitors","ZSCAN18"
8.34215854834061e-260,3.03035584922083,0.301,0.023,3.05331345027815e-255,"Progenitors","ERMP1"
1.56860226804699e-259,1.93694536552086,0.552,0.077,5.7412411612788e-255,"Progenitors","EVA1B"
3.73479816505038e-259,2.25927022351196,0.762,0.151,1.36697347639009e-254,"Progenitors","FAM117A"
1.78990290016275e-258,2.61883395141278,0.853,0.198,6.55122360488568e-254,"Progenitors","NRIP1"
2.4017037170516e-258,2.8465713670009,0.382,0.038,8.79047577478058e-254,"Progenitors","BCAT1"
2.3268901792021e-253,1.72859161164313,0.583,0.086,8.51665074489761e-249,"Progenitors","ATP2C1"
7.44832746632867e-252,2.07171075563151,0.515,0.067,2.72616233595096e-247,"Progenitors","PKIG"
2.85772134065607e-249,2.37563455650787,0.594,0.091,1.04595458789353e-244,"Progenitors","PAFAH1B3"
1.64022941885775e-246,2.76528880471823,0.28,0.021,6.00340369596124e-242,"Progenitors","NEDD4"
2.95851620864811e-246,1.81152641876307,0.324,0.028,1.0828465175273e-241,"Progenitors","RFX2"
4.98120188238605e-245,2.12119172849165,0.636,0.109,1.82316970097212e-240,"Progenitors","SLC39A3"
1.2223148702323e-243,1.39738114557884,0.587,0.088,4.47379465653722e-239,"Progenitors","CD82"
5.55091358097306e-241,2.621792175822,0.401,0.045,2.03168987977195e-236,"Progenitors","ATP1B1"
2.18773668946862e-238,2.44819399048977,0.571,0.088,8.00733505712408e-234,"Progenitors","RAB34"
3.06424106657393e-236,2.40965404156598,0.287,0.023,1.12154287277672e-231,"Progenitors","RIMKLB"
3.00992054219734e-234,2.37677144804644,0.869,0.243,1.10166101764965e-229,"Progenitors","HMGA1"
7.98816250612018e-233,1.44487243092629,0.758,0.151,2.92374735886505e-228,"Progenitors","KDM5B"
5.36045611253481e-232,2.30882841980658,0.998,0.719,1.96198054174887e-227,"Progenitors","SNHG29"
9.95802170735024e-232,2.5062769607808,0.284,0.023,3.64473552510726e-227,"Progenitors","CEP70"
6.44287517349302e-226,2.41579126982709,0.298,0.026,2.35815674225018e-221,"Progenitors","CTSF"
3.61599162449504e-225,3.07330906081395,0.338,0.034,1.32348909448143e-220,"Progenitors","LZTFL1"
1.59693783165782e-224,2.25290275945867,0.529,0.079,5.84495215765078e-220,"Progenitors","GCSH"
4.51301539836665e-224,2.30349077239921,0.632,0.114,1.65180876595618e-219,"Progenitors","TCEAL4"
4.80622714735713e-223,2.52593714958411,0.979,0.404,1.75912719820418e-218,"Progenitors","SNHG7"
5.3983010376291e-222,2.21788127073858,0.347,0.035,1.97583216278263e-217,"Progenitors","WEE1"
1.69421009749205e-219,2.32524425770991,0.795,0.201,6.20097837783065e-215,"Progenitors","IMPDH2"
3.19409508462579e-216,1.54294364701771,0.83,0.203,1.16907074192388e-211,"Progenitors","MSI2"
5.50501820368503e-216,1.775536939082,0.697,0.137,2.01489171273076e-211,"Progenitors","SEPTIN11"
9.22063032841511e-215,1.46744646233354,0.259,0.021,3.37484290650321e-210,"Progenitors","CDKN1C"
1.05488652215834e-213,2.04568102908603,0.448,0.059,3.86099015975175e-209,"Progenitors","AAMDC"
6.76284361789435e-212,2.57985624925298,0.252,0.02,2.47526839258551e-207,"Progenitors","KLF3-AS1"
1.16569790206219e-210,1.60952311776526,0.618,0.108,4.26657089133782e-206,"Progenitors","CD59"
1.28117012138998e-208,2.28435830838213,0.35,0.038,4.68921076129945e-204,"Progenitors","PLEKHA5"
4.87029798818573e-207,1.83111482992028,1,0.75,1.78257776665586e-202,"Progenitors","ZFAS1"
8.54845140280308e-207,1.47499353761247,0.394,0.049,3.12881869793995e-202,"Progenitors","P2RX1"
3.83894387602646e-206,1.67646667729298,0.256,0.021,1.40509184806444e-201,"Progenitors","DACH1"
4.14691607040175e-204,2.40742333850236,0.336,0.036,1.51781275092774e-199,"Progenitors","DUSP10"
4.53605101116213e-204,2.10091941533903,0.716,0.158,1.66024003059545e-199,"Progenitors","BZW2"
9.3228214450097e-203,2.21795846883907,0.329,0.035,3.412245877088e-198,"Progenitors","PAWR"
5.32288692791117e-202,2.58739932708478,0.266,0.023,1.94822984448477e-197,"Progenitors","FAM216A"
1.31941973914301e-201,2.80599314208374,0.268,0.024,4.82920818723732e-197,"Progenitors","NFIX"
5.51625734498228e-200,1.91759214802741,0.727,0.156,2.01900535083696e-195,"Progenitors","CCNB1IP1"
8.48955210792668e-200,2.04277547702917,0.858,0.243,3.10726096702225e-195,"Progenitors","CAT"
1.57806968132297e-199,1.8860328803491,0.597,0.11,5.77589284061021e-195,"Progenitors","TM7SF3"
1.37702446728865e-196,1.64865472833009,0.818,0.199,5.04004725272319e-192,"Progenitors","TFDP2"
1.81369666009958e-196,1.89472997422579,0.343,0.039,6.63831114563046e-192,"Progenitors","VAT1"
2.20973245903531e-196,1.86058920307229,0.31,0.032,8.08784177331512e-192,"Progenitors","RHOBTB3"
6.38879084685578e-196,1.63648431228757,0.308,0.032,2.33836133785768e-191,"Progenitors","LINC00173"
6.24297402300149e-195,1.65964308403623,0.378,0.047,2.28499092215877e-190,"Progenitors","SLC25A29"
1.38155511565031e-194,2.13002081510745,0.336,0.037,5.05662987879169e-190,"Progenitors","SLC39A8"
5.93103694630286e-194,2.46383930758962,0.259,0.023,2.17081883271631e-189,"Progenitors","DYNC2LI1"
9.81009115271143e-194,1.23643530874625,0.277,0.026,3.59059146280391e-189,"Progenitors","TAFA2"
2.72998013303008e-193,1.81910800704684,0.266,0.024,9.99200028490338e-189,"Progenitors","IPO11"
2.59190442587063e-191,1.94358218641705,0.611,0.118,9.48662938912909e-187,"Progenitors","MGST2"
3.63589610086344e-191,2.49513552790715,0.443,0.066,1.33077433187703e-186,"Progenitors","CLEC11A"
5.4600207364589e-190,2.01264903937725,0.942,0.378,1.99842218975132e-185,"Progenitors","APEX1"
7.31647197370304e-190,1.78221716191746,0.998,0.692,2.67790190709505e-185,"Progenitors","GAS5"
9.31994475928946e-190,1.75268876530633,0.389,0.051,3.41119298134753e-185,"Progenitors","REC8"
2.4722253433931e-189,1.15349301351432,1,0.843,9.0485919793531e-185,"Progenitors","RACK1"
6.70756249535089e-189,1.32571501129844,0.685,0.139,2.45503494892338e-184,"Progenitors","MAGED2"
1.02710663160752e-186,1.05111733475431,1,0.866,3.75931298234668e-182,"Progenitors","RPS24"
8.57303198564706e-186,1.54984416346099,0.814,0.201,3.13781543706668e-181,"Progenitors","BEX4"
1.87687433659294e-185,0.546405261193633,0.503,0.083,6.86954775936384e-181,"Progenitors","TPM1"
4.65248182982292e-185,1.98281929342466,0.315,0.035,1.70285487453349e-180,"Progenitors","LINC00863"
1.2272205948706e-184,2.28151049592817,0.296,0.031,4.49175009928588e-180,"Progenitors","NAA80"
5.16615250159008e-184,1.43965460398539,1,0.78,1.89086347710699e-179,"Progenitors","NPM1"
1.85021996162839e-181,1.45519185858978,0.594,0.113,6.77199008155605e-177,"Progenitors","MTHFD2L"
2.25811026102842e-181,0.609983497357837,0.636,0.134,8.26490936639013e-177,"Progenitors","MPP1"
2.92956798839494e-180,1.87765037793021,0.401,0.056,1.07225117943243e-175,"Progenitors","TMEM159"
3.08678912331984e-180,1.4872384907536,0.513,0.088,1.12979568702629e-175,"Progenitors","TRIM24"
1.1515600333181e-179,1.78048730864747,0.874,0.256,4.21482487794759e-175,"Progenitors","LSM2"
1.42601248336324e-179,1.95519194758643,0.322,0.037,5.21934829035779e-175,"Progenitors","ZNF790-AS1"
4.93420552460178e-179,1.90773562999596,0.366,0.047,1.8059685640595e-174,"Progenitors","ZNF738"
4.3493295491939e-176,1.83245070427922,0.275,0.028,1.59189810830046e-171,"Progenitors","FAH"
4.99818398396252e-175,1.88229939295908,0.634,0.136,1.82938531997012e-170,"Progenitors","NME4"
1.06228552910001e-173,1.64011301167065,0.294,0.032,3.88807126505894e-169,"Progenitors","MAP1A"
1.14108467632364e-173,1.43186362477128,1,0.786,4.17648402381215e-169,"Progenitors","HNRNPA1"
2.53942507860157e-173,1.54591000356195,0.967,0.439,9.29454973018961e-169,"Progenitors","TXN"
8.7444228338122e-172,1.21122797247146,0.604,0.121,3.2005462014036e-167,"Progenitors","SMC4"
1.78762487386976e-171,1.73293674616057,0.874,0.263,6.54288580085071e-167,"Progenitors","ESD"
1.38157001474047e-170,1.833839794419,0.485,0.082,5.05668441095159e-166,"Progenitors","C19orf48"
7.95783443199793e-170,0.740183286451237,0.625,0.124,2.91264698045556e-165,"Progenitors","RAB37"
2.57297713531508e-168,1.72439270785548,0.597,0.13,9.41735361296674e-164,"Progenitors","PDZD8"
9.02406471876888e-167,1.03714221629754,0.688,0.157,3.3028979277166e-162,"Progenitors","TCF4"
1.70304958190235e-166,1.3473602155116,0.807,0.229,6.23333177472079e-162,"Progenitors","LEPROT"
2.67656645833571e-165,1.77856408646345,0.296,0.034,9.79650089415454e-161,"Progenitors","NME7"
5.99468221545273e-165,1.47283287645715,0.921,0.314,2.19411363767785e-160,"Progenitors","YWHAE"
1.44058681405989e-163,2.17041820482012,0.378,0.056,5.27269179814061e-159,"Progenitors","FADS1"
2.0710535282835e-163,1.30771835636365,0.998,0.74,7.58026301887043e-159,"Progenitors","SNHG6"
2.9969994145671e-163,1.16497228988413,1,0.819,1.0969317557257e-158,"Progenitors","RPLP0"
9.66999588586115e-163,1.64507834360351,0.965,0.398,3.53931519418404e-158,"Progenitors","H2AFY"
5.68839273543461e-162,1.9592211386508,0.506,0.094,2.08200862509642e-157,"Progenitors","CDK4"
2.60318142893183e-161,1.07685578854104,1,0.864,9.52790434803338e-157,"Progenitors","RPS4X"
2.98562171984346e-161,1.8141032115107,0.573,0.119,1.0927674056799e-156,"Progenitors","HEBP1"
4.49408355746462e-161,1.92335523301425,0.359,0.05,1.64487952286763e-156,"Progenitors","MAGED1"
1.56482599854832e-160,1.37019589204091,0.862,0.258,5.72741963728672e-156,"Progenitors","SPINT2"
1.98166959458116e-160,1.47235402452317,0.529,0.097,7.25310888312652e-156,"Progenitors","CFAP36"
2.78686114781271e-160,1.62899893605275,0.662,0.156,1.02001904871093e-155,"Progenitors","HDAC2"
5.5159103703582e-160,1.8701546368238,0.396,0.06,2.0188783546548e-155,"Progenitors","SCAI"
1.44306225824666e-158,1.86625801200195,0.541,0.109,5.2817521714086e-154,"Progenitors","NIPSNAP3A"
2.6673651694449e-158,1.96919511793037,0.438,0.075,9.76282325668528e-154,"Progenitors","DAPK1"
5.27447511875944e-158,1.80429560380672,0.427,0.069,1.93051063821714e-153,"Progenitors","HLTF"
6.78310064779797e-157,1.34591277158772,0.622,0.139,2.48268266810053e-152,"Progenitors","PTMS"
8.43905498136968e-157,1.7083841905093,0.597,0.129,3.08877851373112e-152,"Progenitors","TMED3"
1.27413643223043e-156,1.54392895384916,0.811,0.233,4.6634667556066e-152,"Progenitors","SYPL1"
3.09456184542274e-156,1.32598410889907,0.562,0.115,1.13264058104318e-151,"Progenitors","GSE1"
3.20130423809413e-156,1.81345814046654,0.308,0.039,1.17170936418483e-151,"Progenitors","HYI"
4.8410744547013e-156,2.26539479274769,0.308,0.039,1.77188166116522e-151,"Progenitors","PXMP2"
6.44533849872419e-156,1.96424820544434,0.646,0.154,2.35905834391804e-151,"Progenitors","FABP5"
8.18166473181741e-156,2.32484449010024,0.942,0.477,2.99457110849249e-151,"Progenitors","SERPINB1"
1.85652493780087e-155,1.04087737674033,0.324,0.043,6.79506692484497e-151,"Progenitors","UBR5-AS1"
2.4834577349282e-155,2.15748401835644,0.436,0.075,9.08970365561072e-151,"Progenitors","HADH"
3.70722818499954e-155,1.76657598897699,0.869,0.293,1.35688258799168e-150,"Progenitors","SPN"
4.34525011484087e-155,1.45908787282715,0.345,0.049,1.59040499453291e-150,"Progenitors","PHTF1"
2.24663452078118e-154,1.69169673205777,0.261,0.029,8.22290700951119e-150,"Progenitors","ABCC4"
4.031001716253e-154,1.56487698732714,0.993,0.719,1.47538693816576e-149,"Progenitors","HSP90AB1"
1.42967590190628e-153,1.25334982894035,0.622,0.138,5.23275676856717e-149,"Progenitors","LRRFIP2"
8.09987199623249e-153,1.60317112458508,0.669,0.159,2.96463414934105e-148,"Progenitors","MRPL16"
2.06073150769032e-152,1.81936700624753,0.483,0.089,7.54248339129734e-148,"Progenitors","MRPL45"
4.29709412798724e-151,1.27349423253766,0.72,0.181,1.57277942178461e-146,"Progenitors","BCL11A"
6.12071037350706e-151,1.02586449807715,0.42,0.07,2.24024120380732e-146,"Progenitors","SMIM3"
6.47628583199674e-151,1.84806064791956,0.361,0.053,2.37038537736913e-146,"Progenitors","SPATC1L"
1.01832987132435e-150,2.64604336180442,0.273,0.033,3.72718916203424e-146,"Progenitors","LTC4S"
1.83595913879189e-150,1.46269407035734,0.478,0.087,6.71979404389221e-146,"Progenitors","ACOT13"
9.9055287159976e-150,1.48315128885676,0.846,0.248,3.62552256534228e-145,"Progenitors","ZNF22"
2.11843299971635e-149,1.92327397729353,0.392,0.063,7.7536766222618e-145,"Progenitors","CASP6"
7.81750705395286e-149,2.555371297427,0.277,0.034,2.86128575681729e-144,"Progenitors","TP53I3"
9.25601484812439e-148,1.33237905624314,0.604,0.136,3.38779399456201e-143,"Progenitors","CREG1"
1.11730513013319e-147,1.88930285300856,0.434,0.076,4.08944850680051e-143,"Progenitors","MAP7D3"
9.67799174696282e-147,1.73803298306885,0.452,0.082,3.54224175930586e-142,"Progenitors","CKAP2"
2.09075910744932e-146,2.15290229142272,0.436,0.078,7.65238740917526e-142,"Progenitors","ADA"
1.20418373095981e-145,1.66003968408844,0.632,0.151,4.40743287368601e-141,"Progenitors","TMEM173"
1.59858502905527e-145,1.60340320440606,0.893,0.318,5.85098106484519e-141,"Progenitors","NUCB2"
1.08867727240038e-144,1.39434216549286,0.991,0.642,3.98466768471262e-140,"Progenitors","ANP32B"
1.43302494837856e-144,1.68980611693417,0.361,0.055,5.24501461356035e-140,"Progenitors","KIAA1586"
1.70566616398478e-144,1.51864476893744,0.818,0.243,6.24290872680068e-140,"Progenitors","COMT"
1.72458458059089e-144,2.00412503573132,0.385,0.063,6.3121520234207e-140,"Progenitors","PSMG1"
2.45433250117199e-144,1.29634840275826,0.601,0.134,8.98310238753962e-140,"Progenitors","IP6K2"
5.9251861587805e-144,1.78126343709656,0.492,0.098,2.16867738597525e-139,"Progenitors","UROD"
2.47083440106635e-142,1.70552989405736,0.473,0.093,9.04350099134295e-138,"Progenitors","ORAI3"
1.66433259964556e-141,1.07746039332787,1,0.817,6.09162374796272e-137,"Progenitors","BTF3"
3.10625913039113e-141,1.69894893364121,0.559,0.123,1.13692190431446e-136,"Progenitors","NOB1"
6.85057836741069e-141,1.58653552140093,0.594,0.136,2.50738018825599e-136,"Progenitors","FMC1"
1.29232740060251e-140,1.87032153927128,0.436,0.081,4.73004751894526e-136,"Progenitors","GOLIM4"
1.39797839350999e-140,1.65878305121542,0.357,0.055,5.11674071808591e-136,"Progenitors","PGM2L1"
4.98700120362986e-140,1.40847922204346,0.473,0.091,1.82529231054057e-135,"Progenitors","CASP2"
5.26279069917002e-140,1.50292363561544,0.548,0.116,1.92623402380322e-135,"Progenitors","TESPA1"
8.89301704184458e-140,1.82396724982469,0.352,0.054,3.25493316748553e-135,"Progenitors","IMMP2L"
4.05932495385997e-139,2.14693773907405,0.34,0.052,1.48575352636229e-134,"Progenitors","RCN1"
4.90553051971977e-139,1.93375523694101,0.455,0.088,1.79547322552263e-134,"Progenitors","PAICS"
5.05899926514722e-139,1.48115562810221,0.382,0.063,1.85164432103653e-134,"Progenitors","CCDC28B"
4.8490235569037e-138,0.994757031125145,0.576,0.127,1.77479111206232e-133,"Progenitors","HMG20B"
2.09556675324819e-137,1.77953353732453,0.562,0.129,7.66998387356371e-133,"Progenitors","GGCT"
2.8412143637957e-137,0.921566417662733,0.266,0.033,1.03991286929286e-132,"Progenitors","HIST2H2BE"
4.5169516667184e-137,1.13857095298349,0.583,0.135,1.6532494795356e-132,"Progenitors","PLIN3"
5.7783424530683e-137,0.805286479479327,0.445,0.085,2.11493112124753e-132,"Progenitors","FRMD4B"
1.6455174859276e-136,0.393803971792299,0.268,0.033,6.0227585502436e-132,"Progenitors","GMPR"
3.50847457361179e-136,1.44732666803224,0.744,0.209,1.28413677868765e-131,"Progenitors","IDH2"
5.30329734918711e-136,1.16741995396633,0.879,0.28,1.94105986277597e-131,"Progenitors","RNF130"
1.23956271792745e-135,1.44872567491743,0.769,0.235,4.53692350388625e-131,"Progenitors","NENF"
1.47741658312196e-135,1.85880635259236,0.317,0.046,5.40749243588468e-131,"Progenitors","FAIM"
3.80344344274767e-135,1.20291359681675,0.676,0.183,1.39209833448007e-130,"Progenitors","ETV6"
3.21979302935396e-134,1.36666739569924,0.821,0.264,1.17847644667384e-129,"Progenitors","SERPINB6"
4.11439768505259e-134,1.47064327863637,0.853,0.289,1.5059106967061e-129,"Progenitors","NASP"
4.41768278791048e-134,1.53191638045761,0.765,0.218,1.61691607720311e-129,"Progenitors","CXXC5"
9.62591023798137e-134,1.22439880718577,0.86,0.298,3.52317940620356e-129,"Progenitors","YBX3"
6.25620647197492e-133,1.3153093340581,0.776,0.229,2.28983413080754e-128,"Progenitors","TCP1"
8.95725560901706e-133,1.53163249565755,0.522,0.117,3.27844512545633e-128,"Progenitors","MPST"
2.71857132060348e-132,1.4761747625401,0.452,0.086,9.95024289054079e-128,"Progenitors","SNHG12"
6.86473956844962e-132,1.49161428969788,0.818,0.266,2.51256332944824e-127,"Progenitors","ILF2"
9.13667280623146e-132,1.53592896181685,0.814,0.267,3.34411361380878e-127,"Progenitors","OLA1"
3.69625147772952e-131,2.16267224715341,0.305,0.045,1.35286500336378e-126,"Progenitors","GSTZ1"
5.38924242105717e-131,1.640301039186,0.406,0.072,1.97251661853114e-126,"Progenitors","FKBP4"
6.92041072277173e-131,1.85822666921437,0.268,0.035,2.53293952864168e-126,"Progenitors","ZNF358"
2.87726704393902e-130,1.45685939855117,0.881,0.328,1.05310851075212e-125,"Progenitors","CCT4"
5.51718577562234e-130,1.39671172553466,0.846,0.291,2.01934516573553e-125,"Progenitors","TUBB"
8.85610067812691e-130,0.850896249292577,0.562,0.135,3.24142140920123e-125,"Progenitors","TUBA1C"
1.03780000272632e-129,0.322674586155881,0.324,0.049,3.79845178997859e-125,"Progenitors","NLK"
1.57112789066782e-129,1.44757130906006,0.972,0.547,5.75048519263331e-125,"Progenitors","SNHG8"
1.83420542037989e-129,1.9271315350268,0.268,0.035,6.71337525913245e-125,"Progenitors","LINC00665"
7.12073366430943e-129,1.76860005592325,0.359,0.06,2.6062597284739e-124,"Progenitors","CFAP20"
9.61882572117657e-129,1.45785419796095,0.506,0.108,3.52058640220784e-124,"Progenitors","MLLT3"
9.89216244503211e-129,1.44885927262435,0.797,0.247,3.6206303765062e-124,"Progenitors","TIMM13"
1.07926280269903e-128,1.3754103311356,0.748,0.214,3.95020978415873e-124,"Progenitors","COMMD3"
2.41379860687627e-128,2.13342183910277,0.492,0.111,8.83474428102783e-124,"Progenitors","TFRC"
2.56059804454785e-128,1.59356052034588,0.664,0.186,9.37204490284957e-124,"Progenitors","MARCKSL1"
2.74289207758603e-128,1.30212374843497,0.364,0.062,1.00392592931726e-123,"Progenitors","TP53BP1"
3.15473763531518e-128,1.30247877011051,0.681,0.181,1.15466552190171e-123,"Progenitors","DCTN2"
6.39340554711167e-128,1.40747621474542,0.888,0.325,2.34005036429834e-123,"Progenitors","DUT"
7.18352470496252e-128,1.48864346651541,0.804,0.264,2.62924187726333e-123,"Progenitors","CCT2"
9.79653489917045e-128,0.82760388299536,0.441,0.085,3.58562973844538e-123,"Progenitors","HSPA1A"
2.62152467535876e-127,1.40255228113974,0.762,0.228,9.59504246428059e-123,"Progenitors","NDUFS4"
8.23733317881236e-127,0.795910425202329,0.566,0.131,3.01494631677711e-122,"Progenitors","SPART"
3.80886441086547e-126,1.67115243415345,0.27,0.036,1.39408246302087e-121,"Progenitors","JAKMIP2"
4.43659017338147e-126,1.13105188589616,0.995,0.712,1.62383636935935e-121,"Progenitors","EIF3E"
4.4971264873839e-126,1.39231891950523,0.867,0.353,1.64599326564738e-121,"Progenitors","AMD1"
4.56555072359412e-126,1.511057401054,0.448,0.088,1.67103722034268e-121,"Progenitors","LCMT1"
6.70948420655925e-126,1.37312601494882,0.834,0.276,2.45573831444275e-121,"Progenitors","KDELR1"
1.44982524618054e-125,1.52573398330795,0.55,0.129,5.30650538354539e-121,"Progenitors","PSMB5"
4.22001784484428e-125,1.45932683359314,0.473,0.1,1.54456873139146e-120,"Progenitors","ATP6V0A2"
1.18257751151076e-124,1.24389285941725,0.487,0.103,4.32835194988055e-120,"Progenitors","PTOV1"
4.49474404545333e-124,1.52830028503472,0.336,0.054,1.64512126807637e-119,"Progenitors","ENOSF1"
8.51154487570188e-124,1.8591521758843,0.296,0.044,3.11531053995565e-119,"Progenitors","EFHC1"
1.73199912895565e-123,1.35891914310825,0.578,0.143,6.33929001189059e-119,"Progenitors","YWHAG"
2.15654924548999e-123,0.880363492211357,0.788,0.236,7.89318589341791e-119,"Progenitors","HSBP1"
2.96577414740381e-123,2.10584558441235,0.287,0.042,1.08550299569127e-118,"Progenitors","AC090204.1"
3.11405493492083e-123,1.122185883038,1,0.771,1.13977524673037e-118,"Progenitors","HINT1"
4.5449849072177e-123,1.38279380625345,0.471,0.099,1.66350992589075e-118,"Progenitors","CCDC14"
6.38773376293215e-123,1.69868671561928,0.373,0.065,2.3379744345708e-118,"Progenitors","BLMH"
7.77613218814096e-123,1.33829440233789,0.357,0.061,2.84614214218147e-118,"Progenitors","ZNF439"
9.65792231368867e-123,1.78259667564635,0.371,0.066,3.53489614603319e-118,"Progenitors","SQLE"
1.00219420966914e-122,1.5167600495983,0.497,0.108,3.66813102681002e-118,"Progenitors","NOA1"
1.32667025353559e-122,1.90204327870392,0.413,0.084,4.85574579496559e-118,"Progenitors","KCNQ1OT1"
1.52711820684775e-122,1.54738288850664,0.503,0.111,5.58940534888344e-118,"Progenitors","HNRNPA1P48"
6.5487696769266e-122,1.26902691026682,0.671,0.176,2.3969151894519e-117,"Progenitors","ZNF428"
9.02660445891969e-122,1.36844090361176,0.706,0.2,3.3038274980092e-117,"Progenitors","GRHPR"
1.05548201244257e-121,1.17117574570554,0.403,0.074,3.86316971374106e-117,"Progenitors","EIF3J-DT"
4.87233403680034e-121,1.76563326238458,0.371,0.067,1.78332298080929e-116,"Progenitors","CD38"
1.26802410158224e-120,0.963035993287707,0.622,0.158,4.64109501420116e-116,"Progenitors","LRBA"
2.67429150968799e-120,1.56036885534412,0.977,0.561,9.78817435460902e-116,"Progenitors","ENO1"
9.88867070925287e-120,1.30984109269477,0.706,0.209,3.61935236629364e-115,"Progenitors","NUTM2A-AS1"
1.46252094778265e-119,1.44393069720334,0.517,0.12,5.35297292097929e-115,"Progenitors","PRXL2C"
2.16835969231479e-119,1.14163591931656,0.38,0.068,7.93641330984138e-115,"Progenitors","HENMT1"
4.71097414014806e-119,1.12019074502723,0.657,0.179,1.72426364503559e-114,"Progenitors","MORF4L2"
8.9958594561065e-119,1.15036005989664,0.667,0.185,3.29257451952954e-114,"Progenitors","USP22"
1.69584289691279e-118,1.53775490217835,0.443,0.091,6.20695458699052e-114,"Progenitors","HIST1H4E"
1.70774029895477e-118,0.806273982689989,1,0.856,6.25050026820435e-114,"Progenitors","RPL7A"
1.88353006497973e-118,1.38821848176494,0.946,0.441,6.89390839083232e-114,"Progenitors","PNN"
2.21304617215859e-118,1.88663392364395,0.298,0.046,8.09997029471766e-114,"Progenitors","IFT74"
2.97515700554114e-118,1.30233849512336,0.308,0.048,1.08893721559811e-113,"Progenitors","TOX"
4.46985448805117e-118,1.30981323445322,0.608,0.157,1.63601144117161e-113,"Progenitors","UBE2E1"
4.86760940450382e-118,1.31044697558314,0.96,0.459,1.78159371814244e-113,"Progenitors","SNHG32"
5.22434835519032e-118,1.90372388537523,0.643,0.189,1.91216374148321e-113,"Progenitors","LRRC75A"
6.72642991525633e-118,1.429864203216,0.774,0.243,2.46194061328297e-113,"Progenitors","TMEM14C"
7.51823159322664e-118,1.62484743126082,0.42,0.087,2.75174794543688e-113,"Progenitors","LMNA"
8.8736999288279e-118,1.5317232486078,0.34,0.058,3.2478629109503e-113,"Progenitors","PHYH"
1.09748103410615e-117,1.45642795290764,0.524,0.121,4.01689033293191e-113,"Progenitors","C11orf1"
1.17612203312881e-117,1.16463395112095,0.459,0.097,4.30472425345476e-113,"Progenitors","AC008124.1"
2.70359321571205e-117,1.45339515852818,0.678,0.196,9.89542152882766e-113,"Progenitors","AKR1A1"
3.9573821208473e-117,1.12197272060188,0.473,0.1,1.44844143005132e-112,"Progenitors","USP11"
4.14865746915166e-117,1.47518558572367,0.627,0.17,1.5184501202842e-112,"Progenitors","QARS"
7.0077440349878e-117,1.19989452497586,0.494,0.113,2.56490439424588e-112,"Progenitors","STAT5A"
7.46957576324235e-117,1.51004817766799,0.832,0.32,2.73393942510433e-112,"Progenitors","HSPD1"
2.63576646593328e-116,0.89808886633195,0.965,0.392,9.64716884196241e-112,"Progenitors","AIF1"
4.15317254974315e-116,1.53839687232389,0.38,0.071,1.52010268493149e-111,"Progenitors","RUVBL2"
4.57469860878174e-116,1.35332324600805,0.876,0.336,1.6743854378002e-111,"Progenitors","CLNS1A"
9.3721444931136e-116,0.508614257605207,0.655,0.175,3.43029860592451e-111,"Progenitors","ETS2"
9.93014939871605e-116,0.737045218028915,1,0.86,3.63453398142406e-111,"Progenitors","RPL15"
2.20646029897369e-115,1.33524027876935,0.634,0.173,8.07586534027359e-111,"Progenitors","DTD1"
2.72042283994753e-115,1.28866819200158,0.655,0.179,9.95701963649196e-111,"Progenitors","ABHD14B"
3.15756702471814e-115,1.2783030190779,0.977,0.58,1.15570110671709e-110,"Progenitors","LDHB"
3.22153789511418e-115,1.43156686830414,0.441,0.093,1.17911508499074e-110,"Progenitors","B3GNT2"
3.76759964711705e-115,0.915320163163228,1,0.824,1.37897914684131e-110,"Progenitors","EEF1G"
7.05153605491176e-115,1.26846899350086,0.557,0.135,2.58093271145825e-110,"Progenitors","ABRAXAS1"
9.51005106156468e-115,1.30151409541187,0.918,0.377,3.48077378904329e-110,"Progenitors","CCT8"
3.9205218046241e-114,1.36824605030437,0.608,0.171,1.43495018571047e-109,"Progenitors","ELMO1"
7.2872514069793e-114,1.04643990466915,0.995,0.748,2.66720688746849e-109,"Progenitors","ATP5MC2"
1.91911202274064e-113,1.35824639702211,0.613,0.166,7.02414191443302e-109,"Progenitors","ARL2"
4.94736574152203e-113,0.501770780826594,0.837,0.292,1.81078533505448e-108,"Progenitors","PPP1R14B"
8.4586327190848e-113,1.13232955430681,0.503,0.116,3.09594416151223e-108,"Progenitors","TPGS2"
1.51233513958697e-112,1.3825273776917,0.839,0.287,5.53529784440226e-108,"Progenitors","RNASEH2B"
1.6176016252412e-112,1.26519874177774,0.424,0.089,5.9205837085453e-108,"Progenitors","CETN2"
1.67065209574828e-112,2.24109358450489,0.303,0.05,6.11475373564827e-108,"Progenitors","LRMDA"
2.12003927208199e-112,1.33027457564297,0.907,0.374,7.75955573974731e-108,"Progenitors","EPB41L4A-AS1"
6.44033970936395e-112,1.49615604927771,0.259,0.037,2.3572287370243e-107,"Progenitors","IFI27L1"
1.2519415774128e-111,1.62042589823547,0.394,0.078,4.5822313674886e-107,"Progenitors","ZNF33B"
1.74864523676329e-111,1.08956065136282,0.312,0.052,6.40021643107731e-107,"Progenitors","GET1"
4.14697640701197e-111,1.72644091022517,0.345,0.062,1.51783483473045e-106,"Progenitors","FAHD2A"
4.6473474612743e-111,1.011865967081,0.483,0.108,1.70097564430101e-106,"Progenitors","C12orf76"
4.79083543732405e-111,1.22851548642874,0.541,0.134,1.75349367841498e-106,"Progenitors","CPT1A"
5.49801137856521e-111,1.13269025367459,0.93,0.438,2.01232714466865e-106,"Progenitors","TKT"
2.85286212419003e-110,1.29301372353773,0.557,0.14,1.04417606607479e-105,"Progenitors","ACADM"
6.17925000562667e-110,1.65248277210626,0.42,0.089,2.26166729455942e-105,"Progenitors","TARBP1"
1.11914113367659e-109,1.29338558045665,0.608,0.163,4.0961684633697e-105,"Progenitors","LAGE3"
1.99887670364264e-109,1.4926104692079,0.42,0.088,7.31608862300243e-105,"Progenitors","RBFA"
2.08350266889196e-109,1.31751187991057,0.345,0.062,7.62582811841147e-105,"Progenitors","COQ8A"
2.60256258831458e-109,1.41946860466211,0.371,0.071,9.52563932949021e-105,"Progenitors","TTC5"
7.1788366621246e-109,1.44760118320757,0.345,0.062,2.62752600670422e-104,"Progenitors","GAMT"
1.97614707431663e-108,1.59055869688202,0.333,0.059,7.23289590670629e-104,"Progenitors","BX890604.2"
2.51810778556775e-108,1.2080469654368,0.536,0.135,9.21652630595651e-104,"Progenitors","KDM1A"
2.91166412450116e-108,1.27802498582386,0.366,0.069,1.06569818620867e-103,"Progenitors","HTRA2"
3.47473075070467e-108,1.65958977075113,0.566,0.154,1.27178620206542e-103,"Progenitors","NME1"
3.77248840405324e-108,1.238760110615,0.655,0.19,1.38076848076753e-103,"Progenitors","DNAJC4"
5.21741282321465e-108,0.636441775829998,0.254,0.037,1.90962526742479e-103,"Progenitors","TEX30"
5.53558152262471e-108,1.15031756558842,0.974,0.533,2.02607819309587e-103,"Progenitors","ST13"
1.10153115717755e-107,0.795124428063573,0.942,0.458,4.03171418838555e-103,"Progenitors","TALDO1"
1.46192389178242e-107,1.28641379144968,0.89,0.367,5.35078763631283e-103,"Progenitors","OSTC"
1.5584810217552e-107,1.13460961957544,0.774,0.249,5.70419638772621e-103,"Progenitors","ZCRB1"
1.75115665866736e-107,0.823825842539263,1,0.866,6.40940848638841e-103,"Progenitors","RPS2"
3.37294456820304e-107,1.34401431405131,0.671,0.2,1.234531441408e-102,"Progenitors","STOML2"
3.5927614688638e-107,1.55143939203295,0.343,0.063,1.31498662521884e-102,"Progenitors","POLR3D"
4.58410721544913e-107,1.31111947028028,0.597,0.163,1.67782908192654e-102,"Progenitors","N4BP2"
5.51684961468949e-107,1.3262070335269,0.578,0.153,2.0192221274725e-102,"Progenitors","HPRT1"
6.07759517811771e-107,1.21311117529211,0.818,0.291,2.22446061114286e-102,"Progenitors","MPC2"
1.59533902366216e-106,1.28774514270214,0.627,0.18,5.83910036050587e-102,"Progenitors","TRIM28"
1.76444057483177e-106,1.33730701950274,0.531,0.133,6.45802894794175e-102,"Progenitors","ECI2"
3.50405789560093e-106,1.5486156768618,0.326,0.058,1.2825202303689e-101,"Progenitors","NPM3"
4.3048368017172e-106,1.50236818469147,0.394,0.081,1.57561331779651e-101,"Progenitors","SPIN1"
9.42750890290266e-106,1.23075997175357,0.678,0.199,3.4505625335514e-101,"Progenitors","ATXN10"
9.92233254311322e-106,1.27829334014472,0.345,0.063,3.63167293410487e-101,"Progenitors","SMYD3"
1.44086652940134e-105,0.90926877626804,0.473,0.111,5.27371558426186e-101,"Progenitors","CASP3"
2.328542266703e-105,1.21528848453175,0.653,0.186,8.52269755035966e-101,"Progenitors","TPRKB"
4.68755791216999e-105,1.49771718000276,0.287,0.047,1.71569307143334e-100,"Progenitors","EZH2"
7.12500741302285e-105,1.27000144819987,0.585,0.158,2.60782396324049e-100,"Progenitors","TWISTNB"
8.48675749037757e-105,1.6382224051472,0.308,0.054,3.10623810905309e-100,"Progenitors","NET1"
8.65771616251243e-105,1.89462846204845,0.378,0.079,3.16881069264117e-100,"Progenitors","MGST1"
1.32966713872721e-104,1.52887370959581,0.294,0.049,4.86671469445546e-100,"Progenitors","BDH2"
2.92782314775481e-104,0.596991596630122,0.389,0.076,1.07161255030974e-99,"Progenitors","F2R"
9.64266209895473e-104,1.5418486093555,0.389,0.081,3.52931075483842e-99,"Progenitors","COPRS"
1.63933533783508e-103,1.20664343231143,0.949,0.435,6.00013127001018e-99,"Progenitors","ATP5F1C"
1.66981087425166e-103,1.21064256579812,0.97,0.549,6.1116747808485e-99,"Progenitors","HIST1H4C"
2.09694606031448e-103,1.30872598398981,0.678,0.225,7.67503227535701e-99,"Progenitors","CTNNBL1"
5.43998597431729e-103,1.11378590562614,0.888,0.362,1.99108926645987e-98,"Progenitors","CLTA"
8.67083659348705e-103,1.18150007336263,0.783,0.28,3.1736129015822e-98,"Progenitors","TOP2B"
9.0327199070241e-103,1.16063824407546,0.396,0.083,3.30606581316989e-98,"Progenitors","ASH2L"
9.05372878053657e-103,1.21556945290217,0.611,0.17,3.31375527096419e-98,"Progenitors","DDX1"
1.05393570838276e-102,1.04638663044127,0.629,0.181,3.85751008625173e-98,"Progenitors","ZKSCAN1"
1.06297653001158e-102,1.17459049312905,0.727,0.236,3.89060039749538e-98,"Progenitors","CAPRIN1"
1.48471501367509e-102,1.53545045079796,0.436,0.099,5.43420542155221e-98,"Progenitors","PCBD1"
2.86576009511075e-102,1.63012282295259,0.298,0.051,1.04889685241148e-97,"Progenitors","LIMA1"
3.55749102523409e-102,1.07915454513511,0.622,0.177,1.30207729014593e-97,"Progenitors","VAV3"
5.71480582706084e-102,1.17931148745771,0.382,0.077,2.09167608076254e-97,"Progenitors","NIPSNAP1"
6.00232508372729e-102,0.812044380234505,1,0.843,2.19691100389502e-97,"Progenitors","RPL5"
9.37706040502349e-102,1.37671642314185,0.368,0.074,3.43209787884265e-97,"Progenitors","NTPCR"
1.808715111736e-101,1.22905228036355,0.38,0.078,6.62007818046493e-97,"Progenitors","PDCL"
1.81329823311192e-101,1.25680517073646,0.643,0.196,6.63685286301293e-97,"Progenitors","PHACTR4"
1.95159490572031e-101,1.1399737199472,0.513,0.127,7.14303251442689e-97,"Progenitors","DCAF13"
1.98605247343926e-101,1.11667539120991,0.517,0.129,7.26915065803505e-97,"Progenitors","RFXANK"
2.32517551998568e-101,1.36322967702602,0.385,0.079,8.51037492069961e-97,"Progenitors","SCRN2"
2.38878435145146e-101,0.819442028534654,0.478,0.114,8.74318960474747e-97,"Progenitors","ARMCX3"
2.93683383366934e-101,1.36337824407989,0.373,0.076,1.07491055146132e-96,"Progenitors","TGFBRAP1"
3.78784235468285e-101,1.04962178351728,0.643,0.184,1.38638818023747e-96,"Progenitors","TCEAL8"
4.30831273071381e-101,1.10538502287304,0.699,0.214,1.57688554256856e-96,"Progenitors","CCDC18-AS1"
4.33428399807734e-101,1.09259970275582,0.804,0.281,1.58639128613629e-96,"Progenitors","TXNL1"
4.59480292818851e-101,1.36818321252436,0.326,0.059,1.68174381974628e-96,"Progenitors","MSH2"
6.93266011575479e-101,0.952890223224601,0.52,0.135,2.53742292896741e-96,"Progenitors","TNRC18"
8.38766743135957e-101,1.4511626827797,0.403,0.087,3.06997015655192e-96,"Progenitors","MRPS27"
9.28137998977008e-101,1.57685585755343,0.27,0.044,3.39707789005575e-96,"Progenitors","SCN9A"
1.33706980464966e-100,1.12997021938578,0.443,0.1,4.89380919199821e-96,"Progenitors","UPF3B"
1.36263835794583e-100,1.28823548531335,0.716,0.232,4.98739265391753e-96,"Progenitors","ERGIC3"
1.76312594833511e-100,1.28421106746487,0.737,0.241,6.45321728350132e-96,"Progenitors","MPG"
5.41137296134954e-100,1.19686207990248,0.944,0.457,1.98061661758355e-95,"Progenitors","RTRAF"
7.78839639759354e-100,1.26475638901822,0.48,0.117,2.85063096548321e-95,"Progenitors","SMIM30"
1.33171406302111e-99,1.13606105809101,0.524,0.133,4.87420664206358e-95,"Progenitors","STRBP"
1.37780461424994e-99,1.03717516399261,0.401,0.086,5.0429026686162e-95,"Progenitors","HPGD"
1.65290429804173e-99,1.28651218475754,0.473,0.115,6.04979502126253e-95,"Progenitors","TARS"
2.07404127166453e-99,1.0714888047372,0.625,0.179,7.59119845841935e-95,"Progenitors","LGALS9"
2.75032521677146e-99,0.278680866642325,0.571,0.155,1.00664653259052e-94,"Progenitors","NCF4"
3.00052226525143e-99,1.26260552343102,0.615,0.177,1.09822115430467e-94,"Progenitors","CFAP298"
6.53006654048137e-99,1.30272095036957,0.41,0.09,2.39006965448159e-94,"Progenitors","MTA1"
6.72306263719413e-99,0.947069878613677,1,0.75,2.46070815583942e-94,"Progenitors","EEF2"
1.36016073578814e-98,0.635826710600709,0.732,0.232,4.97832430905816e-94,"Progenitors","NMI"
2.00808085876947e-98,1.14666398443408,0.378,0.078,7.34977675118213e-94,"Progenitors","NFIA"
4.82786917962743e-98,0.872099894080542,0.897,0.38,1.76704839843544e-93,"Progenitors","GTF2I"
5.17265771198285e-98,1.15571503699757,0.993,0.749,1.89324444916284e-93,"Progenitors","GAPDH"
8.44005870024941e-98,0.904688671057798,0.986,0.682,3.08914588487829e-93,"Progenitors","UQCRH"
9.53922340205497e-98,1.76199361750318,0.373,0.08,3.49145115738614e-93,"Progenitors","AHCY"
1.41511232899809e-97,1.73423095374842,0.305,0.056,5.17945263536591e-93,"Progenitors","PRKCI"
2.8628202943727e-97,0.968797094226542,0.564,0.151,1.04782085594335e-92,"Progenitors","GMPR2"
4.22190570883473e-97,0.87736611627551,0.995,0.739,1.5452597084906e-92,"Progenitors","SUMO2"
6.65356805329975e-97,1.22020494003736,0.373,0.078,2.43527244318824e-92,"Progenitors","HIBCH"
1.12935150515504e-96,1.68352945551,0.294,0.053,4.13353944401797e-92,"Progenitors","SPATS2"
1.25936615571965e-96,1.15629622407279,0.797,0.281,4.60940606654949e-92,"Progenitors","PSMB7"
1.37656925388223e-96,1.19505508527165,0.918,0.443,5.03838112613434e-92,"Progenitors","SNRPE"
1.45464485649258e-96,1.14692841451265,0.389,0.086,5.32414563924849e-92,"Progenitors","CBFA2T3"
1.81106816112734e-96,1.03592483997612,0.408,0.092,6.62869057654217e-92,"Progenitors","MIB1"
2.15763578826225e-96,1.42816130521507,0.41,0.093,7.89716274861867e-92,"Progenitors","ABI2"
2.60296322120958e-96,1.30836389781028,0.774,0.28,9.52710568594918e-92,"Progenitors","HNRNPAB"
3.87721911151117e-96,1.15490916335916,0.578,0.163,1.4191009670042e-91,"Progenitors","DKC1"
5.5377349513448e-96,0.371096121373639,1,0.958,2.02686636954171e-91,"Progenitors","H3F3A"
6.58958632764159e-96,1.17103809563624,0.499,0.126,2.4118544917801e-91,"Progenitors","ETFRF1"
7.37270283339344e-96,1.03901690521886,0.389,0.084,2.69848296405033e-91,"Progenitors","DNMT3A"
7.60542320679457e-96,1.22673845496468,0.406,0.092,2.78366094791888e-91,"Progenitors","STAM"
1.40200846476495e-95,0.799738089494976,1,0.87,5.1314911818862e-91,"Progenitors","HMGB1"
1.64615852081937e-95,1.64845969472299,0.287,0.051,6.02510480205096e-91,"Progenitors","TCAF1"
1.74280547890777e-95,1.19437065691509,0.366,0.075,6.37884233335032e-91,"Progenitors","AL135925.1"
1.78362953290885e-95,0.774425777416234,0.671,0.206,6.52826245339967e-91,"Progenitors","UBE2E3"
1.97311396023146e-95,1.47345005313039,0.319,0.062,7.22179440584316e-91,"Progenitors","SLC39A4"
2.73697605103423e-95,1.47936695334909,0.352,0.071,1.00176060443904e-90,"Progenitors","HACD3"
2.84744628171738e-95,1.10410730607189,0.974,0.542,1.04219381357138e-90,"Progenitors","SLC25A5"
3.37548761644877e-95,1.13961592401523,0.704,0.225,1.23546222249641e-90,"Progenitors","PFDN4"
3.83045829408033e-95,1.18953216009197,0.58,0.164,1.40198604021634e-90,"Progenitors","TMEM18"
4.81408561645269e-95,1.31800272184874,0.438,0.105,1.76200347647785e-90,"Progenitors","AGPAT5"
7.11421625051021e-95,1.46870784376033,0.862,0.38,2.60387428984924e-90,"Progenitors","PRDX1"
7.47210628655828e-95,1.13459097273588,0.921,0.402,2.7348656219432e-90,"Progenitors","SEM1"
1.05727610397911e-94,1.41050452722614,0.406,0.091,3.86973626817395e-90,"Progenitors","ERG28"
2.26775865264829e-94,1.06461031748714,0.599,0.18,8.300223444558e-90,"Progenitors","AFF1"
2.89916083046179e-94,1.07790463902264,0.725,0.242,1.06112185555732e-89,"Progenitors","DYNC1I2"
4.18117032720225e-94,0.795224768977405,0.881,0.4,1.5303501514593e-89,"Progenitors","TUBA1A"
4.38091905815282e-94,1.32423923243913,0.441,0.105,1.60346018447451e-89,"Progenitors","NIT2"
5.50613922394317e-94,1.16169769678341,0.611,0.179,2.01530201735544e-89,"Progenitors","PHF14"
1.19798773964486e-93,0.641173071612025,0.671,0.211,4.38475492587417e-89,"Progenitors","PTTG1IP"
1.53921348962547e-93,1.15122901619528,0.678,0.215,5.63367529337818e-89,"Progenitors","MAT2A"
6.36239930569432e-93,1.09530711179196,0.772,0.278,2.32870176987718e-88,"Progenitors","MAZ"
2.26355303267299e-92,1.17825520236952,0.909,0.395,8.2848304548864e-88,"Progenitors","HMGN3"
2.44738878499798e-92,1.23347393582706,0.597,0.176,8.9576876919711e-88,"Progenitors","C12orf10"
2.85340281381758e-92,0.316922376792488,0.305,0.058,1.04437396388537e-87,"Progenitors","CCDC125"
2.96045535608752e-92,1.07439784880448,0.613,0.186,1.08355626488159e-87,"Progenitors","ZNF326"
3.11914541129305e-92,1.12237766091677,0.513,0.136,1.14163841198737e-87,"Progenitors","ZNF433-AS1"
3.80990000875423e-92,1.09575569820265,0.452,0.111,1.39446150220414e-87,"Progenitors","CMAS"
7.36560145627854e-92,1.04849716182443,0.979,0.695,2.69588378901251e-87,"Progenitors","NME2"
7.41895288387297e-92,0.9473607001012,0.473,0.118,2.71541094502635e-87,"Progenitors","ING4"
8.21100486260975e-92,1.51086883067853,0.254,0.042,3.00530988976379e-87,"Progenitors","PACC1"
8.30990491993131e-92,1.07741135143436,0.928,0.417,3.04150829974406e-87,"Progenitors","ATP5F1B"
9.99049369253827e-92,1.40215497335841,0.343,0.07,3.65662059640593e-87,"Progenitors","QTRT1"
1.02194228005859e-91,1.18820631759137,0.361,0.077,3.74041093924246e-87,"Progenitors","WRNIP1"
1.09703889814344e-91,1.13757249376133,0.389,0.087,4.01527207109482e-87,"Progenitors","LRRC41"
1.21867968292635e-91,1.07864594333749,0.958,0.462,4.46048950747872e-87,"Progenitors","UFC1"
1.64914053718523e-91,1.34764085599637,0.266,0.045,6.03601928015166e-87,"Progenitors","CPLANE1"
1.67974775233952e-91,1.1563557024238,0.809,0.31,6.14804474833789e-87,"Progenitors","PARP1"
2.27106114206626e-91,1.30354757426688,0.438,0.107,8.31231088607671e-87,"Progenitors","VEZT"
2.69733965893084e-91,0.901420636509306,0.76,0.257,9.87253288565278e-87,"Progenitors","COMMD7"
3.16915912583094e-91,1.37271770690511,0.434,0.106,1.15994393164538e-86,"Progenitors","DCTPP1"
3.1911719939695e-91,0.877653775291832,0.436,0.103,1.16800086151278e-86,"Progenitors","AL450998.2"
5.2359057735716e-91,1.27214390226397,0.382,0.085,1.91639387218494e-86,"Progenitors","TCEAL3"
5.27856579089691e-91,1.08439351146584,0.466,0.118,1.93200786512618e-86,"Progenitors","WBP1"
5.60282627549416e-91,0.938566685751214,0.592,0.17,2.05069044509362e-86,"Progenitors","TSPAN3"
6.10924498917397e-91,1.26261676791889,0.354,0.075,2.23604475848756e-86,"Progenitors","FAM228B"
1.27619926007446e-90,0.965063757253535,0.464,0.117,4.67101691179853e-86,"Progenitors","WDR13"
1.61227785087826e-90,1.53748910216516,0.287,0.052,5.90109816199953e-86,"Progenitors","SLC27A5"
2.09252097309525e-90,1.35347511636028,0.443,0.11,7.65883601362592e-86,"Progenitors","MRPL15"
2.24165930276674e-90,1.15402949771945,0.359,0.076,8.20469721405656e-86,"Progenitors","VPS72"
2.95708020716585e-90,1.17200612509727,0.364,0.077,1.08232092662477e-85,"Progenitors","ACYP1"
3.21739193335522e-90,1.05208833554257,0.956,0.508,1.17759762152735e-85,"Progenitors","EIF3M"
3.47662948307145e-90,0.851756759560912,0.52,0.14,1.27248115709898e-85,"Progenitors","UBE2S"
9.55928969467039e-90,1.03562328971507,0.685,0.221,3.49879562114631e-85,"Progenitors","MMADHC"
1.18845650046699e-89,1.33582746384929,0.422,0.104,4.34986963735923e-85,"Progenitors","AGPS"
1.61897115190528e-89,1.47846411390873,0.289,0.053,5.9255963130885e-85,"Progenitors","GPX7"
2.50726448122552e-89,1.10872434139363,0.848,0.328,9.17683872773354e-85,"Progenitors","CCT6A"
5.16138476197716e-89,1.1368970840784,0.597,0.177,1.88911843673126e-84,"Progenitors","ERCC1"
5.17778014915017e-89,1.04710192393196,0.503,0.134,1.89511931239045e-84,"Progenitors","AK3"
7.62246506401763e-89,1.04007907890344,0.636,0.202,2.78989843808109e-84,"Progenitors","CCNG1"
8.07259259118142e-89,1.34410749580588,0.42,0.102,2.95464961429831e-84,"Progenitors","MRPL37"
8.41553613473594e-89,1.57132123371111,0.277,0.05,3.0801703806747e-84,"Progenitors","TMEM69"
9.34578702558995e-89,0.925789483944512,0.45,0.117,3.42065150923618e-84,"Progenitors","ZMIZ1"
1.73636229292969e-88,1.05318265278655,0.555,0.155,6.35525962835195e-84,"Progenitors","USE1"
1.9393676806898e-88,1.09558194765707,0.469,0.119,7.09827964809274e-84,"Progenitors","HAUS1"
1.98254327673501e-88,0.330941258500299,0.438,0.109,7.25630664717779e-84,"Progenitors","PAPSS1"
2.28961118927792e-88,1.21298421337257,0.499,0.133,8.38020591387612e-84,"Progenitors","PIGP"
3.20667168069245e-88,1.11713940224869,0.902,0.41,1.17367390185024e-83,"Progenitors","LUC7L3"
3.66562092203364e-88,1.03115134026138,0.389,0.09,1.34165391367353e-83,"Progenitors","MSRB2"
5.84412000237915e-88,0.802785763270008,0.508,0.135,2.13900636207079e-83,"Progenitors","DPF2"
7.39139801546872e-88,0.960688266895633,0.692,0.224,2.70532558764171e-83,"Progenitors","RPAIN"
7.80612995848991e-88,1.15006837800844,0.625,0.2,2.85712162610689e-83,"Progenitors","FDFT1"
9.27818475185834e-88,1.20096242658184,0.851,0.378,3.39590840102767e-83,"Progenitors","SNRPD1"
9.34808648374696e-88,0.939250614372673,0.371,0.082,3.42149313391622e-83,"Progenitors","LINC01003"
1.014112280511e-87,1.55346581178409,0.28,0.052,3.71175235789831e-83,"Progenitors","TMEM9"
1.17382378312241e-87,0.678648872632638,1,0.842,4.29631242860632e-83,"Progenitors","RPL7"
1.26088725432181e-87,1.08872916742015,0.394,0.092,4.61497343954324e-83,"Progenitors","HDAC7"
1.35602704616489e-87,1.13121999705406,0.765,0.275,4.96319459166811e-83,"Progenitors","PRMT1"
3.17741426249693e-87,1.35216190651069,0.608,0.197,1.1629653942165e-82,"Progenitors","SNX5"
3.30376641825299e-87,1.07971016995206,0.876,0.384,1.20921154674478e-82,"Progenitors","MRPL57"
5.04400272402043e-87,1.15950890523941,0.837,0.35,1.84615543701872e-82,"Progenitors","PHB2"
6.60088697836094e-87,1.1922456133942,0.396,0.092,2.41599064294989e-82,"Progenitors","AK6"
6.6519919606502e-87,0.930054625676594,0.38,0.086,2.43469557751758e-82,"Progenitors","ING2"
7.04245892008422e-87,0.258092178359698,0.79,0.279,2.57761038934002e-82,"Progenitors","RTN3"
7.24989914406622e-87,1.0487816940882,0.974,0.528,2.65353558571968e-82,"Progenitors","GSTP1"
8.44962892786119e-87,1.00488760008878,0.429,0.105,3.09264868388648e-82,"Progenitors","PPIL4"
1.13648021787694e-86,0.995730119236628,0.653,0.206,4.15963124545138e-82,"Progenitors","ZNRD1"
1.31801617543007e-86,1.23073326176889,0.368,0.082,4.82407100369159e-82,"Progenitors","TCEA2"
2.6870038615238e-86,1.11624652991934,0.399,0.094,9.83470283356325e-82,"Progenitors","UBAP2"
3.46381505416827e-86,1.42955694111788,0.403,0.097,1.26779094797613e-81,"Progenitors","PRDX4"
3.82343172492112e-86,1.08099805846622,0.869,0.404,1.39941424563838e-81,"Progenitors","TAF1D"
4.7122209049903e-86,0.864782327461849,1,0.861,1.7247199734355e-81,"Progenitors","ACTG1"
4.81332532964423e-86,1.34778541204157,0.361,0.081,1.76172520390308e-81,"Progenitors","CSTF3"
5.50873601929602e-86,0.659390784857235,1,0.858,2.01625247042253e-81,"Progenitors","NACA"
7.83694546576436e-86,1.08108369715063,0.529,0.148,2.86840040992441e-81,"Progenitors","DUSP23"
8.52029991521683e-86,1.84227462659023,0.329,0.07,3.11851497196851e-81,"Progenitors","TMEM38B"
1.02480385271191e-85,0.972814562657311,0.681,0.232,3.75088458131088e-81,"Progenitors","GALNT1"
1.14397938289191e-85,0.982966692955454,0.951,0.463,4.18707893932267e-81,"Progenitors","DRAP1"
1.25629990006027e-85,1.03380539903007,0.695,0.238,4.59818326421058e-81,"Progenitors","HADHB"
1.87969444614103e-85,1.23578906220635,0.417,0.103,6.87986964232079e-81,"Progenitors","HDGFL2"
2.16207227250118e-85,1.10010728439979,0.951,0.504,7.91340072458159e-81,"Progenitors","PEBP1"
2.42076656433673e-85,0.675305384488484,0.522,0.144,8.86024770212887e-81,"Progenitors","NARF"
2.63755935263383e-85,1.00888126995495,0.825,0.31,9.65373098657508e-81,"Progenitors","MRPL51"
2.80866650212601e-85,1.27587254738384,0.354,0.079,1.02800002644314e-80,"Progenitors","NBAS"
5.85506728416519e-85,0.715131310362249,1,0.859,2.1430131766773e-80,"Progenitors","RPL29"
6.08967550024489e-85,1.02066957609859,0.907,0.4,2.22888212984463e-80,"Progenitors","VDAC2"
9.65067813517402e-85,0.786068931280985,0.848,0.345,3.53224470425504e-80,"Progenitors","HSD17B11"
9.68695583443811e-85,1.1137570596979,0.655,0.215,3.54552270496269e-80,"Progenitors","NCOA7"
1.0838575579709e-84,0.864282164828676,0.988,0.635,3.9670270479293e-80,"Progenitors","CLIC1"
1.21292401467774e-84,1.15416980062768,0.462,0.121,4.43942318612198e-80,"Progenitors","MRPL32"
1.56918619305065e-84,0.637661310124598,1,0.916,5.74337838518468e-80,"Progenitors","RPLP1"
1.75220064814424e-84,1.02283009937755,0.452,0.115,6.41322959227273e-80,"Progenitors","BLVRA"
1.97546119294818e-84,0.882098983281818,0.55,0.161,7.23038551230964e-80,"Progenitors","ZMYND8"
4.27743036703155e-84,0.910880073793053,0.501,0.139,1.56558228863722e-79,"Progenitors","GATAD1"
4.68172233946544e-84,1.44955642489142,0.667,0.226,1.71355719346774e-79,"Progenitors","ATF7IP2"
4.97189943223304e-84,0.400893400675612,0.445,0.108,1.81976491119161e-79,"Progenitors","C1orf21"
8.32416844427579e-84,1.31620267484233,0.872,0.41,3.04672889228938e-79,"Progenitors","HIST1H1D"
8.79819284345869e-84,1.10619009430909,0.515,0.143,3.22022656263431e-79,"Progenitors","ZNF581"
1.12413209478206e-83,0.830001330037839,0.636,0.201,4.11443588011183e-79,"Progenitors","CDC5L"
2.83650672054759e-83,1.14437771661464,0.508,0.142,1.03818982478762e-78,"Progenitors","CUEDC2"
3.04947806256822e-83,0.867416592957495,0.837,0.328,1.11613946568059e-78,"Progenitors","LAPTM4A"
3.90561241773137e-83,0.724358061695719,0.874,0.389,1.42949320101386e-78,"Progenitors","DYNLL1"
5.3873238577336e-83,0.988573293492225,0.625,0.198,1.97181440516907e-78,"Progenitors","MLEC"
1.01834441580638e-82,1.0097082841799,0.34,0.074,3.72724239629295e-78,"Progenitors","PWWP3A"
1.08782440041622e-82,0.618094107063584,1,0.854,3.98154608796341e-78,"Progenitors","RPL26"
1.22553899475096e-82,1.00614845675845,0.58,0.178,4.485595274688e-78,"Progenitors","CCS"
2.0314926653863e-82,1.37075168334578,0.406,0.101,7.43546630458041e-78,"Progenitors","POLD2"
2.32878181671407e-82,0.993553830092356,0.399,0.096,8.52357432735517e-78,"Progenitors","SLC50A1"
2.37304939974473e-82,1.03447373022088,0.562,0.166,8.68559810800569e-78,"Progenitors","TATDN1"
3.13309527368719e-82,0.944830676939991,0.401,0.096,1.14674420112225e-77,"Progenitors","ZNF43"
3.35672510703691e-82,0.933188571858329,0.869,0.379,1.22859495642658e-77,"Progenitors","CAMLG"
3.64199024668493e-82,0.989937169279042,0.828,0.33,1.33300485018915e-77,"Progenitors","ATXN7L3B"
4.24370881310684e-82,0.814699008050385,0.601,0.188,1.55323986268523e-77,"Progenitors","PPIP5K2"
4.46197604577999e-82,1.37321973433322,0.303,0.062,1.63312785251593e-77,"Progenitors","FARSA"
5.27610523409363e-82,1.17735607001881,0.399,0.097,1.93110727673061e-77,"Progenitors","ABCB7"
6.99375036873807e-82,1.11129172648983,0.394,0.097,2.55978257246182e-77,"Progenitors","RDX"
1.11796808658687e-81,1.27076964478187,0.277,0.053,4.09187499371661e-77,"Progenitors","TMED1"
1.31400500707061e-81,0.456563693805803,0.809,0.302,4.80938972637913e-77,"Progenitors","UBE2R2"
1.89139685799065e-81,0.867123197613102,0.51,0.144,6.92270163993158e-77,"Progenitors","HAT1"
2.04577968120288e-81,1.12676937846345,0.406,0.1,7.48775821117064e-77,"Progenitors","GAR1"
2.55992170882139e-81,1.03556970301754,0.953,0.538,9.36956944645717e-77,"Progenitors","EIF3L"
2.82477252930128e-81,0.660732350895805,0.499,0.137,1.03389499344956e-76,"Progenitors","RASSF1"
3.05429322983145e-81,1.33251169856927,0.298,0.061,1.11790186505061e-76,"Progenitors","LDB1"
3.49793786965708e-81,0.637655121383942,0.508,0.145,1.28028023967319e-76,"Progenitors","TXNRD1"
4.09779373907252e-81,1.04547545950298,0.399,0.096,1.49983348643793e-76,"Progenitors","CDKN2AIPNL"
4.78640896682021e-81,1.07681208525076,0.503,0.142,1.75187354594586e-76,"Progenitors","NDUFA8"
6.76081174617259e-81,0.834135421692413,0.573,0.172,2.47452470721663e-76,"Progenitors","VKORC1"
8.67140840535026e-81,0.987369509359948,0.322,0.069,3.17382219044225e-76,"Progenitors","PTBP2"
1.05396405087869e-80,1.25715835692445,0.403,0.101,3.85761382262111e-76,"Progenitors","IVD"
1.13719031135172e-80,0.911433520458849,0.732,0.269,4.16223025857842e-76,"Progenitors","FBXO7"
1.19167494367559e-80,1.56835244596294,0.259,0.048,4.36164946134702e-76,"Progenitors","TCEAL1"
1.24597061741809e-80,1.45827670004829,0.266,0.05,4.56037705681195e-76,"Progenitors","PM20D2"
1.57367923545129e-80,0.619042636290649,1,0.846,5.75982336967525e-76,"Progenitors","RPL24"
1.72691228424274e-80,1.52454590002195,0.319,0.069,6.32067165155684e-76,"Progenitors","DHRS4"
1.82934642843415e-80,1.0630977323229,0.8,0.31,6.69559086271184e-76,"Progenitors","NDUFB5"
1.98104995705617e-80,1.02248025348068,0.485,0.139,7.25084094782128e-76,"Progenitors","HHEX"
2.0842552641721e-80,1.18313980701075,0.408,0.102,7.62858269239629e-76,"Progenitors","CHID1"
2.78047237549789e-80,1.03463124537553,0.671,0.245,1.01768069415598e-75,"Progenitors","MYADM"
3.53603950127401e-80,1.23320362665368,0.261,0.049,1.2942258178613e-75,"Progenitors","ZNF827"
3.6166900005042e-80,0.282312946781224,0.497,0.136,1.32374470708454e-75,"Progenitors","CNST"
4.80514852754593e-80,0.920222768493852,0.713,0.247,1.75873241256709e-75,"Progenitors","COX20"
6.06721568568993e-80,0.398727331033294,0.471,0.129,2.22066161311937e-75,"Progenitors","TNFRSF1A"
7.58284293374403e-80,0.975629301721042,0.832,0.354,2.77539634217965e-75,"Progenitors","SRI"
9.48414774325861e-80,0.781875010412008,0.662,0.216,3.47129291551008e-75,"Progenitors","CCND2"
1.08021415975608e-79,1.38197186925965,0.268,0.051,3.95369184612323e-75,"Progenitors","PCCB"
1.13810212159952e-79,1.1967542127809,0.517,0.151,4.16556757526639e-75,"Progenitors","DNPH1"
1.16837187469942e-79,0.584548912622553,0.615,0.197,4.27635789858733e-75,"Progenitors","CAPN1"
1.30913954785569e-79,0.760130402484463,0.613,0.188,4.7915816591066e-75,"Progenitors","KLHDC2"
2.15710792798623e-79,1.0574987267275,0.59,0.187,7.8952307272224e-75,"Progenitors","DNAJC1"
3.13578207356028e-79,0.999142948750593,0.389,0.093,1.1477275967438e-74,"Progenitors","WDR54"
3.58596668615436e-79,1.0068247027891,0.732,0.256,1.31249966679936e-74,"Progenitors","PTRHD1"
3.62160416431894e-79,0.684068604511303,1,0.87,1.32554334018238e-74,"Progenitors","RPS3A"
6.72411959393223e-79,1.10576450140059,0.455,0.123,2.46109501257513e-74,"Progenitors","RNF5"
7.22909676654345e-79,1.36930306805869,0.403,0.104,2.64592170752257e-74,"Progenitors","LPIN1"
7.77103276249788e-79,0.896935429920146,0.543,0.162,2.84427570140185e-74,"Progenitors","MRPL42"
1.07544515782584e-78,1.1463267541104,0.324,0.07,3.93623682215836e-74,"Progenitors","TSPYL4"
1.34087173917602e-78,1.77296219770578,0.305,0.066,4.90772465255816e-74,"Progenitors","DST"
1.65439567969723e-78,0.591097460714978,1,0.881,6.05525362725983e-74,"Progenitors","RPS9"
2.76275872009095e-78,1.07539798533537,0.555,0.17,1.01119731914049e-73,"Progenitors","HIKESHI"
2.86872747846995e-78,1.17378307871455,0.436,0.118,1.04998294439479e-73,"Progenitors","HAUS4"
3.30925028217153e-78,1.21721401847484,0.27,0.052,1.2112186957776e-73,"Progenitors","ISOC1"
3.63853152186765e-78,1.00126308762572,0.937,0.471,1.33173892231878e-73,"Progenitors","ATP5F1A"
4.37604175676884e-78,1.2125002003354,0.305,0.065,1.60167504339496e-73,"Progenitors","ASMTL"
4.87676704698984e-78,0.958907517714393,0.564,0.171,1.78494550686875e-73,"Progenitors","TPGS1"
8.69142381746212e-78,1.01091064106601,0.902,0.447,3.18114803142931e-73,"Progenitors","RBMX"
9.88464612714575e-78,1.17999618060754,0.364,0.086,3.61787932899661e-73,"Progenitors","DALRD3"
1.11338408651425e-77,1.10333859020943,0.476,0.133,4.07509709505079e-73,"Progenitors","PDHA1"
1.1340301528667e-77,1.04328414413378,0.326,0.073,4.15066376250741e-73,"Progenitors","BSCL2"
1.30226905747056e-77,0.880637415475635,0.606,0.189,4.76643497724799e-73,"Progenitors","PIN4"
1.36674394405432e-77,1.08547588364781,0.485,0.137,5.00241950963322e-73,"Progenitors","PHF6"
1.48019798692341e-77,0.787453779245634,0.697,0.233,5.41767265193836e-73,"Progenitors","LMAN1"
1.65902539175997e-77,0.939978175491487,0.571,0.185,6.07219883638066e-73,"Progenitors","RERE"
2.11440659822651e-77,1.17160575727007,0.329,0.075,7.73893959016883e-73,"Progenitors","ARSD"
2.26347673052496e-77,0.904032706889994,0.592,0.186,8.28455118139439e-73,"Progenitors","COPS3"
2.46898527035325e-77,1.01634395368052,0.741,0.269,9.03673298801993e-73,"Progenitors","ECH1"
2.62125736414524e-77,1.01173139218823,0.669,0.233,9.59406407850801e-73,"Progenitors","FKBP3"
2.91206023598449e-77,0.491742907372153,0.294,0.061,1.06584316697268e-72,"Progenitors","BLZF1"
2.97297038852631e-77,0.647315470089145,0.711,0.254,1.08813689190451e-72,"Progenitors","CUX1"
3.42355415520069e-77,0.938744902386455,0.571,0.177,1.25305505634501e-72,"Progenitors","CPSF6"
4.27027674288999e-77,0.921807888484954,0.755,0.274,1.56296399066516e-72,"Progenitors","NBDY"
4.44705595257746e-77,1.11471546997475,0.783,0.36,1.62766694920288e-72,"Progenitors","NAA38"
5.88529751788241e-77,0.94770074883514,0.429,0.112,2.15407774452014e-72,"Progenitors","ZDHHC24"
8.50242554533692e-77,1.03152918498702,0.478,0.137,3.11197277384877e-72,"Progenitors","SDCCAG8"
9.08545474295708e-77,1.02210825011026,0.676,0.232,3.32536729046972e-72,"Progenitors","DANCR"
9.47622125353544e-77,0.680021990414911,0.296,0.062,3.46839174100651e-72,"Progenitors","STK19"
1.0183131800555e-76,1.16904770153425,0.296,0.062,3.72712807032114e-72,"Progenitors","NIPBL-DT"
1.09159276608351e-76,0.786689113723232,0.662,0.225,3.99533868314224e-72,"Progenitors","PBXIP1"
1.25668945124991e-76,1.04847024503393,0.396,0.101,4.5996090605198e-72,"Progenitors","GPALPP1"
1.7993551674479e-76,0.403659040388287,0.65,0.223,6.58581984837607e-72,"Progenitors","CYTOR"
3.3227710880605e-76,1.12347693256799,0.459,0.127,1.21616744594102e-71,"Progenitors","ATIC"
3.34562179021685e-76,0.913997565849008,0.657,0.223,1.22453103143727e-71,"Progenitors","DPM3"
3.53917619347277e-76,0.646336058417328,1,0.856,1.29537387857297e-71,"Progenitors","RPS23"
3.93935375846311e-76,0.712659694763728,0.713,0.267,1.44184286913508e-71,"Progenitors","FTX"
5.37670047378447e-76,0.880206657544579,0.375,0.09,1.96792614040985e-71,"Progenitors","BTG3"
5.74626503297332e-76,1.05690323077477,0.422,0.111,2.10319046471857e-71,"Progenitors","KLHDC3"
7.1241568780991e-76,0.787692192280676,0.66,0.228,2.60751265895305e-71,"Progenitors","NUTM2B-AS1"
9.0990137800449e-76,1.17900707506186,0.429,0.116,3.33033003363423e-71,"Progenitors","EI24"
9.45875261986859e-76,1.10743448380051,0.394,0.1,3.4619980463981e-71,"Progenitors","LINC00342"
1.01942707490651e-75,1.05808223947298,0.282,0.057,3.73120503686532e-71,"Progenitors","ZNF512"
1.05423750589777e-75,1.13145402418196,0.925,0.476,3.85861469533643e-71,"Progenitors","H1FX"
1.15339467302576e-75,0.589695086775325,0.888,0.414,4.22153984274158e-71,"Progenitors","STMP1"
1.28108102810501e-75,1.21832471735643,0.366,0.089,4.68888467096713e-71,"Progenitors","MCM3"
2.05514911645412e-75,1.12223229676329,0.406,0.106,7.52205128113371e-71,"Progenitors","DTWD1"
2.38807887454745e-75,1.02178602289844,0.578,0.184,8.74060748873112e-71,"Progenitors","SNRPA"
2.43492344924796e-75,2.5903479599629,0.506,0.165,8.91206331659247e-71,"Progenitors","LMO4"
3.09039864572982e-75,0.757591360036926,0.35,0.084,1.13111680832357e-70,"Progenitors","MAML3"
3.30005886537411e-75,1.10229591034291,0.529,0.162,1.20785454531558e-70,"Progenitors","ADSL"
3.37623625150086e-75,0.72652346624342,0.66,0.227,1.23573623041183e-70,"Progenitors","CHD9"
4.38982502741784e-75,0.567571932101026,1,0.911,1.6067198582852e-70,"Progenitors","EEF1A1"
6.00070079126044e-75,0.981839518978353,0.364,0.09,2.19631649660923e-70,"Progenitors","BMP2K"
6.06974557808913e-75,0.58317378854017,0.529,0.157,2.2215875790364e-70,"Progenitors","CRIPT"
7.83833136014074e-75,0.908480541426309,0.977,0.538,2.86890766112511e-70,"Progenitors","SELENOH"
9.96891815729237e-75,0.846363597684624,0.562,0.178,3.64872373475058e-70,"Progenitors","DCAF7"
1.11268467033257e-74,0.494918946612116,0.494,0.143,4.07253716188423e-70,"Progenitors","ARHGEF2"
1.27764113276271e-74,1.35312910288674,0.28,0.058,4.6762943100248e-70,"Progenitors","MTX2"
1.40255211678383e-74,1.09701688270013,0.545,0.171,5.13348100264049e-70,"Progenitors","ARHGAP5"
1.40648187862503e-74,1.42546822075479,0.296,0.064,5.14786432395548e-70,"Progenitors","MCM7"
1.66469893757644e-74,0.975390349637849,0.389,0.099,6.09296458142354e-70,"Progenitors","MED21"
1.71427001019094e-74,1.015100387786,0.48,0.14,6.27439966429985e-70,"Progenitors","CISD2"
1.97441872782121e-74,1.56665225489025,0.303,0.067,7.2265699856984e-70,"Progenitors","WDR60"
2.37940443238776e-74,0.585661873124561,0.557,0.18,8.70885816298245e-70,"Progenitors","CARD19"
2.84705090865221e-74,1.08572570582528,0.315,0.07,1.0420491030758e-69,"Progenitors","ZNF395"
3.51290790629842e-74,0.324901331032169,0.261,0.051,1.28575942278428e-69,"Progenitors","MAST4"
4.55718550835464e-74,0.963885834316674,0.869,0.383,1.66797546791288e-69,"Progenitors","NONO"
6.21504106289658e-74,1.12944602237807,0.364,0.089,2.27476717943078e-69,"Progenitors","MSH6"
6.96790231398665e-74,1.07401935374087,0.403,0.105,2.55032192594225e-69,"Progenitors","ZNF37A"
8.08444925936459e-74,0.800779106323336,0.331,0.076,2.95898927342003e-69,"Progenitors","BCR"
1.01548488628676e-73,0.938421789600249,0.394,0.1,3.71677623229816e-69,"Progenitors","IMMP1L"
1.6087720524678e-73,1.41734533640768,0.27,0.055,5.88826658923739e-69,"Progenitors","NDUFAF6"
1.69563012918906e-73,0.857176995115489,0.967,0.611,6.20617583584489e-69,"Progenitors","SLC25A3"
1.74504389316052e-73,0.483790220272527,0.536,0.163,6.38703515335682e-69,"Progenitors","TOPORS"
2.17551797531126e-73,0.614138893168031,0.268,0.054,7.96261334143673e-69,"Progenitors","IKZF2"
3.0143011761558e-73,1.49471341201623,0.317,0.073,1.10326437348478e-68,"Progenitors","ISOC2"
3.44009100016718e-73,1.12878861196142,0.345,0.084,1.25910770697119e-68,"Progenitors","TRAF7"
3.8223331743089e-73,1.1060929717074,0.287,0.061,1.3990121651288e-68,"Progenitors","INO80C"
3.89724578670825e-73,0.784823174765196,0.604,0.199,1.42643093039309e-68,"Progenitors","CCAR1"
4.29000542161112e-73,0.671339162901303,1,0.859,1.57018488436389e-68,"Progenitors","RPS8"
4.33688299015124e-73,0.980205745192714,0.914,0.461,1.58734254322525e-68,"Progenitors","SMIM26"
5.11455700509487e-73,0.593803214884023,0.902,0.442,1.87197900943477e-68,"Progenitors","DNAJB6"
5.61866794604274e-73,1.17027834503729,0.317,0.072,2.0564886549311e-68,"Progenitors","UNC45A"
7.0278441999551e-73,0.447476299066188,0.545,0.169,2.57226125562557e-68,"Progenitors","LAT2"
9.22856183143797e-73,1.25448299099162,0.331,0.078,3.37774591592461e-68,"Progenitors","SIL1"
1.32401892822573e-72,1.10587614520514,0.431,0.119,4.846041679199e-68,"Progenitors","TMA16"
1.50691896914446e-72,0.836218571033085,0.457,0.131,5.51547411896565e-68,"Progenitors","ATXN2"
2.21540669993325e-72,0.901220326842205,0.834,0.364,8.10861006242567e-68,"Progenitors","CSNK2B"
2.96230767401356e-72,1.07915693846903,0.312,0.07,1.0842342317657e-67,"Progenitors","AGPAT4"
3.04001110003353e-72,1.25995033372966,0.301,0.067,1.11267446272327e-67,"Progenitors","CSPP1"
3.08013994089259e-72,1.00332784706965,0.259,0.052,1.1273620197661e-67,"Progenitors","LPCAT3"
3.69026710441167e-72,0.790948655131553,0.867,0.376,1.35067466288571e-67,"Progenitors","IQGAP2"
3.91018521490275e-72,0.733193385469713,0.89,0.384,1.43116689050655e-67,"Progenitors","YWHAQ"
4.17532565331956e-72,0.464369901157637,0.517,0.156,1.52821094237149e-67,"Progenitors","YIPF3"
4.21269040100266e-72,1.01363083168851,0.476,0.136,1.54188681367098e-67,"Progenitors","LETMD1"
4.47395783297726e-72,0.789837281261497,0.676,0.238,1.63751330644801e-67,"Progenitors","PRPF6"
5.04871489865746e-72,0.853292524990053,0.301,0.066,1.84788014005762e-67,"Progenitors","BRD8"
5.14370121026392e-72,0.988449709403169,0.557,0.175,1.8826460799687e-67,"Progenitors","DMAC1"
6.28096070688534e-72,0.901833986478358,0.378,0.096,2.2988944283271e-67,"Progenitors","MARCH5"
7.25163499541346e-72,1.28788456600811,0.277,0.058,2.65417092467128e-67,"Progenitors","NTHL1"
8.55599278142968e-72,0.943014557734277,0.58,0.189,3.13157891793108e-67,"Progenitors","PRDX3"
9.74067670334132e-72,0.853491788269898,0.466,0.131,3.56518508018996e-67,"Progenitors","ZNF302"
1.06592279911335e-71,0.93631415776437,0.357,0.089,3.90138403703478e-67,"Progenitors","S100PBP"
1.27340446769086e-71,0.761835062427775,0.443,0.127,4.6607876921953e-67,"Progenitors","ADAM28"
1.29049021722389e-71,1.16980783102948,0.932,0.468,4.72332324406116e-67,"Progenitors","ITGA4"
1.63935794376518e-71,0.979419909417817,0.762,0.302,6.00021400997492e-67,"Progenitors","CCT7"
1.70043290898143e-71,0.785597567076271,0.641,0.217,6.22375449016295e-67,"Progenitors","PMF1"
2.00933874129046e-71,0.967550008919725,0.909,0.488,7.35438072699723e-67,"Progenitors","EIF3D"
2.27100379530141e-71,0.860704480795201,0.949,0.528,8.3121009911827e-67,"Progenitors","ATP5PF"
2.6482433341218e-71,0.937828816787238,0.597,0.199,9.6928354272192e-67,"Progenitors","CEP57"
2.7112095222322e-71,0.8189743949507,0.984,0.609,9.92329797232207e-67,"Progenitors","EID1"
2.82858898708131e-71,0.906466477550396,0.59,0.192,1.03529185516163e-66,"Progenitors","CBX5"
2.93516083871152e-71,0.920533243906606,0.35,0.085,1.0742982185768e-66,"Progenitors","KIFAP3"
3.75317196398069e-71,0.954455987118271,0.338,0.081,1.37369847053657e-66,"Progenitors","MAPK8"
4.44380494325658e-71,0.796000603507356,0.825,0.35,1.62647704728134e-66,"Progenitors","PCM1"
4.94265797889925e-71,0.902440665077307,0.408,0.109,1.80906224685691e-66,"Progenitors","TRIM13"
4.96033164321493e-71,0.890153538312618,0.427,0.117,1.81553098473309e-66,"Progenitors","COMMD4"
5.35299577745647e-71,0.870179597338218,0.62,0.21,1.95924998450684e-66,"Progenitors","FDPS"
6.32512647710226e-71,0.850597785953325,0.648,0.226,2.3150595418842e-66,"Progenitors","NDUFS2"
7.10823651357874e-71,0.999138066654447,0.319,0.074,2.60168564633495e-66,"Progenitors","FUNDC1"
9.08903604363784e-71,1.42809569019236,0.261,0.053,3.32667808233189e-66,"Progenitors","SFXN4"
9.11310101446692e-71,1.03736704850109,0.627,0.219,3.33548610230504e-66,"Progenitors","FDX1"
9.44604945609289e-71,0.844444504804404,0.981,0.617,3.45734856142456e-66,"Progenitors","HMGN1"
9.94748816341378e-71,0.324413766634135,0.427,0.115,3.64088014269108e-66,"Progenitors","ZNF493"
1.05240043769449e-70,0.653154711368234,1,0.867,3.85189084200561e-66,"Progenitors","RPS3"
1.07458233476795e-70,0.80731322981651,0.748,0.274,3.93307880348416e-66,"Progenitors","ADH5"
1.25064193423197e-70,0.580132100274208,1,0.86,4.57747454348243e-66,"Progenitors","RPS7"
1.26084520974074e-70,0.936831842873433,0.622,0.211,4.61481955217207e-66,"Progenitors","NDUFS3"
1.32089333527442e-70,0.879937892423498,0.653,0.228,4.83460169643789e-66,"Progenitors","SINHCAF"
1.53029536419563e-70,0.594467217713248,0.58,0.189,5.60103406249244e-66,"Progenitors","GSN"
1.54457727874879e-70,1.01452959209489,0.883,0.426,5.65330729794845e-66,"Progenitors","RPL22L1"
1.76355156872283e-70,0.676106893837889,1,0.867,6.45477509668243e-66,"Progenitors","RPS6"
1.97469234328662e-70,0.916899542763085,0.951,0.521,7.22757144566336e-66,"Progenitors","SEPTIN6"
2.31305983960685e-70,0.854611348241854,0.571,0.183,8.46603031894502e-66,"Progenitors","PDCD7"
2.81192557905345e-70,1.06942081881118,0.408,0.11,1.02919288118935e-65,"Progenitors","PPIL3"
3.12888255180444e-70,0.922788819382405,0.608,0.206,1.14520230278594e-65,"Progenitors","HTATSF1"
3.39018568468176e-70,0.753021572925718,0.462,0.134,1.24084186245037e-65,"Progenitors","SYNGR1"
4.48166652788134e-70,0.876740434391714,0.368,0.094,1.64033476586985e-65,"Progenitors","HDAC8"
4.95912257685565e-70,0.675606588645452,0.998,0.79,1.81508845435494e-65,"Progenitors","GNAS"
4.98549997439298e-70,0.853125593847876,0.834,0.348,1.82474284562758e-65,"Progenitors","UQCRC2"
5.51300255357776e-70,1.18293440074254,0.273,0.058,2.01781406463499e-65,"Progenitors","YARS2"
5.54128455162054e-70,0.255664870183963,0.436,0.123,2.02816555873863e-65,"Progenitors","E2F3"
6.9195222979573e-70,0.819995313673037,0.487,0.147,2.53261435627535e-65,"Progenitors","MAPKAPK3"
7.06053509602492e-70,0.817101395864453,0.534,0.163,2.58422645049608e-65,"Progenitors","THYN1"
7.60382545176009e-70,0.878559475470293,0.911,0.46,2.78307615359871e-65,"Progenitors","KHDRBS1"
7.71245627484815e-70,0.452485508726359,0.38,0.098,2.82283612115717e-65,"Progenitors","TXNDC5"
9.02812818050486e-70,0.89581489651337,0.869,0.379,3.30438519534659e-65,"Progenitors","ALKBH7"
9.03690650189997e-70,0.674009444272098,0.597,0.195,3.30759814876041e-65,"Progenitors","ELAVL1"
9.26141877957218e-70,0.891498197022507,0.578,0.186,3.38977188751121e-65,"Progenitors","ETHE1"
9.78892677063366e-70,1.03603715976318,0.368,0.093,3.58284508731962e-65,"Progenitors","MAGEF1"
1.35332394964871e-69,0.808291449715275,0.527,0.16,4.95330098810924e-65,"Progenitors","MRPL38"
1.48586788706839e-69,0.593734727779792,0.34,0.084,5.43842505345902e-65,"Progenitors","ABCC1"
1.56952574684381e-69,0.914921246109033,0.336,0.08,5.74462118602303e-65,"Progenitors","FHIT"
1.63995456054717e-69,0.796815937276121,0.34,0.084,6.00239768705869e-65,"Progenitors","PML"
1.94207973879054e-69,0.762303944015434,0.382,0.101,7.10820605194725e-65,"Progenitors","YARS"
1.98162795988409e-69,0.984799505563509,0.301,0.068,7.25295649597174e-65,"Progenitors","SMIM8"
2.58560010119716e-69,0.998196241921592,0.809,0.345,9.46355493039173e-65,"Progenitors","TMEM256"
2.67672013076894e-69,1.09851043683917,0.284,0.062,9.7970633506274e-65,"Progenitors","CLUAP1"
3.1134177259685e-69,0.776264928479901,0.681,0.243,1.13954202188173e-64,"Progenitors","NT5C"
3.73374041376395e-69,0.815037806489379,0.58,0.189,1.36658632884174e-64,"Progenitors","ZFAND1"
4.36452598315933e-69,0.467828345148342,0.548,0.17,1.59746015509615e-64,"Progenitors","CHST12"
5.06445883019298e-69,0.895009926924922,0.746,0.296,1.85364257643893e-64,"Progenitors","PRKACB"
5.40946936756507e-69,0.306272184205852,0.473,0.137,1.97991988322249e-64,"Progenitors","SAP30"
5.44702079240502e-69,0.839511084793937,0.601,0.205,1.99366408022816e-64,"Progenitors","MPLKIP"
6.52436020055091e-69,0.590957443715294,0.459,0.132,2.38798107700364e-64,"Progenitors","CCDC28A"
6.86513695807289e-69,1.29136900962368,0.252,0.051,2.51270877802426e-64,"Progenitors","NUDCD1"
7.5085573258498e-69,0.918136690370939,0.427,0.117,2.74820706683428e-64,"Progenitors","DPH5"
8.5783906517166e-69,0.877788586835374,0.802,0.325,3.13977676243479e-64,"Progenitors","BANF1"
8.76682339250854e-69,0.891432253839584,0.413,0.114,3.20874502989205e-64,"Progenitors","MAP3K13"
8.82656757601411e-69,0.861853822015321,0.545,0.175,3.23061199849692e-64,"Progenitors","ACBD6"
9.23762067936972e-69,0.706740774254795,0.765,0.31,3.38106154485611e-64,"Progenitors","CHD4"
1.04046964410368e-68,0.916490762039751,0.545,0.172,3.80822294438389e-64,"Progenitors","TIMM9"
1.12836791709476e-68,1.02354124248482,0.427,0.12,4.12993941335853e-64,"Progenitors","NUDT2"
1.42440026163231e-68,1.13008683701296,0.303,0.07,5.21344739760042e-64,"Progenitors","GTF3C3"
1.43772758151669e-68,0.622183990881023,0.632,0.218,5.26222672110922e-64,"Progenitors","RHEB"
1.49988912140768e-68,0.737038722955549,0.566,0.183,5.48974417326424e-64,"Progenitors","TIPRL"
1.55719112191941e-68,0.652071634161504,0.557,0.181,5.69947522533722e-64,"Progenitors","RIF1"
2.00563768638814e-68,0.98684192935739,0.48,0.145,7.34083449594922e-64,"Progenitors","REPIN1"
2.31044842576419e-68,1.28951033537368,0.294,0.066,8.45647228313953e-64,"Progenitors","LINC00662"
2.42124644426688e-68,1.2697135030607,0.27,0.058,8.86200411066119e-64,"Progenitors","LANCL1"
2.53165448617694e-68,0.861591175066776,0.462,0.135,9.26610858485623e-64,"Progenitors","DNAJC9"
2.60457848422732e-68,0.794961721651489,0.69,0.25,9.5330177101204e-64,"Progenitors","RPL7L1"
3.051093926593e-68,0.54206378731306,0.538,0.167,1.1167308880723e-63,"Progenitors","SMIM27"
3.85592976481708e-68,0.735458519322888,0.723,0.278,1.4113088532207e-63,"Progenitors","SMARCC1"
3.87097012126894e-68,0.831714890453494,0.403,0.11,1.41681377408564e-63,"Progenitors","JKAMP"
5.16299001001008e-68,1.04071157601785,0.378,0.1,1.88970597356379e-63,"Progenitors","WDR6"
6.74010208493884e-68,0.931385915993357,0.862,0.389,2.46694476410846e-63,"Progenitors","COX5A"
1.07912596700816e-67,0.41745604882829,0.716,0.261,3.94970895184656e-63,"Progenitors","MLF2"
1.22765002701442e-67,0.688322572353828,0.387,0.103,4.4933218638755e-63,"Progenitors","SLC35D2"
1.39576154772367e-67,0.781389539086024,0.473,0.139,5.10862684082339e-63,"Progenitors","SMIM15"
1.44402251431464e-67,0.800729639042944,0.89,0.413,5.28526680464303e-63,"Progenitors","FXR1"
2.00436422291431e-67,0.617444600160186,0.886,0.394,7.33617349228868e-63,"Progenitors","IRF2BP2"
2.24780506578823e-67,0.845612834762027,0.734,0.292,8.22719132129149e-63,"Progenitors","SRSF6"
2.6971856730714e-67,0.805955261653626,0.373,0.096,9.87196928200864e-63,"Progenitors","NSMCE2"
3.38012778930307e-67,0.932613366564394,0.606,0.209,1.23716057216282e-62,"Progenitors","MRPS33"
3.74968605162693e-67,1.21526967749264,0.31,0.073,1.37242259175597e-62,"Progenitors","TMEM218"
4.53481425957793e-67,1.10861248180681,0.298,0.069,1.65978736714812e-62,"Progenitors","FPGS"
4.90874977874431e-67,0.602129983518471,0.993,0.774,1.79665150651821e-62,"Progenitors","UBB"
5.17453092474051e-67,0.617135516118927,0.571,0.185,1.89393006376427e-62,"Progenitors","OARD1"
6.12126385973564e-67,0.899548603368585,0.811,0.339,2.24044378530184e-62,"Progenitors","TUFM"
6.25321226195035e-67,0.74380218253979,0.998,0.816,2.28873821999645e-62,"Progenitors","EEF1B2"
8.38420038972794e-67,1.12288010554041,0.27,0.058,3.06870118464432e-62,"Progenitors","RTL8A"
8.41939063303716e-67,0.760565741121553,0.483,0.146,3.08158116559793e-62,"Progenitors","GTF2F2"
8.74233715709737e-67,1.05712494033452,0.252,0.053,3.19978282286921e-62,"Progenitors","TMEM106A"
9.76100985339597e-67,0.853263468387088,0.373,0.099,3.57262721644146e-62,"Progenitors","CEP68"
1.03161383336717e-66,0.559797447874788,0.457,0.134,3.77580979150717e-62,"Progenitors","TFG"
1.1779974615157e-66,1.27600905417126,0.303,0.072,4.31158850889361e-62,"Progenitors","THG1L"
1.23061855792533e-66,0.817225403609495,0.727,0.27,4.50418698386251e-62,"Progenitors","MDH1"
1.25284523837264e-66,0.791222320658092,0.678,0.242,4.58553885696771e-62,"Progenitors","FIBP"
1.35115686065437e-66,0.922154329388178,0.932,0.513,4.94536922568107e-62,"Progenitors","LSM7"
1.42417744310996e-66,0.724274024346965,0.506,0.154,5.21263185952677e-62,"Progenitors","ELP2"
1.50550256775701e-66,1.13168316659941,0.48,0.15,5.51028994824743e-62,"Progenitors","UROS"
1.61638135257395e-66,0.64944913537362,0.662,0.236,5.91611738855592e-62,"Progenitors","CFDP1"
1.83361815085777e-66,1.11162721525352,0.345,0.087,6.71122579395454e-62,"Progenitors","MRPS2"
1.85475175776912e-66,0.970080309908662,0.429,0.124,6.78857690861077e-62,"Progenitors","PPA2"
1.90514276548148e-66,0.699232771876672,0.646,0.229,6.97301303593876e-62,"Progenitors","SMARCC2"
2.29192218993644e-66,0.707484836028091,0.674,0.247,8.38866440738635e-62,"Progenitors","SARNP"
2.87224840903358e-66,1.20725030212223,0.261,0.056,1.05127164019038e-61,"Progenitors","SPPL2B"
3.62889635270904e-66,1.07259650961327,0.35,0.091,1.32821235405504e-61,"Progenitors","ZMYM4"
3.70636469236237e-66,0.848658249447608,0.765,0.299,1.35656654105155e-61,"Progenitors","DDOST"
4.11245461486446e-66,0.65034113503929,0.441,0.128,1.50519951358654e-61,"Progenitors","WDR48"
4.18485973863666e-66,0.624744556435031,0.303,0.071,1.5317005129384e-61,"Progenitors","C11orf54"
5.86168558211065e-66,0.781786919429681,0.445,0.13,2.14543553990832e-61,"Progenitors","MCFD2"
6.51489698992206e-66,0.721500251657992,0.83,0.359,2.38451744728137e-61,"Progenitors","DDX39B"
7.00295350886369e-66,0.559740101349495,0.932,0.498,2.5631510137792e-61,"Progenitors","PRDX6"
7.84647016608787e-66,0.939842491011325,0.49,0.152,2.87188654548982e-61,"Progenitors","MRPL1"
9.3221192935449e-66,0.656075130751674,1,0.832,3.41198888263037e-61,"Progenitors","RPL10A"
1.57724803742648e-65,0.914093671983594,0.918,0.456,5.77288554178467e-61,"Progenitors","RBIS"
1.62753539143285e-65,0.979610914194482,0.417,0.119,5.95694228618339e-61,"Progenitors","EBNA1BP2"
1.78624873083917e-65,0.880066209661327,0.59,0.199,6.53784897974443e-61,"Progenitors","ECHS1"
2.02103202954036e-65,1.23116506557696,0.457,0.143,7.39717933132068e-61,"Progenitors","TRPS1"
2.36113054365612e-65,0.644175886903096,0.438,0.126,8.64197390283576e-61,"Progenitors","TP53I13"
2.36822408844492e-65,1.18644105090135,0.312,0.075,8.66793698611724e-61,"Progenitors","LTBP3"
2.37948031010407e-65,0.482966487413188,0.718,0.271,8.70913588301192e-61,"Progenitors","VDAC3"
2.73472877203215e-65,0.713936980901494,0.371,0.099,1.00093807785149e-60,"Progenitors","PEF1"
2.95081417047039e-65,0.977502688087042,0.548,0.181,1.08002749453387e-60,"Progenitors","EIF2AK4"
3.73233677351596e-65,0.554917525153949,0.531,0.175,1.36607258247458e-60,"Progenitors","CERS2"
3.75210662995619e-65,0.837314469276638,0.841,0.362,1.37330854763026e-60,"Progenitors","IGBP1"
5.06439303114472e-65,0.274819564934619,0.417,0.12,1.85361849332928e-60,"Progenitors","PSTPIP2"
5.65205172018541e-65,1.13512529655041,0.282,0.064,2.06870745010506e-60,"Progenitors","ATG10"
6.14972572120095e-65,1.3441608688763,0.252,0.053,2.25086111121676e-60,"Progenitors","SLC41A3"
6.45910448162242e-65,0.797772434327389,0.403,0.115,2.36409683131862e-60,"Progenitors","FES"
8.22519274676842e-65,0.752064141298721,0.366,0.099,3.01050279724471e-60,"Progenitors","IMPA2"
9.3543733312595e-65,0.527421334639213,0.671,0.227,3.42379418297429e-60,"Progenitors","ITM2A"
9.44045594273268e-65,0.716438217257686,0.618,0.216,3.45530127959959e-60,"Progenitors","UBE2L6"
9.68277652585586e-65,1.23885589726731,0.289,0.067,3.5439930362285e-60,"Progenitors","NFKBIL1"
9.95145867187855e-65,0.900896659316441,0.473,0.145,3.64233338849427e-60,"Progenitors","RNF220"
1.1443662534566e-64,1.03276582881518,0.473,0.147,4.1884949242765e-60,"Progenitors","EIF4EBP1"
1.25084981886443e-64,0.878221138349636,0.559,0.187,4.5782354220257e-60,"Progenitors","RALA"
1.3888252009166e-64,0.72387317561783,0.662,0.243,5.08323911787487e-60,"Progenitors","NDUFB6"
1.40225423957933e-64,0.708250569638431,0.282,0.064,5.13239074228432e-60,"Progenitors","ZNF397"
1.55788115220074e-64,0.833431789161399,0.445,0.131,5.70200080516994e-60,"Progenitors","POLR2H"
2.13541055174367e-64,0.852596683076329,0.345,0.089,7.81581616043702e-60,"Progenitors","SLC44A1"
2.26965024825301e-64,0.681811146645995,0.531,0.169,8.30714687363083e-60,"Progenitors","LINC01089"
2.37412277513389e-64,0.974766141296451,0.275,0.062,8.68952676926756e-60,"Progenitors","ZMAT1"
4.0450281392964e-64,0.703920707088428,0.818,0.328,1.48052074926388e-59,"Progenitors","ZNHIT1"
5.7093750168855e-64,0.746995261039688,0.951,0.501,2.08968834993026e-59,"Progenitors","CD63"
6.37214253080396e-64,0.716959203500295,0.529,0.176,2.33226788769956e-59,"Progenitors","AHCYL1"
6.38723140513821e-64,0.878982503819463,0.34,0.088,2.33779056659464e-59,"Progenitors","IMPA1"
7.18783520121095e-64,1.25985591105273,0.31,0.076,2.63081956199522e-59,"Progenitors","ACTL6A"
8.27764056176946e-64,0.36941212481751,0.79,0.323,3.02969922201324e-59,"Progenitors","RALBP1"
9.89472615864558e-64,1.03812731218112,0.387,0.108,3.62156872132587e-59,"Progenitors","APIP"
1.01793322570806e-63,0.845896518595902,0.322,0.081,3.72573739941408e-59,"Progenitors","GALNT7"
1.02421343106239e-63,0.784219085317162,0.366,0.098,3.74872357903146e-59,"Progenitors","AC010642.2"
1.05181487002737e-63,0.627336559530896,0.452,0.137,3.84974760578719e-59,"Progenitors","RCOR3"
1.30759409211191e-63,0.894034993202681,0.746,0.301,4.7859251365388e-59,"Progenitors","ETFB"
1.87122427783652e-63,0.951783144995793,0.413,0.118,6.84886797930944e-59,"Progenitors","RUVBL1"
2.03891329892906e-63,0.790551312024639,0.487,0.151,7.46262656541026e-59,"Progenitors","CZIB"
2.29218050398365e-63,0.592028441950665,0.559,0.186,8.38960986263055e-59,"Progenitors","GOLPH3"
2.37549968857446e-63,0.795092063302728,0.445,0.131,8.69456641015138e-59,"Progenitors","NFU1"
3.57413984691382e-63,1.13900336454513,0.252,0.054,1.30817092536893e-58,"Progenitors","RPUSD4"
3.64096565056769e-63,1.15138397776607,0.364,0.099,1.33262983776428e-58,"Progenitors","MRPL12"
5.65993501470365e-63,0.931229936804553,0.494,0.157,2.07159281473168e-58,"Progenitors","MRPL4"
6.90383132248236e-63,0.863821853707865,0.858,0.393,2.52687130234177e-58,"Progenitors","HADHA"
6.9104598906834e-63,0.915993990632176,0.573,0.201,2.52929742458903e-58,"Progenitors","PQBP1"
7.23530400356811e-63,0.867101725821356,0.872,0.421,2.64819361834596e-58,"Progenitors","MRPS21"
8.15719025098869e-63,0.659834135975376,1,0.861,2.98561320376437e-58,"Progenitors","RPL12"
8.35795117939288e-63,0.509924293696683,0.916,0.424,3.05909371116959e-58,"Progenitors","RTN4"
9.63739788918385e-63,0.700246270456642,0.564,0.191,3.52738400142018e-58,"Progenitors","GTF2F1"
1.18283500211978e-62,0.965518306688201,0.301,0.072,4.3292943912586e-58,"Progenitors","RPP25L"
1.49222293555224e-62,1.13503014641824,0.256,0.056,5.46168516641475e-58,"Progenitors","PRXL2A"
1.53561973094407e-62,0.691348808716957,0.559,0.187,5.62052177722837e-58,"Progenitors","ZSCAN16-AS1"
1.96064619488238e-62,0.91773736289079,0.434,0.13,7.176161137889e-58,"Progenitors","OSGEP"
2.0398155553612e-62,1.10700183047359,0.305,0.075,7.46592891417752e-58,"Progenitors","IFT52"
2.73676864919319e-62,0.626427734313012,0.506,0.161,1.0016846932912e-57,"Progenitors","PTPN11"
2.77842028182061e-62,0.669414971029513,0.529,0.175,1.01692960734916e-57,"Progenitors","SVBP"
2.82278225578652e-62,0.690436771562598,0.401,0.113,1.03316653344042e-57,"Progenitors","DCAF16"
2.84955463296189e-62,0.770547117914568,0.385,0.108,1.04296549121038e-57,"Progenitors","BAD"
3.29175103004571e-62,0.827148127209348,0.392,0.11,1.20481379450703e-57,"Progenitors","CRYZL1"
4.23687668228321e-62,0.691818586446712,0.462,0.14,1.55073923448248e-57,"Progenitors","CCDC90B"
4.35582484960072e-62,0.915146491600339,0.35,0.093,1.59427545320236e-57,"Progenitors","CYTH2"
4.54991753669939e-62,1.31663180895982,0.259,0.058,1.66531531760735e-57,"Progenitors","RXYLT1"
4.63475310969888e-62,0.83889775711898,0.375,0.103,1.69636598568089e-57,"Progenitors","NMRAL1"
5.0977838612417e-62,0.743619565911784,0.664,0.24,1.86583987105307e-57,"Progenitors","TRAPPC6A"
5.72254534386897e-62,0.704216926505437,0.296,0.071,2.09450882130948e-57,"Progenitors","RBM12B"
8.34682292251987e-62,0.94695365544806,0.455,0.14,3.0550206578715e-57,"Progenitors","SAMD1"
1.05708370032668e-61,0.811722363555313,0.949,0.544,3.86903205156567e-57,"Progenitors","ATP5MC3"
1.07816976976309e-61,0.785578746542359,0.58,0.198,3.94620917430988e-57,"Progenitors","NSMCE1"
1.17734453174395e-61,0.931441866172582,0.347,0.092,4.30919872063602e-57,"Progenitors","GPN1"
1.2715407779001e-61,0.473285686041964,0.424,0.131,4.65396640119214e-57,"Progenitors","AC020916.1"
1.49015094339966e-61,0.79702381518478,0.918,0.456,5.45410146793711e-57,"Progenitors","SF3B6"
1.578617341384e-61,1.07857982209794,0.417,0.126,5.77789733119958e-57,"Progenitors","CSNK1E"
1.60286892524991e-61,0.598829958769143,1,0.855,5.86666055330721e-57,"Progenitors","RPL3"
1.70227898266839e-61,1.00192701236617,0.452,0.14,6.23051130446458e-57,"Progenitors","PRKRA"
1.98022433962473e-61,0.736520097458867,0.455,0.141,7.24781910546046e-57,"Progenitors","HSD17B12"
2.24244326109349e-61,0.755856831346759,0.786,0.331,8.20756657992828e-57,"Progenitors","THOC7"
2.50397264913982e-61,1.02642745566413,0.308,0.077,9.16479029311666e-57,"Progenitors","LARP1B"
2.69036237490297e-61,1.21484754748174,0.284,0.068,9.84699532838236e-57,"Progenitors","MAP4K3-DT"
2.9538152221028e-61,1.19347867907389,0.308,0.077,1.08112590944185e-56,"Progenitors","RPF2"
3.12635617839992e-61,0.915915440050135,0.268,0.061,1.14427762485616e-56,"Progenitors","ETFDH"
4.49703454573654e-61,1.186305445563,0.329,0.086,1.64595961408503e-56,"Progenitors","ACSS1"
4.7115438973593e-61,0.869597831354702,0.627,0.227,1.72447218187248e-56,"Progenitors","MGMT"
5.01610497225896e-61,0.693587447978445,0.455,0.139,1.8359445808965e-56,"Progenitors","PSMC2"
5.24371875956783e-61,0.735294395440508,0.564,0.191,1.91925350318942e-56,"Progenitors","NHLRC3"
5.53728116082823e-61,1.04645383151828,0.315,0.081,2.02670027767474e-56,"Progenitors","TRAPPC6B"
5.66799086317124e-61,0.988463306243898,0.443,0.137,2.07454133582931e-56,"Progenitors","TMEM205"
5.87074904664467e-61,0.733960085758907,0.401,0.117,2.14875285856241e-56,"Progenitors","PCNX4"
6.06237435677426e-61,0.66783881511355,0.73,0.293,2.21888963832295e-56,"Progenitors","LYPLA1"
6.97098745562718e-61,1.10509994200235,0.252,0.056,2.5514511186341e-56,"Progenitors","GMDS-DT"
1.10089378045702e-60,0.892847015284064,0.303,0.075,4.02938132585072e-56,"Progenitors","TRAPPC2B"
1.29736654567996e-60,0.867517541139665,0.459,0.143,4.74849129384321e-56,"Progenitors","BMI1"
1.38213151839234e-60,0.698703345494395,0.513,0.169,5.05873957046781e-56,"Progenitors","DNAJC2"
1.61456759538565e-60,0.714835564076862,0.42,0.123,5.90947885587103e-56,"Progenitors","HPF1"
1.6867432186286e-60,1.05472395696886,0.352,0.096,6.17364885450252e-56,"Progenitors","ZNF593"
2.04678062806904e-60,0.798423003941614,0.476,0.15,7.49142177679549e-56,"Progenitors","PAIP1"
2.25308095347611e-60,0.53605710613141,0.431,0.128,8.24650159781792e-56,"Progenitors","RIPK2"
2.29050443495176e-60,0.741743701564775,0.301,0.074,8.38347528236693e-56,"Progenitors","TRNT1"
2.4711402694232e-60,0.750257322663647,0.319,0.083,9.04462050011584e-56,"Progenitors","MBTD1"
2.5527774912768e-60,0.319852563641218,0.641,0.23,9.34342089582221e-56,"Progenitors","CAMTA1"
2.74263924270171e-60,0.853264317655599,0.79,0.332,1.00383338922125e-55,"Progenitors","PRDX2"
3.03410483769215e-60,0.936323038878664,0.366,0.102,1.1105127116437e-55,"Progenitors","DDX49"
3.12710067094602e-60,1.01361995115686,0.48,0.156,1.14455011657295e-55,"Progenitors","HBS1L"
3.28586119211042e-60,0.586341843749647,0.417,0.122,1.20265805492434e-55,"Progenitors","AC025159.1"
3.46881079647155e-60,1.20017176834381,0.298,0.074,1.26961943961655e-55,"Progenitors","WDR18"
4.06630008103485e-60,0.486286084453587,0.431,0.13,1.48830649265957e-55,"Progenitors","DHX40"
4.85549275805593e-60,1.07969945889543,0.301,0.077,1.77715890437605e-55,"Progenitors","HMGCS1"
5.51273740933691e-60,0.747419636312495,0.545,0.184,2.0177170191914e-55,"Progenitors","CSNK2A2"
5.57725546075867e-60,0.741020647829527,0.319,0.082,2.04133127119228e-55,"Progenitors","ANAPC7"
6.73576570713365e-60,2.14071221353549,0.266,0.064,2.46535760646799e-55,"Progenitors","TRIB2"
7.20116042819664e-60,0.86280387650123,0.522,0.174,2.63569672832425e-55,"Progenitors","JAGN1"
8.22223718419946e-60,0.596795350307769,1,0.852,3.00942103178884e-55,"Progenitors","RPL37A"
9.80375184815057e-60,0.78006786046227,0.266,0.062,3.58827121394159e-55,"Progenitors","MZB1"
1.0636498096491e-59,0.408662571011238,0.301,0.075,3.89306466829669e-55,"Progenitors","UBA7"
1.07991187125119e-59,1.24666847432379,0.319,0.084,3.95258543996649e-55,"Progenitors","SCRN1"
1.13957023257233e-59,0.793562247303767,0.308,0.078,4.170941008238e-55,"Progenitors","VPS37A"
1.40797204794068e-59,0.839978440215497,0.27,0.062,5.15331849266769e-55,"Progenitors","ZNF544"
1.4348776037784e-59,0.95656822181305,0.291,0.072,5.25179551758932e-55,"Progenitors","ANKRD36C"
1.51351393498258e-59,0.910064678772287,0.387,0.111,5.53961235342973e-55,"Progenitors","FAM98B"
1.54800013006899e-59,0.969226354894581,0.634,0.24,5.66583527606552e-55,"Progenitors","SNHG3"
1.55571571449519e-59,0.539507217333751,0.441,0.136,5.69407508662383e-55,"Progenitors","GAPT"
2.32905534632876e-59,1.04685695333594,0.331,0.088,8.52457547309791e-55,"Progenitors","TMEM101"
2.51401641220195e-59,0.601149326927467,0.699,0.273,9.20155147030036e-55,"Progenitors","DENR"
2.95779625077991e-59,0.903305557848142,0.559,0.195,1.08258300574795e-54,"Progenitors","MRPL3"
3.08191763522532e-59,0.796682743335823,0.343,0.092,1.12801267366882e-54,"Progenitors","ITGB3BP"
3.2486487489472e-59,0.60831946570169,0.508,0.168,1.18903792860216e-54,"Progenitors","TIA1"
3.26432884447799e-59,0.706141893977833,0.855,0.384,1.19477700036739e-54,"Progenitors","ZRANB2"
3.84683209329431e-59,0.664197939328181,0.552,0.19,1.40797901446665e-54,"Progenitors","DNM1L"
4.04763620776671e-59,1.12481814490411,0.359,0.1,1.48147532840469e-54,"Progenitors","ACAT2"
4.28511106569732e-59,0.675974441090011,0.359,0.098,1.56839350115588e-54,"Progenitors","CDCA7L"
5.01928255464972e-59,0.770470838738257,0.263,0.06,1.83710760782734e-54,"Progenitors","C11orf68"
5.24101334996551e-59,0.830562090830234,0.352,0.098,1.91826329622088e-54,"Progenitors","RABGAP1"
6.6454831380917e-59,0.494080899666387,0.289,0.071,2.43231328337294e-54,"Progenitors","TPT1-AS1"
7.57163315308271e-59,0.604269332974233,0.319,0.082,2.7712934503598e-54,"Progenitors","GABPB1"
9.55056929993445e-59,0.784681181733416,0.531,0.18,3.49560386946901e-54,"Progenitors","ODF2L"
1.08945188974282e-58,0.819314829563613,0.86,0.415,3.98750286164769e-54,"Progenitors","SSB"
1.10442849207124e-58,0.8194171016352,0.508,0.17,4.04231872382994e-54,"Progenitors","LYSMD2"
1.10712653959639e-58,0.872783192198736,0.69,0.273,4.05219384757676e-54,"Progenitors","LARS"
1.1849461218451e-58,0.822804100073152,0.62,0.226,4.33702130056526e-54,"Progenitors","NUDCD2"
1.50456527264715e-58,0.691931006832414,0.331,0.089,5.50685935441584e-54,"Progenitors","CNOT10"
1.77869891989524e-58,0.809243601279772,0.795,0.376,6.51021591670857e-54,"Progenitors","HIST1H1C"
1.85344887211994e-58,0.861265675780367,0.347,0.094,6.78380821684618e-54,"Progenitors","EIF4EBP3"
1.98586397642643e-58,0.727910440724715,0.42,0.126,7.26846074011837e-54,"Progenitors","ELP5"
2.00018406566335e-58,1.00214245069522,0.368,0.105,7.32087369873444e-54,"Progenitors","RPP30"
2.06033521685252e-58,0.871014482955722,0.263,0.062,7.54103292720191e-54,"Progenitors","RPS6KC1"
2.1547012632049e-58,0.598002331054295,0.51,0.171,7.88642209345625e-54,"Progenitors","EPM2AIP1"
2.23926288341539e-58,0.548703258748077,0.252,0.057,8.19592607958868e-54,"Progenitors","HNRNPLL"
2.36859266995591e-58,0.756050435892986,0.634,0.233,8.66928603130562e-54,"Progenitors","MRPL21"
2.37486116717568e-58,0.842633406001123,0.846,0.434,8.69222935797972e-54,"Progenitors","HIST1H1E"
2.52561676065206e-58,0.896886838460131,0.389,0.113,9.24400990566261e-54,"Progenitors","TYW3"
2.57757061767751e-58,0.998074490044396,0.291,0.073,9.43416621776145e-54,"Progenitors","NHLRC2"
2.7094913627541e-58,0.845180128455006,0.492,0.17,9.9170093368163e-54,"Progenitors","WDFY2"
2.89410892462245e-58,0.632575789879349,0.513,0.168,1.05927280750106e-53,"Progenitors","MRPS31"
3.41894321460939e-58,0.714453147865256,0.282,0.068,1.25136740597918e-53,"Progenitors","MFAP1"
4.2687481284117e-58,0.915629296972329,0.294,0.072,1.56240450247997e-53,"Progenitors","RPARP-AS1"
4.27454344271699e-58,0.639624302292857,0.308,0.08,1.56452564546885e-53,"Progenitors","KLHL6"
5.06164352383607e-58,0.598636937005907,0.755,0.302,1.85261214615924e-53,"Progenitors","CPNE1"
5.10029176700675e-58,0.77543439916155,0.485,0.159,1.86675778964214e-53,"Progenitors","FAM136A"
5.49463157824105e-58,0.738221381345302,0.59,0.213,2.01109010395201e-53,"Progenitors","MRPS36"
6.46005106138369e-58,0.716800658288361,0.263,0.061,2.36444328897704e-53,"Progenitors","RNF8"
6.77047797873093e-58,0.685458711124124,0.378,0.109,2.47806264499531e-53,"Progenitors","ARMCX6"
7.51837324637854e-58,0.489430880208386,0.361,0.1,2.75179979190701e-53,"Progenitors","PFKP"
8.60642844120756e-58,0.562175432304534,0.385,0.113,3.15003887376638e-53,"Progenitors","SMAD5"
9.40805866909921e-58,0.804129758708975,0.296,0.074,3.443443553477e-53,"Progenitors","ABCD4"
9.43839989349255e-58,0.637451303234971,0.611,0.227,3.45454874501721e-53,"Progenitors","HDGF"
1.12838467805614e-57,0.914714682846363,0.298,0.075,4.13000076015329e-53,"Progenitors","PIGF"
1.15950910662492e-57,0.929421426911015,0.389,0.114,4.24391928115785e-53,"Progenitors","PMVK"
1.34194031900902e-57,0.763281139131317,0.848,0.387,4.91163576160493e-53,"Progenitors","SMARCE1"
1.39951763155289e-57,0.670623775177693,0.296,0.075,5.12237448324672e-53,"Progenitors","ZNF254"
1.44285626469129e-57,0.917415878554878,0.413,0.126,5.28099821439659e-53,"Progenitors","URM1"
1.47738115852721e-57,0.702054451366279,0.403,0.12,5.40736277832544e-53,"Progenitors","FOPNL"
1.665189027844e-57,1.35220640717183,0.352,0.102,6.09475836081182e-53,"Progenitors","CYP51A1"
1.8762945683323e-57,0.595088922866693,1,0.866,6.86742574955304e-53,"Progenitors","RPS18"
1.94992211782039e-57,0.705590934179246,0.522,0.174,7.13690994343441e-53,"Progenitors","DHPS"
2.06647086256107e-57,0.74296474259798,0.501,0.164,7.56349000405978e-53,"Progenitors","SNHG1"
2.5187847109026e-57,0.683888621055106,0.709,0.278,9.2190039203746e-53,"Progenitors","NDUFA10"
2.70461713476927e-57,0.652948625916629,0.653,0.247,9.899169174969e-53,"Progenitors","PMPCB"
2.78370826640803e-57,0.816821841539738,0.508,0.172,1.018865062588e-52,"Progenitors","RCC2"
2.89123992144597e-57,0.500797679937069,0.375,0.108,1.05822272364844e-52,"Progenitors","STARD3NL"
4.78224643244593e-57,0.831679347115488,0.627,0.242,1.75035001673954e-52,"Progenitors","HSPB1"
4.89477032247787e-57,0.635318169628514,0.462,0.146,1.79153488573012e-52,"Progenitors","EBP"
5.38922551462284e-57,0.73291476211626,0.529,0.182,1.97251043060711e-52,"Progenitors","CHCHD1"
7.00948727798828e-57,0.956087537005645,0.385,0.113,2.56554243861649e-52,"Progenitors","EIF2D"
7.22443625902275e-57,0.693607251112187,0.359,0.099,2.64421591516492e-52,"Progenitors","TMEM263"
7.84935794293618e-57,0.655931858986169,0.443,0.144,2.87294350069407e-52,"Progenitors","CEP170"
8.14171486802002e-57,0.842795298053884,0.42,0.129,2.97994905884401e-52,"Progenitors","SAMM50"
8.1866216592366e-57,0.603082676680804,0.576,0.215,2.99638539349719e-52,"Progenitors","ITPR1"
9.72472415943495e-57,0.671023865843445,0.683,0.26,3.55934628959479e-52,"Progenitors","SPAG7"
1.01344305203925e-56,0.987668256062072,0.343,0.096,3.70930291476886e-52,"Progenitors","GART"
1.03141391403227e-56,0.258896815211116,0.487,0.158,3.7750780667495e-52,"Progenitors","BSDC1"
1.21068316363389e-56,0.709123947888072,0.671,0.26,4.4312214472164e-52,"Progenitors","UPF3A"
1.46152034423451e-56,0.836359790330834,0.848,0.416,5.34931061193274e-52,"Progenitors","FBL"
1.60630264499273e-56,0.729151557710418,0.96,0.563,5.87922831093791e-52,"Progenitors","RSL24D1"
1.64314348449834e-56,0.385342257725995,0.573,0.199,6.01406946761238e-52,"Progenitors","SPTLC2"
1.6721026280514e-56,0.804696285975802,0.28,0.069,6.12006282893092e-52,"Progenitors","FAM3A"
1.69949367743255e-56,0.815880250104474,0.527,0.182,6.22031680877086e-52,"Progenitors","COA4"
2.10025076270996e-56,1.43977511922146,0.315,0.087,7.68712781659473e-52,"Progenitors","FLT3"
2.13473269976654e-56,0.561173115563756,0.438,0.137,7.8133351544155e-52,"Progenitors","DLD"
2.31571159592711e-56,0.494395269430693,0.599,0.217,8.47573601225281e-52,"Progenitors","NUTF2"
2.36777547021778e-56,0.60176191621424,0.322,0.086,8.66629499854409e-52,"Progenitors","PGPEP1"
2.48405493588757e-56,0.773997148471196,0.681,0.269,9.09188947084209e-52,"Progenitors","TXN2"
2.68027303722437e-56,0.674411373898008,0.825,0.361,9.81006734354492e-52,"Progenitors","RBBP4"
3.16993786608425e-56,0.65343281390727,0.408,0.123,1.1602289583655e-51,"Progenitors","COPS4"
4.39860516403314e-56,0.762409243435867,0.902,0.447,1.60993347608777e-51,"Progenitors","CUTA"
4.44281465574725e-56,0.50746118366317,0.569,0.201,1.62611459215005e-51,"Progenitors","MTF2"
4.52378801852714e-56,0.630021673733302,0.529,0.181,1.65575165266112e-51,"Progenitors","NUDT21"
4.88930420025917e-56,0.678515057574314,0.695,0.274,1.78953423033686e-51,"Progenitors","DARS"
4.97049133059058e-56,0.795584820390911,0.291,0.074,1.81924953190946e-51,"Progenitors","SIAH1"
5.05702437363995e-56,0.675981492760157,0.886,0.401,1.85092149099596e-51,"Progenitors","GDI2"
5.07026375281449e-56,0.540857122883649,0.653,0.254,1.85576723616763e-51,"Progenitors","MED28"
5.70890021865895e-56,0.668535300657428,0.469,0.151,2.08951456903136e-51,"Progenitors","NKAPD1"
6.13472402032873e-56,0.778407356130935,0.476,0.157,2.24537033868052e-51,"Progenitors","MRPL22"
9.01840740453469e-56,0.845907099838983,0.725,0.307,3.30082729413374e-51,"Progenitors","MRPL52"
1.07794224257585e-55,1.19534316063444,0.406,0.13,3.94537640205185e-51,"Progenitors","TENT5A"
1.13495464974483e-55,0.534270211735557,0.531,0.181,4.15404751353106e-51,"Progenitors","NELFE"
1.31633288838458e-55,0.780600495991689,0.469,0.155,4.8179100047764e-51,"Progenitors","PIH1D1"
1.46401119649794e-55,0.572154798184678,0.424,0.129,5.35842738030209e-51,"Progenitors","MRPL10"
1.47714150654552e-55,0.713092470899443,0.452,0.147,5.40648562810727e-51,"Progenitors","SMARCA4"
1.47868029885897e-55,0.353267195242709,0.634,0.245,5.4121177618537e-51,"Progenitors","GOLGB1"
1.75101642888799e-55,0.674447346004512,0.41,0.127,6.40889523137291e-51,"Progenitors","USO1"
1.75729884496325e-55,0.946243445230389,0.408,0.126,6.43188950245001e-51,"Progenitors","KDSR"
1.80145437536403e-55,0.792220366591869,0.413,0.127,6.5935031592699e-51,"Progenitors","DCUN1D5"
2.14048589502453e-55,0.659629039885371,0.434,0.136,7.83439242437927e-51,"Progenitors","CBX1"
2.30198571504805e-55,1.02454017192684,0.329,0.091,8.42549791564735e-51,"Progenitors","GPATCH2"
2.73379756577452e-55,0.620808920313274,0.45,0.142,1.00059724704913e-50,"Progenitors","COIL"
2.98523132879944e-55,0.787272044059568,0.918,0.486,1.09262451865388e-50,"Progenitors","POLR1D"
3.13827189577098e-55,0.934445621363468,0.375,0.112,1.14863889657114e-50,"Progenitors","MPHOSPH9"
3.3972040772827e-55,1.57003977487414,0.401,0.133,1.24341066432624e-50,"Progenitors","RUNX2"
3.97347052469709e-55,0.499253343148571,0.413,0.126,1.45432994674438e-50,"Progenitors","BCL7A"
4.04336337043478e-55,0.761980737069307,0.308,0.081,1.47991142721283e-50,"Progenitors","LINC02256"
4.33947614894665e-55,0.704295264223041,0.583,0.211,1.58829166527596e-50,"Progenitors","SMARCB1"
4.71553303539032e-55,0.53161112841378,0.462,0.146,1.72593224628321e-50,"Progenitors","CUTC"
4.98533670158385e-55,0.655475808318666,0.655,0.256,1.8246830861467e-50,"Progenitors","EIF3J"
5.12627640743885e-55,0.738097869198835,0.536,0.186,1.87626842788669e-50,"Progenitors","MRPL9"
5.17073246976329e-55,0.510725811256456,0.599,0.224,1.89253979125806e-50,"Progenitors","PHKB"
6.57368228881959e-55,0.98591461741407,0.252,0.059,2.40603345453086e-50,"Progenitors","ELAC2"
6.70599920519136e-55,0.574403077931616,0.685,0.273,2.45446276909209e-50,"Progenitors","STT3B"
6.81047618669855e-55,0.593677480022403,0.611,0.228,2.49270238909354e-50,"Progenitors","SLC25A36"
6.85016739990116e-55,0.526267061095356,0.462,0.151,2.50722977003782e-50,"Progenitors","HSD17B4"
8.35079261468405e-55,1.02631306179692,0.329,0.091,3.05647360490051e-50,"Progenitors","DMAC2"
8.80989579526711e-55,0.504469009818845,0.485,0.162,3.22450996002571e-50,"Progenitors","OSBPL9"
1.05489876699098e-54,0.889163002437132,0.296,0.078,3.8610349770637e-50,"Progenitors","SETDB1"
1.12443613166314e-54,0.720189800924915,0.364,0.106,4.11554868550026e-50,"Progenitors","STAMBP"
1.18043544631757e-54,0.648496447126678,0.874,0.384,4.32051177706693e-50,"Progenitors","PGLS"
1.18556832052075e-54,1.00720343715284,0.28,0.071,4.33929860993801e-50,"Progenitors","CEP290"
1.1930818325564e-54,0.761272511292743,0.473,0.154,4.36679881533967e-50,"Progenitors","EXOSC8"
1.32556424972958e-54,1.02169198274949,0.308,0.083,4.85169771043525e-50,"Progenitors","MVB12A"
1.33641727574329e-54,0.881929218486065,0.725,0.312,4.89142087094801e-50,"Progenitors","NHP2"
1.46023424473572e-54,0.946432519715166,0.343,0.097,5.34460335915722e-50,"Progenitors","MRPS14"
1.7358840238832e-54,0.469344365168283,0.583,0.21,6.35350911581488e-50,"Progenitors","CHMP5"
1.84210328747954e-54,0.305508423616493,0.583,0.213,6.74228224250386e-50,"Progenitors","STXBP3"
2.01705987862571e-54,1.06800764515021,0.296,0.078,7.38264086175796e-50,"Progenitors","BTBD2"
2.0201753402092e-54,0.567420369329503,0.28,0.07,7.3940437626997e-50,"Progenitors","EIF2B2"
2.04501699949732e-54,0.676495571929819,0.375,0.111,7.48496671986013e-50,"Progenitors","HEATR5B"
2.14252017766956e-54,0.553691284691616,0.55,0.191,7.84183810228837e-50,"Progenitors","HSPB11"
2.62176483389834e-54,0.577183710276786,0.578,0.209,9.59592146855131e-50,"Progenitors","ESYT2"
2.67843079443548e-54,0.531483234593454,0.674,0.259,9.80332455071329e-50,"Progenitors","UBE2M"
2.93898213329797e-54,0.695736723329986,0.932,0.514,1.07569685060839e-49,"Progenitors","VAMP8"
3.08393460051495e-54,0.712620181117884,0.464,0.153,1.12875090313448e-49,"Progenitors","AK2"
3.29654476361177e-54,0.80879216511592,0.296,0.076,1.20656834892954e-49,"Progenitors","SLC25A38"
3.95315678947266e-54,0.77480391591935,0.305,0.081,1.44689491651489e-49,"Progenitors","ARL3"
4.04589708750339e-54,0.528452514980442,0.571,0.205,1.48083879299712e-49,"Progenitors","TM2D1"
4.85300025925425e-54,0.561162045812117,0.711,0.301,1.77624662488965e-49,"Progenitors","SMARCA2"
5.31574383888529e-54,0.628736151989233,0.522,0.182,1.9456154024704e-49,"Progenitors","SEPHS2"
5.42654547626304e-54,0.524946884546395,0.455,0.15,1.98616990976704e-49,"Progenitors","COPB2"
5.55894011956188e-54,0.722905679580072,0.543,0.193,2.03462767316085e-49,"Progenitors","TTC37"
5.91599296398286e-54,0.601944385745883,0.657,0.252,2.16531258474737e-49,"Progenitors","MFF"
5.97569088194019e-54,0.644216811298172,0.333,0.093,2.18716261969893e-49,"Progenitors","PRCC"
6.48959672144215e-54,0.481767773986053,1,0.905,2.37525729601504e-49,"Progenitors","PTMA"
6.5841796576869e-54,0.617578656873801,0.38,0.113,2.40987559650998e-49,"Progenitors","PRPSAP1"
7.50465569758258e-54,0.884651084409821,0.359,0.105,2.7467790318722e-49,"Progenitors","FLYWCH2"
7.55482636231913e-54,0.882519883561551,0.273,0.067,2.76514199687242e-49,"Progenitors","MAGEH1"
7.66637613582481e-54,0.550445278817429,0.585,0.218,2.80597032947324e-49,"Progenitors","CNTRL"
7.85415717298306e-54,0.880747622841121,0.345,0.1,2.87470006688353e-49,"Progenitors","TERF2"
8.27652391990655e-54,0.9160316062494,0.401,0.126,3.029290519925e-49,"Progenitors","NANS"
8.78051180059788e-54,0.615881097386584,0.685,0.267,3.21375512413683e-49,"Progenitors","ILF3"
9.60589377770731e-54,0.7240288710091,0.382,0.117,3.51585318157865e-49,"Progenitors","MTX1"
9.74507883904236e-54,0.604876704634211,0.48,0.163,3.56679630587789e-49,"Progenitors","ANKRD17"
1.46223214818615e-53,0.676295109092734,0.991,0.719,5.35191588557612e-49,"Progenitors","SET"
1.50414867851364e-53,0.740973788076098,0.853,0.393,5.50533457822777e-49,"Progenitors","EIF3I"
1.53300654766404e-53,0.835094314111381,0.86,0.452,5.61095726510517e-49,"Progenitors","RSL1D1"
1.61281941414523e-53,0.927289429695618,0.319,0.088,5.90308033771297e-49,"Progenitors","RIOK1"
1.71724349809505e-53,0.834392410001233,0.343,0.097,6.2852829273777e-49,"Progenitors","ZDHHC4"
1.72313390380639e-53,0.677535204511219,0.319,0.088,6.30684240132178e-49,"Progenitors","VGLL4"
2.49521200891257e-53,1.26473359078761,0.263,0.066,9.13272547382091e-49,"Progenitors","CTNND1"
2.55079644842335e-53,0.555572932663141,0.576,0.214,9.33617008087429e-49,"Progenitors","MAPRE2"
2.72794015298426e-53,0.297508040036366,0.524,0.187,9.98453375393768e-49,"Progenitors","PPP3R1"
3.48115874462937e-53,0.567158638950246,0.699,0.278,1.27413891212179e-48,"Progenitors","PSMC1"
3.56801387409085e-53,0.618293954718787,0.497,0.167,1.30592875805599e-48,"Progenitors","REXO2"
3.82808529251225e-53,0.673188387675387,0.427,0.137,1.40111749791241e-48,"Progenitors","C2orf68"
3.86629956345113e-53,0.741687810316832,0.256,0.062,1.41510430321875e-48,"Progenitors","RFC2"
4.02860885500331e-53,0.494619150428858,0.671,0.271,1.47451112701976e-48,"Progenitors","SLC38A2"
4.29741713260351e-53,0.661401528696,0.501,0.173,1.57289764470421e-48,"Progenitors","ZNF277"
4.55961585826805e-53,0.573522613926465,1,0.823,1.66886500028469e-48,"Progenitors","RPL31"
4.56209955670421e-53,0.59216245811372,0.27,0.067,1.66977405874931e-48,"Progenitors","CASP10"
4.6886378981938e-53,0.68153273800755,0.986,0.686,1.71608835711791e-48,"Progenitors","EIF3F"
4.8453898293724e-53,0.85535154993854,0.254,0.061,1.77346113144859e-48,"Progenitors","SFR1"
5.45061040263317e-53,0.753991384933376,0.373,0.112,1.99497791346777e-48,"Progenitors","FAM207A"
5.58392662973899e-53,0.909666433913214,0.296,0.078,2.04377298575077e-48,"Progenitors","ERI3"
5.65187530207697e-53,0.692801972801857,0.816,0.359,2.06864287931319e-48,"Progenitors","PYURF"
5.95183905127895e-53,0.392026631180826,0.979,0.69,2.17843261115861e-48,"Progenitors","TAGLN2"
7.25555633196844e-53,0.30756728037299,0.49,0.165,2.65560617306377e-48,"Progenitors","CYB5R3"
8.4738050827725e-53,0.738108277712426,0.382,0.117,3.10149739834556e-48,"Progenitors","UTP6"
8.69903245383707e-53,0.633948946299163,0.42,0.132,3.18393286842891e-48,"Progenitors","TTC32"
8.8839662599359e-53,0.64535547317481,0.995,0.74,3.25162049079914e-48,"Progenitors","HSP90AA1"
9.7584577527239e-53,0.448190602766655,0.753,0.319,3.57169312207447e-48,"Progenitors","ATF4"
9.89984642555191e-53,0.703390506080765,0.476,0.16,3.62344279021625e-48,"Progenitors","GMPS"
1.30109441340789e-52,0.719565375006048,0.783,0.339,4.76213566251422e-48,"Progenitors","METAP2"
1.30959538037476e-52,0.824199429598803,0.371,0.113,4.79325005170964e-48,"Progenitors","AGPAT2"
1.33455205417859e-52,0.776885103817041,0.818,0.379,4.88459397349906e-48,"Progenitors","CCT3"
1.34230590487436e-52,0.503373685422237,0.413,0.13,4.91297384243063e-48,"Progenitors","HPS4"
1.43306886765127e-52,0.542865611198143,0.427,0.138,5.24517536249042e-48,"Progenitors","MRE11"
2.16997240478863e-52,0.781076715632617,0.345,0.1,7.94231599876685e-48,"Progenitors","COQ4"
2.19974377898284e-52,0.633799639084241,0.317,0.088,8.0512822054551e-48,"Progenitors","RUFY2"
2.33750148378016e-52,0.718028869791502,0.545,0.197,8.55548918078376e-48,"Progenitors","NDUFV1"
2.42624291073879e-52,0.695904228139303,0.821,0.362,8.88029167759506e-48,"Progenitors","SRP72"
2.46727293727092e-52,0.670210351060936,0.545,0.195,9.0304656777053e-48,"Progenitors","PWP1"
2.79429282123905e-52,0.729786848185221,0.441,0.144,1.02273911550171e-47,"Progenitors","CHCHD3"
2.81757540987133e-52,0.792598015639449,0.841,0.407,1.03126077576701e-47,"Progenitors","BST2"
2.89875810986284e-52,0.989040999860062,0.268,0.068,1.0609744557909e-47,"Progenitors","TGIF2"
3.00228167000859e-52,0.640349355300905,0.853,0.399,1.09886511403985e-47,"Progenitors","JPX"
3.0752780919417e-52,0.656700173263227,0.746,0.318,1.12558253443158e-47,"Progenitors","CNOT7"
3.27320466220969e-52,0.51995917022278,0.448,0.145,1.19802563841537e-47,"Progenitors","CLN5"
3.40939123622837e-52,0.992210189520755,0.345,0.106,1.24787128637195e-47,"Progenitors","MOB1B"
3.87676704390424e-52,0.817832311734784,0.569,0.213,1.41893550573939e-47,"Progenitors","NUDT1"
3.92245588321275e-52,0.707061881613901,0.907,0.462,1.4356580778147e-47,"Progenitors","NDUFB4"
4.03439970816387e-52,0.792056125592498,0.424,0.138,1.47663063718506e-47,"Progenitors","RNF187"
4.09600798533132e-52,0.634255675201981,0.711,0.286,1.49917988271112e-47,"Progenitors","SSBP4"
4.19575951266719e-52,0.579606235823726,0.828,0.374,1.53568993923132e-47,"Progenitors","ENSA"
4.29741642838449e-52,0.730088800579186,0.991,0.801,1.57289738695301e-47,"Progenitors","JUND"
4.67377855008958e-52,0.343205028312726,0.667,0.263,1.71064968711829e-47,"Progenitors","VCP"
4.76672410150368e-52,0.455796729963469,0.669,0.258,1.74466868839136e-47,"Progenitors","COPB1"
5.21662272528375e-52,0.685002672389204,0.427,0.137,1.90933608368111e-47,"Progenitors","COA3"
5.70840822960422e-52,0.624315827925052,0.974,0.629,2.08933449611744e-47,"Progenitors","SRSF3"
5.84125716306165e-52,0.707233638520227,0.825,0.37,2.13795853425219e-47,"Progenitors","LSM5"
6.49142228961241e-52,0.648738430849272,0.984,0.676,2.37592547222104e-47,"Progenitors","EIF4A1"
6.63357121172433e-52,0.621039751357517,0.641,0.243,2.42795339920322e-47,"Progenitors","ZNHIT3"
8.27836373195955e-52,0.717916804239012,0.429,0.138,3.02996390953452e-47,"Progenitors","MRPS22"
8.60189367783349e-52,0.325727574969524,0.625,0.241,3.14837910502384e-47,"Progenitors","MARCH6"
8.86256135430692e-52,0.721484306037314,0.378,0.114,3.24378608128988e-47,"Progenitors","TARSL2"
8.95380536595243e-52,0.58355601044874,1,0.83,3.27718230199225e-47,"Progenitors","RPS5"
8.97971599843839e-52,0.494079676688843,0.566,0.205,3.28666585258844e-47,"Progenitors","SMIM10L1"
1.02778355735015e-51,0.572102098225983,0.478,0.161,3.76179059825728e-47,"Progenitors","SMARCD1"
1.07511911751142e-51,0.649220208036795,0.879,0.448,3.93504348200355e-47,"Progenitors","CBX3"
1.10093634517869e-51,0.623777803260516,0.881,0.447,4.02953711698854e-47,"Progenitors","TUBA1B"
1.12619968584589e-51,0.703022252313342,0.368,0.112,4.12200347016455e-47,"Progenitors","CALU"
1.30052686180618e-51,0.621720730307001,0.818,0.363,4.76005836689678e-47,"Progenitors","PSMA4"
1.68532715378071e-51,0.417226269614493,0.51,0.178,6.16846591555279e-47,"Progenitors","ARFGAP2"
2.12535153593376e-51,0.480001286219273,0.263,0.066,7.77899915667115e-47,"Progenitors","CDADC1"
2.37235155744788e-51,0.593753809940259,0.627,0.242,8.68304393541499e-47,"Progenitors","SUGT1"
3.06599043682127e-51,0.774317424502182,0.487,0.171,1.12218315978095e-46,"Progenitors","ZNF280D"
3.27076102356538e-51,0.810031714673501,0.382,0.117,1.19713124223516e-46,"Progenitors","TRAF5"
3.39798124371886e-51,0.742444137140392,0.424,0.137,1.24369511501354e-46,"Progenitors","SRFBP1"
3.65080562657107e-51,0.696601561323035,0.403,0.127,1.33623136738128e-46,"Progenitors","NOL11"
3.85003998991363e-51,0.826877843400048,0.319,0.091,1.40915313670829e-46,"Progenitors","UTP11"
4.13624400400375e-51,0.753655946842288,0.571,0.211,1.51390666790541e-46,"Progenitors","HSD17B10"
4.47022608411891e-51,0.825149943403424,0.308,0.084,1.63614744904836e-46,"Progenitors","PAXIP1-AS1"
4.51814542583445e-51,0.818029571391638,0.34,0.099,1.65368640730967e-46,"Progenitors","FRA10AC1"
4.70520302727043e-51,1.07571836557882,0.254,0.064,1.72215136001125e-46,"Progenitors","MGME1"
5.98509469094027e-51,0.71782304032715,0.76,0.323,2.19060450783105e-46,"Progenitors","VDAC1"
6.07958864223446e-51,0.856299955257479,0.38,0.118,2.22519023894424e-46,"Progenitors","SHMT2"
6.11157133708587e-51,0.746265966597308,0.254,0.064,2.2368962250868e-46,"Progenitors","RFX7"
6.15274722516561e-51,0.495573050414938,0.431,0.14,2.25196701188287e-46,"Progenitors","MRPL28"
6.27447249639216e-51,0.96441726834661,0.319,0.092,2.2965196784045e-46,"Progenitors","FBXO22"
6.36352068858059e-51,0.641391153587677,0.858,0.408,2.32911220722738e-46,"Progenitors","MAP2K2"
6.87382678452076e-51,0.431498245542225,0.706,0.282,2.51588934140244e-46,"Progenitors","VPS35"
7.39361450082553e-51,0.794682104084286,0.35,0.104,2.70613684344715e-46,"Progenitors","MPV17"
7.65135654266517e-51,0.975821710694088,0.287,0.078,2.80047300818088e-46,"Progenitors","TRIM5"
9.52616441365869e-51,0.930010607383738,0.403,0.131,3.48667143704322e-46,"Progenitors","MTCH2"
1.02338318864104e-50,0.715461947281962,0.818,0.371,3.74568480874508e-46,"Progenitors","ABRACL"
1.06212148287157e-50,0.675550849024195,0.408,0.132,3.88747083945822e-46,"Progenitors","MLLT10"
1.08750141702915e-50,0.505839402364584,0.748,0.324,3.98036393646839e-46,"Progenitors","ANXA7"
1.1484145893054e-50,0.707695558655153,0.284,0.075,4.2033122383167e-46,"Progenitors","NOL4L"
1.16593687488105e-50,0.608138507962701,0.953,0.536,4.26744555575215e-46,"Progenitors","SRSF9"
1.17064142701505e-50,0.599919306125246,0.711,0.29,4.28466468701777e-46,"Progenitors","GTF3C6"
1.25590471488853e-50,0.690596040598425,0.587,0.224,4.59673684696351e-46,"Progenitors","SUCLG1"
1.37460385766681e-50,0.603946679182305,0.706,0.294,5.03118757944628e-46,"Progenitors","SMC3"
1.44104418401734e-50,0.286996931047179,0.655,0.267,5.27436581792187e-46,"Progenitors","EIF2AK1"
1.52487893692193e-50,0.731210857086064,0.41,0.133,5.58120939702794e-46,"Progenitors","CERS6"
2.21257437673861e-50,0.765103419161176,0.345,0.102,8.09824347630097e-46,"Progenitors","R3HCC1"
2.31487157630212e-50,0.79637929512231,0.326,0.094,8.4726614564234e-46,"Progenitors","DFFA"
2.52304107584682e-50,0.757961913603937,0.366,0.111,9.23458264170695e-46,"Progenitors","PAM16"
2.99335594602322e-50,0.517328163367137,0.336,0.097,1.09559820980396e-45,"Progenitors","KRIT1"
3.04775977749505e-50,0.573422713608037,0.399,0.126,1.11551055616096e-45,"Progenitors","SNHG30"
3.38366886205712e-50,0.629379887475449,0.786,0.339,1.23845664020153e-45,"Progenitors","RPN2"
3.42582083621504e-50,0.422872993973837,0.555,0.203,1.25388468426307e-45,"Progenitors","RBM22"
3.62984651843313e-50,0.622862829540255,0.324,0.093,1.32856012421171e-45,"Progenitors","RBM14"
4.29930140209054e-50,0.597122034106727,0.62,0.254,1.57358730617916e-45,"Progenitors","CALCOCO2"
4.37760697410506e-50,0.79016372879509,0.448,0.151,1.60224792859219e-45,"Progenitors","PTPMT1"
4.59653286622963e-50,0.534654560362236,0.392,0.123,1.68237699436871e-45,"Progenitors","ZNF580"
4.5968561678848e-50,0.502965466507663,0.543,0.192,1.68249532600752e-45,"Progenitors","NAE1"
4.90439053589715e-50,0.624169764886724,0.263,0.067,1.79505598004372e-45,"Progenitors","ASB3"
5.00007495872522e-50,0.718481132999639,0.476,0.164,1.83007743564302e-45,"Progenitors","RTCB"
5.12372999233007e-50,0.917592124674427,0.315,0.09,1.87533641449273e-45,"Progenitors","EHMT2"
6.12620034396983e-50,0.794028186231035,0.315,0.089,2.2422505878964e-45,"Progenitors","CMSS1"
6.30300164293339e-50,0.469675821499515,0.597,0.223,2.30696163133005e-45,"Progenitors","COPS5"
6.65114779876379e-50,0.60275732230277,0.732,0.32,2.43438660582553e-45,"Progenitors","GLS"
6.77912577004163e-50,0.39356616225934,0.51,0.191,2.48122782309294e-45,"Progenitors","ITPR2"
7.83842556528494e-50,0.661543629315726,0.389,0.123,2.86894214114994e-45,"Progenitors","STIP1"
8.47513879311135e-50,0.776909354010888,0.452,0.154,3.10198554966669e-45,"Progenitors","MRPL19"
1.09374460452774e-49,0.63816401427398,0.457,0.158,4.00321462703197e-45,"Progenitors","ARMC8"
1.09434740998986e-49,0.847601896546588,0.364,0.112,4.00542095530388e-45,"Progenitors","RPAP2"
1.14574557565163e-49,0.664122802376116,0.865,0.426,4.19354338144255e-45,"Progenitors","PSMA6"
1.17138982663828e-49,0.320490712539133,0.497,0.172,4.28740390447877e-45,"Progenitors","SDF2"
1.37389722514498e-49,0.574184100816275,0.995,0.832,5.02860123375314e-45,"Progenitors","RPL36A"
1.40377385882193e-49,0.745024836448117,0.429,0.144,5.13795270067414e-45,"Progenitors","NOL8"
1.43416250685652e-49,1.04426440156944,0.28,0.076,5.24917819134553e-45,"Progenitors","UTP14A"
1.54522870639328e-49,0.550816810631779,0.646,0.254,5.65569158827004e-45,"Progenitors","RBBP7"
1.59357073455857e-49,0.719459891450213,0.438,0.149,5.83262824555784e-45,"Progenitors","CLPX"
1.80317741897121e-49,0.780541523093015,0.403,0.13,6.59980967117653e-45,"Progenitors","MRPS25"
1.93984812672505e-49,0.890538313405567,0.338,0.101,7.10003812862634e-45,"Progenitors","IARS"
2.07638054650544e-49,0.610458481708108,0.455,0.154,7.59976043826457e-45,"Progenitors","PLGRKT"
2.10422453207876e-49,0.894071696553175,0.254,0.065,7.70167220986147e-45,"Progenitors","H2AFX"
2.20587581804496e-49,0.56683812048008,0.294,0.08,8.07372608162635e-45,"Progenitors","CYREN"
2.23337279021386e-49,0.414903203100514,0.448,0.151,8.17436774946175e-45,"Progenitors","EAF2"
2.25670192887233e-49,0.41307976093808,0.674,0.267,8.25975472986562e-45,"Progenitors","ARPP19"
2.26118831914988e-49,1.07485301462683,0.869,0.523,8.27617536692047e-45,"Progenitors","ANXA1"
2.27290705469029e-49,0.622686994460806,0.65,0.254,8.31906711087193e-45,"Progenitors","EIF6"
2.29013276195261e-49,0.662496014091196,0.401,0.128,8.38211492202274e-45,"Progenitors","RWDD4"
2.40444682820895e-49,0.342478331934966,0.503,0.176,8.80051583592759e-45,"Progenitors","EIF4E"
2.51723447279403e-49,0.66356406595997,0.89,0.465,9.21332989387342e-45,"Progenitors","DAD1"
2.61320896070945e-49,0.973256043751985,0.284,0.077,9.56460611709266e-45,"Progenitors","GSPT2"
2.62166611723641e-49,0.520189949509265,0.457,0.155,9.59556015569698e-45,"Progenitors","IFT57"
2.66446337927604e-49,1.00119423381141,0.291,0.081,9.75220241448822e-45,"Progenitors","AP1S1"
2.77224929795323e-49,0.980159964296826,0.301,0.084,1.01467096554386e-44,"Progenitors","ECSIT"
3.17079833126908e-49,0.585178569972881,0.494,0.178,1.1605438972278e-44,"Progenitors","AHR"
3.54538910600419e-49,0.735329805828709,0.287,0.077,1.29764786668859e-44,"Progenitors","SCAMP1-AS1"
3.84846207978752e-49,0.771639595583049,0.28,0.075,1.40857560582303e-44,"Progenitors","FAM219B"
4.26371354089074e-49,0.58619683437534,0.685,0.278,1.56056179310142e-44,"Progenitors","PSMB2"
4.48671823761003e-49,0.654950611733467,0.601,0.234,1.64218374214765e-44,"Progenitors","NOP56"
4.83198388749693e-49,0.46342588667269,0.462,0.159,1.76855442266275e-44,"Progenitors","HERC2"
5.07436007357009e-49,0.8530410889662,0.333,0.099,1.85726653052739e-44,"Progenitors","CIZ1"
5.47005683592066e-49,0.600122367095666,0.436,0.146,2.00209550251532e-44,"Progenitors","SHPRH"
6.07204282044099e-49,0.620981817541147,0.434,0.142,2.22242839270961e-44,"Progenitors","YBEY"
6.19423295694112e-49,0.550612321503553,0.681,0.284,2.26715120457002e-44,"Progenitors","REST"
6.23564599357352e-49,0.785478092355197,0.65,0.263,2.28230879010785e-44,"Progenitors","MRPL11"
6.5988109241439e-49,0.555130525280718,0.655,0.257,2.41523078634591e-44,"Progenitors","MRPS18C"
7.44566100446723e-49,0.4920253101601,0.592,0.223,2.72518638424505e-44,"Progenitors","PNKD"
8.48942970482304e-49,0.275910603630638,0.38,0.12,3.10721616626228e-44,"Progenitors","GDE1"
8.6551792296731e-49,0.661085090976385,0.907,0.473,3.16788214985265e-44,"Progenitors","PSMA2"
9.17969588824058e-49,0.840447953415875,0.923,0.567,3.35986049205493e-44,"Progenitors","XIST"
9.89538960943239e-49,0.45502277899298,0.422,0.139,3.62181155094835e-44,"Progenitors","BCAP29"
1.01888574519188e-48,0.711115570405565,0.431,0.144,3.72922371597681e-44,"Progenitors","RBMX2"
1.10620197616157e-48,0.49852418178569,0.294,0.081,4.04880985294898e-44,"Progenitors","ZFPL1"
1.12770385598399e-48,0.894068433153284,0.427,0.146,4.127508883287e-44,"Progenitors","IPO7"
1.1312218705428e-48,0.69448783891573,0.846,0.416,4.14038516837371e-44,"Progenitors","EIF3A"
1.16299611916414e-48,0.493027762651261,1,0.867,4.25668209575265e-44,"Progenitors","RPL35A"
1.24722362964495e-48,0.608640649057453,0.445,0.151,4.5649632068635e-44,"Progenitors","LUC7L"
1.25963979733417e-48,0.738521293905183,0.462,0.16,4.61040762222281e-44,"Progenitors","MRPS35"
1.26381036578024e-48,0.646587449155184,0.571,0.22,4.62567231979226e-44,"Progenitors","MTIF3"
1.39936754127524e-48,0.535766564420024,0.51,0.187,5.12182513782152e-44,"Progenitors","ADNP"
1.92717197358707e-48,0.781868716240034,0.359,0.11,7.05364214052605e-44,"Progenitors","MRPL2"
1.97803882017304e-48,0.405593478023193,0.678,0.282,7.23981988571536e-44,"Progenitors","ZC3H13"
2.12486969353934e-48,0.796919909424596,0.462,0.16,7.77723556532334e-44,"Progenitors","AKR1B1"
2.38136678435532e-48,0.397789745136809,0.711,0.296,8.71604056741892e-44,"Progenitors","THUMPD3-AS1"
2.8427438293478e-48,0.932294924007437,0.256,0.066,1.04047266897959e-43,"Progenitors","DDHD2"
2.88217793981966e-48,0.837023089281703,0.254,0.065,1.05490594775339e-43,"Progenitors","SMC2"
2.93041049524362e-48,0.978939782552373,0.324,0.097,1.07255954536412e-43,"Progenitors","KYAT3"
3.24306197314244e-48,0.755269725847653,0.338,0.102,1.18699311278987e-43,"Progenitors","VPS25"
3.45440506636654e-48,0.530234051301239,0.378,0.121,1.26434679834082e-43,"Progenitors","BRD3"
3.68348639355787e-48,0.794314164185297,0.273,0.073,1.34819285490612e-43,"Progenitors","MRPS18A"
3.81689362584333e-48,0.332446447292961,0.483,0.169,1.39702123599492e-43,"Progenitors","SUPT20H"
4.00114215231554e-48,0.462342311834245,0.492,0.176,1.46445803916901e-43,"Progenitors","HDLBP"
4.12428749554058e-48,0.622937745503157,0.277,0.074,1.50953046624281e-43,"Progenitors","ARFIP2"
4.21053790289864e-48,0.589720828282619,0.555,0.205,1.54109897783993e-43,"Progenitors","CEBPZOS"
4.2283062929246e-48,0.969766696859968,0.312,0.091,1.54760238627333e-43,"Progenitors","MBIP"
4.27504863007578e-48,0.565924900153574,0.653,0.261,1.56471054909404e-43,"Progenitors","DNAJC21"
4.73578313350945e-48,0.854559476807891,0.329,0.098,1.73334398469579e-43,"Progenitors","SF3A2"
5.25206398380567e-48,0.840316961482008,0.294,0.082,1.92230793871271e-43,"Progenitors","LEO1"
5.35667699501214e-48,0.355740308111323,0.62,0.24,1.96059734694439e-43,"Progenitors","OS9"
5.84871532860019e-48,0.475447976420766,1,0.863,2.14068829742096e-43,"Progenitors","RPL17"
6.05409123326918e-48,0.464953069976445,0.841,0.399,2.21585793228885e-43,"Progenitors","RTF1"
7.09200180700185e-48,0.373512771389186,0.35,0.108,2.59574358138075e-43,"Progenitors","EXOC6"
7.1492482213816e-48,0.612877618362719,0.333,0.099,2.61669634150788e-43,"Progenitors","DMAP1"
7.15191932188481e-48,0.430849824606408,0.459,0.162,2.61767399100306e-43,"Progenitors","NBN"
7.2609514516737e-48,0.722085273095717,0.79,0.362,2.65758084082709e-43,"Progenitors","EIF2A"
7.98352414544791e-48,0.376128755510575,0.585,0.22,2.92204967247539e-43,"Progenitors","PSMC6"
8.19113528151004e-48,0.427408577875704,0.329,0.097,2.99803742438549e-43,"Progenitors","AC005261.1"
9.2532601346238e-48,0.819115523865624,0.259,0.068,3.38678574187366e-43,"Progenitors","NIT1"
1.01899778048019e-47,0.684010434065336,0.55,0.21,3.72963377633555e-43,"Progenitors","ITGAE"
1.04555659957307e-47,0.552102326015326,0.517,0.191,3.82684171009739e-43,"Progenitors","ANKRD10"
1.19394190135569e-47,0.427794080000138,0.382,0.124,4.36994675315196e-43,"Progenitors","TMEM43"
1.29831334597065e-47,0.694013033081135,0.261,0.068,4.75195667758717e-43,"Progenitors","UNK"
1.40661761295687e-47,0.748763841525618,0.413,0.138,5.14836112518343e-43,"Progenitors","MRPL13"
1.48845748847699e-47,0.518944701859376,0.527,0.193,5.44790325357464e-43,"Progenitors","SF3A3"
1.50229669037795e-47,0.663569473926678,0.711,0.298,5.49855611645232e-43,"Progenitors","PSMG2"
1.77193426199694e-47,0.588524074786964,0.737,0.312,6.485456592335e-43,"Progenitors","PSMA5"
1.85858192702133e-47,0.768883188599627,0.28,0.077,6.80259571109078e-43,"Progenitors","ZMYM5"
1.92080677573342e-47,0.925774487584681,0.333,0.102,7.03034487986189e-43,"Progenitors","PIEZO1"
2.47650745597258e-47,0.675215085140134,0.424,0.145,9.06426493960523e-43,"Progenitors","CS"
2.57785568862043e-47,0.417683438493075,0.42,0.14,9.43520960591964e-43,"Progenitors","MED17"
2.72588612198159e-47,0.634765494843198,0.441,0.151,9.97701579506481e-43,"Progenitors","PSMD3"
2.7540561875547e-47,0.829610198147181,0.31,0.091,1.0080121052069e-42,"Progenitors","DIMT1"
2.76971087010393e-47,0.296766127069943,0.417,0.138,1.01374187556674e-42,"Progenitors","LAIR1"
2.86605741324164e-47,0.659204841544194,0.336,0.1,1.04900567382057e-42,"Progenitors","ELP6"
3.26011742466638e-47,0.606723711453665,0.58,0.22,1.19323557860214e-42,"Progenitors","NAA20"
3.56986977913835e-47,0.560544174457332,0.352,0.108,1.30660803786243e-42,"Progenitors","ORC4"
3.74082064560969e-47,0.657949733695878,0.366,0.116,1.3691777644996e-42,"Progenitors","DYM"
4.09384394300689e-47,0.560422166483827,0.713,0.304,1.49838782157995e-42,"Progenitors","TMCO1"
4.12121914941602e-47,0.638823205701382,0.653,0.264,1.50840742087776e-42,"Progenitors","EPRS"
4.52227393593128e-47,0.502506116976153,0.455,0.158,1.65519748329021e-42,"Progenitors","TAF11"
4.98668646835299e-47,0.919676400505179,0.517,0.2,1.82517711428188e-42,"Progenitors","HOPX"
5.50077820516402e-47,0.676382829709758,0.946,0.562,2.01333983087208e-42,"Progenitors","ATP5PO"
5.69258077826851e-47,0.636062555533525,0.674,0.281,2.08354149065406e-42,"Progenitors","VPS51"
5.91754190285451e-47,0.619601806240597,0.415,0.137,2.16587951186378e-42,"Progenitors","SMIM20"
6.38391640492031e-47,0.733041766780901,0.366,0.116,2.33657724336488e-42,"Progenitors","ARMC10"
6.97341254356788e-47,0.585138703921064,0.394,0.128,2.55233872507128e-42,"Progenitors","WDR70"
7.01935133764079e-47,0.685345908441731,0.396,0.13,2.56915278308991e-42,"Progenitors","TIMMDC1"
7.85497851961115e-47,0.502116551281649,0.28,0.078,2.87500068796288e-42,"Progenitors","MAFG"
8.89235831169126e-47,0.370678358382611,0.34,0.104,3.25469206566212e-42,"Progenitors","GADD45A"
8.92397961395243e-47,0.685913792378854,0.434,0.149,3.26626577850273e-42,"Progenitors","NELFCD"
9.5844941222592e-47,0.627213103914694,0.697,0.288,3.50802069368809e-42,"Progenitors","NDUFA7"
1.2833069448215e-46,0.67181860287451,0.331,0.101,4.69703174874118e-42,"Progenitors","TMEM65"
1.28864857956949e-46,0.504474927465515,0.604,0.234,4.7165826660823e-42,"Progenitors","TTC19"
1.34801038184666e-46,0.608602227685095,0.445,0.156,4.93385279859695e-42,"Progenitors","DDX52"
1.50812309683625e-46,0.530723864784421,0.38,0.123,5.51988134673038e-42,"Progenitors","ZNF609"
1.70736093547386e-46,0.972826967746337,0.312,0.092,6.24911175992787e-42,"Progenitors","MRPS9"
1.76594771541971e-46,0.552720676484674,0.375,0.121,6.46354523320767e-42,"Progenitors","CEP95"
1.77921903261682e-46,0.759462877339335,0.315,0.094,6.51211958128081e-42,"Progenitors","SLC30A9"
2.11603992382409e-46,0.501243243285436,0.543,0.205,7.74491772518857e-42,"Progenitors","SSBP3"
2.17294740450896e-46,0.594782652492255,0.615,0.244,7.95320479524324e-42,"Progenitors","OXA1L"
2.91929979132216e-46,0.709875694390668,0.317,0.094,1.06849291662182e-41,"Progenitors","TMX2"
2.97914386879272e-46,0.708085334157931,0.256,0.068,1.09039644741682e-41,"Progenitors","CCP110"
3.15752506427156e-46,0.884617336080377,0.273,0.075,1.15568574877403e-41,"Progenitors","PRPS2"
3.1875361149986e-46,0.320026264616565,0.618,0.249,1.16667009345064e-41,"Progenitors","RAB4A"
3.25856585718855e-46,0.600896416146132,0.548,0.208,1.19266768938958e-41,"Progenitors","MRPL18"
3.4813437102309e-46,0.651814622709876,0.737,0.317,1.27420661138161e-41,"Progenitors","NDUFS8"
3.72715124520614e-46,0.594927493269428,0.692,0.289,1.3641746272579e-41,"Progenitors","RNASEH2C"
4.02047920381731e-46,0.53179275934204,0.592,0.227,1.47153559338917e-41,"Progenitors","METTL5"
4.28725581021592e-46,0.866761618945815,0.252,0.066,1.56917849909713e-41,"Progenitors","GCDH"
4.30098354847437e-46,0.792682051879906,0.254,0.068,1.5742029885771e-41,"Progenitors","RFX3"
4.45118285037992e-46,0.564668858046681,0.429,0.146,1.62917743506755e-41,"Progenitors","MRPL44"
4.66794266264996e-46,0.595996299880825,0.531,0.201,1.70851369395651e-41,"Progenitors","NIPSNAP2"
4.67021954943978e-46,0.642727193935684,0.844,0.429,1.70934705729045e-41,"Progenitors","PSIP1"
4.95132645492643e-46,0.474940063350225,0.604,0.235,1.81223499576762e-41,"Progenitors","POLR2G"
5.03455823154919e-46,0.736662255915585,0.347,0.109,1.84269865832932e-41,"Progenitors","AC005670.3"
6.14931742647061e-46,0.350057544652905,0.275,0.076,2.25071167126251e-41,"Progenitors","SWI5"
6.66841189465407e-46,0.534876348512571,0.27,0.074,2.44070543756233e-41,"Progenitors","STRN3"
7.18250751801011e-46,0.612899148195457,0.464,0.165,2.62886957666688e-41,"Progenitors","DDRGK1"
7.66680590500882e-46,0.563180536190751,0.613,0.253,2.80612762929228e-41,"Progenitors","KAT6B"
7.6993231837666e-46,0.565205976497439,0.669,0.274,2.81802927849041e-41,"Progenitors","CNPY2"
7.99859236892794e-46,0.906027513624773,0.371,0.121,2.92756479295132e-41,"Progenitors","MRPS28"
8.78430914568671e-46,0.908100001858845,0.282,0.08,3.21514499041279e-41,"Progenitors","C8orf82"
8.79345734675098e-46,0.605953930721514,0.904,0.482,3.21849332348433e-41,"Progenitors","CALR"
1.09112634204324e-45,0.381836359947667,0.529,0.194,3.99363152451248e-41,"Progenitors","BFAR"
1.09869315636111e-45,0.435800602296558,0.848,0.394,4.0213268215973e-41,"Progenitors","AP2M1"
1.16547514018068e-45,0.63852754225351,0.34,0.105,4.26575556057532e-41,"Progenitors","RBM28"
1.23146979812245e-45,1.10934051465691,0.252,0.067,4.50730260810799e-41,"Progenitors","APOOL"
1.26051691890026e-45,0.600096549531876,0.375,0.122,4.61361797486682e-41,"Progenitors","ZNF330"
1.37933559675692e-45,0.712811544598006,0.31,0.092,5.04850621769e-41,"Progenitors","SEC22C"
1.38580390813752e-45,0.611714064402749,0.886,0.447,5.07218088417412e-41,"Progenitors","PSMA1"
1.56241685092166e-45,0.688877432030202,0.31,0.092,5.71860191605837e-41,"Progenitors","VTA1"
1.72585050041897e-45,0.616355289891513,0.368,0.117,6.31678541658348e-41,"Progenitors","DCTD"
1.80885398830386e-45,0.461955670511813,0.315,0.093,6.62058648259095e-41,"Progenitors","SNRNP48"
1.87384899181716e-45,0.869766764931761,0.268,0.074,6.85847469494999e-41,"Progenitors","COX15"
1.8991130483363e-45,0.834792903481355,0.832,0.423,6.95094366821568e-41,"Progenitors","TTC3"
1.93220426993719e-45,0.411118802745583,0.401,0.134,7.07206084839712e-41,"Progenitors","PYCR2"
1.99858976588756e-45,0.505479865047728,0.399,0.133,7.31503840212504e-41,"Progenitors","RBM42"
2.01403644990242e-45,0.58139558139358,0.445,0.154,7.37157481028785e-41,"Progenitors","MRPS30"
2.02910637318541e-45,0.401047237567467,0.517,0.192,7.42673223649591e-41,"Progenitors","NUDT5"
2.08538054642067e-45,0.81074156100562,0.296,0.087,7.63270133795431e-41,"Progenitors","WBP4"
2.14681515448017e-45,0.526723561499638,0.599,0.238,7.85755814691287e-41,"Progenitors","ATOX1"
2.87763487114363e-45,0.429173357023064,0.641,0.264,1.05324313918728e-40,"Progenitors","PABPN1"
3.45625368482476e-45,0.407440899201058,0.599,0.237,1.26502341118271e-40,"Progenitors","TSPYL1"
3.61005715392743e-45,0.713649635457756,0.552,0.217,1.32131701890898e-40,"Progenitors","LRPPRC"
3.71707977466813e-45,0.286114088280395,0.315,0.093,1.36048836832628e-40,"Progenitors","C21orf91"
4.75576866931473e-45,0.507665062725686,0.452,0.167,1.74065889065589e-40,"Progenitors","EIF4G3"
4.85931147606448e-45,0.621592314364718,0.455,0.161,1.77855659335436e-40,"Progenitors","WDR61"
5.16066380138052e-45,0.764302031966198,0.319,0.097,1.88885455794328e-40,"Progenitors","SNAPIN"
5.34669510367136e-45,0.386753566988534,0.375,0.122,1.95694387489475e-40,"Progenitors","CCDC174"
5.40809601008721e-45,0.817994345298673,0.31,0.093,1.97941722065202e-40,"Progenitors","CCDC43"
5.59330403443651e-45,0.511234066625833,0.683,0.29,2.04720520964411e-40,"Progenitors","SEC31A"
5.66217781052486e-45,0.636115710547744,0.497,0.184,2.0724137004302e-40,"Progenitors","SND1"
5.8179043417936e-45,0.436981213169282,0.587,0.228,2.12941116813988e-40,"Progenitors","PSMD2"
6.26640068958668e-45,0.559630288038462,1,0.809,2.29356531639562e-40,"Progenitors","RPL4"
6.31075721369365e-45,0.566496648722634,0.49,0.178,2.30980024778401e-40,"Progenitors","COX11"
6.41509195468874e-45,0.42632921936783,0.683,0.284,2.34798780633563e-40,"Progenitors","RALY"
6.81398745086355e-45,0.817699927980879,0.445,0.163,2.49398754689057e-40,"Progenitors","ARL4A"
6.85513649099374e-45,0.714524750633675,0.781,0.358,2.50904850706862e-40,"Progenitors","GADD45GIP1"
7.09430676352766e-45,0.963734299844388,0.287,0.083,2.59658721851876e-40,"Progenitors","HSCB"
7.73780603461625e-45,0.600914806873599,0.956,0.677,2.83211438672989e-40,"Progenitors","COX6B1"
8.010065151545e-45,0.832889107042821,0.308,0.092,2.93176394611698e-40,"Progenitors","FH"
8.58254148033578e-45,0.950745897047262,0.308,0.092,3.1412960072177e-40,"Progenitors","SUCLA2"
8.88476482904443e-45,0.664216570917066,0.513,0.194,3.25191277507855e-40,"Progenitors","GRSF1"
8.91621571293962e-45,0.718501198295396,0.329,0.1,3.26342411309303e-40,"Progenitors","UBA5"
9.53330473937081e-45,0.693583426655541,0.403,0.138,3.48928486765711e-40,"Progenitors","SLC25A11"
1.00947169123091e-44,0.705969300694933,0.287,0.082,3.69476733707426e-40,"Progenitors","PLCB1"
1.05900930776024e-44,0.612192688755409,0.252,0.067,3.87607996733325e-40,"Progenitors","IFT88"
1.16941749954064e-44,0.477433634205629,0.569,0.228,4.28018499006868e-40,"Progenitors","ZBTB20"
1.18728457810147e-44,0.5463873223258,0.41,0.139,4.34558028430919e-40,"Progenitors","PLRG1"
1.24581976877703e-44,0.439553224492945,0.545,0.22,4.55982493570081e-40,"Progenitors","JUN"
1.28431481486284e-44,0.315527561920201,0.42,0.144,4.70072065387948e-40,"Progenitors","GINM1"
1.29969867494953e-44,0.415279057135146,0.252,0.068,4.75702712018277e-40,"Progenitors","LRRC57"
1.49114643325488e-44,0.458916886963389,0.949,0.541,5.45774506035617e-40,"Progenitors","C9orf16"
1.58402463782676e-44,0.424817756999752,0.399,0.133,5.79768857690973e-40,"Progenitors","PIGBOS1"
1.80893089926758e-44,0.825409690004058,0.333,0.105,6.62086798440926e-40,"Progenitors","HCFC1R1"
1.82950410035387e-44,0.507868199217248,0.634,0.262,6.6961679577052e-40,"Progenitors","CSNK2A1"
1.84741636034912e-44,0.816111040669405,0.406,0.141,6.76172862051382e-40,"Progenitors","ECI1"
1.84979139730515e-44,0.652157890316814,0.869,0.446,6.77042149327659e-40,"Progenitors","LDHA"
1.99263974865856e-44,0.514840121412183,0.627,0.263,7.2932607440652e-40,"Progenitors","OIP5-AS1"
2.00590074161708e-44,0.652910012391483,0.266,0.074,7.34179730439267e-40,"Progenitors","CBR4"
2.26448832489052e-44,0.604751755057334,0.443,0.155,8.28825371793179e-40,"Progenitors","TMEM126A"
2.49573462072281e-44,0.687571424938024,0.312,0.094,9.13463828530756e-40,"Progenitors","PMS2"
2.82896916574151e-44,0.678146532216006,0.354,0.113,1.03543100435305e-39,"Progenitors","PRH1"
2.88409409841126e-44,0.508270238201275,0.807,0.39,1.0556072809595e-39,"Progenitors","EIF1B"
3.13897577510329e-44,0.647532309627754,0.974,0.689,1.14889652344556e-39,"Progenitors","PNISR"
3.16783921167804e-44,0.666965026943939,0.385,0.129,1.15946082986628e-39,"Progenitors","DHX30"
3.59000941503791e-44,0.276358379647615,0.622,0.253,1.31397934599802e-39,"Progenitors","NDUFAF3"
3.60319357487979e-44,0.53104117165482,0.893,0.464,1.31880488034175e-39,"Progenitors","WDR83OS"
3.68057159864438e-44,0.586762556869266,0.434,0.154,1.34712601081983e-39,"Progenitors","LRRC58"
3.94948971140226e-44,0.688860942738635,0.536,0.207,1.44555272927034e-39,"Progenitors","CAPG"
3.97903528316465e-44,0.499336759293818,0.448,0.158,1.45636670399109e-39,"Progenitors","TRAPPC3"
4.12556369704596e-44,0.304020200897582,0.263,0.073,1.50999756875579e-39,"Progenitors","LATS2"
4.30028584220765e-44,0.764235321074336,0.359,0.117,1.57394762110642e-39,"Progenitors","MRPL27"
4.39888438684786e-44,0.616822607816033,0.59,0.237,1.61003567443018e-39,"Progenitors","TIMM8B"
4.4715988270497e-44,0.261667514213925,0.543,0.204,1.63664988668846e-39,"Progenitors","CDC123"
4.55989940447299e-44,0.625400139309078,0.828,0.383,1.66896878103116e-39,"Progenitors","MDH2"
4.94013496437304e-44,0.539220226580397,0.492,0.182,1.80813879831018e-39,"Progenitors","USP14"
4.96173706118253e-44,0.822138954837233,0.366,0.122,1.81604538176342e-39,"Progenitors","TRMT1"
4.9770347121526e-44,0.488930599499478,0.497,0.186,1.82164447499497e-39,"Progenitors","ZNF131"
5.08171237715873e-44,0.714859114378451,0.366,0.12,1.85995754716387e-39,"Progenitors","AAMP"
6.1285833142874e-44,0.52226968498682,0.578,0.229,2.24312277886233e-39,"Progenitors","C1orf43"
6.13560698517013e-44,0.65874710307462,0.42,0.147,2.24569351264212e-39,"Progenitors","RPL26L1"
7.29952264019227e-44,0.5967305695575,0.58,0.232,2.67169828153677e-39,"Progenitors","TAF9"
8.87992016939227e-44,0.7102112951899,0.291,0.085,3.25013958119926e-39,"Progenitors","RPUSD3"
9.12284984871938e-44,0.563479735359308,0.38,0.129,3.33905427312978e-39,"Progenitors","FEZ2"
9.90712112968602e-44,0.466812754830046,0.436,0.156,3.62610540467638e-39,"Progenitors","DMAC2L"
9.94059155401603e-44,0.292719370994786,0.452,0.162,3.63835591468541e-39,"Progenitors","MBD5"
1.02603672089933e-43,0.269037781150075,0.441,0.154,3.75539700216364e-39,"Progenitors","AC100810.1"
1.06868706435242e-43,0.700136929510045,0.888,0.495,3.91150152423628e-39,"Progenitors","SNRPF"
1.16058490567485e-43,0.46398469392977,0.338,0.106,4.24785681326051e-39,"Progenitors","BABAM2"
1.25206263369172e-43,0.402682986886133,0.73,0.323,4.58267444557508e-39,"Progenitors","FGFR1OP2"
1.27496793098906e-43,0.72918910395941,0.315,0.098,4.66651012421306e-39,"Progenitors","TRAPPC12"
1.28667009390975e-43,0.38114156661434,0.65,0.269,4.70934121071906e-39,"Progenitors","MXD4"
1.34798244832432e-43,0.487560139954019,0.315,0.097,4.93375055911183e-39,"Progenitors","DNTTIP1"
1.39261418343546e-43,0.722403556861698,0.974,0.706,5.09710717279213e-39,"Progenitors","MIF"
1.42360953381373e-43,0.836240915490492,0.303,0.092,5.21055325471163e-39,"Progenitors","CHML"
1.53525090562682e-43,0.340114546876357,0.497,0.18,5.61917183968473e-39,"Progenitors","DPY30"
1.81099110521014e-43,0.403304560794078,0.781,0.375,6.62840854417963e-39,"Progenitors","MACF1"
1.93165955073059e-43,0.482347573058306,0.625,0.261,7.07006712162902e-39,"Progenitors","THOC2"
2.09733131972828e-43,0.573432548030214,0.723,0.314,7.67644236333749e-39,"Progenitors","SNRPC"
2.11821525875152e-43,0.725457717434266,0.263,0.073,7.75287966855645e-39,"Progenitors","CDKAL1"
2.19356582033227e-43,0.440733436660163,0.497,0.187,8.02867025899815e-39,"Progenitors","TARDBP"
2.34692630783838e-43,0.536839582401147,0.993,0.719,8.58998497931925e-39,"Progenitors","PCBP2"
2.50935316480852e-43,0.471163822651432,0.352,0.115,9.18448351851568e-39,"Progenitors","DERA"
2.67930211355846e-43,0.699084945752199,0.27,0.076,9.80651366583533e-39,"Progenitors","ZDHHC21"
2.91889613199987e-43,0.816019719481895,0.308,0.094,1.06834517327327e-38,"Progenitors","ZBED4"
3.38484463078128e-43,0.583123501122107,0.821,0.393,1.23888698331226e-38,"Progenitors","HNRNPA0"
3.39666134721435e-43,0.72709795767231,0.524,0.204,1.24321201969392e-38,"Progenitors","GNL3"
3.69155760009083e-43,0.464774254216647,0.545,0.209,1.35114699720925e-38,"Progenitors","MCTS1"
3.83021021372575e-43,0.452805528271211,0.399,0.138,1.40189524032576e-38,"Progenitors","VPS41"
4.25525120238962e-43,0.472053326309017,0.758,0.333,1.55746449258663e-38,"Progenitors","FRG1"
4.37942440471373e-43,0.586717343822751,0.76,0.331,1.60291312636927e-38,"Progenitors","TOMM22"
4.98410362639293e-43,0.486234538347879,0.503,0.189,1.82423176829608e-38,"Progenitors","GTF2H5"
5.02446394171111e-43,0.305071408838897,0.368,0.121,1.83900404730568e-38,"Progenitors","OSBP"
5.07756437134625e-43,0.54131695036307,0.354,0.113,1.85843933555644e-38,"Progenitors","YEATS4"
5.37403390111243e-43,0.662625009177554,0.96,0.63,1.96695014814616e-38,"Progenitors","FXYD5"
5.48884469319264e-43,0.434673146915459,0.298,0.091,2.00897204615544e-38,"Progenitors","IMPACT"
6.00665868327046e-43,0.730535668258305,0.268,0.076,2.19849714466382e-38,"Progenitors","KLHL9"
6.29105075459004e-43,0.444729758328257,0.925,0.535,2.3025874866875e-38,"Progenitors","SH3BGRL"
6.53238767826129e-43,0.355474862894832,0.506,0.193,2.39091921412042e-38,"Progenitors","VEZF1"
7.1399848243297e-43,0.498627754138774,0.431,0.153,2.61330584555291e-38,"Progenitors","ZDHHC2"
7.20257936979354e-43,0.522006183821663,0.867,0.428,2.63621607513813e-38,"Progenitors","TPI1"
7.41344221939123e-43,0.473582311914008,0.403,0.138,2.71339398671938e-38,"Progenitors","COA5"
7.79877561249985e-43,0.319173133617125,0.51,0.192,2.85442986193107e-38,"Progenitors","PRPF38A"
8.6600387278826e-43,0.535136281653306,0.382,0.128,3.16966077479231e-38,"Progenitors","NGRN"
9.15830867305735e-43,0.867205146428098,0.28,0.081,3.35203255742572e-38,"Progenitors","ZFP14"
9.16168723453323e-43,0.530058484574784,0.494,0.184,3.35326914471151e-38,"Progenitors","AHSA1"
1.05639516206899e-42,0.524203246266173,0.266,0.076,3.86651193268871e-38,"Progenitors","RSPRY1"
1.1658568231321e-42,0.702933352672664,0.261,0.073,4.26715255834578e-38,"Progenitors","PARP11"
1.23476785123536e-42,0.840091395727684,0.34,0.11,4.51937381230653e-38,"Progenitors","RARS"
1.25982893749594e-42,0.567025895374793,0.748,0.343,4.61109989412888e-38,"Progenitors","HIST2H2AC"
1.29699410953768e-42,0.644126282798442,0.543,0.215,4.74712814031885e-38,"Progenitors","AKR7A2"
1.35484399799261e-42,0.400221695421253,0.569,0.227,4.95886451705275e-38,"Progenitors","PSMD6"
1.36854061339014e-42,0.459295171655794,1,0.878,5.00899549906926e-38,"Progenitors","RPL37"
1.37298792268365e-42,0.778762977433185,0.261,0.074,5.02527309581444e-38,"Progenitors","SLC39A1"
1.39639774453559e-42,0.723526765638308,0.35,0.115,5.11095538477471e-38,"Progenitors","NAPRT"
1.47229986029668e-42,0.383587292822035,0.632,0.257,5.38876471867189e-38,"Progenitors","FUBP1"
1.78498103340609e-42,0.60251246033678,0.312,0.096,6.53320908036962e-38,"Progenitors","MGAT2"
1.87346069076715e-42,0.66075327326073,0.571,0.231,6.85705347427685e-38,"Progenitors","TMEM147"
2.63639646456762e-42,0.445410237513131,0.618,0.252,9.64947469996395e-38,"Progenitors","YTHDF2"
3.19788444882586e-42,0.576519709299442,0.709,0.318,1.17045768711475e-37,"Progenitors","NUDC"
3.51594424817944e-42,0.859784147665111,0.254,0.071,1.28687075427616e-37,"Progenitors","SLC9A7"
3.53016854563653e-42,0.734738721521895,0.867,0.459,1.29207698938843e-37,"Progenitors","C1QBP"
3.57153579754955e-42,0.437075314764435,0.294,0.088,1.30721781726111e-37,"Progenitors","NPHP3"
3.69479789212746e-42,0.31509920031688,0.448,0.161,1.35233297649757e-37,"Progenitors","SLBP"
3.71113833121886e-42,0.499881643117347,0.399,0.138,1.35831374060942e-37,"Progenitors","YLPM1"
3.78874403600731e-42,0.481073922320858,0.592,0.238,1.38671820461904e-37,"Progenitors","POLR2F"
3.8412800900144e-42,0.611917639510032,0.336,0.107,1.40594692574617e-37,"Progenitors","ZNF146"
4.00062894121977e-42,0.431004176132062,0.643,0.272,1.46427019877585e-37,"Progenitors","PUM1"
4.19378385050516e-42,0.773260472390688,0.298,0.091,1.53496682712339e-37,"Progenitors","MDP1"
4.27959246519344e-42,0.336089861201251,0.669,0.288,1.56637363818545e-37,"Progenitors","TBL1XR1"
4.32552259391609e-42,0.597079894555243,0.876,0.449,1.58318452459923e-37,"Progenitors","FIS1"
4.36244306789265e-42,0.762626281295778,0.315,0.099,1.59669778727939e-37,"Progenitors","GNA12"
5.45749736888078e-42,0.66824775638133,0.333,0.107,1.99749861198405e-37,"Progenitors","POLDIP2"
5.90674759181516e-42,0.649379602422551,0.963,0.598,2.16192868608027e-37,"Progenitors","SERBP1"
6.68566399104452e-42,0.445331278864248,0.566,0.224,2.44701987736221e-37,"Progenitors","TXNDC17"
8.03941603034882e-42,0.495558007951767,0.466,0.177,2.94250666126797e-37,"Progenitors","CTR9"
8.47901216221997e-42,0.586201587427979,0.928,0.565,3.10340324149413e-37,"Progenitors","NDUFS5"
9.18578127481041e-42,0.336414351118647,0.483,0.182,3.36208780439336e-37,"Progenitors","RAB11B"
9.3433369157122e-42,0.605981926422005,0.317,0.099,3.41975474451982e-37,"Progenitors","PIBF1"
9.83656274093987e-42,0.565047190229663,0.837,0.425,3.6002803288114e-37,"Progenitors","SRP9"
9.87520805521703e-42,0.675860505927609,0.413,0.15,3.61442490028999e-37,"Progenitors","ELK3"
1.02031748021749e-41,0.662207429949948,0.34,0.11,3.73446400934405e-37,"Progenitors","DRG1"
1.08440148006703e-41,0.510622081928983,0.434,0.157,3.96901785719335e-37,"Progenitors","PSMD1"
1.23247204079664e-41,0.547996452205308,0.676,0.291,4.5109709165198e-37,"Progenitors","CCT5"
1.27979001618593e-41,0.506979914679513,0.62,0.259,4.68415943824211e-37,"Progenitors","BTF3L4"
1.38859772696918e-41,0.344816654084029,0.317,0.098,5.08240654047991e-37,"Progenitors","RYK"
1.49512398604029e-41,0.587013841484047,0.949,0.624,5.47230330130605e-37,"Progenitors","UXT"
1.5279766972247e-41,0.595340322618374,0.97,0.645,5.59254750951212e-37,"Progenitors","MZT2B"
1.53826972185699e-41,0.546923092752928,0.424,0.152,5.63022100896879e-37,"Progenitors","TMEM161B-AS1"
1.5698296962764e-41,0.46926019484599,1,0.835,5.74573367134124e-37,"Progenitors","RPL22"
1.68526631025943e-41,0.468001559918406,0.55,0.215,6.16824322218052e-37,"Progenitors","PSMC3"
1.76677420839897e-41,0.863018955894881,0.403,0.146,6.46657028016106e-37,"Progenitors","IPO5"
1.8351535577664e-41,0.728861477872647,0.357,0.119,6.71684553678079e-37,"Progenitors","TCF3"
2.06317452901548e-41,0.404501264842454,0.583,0.229,7.55142509364957e-37,"Progenitors","RCN2"
2.12115436906866e-41,0.451692750625263,0.399,0.138,7.76363710622819e-37,"Progenitors","INTS11"
2.56638612224049e-41,0.679607094413609,0.303,0.093,9.39322984601241e-37,"Progenitors","MRPL48"
2.68120821602461e-41,0.390902042907782,0.583,0.239,9.81349019147168e-37,"Progenitors","ZBTB44"
3.22016608691731e-41,0.433629889608513,0.723,0.3,1.1786129894726e-36,"Progenitors","OCIAD2"
3.29575559781171e-41,0.381480852558721,0.485,0.184,1.20627950635506e-36,"Progenitors","NGLY1"
4.69278384475334e-41,0.438095645981418,0.531,0.208,1.71760581501817e-36,"Progenitors","ACADVL"
4.76741511781734e-41,0.453174332262821,1,0.855,1.74492160727232e-36,"Progenitors","RPL6"
5.1571658978626e-41,0.530373742255397,0.422,0.152,1.88757429027669e-36,"Progenitors","DCTN6"
5.53724720531149e-41,0.388304798873435,0.604,0.242,2.02668784961606e-36,"Progenitors","TECR"
6.12764715100404e-41,0.582502394735585,0.343,0.112,2.24278013373899e-36,"Progenitors","SCOC"
6.33966060326976e-41,0.494766752070976,0.867,0.412,2.32037917740276e-36,"Progenitors","CANX"
6.59428520662125e-41,0.560516029916376,0.62,0.265,2.41357432847544e-36,"Progenitors","XPO1"
7.15201715455568e-41,0.853979664086011,0.27,0.079,2.61770979873893e-36,"Progenitors","DEAF1"
8.2956383457475e-41,0.517992420310756,0.364,0.121,3.03628659092704e-36,"Progenitors","HARS"
8.46023349712908e-41,0.538411150318801,0.807,0.389,3.09653006228422e-36,"Progenitors","ENY2"
8.62852420149191e-41,0.367654008151471,0.347,0.112,3.15812614298805e-36,"Progenitors","RAB30-DT"
8.83507854670645e-41,0.613476617675515,0.291,0.089,3.23372709888003e-36,"Progenitors","PSMD10"
9.04059186175202e-41,0.636068122392933,0.31,0.097,3.30894702731986e-36,"Progenitors","ACTR1B"
9.27236284320549e-41,0.452418549098239,1,0.856,3.39377752424164e-36,"Progenitors","RPL18"
1.0078931040957e-40,0.367979220560898,0.541,0.213,3.68898955030066e-36,"Progenitors","TTC17"
1.03947761642798e-40,0.276336227006087,0.513,0.201,3.80459202388806e-36,"Progenitors","SLK"
1.09835530857801e-40,0.437815947797548,0.315,0.099,4.02009026492639e-36,"Progenitors","AP5M1"
1.1346862642257e-40,0.607570820456884,0.604,0.255,4.15306519569247e-36,"Progenitors","METTL26"
1.16283463146424e-40,0.538612112481727,0.555,0.223,4.25609103462226e-36,"Progenitors","SMIM19"
1.292228446491e-40,0.637683087961574,0.301,0.091,4.7296853370017e-36,"Progenitors","BCAS4"
1.39912967021603e-40,0.275885206952106,0.441,0.161,5.12095450595767e-36,"Progenitors","EHMT1"
1.45202178029026e-40,0.531994328241324,0.862,0.448,5.31454491804039e-36,"Progenitors","SFPQ"
1.47680312184004e-40,1.01592825882983,0.296,0.093,5.40524710624672e-36,"Progenitors","THOC6"
1.57895295195905e-40,0.436082819277688,0.31,0.097,5.77912569946533e-36,"Progenitors","ACTR1A"
1.6510735601915e-40,0.462245336540365,0.45,0.169,6.04309433765693e-36,"Progenitors","ISY1"
1.88040491877821e-40,0.680691359999046,0.268,0.078,6.88247004322013e-36,"Progenitors","HOXB2"
2.2494770834526e-40,0.447213399869416,0.527,0.206,8.23331107314487e-36,"Progenitors","MRPS16"
2.30247894515189e-40,0.365917971551149,0.443,0.163,8.42730318715044e-36,"Progenitors","NDUFS1"
2.57294470659279e-40,0.354788420743765,0.543,0.215,9.41723492060029e-36,"Progenitors","FIP1L1"
2.57348376412767e-40,1.0086575828526,0.256,0.075,9.41920792508369e-36,"Progenitors","TFEC"
2.89369483479941e-40,0.626815036484162,0.394,0.138,1.05912124648493e-35,"Progenitors","DDX54"
3.07986425707927e-40,0.542441079669064,0.452,0.168,1.12726111673358e-35,"Progenitors","ISCA2"
3.37593084525269e-40,0.311106864823981,0.415,0.147,1.23562444867094e-35,"Progenitors","DDA1"
3.44000291807434e-40,0.473593512376868,0.545,0.216,1.25907546804439e-35,"Progenitors","CHCHD5"
3.78410397515043e-40,0.673927583874821,0.38,0.132,1.38501989594481e-35,"Progenitors","UCHL3"
3.82723391321035e-40,0.515911092043792,0.497,0.192,1.40080588457412e-35,"Progenitors","VBP1"
4.56979616196599e-40,0.647731383704852,0.865,0.469,1.67259109324117e-35,"Progenitors","GYPC"
4.62555332392873e-40,0.532879360665617,0.841,0.393,1.69299877209116e-35,"Progenitors","PSMD8"
4.71065033689073e-40,0.431119262448208,0.436,0.159,1.72414512980538e-35,"Progenitors","CMC2"
4.72678064565776e-40,0.348493403863587,0.45,0.167,1.7300489841172e-35,"Progenitors","SUGP2"
5.02320745174621e-40,0.683206151035874,0.282,0.085,1.83854415941363e-35,"Progenitors","PDCD11"
6.50339791345506e-40,0.434747189637061,0.284,0.087,2.38030867030369e-35,"Progenitors","NKIRAS2"
8.00831451098664e-40,0.61576366102892,0.266,0.079,2.93112319416622e-35,"Progenitors","RNF2"
8.56171584568529e-40,0.527913601069713,0.697,0.306,3.13367361667927e-35,"Progenitors","ROMO1"
9.32295329413716e-40,0.306739019760358,0.434,0.158,3.41229413518714e-35,"Progenitors","CD2AP"
9.49599252921736e-40,0.743936860132921,0.345,0.115,3.47562822561885e-35,"Progenitors","TOMM40"
1.0040146271888e-39,0.516069786086321,0.767,0.347,3.67479393697372e-35,"Progenitors","COX16"
1.18510481120738e-39,0.868506210823113,0.266,0.079,4.33760211950013e-35,"Progenitors","ALG3"
1.22077615217423e-39,0.480804786953356,0.583,0.243,4.4681627945729e-35,"Progenitors","PDS5A"
1.45867839441587e-39,0.253550664088788,0.594,0.243,5.33890879140153e-35,"Progenitors","WIPI2"
1.48303100007301e-39,0.679857073069154,0.371,0.129,5.42804176336724e-35,"Progenitors","RBM15B"
1.49201894173755e-39,0.524933269533246,0.881,0.455,5.46093852865362e-35,"Progenitors","CD164"
1.58424307165229e-39,0.337484366278285,0.399,0.142,5.79848806655454e-35,"Progenitors","GBP4"
1.66136233388059e-39,0.493738694906847,0.541,0.219,6.08075227823635e-35,"Progenitors","IFT20"
1.83727243071165e-39,0.466689094194959,0.359,0.123,6.72460082364771e-35,"Progenitors","ZNF787"
1.97387840203778e-39,0.788377130961288,0.268,0.079,7.22459233929846e-35,"Progenitors","TMEM42"
2.01318941997147e-39,0.321666559287099,0.392,0.14,7.36847459603759e-35,"Progenitors","SNX14"
2.02548864217763e-39,0.72464819058228,0.357,0.122,7.41349097923433e-35,"Progenitors","YIF1A"
2.05532999972711e-39,0.725181370448558,0.266,0.08,7.52271333200121e-35,"Progenitors","WDR41"
2.12295247505864e-39,0.403363236450815,0.354,0.12,7.77021835396214e-35,"Progenitors","STX5"
2.15191273965534e-39,0.4014537393036,0.408,0.145,7.87621581841251e-35,"Progenitors","PEX2"
2.29400202661018e-39,0.5502796749324,0.499,0.197,8.3962768175959e-35,"Progenitors","IMMT"
2.41010907402532e-39,0.453537414459633,1,0.861,8.82124022184008e-35,"Progenitors","RPS15"
2.69093956347624e-39,0.420357972893324,0.627,0.263,9.84910789627938e-35,"Progenitors","VPS36"
2.72591546797663e-39,0.799598916142278,0.291,0.091,9.97712320434127e-35,"Progenitors","TFPT"
2.84442484057231e-39,0.480383487931883,0.455,0.169,1.04108793589787e-34,"Progenitors","ALG5"
2.92244459078569e-39,0.471028209535896,0.345,0.115,1.06964394467347e-34,"Progenitors","ARL1"
3.00037866151417e-39,0.341175751401859,0.923,0.481,1.0981685939008e-34,"Progenitors","SNX3"
3.13573089972812e-39,0.272172682743742,0.585,0.246,1.14770886660949e-34,"Progenitors","ELOVL5"
3.2562440022318e-39,0.466884008902936,0.466,0.174,1.19181786725686e-34,"Progenitors","OXLD1"
3.51807298476347e-39,0.696526033587106,0.282,0.086,1.28764989315328e-34,"Progenitors","MRPL30"
3.55735971753849e-39,0.505737617721056,0.41,0.147,1.30202923021626e-34,"Progenitors","MRPS11"
3.74673477216591e-39,0.57607433423368,0.371,0.128,1.37134239396045e-34,"Progenitors","R3HDM1"
3.78250113735284e-39,0.594404915631253,0.392,0.142,1.38443324128251e-34,"Progenitors","GUSB"
3.79257966347965e-39,0.6057058707002,0.55,0.227,1.38812208263019e-34,"Progenitors","CYC1"
3.98430916342215e-39,0.52257045944392,0.991,0.81,1.45829699690414e-34,"Progenitors","SRSF5"
3.98970653488554e-39,0.59256306851276,0.965,0.642,1.46027248883346e-34,"Progenitors","EIF3H"
4.04943536984727e-39,0.375881197809682,0.576,0.23,1.4821338397178e-34,"Progenitors","SUMF2"
4.11496836816642e-39,1.05883969050214,0.266,0.08,1.50611957243259e-34,"Progenitors","MTAP"
4.13241575856974e-39,0.475510409645066,0.359,0.125,1.51250549179411e-34,"Progenitors","CREB3L2"
4.36822108993319e-39,0.340928636543032,0.329,0.108,1.59881260112645e-34,"Progenitors","VRK3"
4.51479751413286e-39,0.294173740740339,0.373,0.131,1.65246103814777e-34,"Progenitors","GIGYF2"
4.52814687692124e-39,0.332197285170576,0.555,0.229,1.65734703842194e-34,"Progenitors","ZNF638"
4.7871312443146e-39,0.508458026566601,0.312,0.099,1.75213790673159e-34,"Progenitors","CIAPIN1"
4.89603300916357e-39,0.559265997708588,0.399,0.144,1.79199704168396e-34,"Progenitors","PTCD3"
5.16108570127865e-39,0.580349615251773,0.261,0.077,1.889008977525e-34,"Progenitors","TSPAN31"
5.18167765506191e-39,0.53208204676622,0.578,0.24,1.89654583852921e-34,"Progenitors","VMA21"
5.24009268309822e-39,0.516892755231739,0.876,0.476,1.91792632294078e-34,"Progenitors","RABAC1"
5.30384650408994e-39,0.513847553899847,0.34,0.115,1.94126085896196e-34,"Progenitors","PIAS2"
5.69594550342379e-39,0.254474365596635,0.648,0.277,2.08477301370814e-34,"Progenitors","BSG"
6.18667958009015e-39,0.349003388473248,0.366,0.128,2.2643865931088e-34,"Progenitors","CABIN1"
6.35423161210209e-39,0.500989982615448,0.371,0.13,2.32571231234549e-34,"Progenitors","SIKE1"
6.85590684718919e-39,0.781306294532796,0.357,0.124,2.50933046513972e-34,"Progenitors","TP53"
6.87829972765308e-39,0.613817849578198,0.904,0.487,2.51752648331831e-34,"Progenitors","DDT"
7.27520452199491e-39,0.545601113094308,0.967,0.675,2.66279760709536e-34,"Progenitors","SNRPD2"
7.95686645403609e-39,0.720506945712341,0.382,0.136,2.91229269084175e-34,"Progenitors","LYRM4"
8.65293154738149e-39,0.307869134043078,0.706,0.31,3.1670594756571e-34,"Progenitors","SNW1"
1.00431068930292e-38,0.497629987674581,0.837,0.439,3.6758775539176e-34,"Progenitors","H2AFV"
1.02626254874709e-38,0.533781050248011,0.354,0.121,3.75622355466924e-34,"Progenitors","GNPAT"
1.11240194203745e-38,0.827809124969867,0.284,0.088,4.07150234805126e-34,"Progenitors","CYFIP1"
1.13765111864665e-38,0.545780188050176,0.865,0.443,4.16391685935862e-34,"Progenitors","NDUFC2"
1.22747172973431e-38,0.636675544432913,0.935,0.61,4.49266927800055e-34,"Progenitors","SNHG5"
1.43537311372005e-38,0.519590053933227,0.716,0.329,5.25360913352674e-34,"Progenitors","GTF2A2"
1.71161097144954e-38,0.534189957986595,0.639,0.27,6.26466731660246e-34,"Progenitors","MRPS15"
1.74474108918715e-38,0.592066065850861,0.345,0.116,6.38592686053389e-34,"Progenitors","ZNHIT6"
1.75266086542591e-38,0.372052635954017,0.401,0.146,6.41491403354537e-34,"Progenitors","ATXN3"
1.79580509801523e-38,0.283000918700103,0.643,0.269,6.57282623924553e-34,"Progenitors","PCMT1"
2.25111197461566e-38,0.652230467077049,0.291,0.092,8.23929493829078e-34,"Progenitors","NFYB"
2.51380132755203e-38,0.518193928225461,0.585,0.242,9.20076423897318e-34,"Progenitors","MRPL43"
2.57278228203644e-38,0.415377391004838,0.329,0.109,9.41664043048156e-34,"Progenitors","ZCCHC9"
2.87184431392806e-38,0.757995823267226,0.282,0.088,1.05112373734081e-33,"Progenitors","CPSF3"
2.89364042556719e-38,0.381263981158541,0.399,0.141,1.05910133216185e-33,"Progenitors","TMEM106B"
2.95210722863774e-38,0.449891914624128,0.354,0.121,1.0805007667537e-33,"Progenitors","VRK1"
3.33582942411182e-38,0.4611708925771,0.545,0.226,1.22094692751917e-33,"Progenitors","SEC63"
3.35197649839018e-38,0.540289534179318,0.354,0.124,1.22685691817579e-33,"Progenitors","ATP2A2"
3.40617068779671e-38,0.486431454750298,1,0.83,1.24669253344048e-33,"Progenitors","RPSA"
3.67628519016672e-38,0.353459863699527,0.534,0.212,1.34555714245292e-33,"Progenitors","ZSWIM7"
3.91351624074625e-38,0.442277598347275,0.452,0.17,1.43238607927554e-33,"Progenitors","CREBZF"
4.30502874820853e-38,0.457997989360788,0.315,0.102,1.57568357213181e-33,"Progenitors","EDEM2"
4.43957744533026e-38,0.292150572014134,0.38,0.132,1.62492974076533e-33,"Progenitors","NUP54"
4.48164921399602e-38,0.354520595532367,0.564,0.229,1.64032842881468e-33,"Progenitors","TSN"
4.53031448188176e-38,0.580485215643665,0.443,0.172,1.65814040351354e-33,"Progenitors","KHSRP"
4.94958582731844e-38,0.489763554852734,0.552,0.226,1.81159790865682e-33,"Progenitors","ARL14EP"
5.08593273467138e-38,0.323556071534342,0.807,0.411,1.86150224021707e-33,"Progenitors","TAOK3"
5.84036601327279e-38,0.549848098311664,0.366,0.127,2.13763236451797e-33,"Progenitors","HSPH1"
6.5453003259012e-38,0.631576543700965,0.28,0.088,2.3956453722831e-33,"Progenitors","ERC1"
7.97719656943736e-38,0.419228267975739,0.811,0.388,2.91973371637977e-33,"Progenitors","LAMTOR5"
8.11363947168135e-38,0.577951353769265,0.312,0.103,2.96967318303009e-33,"Progenitors","ATF7"
8.72450436585009e-38,0.514800380706319,0.34,0.117,3.19325584294479e-33,"Progenitors","CTNNBIP1"
1.03245029351564e-37,0.627891144692299,0.364,0.128,3.77887131929658e-33,"Progenitors","UTP18"
1.04223053984633e-37,0.430652393332984,0.424,0.156,3.81466799889154e-33,"Progenitors","PPIH"
1.07341959038105e-37,0.610978561677835,0.31,0.101,3.92882304275369e-33,"Progenitors","MTG1"
1.12097288003601e-37,0.535160191620976,0.876,0.464,4.1028728382198e-33,"Progenitors","KTN1"
1.14578228701818e-37,0.463521028693889,0.387,0.139,4.19367774871522e-33,"Progenitors","TXNDC9"
1.35037095943613e-37,0.328003178521985,0.427,0.159,4.94249274863216e-33,"Progenitors","ANAPC13"
1.41333059256677e-37,0.476789426765207,0.804,0.367,5.17293130185363e-33,"Progenitors","PSMB6"
1.4505801615068e-37,0.490925522307735,0.443,0.173,5.30926844913104e-33,"Progenitors","SERTAD2"
1.5189885217318e-37,0.444443486632513,0.413,0.155,5.55964988839056e-33,"Progenitors","CCDC47"
1.72442943158893e-37,0.773470029628566,0.301,0.099,6.31158416255866e-33,"Progenitors","MCM5"
1.74717132418138e-37,0.618174192175637,0.459,0.179,6.39482176363628e-33,"Progenitors","MRPL23"
1.97742688170707e-37,0.359532762890182,0.506,0.197,7.23758012973604e-33,"Progenitors","ITPA"
2.01863737619675e-37,0.402163223028828,0.415,0.152,7.38841466061772e-33,"Progenitors","RRAGA"
2.17960838461408e-37,0.487910459327002,0.296,0.094,7.97758464852598e-33,"Progenitors","AUTS2"
2.21339458632569e-37,0.412666644595321,0.298,0.096,8.10124552541065e-33,"Progenitors","RANBP9"
2.23850050349692e-37,0.392999321400776,0.413,0.152,8.19313569284909e-33,"Progenitors","C22orf39"
2.30753148421252e-37,0.467874750439841,0.758,0.351,8.44579598536623e-33,"Progenitors","PDIA6"
2.31080102081133e-37,0.397476615187541,0.485,0.189,8.45776281627156e-33,"Progenitors","DDX50"
2.45351757430905e-37,0.401891774158311,0.62,0.268,8.98011967372855e-33,"Progenitors","UBTF"
2.51377673491379e-37,0.38676589461914,0.277,0.087,9.20067422745797e-33,"Progenitors","AIG1"
2.76429726345474e-37,0.328886249359882,0.524,0.21,1.01176044139707e-32,"Progenitors","RSRC1"
2.76940822273238e-37,0.636769023869382,0.536,0.225,1.01363110360228e-32,"Progenitors","CNIH1"
2.81001638573568e-37,0.528497222742177,0.718,0.327,1.02849409734312e-32,"Progenitors","SLIRP"
2.86079405880668e-37,0.42936800375516,0.555,0.226,1.04707923346383e-32,"Progenitors","DAP3"
2.92068484033303e-37,0.360181542697665,0.646,0.282,1.06899985841029e-32,"Progenitors","TIAL1"
3.05024874875041e-37,0.264456955743876,0.413,0.152,1.11642154453014e-32,"Progenitors","FBXO34"
3.08411281928068e-37,0.357438184488814,0.387,0.138,1.12881613298492e-32,"Progenitors","SHARPIN"
3.08929697565788e-37,0.293801797649144,0.324,0.108,1.13071358606054e-32,"Progenitors","UBXN2A"
3.23280825704793e-37,0.369642365627222,0.359,0.127,1.18324015016211e-32,"Progenitors","CRNKL1"
3.23298676101785e-37,0.425794068199358,0.413,0.155,1.18330548440014e-32,"Progenitors","OPA1"
3.31504568530855e-37,0.678072740626065,0.254,0.076,1.21333987127978e-32,"Progenitors","NOC3L"
3.36543083107409e-37,0.467855719603453,0.298,0.096,1.23178133848143e-32,"Progenitors","WDR73"
3.41826704621566e-37,0.445011583331462,0.767,0.368,1.2511199215854e-32,"Progenitors","MRFAP1"
3.49283077576301e-37,0.556437427422715,0.809,0.389,1.27841099223702e-32,"Progenitors","UQCRFS1"
3.93715866754755e-37,0.435201752257345,0.291,0.093,1.44103944390908e-32,"Progenitors","KMT5A"
4.07580401220054e-37,0.657946114597187,0.352,0.124,1.49178502650552e-32,"Progenitors","MTR"
4.35100419952864e-37,0.258982399877626,0.443,0.168,1.59251104706948e-32,"Progenitors","EIF4A3"
5.36476486285873e-37,0.269731469385711,0.522,0.207,1.96355758745492e-32,"Progenitors","MCRIP1"
5.60094588573926e-37,0.397232765225556,0.406,0.152,2.05000220363943e-32,"Progenitors","WAC-AS1"
5.60300004428943e-37,0.622830326529368,0.259,0.078,2.05075404621037e-32,"Progenitors","CAAP1"
5.62611142512094e-37,0.541372125668703,0.399,0.145,2.05921304270852e-32,"Progenitors","MRPS18B"
5.80522410663686e-37,0.468708339850556,0.448,0.17,2.12477007527016e-32,"Progenitors","PSMG4"
5.99292846193791e-37,0.556651637584923,0.326,0.111,2.19347174635389e-32,"Progenitors","PALM2-AKAP2"
6.06809531756942e-37,0.611442574851078,0.291,0.093,2.22098356718358e-32,"Progenitors","C18orf21"
6.86639514385555e-37,0.544511242109483,0.261,0.079,2.51316928660257e-32,"Progenitors","DDX41"
7.13948632642666e-37,0.71539378274126,0.27,0.084,2.61312339033542e-32,"Progenitors","NUP37"
7.30147322986984e-37,0.6023071233236,0.28,0.088,2.67241221686466e-32,"Progenitors","CASD1"
7.30756610915557e-37,0.275032500315776,0.555,0.228,2.67464227161203e-32,"Progenitors","POLR2E"
7.32578588622035e-37,0.30811861770132,0.534,0.213,2.68131089221551e-32,"Progenitors","LYRM2"
7.3301390166819e-37,0.293408154280021,0.331,0.113,2.68290418149574e-32,"Progenitors","ARL6IP6"
7.47129939899961e-37,0.617870745733665,0.284,0.09,2.73457029302785e-32,"Progenitors","GTPBP8"
7.49328256342166e-37,0.471941982535994,0.594,0.254,2.74261635103796e-32,"Progenitors","NIFK"
7.516543291164e-37,0.367393273533033,0.401,0.147,2.75113000999894e-32,"Progenitors","EXOC4"
7.61642669162567e-37,0.381622164137053,0.445,0.173,2.78768833340191e-32,"Progenitors","MLXIP"
8.16314612328291e-37,0.442064889135328,0.727,0.322,2.98779311258278e-32,"Progenitors","PFDN2"
8.34388733864892e-37,0.659120403007593,0.462,0.182,3.05394620481889e-32,"Progenitors","CCDC6"
8.44015689785706e-37,0.448977747011866,0.259,0.078,3.08918182618466e-32,"Progenitors","ZNF12"
8.50429841511008e-37,0.623303474695076,0.27,0.084,3.11265826291444e-32,"Progenitors","SOCS4"
8.60502552501301e-37,0.496314572592878,0.289,0.091,3.14952539241001e-32,"Progenitors","FASTKD2"
9.25347430866703e-37,0.473770982980326,0.252,0.076,3.38686413171522e-32,"Progenitors","ZNF654"
1.06990350286614e-36,0.275618547733544,0.499,0.197,3.91595381084037e-32,"Progenitors","PSMD11"
1.1147694731108e-36,0.624307812811781,0.301,0.098,4.08016774853283e-32,"Progenitors","ZNF121"
1.15086701660093e-36,0.647113948624808,0.385,0.142,4.21228836746106e-32,"Progenitors","PTDSS1"
1.19213562696849e-36,0.702632577409646,0.716,0.346,4.36333560826737e-32,"Progenitors","ATP5MC1"
1.20045286674972e-36,0.511312275863611,0.825,0.416,4.39377753759064e-32,"Progenitors","MZT2A"
1.40383423778382e-36,0.342312262344143,0.452,0.178,5.13817369371255e-32,"Progenitors","DCUN1D1"
1.65613267759928e-36,0.386335786148112,0.417,0.156,6.06161121328113e-32,"Progenitors","PSPC1"
1.68878850084632e-36,0.292447686161275,0.289,0.093,6.1811347919476e-32,"Progenitors","UBN2"
1.7876383029507e-36,0.439234464298343,0.469,0.187,6.54293495262984e-32,"Progenitors","HEXA"
1.83272588205201e-36,0.276482879857117,0.625,0.267,6.70796000089855e-32,"Progenitors","AP2B1"
1.92108104940335e-36,0.330480717082993,0.464,0.176,7.03134874892121e-32,"Progenitors","CCDC115"
2.01898749534234e-36,0.397391102128949,0.734,0.332,7.38969613170251e-32,"Progenitors","MAGOH"
2.08850935000075e-36,0.655513616466636,0.268,0.083,7.64415307193775e-32,"Progenitors","DDX10"
2.13824652376683e-36,0.482496335247288,0.252,0.076,7.82619610163898e-32,"Progenitors","PLAA"
2.32179339601689e-36,0.401418060628102,0.455,0.175,8.49799600876141e-32,"Progenitors","PSENEN"
2.43845398700692e-36,0.699052675860501,0.298,0.098,8.92498543784402e-32,"Progenitors","UBL7"
2.62910805476346e-36,0.743075067930115,0.273,0.086,9.62279839123975e-32,"Progenitors","FXN"
2.6906918606713e-36,0.312102826271679,0.394,0.145,9.84820127924303e-32,"Progenitors","DCAF8"
2.82817058472941e-36,0.416763474402632,0.59,0.252,1.03513871571681e-31,"Progenitors","SDHC"
2.82973957560273e-36,0.711117844468308,0.291,0.095,1.03571298206636e-31,"Progenitors","SRP68"
2.92281558216581e-36,0.602312726768207,0.382,0.14,1.06977973122851e-31,"Progenitors","UQCC2"
4.06775704908463e-36,0.650822826584975,0.357,0.127,1.48883975753547e-31,"Progenitors","BMS1"
4.19284486445951e-36,0.360677702375167,0.408,0.15,1.53462314884083e-31,"Progenitors","GOPC"
4.22146688406741e-36,0.644949196428428,0.445,0.176,1.54509909423751e-31,"Progenitors","SSRP1"
4.89011569819597e-36,0.281392751078687,0.51,0.207,1.78983124669671e-31,"Progenitors","SMS"
4.96651755289805e-36,0.672493826347611,0.331,0.116,1.81779508953622e-31,"Progenitors","ZHX1"
5.08422730471674e-36,0.540586399664854,0.949,0.571,1.86087803579937e-31,"Progenitors","TMEM258"
5.11407527928916e-36,0.363117394072456,0.361,0.127,1.87180269297263e-31,"Progenitors","ZC3H8"
5.76635174656627e-36,0.293714365237486,0.704,0.326,2.11054240276072e-31,"Progenitors","AC004687.1"
6.65993437184695e-36,0.740424175287086,0.261,0.081,2.4376025794397e-31,"Progenitors","MTIF2"
6.74783036468285e-36,0.434312953786107,0.751,0.344,2.46977339177757e-31,"Progenitors","SNRPD3"
8.0231118015589e-36,0.484852617162737,0.406,0.151,2.93653915048857e-31,"Progenitors","SNRNP40"
8.30764559371343e-36,0.461228608940485,0.329,0.111,3.04068136375505e-31,"Progenitors","TMEM242"
8.58170957078049e-36,0.305116510185028,0.487,0.193,3.14099152000137e-31,"Progenitors","PPP2R1A"
8.76204161946751e-36,0.39987744151753,0.303,0.101,3.2069948531413e-31,"Progenitors","TRIM27"
1.08827779182527e-35,0.525790190991245,0.413,0.158,3.98320554585966e-31,"Progenitors","RAD50"
1.10743821190872e-35,0.333211900323078,0.727,0.325,4.0533345994071e-31,"Progenitors","EIF4H"
1.1241329665632e-35,0.421676982035804,0.336,0.115,4.11443907091796e-31,"Progenitors","ARL16"
1.20745054459455e-35,0.423524467043223,0.361,0.128,4.41938973827051e-31,"Progenitors","PCID2"
1.28346924034232e-35,0.571547045965843,0.534,0.224,4.69762576657691e-31,"Progenitors","ABCE1"
1.2934962336443e-35,0.427407875061199,0.403,0.15,4.7343255647615e-31,"Progenitors","GET3"
1.35798294702681e-35,0.310370814858648,0.389,0.141,4.97035338441283e-31,"Progenitors","TRIM52-AS1"
1.59958298156019e-35,0.366767708832012,0.38,0.142,5.85463367080847e-31,"Progenitors","RREB1"
1.72255206846615e-35,0.391148814668381,0.448,0.171,6.30471282579295e-31,"Progenitors","ZNF32"
1.7452325665669e-35,0.409767099654117,0.392,0.144,6.38772571689151e-31,"Progenitors","MALSU1"
1.81869257664409e-35,0.498678056340611,0.338,0.118,6.65659669977504e-31,"Progenitors","GPATCH11"
1.84495723871468e-35,0.386684205094348,0.427,0.161,6.75272798941962e-31,"Progenitors","NSMCE4A"
2.0844823040746e-35,0.539755750849054,0.27,0.086,7.62941368114345e-31,"Progenitors","TRAPPC11"
2.11153607199183e-35,0.652599338436511,0.303,0.101,7.7284331770973e-31,"Progenitors","TOMM70"
2.18227327302284e-35,0.403459136019841,0.406,0.155,7.98733840659088e-31,"Progenitors","ZNF431"
2.47375191317221e-35,0.647449976080723,0.315,0.107,9.0541793774016e-31,"Progenitors","AC118549.1"
2.52683863630327e-35,0.393378025150546,0.545,0.226,9.24848209273358e-31,"Progenitors","NAA10"
2.67762681722729e-35,0.52306139106415,0.343,0.119,9.8003819137336e-31,"Progenitors","PRORP"
2.74336338667626e-35,0.336856455988523,0.648,0.289,1.00409843315738e-30,"Progenitors","MEF2C"
2.87892768490003e-35,0.539453930071509,0.45,0.176,1.05371632195026e-30,"Progenitors","COMMD1"
3.17471631275557e-35,0.34958232138858,0.361,0.129,1.16197791763167e-30,"Progenitors","CCDC32"
3.31321000660306e-35,0.283265827323409,0.636,0.283,1.21266799451679e-30,"Progenitors","OGT"
3.42024505576401e-35,0.340611278947157,0.38,0.135,1.25184389286019e-30,"Progenitors","STMN3"
3.46761349234746e-35,0.623425075265329,0.282,0.092,1.26918121433409e-30,"Progenitors","GPN3"
3.7123195285712e-35,0.343407652419147,0.578,0.241,1.35874607065235e-30,"Progenitors","EMC6"
3.78698295506983e-35,0.441123756514985,0.802,0.39,1.38607363138511e-30,"Progenitors","PDCD6"
3.90574737385901e-35,0.469836658520448,0.42,0.161,1.42954259630614e-30,"Progenitors","WASHC3"
3.93499784387688e-35,0.401087169123716,0.629,0.272,1.44024856083738e-30,"Progenitors","DNAJC19"
3.99836685799383e-35,0.667799928166452,0.697,0.333,1.46344225369432e-30,"Progenitors","RANBP1"
4.0417521756251e-35,0.360405303528826,0.851,0.418,1.47932171380054e-30,"Progenitors","PRDX5"
4.2820786895648e-35,0.374795104610409,0.315,0.105,1.56728362116761e-30,"Progenitors","PRPS1"
5.15561111377688e-35,0.443805706725562,0.685,0.31,1.88700522375348e-30,"Progenitors","PDCD2"
5.39906219113831e-35,0.513890858314451,0.315,0.107,1.97611075257853e-30,"Progenitors","THOC1"
6.18978052607001e-35,0.344008111837522,0.466,0.185,2.26552157034688e-30,"Progenitors","DDB1"
7.00710086850794e-35,0.478053680662815,0.552,0.239,2.56466898888259e-30,"Progenitors","MAN1A2"
7.5717864996898e-35,0.335455081819865,0.324,0.112,2.77134957675146e-30,"Progenitors","FAF2"
7.8482877390981e-35,0.408097677336237,0.662,0.296,2.87255179538729e-30,"Progenitors","PSMA3"
9.22755496936218e-35,0.395851858758102,0.51,0.208,3.37737739433625e-30,"Progenitors","GLOD4"
9.88189416288819e-35,0.723638133473842,0.436,0.175,3.61687208255871e-30,"Progenitors","CITED2"
9.93553138786582e-35,0.31242414493809,0.317,0.107,3.63650384327277e-30,"Progenitors","C14orf119"
1.09388158739883e-34,0.283706898207898,0.667,0.295,4.00371599803847e-30,"Progenitors","GLRX5"
1.23705105628206e-34,0.641145516134589,0.364,0.133,4.52773057109798e-30,"Progenitors","NOP14"
1.27078127112401e-34,0.570817277731736,0.298,0.101,4.65118653044097e-30,"Progenitors","IPO9"
1.32724202174407e-34,0.679898951914376,0.275,0.089,4.85783852378547e-30,"Progenitors","HDHD2"
1.37424072654378e-34,0.450702501951329,0.345,0.123,5.02985848322288e-30,"Progenitors","ZPR1"
1.39637731248824e-34,0.289448018128507,0.431,0.166,5.11088060143822e-30,"Progenitors","PUS7L"
1.50219482774333e-34,0.356741373579624,0.744,0.337,5.49818328902337e-30,"Progenitors","MEAF6"
1.62186915976028e-34,0.577631703965247,0.275,0.089,5.93620331163859e-30,"Progenitors","EXOSC10"
1.65270023707808e-34,0.287343533867771,0.382,0.143,6.0490481377295e-30,"Progenitors","ARPC1A"
1.67148650474488e-34,0.433396532370126,1,0.853,6.11780775601674e-30,"Progenitors","RPL18A"
1.67305480012027e-34,0.325954471739213,0.837,0.409,6.12354787392019e-30,"Progenitors","RBM4"
1.76921446787381e-34,0.357249949210783,0.417,0.161,6.47550187386493e-30,"Progenitors","ANXA4"
1.8679180044069e-34,0.529656117351983,0.298,0.1,6.83676668792968e-30,"Progenitors","AC009107.2"
2.06132484441274e-34,0.453634690150184,0.998,0.772,7.54465506303507e-30,"Progenitors","CCNI"
2.06767496987621e-34,0.460122669947203,0.345,0.123,7.56789715724391e-30,"Progenitors","HDDC3"
2.07164974418559e-34,0.268904726368169,0.592,0.248,7.58244522869367e-30,"Progenitors","TMED9"
2.24651868887912e-34,0.396950262227382,0.443,0.175,8.22248305316645e-30,"Progenitors","BABAM1"
2.2514134214025e-34,0.732534872497389,0.27,0.088,8.2403982636753e-30,"Progenitors","RFK"
2.38639278032523e-34,0.574174421577714,0.301,0.102,8.73443621526836e-30,"Progenitors","RING1"
2.65953333822617e-34,0.397502189964929,0.981,0.682,9.73415797124161e-30,"Progenitors","HNRNPC"
2.90461988759666e-34,0.31047134126379,0.338,0.12,1.06311992505925e-29,"Progenitors","UBA3"
2.93339934651858e-34,0.293252829798695,0.865,0.452,1.07365349481927e-29,"Progenitors","RSRP1"
3.18442973357291e-34,0.410107964097788,0.688,0.319,1.16553312678502e-29,"Progenitors","STRAP"
3.49565704740911e-34,0.406158391349923,0.811,0.399,1.27944543592221e-29,"Progenitors","OCIAD1"
3.53052923129068e-34,0.550329367057601,0.268,0.086,1.2922090039447e-29,"Progenitors","ZNF720"
3.84635951618211e-34,0.671529194848564,0.375,0.141,1.40780604651782e-29,"Progenitors","DHRS4L2"
3.99148314833883e-34,0.511489800459358,0.291,0.097,1.4609227471235e-29,"Progenitors","CSTF2T"
4.22908902679566e-34,0.540379713734862,0.31,0.106,1.54788887469748e-29,"Progenitors","SNX4"
4.40157391209222e-34,0.742372241481944,0.261,0.084,1.61102006756487e-29,"Progenitors","EIPR1"
4.41885650123133e-34,0.360033595814413,0.322,0.112,1.61734566801568e-29,"Progenitors","SPTSSA"
4.57530650024882e-34,0.429304607820599,0.758,0.355,1.67460793215607e-29,"Progenitors","TMEM230"
4.77825826814614e-34,0.342783195763209,0.688,0.313,1.74889030872417e-29,"Progenitors","PDAP1"
4.7945455596629e-34,0.699239644608904,0.277,0.091,1.75485162029222e-29,"Progenitors","SMARCAD1"
4.97327625986419e-34,0.600641275850417,0.266,0.085,1.82026884387289e-29,"Progenitors","CXXC1"
5.78922240184933e-34,0.313259382906301,0.578,0.245,2.11891329130087e-29,"Progenitors","GLO1"
5.98032151945548e-34,0.546400605749081,0.305,0.105,2.1888574793359e-29,"Progenitors","SLC25A46"
6.6385622005296e-34,0.380475487972472,0.683,0.305,2.42978015101584e-29,"Progenitors","PHB"
6.77115752322919e-34,0.360853456669727,0.38,0.141,2.47831136507711e-29,"Progenitors","EIF2B1"
7.50865486546262e-34,0.495515803416112,0.31,0.106,2.74824276730797e-29,"Progenitors","ZNF83"
8.40301884490734e-34,0.408748219033103,0.725,0.337,3.07558892742454e-29,"Progenitors","SSR3"
8.72442014729682e-34,0.41744308033689,0.627,0.283,3.19322501811211e-29,"Progenitors","DHX9"
8.82952930130623e-34,0.465368523528941,0.699,0.333,3.2316960195711e-29,"Progenitors","PSMB4"
8.95036888144799e-34,0.534443941996587,0.284,0.095,3.27592451429878e-29,"Progenitors","ECPAS"
9.33615433517334e-34,0.509563330427859,0.876,0.462,3.4171258482168e-29,"Progenitors","COX7A2L"
1.04436507540242e-33,0.332740662871848,0.716,0.334,3.82248061248041e-29,"Progenitors","BRD7"
1.04927997728326e-33,0.448218482854909,0.368,0.136,3.84046964485447e-29,"Progenitors","NUP42"
1.15937996227546e-33,0.499194453040557,0.289,0.097,4.24344659992439e-29,"Progenitors","MSRA"
1.17952114695906e-33,0.305983649158015,0.578,0.245,4.31716534998484e-29,"Progenitors","COPZ1"
1.1832907100835e-33,0.591065390482537,0.294,0.1,4.33096232797661e-29,"Progenitors","METTL21A"
1.18465492477919e-33,0.30127257921716,0.329,0.115,4.33595549018433e-29,"Progenitors","TSPAN32"
1.2419838034721e-33,0.523664256779035,0.368,0.138,4.54578491908825e-29,"Progenitors","GANAB"
1.2454376543335e-33,0.553748692032384,0.256,0.081,4.55842635862605e-29,"Progenitors","ZNF736"
1.36964298715209e-33,0.361802402207,0.811,0.425,5.01303029727535e-29,"Progenitors","ARID1B"
1.58387689098863e-33,0.674252886966751,0.259,0.082,5.79714780870749e-29,"Progenitors","ZNF195"
1.6363408510156e-33,0.597596880226296,0.385,0.147,5.98917114880221e-29,"Progenitors","BCCIP"
1.67913769763722e-33,0.535273169314735,0.282,0.093,6.14581188712198e-29,"Progenitors","IQCB1"
1.67934807731551e-33,0.559193327597789,0.31,0.108,6.14658189778249e-29,"Progenitors","GGCX"
1.81522921727103e-33,0.458544676055503,0.27,0.089,6.64392045813371e-29,"Progenitors","LUZP1"
1.85945810361387e-33,0.403083164095908,0.517,0.217,6.80580260503714e-29,"Progenitors","MRPL47"
1.8868394216619e-33,0.368926835273454,0.73,0.335,6.90602096722471e-29,"Progenitors","DCTN3"
1.91007656967383e-33,0.334166097254393,0.634,0.279,6.9910712526632e-29,"Progenitors","RNF181"
1.97692463618417e-33,0.389119913429526,0.35,0.127,7.23574186089769e-29,"Progenitors","PPID"
2.2318634689858e-33,0.378533383583781,0.508,0.212,8.16884348283494e-29,"Progenitors","PSMF1"
2.40459909887922e-33,0.627839455209466,0.317,0.111,8.80107316180785e-29,"Progenitors","SKA2"
2.41596663878338e-33,0.53226771878972,0.368,0.137,8.84267949461107e-29,"Progenitors","WDR46"
2.63037618321251e-33,0.801743247449505,0.256,0.083,9.6274398681761e-29,"Progenitors","SNUPN"
2.69015390634479e-33,0.287139424259482,0.275,0.091,9.84623231261257e-29,"Progenitors","MAP3K7"
2.70248147912774e-33,0.429999434565484,1,0.872,9.89135246175543e-29,"Progenitors","RPL32"
2.74044329148209e-33,0.370865483538734,0.967,0.648,1.00302964911536e-28,"Progenitors","MORF4L1"
2.81140526572865e-33,0.460330196018321,0.41,0.158,1.02900244130934e-28,"Progenitors","TMEM141"
2.82912131904967e-33,0.364787953517143,0.797,0.41,1.03548669398537e-28,"Progenitors","SRSF11"
3.1022647422086e-33,0.474820263823137,0.305,0.106,1.13545991829577e-28,"Progenitors","GALNT2"
3.18098897086528e-33,0.339163380328057,0.564,0.245,1.1642737732264e-28,"Progenitors","ZNF644"
3.23909183849278e-33,0.335304294432353,0.252,0.079,1.18554000380674e-28,"Progenitors","RBM10"
3.31189025259492e-33,0.278469551638056,0.31,0.108,1.21218495135227e-28,"Progenitors","VAMP7"
3.4083564520143e-33,0.428315842417768,0.41,0.158,1.24749254500175e-28,"Progenitors","MRPL36"
3.67807542824561e-33,0.499489776056477,0.846,0.424,1.34621238749218e-28,"Progenitors","RNF7"
3.84833899692996e-33,0.443936934227802,0.378,0.141,1.40853055626633e-28,"Progenitors","CWC27"
3.88837743467368e-33,0.372874783599494,0.485,0.202,1.42318502486491e-28,"Progenitors","DDX42"
4.03900427816087e-33,0.481716903178864,0.331,0.118,1.47831595584966e-28,"Progenitors","ZBED5"
4.50544863606649e-33,0.809775135205722,0.284,0.096,1.64903925528669e-28,"Progenitors","ZNF141"
4.7042514354372e-33,0.451549810026214,0.27,0.088,1.72180306788437e-28,"Progenitors","SPECC1L"
6.12521710154584e-33,0.549982693662907,0.254,0.082,2.24189071133679e-28,"Progenitors","TTBK2"
6.38204430264389e-33,0.509711729678,0.543,0.239,2.33589203521069e-28,"Progenitors","EIF3B"
6.42993825155397e-33,0.461535635321678,0.263,0.085,2.35342169945127e-28,"Progenitors","RNFT1"
7.15623115103538e-33,0.372083645646663,0.387,0.145,2.61925216359046e-28,"Progenitors","RDH14"
7.97003275932171e-33,0.347746458540974,0.977,0.703,2.91711169023934e-28,"Progenitors","NAP1L1"
8.55370202760804e-33,0.519281312188157,0.263,0.086,3.13074047912482e-28,"Progenitors","ELP4"
8.58029150871488e-33,0.384715550876543,0.275,0.091,3.14047249510473e-28,"Progenitors","CDC16"
1.11759147185051e-32,0.46372571492957,0.725,0.348,4.09049654612004e-28,"Progenitors","NDUFC1"
1.23292986545755e-32,0.492602513173074,0.883,0.505,4.51264660056118e-28,"Progenitors","TRMT112"
1.23452476486042e-32,0.295725241350299,0.762,0.378,4.51848409186561e-28,"Progenitors","PRPF40A"
1.27102502152162e-32,0.577825388241998,0.909,0.576,4.65207868127128e-28,"Progenitors","RAN"
1.3791212023377e-32,0.451570299477922,0.893,0.449,5.04772151267621e-28,"Progenitors","SEC11A"
1.49519801022047e-32,0.489940546144093,0.399,0.154,5.47257423720796e-28,"Progenitors","MRPS26"
1.53267037830019e-32,0.495909250023289,0.31,0.108,5.60972685161651e-28,"Progenitors","SGF29"
1.58495020010977e-32,0.376933419743613,0.669,0.31,5.80107622742175e-28,"Progenitors","RBM17"
1.69835576914692e-32,0.413939302887993,0.443,0.177,6.21615195065463e-28,"Progenitors","EEF1E1"
1.75094667684913e-32,0.39946488589428,0.315,0.112,6.4086399319355e-28,"Progenitors","PANK3"
1.89175631486919e-32,0.380724698963271,0.331,0.119,6.92401728805272e-28,"Progenitors","NOL12"
1.9837260421516e-32,0.345082053638493,0.434,0.171,7.26063568687907e-28,"Progenitors","CCNC"
1.99643447912806e-32,0.527231730742616,0.329,0.118,7.30714983705659e-28,"Progenitors","PUM3"
2.24181964651634e-32,0.390399507179112,0.711,0.333,8.20528408821446e-28,"Progenitors","C17orf49"
2.3479806501182e-32,0.26884773332616,0.298,0.102,8.59384397749762e-28,"Progenitors","STK16"
2.3698279853273e-32,0.45398559147881,0.312,0.109,8.67380740909644e-28,"Progenitors","ASF1A"
2.41257186962364e-32,0.378761504503895,0.387,0.146,8.83025430000947e-28,"Progenitors","NAXE"
3.28628972948949e-32,0.32811292240575,0.534,0.23,1.20281490389045e-27,"Progenitors","FYTTD1"
3.68249519451899e-32,0.441862730615505,0.559,0.246,1.34783006614589e-27,"Progenitors","IAH1"
3.78049183374831e-32,0.328729841945974,0.615,0.268,1.38369781607022e-27,"Progenitors","POLR2I"
3.80362463070933e-32,0.263749890095571,0.455,0.187,1.39216465108592e-27,"Progenitors","ZNF33A"
3.90593880946604e-32,0.383155554546639,0.503,0.213,1.42961266365267e-27,"Progenitors","PRKCSH"
4.02674214529064e-32,0.518485846276985,0.977,0.696,1.47382789259783e-27,"Progenitors","NCL"
4.06321616551216e-32,0.388982118313385,0.653,0.302,1.48717774873911e-27,"Progenitors","APPL1"
4.41744931614407e-32,0.518418801301647,0.902,0.526,1.61683062420189e-27,"Progenitors","CD99"
4.61386790393865e-32,0.514899460961171,0.834,0.422,1.68872179152059e-27,"Progenitors","TMEM14B"
5.1042363772613e-32,0.744576522714449,0.294,0.102,1.86820155644141e-27,"Progenitors","RANGRF"
5.13599563594218e-32,0.450354124610883,0.455,0.186,1.8798257627112e-27,"Progenitors","PDHB"
5.87970165481965e-32,0.281326096115558,0.268,0.089,2.15202960268054e-27,"Progenitors","MAPK6"
8.39263997685293e-32,0.456337007002481,0.399,0.156,3.07179015792794e-27,"Progenitors","ZNF91"
9.9009226274901e-32,0.263681639735363,0.261,0.086,3.62383669088765e-27,"Progenitors","UBE4B"
9.98391003645353e-32,0.331561292275785,0.648,0.302,3.65421091244236e-27,"Progenitors","G3BP1"
9.98415998310176e-32,0.458989229706498,0.38,0.147,3.65430239541508e-27,"Progenitors","C16orf87"
1.01451995878218e-31,0.418253543209549,0.34,0.124,3.71324450113864e-27,"Progenitors","TTC28-AS1"
1.05107320780467e-31,0.340315808321293,0.378,0.146,3.84703304788587e-27,"Progenitors","CBFB"
1.05556153388223e-31,0.430874508670924,0.268,0.09,3.86346077016234e-27,"Progenitors","PGM2"
1.07718244353982e-31,0.332674597741255,0.275,0.094,3.94259546160011e-27,"Progenitors","CSRP1"
1.08182877305016e-31,0.893948347983275,0.354,0.136,3.9596014922409e-27,"Progenitors","SNRNP25"
1.09780450144184e-31,0.33521065823301,0.389,0.148,4.01807425572729e-27,"Progenitors","ZNF639"
1.21637853601909e-31,0.491493093284694,0.252,0.08,4.45206707968347e-27,"Progenitors","FANCF"
1.3288953105888e-31,0.370083185100946,0.445,0.182,4.86388972628606e-27,"Progenitors","C5orf24"
1.44032010566394e-31,0.291762460717112,0.357,0.134,5.27171561874058e-27,"Progenitors","HCG18"
1.52002038409551e-31,0.263563897105474,0.786,0.385,5.56342660782798e-27,"Progenitors","TMEM219"
1.67272769187257e-31,0.274137474840229,0.359,0.136,6.12235062502279e-27,"Progenitors","AC008105.3"
1.73057678155224e-31,0.310246251056594,0.459,0.185,6.33408407815935e-27,"Progenitors","MRPS23"
1.89562982690471e-31,0.606233759547516,0.261,0.087,6.93819472945393e-27,"Progenitors","CRLS1"
1.93642334711771e-31,0.310902357732422,0.562,0.243,7.08750309278555e-27,"Progenitors","PUF60"
2.27683375962083e-31,0.513536646161302,0.979,0.724,8.33343924358818e-27,"Progenitors","SLC25A6"
2.27884987872468e-31,0.321849968036044,0.599,0.263,8.3408184411202e-27,"Progenitors","COPS2"
2.39605260840112e-31,0.478551208418931,0.895,0.501,8.76979215200895e-27,"Progenitors","NDUFA11"
2.66273538229801e-31,0.525885316115672,0.273,0.092,9.74587777274894e-27,"Progenitors","LAS1L"
2.68692424801081e-31,0.42958444449087,0.331,0.12,9.83441144014437e-27,"Progenitors","REXO4"
2.85076055918872e-31,0.277380754854483,0.615,0.266,1.04340687226867e-26,"Progenitors","LAMTOR2"
3.06550198001132e-31,0.412000173449838,0.331,0.122,1.12200437970394e-26,"Progenitors","SCAMP1"
3.47653828039993e-31,0.528927871650826,0.291,0.103,1.27244777600918e-26,"Progenitors","CBWD1"
3.49149078009527e-31,0.462186483778582,0.494,0.211,1.27792054042267e-26,"Progenitors","ARL2BP"
3.57069728413009e-31,0.348476828396947,0.599,0.269,1.30691091296445e-26,"Progenitors","DECR1"
3.60415018862861e-31,0.55326581211689,0.807,0.439,1.31915501053996e-26,"Progenitors","PA2G4"
3.61029464038082e-31,0.307798589125899,0.655,0.299,1.32140394132579e-26,"Progenitors","SUMO3"
3.75319186811849e-31,0.291494846181928,0.667,0.303,1.37370575565005e-26,"Progenitors","TBCB"
4.25331718208378e-31,0.439836749238422,0.294,0.103,1.55675662181448e-26,"Progenitors","PRRC1"
4.3061789656336e-31,0.411341250313836,0.618,0.284,1.57610456321155e-26,"Progenitors","CACYBP"
4.33566875773399e-31,0.300707648987326,0.466,0.191,1.58689812201822e-26,"Progenitors","UQCRC1"
4.35717224948526e-31,0.787764299117586,0.277,0.097,1.5947686150341e-26,"Progenitors","ZADH2"
4.38168446308507e-31,0.458538496873044,0.902,0.496,1.60374033033377e-26,"Progenitors","SF3B5"
4.94411215799709e-31,0.332837250941333,0.548,0.243,1.80959449094852e-26,"Progenitors","FAM89B"
6.801586861017e-31,0.382669685238051,0.266,0.09,2.48944880700083e-26,"Progenitors","CRYL1"
7.49283046158456e-31,0.372684997987712,0.317,0.114,2.74245087724456e-26,"Progenitors","TMEM11"
7.61614574350291e-31,0.51171895482733,0.31,0.112,2.7875855035795e-26,"Progenitors","COA6"
1.11925603153499e-30,0.412096059585264,0.86,0.439,4.0965890010212e-26,"Progenitors","ATP5PB"
1.19052717540288e-30,0.418294351366106,0.28,0.098,4.35744851469206e-26,"Progenitors","HECTD4"
1.48366595135492e-30,0.449072044717653,0.869,0.512,5.43036574855415e-26,"Progenitors","H2AFZ"
1.5516227889129e-30,0.416682403887059,0.914,0.549,5.67909456970011e-26,"Progenitors","HNRNPD"
1.64292339799245e-30,0.36056845774405,0.303,0.109,6.01326392899216e-26,"Progenitors","RAB3GAP1"
1.70248687694283e-30,0.656567439508933,0.254,0.086,6.23127221829844e-26,"Progenitors","PBX3"
1.73858050175189e-30,0.427163488947964,0.308,0.111,6.36337849446209e-26,"Progenitors","TRPV2"
1.81105436318028e-30,0.507082839961893,0.28,0.097,6.62864007467616e-26,"Progenitors","LYRM7"
1.85980090085332e-30,0.476859211009029,0.953,0.622,6.80705727721322e-26,"Progenitors","NSA2"
1.8886729750796e-30,0.321288897002466,0.867,0.46,6.91273195608885e-26,"Progenitors","VPS28"
1.96168319957395e-30,0.409564002192147,0.256,0.086,7.17995667876062e-26,"Progenitors","DCTN5"
1.99645844200975e-30,0.376403507806764,0.277,0.096,7.30723754359988e-26,"Progenitors","DELE1"
1.99965609532182e-30,0.31680491744006,0.834,0.462,7.31894127448739e-26,"Progenitors","ATRX"
2.01780335383353e-30,0.349947675758871,0.354,0.133,7.38536205536611e-26,"Progenitors","EXOSC7"
2.30854746194278e-30,0.466186080705446,0.427,0.179,8.44951456545675e-26,"Progenitors","TDG"
2.34337523715435e-30,0.352911581357091,0.438,0.178,8.57698770550863e-26,"Progenitors","PRPF31"
2.39440724535138e-30,0.285810426361541,0.476,0.198,8.76376995871059e-26,"Progenitors","PDCL3"
2.43558980478753e-30,0.340551130856631,0.266,0.089,8.91450224450284e-26,"Progenitors","ANAPC10"
2.86747264463241e-30,0.487680674202663,0.865,0.485,1.04952366266191e-25,"Progenitors","HNRNPR"
2.89184249812709e-30,0.422212183887229,1,0.866,1.0584432727395e-25,"Progenitors","RPS11"
2.93345279979852e-30,0.334602293730318,0.674,0.318,1.07367305925426e-25,"Progenitors","SUPT16H"
2.94966228827118e-30,0.559877039605994,0.261,0.087,1.07960589413014e-25,"Progenitors","ADPRM"
3.08579892801993e-30,0.314206586020504,0.632,0.286,1.12943326564457e-25,"Progenitors","PSMD9"
3.16542234635364e-30,0.459244673822499,0.331,0.123,1.1585762329889e-25,"Progenitors","SYNC"
3.36088981493569e-30,0.447363477840462,0.942,0.586,1.23011928116461e-25,"Progenitors","PTGES3"
3.43258293580593e-30,0.360534337615783,0.301,0.107,1.25635968033433e-25,"Progenitors","DPM2"
4.15689704198061e-30,0.254011510560366,0.364,0.138,1.52146588633532e-25,"Progenitors","TP53TG1"
5.1303339320792e-30,0.489464103345701,0.368,0.145,1.87775352248031e-25,"Progenitors","LTV1"
5.54880224505936e-30,0.29469396596293,0.392,0.154,2.03091710971418e-25,"Progenitors","EXOSC1"
5.84386957424436e-30,0.32208263294852,0.434,0.184,2.13891470286918e-25,"Progenitors","EPSTI1"
6.71961866895523e-30,0.357739210406501,0.758,0.377,2.4594476290243e-25,"Progenitors","CWC15"
6.89138117795206e-30,0.407808987331358,0.662,0.317,2.52231442494223e-25,"Progenitors","SYNCRIP"
7.0532901161886e-30,0.321103961276959,0.524,0.225,2.58157471542619e-25,"Progenitors","PARL"
7.96535673330781e-30,0.493432675257356,0.256,0.086,2.91540021795799e-25,"Progenitors","SLC25A1"
8.13841090337796e-30,0.651391983805761,0.294,0.107,2.97873977474537e-25,"Progenitors","GNL2"
8.20401554820719e-30,0.449772326927434,0.28,0.099,3.00275173079931e-25,"Progenitors","STAU2"
8.40501513842356e-30,0.43342189875064,0.319,0.117,3.07631959081441e-25,"Progenitors","SDR39U1"
9.15131774037973e-30,0.386494800881078,0.424,0.175,3.34947380615639e-25,"Progenitors","GLRX3"
1.02781971921119e-29,0.28059202621393,0.434,0.177,3.76192295428488e-25,"Progenitors","MRPS10"
1.47767720897664e-29,0.400857901596485,0.939,0.567,5.40844635257539e-25,"Progenitors","SOD1"
1.48085078601063e-29,0.285935820753165,0.469,0.194,5.4200619618775e-25,"Progenitors","MRPL40"
1.56477642015883e-29,0.38909394224632,0.503,0.224,5.72723817542332e-25,"Progenitors","LARP1"
1.58571773051314e-29,0.616709726214079,0.508,0.227,5.80388546545114e-25,"Progenitors","SRM"
1.72428133045629e-29,0.523755818985437,0.268,0.094,6.31104209760308e-25,"Progenitors","INTS8"
1.8464213466722e-29,0.378450757330462,0.45,0.188,6.75808677095494e-25,"Progenitors","HINT2"
1.96679914281534e-29,0.281942747490571,0.329,0.123,7.19868154261843e-25,"Progenitors","NFATC2"
1.97008756142168e-29,0.31422957901989,0.326,0.121,7.2107174835595e-25,"Progenitors","EXOSC9"
1.99386902291518e-29,0.454580305533421,0.298,0.108,7.29776001077187e-25,"Progenitors","COPS8"
2.04829982593889e-29,0.338003188612074,0.503,0.22,7.49698219291892e-25,"Progenitors","NARS"
2.1166546189229e-29,0.404096814602133,1,0.838,7.74716757071969e-25,"Progenitors","RPL35"
2.2350863418192e-29,0.481822172619238,0.527,0.238,8.18063951969246e-25,"Progenitors","NOP58"
2.49208369958086e-29,0.259303980281297,0.399,0.163,9.1212755488359e-25,"Progenitors","SNAP29"
2.49522727595676e-29,0.515496690414004,0.972,0.656,9.13278135272932e-25,"Progenitors","HMGN2"
2.55817158974101e-29,0.387565014958925,1,0.882,9.36316383561105e-25,"Progenitors","RPS12"
2.6617306580338e-29,0.365607822286547,0.963,0.606,9.74220038146951e-25,"Progenitors","ARGLU1"
2.71727184918046e-29,0.557101383022747,0.261,0.09,9.94548669518542e-25,"Progenitors","APEH"
2.75410421436125e-29,0.509607834525086,0.308,0.114,1.00802968349836e-24,"Progenitors","SOS1"
2.8313605139121e-29,0.250042888208685,0.291,0.103,1.03630626169697e-24,"Progenitors","AKT3"
3.09605037934969e-29,0.317380959355403,0.27,0.094,1.13318539934578e-24,"Progenitors","MCRS1"
3.12530954042245e-29,0.465051909162205,0.296,0.108,1.14389454489002e-24,"Progenitors","ZC3H14"
3.27493347122614e-29,0.25342003745703,0.469,0.198,1.19865839980348e-24,"Progenitors","HSPA4"
3.750197852858e-29,0.297860749338857,0.443,0.181,1.37260991612456e-24,"Progenitors","DGCR6L"
3.88889141241297e-29,0.296562892716501,0.522,0.225,1.42337314585727e-24,"Progenitors","CLPP"
4.16827194854571e-29,0.3511130253731,0.951,0.526,1.52562921588722e-24,"Progenitors","GNG5"
4.72577967258656e-29,0.375140345348731,0.333,0.127,1.72968261796341e-24,"Progenitors","PLPBP"
5.25566168796462e-29,0.70728388074099,0.27,0.095,1.92362473441193e-24,"Progenitors","QDPR"
5.33351938190572e-29,0.335451890954429,0.35,0.135,1.95212142897131e-24,"Progenitors","SS18"
6.24573641847403e-29,0.299858479671422,0.301,0.11,2.28600198652568e-24,"Progenitors","ZEB1"
6.43275462499786e-29,0.444755120429201,0.851,0.446,2.35445252029547e-24,"Progenitors","ERH"
7.27095449327497e-29,0.444131414350533,0.881,0.509,2.66124205408357e-24,"Progenitors","SSBP1"
7.31426669558301e-29,0.34345444621556,0.408,0.167,2.67709475325034e-24,"Progenitors","LINC00667"
8.52107314318786e-29,0.331076386267711,0.312,0.115,3.11879798113819e-24,"Progenitors","FAF1"
1.06822138492782e-28,0.428525447876198,0.89,0.524,3.90979709097433e-24,"Progenitors","EIF1AX"
1.0959451854591e-28,0.317083477636221,0.469,0.2,4.01126897329885e-24,"Progenitors","TMEM208"
1.12275568441066e-28,0.350384452119442,0.38,0.152,4.10939808051145e-24,"Progenitors","CA5B"
1.17150760023151e-28,0.302065400403594,0.427,0.176,4.28783496760734e-24,"Progenitors","API5"
1.21479275545075e-28,0.454898280422034,0.308,0.115,4.44626296422527e-24,"Progenitors","NMD3"
1.25166384833285e-28,0.314004152854036,0.38,0.15,4.58121485128306e-24,"Progenitors","AL592183.1"
1.52253385956511e-28,0.364464350536302,0.254,0.088,5.57262617939425e-24,"Progenitors","DSTYK"
1.5623543396015e-28,0.44511305448103,0.261,0.09,5.71837311837545e-24,"Progenitors","TRMT13"
1.57944632290144e-28,0.308241402273471,0.294,0.106,5.78093148645154e-24,"Progenitors","BLOC1S5"
1.62292231144306e-28,0.505658500420716,0.275,0.097,5.94005795211273e-24,"Progenitors","MRPL24"
1.65707839455363e-28,0.431709996545693,0.322,0.123,6.06507263190575e-24,"Progenitors","GARS"
1.91170764531789e-28,0.318981865900883,0.331,0.125,6.997041152628e-24,"Progenitors","NSUN5"
2.30092436586264e-28,0.258502852509279,0.629,0.291,8.42161327149384e-24,"Progenitors","KRR1"
2.47465235490122e-28,0.340800507639741,0.48,0.207,9.05747508417397e-24,"Progenitors","A1BG"
2.50322719916633e-28,0.471429739388991,0.261,0.09,9.16206187166867e-24,"Progenitors","ENTR1"
2.54673098931233e-28,0.3655470917842,0.298,0.11,9.32129009398208e-24,"Progenitors","TEN1"
3.08672683496225e-28,0.359660886935215,0.31,0.115,1.12977288886453e-23,"Progenitors","B3GAT3"
3.09681421268032e-28,0.381964025076335,0.359,0.143,1.13346496998312e-23,"Progenitors","MFSD14C"
3.37869499412682e-28,0.28917819300143,0.322,0.123,1.23663615480036e-23,"Progenitors","PAXBP1"
3.38724624103021e-28,0.263284857115646,0.48,0.206,1.23976599667947e-23,"Progenitors","CAND1"
3.48848418861025e-28,0.531597614634156,0.364,0.147,1.27682009787324e-23,"Progenitors","NAA15"
3.55489782450211e-28,0.290030383023349,0.338,0.132,1.30112815274602e-23,"Progenitors","NRAS"
3.79849981431334e-28,0.457003247720463,0.988,0.759,1.39028891703682e-23,"Progenitors","CIRBP"
4.31514500507609e-28,0.306368516433262,0.35,0.136,1.5793862233079e-23,"Progenitors","MZT1"
4.72018709960269e-28,0.321138931907834,0.739,0.366,1.72763568032558e-23,"Progenitors","PPHLN1"
5.04452022455052e-28,0.401562582126881,0.331,0.127,1.84634484738773e-23,"Progenitors","EBAG9"
5.69034049718271e-28,0.317577794381767,0.317,0.121,2.08272152537385e-23,"Progenitors","POGK"
6.0578997007069e-28,0.3129775341802,0.401,0.167,2.21725186945573e-23,"Progenitors","SESN3"
6.32470874454211e-28,0.263535168293095,0.387,0.159,2.31490664758986e-23,"Progenitors","SLC66A2"
7.42477449479997e-28,0.378936819243832,0.34,0.134,2.71754171284174e-23,"Progenitors","SETD3"
7.77474663098106e-28,0.273490868907216,0.753,0.362,2.84563501440538e-23,"Progenitors","PPM1G"
9.70724694826611e-28,0.457165164228586,0.284,0.104,3.55294945553488e-23,"Progenitors","ATAD1"
1.06524205296563e-27,0.429055741427325,0.298,0.111,3.8988924380595e-23,"Progenitors","PFDN6"
1.15584349929899e-27,0.434625541520594,0.972,0.615,4.23050279178424e-23,"Progenitors","EIF2S3"
1.25967568087067e-27,0.310263107052083,0.387,0.158,4.61053895955474e-23,"Progenitors","ESF1"
1.37739313095234e-27,0.257511608839404,0.394,0.162,5.04139659859867e-23,"Progenitors","UBAC1"
1.46659843709592e-27,0.284202007661404,0.406,0.167,5.36789693961476e-23,"Progenitors","PSMD14"
1.57547604404609e-27,0.523434275659767,0.259,0.091,5.76639986881311e-23,"Progenitors","LINC01184"
1.73491524425082e-27,0.378372093620456,0.254,0.09,6.34996328548242e-23,"Progenitors","FAM102B"
2.08797037893278e-27,0.373884521853704,0.329,0.127,7.64218038393185e-23,"Progenitors","RRP15"
2.2717886581446e-27,0.390787833382158,0.422,0.177,8.31497366767505e-23,"Progenitors","RABGGTB"
2.28259526070857e-27,0.250134422580019,0.396,0.162,8.35452691371945e-23,"Progenitors","RPIA"
2.3417285006261e-27,0.622905335379968,0.263,0.094,8.57096048514158e-23,"Progenitors","SCAMP3"
2.63491169220862e-27,0.508404209829026,0.296,0.112,9.64404028465277e-23,"Progenitors","NOLC1"
2.89743505396542e-27,0.270752434867885,0.287,0.107,1.06049020410188e-22,"Progenitors","SLC5A3"
3.15008075919525e-27,0.269122416822141,0.494,0.222,1.15296105867305e-22,"Progenitors","ZFR"
3.45290994766356e-27,0.321818735236971,0.911,0.53,1.26379956994434e-22,"Progenitors","TMEM59"
3.48164085071135e-27,0.25257825211983,0.485,0.212,1.27431536776886e-22,"Progenitors","IDH3B"
3.56943154517292e-27,0.304889479352495,0.413,0.173,1.30644763984874e-22,"Progenitors","PRKD3"
3.65920260112305e-27,0.410623205376653,0.27,0.103,1.33930474403705e-22,"Progenitors","JCHAIN"
3.89348479176901e-27,0.441109306234772,0.305,0.116,1.42505436863538e-22,"Progenitors","MAPKAPK5"
4.49993705038329e-27,0.437536364408683,0.967,0.629,1.64702195981079e-22,"Progenitors","NDUFA13"
4.55076899879186e-27,0.363596859009591,1,0.895,1.66562696124781e-22,"Progenitors","RPL39"
4.62904194984827e-27,0.443684965002245,0.993,0.797,1.69427564406397e-22,"Progenitors","PPIA"
4.71147773174646e-27,0.459305173115284,0.958,0.625,1.72444796459652e-22,"Progenitors","TOMM20"
4.79053240121855e-27,0.387376267244527,0.389,0.163,1.75338276417e-22,"Progenitors","TCERG1"
5.18039479216577e-27,0.351275734750686,0.273,0.097,1.89607629788059e-22,"Progenitors","PITPNA-AS1"
5.68055296893528e-27,0.33408199736375,0.522,0.236,2.07913919216e-22,"Progenitors","TMEM179B"
6.90164131684081e-27,0.326634850917035,0.639,0.319,2.5260697383769e-22,"Progenitors","EIF5B"
6.9963804807299e-27,0.476179375912383,0.252,0.088,2.56074521975195e-22,"Progenitors","RAD17"
7.14950157256568e-27,0.361461255487229,0.266,0.095,2.61678907057476e-22,"Progenitors","MAP3K4"
7.74161991941691e-27,0.491733988510747,0.303,0.115,2.83351030670578e-22,"Progenitors","DNPEP"
9.2136017149567e-27,0.409606197701752,0.923,0.565,3.3722703636913e-22,"Progenitors","KRTCAP2"
9.28957157199347e-27,0.362943197647956,0.639,0.304,3.40007609106533e-22,"Progenitors","PDCD5"
1.15361803912633e-26,0.337403091367999,0.776,0.394,4.22235738500627e-22,"Progenitors","LSM3"
1.21105686972864e-26,0.357286817952418,0.585,0.275,4.43258924889381e-22,"Progenitors","UBA2"
1.38767656403504e-26,0.309097326342873,0.333,0.132,5.07903499202464e-22,"Progenitors","SF3B3"
1.42446447277684e-26,0.374191708664696,0.991,0.743,5.21368241681051e-22,"Progenitors","CHCHD2"
1.49994045338237e-26,0.297925869175776,0.303,0.116,5.48993205342483e-22,"Progenitors","TAF8"
1.83339533474028e-26,0.467535803538076,0.282,0.105,6.71041026468289e-22,"Progenitors","SYNJ2BP"
2.49350689020621e-26,0.607607580943113,0.252,0.09,9.12648456884374e-22,"Progenitors","PCNA"
2.82887966889505e-26,0.381022994430885,0.254,0.091,1.03539824761228e-21,"Progenitors","AP3M1"
2.90278939705434e-26,0.347278298627433,0.301,0.115,1.06244994721586e-21,"Progenitors","SCO1"
3.13322832465078e-26,0.282779577415554,0.59,0.276,1.14679289910543e-21,"Progenitors","TFAM"
3.27945162607318e-26,0.420283078839508,0.254,0.091,1.20031208965904e-21,"Progenitors","XPOT"
3.28527934465719e-26,0.372115476268286,0.261,0.094,1.20244509293798e-21,"Progenitors","STK25"
3.60508275902804e-26,0.297101963249794,0.72,0.349,1.31949634063185e-21,"Progenitors","ATRAID"
3.65449390684293e-26,0.403175727229281,0.818,0.434,1.33758131484358e-21,"Progenitors","NOL7"
3.67414963325371e-26,0.608998484651641,0.273,0.102,1.34477550726719e-21,"Progenitors","PRPF19"
3.72337066437136e-26,0.400637354155174,0.368,0.154,1.36279089686656e-21,"Progenitors","AFG3L2"
3.95129865245116e-26,0.547809750394122,0.284,0.107,1.44621481978365e-21,"Progenitors","GPATCH4"
3.99619027157549e-26,0.263182653741519,0.462,0.202,1.46264560129934e-21,"Progenitors","ALYREF"
4.29591801902023e-26,0.535791987884848,0.263,0.097,1.57234895414159e-21,"Progenitors","AP2A2"
4.76673856099357e-26,0.313797709129966,0.282,0.105,1.74467398070926e-21,"Progenitors","RAD51C"
4.81068449059782e-26,0.506870370415034,0.277,0.105,1.76075863040371e-21,"Progenitors","AP1B1"
4.87269282658637e-26,0.469063712762564,0.338,0.137,1.78345430145888e-21,"Progenitors","ICE2"
5.97167186028336e-26,0.25106512505913,0.329,0.132,2.18569161758231e-21,"Progenitors","REV3L"
6.34155803300334e-26,0.265464849641043,0.434,0.185,2.32107365565955e-21,"Progenitors","POP5"
6.34611062230423e-26,0.319711850601601,0.252,0.09,2.32273994886957e-21,"Progenitors","MACO1"
6.57616830488992e-26,0.351151364808825,0.991,0.812,2.40694336127276e-21,"Progenitors","SRP14"
7.33455120923482e-26,0.267853397451415,0.953,0.58,2.68451908809204e-21,"Progenitors","PARK7"
8.72192444208418e-26,0.345425654762403,0.737,0.361,3.19231156504723e-21,"Progenitors","NDUFAB1"
8.75815035206169e-26,0.265183401202241,0.254,0.091,3.2055706103581e-21,"Progenitors","SEC23IP"
9.85591282144467e-26,0.359406997752999,0.359,0.149,3.60736265177696e-21,"Progenitors","ACO2"
1.01339087833179e-25,0.36603721152852,1,0.882,3.70911195378219e-21,"Progenitors","RPL11"
1.01531844467032e-25,0.258137036245065,0.375,0.155,3.71616703933783e-21,"Progenitors","CCDC124"
1.03001233033296e-25,0.289468758330245,0.296,0.113,3.76994813025168e-21,"Progenitors","KIAA0586"
1.09154828224355e-25,0.466725141543416,0.294,0.113,3.99517586783962e-21,"Progenitors","AKAP7"
1.49033202523063e-25,0.403402397125098,0.995,0.814,5.45476424554663e-21,"Progenitors","ATP5MG"
1.55532057442302e-25,0.35929966827608,0.853,0.491,5.69262883444571e-21,"Progenitors","SRSF2"
1.58599193454197e-25,0.298954545251051,0.837,0.456,5.80488907961705e-21,"Progenitors","HNRNPF"
1.618670525446e-25,0.36857174119643,0.417,0.179,5.9244959901849e-21,"Progenitors","COMMD9"
1.75727634966897e-25,0.488407257504936,0.434,0.194,6.43180716742338e-21,"Progenitors","SNHG14"
1.86080062856543e-25,0.32716718610084,0.911,0.52,6.81071638061234e-21,"Progenitors","TCEA1"
2.49655305841497e-25,0.307307691142101,0.27,0.1,9.13763384910462e-21,"Progenitors","ZNF585A"
2.93399501776806e-25,0.278014059950317,0.867,0.459,1.07387151645329e-20,"Progenitors","SCAND1"
3.08548459896139e-25,0.388527167183504,0.294,0.113,1.12931821806586e-20,"Progenitors","MRTO4"
4.795718474674e-25,0.388437383954392,0.974,0.696,1.75528091891543e-20,"Progenitors","NDUFA4"
5.55885651224558e-25,0.470797840322877,0.273,0.103,2.034597072047e-20,"Progenitors","ENOPH1"
5.91233772658077e-25,0.305999539518901,0.368,0.157,2.16397473130583e-20,"Progenitors","OXR1"
6.04279455855418e-25,0.369219701173601,0.998,0.796,2.21172323637642e-20,"Progenitors","UQCRB"
6.33809261019498e-25,0.532892367649926,0.268,0.102,2.31980527625747e-20,"Progenitors","ING5"
7.11434521102403e-25,0.279453859775934,0.862,0.445,2.60392149068691e-20,"Progenitors","ATP6V1F"
7.33941744931925e-25,0.503936393900534,0.273,0.103,2.68630018062534e-20,"Progenitors","UFSP2"
7.5101094685145e-25,0.366794761108771,0.939,0.578,2.74877516657099e-20,"Progenitors","PSMB1"
7.56705719824868e-25,0.345699595522797,0.266,0.099,2.769618605131e-20,"Progenitors","GTF2H3"
1.10277661477818e-24,0.45309231524586,0.315,0.127,4.0362726877496e-20,"Progenitors","GPAA1"
1.22332295305023e-24,0.387343756990407,0.298,0.117,4.47748434045915e-20,"Progenitors","REV1"
1.46199118909725e-24,0.261465236125464,0.641,0.307,5.35103395121486e-20,"Progenitors","LSM4"
1.464550778898e-24,0.35356884693177,0.256,0.095,5.36040230584457e-20,"Progenitors","MED19"
1.56404128243577e-24,0.349084279283872,0.45,0.202,5.72454749784315e-20,"Progenitors","GLUD1"
1.72384961800724e-24,0.262715310234661,0.315,0.124,6.3094619868683e-20,"Progenitors","PSMG3"
1.88444354558538e-24,0.388096384392815,0.289,0.112,6.89725182119706e-20,"Progenitors","RPP38"
1.92653399612476e-24,0.277662877493599,0.298,0.116,7.05130707921623e-20,"Progenitors","THUMPD3"
1.95436006053954e-24,0.262976235227268,0.287,0.11,7.15315325758076e-20,"Progenitors","TIMM10B"
2.04386325584058e-24,0.30932197963935,0.932,0.576,7.4807439027021e-20,"Progenitors","ATP5MPL"
2.21595695944726e-24,0.274662911433203,0.828,0.437,8.11062406727292e-20,"Progenitors","EIF2S2"
2.29125778581672e-24,0.409403669266262,0.904,0.54,8.38623262186779e-20,"Progenitors","TBCA"
2.39997211496098e-24,0.301129332651687,0.83,0.442,8.78413793796868e-20,"Progenitors","SNRPB2"
2.43496742814185e-24,0.254622111316231,0.275,0.106,8.91222428374199e-20,"Progenitors","LEMD3"
2.44970164744501e-24,0.303707057784175,0.308,0.123,8.96615299981347e-20,"Progenitors","HSF1"
3.38251505473008e-24,0.434015544540483,1,0.829,1.23803433518176e-19,"Progenitors","RPL23"
3.48049495149093e-24,0.291035108551644,0.387,0.166,1.2738959571952e-19,"Progenitors","GTPBP4"
3.5567714465577e-24,0.334730539475083,0.814,0.428,1.30181391715459e-19,"Progenitors","SNRPG"
5.52509236794726e-24,0.445647544281474,0.266,0.101,2.02223905759238e-19,"Progenitors","MRPL58"
6.25497922541974e-24,0.361377328426473,1,0.848,2.28938494629588e-19,"Progenitors","RPL36"
6.84667173749525e-24,0.423971197857256,0.27,0.104,2.50595032264064e-19,"Progenitors","CCDC112"
6.96658727843933e-24,0.254960552543882,0.641,0.312,2.54984060978158e-19,"Progenitors","NDUFAF8"
7.39605117051148e-24,0.251887713469936,0.256,0.095,2.70702868891891e-19,"Progenitors","SUPV3L1"
8.82782988012121e-24,0.353395086728135,0.751,0.376,3.23107401442316e-19,"Progenitors","MRPS24"
9.68512199173529e-24,0.293008995181376,0.282,0.111,3.54485150019503e-19,"Progenitors","DCLRE1C"
1.04549173973482e-23,0.37256997293519,0.266,0.1,3.8266043166034e-19,"Progenitors","AARSD1"
1.13248987023477e-23,0.461447496176322,0.35,0.149,4.14502617404628e-19,"Progenitors","SMIM4"
1.13362332287806e-23,0.266740265111298,0.371,0.158,4.14917472406598e-19,"Progenitors","NBEAL1"
1.68196479303954e-23,0.392048475622631,0.97,0.666,6.15615933900402e-19,"Progenitors","RBM3"
1.78954646893091e-23,0.305885594527673,0.888,0.52,6.54991903093402e-19,"Progenitors","SEC61G"
1.98826965853188e-23,0.279652350915238,0.301,0.119,7.27726577719254e-19,"Progenitors","YDJC"
2.09322002085184e-23,0.45039996083293,1,0.814,7.66139459831983e-19,"Progenitors","RPS17"
2.21315980493384e-23,0.308578342548108,0.935,0.599,8.10038620203835e-19,"Progenitors","HNRNPH1"
3.46788655834865e-23,0.275155314226966,0.298,0.12,1.26928115922119e-18,"Progenitors","FNDC3A"
3.66625186610369e-23,0.283026059411919,0.28,0.109,1.34188484551261e-18,"Progenitors","CNOT9"
4.30398534261908e-23,0.505589411615649,0.289,0.119,1.57530167525201e-18,"Progenitors","CYSLTR1"
4.58188465596785e-23,0.254130789265163,0.254,0.096,1.67701560293079e-18,"Progenitors","POLDIP3"
5.7499028781635e-23,0.337017031674872,0.83,0.458,2.10452195243662e-18,"Progenitors","UQCRQ"
6.260205250113e-23,0.38613594001281,0.282,0.112,2.29129772359386e-18,"Progenitors","GPS1"
7.47438540619315e-23,0.427686287041548,0.93,0.564,2.73569980252075e-18,"Progenitors","NDUFB11"
8.69394905033842e-23,0.309366301181192,0.333,0.14,3.18207229191437e-18,"Progenitors","MCPH1"
8.74845092785318e-23,0.617970747587455,0.254,0.1,3.20202052410354e-18,"Progenitors","C5orf15"
8.78735042159969e-23,0.488640809673693,0.618,0.323,3.2162581278097e-18,"Progenitors","SATB1"
8.86175437135509e-23,0.267125172594153,0.559,0.27,3.24349071745968e-18,"Progenitors","VAMP5"
1.03537239894475e-22,0.311285217334531,0.338,0.145,3.78956651737768e-18,"Progenitors","IBTK"
1.09154752122667e-22,0.443967177090455,0.284,0.114,3.99517308244173e-18,"Progenitors","NDUFAF2"
1.21332737831781e-22,0.385572288116667,0.776,0.423,4.44089953738101e-18,"Progenitors","HSPE1"
1.4400026452386e-22,0.287593738726793,0.256,0.098,5.27055368183779e-18,"Progenitors","TMEM192"
1.68998901159475e-22,0.468673689834792,0.263,0.103,6.18552878133794e-18,"Progenitors","ELOVL1"
1.9425120259981e-22,0.271309263231591,0.762,0.39,7.10978826635564e-18,"Progenitors","PSMC5"
2.05879152983524e-22,0.286952214090165,0.28,0.11,7.53538287834995e-18,"Progenitors","SLC25A26"
2.25701523920891e-22,0.270574519497523,0.387,0.174,8.26090147702851e-18,"Progenitors","MAP4"
2.60172188879165e-22,0.340656486018062,0.401,0.183,9.52256228516633e-18,"Progenitors","UFL1"
2.73300990208262e-22,0.264074148687285,0.874,0.504,1.00030895426126e-17,"Progenitors","RPS27L"
2.84307948841262e-22,0.305672065155061,0.336,0.144,1.0405955235539e-17,"Progenitors","TMEM41B"
3.93743201864982e-22,0.357562061623539,0.317,0.132,1.44113949314602e-17,"Progenitors","STN1"
4.03839853814951e-22,0.273690151092081,0.804,0.441,1.4780942489481e-17,"Progenitors","U2SURP"
4.74328819910418e-22,0.34717639136071,0.259,0.101,1.73609091375412e-17,"Progenitors","ZBTB10"
5.70776520766901e-22,0.346248763572553,0.923,0.597,2.08909914365893e-17,"Progenitors","NUCKS1"
9.64772689938215e-22,0.342028834244845,0.914,0.587,3.53116452244286e-17,"Progenitors","XRCC5"
9.84378538878982e-22,0.27064310911638,0.918,0.517,3.60292389015096e-17,"Progenitors","BRK1"
1.16857568341544e-21,0.328507933663242,0.963,0.645,4.27710385886884e-17,"Progenitors","SSR2"
1.43852254605014e-21,0.323469216028823,0.814,0.441,5.26513637079811e-17,"Progenitors","XRCC6"
2.08187391916434e-21,0.531311711473161,0.261,0.105,7.61986673153339e-17,"Progenitors","CBR1"
2.42835854049562e-21,0.274990223802081,0.413,0.189,8.88803509406801e-17,"Progenitors","TIMM10"
2.68272593804556e-21,0.301251158080183,0.683,0.352,9.81904520584057e-17,"Progenitors","MICOS13"
3.06132729586147e-21,0.435488553219901,0.333,0.147,1.12047640355826e-16,"Progenitors","RMDN1"
4.0652204913397e-21,0.289049309084051,0.319,0.138,1.48791135203524e-16,"Progenitors","AASDHPPT"
4.34460357019528e-21,0.316106541777343,1,0.878,1.59016835272717e-16,"Progenitors","RPL34"
4.63993255865755e-21,0.337696828030302,1,0.895,1.69826171579425e-16,"Progenitors","RPL10"
6.32817523052596e-21,0.30173708167619,0.347,0.153,2.31617541612481e-16,"Progenitors","NUDT16L1"
8.82015541222288e-21,0.548925428676939,0.998,0.784,3.2282650824277e-16,"Progenitors","CALM2"
1.01572361801296e-20,0.298668329758328,0.252,0.1,3.71765001428923e-16,"Progenitors","PIGS"
1.02116232962547e-20,0.339408782201316,0.993,0.799,3.73755624266217e-16,"Progenitors","COX7C"
1.15091111994613e-20,0.310626156242806,1,0.87,4.21244979011485e-16,"Progenitors","RPL9"
1.21168862273304e-20,0.340486948235625,0.942,0.586,4.43490152806519e-16,"Progenitors","ARL6IP4"
1.29482980001704e-20,0.591874331214758,0.252,0.103,4.73920655104239e-16,"Progenitors","SCAMP4"
1.3177542537677e-20,0.271719257377715,0.399,0.185,4.82311234421515e-16,"Progenitors","PDE7A"
1.97543272337026e-20,0.303847775336113,0.914,0.55,7.23028131080749e-16,"Progenitors","MTDH"
2.71180501345014e-20,0.306113783728628,0.995,0.802,9.92547752972886e-16,"Progenitors","PABPC1"
3.77216623377219e-20,0.304170688216447,0.839,0.491,1.38065056322296e-15,"Progenitors","SNRPB"
4.34717707915811e-20,0.294003017325941,0.8,0.445,1.59111028274266e-15,"Progenitors","RWDD1"
4.43622425226487e-20,0.26497127680243,0.415,0.197,1.62370243857147e-15,"Progenitors","DNAJC10"
5.95017174037411e-20,0.319652157067891,0.259,0.105,2.17782235869433e-15,"Progenitors","SESN1"
1.30926671623564e-19,0.361699990221646,0.821,0.484,4.79204710809406e-15,"Progenitors","EIF5A"
1.49374238733864e-19,0.311743366703553,1,0.849,5.46724651189817e-15,"Progenitors","RPL14"
1.87976133697458e-19,0.331236539533654,1,0.863,6.88011446946065e-15,"Progenitors","RPL19"
2.39542175125018e-19,0.296731818168491,1,0.895,8.76748315175077e-15,"Progenitors","RPS14"
3.51778347459988e-19,0.346017086300406,0.294,0.13,1.2875439295383e-14,"Progenitors","HGSNAT"
3.74606765704161e-19,0.268870359193742,0.834,0.47,1.3710982231538e-14,"Progenitors","UBE2V1"
4.79614132397425e-19,0.257501221105141,0.296,0.129,1.75543568598781e-14,"Progenitors","ACYP2"
5.31849530118107e-19,0.311961017586923,0.256,0.106,1.94662246518528e-14,"Progenitors","TGIF1"
5.89283878499422e-19,0.309979281028009,0.312,0.139,2.15683792369573e-14,"Progenitors","IMP4"
6.62750426562564e-19,0.300381586755836,0.373,0.178,2.42573283626164e-14,"Progenitors","KLF10"
1.36037589966113e-18,0.250103240643711,0.825,0.461,4.9791118303497e-14,"Progenitors","NDUFB10"
3.07610502959387e-18,0.316329706634888,0.93,0.607,1.12588520188165e-13,"Progenitors","ATP5F1D"
3.4572767214282e-18,0.250020962052673,0.914,0.564,1.26539785280993e-13,"Progenitors","ATP5IF1"
4.36877377232795e-18,0.312530734457936,1,0.876,1.59901488840975e-13,"Progenitors","RPS15A"
1.41715626484443e-17,0.343784241633046,0.995,0.806,5.18693364495709e-13,"Progenitors","YBX1"
5.4786495965638e-17,0.305954022595608,1,0.855,2.00524053883832e-12,"Progenitors","RPL8"
1.01833685864911e-16,0.258563517035555,0.867,0.495,3.72721473634162e-12,"Progenitors","ATP5MF"
4.97091744177503e-16,0.256822177429459,0.34,0.164,1.81940549286408e-11,"Progenitors","C6orf226"
6.24889570853126e-16,0.611480125935095,0.914,0.781,2.28715831827952e-11,"Progenitors","VIM"
4.8913425919504e-15,0.294405942446371,1,0.866,1.79028030207977e-10,"Progenitors","RPL13A"
6.09882431998433e-15,0.277851654861199,1,0.855,2.23223068935746e-10,"Progenitors","RPS13"
1.04284855487347e-14,0.261093557801132,0.93,0.597,3.81692999569241e-10,"Progenitors","UBXN1"
2.93918725168005e-14,0.27987988746864,1,0.881,1.07577192598742e-09,"Progenitors","RPL13"
8.72555586946678e-14,0.254696238338992,0.995,0.767,3.19364070378354e-09,"Progenitors","COMMD6"
8.05875065564264e-12,0.514044511466794,0.317,0.17,2.94958332747176e-07,"Progenitors","MYC"
2.2982017094863e-11,0.253322130513136,1,0.866,8.41164807689079e-07,"Progenitors","RPS19"
2.48338484214188e-11,0.357962562862016,0.373,0.217,9.0894368607235e-07,"Progenitors","MEF2A"
0.00515926544206519,0.509291418726819,0.527,0.44,1,"Progenitors","DDIT4"
0,6.13492200086574,0.941,0.175,0,"Neutrophils","CSF3R"
0,5.38168458439398,0.986,0.299,0,"Neutrophils","NAMPT"
0,11.3876698541882,0.63,0.003,0,"Neutrophils","FCGR3B"
0,5.5702094103069,0.818,0.213,0,"Neutrophils","SLC25A37"
0,6.28183899657317,0.671,0.067,0,"Neutrophils","CXCL8"
0,5.94771076491076,0.644,0.061,0,"Neutrophils","G0S2"
0,3.19785248656426,0.784,0.219,0,"Neutrophils","S100A8"
0,4.97362658633045,0.703,0.142,0,"Neutrophils","FPR1"
0,6.79866320920158,0.604,0.065,0,"Neutrophils","IL1R2"
0,6.76970352415234,0.578,0.041,0,"Neutrophils","LUCAT1"
0,2.65257867325341,0.844,0.311,0,"Neutrophils","S100A9"
0,4.17650486879919,0.736,0.216,0,"Neutrophils","MNDA"
0,4.5487195454739,0.81,0.296,0,"Neutrophils","RNF149"
0,4.95774207530629,0.619,0.131,0,"Neutrophils","NABP1"
0,7.0301664929866,0.514,0.03,0,"Neutrophils","AQP9"
0,7.99797112936907,0.497,0.015,0,"Neutrophils","CXCR2"
0,4.71727917122927,0.602,0.124,0,"Neutrophils","SLC11A1"
0,4.78029511486018,0.836,0.385,0,"Neutrophils","SOD2"
0,3.70260867774245,0.78,0.332,0,"Neutrophils","RGS2"
0,6.5622790424284,0.511,0.065,0,"Neutrophils","PTGS2"
0,4.22373409119625,0.542,0.105,0,"Neutrophils","C5AR1"
0,4.08806497333908,0.576,0.168,0,"Neutrophils","CLEC7A"
0,3.06657524718874,0.605,0.203,0,"Neutrophils","MXD1"
0,3.8122993829057,0.664,0.263,0,"Neutrophils","GLUL"
0,4.16715650289867,0.608,0.215,0,"Neutrophils","NIBAN1"
0,5.62461905823897,0.478,0.086,0,"Neutrophils","TREM1"
0,4.69307129482635,0.518,0.14,0,"Neutrophils","LRRK2"
0,4.80295467597998,0.528,0.154,0,"Neutrophils","BCL2A1"
0,4.22067087631957,0.554,0.192,0,"Neutrophils","BASP1"
0,3.66214058206178,0.949,0.594,0,"Neutrophils","SAT1"
0,3.91209119805836,0.504,0.155,0,"Neutrophils","SERPINA1"
0,5.26749415253532,0.438,0.097,0,"Neutrophils","TLR2"
0,7.67973636924245,0.345,0.009,0,"Neutrophils","CMTM2"
0,4.60244722484752,0.457,0.134,0,"Neutrophils","LILRB3"
0,2.52041698104423,0.625,0.312,0,"Neutrophils","FOS"
0,4.9383679161366,0.395,0.087,0,"Neutrophils","ACSL1"
0,3.17407807576333,0.755,0.449,0,"Neutrophils","SORL1"
0,4.73630728894342,0.431,0.135,0,"Neutrophils","CPD"
0,4.40694296713806,0.411,0.116,0,"Neutrophils","DOCK5"
0,4.28540645979929,0.501,0.207,0,"Neutrophils","GCA"
0,2.69179125733655,0.442,0.149,0,"Neutrophils","ABHD5"
0,4.45725610540766,0.993,0.703,0,"Neutrophils","NEAT1"
0,5.87896435300828,0.322,0.033,0,"Neutrophils","EGR3"
0,3.98465274200165,0.455,0.167,0,"Neutrophils","PELI1"
0,4.41469638615628,0.476,0.188,0,"Neutrophils","PHACTR1"
0,5.45995779088341,0.338,0.059,0,"Neutrophils","IL1RAP"
0,7.4107552794008,0.282,0.006,0,"Neutrophils","CYP4F3"
0,6.75913826634472,0.29,0.019,0,"Neutrophils","STEAP4"
0,4.35930186373609,0.434,0.165,0,"Neutrophils","MX2"
0,3.60629032426018,0.806,0.538,0,"Neutrophils","SMCHD1"
0,3.16952194467661,0.583,0.315,0,"Neutrophils","PTPRE"
0,3.03332410023087,0.696,0.435,0,"Neutrophils","CEBPB"
0,3.30782094598329,0.451,0.191,0,"Neutrophils","NCF2"
0,3.98294370931971,0.477,0.22,0,"Neutrophils","IVNS1ABP"
0,4.2780864873484,0.386,0.132,0,"Neutrophils","FCGR2A"
0,3.474762322204,0.848,0.597,0,"Neutrophils","LITAF"
0,3.84077086434682,0.424,0.174,0,"Neutrophils","ITGAX"
0,2.91738739889228,0.595,0.345,0,"Neutrophils","MYO1F"
0,3.18527229440742,0.594,0.347,0,"Neutrophils","LYN"
0,3.8396508709524,0.397,0.153,0,"Neutrophils","PLAUR"
0,4.87431515629102,0.314,0.071,0,"Neutrophils","VNN2"
0,7.22337007460156,0.252,0.011,0,"Neutrophils","MME"
0,6.18353361696746,0.266,0.026,0,"Neutrophils","FPR2"
0,4.16610570438876,0.391,0.151,0,"Neutrophils","MBOAT7"
0,5.91261060539234,0.252,0.012,0,"Neutrophils","VNN3"
0,3.22794920059762,0.519,0.282,0,"Neutrophils","VMP1"
0,3.52646538137508,0.348,0.113,0,"Neutrophils","TLR4"
0,3.13105964177806,0.718,0.485,0,"Neutrophils","DUSP1"
0,4.73373522122582,0.277,0.055,0,"Neutrophils","TMCC3"
0,5.1686745398411,0.282,0.066,0,"Neutrophils","GK"
0,4.84190615652604,0.276,0.061,0,"Neutrophils","SMIM25"
0,5.01994559316187,0.284,0.075,0,"Neutrophils","TRIB1"
0,2.7046543252851,0.925,0.729,0,"Neutrophils","SRGN"
0,2.65185266239078,0.698,0.515,0,"Neutrophils","MCL1"
0,3.55719103075066,0.849,0.742,0,"Neutrophils","IFITM2"
0,1.18121974699004,0.841,0.946,0,"Neutrophils","HLA-E"
0,1.91759888396975,0.839,0.911,0,"Neutrophils","ITM2B"
0,1.41591838280895,0.903,0.957,0,"Neutrophils","H3F3B"
0,1.47368530391527,0.919,0.964,0,"Neutrophils","H3F3A"
0,2.38990227354857,0.78,0.744,0,"Neutrophils","RIPOR2"
0,2.4462473886651,0.707,0.676,0,"Neutrophils","SMAP2"
0,1.1274155953653,0.997,0.98,0,"Neutrophils","MALAT1"
0,1.82940209087771,0.884,0.891,0,"Neutrophils","PTPRC"
0,1.98719782104365,0.983,0.989,0,"Neutrophils","FTH1"
5.78161728774456e-314,3.90991514129667,0.425,0.193,2.11612974348739e-309,"Neutrophils","CPPED1"
6.33611054500366e-304,3.65542196980517,0.449,0.221,2.31907982057679e-299,"Neutrophils","IGF2R"
3.51934442240282e-303,3.16544673008817,0.525,0.314,1.28811525204366e-298,"Neutrophils","TNFRSF1B"
2.50320274601542e-294,4.77723641654732,0.28,0.083,9.16197237069105e-290,"Neutrophils","CREB5"
1.5496013509634e-293,3.65806371983488,0.419,0.19,5.67169590466113e-289,"Neutrophils","MARCKS"
1.78198749667307e-293,2.67594962044112,0.509,0.285,6.52225243657312e-289,"Neutrophils","TMEM154"
1.21379883057005e-288,2.421738610632,0.527,0.299,4.44262509976945e-284,"Neutrophils","LST1"
1.18868855278338e-281,2.81151915110491,0.579,0.417,4.35071897204244e-277,"Neutrophils","SDCBP"
6.98828187473315e-280,0.884236048992069,0.943,0.982,2.55778104897108e-275,"Neutrophils","ACTB"
3.50969439767253e-271,4.52830970888948,0.276,0.086,1.28458324649212e-266,"Neutrophils","AP5B1"
7.20914310378426e-271,3.47275689185625,0.447,0.237,2.63861846741608e-266,"Neutrophils","SEC14L1"
1.26055901486764e-270,2.89895992167463,0.617,0.525,4.61377205031705e-266,"Neutrophils","RESF1"
2.44032325695906e-262,2.92573460626344,0.433,0.216,8.93182715279585e-258,"Neutrophils","IRS2"
4.38976712393007e-254,2.81842914632168,0.527,0.342,1.60669866502964e-249,"Neutrophils","NCF1"
9.71366432635684e-254,3.57905956177097,0.456,0.259,3.55529828008987e-249,"Neutrophils","SLA"
3.79339193367044e-252,1.57634649765988,0.69,0.563,1.38841938164272e-247,"Neutrophils","CTSS"
3.67040936182551e-249,3.99264153495845,0.261,0.081,1.34340653052176e-244,"Neutrophils","STX3"
1.51422102294985e-248,3.61431606893902,0.397,0.194,5.54220036609875e-244,"Neutrophils","XPO6"
1.57879820387975e-238,2.24776861636587,0.502,0.288,5.77855930602029e-234,"Neutrophils","CEBPD"
7.56980912507222e-236,3.26145295519492,0.462,0.276,2.77062583786768e-231,"Neutrophils","MIDN"
8.01375561836699e-230,3.06979176421876,0.537,0.405,2.9331146938785e-225,"Neutrophils","PTEN"
3.34326946937721e-224,4.37659733473374,0.257,0.086,1.22367005848675e-219,"Neutrophils","PTAFR"
9.39834712262061e-216,2.08344483744225,0.647,0.617,3.43988903035037e-211,"Neutrophils","FYB1"
2.32677235994342e-211,3.13502091531043,0.481,0.323,8.5162195146289e-207,"Neutrophils","HIF1A"
1.79305736919661e-209,3.96957291813332,0.295,0.118,6.56276927699652e-205,"Neutrophils","ATG2A"
4.40090029879629e-208,3.56567042434337,0.356,0.172,1.61077351836243e-203,"Neutrophils","KDM6B"
2.67446702019506e-205,1.65356454677649,0.699,0.734,9.78881674061594e-201,"Neutrophils","LCP1"
4.0741708364303e-198,3.90443109591238,0.362,0.185,1.49118726784185e-193,"Neutrophils","IFRD1"
7.83497889282802e-198,1.95302846658216,0.621,0.577,2.86768062456398e-193,"Neutrophils","PLCG2"
2.92462515259133e-193,3.70452779353215,0.358,0.183,1.07044205209995e-188,"Neutrophils","TUT7"
1.06232303790149e-192,2.8978113526555,0.457,0.297,3.88820855102325e-188,"Neutrophils","RAB11FIP1"
2.88187465912534e-190,3.60142525231001,0.391,0.222,1.05479494398647e-185,"Neutrophils","SPAG9"
1.58484447093144e-187,2.24946427991703,0.523,0.39,5.80068924805617e-183,"Neutrophils","TPM4"
4.64197752173483e-187,4.13676972234328,0.26,0.1,1.69901019273017e-182,"Neutrophils","PLK3"
1.61542801085249e-186,4.3625406998583,0.278,0.115,5.91262806252119e-182,"Neutrophils","RBM47"
3.69270967485922e-179,0.921917248215379,0.889,0.976,1.35156866809522e-174,"Neutrophils","FTL"
5.22368451468893e-177,2.16644574520833,0.601,0.516,1.9119207692213e-172,"Neutrophils","S100A11"
8.9325169243928e-175,2.06077266155979,0.599,0.562,3.26939051949701e-170,"Neutrophils","IQGAP1"
2.10144480007464e-173,2.97942057289266,0.475,0.343,7.6914981127532e-169,"Neutrophils","ATP2B1"
7.67824197163934e-172,3.54400860596693,0.342,0.179,2.81031334403972e-167,"Neutrophils","SLC12A6"
6.06919889577667e-171,3.05784603374485,0.344,0.177,2.22138748784322e-166,"Neutrophils","FOXO3"
2.28572976186511e-163,3.79547775113986,0.303,0.146,8.36599950140249e-159,"Neutrophils","PHC2"
1.52858529832312e-160,3.02723644708766,0.496,0.396,5.59477505039246e-156,"Neutrophils","TUBA1A"
5.20933054521488e-158,3.33322337547578,0.37,0.219,1.9066670728541e-153,"Neutrophils","ARHGAP26"
6.35415693510686e-158,2.56168550090508,0.498,0.389,2.32568497981846e-153,"Neutrophils","ASAH1"
2.37513712343458e-157,2.43903721782912,0.519,0.419,8.69323938548289e-153,"Neutrophils","PLEK"
1.08069497373086e-154,3.89348914517249,0.309,0.158,3.95545167335232e-150,"Neutrophils","TLE3"
3.40300206737037e-153,0.291194573378864,0.195,0.546,1.24553278667823e-148,"Neutrophils","CHURC1"
2.0096441289249e-149,0.256358163473818,0.231,0.596,7.35549847627801e-145,"Neutrophils","TMEM123"
7.03920921209785e-149,2.654170727489,0.473,0.363,2.57642096371994e-144,"Neutrophils","VSIR"
7.81003909681158e-149,2.48779428156668,0.506,0.421,2.858552409824e-144,"Neutrophils","VASP"
7.70048574231147e-148,3.09727244992554,0.46,0.357,2.81845478654342e-143,"Neutrophils","JMJD1C"
4.2926130454557e-146,3.25825448976884,0.37,0.227,1.57113930076724e-141,"Neutrophils","NUMB"
4.59936534782494e-146,3.58998311338945,0.298,0.151,1.68341371095741e-141,"Neutrophils","ABTB1"
4.56719356331001e-145,3.17709023639537,0.377,0.237,1.6716385161071e-140,"Neutrophils","R3HDM4"
2.50559798829694e-142,4.00384413010594,0.279,0.136,9.17073919696563e-138,"Neutrophils","PLXNC1"
2.27731000298122e-141,0.259417503496006,0.178,0.5,8.33518234191156e-137,"Neutrophils","IK"
6.78600622269629e-139,3.35141232869385,0.292,0.147,2.48374613756907e-134,"Neutrophils","SGK1"
3.77266489893255e-137,0.376119037344569,0.174,0.492,1.3808330796583e-132,"Neutrophils","SSU72"
1.11528751325467e-134,1.9304662772443,0.598,0.608,4.08206382726343e-130,"Neutrophils","LRRFIP1"
4.52670785850077e-133,0.309223877704727,0.173,0.485,1.65682034328987e-128,"Neutrophils","SF3B2"
1.95756753715719e-130,3.79197181376493,0.269,0.133,7.16489294274904e-126,"Neutrophils","PCBP1-AS1"
1.10308832623644e-128,3.32986688694136,0.307,0.17,4.03741358285801e-124,"Neutrophils","MEGF9"
2.00691533435285e-128,0.382712326148234,0.212,0.55,7.34551081526488e-124,"Neutrophils","PET100"
8.09699120614254e-128,3.57478996412668,0.273,0.137,2.96357975136023e-123,"Neutrophils","TNFAIP2"
1.35441785356681e-127,0.326499497715338,0.203,0.529,4.95730478583987e-123,"Neutrophils","YY1"
3.01420395355767e-127,0.281573940389091,0.23,0.572,1.10322878904164e-122,"Neutrophils","CDV3"
3.02345078318844e-125,0.322396815905917,0.17,0.464,1.1066132211548e-120,"Neutrophils","PPIG"
8.11119461258741e-125,0.487436398029561,0.193,0.514,2.96877834015312e-120,"Neutrophils","HNRNPH3"
2.07759380256436e-124,3.02956236607935,0.257,0.123,7.60420107676581e-120,"Neutrophils","DENND3"
3.05851548286176e-122,0.256919076044024,0.129,0.392,1.11944725188223e-117,"Neutrophils","TRA2A"
5.66287396250592e-122,0.301911702821428,0.264,0.63,2.07266849901679e-117,"Neutrophils","CSDE1"
5.98929760652849e-121,0.257182672735311,0.158,0.438,2.19214281696549e-116,"Neutrophils","RTF1"
3.62472021467606e-120,0.727960478448921,0.173,0.463,1.32668384577358e-115,"Neutrophils","HSPA5"
3.2278597883224e-119,0.487259194715,0.178,0.479,1.18142896112388e-114,"Neutrophils","PSMB3"
1.27177327279892e-118,2.42107868507203,0.543,0.527,4.65481735577133e-114,"Neutrophils","ZFP36L1"
1.73361570989831e-118,1.21081678592613,0.554,0.401,6.34520685979882e-114,"Neutrophils","TYROBP"
1.78411158179079e-118,0.321488002957821,0.175,0.472,6.53002680051248e-114,"Neutrophils","OSTF1"
5.55028380349426e-117,0.284415529394239,0.142,0.407,2.03145937491694e-112,"Neutrophils","PRPF38B"
1.26564475349276e-116,0.25198778239903,0.185,0.48,4.63238636225885e-112,"Neutrophils","ZNF207"
1.86809678988628e-116,1.9019465109519,0.551,0.515,6.83742106066278e-112,"Neutrophils","KLF6"
4.29826643779597e-115,0.373200215848819,0.112,0.356,1.5732084988977e-110,"Neutrophils","CSK"
3.15257005802428e-113,0.272068687256517,0.094,0.322,1.15387216693747e-108,"Neutrophils","PSMD13"
4.37752000377042e-112,1.97211945914425,0.478,0.387,1.60221609658001e-107,"Neutrophils","ALOX5AP"
5.05654804878726e-112,0.469460547480182,0.203,0.507,1.85074715133662e-107,"Neutrophils","TRAPPC5"
9.21999197433071e-112,0.295825686942964,0.094,0.32,3.37460926252478e-107,"Neutrophils","RBCK1"
4.86814469868322e-111,0.32111430218086,0.196,0.493,1.78178964116505e-106,"Neutrophils","RSRP1"
4.7426062512809e-110,0.504732388036774,0.228,0.557,1.73584131403132e-105,"Neutrophils","PGK1"
6.59571432919176e-110,1.9658062008948,0.27,0.135,2.41409740162748e-105,"Neutrophils","DUSP6"
8.93106353333378e-109,0.363806739044883,0.207,0.505,3.2688585638355e-104,"Neutrophils","GCC2"
1.73586330637855e-108,0.312180429527188,0.105,0.334,6.35343328767612e-104,"Neutrophils","TNFRSF14"
1.20078916011015e-107,3.08957881274849,0.42,0.337,4.39500840491914e-103,"Neutrophils","GNAI3"
5.0986461549781e-107,0.49468755178578,0.23,0.552,1.86615547918353e-102,"Neutrophils","PAPOLA"
2.71818233159398e-106,0.343977501795381,0.114,0.347,9.94881915186713e-102,"Neutrophils","NUB1"
3.23063003341057e-106,2.40837182654691,0.484,0.442,1.1824428985286e-101,"Neutrophils","CD55"
1.58700231179591e-105,0.275712089148715,0.077,0.282,5.8085871614042e-101,"Neutrophils","PARVG"
2.49136569694566e-105,0.462826557944501,0.147,0.404,9.1186475873908e-101,"Neutrophils","WTAP"
5.62584073915967e-105,0.490984512700674,0.152,0.411,2.05911396893983e-100,"Neutrophils","XRN2"
9.32950548426196e-105,0.494738412421203,0.143,0.395,3.41469230229472e-100,"Neutrophils","ZMAT2"
1.67001908681476e-104,0.373951566283733,0.123,0.362,6.11243685965071e-100,"Neutrophils","SUPT4H1"
1.79807867851177e-104,0.409915282943987,0.251,0.579,6.58114777122093e-100,"Neutrophils","PDCD4"
1.25838342441765e-103,0.450863994963824,0.183,0.466,4.60580917171105e-99,"Neutrophils","GABARAPL2"
2.13037625750157e-102,0.250530075257899,0.239,0.552,7.79739014008148e-98,"Neutrophils","MOB1A"
3.15156857395032e-102,3.43129018878756,0.275,0.156,1.15350561375156e-97,"Neutrophils","NEDD9"
5.02756622421934e-102,0.379213579283069,0.083,0.289,1.84013951372652e-97,"Neutrophils","CLTB"
8.48364710150378e-102,0.432266519899887,0.122,0.357,3.1050996756214e-97,"Neutrophils","BUD31"
3.97310119450406e-101,0.387399550450904,0.141,0.385,1.45419476820043e-96,"Neutrophils","YME1L1"
9.24161165504808e-101,0.436969313772932,0.09,0.298,3.38252228186415e-96,"Neutrophils","UBL3"
9.51531435222477e-101,0.30864177864536,0.117,0.344,3.48270020605779e-96,"Neutrophils","TMEM165"
3.57027461011697e-100,3.05866753822623,0.355,0.249,1.30675621004891e-95,"Neutrophils","LRP10"
3.79917487441777e-100,0.324618202844294,0.122,0.352,1.39053599578565e-95,"Neutrophils","PRPF8"
3.64187961456752e-99,0.354238743796304,0.078,0.275,1.33296435772786e-94,"Neutrophils","NFKB1"
6.83640051080828e-99,3.60150314262513,0.301,0.188,2.50219095096094e-94,"Neutrophils","CYTH4"
1.8827454280271e-98,3.05968958473286,0.364,0.262,6.891036541122e-94,"Neutrophils","PHF20L1"
4.6134631597294e-98,0.423435997893088,0.274,0.621,1.68857365109256e-93,"Neutrophils","PAIP2"
5.56558545274657e-98,0.363395563617503,0.074,0.268,2.03705993155977e-93,"Neutrophils","C4orf48"
5.86752535814573e-98,0.413285214929781,0.287,0.634,2.14757295633492e-93,"Neutrophils","PRRC2C"
6.73789909798283e-98,0.531788450056906,0.219,0.52,2.46613844885269e-93,"Neutrophils","SP100"
9.612849314112e-98,0.251179519218521,0.075,0.269,3.51839897745813e-93,"Neutrophils","STK24"
1.24906283820145e-96,0.328889708066855,0.199,0.477,4.57169489410114e-92,"Neutrophils","CYTH1"
3.44144267333068e-96,0.309703238994708,0.106,0.32,1.25960243286576e-91,"Neutrophils","CNOT1"
1.09367936238035e-95,2.2206946822693,0.502,0.486,4.00297583424831e-91,"Neutrophils","CFLAR"
1.77833486818959e-95,1.32410412148589,0.563,0.497,6.50888345106072e-91,"Neutrophils","COTL1"
2.22545213293119e-95,3.32279144889429,0.326,0.219,8.14537735174145e-91,"Neutrophils","ERGIC1"
6.86271142323791e-95,0.539301250587107,0.154,0.401,2.51182100801931e-90,"Neutrophils","HSPA9"
1.60557054744525e-94,0.359091751689737,0.167,0.419,5.87654876070435e-90,"Neutrophils","DIAPH1"
5.0124653066056e-94,0.320260017551289,0.093,0.294,1.83461242687072e-89,"Neutrophils","USP7"
3.74466523527197e-93,0.486779151354936,0.129,0.355,1.3705849227619e-88,"Neutrophils","HNRNPL"
4.83035302138363e-93,0.38004381848,0.092,0.292,1.76795750935662e-88,"Neutrophils","SMU1"
5.19947663546633e-93,0.492660892397872,0.124,0.347,1.90306044334703e-88,"Neutrophils","NCKAP1L"
7.0970188229542e-93,0.311813464689453,0.261,0.577,2.59757985938947e-88,"Neutrophils","IL2RG"
3.18241032914481e-92,0.450533843192963,0.09,0.288,1.16479400457029e-87,"Neutrophils","UBE2M"
4.89331046740949e-92,0.587258482891048,0.09,0.288,1.79100056417655e-87,"Neutrophils","CHMP4B"
1.60064770070601e-91,0.466233329624818,0.112,0.325,5.85853064935406e-87,"Neutrophils","EWSR1"
3.14518933758224e-91,0.399265940849372,0.113,0.324,1.15117074944847e-86,"Neutrophils","GPS2"
5.41587999363028e-91,0.297433702987108,0.108,0.317,1.98226623646862e-86,"Neutrophils","RAB11A"
5.99072523103826e-91,0.269620446316271,0.133,0.355,2.19266534181231e-86,"Neutrophils","PRDM2"
9.79364737186233e-91,0.280121543914549,0.097,0.296,3.58457287457533e-86,"Neutrophils","LARP7"
1.59416099435056e-90,0.431082846381834,0.082,0.272,5.83478865542248e-86,"Neutrophils","NDUFB6"
1.78150345007204e-90,0.40753382026157,0.145,0.375,6.52048077760866e-86,"Neutrophils","PHF3"
1.94572647171881e-90,0.575307166908296,0.106,0.313,7.121553459138e-86,"Neutrophils","VPS35"
2.25514058165166e-90,2.46301277854949,0.469,0.442,8.25404004290326e-86,"Neutrophils","BOD1L1"
3.79909920005392e-90,0.407518365925068,0.166,0.413,1.39050829821173e-85,"Neutrophils","DOCK2"
3.86940621505854e-90,0.250776485369558,0.075,0.258,1.41624136877358e-85,"Neutrophils","TTC1"
5.00868212775384e-90,0.621019028158006,0.183,0.447,1.83322774557918e-85,"Neutrophils","RAB2A"
6.48566272099552e-90,2.64407492692943,0.388,0.301,2.37381741251157e-85,"Neutrophils","LYST"
7.65275772866143e-90,0.269154703367071,0.135,0.358,2.80098585626737e-85,"Neutrophils","TMOD3"
1.89470505920808e-89,0.350786041249244,0.076,0.26,6.93480998720748e-85,"Neutrophils","GALNT1"
2.64811594438327e-89,0.576689531006549,0.11,0.319,9.69236916803721e-85,"Neutrophils","MBD4"
3.00878082071107e-89,2.53825385797866,0.399,0.317,1.10124386818846e-84,"Neutrophils","SSH2"
3.56115585874149e-89,0.288943987838851,0.109,0.311,1.30341865585797e-84,"Neutrophils","ZC3H13"
3.75564181517785e-89,0.47884616877261,0.172,0.423,1.37460246077325e-84,"Neutrophils","UBXN4"
4.27569342149901e-89,0.613301195878445,0.264,0.592,1.56494654920285e-84,"Neutrophils","VAMP2"
6.6424180545132e-89,0.678617573967366,0.143,0.373,2.43119143213238e-84,"Neutrophils","TRIM22"
9.76219785336996e-89,0.39960740114828,0.111,0.318,3.57306203631194e-84,"Neutrophils","TBL1XR1"
2.68675775288592e-88,0.688523378237931,0.164,0.414,9.83380205133776e-84,"Neutrophils","C18orf32"
3.06673051630654e-88,0.451505800887311,0.09,0.281,1.12245403627336e-83,"Neutrophils","ARHGAP4"
3.51500262985864e-88,0.465738276993913,0.1,0.298,1.28652611255456e-83,"Neutrophils","NEMF"
4.15534458551605e-88,1.581566432924,0.479,0.392,1.52089767174473e-83,"Neutrophils","AIF1"
4.49700825410964e-88,0.485982641703967,0.093,0.287,1.64594999108667e-83,"Neutrophils","GRK6"
8.73819237513774e-88,0.442908819397955,0.131,0.351,3.19826579122417e-83,"Neutrophils","BRD2"
9.26927294409899e-88,0.639032498235211,0.201,0.475,3.39264659026967e-83,"Neutrophils","GPBP1"
7.31114910227784e-87,0.508524749074875,0.13,0.348,2.67595368292471e-82,"Neutrophils","ARHGAP15"
7.50838067169029e-87,3.33172929117945,0.358,0.274,2.74814240964536e-82,"Neutrophils","GNG10"
5.83999795280123e-86,1.26251028322074,0.626,0.704,2.13749765070478e-81,"Neutrophils","TAGLN2"
1.19668287961135e-85,0.291968141357629,0.075,0.253,4.37997900766549e-81,"Neutrophils","FAM32A"
8.27100437478537e-85,3.34403776349443,0.326,0.229,3.02727031121519e-80,"Neutrophils","GBP2"
9.3800782025089e-85,0.340616843596175,0.23,0.513,3.43320242290028e-80,"Neutrophils","SELENOK"
1.20652572557216e-84,0.573113966472616,0.179,0.429,4.41600480816666e-80,"Neutrophils","FOXN3"
1.57939289427362e-84,0.419632857096113,0.078,0.255,5.78073593233089e-80,"Neutrophils","NUTM2B-AS1"
4.55480646837349e-84,0.439050880441132,0.214,0.491,1.66710471548938e-79,"Neutrophils","TMEM50A"
5.71932465132052e-84,0.57252928647447,0.251,0.561,2.09333001562982e-79,"Neutrophils","TMBIM4"
6.25040161308111e-84,2.6281993039811,0.325,0.224,2.28770949440382e-79,"Neutrophils","ACTN1"
1.13119306657152e-83,0.477908188264983,0.074,0.25,4.14027974295844e-79,"Neutrophils","ARF3"
1.47197481886828e-83,0.577228911135483,0.843,0.956,5.3875750345398e-79,"Neutrophils","HLA-C"
2.88634921785562e-83,0.527082085479369,0.113,0.315,1.05643267722733e-78,"Neutrophils","ZNF24"
6.48079553445633e-83,0.444631218479934,0.092,0.277,2.37203597356636e-78,"Neutrophils","MMP24OS"
1.3038084218205e-82,0.814854861703099,0.183,0.434,4.77206920470521e-78,"Neutrophils","DDX21"
6.13463535485801e-82,0.448710020466454,0.131,0.342,2.24533788623158e-77,"Neutrophils","CCDC69"
1.48466534717658e-81,0.59080964127468,0.091,0.276,5.43402363720101e-77,"Neutrophils","LMBRD1"
2.40626618006319e-81,1.89633200194099,0.381,0.285,8.80717484564928e-77,"Neutrophils","SAMSN1"
6.74642080872695e-81,0.425009946998842,0.087,0.266,2.46925748020215e-76,"Neutrophils","PBRM1"
7.33611802268171e-81,0.411864071315848,0.114,0.31,2.68509255748173e-76,"Neutrophils","SNRNP200"
3.56507057794789e-80,0.521560755597296,0.085,0.263,1.30485148223471e-75,"Neutrophils","SFT2D1"
4.41594214796974e-80,2.22555022143078,0.453,0.416,1.6162789855784e-75,"Neutrophils","CMTM6"
5.04553859426269e-80,0.585001916781288,0.09,0.27,1.84671758088609e-75,"Neutrophils","WIPI2"
6.64515578200635e-80,0.513646690141392,0.282,0.603,2.43219346777214e-75,"Neutrophils","KMT2E"
7.11920461028998e-80,0.503916986213347,0.106,0.296,2.60570007941224e-75,"Neutrophils","MTCH1"
1.12918929578039e-79,3.16523363730004,0.286,0.185,4.13294574148582e-75,"Neutrophils","PKN2"
1.44784749218918e-79,0.347431284492444,0.081,0.254,5.29926660616163e-75,"Neutrophils","ZNF638"
1.99663604004831e-79,0.549455793836156,0.131,0.337,7.30788757018083e-75,"Neutrophils","PPP4R3A"
2.43575186960086e-79,0.394760818789481,0.179,0.411,8.9150954179261e-75,"Neutrophils","IQGAP2"
3.62448734570641e-79,0.65206371669681,0.159,0.387,1.326598613402e-74,"Neutrophils","PHF20"
3.74931303296586e-79,0.422234933801034,0.131,0.336,1.37228606319583e-74,"Neutrophils","BIRC6"
1.19401741044951e-78,0.753770373315067,0.163,0.398,4.37022312398626e-74,"Neutrophils","RAB5C"
1.92978076027601e-78,0.430975307890584,0.097,0.28,7.06319056068623e-74,"Neutrophils","CTDSP1"
2.36318607040818e-78,0.657494118178477,0.187,0.436,8.64949733630096e-74,"Neutrophils","ARHGDIA"
3.85702149574539e-78,0.481752379654363,0.094,0.275,1.41170843765777e-73,"Neutrophils","IREB2"
5.83804210203777e-78,0.262241744253858,0.386,0.773,2.13678178976685e-73,"Neutrophils","HNRNPK"
1.01332188015001e-76,0.717066219643907,0.134,0.34,3.70885941353705e-72,"Neutrophils","SMARCA5"
1.88868621835842e-76,0.548878216870847,0.11,0.299,6.91278042781367e-72,"Neutrophils","SUZ12"
1.90520865815013e-76,2.4604476282177,0.322,0.228,6.9732542096953e-72,"Neutrophils","SPI1"
3.63550370493867e-76,0.316815163959137,0.242,0.523,1.3306307110446e-71,"Neutrophils","CALM3"
4.36965132758872e-76,0.622946493994069,0.28,0.603,1.59933608241075e-71,"Neutrophils","CAPZB"
4.6449560659665e-76,0.747336334932482,0.144,0.359,1.7001003697044e-71,"Neutrophils","DBNL"
4.75187041089671e-76,0.524826393337873,0.147,0.36,1.7392320890923e-71,"Neutrophils","USP34"
5.20757936177128e-76,0.413796639411636,0.1,0.282,1.90602612220191e-71,"Neutrophils","CUX1"
5.3354101236063e-76,0.398899223018251,0.357,0.729,1.95281345934114e-71,"Neutrophils","HNRNPC"
7.02014923351745e-76,0.621258473859403,0.128,0.328,2.56944482095972e-71,"Neutrophils","CEP350"
1.41918356377185e-75,0.45969877774691,0.133,0.335,5.19435376176136e-71,"Neutrophils","B4GALT1"
1.56376033324362e-75,0.58431517395382,0.16,0.381,5.72351919570496e-71,"Neutrophils","REL"
1.89839199760574e-75,0.547355583259958,0.102,0.283,6.94830455043676e-71,"Neutrophils","HOOK3"
3.30501030765056e-75,0.312453687432186,0.098,0.276,1.20966682270318e-70,"Neutrophils","EMC3"
7.52885793368679e-75,0.499018543835468,0.124,0.321,2.7556372923087e-70,"Neutrophils","MAP3K1"
8.82858777769733e-75,0.557066622620523,0.107,0.291,3.231351412515e-70,"Neutrophils","VCP"
2.18803044822173e-74,0.551191257132574,0.13,0.328,8.00841024353637e-70,"Neutrophils","ATG12"
6.33751572495907e-74,0.375971972474741,0.112,0.295,2.31959413049227e-69,"Neutrophils","R3HDM2"
8.40877723729006e-74,0.599373844100666,0.1,0.279,3.07769655662054e-69,"Neutrophils","EIF4EBP2"
1.32476804057495e-73,0.482310077810858,0.144,0.348,4.84878350530837e-69,"Neutrophils","CDK13"
1.63477434094741e-73,0.705832246543264,0.18,0.417,5.98343756530161e-69,"Neutrophils","BNIP2"
1.96472424897141e-73,1.31761088469768,0.63,0.75,7.19108722366024e-69,"Neutrophils","GABARAP"
4.70183570255102e-73,0.427364019628981,0.102,0.279,1.7209188854907e-68,"Neutrophils","CDK12"
5.28751239687244e-73,0.373977223162706,0.085,0.251,1.93528241237928e-68,"Neutrophils","SMAD2"
4.31053525782672e-72,2.89882691932322,0.267,0.171,1.57769900971716e-67,"Neutrophils","IGSF6"
8.03789025208439e-72,0.654620863032265,0.115,0.302,2.94194821116541e-67,"Neutrophils","RGS19"
8.10692196380163e-71,0.260216391591035,0.409,0.818,2.96721450797104e-66,"Neutrophils","SON"
1.915507139738e-70,0.749565801473462,0.271,0.573,7.01094768215507e-66,"Neutrophils","TAPBP"
2.78210846126232e-70,0.457740667384333,0.109,0.285,1.01827951790662e-65,"Neutrophils","RSBN1"
3.60106045885516e-70,0.585299197420917,0.151,0.357,1.31802413854558e-65,"Neutrophils","SRSF4"
4.23295817398583e-70,2.12414205570876,0.501,0.52,1.54930502126055e-65,"Neutrophils","IER2"
8.02970979851747e-70,2.20980471909029,0.513,0.554,2.93895408335538e-65,"Neutrophils","BTG2"
1.10831296910139e-69,0.809180593175383,0.112,0.294,4.056536298208e-65,"Neutrophils","PPP2CA"
1.85876575401828e-69,1.9370217179346,0.53,0.589,6.80326853628232e-65,"Neutrophils","EVI2B"
5.8152368137574e-69,0.69528066792452,0.138,0.334,2.12843482620335e-64,"Neutrophils","ZNF106"
5.85847558494611e-69,0.387205795845372,0.207,0.442,2.14426064884612e-64,"Neutrophils","STK17A"
1.01403906812345e-68,0.555432762349236,0.128,0.317,3.71148439323863e-64,"Neutrophils","PCMTD1"
1.15531320715343e-68,2.20887193306625,0.483,0.508,4.22856186950227e-64,"Neutrophils","YPEL3"
1.3523088522085e-68,0.792327868795427,0.105,0.28,4.94958562996834e-64,"Neutrophils","MED28"
1.69735092316013e-68,0.572803494712872,0.288,0.598,6.21247411385838e-64,"Neutrophils","DDX6"
4.3563705433932e-68,0.54926393369673,0.102,0.272,1.59447518258734e-63,"Neutrophils","ZFX"
4.61124046720792e-68,0.567542856795751,0.111,0.286,1.68776012340277e-63,"Neutrophils","SREK1"
5.27119284662062e-68,0.468152401192334,0.302,0.616,1.92930929379161e-63,"Neutrophils","AKAP13"
1.12143919991423e-67,0.39036988525981,0.091,0.252,4.10457961560607e-63,"Neutrophils","BIRC2"
1.60314669979241e-67,0.712099691541161,0.214,0.464,5.86767723591019e-63,"Neutrophils","RAD21"
2.57469689273013e-67,2.03770917440901,0.506,0.548,9.42364809708155e-63,"Neutrophils","FAM49B"
4.74693196293576e-67,0.743166723662795,0.156,0.364,1.73742456775412e-62,"Neutrophils","RAB5IF"
1.48632330665952e-66,0.749320083422017,0.214,0.465,5.4400919347045e-62,"Neutrophils","ARPC4"
2.66568973174712e-66,3.21831888541927,0.257,0.167,9.75669098716763e-62,"Neutrophils","ABHD2"
3.96295459495956e-66,0.743470693237342,0.107,0.28,1.45048101130115e-61,"Neutrophils","CALCOCO2"
5.29346925315691e-66,0.712831957283325,0.103,0.272,1.93746268134796e-61,"Neutrophils","MGAT1"
1.5967446372877e-65,2.49248721628543,0.368,0.303,5.84424504693671e-61,"Neutrophils","RICTOR"
4.55708332687691e-65,0.825678775822963,0.094,0.255,1.66793806847022e-60,"Neutrophils","PIM3"
5.55241632090355e-65,0.659056010839118,0.09,0.25,2.03223989761391e-60,"Neutrophils","RAB10"
1.22344768022013e-64,0.647472898844086,0.207,0.445,4.47794085437369e-60,"Neutrophils","TAOK3"
1.28356290536903e-64,0.965789905863435,0.129,0.316,4.69796858994118e-60,"Neutrophils","CCNY"
3.09375976199399e-64,2.32252752768332,0.475,0.507,1.13234701048742e-59,"Neutrophils","UBE2B"
5.9643345285339e-64,0.716662623855327,0.15,0.346,2.18300608078869e-59,"Neutrophils","MKRN1"
1.29276743622154e-63,0.792520619265401,0.11,0.28,4.73165809331448e-59,"Neutrophils","TM9SF2"
1.61446233487079e-63,0.889175380897285,0.1,0.265,5.90909359186058e-59,"Neutrophils","ATG3"
1.83064224649132e-63,0.768258706734154,0.101,0.266,6.70033368638287e-59,"Neutrophils","OS9"
2.19535295469554e-63,0.648467534768685,0.124,0.303,8.03521134948115e-59,"Neutrophils","LAMP1"
1.13235688020789e-62,0.601870564393325,0.113,0.282,4.14453941724891e-58,"Neutrophils","SETD2"
1.80600562102768e-62,0.423486662865729,0.101,0.262,6.61016117352342e-58,"Neutrophils","TRAPPC10"
1.82316958547437e-62,0.737461748025873,0.115,0.287,6.67298299979475e-58,"Neutrophils","STX7"
1.95288425057872e-62,0.394042564234929,0.389,0.77,7.14775164554319e-58,"Neutrophils","SF1"
2.29187875786316e-62,0.760931233230012,0.094,0.25,8.38850544165495e-58,"Neutrophils","AP3B1"
2.77714304690101e-62,0.615284868353044,0.142,0.328,1.01646212659624e-57,"Neutrophils","ASH1L"
3.90138782861704e-62,1.98361500869239,0.483,0.503,1.42794695915212e-57,"Neutrophils","USP15"
4.26332843484979e-62,2.75400230279118,0.344,0.281,1.56042084043937e-57,"Neutrophils","FBXL5"
1.4274911943038e-61,0.867408428644712,0.138,0.324,5.22476052027134e-57,"Neutrophils","DNTTIP2"
1.74615217110135e-61,0.655753912298366,0.123,0.296,6.39109156144806e-57,"Neutrophils","CELF1"
3.44551830915746e-61,1.98801685851112,0.463,0.466,1.26109415633472e-56,"Neutrophils","TALDO1"
5.3035272563284e-61,0.49504469968194,0.133,0.312,1.94114401108876e-56,"Neutrophils","SLC9A3R1"
9.2389814642171e-61,1.94939878340251,0.356,0.278,3.3815596057181e-56,"Neutrophils","TYMP"
1.23047380564658e-60,2.56651394809178,0.334,0.264,4.50365717604706e-56,"Neutrophils","OGFRL1"
1.38041460137584e-60,0.520102053104289,0.1,0.257,5.05245548249571e-56,"Neutrophils","LENG8"
2.88769584736318e-60,0.802353351040647,0.257,0.527,1.0569255570934e-55,"Neutrophils","TAX1BP1"
3.21151659322665e-60,0.768375631037567,0.123,0.296,1.17544718828689e-55,"Neutrophils","SLU7"
3.29900877354432e-60,0.707797931331184,0.171,0.37,1.20747020120496e-55,"Neutrophils","TOB1"
8.42760387202385e-60,0.717829316249584,0.283,0.577,3.08458729319945e-55,"Neutrophils","EIF5"
1.21155690537101e-59,0.793154471935898,0.143,0.33,4.43441942934842e-55,"Neutrophils","ARID1A"
2.8091383435091e-59,0.68858864283083,0.294,0.591,1.02817272510776e-54,"Neutrophils","PSMB9"
2.92473875147609e-59,0.370797700866399,0.123,0.291,1.07048363042776e-54,"Neutrophils","PLEKHA2"
3.1114125113451e-59,0.92027153369501,0.228,0.482,1.13880809327742e-54,"Neutrophils","RAP1A"
4.92208554062594e-59,0.915328007347056,0.162,0.362,1.8015325287245e-54,"Neutrophils","CHMP3"
1.71271031684668e-58,2.66479342806886,0.33,0.263,6.26869103069054e-54,"Neutrophils","PICALM"
3.13539401802992e-58,0.849597854533948,0.208,0.439,1.14758556453913e-53,"Neutrophils","SH3KBP1"
3.18203374393693e-58,0.812514612392042,0.158,0.351,1.16465617061836e-53,"Neutrophils","COPA"
3.72426029177836e-58,0.7220654231062,0.233,0.476,1.3631165093938e-53,"Neutrophils","MDM4"
1.77648555344546e-57,0.899869381411893,0.105,0.263,6.50211477416572e-53,"Neutrophils","RAD23B"
2.04888287265838e-57,0.308410744043768,0.417,0.783,7.49911620221695e-53,"Neutrophils","CORO1A"
3.42253025975029e-57,0.908916160056769,0.241,0.492,1.2526803003712e-52,"Neutrophils","RBM25"
5.2419741885318e-57,2.52456199852266,0.374,0.333,1.91861497274452e-52,"Neutrophils","PREX1"
5.45340505172095e-57,1.03541303019707,0.136,0.314,1.99600078298038e-52,"Neutrophils","BLOC1S6"
5.740308967267e-57,0.807205133262616,0.106,0.263,2.10101048510939e-52,"Neutrophils","HSBP1"
9.04531341691455e-57,0.915887176483444,0.123,0.291,3.31067516372489e-52,"Neutrophils","WAPL"
1.57313000623204e-56,1.50453871745092,0.559,0.659,5.75781313580991e-52,"Neutrophils","CELF2"
1.81920322672833e-56,0.769123465554567,0.196,0.409,6.65846573014836e-52,"Neutrophils","TGFBR2"
2.20965431911187e-56,0.883342130517181,0.124,0.292,8.08755577338135e-52,"Neutrophils","MAPRE1"
2.5455275087549e-56,0.806978446658092,0.102,0.255,9.3168852347938e-52,"Neutrophils","GOLGA7"
3.18025758791914e-56,2.91853549295095,0.299,0.228,1.16400607975428e-51,"Neutrophils","CTBS"
6.70985785615549e-56,0.756850771135275,0.26,0.524,2.45587507393147e-51,"Neutrophils","TGOLN2"
7.56224521217196e-56,2.25852033271848,0.403,0.373,2.76785737010706e-51,"Neutrophils","ADGRE5"
9.81860888669576e-56,0.654999221015405,0.298,0.591,3.59370903861951e-51,"Neutrophils","TNRC6B"
1.04184351775859e-55,0.889408536534398,0.133,0.304,3.81325145934823e-51,"Neutrophils","SENP6"
1.2466399410377e-55,2.33113307919782,0.48,0.504,4.56282684819207e-51,"Neutrophils","IRF1"
1.4214830319002e-55,1.8327471861004,0.516,0.588,5.20277004505794e-51,"Neutrophils","DDX3X"
1.42428570664353e-55,2.49248108432852,0.333,0.265,5.21302811488597e-51,"Neutrophils","SLC2A3"
1.61400973512203e-55,2.20466450497278,0.43,0.419,5.90743703152016e-51,"Neutrophils","FMNL1"
1.94295927513807e-55,0.684240886134438,0.214,0.433,7.11142524293285e-51,"Neutrophils","H2AFY"
2.05965050680137e-55,0.978902030693128,0.139,0.317,7.53852681994371e-51,"Neutrophils","FAM120A"
3.10088736721524e-55,2.47580094505264,0.325,0.259,1.13495578527445e-50,"Neutrophils","JAML"
3.53308680092816e-55,0.467513613083754,0.867,0.968,1.29314510000772e-50,"Neutrophils","HLA-B"
8.17025993078143e-55,0.749603151840256,0.15,0.331,2.99039683726531e-50,"Neutrophils","ZFAND6"
1.1442374705878e-54,0.59503882090891,0.15,0.328,4.18802356609839e-50,"Neutrophils","ZFAND5"
1.19568000809008e-54,0.833874662079989,0.132,0.301,4.37630839761049e-50,"Neutrophils","RBM33"
2.6785644600766e-54,1.03395499303433,0.159,0.351,9.80381378032636e-50,"Neutrophils","CNPY3"
5.34231939771773e-54,0.951555363406763,0.136,0.308,1.95534232275867e-49,"Neutrophils","CHMP1B"
1.02540601747324e-53,2.49061637634192,0.392,0.365,3.7530885645538e-49,"Neutrophils","CD46"
1.04070825399602e-53,2.12146252462736,0.451,0.468,3.80909628045082e-49,"Neutrophils","WIPF1"
1.31096624075431e-53,0.737250506695561,0.276,0.549,4.79826753778486e-49,"Neutrophils","ATP6V0C"
1.91685142400886e-53,0.763208126720257,0.161,0.349,7.01586789701482e-49,"Neutrophils","CARD16"
3.27418170977941e-53,0.88346740340795,0.195,0.405,1.19838324759636e-48,"Neutrophils","DHRS7"
3.31686969515486e-53,0.921806074759338,0.108,0.261,1.21400747712363e-48,"Neutrophils","TRIM8"
3.64204029931655e-53,0.498650513338609,0.304,0.592,1.33302316995285e-48,"Neutrophils","PPP2R5C"
4.56850546821039e-53,0.747400895432214,0.263,0.524,1.67211868641969e-48,"Neutrophils","BCLAF1"
7.30034300994526e-53,3.1326888633358,0.269,0.197,2.67199854507007e-48,"Neutrophils","MSL1"
1.14183893245923e-52,2.85548291140099,0.287,0.213,4.17924467669403e-48,"Neutrophils","IFITM3"
8.43489085695413e-52,0.727241586943457,0.128,0.286,3.08725440255378e-47,"Neutrophils","RASA2"
9.22974132542871e-52,0.61265884145916,0.159,0.337,3.37817762252016e-47,"Neutrophils","GNG2"
2.26591555684263e-51,1.01600827988107,0.164,0.351,8.29347752959972e-47,"Neutrophils","MARCH7"
2.38555066432808e-51,0.644161168195109,0.184,0.381,8.73135398650719e-47,"Neutrophils","RIOK3"
4.05072674901271e-51,0.932245572487797,0.133,0.296,1.48260649740614e-46,"Neutrophils","SLC38A2"
1.62578578790611e-50,1.53565402762263,0.469,0.472,5.95053856231516e-46,"Neutrophils","EFHD2"
2.35440618238495e-50,0.8739946401861,0.188,0.387,8.61736206814716e-46,"Neutrophils","KANSL1"
4.71621582466974e-50,2.74766309669477,0.282,0.213,1.72618215398737e-45,"Neutrophils","RASSF2"
6.02202102979552e-50,0.932843331317654,0.107,0.253,2.20411991711546e-45,"Neutrophils","ARF4"
9.90261142105514e-49,0.890704412584079,0.251,0.49,3.62445480622039e-44,"Neutrophils","CLEC2B"
1.2088538182455e-48,0.619816695637061,0.173,0.355,4.42452586016034e-44,"Neutrophils","PLEKHO1"
1.37543075364964e-48,2.79149781927174,0.286,0.221,5.03421410143304e-44,"Neutrophils","PECAM1"
1.6974896040153e-48,0.795476201060386,0.175,0.361,6.21298169965641e-44,"Neutrophils","PYCARD"
2.06823455293568e-48,0.862942869464246,0.136,0.296,7.56994528719987e-44,"Neutrophils","ZNF652"
2.35094950080606e-48,0.62775632305677,0.351,0.644,8.60471026790027e-44,"Neutrophils","NFKBIA"
3.5397053456674e-48,1.15203627395629,0.109,0.252,1.29556755356772e-43,"Neutrophils","XAF1"
7.06123127670013e-48,0.934829156868082,0.128,0.284,2.58448125958502e-43,"Neutrophils","ABI1"
8.58200898307957e-48,1.61596511138493,0.528,0.617,3.14110110789695e-43,"Neutrophils","CAP1"
4.99326157417027e-47,0.968586280531883,0.147,0.315,1.82758366876206e-42,"Neutrophils","AKIRIN2"
5.16723286851155e-47,0.836236129302004,0.126,0.278,1.89125890220391e-42,"Neutrophils","CASP1"
7.32186170494805e-47,1.0339306442016,0.193,0.395,2.67987460262803e-42,"Neutrophils","FKBP8"
6.42302570170599e-46,0.947599526048136,0.24,0.469,2.35089163708141e-41,"Neutrophils","TPR"
1.17061886258581e-45,2.68612039637932,0.294,0.234,4.28458209895034e-41,"Neutrophils","TET2"
1.26962602852528e-45,1.86967971947945,0.506,0.593,4.64695822700536e-41,"Neutrophils","ACTR3"
1.88207599589966e-45,1.02824748418876,0.185,0.376,6.88858635259234e-41,"Neutrophils","MIER1"
2.141923571468e-45,1.08629701177661,0.119,0.265,7.83965446393003e-41,"Neutrophils","SIPA1"
5.33435360663236e-45,0.93808193256004,0.112,0.253,1.95242676356351e-40,"Neutrophils","POLR2A"
1.02979566851997e-44,1.10423064385136,0.141,0.3,3.76915512634993e-40,"Neutrophils","RNF166"
1.3817256583531e-44,1.00177851879348,0.111,0.25,5.05725408213818e-40,"Neutrophils","CHMP2B"
1.47407473910896e-44,1.24157215249877,0.177,0.361,5.39526095261272e-40,"Neutrophils","DNAJA1"
2.12831897734584e-44,1.25817848718281,0.165,0.344,7.7898602889835e-40,"Neutrophils","PPP4C"
4.59743436196736e-44,0.995541097650867,0.184,0.37,1.68270695082367e-39,"Neutrophils","ARHGAP45"
5.67515028645716e-44,0.994665138066067,0.183,0.369,2.07716175634618e-39,"Neutrophils","GRK2"
8.60022131494124e-44,0.405611830673848,0.18,0.352,3.14776700348164e-39,"Neutrophils","MAP3K8"
8.93780951720992e-44,0.921702622555859,0.179,0.362,3.271327661394e-39,"Neutrophils","WDR1"
1.75679752413998e-43,0.674430790795518,0.246,0.471,6.43005461810473e-39,"Neutrophils","CDKN2D"
2.24851723253303e-43,0.988490034602127,0.123,0.267,8.22979792279414e-39,"Neutrophils","DNAJC3"
4.22976176459835e-43,1.10175453063855,0.119,0.26,1.54813510346064e-38,"Neutrophils","HM13"
9.26938158845002e-43,0.533475366272253,0.252,0.461,3.39268635518859e-38,"Neutrophils","TNFAIP3"
2.0886644519654e-42,0.549713274246842,0.391,0.731,7.64472076063858e-38,"Neutrophils","HNRNPU"
2.3145943982219e-42,0.641567026591959,0.34,0.631,8.47164695693197e-38,"Neutrophils","ANKRD12"
2.51679917892487e-42,0.853582079314962,0.208,0.403,9.21173667478293e-38,"Neutrophils","GLIPR1"
4.05081740683546e-42,1.16805546046969,0.15,0.31,1.48263967907585e-37,"Neutrophils","IRF2"
5.52608679516128e-42,1.05967445521219,0.149,0.308,2.02260302789698e-37,"Neutrophils","KRAS"
7.63703821670568e-42,0.962636607911637,0.184,0.364,2.79523235769645e-37,"Neutrophils","RBMS1"
1.93645531923868e-41,1.0255583160474,0.203,0.396,7.08762011394549e-37,"Neutrophils","WNK1"
2.46909652608679e-41,1.12965698672553,0.146,0.3,9.03714019513027e-37,"Neutrophils","STX16"
2.7785672790519e-41,0.782125794221889,0.121,0.257,1.01698340980578e-36,"Neutrophils","CCDC186"
3.58251777172773e-41,0.999421563368041,0.235,0.452,1.31123732963007e-36,"Neutrophils","STAG2"
6.48232677674437e-41,1.01633225075537,0.128,0.27,2.37259642355621e-36,"Neutrophils","XRN1"
6.95886523086246e-41,1.03842139046748,0.16,0.323,2.54701426314797e-36,"Neutrophils","TMF1"
1.03390039509211e-40,0.739511432146464,0.12,0.254,3.78417883607662e-36,"Neutrophils","SECISBP2"
2.31494367474038e-40,2.9893341511136,0.258,0.199,8.47292534391726e-36,"Neutrophils","CDC42EP3"
3.51218085525182e-40,2.19120383939081,0.151,0.309,1.28549331483072e-35,"Neutrophils","ISG15"
1.04632915445706e-39,0.851440737744352,0.319,0.607,3.82966933822828e-35,"Neutrophils","CD53"
1.05811464783283e-39,1.16422925942878,0.167,0.334,3.87280542253294e-35,"Neutrophils","NUFIP2"
4.0303946662568e-39,1.20731262408881,0.134,0.275,1.47516475179665e-34,"Neutrophils","GADD45B"
5.78436511919592e-39,1.19381010421281,0.132,0.272,2.1171354772769e-34,"Neutrophils","EIF2AK2"
5.95747891454631e-39,0.893661995433034,0.125,0.26,2.18049685751309e-34,"Neutrophils","UBE2J1"
6.65737047743035e-39,1.04732591693447,0.18,0.352,2.43666416844428e-34,"Neutrophils","CCNDBP1"
7.46375793344517e-39,1.04564342072872,0.126,0.264,2.73181004122027e-34,"Neutrophils","SPEN"
8.79906389137768e-39,0.97902292731198,0.136,0.277,3.22054537488315e-34,"Neutrophils","NFKBIZ"
1.21811032968288e-38,1.03501192873451,0.225,0.43,4.4584056176723e-34,"Neutrophils","APBB1IP"
1.50031032277429e-38,0.993171496522534,0.126,0.263,5.49128581238619e-34,"Neutrophils","MARCH6"
2.02270460129845e-38,0.752458250187068,0.298,0.553,7.40330111121245e-34,"Neutrophils","CYTIP"
2.31783410535848e-38,1.03217013055487,0.119,0.251,8.48350460902256e-34,"Neutrophils","DOCK11"
2.36586398850898e-38,0.397325830062896,0.232,0.42,8.65929878434172e-34,"Neutrophils","ZEB2"
2.55353454688708e-38,2.80514895301264,0.313,0.276,9.34619179506141e-34,"Neutrophils","RNF13"
3.74251705826409e-38,1.08242007730557,0.181,0.354,1.36979866849524e-33,"Neutrophils","PAFAH1B1"
8.11956584834883e-38,0.843092267459475,0.154,0.305,2.97184229615415e-33,"Neutrophils","DNAJB1"
1.56346938450813e-37,1.21275548059208,0.179,0.349,5.72245429423822e-33,"Neutrophils","WDR82"
2.41490611808636e-37,1.30213277213424,0.563,0.708,8.83879788280787e-33,"Neutrophils","STK17B"
2.5107532482193e-37,0.815724702946108,0.163,0.316,9.18960796380747e-33,"Neutrophils","CLK1"
6.94414201004293e-37,0.829198660019923,0.265,0.49,2.54162541709581e-32,"Neutrophils","EPB41"
7.34412009824854e-37,0.879877348276572,0.249,0.462,2.68802139715995e-32,"Neutrophils","ANKRD11"
1.08984859640016e-36,1.22876678968629,0.188,0.362,3.98895484768423e-32,"Neutrophils","ARRDC3"
1.70863437940533e-36,1.18968844012815,0.197,0.38,6.25377269206144e-32,"Neutrophils","RAB7A"
2.10442016179999e-36,0.870001479394228,0.339,0.62,7.70238823420415e-32,"Neutrophils","CD44"
3.1455067002545e-36,1.08416244865986,0.263,0.495,1.15128690736015e-31,"Neutrophils","CSNK1A1"
3.42890196255313e-36,1.35564316563842,0.569,0.764,1.25501240731407e-31,"Neutrophils","STK4"
3.66322024007262e-36,0.991997038350756,0.627,0.815,1.34077524006898e-31,"Neutrophils","TPM3"
4.13742777424147e-36,1.07620485157109,0.138,0.277,1.51433993965012e-31,"Neutrophils","AKIRIN1"
9.39786164608291e-36,2.79561820043102,0.29,0.246,3.43971134108281e-31,"Neutrophils","PDE4B"
1.60505420622127e-35,1.12805696082582,0.151,0.297,5.87465890019047e-31,"Neutrophils","CASP8"
1.72762064804527e-35,0.43397422165258,0.338,0.592,6.32326433391049e-31,"Neutrophils","ITGB2"
3.91448495424591e-35,0.742957529842192,0.317,0.569,1.43274063810355e-30,"Neutrophils","ISG20"
7.38999697438604e-35,1.3048411043504,0.133,0.269,2.70481279259503e-30,"Neutrophils","DCP2"
9.88499836694025e-35,0.417339315524547,0.138,0.264,3.6180082522838e-30,"Neutrophils","IFITM1"
2.37107277865246e-34,1.19965738850481,0.123,0.25,8.67836347714588e-30,"Neutrophils","TMEM30A"
2.84605427499551e-34,2.3325678135112,0.443,0.509,1.04168432519111e-29,"Neutrophils","ANP32A"
3.5249189596001e-34,1.06553044523814,0.235,0.434,1.29015558840323e-29,"Neutrophils","SQSTM1"
3.58213476244126e-34,0.937105133536233,0.168,0.318,1.31109714440113e-29,"Neutrophils","PHIP"
3.801383484563e-34,0.925427057006822,0.216,0.401,1.3913443691849e-29,"Neutrophils","PPP1R12A"
4.88122781513868e-34,0.800325582588032,0.651,0.858,1.78657819261891e-29,"Neutrophils","ARPC2"
4.97518849087342e-34,2.95631440829764,0.259,0.21,1.82096873954458e-29,"Neutrophils","RASSF3"
5.48428726581245e-34,1.4880178898533,0.53,0.652,2.00730398216002e-29,"Neutrophils","GNAI2"
5.65160967449664e-34,1.02925639318646,0.179,0.34,2.06854565696252e-29,"Neutrophils","MT-ATP8"
9.29096568199547e-34,1.24536359949548,0.133,0.264,3.40058634926716e-29,"Neutrophils","CSNK1G2"
1.06114796051671e-33,1.1861883847748,0.159,0.306,3.88390765028721e-29,"Neutrophils","RSBN1L"
1.53192348948927e-33,0.847629375293243,0.36,0.664,5.60699316387969e-29,"Neutrophils","FUS"
1.80101818792293e-33,1.02954628707506,0.135,0.265,6.59190666961673e-29,"Neutrophils","PACS1"
2.5773792350039e-33,1.0130580224893,0.24,0.443,9.43346573803779e-29,"Neutrophils","GNB1"
4.00736954077477e-33,1.36410860160908,0.183,0.349,1.46673732561897e-28,"Neutrophils","RTF2"
5.99146378089032e-33,2.23816318030466,0.386,0.398,2.19293565844367e-28,"Neutrophils","ATP6V0B"
1.96591244670761e-32,1.17210659964358,0.243,0.451,7.19543614619452e-28,"Neutrophils","TAF7"
3.31436202009825e-32,1.16322147147666,0.142,0.276,1.21308964297616e-27,"Neutrophils","KPNA4"
6.20185866963724e-32,2.59240549279973,0.281,0.241,2.26994229167393e-27,"Neutrophils","CSNK1D"
7.60951097729446e-32,2.54949140399011,0.324,0.302,2.78515711279955e-27,"Neutrophils","LCP2"
1.06362026745865e-31,1.14334387261527,0.153,0.292,3.89295654092541e-27,"Neutrophils","TRIP12"
1.21285368233682e-31,1.03442193146189,0.198,0.364,4.43916576272099e-27,"Neutrophils","KDM5A"
1.44499943816029e-31,0.690609415619814,0.252,0.452,5.28884244361047e-27,"Neutrophils","CYLD"
1.68346597917233e-31,0.973116685376028,0.154,0.289,6.16165383036866e-27,"Neutrophils","EML4"
2.62798100113194e-31,0.991030797955216,0.205,0.374,9.618673262243e-27,"Neutrophils","YTHDC1"
5.76563630679952e-31,0.921353701443076,0.261,0.47,2.11028054465169e-26,"Neutrophils","FAM133B"
6.01724618408864e-31,2.48397576806805,0.328,0.309,2.20237227583828e-26,"Neutrophils","MAP3K2"
6.10680824256491e-31,1.37639721172223,0.131,0.258,2.23515288486118e-26,"Neutrophils","BID"
1.04691988385498e-30,0.827710244515717,0.264,0.206,3.83183146689759e-26,"Neutrophils","RGS18"
1.12893257873475e-30,1.04849279301419,0.139,0.265,4.13200613142706e-26,"Neutrophils","RABGAP1L"
1.33352342955956e-30,1.06003035821093,0.614,0.856,4.88082910453094e-26,"Neutrophils","PNRC1"
1.4753048967953e-30,1.09380558143435,0.208,0.379,5.39976345276048e-26,"Neutrophils","ERBIN"
1.57521184167403e-30,1.37331048082283,0.201,0.374,5.7654328617111e-26,"Neutrophils","HSD17B11"
2.09244263970479e-30,1.22740553243759,0.132,0.256,7.65854930558349e-26,"Neutrophils","RNF145"
3.15104411948542e-30,1.05952024979187,0.143,0.273,1.15331365817286e-25,"Neutrophils","SNAP23"
6.90281965728224e-30,1.0961551156925,0.181,0.332,2.52650102276187e-25,"Neutrophils","ZNF292"
1.71147037984285e-29,1.64755923606205,0.39,0.394,6.26415273726281e-25,"Neutrophils","MED13L"
3.57671746665678e-29,2.21093006274329,0.395,0.426,1.30911435997105e-24,"Neutrophils","STAT3"
4.1058882206574e-29,1.26260673801742,0.16,0.297,1.50279614764282e-24,"Neutrophils","ZNF148"
4.47834981682142e-29,1.24508671401734,0.144,0.272,1.63912081645481e-24,"Neutrophils","ITSN2"
6.2554847233653e-29,1.09726171304497,0.228,0.409,2.28956996359893e-24,"Neutrophils","GTF2I"
1.09241696258289e-28,1.36476723012644,0.14,0.266,3.99835532474963e-24,"Neutrophils","ELOVL5"
2.01270608593819e-28,1.21461864945589,0.574,0.759,7.36670554514236e-24,"Neutrophils","LAPTM5"
2.18962637439575e-28,1.17178490029284,0.152,0.283,8.01425149292589e-24,"Neutrophils","BAZ2A"
2.76137015221037e-28,1.05346462896892,0.215,0.384,1.01068908941052e-23,"Neutrophils","PSMA3-AS1"
2.81161099876491e-28,1.13108965844013,0.194,0.353,1.02907774165795e-23,"Neutrophils","BNIP3L"
1.5364432441872e-27,0.704337769202242,0.388,0.694,5.62353591804957e-23,"Neutrophils","TMBIM6"
1.80271224395056e-27,2.28105567676299,0.269,0.228,6.59810708408345e-23,"Neutrophils","ATP2B1-AS1"
1.90700633146708e-27,1.20379095366123,0.559,0.71,6.97983387380266e-23,"Neutrophils","ACTR2"
3.14338400015815e-27,0.838513419540834,0.151,0.273,1.15050997789788e-22,"Neutrophils","ATXN7"
3.14783394275754e-27,1.26539178710148,0.184,0.335,1.15213870138869e-22,"Neutrophils","TOP1"
3.37754023303666e-27,1.28759597327948,0.181,0.328,1.23621350069375e-22,"Neutrophils","TRIM38"
4.09255231039281e-27,1.01359428291979,0.309,0.551,1.49791507112687e-22,"Neutrophils","TCF25"
7.48813530539922e-27,0.756937479957664,0.398,0.71,2.74073240312917e-22,"Neutrophils","PCBP1"
8.08010261267822e-27,1.22158205474851,0.276,0.487,2.95739835726635e-22,"Neutrophils","IFI16"
1.40011825239767e-26,1.21729193049054,0.552,0.708,5.12457281560073e-22,"Neutrophils","ARPC5"
4.22234207093504e-26,1.05193467099731,0.16,0.287,1.54541942138293e-21,"Neutrophils","RBM5"
5.90160517913573e-26,1.72353706836175,0.468,0.556,2.16004651161547e-21,"Neutrophils","RNASET2"
6.59440467400855e-26,1.26380204801281,0.188,0.335,2.41361805473387e-21,"Neutrophils","CHD4"
1.12038588036172e-25,0.513534183648638,0.424,0.746,4.10072436071192e-21,"Neutrophils","RBM39"
1.56477660330976e-25,1.26129976039181,0.203,0.358,5.72723884577407e-21,"Neutrophils","WSB1"
1.68719532202799e-25,2.38093361306348,0.267,0.231,6.17530359815463e-21,"Neutrophils","BACH1"
2.48960467256907e-25,1.15965800835693,0.235,0.414,9.11220206207005e-21,"Neutrophils","CHD2"
3.26562779550448e-25,1.24669642821585,0.161,0.289,1.19525242943259e-20,"Neutrophils","TOX4"
4.09937851137671e-25,2.23403590673367,0.256,0.217,1.50041352894899e-20,"Neutrophils","BAZ2B"
7.27946320864796e-25,1.28660032065493,0.155,0.281,2.66435632899724e-20,"Neutrophils","SRPK2"
1.29914282455941e-24,1.18097821169932,0.151,0.27,4.75499265216989e-20,"Neutrophils","LCOR"
2.57339650151824e-24,1.49567338102943,0.291,0.248,9.41888853520691e-20,"Neutrophils","FGL2"
5.94884426816332e-24,1.38475222007746,0.138,0.25,2.17733649059046e-19,"Neutrophils","TAOK1"
1.27747754672763e-23,2.5418754569517,0.298,0.282,4.67569556877779e-19,"Neutrophils","RILPL2"
1.85044604093904e-23,1.24813306318535,0.213,0.37,6.772817554441e-19,"Neutrophils","USP3"
2.25463253221655e-23,2.6566416437415,0.272,0.246,8.25218053116578e-19,"Neutrophils","FNIP1"
2.52132886117211e-23,1.2825011979501,0.153,0.272,9.22831576477604e-19,"Neutrophils","HIPK1"
1.00011877408609e-22,1.44488560139523,0.217,0.381,3.66053472503249e-18,"Neutrophils","CHMP2A"
1.05889128168155e-22,1.35846747293941,0.237,0.413,3.87564798008265e-18,"Neutrophils","NOP10"
1.91498390487919e-22,1.18079404892971,0.181,0.314,7.00903259024831e-18,"Neutrophils","SELPLG"
3.3043399735217e-22,1.17123415790542,0.344,0.608,1.20942147370868e-17,"Neutrophils","LAMTOR4"
3.50884108961428e-22,1.44066731247627,0.234,0.408,1.28427092720972e-17,"Neutrophils","CASP4"
3.7077424830541e-22,1.23520200799697,0.261,0.452,1.35707082622263e-17,"Neutrophils","WAC"
6.15161260931187e-22,0.963285234983603,0.283,0.482,2.25155173113424e-17,"Neutrophils","KLF3"
7.54882100532008e-22,1.87105233236981,0.461,0.58,2.7629439761572e-17,"Neutrophils","HCLS1"
8.66225232080189e-22,1.01081044651706,0.598,0.792,3.1704709719367e-17,"Neutrophils","TSC22D3"
1.08689981951739e-21,2.2856345786183,0.264,0.235,3.97816202941561e-17,"Neutrophils","PCNX1"
1.24324170458861e-21,1.50088255324575,0.522,0.702,4.55038896296476e-17,"Neutrophils","UBE2D3"
3.38675964620509e-21,1.24340293393572,0.181,0.311,1.23958789810752e-16,"Neutrophils","ANKHD1"
3.71089350089184e-21,1.1777805124121,0.194,0.331,1.35822413026142e-16,"Neutrophils","ACTN4"
4.09624936931862e-21,2.60035733746912,0.288,0.273,1.49926823166431e-16,"Neutrophils","RBPJ"
4.90125203484257e-21,1.15903551917816,0.209,0.356,1.79390725727273e-16,"Neutrophils","RPS6KA3"
7.80687869697311e-21,1.44264732535007,0.159,0.276,2.85739567187913e-16,"Neutrophils","INPP5D"
1.05004929307076e-20,1.9713537237551,0.252,0.217,3.84328541756828e-16,"Neutrophils","IL17RA"
5.18728338761823e-20,0.795389099719212,0.397,0.698,1.89859759270215e-15,"Neutrophils","SRRM2"
5.50969718318448e-20,1.27256980642769,0.232,0.392,2.01660426601735e-15,"Neutrophils","NR3C1"
5.85233083099734e-20,0.939475361479928,0.332,0.553,2.14201160745334e-15,"Neutrophils","ZFP36"
1.20391737282824e-19,1.01038092123144,0.329,0.562,4.40645797628863e-15,"Neutrophils","SF3B1"
1.64627047165547e-19,2.02108703564813,0.322,0.324,6.02551455330619e-15,"Neutrophils","IFNGR1"
1.71280936531583e-19,0.979436294019065,0.28,0.472,6.26905355799246e-15,"Neutrophils","DNAJB6"
2.18765459428237e-19,1.36662262588076,0.164,0.28,8.00703458053292e-15,"Neutrophils","CLTC"
2.40761366238991e-19,2.3508324774597,0.327,0.337,8.81210676571331e-15,"Neutrophils","SYAP1"
6.35652365996124e-19,2.31635771627293,0.346,0.37,2.32655122478241e-14,"Neutrophils","LBR"
8.22640215843001e-19,1.17906826225793,0.31,0.533,3.01094545400697e-14,"Neutrophils","VAPA"
2.15265773209044e-18,0.825425006734036,0.219,0.357,7.87894256522421e-14,"Neutrophils","APLP2"
2.18218955486636e-18,1.56739651821218,0.163,0.277,7.98703198976637e-14,"Neutrophils","SHISA5"
3.83757011242837e-18,2.11865102526193,0.294,0.286,1.40458903684991e-13,"Neutrophils","RTN3"
6.42069586822725e-18,2.16348941111752,0.354,0.383,2.35003889472986e-13,"Neutrophils","MTRNR2L8"
8.32328990129126e-18,1.40196131848181,0.205,0.341,3.04640733677161e-13,"Neutrophils","PIAS1"
8.80202225716753e-18,1.47844813484068,0.157,0.265,3.22162816634589e-13,"Neutrophils","IRF9"
1.07574097801345e-17,0.617460329949429,0.441,0.762,3.93731955362703e-13,"Neutrophils","JAK1"
1.2456174672307e-17,1.52978025661873,0.189,0.317,4.55908449181109e-13,"Neutrophils","KDM2A"
1.59467143705451e-17,1.78414154964846,0.166,0.282,5.83665692676322e-13,"Neutrophils","MLF2"
1.81610614052175e-17,1.64910480903335,0.156,0.265,6.64713008492365e-13,"Neutrophils","HNRNPH2"
3.20240507252401e-17,1.3586640957651,0.217,0.359,1.17211228059451e-12,"Neutrophils","SERINC1"
5.34621936789882e-17,1.16391158877385,0.282,0.469,1.95676975084465e-12,"Neutrophils","ARID4B"
5.94923958727181e-17,1.15309131202973,0.346,0.597,2.17748118133736e-12,"Neutrophils","PRR13"
9.62517789851056e-17,2.32266799224307,0.29,0.287,3.52291136263385e-12,"Neutrophils","SNRK"
1.02920615405138e-16,1.84967537562663,0.387,0.439,3.76699744444345e-12,"Neutrophils","YPEL5"
1.26111730379675e-16,1.41298986066552,0.166,0.276,4.61581544362648e-12,"Neutrophils","GLIPR2"
1.39097205772853e-16,1.45408235624767,0.213,0.352,5.0910968284922e-12,"Neutrophils","KPNB1"
1.80874171801899e-16,1.39827398453372,0.229,0.377,6.62017556212132e-12,"Neutrophils","C6orf62"
3.42710006069427e-16,0.911900684960513,0.289,0.466,1.25435289321471e-11,"Neutrophils","TKT"
3.91045794443145e-16,1.50986641984553,0.177,0.293,1.43126671224136e-11,"Neutrophils","CARD8"
4.16650488357337e-16,0.912378192925702,0.312,0.509,1.52498245243669e-11,"Neutrophils","PRKCB"
4.74707315081898e-16,1.27340164142173,0.212,0.345,1.73747624393126e-11,"Neutrophils","SMG1"
5.69870909213867e-16,1.35525385319657,0.197,0.321,2.08578451481368e-11,"Neutrophils","ADAM10"
1.55346885542137e-15,2.59384705800165,0.265,0.255,5.68585135772775e-11,"Neutrophils","GPCPD1"
2.50297067454853e-15,1.48066823849822,0.205,0.335,9.16112296591507e-11,"Neutrophils","NIN"
3.81767737343943e-15,1.22947736290509,0.288,0.475,1.39730809545257e-10,"Neutrophils","ANKRD44"
4.53898967333742e-15,1.96287317737958,0.354,0.385,1.66131561033823e-10,"Neutrophils","ARRB2"
4.98711159390623e-15,1.35703406971979,0.155,0.253,1.82533271448562e-10,"Neutrophils","CMIP"
4.98832476596174e-15,0.410888537830325,0.506,0.843,1.82577674758966e-10,"Neutrophils","YWHAZ"
7.85156881177995e-15,1.26845848296561,0.297,0.493,2.87375270079958e-10,"Neutrophils","CAPZA1"
8.56595681249353e-15,1.3830916821002,0.214,0.345,3.13522585294076e-10,"Neutrophils","TLE4"
1.39578851967678e-14,1.63466757196319,0.167,0.272,5.10872556086897e-10,"Neutrophils","JPT1"
1.86861288437551e-14,1.42402549582587,0.227,0.367,6.83931001810282e-10,"Neutrophils","NIPBL"
2.57646424110065e-14,2.22200183639902,0.313,0.329,9.43011676885249e-10,"Neutrophils","CHD1"
2.72677507454478e-14,0.712202978084117,0.439,0.726,9.98026945034136e-10,"Neutrophils","RHOA"
4.52482832015522e-14,1.61514628895823,0.185,0.297,1.65613241346001e-09,"Neutrophils","PCF11"
5.12507647356818e-14,1.64233736746416,0.259,0.24,1.87582924009069e-09,"Neutrophils","RAB31"
8.56740711135497e-14,1.28464007503551,0.285,0.467,3.13575667682703e-09,"Neutrophils","MAP1LC3B"
1.36970995029685e-13,1.33675460127086,0.227,0.361,5.01327538908151e-09,"Neutrophils","KAT6A"
3.07106472688508e-13,1.39463211840646,0.202,0.321,1.12404040068721e-08,"Neutrophils","TACC1"
3.17514849966915e-13,1.46146629701054,0.485,0.65,1.16213610236391e-08,"Neutrophils","DAZAP2"
3.17774197091174e-13,2.63307706959356,0.254,0.25,1.16308533877341e-08,"Neutrophils","LAMP2"
4.35391876399007e-13,1.52104431908733,0.192,0.305,1.59357780680801e-08,"Neutrophils","PPP3CA"
4.3883718176279e-13,2.10556490946758,0.359,0.414,1.60618796896999e-08,"Neutrophils","GNB2"
7.73137432419603e-13,1.46335822030063,0.162,0.256,2.82976031639899e-08,"Neutrophils","ARID4A"
1.04951255460223e-12,1.49209323056973,0.192,0.304,3.8413209010996e-08,"Neutrophils","RAB21"
1.15210161944731e-12,1.46480619595583,0.256,0.414,4.2168071373391e-08,"Neutrophils","UBALD2"
2.6194284671308e-12,0.966949138122139,0.577,0.838,9.58737013254544e-08,"Neutrophils","GMFG"
2.96956285866507e-12,1.20120470300096,0.253,0.402,1.0868897019e-07,"Neutrophils","CAPZA2"
4.34823191022665e-12,1.51505549818763,0.168,0.263,1.59149636146205e-07,"Neutrophils","CSGALNACT2"
7.73348547536054e-12,1.25577832338776,0.284,0.451,2.83053301883671e-07,"Neutrophils","RTN4"
9.66024293545077e-12,1.23223481608583,0.214,0.332,3.53574551680434e-07,"Neutrophils","LPGAT1"
6.54023059078445e-11,1.68243384383547,0.179,0.273,2.39378979853302e-06,"Neutrophils","SAMD9"
7.67805842648704e-11,1.06713143250644,0.404,0.685,2.81024616467852e-06,"Neutrophils","GPSM3"
8.27114401838852e-11,1.44223835230758,0.293,0.472,3.02732142217038e-06,"Neutrophils","PPP1CB"
9.4038050134488e-11,1.39170754764315,0.279,0.443,3.4418866729724e-06,"Neutrophils","ANXA11"
1.87799258107134e-10,1.51691139659893,0.228,0.356,6.87364064597921e-06,"Neutrophils","BRD4"
3.03093898725417e-10,0.960902917341313,0.358,0.567,1.1093539787249e-05,"Neutrophils","RAC1"
3.90825643255235e-10,1.57382663798381,0.183,0.281,1.43046093687849e-05,"Neutrophils","CUL3"
4.45442702532759e-10,1.35038829562531,0.203,0.306,1.63036483554015e-05,"Neutrophils","TMX4"
4.92180374868156e-10,2.03657282113615,0.363,0.43,1.80142939005494e-05,"Neutrophils","ADAR"
6.37445090105416e-10,1.60750708034036,0.237,0.368,2.33311277429483e-05,"Neutrophils","SH3BP5"
9.36678160945676e-10,0.639392913627289,0.214,0.318,3.42833573687727e-05,"Neutrophils","TUBA4A"
1.18662531181093e-09,1.25478514627884,0.289,0.449,4.3431673037592e-05,"Neutrophils","CKLF"
1.19147663770936e-09,1.13735887484336,0.33,0.525,4.36092364168003e-05,"Neutrophils","CDC42SE1"
1.93634026533415e-09,1.16506854878852,0.485,0.649,7.08719900514952e-05,"Neutrophils","DDX17"
3.89340537694973e-09,1.57632148786074,0.175,0.264,0.000142502530201737,"Neutrophils","HBP1"
4.10987646144955e-09,1.59879909928545,0.444,0.591,0.000150425588365515,"Neutrophils","ELF1"
7.09562117994898e-09,1.64154537151824,0.403,0.503,0.000259706830807313,"Neutrophils","MBP"
1.14337500039929e-08,1.61497205917303,0.191,0.285,0.000418486683896144,"Neutrophils","USP8"
1.15014490182945e-08,2.43040007836242,0.252,0.261,0.000420964535518599,"Neutrophils","TANK"
1.58927396400743e-08,1.60059978424095,0.212,0.32,0.000581690163566358,"Neutrophils","VPS4B"
1.60900222570378e-08,1.73612484827998,0.176,0.262,0.000588910904629839,"Neutrophils","GOLGB1"
2.7298277318794e-08,1.2888087631657,0.218,0.321,0.000999144248145178,"Neutrophils","PARP8"
6.99551690974594e-08,0.994407450475179,0.206,0.3,0.00256042914413611,"Neutrophils","METRNL"
7.2707354820762e-08,1.26720477091636,0.208,0.305,0.00266116189379471,"Neutrophils","FCGRT"
7.43072663304913e-08,0.779909202146362,0.432,0.689,0.00271972025496231,"Neutrophils","MSN"
1.00012361150861e-07,0.3261127116954,0.604,0.851,0.00366055243048265,"Neutrophils","S100A6"
2.1169936136626e-07,1.12410041480842,0.333,0.376,0.0077484083253665,"Neutrophils","NCOA4"
4.8722431173304e-07,1.48684497559895,0.235,0.348,0.017832897033741,"Neutrophils","MAPK1"
5.10211015458503e-07,1.41727894960236,0.192,0.279,0.0186742333767967,"Neutrophils","RAB8B"
6.26577203361373e-07,1.70482678005521,0.179,0.259,0.0229333522202296,"Neutrophils","DICER1"
6.48038013002693e-07,1.69131209358173,0.179,0.26,0.0237188393139116,"Neutrophils","AFF4"
8.53494919587111e-07,1.6397787182644,0.246,0.37,0.0312387675518079,"Neutrophils","SH3GLB1"
1.04592685289162e-06,1.10054409627314,0.334,0.504,0.038281968742686,"Neutrophils","SERPINB1"
1.27869908560998e-06,2.3239968647079,0.242,0.255,0.046801665232411,"Neutrophils","SNX10"
1.35122134455183e-06,1.28863628664715,0.34,0.528,0.0494560524319415,"Neutrophils","OSBPL8"
1.89400673720451e-06,1.87581394364712,0.177,0.257,0.0693225405884223,"Neutrophils","ARHGAP9"
2.84562952001999e-06,1.36835115915143,0.212,0.303,0.104152886062252,"Neutrophils","MECP2"
3.20899139327559e-06,1.70649778589935,0.183,0.263,0.11745229398528,"Neutrophils","ZNF394"
4.10843403375188e-06,1.66470539555322,0.251,0.372,0.150372794069352,"Neutrophils","SETX"
4.29066312813898e-06,0.665336715648028,0.392,0.603,0.157042561153015,"Neutrophils","TLN1"
8.18384536828089e-06,1.38500776895273,0.304,0.461,0.299536924324449,"Neutrophils","PJA2"
1.04089978180556e-05,2.03104752738325,0.296,0.34,0.380979729138654,"Neutrophils","NFE2L2"
6.27535067511409e-05,0.835882945288489,0.467,0.755,1,"Neutrophils","MBNL1"
7.20379850184076e-05,2.30276142278609,0.253,0.279,1,"Neutrophils","RBM23"
0.000107409769805918,2.13239332226972,0.264,0.297,1,"Neutrophils","EP300"
0.000113691068021988,1.85469580118122,0.217,0.307,1,"Neutrophils","STAT1"
0.000115308687645253,1.7478307330811,0.345,0.425,1,"Neutrophils","IDS"
0.000130918031311705,2.21093826270816,0.274,0.315,1,"Neutrophils","UBE2R2"
0.00014964483255703,1.69105725092382,0.237,0.339,1,"Neutrophils","PPP1R18"
0.000165307633932234,1.00651463510535,0.323,0.465,1,"Neutrophils","BRI3"
0.000268480625574123,1.83592882006303,0.218,0.308,1,"Neutrophils","NRDC"
0.000278990200076816,1.55442817435755,0.264,0.379,1,"Neutrophils","LINC-PINT"
0.000292396707812672,1.83155106615928,0.346,0.433,1,"Neutrophils","ACAP2"
0.000438334893440551,1.85679177320896,0.361,0.461,1,"Neutrophils","CREBRF"
0.000442471069125356,1.70593303372743,0.251,0.358,1,"Neutrophils","ARHGAP30"
0.000554921475409027,1.75584507784883,0.238,0.338,1,"Neutrophils","SP3"
0.000618799925975556,0.501717726193996,0.349,0.465,1,"Neutrophils","PSAP"
0.00118334253428137,1.98187864851865,0.275,0.319,1,"Neutrophils","SKAP2"
0.00118809489349898,1.70365800874615,0.278,0.405,1,"Neutrophils","WAS"
0.00144764624546992,1.60586988760465,0.266,0.379,1,"Neutrophils","PRKAR1A"
0.00148740519306585,1.0839914789647,0.501,0.716,1,"Neutrophils","RNASEK"
0.00158824544861191,1.81545807546177,0.323,0.395,1,"Neutrophils","RASSF5"
0.00184119385185017,0.778533601840637,0.221,0.29,1,"Neutrophils","PAG1"
0.00187510804565736,2.1355862051262,0.228,0.25,1,"Neutrophils","GNA13"
0.00196557522085002,1.70398261654856,0.255,0.361,1,"Neutrophils","PTPN6"
0.0032869899260743,1.55434415450949,0.214,0.29,1,"Neutrophils","JARID2"
0.00334435819405233,1.44026765132469,0.269,0.378,1,"Neutrophils","AKNA"
0.0034187351487728,1.93891786399548,0.305,0.374,1,"Neutrophils","RHOG"
0.00438819977822542,1.39908594140396,0.34,0.501,1,"Neutrophils","GRB2"
0.00450327328477712,1.53496840199086,0.254,0.349,1,"Neutrophils","STK10"
0.00491449842744486,1.95731393840928,0.287,0.414,1,"Neutrophils","PRKDC"
0.00520237185191013,1.63268588255374,0.4,0.54,1,"Neutrophils","CCNL1"
0.00525551632551971,1.82164192554463,0.342,0.441,1,"Neutrophils","CNN2"
0.00556966876896444,0.799755054055465,0.577,0.804,1,"Neutrophils","CXCR4"
0.00567630681788569,1.35379967617458,0.434,0.605,1,"Neutrophils","LSP1"
0.00712361872428549,1.83264188944658,0.246,0.341,1,"Neutrophils","RALBP1"
