"Gene","CellTypes","Comparisons","Occurrences","Mean_Log2FC","Mean_Abs_Log2FC","MinPadj",".Direction"
"TNFAIP3",10,3,27,0.0233222330291179,0.791551298602689,0.000000000000000239822830914635,"drop"
"FKBP5",10,3,25,-0.66041068351414,1.03877333984472,0.00000000000000000000000000000000000000000000000000000000634309470103281,"drop"
"HBA2",10,3,23,-0.30265960295805,0.992570003701133,0.00000000000969477140141126,"drop"
"AREG",10,3,22,-0.144818446132134,1.39170839612635,0.0000000000000000000000000000000000000000000000217111239465205,"drop"
"YPEL5",10,3,22,0.0218600517122127,0.644192647766968,0.0050126815450611,"drop"
"SMAP2",10,3,22,-0.301064844261056,0.435088511372857,0.000000000000000173717509876733,"drop"
"FOS",10,3,21,-0.534410821049502,1.35408724433569,0.0000000000000000000343682410411232,"drop"
"HBB",10,3,21,-0.275299601839046,0.973800444792488,0.0000000000000000000000000000000000000000823971234519952,"drop"
"EIF2AK2",10,3,21,0.43364853055971,0.689151331495717,0.000000000000858835905976612,"drop"
"RPS26",10,3,20,0.946224638704183,0.994942523710379,0.000000000000000000000000000000000000000000000000000000000000000000000000017116891371647,"drop"
"MTRNR2L1",10,3,20,-0.880737502249646,0.981145052198812,0.00000000000730467449215235,"drop"
"KLF6",10,3,20,-0.0666850650095411,0.760722818148308,0.000000223590057603263,"drop"
"DDIT4",10,3,20,-0.371517626141538,0.679515187196854,0.000000000000000000232869771331301,"drop"
"S100A9",10,3,20,-0.472836821251734,0.57805866424079,0.0780748446580343,"drop"
"IGKC",10,3,19,-0.482726228623517,0.866325220138904,0.0000121811338976307,"drop"
"EPSTI1",10,3,19,0.377996352225399,0.848885992561042,0.00000000210010493950864,"drop"
"ZFP36",10,3,19,0.000510661810741126,0.727500095197186,0.00000000000000819483161003276,"drop"
"TAGAP",10,3,19,-0.179928445583544,0.588018583887467,0.0000000746385948857712,"drop"
"JUNB",10,3,19,0.149094253798103,0.522278678790828,0.0000000000041899706629339,"drop"
"NFE2L2",10,3,19,0.182764425214342,0.360973921953059,0.145634186475615,"drop"
"ZBTB16",10,3,18,-1.12456538951316,1.30409511668611,0.00000000000000000000000000000000000019020362682923,"drop"
"DUSP1",10,3,18,-0.187879875307227,0.713421374125597,0.000000000100447591219649,"drop"
"SLA",10,3,18,-0.604870571900611,0.652512766065642,0.000000000000000000000000000000091413931310099,"drop"
"PPBP",10,3,18,0.171353838579124,0.591121560071517,0.000000340984108964636,"drop"
"DYNLL1",10,3,18,-0.298669451280232,0.572496822349248,0.000000000000000186448041782673,"drop"
"DTX3L",10,3,18,0.190825540827972,0.538973484677492,1,"drop"
"SLC2A3",10,3,18,0.00824262464386484,0.530049812640299,1,"drop"
"BIRC3",10,3,18,0.0852572833699737,0.48557041724722,0.0136284711940712,"drop"
"SBDS",10,3,18,0.38509232003629,0.38509232003629,0.0529566784365318,"drop"
"MX1",10,3,17,1.11057612223705,1.27354918226944,0.000000000000000000000000000285619423578037,"drop"
"XAF1",10,3,17,0.846254827320143,0.991461800020579,0.00000000000000000000011332691431723,"drop"
"ISG15",10,3,17,0.7646306470915,0.974417879171429,0.000000000000000000000647096823040219,"drop"
"STAT1",10,3,17,0.233873042594221,0.619069480538237,0.00000000875816996983372,"drop"
"AC004687.1",10,3,17,0.193788432886705,0.472840520999166,0.0000624083218846642,"drop"
"CACUL1",10,3,17,0.183284186937003,0.47177132271218,1,"drop"
"PHF12",10,3,17,-0.135430512683846,0.457031688556516,1,"drop"
"GABPB1-IT1",10,3,17,-0.0412158480745544,0.346939134023342,1,"drop"
"TSC22D3",10,3,16,-0.345065004903437,0.664583233667103,0.00000000000000000000000000000000000000000000300443245809301,"drop"
"IRF9",10,3,16,0.145233449978412,0.565298257198278,0.258532796963334,"drop"
"ZFAND5",10,3,16,-0.07459468219491,0.517209297533652,0.0000302174204011408,"drop"
"PLEKHO1",10,3,16,0.180378038813646,0.511032290160596,0.00000980360625121988,"drop"
"CCNL1",10,3,16,0.0628144580798885,0.496361158589348,0.00214330856288165,"drop"
"CEMIP2",10,3,16,-0.104380544586456,0.495582533299051,0.297355289911119,"drop"
"TUBA1A",10,3,16,0.0578322289056065,0.418248802435246,1,"drop"
"MARK2",10,3,16,-0.297706433623389,0.407778495545454,1,"drop"
"JOSD1",10,3,16,0.148069442758983,0.39476907838816,1,"drop"
"PARP14",10,3,15,0.333830970188127,0.59476725348533,0.0000493230732564426,"drop"
"ZNF217",10,3,15,-0.393876508211941,0.507826220793082,1,"drop"
"ADGRE5",10,3,15,-0.104274839802434,0.452749707198847,0.0000099172835612357,"drop"
"SYAP1",10,3,15,0.0577862309835058,0.418114724564919,1,"drop"
"LYZ",10,3,15,0.141256799633381,0.417310833847668,0.00117190084802611,"drop"
"MTRNR2L8",10,3,15,0.122079499743031,0.399672640379302,1,"drop"
"SAMD9L",10,3,14,0.25554529899852,0.709345326624911,0.00317254357188034,"drop"
"ZFP36L2",10,3,14,-0.352990911156217,0.636644914946281,0.000000000000000000000000000000122634559006896,"drop"
"CXCR4",10,3,14,-0.206523277711038,0.568929888771492,0.000000000000000000000000000000000000142630338831021,"drop"
"C1orf162",10,3,14,-0.373882685591118,0.506781548508154,0.00000000000405003606999465,"drop"
"TBC1D10C",10,3,14,-0.192518867156395,0.482929935102876,0.215648613533905,"drop"
"PTK2B",10,3,13,-0.0355524402576138,0.504755987058379,0.383075486670173,"drop"
"IRF2",10,3,13,-0.0613418775021144,0.449364593162831,0.0088432581894075,"drop"
"MGAT1",10,3,13,-0.361879381547305,0.426753297131521,0.185308487128513,"drop"
"CARD8",10,3,13,-0.416739879301198,0.416739879301198,0.0689215843030224,"drop"
"PSMB9",10,3,12,-0.285171988519372,0.446574708672554,0.0000000000986063572912615,"drop"
"TXNIP",10,2,11,-0.203210116966233,0.579365725142245,0.00000000000000000000000000000000000000000000000000000000235144044391956,"drop"
"BTG1",10,3,11,-0.237375799747326,0.363735152270654,0.0000000000000000782449992284098,"drop"
"PDE4D",9,3,22,0.0830301266619125,0.497559690421378,0.000100957025399528,"drop"
"DNAJA1",9,3,21,-0.199849015947207,0.546046289075751,0.0000000000094065068791313,"drop"
"CTR9",9,3,20,-0.296685247945231,0.525514013592215,0.00161630267983594,"drop"
"TOB1",9,3,19,-0.0716861567401447,0.607073071226825,0.0716192028199099,"drop"
"PIK3IP1",9,3,19,-0.219475404418905,0.434988221132108,0.00000000000830239719347223,"drop"
"SYTL3",9,3,18,-0.179479085703476,0.61454066206488,0.000723750153895263,"drop"
"LINC-PINT",9,3,18,0.108664546420193,0.57509902275976,0.0976058478662433,"drop"
"NFKBIZ",9,3,18,0.441815713792927,0.52671515545697,0.468268711415276,"drop"
"S1PR4",9,3,18,-0.316627336711836,0.455907137546524,0.000271361577008349,"drop"
"RAB5A",9,3,18,0.127217955272162,0.421835392041633,1,"drop"
"HBA1",9,3,17,-0.440843219162416,1.20251390623259,0.00108196555152662,"drop"
"IRS2",9,3,17,0.00473564715316548,0.874347538606751,0.000000000000000496311847262646,"drop"
"TNFSF10",9,3,17,0.0067606592160827,0.700441630429936,0.0000497869239396433,"drop"
"SAMSN1",9,3,17,-0.200052683894289,0.667234713221583,0.0000000000000000303224229899026,"drop"
"IFRD1",9,3,17,-0.0307784559127072,0.655810668660931,0.114004536907809,"drop"
"KLF9",9,3,17,-0.194838880486981,0.628039003701599,0.00000000000350924588189261,"drop"
"CHMP1B",9,3,17,-0.0370069637065268,0.568490824466258,1,"drop"
"JUND",9,3,17,0.328296530103777,0.534176088590934,0.000000000000000000000343229040790627,"drop"
"TCP11L2",9,3,17,0.02688069366118,0.470305394546857,1,"drop"
"CSGALNACT2",9,3,17,0.0432188860470182,0.464407689179463,0.000307116179642094,"drop"
"AC016831.5",9,3,17,0.0301997350772235,0.446970694896347,1,"drop"
"CYB5B",9,3,17,-0.171169724238645,0.410539306481487,1,"drop"
"ZBTB1",9,3,17,0.183893493671946,0.400053898624219,1,"drop"
"MYADM",9,3,16,-0.0601817488159278,0.971490323030306,0.00000000000103934370244202,"drop"
"SOCS1",9,3,16,-0.503669634282166,0.877593102324704,0.000000000000029069308496773,"drop"
"SH3BP5",9,3,16,-0.130766747657068,0.669557966270316,0.0000000230446744177975,"drop"
"IFNGR1",9,3,16,-0.294893597531446,0.618448648193972,0.00000761058152028676,"drop"
"PAG1",9,3,16,-0.0822541445537504,0.491433093212501,0.00139604452365664,"drop"
"FLOT1",9,3,16,-0.0328291715440558,0.485821860177911,1,"drop"
"AHCTF1",9,3,16,-0.0290388344039456,0.484003332769912,1,"drop"
"AFF4",9,3,16,0.121927673491251,0.460158215855295,1,"drop"
"IDS",9,3,16,-0.0642782517277238,0.456556122463615,0.00000000465616839192343,"drop"
"ZDHHC20",9,3,16,0.111465740550383,0.431610378031477,1,"drop"
"RNF145",9,3,16,0.124750156130774,0.42081626248307,1,"drop"
"HNRNPF",9,3,16,-0.261622579413838,0.389455647479117,0.00000000564734923346785,"drop"
"UPF2",9,3,16,0.0624119586831621,0.376579924160092,1,"drop"
"FAM133B",9,3,16,0.241883333194956,0.352098494505454,0.179025965176221,"drop"
"PF4",9,3,15,0.127087824199762,0.74510632364407,0.00000249833973881308,"drop"
"DUSP2",9,3,15,0.0428322497836355,0.700873866732953,0.0000195119854152669,"drop"
"NFKBIA",9,3,15,-0.0584569774028271,0.684481739703053,0.0000000431516801939305,"drop"
"GBP4",9,3,15,-0.293861572444937,0.630271782576351,0.00993161989031202,"drop"
"CDKN2D",9,3,15,0.376768107790811,0.537639965108434,0.00000000000946180998802911,"drop"
"BTG2",9,3,15,0.273721042396341,0.513490203405025,0.000000000000000000000246847374471051,"drop"
"CBLB",9,3,15,0.0588095443373142,0.510107682543491,0.250286189632526,"drop"
"BAZ1B",9,3,15,-0.281929868184618,0.503192780336763,0.926974307727742,"drop"
"OSER1",9,3,15,0.229064183716563,0.50149052627475,1,"drop"
"PDE4B",9,3,15,0.0941539203855074,0.498103557894866,0.0000631406193308024,"drop"
"DNAJB9",9,3,15,0.114320194742764,0.489560655159495,1,"drop"
"CD55",9,3,15,-0.1874394176133,0.489431441909943,0.000000162913224758724,"drop"
"GIMAP7",9,3,15,-0.407926859931114,0.484854749851244,0.00000000000339752418846937,"drop"
"ZC3H18",9,3,15,-0.274264223837009,0.474911028713626,0.000922638774680625,"drop"
"SMARCA5",9,3,15,-0.333048733139897,0.474118295400962,0.857654703163454,"drop"
"BAZ1A",9,3,15,-0.392670335184396,0.472442909028709,0.00000000836616135477128,"drop"
"MGAT4A",9,3,15,0.272921538298219,0.462927575999459,0.0000168568840661171,"drop"
"RNF19A",9,3,15,0.101753059003213,0.442216447105197,0.640874372468915,"drop"
"FAM214A",9,3,15,-0.0342887899045348,0.42833147299479,1,"drop"
"TUBA4A",9,3,15,-0.129754133345204,0.418762659009099,0.416053908007524,"drop"
"MBD2",9,3,15,0.196960737421424,0.409670656813434,1,"drop"
"VCPIP1",9,3,15,0.136922598753805,0.403241327832592,1,"drop"
"CYFIP2",9,3,15,0.176294128948494,0.401596644894101,1,"drop"
"SATB1",9,3,15,0.0301033814253623,0.401045371023539,0.0000000226020258851194,"drop"
"FGFR1OP2",9,3,15,-0.16264833664053,0.392698357179548,0.119536770192806,"drop"
"KCMF1",9,3,15,0.0774312842184656,0.392068320164389,1,"drop"
"DNAJB1",9,3,15,0.150595291515978,0.384085994898123,1,"drop"
"IFNAR2",9,3,15,-0.0529729769354971,0.376427953741466,1,"drop"
"IL7R",9,3,14,-0.228220674432541,0.675769404861368,0.0000000000000000273965819149526,"drop"
"ZNF281",9,3,14,-0.228726278297985,0.609576477875167,0.17300379352289,"drop"
"CYBC1",9,3,14,-0.451158543129454,0.576322867271756,0.0370054526022076,"drop"
"ITGAL",9,3,14,0.356671269124044,0.492525484517561,1,"drop"
"ISG20",9,3,14,-0.315594312803581,0.489669891546338,0.000000000102020485218347,"drop"
"IL16",9,3,14,-0.189699036772353,0.475442958026392,1,"drop"
"CNOT6L",9,3,14,-0.143045399518048,0.444948571323271,0.000000000000000332400419590378,"drop"
"ATF6",9,3,14,-0.124375533499481,0.441494574232181,1,"drop"
"SPTY2D1",9,3,14,0.22912982516494,0.438101704897847,1,"drop"
"PTPN6",9,3,14,-0.351555280523587,0.43742661643311,0.0684994394490653,"drop"
"SYTL1",9,3,14,-0.165283981547299,0.425108516977493,1,"drop"
"SRSF2",9,3,14,-0.116725110472832,0.424778753615168,0.0392123480464467,"drop"
"DYRK2",9,3,14,0.150353283283681,0.419826765747261,1,"drop"
"CAB39",9,3,14,-0.288891227388063,0.414721667512315,0.845538611653278,"drop"
"USP10",9,3,14,-0.348294856051006,0.413824139127367,0.00156126496826869,"drop"
"TNFAIP8",9,3,14,0.0427654269132215,0.41116558199597,0.000105132234193779,"drop"
"TUT7",9,3,14,-0.311932062197691,0.406206343701907,0.00365437588776149,"drop"
"ACTR3",9,3,14,-0.116220675355218,0.397663249448871,0.00000000000027604303602792,"drop"
"SRSF5",9,3,14,-0.120914921346077,0.397585114019875,0.0000000000000000000000000000000000000387437498760564,"drop"
"PDCD10",9,3,14,-0.141167450387583,0.386840371916421,1,"drop"
"NIPBL",9,3,14,-0.280726498932593,0.386033288629949,0.0000000737268579560371,"drop"
"MAP3K2",9,3,14,0.0705955715585291,0.381906094196538,1,"drop"
"CAPN7",9,3,14,-0.101297115916151,0.368624177885105,1,"drop"
"C5orf56",9,3,13,0.0497251887190265,0.618455973118381,1,"drop"
"HIST1H2AC",9,3,13,0.0709129583667095,0.545739158408654,0.0790516751791641,"drop"
"PIK3CD",9,3,13,0.0127784081136828,0.490232843590565,1,"drop"
"TAP1",9,3,13,-0.300412390511201,0.487755022208941,0.000283845130598907,"drop"
"CCNH",9,3,13,-0.34075942948288,0.487295336995291,0.0244574999094121,"drop"
"ZBTB38",9,3,13,-0.00571985251004884,0.482655178916191,1,"drop"
"CBL",9,3,13,0.0406979231320181,0.463698632758036,1,"drop"
"IER2",9,3,13,-0.0110947578814735,0.458510600873949,0.00000183648526622755,"drop"
"CRIP1",9,3,13,-0.0846170595914761,0.44065519270794,0.00000000000120144242622682,"drop"
"UBE2R2",9,3,13,-0.207736174274096,0.427273057217559,1,"drop"
"HMBOX1",9,3,13,-0.155095842801873,0.424514791646516,1,"drop"
"ARHGAP25",9,3,13,-0.207414671500183,0.424231447684077,1,"drop"
"IREB2",9,3,13,0.172295738532054,0.408762908138637,1,"drop"
"ORAI1",9,3,13,-0.174894911688583,0.407200097501623,0.00230861220323833,"drop"
"PCMTD1",9,3,13,0.109657811581082,0.406277564964821,1,"drop"
"USP7",9,3,13,0.31364524178819,0.40262286934664,1,"drop"
"VCP",9,3,13,-0.397768006552019,0.397768006552019,1,"drop"
"SELL",9,3,13,0.212174357967451,0.397016959199035,0.0000000017139886883181,"drop"
"PAN3",9,3,13,-0.183042903042015,0.386517604265169,1,"drop"
"HERC1",9,3,13,0.205104283616584,0.375597976047326,1,"drop"
"XPO6",9,3,13,-0.0340480187757845,0.340985109675702,1,"drop"
"DCAF7",9,2,13,-0.297278412107428,0.3400870468709,1,"drop"
"MSL2",9,3,13,-0.0253141339454336,0.336837262410112,1,"drop"
"ANKRD13D",9,3,13,0.0238674731717188,0.328157788013755,1,"drop"
"BTN3A2",9,3,12,-0.263033907055672,0.618935508458318,1,"drop"
"TCF7",9,3,12,0.353260669183808,0.472390293838201,0.0132899011523391,"drop"
"SP110",9,3,12,0.145817285919074,0.411756630395347,0.000259320314420169,"drop"
"FBXO33",9,3,12,0.225132446739622,0.386823556495916,1,"drop"
"RIN3",9,3,12,-0.0575365986046199,0.376889639086138,1,"drop"
"STK38",9,3,12,-0.162648232802614,0.363458650069541,1,"drop"
"PLAAT4",9,3,12,-0.078660010473342,0.339633655644534,0.00216839312012795,"drop"
"NRDC",9,3,12,-0.119430141316393,0.314298064161539,1,"drop"
"TRAF3IP3",9,3,11,-0.242208029154807,0.454503583191811,0.0000000974646675361864,"drop"
"FBXO11",9,3,11,-0.0929758336256355,0.420807897616805,1,"drop"
"PPP3CB",9,3,11,0.146665858499551,0.403116594641186,1,"drop"
"PBRM1",9,3,11,-0.320361541291229,0.378266669015182,0.119576398920649,"drop"
"WASHC4",9,3,11,-0.173805715331439,0.359312278013812,0.213499820577577,"drop"
"PPP6R2",9,3,11,0.212215997521476,0.335989418742985,1,"drop"
"PPP1R12A",9,3,11,-0.213941133659435,0.318535195167805,0.00000451120919231388,"drop"
"LY6E",9,3,10,0.949157121021874,1.0852763507326,0.0000000000000761351023662372,"drop"
"TSG101",9,3,10,-0.241805917412888,0.465992576908845,0.0649149442410202,"drop"
"DENR",9,3,10,-0.0880513083044147,0.351500886346233,1,"drop"
"NAPA",9,3,9,0.150775721395871,0.404190369236389,1,"drop"
"ZNF331",8,3,22,0.303042204571194,0.917749091462433,0.00000000000000574762220302282,"drop"
"MT-ND6",8,3,20,0.421826540422755,0.450353380095369,1,"drop"
"JUN",8,3,19,-0.418566942814794,1.23549553725744,0.0000000000301718286391352,"drop"
"NRGN",8,3,19,0.324112346716016,0.584351455581657,0.000138779552468431,"drop"
"DCTN6",8,3,19,-0.044258678197374,0.475443563140451,0.0145992980449646,"drop"
"NR4A2",8,3,18,0.166860909973095,1.34278841183556,0.000000221759079178092,"drop"
"CREM",8,3,18,0.199413454874388,0.756920630911425,0.000000000000367856698713274,"drop"
"RBM38",8,3,18,0.363777824057667,0.636546343959665,0.0241877633301044,"drop"
"HSPH1",8,3,18,-0.277159006894039,0.571506729490264,0.0279300214379179,"drop"
"VPS37B",8,3,18,0.141974432875937,0.496590119192318,1,"drop"
"ST6GAL1",8,3,18,-0.0693813804386941,0.493478539832612,0.639617562827886,"drop"
"DAXX",8,3,18,-0.204439179204447,0.412322588499598,0.0022371596431374,"drop"
"S100A11",8,3,17,-0.508280165281413,0.583305177147848,0.00000000000000000968406639826751,"drop"
"CYTH4",8,3,17,-0.0493480770641166,0.528135021331282,1,"drop"
"NDUFA8",8,3,17,-0.484282539633209,0.514372630817888,0.0058006277847414,"drop"
"GBP2",8,3,17,-0.260133028364681,0.469827349946577,0.00842622868092719,"drop"
"ITGB1",8,3,17,-0.163753665535464,0.463357291217481,0.397225081368712,"drop"
"ZZEF1",8,3,17,0.0422125324615901,0.423567735761997,1,"drop"
"KDM6B",8,3,16,-0.0282467026785296,0.901045142954884,0.000821097536738579,"drop"
"NXT1",8,3,16,0.128887095657682,0.550964523148693,0.465763078168279,"drop"
"GADD45B",8,3,16,0.0615925914539926,0.55056363824199,0.066254746505979,"drop"
"SLC38A2",8,3,16,-0.0577769729471383,0.544653369707815,0.852360642075953,"drop"
"GABARAPL1",8,3,16,0.0203375612343771,0.538075797919213,1,"drop"
"PPP1R15B",8,3,16,0.0417534016281947,0.52231488591758,1,"drop"
"CCDC28A",8,3,16,-0.186004210438109,0.516956112055906,0.38152014983235,"drop"
"C16orf54",8,3,16,-0.125819490174975,0.509870136247668,0.0000451304852342535,"drop"
"HPS4",8,3,16,0.127512540865086,0.479209614890314,1,"drop"
"PCNX1",8,3,16,-0.193797867882278,0.454476826474321,0.000969797489632034,"drop"
"KIN",8,3,16,-0.0814678791355204,0.441344242514721,1,"drop"
"PLEKHA2",8,3,16,-0.0472830691141871,0.439364294437673,0.544728261677574,"drop"
"DCAF16",8,3,16,0.256864823459371,0.424965966307912,1,"drop"
"COPS4",8,3,16,-0.179943626776706,0.413474514131177,1,"drop"
"RGS19",8,3,16,-0.20981241836483,0.396389614862565,0.000206624259775932,"drop"
"MYLIP",8,3,16,0.15180166621229,0.383869515615591,1,"drop"
"GNG11",8,3,15,0.499251607536052,0.64022455403701,0.00000298528355589166,"drop"
"MAP3K7CL",8,3,15,0.486407462536239,0.616814038283975,1,"drop"
"C14orf119",8,3,15,-0.496610449965274,0.583200997526807,0.0581736293907823,"drop"
"CD69",8,3,15,0.113376563935123,0.566898076198592,0.00000206049626513523,"drop"
"VCL",8,3,15,0.193732350866237,0.56319202110894,0.0000471431152024904,"drop"
"RAB10",8,3,15,-0.320174861878625,0.554277707253831,0.0861740316809253,"drop"
"RC3H2",8,3,15,0.418289648930997,0.535794844335673,1,"drop"
"GADD45A",8,3,15,0.0344464478320352,0.530273458903757,1,"drop"
"RYBP",8,3,15,0.0746215172341649,0.523332024755177,1,"drop"
"CGRRF1",8,3,15,0.261027216286964,0.517751582488831,1,"drop"
"CRYBG1",8,3,15,-0.352595669348147,0.509438984134146,0.0171314018427519,"drop"
"RASA2",8,3,15,-0.427313017115586,0.506693854927458,1,"drop"
"PPP4C",8,3,15,-0.287163877157691,0.498307675994807,0.000649946496800336,"drop"
"GIMAP4",8,3,15,-0.397069123587261,0.487595974483246,0.000000000000000100660647426361,"drop"
"UBE2Q1",8,3,15,0.487185900525059,0.487185900525059,0.301342025069267,"drop"
"MRPS31",8,3,15,-0.298379902323687,0.487111134648258,1,"drop"
"CD74",8,3,15,0.173631145967391,0.469170573322614,0.00000000000000000633889546418687,"drop"
"MALT1",8,3,15,0.346180981670009,0.465107267627267,1,"drop"
"HPF1",8,3,15,-0.256977505610631,0.46357554766275,0.0781163595244507,"drop"
"FAM177A1",8,3,15,-0.068156240670643,0.459966480278066,0.000000141994398760428,"drop"
"EHD1",8,3,15,-0.304363345800697,0.459740794977626,1,"drop"
"IDI1",8,3,15,0.181624348490339,0.452217328731939,0.280284752912586,"drop"
"APBB1IP",8,3,15,-0.248168585585913,0.448657049160167,0.0000305716671906031,"drop"
"RNF125",8,3,15,0.202001537160676,0.442538044144773,0.000000161591275443645,"drop"
"PPID",8,3,15,-0.332365434204824,0.43740177795138,1,"drop"
"MRPL32",8,3,15,-0.379233297670678,0.437039721935064,0.39020851023162,"drop"
"CCSER2",8,3,15,0.164707984424838,0.430725452632638,1,"drop"
"SRPK1",8,3,15,-0.171462283060102,0.429363692093368,1,"drop"
"KDM6A",8,3,15,0.136901436574917,0.428186281205707,1,"drop"
"PTPN22",8,3,15,-0.0849887906071599,0.427391095366156,1,"drop"
"TSTA3",8,3,15,-0.279668893126798,0.425907878025318,1,"drop"
"ZNF430",8,3,15,-0.013171325561968,0.422956073786809,1,"drop"
"ARFGEF1",8,3,15,-0.0285019733640641,0.415742202864472,1,"drop"
"TSPYL1",8,3,15,0.212740070981906,0.413815962169716,1,"drop"
"RB1CC1",8,3,15,0.0425814557111396,0.37940263857543,1,"drop"
"LINC01578",8,3,15,0.354576894748855,0.354576894748855,0.000000950537495427331,"drop"
"IFI6",8,3,14,0.604970361144873,0.888293066220459,0.00000000000000162404383566174,"drop"
"CCR7",8,3,14,0.39735284310345,0.773215038489395,0.00000000000000000000372359242803342,"drop"
"PTGER4",8,3,14,-0.0656839908128143,0.732977195958479,0.0478853997191499,"drop"
"MAP3K8",8,3,14,0.440147868984296,0.595525763239842,0.000213191885642208,"drop"
"CCL5",8,3,14,0.161225278669005,0.560632731031002,0.0000413801594212328,"drop"
"DDIT3",8,3,14,-0.0820664796609897,0.535686322038039,1,"drop"
"NCOA4",8,3,14,0.282085494428972,0.526431821855055,0.119385359637867,"drop"
"HSPA8",8,2,14,-0.302741878730454,0.474792735617207,0.000000000000000138776654702148,"drop"
"RAB37",8,3,14,-0.202173248946071,0.469449242333082,1,"drop"
"DYNLT1",8,3,14,0.159348700820199,0.467473915400979,0.0000000878078022889743,"drop"
"ICAM2",8,3,14,-0.316187756521139,0.467213315381963,0.00187188511256601,"drop"
"PTPN1",8,3,14,0.104980577988682,0.462324809814257,0.716432056680233,"drop"
"ZNF91",8,3,14,-0.153434069179223,0.456048929927724,1,"drop"
"HIPK1",8,3,14,0.0289985890022145,0.455805206270994,1,"drop"
"MARF1",8,3,14,-0.0408379501732754,0.453078840196303,1,"drop"
"MED6",8,3,14,0.0246488954967343,0.451342152526517,1,"drop"
"ETF1",8,3,14,0.185933600947704,0.443296620881648,1,"drop"
"NPTN",8,3,14,-0.19293767718895,0.441342456884134,0.445708665196381,"drop"
"ATP2B1",8,3,14,0.0475960049078595,0.439738069543011,0.000737268810263881,"drop"
"CENPC",8,3,14,0.0482916312345375,0.438908394347512,1,"drop"
"ARIH1",8,3,14,0.191123466514311,0.438505947694093,1,"drop"
"PRKAA1",8,3,14,0.0375863050898006,0.423255833843811,1,"drop"
"ZNF451",8,3,14,0.0650982877921881,0.421277545576159,1,"drop"
"DPY30",8,3,14,-0.281124467949982,0.413169989281577,1,"drop"
"MRPL23",8,3,14,0.264072533134573,0.406968895111285,1,"drop"
"RO60",8,3,14,-0.0491269922263656,0.403629475712935,1,"drop"
"ACADM",8,3,14,-0.0356960596595898,0.39904692675513,1,"drop"
"MRPS18C",8,3,14,-0.184713531241187,0.396087029956159,0.0000783144955665737,"drop"
"GNA13",8,3,14,0.164118060130445,0.390745972256177,1,"drop"
"HIF1A",8,3,14,0.187905608170633,0.371229986143048,1,"drop"
"ARL16",8,3,14,-0.00195168723655422,0.362466713092362,1,"drop"
"SRSF7",8,3,14,-0.138964697433261,0.353208525423646,0.00147403787827587,"drop"
"MX2",8,3,13,0.636862302040265,0.918923013830485,0.0000000159762484822277,"drop"
"LTB",8,3,13,0.270943012087346,0.629577676827969,0.000000000000000000552363537627056,"drop"
"MLH3",8,3,13,-0.0445796009897126,0.5843868165959,0.734578357271316,"drop"
"STAT2",8,3,13,0.165913551479262,0.575016118878692,0.704675649826847,"drop"
"TRIM38",8,3,13,0.293709582753347,0.533233404875658,0.00428487680078165,"drop"
"RPS6KA1",8,3,13,-0.0873304391206953,0.498132570447835,0.000137376792900149,"drop"
"AP3B1",8,3,13,0.386814411723622,0.496011990162451,1,"drop"
"ZNF276",8,3,13,-0.302807314366122,0.494255475562743,1,"drop"
"CCDC59",8,3,13,0.355089014363075,0.49421419152787,1,"drop"
"IRF2BP2",8,3,13,0.358014065705519,0.491456286439007,0.0000489268637974588,"drop"
"NCF1",8,3,13,0.17369212017614,0.485464619747676,0.0329459495303479,"drop"
"LUC7L2",8,3,13,-0.0250573668824545,0.479228686190329,1,"drop"
"GLRX",8,3,13,-0.305259005903306,0.473483182467962,0.000466317499437861,"drop"
"WHAMM",8,3,13,0.199810805813407,0.472596829349614,0.100870683845006,"drop"
"GPR183",8,3,13,0.188732188337886,0.470132150630588,0.00175810258097466,"drop"
"PIK3R1",8,3,13,0.162565669399379,0.459921635127004,0.0000000431114050355885,"drop"
"IL6ST",8,3,13,-0.111227340789995,0.454709548160507,0.0222369985276176,"drop"
"STAU1",8,3,13,-0.0137596212388762,0.454185331563329,1,"drop"
"PIM2",8,3,13,0.135168283839883,0.447979944189613,1,"drop"
"SLK",8,3,13,0.023284926538731,0.442943972142081,1,"drop"
"AFTPH",8,3,13,-0.140469527922657,0.436823287068034,0.37239301334862,"drop"
"GABPB1-AS1",8,3,13,0.122149066551365,0.436092339166184,1,"drop"
"MT-ND3",8,3,13,0.334179099740646,0.434525834951955,0.0000000000000000000000000000000000000000000000000000000628663550071273,"drop"
"DPP8",8,3,13,-0.120035103095299,0.434198642812844,1,"drop"
"PPM1A",8,3,13,0.142745230003932,0.429212430842442,1,"drop"
"MTHFS",8,3,13,-0.234829199722177,0.427601109499619,1,"drop"
"WIPF2",8,3,13,-0.0311905329645853,0.426695214114071,1,"drop"
"DMAC2L",8,3,13,-0.0391757977060109,0.424878368007527,1,"drop"
"FLI1",8,3,13,-0.307031814921398,0.422182991896196,0.314123337872057,"drop"
"MSL1",8,3,13,0.172827201179369,0.414270643767117,1,"drop"
"CHD4",8,3,13,0.114463793566714,0.412817581674332,1,"drop"
"MPHOSPH10",8,3,13,-0.20474230391523,0.407443950378376,1,"drop"
"TAF12",8,3,13,-0.143660758334919,0.404405210765245,1,"drop"
"SELPLG",8,3,13,-0.119226315706976,0.397840921158547,1,"drop"
"SAT1",8,3,13,-0.184554723771838,0.392060467492033,0.0211259067808415,"drop"
"NUP54",8,3,13,-0.0130801067763143,0.38883731239578,1,"drop"
"PSMD3",8,3,13,-0.329212349034548,0.385864658701444,1,"drop"
"CTDSP1",8,3,13,-0.0920129961405255,0.38177311068976,1,"drop"
"CNOT1",8,3,13,0.18929709931773,0.371050985553234,1,"drop"
"TOP1",8,3,13,-0.171775499838776,0.35731501956144,0.00000799411143003112,"drop"
"TRA2B",8,3,13,0.299320541480429,0.339370804494718,0.0784348555019594,"drop"
"GBP1",8,3,12,-0.362445858362722,0.802649269595661,0.0000750881672122145,"drop"
"MT2A",8,2,12,0.10875063971485,0.788681907119833,0.0000000821980564720249,"drop"
"PLIN2",8,2,12,-0.734553336264216,0.734553336264216,0.00000000000421759343597568,"drop"
"ST3GAL5",8,3,12,0.330216592065265,0.693756870692528,1,"drop"
"PARP9",8,3,12,0.361734205832341,0.679838141214417,0.143209479932265,"drop"
"KMT5B",8,3,12,-0.236018161298115,0.554645913979259,1,"drop"
"ADAR",8,3,12,0.357372655238065,0.551669935344941,0.000000000874586832674877,"drop"
"PIM1",8,3,12,-0.120953004985206,0.533238683115145,1,"drop"
"PBXIP1",8,3,12,-0.360806284119807,0.526131801398932,0.0836628758349854,"drop"
"PSMD12",8,3,12,-0.162021670567566,0.512147332017128,1,"drop"
"VASP",8,3,12,-0.31653160118925,0.500343191488754,0.000159870080236224,"drop"
"JAK3",8,3,12,0.0349229353911502,0.483074031588436,1,"drop"
"MRPS6",8,3,12,-0.224299042625158,0.482671217858812,0.00000109994774159283,"drop"
"UBL3",8,3,12,-0.128925804251398,0.482217544444047,1,"drop"
"N4BP1",8,3,12,0.000717754167900662,0.479975896954791,1,"drop"
"STIP1",8,3,12,-0.111850426687819,0.479418073060911,0.000252884367571687,"drop"
"SLC9A3R1",8,3,12,0.306570972950214,0.467647648652236,0.0117181307049929,"drop"
"LST1",8,3,12,-0.120553537322079,0.467082666218098,1,"drop"
"PSMB8",8,2,12,-0.383498626581408,0.458691210152421,0.0000876729358121333,"drop"
"RCSD1",8,3,12,-0.268301432308695,0.456651753365695,1,"drop"
"YIPF4",8,3,12,-0.236910296090567,0.448091157266646,1,"drop"
"PDCD7",8,3,12,-0.386260476900211,0.447468121476128,1,"drop"
"FNTA",8,3,12,-0.171612327008615,0.446314651523014,1,"drop"
"CXorf38",8,3,12,-0.32030078022121,0.443966287511102,0.538841902195815,"drop"
"SRA1",8,3,12,-0.395064355709265,0.442886357535832,1,"drop"
"USF3",8,3,12,-0.0699656912681132,0.438418937212178,1,"drop"
"HERPUD1",8,3,12,-0.0402561645630972,0.435183229816053,0.00021445854614257,"drop"
"ETFRF1",8,3,12,0.173739627023823,0.428105010326555,0.286199713226237,"drop"
"SUPT5H",8,3,12,0.123455613150583,0.427048165197984,1,"drop"
"SPG11",8,3,12,-0.0742046730231095,0.424012201256948,1,"drop"
"LIMS1",8,3,12,0.139550931689744,0.416446782798714,0.197952730756116,"drop"
"ZCCHC10",8,3,12,0.204812286852908,0.415998464676633,1,"drop"
"MDM2",8,3,12,0.0860913014423952,0.415199753306945,1,"drop"
"TTC1",8,3,12,-0.120890995585864,0.412413343017888,1,"drop"
"MORC3",8,3,12,-0.0124521134913793,0.407154470665318,1,"drop"
"SRGN",8,3,12,-0.407057080572592,0.407057080572592,0.0000276136242616392,"drop"
"ERAP2",8,3,12,-0.4058095555893,0.4058095555893,1,"drop"
"PPP2CA",8,3,12,0.0831586955031664,0.405760099883778,1,"drop"
"CCDC107",8,3,12,-0.140190670911983,0.404808313770359,0.00499264717230045,"drop"
"PRKACB",8,3,12,0.0304610974749484,0.399903939837576,1,"drop"
"PET100",8,3,12,0.178259001002622,0.395230937388657,0.00186007201260232,"drop"
"CLK1",8,3,12,0.0589566225173526,0.39439450096406,1,"drop"
"SELENOK",8,3,12,0.349311389608476,0.391774860047147,0.0000107683779474761,"drop"
"ACIN1",8,3,12,-0.0832568939760652,0.39104223744449,0.209484334004891,"drop"
"KIF2A",8,3,12,0.057239167890397,0.39098615307441,0.0570468114811088,"drop"
"LEPROTL1",8,3,12,0.228597892862042,0.389498133646044,0.000477738898315278,"drop"
"GTPBP4",8,3,12,0.0825453293619424,0.389430196433303,1,"drop"
"PPM1K",8,3,12,0.107486466053443,0.389263422510101,1,"drop"
"ERICH1",8,3,12,-0.0632704324152767,0.383477788556509,1,"drop"
"RSBN1L",8,3,12,-0.381964384947615,0.381964384947615,0.00301402367265044,"drop"
"ORMDL2",8,3,12,-0.117308784500998,0.376094089402994,1,"drop"
"ATF6B",8,3,12,-0.163056933304842,0.375210572134749,1,"drop"
"LRBA",8,3,12,-0.199516986475993,0.370897307218737,1,"drop"
"SFPQ",8,3,12,-0.0499421766170144,0.370293817499962,1,"drop"
"UQCC2",8,3,12,-0.258450337061798,0.368552326246733,1,"drop"
"STK26",8,3,12,0.0620743535723203,0.355557768181763,1,"drop"
"IMPDH2",8,3,12,-0.295778251748568,0.353498651076699,1,"drop"
"AQR",8,3,12,-0.0587540887921546,0.349480663529484,1,"drop"
"NAP1L4",8,2,12,-0.340722861088252,0.340722861088252,1,"drop"
"GID8",8,3,12,0.0658930686966907,0.324746841618217,1,"drop"
"IFI44L",8,2,11,2.65595275742605,2.86072220789296,0.000000000000000000000000000064235592856381,"drop"
"SESN1",8,3,11,-0.582097450680027,0.833679878759276,0.00000360469596792013,"drop"
"TRAC",8,3,11,0.218536061220227,0.552531258132949,0.00191250182356801,"drop"
"LARP4B",8,3,11,-0.137187741531679,0.527473448745125,1,"drop"
"TAP2",8,3,11,0.350841720396672,0.526864301953664,1,"drop"
"DDX23",8,3,11,-0.352237830467776,0.519415309784309,1,"drop"
"AGO2",8,3,11,-0.151088401863676,0.514931555294362,0.0029951908496644,"drop"
"SLC25A37",8,3,11,-0.187177690764429,0.501349399604266,0.28426616393089,"drop"
"ZFP36L1",8,3,11,0.161469811868579,0.491632048788616,0.000124240435206642,"drop"
"HACD4",8,3,11,-0.0387106630594104,0.490635501373261,1,"drop"
"CITED2",8,3,11,-0.259278802228128,0.488785536286371,0.809285762483144,"drop"
"RNF213",8,3,11,0.364886648297735,0.486702236358521,0.00000000000000561683958438362,"drop"
"SPOP",8,3,11,-0.328397510581989,0.485242407074271,0.00947234290902942,"drop"
"BRWD1",8,3,11,0.326703108999312,0.481126561316487,1,"drop"
"POU2F2",8,3,11,0.128954739125673,0.476013302861125,0.098811973779466,"drop"
"CCND3",8,3,11,-0.219358536091001,0.46996080434992,0.0000000198741746721366,"drop"
"PLPBP",8,3,11,0.177123103150977,0.465043090593326,1,"drop"
"BST2",8,3,11,0.118459372354601,0.457211114223808,1,"drop"
"DDHD1",8,3,11,0.161468457478227,0.456885236519716,1,"drop"
"FERMT3",8,3,11,-0.166354521575826,0.450747554317298,0.203019888503428,"drop"
"CDC42EP3",8,3,11,-0.333064260131244,0.44948177981395,0.682810404864395,"drop"
"PSMB8-AS1",8,3,11,-0.217395228887892,0.446667123859779,1,"drop"
"RBPJ",8,3,11,-0.120488549335772,0.444078116731589,0.410246249093198,"drop"
"ARHGEF2",8,3,11,-0.303795631874557,0.440269766700145,1,"drop"
"SNAP23",8,3,11,0.00906725418798045,0.436663041425659,1,"drop"
"FMC1",8,3,11,-0.434912751058762,0.434912751058762,1,"drop"
"NMI",8,3,11,-0.124050673748268,0.433980638405767,0.23351654648176,"drop"
"KRAS",8,3,11,0.013420073879208,0.431018397892296,1,"drop"
"NT5C",8,3,11,-0.267323127510017,0.429770537404633,1,"drop"
"RNF115",8,3,11,0.0478306423805598,0.429747300068337,0.388867805763245,"drop"
"MAP3K1",8,3,11,0.364389932238975,0.425075416645557,1,"drop"
"PKN2",8,3,11,-0.0236043291638615,0.421222659160019,1,"drop"
"TMEM259",8,3,11,-0.2669572771225,0.414939779704096,1,"drop"
"LEPROT",8,3,11,-0.163514390947817,0.4050667011132,1,"drop"
"EIF4EBP2",8,3,11,-0.0575059522568039,0.403462935708496,1,"drop"
"KATNBL1",8,3,11,-0.164447585125151,0.402272327093834,1,"drop"
"CDC27",8,3,11,-0.211893438818996,0.399185643964571,1,"drop"
"UFL1",8,3,11,-0.274199121075155,0.395789959902539,1,"drop"
"EZH1",8,3,11,-0.0406822693659615,0.389961587321881,1,"drop"
"NFKB1",8,3,11,-0.0996735255704273,0.38954181384141,0.218024726242025,"drop"
"HLA-F",8,3,11,-0.0148723010666887,0.386325295522408,0.00062061825400227,"drop"
"MBP",8,3,11,-0.154688430791439,0.385925696484798,1,"drop"
"OPTN",8,3,11,-0.131129164012764,0.381152217679667,1,"drop"
"NDUFB1",8,3,11,0.321682178751729,0.378890643605742,0.0394772182801033,"drop"
"LLPH",8,3,11,0.281803083706905,0.377374146834493,1,"drop"
"ATXN2L",8,3,11,0.232762243498832,0.372674125290385,1,"drop"
"STAT5B",8,3,11,0.0823122926950266,0.359190838671216,1,"drop"
"GLG1",8,3,11,0.0586889449861716,0.34487997089266,1,"drop"
"RPL38",8,3,11,0.330865317256751,0.330865317256751,0.000000000000000000000000000000000000000000000000065670400373084,"drop"
"S100A8",8,3,10,-0.80245965496572,0.80245965496572,0.159510310613846,"drop"
"SAMD9",8,3,10,0.311312971628076,0.592045301255284,0.0000268360837958564,"drop"
"SKI",8,3,10,-0.32595337439662,0.524738719451248,1,"drop"
"HLA-DPB1",8,3,10,0.223139982568637,0.495409152576603,0.00000000000000000000929278822630439,"drop"
"ELP5",8,2,10,-0.4867734741307,0.4867734741307,0.000328603060418997,"drop"
"MRTO4",8,3,10,-0.471671810674881,0.471671810674881,1,"drop"
"PIH1D1",8,2,10,-0.33816568033445,0.45716112487111,0.608257117051246,"drop"
"FOXO3",8,3,10,-0.14548072431597,0.452613840808116,0.094837165646846,"drop"
"ACAT1",8,3,10,0.112794160069304,0.441916339189577,1,"drop"
"RPL22L1",8,2,10,0.383777098976761,0.44054708338927,1,"drop"
"SH3BP1",8,3,10,-0.0054429485310037,0.427590414574987,1,"drop"
"ACAP1",8,3,10,-0.359080933210077,0.417482019790717,0.000409600104332016,"drop"
"HSPE1",8,3,10,0.00628647713457671,0.41401443184073,0.00000208993032121195,"drop"
"UBN1",8,3,10,-0.0140867603997568,0.408469891457539,1,"drop"
"DTWD1",8,3,10,-0.350232575812369,0.406930067155805,1,"drop"
"RESF1",8,3,10,-0.258220113034033,0.404254318736448,0.0000741235178696621,"drop"
"MLX",8,3,10,-0.291812084299495,0.403332456497583,1,"drop"
"SF3A2",8,3,10,-0.270600170977558,0.394448091565693,1,"drop"
"SAFB",8,3,10,-0.280661185079751,0.39243979476978,0.736608173585052,"drop"
"THUMPD3",8,3,10,-0.330147235496472,0.391463902173028,1,"drop"
"MAP4K4",8,3,10,-0.101268038440094,0.391203657013941,1,"drop"
"NUDT3",8,3,10,0.285536412502395,0.381575010993664,1,"drop"
"PSMA7",8,3,10,-0.264460699339853,0.375460920221134,0.0000970654199853677,"drop"
"SNHG3",8,3,10,0.37075947847308,0.37075947847308,1,"drop"
"BRD7",8,3,10,0.308900776889445,0.368530071137619,1,"drop"
"MTRNR2L12",8,3,10,0.132714136418758,0.368175004460574,0.0000000017399789926225,"drop"
"UCP2",8,3,10,-0.0384742760675248,0.367221809305594,0.000344581733572267,"drop"
"VPS35",8,2,10,-0.232142652908442,0.363932288160993,1,"drop"
"UBXN7",8,3,10,0.163016512085361,0.35174541213513,1,"drop"
"PLEKHA3",8,3,10,-0.178724407887729,0.347758877242159,1,"drop"
"OIP5-AS1",8,3,10,0.0239131553287055,0.330782516429984,1,"drop"
"FNDC3A",8,3,10,-0.20323985140658,0.318271608515874,1,"drop"
"GIT2",8,3,9,-0.14758891467433,0.528535802232151,1,"drop"
"UXS1",8,3,9,0.172563879789206,0.494503634730707,1,"drop"
"SSH2",8,3,9,-0.219548474520113,0.436927717751933,1,"drop"
"UBE2H",8,3,9,-0.209999861621538,0.41229628864271,1,"drop"
"SEL1L",8,3,9,-0.231883990028176,0.403692340798898,1,"drop"
"ITGB2",8,2,9,-0.26964688340422,0.401249827710209,0.00926975408165804,"drop"
"UBR2",8,3,9,-0.00533316826354288,0.399553784835112,1,"drop"
"HERPUD2",8,3,9,0.0653443731467669,0.3673734973508,1,"drop"
"SIN3A",8,3,9,0.000737229401991668,0.359777920726416,1,"drop"
"AZI2",8,3,9,0.0219047606220154,0.347911157006859,1,"drop"
"ESYT1",8,3,8,-0.00297808110932476,0.383644805763313,1,"drop"
"METRNL",7,3,19,0.179850740246257,0.767351959415215,0.00000000000000000000513951366508252,"drop"
"RGCC",7,3,18,0.145479101804568,0.788053520160095,0.0176196412967682,"drop"
"FOSB",7,3,16,-0.812700434006837,2.26944697554873,0.0000000000000000000000000000000000000385001737996695,"drop"
"AC020916.1",7,3,16,-0.194874007672637,1.72856969492373,0.000000000000000000584773872744152,"drop"
"PER1",7,3,16,-0.0112964265320304,0.80482696510343,0.0000148060066725534,"drop"
"AL118516.1",7,3,16,-0.110527802055493,0.714032301070481,0.0000123318183980603,"drop"
"PIM3",7,3,16,0.588835355455433,0.684710785861909,0.463302286124445,"drop"
"SC5D",7,3,16,0.182466748503543,0.679858570027714,0.0000107912000346447,"drop"
"MIDN",7,3,16,-0.0695628229845371,0.671360088002511,0.0000000000024329897678452,"drop"
"PTGER2",7,3,16,-0.316613947168265,0.615418608995775,0.487595096616755,"drop"
"CDC37L1",7,3,16,-0.101286913479777,0.566253455776828,0.028904672281999,"drop"
"CBX1",7,3,16,-0.0950749607498508,0.371359846330527,1,"drop"
"PPP1R15A",7,3,15,-0.261225351616955,1.27462953348802,0.00000000000669600023483929,"drop"
"AC044849.1",7,3,15,-0.158536229516304,0.7249654915516,0.0153353042651157,"drop"
"PELI1",7,3,15,0.147987413660265,0.554016170642304,0.0000000401210293572816,"drop"
"ST3GAL1",7,3,15,-0.178784363880143,0.527780235136585,0.0161359937107937,"drop"
"CHIC2",7,3,15,0.0977546841142565,0.52327491388546,1,"drop"
"B4GALT1",7,3,15,0.078583271519989,0.507975914667189,1,"drop"
"MED11",7,3,15,-0.174764026915333,0.507920330123952,0.502754275048523,"drop"
"EML4",7,3,15,0.211591116710835,0.497693938614132,0.0811829874232777,"drop"
"LPIN1",7,3,15,0.244014558578138,0.493755503925272,1,"drop"
"KRCC1",7,3,15,-0.280830816944399,0.491150350151795,1,"drop"
"NRBF2",7,3,15,0.0521328231723895,0.482348648072556,1,"drop"
"TUBB4B",7,3,15,-0.265352354286777,0.473515437742596,0.19129306084611,"drop"
"AL627171.2",7,3,15,-0.0445158520368079,0.469419931223942,0.905686969714459,"drop"
"RPS6KA5",7,3,15,0.0762233199073351,0.442684815906166,1,"drop"
"ARHGAP5",7,3,15,0.132264916711984,0.438936153581785,1,"drop"
"COG5",7,3,15,-0.125304805586447,0.438184018902177,1,"drop"
"TEX264",7,3,15,-0.244742707759607,0.378985443415639,0.87670631789324,"drop"
"EIF1B",7,3,15,-0.00801318974119554,0.36387876427855,0.604868177988511,"drop"
"RNF169",7,3,15,0.0420602288225363,0.357918288274044,1,"drop"
"TIPARP",7,3,14,-0.0207416276022714,1.24508773158287,0.00000000119205998523787,"drop"
"ZCCHC2",7,3,14,0.674487257828284,0.854949311704228,0.000410963399726903,"drop"
"AC114760.2",7,3,14,0.494805171504038,0.678699222370628,1,"drop"
"ZBTB43",7,3,14,0.495554440483927,0.607499399186103,1,"drop"
"FAM53B",7,3,14,0.396868838275086,0.601672857677459,1,"drop"
"IFITM1",7,3,14,0.180262219586637,0.585160308803033,0.00000185284679231789,"drop"
"FOSL2",7,3,14,0.414477770784661,0.557306959652612,0.00424603016971133,"drop"
"TDP2",7,3,14,-0.00842495562423658,0.549021659180562,1,"drop"
"EGLN1",7,3,14,0.252660486216794,0.529656554823348,1,"drop"
"JADE1",7,3,14,0.135188089923711,0.529289263565044,1,"drop"
"PPP1R18",7,3,14,-0.188516698485887,0.524328207071416,0.0882497532734873,"drop"
"KCNQ1OT1",7,3,14,-0.121725838403889,0.51369720317501,0.379940561927906,"drop"
"CCNT1",7,3,14,0.25333457369866,0.511694272225657,1,"drop"
"PPWD1",7,3,14,-0.114345723029249,0.501754511113978,1,"drop"
"ACAA2",7,3,14,-0.137185452761774,0.50012652011634,1,"drop"
"NIBAN1",7,3,14,-0.30909696757226,0.494858232273707,0.0396294471271101,"drop"
"ITPKB",7,3,14,0.357438341287664,0.494568342516498,1,"drop"
"LPCAT1",7,3,14,-0.193618911408294,0.492914872114443,1,"drop"
"PMVK",7,3,14,-0.210552030498834,0.482461242135105,1,"drop"
"ECI2",7,3,14,-0.376010506773574,0.481760742100247,1,"drop"
"SEC22B",7,3,14,-0.0556928680978203,0.456913899219076,1,"drop"
"TRIM56",7,3,14,-0.150268978017616,0.442885582583682,0.123242806593137,"drop"
"KLHL28",7,3,14,0.108988376895245,0.437556675251366,1,"drop"
"CCND2",7,3,14,0.0581971223882723,0.429455738193493,0.702965133447541,"drop"
"HMOX2",7,3,14,-0.267830877221186,0.428572732070077,0.480254139324849,"drop"
"CAPN1",7,3,14,-0.12255817825812,0.424577051678079,1,"drop"
"LYSMD2",7,3,14,-0.11301346640935,0.410378006347495,0.000113504677256933,"drop"
"CBLL1",7,3,14,0.122604086633354,0.400380384147688,1,"drop"
"ZC3H7A",7,3,14,-0.0489281423036129,0.39824267369837,1,"drop"
"MPPE1",7,3,14,0.0351832265379822,0.396413245390973,1,"drop"
"C1orf131",7,3,14,-0.0259940561474349,0.389253961287872,1,"drop"
"RSRP1",7,3,14,-0.109773482469019,0.386921778529127,0.503974580033954,"drop"
"NASP",7,3,14,-0.244956430729169,0.385410419069698,0.0000716854461342147,"drop"
"CCPG1",7,3,14,-0.103570994373661,0.384494853754004,1,"drop"
"PURB",7,3,14,-0.0152999995423232,0.382111691104363,1,"drop"
"PIK3CA",7,3,14,0.184504536384303,0.37950222930688,1,"drop"
"COQ7",7,3,13,-0.142289346096034,0.771086828589061,0.287040117218047,"drop"
"SKIL",7,3,13,0.182536563120216,0.65985498000089,0.642199408428039,"drop"
"SVIP",7,3,13,0.610359900913443,0.649273266207657,1,"drop"
"NKG7",7,3,13,-0.215895958025963,0.600494497447218,1,"drop"
"C1orf56",7,2,13,0.600232103325314,0.600232103325314,1,"drop"
"TMEM41B",7,3,13,0.334203377728262,0.589264236021174,1,"drop"
"BCL2L11",7,3,13,-0.00850828805771623,0.570880643320357,0.011292402150492,"drop"
"KLHL24",7,3,13,0.0313479270548283,0.561517951505579,1,"drop"
"APOL6",7,3,13,0.30912110693475,0.559809941084438,0.000967656497548362,"drop"
"POLR2J3",7,3,13,0.501254957128048,0.554982209478869,0.00646799647391655,"drop"
"OSBPL11",7,3,13,-0.453003880661401,0.54819468560405,0.115737110160608,"drop"
"COG3",7,2,13,0.545617021232269,0.545617021232269,1,"drop"
"AFF1",7,3,13,-0.0528025463773823,0.53124701058078,1,"drop"
"RAB11FIP1",7,3,13,0.198677734226854,0.527662034829674,0.0589900527460919,"drop"
"AKNA",7,3,13,-0.0892728563534714,0.52503320523077,0.0000232862332918877,"drop"
"CASP1",7,3,13,-0.311536207618526,0.524023294646037,0.098200121234117,"drop"
"ZNF350",7,3,13,0.425458851727782,0.523935188949264,1,"drop"
"RGS2",7,3,13,0.211930779605041,0.519416258223057,0.505703564594971,"drop"
"PYCARD",7,3,13,-0.312776412272612,0.505495990914481,0.0094826337066821,"drop"
"IRF1",7,3,13,0.239474675585459,0.493335245711964,0.00426592390788343,"drop"
"REV1",7,3,13,-0.0373865307873618,0.486458023303464,1,"drop"
"TWISTNB",7,3,13,0.13640890788966,0.482495806282714,0.0117000974965321,"drop"
"RAB5IF",7,3,13,-0.0223638121846915,0.476143021288739,1,"drop"
"OXSR1",7,3,13,-0.188766584089647,0.474449940345154,1,"drop"
"CASP8AP2",7,3,13,-0.0619719360089729,0.468003020372274,1,"drop"
"SCAF8",7,3,13,-0.0803622985521635,0.465021771871115,1,"drop"
"SIAH2",7,3,13,0.0161235228720357,0.464216740167523,1,"drop"
"ATP6V1D",7,3,13,-0.254919862940186,0.463241840231877,1,"drop"
"TFDP1",7,3,13,0.128596516411247,0.459527752434221,1,"drop"
"RGS14",7,3,13,-0.237168227434338,0.456436155131113,0.0000000989778151359358,"drop"
"GOPC",7,3,13,-0.218471015896727,0.452372722404379,1,"drop"
"AGO3",7,3,13,0.159672157002765,0.451350582659513,1,"drop"
"C16orf87",7,3,13,0.228628908581213,0.448937378494752,1,"drop"
"ASB8",7,3,13,0.00424837875202092,0.445441124168659,1,"drop"
"EBPL",7,3,13,0.316232090263088,0.445361011407773,0.3561013691754,"drop"
"PIK3CG",7,3,13,0.0321098319406389,0.444471181370226,1,"drop"
"USO1",7,3,13,-0.23893079232837,0.443918403724441,0.33944701624995,"drop"
"CDK6",7,3,13,0.0280366127211128,0.438206837828217,1,"drop"
"NUP98",7,3,13,-0.146852340353911,0.43467671393528,1,"drop"
"ZNF146",7,3,13,-0.324017044634679,0.434019817038279,1,"drop"
"H2AFJ",7,3,13,0.340354771013153,0.432398782640299,1,"drop"
"CABIN1",7,3,13,-0.136821288508289,0.43079970406456,1,"drop"
"ERN1",7,3,13,-0.174922038294431,0.429844390573143,1,"drop"
"HIKESHI",7,3,13,-0.213725599364613,0.428364634509873,1,"drop"
"TMEM50A",7,3,13,0.019763849872789,0.426299350185078,1,"drop"
"TRADD",7,3,13,-0.0575890465930042,0.416609307128328,1,"drop"
"FLYWCH2",7,3,13,-0.099358453679272,0.415342567582447,1,"drop"
"NKAP",7,3,13,-0.18254535844413,0.414785011665719,1,"drop"
"ZNF431",7,3,13,-0.00470068367961101,0.414261873787016,1,"drop"
"WDR26",7,3,13,0.29689119650914,0.409279960943086,1,"drop"
"GOSR1",7,3,13,0.146187581642612,0.408553866525487,1,"drop"
"LARP7",7,3,13,0.111106341660211,0.408157569357069,1,"drop"
"CKLF",7,3,13,0.134893958110481,0.405533923162472,0.00166452840991751,"drop"
"RNMT",7,3,13,0.250212160581862,0.404775922332837,0.46412780378701,"drop"
"CFAP298",7,3,13,-0.192164670945109,0.404479219000295,1,"drop"
"RALA",7,3,13,-0.34966115580056,0.403839876414306,1,"drop"
"PLCG2",7,3,13,0.155126930961231,0.400512950165018,0.0370036925057518,"drop"
"MIEN1",7,3,13,-0.311372407861697,0.398434577026085,1,"drop"
"ZDHHC12",7,3,13,-0.0666316553931987,0.39540820603979,1,"drop"
"MTR",7,3,13,-0.0309838630618721,0.394726458593527,1,"drop"
"DPF2",7,3,13,-0.302409219242182,0.391691789869065,1,"drop"
"LTN1",7,3,13,-0.0454435822219701,0.390066061816001,1,"drop"
"CCNDBP1",7,3,13,-0.140301770989847,0.386754668576165,1,"drop"
"TMEM170A",7,3,13,-0.0671206159869412,0.374557682932726,1,"drop"
"SYNRG",7,3,13,-0.176285455729645,0.366463724780109,0.0190844718710839,"drop"
"ZNF326",7,3,13,0.251009433913829,0.36392242062172,1,"drop"
"ERVK3-1",7,3,13,-0.0949988137593241,0.362205797466071,1,"drop"
"CIR1",7,3,13,0.0562085840211172,0.359143144526328,1,"drop"
"TIMM17B",7,3,13,-0.308155623116502,0.351307769295658,1,"drop"
"OGA",7,3,13,0.0937058667007949,0.34451810181404,1,"drop"
"MT-ND4L",7,3,13,0.245379204291306,0.340579320792184,0.000218896380687556,"drop"
"IER5",7,3,12,0.258062620833186,0.747293149830347,0.0323378685380054,"drop"
"NINJ1",7,3,12,0.167051219526295,0.617457454244535,0.00206911591458075,"drop"
"BID",7,3,12,0.133686977746031,0.606847156870529,0.0196324196112865,"drop"
"ID2",7,3,12,-0.13032357544099,0.594326745921319,0.0000435187757409507,"drop"
"SHFL",7,3,12,0.380041264770193,0.586885180859179,1,"drop"
"RINL",7,3,12,-0.390378337981471,0.573957917474837,1,"drop"
"GP1BB",7,3,12,0.267710586685669,0.568751570752359,0.000280666809418264,"drop"
"DICER1",7,3,12,0.0736390597341978,0.566621768872257,1,"drop"
"NECAP1",7,3,12,-0.0514127944385167,0.565108488874514,1,"drop"
"CDK2AP2",7,3,12,-0.489770903860571,0.560465134939172,0.0000662095849466607,"drop"
"CEP95",7,3,12,0.280426377875175,0.55107642561834,1,"drop"
"LRCH4",7,3,12,-0.162024241555303,0.544741098377453,1,"drop"
"HLA-DPA1",7,3,12,0.112446614001899,0.542882154696902,0.00000000000000000502268026828013,"drop"
"IQSEC1",7,3,12,-0.153584092894135,0.537170792842476,1,"drop"
"UBE2S",7,3,12,0.0587475050623588,0.53644303491302,1,"drop"
"CLK3",7,3,12,-0.302832300815271,0.531657447355096,1,"drop"
"HIPK3",7,3,12,-0.308276992322215,0.528700399114856,1,"drop"
"SAMHD1",7,3,12,0.178117696034486,0.522093131659279,1,"drop"
"MBD5",7,3,12,0.0102724475155708,0.52089683137017,1,"drop"
"APOBEC3G",7,3,12,-0.224174445890856,0.506768736345343,0.000158229153869509,"drop"
"PLEKHF2",7,3,12,-0.216366902586732,0.4970100315122,0.000120928021771506,"drop"
"IL27RA",7,3,12,-0.258863932542561,0.490762939649398,0.0604394496166192,"drop"
"CBX4",7,3,12,0.484601270407218,0.484601270407218,0.0731266658415947,"drop"
"BCL9L",7,3,12,0.0276906128020135,0.484584259837838,1,"drop"
"TM9SF2",7,3,12,-0.266903905301797,0.482817174971587,0.876607395525024,"drop"
"ANXA6",7,3,12,-0.172808672658799,0.478712052969728,0.810598222453424,"drop"
"SMIM15",7,3,12,0.0878303423361763,0.478491394140154,1,"drop"
"CCDC174",7,3,12,0.00259050683864141,0.477948195763521,1,"drop"
"SDR39U1",7,3,12,0.265979280662265,0.469869134418567,1,"drop"
"PCID2",7,3,12,-0.281642004862923,0.464499533501923,0.566192698450378,"drop"
"JADE2",7,3,12,-0.363906405636255,0.458656911686663,1,"drop"
"NSL1",7,3,12,-0.174218305902784,0.457037913771522,0.115991936253156,"drop"
"IFNAR1",7,3,12,-0.176396439541485,0.45498811060949,1,"drop"
"AVL9",7,3,12,0.0727864198829001,0.454567712548385,1,"drop"
"PHF11",7,3,12,0.232328453850976,0.454399893697307,1,"drop"
"PEPD",7,3,12,-0.0245869860545684,0.452842470726388,1,"drop"
"PPTC7",7,3,12,0.314809612430249,0.452802358062628,1,"drop"
"CHD1",7,3,12,0.0201225583104792,0.451629311430157,0.163791349810685,"drop"
"TXNRD1",7,3,12,-0.261365609166527,0.4486916405527,0.345115519422611,"drop"
"RASSF3",7,3,12,0.154471402623852,0.448617559423381,1,"drop"
"TNPO1",7,3,12,0.0635593929779509,0.447867746515456,1,"drop"
"FAM117A",7,3,12,-0.0463155709019327,0.446245505093135,1,"drop"
"XRRA1",7,3,12,-0.335395155162997,0.443966901772617,0.0266091773470744,"drop"
"SAMD1",7,3,12,0.384143917831943,0.443704485094052,1,"drop"
"YME1L1",7,3,12,0.0867577538425633,0.443574827095224,1,"drop"
"DBP",7,3,12,-0.141834671664557,0.441972925331971,1,"drop"
"PIGBOS1",7,2,12,-0.396648899631505,0.440726467488512,1,"drop"
"PBDC1",7,3,12,-0.173242899152184,0.439450021061052,1,"drop"
"SNRK",7,3,12,0.24118794569453,0.439142079097539,1,"drop"
"NBN",7,3,12,-0.237761905774613,0.43912884673726,1,"drop"
"RBM42",7,3,12,-0.153648634462804,0.436439013558376,1,"drop"
"DNMT1",7,3,12,-0.00918845660967441,0.434916180790196,0.0172163338385322,"drop"
"MAPK1IP1L",7,3,12,0.265052886203366,0.43095552919079,0.303343297721966,"drop"
"KIAA0355",7,3,12,0.311269411193901,0.426959184060035,1,"drop"
"FBXO34",7,3,12,0.212942858295254,0.426571872141536,1,"drop"
"CCDC84",7,3,12,0.167964940823161,0.42359369716222,1,"drop"
"XIAP",7,3,12,-0.366560273226804,0.423249520462796,1,"drop"
"PRELID1",7,3,12,-0.177658776004263,0.417377484861982,0.212359225964958,"drop"
"LAMTOR5",7,3,12,-0.349944245422551,0.413929941178897,1,"drop"
"CLTC",7,3,12,-0.0699312269890391,0.413692326634292,1,"drop"
"MRPL38",7,3,12,-0.312779954109731,0.413218993811769,1,"drop"
"NRIP1",7,3,12,0.172136763218941,0.411658373986742,1,"drop"
"ZNF33A",7,3,12,-0.0402738365229271,0.409463894146006,1,"drop"
"CREBZF",7,3,12,-0.139056416221204,0.409322557937081,0.395634672927598,"drop"
"ABRACL",7,3,12,-0.0844504497269554,0.407445517744827,0.0624745463115255,"drop"
"ZNF721",7,3,12,0.0280982238246248,0.402177941578584,1,"drop"
"MYSM1",7,3,12,0.193563807502369,0.401455816049048,1,"drop"
"POLR2M",7,3,12,0.151220611335244,0.40129553412354,1,"drop"
"APOL3",7,3,12,-0.133048239505068,0.400949553224938,1,"drop"
"RPF1",7,3,12,0.241689394733132,0.400629944955221,1,"drop"
"MGAT4B",7,3,12,-0.0600221450107711,0.400168035125992,1,"drop"
"ZNF706",7,3,12,-0.300697796083963,0.398878732457218,0.00544364567280825,"drop"
"SCAMP2",7,3,12,-0.349008456568825,0.395922064347463,0.0566262491724439,"drop"
"STK17A",7,3,12,-0.117519934583739,0.393140158888932,0.36712920652598,"drop"
"TMEM138",7,3,12,-0.0746811726460266,0.390639808862892,1,"drop"
"EMC6",7,3,12,-0.0148796509689324,0.390413529774534,1,"drop"
"TLK1",7,3,12,0.138291737349953,0.390066949601411,1,"drop"
"ARID2",7,3,12,-0.189513662839669,0.387948093482996,1,"drop"
"DIS3",7,3,12,0.0364215944188208,0.387250745444809,1,"drop"
"EIF4E2",7,3,12,-0.240031274322985,0.386848689004963,1,"drop"
"ZBTB44",7,3,12,0.292152724335133,0.38570720327446,1,"drop"
"MAPKAPK5",7,3,12,0.136324848427395,0.381515566005328,1,"drop"
"MIER1",7,3,12,0.100740208382216,0.38027141896116,0.495819440422751,"drop"
"PSMC4",7,3,12,-0.0974958399677633,0.378148202089853,1,"drop"
"C12orf65",7,3,12,-0.156101513198568,0.376952955779529,1,"drop"
"SLU7",7,3,12,0.0453713558211711,0.37523173508204,0.983949387435207,"drop"
"FAM13B",7,3,12,-0.166091516884208,0.37421326743914,1,"drop"
"BBX",7,3,12,-0.0142552241942397,0.365139247512158,1,"drop"
"MRPL13",7,3,12,-0.0537014248131997,0.362706271145184,1,"drop"
"ALKBH5",7,3,12,-0.023717195217241,0.35843355339099,1,"drop"
"GTF2F2",7,3,12,-0.0603614597407744,0.354978834853882,1,"drop"
"MED15",7,3,12,-0.142205206847974,0.354798220696702,1,"drop"
"PPP6C",7,3,12,-0.153744204880651,0.350944231408039,1,"drop"
"TAZ",7,3,12,-0.0883375781039905,0.350751233511949,1,"drop"
"DIP2A",7,3,12,-0.0899275768755432,0.349695921141936,1,"drop"
"TUT4",7,3,12,0.113480334529658,0.345521905715913,1,"drop"
"RUNX1",7,3,12,-0.0260303225532409,0.345003349953295,1,"drop"
"ROCK1",7,3,12,-0.23573674675134,0.329626606695548,0.0000290831310190451,"drop"
"SOS1",7,3,11,0.127384646065383,0.63777192538313,0.642870927885944,"drop"
"DDX60L",7,3,11,0.516422786802368,0.629930271715904,0.0306907085939352,"drop"
"SOCS3",7,3,11,0.143514648497953,0.624497790892538,1,"drop"
"STK24",7,3,11,0.18816882338642,0.60578730579235,1,"drop"
"ATP6V0D1",7,3,11,-0.11345058590657,0.593422427176888,1,"drop"
"PAGR1",7,3,11,-0.393217763381583,0.567517747573403,1,"drop"
"MRPS14",7,3,11,-0.514438365743107,0.56582920803663,1,"drop"
"EGLN2",7,3,11,-0.382699973488509,0.565156104068228,0.0322207395181891,"drop"
"PNPT1",7,3,11,0.0682324860822828,0.563426849620637,1,"drop"
"ALOX5AP",7,3,11,-0.493956485157582,0.557229753279095,0.00134352623299055,"drop"
"GNLY",7,3,11,0.0999844167205251,0.544670717377614,0.625020659064514,"drop"
"KIAA0040",7,3,11,-0.33002862043283,0.542578740935784,0.00000000157392235478781,"drop"
"ZNF264",7,3,11,0.20073230807141,0.537282223749139,1,"drop"
"AKIRIN1",7,3,11,-0.177425395086702,0.520848451193415,0.892903339437749,"drop"
"MAPKAPK2",7,3,11,-0.352939621930795,0.517177750772186,1,"drop"
"SLC44A2",7,3,11,0.0661806353057649,0.514552410099952,1,"drop"
"CMIP",7,3,11,0.356170854956443,0.510031314941076,1,"drop"
"MCL1",7,2,11,0.161828416680699,0.506343900255793,1,"drop"
"CWF19L2",7,3,11,0.313190786153959,0.504857679164793,1,"drop"
"RNF20",7,3,11,-0.451793587455987,0.503004386660082,1,"drop"
"YAF2",7,3,11,0.162045317227405,0.498752570714306,1,"drop"
"PECAM1",7,3,11,0.0911699759618263,0.497933569934749,1,"drop"
"SLC2A4RG",7,3,11,-0.0589135319511054,0.497724875401004,0.870851754867958,"drop"
"HMGB2",7,3,11,-0.134834094297467,0.496474640682112,0.0000000000025093748467407,"drop"
"MFSD10",7,3,11,-0.260763368497032,0.495532266789894,1,"drop"
"FMR1",7,3,11,0.493468813971459,0.493468813971459,1,"drop"
"DENND6A",7,3,11,-0.232156135684201,0.490280787920494,1,"drop"
"REL",7,3,11,0.248301893715712,0.489292278651535,0.000149703511459046,"drop"
"RALGAPA1",7,3,11,-0.027676651063256,0.478750051628318,1,"drop"
"PRR14L",7,3,11,-0.110910337199851,0.476558770823554,1,"drop"
"TGS1",7,3,11,-0.0588389646787101,0.4731292110123,1,"drop"
"GIGYF2",7,3,11,-0.27247007208795,0.473105877930471,0.209071538435017,"drop"
"CHD8",7,3,11,-0.472853020749726,0.472853020749726,1,"drop"
"HIST1H4C",7,3,11,-0.168344471352467,0.472427382783289,0.000111049420133223,"drop"
"BACH1",7,3,11,0.0576105655664845,0.469868935527032,0.00843892326717681,"drop"
"TBC1D15",7,3,11,0.0517017938089422,0.469413185104045,1,"drop"
"HECA",7,3,11,0.41005036973175,0.467734245701525,1,"drop"
"OSBPL9",7,3,11,0.238017765528402,0.466668733749331,0.739306665342694,"drop"
"JMY",7,3,11,-0.0172166925682305,0.466622514525324,1,"drop"
"CUL3",7,3,11,-0.242379106431593,0.465015339514407,1,"drop"
"USP11",7,3,11,0.0414685231310779,0.464579555480139,1,"drop"
"UBE4A",7,3,11,-0.0740869812193205,0.455389669049743,1,"drop"
"PPM1B",7,3,11,-0.0543328253703516,0.454768959043297,1,"drop"
"IGF2R",7,3,11,-0.134655281048012,0.454181230117817,1,"drop"
"ZFAND2A",7,2,11,0.452612262905661,0.452612262905661,1,"drop"
"RNF11",7,3,11,0.238380510150273,0.446810980560931,1,"drop"
"RP9",7,3,11,0.156082354013809,0.445871732114545,1,"drop"
"TOPORS",7,3,11,0.142389404819857,0.444471217181382,1,"drop"
"IVNS1ABP",7,3,11,-0.029517488554281,0.440491606186318,1,"drop"
"C7orf50",7,3,11,0.00342605766042628,0.438380480493716,1,"drop"
"UBAP2",7,3,11,0.0377633229128187,0.435654937002868,1,"drop"
"ACSL3",7,3,11,-0.0726916926458223,0.43546024281783,1,"drop"
"NLRP1",7,3,11,-0.00575167229205983,0.434399326662478,1,"drop"
"KDM5B",7,3,11,0.0365234394575254,0.434258602848116,1,"drop"
"TRAPPC4",7,3,11,-0.26616022212058,0.433142837821662,1,"drop"
"TSHZ1",7,3,11,0.0676078839746916,0.43280237614471,1,"drop"
"DNAJA2",7,3,11,-0.326458396073147,0.430863652067558,1,"drop"
"DYNLL2",7,3,11,0.430856264881415,0.430856264881415,1,"drop"
"SNAPC5",7,3,11,-0.256916840012655,0.425736005933402,1,"drop"
"SECISBP2L",7,3,11,0.165763511867795,0.42299025854488,1,"drop"
"CUL2",7,3,11,-0.041325910606177,0.422049594768325,1,"drop"
"FAM107B",7,3,11,0.168817167144701,0.420537962392828,0.00122703714050326,"drop"
"NUDT22",7,3,11,-0.037413678451647,0.420455055754666,1,"drop"
"RAB27A",7,3,11,-0.129252525822219,0.420393114164748,0.093399486416772,"drop"
"TUBA1B",7,3,11,-0.111066397242944,0.419755543554759,0.0109987541191235,"drop"
"IMMP1L",7,3,11,-0.107920068012916,0.418685384606428,1,"drop"
"LAMP1",7,3,11,-0.277179719455458,0.418671050671355,1,"drop"
"RILPL2",7,3,11,-0.4178102721622,0.4178102721622,0.000368363744504637,"drop"
"P2RY10",7,2,11,0.0796363010036021,0.414717824286185,1,"drop"
"GOLT1B",7,3,11,-0.184428739153275,0.414267704839239,1,"drop"
"OTUD6B-AS1",7,3,11,-0.165770533566172,0.413512986974673,1,"drop"
"CSNK1D",7,3,11,-0.115435744318468,0.4125621364775,1,"drop"
"ELF1",7,3,11,-0.00422107259611127,0.410375153743174,0.000000439369713466249,"drop"
"SHPRH",7,3,11,-0.191656482681963,0.409354192960052,1,"drop"
"MKNK2",7,3,11,-0.0755981176294318,0.408412538571671,1,"drop"
"LCP2",7,3,11,0.119535176741498,0.406903317210658,0.000965041035219383,"drop"
"AMD1",7,3,11,0.021373190320651,0.402999857947171,1,"drop"
"ASXL2",7,3,11,0.0389431241667745,0.401655994668474,1,"drop"
"GPCPD1",7,3,11,0.0710356742711828,0.401458041022605,1,"drop"
"KLC1",7,3,11,-0.0640664330327774,0.400105692885623,1,"drop"
"WASHC2A",7,3,11,0.0882257181519226,0.398316655961333,1,"drop"
"HK1",7,3,11,-0.245293189018382,0.3964981523009,1,"drop"
"MED13",7,3,11,0.243206550963725,0.396090697488175,1,"drop"
"GSTO1",7,3,11,-0.18509241364465,0.39523897238651,1,"drop"
"YTHDC2",7,3,11,-0.187941343034976,0.394836050077828,1,"drop"
"ARHGAP45",7,3,11,-0.167404320387282,0.39439784622725,0.0169068876732443,"drop"
"MLLT6",7,3,11,0.341666815771909,0.393805350253762,1,"drop"
"CARHSP1",7,3,11,-0.202239554430571,0.392786963045711,1,"drop"
"N4BP2L1",7,3,11,0.141114812716161,0.390563471587486,1,"drop"
"PCSK7",7,3,11,-0.100542798905769,0.390479253788682,1,"drop"
"MT-ATP8",7,3,11,0.149286038173479,0.388418258859181,1,"drop"
"PTEN",7,3,11,-0.100528642447649,0.384496020954176,0.0000090614334159799,"drop"
"HUWE1",7,3,11,0.0363688548683595,0.38427997157895,1,"drop"
"PPP2R5A",7,3,11,-0.0651871809101564,0.383397400599666,1,"drop"
"ILF3-DT",7,3,11,-0.194317729462294,0.382916930479788,1,"drop"
"SVBP",7,2,11,0.0947622112601105,0.378926433422611,1,"drop"
"CCZ1",7,3,11,-0.0708613455767157,0.376477997338793,1,"drop"
"USP4",7,3,11,-0.0420006146513801,0.375772578845514,1,"drop"
"KDM5A",7,3,11,-0.109339486255467,0.374234980911239,0.00247521387386703,"drop"
"VAV3",7,3,11,-0.204826651613873,0.373706112912222,1,"drop"
"NCOA1",7,3,11,0.134566783748316,0.373082426813138,1,"drop"
"PPP2R2A",7,2,11,-0.309411839047049,0.373032800868956,1,"drop"
"RBMX2",7,3,11,-0.277430187380358,0.372011996107205,1,"drop"
"SELENOS",7,3,11,-0.0331224328267467,0.371773195752941,1,"drop"
"FOXN2",7,3,11,-0.227283636249745,0.370775696782055,1,"drop"
"DSTN",7,3,11,-0.21693405934791,0.370135944322068,0.174207024726063,"drop"
"STXBP3",7,3,11,0.00428623803343082,0.370060375431577,1,"drop"
"RANBP2",7,3,11,-0.0948067920484789,0.369699606143356,1,"drop"
"RAB1A",7,3,11,-0.0429802973293609,0.367196195218889,1,"drop"
"ATG3",7,3,11,-0.000617047705536268,0.36381822188336,0.49462025198778,"drop"
"PRORP",7,3,11,-0.114961437753902,0.362769650515041,1,"drop"
"ATE1",7,3,11,0.0208301226726155,0.362125483681957,1,"drop"
"CHTOP",7,3,11,-0.246278983392337,0.361917283787619,1,"drop"
"MKLN1",7,3,11,0.159478607142142,0.361014926943278,1,"drop"
"ANXA7",7,3,11,-0.0147996398453716,0.360786762849611,0.104886812780837,"drop"
"CTBP1",7,3,11,0.223261077177033,0.360618241072438,1,"drop"
"ZYX",7,3,11,-0.0106852256293393,0.358114230670046,1,"drop"
"EVI2B",7,3,11,-0.352147174096524,0.352147174096524,0.0192462525980184,"drop"
"UBALD2",7,3,11,0.148618837726272,0.345408552220142,1,"drop"
"PLRG1",7,3,11,-0.148772782829495,0.341906178916419,1,"drop"
"F8A1",7,3,11,0.0300390777835751,0.341185316080385,1,"drop"
"METTL5",7,3,11,-0.228346740555423,0.335332063556227,1,"drop"
"WSB1",7,3,11,-0.189119467643038,0.333030130619658,1,"drop"
"DEGS1",7,3,10,-0.116149027444138,0.68197441817781,0.00000342099639178746,"drop"
"BTN3A1",7,3,10,0.00262166749065963,0.661315819903086,1,"drop"
"CEBPD",7,2,10,-0.606786365839493,0.606786365839493,0.000000212837680124393,"drop"
"MEF2A",7,3,10,0.400564023006095,0.602966151512295,1,"drop"
"TSPAN14",7,3,10,-0.408154793614618,0.592566395053498,1,"drop"
"RNF139",7,3,10,0.445877221681352,0.576678514932525,0.507125222184338,"drop"
"COA3",7,3,10,-0.453145699291478,0.556131176671995,0.0483390371641103,"drop"
"CPD",7,3,10,-0.135180814392244,0.555870408875146,0.0000000000000000204392720107327,"drop"
"HOTAIRM1",7,3,10,0.276087081948874,0.550894813660356,0.00593368761036153,"drop"
"PLEK",7,3,10,-0.179241909959746,0.542846651155492,0.0000000000000273228668142176,"drop"
"CARD16",7,3,10,-0.10779763896435,0.532151345597193,1,"drop"
"CISD1",7,3,10,-0.137948673363728,0.529438780828931,1,"drop"
"ARHGEF18",7,3,10,-0.163075806018934,0.529155388048409,1,"drop"
"COQ10B",7,3,10,0.355854366553326,0.523057159349601,1,"drop"
"CTSC",7,2,10,-0.173929586684573,0.510969308799124,0.0333004582762725,"drop"
"SLC66A3",7,3,10,-0.174625255006752,0.509610232935688,1,"drop"
"GPANK1",7,3,10,-0.399191635949534,0.506923306117839,1,"drop"
"PIAS2",7,3,10,-0.298405819899503,0.50535204547216,1,"drop"
"NLRC5",7,3,10,-0.433033223084642,0.503458287644635,1,"drop"
"ANXA2R",7,3,10,-0.121019765093243,0.501709966840398,1,"drop"
"ZC3H13",7,3,10,0.0117875931827766,0.497673032843845,1,"drop"
"TRMT112",7,3,10,-0.350524408942224,0.495837826158603,0.0000454207701805732,"drop"
"CYTOR",7,2,10,-0.262899722579414,0.494122353049844,1,"drop"
"EEF1E1",7,3,10,-0.334573047881948,0.48484864159261,0.0220911502122001,"drop"
"CMAS",7,3,10,-0.35063681709996,0.482190828547121,1,"drop"
"ZFPM1",7,3,10,-0.409981262531544,0.480243484041678,0.000866211076597417,"drop"
"RALBP1",7,3,10,-0.364436558533599,0.479005510191809,1,"drop"
"DTNBP1",7,3,10,-0.0045100682506089,0.477721527996938,0.792776132337913,"drop"
"CCDC167",7,3,10,-0.134021797756135,0.47515266363301,1,"drop"
"SNRNP40",7,3,10,-0.470984473728518,0.470984473728518,0.487392512679367,"drop"
"KLF7",7,3,10,-0.0963488174727582,0.470410572935347,1,"drop"
"GOLGA3",7,3,10,-0.399443904846979,0.47039857614348,1,"drop"
"AHSA1",7,3,10,-0.335316234771014,0.467891360808789,0.000000292470323218383,"drop"
"ROCK2",7,3,10,-0.239531786577848,0.467508023211125,0.00483380511759153,"drop"
"ARIH2",7,3,10,0.283868514996647,0.462753885262802,1,"drop"
"RBM22",7,3,10,-0.253401422688784,0.461999358349303,0.398995815039522,"drop"
"SAR1B",7,3,10,0.179880201391966,0.457632892793113,1,"drop"
"ELOVL5",7,3,10,0.0557576330641996,0.456376605438418,1,"drop"
"DOCK10",7,3,10,0.0122825446188785,0.454288713480071,0.0134158424086118,"drop"
"PPCS",7,3,10,-0.0720344377004103,0.453987651057107,1,"drop"
"MRPS5",7,3,10,-0.17887759169377,0.45366802930678,0.138648700400488,"drop"
"MIGA1",7,3,10,0.0733362496395975,0.452522884915654,1,"drop"
"MXI1",7,3,10,-0.122329344539702,0.45215886391086,1,"drop"
"ZBTB7A",7,3,10,0.241679094386862,0.448576705287269,1,"drop"
"USP24",7,3,10,-0.0788340237651036,0.447895597572639,1,"drop"
"IFI16",7,3,10,0.117706940643823,0.44670845210434,0.00000961412459510012,"drop"
"BAZ2B",7,3,10,-0.147296204787317,0.446605003864176,0.197412927433336,"drop"
"PPP3R1",7,3,10,0.141785617769059,0.446169797718433,1,"drop"
"CYTIP",7,3,10,0.0459737407251158,0.440851864620122,0.00110219174225361,"drop"
"KAT6B",7,3,10,0.175646758551965,0.440295271637935,1,"drop"
"ADSS",7,3,10,-0.167493303265085,0.436932801269741,1,"drop"
"ICE1",7,3,10,-0.260380848413879,0.433780714999128,1,"drop"
"PGGT1B",7,3,10,-0.217819104723901,0.433548339774456,1,"drop"
"SLBP",7,3,10,0.0207064908731482,0.432308715167468,1,"drop"
"MAPK1",7,3,10,-0.144488857378103,0.432169421943893,0.0606567858928728,"drop"
"RAB8B",7,3,10,0.0419388722833731,0.431919172403986,1,"drop"
"FNIP1",7,3,10,-0.0188733729747117,0.430738799975507,0.00151723758634245,"drop"
"CRLF3",7,3,10,0.00943458826538538,0.4280939048452,1,"drop"
"WDR54",7,3,10,-0.369770763738039,0.426615145656332,1,"drop"
"SPATA13",7,3,10,0.0417364126604812,0.425946671048711,1,"drop"
"LASP1",7,3,10,-0.331379204622926,0.425838650856682,1,"drop"
"DNPEP",7,3,10,-0.353207802479694,0.424726817959372,1,"drop"
"SMIM12",7,3,10,-0.0975582277717596,0.419842555914721,1,"drop"
"ARCN1",7,3,10,0.0982463586162286,0.417721174014147,1,"drop"
"TFDP2",7,3,10,0.0499870347505837,0.414893831255686,1,"drop"
"C12orf75",7,3,10,0.303989390383778,0.414361907392036,1,"drop"
"KCNAB2",7,3,10,-0.264204674712061,0.413399005129293,1,"drop"
"TULP4",7,3,10,0.124028398115997,0.413366975371226,1,"drop"
"EIF4A3",7,3,10,-0.273727376176786,0.413115375767786,1,"drop"
"STX4",7,3,10,0.114356231507063,0.411279832176176,1,"drop"
"ARPC1A",7,3,10,-0.157212255239976,0.410375214061358,1,"drop"
"CUX1",7,3,10,0.0131886834533479,0.405583770479169,1,"drop"
"NOLC1",7,3,10,-0.0592209969453997,0.404301655321235,1,"drop"
"AKAP17A",7,3,10,0.0040942418832296,0.401488082549967,1,"drop"
"ZBTB24",7,2,10,0.174524972621012,0.398915163382724,1,"drop"
"PHF21A",7,3,10,-0.0965090141070233,0.397370092405014,1,"drop"
"MITD1",7,3,10,-0.176168598505902,0.397255370312383,0.249880595302255,"drop"
"RAB4A",7,3,10,0.10860296426505,0.395242678484965,1,"drop"
"TRAF5",7,3,10,-0.271722300749865,0.393749449838492,1,"drop"
"EIF2S1",7,3,10,0.0417428730028686,0.393229314481269,0.0171772234256759,"drop"
"MZT1",7,3,10,0.0244555104699723,0.39274605379415,1,"drop"
"UBE2L6",7,3,10,0.0063798191286062,0.392237732273831,1,"drop"
"CWC25",7,3,10,-0.0309042867514228,0.392115182178371,1,"drop"
"RETREG2",7,3,10,-0.275607469570519,0.392028247673964,1,"drop"
"PRKAG2",7,3,10,-0.145885904168186,0.391990604235206,1,"drop"
"PARP8",7,2,10,-0.0395769146326532,0.388555159581292,0.000219578072288515,"drop"
"USP8",7,3,10,-0.328897518109672,0.387760980484126,1,"drop"
"KDM1A",7,3,10,-0.170169413508666,0.38714513805013,1,"drop"
"SLMAP",7,3,10,0.122837311880334,0.386600807533702,1,"drop"
"RC3H1",7,3,10,0.140576255411254,0.386547304013409,1,"drop"
"PPDPF",7,3,10,0.277536611851077,0.384491109147499,0.0247103303633863,"drop"
"PTAR1",7,3,10,0.2610488396366,0.384327298691764,1,"drop"
"REXO2",7,3,10,-0.158736448336876,0.384313914462493,1,"drop"
"CARS2",7,3,10,-0.0946249855988749,0.383384565574752,1,"drop"
"TMED5",7,3,10,-0.217763700414812,0.382392799499708,1,"drop"
"ILRUN",7,3,10,0.263832056063267,0.380043788758816,1,"drop"
"CD2AP",7,3,10,-0.186968968188568,0.379769918542573,1,"drop"
"REV3L",7,3,10,-0.0682878754283055,0.374089028533596,1,"drop"
"DIAPH1",7,3,10,0.0124380356105173,0.372298315584366,1,"drop"
"ADNP",7,3,10,-0.225479091374882,0.371800692080065,1,"drop"
"ZNF274",7,3,10,-0.116987638856801,0.371501550244174,1,"drop"
"SAR1A",7,3,10,0.0773202177955782,0.370687490991522,1,"drop"
"STRAP",7,3,10,0.0925226103154282,0.370302913273599,1,"drop"
"PIGP",7,3,10,-0.0624632931707076,0.369961161270981,1,"drop"
"PSMA5",7,3,10,-0.134810793772884,0.366065723923133,1,"drop"
"PSMD13",7,3,10,0.0344484810468118,0.361883328031947,1,"drop"
"JMJD1C",7,3,10,-0.102211364810575,0.35506871184738,1,"drop"
"ZFC3H1",7,3,10,0.0603839321272216,0.354932172510572,1,"drop"
"LINC00909",7,3,10,-0.0714030984137169,0.347862857158128,1,"drop"
"TRIM52-AS1",7,3,10,0.164848622220961,0.347572698815966,1,"drop"
"BABAM1",7,2,10,-0.107865971662146,0.346967971918054,1,"drop"
"ROMO1",7,3,10,0.286957745001168,0.344249662981103,0.775903115682165,"drop"
"RMDN1",7,3,10,-0.248606852217748,0.341991298274354,1,"drop"
"NUTM2B-AS1",7,3,10,0.0309321865007352,0.340569272328411,1,"drop"
"BUB3",7,3,10,-0.0774422241913123,0.335602696845671,0.146571829573084,"drop"
"CIAO1",7,3,10,-0.262643296361336,0.335434177617155,0.316652959095134,"drop"
"KIAA1109",7,3,10,0.205365148068888,0.333422310489985,1,"drop"
"NORAD",7,3,10,0.0112330814141812,0.329294983652207,1,"drop"
"SEC11A",7,3,10,-0.192738033435127,0.324282202966582,0.00607833011432954,"drop"
"ANKRD11",7,3,10,-0.065084670162944,0.31549784164631,1,"drop"
"EAPP",7,3,10,-0.132823433990577,0.304194236609289,0.41101473963198,"drop"
"HERC5",7,3,9,0.740348423668672,1.20065022898476,0.000000000000000000000000000890795876927089,"drop"
"OAS2",7,3,9,0.598220465521415,1.10318739909504,0.00000218108218935339,"drop"
"PLSCR1",7,3,9,0.519996270441753,0.653673157050504,0.00000350614158428622,"drop"
"USP25",7,3,9,0.0857180636808589,0.580442283889867,1,"drop"
"C1GALT1",7,3,9,0.430901203246861,0.558864490558137,1,"drop"
"COPB2",7,2,9,-0.55825365750781,0.55825365750781,0.0154237555621055,"drop"
"ZNF75A",7,3,9,-0.362439688544189,0.554226056070607,1,"drop"
"NDUFA5",7,3,9,0.521370631996198,0.521370631996198,1,"drop"
"TRIM8",7,3,9,0.0187346768833119,0.514834256819785,1,"drop"
"SLC25A46",7,3,9,0.121415381233513,0.510424266524312,1,"drop"
"YWHAH",7,3,9,-0.157776873698755,0.503981861045806,0.00000784912582640753,"drop"
"KLHL36",7,3,9,-0.108422217818328,0.497670303423081,1,"drop"
"RAB1B",7,3,9,-0.142799947942074,0.492932332883828,1,"drop"
"TSSC4",7,3,9,-0.475744113639048,0.475744113639048,1,"drop"
"CEBPB",7,3,9,-0.0664033074189414,0.474676696053995,0.00329401023929184,"drop"
"SNAP29",7,3,9,-0.167055351761277,0.470265901233194,1,"drop"
"PSME2",7,3,9,-0.0531248459158825,0.469095033416333,1,"drop"
"LYN",7,3,9,0.237738934992254,0.461472184363506,0.000902678657160347,"drop"
"TBC1D1",7,3,9,-0.27367706385854,0.458978086260107,1,"drop"
"SIGIRR",7,3,9,-0.398972123603101,0.454702359543075,0.57208470431394,"drop"
"RUFY1",7,3,9,0.0159928750529725,0.453687437088983,1,"drop"
"USF2",7,3,9,0.133182358762047,0.452020090855238,1,"drop"
"AKT3",7,3,9,-0.211926413782963,0.449831739919,0.232392168211052,"drop"
"SUGT1",7,3,9,-0.131579785544751,0.448028257209612,1,"drop"
"AKAP13",7,3,9,-0.362950525643421,0.445802461237609,0.00000374823293302785,"drop"
"FBXW7",7,3,9,0.0960238368980121,0.444071552074079,1,"drop"
"ARHGEF3",7,3,9,0.0805718652517817,0.443959010073047,1,"drop"
"RPL37A",7,3,9,0.43901832845614,0.43901832845614,0.000000000000000000000000000000000000000000306523044594222,"drop"
"JPT1",7,2,9,-0.363925766854421,0.438634142448122,0.00895100679277578,"drop"
"PSMB10",7,3,9,-0.243421030960715,0.435733101272539,0.000315446471814869,"drop"
"PTPRA",7,3,9,0.345176636252376,0.428803643719288,1,"drop"
"NEDD9",7,3,9,-0.19159401187653,0.425661558261774,0.00460665827583212,"drop"
"COPS2",7,3,9,0.421126430140763,0.421126430140763,1,"drop"
"DNM2",7,3,9,-0.338233260050323,0.420286487371881,1,"drop"
"SMIM4",7,3,9,0.34404870800731,0.41961093712394,1,"drop"
"ARMCX6",7,3,9,-0.278581121423113,0.414141722488511,1,"drop"
"TSR2",7,3,9,0.0227398209188426,0.412586289867372,1,"drop"
"ADI1",7,3,9,-0.233148599445158,0.410625253404302,0.00168557400071387,"drop"
"DNTTIP2",7,3,9,0.145161963379421,0.407969601690196,1,"drop"
"LPIN2",7,3,9,0.245926035244614,0.404167225639618,1,"drop"
"PDHB",7,3,9,-0.172022559720564,0.396293144118182,1,"drop"
"SPEN",7,3,9,0.200098735395663,0.396035773956292,1,"drop"
"ITPR1",7,3,9,0.250179582364825,0.395406394243677,0.368519797160873,"drop"
"COA6",7,3,9,-0.170528378878251,0.394563590372313,1,"drop"
"TACC1",7,3,9,0.0246755071824284,0.394380618397212,1,"drop"
"NDUFA3",7,3,9,-0.010834123094694,0.392462558913197,1,"drop"
"CHORDC1",7,3,9,-0.22720536225687,0.392263880649335,1,"drop"
"GNPAT",7,2,9,-0.132164941540052,0.384688783305421,1,"drop"
"NFATC2IP",7,3,9,0.0384615871411237,0.380648505970513,1,"drop"
"ADPGK",7,2,9,-0.101960860965413,0.37997667234311,1,"drop"
"OCIAD1",7,3,9,-0.107498473743987,0.379857873324877,1,"drop"
"TIA1",7,3,9,-0.111426536026327,0.378999336828025,1,"drop"
"ZNF655",7,3,9,-0.160624825859154,0.378849617108852,1,"drop"
"IKZF1",7,3,9,-0.274312245153773,0.376853013276538,1,"drop"
"COMMD8",7,3,9,-0.131577991477487,0.376358512747631,1,"drop"
"HSP90AA1",7,3,9,-0.0220677200285801,0.370977018262963,0.00000132392334097881,"drop"
"HIST2H2AC",7,2,9,0.288011766641919,0.368231301053079,1,"drop"
"KLHDC2",7,3,9,-0.293050408033256,0.36800218132874,1,"drop"
"VSIR",7,3,9,-0.366371210619121,0.366371210619121,1,"drop"
"TMX4",7,3,9,-0.0921886814763269,0.364193484228171,1,"drop"
"INPP5D",7,3,9,0.0287100218409093,0.363657703477973,1,"drop"
"ATP6V0E1",7,3,9,-0.300991315313696,0.35959582502044,0.0000373517490184276,"drop"
"ITCH",7,3,9,0.0767501198589659,0.359531668389014,1,"drop"
"NDUFC1",7,2,9,0.193284565961929,0.35766825800355,1,"drop"
"ZRSR2",7,3,9,0.0160086250645828,0.35589363833942,1,"drop"
"HSPA4",7,3,9,-0.040451341450144,0.353079259242222,0.0214867212966652,"drop"
"SPAG9",7,3,9,-0.353070196706896,0.353070196706896,1,"drop"
"VPS4B",7,3,9,-0.254968504648864,0.348822021292856,0.00412564395874355,"drop"
"S100A4",7,3,9,-0.226565752404057,0.348389134287061,0.00000186009949377162,"drop"
"UBE2M",7,2,9,0.258258278943753,0.348105233071001,1,"drop"
"PPP4R3A",7,3,9,0.000669789508608551,0.346408552976106,1,"drop"
"KDELR1",7,3,9,-0.271197968719397,0.345673993923837,0.751486444081228,"drop"
"THYN1",7,3,9,-0.26493603530863,0.337603401240205,1,"drop"
"SNHG5",7,3,9,0.259966644874054,0.336955921269238,1,"drop"
"VMP1",7,3,9,-0.209430501952769,0.332088499649892,1,"drop"
"ING3",7,3,9,0.18256774871443,0.331605131849175,1,"drop"
"TRIM33",7,3,9,-0.0444783887748703,0.325588437078645,1,"drop"
"ACBD3",7,3,9,-0.267343010868264,0.324921916973062,1,"drop"
"C1QBP",7,2,9,0.0495347287458911,0.319062370413202,1,"drop"
"TECR",7,3,9,-0.0119925230668223,0.31862354188114,1,"drop"
"RTF2",7,3,9,0.00619895215920988,0.317414260289447,1,"drop"
"CLTA",7,3,9,-0.246741849146851,0.312263023980174,0.00000273523995024381,"drop"
"BRD9",7,3,9,0.193253600049584,0.312237405966338,1,"drop"
"STX12",7,3,9,-0.109483819007567,0.310803619761297,1,"drop"
"RFXANK",7,3,9,-0.0414328634559206,0.307796394765586,1,"drop"
"EMP3",7,3,9,0.122043911152741,0.307593618194375,0.0032289195482967,"drop"
"DNAJC21",7,3,9,-0.0869376009504195,0.301421272815607,1,"drop"
"SHISA5",7,3,8,0.243541532140873,0.696490226419724,0.00758372365885166,"drop"
"PRKCA",7,3,8,-0.488755016426497,0.618353513317835,1,"drop"
"MDN1",7,3,8,-0.355639530598487,0.61455619262097,1,"drop"
"AGFG1",7,3,8,-0.481210151255924,0.562124926588333,0.0102384186587508,"drop"
"BCL2A1",7,3,8,-0.402795528104793,0.521249074874058,0.419888830514066,"drop"
"PARP1",7,2,8,-0.503573596380597,0.503573596380597,0.0135024891434203,"drop"
"FAM89B",7,3,8,0.145060373704468,0.477381870667111,1,"drop"
"EMB",7,2,8,-0.0172726198622095,0.468917251014304,0.000108376991762228,"drop"
"MBD4",7,3,8,-0.0788031797755262,0.458924186486145,1,"drop"
"NOP10",7,2,8,-0.458843267065323,0.458843267065323,0.147494791390284,"drop"
"MVP",7,3,8,-0.283786790111523,0.444719383005811,1,"drop"
"SLC35C2",7,2,8,-0.124360555777189,0.442367689310376,1,"drop"
"MRPL42",7,3,8,-0.249744116077262,0.438071501423269,1,"drop"
"EHMT1",7,3,8,-0.348712287349591,0.43672033299639,1,"drop"
"CHST12",7,2,8,-0.248819528319283,0.43654849243032,1,"drop"
"TRANK1",7,3,8,-0.083868406894159,0.435598046008351,1,"drop"
"CD2BP2",7,3,8,-0.206800497349092,0.43227518034427,1,"drop"
"RNASEH1",7,3,8,0.334417466734199,0.424343759302531,1,"drop"
"TIMMDC1",7,3,8,-0.422538863991992,0.422538863991992,0.411248867374815,"drop"
"HEIH",7,3,8,-0.336771068186999,0.414888641642248,1,"drop"
"RPN1",7,3,8,-0.0153339993763584,0.40720567637908,1,"drop"
"TIMM10B",7,3,8,-0.137890222618307,0.40686242029116,1,"drop"
"DHX36",7,3,8,-0.401139205226589,0.401139205226589,1,"drop"
"KDM3A",7,3,8,-0.0678251545172351,0.396356608718697,1,"drop"
"S100A6",7,3,8,-0.316322928768934,0.394910413604387,0.0000000913972727319675,"drop"
"SPCS2",7,3,8,-0.0436098047601051,0.394313908861988,0.351431427298108,"drop"
"TBCB",7,3,8,-0.135559119981214,0.389119508342939,1,"drop"
"NFATC3",7,2,8,-0.0513920271559495,0.389050741301528,1,"drop"
"UBR4",7,2,8,-0.11846186541354,0.386963605807761,1,"drop"
"CYLD",7,3,8,0.289911468010221,0.3867147094329,0.0358530052820436,"drop"
"DYNC1I2",7,3,8,-0.187786897330701,0.386412228904232,0.00108583304904964,"drop"
"HSPB11",7,3,8,0.0582699237795265,0.379980950362531,1,"drop"
"ACTR10",7,3,8,-0.24153293705854,0.376195031741389,1,"drop"
"CSK",7,3,8,-0.218633921542789,0.374486276436637,0.00390618954287245,"drop"
"BAG5",7,3,8,0.0608491998697007,0.373780036413448,1,"drop"
"NKAPD1",7,3,8,0.0193145174424918,0.373769075269708,1,"drop"
"SUPT4H1",7,3,8,0.131166046600869,0.372537882188891,1,"drop"
"NCOR1",7,3,8,0.0166911774136839,0.366811050665404,0.00668289615954388,"drop"
"BROX",7,3,8,-0.0193417570078791,0.358125284982762,1,"drop"
"PDCD6",7,3,8,-0.355837311833732,0.355837311833732,0.0102557850801412,"drop"
"CCDC18-AS1",7,3,8,0.27390449412979,0.351541339882104,1,"drop"
"PSMC6",7,3,8,-0.105531652707035,0.324988080732386,1,"drop"
"PRPF40A",7,3,8,-0.0581239234489115,0.320204156356793,1,"drop"
"DMTF1",7,3,8,0.157862150428696,0.31529843907681,1,"drop"
"PSMA3",7,3,8,-0.14819743895096,0.31162991252327,1,"drop"
"EPC1",7,3,8,0.136461850038761,0.305811588252455,1,"drop"
"MRPL27",7,3,7,-0.476130812256444,0.580807397281731,1,"drop"
"OSBP",7,2,7,0.156532973155128,0.486180818484274,1,"drop"
"GGCT",7,3,7,-0.355582982584721,0.47177430301011,1,"drop"
"MAX",7,2,7,0.221195071234167,0.435528833587092,1,"drop"
"AP5M1",7,3,7,-0.201032168035075,0.430456956980889,1,"drop"
"NCKAP1L",7,3,7,0.119017803870044,0.412808604962611,1,"drop"
"BAX",7,3,7,0.00209894639424157,0.405655011137067,1,"drop"
"HIST1H1C",7,2,7,0.314508282002221,0.399160613406485,1,"drop"
"H2AFZ",7,2,7,-0.073054395368826,0.391708413101724,1,"drop"
"ARF5",7,3,7,-0.258986380183064,0.343399807099294,1,"drop"
"UBXN4",7,2,7,-0.218587297001524,0.324196295332818,0.00000188211322685771,"drop"
"UBE2L3",7,3,7,-0.0791895054112667,0.32260794584046,1,"drop"
"STK10",7,3,7,0.136720259213962,0.305028483671072,1,"drop"
"MTDH",7,3,7,-0.131536491838324,0.2951532692865,0.0410364226489638,"drop"
"NAMPT",6,3,14,0.0557258323478988,0.530621205891119,0.771408282643381,"drop"
"ELK3",6,3,14,-0.0613142508666506,0.401085727916108,1,"drop"
"ZNF37A",6,3,14,0.0846988049052834,0.400632425258055,1,"drop"
"CSRNP1",6,3,13,0.111700335787316,1.22460615136844,0.00000015378130314934,"drop"
"ELL2",6,3,13,-0.147245233587068,0.965234213845609,0.0000301456038795283,"drop"
"ARID5A",6,3,13,0.0320072522123189,0.577788095292416,0.000004492602831672,"drop"
"MIR29B2CHG",6,3,13,0.0120964627951336,0.577099704153875,0.112867237545384,"drop"
"ZNF267",6,3,13,0.270370075887398,0.564550250491076,0.0491077506321645,"drop"
"RPP30",6,3,13,-0.356262538201674,0.542548065710718,1,"drop"
"TRBC1",6,3,13,0.342031500903937,0.53796397415339,0.0111281464485906,"drop"
"ZNF121",6,3,13,0.205250285149607,0.507487033831406,1,"drop"
"BRD1",6,3,13,-0.334973984718302,0.506826454422402,0.000183608388165941,"drop"
"FBXL3",6,3,13,0.0502730625711795,0.500502855478105,1,"drop"
"JMJD6",6,3,13,0.0213855867521327,0.486766581001443,1,"drop"
"C1orf174",6,3,13,0.152161150151002,0.476837260250989,1,"drop"
"HIVEP1",6,3,13,0.31016817062568,0.468776346472496,1,"drop"
"MOB2",6,3,13,-0.195863000538465,0.456794395092003,1,"drop"
"ATXN2",6,3,13,-0.0834678425296075,0.456593463545341,1,"drop"
"GNL1",6,3,13,-0.125019492417977,0.443052298566421,1,"drop"
"MACF1",6,3,13,-0.0428930585809928,0.441676517604455,1,"drop"
"YTHDF3",6,3,13,0.18037246571975,0.434165425003642,1,"drop"
"CCDC66",6,3,13,-0.0501931016571155,0.433432740081798,1,"drop"
"PIGT",6,3,13,0.0977719086313551,0.43091126091723,1,"drop"
"LINC00623",6,3,13,-0.0289718957706644,0.420520797523515,1,"drop"
"PDS5B",6,3,13,0.0172395094158825,0.409468952460661,1,"drop"
"STRN",6,3,13,0.117243365511682,0.409360208878778,1,"drop"
"TPM4",6,3,13,0.0947647132614975,0.3961303246254,0.0000984227893306315,"drop"
"NDE1",6,3,13,0.109783601922374,0.367868663644792,1,"drop"
"VEZF1",6,3,13,0.0173796018040697,0.352933160388721,1,"drop"
"TRNAU1AP",6,3,13,-0.101752364497196,0.333374303722763,1,"drop"
"BHLHE40",6,3,12,0.516404471413614,0.796031111207038,0.00350017802680393,"drop"
"SMAD7",6,3,12,-0.111470202693587,0.771076877986844,0.718419143647587,"drop"
"TSPYL2",6,3,12,0.014409350780961,0.701537807825666,1,"drop"
"PTS",6,3,12,0.400909211216648,0.689827881626668,0.0179218312788302,"drop"
"ANKH",6,3,12,0.350371452568804,0.67929348788212,1,"drop"
"TMEM223",6,3,12,-0.370188559936818,0.616432340443579,0.00229424661028257,"drop"
"SLFN5",6,3,12,0.343422857496252,0.614959001830668,1,"drop"
"AL662844.4",6,3,12,-0.500775072098926,0.602936511686128,0.572106057659198,"drop"
"TMEM35B",6,3,12,-0.536230950578829,0.587253903206683,0.000599595460134068,"drop"
"CD84",6,3,12,-0.130070315191095,0.583284805723534,1,"drop"
"GPATCH4",6,3,12,-0.431890327436529,0.573822370366332,1,"drop"
"KBTBD2",6,3,12,0.466279431410623,0.561055518703634,1,"drop"
"DESI1",6,3,12,-0.126503467615068,0.550814208981266,1,"drop"
"AKAP8",6,3,12,0.0460097313590067,0.550537369108698,1,"drop"
"SUGP2",6,3,12,-0.0784200452808558,0.542182295739008,1,"drop"
"LINC00342",6,3,12,0.0178133540722529,0.527943740954031,1,"drop"
"HLA-DQA2",6,3,12,0.212413741426686,0.520414414777046,0.0368771064952591,"drop"
"NIP7",6,3,12,-0.0780299769591456,0.51617098128333,1,"drop"
"WDR74",6,3,12,0.122372323024003,0.51158153467715,1,"drop"
"CWC22",6,3,12,-0.39110516941537,0.50065153825692,0.0114112759272918,"drop"
"INSIG1",6,3,12,0.290382015185672,0.495098501753022,1,"drop"
"DUSP12",6,3,12,0.124092319309934,0.485141830108646,1,"drop"
"FBXW2",6,3,12,-0.021793197749984,0.480423521363398,1,"drop"
"CCDC186",6,3,12,0.132148973995158,0.479731616439616,1,"drop"
"PHC3",6,3,12,0.0772048080700971,0.473530873824577,1,"drop"
"TNRC6A",6,3,12,-0.00202241328541843,0.471050428761599,0.657306729459858,"drop"
"TPGS2",6,3,12,-0.328884526306457,0.469189773920643,1,"drop"
"CLK4",6,3,12,0.168733006631372,0.468858257349404,1,"drop"
"HSPA5",6,3,12,-0.0376745850524371,0.468642521704879,1,"drop"
"SYNC",6,3,12,0.360069859754186,0.4665963574321,1,"drop"
"CASP3",6,3,12,0.0628957145502587,0.466405875188635,1,"drop"
"MDFIC",6,3,12,-0.0547965562037051,0.464348109730544,1,"drop"
"ETFA",6,3,12,-0.0580078615810297,0.461385725526762,1,"drop"
"AGGF1",6,3,12,-0.458304313120473,0.458304313120473,0.469734639278317,"drop"
"CNST",6,3,12,-0.0203354462148372,0.451807780783269,1,"drop"
"SLC12A6",6,3,12,0.0245269702856984,0.442389162588736,1,"drop"
"CRNKL1",6,3,12,-0.0495627670860833,0.441995258157745,1,"drop"
"SETD5",6,3,12,-0.217733065359705,0.437929946509722,1,"drop"
"CISD2",6,3,12,0.0223072268133752,0.436252576655647,1,"drop"
"TMED3",6,3,12,-0.230810849391424,0.435197238786197,1,"drop"
"TANK",6,3,12,-0.264806648457776,0.433368889574291,1,"drop"
"ANKHD1",6,3,12,-0.060739199557328,0.430546731073135,1,"drop"
"CFL2",6,3,12,0.349981545797984,0.42694134843815,1,"drop"
"BRD2",6,3,12,-0.0143129672379793,0.422297188224433,1,"drop"
"C22orf39",6,3,12,0.0140240731331188,0.420190011359391,1,"drop"
"BECN1",6,3,12,0.276633674165869,0.416274408308169,1,"drop"
"VIM",6,3,12,-0.415489840671015,0.415489840671015,0.0000000000286269397385391,"drop"
"CDKN1B",6,3,12,0.166279959814762,0.415131988721933,1,"drop"
"TPRG1L",6,3,12,0.25760314110401,0.404076328063135,1,"drop"
"AIDA",6,3,12,0.0950910588670057,0.402865564868525,0.989801653173742,"drop"
"MRPL16",6,3,12,-0.354958980764987,0.398911198248164,1,"drop"
"TTF1",6,3,12,0.0135716567832832,0.396739463023113,1,"drop"
"NFU1",6,3,12,-0.0706830521774224,0.396291088097021,1,"drop"
"TTC32",6,3,12,0.184943508639229,0.391736671587652,1,"drop"
"UTP18",6,3,12,-0.214915524022593,0.391113757306648,0.0383704043678679,"drop"
"EMG1",6,3,12,-0.251197712909914,0.384288982100706,1,"drop"
"C6orf226",6,3,12,0.104446207403036,0.335749967187932,1,"drop"
"ARL4A",6,2,11,-0.240741138981831,0.954381763919762,0.0000000000000000013934092460678,"drop"
"PMAIP1",6,3,11,0.20410100161544,0.739221393193743,0.00533221155965249,"drop"
"CHM",6,3,11,-0.109274469057149,0.691443779594623,1,"drop"
"PPM1M",6,3,11,0.22901267325331,0.687015103070081,1,"drop"
"PDE3B",6,3,11,-0.010321196693187,0.677974847941138,0.0422365764130418,"drop"
"ZCCHC3",6,3,11,0.224083628604804,0.67111612759788,1,"drop"
"CLEC2D",6,3,11,0.516016263122921,0.660373010886135,0.000000724377779888965,"drop"
"PGRMC1",6,3,11,0.451368425800838,0.659076901206123,1,"drop"
"SIK3",6,3,11,0.0136268520322296,0.624203076068548,1,"drop"
"MRPL2",6,3,11,0.0635713189223586,0.620614491391491,1,"drop"
"BCL11B",6,3,11,0.612187902685048,0.612187902685048,0.13814896570839,"drop"
"RUNX3",6,3,11,0.434483805744308,0.58602337076524,1,"drop"
"GLUL",6,3,11,-0.285157608734616,0.58148948546165,0.000000000000658400558458452,"drop"
"CD7",6,3,11,-0.127769566600927,0.577784572182651,0.0000000185561283376154,"drop"
"ARHGAP1",6,3,11,0.0623330263190829,0.577553994414923,1,"drop"
"STAT6",6,3,11,0.10960687350143,0.576101475453637,1,"drop"
"DCAF11",6,3,11,0.305159322953961,0.571680847825043,1,"drop"
"MATR3.1",6,3,11,0.30225949213154,0.553965098843336,1,"drop"
"MAGED2",6,3,11,-0.276949856690808,0.553388565244835,1,"drop"
"JAML",6,3,11,-0.161326208871191,0.54839580986884,1,"drop"
"ZNF766",6,3,11,0.331193331770197,0.546913281961911,0.117125407211178,"drop"
"GIMAP1",6,3,11,-0.546819348656983,0.546819348656983,0.0000752618675576673,"drop"
"EMC3",6,3,11,0.0679043062015122,0.537504972954739,1,"drop"
"MARCH2",6,3,11,0.356610811611888,0.532035898054441,0.00343642957732012,"drop"
"ZNFX1",6,3,11,0.320367201487677,0.516781242579793,1,"drop"
"SMG6",6,3,11,0.139086327931215,0.513146965273436,1,"drop"
"MYO9B",6,3,11,0.185639801095105,0.512301786012736,1,"drop"
"TMEM156",6,3,11,0.201473319495303,0.511707523087094,0.0350510604718537,"drop"
"ZNF585A",6,3,11,-0.447934465718513,0.51089701248466,1,"drop"
"PPIL4",6,3,11,-0.315442043188944,0.510296209765318,1,"drop"
"HMG20B",6,3,11,-0.271234183122524,0.505701332900046,1,"drop"
"C18orf21",6,3,11,-0.000346695085773003,0.501134528944296,0.992899817868609,"drop"
"TLE4",6,3,11,-0.162935261460705,0.500772258819816,1,"drop"
"BAD",6,3,11,-0.262258735651929,0.491784236651027,1,"drop"
"CD300A",6,3,11,-0.371081573696489,0.490386073983168,0.0000111902444161967,"drop"
"SYNGR2",6,3,11,-0.0580503588282549,0.488399447357495,1,"drop"
"UBE2W",6,3,11,0.206547968368563,0.487540171421912,1,"drop"
"RANBP6",6,3,11,0.487225234950888,0.487225234950888,1,"drop"
"CDC73",6,3,11,0.149032099372002,0.482427211697442,1,"drop"
"CERT1",6,3,11,-0.236295077020113,0.480768801417783,1,"drop"
"SPN",6,3,11,-0.180622025230425,0.478911197782564,0.00386667848157318,"drop"
"TGIF1",6,3,11,-0.031648582404493,0.475618509308728,1,"drop"
"NFYC",6,3,11,-0.117953041581508,0.468951642018718,0.0600920216381845,"drop"
"UHRF2",6,3,11,0.164655442906917,0.461924335867706,1,"drop"
"POLR2H",6,3,11,-0.340303951211849,0.456127840103422,1,"drop"
"SCO1",6,3,11,0.193104820838033,0.45216098039595,1,"drop"
"MANF",6,3,11,-0.141768117278967,0.449263441240947,1,"drop"
"PWWP2A",6,3,11,-0.266581064444914,0.448575492852154,1,"drop"
"FAM76A",6,3,11,0.249385052794385,0.447306730547963,1,"drop"
"SAFB2",6,3,11,-0.130155794932148,0.44625226890103,1,"drop"
"NT5C3A",6,3,11,0.0534164300890808,0.443864663710193,1,"drop"
"TPD52",6,3,11,-0.26241629743049,0.442276126469421,1,"drop"
"ERCC6L2",6,3,11,-0.0428773574435549,0.441470078028771,1,"drop"
"HNRNPH2",6,3,11,0.0297722855362951,0.440685711170856,1,"drop"
"NUP160",6,3,11,-0.0150348597103899,0.440538693063159,1,"drop"
"PPP2R2D",6,3,11,0.275442867834665,0.438245415435826,1,"drop"
"GOLGA4",6,3,11,0.144884813146178,0.435769472804191,0.553358815686056,"drop"
"OFD1",6,3,11,-0.14693131781356,0.43431156010643,1,"drop"
"CCDC90B",6,3,11,-0.37738724262845,0.433791711429259,1,"drop"
"TMEM126B",6,3,11,-0.110813994367882,0.428866138750897,1,"drop"
"YIF1A",6,3,11,-0.113544217839634,0.427637027706492,1,"drop"
"NRBP1",6,3,11,-0.171553772699771,0.426666816805041,1,"drop"
"NOL11",6,3,11,-0.142358543989182,0.426497466087188,1,"drop"
"ALG13",6,3,11,0.0580788408651781,0.425859166727294,1,"drop"
"P2RY8",6,3,11,0.128887388886741,0.42575762761824,0.0000000103946699563314,"drop"
"RABEP1",6,3,11,0.122198357475019,0.423686228344803,1,"drop"
"TYW3",6,3,11,-0.117940410451467,0.4226395394471,1,"drop"
"GMFB",6,3,11,0.420961783362125,0.420961783362125,1,"drop"
"VIRMA",6,3,11,-0.142393909303126,0.419474284612275,1,"drop"
"AKT2",6,3,11,-0.106463937259702,0.416091719943854,1,"drop"
"INO80D",6,3,11,0.075162413407916,0.411182065768824,1,"drop"
"CDK11B",6,3,11,0.125484853701978,0.410751495500734,1,"drop"
"MFSD14A",6,3,11,0.280233230166649,0.409308908809467,1,"drop"
"RLF",6,3,11,0.0958530152983248,0.406756636531344,1,"drop"
"NCOA7",6,3,11,-0.0117304948965206,0.40617888333313,1,"drop"
"FBXO25",6,3,11,-0.078605984260847,0.404716203515329,1,"drop"
"TGFB1",6,3,11,0.197196376619895,0.404589824291039,0.000520942313798018,"drop"
"SDF4",6,3,11,-0.0870098338020879,0.40399311611651,1,"drop"
"CERS2",6,3,11,-0.0472587719735087,0.403030445335733,1,"drop"
"LRRC75A",6,3,11,0.401334339362567,0.401334339362567,1,"drop"
"PSMG3",6,3,11,-0.177808572613131,0.397270796443402,1,"drop"
"WDR43",6,3,11,0.21394048512676,0.395157413104318,1,"drop"
"ARPC1B",6,3,11,-0.237346493060582,0.393318973282757,0.0000597793045221259,"drop"
"USP16",6,3,11,0.103262067719493,0.391304596661595,1,"drop"
"ACADVL",6,3,11,-0.391007304458413,0.391007304458413,1,"drop"
"RWDD4",6,3,11,-0.0817324007872136,0.38986912269852,1,"drop"
"SRSF1",6,3,11,-0.116964546986083,0.38571662454917,0.0117212144996388,"drop"
"TARDBP",6,3,11,0.0405700972024967,0.385550562640666,1,"drop"
"TENT4B",6,3,11,0.339322127470788,0.385202561608852,1,"drop"
"NSFL1C",6,3,11,-0.258625790152307,0.383229903153679,1,"drop"
"C5orf24",6,3,11,0.211596337132296,0.378632698734538,1,"drop"
"TRAPPC3",6,3,11,-0.309664600350801,0.377421799227848,1,"drop"
"TCERG1",6,3,11,0.0901183110171948,0.372938346364367,1,"drop"
"DDRGK1",6,3,11,-0.320600950811821,0.368544707492975,1,"drop"
"PITPNB",6,3,11,-0.138665004780864,0.366971188845107,1,"drop"
"PSMD1",6,3,11,0.0117531344974864,0.365470833392349,1,"drop"
"GALNT10",6,3,11,-0.0548249685899027,0.365364326828686,1,"drop"
"M6PR",6,3,11,-0.230278755364034,0.361458397959211,0.305312915206676,"drop"
"BFAR",6,3,11,-0.172156228366163,0.36045302716872,1,"drop"
"ARHGAP30",6,3,11,-0.19598704186489,0.358623116272241,1,"drop"
"RRP36",6,3,11,-0.210240999628049,0.35474640639637,1,"drop"
"SREK1IP1",6,3,11,0.287008021031955,0.351692389633936,1,"drop"
"LPXN",6,3,11,-0.149387235573432,0.341741698706347,1,"drop"
"PPP6R3",6,3,11,0.127119611137972,0.339773993228786,1,"drop"
"SENP5",6,3,11,-0.0451048382051411,0.335060796632284,1,"drop"
"CCL4",6,3,10,-0.36094700202128,1.10961152715049,0.0000000213661979498462,"drop"
"CAVIN2",6,3,10,0.599553587104741,0.867977127455718,0.00000544864097261364,"drop"
"GBP5",6,3,10,0.141706154180691,0.843917797901783,0.132425805702714,"drop"
"SIPA1L1",6,3,10,0.123915083728016,0.702309396368368,1,"drop"
"USP36",6,3,10,0.262426426407153,0.68355904114568,1,"drop"
"ZC3H6",6,3,10,-0.0780508189803681,0.605179655056674,1,"drop"
"LAIR1",6,3,10,-0.0495561530311499,0.603753198275207,1,"drop"
"HLA-DRB5",6,3,10,-0.476650779307221,0.597287738481288,0.000000000000000000000000933101629747103,"drop"
"ADAM10",6,3,10,-0.144082883778272,0.595738373199061,1,"drop"
"RHOQ",6,3,10,0.153074336493641,0.578723750127692,0.374316481290028,"drop"
"DBF4",6,3,10,0.0892035323220114,0.575682188179712,0.0851996125941884,"drop"
"UBA5",6,3,10,-0.397665540248262,0.57040546406763,1,"drop"
"DUT",6,2,10,-0.147260991392594,0.566758889504053,1,"drop"
"HDDC3",6,3,10,-0.369908172749503,0.563365823549115,1,"drop"
"VPS25",6,3,10,-0.26170071460074,0.554929482005228,1,"drop"
"ZNF791",6,3,10,0.182021116361169,0.554578002858247,1,"drop"
"AZIN1",6,3,10,-0.0669884353204361,0.549044085730543,1,"drop"
"INTS6",6,3,10,-0.207253033631561,0.547494597881115,1,"drop"
"PTPN18",6,3,10,-0.00319291042524159,0.54668105954419,0.000100045568289747,"drop"
"IFI35",6,3,10,0.0682250820923363,0.544957627752382,1,"drop"
"TNPO3",6,3,10,0.189677750202954,0.544686397924418,1,"drop"
"MTX1",6,3,10,0.153986310380294,0.542566128400825,1,"drop"
"SNRNP48",6,3,10,-0.361372600040867,0.538829475084336,1,"drop"
"TNIP1",6,3,10,-0.359395900867624,0.538268603837638,1,"drop"
"HIPK2",6,3,10,-0.0938253723754485,0.538136899667759,0.0000000275721318714567,"drop"
"ATP2B1-AS1",6,3,10,-0.364903922300818,0.535961394800163,1,"drop"
"PDK3",6,3,10,0.121570746631201,0.531237850205739,1,"drop"
"AL499604.1",6,3,10,0.125004774920175,0.522777823269036,1,"drop"
"DYNC1LI1",6,3,10,0.0390747732073468,0.522533771896436,1,"drop"
"POLR1E",6,3,10,-0.299206312707255,0.519493476509815,1,"drop"
"CDK17",6,3,10,-0.0235060076653756,0.514382236998799,1,"drop"
"SYNE1",6,3,10,-0.0548987685678421,0.512978778222085,0.409426432848746,"drop"
"CD2",6,3,10,0.102008004899569,0.508661661165859,0.0000000213283487169224,"drop"
"MINDY2",6,3,10,0.0505249762151103,0.507424866672317,1,"drop"
"NBR1",6,3,10,-0.127644874220236,0.507242573933931,1,"drop"
"TMEM154",6,3,10,0.285361101755068,0.50415291988677,1,"drop"
"TNFSF12",6,3,10,-0.30206653205322,0.500823110466276,1,"drop"
"PDZD8",6,3,10,0.0279445773154338,0.500392675133701,1,"drop"
"FABP5",6,3,10,-0.2201613009185,0.500039932138232,1,"drop"
"NUP58",6,3,10,-0.0436963159290195,0.498743476381083,0.177949592876155,"drop"
"FAM160B1",6,3,10,0.0910310021647517,0.498493735203508,1,"drop"
"MED30",6,3,10,0.140818297647958,0.492654292621591,1,"drop"
"SLC25A11",6,3,10,-0.151602066459196,0.491518360942974,0.357229423550886,"drop"
"RIOK2",6,3,10,-0.0370174202355846,0.488951631765299,1,"drop"
"FOXO1",6,3,10,0.063923190902228,0.482637428432841,1,"drop"
"SASH3",6,3,10,0.20056042734531,0.481169423358986,1,"drop"
"CAMK1D",6,3,10,-0.479003356619619,0.479003356619619,1,"drop"
"RPAP2",6,3,10,0.159351323149192,0.475987419567019,1,"drop"
"ANTKMT",6,3,10,-0.337562462599626,0.475232956863722,0.622647631095091,"drop"
"SSBP2",6,3,10,-0.114001906024766,0.474297097317197,1,"drop"
"POP5",6,3,10,-0.300220963280221,0.47357992071628,1,"drop"
"TBL1XR1",6,3,10,-0.115017769419404,0.470524761237962,1,"drop"
"RSU1",6,3,10,0.253873359229581,0.468922974219424,1,"drop"
"TASOR2",6,3,10,0.0077869839790761,0.466767115879238,1,"drop"
"ZNF83",6,3,10,0.0165878943403626,0.465967484565408,1,"drop"
"HNRNPA1P48",6,3,10,-0.336060765807922,0.464849461311282,1,"drop"
"ATMIN",6,3,10,0.461749527916176,0.461749527916176,1,"drop"
"NUDT4",6,3,10,0.104086006733213,0.46151324859673,1,"drop"
"DBI",6,3,10,0.0120386387092339,0.461245067878168,0.0875471089228957,"drop"
"NOP14",6,3,10,-0.0859120764186998,0.457211755946265,1,"drop"
"MLXIP",6,3,10,-0.132349633571702,0.455614400686116,1,"drop"
"IRF3",6,3,10,-0.0367710667984025,0.454427773911374,1,"drop"
"TMEM120B",6,3,10,-0.0060405898551458,0.453020493560266,1,"drop"
"LYST",6,3,10,-0.0136971621421052,0.450786686527768,0.242193027450393,"drop"
"HAX1",6,2,10,-0.242332867439569,0.450541529109065,1,"drop"
"UBTF",6,3,10,-0.0991128445480132,0.449356611114882,1,"drop"
"CCDC88B",6,3,10,0.0389912067841961,0.448248650755487,1,"drop"
"TWF2",6,3,10,-0.366176870538874,0.447168392683821,1,"drop"
"HMGXB4",6,3,10,-0.0569864182242006,0.44706949934052,1,"drop"
"TRIM4",6,3,10,-0.339538302090681,0.446357576098668,1,"drop"
"ADIPOR1",6,3,10,0.252704531715243,0.444628955588208,1,"drop"
"MRPL36",6,3,10,-0.261940055164672,0.443651920664564,1,"drop"
"OGFR",6,3,10,-0.385944850162533,0.438686998895679,1,"drop"
"AC026979.2",6,3,10,0.122600859461127,0.437832284834844,1,"drop"
"ST8SIA4",6,3,10,-0.3604840022556,0.437364664184495,1,"drop"
"ZPR1",6,3,10,-0.286723930272799,0.43716432258562,1,"drop"
"COPS3",6,3,10,-0.266908463875284,0.437000211152246,1,"drop"
"RNF167",6,3,10,-0.379773532791944,0.4369560911342,0.064637626976063,"drop"
"CCT5",6,3,10,-0.28281226128337,0.436611683024433,0.00011648395421485,"drop"
"HSBP1",6,3,10,-0.188871356759613,0.436594197475125,0.000046945845698002,"drop"
"ERAP1",6,3,10,0.205180770685788,0.436367561338878,1,"drop"
"FBRS",6,3,10,0.0259121627617986,0.435416157476946,1,"drop"
"SMNDC1",6,3,10,0.185131627785409,0.434409833567629,1,"drop"
"RETREG3",6,3,10,0.000294040699519893,0.432643099135227,1,"drop"
"TERF1",6,3,10,-0.0270591480235773,0.431800232821885,1,"drop"
"CBX6",6,3,10,0.305855450213269,0.430269104974586,0.000000507592230547216,"drop"
"SLC25A45",6,3,10,-0.429272136259264,0.429272136259264,1,"drop"
"DCK",6,3,10,-0.279398551723208,0.427915782059139,1,"drop"
"TMEM126A",6,3,10,-0.286718566886788,0.427554385989972,1,"drop"
"PRKAR1A",6,3,10,0.0898907521897214,0.426786129104699,1,"drop"
"LGALS8",6,3,10,-0.0333067870836182,0.426661038580725,1,"drop"
"MEF2D",6,3,10,0.198457154364606,0.425096842284004,1,"drop"
"OGFRL1",6,3,10,0.0710943729467581,0.424959400688366,1,"drop"
"SPTAN1",6,3,10,0.261451246171237,0.42441469176661,1,"drop"
"BMS1",6,3,10,-0.232076358280699,0.423185492369342,1,"drop"
"LCORL",6,3,10,-0.0514013643682108,0.422968347138937,1,"drop"
"N4BP2",6,3,10,-0.0524142553123317,0.422353989391262,1,"drop"
"KCTD20",6,3,10,0.095053703970146,0.419790828964709,1,"drop"
"CCDC130",6,3,10,-0.0306657714895418,0.417764274018734,1,"drop"
"C21orf91",6,3,10,-0.227506493477551,0.41525338365093,1,"drop"
"ANAPC1",6,3,10,0.275400282246508,0.414640554775289,1,"drop"
"TRAPPC2",6,3,10,0.160054053670071,0.41442316545739,1,"drop"
"BSDC1",6,3,10,0.306643944516486,0.414402058638851,1,"drop"
"MFSD14C",6,3,10,0.226204897724777,0.413766811975117,1,"drop"
"MGAT2",6,3,10,-0.280221258638623,0.412623129088037,1,"drop"
"SMC6",6,3,10,-0.00877309967816089,0.412212806809391,1,"drop"
"RAB21",6,3,10,0.217584538510386,0.411715471205638,1,"drop"
"RHOF",6,3,10,0.0458619081044262,0.409805570571678,1,"drop"
"UPP1",6,3,10,-0.241937961828781,0.409770219475434,1,"drop"
"ATG5",6,3,10,0.0826572569160576,0.409759900448128,1,"drop"
"SMC5",6,3,10,-0.0047810815064615,0.409177166798961,1,"drop"
"PPP1R10",6,3,10,-0.254666163493721,0.407452257761722,0.032265636784213,"drop"
"BCL10",6,3,10,0.289832787046774,0.403828287462176,1,"drop"
"THEMIS2",6,3,10,-0.28343342469267,0.403644316570914,0.566018011195999,"drop"
"PANK2",6,3,10,-0.28540200224105,0.403403329906717,0.82892660317139,"drop"
"ACYP2",6,3,10,0.0559382704635389,0.403316832818156,1,"drop"
"RNGTT",6,3,10,0.0524183146840953,0.402511144221484,1,"drop"
"INTS11",6,3,10,-0.349420001337059,0.401719922265663,1,"drop"
"EIF4E3",6,3,10,0.113784270728174,0.401305733127012,1,"drop"
"NGDN",6,3,10,-0.136231038336086,0.400567331483001,1,"drop"
"RDH11",6,3,10,-0.124871946899727,0.400182411116194,1,"drop"
"CFDP1",6,3,10,0.290618297507452,0.399737213350209,1,"drop"
"CISD3",6,3,10,-0.0088416102363317,0.399469702090654,1,"drop"
"ARPP19",6,3,10,0.208045592368186,0.399162865613732,1,"drop"
"CRTC3",6,3,10,0.0960514174213489,0.396670851590258,1,"drop"
"SND1",6,3,10,-0.394280196284089,0.394280196284089,1,"drop"
"PRDX1",6,3,10,-0.197174838502205,0.394132222805538,0.00003123876509377,"drop"
"CTSA",6,3,10,-0.0495292817130251,0.393157370914623,1,"drop"
"RSRC2",6,3,10,0.10777794931807,0.392547177548501,0.12290982930774,"drop"
"HSF1",6,3,10,-0.119182348832292,0.392399132962016,1,"drop"
"RAB30-DT",6,3,10,-0.309694044386084,0.3914174007024,1,"drop"
"RPL26L1",6,3,10,-0.0792712655570542,0.391091937735222,1,"drop"
"HIST1H3D",6,3,10,0.180971871099013,0.390787420792976,1,"drop"
"USP9X",6,3,10,-0.130159660141443,0.388726420887787,1,"drop"
"ILF3",6,3,10,-0.0871274015761057,0.385332020831487,1,"drop"
"CAND1",6,3,10,-0.0921506137435463,0.381435174792013,1,"drop"
"ANKLE2",6,3,10,0.110135271038952,0.378951232337045,1,"drop"
"NDFIP1",6,3,10,-0.0645304233912575,0.378589524588943,0.000260063364209228,"drop"
"GSE1",6,3,10,0.180625621351966,0.378482429270296,1,"drop"
"TLK2",6,3,10,-0.0969541389623959,0.376378769784829,1,"drop"
"IP6K2",6,3,10,-0.187920660135202,0.376325916762235,1,"drop"
"TALDO1",6,3,10,-0.225651100817047,0.376287536618321,0.0451012478238097,"drop"
"SNX6",6,3,10,-0.253384018142051,0.376148117976618,1,"drop"
"TMEM141",6,3,10,-0.147780422150279,0.375468569414823,1,"drop"
"WAS",6,3,10,-0.0221058347530979,0.373466619675927,1,"drop"
"TTC39C",6,2,10,0.217904704779707,0.372853140921065,1,"drop"
"TRPM7",6,3,10,0.2355840506039,0.366909622922511,1,"drop"
"XRN1",6,3,10,-0.155049217387388,0.366015208084005,1,"drop"
"STIM1",6,3,10,0.052100645458072,0.365834081890696,1,"drop"
"YIPF3",6,3,10,-0.23977688845956,0.364874603684779,1,"drop"
"ASAP1",6,3,10,-0.0656572687795264,0.363871040017067,1,"drop"
"MAPRE1",6,3,10,-0.0113853614608109,0.360717477126677,1,"drop"
"HERC2",6,3,10,-0.128017466420555,0.359709513381397,1,"drop"
"IRAK4",6,3,10,-0.225846113737235,0.354555732888197,1,"drop"
"COX19",6,3,10,0.148310595147558,0.353832134359599,1,"drop"
"STK25",6,3,10,-0.235260693929587,0.35220426379095,1,"drop"
"FOPNL",6,3,10,-0.15577687135684,0.351817451928102,1,"drop"
"CDS2",6,3,10,-0.11693847580339,0.351812835996126,1,"drop"
"LNPK",6,3,10,0.0163716208991421,0.349914840698138,1,"drop"
"LNPEP",6,3,10,0.152318462243221,0.34925114768263,1,"drop"
"DERL1",6,3,10,0.0197016709653459,0.343565853741126,1,"drop"
"ITSN2",6,3,10,-0.0843974801008602,0.34302744089353,1,"drop"
"SUDS3",6,3,10,0.0106931446577258,0.338741911949608,1,"drop"
"BRIX1",6,3,10,-0.140739535206233,0.336205059553725,1,"drop"
"ADD3",6,3,10,0.182676041706721,0.335926951207591,0.856542269925244,"drop"
"C6orf62",6,3,10,0.134947371846354,0.331847779056565,1,"drop"
"SUPT16H",6,3,10,-0.216663335279384,0.324889386355482,1,"drop"
"DENND2D",6,3,9,-0.897605293014509,0.973294141155612,0.00232536202420713,"drop"
"ZNF141",6,3,9,0.030868763202819,0.799944459563031,1,"drop"
"SNHG8",6,3,9,0.182974888636264,0.683608197809971,0.188545154628843,"drop"
"ITGB7",6,3,9,0.157624979391975,0.682521747558524,0.099749211747815,"drop"
"CORO1B",6,3,9,0.218822775960321,0.675124167573875,1,"drop"
"LRRC8C",6,3,9,0.285652983371931,0.665606508408416,0.408526513224594,"drop"
"SNX9",6,3,9,-0.268946391071384,0.652000952173428,0.000212170527111171,"drop"
"PRKCQ-AS1",6,3,9,0.183392006923839,0.634356869834142,1,"drop"
"TYMP",6,3,9,0.39702950356257,0.61081263519215,0.000311312435917203,"drop"
"CNIH4",6,3,9,-0.341943167662922,0.59092710268622,1,"drop"
"SNHG9",6,3,9,0.577315918817107,0.577315918817107,0.000688867367540728,"drop"
"WASHC3",6,3,9,-0.280733213982492,0.575792511594343,0.322665921422748,"drop"
"EDRF1",6,3,9,0.172605065501863,0.574248494135986,1,"drop"
"KDM4C",6,3,9,-0.340083307205473,0.568852501919088,1,"drop"
"UQCC3",6,3,9,-0.296690202894769,0.565244827088324,1,"drop"
"B4GALT5",6,3,9,-0.389011631874295,0.555993442978387,1,"drop"
"UPK3BL1",6,3,9,-0.0125088706839797,0.555280474781472,1,"drop"
"SULF2",6,3,9,-0.247484888252388,0.554988202397442,0.975293337201036,"drop"
"TSC22D4",6,3,9,-0.217551423287787,0.554374579277834,1,"drop"
"SLC25A38",6,3,9,0.0198594639591588,0.548617350224234,1,"drop"
"ZBTB4",6,3,9,0.246009553521764,0.547768098569936,1,"drop"
"POP7",6,3,9,-0.456485389798172,0.547144163844871,1,"drop"
"GLCCI1",6,3,9,-0.544461462466275,0.544461462466275,1,"drop"
"TNFRSF1A",6,3,9,-0.543747581703285,0.543747581703285,0.211500879783294,"drop"
"SEC23A",6,3,9,0.17848703310342,0.543469839491291,1,"drop"
"CCDC85B",6,3,9,-0.118003728886073,0.543097496946381,1,"drop"
"TMEM245",6,3,9,0.00621025126485756,0.543049856399816,1,"drop"
"SLC16A7",6,3,9,0.201149047373842,0.535924345003425,1,"drop"
"RAB4B",6,3,9,-0.11728722424591,0.529284507512912,0.975128072663106,"drop"
"ITFG1",6,3,9,0.0246616135819782,0.524509527626845,1,"drop"
"TRIP11",6,2,9,-0.386307005635628,0.522883417251096,0.000889798342918805,"drop"
"GPR108",6,3,9,-0.180072413095078,0.522404324473702,1,"drop"
"UBE2D1",6,3,9,-0.323351359254519,0.51673755568563,1,"drop"
"HM13",6,3,9,-0.172401105392634,0.516013369881685,1,"drop"
"CASC3",6,3,9,0.230874205438054,0.5118253370207,1,"drop"
"SYNJ2BP",6,3,9,0.292230952796864,0.511329285000131,1,"drop"
"PHF6",6,3,9,-0.356508817297027,0.509458081033331,0.663469644878708,"drop"
"TXNDC9",6,3,9,-0.50778428252982,0.50778428252982,1,"drop"
"HIGD1A",6,3,9,0.16407394111312,0.504950620716652,1,"drop"
"LINC01138",6,3,9,0.228551750967758,0.50288575075568,0.00000397537509601315,"drop"
"TXLNG",6,3,9,-0.18455229413507,0.502075074129141,0.300278595970103,"drop"
"ZNRD2",6,3,9,-0.414779305244335,0.499559934297189,1,"drop"
"SGTB",6,3,9,0.0497627505729099,0.498399292276664,1,"drop"
"PPP3CC",6,3,9,0.228743430620787,0.497728027666963,1,"drop"
"DENND4A",6,3,9,-0.0767041772402876,0.497535380513082,1,"drop"
"AC243960.1",6,3,9,-0.35341795943439,0.492448455435481,0.256450850007323,"drop"
"BET1L",6,3,9,-0.227340961469654,0.491700231662406,1,"drop"
"TET2",6,3,9,0.0619654141251055,0.48989447756403,1,"drop"
"PPP4R3B",6,3,9,-0.193122107961883,0.487147606281553,1,"drop"
"TMEM106B",6,3,9,-0.483607532155642,0.483607532155642,1,"drop"
"ARL4C",6,3,9,0.482486485081235,0.482486485081235,1,"drop"
"S100A10",6,3,9,-0.290490571857406,0.482389655701098,0.00000368844628624226,"drop"
"MAML2",6,3,9,0.197393366491854,0.48107309620251,1,"drop"
"PHAX",6,3,9,-0.263056582359976,0.480481124272284,0.92120244120732,"drop"
"ETS1",6,3,9,0.204288203677031,0.479724618003959,0.10500920101242,"drop"
"GPR174",6,3,9,0.256996815546908,0.476938676508337,1,"drop"
"NDUFV3",6,3,9,-0.266340858179662,0.473980455351644,1,"drop"
"KHDC4",6,3,9,-0.0301294431867168,0.472773814582401,1,"drop"
"ARF4",6,3,9,-0.297876681656956,0.469256767490716,1,"drop"
"IQGAP2",6,3,9,-0.397559145654402,0.468345432336868,1,"drop"
"SHKBP1",6,3,9,-0.304997610968736,0.468307978958472,1,"drop"
"NUP214",6,3,9,-0.296839457157353,0.467433087902929,0.000137932058862687,"drop"
"CCDC6",6,3,9,-0.00788001692575134,0.466814249197914,0.034320200974959,"drop"
"ZNF148",6,3,9,-0.109220302107562,0.46532858798218,1,"drop"
"PIK3C3",6,3,9,-0.154995269701823,0.465000342709071,1,"drop"
"ZFAND2B",6,3,9,0.169420284437515,0.46257485591061,1,"drop"
"RAD50",6,3,9,-0.366885432389935,0.461239642389752,0.00633219922619025,"drop"
"UBE2J2",6,3,9,-0.0653114577206474,0.459959579177322,1,"drop"
"GAPVD1",6,3,9,-0.191920767302511,0.45902947992834,1,"drop"
"DYNC1LI2",6,3,9,0.073923824681461,0.458263600436464,1,"drop"
"MRPS9",6,3,9,-0.33277601878359,0.456479798356939,1,"drop"
"IL32",6,3,9,0.271497056684524,0.456087082145129,1,"drop"
"OTUD5",6,3,9,-0.00414863663468855,0.455753862768539,1,"drop"
"DENND3",6,3,9,0.335897068033515,0.455478522487831,1,"drop"
"COA5",6,3,9,-0.197872322091629,0.454442099290474,1,"drop"
"ATP5F1C",6,3,9,0.0850144160760158,0.45429981622218,0.0365857277950544,"drop"
"SNHG17",6,3,9,-0.302051917816493,0.453066743936149,1,"drop"
"UNC50",6,3,9,-0.257728577489007,0.452740080754042,0.0018022565442531,"drop"
"KAT7",6,3,9,0.199629994318451,0.452194530224839,1,"drop"
"CD247",6,3,9,-0.0842122167729852,0.451421816506911,1,"drop"
"HMGN4",6,3,9,-0.163425181986909,0.450551364419568,0.217740005972918,"drop"
"C6orf89",6,3,9,0.118936276745292,0.449795665419119,1,"drop"
"TPST2",6,3,9,-0.100344732889255,0.448504231731611,0.501273535278931,"drop"
"RNF6",6,3,9,-0.15306618865502,0.447731208327142,1,"drop"
"FBXL5",6,3,9,0.0666980421295599,0.447289852659337,1,"drop"
"HDLBP",6,3,9,-0.286256496274575,0.445466845916442,1,"drop"
"SHOC2",6,3,9,0.307653429353187,0.44467034558212,1,"drop"
"RERE",6,3,9,0.182041845839689,0.443005928619854,1,"drop"
"ISCU",6,3,9,0.0431861309812931,0.441785808404367,1,"drop"
"NFX1",6,3,9,-0.000102267812543213,0.441656750916365,1,"drop"
"KMT2B",6,3,9,-0.25577750569616,0.440650839875006,1,"drop"
"GTF2B",6,3,9,0.348344808136391,0.440281956600065,1,"drop"
"SCAPER",6,3,9,-0.347274780274492,0.43844607796625,1,"drop"
"DENND1C",6,3,9,-0.12866425805608,0.437978668641002,1,"drop"
"PAXBP1",6,3,9,-0.344958314942741,0.436147097553751,1,"drop"
"NDUFA9",6,3,9,-0.223234242437502,0.43608701019174,1,"drop"
"PRPF4B",6,3,9,-0.0198887285807362,0.435769207961186,1,"drop"
"C2orf74",6,3,9,-0.143540667431281,0.434631222509415,1,"drop"
"DENND10",6,3,9,0.434241994318288,0.434241994318288,1,"drop"
"PTTG1IP",6,3,9,-0.177414303270332,0.433957434928647,1,"drop"
"RNF114",6,3,9,0.203787639919505,0.433749137439759,0.762144235766316,"drop"
"PCM1",6,3,9,-0.367070676900345,0.433320358867661,0.547020776797483,"drop"
"PHF20L1",6,3,9,0.189689361161826,0.431535300390347,1,"drop"
"CBX5",6,3,9,0.103925441261774,0.427816349786756,0.716863058815223,"drop"
"PRPSAP1",6,3,9,-0.0760854882233151,0.426431947863669,1,"drop"
"SPPL3",6,3,9,0.0363116776742722,0.426353134340815,1,"drop"
"NPEPPS",6,3,9,0.159458194777416,0.425104240826143,1,"drop"
"SNX2",6,3,9,-0.222101242121464,0.424215099295429,1,"drop"
"C1orf35",6,3,9,-0.424085258179817,0.424085258179817,1,"drop"
"NAGK",6,3,9,-0.14142213356705,0.422459856868073,0.0000000000716980727929833,"drop"
"RPAP3",6,3,9,0.067548797036359,0.422160441775577,1,"drop"
"PCIF1",6,3,9,0.299648860448757,0.420591427062679,1,"drop"
"RAB9A",6,3,9,0.137929713556962,0.420574878127144,1,"drop"
"INPP4A",6,3,9,-0.23270149837386,0.420419281451137,1,"drop"
"SMC3",6,3,9,-0.169513286892424,0.42014952434256,1,"drop"
"POLR2B",6,3,9,0.150397853985477,0.41907309008527,1,"drop"
"AKAP11",6,3,9,0.208984340438677,0.419002937372962,1,"drop"
"IP6K1",6,3,9,0.0710648114000016,0.418274439848366,1,"drop"
"DCAF5",6,3,9,-0.0276543201655186,0.41818928793015,1,"drop"
"URM1",6,2,9,-0.361690330206013,0.417939198366739,1,"drop"
"NHLRC3",6,3,9,-0.170738079503745,0.417857301399425,1,"drop"
"MECP2",6,3,9,0.147112725109316,0.417815368905074,1,"drop"
"BLOC1S6",6,3,9,0.0591232774633983,0.417272957258007,1,"drop"
"MARCH8",6,3,9,-0.153346877119585,0.415948064274585,1,"drop"
"MALSU1",6,3,9,-0.217442107787548,0.415319499626986,1,"drop"
"MDM4",6,3,9,0.209720702724447,0.415016417369166,1,"drop"
"CDYL",6,3,9,0.0658739538901995,0.414482498552756,1,"drop"
"ASPSCR1",6,3,9,-0.160341001507912,0.413438653529384,1,"drop"
"ZNF101",6,3,9,0.148832922157859,0.412283481162075,1,"drop"
"MLF2",6,3,9,-0.31153988134013,0.411196391187083,1,"drop"
"NSD1",6,3,9,-0.14867159213697,0.408192362056847,1,"drop"
"ZDHHC6",6,3,9,0.115782375264129,0.40790413926016,1,"drop"
"FOXN3",6,3,9,0.113410803065412,0.407718636432084,0.212848513849846,"drop"
"PCNT",6,3,9,-0.305795612476359,0.40679053693366,1,"drop"
"AL592183.1",6,3,9,0.203379112395236,0.405346312164833,1,"drop"
"CCS",6,3,9,-0.283130660810575,0.404214221397776,1,"drop"
"PITPNA",6,3,9,0.0493890229181135,0.403183146849771,1,"drop"
"COX17",6,3,9,0.165257870768751,0.403103519346682,1,"drop"
"CNDP2",6,2,9,0.138465192651691,0.402009805868878,1,"drop"
"MRPS22",6,3,9,-0.280381640174008,0.401918228560143,0.14925105978306,"drop"
"PSMA4",6,3,9,-0.226076549867711,0.400536008963174,0.242179666210789,"drop"
"HDDC2",6,2,9,-0.301365143894508,0.40043901201701,1,"drop"
"RAP2B",6,3,9,0.083473671378248,0.399874753064904,0.546677098595432,"drop"
"PSIP1",6,3,9,0.136780359971549,0.39965399452917,1,"drop"
"APC",6,3,9,-0.104648670138241,0.398584066055216,1,"drop"
"EBAG9",6,3,9,-0.140255169231401,0.398506744251377,1,"drop"
"CNTRL",6,3,9,-0.397509987925779,0.397509987925779,1,"drop"
"ATL3",6,3,9,0.333773232915541,0.395869703848958,1,"drop"
"COIL",6,3,9,-0.000117080730332669,0.395471415689784,1,"drop"
"ANKRD49",6,2,9,0.395010353895873,0.395010353895873,0.765974098507933,"drop"
"LY9",6,3,9,0.0240950961040516,0.394669457931673,0.585710275275039,"drop"
"CD53",6,3,9,-0.320552410549383,0.394385200882339,0.00000790892166820997,"drop"
"SUMF2",6,3,9,0.198464798866186,0.393511494327997,1,"drop"
"EIF2S2",6,3,9,-0.291251973016766,0.392938405835662,1,"drop"
"PCBP1-AS1",6,3,9,-0.32360243712299,0.392555285520175,1,"drop"
"ACO2",6,2,9,-0.310577028412001,0.392175246243982,0.468871146633334,"drop"
"ISCA2",6,3,9,-0.243500274939221,0.391285824615402,0.0143968801907526,"drop"
"NFATC2",6,2,9,-0.101366661411567,0.391103664521616,1,"drop"
"MRPL18",6,3,9,-0.173352177743196,0.389708905995905,0.0000302041923805171,"drop"
"GABARAPL2",6,3,9,0.0268040927499882,0.388654797910217,1,"drop"
"FEM1B",6,3,9,0.0664833743224563,0.388134740384019,1,"drop"
"ATAD1",6,3,9,0.0357023702803514,0.387703427224917,1,"drop"
"EXOSC9",6,3,9,-0.320132580408572,0.387412552594219,1,"drop"
"KIAA0586",6,3,9,-0.159179098590519,0.387010174164801,1,"drop"
"SNRNP27",6,3,9,0.315570770720035,0.386793582353557,0.467261684102366,"drop"
"MRPL17",6,3,9,-0.241664389240265,0.385766311630609,1,"drop"
"FKBP4",6,2,9,-0.233172323740994,0.385492732488153,1,"drop"
"ZDHHC2",6,3,9,0.196886702554393,0.385440673687578,1,"drop"
"DDA1",6,3,9,-0.139477613370909,0.38412596856721,1,"drop"
"SNRNP200",6,3,9,-0.174012788815402,0.383257109165832,1,"drop"
"ATP8A1",6,3,9,0.190158493890318,0.383163945151188,1,"drop"
"BRAF",6,3,9,-0.0344877003938699,0.382587321769684,1,"drop"
"SCNM1",6,3,9,-0.0262751858378002,0.381317731973023,1,"drop"
"EPRS",6,3,9,-0.141128366179838,0.381140405164486,1,"drop"
"HECTD4",6,3,9,0.100056862923198,0.380261800894229,1,"drop"
"MTF2",6,3,9,-0.226010233306674,0.378879852537837,1,"drop"
"VPS13A",6,3,9,-0.218633871236771,0.378753619444609,1,"drop"
"PHB",6,3,9,-0.315336166345073,0.377920721869719,0.467934050653881,"drop"
"STX17",6,3,9,0.129676208299069,0.37757983077315,1,"drop"
"LITAF",6,3,9,0.157242239935521,0.375144682057029,0.00156886473570175,"drop"
"PTPN4",6,3,9,-0.196969417848788,0.371931060064488,1,"drop"
"ATG13",6,3,9,0.166412864054087,0.371819265260185,1,"drop"
"FBXL20",6,3,9,0.119478552037573,0.370980135079416,1,"drop"
"SFXN1",6,3,9,0.0751504037329562,0.370188734215041,1,"drop"
"MTCH1",6,3,9,0.298357229295099,0.369219902845849,1,"drop"
"RNF166",6,3,9,-0.091336302168184,0.367964299967762,1,"drop"
"PSD4",6,3,9,-0.0378419345676633,0.366876297922422,0.682506354569056,"drop"
"EID1",6,3,9,0.245077450698337,0.366579605294689,1,"drop"
"TMEM208",6,3,9,-0.293875839879937,0.366453510112401,1,"drop"
"GET3",6,3,9,-0.117081301954017,0.365633897372223,1,"drop"
"DHRS4L2",6,3,9,-0.0281419441291331,0.365565365272732,1,"drop"
"TTC28-AS1",6,3,9,-0.0941235206707362,0.365492943736404,1,"drop"
"FAM104A",6,3,9,-0.149813654165709,0.364784722647623,1,"drop"
"TADA3",6,3,9,-0.19155766081403,0.363018929853406,1,"drop"
"ZFAND1",6,3,9,-0.0695257456537644,0.362236993385791,1,"drop"
"SUCO",6,3,9,0.182426699861021,0.361995950493245,1,"drop"
"NME4",6,2,9,-0.11713768084645,0.361351991960992,1,"drop"
"TMEM30A",6,2,9,0.0612498655051203,0.359371321713246,1,"drop"
"ANKRD17",6,3,9,-0.130198923715231,0.359297977959845,1,"drop"
"PABPC4",6,3,9,-0.157180399587776,0.358910670162124,0.241208997309634,"drop"
"NDUFAF3",6,3,9,-0.175450626031632,0.357138970193155,1,"drop"
"CCNT2",6,3,9,0.0589226683799783,0.356989123804556,1,"drop"
"PLGRKT",6,3,9,0.149557109463429,0.356551291004514,1,"drop"
"MT1X",6,3,9,0.101939244345285,0.354917377340873,1,"drop"
"NR3C1",6,3,9,-0.0501070776312757,0.353510243272821,1,"drop"
"XIST",6,3,9,0.120508988042894,0.353395316308222,1,"drop"
"CDC5L",6,3,9,-0.241478852541179,0.353214875181484,1,"drop"
"CELF2",6,3,9,-0.169292547852468,0.350814229026758,0.00118750300736263,"drop"
"VBP1",6,3,9,-0.0863310525848759,0.347638513601054,1,"drop"
"TAOK1",6,3,9,0.0797017711373569,0.347078186000065,1,"drop"
"MED17",6,3,9,-0.0989543444824942,0.34689601428983,1,"drop"
"CHD6",6,3,9,0.104377332634578,0.345543139447261,1,"drop"
"NOP56",6,3,9,-0.225030390404442,0.345062348833948,1,"drop"
"SESN3",6,3,9,0.26639743909584,0.343809000183392,1,"drop"
"WBP1",6,3,9,0.0195777532233789,0.340433093174832,1,"drop"
"PURA",6,3,9,-0.0711419035776932,0.340382690530683,1,"drop"
"PDXDC1",6,3,9,0.138687359696338,0.339596866456127,1,"drop"
"TMEM167A",6,3,9,-0.206793011613288,0.332541134527597,1,"drop"
"SQSTM1",6,3,9,-0.125614127034294,0.328128630490936,1,"drop"
"MRE11",6,3,9,0.257829815506078,0.327693325281191,1,"drop"
"FMNL1",6,3,9,-0.0469372121409109,0.327633833257764,1,"drop"
"RTCB",6,3,9,-0.16964351236994,0.326588471529514,1,"drop"
"LMAN1",6,3,9,-0.0975929394599922,0.325692068104428,1,"drop"
"FKBP3",6,3,9,0.0325883178094888,0.325660282184423,1,"drop"
"NUDCD3",6,3,9,-0.025772424716635,0.323519148751779,1,"drop"
"ARPC5",6,3,9,0.0298587324590741,0.322435097907021,0.00420758626729408,"drop"
"MRPL55",6,3,9,-0.0403457802339687,0.322268306822738,1,"drop"
"ANKRD12",6,3,9,0.117501878711396,0.319828852622213,0.00674184221382543,"drop"
"CCT7",6,3,9,-0.235722284363702,0.307861066195362,1,"drop"
"ARID4B",6,3,9,-0.0856023123180929,0.305917051160025,1,"drop"
"CD3G",6,3,8,0.661012784256379,0.661012784256379,0.0501174054942971,"drop"
"EPB41L4A-AS1",6,3,8,0.356149397160475,0.655585076154402,0.298028750148141,"drop"
"LEO1",6,2,8,-0.616540340319887,0.616540340319887,0.2695478425969,"drop"
"HLA-DRA",6,2,8,0.588156833874735,0.588156833874735,0.00000000000000000000000585725623118601,"drop"
"MED8",6,3,8,-0.230227970839467,0.58714732891026,1,"drop"
"GRAP2",6,3,8,0.182771670155121,0.584998384685151,0.102850474213713,"drop"
"SNX27",6,3,8,-0.218130140671562,0.572695123992315,0.0779761941089824,"drop"
"E2F3",6,3,8,-0.12478201357709,0.569260380658244,0.279560538098056,"drop"
"LRCH3",6,3,8,-0.14892524947233,0.564838906254646,1,"drop"
"SNX20",6,3,8,-0.409013327006415,0.561008042399349,0.358891353885521,"drop"
"EPS15L1",6,3,8,-0.195080001758559,0.551563625036034,1,"drop"
"NUB1",6,2,8,0.212860748856852,0.549739898928273,0.0338207289401082,"drop"
"DPH3",6,3,8,-0.00445517987568687,0.545534186494413,1,"drop"
"GPN1",6,3,8,-0.271515646052885,0.536975712205064,1,"drop"
"TMEM33",6,3,8,0.00646812065514789,0.533847558273584,1,"drop"
"GMCL1",6,3,8,-0.396506250479601,0.526885309904491,1,"drop"
"C12orf76",6,2,8,-0.168164364172574,0.526574700679937,1,"drop"
"DRAP1",6,3,8,0.522943233154245,0.522943233154245,1,"drop"
"TMEM131L",6,3,8,0.273748873648819,0.515739373962951,1,"drop"
"TES",6,3,8,-0.165432632180254,0.515046579729915,1,"drop"
"BTN3A3",6,3,8,0.0846839654363008,0.512561941587903,1,"drop"
"NUDT5",6,3,8,-0.326892317989251,0.509850359356489,0.173661849854226,"drop"
"THAP7",6,3,8,-0.242990640732759,0.504905660737144,1,"drop"
"MAST3",6,3,8,0.0917358830402891,0.504726216898404,1,"drop"
"RFC1",6,3,8,-0.0730770878453405,0.502230440616675,1,"drop"
"MMP24OS",6,3,8,-0.0935740701750005,0.499532763259597,1,"drop"
"DENND4C",6,3,8,0.0428939974689624,0.490702339190755,1,"drop"
"MRPL20",6,3,8,-0.145188252199158,0.48782142220562,0.0000291253693737468,"drop"
"ANTXR2",6,3,8,-0.14219716705881,0.487628645894823,1,"drop"
"ZNF688",6,3,8,0.0284722355062126,0.486883258449407,1,"drop"
"PNRC2",6,3,8,0.345428316814932,0.485054445419753,1,"drop"
"ZNF92",6,3,8,0.227701588888192,0.484478782337588,1,"drop"
"HOOK3",6,3,8,0.139484710232363,0.483078012087194,1,"drop"
"MMD",6,3,8,0.389734474495217,0.481976697602873,0.756104466397404,"drop"
"MRFAP1L1",6,3,8,0.0432726012831837,0.480035401763258,1,"drop"
"CCNL2",6,3,8,0.237063678394761,0.479003266645575,1,"drop"
"PSMD6",6,3,8,0.140541661867625,0.478106805240616,1,"drop"
"PIGC",6,3,8,0.0157559175199374,0.472793839885108,1,"drop"
"SNHG15",6,3,8,0.472472805674125,0.472472805674125,1,"drop"
"ATP6V0A2",6,3,8,-0.0437086301743312,0.467836321742708,1,"drop"
"SPOCK2",6,3,8,0.117910592320507,0.467634892168339,1,"drop"
"SNIP1",6,2,8,-0.288012197482445,0.466411886247344,1,"drop"
"CPSF7",6,3,8,0.117462247387124,0.465903236099913,1,"drop"
"TMEM167B",6,3,8,0.386647235668651,0.465783210301107,1,"drop"
"VGLL4",6,3,8,-0.233442889189119,0.462722511894886,1,"drop"
"DUS1L",6,3,8,0.20399892824277,0.45836444098047,1,"drop"
"SUN2",6,2,8,0.0788576727765558,0.456701024336171,1,"drop"
"CA5B",6,2,8,-0.28462126774886,0.454263769217944,1,"drop"
"ATXN7",6,3,8,0.0605678857287955,0.453793699014607,1,"drop"
"DCUN1D1",6,3,8,0.286664312986301,0.453651910989482,1,"drop"
"MYO1F",6,3,8,-0.385749724238189,0.453636008356851,0.97357388068991,"drop"
"WDR46",6,3,8,-0.0170476775980642,0.45171707733446,1,"drop"
"CHMP6",6,3,8,-0.0747536379067577,0.451455043234044,1,"drop"
"BCL2",6,3,8,-0.0308460007660847,0.451316732392777,0.297858924247242,"drop"
"TWF1",6,3,8,-0.0193730722037765,0.451229397944815,1,"drop"
"MLEC",6,3,8,-0.370800080211567,0.450139379700844,0.0207622979951629,"drop"
"ATF1",6,3,8,-0.0690813969384454,0.449117420247802,1,"drop"
"DCPS",6,3,8,-0.192167328350778,0.448952023641916,1,"drop"
"RIOK3",6,3,8,0.101823912943028,0.447504916656076,1,"drop"
"HERC4",6,3,8,-0.223879256538283,0.447390800714241,1,"drop"
"SH3BP2",6,3,8,-0.090223723494744,0.446367996617388,1,"drop"
"ANXA1",6,3,8,-0.178614571433293,0.445478133451142,0.0000350267677808506,"drop"
"PRKCH",6,3,8,0.235778353308131,0.444268063488432,0.349312557887811,"drop"
"CAPRIN1",6,3,8,-0.254268078990405,0.44095127617184,1,"drop"
"LBH",6,3,8,-0.215112002354335,0.440839789802831,0.00163404323127354,"drop"
"TBPL1",6,3,8,-0.0217564659595496,0.439624195334082,1,"drop"
"ATXN1",6,3,8,0.210197277703729,0.439445683824885,1,"drop"
"PGRMC2",6,3,8,0.373667980958993,0.439347288939784,1,"drop"
"METTL14",6,3,8,-0.203481875834764,0.435993282053795,1,"drop"
"FAM3C",6,3,8,0.000774074670209256,0.435446028462208,1,"drop"
"OARD1",6,3,8,-0.223213729315967,0.434890355051975,1,"drop"
"FRA10AC1",6,3,8,-0.332039970328034,0.434363684428308,1,"drop"
"POM121C",6,3,8,0.152461837086851,0.430513325715518,1,"drop"
"RPRD2",6,3,8,0.0522131434242012,0.428324438478103,1,"drop"
"COMMD5",6,3,8,-0.168174819971181,0.424597269902739,1,"drop"
"RBBP6",6,3,8,0.358315603976249,0.424012683366135,1,"drop"
"SEPHS2",6,3,8,-0.248915133170965,0.421867817748176,1,"drop"
"OXLD1",6,3,8,-0.420366556643193,0.420366556643193,1,"drop"
"DGKD",6,3,8,0.0821745682668256,0.419787509386203,1,"drop"
"MRPL44",6,3,8,0.00890178288871313,0.418268224421141,1,"drop"
"NNT",6,3,8,-0.00231198051445088,0.41794437592255,1,"drop"
"BAG6",6,3,8,-0.255842194743869,0.417064849767068,1,"drop"
"IKBKB",6,3,8,-0.128647347735118,0.414319468586589,1,"drop"
"ZNF160",6,3,8,-0.231382566600618,0.413543881454356,1,"drop"
"TCHP",6,3,8,0.088084707391366,0.413189916452431,1,"drop"
"SCOC",6,3,8,-0.337374284932025,0.412877047105223,1,"drop"
"CHMP5",6,3,8,-0.0780428180970804,0.412355080942248,1,"drop"
"PYCR2",6,3,8,-0.00758652550483113,0.411872430077928,1,"drop"
"FAF2",6,3,8,0.0577525977762649,0.411241529503766,1,"drop"
"BNIP2",6,3,8,0.231070629429819,0.409851969101538,1,"drop"
"GMPS",6,3,8,-0.116981692852995,0.409494084507912,1,"drop"
"PSMB5",6,3,8,-0.409453651464797,0.409453651464797,1,"drop"
"TOR1AIP1",6,2,8,-0.407437091754096,0.407437091754096,1,"drop"
"PCMT1",6,3,8,-0.406369839409163,0.406369839409163,0.0385518342763922,"drop"
"WNK1",6,3,8,-0.0684456721762341,0.404307442330949,1,"drop"
"LAP3",6,3,8,0.250051855297459,0.40379217565527,1,"drop"
"WDR73",6,3,8,0.110441610247741,0.403719034667771,1,"drop"
"AC245297.3",6,3,8,-0.0380822810991004,0.401874166253025,1,"drop"
"PLEKHJ1",6,3,8,0.142675387108027,0.401050364048951,0.0660216848599209,"drop"
"THEM4",6,3,8,-0.217561138965349,0.399712177313381,1,"drop"
"MPLKIP",6,3,8,-0.281379970919148,0.398685222371263,1,"drop"
"MSL3",6,3,8,-0.222973886262369,0.397874799781956,1,"drop"
"BLVRA",6,2,8,-0.302848462810993,0.395342550744605,1,"drop"
"MAP4",6,3,8,-0.105414921457022,0.393088654414518,1,"drop"
"HDAC2",6,3,8,-0.0314762903581571,0.392598999628923,1,"drop"
"CDK11A",6,3,8,0.318352659720312,0.39175766862578,1,"drop"
"ERBIN",6,3,8,0.390378345008199,0.390378345008199,1,"drop"
"CRIPT",6,3,8,0.139288787519934,0.39036283628863,1,"drop"
"EBP",6,3,8,-0.0968578325470513,0.39011262750635,1,"drop"
"MFSD8",6,3,8,0.0648576207768174,0.389326603367299,1,"drop"
"HIST1H1D",6,3,8,0.0750717268068265,0.389049884611148,1,"drop"
"C8orf33",6,3,8,0.0920339142007283,0.388858119287994,1,"drop"
"THUMPD3-AS1",6,3,8,-0.061964539982244,0.38860772930122,1,"drop"
"MRPL14",6,3,8,-0.0527563536039821,0.388219319491478,1,"drop"
"TPR",6,3,8,-0.205401941299596,0.388213975042909,1,"drop"
"NEAT1",6,3,8,-0.137370062652143,0.387282654957124,0.00359738289231413,"drop"
"ANKRD44",6,3,8,0.141788383877428,0.386293597354262,1,"drop"
"CEP85L",6,3,8,0.0182250975261631,0.383335228755931,1,"drop"
"H1FX",6,3,8,0.314905555574611,0.381083551837365,0.000281493794617678,"drop"
"COA4",6,3,8,-0.380200921589797,0.380200921589797,0.221625265694906,"drop"
"MARCH9",6,3,8,-0.30161440185541,0.379914991079364,1,"drop"
"COTL1",6,3,8,-0.285488638162637,0.379511349795359,0.0000203257137738421,"drop"
"HNRNPUL1",6,3,8,-0.199043253779934,0.378528533946595,1,"drop"
"SDHA",6,3,8,-0.0336443165598749,0.376465954200102,1,"drop"
"NOSIP",6,3,8,0.0420269865313379,0.376375932074912,0.0422454901416923,"drop"
"RSBN1",6,3,8,-0.0501188111849384,0.374972651783502,1,"drop"
"UBE2G1",6,3,8,-0.117130417354899,0.374950281636964,1,"drop"
"ZNF638",6,3,8,-0.185344194201999,0.373712710233383,0.0100566564288544,"drop"
"NELFCD",6,3,8,0.143164475015915,0.373318141372526,1,"drop"
"FAM153CP",6,3,8,0.0486629718319031,0.372202963296862,1,"drop"
"FBXO21",6,3,8,-0.0210483735199249,0.370537933300081,1,"drop"
"IL10RA",6,3,8,-0.0190994242776768,0.370168000790985,1,"drop"
"GLRX3",6,3,8,-0.144998107427654,0.369687292723746,1,"drop"
"SUPT6H",6,3,8,-0.113446034806267,0.369323349483209,1,"drop"
"GALNT11",6,3,8,0.158529287467817,0.369196334356728,1,"drop"
"CREBRF",6,3,8,0.251012157397354,0.368845866935884,0.330437100051053,"drop"
"PPP1CC",6,3,8,0.209788130003953,0.367664513485419,1,"drop"
"CDIPT",6,3,8,-0.367088321450424,0.367088321450424,1,"drop"
"TSR3",6,3,8,-0.0769081677584494,0.363217401201628,1,"drop"
"COG2",6,3,8,-0.282573811122389,0.362650515253115,1,"drop"
"ZNF107",6,3,8,-0.25221751086408,0.361531332734192,1,"drop"
"TRPC4AP",6,3,8,-0.0262219131210449,0.358475260439469,1,"drop"
"HAUS1",6,3,8,-0.100852043621814,0.35750602647959,1,"drop"
"BBIP1",6,3,8,0.178264302437621,0.357115497285634,1,"drop"
"ETHE1",6,3,8,-0.112668918245025,0.355098516337765,0.00953698078536708,"drop"
"ITGA4",6,3,8,-0.094386291064364,0.354732619522101,0.0748160473498974,"drop"
"SRP54",6,3,8,-0.287294220280106,0.353956680120091,0.234087129578506,"drop"
"PFKP",6,3,8,-0.0281660754723405,0.353739498536198,1,"drop"
"ZFAND6",6,3,8,-0.353606707195679,0.353606707195679,0.0838057876093813,"drop"
"ZNF24",6,3,8,0.199609776944793,0.351899929099276,1,"drop"
"CWC27",6,3,8,-0.112739045363583,0.351178261245981,1,"drop"
"TKT",6,3,8,-0.348950308436322,0.348950308436322,0.0208370627708718,"drop"
"PCNX4",6,3,8,-0.281616119121325,0.346088639589235,1,"drop"
"ERV3-1",6,3,8,0.209253635287859,0.345252500440077,1,"drop"
"DMXL1",6,3,8,0.108859219256599,0.341312408386268,1,"drop"
"SMAD2",6,3,8,0.112061583816877,0.336274591671742,1,"drop"
"REST",6,3,8,0.193105227938354,0.335881145980223,1,"drop"
"DOCK8",6,3,8,-0.261978873565046,0.335653133003573,0.000266330921684706,"drop"
"ABT1",6,3,8,0.0316504215385452,0.333596039359622,1,"drop"
"NDUFV2",6,3,8,-0.252537092652918,0.331127934137716,1,"drop"
"ZKSCAN1",6,3,8,-0.265211920615848,0.330323409297139,1,"drop"
"TFAM",6,3,8,0.073646070344977,0.324806381073815,1,"drop"
"CEP57",6,2,8,-0.324344058102618,0.324344058102618,1,"drop"
"FNBP4",6,3,8,-0.0419337567254262,0.324004529047517,1,"drop"
"SART1",6,3,8,-0.148893680142129,0.321382309452385,1,"drop"
"LENG8",6,3,8,0.177292583091713,0.320000876849946,1,"drop"
"CLSTN1",6,3,8,0.00250033995667575,0.318193530802403,1,"drop"
"CHCHD7",6,3,8,-0.0951179565178439,0.318150405887867,1,"drop"
"CLIP1",6,3,8,0.0190886260714339,0.317220377707322,1,"drop"
"ANAPC15",6,3,8,0.0914749922099657,0.315330038505551,1,"drop"
"TCF12",6,3,8,-0.246959575738335,0.315063656664663,1,"drop"
"INO80",6,3,8,-0.172418787882309,0.311071566091925,1,"drop"
"CSNK1G3",6,3,8,0.0769326383696404,0.306912895590008,1,"drop"
"PHB2",6,3,8,-0.292966481808245,0.292966481808245,1,"drop"
"FYB1",6,3,8,0.0116149011567403,0.29246361721888,0.121295866377678,"drop"
"NEMF",6,3,8,-0.0519816705617212,0.286263060099174,1,"drop"
"CDK5RAP2",6,3,7,0.0232370737354485,0.723034021494937,1,"drop"
"GPATCH11",6,3,7,-0.639518063989409,0.639518063989409,0.051616193479958,"drop"
"PRKDC",6,2,7,-0.0884885300915136,0.571429320288932,0.0000000000000446706516146907,"drop"
"CENPB",6,3,7,0.279873901665903,0.568842027346935,1,"drop"
"CSTF2T",6,2,7,-0.340223811703398,0.558545964366405,1,"drop"
"PUM1",6,3,7,0.158755121229623,0.53578375827549,1,"drop"
"MTMR6",6,3,7,-0.229880802674567,0.528322349352932,1,"drop"
"TBC1D22A",6,3,7,-0.299004259131219,0.492787738752192,1,"drop"
"NUDCD2",6,3,7,-0.265005488071006,0.488473731078606,1,"drop"
"ZNF675",6,3,7,-0.486946290500099,0.486946290500099,1,"drop"
"SFT2D1",6,3,7,0.034210349697573,0.485218524115078,1,"drop"
"KRIT1",6,3,7,-0.344863669272001,0.480339781773556,1,"drop"
"RAB8A",6,3,7,0.142277164340684,0.478826615705136,1,"drop"
"NAA60",6,3,7,-0.213881354468279,0.476885807335793,1,"drop"
"PPIP5K2",6,3,7,-0.134245567460339,0.472153798557371,1,"drop"
"AC008105.3",6,3,7,0.0517556079900256,0.466766962995128,1,"drop"
"ARMC1",6,2,7,-0.463838912420619,0.463838912420619,1,"drop"
"FBXO22",6,3,7,-0.259048411383969,0.461675294558926,1,"drop"
"RAMAC",6,3,7,0.450615021639213,0.450615021639213,1,"drop"
"RPS29",6,3,7,0.450192249314099,0.450192249314099,0.0000000000000000000000000000000000000000000000000000000000383665755427138,"drop"
"VTI1B",6,3,7,-0.156207783916528,0.442083701273935,1,"drop"
"NUCB1",6,3,7,-0.302268780899718,0.440088915438158,1,"drop"
"CD3D",6,3,7,0.438660539059908,0.438660539059908,0.0000782942640004023,"drop"
"APOBEC3C",6,3,7,-0.234179429167378,0.433767648188951,1,"drop"
"CSTB",6,3,7,-0.332172160095925,0.432086966442024,1,"drop"
"FDFT1",6,3,7,-0.256222659606447,0.430846144892327,0.00372014236830188,"drop"
"FAM76B",6,2,7,-0.217763849815529,0.423436747172514,1,"drop"
"SMARCD1",6,3,7,-0.166332289146081,0.422160909995352,1,"drop"
"KLF13",6,3,7,-0.0515598356085294,0.421000760836705,0.00102522735244353,"drop"
"LCK",6,3,7,-0.214444376030091,0.420526874770094,0.000000754813151426268,"drop"
"AL133453.1",6,3,7,-0.0170781591906277,0.420189941917112,1,"drop"
"MAP2K1",6,2,7,-0.170652539882649,0.419688156443873,1,"drop"
"ZNF830",6,3,7,-0.419322603475105,0.419322603475105,1,"drop"
"EIF5A",6,3,7,0.414650862439837,0.414650862439837,1,"drop"
"MLLT10",6,3,7,0.302936825820683,0.413956301319633,1,"drop"
"KPNB1",6,3,7,0.0209758972466062,0.4124491195104,1,"drop"
"NUDT16L1",6,3,7,0.16107123608928,0.411198296896151,1,"drop"
"TRIP12",6,3,7,-0.164040238604495,0.408342618173387,1,"drop"
"PPP4R2",6,3,7,-0.30521505486401,0.407002068627537,1,"drop"
"SSB",6,2,7,-0.12463419536144,0.405985304009501,1,"drop"
"THRA",6,3,7,0.0755658544965001,0.403396940563359,1,"drop"
"CAP1",6,2,7,-0.287572383068594,0.403321094984396,0.0144098098197851,"drop"
"MED23",6,3,7,0.187839831174745,0.397822647792357,1,"drop"
"VPS28",6,3,7,-0.123760024411873,0.397673949807217,1,"drop"
"MIS18BP1",6,2,7,-0.39506500845997,0.39506500845997,1,"drop"
"BANF1",6,3,7,-0.193390197142323,0.394200089510891,1,"drop"
"GRSF1",6,3,7,-0.0513929158026991,0.393289592442239,1,"drop"
"WDR48",6,3,7,0.171625777920029,0.393276012101466,1,"drop"
"NIFK",6,2,7,-0.220898071814518,0.393069194719297,1,"drop"
"AC025159.1",6,3,7,0.265012149488313,0.38894996871131,1,"drop"
"FLNA",6,3,7,-0.0675423058453889,0.386860025709162,0.500277228118143,"drop"
"LEMD3",6,3,7,0.0100674973101263,0.386329951577065,1,"drop"
"SREK1",6,2,7,-0.029499267205998,0.386177256281455,1,"drop"
"RYK",6,3,7,-0.276390625198115,0.38486766723949,1,"drop"
"AKT1",6,3,7,-0.172931339459506,0.383276810640003,1,"drop"
"TMBIM6",6,2,7,-0.304381199947669,0.379866841396727,0.00000000218404321551223,"drop"
"SNX17",6,3,7,-0.284434949708441,0.376733191867126,0.0275288940497193,"drop"
"ZGPAT",6,3,7,-0.2915328330745,0.3751829964364,1,"drop"
"PRKRA",6,2,7,-0.072808541578715,0.374793759281781,1,"drop"
"CUL1",6,3,7,-0.109567343887403,0.374076766091307,0.0136713219390731,"drop"
"ECHS1",6,3,7,-0.296573164903333,0.37368565591564,1,"drop"
"FRYL",6,3,7,-0.0289094603488814,0.369282557163391,1,"drop"
"CAT",6,3,7,-0.14278235611744,0.368220140578175,1,"drop"
"FBXO9",6,3,7,0.0821015153391772,0.368001006648593,1,"drop"
"SLTM",6,3,7,-0.158036294443765,0.367987099287926,1,"drop"
"FASTK",6,2,7,-0.246647069352754,0.367597875053249,1,"drop"
"FAM217B",6,3,7,-0.200932463370131,0.365999195498199,1,"drop"
"RNF187",6,3,7,-0.0219566299446314,0.365515564943228,1,"drop"
"CDC40",6,3,7,-0.128293456296762,0.364823404055647,1,"drop"
"COA1",6,3,7,-0.14539688070568,0.364056778857652,1,"drop"
"CNN2",6,3,7,-0.0100466379346077,0.362616638907551,1,"drop"
"NARS",6,2,7,-0.180204431197857,0.361818132692216,1,"drop"
"STN1",6,3,7,0.0851680550231286,0.361808262151332,1,"drop"
"TMBIM4",6,3,7,-0.228009428222432,0.361394605501978,0.0353465025504328,"drop"
"SYNE2",6,3,7,0.0625424965331051,0.36127256776064,1,"drop"
"PDXK",6,3,7,-0.0161583854425949,0.360474907719708,1,"drop"
"RASAL3",6,3,7,-0.088010194774998,0.360040309124228,1,"drop"
"SAMM50",6,3,7,-0.192057749686344,0.359573968039777,1,"drop"
"SSU72",6,3,7,0.055048173088537,0.355853668412716,1,"drop"
"TMEM18",6,3,7,-0.111592830354411,0.354988306503569,1,"drop"
"PCF11",6,3,7,0.141896817827208,0.353772097489253,1,"drop"
"MED10",6,2,7,0.186185180188067,0.351846589334353,1,"drop"
"ZMAT2",6,2,7,-0.0343914094671013,0.350133043526799,1,"drop"
"PRMT2",6,3,7,-0.0342095753023836,0.34912662325888,0.0573202183521592,"drop"
"TMF1",6,2,7,-0.121569577276885,0.347293924065783,1,"drop"
"ZNF330",6,2,7,-0.347265512144179,0.347265512144179,1,"drop"
"EIF4G3",6,3,7,0.109117234151134,0.346698775476523,1,"drop"
"RNF126",6,3,7,-0.0853701390958163,0.343702735287264,1,"drop"
"POLR2I",6,3,7,0.0406141102039483,0.342298546154,1,"drop"
"FOXJ3",6,3,7,0.191197040459032,0.340930026524793,1,"drop"
"HSD17B10",6,3,7,-0.119532927402145,0.340716914413524,1,"drop"
"ARF1",6,3,7,-0.0402958779585186,0.339185570478533,1,"drop"
"UBE2B",6,3,7,-0.239491138060899,0.33799023659422,1,"drop"
"OSTF1",6,3,7,0.0152210096206677,0.336875901726824,0.0625631762111695,"drop"
"MRPL34",6,3,7,-0.336647482664777,0.336647482664777,0.210971850331331,"drop"
"B3GAT3",6,3,7,-0.331610796732838,0.331610796732838,1,"drop"
"TMEM160",6,3,7,0.0368141047842919,0.330495109058227,1,"drop"
"SEC16A",6,3,7,-0.330492959446078,0.330492959446078,1,"drop"
"HLA-C",6,3,7,-0.0896063065450774,0.323406289209185,0.000000000000119926075652757,"drop"
"PITPNC1",6,3,7,0.161716358882313,0.323011455042677,1,"drop"
"DGCR6L",6,3,7,-0.150303516962058,0.322970642598232,1,"drop"
"ARL5A",6,3,7,-0.149955741463305,0.320559297333259,1,"drop"
"RPL7L1",6,3,7,-0.216725491128543,0.318877853587101,1,"drop"
"CTBS",6,2,7,0.026544633123291,0.318331356409221,1,"drop"
"PCNP",6,3,7,0.149061412565605,0.306426812127139,1,"drop"
"USP15",6,3,7,-0.0114778035097837,0.306031113237549,1,"drop"
"PSMD2",6,1,6,-0.503078137281848,0.503078137281848,1,"drop"
"GTPBP8",6,3,6,-0.137638223957495,0.481931275456231,1,"drop"
"RRP15",6,3,6,-0.214231332124923,0.477137458995538,1,"drop"
"PARP4",6,3,6,0.0227013449334865,0.460016365545168,1,"drop"
"RCC2",6,3,6,-0.0827706354174688,0.454560305376424,1,"drop"
"IPO9",6,2,6,-0.449461626227889,0.449461626227889,1,"drop"
"NUP50",6,2,6,-0.3502343090286,0.440788128896362,1,"drop"
"LINC00476",6,2,6,-0.196748801768602,0.429787970417294,1,"drop"
"PIK3R5",6,3,6,-0.420895273269243,0.420895273269243,1,"drop"
"SUPT20H",6,3,6,-0.296811268977154,0.399042992805329,1,"drop"
"TBK1",6,3,6,-0.28859072469362,0.394483966558152,1,"drop"
"NCOA3",6,3,6,-0.172847849415276,0.393219640605211,1,"drop"
"GGNBP2",6,3,6,-0.137801500866198,0.388703973930171,0.0000120754979932895,"drop"
"NOP58",6,3,6,-0.165294427314911,0.387248705408193,1,"drop"
"TSPAN3",6,3,6,0.0179273257490318,0.373088368987898,0.317853390196482,"drop"
"ARHGEF6",6,3,6,-0.0924543761140315,0.364452020210033,1,"drop"
"NAA50",6,3,6,-0.354826640415825,0.354826640415825,1,"drop"
"GPATCH8",6,3,6,0.12085137427697,0.354607461314444,1,"drop"
"BPTF",6,3,6,0.166101198295993,0.351200347201361,1,"drop"
"MPHOSPH8",6,3,6,-0.105603155361457,0.349724022001955,1,"drop"
"PPP1CB",6,3,6,-0.224212197262576,0.347145243813687,1,"drop"
"EP300",6,3,6,0.234660250150266,0.345243583215851,1,"drop"
"ZC3H4",6,3,6,0.0503541334551448,0.339801853511051,1,"drop"
"ACP1",6,3,6,0.0109112027241848,0.332532714321343,1,"drop"
"ZBED5",6,2,6,-0.0559725321117058,0.332519316752713,1,"drop"
"STX10",6,3,6,-0.0551808346121918,0.331687923980069,1,"drop"
"DCP1A",6,3,6,0.106638828273546,0.320600342569882,1,"drop"
"BOD1L1",6,2,6,-0.232652947204731,0.319599447265026,1,"drop"
"TRA2A",6,3,6,0.195858586050427,0.31952644644742,1,"drop"
"PDCD6IP",6,2,6,-0.0195518501023048,0.313078130206581,1,"drop"
"SF3B4",6,3,6,0.0229075834264552,0.311383229096315,1,"drop"
"SARNP",6,3,6,0.105114420622078,0.293917707184989,1,"drop"
"RNF181",6,2,6,-0.0837139465738177,0.28152014066209,1,"drop"
"GTPBP6",6,2,6,-0.280129050252236,0.280129050252236,1,"drop"
"BCL3",5,3,13,0.529052227069316,0.897738550496455,0.0714775274013634,"drop"
"FRAT2",5,3,13,0.135718267820832,0.46881106831943,1,"drop"
"CCL3L1",5,3,12,0.684262582852692,0.929026975619692,0.000000000000000000000146843440182853,"drop"
"GRASP",5,3,12,-0.0227846655128968,0.784571972354082,0.0000000062083727889872,"drop"
"KLF10",5,3,12,0.0917852281733467,0.697621056956498,0.0000649193290656937,"drop"
"SLC4A7",5,3,12,0.0865299009461916,0.573773098439554,1,"drop"
"ZBTB37",5,3,12,0.128410455748557,0.530482072709325,1,"drop"
"RELL1",5,3,12,0.0670340742024153,0.530022605955752,1,"drop"
"TMEM50B",5,3,12,0.109498331287975,0.523363703922604,1,"drop"
"DHX30",5,3,12,0.0270277823540795,0.509634231855911,1,"drop"
"RICTOR",5,3,12,0.254061469542494,0.462702088002503,1,"drop"
"RAD51C",5,3,12,0.0651327984338939,0.456209496458075,1,"drop"
"ENTR1",5,3,12,0.0778400960996288,0.446715119553747,1,"drop"
"TDG",5,3,12,0.167624746646907,0.445004445104752,1,"drop"
"NUDT2",5,3,12,0.177861308554574,0.434199848281143,1,"drop"
"DHX40",5,3,12,0.288626321180723,0.431033828724723,1,"drop"
"ATG2A",5,3,12,-0.0294481451115127,0.429318104134296,1,"drop"
"CASC4",5,3,12,0.066522739768128,0.427448324828681,1,"drop"
"RGS1",5,3,11,-0.246072881166657,1.29308079509027,0.00000000100226244772354,"drop"
"WAKMAR2",5,3,11,-0.0770907399139363,0.7097228118954,1,"drop"
"HPGD",5,3,11,-0.314684577524643,0.67170371890551,0.021474232837563,"drop"
"DCTN4",5,3,11,0.446971718634186,0.60603215860539,1,"drop"
"ACSL4",5,3,11,-0.288693859004883,0.565164480216768,1,"drop"
"KLRG1",5,3,11,-0.428128899760436,0.562328342504222,0.00340037215610413,"drop"
"RASA3",5,3,11,-0.0574878239326228,0.561331238421829,1,"drop"
"PHF20",5,3,11,-0.132761757268745,0.539242081333104,1,"drop"
"FBXO3",5,3,11,0.250207470058187,0.532476423008163,1,"drop"
"CREB1",5,3,11,-0.293738696133736,0.529493001958523,1,"drop"
"FAR1",5,3,11,-0.103559594729842,0.525953471623295,1,"drop"
"SMAD3",5,3,11,-0.187650039243245,0.517920113583877,1,"drop"
"TENT5C",5,3,11,0.422039093926596,0.515338182437337,1,"drop"
"YEATS4",5,3,11,0.298346902586006,0.50413028704437,1,"drop"
"SLC25A36",5,3,11,0.255836518807045,0.493304971873347,1,"drop"
"CASK",5,3,11,0.220126927123563,0.484402728520966,1,"drop"
"SUSD6",5,3,11,-0.095784014486672,0.453429950323418,1,"drop"
"USP3",5,3,11,0.0193063346835744,0.438365110849391,0.000853697662929056,"drop"
"FAM126B",5,3,11,0.0265039631940227,0.429145179002792,1,"drop"
"SDCCAG8",5,3,11,-0.130937829943608,0.424790064997417,1,"drop"
"SEPTIN2",5,3,11,-0.131142240429656,0.41989341441075,1,"drop"
"C20orf27",5,3,11,-0.0226756441881246,0.412025797235053,1,"drop"
"CLN5",5,3,11,0.291626171416445,0.409427474463698,1,"drop"
"EIF2B1",5,3,11,-0.0919593457232968,0.407592237300748,0.202477694462023,"drop"
"SACM1L",5,3,11,0.113785062482246,0.388954990386338,1,"drop"
"MRPL50",5,3,11,-0.0613597986825316,0.388104657109457,1,"drop"
"ZMYND11",5,3,11,-0.20554506317019,0.386954679448885,1,"drop"
"AC007952.4",5,3,10,-0.485499266723662,0.92474123763647,0.00454721962402363,"drop"
"RCHY1",5,3,10,-0.0137232893282374,0.665912165747643,1,"drop"
"CD83",5,3,10,0.508078882119582,0.650971768119508,0.00000000000000000000000556972042820951,"drop"
"TSC22D2",5,3,10,-0.100404558617369,0.626782835418039,0.0284733951763617,"drop"
"ATP9B",5,3,10,0.251273974183646,0.617045298858683,1,"drop"
"ZNF506",5,3,10,0.425406081088096,0.606053386787673,1,"drop"
"TNFRSF1B",5,3,10,-0.361380503522733,0.572714103981941,1,"drop"
"HELZ",5,3,10,0.238387915695781,0.567967428961664,1,"drop"
"PHACTR1",5,3,10,0.236480890807174,0.549600899270665,0.000118621966983795,"drop"
"CHCHD1",5,3,10,-0.317047543369516,0.545546602357803,1,"drop"
"TMEM107",5,3,10,-0.179953497840378,0.533836098347985,0.534424349781584,"drop"
"NAPG",5,3,10,0.0947224524628753,0.53272009987145,1,"drop"
"TUBB1",5,3,10,0.320298053284732,0.526900826039242,0.000072012188219532,"drop"
"BORCS6",5,3,10,-0.266391854816587,0.519281894983569,1,"drop"
"FCGRT",5,3,10,-0.183184508178566,0.514647249601165,0.00178408636057884,"drop"
"GNG2",5,3,10,-0.14901699704889,0.514645722797445,1,"drop"
"C12orf57",5,3,10,0.310450188892283,0.511965383616853,1,"drop"
"GCLM",5,3,10,-0.0943708476046553,0.50928602342278,1,"drop"
"NSMCE2",5,3,10,-0.176115258127557,0.50438683888473,1,"drop"
"RPS6KB1",5,3,10,-0.00400191364436411,0.501630500029289,1,"drop"
"LDLRAP1",5,3,10,-0.126040505121374,0.495508228907962,1,"drop"
"TYW5",5,3,10,0.251151842563122,0.492136396148562,1,"drop"
"IBTK",5,3,10,0.11056433873269,0.487507710481318,1,"drop"
"EIF4E",5,3,10,-0.0199130376650168,0.483683576245897,1,"drop"
"GANAB",5,3,10,-0.0366322400033382,0.480998108844479,1,"drop"
"GIMAP6",5,3,10,-0.406898446135283,0.480295416768508,1,"drop"
"ANAPC13",5,3,10,-0.261448756105826,0.48024117317689,1,"drop"
"OXR1",5,3,10,-0.0770653233498258,0.480093442389664,1,"drop"
"CMC1",5,3,10,-0.15905523567148,0.477519787229708,0.092013165692489,"drop"
"NCF4",5,3,10,-0.326764790865552,0.473457991722718,1,"drop"
"ISCA1",5,3,10,0.0432666870306981,0.470344837401522,1,"drop"
"CEBPZ",5,3,10,0.238449209841607,0.464109757513509,0.00000982107148708905,"drop"
"RBM48",5,3,10,0.274550863956828,0.460795189372654,1,"drop"
"METTL4",5,3,10,0.00845325481177631,0.455203340845433,1,"drop"
"PNPLA8",5,3,10,-0.0462448378381576,0.454612273852649,0.0615139291458251,"drop"
"YBEY",5,3,10,-0.152555598258393,0.452839179091009,1,"drop"
"MAP2K3",5,3,10,-0.142316396927582,0.448447796892106,0.0837715354691457,"drop"
"RAD17",5,3,10,-0.00507687016135419,0.446132542257653,1,"drop"
"ELMO1",5,3,10,0.139973364223091,0.445771693283492,1,"drop"
"ETV6",5,3,10,0.0132455374809988,0.439222297224166,1,"drop"
"SERINC1",5,3,10,0.0967045134826249,0.43532012816986,0.930098392047819,"drop"
"RNPC3",5,3,10,-0.0412235671534633,0.43414842656336,1,"drop"
"SCML4",5,3,10,0.0284160779550753,0.429116833593299,1,"drop"
"CLPX",5,3,10,-0.3685419559207,0.425441552061261,1,"drop"
"NUP42",5,3,10,-0.283055919799261,0.420221124122828,1,"drop"
"SLAIN2",5,3,10,-0.0344821911347302,0.418340522779741,1,"drop"
"CDC14A",5,3,10,0.101097410114611,0.417269196736829,1,"drop"
"RAB11B",5,3,10,-0.0625417458289943,0.415719872597763,1,"drop"
"PABPN1",5,3,10,0.154308241421033,0.415695722603879,1,"drop"
"TSTD1",5,3,10,0.258094071429935,0.414934048103433,0.00004245291435733,"drop"
"GOLPH3",5,3,10,-0.0429860047295419,0.405906815860288,1,"drop"
"DNAJC2",5,3,10,-0.150288312736726,0.401547932961485,1,"drop"
"MCRIP2",5,3,10,-0.0454874207310446,0.397716105903212,1,"drop"
"SUMO3",5,3,10,0.258867875326429,0.396135262494979,1,"drop"
"EXOC4",5,3,10,0.015863616893509,0.394652775997751,1,"drop"
"INO80E",5,3,10,-0.150536155948997,0.393036159275641,1,"drop"
"RAB22A",5,3,10,0.255540282962597,0.392261157822675,1,"drop"
"TRAPPC10",5,3,10,0.181479821672542,0.392178344354501,1,"drop"
"CHD2",5,3,10,0.0216237998237317,0.387809350013505,1,"drop"
"MRPS35",5,3,10,-0.246957187696505,0.387105921502066,1,"drop"
"ZNF428",5,3,10,-0.0326063309448048,0.385210848371125,1,"drop"
"LMBRD1",5,3,10,0.211851725545629,0.384479773951753,1,"drop"
"GYG1",5,3,10,-0.210677684224907,0.380662074856017,1,"drop"
"CNOT8",5,3,10,0.0654785453164887,0.379012857839767,1,"drop"
"VPS4A",5,3,10,0.179923447541011,0.378090487317197,1,"drop"
"PHF3",5,3,10,0.114722946532532,0.372475605638505,1,"drop"
"YTHDF2",5,3,10,0.0101601357942504,0.372211350511641,1,"drop"
"IDH2",5,3,10,-0.194809036697882,0.367310013585845,1,"drop"
"NR1H2",5,3,10,-0.12782849386372,0.367202674124245,1,"drop"
"ERCC5",5,3,10,-0.178990835365097,0.366248248961687,1,"drop"
"MTMR9",5,3,10,0.0878342554244002,0.363695584015515,1,"drop"
"DUSP22",5,3,10,-0.0688231128272423,0.363502492577827,1,"drop"
"PPP1R11",5,3,10,-0.203774845879973,0.361762664248891,1,"drop"
"MAN1A2",5,3,10,-0.00725780625500079,0.350789459226917,1,"drop"
"BDP1",5,3,10,-0.030416600991625,0.329106499147865,1,"drop"
"DNAJC9",5,3,10,0.0900881331744436,0.313735007286521,1,"drop"
"SFSWAP",5,3,10,0.0734059396935807,0.313402319879555,1,"drop"
"IFI44",5,2,9,1.85933205597998,1.85933205597998,0.00000000123263834309352,"drop"
"NFKBID",5,3,9,0.709825118468398,0.872641102587147,0.0363953398480331,"drop"
"RGS18",5,2,9,0.469576391060407,0.823370841561166,0.0184019672722106,"drop"
"TXK",5,3,9,-0.650593398702745,0.794621101217258,0.0349101854950363,"drop"
"IRAK3",5,3,9,-0.459644828049322,0.778675684203051,0.0000000000000463107690137045,"drop"
"CLEC12A",5,3,9,-0.430495825658116,0.746013624963925,0.0160740405835364,"drop"
"GBP3",5,3,9,0.0262760271591242,0.66567400408754,1,"drop"
"ILK",5,3,9,-0.340898491591945,0.662315272480568,0.150245490819779,"drop"
"GALC",5,3,9,0.0167427619509288,0.659698274170485,1,"drop"
"TIFA",5,3,9,-0.373251285673791,0.649518408161965,0.556221491324248,"drop"
"CCDC71L",5,3,9,-0.0438733369585374,0.630102372094912,0.00258845566540772,"drop"
"TCIRG1",5,3,9,-0.616688576765309,0.616688576765309,0.291556256777818,"drop"
"XPO4",5,3,9,0.0694973834781742,0.613080286307857,1,"drop"
"FCMR",5,3,9,0.269254524421889,0.609485419434388,0.00117058056656722,"drop"
"SPNS3",5,3,9,0.27933630510522,0.598998642526572,1,"drop"
"TAF8",5,3,9,-0.307866408512691,0.586890261374905,1,"drop"
"YARS",5,3,9,-0.0511309524911997,0.577394260403207,1,"drop"
"MAEA",5,3,9,-0.437499046321168,0.577083280077255,1,"drop"
"ANKRD28",5,3,9,-0.150997145289275,0.573942606809489,0.00357153406624618,"drop"
"AL034397.3",5,3,9,-0.563451566612744,0.563451566612744,0.00010550454570293,"drop"
"ITM2C",5,3,9,-0.0142846693635052,0.562670215338907,0.247307412530419,"drop"
"FCER1G",5,3,9,-0.338433350963936,0.55948276057104,0.414783691862487,"drop"
"BTG3",5,3,9,0.399957607922941,0.555937947092203,1,"drop"
"ANXA2",5,3,9,-0.475788745613522,0.555021434366691,0.000150294636290012,"drop"
"LGALS1",5,3,9,-0.260024404250063,0.554651134889394,0.00000000000115772731209551,"drop"
"PTPN12",5,3,9,-0.0793647654498869,0.554415696179587,1,"drop"
"TBXAS1",5,3,9,-0.485698651016156,0.55308021613341,1,"drop"
"SMARCA4",5,3,9,-0.263048445732175,0.552604716146931,1,"drop"
"MCTP2",5,3,9,0.0177449284529789,0.548373843762091,0.000106813704126664,"drop"
"METTL7A",5,3,9,-0.400238508389579,0.54253669521963,0.0106832812795505,"drop"
"ERO1A",5,3,9,-0.191692671162529,0.541700113443317,1,"drop"
"TRIM73",5,3,9,0.296413418913097,0.538986037132011,1,"drop"
"NHSL2",5,3,9,0.193186218584448,0.533675424374573,1,"drop"
"TMEM161B",5,3,9,0.0562366409146522,0.532930711117264,1,"drop"
"MRPS34",5,3,9,-0.304837252837026,0.529293604783987,1,"drop"
"SSR3",5,3,9,-0.114180700652221,0.528688949434581,1,"drop"
"ZYG11B",5,3,9,-0.00829090269288246,0.526366483706282,1,"drop"
"NXF1",5,3,9,0.249610736015872,0.525217653970187,1,"drop"
"ASAH1",5,3,9,-0.183721235479875,0.522709741407611,0.00000000000425898960829397,"drop"
"AC087190.1",5,3,9,0.447494883570935,0.521062893443464,1,"drop"
"B3GALT4",5,3,9,-0.349472867475321,0.519542139662122,1,"drop"
"AFG3L2",5,3,9,-0.0221542241187598,0.517218217192541,1,"drop"
"NFIL3",5,3,9,0.0286001682824473,0.516307272809574,0.648247289445239,"drop"
"PLA2G12A",5,3,9,-0.204365055985939,0.514309054950916,1,"drop"
"SKA2",5,3,9,-0.301922437235317,0.512161422051436,1,"drop"
"NUP62",5,3,9,0.14125026044644,0.510354256459689,1,"drop"
"ARHGAP9",5,3,9,-0.312230552611816,0.507850318434691,1,"drop"
"ACOX1",5,3,9,0.0777839613237468,0.506407278304809,0.000103054956248784,"drop"
"ZNF143",5,3,9,-0.17158946823007,0.505800163511671,1,"drop"
"AASDHPPT",5,3,9,-0.27785993229805,0.503194778218062,1,"drop"
"PARN",5,3,9,0.0102996354298808,0.499189887862403,1,"drop"
"BICRAL",5,3,9,-0.00254603836588934,0.498918426726333,1,"drop"
"USP12",5,3,9,0.497485374600123,0.497485374600123,1,"drop"
"THOC6",5,3,9,0.054191327349779,0.497098448521674,1,"drop"
"AC092338.3",5,3,9,0.348198728258333,0.49602494824175,1,"drop"
"NOA1",5,3,9,-0.431245080250645,0.495419379316697,0.0795117936963301,"drop"
"ZFP90",5,3,9,-0.176795715466842,0.494516545669734,1,"drop"
"CTSW",5,3,9,-0.0231259162009699,0.494320704092274,0.00692033145704545,"drop"
"MRPS11",5,3,9,-0.428889628473727,0.491827827194399,1,"drop"
"MAT2B",5,3,9,-0.208601799078152,0.491588153000871,1,"drop"
"OSGEP",5,3,9,-0.122963723970685,0.491011560116343,1,"drop"
"GOLGA8B",5,3,9,0.135093729311072,0.490930092681203,1,"drop"
"ELOA",5,3,9,-0.00238528918563888,0.490886269835704,0.00846276109116807,"drop"
"FAM117B",5,3,9,-0.0215056935709173,0.489606258257697,1,"drop"
"GGA1",5,3,9,0.0217534029542692,0.489344808491835,1,"drop"
"THAP5",5,3,9,-0.0397568390657419,0.488855821399127,1,"drop"
"MAP4K5",5,3,9,0.1768273899782,0.487852773035651,1,"drop"
"RSF1",5,3,9,-0.168918411812566,0.487605039783806,1,"drop"
"DPEP2",5,3,9,-0.0535158646973698,0.484637513825676,1,"drop"
"ABHD16A",5,3,9,-0.245617434758707,0.482885164920414,1,"drop"
"UBQLN2",5,3,9,0.179526821942916,0.481494221925002,1,"drop"
"KLF2",5,3,9,-0.0395249125065317,0.480355738687601,0.000206366495400961,"drop"
"IL6R",5,3,9,-0.250602437905413,0.4800086761553,0.0000107441256724516,"drop"
"CREBBP",5,3,9,0.0986744280044054,0.475436992368268,1,"drop"
"AC027644.3",5,3,9,0.0204563475478503,0.47532958686902,1,"drop"
"AKIRIN2",5,3,9,-0.111852607450467,0.474090726106134,1,"drop"
"ELMSAN1",5,3,9,0.110647116598678,0.472599984494402,1,"drop"
"SLC38A1",5,3,9,-0.105599388150031,0.471592267633212,1,"drop"
"ATF7IP",5,3,9,0.0497181582448601,0.470991749365476,1,"drop"
"DNAJC30",5,3,9,-0.191185464613255,0.465357573996805,1,"drop"
"MAP3K4",5,3,9,0.042046188599686,0.465302484494201,1,"drop"
"AC108863.2",5,3,9,0.359776056142939,0.464125755153284,1,"drop"
"NPAT",5,3,9,-0.28411448794518,0.463345324763936,1,"drop"
"FAM50A",5,3,9,-0.31320619684263,0.462444394372898,1,"drop"
"MRPS28",5,3,9,-0.386572050254629,0.45648711482494,0.00198405010324254,"drop"
"TRIM52",5,3,9,-0.107145748111503,0.455460110799408,1,"drop"
"PYM1",5,3,9,-0.0286046859120301,0.454247928057017,1,"drop"
"PTMS",5,3,9,-0.139849453023242,0.453901650519202,1,"drop"
"ACBD5",5,3,9,0.263995720498752,0.452254975769379,1,"drop"
"FAM111A",5,3,9,0.0667088253784842,0.451964726793683,1,"drop"
"PFDN6",5,3,9,0.0663892509261334,0.449093370603759,1,"drop"
"AC025164.1",5,3,9,0.0202734537520711,0.447970681886217,1,"drop"
"SNHG30",5,3,9,-0.37516908837947,0.44764278999741,1,"drop"
"CCNG2",5,3,9,0.296571747628852,0.443648707023213,1,"drop"
"RAP1GDS1",5,3,9,0.031496231865735,0.443554494793729,1,"drop"
"LAMTOR2",5,3,9,-0.225473013994774,0.442980289722164,1,"drop"
"SF3B3",5,3,9,-0.30234048199737,0.441895091980526,1,"drop"
"RIPOR2",5,3,9,-0.0247968196477482,0.438793054757908,0.0000000000214930299362594,"drop"
"SCAF4",5,3,9,0.201424972835109,0.437355810963695,1,"drop"
"STXBP2",5,3,9,-0.257770067880165,0.437082841257994,1,"drop"
"UROS",5,3,9,-0.365055691361758,0.43560854485099,1,"drop"
"CTDSPL2",5,3,9,0.134344682553291,0.435267377179599,1,"drop"
"GPR171",5,3,9,-0.356234837058342,0.434026759997163,1,"drop"
"ODC1",5,3,9,0.113248088135476,0.433559356983668,1,"drop"
"EXOSC6",5,3,9,0.289390902405497,0.433450159404473,1,"drop"
"NUP153",5,3,9,0.0207691299535391,0.433347533317102,1,"drop"
"DENND11",5,3,9,0.137709710411944,0.431329334372556,1,"drop"
"NSF",5,3,9,0.00149549422616443,0.430889477935783,1,"drop"
"SNHG1",5,3,9,0.0496690732049139,0.43024191288211,1,"drop"
"ZBTB11",5,3,9,0.227681787748439,0.429855311270274,1,"drop"
"SDF2",5,3,9,-0.246860449420503,0.427926054914422,1,"drop"
"SIKE1",5,3,9,-0.139140895171295,0.425965741879848,1,"drop"
"HLA-DQA1",5,3,9,-0.0206646135455697,0.425536922684323,1,"drop"
"LINC01089",5,3,9,0.250199491948395,0.425483794578022,1,"drop"
"DDX3X",5,3,9,0.0944514981120494,0.424473141998481,0.871632330137341,"drop"
"SNHG25",5,3,9,0.361610900973501,0.422827514495063,1,"drop"
"DCTN1",5,3,9,0.113686675066599,0.41986388522854,1,"drop"
"NCOA2",5,3,9,-0.152238369408091,0.418332749865942,1,"drop"
"C2orf49",5,3,9,0.0846896242738539,0.41575455884076,1,"drop"
"PLP2",5,3,9,-0.250740700692153,0.414559902026564,0.000586054317190519,"drop"
"MAP3K12",5,3,9,0.267237004852808,0.413399213874731,1,"drop"
"DCUN1D5",5,3,9,-0.107282226167425,0.412403330522581,1,"drop"
"ZFP91",5,3,9,0.194606223253912,0.41220687875186,1,"drop"
"MAP3K5",5,3,9,-0.197639871093276,0.410981214407691,1,"drop"
"GPI",5,3,9,-0.0972702145923386,0.410366274190746,1,"drop"
"FBXW5",5,3,9,-0.209525771913987,0.410210852957059,0.663017986090966,"drop"
"LAMP2",5,3,9,-0.20607428680378,0.4093721298166,1,"drop"
"TMEM165",5,3,9,-0.0756213760514548,0.409014832983826,1,"drop"
"SAMD8",5,3,9,0.269276052293471,0.408838241613864,1,"drop"
"SLCO3A1",5,3,9,0.119564846820673,0.407707380382039,1,"drop"
"IFNGR2",5,3,9,0.0152304297197106,0.407572688650127,0.000710914512563964,"drop"
"SLC39A10",5,3,9,0.133489615584639,0.407369357065611,0.492273978573752,"drop"
"RIF1",5,3,9,-0.10932898601675,0.407301526382265,1,"drop"
"ATP11B",5,3,9,0.0154994286508887,0.406285350486751,1,"drop"
"CEP350",5,3,9,0.075913531305962,0.405442666616141,1,"drop"
"ARF3",5,3,9,0.314520648744468,0.405267758532049,1,"drop"
"PSPC1",5,3,9,0.0365754480183807,0.404558415797821,1,"drop"
"ASF1A",5,3,9,-0.340167309530113,0.40418299290257,0.112678192045573,"drop"
"RPIA",5,3,9,-0.236527631443517,0.40418052672109,1,"drop"
"SART3",5,3,9,-0.192760367461947,0.401745975756802,1,"drop"
"KANSL1",5,3,9,0.105392469731263,0.401534852435764,1,"drop"
"AC009107.2",5,3,9,-0.0430030661631271,0.401020556569172,1,"drop"
"ERP44",5,3,9,-0.266046306235158,0.399345591000357,1,"drop"
"HNRNPL",5,3,9,0.149678549406289,0.398761382569443,1,"drop"
"SRFBP1",5,3,9,-0.193341005715056,0.398332201894831,1,"drop"
"TUBB",5,3,9,0.014558420989544,0.397780450435129,0.00883133369920474,"drop"
"CCNY",5,3,9,0.0442610449451549,0.39702967130961,1,"drop"
"CYHR1",5,3,9,-0.337096011555366,0.395156892559213,1,"drop"
"GALNT1",5,3,9,0.26291650463196,0.392725807385408,1,"drop"
"PIK3AP1",5,3,9,0.00335996043669056,0.392133400088606,1,"drop"
"TMEM248",5,3,9,-0.0196936699679283,0.391704760074589,1,"drop"
"DTD1",5,3,9,-0.081987956548417,0.390173840512465,1,"drop"
"SINHCAF",5,3,9,-0.175893403725296,0.39013372031626,0.254369821087526,"drop"
"RBM23",5,3,9,0.0595888271224645,0.386553011978281,1,"drop"
"PLSCR3",5,3,9,-0.0742424204961109,0.385229158474959,1,"drop"
"CUEDC2",5,3,9,-0.0640327498695189,0.383685790984204,1,"drop"
"RBM17",5,3,9,-0.0255927964243471,0.383476115648893,1,"drop"
"ISY1",5,3,9,-0.0447317088818597,0.383162171310166,1,"drop"
"CLPTM1L",5,3,9,0.0703628803706788,0.379856068294225,1,"drop"
"CEPT1",5,3,9,-0.290991696858877,0.379144417003616,1,"drop"
"AHCYL1",5,3,9,-0.286919470874906,0.37808193226197,1,"drop"
"CCDC69",5,3,9,-0.00864248646575311,0.377839343363085,1,"drop"
"STAMBP",5,3,9,-0.199044467732695,0.375806792407545,1,"drop"
"CPT1A",5,3,9,-0.301893434195974,0.375129293650985,0.0142154645341892,"drop"
"HNRNPUL2",5,3,9,0.171970242606177,0.374773222132203,1,"drop"
"ITPR2",5,3,9,0.049269041830554,0.370687873510307,1,"drop"
"KPNA4",5,3,9,0.120960837707287,0.370194142212576,1,"drop"
"RBM26",5,3,9,0.111886449728127,0.365262610236932,1,"drop"
"CCDC124",5,3,9,-0.222518684320477,0.364583427215843,1,"drop"
"ME2",5,3,9,-0.00629459840584035,0.364570653909401,1,"drop"
"NMD3",5,3,9,0.0370445519066384,0.364162390159807,1,"drop"
"TERF2IP",5,3,9,0.240099496321167,0.363111514516305,1,"drop"
"SRP19",5,3,9,-0.0627360234360572,0.362928038307546,1,"drop"
"C19orf25",5,3,9,-0.178582428942391,0.362326605684981,1,"drop"
"ADAM8",5,3,9,0.0683835234008511,0.35991370185841,1,"drop"
"ARID1B",5,3,9,0.260794487501845,0.359373612006384,1,"drop"
"PAFAH1B1",5,3,9,-0.120726868914975,0.357198102931817,1,"drop"
"CCNG1",5,3,9,-0.297552293440785,0.354023218892742,1,"drop"
"ARRB2",5,3,9,0.0383070652681157,0.351645831929655,1,"drop"
"ZNF639",5,3,9,0.272752512966002,0.348734308333999,1,"drop"
"NRDE2",5,3,9,0.112880304484336,0.346226643287383,1,"drop"
"ASH1L",5,3,9,-0.0382010772498779,0.344391728931093,1,"drop"
"SPAG7",5,3,9,-0.133718627979429,0.341387557501477,1,"drop"
"CASD1",5,3,9,-0.0118756522369362,0.34011177288287,1,"drop"
"UBA2",5,3,9,-0.130677825304018,0.339691857940349,1,"drop"
"BMI1",5,3,9,-0.036543906294512,0.334748229334791,1,"drop"
"PTPRE",5,3,9,-0.11286518504165,0.332092030666964,1,"drop"
"INTS10",5,3,9,-0.186579293307388,0.330634595452098,1,"drop"
"IL2RG",5,3,9,0.100455122878493,0.327474527007757,1,"drop"
"DNAJC4",5,3,9,-0.24927296943565,0.323430905928815,1,"drop"
"ATP2B4",5,3,9,-0.0248036191674482,0.322124681895544,1,"drop"
"RHOG",5,3,9,-0.0808619296646027,0.305457482976909,1,"drop"
"SAP30",5,3,8,-0.78763360097694,1.13134070051103,0.00000000000000000000000000000000000000000510778843762495,"drop"
"RUNX2",5,3,8,0.0527712472010508,0.885551797562468,1,"drop"
"C16orf72",5,3,8,0.0146022097654428,0.858071564764937,1,"drop"
"CRK",5,3,8,-0.629221567581572,0.835924069097413,0.00016357110700929,"drop"
"APAF1",5,3,8,0.266107840516908,0.797687429727108,0.00114614718888209,"drop"
"PRMT9",5,2,8,-0.0459055833451635,0.766505857478898,0.210758525825847,"drop"
"NSRP1",5,3,8,0.477455117614168,0.738150677474709,1,"drop"
"DDX58",5,3,8,0.330170360410475,0.731278987262727,0.0470797696404017,"drop"
"LMO4",5,3,8,-0.651063092387687,0.715747240417575,1,"drop"
"TSPAN32",5,3,8,-0.705886070344588,0.705886070344588,1,"drop"
"FAM49A",5,3,8,0.386915734391908,0.698718795118323,1,"drop"
"POLR3K",5,3,8,-0.281994040674209,0.691343034581185,0.126970883190331,"drop"
"RCAN3",5,2,8,0.66440018306179,0.66440018306179,1,"drop"
"B4GALT4",5,3,8,-0.0108958717820705,0.654869738081382,0.00196182792674066,"drop"
"AC092821.3",5,3,8,0.649169924719098,0.649169924719098,1,"drop"
"STK17B",5,3,8,0.64835219229574,0.64835219229574,0.00838765519100372,"drop"
"RAB5B",5,3,8,-0.0311520174578325,0.639764090150035,1,"drop"
"EEFSEC",5,3,8,-0.475026824038038,0.615391495217902,1,"drop"
"KPNA1",5,3,8,-0.475380206468861,0.612045465419274,1,"drop"
"ZNF518A",5,3,8,-0.208054969835025,0.610396598007253,1,"drop"
"RAB29",5,3,8,0.230076880169055,0.60365567677112,1,"drop"
"FAM118A",5,3,8,0.493832894911982,0.593248929227133,1,"drop"
"TLE1",5,3,8,-0.35090263209711,0.592197468344739,0.000239690022963776,"drop"
"GAB2",5,3,8,-0.305435414012261,0.588432019832507,1,"drop"
"PNO1",5,3,8,0.0735602217119141,0.587874364198692,1,"drop"
"MAN2B1",5,3,8,-0.587460760046928,0.587460760046928,1,"drop"
"LPP",5,3,8,0.504904779865485,0.584934333613612,1,"drop"
"PPIE",5,2,8,-0.132566372199747,0.583649070786372,1,"drop"
"HELB",5,3,8,0.197058523827658,0.571817826652568,1,"drop"
"PTPRJ",5,3,8,0.320924213120035,0.56798051607723,1,"drop"
"GOLGA2",5,3,8,-0.110992955769572,0.561735793017431,1,"drop"
"CEP135",5,3,8,0.305588344335069,0.560609530849863,1,"drop"
"CD58",5,3,8,-0.0986928465696673,0.560426498639605,1,"drop"
"ATP6V0B",5,3,8,-0.482913089493889,0.549663545021977,1,"drop"
"TNFSF8",5,2,8,-0.54513225711597,0.54513225711597,0.00436242423437758,"drop"
"DAPP1",5,3,8,0.132358268186932,0.544472591014734,1,"drop"
"CLCN3",5,3,8,0.116089774008855,0.540085116832093,1,"drop"
"BORCS5",5,3,8,0.121552494222201,0.536578901951482,0.165454557997111,"drop"
"SNHG12",5,3,8,-0.332157152848452,0.535936839031551,1,"drop"
"FAM126A",5,3,8,0.111540731846514,0.535322859655326,1,"drop"
"HAGH",5,3,8,-0.396128834331155,0.531646457970283,1,"drop"
"DGKZ",5,3,8,-0.435125415436528,0.529913359173091,1,"drop"
"ATP2A3",5,3,8,0.145457443294959,0.528320520695881,1,"drop"
"HAUS6",5,3,8,-0.0493419036396659,0.526803251344787,1,"drop"
"WDR33",5,3,8,0.0303902169822761,0.521580966767192,0.000594741227436384,"drop"
"GPATCH2L",5,3,8,-0.141360106794247,0.520154907592597,1,"drop"
"ARFGAP2",5,3,8,-0.19513494248192,0.516629371349286,1,"drop"
"NAA16",5,3,8,0.187893815450429,0.515590082364554,1,"drop"
"ANXA5",5,3,8,-0.417401953557219,0.51515613555304,0.176995462547502,"drop"
"TAF1",5,3,8,-0.162708489529845,0.513758577665879,1,"drop"
"TMEM242",5,3,8,-0.113434051076761,0.512905668139672,1,"drop"
"ERGIC2",5,3,8,0.267887373820525,0.512517843057286,1,"drop"
"PEX1",5,3,8,0.0797340685836044,0.511257952596565,1,"drop"
"ASXL1",5,3,8,0.23507114499092,0.509444757934487,1,"drop"
"CCNQ",5,3,8,-0.50747309676118,0.50747309676118,1,"drop"
"TFG",5,3,8,-0.26953179103824,0.5066757789276,1,"drop"
"EID2",5,3,8,0.234633513376522,0.506506678486739,1,"drop"
"PRDX3",5,3,8,-0.293400960574999,0.505919129257093,1,"drop"
"KPNA3",5,3,8,-0.0361231775789768,0.50407776842941,1,"drop"
"SDHAF2",5,3,8,-0.14226427641427,0.504065444760245,1,"drop"
"PHYKPL",5,3,8,0.16825935199387,0.504059014868256,1,"drop"
"ARHGAP26",5,3,8,-0.146203945959415,0.502686600003411,1,"drop"
"MCRS1",5,3,8,-0.374986368740304,0.501940682518603,1,"drop"
"CCDC92",5,3,8,0.347413425870572,0.500961618312152,1,"drop"
"CASP8",5,3,8,-0.0601806705360184,0.500165591383284,0.000520718741183438,"drop"
"ZNF410",5,3,8,0.151440737753468,0.499667432834165,1,"drop"
"DNPH1",5,3,8,0.119404333958202,0.496589335951919,1,"drop"
"BTBD1",5,3,8,-0.0555906234153019,0.493876706164321,1,"drop"
"HSH2D",5,3,8,0.318999154966968,0.493614035227629,0.0491175458356109,"drop"
"ZDHHC3",5,3,8,-0.31553144087715,0.492739368727106,1,"drop"
"FAM192A",5,3,8,-0.109084205552305,0.49216693523409,1,"drop"
"C16orf91",5,2,8,0.203749453773163,0.491657395870545,1,"drop"
"CYB5R4",5,3,8,-0.346154030167682,0.491148391091935,1,"drop"
"OSTM1",5,3,8,-0.0287126243376523,0.488512904288627,1,"drop"
"PRDX4",5,3,8,-0.303333356358064,0.486870601449877,0.45071710577798,"drop"
"RUVBL1",5,3,8,-0.323548930966918,0.483645563870481,1,"drop"
"GSPT1",5,3,8,-0.240151061471218,0.483401929047058,0.00573679069014556,"drop"
"RHEB",5,3,8,0.0817445747283019,0.483059006867868,1,"drop"
"BSG",5,3,8,0.224760890772383,0.482974868759395,1,"drop"
"ALDH9A1",5,3,8,-0.3053624070603,0.47971472115656,1,"drop"
"CLIC1",5,3,8,-0.400558982296328,0.479563896277716,0.00000065000776374223,"drop"
"TRAPPC5",5,3,8,-0.2256109397738,0.476264501634977,1,"drop"
"FBXW11",5,3,8,-0.161976654510338,0.473822020103933,1,"drop"
"MYC",5,3,8,-0.1988542434988,0.473808021858365,1,"drop"
"ZRANB1",5,3,8,0.133798982285753,0.471729301933158,1,"drop"
"BAZ2A",5,3,8,0.318559992555301,0.470077755593094,1,"drop"
"PRKX",5,3,8,-0.0335020204777276,0.469670829064866,1,"drop"
"ADK",5,3,8,0.0125082139965357,0.468127478987028,1,"drop"
"MCM3AP",5,3,8,-0.280305340738243,0.467230167907681,1,"drop"
"NPHP3",5,3,8,-0.00700644688877849,0.466445124807801,1,"drop"
"TMIGD2",5,3,8,-0.127559168629227,0.46393788035196,0.00000000344621365370798,"drop"
"ADD1",5,3,8,0.230390536777662,0.463713229906987,1,"drop"
"UPF3B",5,3,8,-0.0530081431726968,0.463533244131284,1,"drop"
"SRSF4",5,3,8,-0.29993809346313,0.460313065118189,1,"drop"
"SUZ12",5,3,8,0.0572692444932902,0.458971594169363,1,"drop"
"ZNF394",5,3,8,0.280848648084902,0.458936462584008,1,"drop"
"TRABD",5,3,8,-0.307498900004636,0.454620991594141,1,"drop"
"MXD1",5,3,8,0.387855096530364,0.454333472210992,1,"drop"
"TGFBR2",5,3,8,0.195026320201378,0.453911505806535,1,"drop"
"CDC26",5,3,8,-0.386776446401471,0.45389320125959,1,"drop"
"CENPK",5,3,8,-0.104742724866025,0.452577580580594,1,"drop"
"TYROBP",5,3,8,0.0266572808464375,0.449880538298995,0.00133175671808688,"drop"
"PPP1R35",5,2,8,-0.0556150851949545,0.449784133975539,1,"drop"
"LRP10",5,3,8,-0.301224561995736,0.449176122586284,1,"drop"
"OTULINL",5,3,8,-0.0909144633177721,0.448825194576656,1,"drop"
"ECHDC1",5,3,8,-0.0915656576733661,0.44869353992536,1,"drop"
"RFTN1",5,3,8,-0.000850318542563885,0.446846683159805,1,"drop"
"HPS3",5,3,8,-0.0912774839865194,0.445935260607342,1,"drop"
"FYN",5,3,8,0.155958045067995,0.445781808189295,0.122173877197662,"drop"
"ARRDC1",5,3,8,-0.445458781302411,0.445458781302411,1,"drop"
"TINF2",5,3,8,-0.0346560707387752,0.445064749046206,1,"drop"
"ORAI2",5,3,8,-0.215630705607888,0.444918109658836,1,"drop"
"PDHA1",5,3,8,-0.144174423235694,0.444661862108489,1,"drop"
"SRRT",5,3,8,0.0518599530295479,0.442437557427323,1,"drop"
"ZNF708",5,3,8,-0.222802212735497,0.442039753137816,1,"drop"
"SLF2",5,3,8,-0.186617654669706,0.439872684458034,1,"drop"
"CEP68",5,3,8,0.21055509283767,0.438254593993355,1,"drop"
"C8orf76",5,3,8,0.00393435556415413,0.437835362744339,1,"drop"
"G3BP2",5,3,8,0.155274402592666,0.43757943219599,0.500767831079509,"drop"
"PREX1",5,3,8,-0.265675039867872,0.437207939568202,0.0353282269680694,"drop"
"CNOT9",5,3,8,0.085582652748564,0.43675383392692,1,"drop"
"KDM2B",5,3,8,0.182343982800345,0.436598367415705,1,"drop"
"CCDC93",5,3,8,-0.357822314430318,0.435615138451728,1,"drop"
"CARD11",5,3,8,0.0679001680255415,0.434419873268921,1,"drop"
"HARS",5,3,8,-0.327524581186507,0.434170580381527,1,"drop"
"STX16",5,3,8,0.132294843028357,0.433578448582535,1,"drop"
"RAB2B",5,3,8,0.178692908204499,0.43238552398024,1,"drop"
"DNAJC1",5,2,8,-0.325734234411923,0.43235865973894,1,"drop"
"FAM172A",5,3,8,0.191798190057278,0.432247994177626,1,"drop"
"TRPS1",5,2,8,0.263218230489007,0.431128829762394,1,"drop"
"GNAI3",5,3,8,-0.108091823421649,0.429275668056563,0.501714094056709,"drop"
"RMND5A",5,3,8,-0.107517111424208,0.426693301412151,1,"drop"
"PPA2",5,3,8,0.0563766265872851,0.425886687074878,1,"drop"
"ICE2",5,3,8,-0.0782571306387921,0.424767953718167,1,"drop"
"BLCAP",5,3,8,-0.0450594255709625,0.424248564997819,1,"drop"
"NMRAL1",5,2,8,-0.423331967521989,0.423331967521989,1,"drop"
"LAT",5,3,8,0.172386177457445,0.423193519531279,1,"drop"
"CTCF",5,3,8,-0.0772314087013779,0.422646741473293,1,"drop"
"POLR2A",5,3,8,-0.00689604278051337,0.421684352182006,1,"drop"
"NABP1",5,3,8,-0.206765150895187,0.4213831107208,1,"drop"
"SARS",5,3,8,-0.420574983198994,0.420574983198994,1,"drop"
"PPP1CA",5,3,8,-0.155302784109792,0.418561861054429,1,"drop"
"DDAH2",5,3,8,-0.0142270200193737,0.418124911275566,1,"drop"
"WDR6",5,3,8,0.0173719153943165,0.417071452744561,1,"drop"
"FRG1",5,3,8,-0.0589259423690634,0.41673429112151,1,"drop"
"CCDC32",5,3,8,-0.149219951853335,0.416359824544259,0.00882609557472074,"drop"
"CDKN2AIP",5,3,8,-0.272874058820076,0.416045121226326,1,"drop"
"GTF2H5",5,2,8,-0.329999559671997,0.415805468482108,1,"drop"
"MAN1A1",5,3,8,0.134668121473621,0.415579252881975,1,"drop"
"MAF",5,3,8,0.187291912239059,0.414535563840784,1,"drop"
"NOL12",5,3,8,-0.202208258191859,0.414497287653071,1,"drop"
"GPRIN3",5,3,8,-0.0316236397699667,0.413240136139299,1,"drop"
"DPM2",5,3,8,-0.0166235782582667,0.412710161118227,1,"drop"
"TAF7",5,2,8,-0.321340998506461,0.412620115953031,1,"drop"
"SEPTIN11",5,3,8,0.000392957653273629,0.411652907320241,1,"drop"
"HSD17B4",5,3,8,-0.342149780376114,0.410259345847114,1,"drop"
"RAP2C",5,3,8,0.226135654783427,0.409888695639712,1,"drop"
"AIMP1",5,3,8,0.222543828145192,0.409310962651375,1,"drop"
"WDR1",5,3,8,-0.227534807378459,0.409196481086198,1,"drop"
"UPF3A",5,3,8,-0.0515198976244846,0.409090656989145,1,"drop"
"CYSLTR1",5,3,8,-0.232103992383062,0.406919099156252,1,"drop"
"MRPS26",5,3,8,-0.25007872719315,0.405981089950882,1,"drop"
"PFDN1",5,3,8,-0.0764514722676095,0.404236298153969,1,"drop"
"HDAC3",5,3,8,-0.219166573438943,0.404037142356607,1,"drop"
"ANKZF1",5,3,8,-0.30379245552364,0.40329108661702,1,"drop"
"NUDT21",5,3,8,0.162857772344982,0.402989732767203,1,"drop"
"LRMP",5,3,8,0.186338262540669,0.402966401040255,1,"drop"
"ZNF292",5,3,8,0.0784805257881241,0.402510427696968,0.297298552426627,"drop"
"NME1",5,3,8,0.126100656601719,0.401615832203029,1,"drop"
"SPG7",5,2,8,-0.00702265517803174,0.4008924551824,1,"drop"
"NAAA",5,3,8,-0.128469022350691,0.400728357815062,1,"drop"
"LMBR1L",5,3,8,-0.15635439301217,0.400079062461427,1,"drop"
"SMIM10L1",5,3,8,-0.266109230561295,0.399904512169366,1,"drop"
"IRAK1",5,3,8,0.00972166938717827,0.399863330275546,1,"drop"
"EFHD2",5,3,8,-0.132895367471817,0.399059879489663,0.270703351300919,"drop"
"ESCO1",5,3,8,0.035790406495125,0.398904520945165,1,"drop"
"MPRIP",5,3,8,-0.150702749052963,0.398865021768248,1,"drop"
"PRDM2",5,3,8,0.0120165178304974,0.398163675060394,1,"drop"
"TBRG1",5,3,8,-0.119029599375199,0.397913396458781,1,"drop"
"NTMT1",5,3,8,-0.170319021440556,0.395822859351321,1,"drop"
"HTATIP2",5,3,8,-0.0658072212712296,0.395702544459663,1,"drop"
"FYTTD1",5,3,8,0.255868107701709,0.395175815863429,1,"drop"
"RCOR3",5,3,8,0.164395267784997,0.39478136819628,1,"drop"
"VRK3",5,2,8,-0.0298486570242157,0.394069302648679,1,"drop"
"ZNF106",5,3,8,-0.0467872102290384,0.393103481493963,1,"drop"
"GCA",5,3,8,-0.315630839189654,0.392747615455509,0.000012148436102496,"drop"
"COX20",5,3,8,0.11015019481831,0.392176033366426,1,"drop"
"RPA1",5,3,8,-0.0300670149697912,0.39055870215539,1,"drop"
"PDE7A",5,3,8,-0.389431130365736,0.389431130365736,1,"drop"
"GRK6",5,3,8,-0.124502503970205,0.388654818051816,1,"drop"
"SLC3A2",5,3,8,-0.217802818449558,0.387993922446576,0.0964478374817092,"drop"
"EXOC3",5,3,8,-0.192934051582617,0.387422373166951,1,"drop"
"HBS1L",5,3,8,-0.134636668663901,0.387147144065484,1,"drop"
"PRH1",5,3,8,-0.00273759912199239,0.386864277556215,1,"drop"
"LETMD1",5,3,8,-0.00554253773301939,0.386569026117182,1,"drop"
"MICU2",5,3,8,-0.114165172821106,0.385422615263644,0.0655095345518394,"drop"
"SDHAF3",5,3,8,-0.245397303451345,0.385020903977038,1,"drop"
"GOLGA7",5,3,8,-0.116510468053418,0.384017259590613,1,"drop"
"UBA3",5,3,8,-0.0320581339225281,0.383964567966832,1,"drop"
"PTCD3",5,3,8,0.0114714289666895,0.383062369384322,1,"drop"
"LSM10",5,3,8,-0.234631951087936,0.382249646342264,0.00000153899808243087,"drop"
"ITFG2",5,3,8,-0.15609892907532,0.381808466015776,1,"drop"
"SERPINB9",5,3,8,-0.0657037676182647,0.381570500457248,1,"drop"
"MCFD2",5,3,8,-0.0129673960040244,0.381568248097202,1,"drop"
"KRR1",5,3,8,0.0811178007929653,0.380949851047132,1,"drop"
"CDC42SE2",5,3,8,0.237995090018668,0.380861550105016,0.89154969884029,"drop"
"COPB1",5,3,8,-0.297634107587548,0.379872111721105,1,"drop"
"POLR2L",5,3,8,0.0909664775531595,0.378546200840668,1,"drop"
"PDLIM2",5,3,8,-0.0972426330426686,0.378237707722832,1,"drop"
"ADH5",5,3,8,0.101588280855864,0.377874924915034,1,"drop"
"ACYP1",5,3,8,0.20394655156549,0.377735053406533,1,"drop"
"SF3A1",5,3,8,0.16486531952938,0.377704280314061,1,"drop"
"TOPBP1",5,3,8,0.0301118874633146,0.377212382210382,1,"drop"
"WBP11",5,3,8,0.241727947753204,0.377176687474932,1,"drop"
"YTHDC1",5,3,8,0.0813859689788049,0.376991851151172,1,"drop"
"RBM5",5,3,8,0.0284246130323536,0.376799289987921,1,"drop"
"WIPI2",5,3,8,-0.218663575593649,0.376378970523099,0.0211708447561725,"drop"
"C1orf52",5,3,8,-0.117723907143936,0.375365333689253,1,"drop"
"NUMB",5,3,8,0.0507682690664524,0.374585389304742,1,"drop"
"CMC2",5,3,8,0.129285745877181,0.374184014021568,1,"drop"
"WBP2",5,3,8,0.0219170157326206,0.371656013895486,1,"drop"
"DCAF8",5,3,8,-0.176679515177831,0.371554153075847,1,"drop"
"CMTM6",5,3,8,-0.126854759074745,0.371036227855265,1,"drop"
"SLC5A3",5,3,8,-0.284244909274603,0.371013646725089,1,"drop"
"LZIC",5,3,8,-0.0600440762387302,0.37027367941098,1,"drop"
"DCTN2",5,3,8,-0.158658837365267,0.369419477092002,1,"drop"
"NDUFB6",5,3,8,-0.162192609420134,0.366762454613142,1,"drop"
"TMPO",5,3,8,-0.259892777165685,0.366682865410555,0.371419321151081,"drop"
"BCCIP",5,3,8,0.220153171059972,0.365333928679772,1,"drop"
"AC005670.3",5,3,8,0.158989274488317,0.36504745435732,1,"drop"
"PDCL3",5,3,8,0.291375853907393,0.364455186082219,1,"drop"
"ESF1",5,3,8,0.0481527685799637,0.361057866658227,1,"drop"
"EIF2B5",5,3,8,0.0384591702589412,0.360771986182115,1,"drop"
"RPARP-AS1",5,3,8,0.11302155273777,0.359737038085397,1,"drop"
"DYNLT3",5,3,8,0.0273009926770423,0.359073581494249,1,"drop"
"ACTN4",5,3,8,0.0862578117742251,0.357092972936381,1,"drop"
"ANXA4",5,3,8,-0.0863924447322725,0.356408748267191,1,"drop"
"JAGN1",5,3,8,-0.254329311737118,0.354518479325508,1,"drop"
"CHST11",5,3,8,-0.103128863158821,0.35345041573955,1,"drop"
"SCFD1",5,3,8,0.0351499598241266,0.353381945097894,1,"drop"
"ELOF1",5,3,8,-0.0470359830226637,0.35175593517108,1,"drop"
"EWSR1",5,3,8,0.0371996582740685,0.349369183163606,1,"drop"
"UBE2Z",5,3,8,-0.0797054338745094,0.349187434066998,1,"drop"
"DDX6",5,3,8,0.185747570485285,0.348347368434015,0.0000182861518319783,"drop"
"ACTG1",5,2,8,-0.347097381611271,0.347097381611271,0.00000000179267444895822,"drop"
"UBE2K",5,3,8,0.135563212761094,0.345088703827153,1,"drop"
"MSI2",5,3,8,0.015469417896678,0.34253563489194,1,"drop"
"WAPL",5,3,8,-0.176378511750274,0.342399810530833,0.039074619651118,"drop"
"SNW1",5,3,8,0.100190622449671,0.341939382410455,1,"drop"
"DLG1",5,3,8,0.264811173756993,0.34140406922098,1,"drop"
"PGAM1",5,2,8,-0.0164626059494268,0.341283106092812,1,"drop"
"PMPCB",5,3,8,-0.177093979051676,0.34106194086364,1,"drop"
"EEF1AKMT2",5,3,8,0.0809402589310728,0.341008771730279,1,"drop"
"EEA1",5,3,8,-0.0798674726651021,0.338961283849574,0.0105818063319026,"drop"
"LSM2",5,3,8,-0.198421380105565,0.337941945767987,1,"drop"
"CDKN2AIPNL",5,3,8,-0.0548214661198031,0.336049213505281,1,"drop"
"DLD",5,3,8,-0.101085273608129,0.333669801051532,1,"drop"
"KIF5B",5,3,8,0.110689754436216,0.331926067063561,1,"drop"
"PPT1",5,3,8,-0.0652246349328474,0.327460687081718,1,"drop"
"TAB2",5,3,8,0.120377166875419,0.325962807781362,1,"drop"
"PSMG4",5,3,8,0.109291126261362,0.313321040416562,1,"drop"
"IL18R1",5,3,7,-0.72088959063632,0.802220113175399,0.00000000000000165311370774747,"drop"
"SUSD3",5,3,7,-0.0543615756687318,0.778457022836081,0.00274401698363146,"drop"
"SETD1B",5,3,7,0.496098845882576,0.777723408015795,1,"drop"
"PRDM1",5,3,7,-0.58009825354648,0.71379038457031,0.000000000000000000535339123225746,"drop"
"RPP25L",5,3,7,-0.680831293714335,0.680831293714335,1,"drop"
"CEP170",5,3,7,0.151800720154398,0.672891220504349,0.844251112718947,"drop"
"PHC2",5,3,7,-0.444371747698603,0.638809794869535,0.00000000000000161350554532028,"drop"
"LFNG",5,3,7,-0.466372784335935,0.635063728585347,1,"drop"
"CNNM3",5,3,7,0.127599941835186,0.625085547761927,1,"drop"
"SGK3",5,3,7,-0.429955123942357,0.624036216702248,1,"drop"
"ZNF26",5,3,7,0.257640475933599,0.620675146394806,1,"drop"
"NEK7",5,3,7,-0.49425639476174,0.614904248829152,1,"drop"
"MCMBP",5,3,7,0.0776583075066839,0.610518935822302,0.373075528995297,"drop"
"CPEB4",5,3,7,0.420471126967228,0.604114870978522,1,"drop"
"VOPP1",5,3,7,-0.132629013651751,0.598351657461931,0.0000722206756674891,"drop"
"ILKAP",5,3,7,-0.33695873117637,0.58335014170365,1,"drop"
"RASGRP1",5,3,7,0.355862802311886,0.579639657564631,0.22736693111889,"drop"
"GGA2",5,3,7,0.15242743263338,0.577495517531817,1,"drop"
"SLC30A7",5,3,7,0.0386089294665849,0.573124604954625,1,"drop"
"CYB561A3",5,3,7,0.173080237839731,0.572188028940665,1,"drop"
"MMGT1",5,3,7,-0.144232077667102,0.569535976920035,1,"drop"
"ZEB1",5,2,7,0.565925392340907,0.565925392340907,1,"drop"
"PPP1R16B",5,3,7,0.119206046362366,0.563788453157979,1,"drop"
"EIF3M",5,3,7,-0.0924755764232016,0.563467521380371,1,"drop"
"PHTF2",5,3,7,0.152094429620036,0.558013641304759,1,"drop"
"SEPTIN9",5,3,7,0.339908789177289,0.546637163309969,1,"drop"
"KDM7A",5,3,7,0.164874012453087,0.542493045686721,1,"drop"
"SH3GLB2",5,2,7,-0.155864750865622,0.535894519240328,0.00384239401532484,"drop"
"TFPT",5,3,7,-0.270183683929903,0.531786963134196,1,"drop"
"SLC39A3",5,3,7,-0.289637468399508,0.530818277386592,1,"drop"
"KLF3",5,3,7,0.301666676891024,0.52942284428408,1,"drop"
"F11R",5,3,7,0.386166525517317,0.523768135982399,1,"drop"
"CCM2",5,3,7,-0.175924505195004,0.520390957480677,1,"drop"
"RBM18",5,3,7,-0.178645670389542,0.517184876904089,1,"drop"
"TSPO",5,2,7,-0.405545833032358,0.513112789077518,0.00297065810192674,"drop"
"VTI1A",5,3,7,0.300893547105298,0.511543352014509,1,"drop"
"EIF4EBP3",5,3,7,-0.423069996505623,0.510188508892851,1,"drop"
"DIMT1",5,3,7,-0.507960213211292,0.507960213211292,1,"drop"
"METTL16",5,2,7,-0.191545690925472,0.507821288502292,1,"drop"
"ARMCX3",5,3,7,-0.0182535400151503,0.504412695842625,1,"drop"
"ARMH1",5,3,7,-0.0604530446429123,0.502275052212777,1,"drop"
"DHRS7",5,3,7,-0.409098966071117,0.499479417094522,1,"drop"
"CUL5",5,3,7,-0.0884514756816071,0.496119636076574,1,"drop"
"UPF1",5,3,7,-0.206429757846181,0.495148104760174,1,"drop"
"NSMCE3",5,3,7,-0.329043875356355,0.494425857117325,1,"drop"
"TARS",5,3,7,-0.493940721367315,0.493940721367315,1,"drop"
"FGD5-AS1",5,2,7,0.062092842432667,0.493074117745591,1,"drop"
"IL4R",5,3,7,-0.0291926787478359,0.489539982819086,0.0692930075567507,"drop"
"USP1",5,3,7,0.0972198227474114,0.489176509543232,1,"drop"
"TTC17",5,3,7,-0.406246518301003,0.489022532006455,1,"drop"
"SPART",5,3,7,-0.153145732005951,0.488786409954087,1,"drop"
"HLA-DRB1",5,3,7,0.265605656251055,0.488610733228677,0.0000000000000000000000000000000000000000141489150413909,"drop"
"GATAD2A",5,3,7,0.254782575902142,0.488486425006265,1,"drop"
"STOML2",5,2,7,-0.231172321887906,0.486993569001126,1,"drop"
"ARFGAP3",5,3,7,0.0439338450724956,0.48590692155679,1,"drop"
"PAFAH1B2",5,3,7,0.152211276858801,0.485564543120313,1,"drop"
"CRELD2",5,3,7,-0.0743819199341559,0.484584193060683,1,"drop"
"MYD88",5,3,7,0.284431901169884,0.484279567363792,1,"drop"
"ABTB1",5,3,7,-0.0623454280893944,0.482347036117252,1,"drop"
"CMC4",5,3,7,0.176244927741161,0.481933875455787,1,"drop"
"DDX54",5,3,7,-0.350091919655332,0.479568786434405,1,"drop"
"ZBED1",5,3,7,0.157042885067169,0.479246793544607,1,"drop"
"VHL",5,3,7,0.367076625164411,0.478973678504968,1,"drop"
"MNDA",5,3,7,0.171992864055204,0.478559939144869,0.000000376476430426177,"drop"
"ZNF720",5,2,7,-0.247394085046104,0.478141351498958,1,"drop"
"AC008124.1",5,2,7,0.4754645677036,0.4754645677036,1,"drop"
"CD82",5,3,7,-0.253677583843875,0.475298713229071,1,"drop"
"ABHD2",5,3,7,-0.168572095221383,0.47470155593231,1,"drop"
"SEC14L1",5,3,7,0.161096715553879,0.474455715527212,1,"drop"
"TNRC6C",5,3,7,-0.393703339436479,0.474070230471976,1,"drop"
"SH3GLB1",5,3,7,-0.172036779838547,0.474008738837385,0.331697577797335,"drop"
"JARID2",5,3,7,-0.100483444028715,0.473517807455583,0.113076996710829,"drop"
"ASCC2",5,3,7,-0.135584919606227,0.472956519976563,1,"drop"
"HCST",5,3,7,-0.0422917592833856,0.47215267214531,0.0110653854072071,"drop"
"DDX27",5,3,7,-0.171213917791404,0.47029901435037,1,"drop"
"APIP",5,2,7,-0.225023557296979,0.469804709897543,1,"drop"
"GOLGB1",5,3,7,-0.333100994830717,0.468513715050521,1,"drop"
"PILRB",5,3,7,0.180498893073762,0.468404119611984,1,"drop"
"GSDMD",5,2,7,-0.254142411956852,0.467438750802461,0.249196955158462,"drop"
"RNPEPL1",5,3,7,-0.265178970794074,0.465682714029969,1,"drop"
"CDK13",5,3,7,0.210473223356261,0.465117010903597,0.137979233805538,"drop"
"EI24",5,3,7,-0.16473321327873,0.464302548640912,1,"drop"
"GCHFR",5,3,7,-0.163404630864713,0.464074381176689,1,"drop"
"MAPRE2",5,3,7,-0.0370171807314323,0.463975210690347,1,"drop"
"PUM2",5,3,7,0.116598474619124,0.462601109783035,1,"drop"
"RABGGTB",5,3,7,0.460605880272602,0.460605880272602,1,"drop"
"DDX21",5,3,7,0.228461502251406,0.459512445880798,1,"drop"
"CLINT1",5,3,7,-0.0506828785847311,0.458543617413891,1,"drop"
"AKAP7",5,3,7,-0.0189284546411346,0.457614900573227,1,"drop"
"UFSP2",5,3,7,-0.00252765593654772,0.457274801673581,1,"drop"
"LAGE3",5,3,7,-0.283099996895797,0.456852319042348,0.259515675428673,"drop"
"ITGAM",5,3,7,0.146310662338775,0.45510902647993,1,"drop"
"LBR",5,2,7,-0.305243917679313,0.453507450851503,0.000154463519260397,"drop"
"SETX",5,3,7,0.117033530219942,0.453235040258425,1,"drop"
"TMX3",5,3,7,0.0488491030921849,0.450050016576968,1,"drop"
"MRPL24",5,3,7,-0.241963740900985,0.449832010474679,1,"drop"
"PCGF5",5,2,7,0.272724358252808,0.449478005854563,1,"drop"
"AUTS2",5,3,7,-0.0156655626515696,0.447682378090947,1,"drop"
"ZNF524",5,3,7,-0.150406873200329,0.447384339268183,1,"drop"
"KNOP1",5,3,7,0.371514578923556,0.446843421721804,1,"drop"
"CMTR2",5,3,7,-0.194118430869056,0.445726852198718,1,"drop"
"IARS",5,3,7,0.00334702172916672,0.445551175750815,1,"drop"
"SBNO1",5,3,7,0.186183766483678,0.444843931741328,1,"drop"
"AP1M1",5,3,7,0.199238097498706,0.443074163642482,1,"drop"
"QARS",5,3,7,-0.0916883213799664,0.441987946161586,1,"drop"
"MAPK14",5,3,7,-0.355122384468981,0.440944998159923,0.378725348244106,"drop"
"CFLAR",5,3,7,-0.0415051315870298,0.440665675569123,0.00000125023127738667,"drop"
"OAZ2",5,3,7,-0.173274305596126,0.440287090283543,1,"drop"
"POGZ",5,3,7,-0.229045167977676,0.439368068130003,1,"drop"
"GDI2",5,3,7,0.026646984202013,0.438255935865091,1,"drop"
"PIEZO1",5,3,7,-0.159906331668356,0.437836722316383,1,"drop"
"TCOF1",5,3,7,0.23678368039547,0.434092629872411,0.191648067019826,"drop"
"MTMR3",5,3,7,0.0865064515690614,0.433974071215767,1,"drop"
"PRPS1",5,3,7,-0.283964262034653,0.432665325260608,1,"drop"
"SLC35E3",5,3,7,-0.0797473826615468,0.432415586031567,1,"drop"
"S1PR1",5,2,7,0.234332044614588,0.43205818127974,1,"drop"
"ARFRP1",5,3,7,-0.256388676364502,0.43144279363488,1,"drop"
"FOXK1",5,3,7,-0.038054347152371,0.430999789009099,1,"drop"
"PDE4DIP",5,2,7,-0.33331433598745,0.430765276934845,1,"drop"
"MKRN1",5,3,7,0.105400048862307,0.428531283564226,1,"drop"
"PIP4K2A",5,3,7,0.0775384224734401,0.428476342894731,1,"drop"
"SNX14",5,2,7,-0.276966664690897,0.428457153165142,1,"drop"
"PSMD11",5,3,7,-0.186012347159563,0.428291075223422,0.333276642738403,"drop"
"TCTN3",5,3,7,0.270769815293152,0.428266789564168,1,"drop"
"C12orf45",5,3,7,0.0717960349745553,0.427779748064405,1,"drop"
"ARL6IP5",5,3,7,-0.148339882998099,0.42713726622044,0.000000000000384100197167767,"drop"
"AARSD1",5,3,7,0.23076197316511,0.426683822068194,1,"drop"
"LTBP3",5,3,7,-0.163776629365825,0.424649348425069,1,"drop"
"MAGEF1",5,3,7,-0.0824769720008566,0.423012086020805,1,"drop"
"IFT57",5,3,7,0.0661385070100676,0.422950109755622,0.000859954456248832,"drop"
"DNAJB14",5,3,7,0.00846036167667098,0.421331741134482,1,"drop"
"TLN1",5,2,7,0.0876480258297487,0.420857959787859,0.00468086176556635,"drop"
"TARSL2",5,3,7,0.119381096055639,0.420323879446372,1,"drop"
"BLOC1S1",5,3,7,-0.249208676722156,0.41834529919085,1,"drop"
"PRPF8",5,3,7,0.252728849382824,0.418246104651266,1,"drop"
"MOB4",5,3,7,0.0651247930567046,0.417915889611616,1,"drop"
"MRPL4",5,3,7,-0.302100025680786,0.417584270273551,1,"drop"
"DPYD",5,3,7,0.331129179086437,0.417259815028755,1,"drop"
"CRYZL1",5,3,7,-0.00975350591092873,0.416570936976684,1,"drop"
"GFER",5,3,7,-0.416238743313822,0.416238743313822,1,"drop"
"ZBTB20",5,3,7,0.102965293208497,0.414596012932437,1,"drop"
"NDEL1",5,3,7,0.148926341950483,0.413589443105016,1,"drop"
"SENP7",5,3,7,0.0984706471150789,0.413452989085281,1,"drop"
"FDPS",5,3,7,-0.247608029585295,0.413369361837654,1,"drop"
"TM2D1",5,3,7,-0.0276034637670656,0.41227087362382,1,"drop"
"ZC3H8",5,3,7,0.0648901264392907,0.410347913287796,1,"drop"
"DEF6",5,3,7,-0.3126733224537,0.409899286636951,1,"drop"
"AHNAK",5,3,7,-0.296585835682671,0.409659309384378,0.0000000000123604278350375,"drop"
"RAB11FIP2",5,3,7,0.0463262099411363,0.407345889456826,1,"drop"
"AK6",5,3,7,0.0418530166665134,0.405941174793285,1,"drop"
"TMC6",5,3,7,0.239624906364792,0.405502260714694,1,"drop"
"ARL6IP6",5,3,7,0.0580734479526707,0.405488091228536,1,"drop"
"ACTR1B",5,3,7,-0.165173176708506,0.404943340094607,1,"drop"
"MED13L",5,3,7,0.102241526062535,0.404921498811984,1,"drop"
"SOD2",5,3,7,-0.119976160105584,0.404834269420492,0.0000000000000427256050822879,"drop"
"AK2",5,3,7,-0.195771819674789,0.404168317988217,1,"drop"
"PSMF1",5,3,7,-0.166333855603805,0.402259513877353,0.10251892721851,"drop"
"ELF2",5,3,7,-0.0785461966530907,0.402244909642083,1,"drop"
"MED21",5,3,7,0.0785997735630911,0.401721370141826,1,"drop"
"OTUB1",5,3,7,-0.244334721503879,0.400661575688916,1,"drop"
"HNRNPA0",5,2,7,-0.00857584912493701,0.399332937812686,1,"drop"
"RPA2",5,3,7,-0.398583242081829,0.398583242081829,0.75859597829329,"drop"
"CD63",5,3,7,-0.398300497811108,0.398300497811108,1,"drop"
"REEP5",5,3,7,-0.0481171900630896,0.397950509245631,0.419838968752646,"drop"
"MBTPS1",5,3,7,-0.034879637233386,0.39751241770926,1,"drop"
"LINC00667",5,2,7,0.0878904275577934,0.397312031432811,1,"drop"
"COMT",5,3,7,-0.180793648151997,0.397182646458897,0.989504804715746,"drop"
"CTSB",5,3,7,-0.00473918206740028,0.396650794573463,1,"drop"
"PPIL3",5,3,7,0.0179016935057406,0.396412656935789,1,"drop"
"NDUFB2",5,3,7,-0.0964269688336294,0.395211749942546,1,"drop"
"AGO1",5,3,7,0.117880487792201,0.394334789331283,0.543668796046802,"drop"
"AP1S2",5,2,7,-0.312603869594092,0.394022083708956,1,"drop"
"RWDD3",5,3,7,0.0856779933485436,0.39215993442946,1,"drop"
"CYP20A1",5,3,7,0.230379117464632,0.392078189672589,1,"drop"
"TM2D3",5,3,7,-0.029019968869018,0.39174054112503,1,"drop"
"C12orf10",5,3,7,-0.149312288348505,0.391717584099192,1,"drop"
"NDUFS6",5,3,7,0.017595773157287,0.390930846890494,1,"drop"
"RASGRP2",5,3,7,-0.069854334435734,0.390741682290152,1,"drop"
"SLC35A3",5,3,7,0.050502363414983,0.390275192277168,1,"drop"
"TMOD3",5,3,7,0.174798922271156,0.390189605905095,1,"drop"
"MGST3",5,3,7,-0.098241277236565,0.389768111997553,1,"drop"
"MRPS33",5,3,7,-0.194561042449296,0.389604398928588,1,"drop"
"CHMP2A",5,3,7,-0.222500480472457,0.389137464372225,1,"drop"
"GLTP",5,3,7,-0.137553051708437,0.388988298165569,1,"drop"
"STAG2",5,3,7,0.114824937296121,0.387941625443292,1,"drop"
"DIDO1",5,3,7,0.0486562851352264,0.387699871156928,1,"drop"
"MRPL47",5,3,7,0.214008712281481,0.38751859255539,1,"drop"
"ATP5IF1",5,3,7,0.211570656397899,0.385346564058401,0.00904897655144991,"drop"
"UQCRC2",5,3,7,-0.385139258467959,0.385139258467959,1,"drop"
"MTG1",5,3,7,-0.0539213989387569,0.385018428368895,1,"drop"
"CLN3",5,3,7,0.104944504874856,0.385014624024366,1,"drop"
"CFAP410",5,3,7,0.148439861596711,0.383340793920558,1,"drop"
"GTF2A1",5,3,7,-0.299770797585664,0.382337194776836,1,"drop"
"IGF1R",5,3,7,0.073916070741583,0.382107266099283,1,"drop"
"WWP1",5,3,7,-0.022907572095009,0.382068903060531,1,"drop"
"UBE2J1",5,3,7,0.166519333355879,0.380201752553347,1,"drop"
"MRPL19",5,3,7,-0.125943757376641,0.378874438558712,1,"drop"
"ZSWIM7",5,3,7,0.058018956737459,0.378419734015932,1,"drop"
"UBR5",5,3,7,-0.163583897895329,0.377645971261699,1,"drop"
"SMIM7",5,3,7,-0.294307989399032,0.376497019159188,1,"drop"
"PXN",5,3,7,-0.0136585222265851,0.376126903752933,1,"drop"
"BLOC1S2",5,3,7,0.181294698576665,0.375426132453687,1,"drop"
"MYO9A",5,3,7,-0.0209956805044442,0.374978335860655,1,"drop"
"ARHGEF7",5,3,7,-0.142515495833824,0.374197390106507,1,"drop"
"MRPL3",5,3,7,-0.374117985329494,0.374117985329494,1,"drop"
"CXXC5",5,3,7,-0.136415563491718,0.373842397630245,1,"drop"
"UBXN1",5,2,7,-0.373171760487721,0.373171760487721,0.000647435965596345,"drop"
"APTX",5,3,7,-0.0792944819980677,0.372117585253761,1,"drop"
"SEPTIN6",5,2,7,0.285799183822637,0.371834970901067,1,"drop"
"SZRD1",5,3,7,-0.203312982781156,0.371494695144828,1,"drop"
"PPIB",5,2,7,-0.298855618186385,0.370803022124366,1,"drop"
"IST1",5,3,7,-0.119074309851221,0.369973946533418,1,"drop"
"DKC1",5,3,7,-0.288393537869776,0.36942882551433,1,"drop"
"PSMA3-AS1",5,3,7,-0.0161532211022752,0.369188208027249,1,"drop"
"GPBP1L1",5,3,7,0.193785791642544,0.369165712955459,1,"drop"
"FKBP11",5,3,7,0.0214030106714567,0.369114650166888,0.426957681424408,"drop"
"YY1",5,3,7,-0.113880796818249,0.368176313944867,1,"drop"
"CPNE3",5,3,7,0.116374044078907,0.367837348484287,1,"drop"
"BOLA2",5,3,7,-0.179956112398171,0.36737088897559,1,"drop"
"CSNK1E",5,3,7,0.186490678255511,0.366854229532114,1,"drop"
"PDK1",5,2,7,0.294470785729572,0.366417752473596,1,"drop"
"TAOK3",5,3,7,-0.0501057321099757,0.366315349717016,1,"drop"
"GATAD1",5,3,7,-0.16131603321564,0.366005914227282,1,"drop"
"CSNK1G2",5,3,7,-0.17397422548894,0.364699135624876,0.382830835149486,"drop"
"DDX50",5,3,7,0.0871891012772299,0.364590838026316,1,"drop"
"WAC-AS1",5,3,7,-0.182281921582727,0.364339701581201,1,"drop"
"MDH1",5,2,7,-0.139823391774638,0.362999239551711,1,"drop"
"HTATSF1",5,3,7,-0.0370656105987689,0.362922390906911,1,"drop"
"R3HDM1",5,3,7,-0.169076384653822,0.362055146445272,1,"drop"
"ZCCHC7",5,3,7,-0.171184632171896,0.361741511668403,1,"drop"
"MCTS1",5,3,7,-0.146797552309951,0.36077928959297,1,"drop"
"UTP3",5,3,7,-0.106796405972142,0.359162906931978,1,"drop"
"MPV17",5,3,7,-0.17287591961994,0.358129117705888,1,"drop"
"ARPC4",5,3,7,-0.064543662585283,0.357532660052202,1,"drop"
"ECD",5,3,7,0.0568383444211491,0.355845434940109,1,"drop"
"REXO4",5,3,7,0.0700416176256589,0.354247561612367,1,"drop"
"ZNF644",5,2,7,0.174386158534362,0.353946798860511,1,"drop"
"OS9",5,3,7,-0.353728021873486,0.353728021873486,1,"drop"
"CCDC115",5,3,7,-0.280300742376355,0.35318220082662,1,"drop"
"DESI2",5,3,7,-0.115464711325258,0.352904275487304,1,"drop"
"EIF4G2",5,3,7,0.273653856231699,0.3526004329033,1,"drop"
"MHENCR",5,3,7,0.269221585760327,0.35239430472937,1,"drop"
"MORF4L2",5,3,7,-0.25522587311534,0.351298314302677,1,"drop"
"SP3",5,3,7,0.0650107379873992,0.351161349893703,1,"drop"
"SMCHD1",5,3,7,0.07528674284087,0.350499005968203,1,"drop"
"MRPS18B",5,3,7,-0.220642890921664,0.350463413145521,1,"drop"
"OGT",5,3,7,-0.0577380251522911,0.349265925646297,1,"drop"
"BNIP3",5,3,7,-0.0641067615110823,0.347865526583357,1,"drop"
"TTC37",5,3,7,0.170178683148977,0.346496872019714,1,"drop"
"SELENOT",5,3,7,0.0485205732025799,0.346492387144862,1,"drop"
"SHARPIN",5,3,7,-0.229079770359016,0.344685991518962,1,"drop"
"UBE3C",5,3,7,-0.272065987733467,0.344490558503017,1,"drop"
"POLR2C",5,3,7,0.0200166664899037,0.343874030885693,1,"drop"
"NIN",5,3,7,0.259683501461397,0.341812701024293,1,"drop"
"GLO1",5,3,7,-0.13330107891061,0.34171058580792,1,"drop"
"NR1D2",5,3,7,-0.068148458873871,0.34101311857836,1,"drop"
"DHX38",5,3,7,-0.118843488778989,0.339947463557255,1,"drop"
"FTX",5,3,7,0.00570017078903543,0.338741398927925,1,"drop"
"NAXE",5,3,7,0.00511257166739957,0.338546036168108,1,"drop"
"A1BG",5,3,7,0.14753583548119,0.338118151312195,1,"drop"
"CD81",5,3,7,-0.0395796809717559,0.33647460908174,1,"drop"
"PJA2",5,2,7,0.140611346529955,0.336402758168432,1,"drop"
"GNG10",5,3,7,-0.140085227247136,0.335543205676998,1,"drop"
"SMIM29",5,3,7,0.106711299852237,0.333879332689226,1,"drop"
"RPS27L",5,3,7,-0.038687683277875,0.331310981958542,1,"drop"
"C1D",5,3,7,-0.00185587535727771,0.331021157139705,1,"drop"
"CNPY2",5,3,7,-0.23580901447662,0.323422575489806,0.0271999302580659,"drop"
"RNF7",5,2,7,-0.0125665907253353,0.323342013512852,0.062596506129839,"drop"
"CUL4B",5,3,7,0.03799056023412,0.322976031841596,1,"drop"
"FIP1L1",5,3,7,-0.131979184664564,0.32223820698591,1,"drop"
"CSNK1G1",5,3,7,0.145306954297075,0.321980641364298,1,"drop"
"C3orf38",5,2,7,-0.0419868225655593,0.320517009259862,1,"drop"
"PMF1",5,3,7,0.0114756215750451,0.31907419773925,1,"drop"
"HDAC1",5,3,7,-0.0995454880065828,0.31724838073249,1,"drop"
"ZNF131",5,3,7,-0.141722713396801,0.316144572671225,1,"drop"
"TBCC",5,3,7,-0.314728038440606,0.314728038440606,1,"drop"
"SNRPB2",5,3,7,0.2389121422573,0.312860219161554,1,"drop"
"LTA4H",5,3,7,0.0672212693577859,0.307887777480336,1,"drop"
"HTT",5,3,7,-0.13771058020676,0.305734167954458,1,"drop"
"ATXN10",5,3,7,-0.305069406836246,0.305069406836246,1,"drop"
"WAC",5,3,7,-0.0130680178481517,0.30315712121601,1,"drop"
"ATF7IP2",5,3,7,0.228703809107412,0.302575093497903,1,"drop"
"RTF1",5,3,7,0.139053218911456,0.300914840407356,1,"drop"
"ANP32A",5,2,7,0.117291023357391,0.289133674435592,1,"drop"
"AC009950.1",5,3,6,0.471415801310296,0.86461386873675,1,"drop"
"RNASE6",5,3,6,-0.554816412988705,0.676903474008035,0.000000322434375106772,"drop"
"FAM102A",5,3,6,-0.564181283869927,0.666489307001945,0.000879931649067492,"drop"
"NBEAL2",5,3,6,0.401284762241853,0.656925163341505,1,"drop"
"SPPL2A",5,2,6,0.521709614475098,0.656555735164778,1,"drop"
"PSMC2",5,3,6,-0.281718860282313,0.616800916388376,1,"drop"
"HUS1",5,2,6,0.00666532518217766,0.614287887870623,1,"drop"
"MARCKS",5,3,6,0.0364366679055103,0.581907255652736,0.00000270550664555785,"drop"
"ING5",5,3,6,0.0933532705977482,0.573014767537244,1,"drop"
"RECQL",5,3,6,0.043079677171306,0.569073449892413,1,"drop"
"GTF2H3",5,3,6,0.0888615576726635,0.566110055629079,1,"drop"
"CCDC88C",5,3,6,0.248076125237806,0.548811984980021,1,"drop"
"ABHD3",5,2,6,-0.253333080843519,0.547581512826027,0.367902212124862,"drop"
"NCK2",5,3,6,0.212909797516459,0.546518828369157,1,"drop"
"UQCRC1",5,2,6,-0.175572850966223,0.54263911506996,1,"drop"
"YRDC",5,3,6,-0.23111460028816,0.537753827109738,1,"drop"
"LIME1",5,3,6,-0.398286165701038,0.533690490468261,0.00000598431534951748,"drop"
"EXOC1",5,3,6,-0.25299220296344,0.529227621433708,1,"drop"
"TUBA1C",5,3,6,-0.193189965390126,0.526737308168903,1,"drop"
"EPHB6",5,2,6,0.128862336704786,0.517485776436161,1,"drop"
"LINC00513",5,3,6,-0.372124229394543,0.510365395362593,1,"drop"
"TP53",5,3,6,0.172034540553623,0.504561389749691,1,"drop"
"MACO1",5,2,6,-0.188419241021842,0.50322028066161,1,"drop"
"FAM8A1",5,3,6,0.326894918408987,0.500670563834589,1,"drop"
"STX7",5,3,6,-0.051942597712733,0.49796669714346,0.000000475231781504108,"drop"
"VPS26A",5,3,6,-0.215017355841246,0.493198006480283,1,"drop"
"SNRPN",5,3,6,0.266195846262366,0.48605906102454,1,"drop"
"ORMDL3",5,3,6,0.0914559694738461,0.483832114442647,1,"drop"
"HEXD",5,2,6,0.396915086681751,0.483280748376584,1,"drop"
"PDIA4",5,3,6,-0.167548499876807,0.483176344455991,1,"drop"
"PCMTD2",5,2,6,0.172891290139019,0.482916221323484,1,"drop"
"CHD7",5,2,6,-0.216276855447001,0.482801764996341,1,"drop"
"NIPA2",5,2,6,-0.384006111815424,0.481927323058082,0.406490026204871,"drop"
"HDGFL2",5,2,6,-0.266292673134545,0.480204272115556,1,"drop"
"AC245407.2",5,2,6,-0.161902490255074,0.479814592067165,1,"drop"
"RPUSD3",5,2,6,-0.00815212072905948,0.479287821636386,1,"drop"
"PRPF6",5,2,6,-0.471957513761531,0.471957513761531,1,"drop"
"EVI2A",5,2,6,-0.104131834314515,0.469395957479568,1,"drop"
"C1orf43",5,3,6,-0.161343529013408,0.468293482371681,1,"drop"
"VAMP4",5,3,6,-0.238702508025764,0.466612006207756,1,"drop"
"DDX39A",5,2,6,-0.363068471211122,0.464618153952412,1,"drop"
"MOAP1",5,2,6,0.332480640870083,0.461642938389396,1,"drop"
"PARP10",5,3,6,-0.0433044519307545,0.46062891371762,1,"drop"
"UBE3A",5,3,6,-0.006979008609332,0.459510239762911,1,"drop"
"RBM7",5,3,6,0.329646154456455,0.45735825099465,1,"drop"
"TMEM11",5,3,6,-0.255759519472452,0.452646093181294,1,"drop"
"ODF2L",5,3,6,0.00182864738805651,0.450684771808107,1,"drop"
"RARS2",5,3,6,0.00464890931655351,0.449282964199254,1,"drop"
"AGTRAP",5,2,6,-0.116924166660225,0.449265325644486,1,"drop"
"SMDT1",5,3,6,0.449020648399312,0.449020648399312,0.0000000563599616235208,"drop"
"USE1",5,3,6,-0.322747564520154,0.446224862496325,1,"drop"
"ESYT2",5,3,6,0.0275703432237953,0.444841935947574,1,"drop"
"PTPMT1",5,3,6,0.13628036550999,0.443259616325375,1,"drop"
"SPTBN1",5,3,6,0.236664183722201,0.443138447936717,1,"drop"
"TAF3",5,3,6,0.307002277549354,0.44178359354625,1,"drop"
"FLII",5,2,6,-0.281881114646237,0.440705159005417,1,"drop"
"MTMR14",5,3,6,-0.31992857267473,0.440333174260778,1,"drop"
"ATG16L2",5,3,6,-0.258644044615502,0.438138971220187,1,"drop"
"GRPEL1",5,3,6,0.352955956348434,0.437655493589652,1,"drop"
"NXPE3",5,3,6,0.215816240228243,0.435406144079215,1,"drop"
"ABHD14A",5,3,6,-0.298415532122455,0.435324802604216,1,"drop"
"ANKIB1",5,3,6,-0.43530041604106,0.43530041604106,1,"drop"
"NAA38",5,3,6,-0.0300906048944462,0.432539048736169,1,"drop"
"MBNL1",5,3,6,0.0253128785904485,0.43129739224251,0.000000724055869440285,"drop"
"RTCA",5,3,6,-0.000614322674002835,0.430740710188545,1,"drop"
"IFI27L2",5,3,6,0.0133420795549305,0.429919142969378,0.415057897004451,"drop"
"SMARCA2",5,3,6,-0.105584084491106,0.429503570143592,1,"drop"
"MAN2A1",5,3,6,-0.105103177633583,0.428984383343008,0.804541979853999,"drop"
"TIMP1",5,3,6,0.0185373939697237,0.428036495935245,1,"drop"
"GART",5,2,6,-0.0493013596987603,0.427910650060199,1,"drop"
"LAMTOR3",5,3,6,-0.284835080283152,0.426270515069662,1,"drop"
"NDUFAF2",5,3,6,0.224757180759624,0.424373007271493,1,"drop"
"RASSF1",5,3,6,0.0619193604618112,0.42230342686499,1,"drop"
"KLHDC3",5,3,6,0.0602789138129137,0.42215196628215,1,"drop"
"SERTAD2",5,2,6,0.139092333342334,0.421550068246892,1,"drop"
"CALCOCO1",5,3,6,-0.246345639082915,0.421297010193678,1,"drop"
"SMIM27",5,3,6,0.419288880567332,0.419288880567332,1,"drop"
"PRPF18",5,3,6,0.108602406199003,0.418177479876685,1,"drop"
"EXOC7",5,2,6,0.0780071972602678,0.416586286358298,1,"drop"
"TMEM205",5,3,6,-0.275206958996,0.416540693565901,1,"drop"
"LINC01184",5,3,6,0.0166611785932002,0.415317997849635,1,"drop"
"CYB5R3",5,2,6,-0.0321498748584737,0.414413722449204,1,"drop"
"TMEM109",5,3,6,-0.0187887034402138,0.413693520406295,1,"drop"
"AC097376.3",5,2,6,0.234956453793608,0.413186791793346,1,"drop"
"LAT2",5,3,6,-0.305328621737932,0.412557473782811,0.000218093548784469,"drop"
"EXOG",5,2,6,0.0543801811215393,0.411832737835149,1,"drop"
"PGLS",5,3,6,-0.319660841755276,0.410371768292841,1,"drop"
"KANSL2",5,2,6,0.263129877178747,0.409542652672281,1,"drop"
"ERG28",5,2,6,-0.209255798616768,0.408179051578552,1,"drop"
"PSMB2",5,2,6,-0.323624694331343,0.407777225851762,0.112914262374403,"drop"
"PLCL2",5,3,6,0.162426327607721,0.407118724728032,1,"drop"
"CD46",5,2,6,-0.218645714116224,0.406921822598952,1,"drop"
"MYCBP2",5,3,6,0.0718837683188083,0.406717775865251,1,"drop"
"C1orf122",5,3,6,0.0229896930286443,0.405147372665582,1,"drop"
"SH3YL1",5,3,6,0.404926613457809,0.404926613457809,1,"drop"
"RNF130",5,3,6,-0.249517441403033,0.404536183977026,1,"drop"
"CCDC12",5,3,6,-0.0189885504613053,0.403062686324839,1,"drop"
"EZR",5,3,6,-0.176566405532808,0.40072957335538,0.138806474790624,"drop"
"BCAS2",5,3,6,0.400273011763288,0.400273011763288,1,"drop"
"GSTK1",5,3,6,-0.270962619800755,0.399327437529076,0.315148481970969,"drop"
"ATP6V1H",5,3,6,0.130009723463676,0.398898698666941,1,"drop"
"FXYD5",5,3,6,-0.00337401764255433,0.396898610071555,1,"drop"
"WASHC2C",5,2,6,0.143770249410294,0.395450946439026,1,"drop"
"PTPN11",5,3,6,0.0533249753349357,0.39521700263662,1,"drop"
"SEC62",5,3,6,0.166482171600372,0.395020166011904,0.402375353522077,"drop"
"BAG1",5,3,6,0.108913887736856,0.394139959914425,1,"drop"
"FKBP8",5,3,6,-0.139446503116973,0.393988930973239,1,"drop"
"RAB3GAP2",5,3,6,0.0452799041097112,0.39278535867954,1,"drop"
"UFD1",5,3,6,0.12377024037004,0.392256017603685,1,"drop"
"MRPL58",5,3,6,-0.389544202775671,0.389544202775671,1,"drop"
"ZSCAN16-AS1",5,2,6,0.29488686144921,0.38854756904334,1,"drop"
"HCG18",5,2,6,0.0445513607114508,0.388202159954107,1,"drop"
"TMEM183A",5,3,6,0.182976451637103,0.3872161199955,1,"drop"
"DDB1",5,3,6,0.0025314992445345,0.386024925347953,1,"drop"
"UGP2",5,3,6,-0.154998687906033,0.385891587739685,1,"drop"
"HSPD1",5,2,6,-0.385217501581444,0.385217501581444,0.0127780070352922,"drop"
"LY75",5,3,6,0.27263767637436,0.384962760497595,1,"drop"
"SLC66A2",5,3,6,-0.100222312179775,0.384751280508349,1,"drop"
"RPP21",5,3,6,-0.131341228981736,0.384378725091252,1,"drop"
"PHF5A",5,3,6,-0.0578623420560282,0.383764526165493,1,"drop"
"RBMS1",5,3,6,-0.127567124860666,0.381894815137923,1,"drop"
"ZDHHC17",5,2,6,0.00405220936659816,0.381812942810215,1,"drop"
"H3F3B",5,2,6,0.378598704428582,0.378598704428582,0.00000000000000000000000385626892824839,"drop"
"CTDSP2",5,2,6,0.143618501032771,0.377809333739367,1,"drop"
"HCFC1",5,3,6,0.135981930880276,0.37746335217344,1,"drop"
"TNIP2",5,2,6,-0.281933189357509,0.377345592406456,1,"drop"
"SERPINB1",5,3,6,-0.262047118757629,0.377179791210787,1,"drop"
"MCPH1",5,3,6,0.165747771563222,0.376947750971263,1,"drop"
"MTIF3",5,3,6,-0.0753910905637093,0.376786101203446,1,"drop"
"THRAP3",5,2,6,-0.230545964217193,0.376714878322884,0.0886733549657037,"drop"
"RIPK2",5,3,6,0.0861069678532763,0.376360712425303,1,"drop"
"FBXL15",5,3,6,0.0858346326055518,0.376184913586737,1,"drop"
"COMMD9",5,2,6,0.00335778943335017,0.376178425754802,1,"drop"
"C17orf49",5,3,6,-0.173319669468031,0.376020614227413,1,"drop"
"RREB1",5,2,6,-0.0245905523308645,0.375546976250937,1,"drop"
"DHX29",5,3,6,-0.119873950682685,0.374832084820479,1,"drop"
"CYCS",5,3,6,0.108641221660799,0.374507570139757,1,"drop"
"CD52",5,2,6,0.373482392531987,0.373482392531987,0.00000112149199957988,"drop"
"NT5DC1",5,3,6,-0.188650167536431,0.372509061314968,1,"drop"
"TPGS1",5,3,6,-0.286446560080651,0.370699967705628,1,"drop"
"MYO1G",5,3,6,-0.222899177358333,0.369250383602859,1,"drop"
"UTRN",5,2,6,-0.0836375120359067,0.368915702207224,1,"drop"
"TOP2B",5,2,6,-0.368650356258604,0.368650356258604,1,"drop"
"RABAC1",5,3,6,0.12333411574559,0.368469469089651,1,"drop"
"SNX5",5,3,6,-0.235038345899637,0.367598799715938,1,"drop"
"FAM207A",5,2,6,-0.220818645440234,0.367053760532178,1,"drop"
"KDELR2",5,2,6,0.255825373771072,0.366350136842701,1,"drop"
"ANAPC16",5,3,6,0.0740630375710028,0.365283801756875,1,"drop"
"VAMP8",5,3,6,0.0232188461526397,0.365078796064972,0.389096322892175,"drop"
"ZFAND3",5,2,6,0.212385335410047,0.364027243130966,1,"drop"
"VMA21",5,3,6,0.363815481183982,0.363815481183982,1,"drop"
"PPIL2",5,3,6,-0.21574323716121,0.363178421521369,1,"drop"
"TXLNA",5,3,6,-0.257314672561812,0.361258705307222,1,"drop"
"DNAJC3",5,3,6,-0.358948186957528,0.358948186957528,1,"drop"
"PHKB",5,2,6,0.17192388976742,0.357509506586764,1,"drop"
"MAP7D1",5,3,6,0.129473139038465,0.357214796344382,1,"drop"
"CCDC82",5,2,6,0.0438590723011693,0.356368767326196,1,"drop"
"ZNHIT3",5,3,6,0.0648518574486937,0.35623884286741,1,"drop"
"KMT2C",5,2,6,-0.125695783838036,0.356112814872691,1,"drop"
"KAT6A",5,3,6,0.209258445310165,0.353883006040938,1,"drop"
"TUBGCP2",5,3,6,-0.135668116057967,0.353858015793403,1,"drop"
"UBE2F",5,2,6,0.352549414724647,0.352549414724647,1,"drop"
"MARK3",5,2,6,-0.264239100214111,0.352268015659123,1,"drop"
"ATP6V0C",5,3,6,0.222832611378418,0.35080110468367,1,"drop"
"EXOSC8",5,3,6,0.139967817409285,0.350260628203694,1,"drop"
"WDR70",5,3,6,0.0689799586672937,0.349511632962114,1,"drop"
"SNRPA1",5,3,6,-0.153981238975721,0.348440420050548,1,"drop"
"THUMPD1",5,3,6,0.0293058879821158,0.347793907871442,1,"drop"
"PAM16",5,3,6,-0.0885379734180913,0.34655053248315,1,"drop"
"CBFB",5,3,6,0.10554434497186,0.345461653120232,1,"drop"
"AATF",5,2,6,-0.120740249132075,0.344499740769937,1,"drop"
"TRIAP1",5,3,6,0.202802496793225,0.343922482494766,1,"drop"
"ACAA1",5,2,6,-0.151992829079188,0.343547959592717,1,"drop"
"KRT10",5,3,6,0.342663580733686,0.342663580733686,1,"drop"
"SOS2",5,3,6,-0.16954215021063,0.342396373427238,1,"drop"
"IARS2",5,3,6,0.00141169523356035,0.341169293453574,1,"drop"
"BZW1",5,3,6,0.340584469348508,0.340584469348508,1,"drop"
"PLAC8",5,3,6,0.00530176550888016,0.339824265828251,1,"drop"
"DCAF13",5,3,6,-0.0360415550673178,0.33872242633397,1,"drop"
"CDK12",5,3,6,-0.215320773290855,0.337466119729062,1,"drop"
"DUSP11",5,3,6,-0.212516675024157,0.33721968761252,1,"drop"
"RNF41",5,3,6,-0.11460510198749,0.333188033743342,1,"drop"
"SSBP3",5,2,6,0.332294440352389,0.332294440352389,1,"drop"
"PSMA6",5,3,6,-0.244517964904082,0.332022073709717,1,"drop"
"CD164",5,2,6,-0.331659417606739,0.331659417606739,1,"drop"
"TMEM243",5,2,6,-0.0237185043724268,0.331496166871777,1,"drop"
"ATP6V1E1",5,3,6,-0.0456499197931202,0.331185244199087,1,"drop"
"UBE2E1",5,3,6,-0.113334137629474,0.329338215224401,1,"drop"
"PWP1",5,3,6,-0.236831726493749,0.327909227663294,1,"drop"
"OSBPL8",5,3,6,0.0146022594460258,0.327548343729681,1,"drop"
"BRD4",5,3,6,-0.0158563996415205,0.327319919327373,1,"drop"
"MIA3",5,3,6,-0.131856288651861,0.324633782302119,1,"drop"
"LYRM4",5,2,6,-0.104761610150224,0.324406955000638,1,"drop"
"TIAL1",5,3,6,-0.076661078877319,0.323828422655907,1,"drop"
"HPRT1",5,2,6,0.0090830640132185,0.320278804741061,1,"drop"
"ARHGDIA",5,3,6,-0.000999250915090501,0.317712534186334,1,"drop"
"TTC14",5,3,6,0.093910327361858,0.316505773853789,1,"drop"
"STT3B",5,3,6,0.0978903410635195,0.316456993442568,1,"drop"
"SGSM3",5,3,6,0.0100922624047655,0.314669147469088,1,"drop"
"VRK1",5,2,6,-0.0144691957966185,0.313078910388129,1,"drop"
"NDUFV1",5,3,6,-0.200262460442263,0.30425620255311,1,"drop"
"TRIM28",5,3,6,-0.208607860319922,0.30339131896266,1,"drop"
"MRPL52",5,3,6,-0.118244059491322,0.301433605787099,1,"drop"
"CGGBP1",5,3,6,-0.0187273108707738,0.298483492864705,1,"drop"
"NUTF2",5,2,6,-0.036028998181992,0.297700107958248,1,"drop"
"SMU1",5,3,6,-0.107920489579638,0.294157262740668,1,"drop"
"PPP2R5C",5,3,6,0.0180174663204853,0.291489329227997,1,"drop"
"NUTM2A-AS1",5,3,6,0.108931853840999,0.278044918547581,1,"drop"
"SNX18",5,3,5,-0.477494102658289,0.781041532885297,1,"drop"
"DDX60",5,2,5,0.334842634833137,0.729656187511839,1,"drop"
"CPSF2",5,2,5,-0.00933894158999802,0.54913224831593,1,"drop"
"THOC3",5,2,5,-0.531813649425338,0.531813649425338,1,"drop"
"AK3",5,2,5,-0.340435905603252,0.473700916226807,0.221021445901936,"drop"
"THOC1",5,3,5,0.216780579928778,0.470487424135996,1,"drop"
"MED27",5,3,5,-0.138517510666077,0.459163131915763,1,"drop"
"SP1",5,3,5,-0.205985351464594,0.457380932824583,1,"drop"
"AAMP",5,3,5,-0.131018021861676,0.445333524203194,1,"drop"
"SELENOH",5,2,5,0.089533650186533,0.443917885775768,0.0360217396192584,"drop"
"CNOT7",5,3,5,0.308082064822043,0.437844728798487,1,"drop"
"RAB11A",5,3,5,-0.0247107250412488,0.4373987855411,1,"drop"
"ENOPH1",5,2,5,-0.110101163714815,0.428930148456064,1,"drop"
"HAUS4",5,1,5,-0.427039335285837,0.427039335285837,1,"drop"
"MRFAP1",5,2,5,0.102905658391505,0.419057325177584,1,"drop"
"FCHSD2",5,3,5,-0.132625051656884,0.415648631384145,1,"drop"
"AC008875.3",5,3,5,-0.057203647404488,0.413748352426651,1,"drop"
"TENT2",5,3,5,0.117921662399988,0.408482891606306,1,"drop"
"RBM12",5,3,5,-0.102949569998648,0.408123342955327,1,"drop"
"PHKG2",5,2,5,-0.0466946720783626,0.406091667199592,1,"drop"
"MRPL41",5,2,5,-0.405071150567855,0.405071150567855,1,"drop"
"UBE2Q2",5,2,5,-0.242263305323221,0.398996801913585,1,"drop"
"SMAD5",5,3,5,-0.225850470324935,0.391342468204002,1,"drop"
"TPRKB",5,2,5,-0.0763443242472392,0.3848657246938,1,"drop"
"GLIPR1",5,2,5,-0.0836428201471986,0.384555958011683,1,"drop"
"SFT2D2",5,1,5,0.379538820235744,0.379538820235744,1,"drop"
"ACAT2",5,2,5,-0.0754696539165494,0.373971471779221,1,"drop"
"CUL4A",5,3,5,-0.000707861655662601,0.373727696810547,1,"drop"
"NDUFA10",5,3,5,-0.0909885215259426,0.372491570938207,1,"drop"
"CERS6",5,3,5,-0.0868991020575532,0.371365787427169,1,"drop"
"PSMD8",5,2,5,-0.0362783861985058,0.36800597270684,1,"drop"
"POLR2J",5,3,5,-0.241205458230985,0.363429634806602,1,"drop"
"VAMP5",5,3,5,0.254503489881648,0.359733688093968,1,"drop"
"GNB2",5,1,5,-0.357880346389137,0.357880346389137,1,"drop"
"MEA1",5,3,5,-0.0846363203405232,0.356006081858943,1,"drop"
"RBM8A",5,2,5,0.04584480263125,0.355476388500068,1,"drop"
"PPM1G",5,1,5,-0.354019783825659,0.354019783825659,0.00000763622251384599,"drop"
"GAK",5,2,5,0.119510806253036,0.352125186244854,1,"drop"
"STX8",5,2,5,0.0779552739247782,0.351603895215502,1,"drop"
"PRMT1",5,3,5,-0.346898812597954,0.346898812597954,0.265208523755233,"drop"
"TRIM44",5,2,5,0.236380772555106,0.345065447238085,1,"drop"
"RABGAP1L",5,3,5,0.218029230746443,0.342403993188101,1,"drop"
"DCP2",5,3,5,0.0545535794690436,0.3419519273673,1,"drop"
"UQCRQ",5,3,5,0.0780522317695278,0.340300445463835,1,"drop"
"NUDT1",5,2,5,0.0474506264614616,0.337776329711656,1,"drop"
"GPX4",5,2,5,0.327484415848937,0.327484415848937,1,"drop"
"MARCKSL1",5,3,5,0.0995093350648554,0.325945038480427,1,"drop"
"PSMC1",5,2,5,-0.205668012733342,0.322317118997256,1,"drop"
"LIMD2",5,2,5,0.215543652754559,0.322295419836539,0.00300654336393516,"drop"
"PRELID3B",5,2,5,0.042005431008105,0.321855197044515,1,"drop"
"HADHB",5,2,5,-0.203239564659914,0.319609742064944,1,"drop"
"GLYR1",5,3,5,-0.199068697407156,0.319094422377664,1,"drop"
"DR1",5,2,5,-0.19866999749543,0.318091829050755,1,"drop"
"SIRT2",5,2,5,0.0638584646582088,0.314245154002247,1,"drop"
"NMT1",5,3,5,0.0746171657898016,0.30846000008926,0.0661435635278668,"drop"
"PSMD7",5,1,5,-0.304945117327423,0.304945117327423,1,"drop"
"ZCRB1",5,3,5,-0.0445036859736848,0.299587708615932,1,"drop"
"ESD",5,3,5,-0.175055630547865,0.284667290860048,1,"drop"
"PTRHD1",5,2,5,-0.276768504748541,0.276768504748541,1,"drop"
"CCT3",5,2,5,-0.275912496379735,0.275912496379735,0.00882133413187711,"drop"
"CD3E",4,3,11,0.649069980264607,0.7049634952179,1,"drop"
"TLE3",4,3,10,0.336690993887941,0.644359843436185,0.0000617298082942664,"drop"
"LPAR6",4,3,10,-0.241644353288304,0.599196767994921,1,"drop"
"ISG20L2",4,3,10,-0.190620179132953,0.542010053927757,1,"drop"
"TRPV2",4,3,10,-0.198533147403505,0.505127528959791,1,"drop"
"IRF7",4,3,10,-0.0457606739237077,0.478005601029712,1,"drop"
"NIPAL3",4,3,10,-0.200689066807664,0.472119113794246,1,"drop"
"MBIP",4,3,10,0.210361578961589,0.469035052030285,1,"drop"
"CNBD2",4,3,10,0.114988406806962,0.452020109041013,1,"drop"
"LENG1",4,3,10,0.157479846168951,0.448201066020883,1,"drop"
"ADAM17",4,3,10,0.0138452018149765,0.410072814608965,1,"drop"
"YBX3",4,3,10,0.0486625701397212,0.397838001436601,0.0000336001386028216,"drop"
"MAFF",4,3,9,-0.154020449886442,1.48580229470223,0.00000207251544370774,"drop"
"LMNA",4,3,9,0.349325839982644,1.20145950882579,0.0000000335200945604146,"drop"
"DUSP6",4,3,9,-0.556678664874323,0.95536007357065,0.0000116798352150029,"drop"
"LLGL2",4,3,9,0.307419400541288,0.902259091002825,1,"drop"
"TRIM22",4,3,9,0.62459329077824,0.872105973550195,0.0000184467750627659,"drop"
"LDLR",4,3,9,-0.0928904654632908,0.864706493941678,0.00646589391036148,"drop"
"PTGS2",4,3,9,0.00736306230511647,0.830885175262499,0.000000000000229446660060463,"drop"
"ECHDC2",4,3,9,0.699553982664142,0.805546496259206,0.717878247866984,"drop"
"SLC4A1AP",4,3,9,-0.509306538908991,0.772924721574108,1,"drop"
"RASGEF1B",4,3,9,0.521195106799594,0.77159378901032,1,"drop"
"MKNK1",4,3,9,0.145436250178981,0.70602930938648,0.0054953799571923,"drop"
"ZBTB10",4,3,9,0.359732261743103,0.630411317836513,1,"drop"
"IL1RAP",4,3,9,-0.321645097423874,0.622714906478136,0.0000114031963376426,"drop"
"TRG-AS1",4,3,9,-0.324407332809711,0.612444639914314,0.879405609687746,"drop"
"PTPN7",4,3,9,-0.113124554645739,0.609845260551602,1,"drop"
"ARMC10",4,3,9,-0.395187441677923,0.605930164102638,1,"drop"
"HSPA1A",4,3,9,-0.346896487902245,0.586715580990648,0.000626767708564605,"drop"
"HEXIM1",4,3,9,0.128638723934455,0.572279843460633,1,"drop"
"CLIP4",4,3,9,0.0744546347742319,0.55221370474139,1,"drop"
"RNF144B",4,3,9,0.0139246087061964,0.550744109129124,0.000804715229350434,"drop"
"FAM110A",4,3,9,-0.230782708821955,0.547852232927719,0.606363464626556,"drop"
"TOB2",4,3,9,0.0221627498522875,0.537340186178881,0.558665755583959,"drop"
"TRBC2",4,3,9,0.464491514269906,0.536476338552302,1,"drop"
"SLC6A6",4,3,9,0.124810327987906,0.53555961976216,1,"drop"
"ZNF480",4,3,9,-0.0665919335197461,0.534790127489384,1,"drop"
"PRPF38A",4,3,9,0.371343973941509,0.527809292191786,1,"drop"
"VPS33A",4,3,9,-0.0720303014167091,0.522456089973195,1,"drop"
"GK5",4,3,9,0.0805687700489511,0.51677068066022,1,"drop"
"RNF138",4,3,9,0.169832573854749,0.51376321158506,1,"drop"
"ETS2",4,3,9,-0.0458554645755743,0.511371570992575,0.00921864035330089,"drop"
"SSH1",4,3,9,0.292079369728211,0.49752301244172,1,"drop"
"PET117",4,3,9,0.317330246897125,0.497517934651236,1,"drop"
"ZFYVE16",4,3,9,0.222926054511182,0.485463168301431,1,"drop"
"LDHB",4,3,9,-0.00942423559567877,0.484143397599038,0.0914896232205046,"drop"
"DDT",4,3,9,-0.326385180283101,0.477780592992311,0.856921271362205,"drop"
"SH3KBP1",4,3,9,-0.405501184941075,0.474376159586579,1,"drop"
"SH2D3C",4,3,9,-0.0960917129210764,0.47283421485926,1,"drop"
"DOK2",4,3,9,-0.0726443626265103,0.464777301593083,1,"drop"
"ARHGAP4",4,3,9,0.00829082547483778,0.463738095717456,1,"drop"
"RBM15B",4,3,9,0.0756170725184537,0.463583057749509,1,"drop"
"NECAP2",4,3,9,-0.102228956130861,0.45377648579343,1,"drop"
"VPS11",4,3,9,0.316927883234208,0.453223410003986,1,"drop"
"SLC35D2",4,3,9,0.0662638758035063,0.450426192059492,0.492794725573597,"drop"
"ARL8B",4,3,9,0.102674665078144,0.449352047134163,1,"drop"
"STK39",4,3,9,0.0154094635300457,0.448242142706927,1,"drop"
"PSME4",4,3,9,0.172763408410918,0.446107698968082,1,"drop"
"RORA",4,3,9,0.270373245150557,0.444156354490678,0.16054199184156,"drop"
"PRKAR2A",4,3,9,0.127516237902376,0.439651547604129,0.908653407186357,"drop"
"ATF2",4,3,9,-0.0663611226704692,0.439080520050329,1,"drop"
"TRIM59",4,3,9,0.0508716391248785,0.437573763002625,1,"drop"
"TAX1BP3",4,3,9,-0.0979442027975862,0.433908102836001,1,"drop"
"RSL24D1",4,3,9,0.343492004324965,0.431248030800557,1,"drop"
"EP400",4,3,9,0.0550870106991577,0.430527171492639,1,"drop"
"GOSR2",4,3,9,-0.121302427178245,0.415584565340741,1,"drop"
"SPI1",4,3,9,-0.149856292137947,0.414722464643035,1,"drop"
"SRI",4,3,9,-0.255823346815892,0.411392938707249,1,"drop"
"EDEM3",4,3,9,0.105360039930685,0.409121728713024,1,"drop"
"FHL3",4,3,9,-0.35118519314021,0.408181956589897,1,"drop"
"SERINC3",4,3,9,0.0199239057598149,0.398973119788528,1,"drop"
"FH",4,3,9,-0.313275969543796,0.395651412394903,1,"drop"
"TOX4",4,3,9,-0.108836010609482,0.392390752075042,1,"drop"
"GNAQ",4,3,9,0.0807828769310989,0.387947916752708,1,"drop"
"EIF3J",4,3,9,-0.0143495866163557,0.356534015466717,1,"drop"
"FBXO7",4,3,9,0.0133372421018641,0.352149003577558,1,"drop"
"TMEM263",4,3,9,0.188332097411246,0.350236806294068,1,"drop"
"HBP1",4,3,9,0.140884482523637,0.343739807837815,1,"drop"
"NR4A1",4,3,8,0.379188324852933,1.30668197012211,0.0509427317235163,"drop"
"DAB2",4,3,8,-0.270623037473344,0.97863592308835,1,"drop"
"EGR1",4,3,8,0.263336532170368,0.962920842270665,0.0160778640317108,"drop"
"ARRDC2",4,3,8,0.335079728149013,0.783980761178173,1,"drop"
"SIT1",4,3,8,-0.757652050645417,0.757652050645417,1,"drop"
"RAB32",4,3,8,-0.369139964255019,0.70134877144015,1,"drop"
"TMBIM1",4,3,8,0.148137149470617,0.692863351026763,1,"drop"
"CX3CR1",4,3,8,0.0103930554003748,0.684662089182631,0.000427670207087174,"drop"
"VPS53",4,3,8,0.361020459490196,0.678982600053091,1,"drop"
"B3GNT5",4,3,8,0.142007671287953,0.672218707157957,0.000413102942009567,"drop"
"NCBP3",4,3,8,0.365301784521573,0.646106106845387,1,"drop"
"NFKB2",4,3,8,0.227399118472708,0.639774778161357,1,"drop"
"LSP1",4,3,8,-0.0297284745049965,0.638682060082535,1,"drop"
"SSX2IP",4,3,8,0.514168958688871,0.636696966912818,1,"drop"
"CCDC137",4,3,8,0.139180210451211,0.634681878675665,0.108751801983327,"drop"
"COASY",4,3,8,0.0808522916439616,0.622083566695798,1,"drop"
"NRROS",4,3,8,-0.116444612339646,0.620850715134196,0.537097292738169,"drop"
"ANAPC10",4,3,8,-0.603058942434622,0.603058942434622,1,"drop"
"SP4",4,3,8,-0.147461758005492,0.598792766303897,1,"drop"
"NPLOC4",4,3,8,0.000274688379286736,0.596830935011909,1,"drop"
"LONP2",4,3,8,0.0244973893413011,0.592186761251333,1,"drop"
"PDLIM7",4,3,8,-0.15379361139614,0.590578292293245,1,"drop"
"BRWD3",4,3,8,0.377889111520678,0.586222282260152,1,"drop"
"PHF1",4,3,8,0.103029746172406,0.571427393056433,1,"drop"
"PELI2",4,3,8,0.187405744309219,0.569607084206984,1,"drop"
"FAM13A",4,3,8,-0.399427828997433,0.561803512721887,1,"drop"
"RPGR",4,3,8,0.276070889796797,0.559731237987817,1,"drop"
"TMCO1",4,3,8,-0.197694297207786,0.549586381528647,1,"drop"
"ATP1A1",4,3,8,-0.157410539465508,0.546499734374579,1,"drop"
"OTUD1",4,3,8,0.546277677716733,0.546277677716733,1,"drop"
"MIEF1",4,3,8,0.35759472136546,0.545812534857627,1,"drop"
"IKZF2",4,3,8,-0.200667687098691,0.542637675316385,1,"drop"
"AC127502.2",4,3,8,0.236627871390724,0.539787824462151,1,"drop"
"FGL2",4,3,8,-0.186416674511202,0.539313742234522,0.123573974935235,"drop"
"TMCC1",4,3,8,0.373305633561909,0.53608644910354,1,"drop"
"RNF4",4,3,8,0.202159699200866,0.534953404433058,1,"drop"
"FRAT1",4,3,8,-0.381758953776789,0.533682714772229,0.000131265564823197,"drop"
"AL136038.5",4,3,8,0.533105013344867,0.533105013344867,1,"drop"
"CHMP4A",4,3,8,0.00310396491555914,0.531778083468902,1,"drop"
"NIPSNAP1",4,3,8,-0.46491429325575,0.530828113486765,1,"drop"
"CYB561D2",4,3,8,-0.209284685676622,0.52543491441254,1,"drop"
"RAP1A",4,3,8,0.179132580466791,0.524222536762866,1,"drop"
"TBC1D20",4,3,8,0.182183963163061,0.522687355266049,1,"drop"
"PRKRIP1",4,3,8,0.283296426257462,0.522560938584776,1,"drop"
"CBR4",4,3,8,-0.522012039861075,0.522012039861075,0.134632447319277,"drop"
"RAD51-AS1",4,3,8,0.130424433598434,0.51892046415056,1,"drop"
"STARD3NL",4,3,8,-0.219739937977979,0.517070369961312,1,"drop"
"ADA",4,3,8,0.104135389441073,0.514381112191146,1,"drop"
"MAP3K7",4,3,8,-0.167549247956326,0.511423046224922,1,"drop"
"AL450998.2",4,3,8,-0.318561841316892,0.51082678270229,1,"drop"
"MAD1L1",4,3,8,0.102470463610541,0.506880949495156,0.32680154829413,"drop"
"SENP6",4,3,8,-0.140986905573238,0.503193982313816,1,"drop"
"NUCB2",4,3,8,-0.0480786169236407,0.501137150249984,1,"drop"
"SMAD4",4,3,8,-0.104052437604803,0.500780967533356,1,"drop"
"B3GNT2",4,3,8,0.114033099342525,0.496878402553418,1,"drop"
"SLA2",4,3,8,0.137860434679262,0.494261389794858,1,"drop"
"PDE12",4,3,8,0.20338790892067,0.491952294782691,1,"drop"
"SESTD1",4,3,8,0.265713496258464,0.487556047293543,1,"drop"
"WDR36",4,3,8,-0.419762851445239,0.487172697583573,1,"drop"
"BNIP3L",4,3,8,0.0284571799491402,0.483750826864869,0.742385213871769,"drop"
"PAK1",4,3,8,0.116723591641559,0.477214837458363,0.0000304121378917709,"drop"
"TAB3",4,3,8,-0.00540257748074638,0.475409840492423,1,"drop"
"CBX7",4,3,8,0.0643014852865544,0.474461091063058,1,"drop"
"ZNF609",4,3,8,-0.0415042907246365,0.474177744853233,1,"drop"
"RASSF5",4,3,8,0.250078483930615,0.474094444834342,1,"drop"
"ASCL2",4,3,8,-0.114509330148308,0.469779256506165,1,"drop"
"PYGL",4,3,8,-0.388765440283936,0.468873496556762,1,"drop"
"MTHFD2L",4,3,8,0.319795491524358,0.46844340496186,1,"drop"
"SLAMF6",4,3,8,-0.258263073631859,0.466184256449742,0.66980235868885,"drop"
"SDF2L1",4,3,8,0.133425636346248,0.464129972513244,1,"drop"
"RNF24",4,3,8,-0.143786648971061,0.463465022198404,1,"drop"
"CARD19",4,3,8,0.270329468307691,0.454929044724798,1,"drop"
"FAM199X",4,3,8,-0.0472581597652404,0.453895213475115,1,"drop"
"C9orf72",4,3,8,0.219106311869625,0.450637603170648,1,"drop"
"CYP51A1",4,3,8,0.351960779491976,0.449456327393895,1,"drop"
"TMEM173",4,3,8,-0.44847252775646,0.44847252775646,1,"drop"
"RALGAPA2",4,3,8,-0.0387563053869874,0.448276572766424,1,"drop"
"BCR",4,3,8,0.0794446863981496,0.44789577808547,1,"drop"
"COPS8",4,3,8,0.277949482291746,0.44547979700987,1,"drop"
"TMC8",4,3,8,0.28528119409139,0.445200985204759,1,"drop"
"ZNF770",4,3,8,0.0869571129392379,0.444646120402307,1,"drop"
"SNX1",4,3,8,-0.127340614439798,0.444371882697428,1,"drop"
"KPNA6",4,3,8,-0.250050585591325,0.44354530782796,1,"drop"
"PLEKHM1",4,3,8,0.0492367619999461,0.442746710926181,1,"drop"
"GGCX",4,3,8,0.145307712469072,0.442101008111362,1,"drop"
"HLX",4,3,8,-0.0653407984108041,0.441671300713474,1,"drop"
"FAM53C",4,3,8,-0.195377265488415,0.440237127775524,1,"drop"
"FXN",4,3,8,-0.0163248988693129,0.438689259930071,1,"drop"
"TSFM",4,3,8,-0.105834946742569,0.437777934463878,1,"drop"
"WTAP",4,3,8,-0.0666588577117755,0.432120794543128,1,"drop"
"ARL8A",4,3,8,0.240287565590937,0.432116925130516,1,"drop"
"STAU2",4,3,8,0.0808598615857434,0.428758319789272,1,"drop"
"NFATC1",4,3,8,-0.169685038291789,0.426346793511231,1,"drop"
"SIPA1",4,3,8,-0.252076184991712,0.420887574623225,1,"drop"
"PITPNA-AS1",4,3,8,0.167634205908186,0.418247541114998,1,"drop"
"DERL2",4,3,8,-0.082173158193686,0.416948687195509,1,"drop"
"ZMYM2",4,3,8,0.221553761713095,0.41526906818002,1,"drop"
"GABPA",4,3,8,0.0210064723849594,0.413651032506225,1,"drop"
"FAM120AOS",4,3,8,0.0798199683895831,0.411330838238137,1,"drop"
"LYL1",4,3,8,-0.238640788729641,0.410217351224175,0.116997575040669,"drop"
"AUP1",4,3,8,-0.222370749216187,0.407329978614079,1,"drop"
"HEXA",4,3,8,-0.310628743872289,0.407220771840956,1,"drop"
"TUG1",4,3,8,-0.0114090617448841,0.405090387851398,1,"drop"
"TMEM181",4,3,8,-0.251650101162334,0.402187514003858,1,"drop"
"WDTC1",4,3,8,-0.00440038158508437,0.40056871294983,1,"drop"
"ARRB1",4,3,8,-0.0101517725669664,0.399167768193126,1,"drop"
"TCEAL4",4,3,8,0.100855053917974,0.398911256686167,1,"drop"
"TXN",4,3,8,-0.231566609811907,0.397869637400363,0.0160272194881847,"drop"
"PPP2R3C",4,3,8,-0.303054865384849,0.393154951203035,1,"drop"
"ARHGEF9",4,3,8,-0.0482113642402377,0.392342492153611,1,"drop"
"FAM98C",4,3,8,0.175332221440752,0.391817148235035,1,"drop"
"GORASP2",4,3,8,0.182541915846213,0.391765064863221,1,"drop"
"MRPS10",4,3,8,0.0484740285536485,0.389009827935936,1,"drop"
"SUCLG1",4,3,8,-0.198360656226595,0.384239982530647,0.0707281376410045,"drop"
"LRRK2",4,3,8,-0.211045269780003,0.382453910276065,0.19084468276931,"drop"
"AIP",4,3,8,-0.309072348507058,0.380686094543531,0.599357512856055,"drop"
"YDJC",4,3,8,-0.186593038433,0.370652796044222,1,"drop"
"PSMB3",4,3,8,-0.298787052433544,0.369997839354277,1,"drop"
"GTF2E2",4,3,8,-0.13751823740505,0.365384548909071,0.207413303602053,"drop"
"NUFIP2",4,3,8,0.153615655553009,0.364188127694902,0.016560257418601,"drop"
"OTUD4",4,3,8,0.166459198740678,0.359844575346483,1,"drop"
"SURF4",4,3,8,-0.153529165960989,0.359736003420214,1,"drop"
"REXO1",4,3,8,-0.0188678727671851,0.359601567760753,1,"drop"
"DNAJB12",4,3,8,-0.178753558131942,0.356106997919051,1,"drop"
"P4HB",4,3,8,-0.234877494085467,0.354260406899576,1,"drop"
"DGKA",4,3,8,0.0597906784125001,0.353559598286169,1,"drop"
"LCOR",4,3,8,0.133293921773887,0.344317349904402,1,"drop"
"CORO1A",4,3,8,-0.180781898540497,0.342341909914239,0.0000657969737225462,"drop"
"TNIK",4,3,8,0.00472552998061224,0.336669297325243,1,"drop"
"MAP3K13",4,3,8,-0.141799356312174,0.335393096635324,1,"drop"
"RNPS1",4,3,8,-0.0991996564507618,0.323909376162115,1,"drop"
"GCC2",4,3,8,0.0700963964688879,0.322022282088812,1,"drop"
"STRADA",4,3,7,0.834374564948669,0.955553156463608,1,"drop"
"ZNF493",4,3,7,-0.283616751767614,0.850536764699506,1,"drop"
"ZNF195",4,3,7,0.221409203676935,0.844567764197082,1,"drop"
"NBAS",4,3,7,-0.206404049152348,0.755549825263366,1,"drop"
"SGK1",4,3,7,0.466800036018964,0.732622096573565,0.693610962921633,"drop"
"CHSY1",4,3,7,-0.108435803524372,0.732387972816085,1,"drop"
"TUBB6",4,3,7,-0.379255654338472,0.731346170264262,0.0000806655936866696,"drop"
"ZC3HAV1",4,3,7,0.642233589219295,0.717719026084162,0.0000000935564782424054,"drop"
"ALPK1",4,3,7,-0.39067672208681,0.700094926200102,1,"drop"
"MEF2C",4,3,7,0.157430191181033,0.691756359839034,0.000000000151281895170292,"drop"
"TNFAIP2",4,3,7,0.154127855822362,0.691677073675512,1,"drop"
"IGHM",4,3,7,0.527265221628418,0.68725128226131,0.231515227709606,"drop"
"CCR1",4,3,7,0.293223194636703,0.684099886020504,0.0000485196800453844,"drop"
"LIX1L",4,3,7,-0.233698467503519,0.680947690938034,1,"drop"
"PNP",4,3,7,-0.347472785539805,0.679057149125103,0.0269479195070225,"drop"
"EVL",4,3,7,0.67525643205024,0.67525643205024,1,"drop"
"WDFY4",4,3,7,0.041390440634412,0.666802052438908,1,"drop"
"MPHOSPH9",4,3,7,0.398217083019956,0.664191490129162,0.0468104223763276,"drop"
"IFITM3",4,3,7,0.326122653204755,0.662237407884076,0.0000000152710343435084,"drop"
"SLC11A1",4,3,7,-0.446193709830428,0.654347241609707,0.000000000593741277367968,"drop"
"LINC02591",4,3,7,-0.243823368496657,0.648775239269578,1,"drop"
"ACSF3",4,3,7,0.0355613268704737,0.642269898097461,1,"drop"
"PPP1R9B",4,3,7,0.270139626417788,0.635633745769389,1,"drop"
"TCTEX1D2",4,3,7,0.181051280555906,0.619801220806438,1,"drop"
"CHD3",4,3,7,0.164366278782466,0.619681875457899,1,"drop"
"IKBIP",4,3,7,-0.345259839369315,0.616062693693308,1,"drop"
"CD79B",4,3,7,-0.0953065402153244,0.615457299157112,0.0000000000000000000929559800702371,"drop"
"NUP210",4,3,7,0.110648381438424,0.611744031819203,0.00656312024409548,"drop"
"TMEM123",4,2,7,0.60884330435755,0.60884330435755,0.00000076251314327864,"drop"
"PCED1B-AS1",4,3,7,0.506057607161921,0.607186258258195,1,"drop"
"Z99127.4",4,2,7,-0.0714914075632417,0.606054430049704,1,"drop"
"S100PBP",4,3,7,-0.0902548686740686,0.604196108155565,1,"drop"
"IL17RA",4,3,7,-0.382414657812933,0.595195958717957,1,"drop"
"GCH1",4,3,7,0.1442532465772,0.589895444583917,1,"drop"
"G2E3",4,3,7,0.279175255672105,0.588913321597353,1,"drop"
"SIRT1",4,3,7,0.106933102472038,0.580383586011632,0.0356618952009652,"drop"
"POGK",4,3,7,0.305971801494276,0.580268738893525,1,"drop"
"AC012615.1",4,3,7,0.112399447871543,0.574461912520959,1,"drop"
"METTL2B",4,3,7,0.0360703744941058,0.57424653235395,1,"drop"
"GCLC",4,3,7,-0.328864892295877,0.573961994736005,0.00133349663449725,"drop"
"ZNF138",4,3,7,0.336232186605191,0.566498148527103,1,"drop"
"HAUS3",4,3,7,-0.0292192565347228,0.565858442432145,1,"drop"
"AC058791.1",4,3,7,0.462947873852445,0.564854166581368,1,"drop"
"ABI3",4,3,7,-0.484713548618139,0.564402781081712,0.000000000860969369344982,"drop"
"RASSF2",4,3,7,0.35996764359527,0.564036080745252,1,"drop"
"MRNIP",4,3,7,-0.136723969248297,0.562613375078886,1,"drop"
"UBR1",4,3,7,-0.477011973204231,0.561039632824293,1,"drop"
"PLAUR",4,3,7,0.329437531261595,0.553268000672839,1,"drop"
"SERTAD3",4,3,7,0.111162269321096,0.551434255254541,1,"drop"
"ITPRIP",4,3,7,0.317430430405556,0.548670303486464,0.497130399966242,"drop"
"HIBCH",4,3,7,-0.16036252493543,0.547924321224358,1,"drop"
"MTFP1",4,3,7,-0.225524374195961,0.547865781994506,0.03446416935858,"drop"
"FBXO38",4,3,7,-0.407001868403597,0.545476626859599,1,"drop"
"ARHGAP18",4,3,7,0.130519572360071,0.544814186907733,1,"drop"
"ZNF652",4,3,7,0.383234725907799,0.543680628719352,1,"drop"
"PLK3",4,3,7,-0.377807241309634,0.537970997537276,1,"drop"
"SLC38A10",4,2,7,-0.53549779482266,0.53549779482266,1,"drop"
"DDB2",4,3,7,-0.221740749688327,0.534759004745427,1,"drop"
"SLC50A1",4,3,7,0.200474067709042,0.534430554772519,1,"drop"
"FGR",4,3,7,-0.534334322633157,0.534334322633157,0.239310339664002,"drop"
"OTULIN",4,3,7,0.0788389522163254,0.533827353296836,1,"drop"
"GZMA",4,3,7,0.153656051716267,0.529832855180747,0.00000000000150391484756508,"drop"
"CHMP2B",4,3,7,-0.265154881175498,0.529762419590453,1,"drop"
"C11orf21",4,3,7,-0.35948936159869,0.529321498999759,1,"drop"
"HSPA13",4,3,7,0.026861262400286,0.528283647822376,1,"drop"
"ZNF302",4,3,7,-0.228268653654151,0.526988100801841,1,"drop"
"SIAH1",4,3,7,0.207661472998292,0.526703989994887,1,"drop"
"GNL3L",4,2,7,-0.323087340087546,0.524542802775181,1,"drop"
"EXOC5",4,2,7,-0.443923181119419,0.522276237806192,1,"drop"
"THAP9-AS1",4,3,7,0.0111065815473174,0.521798004392827,1,"drop"
"GIGYF1",4,3,7,0.089868211895642,0.519221120681599,1,"drop"
"FBXW4",4,3,7,-0.000694457842059142,0.518714379954909,1,"drop"
"SUPV3L1",4,3,7,0.178450006197673,0.518540955724448,1,"drop"
"MRPL15",4,3,7,-0.518388761819238,0.518388761819238,1,"drop"
"RNF19B",4,3,7,0.187077509155166,0.518175739099352,1,"drop"
"SNRNP70",4,3,7,-0.378183073595225,0.516805031526333,1,"drop"
"GZMM",4,3,7,0.51673583590072,0.51673583590072,1,"drop"
"MAP3K3",4,3,7,0.0395593303925689,0.515732061416201,1,"drop"
"EED",4,3,7,-0.433215517510279,0.515580326101687,1,"drop"
"TBL1X",4,3,7,-0.262928146518365,0.514195792998968,1,"drop"
"EMSY",4,3,7,0.153442473090637,0.513812552083186,1,"drop"
"NRAS",4,3,7,0.0544267595392584,0.511901468637991,1,"drop"
"STAM",4,3,7,-0.180942619159181,0.511531451909409,1,"drop"
"CTSD",4,3,7,0.00012480578319714,0.510946760329458,1,"drop"
"LY96",4,3,7,-0.127679663865223,0.508329684433058,0.345025810129941,"drop"
"VPS26C",4,3,7,-0.179552344494826,0.507155051963383,1,"drop"
"DNAJC5",4,3,7,-0.102752978851474,0.505751888676799,1,"drop"
"TTLL3",4,3,7,0.0968866808404328,0.504294297171791,1,"drop"
"CBR1",4,3,7,-0.235443799933967,0.503987601932507,1,"drop"
"STAT4",4,3,7,-0.043705000357484,0.500257888605689,1,"drop"
"RAB18",4,3,7,0.094629224457404,0.499923877365302,1,"drop"
"CPQ",4,3,7,0.116444419829408,0.499697986504484,1,"drop"
"MRPL10",4,3,7,-0.0174174042514933,0.499201179009764,1,"drop"
"PRKCQ",4,3,7,-0.272114322086611,0.496992499927232,1,"drop"
"HLA-DMA",4,3,7,0.0654053988049437,0.496899318243647,0.00000000342937731501644,"drop"
"APLP2",4,3,7,-0.0336368251852448,0.496312397874934,0.00000103363463542654,"drop"
"WDFY2",4,3,7,0.126694577982782,0.495239339251365,1,"drop"
"SPOPL",4,3,7,0.236681426928625,0.495216863819102,1,"drop"
"IKZF5",4,3,7,0.0418750892373121,0.49435756037683,1,"drop"
"PI4KB",4,3,7,0.119252154718216,0.49274677476896,1,"drop"
"GLIPR2",4,3,7,-0.019306366146712,0.49171970859124,1,"drop"
"ZC3H14",4,3,7,-0.379419654943666,0.491494478697095,1,"drop"
"PLEKHB2",4,3,7,-0.160782445123888,0.488717375077052,1,"drop"
"DGLUCY",4,3,7,-0.294298495581589,0.486594573205306,1,"drop"
"LDHA",4,3,7,-0.16616139808614,0.484019903154656,1,"drop"
"ACTR6",4,3,7,-0.032403964102993,0.480675021327104,0.807932963542781,"drop"
"AC103591.3",4,3,7,0.374263160437685,0.479270145789287,1,"drop"
"DGKE",4,3,7,0.131553776130628,0.478187852020444,1,"drop"
"ATR",4,3,7,0.127503748290222,0.47649932643273,1,"drop"
"FLOT2",4,3,7,-0.278363310457404,0.476151267383684,1,"drop"
"BUD31",4,3,7,0.286632607137243,0.474782709600385,1,"drop"
"PTGES2",4,3,7,-0.308905590177966,0.474765130643622,1,"drop"
"KAT8",4,3,7,-0.327832619959929,0.471221106801905,1,"drop"
"PADI4",4,3,7,0.0111985605225289,0.470405371047293,1,"drop"
"PNKD",4,3,7,0.00486018818551314,0.470181384648822,1,"drop"
"FEZ2",4,3,7,-0.386803508131563,0.46852451466553,0.0000460725916312744,"drop"
"XPO1",4,3,7,0.17142404025689,0.467188808001189,0.00950440102290056,"drop"
"FCF1",4,3,7,0.237516167203044,0.460749160533918,1,"drop"
"MAP2K7",4,3,7,-0.0419644412379627,0.459842652584075,1,"drop"
"C15orf61",4,3,7,-0.0982846248181677,0.459539234199512,1,"drop"
"IMPAD1",4,3,7,0.250874543566582,0.459524539296616,1,"drop"
"ZNF507",4,3,7,0.0504085896464351,0.459040962967026,1,"drop"
"FAM98B",4,3,7,0.35969253522211,0.45881800311029,1,"drop"
"IMMT",4,3,7,-0.135857288632719,0.458217538374188,1,"drop"
"SDE2",4,3,7,0.457681869761515,0.457681869761515,1,"drop"
"ZMYM6",4,2,7,-0.0756554266733649,0.456416851154665,1,"drop"
"MRPL43",4,3,7,-0.365306532586013,0.456217617905472,1,"drop"
"TSEN54",4,3,7,0.0456813926965277,0.454198184794927,1,"drop"
"MEAF6",4,3,7,-0.240132430486215,0.452896784655489,1,"drop"
"PRNP",4,3,7,-0.269856275055324,0.45134227548509,1,"drop"
"EIF2AK4",4,3,7,-0.0851148622418907,0.451067331393224,1,"drop"
"RABGEF1",4,3,7,0.000444468733108002,0.450446172894405,0.00959052479735447,"drop"
"KPNA5",4,3,7,0.0347626496342793,0.450176475692693,1,"drop"
"SMARCB1",4,3,7,-0.213241343141596,0.448769469396366,0.0013242177572985,"drop"
"LPGAT1",4,3,7,-0.000723386944533,0.446389862188267,1,"drop"
"GPR160",4,3,7,-0.264433775938736,0.445138112677232,1,"drop"
"CEP63",4,3,7,-0.249190904870724,0.444556816496555,1,"drop"
"COPA",4,2,7,0.442567654007024,0.442567654007024,1,"drop"
"RBM43",4,3,7,0.158402974969756,0.442199274797087,1,"drop"
"LINC02256",4,3,7,0.294579794977056,0.440894300467036,1,"drop"
"RNF113A",4,3,7,-0.163961571050526,0.440324457197602,1,"drop"
"TIMM9",4,3,7,0.0454443958223427,0.439774549753483,1,"drop"
"R3HDM2",4,3,7,0.031122477942068,0.439174669837691,1,"drop"
"LSM3",4,3,7,0.315033314382371,0.438549449753279,1,"drop"
"STRADB",4,3,7,0.173946878304356,0.438326512648058,1,"drop"
"ATP6AP2",4,3,7,-0.0796927241374114,0.437652441121683,1,"drop"
"NSUN3",4,3,7,-0.139909416396012,0.43611597367123,1,"drop"
"RAB3D",4,3,7,-0.0661416928358103,0.435978405233497,1,"drop"
"USP53",4,3,7,-0.35044290423462,0.435450105702886,1,"drop"
"DDX28",4,3,7,-0.15639786845932,0.435157664205315,1,"drop"
"SEC61A1",4,3,7,0.00555803742705628,0.434423047910157,1,"drop"
"SELENOM",4,3,7,0.0608404802653077,0.43408063916898,0.246133450502883,"drop"
"KLHL2",4,3,7,-0.24592871550046,0.433423857328061,1,"drop"
"SEC61G",4,3,7,-0.0258569878251444,0.433179248336595,1,"drop"
"LTV1",4,3,7,-0.145285631491062,0.433156070233843,1,"drop"
"SRSF10",4,3,7,0.0815841965927187,0.431555009228915,0.0128835679765042,"drop"
"NF1",4,3,7,0.176992974967691,0.429624691906627,1,"drop"
"CITED4",4,3,7,0.0828009755143281,0.429574560827178,1,"drop"
"GNA12",4,3,7,0.233204453598913,0.429393415127556,1,"drop"
"NAT9",4,3,7,-0.04547845372036,0.428935240228749,1,"drop"
"MNAT1",4,3,7,0.339971789358223,0.428500742737662,1,"drop"
"DPM1",4,3,7,-0.196855661548832,0.42748605661676,1,"drop"
"NEPRO",4,3,7,0.221148580711773,0.427407767945768,1,"drop"
"STYX",4,3,7,0.192480424374204,0.427131872390191,1,"drop"
"RNF5",4,3,7,-0.208919501934172,0.425793757518272,1,"drop"
"RAB6A",4,2,7,0.343492680855026,0.425379710774312,1,"drop"
"NFAT5",4,3,7,0.0622470260725166,0.424841090979638,1,"drop"
"CALHM6",4,3,7,0.138828925601654,0.424600949800672,1,"drop"
"ELP6",4,3,7,-0.115571948034129,0.424584647340614,1,"drop"
"RRAGA",4,3,7,-0.350047981399012,0.42286598237061,1,"drop"
"PPP6R1",4,3,7,0.144653381453861,0.422678714890202,1,"drop"
"PRPSAP2",4,3,7,-0.176461071456622,0.42241767996144,1,"drop"
"PSTPIP1",4,3,7,-0.00245777188370201,0.421688679885287,0.0419606232716617,"drop"
"IMP4",4,3,7,-0.251424039849296,0.4216583517139,1,"drop"
"KHDRBS1",4,3,7,-0.317831088341676,0.421312094780091,1,"drop"
"ARRDC3",4,3,7,0.160935477534281,0.420175546148302,1,"drop"
"HAUS2",4,3,7,0.323603372655825,0.417985025959074,1,"drop"
"DMAP1",4,3,7,-0.417601884790407,0.417601884790407,1,"drop"
"ORC4",4,3,7,-0.149391199782099,0.416940660240186,1,"drop"
"LUZP1",4,3,7,-0.0928709808967327,0.416759667650001,1,"drop"
"SUCLG2",4,3,7,0.0773590178958488,0.416243022418082,1,"drop"
"PRPF31",4,3,7,-0.338991745141877,0.415345807538749,1,"drop"
"TAF11",4,3,7,0.409437787397282,0.409437787397282,1,"drop"
"PTDSS1",4,3,7,0.020536487369859,0.408701880805992,1,"drop"
"ING4",4,3,7,-0.232445324822553,0.407942930023071,1,"drop"
"FUBP3",4,3,7,0.112328188313578,0.406006775930705,1,"drop"
"ATP6AP1",4,3,7,-0.313960982736976,0.404692922060392,1,"drop"
"ATXN3",4,3,7,-0.404458251821787,0.404458251821787,1,"drop"
"SNRNP35",4,3,7,-0.243290781605389,0.403222025600228,1,"drop"
"PYROXD1",4,3,7,0.0450071237057003,0.402556191718943,1,"drop"
"CDC25B",4,3,7,-0.0998874263098162,0.401717325712148,0.685410463394681,"drop"
"SLC7A6OS",4,2,7,-0.289824942104931,0.401692929966488,1,"drop"
"SNHG29",4,3,7,0.0251119351471948,0.401017316560225,0.00162218096149526,"drop"
"EFTUD2",4,3,7,0.0914977076224471,0.398961022506073,1,"drop"
"MRPL22",4,3,7,-0.15890017080407,0.396714647302653,1,"drop"
"NPRL3",4,3,7,-0.103851884497437,0.395734953077964,1,"drop"
"ZDHHC24",4,3,7,-0.393470649570685,0.393470649570685,1,"drop"
"TERF2",4,3,7,-0.120141175977119,0.393376756993373,1,"drop"
"TMA16",4,3,7,-0.289283198159586,0.390808061870359,1,"drop"
"GARS",4,3,7,-0.0271178477233186,0.38765840275515,1,"drop"
"SLC25A28",4,3,7,-0.387261754548451,0.387261754548451,1,"drop"
"ZNF433-AS1",4,3,7,-0.0412144358338157,0.387060343482186,1,"drop"
"CHPT1",4,2,7,-0.118946854994529,0.386617180913861,1,"drop"
"GTF2I",4,3,7,-0.288584755750233,0.384126803894292,1,"drop"
"HDAC7",4,3,7,-0.136448616991369,0.382339075282645,1,"drop"
"PSMD4",4,3,7,-0.290112037133615,0.382029532787441,1,"drop"
"CKAP2",4,3,7,0.1280212828173,0.381854570024167,1,"drop"
"DNM1L",4,3,7,0.197908050083736,0.381508560723937,1,"drop"
"EHBP1L1",4,3,7,-0.0763004585316877,0.380876558010863,1,"drop"
"DENND5A",4,3,7,0.18596095746144,0.380657415156028,1,"drop"
"UAP1",4,3,7,-0.258659207528533,0.379613948794242,1,"drop"
"WDR82",4,3,7,0.104928157246475,0.379532713351479,1,"drop"
"ELP2",4,3,7,-0.0147088168833933,0.379055872744755,1,"drop"
"AKR1A1",4,3,7,-0.216818011315308,0.378565045722637,1,"drop"
"TRIM26",4,3,7,-0.0361125194088393,0.376859415296295,1,"drop"
"MYDGF",4,3,7,-0.28879825727943,0.376834221237108,1,"drop"
"MRPL40",4,3,7,0.0392591129878712,0.37640518447093,1,"drop"
"SDAD1",4,3,7,-0.243932387851465,0.375742515216111,1,"drop"
"MRPS23",4,3,7,-0.189661403490999,0.373849618866125,1,"drop"
"SEC22C",4,3,7,0.272570749490868,0.372585405980511,1,"drop"
"DNAJC7",4,3,7,-0.153536747044781,0.372391317860138,1,"drop"
"C9orf78",4,3,7,0.126922231950985,0.371542092251812,1,"drop"
"SEMA4D",4,3,7,0.0799643833552153,0.367660875527202,1,"drop"
"FTH1",4,3,7,0.0136607226059639,0.367137654620743,0.000000000271957874457951,"drop"
"TCEA1",4,3,7,0.127384985517716,0.366794759950201,1,"drop"
"POLR2E",4,3,7,0.200423344233094,0.365581749504182,1,"drop"
"HPCAL1",4,3,7,-0.198755636016788,0.365087894648521,0.804066818429179,"drop"
"HAT1",4,3,7,-0.162745330499462,0.365034795709524,1,"drop"
"ZNF226",4,3,7,-0.0824682871093646,0.364731871399875,1,"drop"
"ADPRM",4,3,7,-0.0306009687638836,0.364651012365938,1,"drop"
"SRSF6",4,3,7,-0.10382361434763,0.363797675113026,1,"drop"
"SPTLC1",4,3,7,0.0159262858157801,0.360967052968134,1,"drop"
"ACBD6",4,3,7,0.0338339673664919,0.358645504602354,1,"drop"
"RNF216",4,3,7,-0.0909890425835103,0.358203573219623,1,"drop"
"E2F4",4,3,7,-0.264004717227724,0.358152844545196,1,"drop"
"PUS7L",4,3,7,-0.043248608602254,0.358064922349643,1,"drop"
"HNRNPAB",4,3,7,-0.171987341892769,0.356408238760704,1,"drop"
"CDK5RAP3",4,3,7,0.051241165675552,0.355875362591999,1,"drop"
"ZNF622",4,3,7,-0.0598762435363344,0.355723523541227,1,"drop"
"CIAO2B",4,3,7,-0.201884816548958,0.355596821854384,0.246014002171286,"drop"
"SPRTN",4,3,7,-0.0462463695525934,0.353957576078358,1,"drop"
"MON2",4,3,7,0.0689466329905283,0.353214381641676,1,"drop"
"MALAT1",4,3,7,0.35308753662365,0.35308753662365,0.0000000190867188160437,"drop"
"MRPL45",4,3,7,-0.270337261012527,0.352880742767138,1,"drop"
"EIF5",4,3,7,0.0287844999174717,0.349740660745014,0.207842576339073,"drop"
"KDSR",4,3,7,-0.143844776676518,0.349639018804434,1,"drop"
"HSD17B12",4,3,7,0.035633886236381,0.348323103505456,1,"drop"
"EMD",4,3,7,0.0276694783583633,0.347954140916324,1,"drop"
"ENTPD1",4,3,7,-0.0508358854898076,0.346522167774562,1,"drop"
"NAA15",4,3,7,-0.0416354543036892,0.345360446018078,1,"drop"
"AC008555.4",4,3,7,0.0554226502053624,0.34512485846461,1,"drop"
"ITGAE",4,3,7,0.270060841070201,0.344980564284994,1,"drop"
"NFKBIB",4,3,7,0.0842938201693983,0.343865216401177,1,"drop"
"SDHD",4,3,7,-0.175447576430626,0.343734387567129,1,"drop"
"LCP1",4,3,7,0.144911823792459,0.342154890200199,0.0921298498698631,"drop"
"UBE2A",4,3,7,-0.255298780882136,0.336765543662562,0.0210200034091306,"drop"
"STX5",4,3,7,-0.139526132301008,0.335412843075481,1,"drop"
"TLR4",4,3,7,-0.215813432642594,0.328242260266783,1,"drop"
"MRPS7",4,2,7,-0.0849093024519126,0.32642264974691,1,"drop"
"RBM39",4,3,7,0.040293607594765,0.326065255093218,0.0219543855358093,"drop"
"PKM",4,3,7,-0.0228576776863621,0.322604766386245,1,"drop"
"THAP11",4,3,7,-0.231542177030353,0.321654588127798,1,"drop"
"DDX42",4,3,7,-0.24026057807672,0.319896153223887,1,"drop"
"ABCE1",4,3,7,0.0656302547478167,0.313608964935484,1,"drop"
"ARAP1",4,3,7,-0.067241575935932,0.312190082527965,1,"drop"
"COPS9",4,3,7,0.0521583898195654,0.305890735003144,1,"drop"
"FUBP1",4,3,7,-0.220212328617646,0.305448484206465,1,"drop"
"POMP",4,3,7,-0.0416131769034064,0.303874329878568,1,"drop"
"CIRBP",4,2,7,0.301225312773607,0.301225312773607,0.00000433498156217503,"drop"
"RSAD2",4,2,6,2.84797039569037,3.00366024162758,0.0000000000000000000000000000000000000479993436804615,"drop"
"IFIT2",4,2,6,1.01482780473951,1.34750550838936,0.0000000000000000000000000996647965045848,"drop"
"IFIT5",4,2,6,1.11332366258567,1.20559448205586,0.0000000791136663915375,"drop"
"ASPH",4,3,6,-0.403601501668224,0.982816856361989,0.0000000000000115650524034922,"drop"
"CEACAM4",4,3,6,-0.859150382681511,0.859150382681511,0.00410249744940586,"drop"
"ATP10D",4,3,6,0.608319480682137,0.815250547844145,1,"drop"
"MTX3",4,3,6,0.50959377686414,0.812150123598464,1,"drop"
"FBXO32",4,3,6,-0.0485708642721595,0.803253419311304,0.000803075002347351,"drop"
"TSPOAP1-AS1",4,2,6,0.671912610547601,0.795494959629594,1,"drop"
"SDHAF1",4,3,6,-0.448897796067263,0.777761252477551,1,"drop"
"TTN-AS1",4,3,6,0.274228145918444,0.743443253496618,1,"drop"
"METTL21A",4,3,6,-0.619077676655083,0.740155687512969,1,"drop"
"RGL4",4,3,6,-0.369037839035126,0.737598294828434,1,"drop"
"DEXI",4,3,6,-0.72488121001411,0.72488121001411,1,"drop"
"TCEA2",4,3,6,0.303825841831951,0.706433873502729,1,"drop"
"PPP1R8",4,3,6,0.198515678292619,0.695303457018074,1,"drop"
"NMRK1",4,3,6,-0.105419394225279,0.679205638316417,1,"drop"
"MRPL46",4,3,6,-0.67759133377351,0.67759133377351,1,"drop"
"MIR4435-2HG",4,3,6,0.285508663925795,0.676191709113382,1,"drop"
"NBEAL1",4,3,6,-0.120698414752421,0.675284107798679,1,"drop"
"INPP5K",4,3,6,-0.333478095845086,0.668579890073264,1,"drop"
"GAPT",4,3,6,-0.666443200070094,0.666443200070094,0.0000605508075545997,"drop"
"OBI1",4,3,6,-0.0952929638565033,0.666414211021049,1,"drop"
"SUSD1",4,3,6,-0.29694601373464,0.658703067825147,1,"drop"
"APP",4,3,6,0.645209109443114,0.645209109443114,1,"drop"
"KLRK1",4,3,6,0.187096580008141,0.644537972882296,0.00000000132250063881219,"drop"
"RXRA",4,3,6,0.280810705761741,0.641458525225787,1,"drop"
"FAM78A",4,3,6,-0.374247104774758,0.637952152088387,1,"drop"
"PPIF",4,3,6,0.223221957610786,0.632068154371973,0.19018635117625,"drop"
"YPEL1",4,2,6,0.12383607944572,0.631075785552638,1,"drop"
"TADA2B",4,3,6,0.299233686486339,0.628874476894579,1,"drop"
"VPS72",4,3,6,-0.490979620533646,0.628486847372153,1,"drop"
"ACSL1",4,3,6,-0.627988017547342,0.627988017547342,0.00000787456851500556,"drop"
"SFI1",4,3,6,-0.107509072939543,0.626842754021341,1,"drop"
"AL133342.1",4,3,6,0.302396313393507,0.615294472126592,1,"drop"
"CARD8-AS1",4,2,6,-0.610779333484435,0.610779333484435,0.634179095536612,"drop"
"KDM5C",4,3,6,-0.0805198496898052,0.608681636795758,1,"drop"
"CTSZ",4,3,6,0.15125269926027,0.607516444770404,1,"drop"
"PRDX5",4,3,6,-0.00387128046585331,0.605529444213358,1,"drop"
"CIB1",4,3,6,-0.396770460017133,0.600459363406008,1,"drop"
"NBPF19",4,3,6,-0.130553289172414,0.596268688180203,1,"drop"
"SLC25A39",4,3,6,0.106019018409521,0.587971177042098,1,"drop"
"RFLNB",4,3,6,0.003459737685038,0.583736870827714,1,"drop"
"VPS41",4,3,6,0.181277461927496,0.575983523890532,1,"drop"
"WDR45B",4,3,6,0.352639289075262,0.575237331858219,1,"drop"
"UBN2",4,3,6,-0.122062331386511,0.574956059517844,1,"drop"
"CTPS1",4,3,6,0.399317400956024,0.57389044905323,1,"drop"
"CAMK2D",4,3,6,0.469275330986087,0.572190366943744,1,"drop"
"UBXN2A",4,3,6,0.0183435817647862,0.569858773431128,1,"drop"
"SAE1",4,3,6,-0.165471898201721,0.568559180194443,1,"drop"
"IFRD2",4,3,6,-0.41251293703981,0.568166044834887,0.254243219925908,"drop"
"PPP4R1",4,3,6,0.133606111210394,0.566934716032554,1,"drop"
"ARFIP1",4,3,6,0.244082163412071,0.565555976413605,1,"drop"
"LIN7C",4,3,6,-0.12154258491954,0.563319391000573,1,"drop"
"SP100",4,3,6,0.430410261360267,0.562368597708958,1,"drop"
"RTRAF",4,2,6,-0.15789261791374,0.561548016599066,1,"drop"
"TRIM23",4,3,6,-0.214569117578819,0.560047490559765,1,"drop"
"CORO1C",4,3,6,0.209234577666437,0.559368730373624,1,"drop"
"DTYMK",4,3,6,-0.244002457074706,0.558746546290778,1,"drop"
"RRN3",4,3,6,-0.554879946872918,0.554879946872918,1,"drop"
"TMEM70",4,3,6,-0.169587563858261,0.553878326252325,1,"drop"
"NMT2",4,3,6,0.457210158795067,0.553054326801199,1,"drop"
"RHBDD2",4,3,6,0.064817845293889,0.55303308611404,1,"drop"
"TRAF3",4,3,6,-0.165267198589529,0.550725061208383,1,"drop"
"ETNK1",4,3,6,-0.550463816662222,0.550463816662222,1,"drop"
"POGLUT1",4,3,6,-0.419994795787668,0.548609212983741,1,"drop"
"KIAA0319L",4,3,6,-0.452502450645989,0.548067530724562,1,"drop"
"NADSYN1",4,3,6,0.202671591502972,0.546838601230334,1,"drop"
"GSN",4,3,6,0.0763078716468803,0.544518527781788,1,"drop"
"NUMA1",4,3,6,-0.257743597684381,0.543098880649354,1,"drop"
"ARL2",4,3,6,-0.430992589154431,0.542651933207188,0.0441096756651901,"drop"
"TOMM40",4,3,6,-0.452460774641537,0.541572103418488,1,"drop"
"COMMD1",4,2,6,0.17010035888545,0.540523994587376,1,"drop"
"HPS5",4,3,6,0.0541442736902282,0.534456437381981,1,"drop"
"ZNF22",4,3,6,-0.387089762515547,0.533955240330112,1,"drop"
"TRIM27",4,3,6,-0.347270177066683,0.532910199427874,1,"drop"
"KLF12",4,3,6,0.349587634296433,0.528968808485995,1,"drop"
"PHACTR2",4,3,6,0.0836309283478237,0.527264260831559,1,"drop"
"GSK3B",4,3,6,-0.118125806640959,0.527233716330085,1,"drop"
"GABPB1",4,3,6,-0.166305481725884,0.525325449236682,1,"drop"
"MOCS2",4,3,6,-0.103154297423609,0.525007156483427,1,"drop"
"FHIT",4,3,6,0.285649331927472,0.525004644557622,0.117320663866817,"drop"
"AMZ2",4,3,6,0.369166808931968,0.520120552311257,1,"drop"
"LYPLAL1",4,3,6,0.0947432410496772,0.519803676363441,1,"drop"
"PACS1",4,3,6,0.519301396411524,0.519301396411524,1,"drop"
"VKORC1",4,3,6,0.0378522073335037,0.519140342115995,1,"drop"
"UBE2O",4,3,6,-0.250147981710698,0.517672423083926,1,"drop"
"MPP1",4,2,6,-0.116632231706484,0.516254078818941,1,"drop"
"VTA1",4,3,6,0.152262375891849,0.51547484262693,1,"drop"
"SECISBP2",4,2,6,0.0591154974779468,0.515378917753087,1,"drop"
"TPM1",4,2,6,0.0129456347127605,0.513718677146102,1,"drop"
"SNN",4,3,6,0.259588988332602,0.513594533089964,0.589061230432382,"drop"
"CFAP20",4,2,6,-0.132661219445969,0.513529419268132,1,"drop"
"PDE4A",4,2,6,-0.202252412506393,0.51307427687705,1,"drop"
"ATIC",4,2,6,-0.510814372882171,0.510814372882171,1,"drop"
"TFRC",4,2,6,0.214529572910602,0.509562520042188,1,"drop"
"MPHOSPH6",4,3,6,-0.213214262291673,0.509443676338333,1,"drop"
"TECPR1",4,3,6,-0.123434582695961,0.508661105639618,1,"drop"
"ZNF43",4,2,6,-0.506742943792856,0.506742943792856,1,"drop"
"MTSS1",4,3,6,-0.388621286045465,0.50640198556848,1,"drop"
"KAT5",4,3,6,-0.0997518904242995,0.506357536467082,1,"drop"
"RIC8A",4,3,6,-0.505517518928986,0.505517518928986,1,"drop"
"EHMT2",4,3,6,-0.12122631413737,0.503593126646751,1,"drop"
"TRAM1",4,3,6,0.383763575646935,0.495688147178637,1,"drop"
"DYRK1A",4,3,6,0.299331225218065,0.495635760563317,1,"drop"
"GRAMD1A",4,3,6,-0.109828477057475,0.495428979620823,1,"drop"
"ATP2C1",4,3,6,-0.0956253538115563,0.494917371907371,1,"drop"
"COMTD1",4,3,6,0.08199218798313,0.490894798430151,1,"drop"
"FAM241A",4,3,6,-0.0168971055235422,0.49035279325884,1,"drop"
"DARS",4,2,6,0.014448711851056,0.489460989316555,1,"drop"
"CD27",4,2,6,-0.396838745567042,0.488398159769447,0.0021079128113151,"drop"
"TNFRSF14",4,3,6,-0.488170574175284,0.488170574175284,1,"drop"
"NSUN6",4,3,6,0.487404874815022,0.487404874815022,1,"drop"
"FANCF",4,3,6,-0.0542273709871898,0.486881977687485,1,"drop"
"TM7SF3",4,3,6,0.124559362378013,0.484447584676747,1,"drop"
"ARPC5L",4,3,6,0.299507965536391,0.484368148124836,1,"drop"
"SPG21",4,3,6,0.161064547852784,0.483931326556697,1,"drop"
"ZBED4",4,3,6,0.483692961862035,0.483692961862035,1,"drop"
"IFIH1",4,2,6,-0.117946075381901,0.48340780256836,1,"drop"
"DHPS",4,3,6,-0.383287158577703,0.482653066030729,0.294323269614944,"drop"
"ANKRD39",4,3,6,0.286620328488832,0.481901895961565,1,"drop"
"ELK4",4,2,6,0.227959752487272,0.481105690396815,1,"drop"
"EIF3A",4,3,6,-0.181162813715039,0.480942803054533,1,"drop"
"JOSD2",4,2,6,-0.363318646374629,0.479112480801818,1,"drop"
"STRBP",4,3,6,0.478482741576038,0.478482741576038,1,"drop"
"MYH9",4,2,6,0.116052034888027,0.477630462446775,1,"drop"
"SYK",4,3,6,-0.151456624782457,0.475864119564142,1,"drop"
"APBA2",4,3,6,-0.299115514326463,0.475761310893837,1,"drop"
"PI4KA",4,3,6,0.0939638642304722,0.475612345888752,1,"drop"
"FAF1",4,2,6,-0.0787597956645998,0.473744069864051,1,"drop"
"CACYBP",4,3,6,-0.029277902097914,0.472966155977092,1,"drop"
"HSDL2",4,2,6,-0.12545596992719,0.472834557224285,1,"drop"
"LARP1",4,3,6,-0.35635530612916,0.472796518854648,1,"drop"
"PNPLA6",4,3,6,0.386166593462954,0.471152793321072,1,"drop"
"SLC15A4",4,2,6,0.0914627360689452,0.470390723126351,1,"drop"
"GPR65",4,3,6,-0.320389614398859,0.470328314733643,1,"drop"
"PMM2",4,3,6,-0.185317823513197,0.469025376971723,1,"drop"
"ABHD14B",4,3,6,0.157223514373261,0.467801724219846,1,"drop"
"STK11",4,3,6,0.326259832610731,0.465543146418276,1,"drop"
"DDX46",4,3,6,-0.131184181518113,0.464573024803049,1,"drop"
"EIF1AX",4,3,6,0.0111697410355147,0.464322267640091,1,"drop"
"MON1B",4,2,6,-0.286322901253713,0.463720375426811,1,"drop"
"LYSMD3",4,3,6,-0.33462840513629,0.461840821348744,1,"drop"
"GNL3",4,3,6,-0.364527742394608,0.46104038141993,1,"drop"
"BZW2",4,3,6,-0.2803308903245,0.461012558952833,1,"drop"
"NPC2",4,3,6,-0.226677063262417,0.460920880687844,1,"drop"
"PCBD1",4,3,6,-0.460415284911115,0.460415284911115,1,"drop"
"NDUFA13",4,2,6,-0.257061610953551,0.460114023963831,0.921016205725662,"drop"
"ARAP2",4,3,6,-0.135301673413704,0.459448403571893,1,"drop"
"MTAP",4,3,6,-0.32586478574752,0.455823812270966,1,"drop"
"AP3D1",4,3,6,0.245858469813215,0.455620612241413,1,"drop"
"HVCN1",4,3,6,0.216424412197777,0.454978189983862,0.000787306064764576,"drop"
"BATF",4,3,6,-0.195115410484558,0.454237772247742,1,"drop"
"PIK3CB",4,3,6,0.103222026364367,0.453080304713061,1,"drop"
"RAD1",4,3,6,-0.00967530900890684,0.452633140363249,1,"drop"
"VPS29",4,3,6,0.452093223655639,0.452093223655639,1,"drop"
"LYRM1",4,3,6,-0.248477351302617,0.451612602296021,1,"drop"
"RTN4",4,3,6,-0.450815773729479,0.450815773729479,0.00116615084627857,"drop"
"SGF29",4,3,6,-0.33341629992308,0.449467805626959,1,"drop"
"ZCCHC8",4,3,6,0.0172833869651255,0.448244146285908,1,"drop"
"ARID5B",4,3,6,-0.130352329275967,0.444549379824106,1,"drop"
"RHOH",4,3,6,0.302233116999596,0.443567051341685,0.135477020036235,"drop"
"CIAPIN1",4,3,6,-0.326856149116778,0.442852495729604,0.0168030639080456,"drop"
"REPIN1",4,3,6,0.0851614498618423,0.442276317440132,1,"drop"
"SS18",4,2,6,0.0698956713378632,0.441312690867261,1,"drop"
"U2SURP",4,3,6,0.356895482716848,0.440249743479377,1,"drop"
"PRPF38B",4,3,6,-0.0169058770273958,0.439215879429369,0.000605218152129068,"drop"
"MAP3K11",4,3,6,0.0824861573986223,0.438409451178908,1,"drop"
"GNG5",4,3,6,-0.0772021646035573,0.437160464928513,1,"drop"
"TNKS2",4,3,6,0.0390798264714393,0.436762546283819,1,"drop"
"ADIPOR2",4,3,6,0.189277720348105,0.436696677358227,1,"drop"
"RNF38",4,3,6,0.31685106373765,0.43659924180522,1,"drop"
"ZMAT3",4,3,6,0.168203400209852,0.436497608713142,1,"drop"
"AP1G1",4,3,6,0.237731742830228,0.435832849918595,1,"drop"
"ZNRF2",4,3,6,-0.082024113505649,0.435495641505147,1,"drop"
"SCAMP1",4,2,6,-0.32298795801667,0.435402946065302,1,"drop"
"CDC16",4,3,6,0.142602952001605,0.434404600459845,1,"drop"
"MRPS16",4,2,6,-0.342438784999774,0.433081500514218,1,"drop"
"EFCAB14",4,3,6,-0.0364437608081037,0.431814898721214,1,"drop"
"HCLS1",4,3,6,-0.431697330028261,0.431697330028261,0.000596674128113707,"drop"
"ANKRA2",4,3,6,0.130129586097026,0.43160994108156,1,"drop"
"RPS21",4,3,6,0.430527051628062,0.430527051628062,0.000000000000000000000000000000000000000000000000000000000552799768072206,"drop"
"NGLY1",4,2,6,-0.0763957871619484,0.430428906810437,1,"drop"
"NDUFA12",4,3,6,-0.0830645831338958,0.429721175954449,0.915481520253512,"drop"
"SSNA1",4,3,6,-0.339638597632738,0.428365005431942,0.00525120617573631,"drop"
"YWHAZ",4,3,6,0.340842177171263,0.425101112811464,0.21385476724287,"drop"
"SYPL1",4,2,6,-0.218851567434783,0.424710646271104,1,"drop"
"ITGAX",4,3,6,-0.297574682335417,0.423410343486258,0.0164360041395152,"drop"
"TPI1",4,3,6,-0.152146829126187,0.421364682640073,1,"drop"
"IQGAP1",4,3,6,0.00687274906845217,0.420344266984861,1,"drop"
"THAP12",4,3,6,-0.27309917914196,0.419755861990551,1,"drop"
"PSMD14",4,3,6,0.174264835477392,0.41621253330216,1,"drop"
"ZCCHC17",4,3,6,-0.12928868779476,0.415694131164431,1,"drop"
"PTBP1",4,3,6,0.217663533780312,0.415541228823412,1,"drop"
"RAD23B",4,2,6,-0.281373572780144,0.41542328262243,1,"drop"
"RNF149",4,3,6,-0.316244000278474,0.415087104545514,1,"drop"
"ANPEP",4,3,6,0.271187334593487,0.415000904425382,1,"drop"
"TMEM63A",4,3,6,0.0291619197409745,0.414985648716784,1,"drop"
"DRG1",4,3,6,-0.246259472262738,0.414408082844856,1,"drop"
"LSM14A",4,3,6,0.298719856937893,0.413957947955697,1,"drop"
"SRCAP",4,3,6,-0.185817316555785,0.413855681503734,1,"drop"
"SMARCC2",4,2,6,0.085017503148377,0.413640738357788,1,"drop"
"MED29",4,3,6,-0.299628168278786,0.413630213560636,1,"drop"
"ANKRD13A",4,3,6,-0.315612984951318,0.412406493905433,1,"drop"
"HIST1H1E",4,3,6,0.123034129906256,0.410860146111284,1,"drop"
"LRRFIP2",4,3,6,0.036155613329982,0.409941438167197,1,"drop"
"SMARCD2",4,3,6,-0.320846328809751,0.40840351910111,1,"drop"
"GIPC1",4,2,6,-0.0115051339465842,0.408372691544535,1,"drop"
"PAXX",4,3,6,-0.160196388298713,0.408267287116154,1,"drop"
"GGPS1",4,3,6,-0.309364545179701,0.407967932595624,1,"drop"
"MYL12A",4,3,6,0.172342653614129,0.407027715996115,0.000000000224848931406496,"drop"
"MTPN",4,3,6,0.025397387058728,0.406045501042649,0.0394444981229561,"drop"
"NOL9",4,3,6,-0.0504541358197845,0.406011870910808,1,"drop"
"PPP2R1A",4,3,6,-0.162150550580575,0.404855553390274,1,"drop"
"C4orf3",4,3,6,0.0625071807252938,0.404032204559316,1,"drop"
"RB1",4,3,6,0.12746708133887,0.403742329712349,1,"drop"
"EXOSC1",4,3,6,-0.274560854042753,0.402133232666709,1,"drop"
"CD47",4,3,6,0.125584833955319,0.401680619250821,1,"drop"
"HMGN2",4,3,6,0.187473062176356,0.400615419221022,0.645268180117833,"drop"
"OSGIN2",4,3,6,0.0875455177720417,0.400015697853723,1,"drop"
"LAMTOR1",4,2,6,0.398981315257882,0.398981315257882,1,"drop"
"UBE2E3",4,3,6,-0.158167345940491,0.398950641436521,1,"drop"
"AP2B1",4,3,6,0.313519302445669,0.398804049264442,1,"drop"
"PIN4",4,3,6,0.0652861240129395,0.398423667250473,1,"drop"
"GON4L",4,3,6,-0.395736743015529,0.395736743015529,1,"drop"
"AKAP9",4,3,6,0.0756063855939937,0.395709317951066,0.0000639944979443836,"drop"
"UBAC1",4,3,6,-0.290626591985111,0.395015973918851,1,"drop"
"ARL2BP",4,3,6,-0.205011025636233,0.394934768819797,1,"drop"
"SLC25A6",4,2,6,-0.250539740690516,0.394784156747175,1,"drop"
"FAM136A",4,3,6,-0.251040503015929,0.394334837061404,1,"drop"
"OXCT1",4,3,6,0.206524048544609,0.394188922887909,1,"drop"
"ZNF880",4,3,6,0.00735571546699533,0.394031417494431,1,"drop"
"METTL26",4,3,6,0.186240845347526,0.393280201392655,1,"drop"
"NDUFS3",4,3,6,-0.393112357487672,0.393112357487672,1,"drop"
"FGD3",4,3,6,0.291207179630026,0.392570256151572,1,"drop"
"MRPL21",4,3,6,-0.392220535729176,0.392220535729176,1,"drop"
"SEM1",4,2,6,-0.391670291821766,0.391670291821766,1,"drop"
"CD44",4,3,6,-0.155406319828879,0.389541992418219,0.389206370983497,"drop"
"RMND5B",4,3,6,-0.137353070885988,0.388798830421284,1,"drop"
"HDAC8",4,3,6,-0.0666265724741663,0.387924649225637,1,"drop"
"FKBP1A",4,2,6,-0.260760050701223,0.386929563311938,1,"drop"
"LYAR",4,3,6,-0.286751889639517,0.386787812390621,1,"drop"
"SCP2",4,2,6,0.178101883475024,0.386753049817839,1,"drop"
"ZNF445",4,3,6,-0.0349841396114318,0.385687693854112,1,"drop"
"ATP8B2",4,3,6,-0.0560806667109163,0.385369177249481,1,"drop"
"RNF141",4,3,6,-0.0929236738175102,0.38461717764289,1,"drop"
"C19orf53",4,3,6,0.19000873180483,0.384499246143013,0.144357256750128,"drop"
"DNAJB6",4,2,6,0.383300706138856,0.383300706138856,1,"drop"
"DCTD",4,3,6,0.280152149221847,0.38306503269486,1,"drop"
"MFNG",4,3,6,-0.382427018361918,0.382427018361918,1,"drop"
"BIN2",4,3,6,0.044333136709995,0.380913203181134,0.758560359865702,"drop"
"CCDC43",4,3,6,-0.130509265270434,0.380491433374754,1,"drop"
"BIN3",4,3,6,0.0157979336716652,0.380358909947685,1,"drop"
"HSD17B11",4,3,6,-0.139044354628104,0.380082751077802,1,"drop"
"CRBN",4,3,6,0.0676480801540107,0.379977711195326,1,"drop"
"MARCH6",4,3,6,0.379313424757011,0.379313424757011,1,"drop"
"CNOT11",4,3,6,-0.126030685660434,0.378886825146635,1,"drop"
"DAZAP1",4,2,6,-0.00256849960160933,0.378305130076232,1,"drop"
"HERC3",4,3,6,0.061904252740524,0.378082322528237,1,"drop"
"CCT4",4,3,6,-0.192265638059849,0.378057989412336,1,"drop"
"DOCK11",4,3,6,-0.149135866150484,0.377624748861658,1,"drop"
"RTN3",4,3,6,-0.375939829291224,0.375939829291224,1,"drop"
"SMAP1",4,3,6,0.0170649121318288,0.375903179593413,1,"drop"
"PIAS1",4,3,6,0.167067593586524,0.375336744088576,1,"drop"
"SLC25A26",4,3,6,0.06736813657324,0.375001267093666,1,"drop"
"C4orf48",4,3,6,-0.0514245978008885,0.374804676360058,1,"drop"
"NDUFS5",4,3,6,-0.139693076380774,0.373846672367654,1,"drop"
"GATAD2B",4,3,6,0.134570810887784,0.37375280668533,1,"drop"
"ECH1",4,2,6,-0.373414210140809,0.373414210140809,1,"drop"
"CWC15",4,3,6,-0.0844805559319343,0.373054504946347,1,"drop"
"GARS-DT",4,3,6,0.0196398401974892,0.372966049722701,1,"drop"
"MOB3A",4,3,6,0.0359637289974352,0.372860784833943,1,"drop"
"COMMD7",4,3,6,-0.267059377936703,0.3722505497944,1,"drop"
"LAMTOR4",4,3,6,0.00810303973641268,0.371568662913105,1,"drop"
"USP32",4,2,6,-0.253760529145604,0.371367166403327,1,"drop"
"MPC2",4,3,6,0.162897582120334,0.370956008077237,1,"drop"
"STUB1",4,2,6,-0.370090909477001,0.370090909477001,1,"drop"
"AEBP2",4,3,6,-0.145941746877741,0.366476394519666,1,"drop"
"POLG",4,3,6,0.0857402805725787,0.366402722305545,1,"drop"
"PSMB4",4,3,6,-0.264429029128917,0.365627341201912,1,"drop"
"DDX24",4,3,6,0.179167357616983,0.365256805518002,0.869724565417677,"drop"
"BX284668.5",4,3,6,0.152222297351667,0.364355316038279,1,"drop"
"MBNL2",4,3,6,0.120521457810704,0.364352254771718,1,"drop"
"EXOC6",4,3,6,-0.3643156603028,0.3643156603028,1,"drop"
"QKI",4,3,6,0.363661875439074,0.363661875439074,1,"drop"
"HIST1H4E",4,3,6,-0.113459024787093,0.362688978086174,1,"drop"
"TMEM42",4,3,6,-0.0614255503771053,0.359472216019069,1,"drop"
"CEP78",4,3,6,-0.212400149926238,0.359254282761399,1,"drop"
"HADHA",4,2,6,-0.359250350804274,0.359250350804274,0.0600090437862742,"drop"
"EIF6",4,3,6,-0.127904420728615,0.358770803159819,1,"drop"
"RLIM",4,3,6,0.357963458253919,0.357963458253919,1,"drop"
"PIBF1",4,3,6,-0.0121945275951585,0.356731251172086,1,"drop"
"POLK",4,3,6,0.0294034027414833,0.355571371332179,0.221059073335227,"drop"
"FBH1",4,3,6,0.0497071540432997,0.353967653492076,1,"drop"
"LYRM2",4,2,6,-0.0392245968634762,0.35275776183628,1,"drop"
"QTRT2",4,3,6,-0.26016979510044,0.352255929030121,1,"drop"
"KIDINS220",4,3,6,-0.208127997139841,0.351938046174277,1,"drop"
"DECR1",4,3,6,-0.349501293504013,0.349501293504013,1,"drop"
"XPC",4,3,6,-0.0529330813308803,0.349397358391995,1,"drop"
"SMIM30",4,3,6,-0.0779332594736843,0.348773856984064,1,"drop"
"BIRC2",4,3,6,0.235002696679772,0.348694993250206,1,"drop"
"TIMM10",4,3,6,0.130144272331803,0.348009719554528,1,"drop"
"EMC7",4,3,6,0.00198709516594567,0.34790690176927,1,"drop"
"RPS19BP1",4,3,6,-0.175505836022619,0.345848381340951,1,"drop"
"PUM3",4,3,6,-0.246267272654672,0.345704207340125,1,"drop"
"ADSL",4,3,6,-0.345397834772522,0.345397834772522,1,"drop"
"PDCD5",4,3,6,-0.228873436190227,0.345319139382401,1,"drop"
"UBLCP1",4,3,6,-0.124101149750404,0.345233093970393,1,"drop"
"BUD23",4,3,6,-0.0948616747876997,0.344224287154686,1,"drop"
"VDAC3",4,3,6,-0.157174665182378,0.341001698045371,1,"drop"
"ASNSD1",4,3,6,-0.106544293024286,0.339205171354463,1,"drop"
"UBE2G2",4,2,6,0.0263320459979087,0.338710117884304,1,"drop"
"NDUFB3",4,3,6,-0.246343167729937,0.338507353302534,0.914904815452542,"drop"
"SSR1",4,3,6,-0.0793232943937733,0.337858468228772,1,"drop"
"IMP3",4,3,6,-0.0549085788491535,0.335099634325654,1,"drop"
"HINT2",4,3,6,0.0847423877314368,0.334442055954845,1,"drop"
"TLNRD1",4,3,6,0.00214498210464335,0.334148837833721,1,"drop"
"C18orf32",4,3,6,0.020662707103867,0.333015802243433,1,"drop"
"SAP30BP",4,3,6,-0.136651762879666,0.332671391847063,1,"drop"
"SRSF8",4,3,6,-0.0922560418644682,0.330285808679151,1,"drop"
"SF3B1",4,3,6,-0.191487639501213,0.33028374440337,0.009142444405832,"drop"
"TRMT10B",4,3,6,0.239254258086771,0.328423706443751,1,"drop"
"DBNL",4,3,6,-0.0107340075304347,0.327317191268931,1,"drop"
"CHCHD3",4,3,6,-0.229492662709686,0.326792995534461,1,"drop"
"SURF1",4,3,6,-0.0159515669708983,0.326385486179084,1,"drop"
"RAF1",4,3,6,-0.131252963445803,0.326223809037321,1,"drop"
"SSRP1",4,3,6,-0.0169622682262382,0.325817624771201,1,"drop"
"RPN2",4,3,6,0.0449342618310045,0.325637948343523,1,"drop"
"TRMT13",4,3,6,-0.230009436114902,0.323698930150871,1,"drop"
"ENY2",4,3,6,-0.230360619918096,0.323284650151937,1,"drop"
"KIAA1143",4,3,6,0.112335183957759,0.320437363416983,1,"drop"
"RAPGEF2",4,3,6,0.125400519145671,0.318134630051679,1,"drop"
"USP34",4,3,6,0.0150492276643298,0.31549152088638,1,"drop"
"TMEM230",4,3,6,-0.0805137268486818,0.313821095497263,1,"drop"
"UIMC1",4,3,6,0.219703748544711,0.30962963620802,1,"drop"
"TMEM87A",4,2,6,0.030087491933326,0.304492198659589,1,"drop"
"USP48",4,2,6,0.000942859687245667,0.303122409030953,1,"drop"
"CSDE1",4,3,6,-0.214044579522787,0.300303245093832,1,"drop"
"YY1AP1",4,3,6,-0.00227018070309484,0.299311848873663,1,"drop"
"SF3A3",4,3,6,-0.110878427298613,0.297978177525386,1,"drop"
"RBM25",4,2,6,-0.00583330596010899,0.293189592854626,1,"drop"
"SP140L",4,3,6,-0.0928658325264238,0.266481037489473,1,"drop"
"CMPK2",4,2,5,2.71890380636622,2.92553540681599,0.000000231870197345733,"drop"
"LTB4R",4,3,5,0.414823755830208,1.33968969454554,1,"drop"
"CASP2",4,2,5,0.233310556991554,0.932521710111148,1,"drop"
"HELZ2",4,2,5,0.929510750713409,0.929510750713409,0.05345776982679,"drop"
"FLT3",4,3,5,-0.574657049964035,0.860391079231931,0.0000000508545565539614,"drop"
"TRIM25",4,2,5,0.833526551619149,0.833526551619149,1,"drop"
"HIVEP3",4,3,5,0.599368531832685,0.833149885936483,1,"drop"
"ABHD15",4,2,5,-0.778958555225987,0.778958555225987,1,"drop"
"PCNA",4,3,5,0.125006851965056,0.760359988192483,1,"drop"
"ACOT9",4,2,5,0.359271387946488,0.744734135907764,1,"drop"
"GTPBP1",4,2,5,0.502960962893001,0.744382688135942,1,"drop"
"SLC16A3",4,2,5,-0.457623789615169,0.73793763992598,1,"drop"
"APOL2",4,3,5,-0.457513644921183,0.732358178416639,0.0239897167966925,"drop"
"TMCC3",4,2,5,-0.614929649557954,0.726862707271998,0.0000127813922004047,"drop"
"C6orf120",4,3,5,-0.724865561820193,0.724865561820193,1,"drop"
"SYNCRIP",4,3,5,0.195878852127482,0.703742497778665,1,"drop"
"SLC33A1",4,3,5,0.080695686111228,0.700337059569518,1,"drop"
"NSMAF",4,3,5,-0.480453097680589,0.695705638797986,0.000203321171229803,"drop"
"SPAST",4,2,5,0.118116189753634,0.693396188544735,1,"drop"
"POU2F1",4,2,5,-0.303484510096831,0.691484135514506,1,"drop"
"GRIPAP1",4,3,5,0.226182853389427,0.66893573966288,1,"drop"
"BACH2",4,3,5,0.653973536933256,0.653973536933256,0.0393162574016887,"drop"
"MFSD4B",4,3,5,0.0464926289423978,0.650319525389589,1,"drop"
"MFSD1",4,3,5,-0.639260417626893,0.639260417626893,1,"drop"
"GEMIN7",4,3,5,-0.478608283691749,0.618617642729948,1,"drop"
"CYTH1",4,3,5,0.477560996272044,0.60864593924996,1,"drop"
"CAST",4,2,5,0.023849969490302,0.587277079372549,0.252066863891681,"drop"
"KDM3B",4,3,5,0.0379950245200906,0.585167393945847,1,"drop"
"SENP2",4,3,5,0.0862664885526412,0.583729052286097,1,"drop"
"KAT2B",4,2,5,-0.576909175882526,0.576909175882526,1,"drop"
"MED19",4,3,5,-0.260743943544912,0.574883792578203,1,"drop"
"RARS",4,3,5,-0.572653367345673,0.572653367345673,1,"drop"
"ZMIZ2",4,3,5,-0.562238751873182,0.562238751873182,1,"drop"
"JAZF1",4,3,5,-0.171664719411165,0.559909809759328,1,"drop"
"WWC3",4,3,5,-0.0763849071084598,0.555065633542246,1,"drop"
"IVD",4,3,5,-0.329354625983376,0.554448168712129,1,"drop"
"MLLT3",4,3,5,-0.366137550879186,0.551282242473018,1,"drop"
"AP2S1",4,3,5,-0.175803707849916,0.549773164409109,1,"drop"
"EPN1",4,3,5,-0.339657681219071,0.549474992616162,1,"drop"
"CASP4",4,3,5,-0.368176157525032,0.547609951546875,1,"drop"
"ZNF580",4,3,5,-0.393367330829147,0.543352515009259,1,"drop"
"BEX4",4,3,5,0.1617933924982,0.536194535525924,1,"drop"
"PSAP",4,3,5,-0.414418639873864,0.534425578209138,1,"drop"
"SNX3",4,3,5,-0.0652120167087846,0.53433893687622,1,"drop"
"CD38",4,2,5,-0.316412680353345,0.532578114458749,1,"drop"
"NOTCH1",4,3,5,0.531873578785244,0.531873578785244,1,"drop"
"MCUB",4,2,5,0.527265069854385,0.527265069854385,1,"drop"
"PREPL",4,3,5,-0.163517084503621,0.526178138845104,1,"drop"
"STK16",4,3,5,-0.525486915011452,0.525486915011452,1,"drop"
"OMA1",4,2,5,-0.266139823497845,0.52524012252778,1,"drop"
"FAM200B",4,2,5,0.366278759160666,0.523619077869086,1,"drop"
"LAS1L",4,3,5,0.116592494566261,0.522641771189092,1,"drop"
"TSC22D1",4,3,5,0.249039408702485,0.520522195707133,1,"drop"
"PBX2",4,2,5,0.51786990965965,0.51786990965965,1,"drop"
"SVIL",4,3,5,-0.0635626012062906,0.517623128440607,1,"drop"
"HDAC5",4,3,5,-0.0238613440830212,0.515887668823092,0.629805166493933,"drop"
"RAPGEF6",4,2,5,-0.207120470473598,0.515528433739349,1,"drop"
"ABHD5",4,2,5,-0.172947581574064,0.515000359326866,1,"drop"
"KATNA1",4,3,5,-0.0683147720807104,0.513632860616306,1,"drop"
"IGFLR1",4,3,5,-0.136413542396643,0.513563026417766,0.533549859519363,"drop"
"UBL4A",4,3,5,-0.0996690110358178,0.509537310438438,1,"drop"
"ZHX1",4,3,5,0.0175823011404824,0.505305586920621,1,"drop"
"ABCF1",4,3,5,-0.341234428036804,0.50329291045612,1,"drop"
"TSNAX",4,3,5,-0.502093464436885,0.502093464436885,1,"drop"
"PIP4P1",4,3,5,-0.140453619270313,0.49949723223935,1,"drop"
"GIMAP5",4,2,5,-0.497351824126326,0.497351824126326,0.000148730645813094,"drop"
"RNF44",4,3,5,-0.174994469614366,0.495443415142455,1,"drop"
"TMEM71",4,2,5,0.0109811148238532,0.494843540524542,1,"drop"
"LYPLA2",4,3,5,-0.25121654123056,0.493211254362858,0.616280787372651,"drop"
"CXXC1",4,3,5,-0.299700413834076,0.493161704136445,1,"drop"
"CAPN2",4,3,5,0.214344098243468,0.492112994582487,0.411909114477409,"drop"
"H2AFY",4,3,5,-0.141632794413605,0.491292966502275,1,"drop"
"MRPL57",4,3,5,0.113661998907111,0.490114144881964,1,"drop"
"IWS1",4,2,5,-0.329050257542593,0.487906217313008,1,"drop"
"IL13RA1",4,2,5,-0.330666804789238,0.487523352278023,1,"drop"
"PRXL2C",4,2,5,-0.156296828773949,0.486838113512166,0.185651836643012,"drop"
"ATG4B",4,2,5,-0.289175232377213,0.486258518824234,1,"drop"
"TP53TG1",4,3,5,0.283490387311947,0.484394897879296,1,"drop"
"YLPM1",4,3,5,0.359184951279672,0.481030572715863,1,"drop"
"UVRAG",4,3,5,0.241259048995334,0.478880309994207,1,"drop"
"LMAN2",4,3,5,-0.170365006497518,0.478830994868049,0.00494912015680694,"drop"
"AC104695.4",4,3,5,0.259245268947219,0.477491944795865,1,"drop"
"RNF13",4,2,5,-0.372931605078037,0.476786207367328,1,"drop"
"MYCBP",4,3,5,0.142910018988106,0.476234132198517,1,"drop"
"APPBP2",4,3,5,-0.340904333697211,0.472704197251149,1,"drop"
"ACSS1",4,2,5,-0.0115385919227434,0.472542021477767,1,"drop"
"MEPCE",4,2,5,-0.116309882026308,0.47197445774677,1,"drop"
"PWWP2B",4,3,5,-0.319672452607421,0.471165237158922,1,"drop"
"MID1IP1",4,3,5,-0.016037534614575,0.467680694953809,1,"drop"
"RPUSD2",4,3,5,0.149082065424956,0.464507175231775,1,"drop"
"CBWD5",4,2,5,-0.269039995925171,0.463896910054065,1,"drop"
"CAMLG",4,2,5,0.102463614498549,0.463578326232808,1,"drop"
"HMCES",4,2,5,-0.462472383216641,0.462472383216641,1,"drop"
"ZFX",4,3,5,0.331780649954531,0.461168767781686,1,"drop"
"EIF3B",4,3,5,-0.324125225014703,0.460932521321048,1,"drop"
"DANCR",4,2,5,-0.302899508465924,0.460334708537524,0.390853301287788,"drop"
"TESPA1",4,2,5,-0.234416464660923,0.459485314790845,1,"drop"
"SNHG19",4,3,5,-0.00933736552070279,0.459115466148053,1,"drop"
"CMPK1",4,2,5,0.456952124737629,0.456952124737629,1,"drop"
"ATP1B3",4,2,5,-0.203578739802402,0.456508214943979,0.00982310034528439,"drop"
"WDR11",4,3,5,0.22542749635725,0.454510594165028,1,"drop"
"TMEM219",4,3,5,0.186961587275006,0.453619325589639,1,"drop"
"RPF2",4,3,5,-0.333279703414683,0.453542943673076,1,"drop"
"ALG5",4,3,5,-0.322613345558145,0.449209840404257,1,"drop"
"TXNDC11",4,2,5,-0.244118637291915,0.44750633262642,1,"drop"
"GFM1",4,3,5,-0.0925341106296216,0.445566543034933,1,"drop"
"TACC3",4,2,5,-0.170994855901011,0.444262111225203,1,"drop"
"GAPDH",4,3,5,-0.444063128660432,0.444063128660432,0.0000256041199159892,"drop"
"ATP6V0A1",4,2,5,0.204929316200716,0.44405056930363,1,"drop"
"DEDD2",4,2,5,0.254867312048915,0.441273472384861,1,"drop"
"C15orf40",4,2,5,-0.336728150492574,0.44051858437014,1,"drop"
"UCHL5",4,3,5,-0.296574735454606,0.439140446068839,1,"drop"
"CASP6",4,2,5,-0.272758222983596,0.438164647196201,1,"drop"
"AP3M2",4,2,5,0.201566971361227,0.437502290008056,1,"drop"
"PPP3CA",4,3,5,0.436772724364853,0.436772724364853,1,"drop"
"ZSWIM8",4,3,5,-0.0301976524602266,0.436318412430576,1,"drop"
"GNB4",4,3,5,0.434458161215735,0.434458161215735,1,"drop"
"WDR13",4,3,5,-0.0746929769267246,0.43427289700247,1,"drop"
"NEDD8",4,2,5,-0.329591031593773,0.433493519212499,1,"drop"
"ARL5B",4,3,5,0.432914156654284,0.432914156654284,1,"drop"
"ARHGAP17",4,3,5,0.172921935174841,0.430791577991565,1,"drop"
"EIF3I",4,3,5,-0.429587675134359,0.429587675134359,1,"drop"
"UBA1",4,2,5,0.261074312074044,0.428840972882412,1,"drop"
"RNF220",4,3,5,0.272688674658138,0.427614522040696,1,"drop"
"SAMD4B",4,3,5,-0.0258464604204122,0.426643823422943,1,"drop"
"TIMM29",4,3,5,-0.112345210775724,0.426555529644079,1,"drop"
"TRERF1",4,2,5,-0.302884143114432,0.426364719264644,1,"drop"
"CIAO2A",4,2,5,0.159147944083066,0.425680990645096,1,"drop"
"FAM32A",4,3,5,0.0022319929345248,0.425047733979764,1,"drop"
"PAIP1",4,3,5,-0.145188865030786,0.424959207998114,1,"drop"
"NFYB",4,3,5,-0.0412660188564778,0.424772958186269,1,"drop"
"TMED9",4,2,5,0.0293077923771294,0.424199979897952,1,"drop"
"FPR1",4,2,5,-0.422627601632377,0.422627601632377,0.110312163375428,"drop"
"CAPZA1",4,3,5,-0.263050843168002,0.421923966156898,0.379109427435206,"drop"
"HECTD1",4,3,5,-0.0536464812432532,0.42183525571118,1,"drop"
"POLR2G",4,2,5,-0.421042915866603,0.421042915866603,0.245113146780328,"drop"
"ASRGL1",4,3,5,-0.239665828738932,0.417928670710308,1,"drop"
"CD59",4,3,5,-0.191260153259306,0.416242532820212,1,"drop"
"YIPF5",4,3,5,-0.242828877242039,0.415684356918926,1,"drop"
"NUP107",4,3,5,-0.123977099607343,0.415263227303917,1,"drop"
"LCMT1",4,2,5,-0.290843452921573,0.41479991431674,1,"drop"
"MZT2A",4,3,5,0.41340273949512,0.41340273949512,1,"drop"
"RER1",4,3,5,-0.0499219059075032,0.413314912999517,1,"drop"
"TMSB4X",4,3,5,0.307974963808817,0.413103369480736,0.0000000000146210547503197,"drop"
"ATF7",4,3,5,0.078269903028031,0.412251014786521,1,"drop"
"STX11",4,3,5,-0.0940041157440104,0.411687705246368,0.511552830777838,"drop"
"NDUFS7",4,2,5,-0.105584929321279,0.410867352188733,1,"drop"
"MRPS2",4,3,5,-0.41081214946256,0.41081214946256,1,"drop"
"MYO5A",4,3,5,0.0196670238689766,0.407235521714106,1,"drop"
"RPS6KA3",4,3,5,-0.125940740829188,0.406938823804512,1,"drop"
"PRPF3",4,3,5,-0.406919215280092,0.406919215280092,1,"drop"
"RNF168",4,3,5,-0.158461752932874,0.40678391269912,0.501386015889615,"drop"
"PTGES3",4,3,5,0.101953581010836,0.405563328248844,0.0000824912470828611,"drop"
"SEPTIN7",4,2,5,0.134743478435114,0.40419773461297,1,"drop"
"SLC25A1",4,2,5,-0.139864094070763,0.403926555813377,1,"drop"
"BCLAF1",4,3,5,0.403809890893422,0.403809890893422,1,"drop"
"TASOR",4,2,5,-0.063646691085938,0.403512836212676,1,"drop"
"NAE1",4,3,5,-0.218036525919568,0.400655348266263,1,"drop"
"CTNNBL1",4,3,5,0.0117205628278568,0.399737057897636,1,"drop"
"PPHLN1",4,3,5,0.264353179133935,0.398278302859186,1,"drop"
"EXOSC7",4,2,5,-0.397890641089457,0.397890641089457,1,"drop"
"SLC35E1",4,3,5,-0.130388236303817,0.397402632987104,1,"drop"
"DENND4B",4,3,5,-0.154078220062418,0.396881557527635,1,"drop"
"CCDC91",4,3,5,-0.123989200178011,0.396403933025495,1,"drop"
"ATXN7L3B",4,3,5,0.0548047227928892,0.396384051148218,1,"drop"
"ZNHIT6",4,2,5,0.0760774899981238,0.394529492520817,1,"drop"
"ZFR",4,3,5,0.251019187892009,0.394528777051898,1,"drop"
"SEC63",4,2,5,0.275841921343022,0.393684835195766,1,"drop"
"POLR2F",4,2,5,-0.047082883670058,0.393518211507383,1,"drop"
"SMIM26",4,3,5,0.141332865993531,0.393420314174446,1,"drop"
"TXNL4A",4,3,5,0.0479406213872208,0.3933142072772,1,"drop"
"PEX2",4,2,5,-0.0973349242109752,0.392495304557732,1,"drop"
"ARID4A",4,3,5,-0.015658468019258,0.392005113075338,1,"drop"
"WDFY1",4,3,5,-0.119805276683952,0.391065575474153,1,"drop"
"SRSF11",4,3,5,0.288425144693215,0.390168770864781,1,"drop"
"TUSC2",4,3,5,-0.226388753090451,0.389337118548935,1,"drop"
"CYB5A",4,3,5,0.0581862962028038,0.38914290372892,0.799587958315974,"drop"
"API5",4,3,5,-0.246809244650104,0.388754278823811,1,"drop"
"USP28",4,2,5,-0.038953530683154,0.385956695960823,0.0387061828069488,"drop"
"ARL1",4,2,5,-0.385358480517893,0.385358480517893,1,"drop"
"MESD",4,2,5,-0.38511142740995,0.38511142740995,1,"drop"
"CHMP3",4,3,5,-0.250567722807903,0.384608169829104,1,"drop"
"STAG1",4,2,5,0.123182157308698,0.384484135096147,1,"drop"
"ALDH16A1",4,3,5,-0.384308871048899,0.384308871048899,1,"drop"
"RNH1",4,2,5,-0.283849845692795,0.384274959041924,0.18762091621984,"drop"
"PA2G4",4,3,5,0.0508898315377832,0.384238081151613,1,"drop"
"ANP32E",4,3,5,0.383524544494839,0.383524544494839,1,"drop"
"DPH5",4,3,5,-0.0699584567669492,0.381341007745448,1,"drop"
"ITGB1BP1",4,2,5,-0.080173371376978,0.380426802165853,1,"drop"
"CALM3",4,3,5,0.00742915634478022,0.380411321043347,0.338132189697404,"drop"
"HIVEP2",4,3,5,0.0409301356127086,0.379216778819789,1,"drop"
"PRRC1",4,3,5,0.269227597785235,0.37591849141743,1,"drop"
"ANAPC5",4,3,5,-0.225451940042931,0.375659897045001,1,"drop"
"AGPAT3",4,2,5,-0.047742905577302,0.374859253681936,1,"drop"
"NDUFA6",4,2,5,0.373639703167458,0.373639703167458,1,"drop"
"PTOV1",4,3,5,0.0152735617449422,0.3731938017472,1,"drop"
"DNAJC15",4,2,5,-0.052290711967564,0.373188525217654,1,"drop"
"MAZ",4,3,5,-0.270122275362802,0.372522158896243,0.25035049394269,"drop"
"COPS5",4,3,5,-0.210397046542587,0.370911283155133,1,"drop"
"TBC1D5",4,3,5,0.268522986493563,0.369646015464986,1,"drop"
"ERH",4,3,5,-0.211196562416283,0.368812693634776,1,"drop"
"SCLT1",4,2,5,-0.368606975525876,0.368606975525876,1,"drop"
"NOL7",4,3,5,-0.155189466122855,0.368426637302346,1,"drop"
"CHD9",4,3,5,0.12809420078155,0.366291476027669,1,"drop"
"EIF2B2",4,3,5,-0.236054136642846,0.366129923538801,1,"drop"
"PEX16",4,3,5,-0.0538457173271088,0.365931245126759,1,"drop"
"PRCP",4,3,5,0.210532848514429,0.365841055161035,1,"drop"
"DPM3",4,3,5,0.112590851419417,0.365369149979657,1,"drop"
"SEC11C",4,2,5,-0.365353755515773,0.365353755515773,1,"drop"
"CYC1",4,3,5,-0.189160707319436,0.364798254374141,1,"drop"
"RAP2A",4,2,5,0.188928198900363,0.364433644357038,1,"drop"
"POLD4",4,3,5,-0.0403218241638022,0.364063142799762,1,"drop"
"PRKCB",4,3,5,0.0622567545399354,0.363978147075373,1,"drop"
"VAMP2",4,2,5,0.362333270899302,0.362333270899302,0.0000598654877003106,"drop"
"SCAMP3",4,3,5,-0.209063174020807,0.362226073252161,1,"drop"
"KTN1",4,3,5,0.361761349625541,0.361761349625541,1,"drop"
"CALCOCO2",4,2,5,0.050978031627776,0.361482379215556,1,"drop"
"RHOC",4,2,5,0.11265503413203,0.359376862381887,1,"drop"
"NSUN5",4,3,5,-0.0310893601142912,0.359142486743798,1,"drop"
"MRPL51",4,2,5,-0.227832696541102,0.358509676276243,0.962979408207061,"drop"
"FAM120A",4,3,5,0.216019491244251,0.35812569202016,1,"drop"
"DNMT3A",4,2,5,0.116003769298303,0.357100984908093,1,"drop"
"HENMT1",4,3,5,-0.355847858057827,0.355847858057827,1,"drop"
"G3BP1",4,2,5,0.132145519606316,0.355716943929158,1,"drop"
"POP4",4,3,5,-0.199713975073609,0.355239252872156,1,"drop"
"MAP1LC3B",4,3,5,0.00905167672391519,0.354263785767898,1,"drop"
"COPRS",4,3,5,0.353630494914475,0.353630494914475,1,"drop"
"KDM4B",4,3,5,-0.222115229738902,0.352145016593977,1,"drop"
"CMTM3",4,3,5,0.102129414853652,0.351302164261718,1,"drop"
"GAB3",4,3,5,0.0535486681321042,0.351168685007039,0.602824176709489,"drop"
"EPM2AIP1",4,3,5,0.350428318894416,0.350428318894416,1,"drop"
"SMIM20",4,2,5,0.037445294766731,0.350181208958287,1,"drop"
"SAP18",4,3,5,0.349891072542884,0.349891072542884,1,"drop"
"PTPN2",4,2,5,0.347215726849777,0.347215726849777,1,"drop"
"ADRM1",4,3,5,-0.195063384079335,0.347060742887054,1,"drop"
"MTERF4",4,2,5,0.345401959383245,0.345401959383245,1,"drop"
"OAZ1",4,2,5,0.0820134504414248,0.344958582649664,1,"drop"
"PAIP2",4,2,5,0.344359464924988,0.344359464924988,1,"drop"
"NAA20",4,3,5,-0.343995032469552,0.343995032469552,1,"drop"
"ZNF800",4,3,5,-0.0503466932289406,0.341706165091121,1,"drop"
"CHCHD5",4,3,5,-0.193834906798285,0.340134441222676,1,"drop"
"ENO1",4,2,5,-0.188487236460537,0.339997365161845,1,"drop"
"MRPL9",4,3,5,-0.0633926837181686,0.339935843148343,1,"drop"
"ACAP2",4,2,5,0.0315098119910746,0.339838273578741,1,"drop"
"DGUOK",4,3,5,-0.226052232596892,0.336294216717715,1,"drop"
"ATP5MF",4,3,5,0.218917196866576,0.335610670334943,1,"drop"
"LRRC58",4,3,5,0.335218301448534,0.335218301448534,1,"drop"
"CLNS1A",4,3,5,-0.334808951437546,0.334808951437546,1,"drop"
"SETD2",4,3,5,0.00479821914160459,0.334191659118823,1,"drop"
"TMEM179B",4,3,5,-0.333576302612364,0.333576302612364,1,"drop"
"EMC10",4,2,5,-0.198328840886091,0.333317347374241,1,"drop"
"MEX3C",4,3,5,-0.059397225420841,0.333219665791807,1,"drop"
"GNAI2",4,3,5,-0.218649246409371,0.332939594673877,1,"drop"
"TRAPPC2L",4,3,5,-0.0768549630865604,0.33239577639957,1,"drop"
"RDH14",4,3,5,0.0853570124457934,0.331375740477164,1,"drop"
"SCAF11",4,3,5,-0.0898216980960816,0.32966877350241,0.000650952965700611,"drop"
"CD99",4,2,5,0.0873133394679152,0.32850578099838,0.830167422503151,"drop"
"GLS",4,2,5,-0.328315400568127,0.328315400568127,1,"drop"
"MMADHC",4,3,5,0.201413272327567,0.326415243158725,1,"drop"
"URI1",4,2,5,-0.326059271379873,0.326059271379873,1,"drop"
"SMS",4,3,5,0.195507108274142,0.323742982732446,1,"drop"
"EIF5B",4,3,5,-0.183399034592181,0.323717522675864,1,"drop"
"UBE2D3",4,3,5,0.14642655594561,0.323697844083015,1,"drop"
"FAM204A",4,3,5,0.0995528858965388,0.323535821573276,1,"drop"
"FUS",4,2,5,-0.0564814794866356,0.323024698450315,1,"drop"
"COMMD10",4,2,5,-0.322565809175517,0.322565809175517,1,"drop"
"SRP9",4,2,5,-0.00916829935102841,0.321516459167288,1,"drop"
"PRKAG1",4,3,5,0.0416742989902684,0.321246518214921,1,"drop"
"ATP5F1B",4,2,5,-0.321071449737296,0.321071449737296,1,"drop"
"FIBP",4,3,5,-0.177062715395933,0.320646417959474,1,"drop"
"TOMM5",4,3,5,0.215347004662159,0.32033005875588,1,"drop"
"CCDC57",4,3,5,0.107509034653307,0.319228691858961,1,"drop"
"CSNK2A2",4,3,5,-0.0967562626589172,0.318445475894133,1,"drop"
"STMP1",4,2,5,-0.103227516204299,0.31795818686209,1,"drop"
"DNAJC19",4,3,5,0.0440173262786248,0.317730054840357,1,"drop"
"SMG7",4,3,5,-0.063460162588484,0.317089663112626,1,"drop"
"COX14",4,2,5,-0.19941436946372,0.316831281210264,1,"drop"
"COA8",4,3,5,-0.0918569117438974,0.316604103535564,1,"drop"
"MED28",4,3,5,-0.0338343060022166,0.316531779969235,1,"drop"
"TRAPPC1",4,3,5,0.18234088659471,0.314704852108264,1,"drop"
"MRPL11",4,3,5,-0.31457099863521,0.31457099863521,1,"drop"
"PSMB7",4,3,5,0.17085005123319,0.314082101667381,1,"drop"
"NCBP2",4,2,5,0.0557315605224794,0.311683076460981,1,"drop"
"PSMG2",4,2,5,-0.0772431783746924,0.311588867102722,1,"drop"
"CNIH1",4,2,5,0.0468294627455196,0.310556649310978,1,"drop"
"PIK3C2A",4,2,5,-0.200899839900301,0.309033454013052,1,"drop"
"WASHC1",4,3,5,0.192535469938771,0.307700056401552,1,"drop"
"VPS26B",4,2,5,-0.0990978888213598,0.303480279054004,1,"drop"
"SEC61B",4,3,5,-0.303177172366939,0.303177172366939,1,"drop"
"HMGA1",4,2,5,-0.301370241991799,0.301370241991799,1,"drop"
"SHMT2",4,2,5,-0.198115592774834,0.300597574669971,1,"drop"
"PDS5A",4,2,5,0.0841914895086556,0.293438747251314,1,"drop"
"NARF",4,2,5,-0.0390689985184682,0.288734530734527,1,"drop"
"LATS1",4,3,5,0.183317086459473,0.288068075573273,1,"drop"
"TMEM147",4,3,5,-0.179148448295703,0.285887956456184,1,"drop"
"PHPT1",4,3,5,-0.169046565284399,0.278989166056018,1,"drop"
"LARS",4,3,5,0.0550876091597326,0.273266945434834,1,"drop"
"AKR7A2",4,2,5,0.169706643021269,0.270761933469239,1,"drop"
"TXNL1",4,3,5,-0.265425287065854,0.265425287065854,0.0726445645250944,"drop"
"PVT1",4,3,4,-0.627595112790795,0.81720003775343,0.084016524683018,"drop"
"ARHGEF40",4,3,4,-0.156572235052801,0.590656162257913,1,"drop"
"LGALS9",4,2,4,0.186096417964674,0.586446509699209,1,"drop"
"DUSP23",4,2,4,-0.0784786989530287,0.567596795178304,1,"drop"
"PSTPIP2",4,2,4,0.227515082306763,0.563761186163087,0.0470087644043742,"drop"
"PXK",4,3,4,0.321869453657336,0.54067841874444,1,"drop"
"KIF13B",4,2,4,-0.534783608541031,0.534783608541031,1,"drop"
"MFAP1",4,1,4,-0.516708452028734,0.516708452028734,1,"drop"
"TRAPPC12",4,3,4,-0.332866593523345,0.50244772525013,1,"drop"
"IPCEF1",4,2,4,-0.497964393355184,0.497964393355184,0.0238825434535892,"drop"
"BLOC1S5",4,2,4,-0.28840992763546,0.483176645932086,1,"drop"
"AP5Z1",4,3,4,-0.00545320535492999,0.481052749072183,1,"drop"
"SNF8",4,2,4,0.302853211767484,0.468467451153799,1,"drop"
"ORC2",4,2,4,-0.464138945543823,0.464138945543823,1,"drop"
"RGS10",4,3,4,0.312157297375977,0.456483113948522,0.134353597309599,"drop"
"ITPK1",4,2,4,-0.267577101441715,0.439323032248366,1,"drop"
"IDH3G",4,2,4,-0.43794665220847,0.43794665220847,1,"drop"
"CREB3L2",4,2,4,-0.0235519203296115,0.416045796576724,1,"drop"
"NSMCE1",4,2,4,-0.00589741034061551,0.414735174447274,1,"drop"
"CLEC2B",4,3,4,0.409773015298828,0.409773015298828,1,"drop"
"RBM34",4,3,4,-0.408627414456828,0.408627414456828,1,"drop"
"EBNA1BP2",4,2,4,-0.0389400428343832,0.407188968960109,1,"drop"
"CD4",4,2,4,-0.104303323356726,0.401367988584654,1,"drop"
"ZEB2",4,3,4,-0.262636867704867,0.397967749851843,1,"drop"
"HDHD2",4,2,4,-0.39382506940003,0.39382506940003,1,"drop"
"AC100810.1",4,2,4,-0.226577023177315,0.392569278346178,1,"drop"
"MRPS12",4,1,4,-0.392432176519794,0.392432176519794,1,"drop"
"DNAJC8",4,2,4,-0.078700439668165,0.391181242377447,1,"drop"
"CAPZA2",4,2,4,-0.134645794075149,0.3877403653015,1,"drop"
"RPP38",4,3,4,-0.254201398239473,0.384733957675933,1,"drop"
"RRP7A",4,3,4,-0.0304972357497028,0.383640263992554,1,"drop"
"ABRAXAS1",4,1,4,0.0859342730429735,0.381743584791302,1,"drop"
"NAP1L1",4,2,4,0.381647623110619,0.381647623110619,0.000613149905288075,"drop"
"TRAK2",4,2,4,0.0709457707367313,0.380917064500967,1,"drop"
"OAT",4,2,4,0.253358885697984,0.380796821783566,1,"drop"
"IPO5",4,2,4,0.223044534972582,0.379135423415378,1,"drop"
"UBQLN1",4,3,4,-0.0109312006845772,0.37772618118633,1,"drop"
"KDM2A",4,3,4,0.375779323166355,0.375779323166355,1,"drop"
"LSM1",4,3,4,-0.169162774990545,0.373471088323057,1,"drop"
"LAPTM4A",4,2,4,0.116310434271703,0.372034985024364,1,"drop"
"RRP1B",4,2,4,-0.119164817571009,0.368723931565879,1,"drop"
"UHMK1",4,2,4,0.0976374508957037,0.367677246224658,1,"drop"
"NOL8",4,2,4,-0.174954457452484,0.367223739766804,1,"drop"
"HEATR5B",4,3,4,0.0876890753499612,0.367120065982357,1,"drop"
"KXD1",4,3,4,0.0159685411875853,0.363710537492233,1,"drop"
"RNF135",4,3,4,-0.209403881443596,0.358837848159609,1,"drop"
"USP22",4,3,4,0.0368946940845597,0.357839604827085,1,"drop"
"KMT2A",4,1,4,0.355556306972132,0.355556306972132,1,"drop"
"PCED1B",4,3,4,0.203945070334154,0.3552929545761,1,"drop"
"GIMAP2",4,3,4,-0.191190887264507,0.351492757127518,1,"drop"
"TPM3",4,2,4,0.183864082733384,0.35123931354402,0.0115207002812704,"drop"
"TIMM8B",4,3,4,0.000105983193296494,0.350311295260786,1,"drop"
"SNHG32",4,2,4,0.346618346260457,0.346618346260457,1,"drop"
"RAB7A",4,2,4,0.151713621812508,0.342870786833305,1,"drop"
"TEN1",4,2,4,-0.176211160433235,0.342600961241639,1,"drop"
"BASP1",4,2,4,-0.191977051794323,0.339177189419996,1,"drop"
"SMC4",4,2,4,-0.13828261558803,0.337093261127369,1,"drop"
"RANBP1",4,2,4,-0.099173142727956,0.335701952629682,1,"drop"
"SRM",4,2,4,-0.165991022606833,0.334320708491167,1,"drop"
"MRPS15",4,2,4,-0.188035090736817,0.333563532227571,1,"drop"
"FAM91A1",4,1,4,0.181610233695946,0.33277286829238,1,"drop"
"RPAIN",4,2,4,0.070132761349994,0.332059805410364,1,"drop"
"STMN3",4,3,4,0.052771479116264,0.330677264931938,1,"drop"
"WDR61",4,2,4,-0.197634103406647,0.329561723590095,1,"drop"
"ECI1",4,3,4,-0.192084414839076,0.324925144201418,1,"drop"
"RNASEK",4,2,4,-0.0558158207525913,0.323895089210241,1,"drop"
"LGALS3",4,2,4,-0.323712555020281,0.323712555020281,0.00391640797107041,"drop"
"ZNF44",4,1,4,-0.323460264169165,0.323460264169165,1,"drop"
"GTF2F1",4,2,4,0.153297292085543,0.322297158420803,1,"drop"
"ARHGDIB",4,1,4,-0.194950153363411,0.321070444583672,1,"drop"
"ACLY",4,3,4,-0.0191935377300095,0.316885273839835,1,"drop"
"DDX17",4,2,4,0.16128642500352,0.315643392568843,1,"drop"
"BABAM2",4,3,4,-0.314846277036513,0.314846277036513,1,"drop"
"GRK2",4,2,4,-0.172888932943496,0.314266196370867,1,"drop"
"PPA1",4,2,4,0.00729286108276775,0.313966585620194,1,"drop"
"DYNC1H1",4,2,4,-0.313707505495708,0.313707505495708,1,"drop"
"TATDN1",4,2,4,-0.181033102262451,0.312708867477203,1,"drop"
"NIPSNAP2",4,3,4,-0.00823675727296524,0.312162513913546,1,"drop"
"TUFM",4,2,4,-0.307221137925855,0.307221137925855,0.0280071611089318,"drop"
"BEX2",4,2,4,0.306917511564906,0.306917511564906,1,"drop"
"NUDC",4,2,4,-0.146292294926317,0.301290389195152,1,"drop"
"AKR1B1",4,3,4,-0.152494148363164,0.298826671971078,1,"drop"
"DDX5",4,2,4,0.166610088733844,0.292743527106819,0.000000125705028990118,"drop"
"GMPR2",4,2,4,-0.167026106945625,0.292113417906299,1,"drop"
"GLOD4",4,2,4,-0.0280695851525787,0.291800770592033,1,"drop"
"ATP5ME",4,3,4,0.282737148548172,0.282737148548172,1,"drop"
"RCN2",4,2,4,0.147956139526409,0.276664101568779,1,"drop"
"SMIM3",3,3,9,-0.101085324781142,0.547016596636493,1,"drop"
"IL1R2",3,3,8,-0.942420079311146,1.22672864987486,0.0000000000000000000000000000000000000000498388802803064,"drop"
"EREG",3,3,8,-0.0217267825958696,0.948491753551565,0.000342521042058106,"drop"
"IER3",3,3,8,-0.465567784218614,0.941061981745011,1,"drop"
"ING1",3,3,8,0.177576995029891,0.723262891034677,1,"drop"
"GLRX2",3,3,8,0.187694055809915,0.700648361453941,1,"drop"
"MYOM2",3,3,8,-0.212081617391223,0.69630771294736,0.000000000279355234871615,"drop"
"WASF2",3,3,8,-0.250228965006173,0.60039573500928,1,"drop"
"KLHL6",3,3,8,0.0238019646294633,0.57737913174956,1,"drop"
"RPRD1B",3,3,8,0.211182514742602,0.575018573752288,1,"drop"
"MAP2K2",3,3,8,-0.276065265439686,0.554091323829256,0.0295425489533218,"drop"
"RALGDS",3,3,8,0.160208269145032,0.526989630612775,1,"drop"
"CCDC112",3,3,8,-0.175040517173005,0.522898254449722,1,"drop"
"BPGM",3,3,8,-0.309826832980295,0.519113275585661,1,"drop"
"CALM2",3,3,8,0.008891558718695,0.495787735679811,1,"drop"
"ARHGAP35",3,3,8,-0.319996465840174,0.492861709338092,1,"drop"
"ABI1",3,3,8,-0.0706220033447864,0.471982076173916,1,"drop"
"DRAM2",3,3,8,0.0877588587540746,0.466214836147224,1,"drop"
"TOLLIP",3,3,8,0.0689696837543066,0.451776665851751,1,"drop"
"APOBR",3,3,8,-0.222180722932027,0.444329548234757,1,"drop"
"RAB13",3,3,8,0.00358369736682563,0.441239605419456,1,"drop"
"RING1",3,3,8,0.115878425481941,0.428629647703274,1,"drop"
"SUPT3H",3,3,8,0.161031648137875,0.366310990789516,1,"drop"
"KLF4",3,3,7,0.0938688858641077,1.46635900938427,0.0000596232849245922,"drop"
"RGPD5",3,3,7,0.677946228102442,1.16227247554752,1,"drop"
"CCL3",3,3,7,-0.196414671373466,1.09536598753568,1,"drop"
"ITGA2B",3,3,7,0.263071487982432,0.866171411680418,1,"drop"
"ARHGAP12",3,3,7,0.672594145653965,0.780213000205812,1,"drop"
"P2RX7",3,3,7,0.343566673882857,0.761494440255629,1,"drop"
"FRMD4B",3,3,7,0.504767399251157,0.722170207559967,1,"drop"
"TMEM214",3,3,7,-0.31255735139801,0.714374845501647,1,"drop"
"ZFYVE21",3,3,7,-0.0538742564594746,0.714076975599308,1,"drop"
"TNFAIP8L1",3,3,7,0.190330963473055,0.703981267998154,1,"drop"
"PATL1",3,3,7,0.407012101532676,0.700011383957916,1,"drop"
"INAFM2",3,3,7,0.590109439714994,0.669500413359128,1,"drop"
"RAB35",3,3,7,0.10202103936432,0.663423007693852,1,"drop"
"MIR181A1HG",3,3,7,-0.217296368140191,0.656797994061869,0.00024216361064918,"drop"
"TMEM222",3,3,7,0.0393258075567057,0.656132848628883,1,"drop"
"DAAM1",3,3,7,0.0688409983586289,0.651189420608063,0.000000000127153693305809,"drop"
"KLRB1",3,3,7,-0.317841064883257,0.651154019689705,1,"drop"
"POLD3",3,3,7,-0.494077492821312,0.64723546419876,1,"drop"
"ESRRA",3,3,7,-0.0556556163039637,0.644725801540257,1,"drop"
"CLCN7",3,3,7,0.124566922307051,0.638537911522409,1,"drop"
"G0S2",3,3,7,0.111891316270507,0.63380757416606,0.00000000723747502259054,"drop"
"MOGS",3,3,7,0.11879219929305,0.629996819270863,1,"drop"
"TESC",3,3,7,0.0682427153988881,0.614014499895982,1,"drop"
"IKBKG",3,3,7,0.404632973791932,0.612944345309287,1,"drop"
"CLN8",3,3,7,-0.167150372977356,0.608506948555946,0.00626001307060359,"drop"
"RAB11FIP4",3,3,7,0.122282195910635,0.608033632292711,0.760572051285772,"drop"
"UHRF1BP1L",3,3,7,0.045246704568659,0.605456299950237,1,"drop"
"OSM",3,3,7,-0.0327438981258997,0.603866888017537,1,"drop"
"SNX13",3,3,7,0.238615196249521,0.599840624037413,1,"drop"
"RSPRY1",3,3,7,-0.363094107374288,0.596291061556244,1,"drop"
"ADNP2",3,3,7,-0.147866170452212,0.595603254444415,1,"drop"
"FLNB",3,3,7,0.305822297414712,0.59124820173978,1,"drop"
"SBNO2",3,3,7,0.0405777201991053,0.587860420142316,1,"drop"
"JDP2",3,3,7,-0.321881139628102,0.585346100172555,0.0000000000000000669100957345756,"drop"
"CRYL1",3,3,7,0.0867901196616821,0.583980150225899,1,"drop"
"AC083799.1",3,3,7,0.450347851350972,0.578338537581108,1,"drop"
"NLRC3",3,3,7,-0.166861900742636,0.576687075668952,1,"drop"
"NFE2",3,3,7,-0.301430877002711,0.568545843429742,1,"drop"
"ATP6V1C1",3,3,7,-0.567711174198629,0.567711174198629,1,"drop"
"CSF2RB",3,3,7,-0.222177236927316,0.565810077941693,1,"drop"
"SLFN11",3,3,7,0.130745929932248,0.564269409366784,1,"drop"
"SEPTIN1",3,3,7,-0.402755465268167,0.562619231371769,1,"drop"
"ABL2",3,3,7,0.364555924544282,0.55946352361212,1,"drop"
"DOK1",3,3,7,-0.465097174678701,0.55150620894866,1,"drop"
"JCHAIN",3,3,7,0.00118502172104828,0.545875603763863,0.0677519593127142,"drop"
"LRRC57",3,3,7,0.272626020293233,0.544657600369447,1,"drop"
"IGF2BP2",3,3,7,0.116934369309,0.542626607060593,1,"drop"
"ST3GAL2",3,3,7,-0.115662518062303,0.538587783239403,1,"drop"
"ATG14",3,3,7,-0.169504302971821,0.537847727737597,1,"drop"
"GOLIM4",3,3,7,0.1947444402168,0.528415240389597,1,"drop"
"PWWP3A",3,3,7,-0.140720540040166,0.527469306181449,1,"drop"
"RHOT1",3,3,7,0.234633821337986,0.524689082258486,1,"drop"
"COBLL1",3,3,7,0.400419255844998,0.520197793472373,1,"drop"
"GLA",3,3,7,-0.372748520017617,0.519474609570831,1,"drop"
"CCDC97",3,3,7,-0.240054421161806,0.514403459072643,1,"drop"
"THAP1",3,3,7,0.0363709056310324,0.51280335482562,1,"drop"
"MTREX",3,3,7,0.190378794276437,0.503327800623522,1,"drop"
"ITGA5",3,3,7,-0.190956186780449,0.501921744857356,1,"drop"
"UBXN6",3,3,7,-0.293423896814125,0.501250497156023,1,"drop"
"HMG20A",3,3,7,-0.169707100962066,0.495709864072471,1,"drop"
"ASCC1",3,3,7,-0.0939561247484761,0.494531316938687,1,"drop"
"ANGEL2",3,3,7,0.155653778563901,0.491931836355893,1,"drop"
"COQ2",3,3,7,0.0969303563726943,0.491836668667417,1,"drop"
"MAML3",3,3,7,-0.00773191364403757,0.490093231109604,1,"drop"
"APOBEC3A",3,3,7,-0.0975110532222057,0.481673137878751,0.00116848355826576,"drop"
"MADD",3,3,7,-0.174635152533188,0.479388210511717,1,"drop"
"ZNF736",3,3,7,0.170150305546972,0.479364747599111,1,"drop"
"VPS8",3,3,7,-0.377826647876221,0.478388106697281,1,"drop"
"CDV3",3,3,7,-0.142287114387765,0.473780779194517,1,"drop"
"CEBPA",3,3,7,0.140048649780875,0.470145971496333,0.282042703807443,"drop"
"UBE2I",3,3,7,-0.154534994197328,0.455444603650626,1,"drop"
"ADCY7",3,3,7,0.257100004455753,0.45519046797851,1,"drop"
"NDUFB8",3,3,7,-0.168457136870413,0.451686823869333,1,"drop"
"CDIP1",3,3,7,-0.131346782041683,0.448983325860587,1,"drop"
"TCEAL8",3,3,7,-0.0817351996799824,0.448976920837801,1,"drop"
"HIST3H2A",3,3,7,0.0181373624701967,0.446789722815166,1,"drop"
"ITPA",3,3,7,-0.306028849127881,0.443509291255257,0.798840010005008,"drop"
"DNASE1L1",3,3,7,-0.241431191900946,0.433231962631594,1,"drop"
"TRAFD1",3,3,7,0.0490040444377713,0.430927344051049,1,"drop"
"UTP23",3,3,7,0.176530000942938,0.426216521280805,1,"drop"
"RBBP8",3,3,7,0.188352886843105,0.423964481452235,1,"drop"
"EAF2",3,3,7,-0.208892812389442,0.416691611362801,0.0000386467594606193,"drop"
"EIF3L",3,3,7,0.0240273633704763,0.41246584213197,1,"drop"
"KCNK6",3,3,7,-0.0310789560208884,0.406442634069024,1,"drop"
"UQCRH",3,3,7,-0.0717498664570147,0.385942757832264,1,"drop"
"LIAS",3,3,7,-0.124949008970676,0.378348782020671,1,"drop"
"HNRNPA3",3,3,7,0.0759619387251498,0.3670281989514,1,"drop"
"MCM5",3,3,7,0.11787700099884,0.360491960884999,1,"drop"
"CD320",3,3,7,-0.190645091693865,0.352546962391435,1,"drop"
"NCLN",3,3,7,-0.0171488949365317,0.352239928184812,1,"drop"
"ACOT13",3,3,7,-0.175634417496798,0.34903441770782,1,"drop"
"NOC3L",3,3,7,-0.128716410852465,0.348370733794543,1,"drop"
"TCF4",3,3,7,0.149136826558671,0.347265422596846,1,"drop"
"TMEM59",3,3,7,0.154848071995094,0.337393238616158,1,"drop"
"IGLC2",3,3,6,0.764165447639863,2.40060124107851,1,"drop"
"LRIF1",3,3,6,-0.935313537881046,1.12995413710126,0.248727515475368,"drop"
"NAB1",3,3,6,0.734535162785589,1.000074238972,1,"drop"
"WARS",3,3,6,0.58245262324162,0.974598688401387,1,"drop"
"ENPP4",3,3,6,-0.657763271749238,0.920316346940216,0.000173166009609381,"drop"
"ATP13A3",3,3,6,0.160805259564101,0.911010892100629,1,"drop"
"SERTAD1",3,2,6,-0.110822236470698,0.898438883296315,0.039931049117791,"drop"
"SERINC5",3,3,6,-0.623210638185488,0.853103828845868,1,"drop"
"VPS45",3,3,6,0.427701079091739,0.836709268505414,1,"drop"
"ANKRD44-IT1",3,3,6,0.68654962670872,0.824712962824727,1,"drop"
"PLEKHO2",3,3,6,-0.27384273479881,0.821727008352219,0.0000000709218017874586,"drop"
"CEP120",3,3,6,0.586517009390146,0.809840084416078,1,"drop"
"ATP13A1",3,3,6,-0.0469431341267823,0.808251969948988,1,"drop"
"LMBRD2",3,3,6,0.619582158090316,0.799683768280016,1,"drop"
"RIPK1",3,3,6,-0.540147756714754,0.796083075712045,1,"drop"
"ETV3",3,3,6,-0.0672909377488159,0.79198584672555,0.0300683647920304,"drop"
"IL1B",3,3,6,-0.337004243116895,0.789211079176315,1,"drop"
"EXOC2",3,3,6,-0.595705115683047,0.784481088914529,1,"drop"
"C3AR1",3,3,6,-0.77506390912824,0.77506390912824,0.0000168574091277061,"drop"
"ZBTB18",3,3,6,0.624195849049926,0.763541077323197,1,"drop"
"TNFAIP8L2",3,3,6,-0.176790027250778,0.754904443978935,0.000662534709000901,"drop"
"GFOD1",3,3,6,0.203365911612746,0.748590325386805,1,"drop"
"SCO2",3,3,6,0.474994488169466,0.748319207417035,0.0000000000000516194864319978,"drop"
"CHKA",3,3,6,-0.200486026704548,0.730736881530355,0.00559937186542312,"drop"
"ABR",3,2,6,0.517580267823825,0.726181927233684,1,"drop"
"ARHGAP24",3,3,6,0.280503113957133,0.724944284555991,0.0000451805366356993,"drop"
"FURIN",3,3,6,0.430103918412448,0.722639379592686,0.019170478342313,"drop"
"DUSP5",3,3,6,0.70533120521408,0.70533120521408,1,"drop"
"NT5C2",3,3,6,0.437928548197204,0.692999472584066,1,"drop"
"EMC8",3,3,6,0.242031705328002,0.691842559511406,1,"drop"
"C16orf74",3,3,6,0.691704895566782,0.691704895566782,1,"drop"
"LDLRAD4",3,3,6,0.342259937375665,0.688860055213818,1,"drop"
"PGM1",3,3,6,-0.391467083882887,0.688311692630968,1,"drop"
"HCCS",3,3,6,-0.599379267589639,0.684394890780024,1,"drop"
"TMEM209",3,3,6,0.364450672270942,0.68429579075658,1,"drop"
"MTMR10",3,3,6,0.416944167607739,0.671921818786064,1,"drop"
"FGD4",3,3,6,-0.385608283980658,0.666472951558542,0.0000011478044956793,"drop"
"NUDT16",3,3,6,-0.566470668937868,0.663501174947353,0.000392516331730674,"drop"
"PRKAR2B",3,3,6,0.341398008737641,0.660307759863794,0.996693219181994,"drop"
"SLC39A1",3,3,6,-0.550724370447964,0.659979518579322,1,"drop"
"CLU",3,3,6,0.482443676081495,0.658344196445158,0.00000114340926201445,"drop"
"CXCL8",3,3,6,0.0831336759602698,0.655755171855172,0.102546512352321,"drop"
"BTN2A1",3,3,6,-0.541066257667746,0.65360441633987,1,"drop"
"ZNF316",3,3,6,-0.0703639259291023,0.65203304276409,1,"drop"
"INPP4B",3,2,6,-0.645136371907657,0.645136371907657,1,"drop"
"OXNAD1",3,3,6,0.508949519176123,0.643703731776421,1,"drop"
"USPL1",3,3,6,0.327647762193292,0.642204798958357,1,"drop"
"SNX10",3,3,6,0.117566860400864,0.637315522081442,0.698445251579227,"drop"
"CST3",3,3,6,-0.386229358603121,0.633868306503159,1,"drop"
"MINCR",3,3,6,0.488936182489809,0.631665030943511,1,"drop"
"SLC1A5",3,3,6,-0.63079854330784,0.63079854330784,1,"drop"
"SMURF2",3,3,6,0.277594310200784,0.630310352720805,1,"drop"
"CD226",3,3,6,0.167519961391263,0.628558094956322,0.525087337111251,"drop"
"CPNE2",3,3,6,-0.091755064382272,0.628477577799863,1,"drop"
"RHOB",3,3,6,-0.00951100058580217,0.627776456250116,1,"drop"
"RAB31",3,3,6,0.10372554975546,0.624646853291709,1,"drop"
"ABLIM1",3,3,6,0.267845075383319,0.623452608286753,1,"drop"
"AL121933.2",3,3,6,-0.0744318546446523,0.623325784706186,1,"drop"
"CYSTM1",3,3,6,0.432071525437119,0.622885329454991,1,"drop"
"PIGX",3,3,6,0.139165707204521,0.622516900549228,1,"drop"
"PRKD2",3,3,6,-0.166398249443441,0.618641849173642,1,"drop"
"SLF1",3,3,6,-0.0585604904652232,0.617541219314177,1,"drop"
"AP3M1",3,3,6,-0.425892451081354,0.609558742759706,1,"drop"
"CRIM1",3,3,6,0.235823091270053,0.604104858989017,1,"drop"
"PIKFYVE",3,3,6,0.12872871162724,0.593455325680249,1,"drop"
"PDZD11",3,3,6,-0.412883670934817,0.591492397296961,1,"drop"
"STARD4",3,2,6,-0.039570722235598,0.590403044710941,0.266806369409232,"drop"
"FCRL3",3,3,6,0.176331832967706,0.589976180982288,0.0166693119674821,"drop"
"UQCR10",3,3,6,-0.0758141486791463,0.588247527138359,0.25859400597038,"drop"
"IDH1",3,3,6,-0.229537346804798,0.587520030365093,1,"drop"
"SEC13",3,3,6,-0.362824658640661,0.586502517452881,1,"drop"
"BRPF1",3,3,6,0.339211960330573,0.583187506886018,1,"drop"
"KIF1B",3,3,6,0.264382884056233,0.581187949003164,1,"drop"
"TRAK1",3,3,6,0.578851751637676,0.578851751637676,1,"drop"
"DCLRE1C",3,3,6,0.0406733379586488,0.574441412160967,1,"drop"
"NDRG1",3,3,6,-0.0334041985834838,0.572268138327061,1,"drop"
"SKAP1",3,3,6,-0.23754344349308,0.571664178265488,1,"drop"
"RBBP5",3,3,6,-0.0443104065067113,0.570346841904825,1,"drop"
"TK2",3,3,6,0.0707987862398078,0.570226531462644,1,"drop"
"TRAPPC8",3,3,6,0.205604603892541,0.566517187184689,1,"drop"
"BOD1",3,3,6,-0.142298261457275,0.559940548693987,1,"drop"
"GK",3,3,6,-0.0106788282142748,0.558155257587179,0.00602395115101561,"drop"
"GSTP1",3,2,6,0.106760086237242,0.554691714961571,1,"drop"
"ZNF672",3,3,6,-0.120375152417541,0.554220617474211,1,"drop"
"TFEB",3,3,6,-0.553550289370346,0.553550289370346,0.0170481797637301,"drop"
"LMF2",3,3,6,-0.025388247359407,0.553170978304626,1,"drop"
"PTBP2",3,3,6,-0.172881028179719,0.552867626767429,1,"drop"
"AGO4",3,3,6,0.0927870000300333,0.54697634511003,1,"drop"
"CPNE1",3,3,6,-0.238569358712313,0.546544000755773,1,"drop"
"TCAIM",3,3,6,-0.543369101874362,0.543369101874362,1,"drop"
"LRCH1",3,3,6,0.200375826871158,0.54297348177681,1,"drop"
"PACSIN2",3,3,6,0.219118144943932,0.542372527406796,1,"drop"
"BIRC6",3,3,6,0.351519922079371,0.539934930823067,1,"drop"
"VPS13D",3,3,6,-0.0679674763968077,0.538099965064077,1,"drop"
"INSR",3,3,6,-0.441243556501544,0.533854878182218,1,"drop"
"FHOD1",3,3,6,-0.171411435625769,0.532069042961493,0.548212312772574,"drop"
"MAP4K1",3,3,6,-0.151137663428323,0.531528974129205,1,"drop"
"SCCPDH",3,3,6,-0.121563116536131,0.529707789258719,1,"drop"
"INTS1",3,3,6,0.309937630682285,0.528425704468323,1,"drop"
"RNF103",3,3,6,0.266857948738393,0.526899873858035,1,"drop"
"ERLEC1",3,3,6,-0.525754730741496,0.525754730741496,0.261817839074143,"drop"
"ECE1",3,3,6,-0.244813459243963,0.524139903454655,1,"drop"
"KIAA2013",3,3,6,-0.0901689172978568,0.520976065839551,1,"drop"
"ASCC3",3,3,6,-0.0284461892263017,0.519303818052548,1,"drop"
"ATRX",3,3,6,-0.306774640154932,0.519207618659594,1,"drop"
"SNAP47",3,3,6,0.000865505464144156,0.51896599561588,1,"drop"
"SOCS4",3,3,6,0.037659175097472,0.516787457993256,1,"drop"
"UTP6",3,3,6,-0.29755614597764,0.516253697656478,1,"drop"
"ITGA6",3,3,6,0.127460338260008,0.51601889200927,1,"drop"
"AGPAT1",3,3,6,0.0388460701578227,0.514801201202633,1,"drop"
"S100A12",3,3,6,-0.150853071753194,0.51318691750799,1,"drop"
"STK19",3,3,6,-0.419261228669918,0.510847332876923,1,"drop"
"CPNE8",3,3,6,0.0706116565656392,0.507650689468694,1,"drop"
"ICOSLG",3,3,6,0.503692451302765,0.503692451302765,1,"drop"
"ABCC1",3,3,6,0.0989452143152607,0.501802985151504,1,"drop"
"SIRPB1",3,3,6,-0.251046780565414,0.501045330930909,1,"drop"
"CIITA",3,3,6,0.279732627917394,0.500442233189215,1,"drop"
"PRR14",3,3,6,-0.209227699690213,0.500028441758581,1,"drop"
"ATP5F1D",3,3,6,0.0619356607913778,0.499665347850811,1,"drop"
"CD28",3,3,6,0.160213659589662,0.499377743564183,0.209218175403907,"drop"
"KIAA0232",3,3,6,0.222090295347556,0.497770039745264,1,"drop"
"CCAR2",3,3,6,-0.496028387545816,0.496028387545816,1,"drop"
"LUC7L",3,3,6,0.209980746548999,0.492495550735324,1,"drop"
"CDC34",3,3,6,-0.120293162365101,0.491842096490602,1,"drop"
"GTF3C1",3,3,6,0.235547033899316,0.49089094174704,1,"drop"
"NPRL2",3,3,6,-0.123160876851116,0.489595034273496,1,"drop"
"ATG12",3,3,6,-0.135773789007958,0.488683602985634,1,"drop"
"MRPS25",3,2,6,-0.484283328869126,0.484283328869126,1,"drop"
"PATL2",3,3,6,-0.188626211131972,0.483561682699778,1,"drop"
"HOPX",3,3,6,-0.204283107851904,0.483473397789595,1,"drop"
"CCDC47",3,3,6,-0.148223721301832,0.482438512251896,1,"drop"
"RSAD1",3,3,6,0.237931869621308,0.482188646470629,1,"drop"
"UBXN2B",3,3,6,0.0913657789931638,0.48216611586033,1,"drop"
"PROSER1",3,3,6,0.0725305999091728,0.481773593230248,1,"drop"
"DIPK2A",3,3,6,0.119353480666037,0.479675716998336,1,"drop"
"RBM14",3,2,6,-0.0123494324732062,0.478349877241061,1,"drop"
"YOD1",3,3,6,-0.211018469553693,0.475886236584294,1,"drop"
"ZFP14",3,3,6,0.0569905136091228,0.475278264321629,1,"drop"
"DDX56",3,3,6,-0.475063468935111,0.475063468935111,1,"drop"
"CSAD",3,3,6,-0.15289725931892,0.474197201948687,1,"drop"
"NIT1",3,3,6,-0.348875117592765,0.473971197844887,0.0192814170200943,"drop"
"BCAP31",3,2,6,-0.155609715894945,0.472753481548703,1,"drop"
"DYNLRB1",3,3,6,-0.0506275551683315,0.471998742878337,1,"drop"
"DNAJC17",3,3,6,0.0418094858139113,0.470298763239952,1,"drop"
"RFFL",3,2,6,0.148794343317738,0.469590996002507,1,"drop"
"GPS1",3,3,6,0.0711874256250857,0.466293851113763,1,"drop"
"KTI12",3,3,6,0.37030865033347,0.46623412750397,1,"drop"
"PRR7",3,3,6,0.311151723976418,0.466021596713167,1,"drop"
"ZNF487",3,3,6,0.333936769623411,0.464910548019898,1,"drop"
"NCOA6",3,3,6,0.154407385175154,0.46468097244819,1,"drop"
"UBL7",3,2,6,0.0457943941765542,0.462118884886671,1,"drop"
"TGIF2",3,3,6,-0.0684382981257092,0.461717616120095,1,"drop"
"DHRS1",3,3,6,0.206457938302079,0.461448175382976,1,"drop"
"CCDC25",3,3,6,0.1010102061525,0.460849994556356,1,"drop"
"MTRF1L",3,3,6,-0.103743513030775,0.460808904206569,1,"drop"
"FASTKD2",3,3,6,0.291682896068301,0.457050630744991,1,"drop"
"USP6NL",3,3,6,-0.125883863975616,0.456449671136127,1,"drop"
"SEH1L",3,3,6,0.065513141362779,0.455733185271963,1,"drop"
"TCF3",3,2,6,0.353674664402035,0.455460794117927,1,"drop"
"NADK",3,3,6,0.0105076068596283,0.454179451805455,1,"drop"
"DUSP18",3,3,6,-0.157680522171668,0.45408286624941,1,"drop"
"RARA",3,3,6,0.323391804973152,0.453787501176419,1,"drop"
"R3HCC1",3,3,6,-0.198040562290701,0.453724306478368,1,"drop"
"CPSF6",3,3,6,-0.0275032353883118,0.447235279174346,1,"drop"
"SYVN1",3,3,6,-0.329998225481749,0.446798615686892,0.335814167875632,"drop"
"NCOR2",3,3,6,-0.0346130445053188,0.446649433786728,1,"drop"
"PRR5",3,2,6,-0.445437257476977,0.445437257476977,0.23886313149652,"drop"
"DCTPP1",3,3,6,-0.330356609679734,0.445244794346746,1,"drop"
"SHC1",3,3,6,0.00426825426484632,0.445168462488967,1,"drop"
"MARVELD1",3,3,6,-0.0316849451121182,0.441164295101671,1,"drop"
"DCAF12",3,3,6,-0.0916570050580848,0.440512865760064,1,"drop"
"SPON2",3,3,6,-0.0831855448441423,0.439192665009873,1,"drop"
"PPIG",3,3,6,0.0081884096900225,0.43884646244014,0.344650446333621,"drop"
"PRDM4",3,3,6,0.29322122206948,0.437876298117221,1,"drop"
"SET",3,3,6,0.0346668012089793,0.436913480050333,0.34657532425027,"drop"
"TMEM189",3,3,6,0.295281991881956,0.436390691111932,1,"drop"
"MARS",3,3,6,0.350093231544122,0.436044197941233,1,"drop"
"LINC02273",3,3,6,-0.435643017561376,0.435643017561376,1,"drop"
"MTA1",3,3,6,-0.021686234265403,0.433401048104872,1,"drop"
"UQCR11",3,3,6,-0.124922535819928,0.430610525938374,1,"drop"
"CYTH2",3,3,6,-0.127768714045644,0.428856769304753,1,"drop"
"MED14",3,3,6,-0.138650954273706,0.428087348374243,1,"drop"
"CCDC117",3,3,6,-0.269874589132497,0.427842068020452,1,"drop"
"HEBP2",3,3,6,0.197803928903508,0.426675991554257,1,"drop"
"FBXL17",3,3,6,0.0153966179847323,0.426201281072535,1,"drop"
"METTL17",3,3,6,-0.310483817779322,0.424882110412906,1,"drop"
"NDUFC2",3,3,6,-0.235425833684066,0.421047837936658,0.0416430607865623,"drop"
"ZMYM4",3,3,6,0.0825146912020897,0.420128156207617,1,"drop"
"SEC24C",3,3,6,-0.0158780507735155,0.4194660704913,1,"drop"
"RBFA",3,2,6,-0.0214547840211615,0.418670002750675,1,"drop"
"LINC01215",3,2,6,0.417556296784779,0.417556296784779,1,"drop"
"RAC1",3,3,6,-0.303482101436347,0.416817728624327,1,"drop"
"PFN1",3,3,6,-0.0390620099515697,0.41676873509087,0.00000676373559452004,"drop"
"MAML1",3,3,6,0.117628668776056,0.414007501020858,1,"drop"
"SPPL2B",3,3,6,0.264826868675919,0.412083978846993,1,"drop"
"C12orf49",3,3,6,-0.0532868683313008,0.410801761578274,1,"drop"
"GUCD1",3,3,6,0.077754161702511,0.409910418407512,1,"drop"
"IRF5",3,3,6,-0.122884666733412,0.409384159988312,1,"drop"
"ZNF439",3,3,6,-0.101484794117303,0.406994092676717,1,"drop"
"AHCY",3,3,6,0.222324125741704,0.404201981500486,1,"drop"
"PIGS",3,3,6,0.204907632410169,0.404122263370058,1,"drop"
"BIN1",3,3,6,0.096394355467549,0.403998399974584,1,"drop"
"SSBP4",3,3,6,-0.0203192657251693,0.403279485020475,1,"drop"
"NAPRT",3,3,6,-0.401919872355678,0.401919872355678,1,"drop"
"FCGR3A",3,3,6,0.0101129746687802,0.401505001544478,0.000694938253626029,"drop"
"MSMO1",3,3,6,0.144265308712792,0.397284101902962,1,"drop"
"PARVG",3,3,6,0.197830036076452,0.396225255696294,1,"drop"
"SUN1",3,3,6,0.178872398213225,0.395613908346314,1,"drop"
"ITGB3BP",3,3,6,0.190071579089139,0.393674321200039,1,"drop"
"TOR1AIP2",3,3,6,0.0799254786337382,0.393535128897418,1,"drop"
"ALYREF",3,3,6,0.237281437955292,0.393374528722949,1,"drop"
"HSBP1L1",3,3,6,0.150930045755145,0.393374330763063,1,"drop"
"SLC11A2",3,3,6,0.114982284257749,0.392493974564581,1,"drop"
"ZC3H15",3,3,6,-0.0739073102284258,0.391708622531011,1,"drop"
"PDPR",3,3,6,-0.299498653345771,0.387549110911905,1,"drop"
"TMEM101",3,3,6,-0.105987797003069,0.385034392510926,1,"drop"
"GNPTAB",3,3,6,0.0798819786548948,0.384362268379845,1,"drop"
"PFDN2",3,3,6,-0.009470688745857,0.383660872115918,1,"drop"
"ZNF593",3,3,6,0.0124603514361317,0.383375170992498,1,"drop"
"NDUFS1",3,3,6,0.160834085937372,0.382962172755083,1,"drop"
"MLH1",3,3,6,-0.0675383849521725,0.382641994788825,1,"drop"
"XAB2",3,3,6,-0.00782105618438816,0.382498371420525,1,"drop"
"GPR155",3,3,6,0.269528191078717,0.380859232342008,1,"drop"
"MAD2L2",3,3,6,0.103416494893869,0.375981947928247,1,"drop"
"NUBP1",3,3,6,-0.193115264596502,0.374748558072854,1,"drop"
"TP53I3",3,3,6,-0.283959849762784,0.372576025082373,1,"drop"
"PKIA",3,3,6,-0.00247875929892917,0.370027737422625,1,"drop"
"GPATCH2",3,3,6,0.0422650564401785,0.36902519288493,1,"drop"
"AGAP3",3,3,6,-0.096324554571128,0.368510990538422,1,"drop"
"CDK9",3,3,6,-0.214824844969633,0.362241807878512,1,"drop"
"USP33",3,3,6,0.109138548665537,0.357876140300087,1,"drop"
"FOXP1",3,3,6,0.187360852934434,0.355183297035989,0.000000000285866062135883,"drop"
"NUBP2",3,3,6,-0.0940718334116172,0.35133293817214,1,"drop"
"ABHD10",3,3,6,-0.252603782376194,0.349910032304024,1,"drop"
"COMMD2",3,3,6,0.0883672442076023,0.349107817711339,1,"drop"
"MED16",3,3,6,-0.15080914724563,0.342717688620284,1,"drop"
"ENTPD4",3,3,6,0.131291778073871,0.341996666825871,1,"drop"
"SYF2",3,3,6,0.094153547340581,0.339851028198717,1,"drop"
"PGK1",3,3,6,-0.004164521096154,0.339425178868961,1,"drop"
"ICAM3",3,3,6,-0.105185995536566,0.338867348062038,1,"drop"
"CUTC",3,3,6,-0.238557924938718,0.335277300693467,1,"drop"
"CPSF3",3,3,6,-0.224046702674971,0.331451251160908,1,"drop"
"CSNK2A1",3,3,6,-0.138249517750898,0.323037809993305,1,"drop"
"MPG",3,3,6,-0.225264158443417,0.322896525920038,1,"drop"
"TAF1D",3,3,6,0.114260932709611,0.321283051134411,1,"drop"
"SAV1",3,3,6,0.137982981594207,0.32098703212887,1,"drop"
"VPS13C",3,3,6,0.314781377018938,0.314781377018938,1,"drop"
"MTLN",3,3,6,-0.0272368933479778,0.291628296070606,1,"drop"
"SH3BGRL",3,2,6,-0.107259285310345,0.279551586747874,1,"drop"
"OAS3",3,2,5,1.96007390432859,1.96007390432859,0.00000000031384407309537,"drop"
"IFIT3",3,2,5,1.07728012203584,1.73677641889427,0.0000000000000000000000000000245427788324472,"drop"
"CDKN1A",3,2,5,0.261250775276804,1.48346458005799,0.000000242381642375189,"drop"
"BACE2",3,2,5,-1.22383835980403,1.22383835980403,1,"drop"
"TSPAN5",3,3,5,0.382954926751199,1.12247760228577,1,"drop"
"AL121944.1",3,3,5,-0.667124785719959,1.10489310972754,0.0142805889994848,"drop"
"WDR55",3,3,5,-0.594694032948232,1.06129294866174,1,"drop"
"GLI4",3,2,5,-1.05527516746595,1.05527516746595,1,"drop"
"AC068587.4",3,2,5,1.03346235444275,1.03346235444275,0.0000012364091102289,"drop"
"ABCA7",3,3,5,0.630185749376467,1.00808525197446,1,"drop"
"ULK1",3,3,5,-0.593965251334207,0.976160695035695,1,"drop"
"P2RY14",3,3,5,0.510885818843766,0.968144974663664,0.401678646149687,"drop"
"TRDC",3,2,5,-0.448426247277106,0.958802973834293,0.00176092396578486,"drop"
"SEMA3C",3,3,5,0.601134181608722,0.928472435203771,1,"drop"
"CLEC4E",3,3,5,-0.458911183681164,0.909964317219293,0.000000000015532266693579,"drop"
"S100B",3,3,5,-0.905225016196437,0.905225016196437,0.0000465472643316557,"drop"
"LHFPL2",3,3,5,-0.0541688924447056,0.882912663159358,1,"drop"
"SLC43A2",3,2,5,0.488630128932639,0.866750192494313,1,"drop"
"INPP5B",3,3,5,0.450586708511423,0.861731473746095,1,"drop"
"SCPEP1",3,3,5,0.737121648134667,0.860417278552286,1,"drop"
"POLR3E",3,3,5,0.676066333745589,0.851457763257369,1,"drop"
"MTG2",3,3,5,0.315471394333664,0.829275757889688,1,"drop"
"CCDC126",3,3,5,-0.158764584577051,0.820567194347583,1,"drop"
"MLKL",3,3,5,-0.819992655327111,0.819992655327111,1,"drop"
"TOP3A",3,3,5,0.550779713071284,0.804924446329184,1,"drop"
"IRF8",3,3,5,0.448323890069409,0.804083064664716,1,"drop"
"PEX26",3,3,5,0.206145473597034,0.79674929194707,1,"drop"
"MPP7",3,3,5,0.239924636686105,0.792317038881995,1,"drop"
"MFN2",3,3,5,-0.441270324849393,0.780296326681394,1,"drop"
"NPC1",3,2,5,0.114164787832695,0.778114680229645,1,"drop"
"HIRIP3",3,3,5,-0.00378627163908358,0.777060127871765,1,"drop"
"KLRD1",3,3,5,-0.219798535052197,0.776783685021685,0.0000000261736473355951,"drop"
"SBF2",3,3,5,0.65421557118613,0.769376934248672,1,"drop"
"CRIP2",3,3,5,-0.764616274014808,0.764616274014808,0.000399385271870406,"drop"
"CTNND1",3,3,5,0.432479041877245,0.762485519076652,1,"drop"
"RRP12",3,3,5,-0.178781290125349,0.748051516941255,1,"drop"
"CES1",3,3,5,-0.479944513048534,0.743452618459304,0.00000195185964191493,"drop"
"FBXO28",3,3,5,0.167628057866778,0.742009855621878,1,"drop"
"PINK1",3,3,5,0.482420199509546,0.721532371425663,1,"drop"
"DLEU1",3,3,5,-0.398468548103612,0.720150747165176,1,"drop"
"NFIA",3,2,5,-0.412683217373751,0.704401656721803,0.000129807194731453,"drop"
"MCM3",3,2,5,-0.702402179704634,0.702402179704634,0.31811326400577,"drop"
"HLA-DMB",3,3,5,0.58782313810628,0.701936612244308,0.0194278388832813,"drop"
"CRCP",3,3,5,-0.509842383328252,0.700811896629415,1,"drop"
"NAA25",3,3,5,0.700184315830117,0.700184315830117,1,"drop"
"MICAL3",3,3,5,0.538332195365772,0.695996560880782,1,"drop"
"ZNF429",3,3,5,-0.688944348696374,0.688944348696374,1,"drop"
"MTIF2",3,2,5,-0.687326948113409,0.687326948113409,1,"drop"
"CBFA2T3",3,3,5,-0.198554140324227,0.682522563058203,0.0223102869228992,"drop"
"RNF40",3,3,5,-0.184514481620694,0.680726290419054,1,"drop"
"AGTPBP1",3,3,5,0.219279236818809,0.673270636487279,0.816317406519735,"drop"
"GLMN",3,3,5,-0.0843049479354002,0.669571542120027,1,"drop"
"CSGALNACT1",3,3,5,-0.667331330511136,0.667331330511136,0.001949248473111,"drop"
"FAM160A2",3,3,5,-0.0762037271330176,0.665122149263521,1,"drop"
"MTF1",3,3,5,0.300783481879769,0.662340864844089,1,"drop"
"KLHL18",3,2,5,0.516300375648515,0.657439477986233,1,"drop"
"ENDOD1",3,3,5,0.283669979087401,0.652410259994464,1,"drop"
"ADA2",3,3,5,0.397926619504615,0.648586335439867,1,"drop"
"PPAN",3,2,5,-0.322554641507836,0.647746104190737,0.413776492814379,"drop"
"TMEM8A",3,3,5,-0.41565744641942,0.647298007804901,1,"drop"
"ASL",3,3,5,-0.205845736897709,0.644812475792401,1,"drop"
"STX6",3,3,5,-0.262210256987764,0.64137777488799,1,"drop"
"RRM2B",3,3,5,0.51156564715958,0.638499790385294,1,"drop"
"RAD54L2",3,3,5,0.261548522872418,0.63691982941789,1,"drop"
"NCKAP5L",3,3,5,-0.631685021976929,0.631685021976929,1,"drop"
"SPARC",3,2,5,0.63144999822233,0.63144999822233,0.1903176312226,"drop"
"TRIP4",3,2,5,0.106986250001045,0.629561866435709,1,"drop"
"SLC25A42",3,2,5,0.120372601722396,0.625820152796633,1,"drop"
"MPZL1",3,2,5,-0.298163866227817,0.623473648429941,1,"drop"
"CLOCK",3,3,5,-0.378411398580182,0.623222401498694,1,"drop"
"PARG",3,3,5,0.141361420773522,0.622233254200381,1,"drop"
"ALAS1",3,3,5,-0.299468580543892,0.621890433505834,0.904965299308466,"drop"
"ZNF654",3,2,5,-0.621122055785447,0.621122055785447,1,"drop"
"TBCD",3,3,5,-0.0141488323993138,0.617119416642016,1,"drop"
"EFR3A",3,3,5,-0.0258043089683532,0.61652489609621,1,"drop"
"TMED8",3,3,5,0.29156628452012,0.613788092574419,1,"drop"
"CTSO",3,3,5,0.477020763468209,0.608135239716723,1,"drop"
"PAK1IP1",3,3,5,-0.374623225310407,0.607876892366597,1,"drop"
"SURF2",3,3,5,0.162373356403089,0.607789672347173,1,"drop"
"TATDN3",3,3,5,-0.026931050761032,0.607290759031958,1,"drop"
"MEI1",3,3,5,-0.187724526938703,0.606596706377846,1,"drop"
"TSEN15",3,3,5,0.253978134233052,0.605224939377457,1,"drop"
"AKR1C3",3,3,5,-0.368884079787784,0.605100808072697,1,"drop"
"MRPS17",3,3,5,-0.413259091413204,0.603848852709658,1,"drop"
"BMT2",3,3,5,0.115880978738188,0.603034742481685,1,"drop"
"DIAPH2",3,3,5,0.198463984610034,0.602407768975703,1,"drop"
"TNFSF13B",3,3,5,0.48780081636759,0.601936704339989,0.563510037688859,"drop"
"DFFA",3,3,5,-0.600376292107474,0.600376292107474,1,"drop"
"SETDB2",3,3,5,-0.198313774578286,0.598343084211722,1,"drop"
"MAPK6",3,3,5,0.59606666846208,0.59606666846208,1,"drop"
"TLR2",3,3,5,-0.344010422465684,0.595774346557141,0.000000000450492944081979,"drop"
"TMEM127",3,2,5,0.2714713211069,0.594857282570316,1,"drop"
"MGRN1",3,3,5,-0.345352239669159,0.593972510760995,1,"drop"
"RIT1",3,2,5,0.345841765281146,0.592252599591083,1,"drop"
"CKAP4",3,3,5,-0.0884069251624168,0.591767142812083,1,"drop"
"BCAT1",3,3,5,-0.114439171781785,0.590701561789187,1,"drop"
"TMEM204",3,3,5,-0.424726514190772,0.589840244361729,1,"drop"
"ERP29",3,2,5,0.363492485898243,0.589509139543228,1,"drop"
"CEBPG",3,3,5,0.477336151317687,0.587730104341324,1,"drop"
"C9orf16",3,3,5,-0.300189618270506,0.584642005616315,1,"drop"
"KYAT3",3,3,5,-0.374300725761336,0.58185282791733,1,"drop"
"PTGS1",3,3,5,-0.126756063061021,0.579640311641825,0.394556567537433,"drop"
"CXorf21",3,3,5,0.00707397000580477,0.578024283137691,1,"drop"
"C12orf43",3,3,5,-0.112317696866396,0.577544086870536,1,"drop"
"SNX19",3,2,5,0.148090015500147,0.577178109326942,1,"drop"
"UBL5",3,3,5,-0.221006987582294,0.575500033203275,0.00000580618994685236,"drop"
"PCYT1A",3,2,5,-0.121233329354382,0.574730887212524,1,"drop"
"AC092683.1",3,3,5,0.116013547340861,0.574580051773762,1,"drop"
"AC004951.1",3,3,5,0.574406107079315,0.574406107079315,1,"drop"
"PEF1",3,3,5,-0.572552030024286,0.572552030024286,1,"drop"
"EDEM1",3,3,5,0.413138214960204,0.572377064660116,1,"drop"
"MAP4K2",3,3,5,-0.379248308321113,0.567717991436613,1,"drop"
"CWF19L1",3,3,5,0.463015640851178,0.564587815801856,1,"drop"
"ZDHHC18",3,3,5,0.0328738433461712,0.562778601247678,1,"drop"
"SGMS1",3,3,5,-0.562204064285742,0.562204064285742,1,"drop"
"ZNHIT1",3,3,5,0.101904014651893,0.561361623705198,1,"drop"
"ZNF397",3,3,5,0.011251582477377,0.560276564385075,1,"drop"
"DHX8",3,3,5,0.0042928465706764,0.558248367240744,1,"drop"
"METRN",3,3,5,0.233493672594153,0.557337917455022,1,"drop"
"DLEU2",3,3,5,0.37945229373046,0.55712733242261,1,"drop"
"HSPA14.1",3,3,5,-0.451638303457713,0.555718555332059,1,"drop"
"MCM7",3,3,5,0.0836066109468514,0.553760718567096,1,"drop"
"NTAN1",3,3,5,0.387177088063188,0.549522143296701,1,"drop"
"OTUD6B",3,3,5,0.240098035763368,0.549051408827202,1,"drop"
"IL10RB",3,3,5,-0.222020379246154,0.548890265158874,1,"drop"
"SQOR",3,3,5,-0.261794378722405,0.548528979373525,1,"drop"
"DOCK5",3,3,5,0.1395965554903,0.547417542681933,1,"drop"
"U2AF1L4",3,3,5,0.432988396120466,0.547050431647376,1,"drop"
"MAGEH1",3,3,5,-0.0483827227901344,0.546872849034755,1,"drop"
"MRPL48",3,3,5,-0.301189070601673,0.546814943650491,1,"drop"
"PLXNC1",3,3,5,0.222566087637092,0.546589065191636,1,"drop"
"PRIM1",3,3,5,-0.146953489746578,0.5460430047036,1,"drop"
"TMEM203",3,3,5,0.367347969951718,0.545679455571332,1,"drop"
"CREB3",3,3,5,-0.0852185780112768,0.543080610107871,1,"drop"
"TBC1D14",3,3,5,-0.187509571995241,0.54274383221083,1,"drop"
"FCHO2",3,2,5,-0.399170655513382,0.542548098348098,1,"drop"
"IQCB1",3,3,5,-0.043448870363103,0.541116676985595,1,"drop"
"MAST4",3,3,5,-0.222227184920792,0.538191567177208,1,"drop"
"DPP9",3,3,5,-0.259450133117165,0.536874276038853,1,"drop"
"PTAFR",3,3,5,-0.306466153951768,0.53600097457013,0.40211377985082,"drop"
"ALG3",3,2,5,-0.535300639643486,0.535300639643486,1,"drop"
"SLC35A4",3,2,5,0.534949723733332,0.534949723733332,1,"drop"
"PICALM",3,3,5,0.0917613160367364,0.532311102291848,1,"drop"
"OCEL1",3,3,5,0.307673790885753,0.531491418772451,1,"drop"
"PLCB1",3,3,5,0.302289222285628,0.53137009907913,1,"drop"
"USP38",3,3,5,0.289039399668256,0.528541364522344,1,"drop"
"ERGIC1",3,2,5,-0.0373551655096762,0.526712684019929,0.00000925605634973007,"drop"
"TMEM38B",3,3,5,0.246668734706313,0.526531515004857,1,"drop"
"CCL28",3,3,5,0.212058677530434,0.525820538136975,1,"drop"
"DNAJA3",3,3,5,-0.415485155885349,0.524316213277671,1,"drop"
"TMEM168",3,3,5,-0.32062256005862,0.524245440442153,1,"drop"
"METTL8",3,2,5,0.140732685118172,0.523906449421378,1,"drop"
"ENSA",3,3,5,-0.0704654286805242,0.523080732683226,1,"drop"
"TP53INP1",3,3,5,-0.14939754942395,0.52223559679141,0.0415611029589679,"drop"
"ELOVL1",3,3,5,-0.298333199053185,0.520778041761639,1,"drop"
"FUT11",3,3,5,0.167581644569667,0.520304175642876,1,"drop"
"MOSPD3",3,3,5,0.264918510821914,0.519322680100543,1,"drop"
"USP39",3,3,5,0.162989042870407,0.518209160449959,1,"drop"
"HDHD5",3,3,5,-0.0954137246687476,0.517386498316708,1,"drop"
"SNRNP25",3,3,5,-0.2585957448039,0.51734044719211,1,"drop"
"TRAPPC6B",3,3,5,-0.403268212192804,0.516998315491815,1,"drop"
"STK3",3,3,5,-0.334757868389044,0.514881327115983,1,"drop"
"SH3TC1",3,3,5,-0.305580948113825,0.514608498521146,1,"drop"
"MICAL1",3,3,5,0.260972005116665,0.514520036620946,1,"drop"
"CREBL2",3,3,5,0.168640826821634,0.51431950081404,1,"drop"
"SLC25A29",3,3,5,-0.129380947067398,0.514239762089077,1,"drop"
"L3MBTL3",3,3,5,0.23428705670256,0.511761749924627,1,"drop"
"YTHDF1",3,3,5,-0.311573026537327,0.511745697530581,1,"drop"
"AP1AR",3,3,5,-0.0834558583869674,0.509152448329914,1,"drop"
"FUNDC2",3,3,5,0.339446025712882,0.508943558446339,1,"drop"
"ZNF669",3,3,5,0.272750018168026,0.508795246260013,1,"drop"
"ZXDC",3,3,5,0.204831030701881,0.508516007356351,1,"drop"
"TMEM120A",3,3,5,-0.169953135575325,0.506819891738162,1,"drop"
"AC118549.1",3,3,5,-0.225904214428385,0.506314825096048,1,"drop"
"SUMO1",3,2,5,-0.505612499116539,0.505612499116539,1,"drop"
"EAF1",3,3,5,0.503761578863793,0.503761578863793,1,"drop"
"HNRNPR",3,3,5,0.041851418998195,0.501924653556817,1,"drop"
"CTNNBIP1",3,3,5,0.195326599285518,0.501824681977004,1,"drop"
"KLHL5",3,2,5,0.501413082534524,0.501413082534524,1,"drop"
"EMC2",3,3,5,-0.381871814308771,0.501338309564608,1,"drop"
"TSPAN33",3,3,5,-0.0119409817555848,0.498544132921013,1,"drop"
"YKT6",3,2,5,0.25492563917886,0.496912366245079,1,"drop"
"ZFPL1",3,3,5,0.269222056569767,0.496511739420862,1,"drop"
"BCL11A",3,3,5,0.495808727531756,0.495808727531756,1,"drop"
"TLE5",3,3,5,0.495170745856304,0.495170745856304,0.375890045788324,"drop"
"FECH",3,3,5,0.364801713691268,0.494481913273815,1,"drop"
"ATP6V1B2",3,3,5,-0.491909016439496,0.491909016439496,0.00272408138945827,"drop"
"STT3A",3,3,5,-0.33448466139634,0.487073982727965,1,"drop"
"CR1",3,3,5,0.0098434199975114,0.486719067581273,1,"drop"
"METTL22",3,2,5,-0.129929661943145,0.484680567751878,1,"drop"
"HSP90AB1",3,3,5,0.335873544998493,0.484642919526767,1,"drop"
"PIGH",3,3,5,-0.1981172591707,0.48366615393023,1,"drop"
"MAVS",3,2,5,-0.212078183059837,0.482143795829289,1,"drop"
"C2orf69",3,2,5,0.34975678330979,0.481381063913923,1,"drop"
"GPX7",3,3,5,0.10954163483529,0.480572405869281,1,"drop"
"LINS1",3,3,5,-0.0211444040363204,0.480435538650443,1,"drop"
"DHX9",3,3,5,-0.0281636472793738,0.477474212363765,1,"drop"
"ANAPC7",3,3,5,-0.369229567485167,0.47618963135489,1,"drop"
"ZBTB21",3,2,5,0.475908521342358,0.475908521342358,1,"drop"
"ENG",3,3,5,0.47552461363394,0.47552461363394,1,"drop"
"TMEM218",3,3,5,-0.33887568290697,0.474303486044453,1,"drop"
"JAKMIP2",3,3,5,-0.10440881717027,0.472706315278343,1,"drop"
"CAAP1",3,3,5,-0.189532917100812,0.472424920020913,1,"drop"
"SMG1",3,2,5,-0.0412597609861392,0.472099558503263,1,"drop"
"LUC7L3",3,2,5,0.470989508322821,0.470989508322821,1,"drop"
"PRKCE",3,2,5,0.123939653539457,0.469606183531645,1,"drop"
"SFXN3",3,3,5,0.306602927212459,0.469019981694692,1,"drop"
"EDEM2",3,3,5,-0.348006293919641,0.468321938041766,1,"drop"
"TAPT1",3,3,5,-0.198153639324717,0.467535879995299,1,"drop"
"CD244",3,2,5,-0.290236396549274,0.467329487980736,1,"drop"
"AC003681.1",3,3,5,0.282005827908098,0.465568480440452,1,"drop"
"CLASP2",3,3,5,-0.259858842441166,0.465499517182661,1,"drop"
"TPP2",3,2,5,-0.0393750724753454,0.465078690820369,1,"drop"
"WDR20",3,2,5,0.0136981691791834,0.462198952281683,1,"drop"
"PSME3",3,3,5,-0.461723422141836,0.461723422141836,1,"drop"
"SPTSSA",3,3,5,0.153519574794603,0.460842702433977,1,"drop"
"MBOAT1",3,3,5,0.30202679399982,0.460792124458627,1,"drop"
"SRPK2",3,3,5,0.320195213505659,0.458595446668245,1,"drop"
"QRICH1",3,3,5,-0.0716888961260568,0.458397873160143,1,"drop"
"MEGF9",3,3,5,-0.165634537935544,0.457898742453616,1,"drop"
"GAMT",3,3,5,0.104176205876874,0.456273862277472,1,"drop"
"ABCB7",3,2,5,-0.456167044295625,0.456167044295625,1,"drop"
"VIM-AS1",3,2,5,0.135360031846213,0.454481109200329,1,"drop"
"TBRG4",3,3,5,-0.32738953247253,0.45437483949068,1,"drop"
"TBCA",3,3,5,-0.0145736077278406,0.454129900160443,1,"drop"
"MT1F",3,3,5,-0.156227257924727,0.45399808366803,1,"drop"
"MLLT1",3,3,5,0.286290495895825,0.45297292568928,1,"drop"
"DERA",3,3,5,0.166234233838378,0.452936660983917,1,"drop"
"SPIN1",3,3,5,0.311400972304321,0.452776550481504,1,"drop"
"AC015871.7",3,2,5,-0.179668125399176,0.452716512450502,1,"drop"
"SURF6",3,3,5,0.0244647931950238,0.451730859336269,1,"drop"
"TSPAN13",3,3,5,0.123916223826698,0.450377772879472,0.628403557711854,"drop"
"ACTN1",3,3,5,0.100959176380239,0.449205088389491,1,"drop"
"GFPT1",3,3,5,0.190332340631524,0.449200797384919,1,"drop"
"RPS6KB2",3,3,5,-0.112289044523659,0.449119987746155,1,"drop"
"CDC37",3,3,5,-0.220929818080227,0.448816655772735,1,"drop"
"BAP1",3,3,5,0.114716134162592,0.448410843730368,1,"drop"
"PDIA6",3,3,5,-0.11163478625304,0.447852352468909,0.0764903840735787,"drop"
"POLDIP2",3,3,5,0.17948243024409,0.447461217595672,1,"drop"
"BCAS4",3,3,5,-0.319239102257141,0.447317138206224,1,"drop"
"PDLIM1",3,2,5,0.0070220746785514,0.446798716674914,1,"drop"
"KCTD10",3,3,5,0.13875480863542,0.446432375866038,1,"drop"
"LSM14B",3,3,5,0.293014141357286,0.446211242915298,1,"drop"
"GAR1",3,3,5,0.0425731305297588,0.446018686577364,1,"drop"
"RNASET2",3,3,5,-0.174221523205456,0.445309336512563,0.466443814414154,"drop"
"RANBP9",3,2,5,-0.0518918824235732,0.445186253965202,1,"drop"
"PIP4P2",3,3,5,0.186442427366166,0.444013783943105,1,"drop"
"TOM1",3,3,5,0.0348039232925486,0.443817530715225,1,"drop"
"ALOX5",3,3,5,-0.44373561474479,0.44373561474479,1,"drop"
"TEP1",3,3,5,0.009765580027038,0.442742437856007,1,"drop"
"MBNL3",3,3,5,0.337690964431248,0.440791687828182,1,"drop"
"PCGF3",3,3,5,-0.0273907832745258,0.440250707217084,1,"drop"
"ATP2A2",3,3,5,-0.0934657705650672,0.43960449295892,1,"drop"
"XPA",3,2,5,0.332061782874746,0.439230128128562,1,"drop"
"TMEM131",3,3,5,0.193707936222457,0.437519705540087,1,"drop"
"TMEM9B",3,3,5,-0.271598315703977,0.437203914826834,1,"drop"
"ECPAS",3,3,5,0.199718518290247,0.435730890657662,1,"drop"
"KMT2E",3,3,5,0.281898515761332,0.435621760650476,0.00000084925795942495,"drop"
"PANK3",3,3,5,0.0439730677092382,0.434792392961249,1,"drop"
"CAPG",3,3,5,-0.434183882784879,0.434183882784879,0.0104629146692945,"drop"
"GALT",3,3,5,-0.320017416148266,0.433249594459638,1,"drop"
"CLASRP",3,3,5,0.22505924692492,0.433141547977204,1,"drop"
"CXCL16",3,3,5,0.0211846653948522,0.431972260703263,1,"drop"
"HMGCR",3,3,5,-0.0370562861715114,0.431101782695418,1,"drop"
"ZMAT1",3,3,5,-0.215124131649928,0.430468371555769,1,"drop"
"COPE",3,3,5,-0.298468005736195,0.429851522440496,1,"drop"
"RUFY3",3,3,5,0.186378237677884,0.429809466170705,1,"drop"
"TGFBR1",3,3,5,0.130356649522941,0.429316987778718,1,"drop"
"NUAK2",3,2,5,0.282549928380784,0.428907541780183,1,"drop"
"BCKDHA",3,2,5,-0.428527993616782,0.428527993616782,1,"drop"
"SNRPA",3,3,5,-0.191702963200298,0.427924817158861,1,"drop"
"DHX16",3,3,5,0.15772452060977,0.427848861444272,1,"drop"
"TTYH3",3,3,5,0.298511143333777,0.426432911900787,1,"drop"
"TIMP2",3,3,5,0.091644122955271,0.4256631266836,1,"drop"
"SNHG21",3,3,5,0.424206811393478,0.424206811393478,1,"drop"
"TRAT1",3,3,5,-0.241692731584231,0.423801381979744,1,"drop"
"CLASP1",3,3,5,-0.145413891920311,0.423690798451195,1,"drop"
"PPP2R5E",3,3,5,0.172751286018505,0.422916689190907,1,"drop"
"CHRAC1",3,3,5,0.284159724083044,0.422739113923002,1,"drop"
"ELAVL1",3,3,5,0.16235380200986,0.421834946102878,1,"drop"
"SIRT7",3,3,5,-0.0529103707748016,0.421634257609516,1,"drop"
"HLA-DQB1",3,3,5,0.217759145496548,0.421367731805329,0.00000000000000173684727282352,"drop"
"MR1",3,3,5,-0.26891429308865,0.420564203603992,1,"drop"
"SNU13",3,3,5,-0.153527837197706,0.420028121092976,1,"drop"
"TTL",3,3,5,-0.312520553002924,0.41948095181135,1,"drop"
"SATB1-AS1",3,3,5,0.297529809450565,0.419035207654188,1,"drop"
"TLR1",3,3,5,-0.149831538762139,0.418384126793335,1,"drop"
"CHFR",3,3,5,-0.258713972426775,0.417994822833134,1,"drop"
"UROD",3,3,5,-0.00444079625685601,0.417845547314779,1,"drop"
"SMC2",3,3,5,-0.147165729152933,0.416981346427396,1,"drop"
"PKN1",3,3,5,0.17189551238417,0.416839030435593,1,"drop"
"ZNF737",3,3,5,0.0675982950448718,0.416043868410595,1,"drop"
"RBX1",3,2,5,-0.234292140632698,0.414859295666481,0.110981637551625,"drop"
"OSTC",3,2,5,-0.412770471328839,0.412770471328839,0.096797270976696,"drop"
"CNPPD1",3,3,5,-0.0890786760268076,0.412521584167692,1,"drop"
"TMUB2",3,3,5,-0.191650960597747,0.412133132495341,1,"drop"
"ZNF224",3,3,5,-0.15087445550967,0.410372820891598,1,"drop"
"FUOM",3,3,5,0.01414661190073,0.410016764512766,1,"drop"
"GPKOW",3,3,5,-0.169940772408469,0.409041014209481,1,"drop"
"CYB5R1",3,3,5,-0.0812974630276184,0.407901101776901,1,"drop"
"SNHG16",3,3,5,0.0252330890729656,0.407720612312643,0.00091518469877613,"drop"
"CCNB1IP1",3,2,5,0.0015257147287788,0.405848730007187,1,"drop"
"NPM1",3,3,5,0.178684603553924,0.405043619738656,0.0000016602902314475,"drop"
"ARHGAP15",3,3,5,-0.289896876652786,0.404905396193545,0.421491004754115,"drop"
"KYNU",3,3,5,-0.404691976552808,0.404691976552808,1,"drop"
"MPEG1",3,3,5,0.110277225307826,0.404634542207797,0.000116531037600595,"drop"
"ARSD",3,2,5,-0.300022389923663,0.404506803755625,1,"drop"
"SLC25A3",3,3,5,-0.0306086982758708,0.404492496078414,0.295874959966234,"drop"
"XXYLT1",3,3,5,-0.18186009135397,0.403864755863904,1,"drop"
"PFKFB3",3,2,5,-0.098962053976832,0.403311754136845,1,"drop"
"TBC1D2B",3,3,5,0.288395922702581,0.403304575161969,1,"drop"
"C1orf21",3,3,5,-0.403074278687869,0.403074278687869,1,"drop"
"CIC",3,2,5,-0.253363726863513,0.402364554794779,1,"drop"
"ZCCHC9",3,2,5,-0.288638879004805,0.402300238611592,1,"drop"
"RAC2",3,2,5,-0.402180172758471,0.402180172758471,0.00000000204291929004584,"drop"
"LYPLA1",3,3,5,-0.253368564549807,0.40124747859203,1,"drop"
"MXD4",3,3,5,0.0384365523691232,0.401093650048322,1,"drop"
"SPECC1",3,3,5,0.083527219669566,0.401053563782904,1,"drop"
"ZNF280D",3,3,5,0.400689357270715,0.400689357270715,1,"drop"
"CRLS1",3,3,5,-0.275758580545991,0.400574653076987,1,"drop"
"RAE1",3,2,5,-0.129110626421916,0.400446481573195,1,"drop"
"AURKAIP1",3,3,5,-0.158686577818602,0.399983323731464,1,"drop"
"UBAC2",3,2,5,0.295958714752969,0.398571316186402,1,"drop"
"ING2",3,3,5,0.0275918627155624,0.398442147685321,1,"drop"
"OST4",3,2,5,-0.108306659390849,0.398278279551159,0.0114514827395481,"drop"
"CALU",3,3,5,0.26214077616562,0.396835475182482,1,"drop"
"NDST2",3,2,5,0.396719129922354,0.396719129922354,1,"drop"
"SCAMP1-AS1",3,3,5,0.0271026297587664,0.394866333131828,1,"drop"
"CD151",3,3,5,0.117009889500826,0.394507382568466,1,"drop"
"HIP1",3,3,5,0.053327385977033,0.394000548131739,1,"drop"
"H2AFX",3,3,5,-0.15145820871162,0.39220405760088,1,"drop"
"RPRD1A",3,2,5,0.149112878843342,0.391128619866219,1,"drop"
"PAICS",3,3,5,-0.290462394753141,0.390708987730068,1,"drop"
"CAMTA1",3,3,5,0.0553208090098002,0.39054410725594,1,"drop"
"VPS36",3,3,5,0.220128947328327,0.390266073047456,1,"drop"
"ABCB1",3,3,5,0.0606108537108222,0.389868930573417,1,"drop"
"KIF3B",3,3,5,0.102565089403008,0.389526347863027,1,"drop"
"SLC25A16",3,3,5,0.0719263654005336,0.388397414288634,1,"drop"
"AC010642.2",3,2,5,-0.388113067082561,0.388113067082561,1,"drop"
"THADA",3,3,5,0.0481327865111418,0.387660135409879,1,"drop"
"PLAGL1",3,3,5,-0.0473268698526958,0.38686513180685,1,"drop"
"ZNF207",3,3,5,0.172204924981536,0.386780429736129,1,"drop"
"MTHFD2",3,3,5,0.0422921458807884,0.385865832889455,1,"drop"
"TRMT1",3,3,5,0.229445405798783,0.385610909463402,1,"drop"
"SCRN1",3,3,5,-0.000167911705021984,0.38503072577989,1,"drop"
"TMEM134",3,3,5,0.0441670046705782,0.382055755353094,1,"drop"
"UBE4B",3,2,5,-0.381780892166081,0.381780892166081,1,"drop"
"BCL2L1",3,3,5,-0.157171201481504,0.381469610292832,1,"drop"
"BRAP",3,3,5,-0.102868678861965,0.380028506716319,1,"drop"
"RBM33",3,2,5,0.0778929318673796,0.379663319762556,1,"drop"
"NLN",3,3,5,0.262306967344455,0.379300373482518,1,"drop"
"ARHGEF1",3,3,5,-0.263171675584287,0.379144744981263,1,"drop"
"MBD6",3,3,5,0.0182570659082594,0.378700448352311,1,"drop"
"DDX1",3,3,5,-0.0368084558957618,0.378500761119551,1,"drop"
"RBMX",3,3,5,0.122185331956341,0.377786594324803,1,"drop"
"CLPP",3,3,5,-0.24009238272573,0.376760450005532,1,"drop"
"ABHD17B",3,3,5,0.00000762410294520287,0.376281042758728,1,"drop"
"MAT2A",3,3,5,0.0603615533850742,0.374555888466045,1,"drop"
"BRI3",3,2,5,-0.372932371363827,0.372932371363827,0.00596399409395026,"drop"
"TMEM164",3,2,5,-0.256673735870132,0.372398730680705,1,"drop"
"MCOLN1",3,3,5,0.202676072395134,0.372372409852337,1,"drop"
"MRPS27",3,3,5,0.0442584116216288,0.368886618411925,1,"drop"
"PHF14",3,3,5,-0.368768468806798,0.368768468806798,0.474806795604477,"drop"
"SAT2",3,3,5,-0.238638642060266,0.368338785817482,0.920367368427793,"drop"
"QRSL1",3,3,5,-0.020849905722888,0.368255105302979,1,"drop"
"RBM28",3,2,5,-0.0622568263169122,0.368204496182557,1,"drop"
"PFDN4",3,3,5,0.233113915385027,0.367637499056916,1,"drop"
"PAPOLA",3,3,5,0.366343757001903,0.366343757001903,1,"drop"
"DPP4",3,2,5,-0.0730232968593816,0.366063107239286,1,"drop"
"SERPINB6",3,3,5,0.233239346067856,0.364596744021508,1,"drop"
"RNF10",3,3,5,0.066548507135479,0.36287716162776,1,"drop"
"USB1",3,3,5,-0.106014405186661,0.36254025147971,1,"drop"
"DDX41",3,3,5,-0.0271122242991946,0.362121472462851,1,"drop"
"MED4",3,3,5,0.103911720175767,0.362083344170247,1,"drop"
"FNDC3B",3,3,5,0.0463670786929172,0.361147710027079,1,"drop"
"PER2",3,3,5,-0.167919649166459,0.359841457946332,1,"drop"
"C5AR1",3,3,5,-0.255076621517138,0.359091316439258,0.709451357332129,"drop"
"RRAS2",3,3,5,0.358934141105744,0.358934141105744,1,"drop"
"RPS8",3,3,5,0.135989341853814,0.358915831976181,0.00137634051552533,"drop"
"MSRA",3,2,5,-0.085824518805103,0.356580016528155,1,"drop"
"IPO7",3,3,5,-0.0560467975990528,0.356314596842248,1,"drop"
"MROH1",3,3,5,0.0435435395753612,0.355838096843164,1,"drop"
"PARL",3,3,5,-0.355291266072275,0.355291266072275,1,"drop"
"RPA3",3,3,5,-0.253327989536857,0.354634718148467,1,"drop"
"CHMP7",3,3,5,0.0600142287877898,0.354001109973619,1,"drop"
"PRCC",3,3,5,-0.353669016148388,0.353669016148388,1,"drop"
"HNRNPU",3,3,5,-0.0423393503940336,0.351790697248256,1,"drop"
"PTPA",3,3,5,-0.0045260904929854,0.349734038102772,1,"drop"
"CCNC",3,3,5,-0.206295393504931,0.34567988130476,1,"drop"
"CFAP97",3,3,5,0.343612184522628,0.343612184522628,1,"drop"
"SDHC",3,3,5,-0.236853827530586,0.343256833376142,1,"drop"
"SSR4",3,3,5,0.232241602249144,0.339299035934938,1,"drop"
"TLR8",3,3,5,-0.19677963269994,0.336963767578803,1,"drop"
"ITPRID2",3,2,5,-0.0565565266614606,0.336747534291731,1,"drop"
"MIOS",3,3,5,0.0313540112304026,0.33652596980823,1,"drop"
"TMEM65",3,3,5,-0.115033747808212,0.335294110063173,1,"drop"
"ELOC",3,3,5,0.042887771259852,0.335113119768862,1,"drop"
"FAM210B",3,2,5,0.0618734716272938,0.334158657471004,1,"drop"
"ITGB2-AS1",3,3,5,-0.0120293149685864,0.333378940808908,1,"drop"
"MGA",3,3,5,-0.0645687032708632,0.331505548472478,1,"drop"
"FBRSL1",3,3,5,-0.0762660382243604,0.330928846324048,1,"drop"
"SLC36A4",3,3,5,-0.330399230134545,0.330399230134545,1,"drop"
"JAK1",3,3,5,0.0764248192251878,0.326856517326894,1,"drop"
"TRAPPC6A",3,3,5,-0.0464522372269878,0.325057805821304,1,"drop"
"NGRN",3,3,5,0.0575747582663058,0.324699020084289,1,"drop"
"GNB5",3,3,5,-0.147130571862918,0.324591335273436,1,"drop"
"BTF3L4",3,2,5,-0.214730251069077,0.321528896058645,1,"drop"
"SKAP2",3,3,5,-0.051013815115364,0.319286711178158,1,"drop"
"PSMD9",3,3,5,-0.0910296411295724,0.316689453232504,1,"drop"
"PDCL",3,3,5,-0.315505656259883,0.315505656259883,1,"drop"
"GNPTG",3,3,5,-0.0754898161377342,0.314622432900811,1,"drop"
"FAAP20",3,3,5,-0.181426930385314,0.309480160558931,1,"drop"
"COMMD3",3,3,5,-0.0336576327402342,0.308905989610607,1,"drop"
"COX7A2L",3,3,5,0.0945880175486204,0.308157338285823,1,"drop"
"OSBPL1A",3,3,5,0.307045913338103,0.307045913338103,1,"drop"
"PQBP1",3,3,5,0.050125908945096,0.304369138347689,1,"drop"
"IFITM2",3,2,5,-0.168277140756268,0.303998401867147,0.104745360758649,"drop"
"SPSB3",3,3,5,-0.160364678955795,0.301712704023438,1,"drop"
"CCT2",3,3,5,-0.301061411302774,0.301061411302774,1,"drop"
"PUF60",3,3,5,-0.287543927048443,0.287543927048443,1,"drop"
"DDOST",3,3,5,-0.267246586673294,0.267246586673294,1,"drop"
"LY86",3,2,4,1.05200266935925,1.3094817799248,1,"drop"
"ABCD1",3,2,4,1.21919378589623,1.21919378589623,1,"drop"
"AL031595.3",3,3,4,0.324048115117366,1.08453568124709,1,"drop"
"DNMBP",3,3,4,0.334661397996798,1.07473371975101,1,"drop"
"SIGLEC10",3,3,4,-1.06560324088186,1.06560324088186,1,"drop"
"PICK1",3,3,4,-1.06323772981808,1.06323772981808,0.00000049842747360206,"drop"
"AC253572.2",3,2,4,-0.658513467376732,1.05058032419091,1,"drop"
"LONRF1",3,3,4,0.280955684250112,1.03718156708675,0.534383654754205,"drop"
"MAN2A2",3,2,4,-0.203570461915225,1.03458722269246,0.0000685983041587958,"drop"
"CTSH",3,2,4,0.682389127115531,0.995739554273544,0.017108239751873,"drop"
"ZBP1",3,3,4,0.784045568460089,0.989455297824089,1,"drop"
"ZBTB14",3,3,4,-0.923361226232027,0.923361226232027,1,"drop"
"PRKAG2-AS1",3,2,4,-0.732815215383824,0.913845936413957,0.843166502092239,"drop"
"AC083862.3",3,3,4,0.182399212522617,0.913168880011565,1,"drop"
"C9orf85",3,2,4,-0.737401131594718,0.863602594354623,1,"drop"
"PLEKHA1",3,3,4,0.713776719114408,0.861707680785367,1,"drop"
"ATPAF1",3,2,4,0.14788601261312,0.843177626311907,1,"drop"
"TMCO3",3,2,4,-0.39359113952669,0.79568688514689,1,"drop"
"S100Z",3,2,4,0.446901776401274,0.793319063753577,1,"drop"
"AC020656.1",3,2,4,0.160477659652029,0.783058622237704,0.000491381269149559,"drop"
"UBE2E2",3,2,4,0.641064570449284,0.782160036017673,1,"drop"
"RNF8",3,3,4,-0.774345158037888,0.774345158037888,1,"drop"
"A2M-AS1",3,3,4,-0.575907871716328,0.750486054196939,1,"drop"
"JUP",3,3,4,0.063352265015267,0.737395888849133,1,"drop"
"CAMSAP1",3,3,4,0.556899784612325,0.737336351632519,1,"drop"
"GPR132",3,2,4,-0.606903474293354,0.737312688030137,0.00074066827742924,"drop"
"CCR6",3,2,4,-0.730671685962421,0.730671685962421,0.764169789016087,"drop"
"TAPBPL",3,2,4,0.514428162167105,0.70560974107077,1,"drop"
"TMEM39A",3,2,4,-0.703172888599343,0.703172888599343,1,"drop"
"ERO1B",3,2,4,0.697360735968169,0.697360735968169,1,"drop"
"KLHL8",3,3,4,0.241226234657932,0.696935464328894,1,"drop"
"OAS1",3,3,4,0.139318197972362,0.696861984083647,1,"drop"
"AC092620.1",3,3,4,0.4723761578408,0.693335427660897,1,"drop"
"CAPNS1",3,2,4,-0.360968601836146,0.693308111413714,1,"drop"
"NOG",3,2,4,-0.320312110786633,0.690416616796066,1,"drop"
"NOL10",3,3,4,-0.470870216648758,0.685064549556812,1,"drop"
"RELCH",3,3,4,0.400846652012956,0.677786408085651,1,"drop"
"RABEP2",3,2,4,0.45995958217296,0.668428577735469,1,"drop"
"DCAF15",3,3,4,0.158465341064707,0.660137397134105,1,"drop"
"PSMD10",3,3,4,0.289293584919258,0.658984580761255,1,"drop"
"GET1",3,3,4,0.658705235057204,0.658705235057204,1,"drop"
"AC093323.1",3,3,4,0.454363254696032,0.652394178570159,1,"drop"
"SLC25A33",3,3,4,0.420019042694316,0.648518830088284,1,"drop"
"CLIC4",3,2,4,0.646189543034146,0.646189543034146,1,"drop"
"SREBF1",3,3,4,0.0997197791184135,0.644370498591162,1,"drop"
"ATAD2B",3,3,4,0.49723831432736,0.64168088919564,1,"drop"
"STK40",3,3,4,-0.406910858586351,0.628269738967737,1,"drop"
"ELP4",3,3,4,0.0305239452607175,0.625360661227077,1,"drop"
"CSNK1A1",3,2,4,-0.39008202126507,0.62153506871675,1,"drop"
"CHST2",3,3,4,0.61921610895807,0.61921610895807,0.0826989827173654,"drop"
"KLHL9",3,3,4,-0.618784768580849,0.618784768580849,1,"drop"
"DBNDD2",3,2,4,-0.617194659640186,0.617194659640186,1,"drop"
"HSF2",3,3,4,0.00886983553081125,0.614676628078217,1,"drop"
"PALM2-AKAP2",3,2,4,-0.294869407705068,0.614542023288423,1,"drop"
"NDUFB7",3,3,4,-0.310953020534799,0.612179305012878,1,"drop"
"STX3",3,3,4,-0.611696920978742,0.611696920978742,1,"drop"
"PDP1",3,2,4,0.610076676596233,0.610076676596233,1,"drop"
"DDI2",3,2,4,-0.078185617831946,0.609608791369156,0.654712151449377,"drop"
"SLC27A1",3,2,4,-0.249399844996475,0.607492756924548,1,"drop"
"CKAP5",3,2,4,-0.607363006938077,0.607363006938077,1,"drop"
"GPN3",3,2,4,-0.308370232153623,0.602275126439614,0.00000709229347237753,"drop"
"TSPAN31",3,3,4,-0.168762272108885,0.596497966827764,1,"drop"
"ZBTB8OS",3,3,4,-0.595790650675671,0.595790650675671,1,"drop"
"GBF1",3,3,4,-0.44668696592587,0.594958036488965,1,"drop"
"UNC119",3,3,4,-0.308974403947716,0.590882184390195,1,"drop"
"HELQ",3,2,4,0.396866903596766,0.586059706840991,1,"drop"
"CANX",3,3,4,-0.153697731455086,0.585649556298716,1,"drop"
"B3GALNT2",3,3,4,0.0411513939410958,0.585124674502937,1,"drop"
"ARHGAP10",3,2,4,0.0988295546817788,0.584312793334512,1,"drop"
"CORO7",3,2,4,-0.32521110800792,0.580240676276319,1,"drop"
"KMT2E-AS1",3,2,4,0.251708318659291,0.577762790102032,1,"drop"
"CANT1",3,3,4,-0.577695401940276,0.577695401940276,1,"drop"
"IFI30",3,2,4,-0.576196021185863,0.576196021185863,0.00840842987327736,"drop"
"ASH2L",3,3,4,-0.427985364002909,0.572984716245635,1,"drop"
"TRMT6",3,2,4,-0.278438852192776,0.571964752122595,1,"drop"
"CKS1B",3,2,4,0.0450208091158783,0.571366980647398,1,"drop"
"SLC17A5",3,2,4,0.011740489634366,0.570926486463912,1,"drop"
"ZNF587",3,3,4,-0.042713559433031,0.56790460133049,1,"drop"
"MAPK9",3,2,4,0.567025106046794,0.567025106046794,1,"drop"
"SLC40A1",3,2,4,-0.2068338792314,0.562420603317539,1,"drop"
"MORC2",3,2,4,-0.211175062584397,0.562310502577522,1,"drop"
"DMAC2",3,3,4,0.136203870491032,0.561613462264162,1,"drop"
"TTC39B",3,3,4,-0.156360242514799,0.561214648681384,1,"drop"
"PRKCD",3,3,4,-0.269412143617463,0.559384956470864,0.000000111966501006352,"drop"
"LINC02245",3,3,4,0.122121951851276,0.558903792517272,1,"drop"
"TTC7A",3,2,4,-0.557470498841862,0.557470498841862,1,"drop"
"GSPT2",3,3,4,-0.555350102523999,0.555350102523999,1,"drop"
"DNASE2",3,3,4,0.332566905050543,0.555140907479377,1,"drop"
"DHRS4",3,2,4,-0.0258230166910473,0.553766708217631,0.00130464564601487,"drop"
"ANO6",3,2,4,0.553471237663363,0.553471237663363,1,"drop"
"SPTLC2",3,3,4,-0.144819570121686,0.551209341781926,0.131877811237895,"drop"
"PLCB2",3,3,4,-0.200401661113939,0.550794839045847,1,"drop"
"CAMKK2",3,2,4,0.281539854447926,0.548118542639488,1,"drop"
"CHRM3-AS2",3,2,4,0.546811053962511,0.546811053962511,1,"drop"
"GNL2",3,2,4,0.190979874719751,0.546461835680306,1,"drop"
"C5AR2",3,3,4,-0.54465489675,0.54465489675,1,"drop"
"DIP2B",3,3,4,0.394364618732287,0.543784364877352,1,"drop"
"PLAGL2",3,2,4,0.543490326746774,0.543490326746774,1,"drop"
"MTURN",3,3,4,0.161975158023998,0.543238020736725,0.296416893745633,"drop"
"RSL1D1",3,3,4,0.161808100036652,0.542837772092446,1,"drop"
"RASA4",3,2,4,0.540785091563857,0.540785091563857,1,"drop"
"PATZ1",3,2,4,-0.33439827235625,0.540059512135264,1,"drop"
"CCDC159",3,2,4,-0.137643988213835,0.538806584369386,1,"drop"
"RIC1",3,3,4,0.537749010649902,0.537749010649902,1,"drop"
"PDPK1",3,2,4,-0.537278569047309,0.537278569047309,1,"drop"
"RUFY2",3,2,4,-0.0119483463615425,0.536738358823739,1,"drop"
"WBP1L",3,3,4,-0.258361189536502,0.534808893402871,1,"drop"
"CTSS",3,3,4,-0.32902573655138,0.533166556055225,1,"drop"
"CNOT10",3,2,4,-0.175387903173095,0.531228502104343,1,"drop"
"THOC7",3,3,4,0.24484816744792,0.530632174391663,1,"drop"
"AMPD2",3,3,4,-0.3376345815442,0.529986626279271,0.381983661397696,"drop"
"PYGB",3,3,4,0.361122294127178,0.528008257503336,1,"drop"
"MTHFR",3,2,4,0.30668699114426,0.52730822182691,1,"drop"
"TMEM161B-AS1",3,3,4,0.013741701979757,0.526143417017049,1,"drop"
"SLC39A6",3,2,4,-0.262447796667367,0.521524574352842,1,"drop"
"WWP2",3,3,4,0.284511739493104,0.518712533033365,1,"drop"
"IMPACT",3,2,4,0.165100968465068,0.516553235760423,1,"drop"
"BRCC3",3,2,4,0.191477670813641,0.516544144233704,1,"drop"
"C8orf82",3,2,4,-0.376614913967925,0.513297246788706,1,"drop"
"HRH2",3,2,4,-0.512068501374009,0.512068501374009,1,"drop"
"MED25",3,3,4,-0.339655910176939,0.511510915450786,1,"drop"
"LIPA",3,3,4,0.511362482517221,0.511362482517221,1,"drop"
"DDX49",3,3,4,-0.372393871076333,0.510278197768879,1,"drop"
"LARP1B",3,3,4,0.0511595142838413,0.509295093618862,1,"drop"
"IL1RN",3,3,4,0.337423228228061,0.509190729048698,1,"drop"
"TTBK2",3,3,4,0.507144646331644,0.507144646331644,1,"drop"
"MRPL30",3,3,4,0.194443846843035,0.506244838870933,1,"drop"
"HS1BP3",3,3,4,-0.366534253374402,0.504058671216222,1,"drop"
"AC093157.1",3,2,4,-0.0275226082029825,0.503652468578951,1,"drop"
"CD302",3,2,4,-0.502016340828455,0.502016340828455,1,"drop"
"PES1",3,3,4,-0.31800650560306,0.501333710644002,1,"drop"
"GALNT2",3,3,4,-0.177406412608482,0.499178706713508,1,"drop"
"TMEM19",3,3,4,-0.171920103423001,0.498896619409659,1,"drop"
"MPND",3,3,4,0.0144651731420778,0.498240352298788,1,"drop"
"NEDD1",3,3,4,-0.00770052284784423,0.496162184252636,1,"drop"
"SFMBT1",3,3,4,-0.251181407674419,0.495967730765855,1,"drop"
"PEA15",3,2,4,0.495961356775847,0.495961356775847,1,"drop"
"TP53RK",3,2,4,-0.493580571586174,0.493580571586174,1,"drop"
"LPCAT3",3,3,4,-0.151189195339892,0.492938265551361,1,"drop"
"OGDH",3,3,4,-0.492614906175762,0.492614906175762,1,"drop"
"AP2A2",3,3,4,-0.083472181872321,0.488925472944349,1,"drop"
"R3HDM4",3,2,4,0.336742170050413,0.488308612760978,1,"drop"
"RAP1GAP2",3,2,4,0.339790440863002,0.487978243991246,1,"drop"
"CSNK2B",3,2,4,0.0173097499943715,0.486394428053569,1,"drop"
"RWDD1",3,3,4,0.48638583943647,0.48638583943647,1,"drop"
"CPEB2",3,3,4,0.0722837608980963,0.483381360711494,1,"drop"
"ATP5MC3",3,2,4,-0.165787082165516,0.483103220631013,1,"drop"
"DOT1L",3,3,4,-0.111054376164205,0.482042911905572,1,"drop"
"BMPR2",3,3,4,0.326537012246539,0.48181735707524,1,"drop"
"LMNB1",3,3,4,0.331836387895427,0.478807419572428,1,"drop"
"PAFAH1B3",3,2,4,-0.476879170604269,0.476879170604269,1,"drop"
"INIP",3,2,4,-0.47644512835927,0.47644512835927,1,"drop"
"DNAJC24",3,3,4,-0.120505885856693,0.474457316479804,1,"drop"
"SNX15",3,2,4,-0.19819403634171,0.474318451999742,1,"drop"
"TXNDC12",3,3,4,-0.474150591676719,0.474150591676719,0.732870106362217,"drop"
"MBD1",3,3,4,0.312168637884561,0.473587245674969,1,"drop"
"SNUPN",3,2,4,-0.148796124364131,0.472531601556207,1,"drop"
"IDH3A",3,3,4,0.472296320935715,0.472296320935715,1,"drop"
"BRK1",3,3,4,-0.166221446966579,0.471961778279214,0.0253304359581178,"drop"
"IAH1",3,3,4,-0.25703135065724,0.471168567516673,0.0493322708339449,"drop"
"DENND6B",3,2,4,-0.245326686608243,0.470941091795648,1,"drop"
"TNRC6B",3,3,4,0.308730468177511,0.470879595165139,1,"drop"
"MICU1",3,2,4,0.469755070477029,0.469755070477029,1,"drop"
"AGPAT2",3,3,4,-0.469429370599235,0.469429370599235,0.104056850497268,"drop"
"ZNF33B",3,2,4,0.137265857356361,0.467279640759549,1,"drop"
"ODR4",3,2,4,0.016568427176028,0.466800995479911,1,"drop"
"MYO15B",3,3,4,-0.0788793099975995,0.465690284904757,1,"drop"
"ZNF518B",3,2,4,0.246718925246904,0.46557041555151,1,"drop"
"RNPEP",3,3,4,-0.294392864859908,0.465231761583513,1,"drop"
"DHDDS",3,2,4,0.055298686823437,0.464644260705789,1,"drop"
"WDR60",3,2,4,0.060002867470468,0.463531044988123,1,"drop"
"DDX19A",3,3,4,-0.463508679353602,0.463508679353602,1,"drop"
"WDR7",3,3,4,-0.218555843492884,0.461985086438925,1,"drop"
"C2CD5",3,2,4,0.280734611986222,0.461799162308786,1,"drop"
"TM2D2",3,3,4,0.257755588542947,0.461066682886641,1,"drop"
"ANP32B",3,2,4,0.182609090491819,0.460630744640566,1,"drop"
"BLVRB",3,2,4,-0.460497960268866,0.460497960268866,0.0000116248966732871,"drop"
"DYM",3,3,4,0.303097586612237,0.459948948727016,1,"drop"
"SRPRA",3,3,4,-0.199564930666369,0.459612810136949,1,"drop"
"SWAP70",3,2,4,-0.124768023415801,0.459454436688534,1,"drop"
"ACOT8",3,3,4,0.317874453685817,0.459126096496245,1,"drop"
"SIGLEC7",3,3,4,0.224400301146953,0.45835283982652,1,"drop"
"EPG5",3,2,4,-0.291182705535029,0.457150511798058,1,"drop"
"SLC25A13",3,2,4,0.073401153608284,0.452988945601417,1,"drop"
"CCDC28B",3,2,4,-0.246867215152089,0.452725540118827,1,"drop"
"SERF2",3,2,4,-0.303833468055911,0.4507532188472,1,"drop"
"C15orf39",3,3,4,0.141004266975038,0.450687285779226,0.0382963941186721,"drop"
"XPO7",3,3,4,0.123904564411421,0.450041436789073,1,"drop"
"SNRPD3",3,3,4,0.0897775375324617,0.45002445289362,1,"drop"
"PARVB",3,3,4,0.0800539367089508,0.448405759962223,1,"drop"
"IKZF3",3,3,4,-0.12131530461913,0.448154242977336,1,"drop"
"SAMD3",3,3,4,0.12187581453066,0.447962787211763,0.523097276979065,"drop"
"BMP2K",3,3,4,-0.262193586803585,0.447446125088217,1,"drop"
"CCDC22",3,3,4,-0.44697265462743,0.44697265462743,1,"drop"
"ACER3",3,2,4,0.163839672843791,0.446879250241563,1,"drop"
"C20orf194",3,2,4,-0.303046052098477,0.445066929479444,1,"drop"
"PTP4A2",3,2,4,0.21850794930167,0.44490498174691,0.00000000166883409102939,"drop"
"DELE1",3,2,4,-0.443299255168967,0.443299255168967,1,"drop"
"SYNGR1",3,2,4,-0.102756969706555,0.442982950354981,1,"drop"
"ISOC2",3,3,4,-0.299386420319362,0.441233848949667,1,"drop"
"MAGT1",3,2,4,0.0922989599839985,0.441140163795503,1,"drop"
"MICOS10",3,2,4,0.0407665348087743,0.440849636803469,1,"drop"
"TCP1",3,2,4,-0.18008137710934,0.439627224818481,1,"drop"
"DPYSL2",3,3,4,0.0651319492246212,0.435383003022037,1,"drop"
"NUP37",3,3,4,0.072812864391385,0.433987772898717,1,"drop"
"CHP1",3,2,4,0.293987961461049,0.433779095699084,1,"drop"
"LACTB",3,3,4,0.016769998720182,0.43365094842557,1,"drop"
"HAVCR2",3,2,4,-0.234287558278894,0.433405318668802,1,"drop"
"PPP1R21",3,2,4,-0.222797990576086,0.431319747762094,1,"drop"
"IPMK",3,3,4,-0.170490215009142,0.431243557609568,1,"drop"
"P2RX4",3,2,4,-0.147840361298233,0.431186531815517,1,"drop"
"WDR37",3,2,4,-0.294166406701908,0.431023549227359,1,"drop"
"TMX1",3,2,4,0.145831299943994,0.430935259186161,1,"drop"
"SCRN2",3,2,4,-0.430669471376368,0.430669471376368,1,"drop"
"BTBD6",3,3,4,-0.164654639146196,0.429689781741586,1,"drop"
"MIF4GD",3,2,4,-0.294819746646884,0.42968430279582,1,"drop"
"TRAPPC2B",3,2,4,0.00636310899861675,0.429032145079407,1,"drop"
"CHMP4B",3,3,4,0.262827781294108,0.427301247625806,1,"drop"
"ELOB",3,3,4,-0.038066656548356,0.425059557696376,1,"drop"
"CDADC1",3,3,4,-0.016693701108998,0.424535248482551,1,"drop"
"CD48",3,2,4,0.283996970380531,0.424330787637043,1,"drop"
"BRD3",3,3,4,0.298433589994901,0.423982682907189,1,"drop"
"MIF",3,2,4,0.422724085765627,0.422724085765627,0.0000000000203601318868171,"drop"
"FUT8",3,2,4,-0.0374380731447463,0.422373269615388,1,"drop"
"TLR6",3,3,4,-0.216228698746661,0.42134931652488,1,"drop"
"DOCK2",3,2,4,-0.420692613357957,0.420692613357957,1,"drop"
"DVL3",3,3,4,0.420371166589852,0.420371166589852,1,"drop"
"RALY",3,3,4,0.290277679451767,0.419503022096696,1,"drop"
"ZNF124",3,2,4,0.107286302558835,0.417482609666588,1,"drop"
"TP53BP2",3,2,4,-0.138177877483278,0.417346014774199,1,"drop"
"GPAA1",3,3,4,-0.113895333059724,0.41677970049546,1,"drop"
"RAD21",3,2,4,0.272357000258619,0.416462249795447,1,"drop"
"SLC2A6",3,3,4,-0.0280593508041475,0.415876694928246,1,"drop"
"FLAD1",3,2,4,-0.415444844151698,0.415444844151698,1,"drop"
"ZNF12",3,2,4,0.222528527737979,0.415152278467998,1,"drop"
"ZBTB25",3,2,4,0.0479140680453725,0.414613127647858,1,"drop"
"ARMC8",3,2,4,-0.0837577825976798,0.414378887925205,1,"drop"
"ZRANB2",3,3,4,0.414048495062085,0.414048495062085,1,"drop"
"ATP5MD",3,3,4,0.413606754783905,0.413606754783905,1,"drop"
"ACTL6A",3,2,4,-0.172109839664519,0.4134983337638,1,"drop"
"FAM174C",3,3,4,-0.267011779680735,0.412290290801034,1,"drop"
"NEK9",3,3,4,0.202980888591106,0.411974869149677,1,"drop"
"TRIM13",3,2,4,0.128683475676707,0.411711284962011,1,"drop"
"GNB1",3,2,4,0.410963113897076,0.410963113897076,1,"drop"
"HSPB1",3,3,4,0.41037841371552,0.41037841371552,1,"drop"
"VPS37A",3,2,4,-0.150369729834572,0.410282841775922,1,"drop"
"LINC00861",3,2,4,0.272885501505706,0.409547068031931,1,"drop"
"DDX52",3,3,4,0.409241255079584,0.409241255079584,1,"drop"
"THOC2",3,2,4,0.274725868848697,0.408191136363403,1,"drop"
"KIFAP3",3,2,4,-0.40579449116251,0.40579449116251,1,"drop"
"RPS6KA4",3,3,4,0.0292064278070503,0.405740821113035,0.0286065581661148,"drop"
"UNC13D",3,3,4,-0.166850830667112,0.405554937004609,1,"drop"
"TSPAN2",3,2,4,-0.405461462078111,0.405461462078111,1,"drop"
"HSPA9",3,3,4,0.405321217082531,0.405321217082531,1,"drop"
"SUMF1",3,2,4,-0.0150029807278993,0.404672351255727,1,"drop"
"SELENOW",3,2,4,-0.229181426386975,0.404147904781057,1,"drop"
"HINT3",3,3,4,0.00348961645219749,0.403954715355764,1,"drop"
"PRPF4",3,3,4,-0.40367786567471,0.40367786567471,1,"drop"
"SLAMF7",3,2,4,-0.237429339853669,0.403556446557707,0.534150168706576,"drop"
"NOB1",3,3,4,-0.402995506349333,0.402995506349333,1,"drop"
"TRNT1",3,3,4,0.017597992092853,0.402820231484643,1,"drop"
"SIPA1L3",3,3,4,0.0652725053101657,0.402801792956432,1,"drop"
"ICA1L",3,3,4,0.251048452779519,0.402407276627083,1,"drop"
"ATF5",3,3,4,-0.134579846997765,0.40217668557714,1,"drop"
"CMSS1",3,3,4,-0.11733238698059,0.40075948162539,1,"drop"
"SREBF2",3,2,4,0.0320302492326007,0.400163650001887,1,"drop"
"SRRM2",3,2,4,-0.107195140997627,0.399447102395705,0.176936747325281,"drop"
"NIT2",3,3,4,-0.0925283487772903,0.398816641051026,1,"drop"
"TPP1",3,3,4,0.398687139818399,0.398687139818399,1,"drop"
"RPS16",3,2,4,0.0569045840465773,0.39863058711982,0.00000142483382231686,"drop"
"CTDP1",3,2,4,-0.00465891874131198,0.398389937756706,1,"drop"
"RELA",3,2,4,-0.398246172605098,0.398246172605098,1,"drop"
"NSD3",3,3,4,0.25205388334605,0.397549517435346,1,"drop"
"ABHD17A",3,3,4,-0.21185138157551,0.396848641518089,1,"drop"
"CEBPZOS",3,3,4,-0.0172776698571658,0.3966002628462,1,"drop"
"RHBDF2",3,2,4,-0.3961601578509,0.3961601578509,1,"drop"
"GBE1",3,2,4,-0.0738492663150867,0.395815487538897,1,"drop"
"CLDND1",3,3,4,0.395427776853671,0.395427776853671,1,"drop"
"HOXB2",3,2,4,0.00454702699650199,0.395316351018536,1,"drop"
"TPCN1",3,2,4,-0.205985400702932,0.3948124042872,1,"drop"
"NDUFS4",3,3,4,-0.0661269127596622,0.393811063622677,1,"drop"
"UCHL3",3,3,4,0.180697817815032,0.393222699853468,1,"drop"
"EIF4G1",3,2,4,-0.392850566126314,0.392850566126314,1,"drop"
"YPEL2",3,3,4,-0.0140270104994275,0.3901132385613,1,"drop"
"AKAP8L",3,3,4,0.00247379416364024,0.389819156316569,1,"drop"
"SF3B6",3,3,4,0.165752482290816,0.389275930925584,1,"drop"
"LPCAT2",3,3,4,0.0913968746232697,0.389244260451973,1,"drop"
"DMXL2",3,3,4,0.0703092681925557,0.389126727412402,1,"drop"
"TAPBP",3,3,4,0.165798527840826,0.388884879867368,1,"drop"
"TRIO",3,2,4,-0.23074247417929,0.388471439297131,1,"drop"
"RIC3",3,2,4,0.257682818498071,0.387905328364495,1,"drop"
"CHML",3,2,4,-0.141654459053447,0.387783793307232,1,"drop"
"RBBP7",3,2,4,0.115669033025591,0.3863513316855,1,"drop"
"GM2A",3,3,4,0.159795414051391,0.385619162338691,1,"drop"
"TCTA",3,2,4,-0.241499249290078,0.385594235297165,1,"drop"
"RPL12",3,2,4,0.246059899531812,0.384892495226314,0.00000266828016019039,"drop"
"NDUFAF6",3,2,4,0.0175732166197482,0.384701631516669,1,"drop"
"SRRM1",3,2,4,0.126673728205757,0.384544901245169,0.0352679641655611,"drop"
"VDAC1",3,3,4,-0.22149820604726,0.384449634920207,1,"drop"
"RBCK1",3,2,4,-0.0724041433506675,0.383393250263616,1,"drop"
"TOMM22",3,3,4,0.0096964673265295,0.383378193522728,1,"drop"
"HIGD2A",3,2,4,-0.188121993435156,0.382348141423288,0.0224098278483076,"drop"
"POM121",3,3,4,0.1646923728547,0.379449052428556,1,"drop"
"CLTB",3,2,4,0.185287041879901,0.379242012742903,1,"drop"
"MOSPD2",3,3,4,0.086827629245371,0.379194050321868,1,"drop"
"RSRC1",3,3,4,-0.069034738838018,0.377283411741609,1,"drop"
"COPS7A",3,2,4,-0.377232491058348,0.377232491058348,1,"drop"
"ARHGAP21",3,3,4,0.208736257053932,0.376230882004021,1,"drop"
"CDK19",3,3,4,-0.0276804284498395,0.376087860864417,1,"drop"
"NKTR",3,3,4,0.0418941050530025,0.375679488173989,1,"drop"
"ARL14EP",3,2,4,0.220718097261759,0.374975611508559,1,"drop"
"TMED4",3,3,4,-0.191830019554792,0.374953858710742,1,"drop"
"TOX",3,3,4,0.0331870366731125,0.374510993165162,1,"drop"
"RCBTB2",3,3,4,0.0853226198895462,0.373868263322735,1,"drop"
"TMEM14C",3,3,4,-0.373572637022154,0.373572637022154,1,"drop"
"PLAAT3",3,2,4,0.234725831797487,0.372428770028276,1,"drop"
"NISCH",3,3,4,0.0494722866148953,0.372003534492121,1,"drop"
"IFT20",3,2,4,0.034249849074641,0.370887903032184,1,"drop"
"TRIM14",3,3,4,0.207036594906231,0.369359064142933,1,"drop"
"DHX15",3,2,4,0.184070684657691,0.368444177553537,1,"drop"
"TXN2",3,3,4,-0.368370759481905,0.368370759481905,1,"drop"
"SFR1",3,3,4,-0.0268398555367915,0.36805570938204,1,"drop"
"CNPY3",3,2,4,-0.367946235790226,0.367946235790226,1,"drop"
"STMN1",3,3,4,0.0566991582505612,0.366945625461107,1,"drop"
"UNC93B1",3,3,4,-0.36677636171715,0.36677636171715,1,"drop"
"BCL7B",3,3,4,-0.133341854026741,0.365718574132692,1,"drop"
"ANKRD36C",3,3,4,-0.364980543806633,0.364980543806633,1,"drop"
"IL18",3,3,4,-0.364934046845644,0.364934046845644,1,"drop"
"CD300LF",3,2,4,0.098362849313542,0.364148108261581,1,"drop"
"OLA1",3,3,4,-0.115735668723411,0.363939476557255,1,"drop"
"PRDX6",3,2,4,-0.159280889278977,0.363097082426825,1,"drop"
"SCAND1",3,3,4,0.0168667776669547,0.362317469752139,1,"drop"
"CAMK2G",3,3,4,-0.0109962516759642,0.359319526051359,1,"drop"
"ARF6",3,3,4,0.194280108204148,0.358073436712493,1,"drop"
"FAM102B",3,2,4,0.357948130935956,0.357948130935956,1,"drop"
"CBWD1",3,3,4,-0.357817757227902,0.357817757227902,1,"drop"
"SEC24B",3,3,4,0.0392900444981195,0.35772973314911,1,"drop"
"TMUB1",3,3,4,-0.161133735578938,0.357490018625533,1,"drop"
"ERGIC3",3,3,4,-0.177248529998997,0.35718476757187,1,"drop"
"PHIP",3,2,4,0.176430520864156,0.357018109231984,1,"drop"
"LRRC25",3,3,4,-0.211939272714196,0.356895925847511,1,"drop"
"DAP",3,3,4,0.224816497531286,0.356507419835222,1,"drop"
"SF3B2",3,2,4,-0.0153964738541792,0.356006004369432,1,"drop"
"CNOT4",3,2,4,-0.199607510810673,0.355992404167431,1,"drop"
"LSM7",3,2,4,-0.355975294804139,0.355975294804139,1,"drop"
"INTS3",3,2,4,0.0142180213471098,0.355196213799372,1,"drop"
"SSR2",3,3,4,0.207384464625801,0.355142115916386,1,"drop"
"SYMPK",3,3,4,0.226864234208422,0.352608331109913,1,"drop"
"CIZ1",3,2,4,0.19221711444921,0.351161966481394,1,"drop"
"NDUFS2",3,2,4,0.351101869717669,0.351101869717669,1,"drop"
"CCNK",3,2,4,0.0559432216967362,0.35105007158674,1,"drop"
"RPS24",3,2,4,0.0792605568084398,0.350749028139296,0.010400058901918,"drop"
"COMMD4",3,3,4,0.0518507502450617,0.350635392757344,1,"drop"
"CZIB",3,3,4,-0.213295685932086,0.349003875629538,1,"drop"
"TMEM192",3,2,4,-0.198877434568887,0.348758992057422,1,"drop"
"POLL",3,3,4,-0.348063908713934,0.348063908713934,1,"drop"
"MTM1",3,3,4,0.113740091399223,0.347916715609525,1,"drop"
"PLEKHM2",3,2,4,-0.00656979450916974,0.347726798931019,1,"drop"
"SPCS1",3,2,4,-0.204344144648736,0.347443525485385,1,"drop"
"CBWD3",3,2,4,-0.346948162661263,0.346948162661263,1,"drop"
"MIB1",3,2,4,0.0526753557706955,0.346636267813775,1,"drop"
"CSTF3",3,3,4,-0.220643505538083,0.346302367068689,1,"drop"
"GADD45GIP1",3,2,4,-0.344837263600982,0.344837263600982,1,"drop"
"NEU1",3,2,4,-0.0238046519141822,0.344663547488588,1,"drop"
"HPS1",3,2,4,0.210436701668542,0.344608845070787,1,"drop"
"TAF9",3,3,4,0.0296034379277985,0.344130255251028,1,"drop"
"AGL",3,2,4,-0.0516969385401723,0.343919024791396,1,"drop"
"RILP",3,2,4,-0.111512009098171,0.343428656672829,1,"drop"
"PPP1R7",3,2,4,0.195091956355616,0.343218275866416,1,"drop"
"EIF3F",3,2,4,-0.200114164686855,0.342333426612876,1,"drop"
"CD37",3,3,4,0.0358300007999355,0.340773048122243,1,"drop"
"IER3IP1",3,3,4,0.00202543364794776,0.339467469458963,1,"drop"
"AL135925.1",3,3,4,-0.339163066690775,0.339163066690775,1,"drop"
"RPLP1",3,3,4,-0.00486253665758,0.338703321641855,0.0000000000000000000255317960435239,"drop"
"SORL1",3,2,4,0.201926388717576,0.33811868269268,1,"drop"
"RAB5C",3,2,4,-0.161642265650464,0.338022830825188,1,"drop"
"ZNRD1",3,3,4,-0.337807400176671,0.337807400176671,1,"drop"
"ORC3",3,3,4,-0.16068059558804,0.336657075608289,1,"drop"
"ZNF581",3,3,4,-0.336540502286056,0.336540502286056,1,"drop"
"YPEL3",3,3,4,-0.154036199949987,0.334469659671095,1,"drop"
"XBP1",3,2,4,0.13345221506569,0.331447782771038,1,"drop"
"HLA-A",3,2,4,0.151262357336632,0.330835654254273,0.0000157010337480125,"drop"
"SH2D1A",3,2,4,-0.330516922462019,0.330516922462019,1,"drop"
"APH1B",3,3,4,-0.33003356718158,0.33003356718158,1,"drop"
"C11orf1",3,3,4,-0.016431247918735,0.328193853137857,1,"drop"
"TIMM17A",3,3,4,0.202055203950263,0.328094932312325,1,"drop"
"CELF1",3,3,4,0.00349182454724176,0.327446535977099,1,"drop"
"AMFR",3,2,4,-0.327234312398441,0.327234312398441,1,"drop"
"NDUFS8",3,2,4,-0.199071801185682,0.327214284722574,1,"drop"
"RPS3",3,3,4,0.0413695302659215,0.327027805515885,0.00000000000000000000000150308699189475,"drop"
"ATXN1L",3,3,4,-0.191390360859666,0.326581132141904,1,"drop"
"PDIA3",3,3,4,-0.0124661829798525,0.32613103109899,1,"drop"
"STRN3",3,2,4,-0.0166118856234738,0.325329446562567,1,"drop"
"PSMC5",3,2,4,0.124640123897532,0.323826668438971,1,"drop"
"MAF1",3,2,4,-0.323611111867625,0.323611111867625,1,"drop"
"GTF3C6",3,3,4,-0.0618411590908493,0.322661086153884,1,"drop"
"ELK1",3,2,4,-0.032729635698892,0.322583455745501,1,"drop"
"TBC1D23",3,3,4,-0.149636206683106,0.321124493184866,1,"drop"
"PPIH",3,3,4,0.0377264646606708,0.319987247997373,1,"drop"
"LSM8",3,2,4,0.157515166168111,0.317443535435226,1,"drop"
"HIF1AN",3,2,4,-0.031704813687755,0.316966360161708,1,"drop"
"COX6A1",3,2,4,-0.189440415348153,0.316079366356115,1,"drop"
"FEM1C",3,3,4,0.164699231900294,0.315199229840124,1,"drop"
"ATP5PB",3,3,4,-0.162884838767927,0.314671996116541,1,"drop"
"PPP1R2",3,2,4,-0.171164436706544,0.314024976384493,1,"drop"
"ALDH2",3,2,4,-0.014255762056036,0.313581908713923,0.0201797414871208,"drop"
"PHACTR4",3,2,4,0.0250668934866908,0.312985602135484,1,"drop"
"PRRC2A",3,3,4,-0.178963323561799,0.312586331504523,1,"drop"
"ATP6V1G1",3,2,4,0.152134530999882,0.310825068591213,0.0000133179740009111,"drop"
"ADAM19",3,3,4,0.309528950788685,0.309528950788685,1,"drop"
"THG1L",3,2,4,0.0357108090877988,0.306874809303321,1,"drop"
"DHTKD1",3,3,4,-0.163474356818973,0.306825967604467,1,"drop"
"RAD23A",3,3,4,-0.156773404512288,0.30534570438675,1,"drop"
"CNBP",3,2,4,0.130588721592199,0.301672426559244,0.0133185970711693,"drop"
"HSP90B1",3,2,4,0.00886853539041176,0.29998279021777,1,"drop"
"EIF3J-DT",3,2,4,0.00488487184759276,0.296275417378481,1,"drop"
"APEX1",3,3,4,-0.295818365524743,0.295818365524743,1,"drop"
"TRIR",3,3,4,-0.294211071383494,0.294211071383494,1,"drop"
"OXA1L",3,3,4,-0.160130530872727,0.294085543016545,1,"drop"
"TAX1BP1",3,3,4,-0.0100420054787925,0.293254954109301,1,"drop"
"SRSF9",3,2,4,-0.165059639327639,0.291917232375657,1,"drop"
"POC1B",3,2,4,-0.157138220328462,0.290652931752051,1,"drop"
"PSMB6",3,3,4,0.0077734391622245,0.28797610651451,1,"drop"
"AP3S1",3,2,4,0.149347974577439,0.287325954660276,1,"drop"
"TMED7",3,3,4,0.286384789282055,0.286384789282055,1,"drop"
"SKP1",3,3,4,0.000902966895894766,0.283598075665066,1,"drop"
"EIF2A",3,2,4,-0.147170440048225,0.274870639400525,1,"drop"
"NANS",3,3,4,-0.272978977754603,0.272978977754603,1,"drop"
"TIGIT",3,1,3,-1.06758866636676,1.06758866636676,0.0000000922864027815706,"drop"
"RASSF7",3,2,3,-0.813332235359183,0.813332235359183,1,"drop"
"DUSP7",3,2,3,-0.551182798007636,0.798828103672948,1,"drop"
"DAGLB",3,2,3,-0.738857095775539,0.738857095775539,1,"drop"
"G6PD",3,3,3,-0.155548290275079,0.713409332537461,1,"drop"
"ELP1",3,2,3,-0.700278259849954,0.700278259849954,1,"drop"
"SUCLA2",3,2,3,-0.260703798356943,0.690278249972649,1,"drop"
"PALLD",3,1,3,0.167169161191574,0.678381795034739,1,"drop"
"IPO8",3,1,3,-0.66900059368646,0.66900059368646,1,"drop"
"SP140",3,2,3,0.424181963085665,0.661208785616974,1,"drop"
"RNF34",3,1,3,-0.660510715282287,0.660510715282287,1,"drop"
"BTBD7",3,2,3,-0.640505760066127,0.640505760066127,1,"drop"
"ICAM1",3,2,3,0.0253106814683573,0.638742098947642,1,"drop"
"BBC3",3,2,3,-0.632312671932191,0.632312671932191,1,"drop"
"TSPAN4",3,2,3,-0.632178632280069,0.632178632280069,0.0554154691868845,"drop"
"MED1",3,3,3,-0.628773269549802,0.628773269549802,1,"drop"
"BTAF1",3,2,3,0.253110545353695,0.615680456478025,1,"drop"
"STX2",3,1,3,-0.249169459690572,0.61493408074669,0.309308504999302,"drop"
"TBC1D4",3,1,3,-0.603933083161372,0.603933083161372,1,"drop"
"KHNYN",3,3,3,0.273262872662842,0.592630892599153,1,"drop"
"ARID1A",3,3,3,-0.036338046160312,0.578194040336613,1,"drop"
"CCSAP",3,2,3,0.355320689231605,0.565793269208847,1,"drop"
"ERLIN1",3,2,3,-0.563378678529468,0.563378678529468,1,"drop"
"NLRP3",3,2,3,-0.559558250784773,0.559558250784773,1,"drop"
"SLC35F6",3,1,3,-0.304586466070093,0.558266306011315,1,"drop"
"PLEC",3,2,3,-0.329423940757439,0.556212861604957,1,"drop"
"SMARCAD1",3,3,3,-0.54756825605448,0.54756825605448,1,"drop"
"ALOX12-AS1",3,2,3,0.120396896431446,0.541841727465373,1,"drop"
"SMIM25",3,2,3,-0.538675330939026,0.538675330939026,0.0301475466720739,"drop"
"SLC27A3",3,2,3,-0.536934825337438,0.536934825337438,0.481776255077331,"drop"
"SIDT2",3,2,3,0.248786160336381,0.527631330790922,1,"drop"
"KIF20B",3,2,3,-0.164393333922268,0.501727583146255,1,"drop"
"RRAGC",3,2,3,-0.324098776089569,0.501652618879788,1,"drop"
"ANKRD36",3,2,3,-0.206787768726537,0.501472997764019,1,"drop"
"RBL2",3,2,3,0.49111311626547,0.49111311626547,1,"drop"
"REX1BD",3,2,3,0.48836326513568,0.48836326513568,1,"drop"
"TSEN34",3,3,3,-0.487498320669968,0.487498320669968,0.172574433336187,"drop"
"BICD1",3,3,3,-0.484563532005703,0.484563532005703,1,"drop"
"MCRIP1",3,2,3,0.477384550162268,0.477384550162268,1,"drop"
"MAGOHB",3,2,3,-0.236473370097271,0.476893854799775,1,"drop"
"INTS8",3,1,3,-0.47550890531592,0.47550890531592,1,"drop"
"DDX10",3,2,3,0.256504344832933,0.471259068001435,1,"drop"
"NSUN2",3,2,3,-0.166520975373856,0.47105342192585,1,"drop"
"SYT11",3,2,3,0.138807043897475,0.470437609199854,1,"drop"
"SMARCE1",3,2,3,0.470285229045112,0.470285229045112,1,"drop"
"ZNF254",3,1,3,-0.468126084089595,0.468126084089595,1,"drop"
"PMS2",3,2,3,-0.204663316631782,0.468060708171449,1,"drop"
"F13A1",3,3,3,0.467936527492031,0.467936527492031,0.0319282379487421,"drop"
"ATXN7L1",3,2,3,-0.249287937556949,0.466495163985962,1,"drop"
"GANC",3,2,3,-0.465821187057601,0.465821187057601,1,"drop"
"CALHM2",3,2,3,-0.27939862139803,0.462462069230292,1,"drop"
"MAU2",3,2,3,-0.462262921708341,0.462262921708341,1,"drop"
"RAP1B",3,3,3,0.4606251588085,0.4606251588085,0.00206675982410209,"drop"
"LSG1",3,1,3,0.0529005748067186,0.459887931616142,1,"drop"
"U2AF2",3,3,3,0.0181674810484613,0.457377870544922,1,"drop"
"STK32C",3,2,3,-0.2835004367286,0.456824013833975,1,"drop"
"VPS16",3,2,3,0.072116219217797,0.455917881211466,1,"drop"
"RBL1",3,3,3,-0.099583469991637,0.452700952546126,1,"drop"
"TXNDC5",3,2,3,0.0769093993864177,0.451266644748965,0.0155342034663008,"drop"
"NOL4L",3,3,3,0.451195774107054,0.451195774107054,1,"drop"
"GLRX5",3,2,3,0.451075645762805,0.451075645762805,1,"drop"
"PSMD5",3,2,3,-0.441900235825154,0.441900235825154,1,"drop"
"UBR3",3,2,3,0.0700846195025423,0.441869108951556,1,"drop"
"C19orf48",3,2,3,-0.440585791075663,0.440585791075663,1,"drop"
"CALR",3,2,3,-0.439366255071578,0.439366255071578,1,"drop"
"TBC1D7",3,1,3,-0.43908346624587,0.43908346624587,1,"drop"
"AC004865.2",3,2,3,0.261183058994857,0.437893377427095,1,"drop"
"TREM1",3,2,3,-0.43518570289381,0.43518570289381,0.0609185125813488,"drop"
"GMIP",3,2,3,-0.0470783639841907,0.434168741143813,1,"drop"
"RANGRF",3,3,3,-0.0689796791305603,0.433944817537052,1,"drop"
"DLGAP4",3,2,3,-0.180759966471756,0.430952349170403,1,"drop"
"ERI3",3,1,3,-0.430402090892429,0.430402090892429,1,"drop"
"SLC46A3",3,2,3,-0.23392951072479,0.427323652666865,1,"drop"
"P4HA1",3,3,3,0.425652287252317,0.425652287252317,1,"drop"
"VCPKMT",3,2,3,0.159686154671017,0.425312160001653,1,"drop"
"PRDX2",3,3,3,-0.202334368084894,0.42418084744447,1,"drop"
"CNP",3,2,3,0.0444374913487923,0.421484387111045,1,"drop"
"ZNF511",3,3,3,-0.197645295426496,0.421159249617282,1,"drop"
"RFNG",3,2,3,0.240235171120277,0.420554827692488,1,"drop"
"ATP6V0E2",3,3,3,-0.420056652658563,0.420056652658563,1,"drop"
"DDX39B",3,2,3,-0.415675721901774,0.415675721901774,1,"drop"
"HMGCS1",3,2,3,-0.128229214469144,0.415309353679714,1,"drop"
"MRPL1",3,3,3,-0.209016001696059,0.411975802988856,1,"drop"
"ITK",3,1,3,-0.409167024411754,0.409167024411754,1,"drop"
"DAD1",3,2,3,-0.172926563468273,0.407964835969326,1,"drop"
"CCDC50",3,2,3,0.120753201297794,0.40699416259755,1,"drop"
"CERS5",3,2,3,-0.153544117943884,0.401970067069854,1,"drop"
"UBAP2L",3,2,3,-0.21419457940616,0.401454860060733,1,"drop"
"SNRPB",3,3,3,-0.117731925057106,0.400763064740145,1,"drop"
"OCIAD2",3,2,3,-0.0567135868543093,0.398418777429846,1,"drop"
"DMAC1",3,2,3,-0.196982498135905,0.396569534149707,1,"drop"
"SLC7A6",3,2,3,0.20073247264233,0.396482303259251,1,"drop"
"ARL6IP1",3,3,3,-0.0767445444455787,0.396163202143522,1,"drop"
"XPOT",3,2,3,0.208474100825613,0.395005768249046,1,"drop"
"PFKL",3,2,3,0.2222554695545,0.392581902052338,1,"drop"
"TSN",3,2,3,0.023804583172436,0.392495340780189,1,"drop"
"USP47",3,2,3,-0.150138328659155,0.392199441834145,1,"drop"
"STYXL1",3,1,3,0.123546661827157,0.39219802374323,1,"drop"
"CCT6A",3,1,3,-0.390680291614079,0.390680291614079,0.510765308969704,"drop"
"EMC4",3,1,3,-0.083981628140216,0.390575181524166,1,"drop"
"PLIN3",3,3,3,-0.169158963691111,0.390051930549945,1,"drop"
"NUS1",3,2,3,0.387137358879816,0.387137358879816,1,"drop"
"GPALPP1",3,2,3,-0.387086339149473,0.387086339149473,1,"drop"
"GUSB",3,2,3,0.114045261021504,0.386706487221291,1,"drop"
"SLC35B1",3,2,3,0.21044292860429,0.385712115822157,1,"drop"
"AL365361.1",3,1,3,-0.184866786236232,0.381065045792305,1,"drop"
"GNAS",3,1,3,0.375964110794878,0.375964110794878,0.516936952450223,"drop"
"GABPB2",3,3,3,0.191621740099241,0.373292509773302,1,"drop"
"GATC",3,2,3,-0.372240442420643,0.372240442420643,1,"drop"
"VPS51",3,2,3,-0.002534695333262,0.37212175004556,1,"drop"
"WIPF1",3,3,3,-0.115017214227757,0.371640789642457,1,"drop"
"B2M",3,2,3,0.371149910446795,0.371149910446795,0.00000110252012003838,"drop"
"BEST1",3,2,3,0.113887020463943,0.369986447830923,1,"drop"
"TOMM70",3,2,3,-0.160548736259645,0.36994824938616,1,"drop"
"CBX3",3,2,3,0.36892455272514,0.36892455272514,1,"drop"
"PAPSS1",3,2,3,-0.368331018880554,0.368331018880554,1,"drop"
"PDCD4",3,2,3,-0.00173186622674169,0.367587058656554,1,"drop"
"HDGF",3,2,3,0.364647323649383,0.364647323649383,1,"drop"
"CTBP2",3,2,3,-0.00971811388471,0.364579052961514,1,"drop"
"FAM162A",3,2,3,-0.154297150361895,0.361050605669877,1,"drop"
"MIA2",3,2,3,-0.132512192075974,0.359981192509594,1,"drop"
"RNASEH2B",3,1,3,-0.359499998171288,0.359499998171288,0.846443956364283,"drop"
"RBM3",3,2,3,0.0951786482074357,0.358177682107336,0.000000422985758564993,"drop"
"POR",3,3,3,-0.177335137642406,0.3577995050789,1,"drop"
"TPMT",3,2,3,0.0790514388483237,0.357028993792816,1,"drop"
"ATOX1",3,3,3,-0.129009992732167,0.356392347395918,1,"drop"
"GRHPR",3,2,3,-0.134258291928875,0.353948465412345,1,"drop"
"CDC42SE1",3,3,3,-0.032923993837916,0.353751924112781,1,"drop"
"PGD",3,2,3,-0.161068080142356,0.351860952870284,1,"drop"
"RABL6",3,1,3,-0.351247267319006,0.351247267319006,1,"drop"
"RBIS",3,3,3,-0.10915710709189,0.350632385796664,1,"drop"
"RABGAP1",3,2,3,0.144536740871538,0.349786486617671,1,"drop"
"APH1A",3,2,3,0.0386867935697243,0.348783894646754,1,"drop"
"PRKCSH",3,3,3,-0.103475556357746,0.348446925010492,1,"drop"
"RPS14",3,2,3,-0.0704752322144283,0.346550700978798,0.0000000000000000562993155972883,"drop"
"MAPKAPK5-AS1",3,2,3,0.346371942531264,0.346371942531264,1,"drop"
"PIGK",3,2,3,-0.0737669272339567,0.344315937023773,1,"drop"
"LRPAP1",3,2,3,-0.170146985087935,0.343634961957658,1,"drop"
"SDHB",3,2,3,-0.340162636092413,0.340162636092413,1,"drop"
"LILRB1",3,1,3,0.122211663631662,0.3392051541949,1,"drop"
"RPL29",3,2,3,-0.0794790982578473,0.338087634389631,0.00000363126053818578,"drop"
"NDUFB9",3,2,3,0.132769548807734,0.337352528756906,1,"drop"
"SLC2A1",3,2,3,0.00717018887372867,0.334498201839578,1,"drop"
"COX7B",3,2,3,0.110977688737419,0.334428713417301,1,"drop"
"MEFV",3,3,3,0.114232415381249,0.332536699772176,1,"drop"
"NSMCE4A",3,2,3,0.0560856011451607,0.332073121329816,1,"drop"
"SEC31A",3,1,3,0.330602266808463,0.330602266808463,1,"drop"
"NCAPD3",3,3,3,-0.132103912563548,0.327391521476898,1,"drop"
"HNRNPDL",3,3,3,0.326263890147839,0.326263890147839,1,"drop"
"DCXR",3,1,3,-0.326029675987548,0.326029675987548,1,"drop"
"AC073111.4",3,2,3,-0.326028578476438,0.326028578476438,1,"drop"
"SNRPC",3,2,3,-0.070478125643644,0.32300678677839,1,"drop"
"SARAF",3,2,3,0.136248258436227,0.322297494686846,0.00474930082228827,"drop"
"ATP5PD",3,2,3,0.152201453724721,0.322071819241203,1,"drop"
"EIF3D",3,3,3,-0.317773020625294,0.317773020625294,1,"drop"
"USP14",3,2,3,-0.138709227770202,0.317657679394636,1,"drop"
"SCYL1",3,2,3,-0.317459235517693,0.317459235517693,1,"drop"
"BANP",3,2,3,0.0817601023483583,0.31731214596239,1,"drop"
"COPS6",3,2,3,-0.12115247099424,0.316148914324795,1,"drop"
"POLR3GL",3,2,3,-0.101173820817096,0.315048409365892,1,"drop"
"RRBP1",3,2,3,-0.314107773771037,0.314107773771037,1,"drop"
"NDUFB4",3,2,3,0.119272841359215,0.313548805917403,1,"drop"
"GLUD1",3,2,3,-0.116386491700367,0.311388988039197,1,"drop"
"VPS13B",3,3,3,-0.115175613838711,0.309646854804701,1,"drop"
"MARCH7",3,1,3,-0.306469043045665,0.306469043045665,0.0839896539763505,"drop"
"MRPS36",3,2,3,0.0859066524284597,0.306041896550347,1,"drop"
"LMO2",3,3,3,-0.0622949204654313,0.305867873707897,1,"drop"
"MT-CO1",3,1,3,-0.30405011092019,0.30405011092019,0.0000000000000000000000991654153586883,"drop"
"NDUFA1",3,2,3,0.132908087357473,0.303598530571969,1,"drop"
"DDX18",3,2,3,0.114270821610081,0.302062188005599,1,"drop"
"MT-ND2",3,2,3,0.0747920046126717,0.30194772418457,0.0000000184381176614143,"drop"
"BLOC1S4",3,2,3,0.062672327620425,0.301261646695268,1,"drop"
"ALKBH7",3,1,3,0.0994289556693463,0.300728992648631,1,"drop"
"ITM2B",3,1,3,-0.10179810804112,0.300392780842431,1,"drop"
"EIF4B",3,3,3,-0.088800583100467,0.298740456384994,1,"drop"
"PSENEN",3,2,3,0.100453778614529,0.298169379823181,1,"drop"
"NHP2",3,2,3,0.295215737775795,0.295215737775795,1,"drop"
"UQCRFS1",3,2,3,0.294187914718631,0.294187914718631,1,"drop"
"B3GALT6",3,3,3,0.113835533549981,0.287222364046266,1,"drop"
"GRB2",3,1,3,-0.0996821395789953,0.287186434846349,1,"drop"
"VEGFB",3,2,3,0.11286174514597,0.283679170348227,1,"drop"
"METTL23",3,2,3,-0.0837131143630037,0.282475727250782,1,"drop"
"PSMC3",3,1,3,-0.098062757398685,0.281693553494435,1,"drop"
"CAPZB",3,2,3,-0.27885802121824,0.27885802121824,1,"drop"
"SMIM19",3,3,3,-0.075783136030373,0.276393609627758,1,"drop"
"TRMT10C",3,3,3,0.0677690672885367,0.273936357619711,1,"drop"
"COPG1",3,3,3,0.0911214145997607,0.268885785691849,1,"drop"
"AP2M1",3,2,3,-0.0996168425592063,0.266677612336176,1,"drop"
"ATF3",2,3,6,0.0553971214234,1.83157072483718,0.0000000000217696718228827,"drop"
"TRMU",2,3,6,0.421508455042949,0.880783633287969,1,"drop"
"DDX59",2,3,6,-0.507913089182879,0.82472124761173,1,"drop"
"PAQR8",2,3,6,-0.234379892208793,0.818952529653827,1,"drop"
"HOMER2",2,3,6,-0.398936785072113,0.810875014827961,1,"drop"
"BICD2",2,3,6,-0.186596094909543,0.791402870845248,1,"drop"
"GTF2H2",2,3,6,0.409864760038411,0.774561268505306,1,"drop"
"CD163",2,3,6,-0.524112421010128,0.723262756058753,0.00000000000000000131962425531636,"drop"
"WIZ",2,3,6,-0.614873600859054,0.717153592938575,1,"drop"
"PAX8-AS1",2,3,6,0.687408952224564,0.687408952224564,0.0527854455400828,"drop"
"MIS12",2,3,6,0.433253383137919,0.664406422135248,1,"drop"
"TRIM34",2,3,6,0.0121992749475138,0.649268093820596,1,"drop"
"PKNOX1",2,3,6,0.127485006365676,0.638074574091288,1,"drop"
"BCL2L12",2,3,6,-0.243896649492697,0.636017874811063,1,"drop"
"MFSD11",2,3,6,0.418918529414404,0.633402606326394,1,"drop"
"PIP5K1C",2,3,6,-0.428349676345327,0.620817386395357,1,"drop"
"TAF5L",2,3,6,-0.188705001802017,0.618627457659317,1,"drop"
"GTF2H2C",2,3,6,0.391912444028488,0.618568607261798,1,"drop"
"CDK10",2,3,6,-0.227371890173421,0.583470380873704,1,"drop"
"SQLE",2,3,6,-0.0402335949549915,0.575140453080909,1,"drop"
"MFSD3",2,3,6,0.221190704222694,0.573298833778985,1,"drop"
"IFT88",2,3,6,-0.450531709913053,0.54412338725173,1,"drop"
"UTP4",2,3,6,0.429058703621535,0.539941641548723,1,"drop"
"UXT",2,3,6,0.0607019649432108,0.538939445649167,1,"drop"
"PRIM2",2,3,6,-0.135205404221305,0.53869601777776,1,"drop"
"FBXO4",2,3,6,0.299284585555051,0.531462735837051,1,"drop"
"SDSL",2,3,6,-0.398672610028622,0.520945073721943,1,"drop"
"FAAP100",2,3,6,-0.0777700385469203,0.516696155330526,1,"drop"
"ATP10A",2,3,6,0.159007872801704,0.510502825703474,1,"drop"
"COX7C",2,3,6,0.193545645576777,0.508304537241998,1,"drop"
"EIF2AK1",2,3,6,0.174893199633606,0.505093308317156,1,"drop"
"NDUFA2",2,3,6,-0.123351226582849,0.489394970942375,1,"drop"
"KMT2D",2,3,6,0.0367455685806565,0.485426663979664,1,"drop"
"MMP25",2,3,6,-0.460705919578974,0.460705919578974,1,"drop"
"TEX30",2,3,6,0.140732817063851,0.459696915063237,1,"drop"
"JKAMP",2,3,6,-0.0663636080120675,0.458285620285337,1,"drop"
"MMP28",2,3,6,-0.172717092620139,0.428967097752032,1,"drop"
"MCM6",2,3,6,0.0221548760845493,0.41424316769369,1,"drop"
"CD5",2,3,6,0.174888816810842,0.394112668999308,1,"drop"
"UBE2D4",2,3,6,-0.158383468742081,0.366715911669893,1,"drop"
"PDK4",2,3,5,-1.38035312606302,1.38035312606302,0.0000000000516830427458059,"drop"
"IFFO2",2,3,5,1.16063267475582,1.16063267475582,1,"drop"
"PUS1",2,3,5,-0.841759908287265,1.13069354776409,1,"drop"
"ZNF891",2,3,5,-0.469385635696767,1.08380158280108,0.977535404881571,"drop"
"ERMAP",2,3,5,-0.944804438302493,1.05942331441614,1,"drop"
"TAFA2",2,3,5,-0.520834713391184,1.05275087498855,1,"drop"
"NOM1",2,3,5,0.497712547120247,1.00993430074089,1,"drop"
"GAS2L1",2,3,5,-0.220460182426816,0.97524858126583,1,"drop"
"RELA-DT",2,3,5,0.51901836625373,0.963972045907002,1,"drop"
"ADGRG5",2,3,5,0.679818790844218,0.948370868240828,1,"drop"
"SLC18A2",2,3,5,-0.540053766899725,0.943381377373714,1,"drop"
"ARHGEF12",2,3,5,0.648826941373394,0.938054470192446,1,"drop"
"SARS2",2,3,5,-0.793962185956389,0.916356812058737,1,"drop"
"MTFR1L",2,3,5,-0.779325915017798,0.913004804900096,1,"drop"
"LANCL2",2,3,5,0.750773537093655,0.904721111423561,1,"drop"
"FSCN1",2,3,5,-0.34845926475532,0.901006584340364,1,"drop"
"CCNYL1",2,3,5,0.674188450716641,0.890297688951138,1,"drop"
"DUS3L",2,3,5,-0.884673626045339,0.884673626045339,1,"drop"
"HBD",2,3,5,-0.0438879480961122,0.883949762203553,1,"drop"
"METTL15",2,3,5,-0.4101631591636,0.870738446967314,1,"drop"
"FBLN5",2,3,5,-0.689784485836579,0.864309346090082,0.00352057422032767,"drop"
"SLC35E2B",2,3,5,0.369239024654326,0.853973153797514,1,"drop"
"ZDHHC14",2,3,5,0.569109171997535,0.853088660493422,1,"drop"
"ACADSB",2,3,5,0.658826364109191,0.834903368610975,1,"drop"
"CLPB",2,3,5,-0.367611047909842,0.832637047753671,1,"drop"
"AKT1S1",2,3,5,0.503324919247478,0.830569257610049,1,"drop"
"PPM1L",2,3,5,0.377995482159221,0.827738903572154,1,"drop"
"CCDC189",2,3,5,0.0228192731940296,0.827431374249979,1,"drop"
"TAF13",2,3,5,0.826144408334024,0.826144408334024,1,"drop"
"UTP25",2,3,5,-0.597949474632373,0.822703152026242,1,"drop"
"ARSA",2,3,5,0.272172388487722,0.81765096075433,1,"drop"
"ADGRE2",2,3,5,0.253859373680599,0.794461302142163,1,"drop"
"GALNT4",2,3,5,0.582536033737452,0.787878818870934,1,"drop"
"ULK2",2,3,5,0.391747098397554,0.784087120184251,1,"drop"
"ARHGAP19",2,3,5,0.521281144665673,0.774246158218343,1,"drop"
"ZBTB41",2,3,5,0.143283340970754,0.754702806340714,1,"drop"
"CTDSPL",2,3,5,-0.104656113813383,0.754384450483156,1,"drop"
"AC018755.4",2,3,5,-0.744553990538246,0.744553990538246,0.0513756881001976,"drop"
"SLC1A4",2,3,5,-0.322964131368177,0.744349830251128,1,"drop"
"SLC35F5",2,3,5,0.12279711904771,0.738513818667465,1,"drop"
"CCL4L2",2,3,5,0.0229472292880822,0.733663278889809,1,"drop"
"MZB1",2,3,5,0.175795662985101,0.728990003801526,1,"drop"
"AC012360.3",2,3,5,-0.242852160579068,0.727118998506327,1,"drop"
"IRGQ",2,3,5,0.37751484516779,0.718827228675684,1,"drop"
"MYO18A",2,3,5,0.374841776920144,0.710511671294748,1,"drop"
"RRAS",2,3,5,-0.584287210605901,0.706485585675642,1,"drop"
"ZNF789",2,3,5,-0.10565460576616,0.704200802115586,1,"drop"
"TMEM80",2,3,5,-0.496902499632139,0.703031053869467,1,"drop"
"LACTB2",2,3,5,-0.36863279587102,0.700799608639176,1,"drop"
"SWSAP1",2,3,5,-0.565209004363583,0.700694284120651,1,"drop"
"WBP4",2,3,5,-0.479840245068884,0.6995109356263,1,"drop"
"SLC43A3",2,3,5,-0.266125416366219,0.694862935007467,1,"drop"
"ASB3",2,3,5,0.477103982568451,0.690277947038829,1,"drop"
"WDR44",2,3,5,0.688674130457251,0.688674130457251,1,"drop"
"AC020915.2",2,3,5,0.543870864109682,0.687689599577955,1,"drop"
"LACC1",2,3,5,-0.129866686409161,0.682292087796497,1,"drop"
"TYK2",2,3,5,0.232234894280515,0.679105817460528,1,"drop"
"KEAP1",2,3,5,-0.672854747860968,0.672854747860968,1,"drop"
"TMED10",2,3,5,-0.248909117249781,0.671656372716801,1,"drop"
"AL121603.2",2,3,5,0.664969834653737,0.664969834653737,1,"drop"
"ECSIT",2,3,5,-0.540135570263942,0.664653982841105,1,"drop"
"RFX3",2,3,5,0.150459814604118,0.661405442787109,1,"drop"
"DPY19L1",2,3,5,-0.208426157366349,0.66047709490761,1,"drop"
"INAFM1",2,3,5,0.126446169065147,0.658093666126734,1,"drop"
"YES1",2,3,5,-0.225131386922232,0.65670666196692,1,"drop"
"SLC25A19",2,3,5,0.12835265381024,0.649282493277026,1,"drop"
"RNF2",2,3,5,-0.189788473138036,0.647721601773644,1,"drop"
"RHNO1",2,3,5,-0.121261717474696,0.642496206643234,1,"drop"
"PPFIA1",2,3,5,-0.156486884858198,0.635711325821098,1,"drop"
"EMP1",2,3,5,0.628142885366725,0.628142885366725,1,"drop"
"PIGN",2,3,5,0.231159838001704,0.625017509745717,1,"drop"
"TMEM91",2,3,5,-0.62423411943198,0.62423411943198,1,"drop"
"NFIX",2,3,5,-0.480355536011227,0.62379061150794,1,"drop"
"EGR3",2,3,5,0.267807307487278,0.620853897147512,0.417671709767357,"drop"
"DCAF6",2,3,5,0.407724946849073,0.615099112413121,1,"drop"
"PLD4",2,3,5,0.467695922340456,0.614657655571857,1,"drop"
"EXOSC4",2,3,5,-0.613887982924668,0.613887982924668,1,"drop"
"P2RY13",2,3,5,-0.462635452519801,0.613732369016484,0.000400927850794575,"drop"
"CNEP1R1",2,3,5,-0.481727368190933,0.612858176582709,0.0404731491924687,"drop"
"GALK2",2,3,5,-0.316429130223803,0.609115362911961,1,"drop"
"OGFOD1",2,3,5,0.490585715805968,0.60513940155032,1,"drop"
"ZNF516",2,3,5,-0.328538154592283,0.603337668332624,1,"drop"
"HMGCL",2,3,5,-0.495076327471456,0.602448446272345,1,"drop"
"E2F5",2,3,5,0.211517072982961,0.601233482862573,1,"drop"
"PHKA2",2,3,5,0.113866928358174,0.601188340706784,1,"drop"
"ZDHHC8",2,3,5,0.461303907857903,0.598179485454477,1,"drop"
"TMEM161A",2,3,5,-0.144747309422675,0.597191502237037,1,"drop"
"ENDOG",2,3,5,-0.350996713573354,0.595406428038063,1,"drop"
"NOC4L",2,3,5,-0.357330144317753,0.593421964395253,1,"drop"
"ABCF3",2,3,5,-0.220353966647004,0.593009864201077,1,"drop"
"HGF",2,3,5,0.409775384627941,0.590452231971564,1,"drop"
"TSGA10",2,3,5,-0.589762252337291,0.589762252337291,1,"drop"
"EBLN3P",2,3,5,-0.113595578252726,0.589085621767108,1,"drop"
"SOCS2",2,3,5,-0.373856486080212,0.588701930728853,1,"drop"
"TFIP11",2,3,5,-0.00382969218792359,0.588525347964524,1,"drop"
"ORAI3",2,3,5,-0.586595892076592,0.586595892076592,1,"drop"
"MAFG",2,3,5,-0.270883378178372,0.585020252902427,1,"drop"
"TMEM106C",2,3,5,-0.00245287324611962,0.584312255883397,1,"drop"
"NAIP",2,3,5,-0.335992662056739,0.579682756468714,1,"drop"
"ARL11",2,3,5,0.154622633522064,0.578710762327332,1,"drop"
"MYLPF",2,3,5,0.345822878629169,0.574417594743494,1,"drop"
"UTP20",2,3,5,0.386157703732518,0.570852370673077,1,"drop"
"COX10",2,3,5,-0.222716032342052,0.569763825349147,1,"drop"
"PACC1",2,3,5,-0.568211120542525,0.568211120542525,1,"drop"
"NFRKB",2,3,5,-0.202090728341525,0.567400897468819,1,"drop"
"PHF23",2,3,5,0.244484180969191,0.566368526858758,1,"drop"
"CLEC16A",2,3,5,0.414738424036742,0.562425755886112,1,"drop"
"CHAF1A",2,3,5,0.308806837636924,0.56161233137145,1,"drop"
"LRRN3",2,3,5,-0.417279647304848,0.56059502672422,1,"drop"
"CDK7",2,3,5,0.112985132831662,0.55923000848325,1,"drop"
"ENDOV",2,3,5,-0.410822405338677,0.55922462943987,1,"drop"
"MBTD1",2,3,5,-0.010309439803373,0.557973210623907,1,"drop"
"AGA",2,3,5,0.000241764677879208,0.557658896405366,1,"drop"
"CLECL1",2,3,5,-0.407736178573875,0.556895105691663,0.0000217979094417313,"drop"
"BCKDHB",2,3,5,0.266703269613252,0.555702463938556,1,"drop"
"ANO10",2,3,5,-0.0462962870716518,0.554643478863981,1,"drop"
"MARCO",2,3,5,-0.554389669831198,0.554389669831198,1,"drop"
"MPDU1",2,3,5,0.553440338687782,0.553440338687782,1,"drop"
"C5orf22",2,3,5,0.38692311858719,0.553098993314111,1,"drop"
"MFHAS1",2,3,5,0.315640147530041,0.548620305626352,1,"drop"
"NCK1",2,3,5,0.0460679659592648,0.54675070195423,1,"drop"
"GSR",2,3,5,0.182582830399957,0.546745359916454,1,"drop"
"POC5",2,3,5,-0.545875034708886,0.545875034708886,1,"drop"
"MTMR4",2,3,5,-0.543749418155764,0.543749418155764,1,"drop"
"MAD2L1BP",2,3,5,-0.260054783592639,0.542784396284602,1,"drop"
"GMDS-DT",2,3,5,0.222441065529383,0.536966651721462,1,"drop"
"WRAP73",2,3,5,-0.379330719020672,0.535201044238014,1,"drop"
"SCML1",2,3,5,-0.17338697704699,0.525820675781034,1,"drop"
"DNTTIP1",2,3,5,-0.418487172193277,0.523585605485768,1,"drop"
"NHLRC2",2,3,5,0.234950531238633,0.522298947657418,1,"drop"
"ZNF805",2,3,5,0.370028042383311,0.520290706342639,1,"drop"
"POLR1C",2,3,5,-0.100482808005191,0.517941602930217,1,"drop"
"SLC44A1",2,3,5,0.0874531092295348,0.517729649436198,1,"drop"
"MTX2",2,3,5,-0.0931247573645114,0.517059776005617,1,"drop"
"TCF7L2",2,3,5,0.516947896766049,0.516947896766049,1,"drop"
"CEP44",2,3,5,0.374974372806223,0.5161225656345,1,"drop"
"LMNB2",2,3,5,0.013330056522859,0.514840337398935,1,"drop"
"C19orf38",2,3,5,0.126346653732323,0.514588495238871,1,"drop"
"IER5L",2,3,5,0.401298941377799,0.513877855927911,1,"drop"
"TRIQK",2,3,5,-0.197365675593084,0.5105968849097,1,"drop"
"RMND1",2,3,5,-0.366282823125748,0.510576241034012,1,"drop"
"AC005332.6",2,3,5,0.341054677025628,0.510083085180278,1,"drop"
"STARD3",2,3,5,0.172800935948843,0.508708170029068,1,"drop"
"MPP5",2,3,5,0.211966755767853,0.50582783302222,1,"drop"
"TFEC",2,3,5,-0.298934110561308,0.50547680473631,1,"drop"
"PCYOX1L",2,3,5,-0.0598161032026306,0.505174859231335,1,"drop"
"CARF",2,3,5,0.270782217090564,0.503522676946526,1,"drop"
"PREP",2,3,5,-0.350666271706789,0.499928415928549,1,"drop"
"WDSUB1",2,3,5,-0.49966375805591,0.49966375805591,1,"drop"
"SLC45A3",2,3,5,-0.125043657848155,0.499167065073487,1,"drop"
"MEN1",2,3,5,0.178547991147528,0.499022107374058,1,"drop"
"ATP8B4",2,3,5,-0.108205840214844,0.498103780152817,1,"drop"
"AC005842.1",2,3,5,-0.341429811702718,0.496713228604761,1,"drop"
"TOR3A",2,3,5,-0.197855382785077,0.496648379797263,0.000117569041466832,"drop"
"INO80C",2,3,5,-0.277008671467549,0.496157899063155,1,"drop"
"LIPE-AS1",2,3,5,0.495305198801745,0.495305198801745,1,"drop"
"DROSHA",2,3,5,0.37432645076644,0.493479537301324,1,"drop"
"GNS",2,3,5,-0.386320334149922,0.493391876900541,1,"drop"
"NUDT14",2,3,5,0.213665373649612,0.493196589901069,1,"drop"
"CARM1",2,3,5,0.300104470384264,0.492050661520615,1,"drop"
"SLC12A7",2,3,5,0.487897127161051,0.487897127161051,1,"drop"
"C9orf139",2,3,5,-0.280450597663403,0.487515164890689,0.0551682693662949,"drop"
"CEP290",2,3,5,0.156323228238142,0.482354267042156,1,"drop"
"PLXDC2",2,3,5,0.167312211919982,0.481381082280078,1,"drop"
"COPS7B",2,3,5,0.237834409952897,0.480842618037554,1,"drop"
"UMAD1",2,3,5,0.221845957880583,0.477818518359606,1,"drop"
"ANKRD10",2,3,5,0.211902521195457,0.474696519492954,1,"drop"
"POMGNT1",2,3,5,0.234305959555291,0.474211236329829,1,"drop"
"MTOR",2,3,5,0.013415040519596,0.472929398919406,1,"drop"
"ZC3H7B",2,3,5,0.173765596263737,0.472386090471936,1,"drop"
"LRMDA",2,3,5,-0.212876408322484,0.470505070373671,1,"drop"
"CUTA",2,3,5,0.108708549180894,0.469491611229134,1,"drop"
"THBS1",2,3,5,-0.315130087071736,0.468527322712334,1,"drop"
"RBMXL1",2,3,5,0.365943422631164,0.467895306927593,1,"drop"
"PRMT5",2,3,5,-0.12069205290587,0.464686084146914,1,"drop"
"HACL1",2,3,5,-0.3536107427006,0.461759370125099,1,"drop"
"GSKIP",2,3,5,0.292549202543338,0.461608847172897,1,"drop"
"CALCRL",2,3,5,-0.360283646815974,0.461424537263131,1,"drop"
"NFE2L3",2,3,5,-0.351310095490105,0.460277977998542,1,"drop"
"SIRT6",2,3,5,0.211232491632733,0.457767490024102,1,"drop"
"KLF16",2,3,5,0.14193892769521,0.453609902310639,1,"drop"
"TCAF1",2,3,5,-0.158465885874962,0.452110111437793,1,"drop"
"EIF2B3",2,3,5,0.217269648108168,0.450347486660114,1,"drop"
"RPS20",2,3,5,0.210576234359614,0.449863370362843,1,"drop"
"RAB33B",2,3,5,-0.150685615540665,0.448724957101094,1,"drop"
"AREL1",2,3,5,-0.0838721052351512,0.448438593007812,1,"drop"
"ATP5MPL",2,3,5,-0.0991093042860474,0.447910528542793,1,"drop"
"CCZ1B",2,3,5,0.242434868194233,0.447601464876316,1,"drop"
"TBL2",2,3,5,0.0955484741799202,0.446406676736985,1,"drop"
"DNAJC14",2,3,5,-0.133108742180661,0.444052747156438,1,"drop"
"HGS",2,3,5,-0.141646605155033,0.443575943844796,1,"drop"
"C11orf24",2,3,5,-0.149238935964294,0.440795000961269,1,"drop"
"SLC16A6",2,3,5,0.241498266192831,0.440044038267343,1,"drop"
"ARPIN",2,3,5,0.439234537356567,0.439234537356567,1,"drop"
"STAM2",2,3,5,-0.310333522206974,0.433698870469745,1,"drop"
"FCAR",2,3,5,-0.0195857693086756,0.432475686015001,1,"drop"
"AC139887.2",2,3,5,0.132128185863291,0.430213469535781,1,"drop"
"CNOT6",2,3,5,-0.0288233432404468,0.429765023245458,1,"drop"
"PDE6D",2,3,5,-0.11333706417307,0.427725625622564,1,"drop"
"FER",2,3,5,-0.0783388911210496,0.42761708921126,1,"drop"
"SNTB1",2,3,5,0.0758666816688686,0.427229223083569,1,"drop"
"KPNA2",2,3,5,0.118899926962068,0.426938697455818,1,"drop"
"TMED2",2,3,5,0.299668272951805,0.426058034088685,1,"drop"
"PSEN1",2,3,5,-0.0698804411735846,0.425254101528441,1,"drop"
"SNAPC3",2,3,5,-0.278965315103545,0.424196908435475,1,"drop"
"CD109",2,3,5,0.421242853644068,0.421242853644068,1,"drop"
"TTC9C",2,3,5,-0.420305879918894,0.420305879918894,1,"drop"
"USP46",2,3,5,-0.166263585839564,0.419825253772588,1,"drop"
"AP1S3",2,3,5,0.107183752994966,0.419738973728042,1,"drop"
"ZNF426",2,3,5,0.0991400564894742,0.419641702027195,1,"drop"
"MIATNB",2,3,5,0.258268212327681,0.419032722490181,1,"drop"
"TTC5",2,3,5,-0.265057083811359,0.419017743724164,1,"drop"
"DST",2,3,5,0.418468995754046,0.418468995754046,1,"drop"
"LRRC47",2,3,5,0.282443248391121,0.418447249074409,1,"drop"
"SMIM14",2,3,5,0.0775983719435988,0.415403424276764,1,"drop"
"NEIL1",2,3,5,0.229370884426024,0.414917490135755,1,"drop"
"DYRK4",2,3,5,0.0975215783105114,0.411596435926065,1,"drop"
"RPL7",2,3,5,0.147879842847131,0.411406930355706,1,"drop"
"SYTL2",2,3,5,-0.410657917754088,0.410657917754088,1,"drop"
"COX6C",2,3,5,0.18544530118015,0.409502895458818,1,"drop"
"ERCC6",2,3,5,0.15138731161093,0.408819617584711,1,"drop"
"HCK",2,3,5,-0.305980593519181,0.408812128455451,1,"drop"
"SRP68",2,3,5,-0.25319288406343,0.407908625968069,1,"drop"
"HIST1H1B",2,3,5,0.239970454988837,0.40513196689024,1,"drop"
"PRKACA",2,3,5,0.267723962218351,0.402884891777676,1,"drop"
"AKAP1",2,3,5,-0.208193687869544,0.40163570416097,1,"drop"
"VPS54",2,3,5,-0.220259502835366,0.40107123473059,1,"drop"
"NOP53",2,3,5,0.268819812362498,0.398540980607248,1,"drop"
"NET1",2,3,5,0.138091987628018,0.395494579653574,1,"drop"
"ZNF677",2,3,5,-0.090961367062035,0.395463110957739,1,"drop"
"RNF146",2,3,5,-0.062010585958189,0.388241341662156,1,"drop"
"TRIM24",2,3,5,0.0558850034833834,0.387156026646488,1,"drop"
"FAHD1",2,3,5,-0.38375327654615,0.38375327654615,1,"drop"
"TPPP3",2,3,5,0.38351723183101,0.38351723183101,1,"drop"
"TTC9",2,3,5,-0.244496829293567,0.375594726728411,1,"drop"
"APOOL",2,3,5,0.0878842510774624,0.373473475108172,1,"drop"
"TSC1",2,3,5,-0.231381385399076,0.370884753112438,1,"drop"
"MVD",2,3,5,0.149639055057272,0.370292233847233,1,"drop"
"TAF15",2,3,5,0.150928661123812,0.367414376820259,1,"drop"
"SETD3",2,3,5,0.134852533906436,0.360757790016924,1,"drop"
"GPATCH1",2,3,5,0.0775620226699966,0.360314458247117,1,"drop"
"TFB2M",2,3,5,0.0884403218129938,0.359434344731659,1,"drop"
"PLEKHF1",2,3,5,-0.126413680064114,0.35743217150901,1,"drop"
"REEP3",2,3,5,0.217010424991923,0.342569506786775,1,"drop"
"C11orf54",2,3,5,-0.222518717083795,0.336736132285676,1,"drop"
"CBFA2T2",2,3,5,-0.080539311838299,0.313455646226844,1,"drop"
"NT5E",2,3,5,0.064768550783356,0.292662722510063,1,"drop"
"C5orf15",2,3,5,0.155771419511156,0.280642616392082,1,"drop"
"ID1",2,2,4,-0.269381993195975,3.76656268606295,0.000000628504885649984,"drop"
"AKAP10",2,3,4,0.237039680729387,1.32364589158438,1,"drop"
"TTC33",2,3,4,-1.11587308036152,1.30162160547121,1,"drop"
"FAM13A-AS1",2,2,4,1.22963598447113,1.22963598447113,1,"drop"
"FIG4",2,3,4,1.03116280420995,1.19421746687899,1,"drop"
"KDM1B",2,3,4,-0.73310556187383,1.16946616650944,1,"drop"
"PUS3",2,3,4,0.304350102707591,1.15490842518495,0.0201099566563838,"drop"
"RASD1",2,3,4,0.797091259869735,1.14163139436467,1,"drop"
"KCTD6",2,3,4,0.886733515281267,1.13544082979483,1,"drop"
"PKP2",2,3,4,-0.661276510775793,1.08741819013414,0.0000552006769177769,"drop"
"ANKRD50",2,2,4,-1.05394987778461,1.05394987778461,1,"drop"
"AC003102.1",2,2,4,1.03591417883229,1.03591417883229,1,"drop"
"ALG11",2,3,4,0.809417446205594,1.03544634697349,1,"drop"
"SPRY2",2,2,4,-0.19811706772554,1.03068841260562,1,"drop"
"DTX2",2,2,4,0.337118235010797,1.01132292080445,1,"drop"
"EXOC8",2,3,4,1.00589646581373,1.00589646581373,1,"drop"
"LRRC8B",2,3,4,-0.764424934053921,1.00461273861766,1,"drop"
"PARP15",2,3,4,0.994983292731671,0.994983292731671,1,"drop"
"HRAS",2,3,4,0.636982417634291,0.984325600927634,1,"drop"
"TTN",2,3,4,0.979873814355268,0.979873814355268,1,"drop"
"LRIG2",2,3,4,0.00854325493986778,0.978587201940182,1,"drop"
"GCSAML",2,3,4,-0.756555221996795,0.967011436166078,1,"drop"
"YEATS2",2,3,4,-0.818785841679211,0.964790312410395,1,"drop"
"AC144652.1",2,2,4,-0.247248200349402,0.954993445622838,0.00275476060075894,"drop"
"ZNF875",2,3,4,-0.100727519280774,0.950843117725814,1,"drop"
"RFXAP",2,3,4,-0.478536407363759,0.948932830764644,1,"drop"
"ZNF467",2,3,4,0.455874124306381,0.945040236050969,1,"drop"
"KCNE1",2,3,4,-0.943998565581746,0.943998565581746,0.0552939150937414,"drop"
"SLC26A2",2,3,4,0.248747790089813,0.932859539927881,1,"drop"
"ZNF746",2,3,4,-0.0177734846374105,0.928471840437858,1,"drop"
"PEX13",2,3,4,0.156390866283648,0.921194643157999,1,"drop"
"PREB",2,3,4,-0.920594438594386,0.920594438594386,1,"drop"
"ACSS2",2,3,4,-0.409533006972839,0.919436213360602,1,"drop"
"SELENOO",2,3,4,0.722561403752173,0.914187059723267,1,"drop"
"RMDN3",2,3,4,0.555178131088893,0.910053105701256,1,"drop"
"ERCC4",2,3,4,-0.54922207251077,0.909504826783262,1,"drop"
"AC011939.2",2,2,4,0.201653511739058,0.908645297914747,1,"drop"
"FAM174A",2,3,4,0.378783370906777,0.907549959673293,1,"drop"
"ARL17A",2,3,4,0.215996106080729,0.906826595067089,1,"drop"
"TMEM251",2,3,4,-0.582497578975032,0.901353845533802,1,"drop"
"VMAC",2,3,4,0.324390382191384,0.89657199470785,1,"drop"
"SRGAP3",2,3,4,0.750301233221668,0.893954068885486,1,"drop"
"LTC4S",2,3,4,-0.521021730336688,0.889645036797778,1,"drop"
"NFE2L1",2,3,4,0.152843248991335,0.888248338641356,1,"drop"
"SLC10A7",2,3,4,-0.426477156970707,0.88461850766187,1,"drop"
"UGGT1",2,3,4,-0.445567162195881,0.880093382274515,1,"drop"
"ATPAF2",2,3,4,-0.878850419113058,0.878850419113058,1,"drop"
"AAGAB",2,2,4,0.565766356740025,0.862209098381655,1,"drop"
"ZBTB48",2,3,4,0.501720392558094,0.857661931889656,1,"drop"
"GALNT6",2,3,4,-0.48897947337768,0.846111097729167,1,"drop"
"PRAG1",2,2,4,-0.846006848913427,0.846006848913427,1,"drop"
"ZNF335",2,2,4,-0.213531390556244,0.845988480428963,1,"drop"
"NAA40",2,3,4,0.035593537732353,0.845633465542672,1,"drop"
"ABHD18",2,3,4,0.18208693622537,0.841326858190691,1,"drop"
"ANKRD26",2,3,4,0.214642605033379,0.832969140678085,1,"drop"
"TMED1",2,3,4,-0.828381892949645,0.828381892949645,1,"drop"
"DYRK1B",2,3,4,0.317812594633298,0.826261447638427,1,"drop"
"KDM4A",2,2,4,-0.82080336305501,0.82080336305501,1,"drop"
"TMLHE",2,3,4,0.562760188297793,0.820658218137612,1,"drop"
"PFKFB2",2,2,4,-0.6215243587832,0.82057634055442,1,"drop"
"CPED1",2,3,4,0.314905875521843,0.814387109589397,1,"drop"
"GCN1",2,3,4,0.47598418861437,0.810466289858785,1,"drop"
"SFXN5",2,3,4,0.634515706072857,0.809962611523845,1,"drop"
"TMEM62",2,2,4,0.507031397004072,0.808402209196708,1,"drop"
"AOAH",2,3,4,-0.440591857421806,0.806940440835414,1,"drop"
"KLHL12",2,3,4,0.63347330666514,0.799107331981327,1,"drop"
"MYPOP",2,3,4,-0.314155479920115,0.79589368938745,1,"drop"
"AC090559.1",2,2,4,0.134533939496855,0.79337355822568,1,"drop"
"DDHD2",2,3,4,0.620089074282802,0.788566686094255,1,"drop"
"AL109811.2",2,3,4,0.787250655651654,0.787250655651654,1,"drop"
"LINC01001",2,3,4,-0.572187632369525,0.786852372094434,1,"drop"
"DIS3L",2,3,4,0.205472884626258,0.786635064373625,1,"drop"
"IFFO1",2,3,4,0.556045697994334,0.785457119289114,1,"drop"
"MTMR12",2,3,4,0.334828254622115,0.780427910110042,1,"drop"
"CHST14",2,3,4,-0.342372536716611,0.778378875046745,1,"drop"
"SOCS6",2,3,4,-0.449674942147678,0.77646542480746,1,"drop"
"CYFIP1",2,3,4,0.452778100916427,0.773487499369032,1,"drop"
"ZNF699",2,3,4,0.350320372323199,0.769417243285191,1,"drop"
"HIST2H2BE",2,2,4,0.364088039223181,0.769382659140841,1,"drop"
"ZNF814",2,3,4,0.590203517098915,0.764772773972723,1,"drop"
"NAA35",2,3,4,0.5606661859996,0.764053364020788,1,"drop"
"NDUFAF1",2,3,4,-0.489371828746482,0.76254615372008,1,"drop"
"SNHG10",2,2,4,0.759432005268195,0.759432005268195,1,"drop"
"MARK4",2,3,4,-0.616676187555965,0.757536219394162,1,"drop"
"IDE",2,3,4,-0.142783593190222,0.756932559027642,1,"drop"
"SLC9A9",2,3,4,0.439957701413171,0.75649559832122,1,"drop"
"NUP133",2,3,4,-0.130151195973881,0.755524953432586,1,"drop"
"CPM",2,3,4,-0.6261162373061,0.755141054706776,0.000121432848414601,"drop"
"SLC12A2",2,3,4,0.608056512115197,0.751997249285962,1,"drop"
"PDHX",2,3,4,0.588282354029042,0.749311545463827,1,"drop"
"PAPOLG",2,2,4,-0.745076274382399,0.745076274382399,1,"drop"
"GNPNAT1",2,3,4,-0.498875128731018,0.732610252132459,1,"drop"
"SCN3A",2,3,4,0.29684155151841,0.731878573475959,1,"drop"
"CARS",2,3,4,-0.730674031605017,0.730674031605017,0.0113524046800476,"drop"
"KIF3A",2,3,4,-0.2046790632418,0.728330791432599,1,"drop"
"OSBPL3",2,3,4,0.321850001213852,0.727669900542228,1,"drop"
"RIOK1",2,3,4,-0.475457857092966,0.726844853389776,1,"drop"
"GLMP",2,3,4,-0.726391077650984,0.726391077650984,1,"drop"
"CST7",2,3,4,-0.485300943023171,0.725570605278941,1,"drop"
"DNAJC25",2,2,4,0.725463252843032,0.725463252843032,1,"drop"
"NPEPL1",2,3,4,0.308503502823285,0.720925193773284,1,"drop"
"AL354733.3",2,2,4,0.198875443887978,0.720605525330923,1,"drop"
"GOLPH3L",2,3,4,-0.718388211964319,0.718388211964319,1,"drop"
"KCTD3",2,2,4,-0.716825124659599,0.716825124659599,1,"drop"
"TRMO",2,3,4,0.40590701878671,0.715891685850682,1,"drop"
"PPP1R12B",2,3,4,0.303667880824196,0.714543654220112,1,"drop"
"PLBD2",2,3,4,0.505103424176611,0.71271473029035,1,"drop"
"UBP1",2,3,4,0.574572999671117,0.712536497642002,1,"drop"
"NAT10",2,3,4,-0.568637179084332,0.71113966007187,1,"drop"
"AC016831.1",2,3,4,0.120356145364353,0.709077148746535,1,"drop"
"HCP5",2,3,4,-0.70901060622986,0.70901060622986,1,"drop"
"ID3",2,3,4,-0.299478142352089,0.703642336712092,0.455171299926358,"drop"
"LY6G5B",2,3,4,0.699130184721535,0.699130184721535,1,"drop"
"IGSF8",2,3,4,-0.402049826614564,0.698128054488156,1,"drop"
"Z93930.2",2,2,4,0.697834391287407,0.697834391287407,1,"drop"
"FBXO42",2,3,4,-0.0450082064755867,0.697097787906891,1,"drop"
"AC012146.1",2,3,4,0.113454408928892,0.688386588932462,1,"drop"
"GXYLT1",2,3,4,-0.687929631090157,0.687929631090157,1,"drop"
"ZSWIM6",2,3,4,-0.687174240712016,0.687174240712016,1,"drop"
"IMMP2L",2,3,4,0.686316084507946,0.686316084507946,1,"drop"
"FAM214B",2,3,4,0.338473824818429,0.683066491928192,1,"drop"
"AFF3",2,3,4,0.682798880184043,0.682798880184043,0.000000221615472436615,"drop"
"CHMP1A",2,3,4,-0.681878289179267,0.681878289179267,1,"drop"
"HIST1H2BC",2,3,4,-0.046468253740981,0.680807126455581,1,"drop"
"AP1G2",2,3,4,0.257843609783761,0.680664720343104,1,"drop"
"VIPR2",2,3,4,-0.158776134097526,0.680566994067988,1,"drop"
"UBAP1",2,2,4,0.117981835098129,0.680306083546085,1,"drop"
"B9D2",2,3,4,0.470249743759479,0.679435045315299,1,"drop"
"AL132709.8",2,2,4,-0.122733432570764,0.678953615156406,1,"drop"
"ODF2",2,3,4,0.528773443568148,0.678625315555355,1,"drop"
"OSBPL10",2,2,4,0.119042768814315,0.678413148284352,0.0100207620839084,"drop"
"LINC01588",2,3,4,0.0324214410364515,0.677847085777097,0.886378372833529,"drop"
"ARRDC4",2,3,4,0.677361848774983,0.677361848774983,1,"drop"
"SGPP1",2,2,4,0.28587172150802,0.676948738238101,1,"drop"
"LINC00877",2,3,4,-0.181144415139298,0.67258566273385,0.00696894755461758,"drop"
"AC005921.2",2,3,4,-0.492145163767776,0.671824445938689,1,"drop"
"TMEM128",2,3,4,-0.475921585498615,0.671176159956118,1,"drop"
"DDX55",2,3,4,-0.429568606731517,0.671116819162102,1,"drop"
"CAMKMT",2,3,4,0.00122507058133149,0.670980651284556,1,"drop"
"RBM45",2,3,4,-0.456414831453844,0.67021314016312,1,"drop"
"INPPL1",2,3,4,0.465567713091566,0.66238891729027,1,"drop"
"GHDC",2,3,4,0.247028287973251,0.661444876499414,1,"drop"
"TMEM129",2,3,4,-0.118382311577099,0.660829871802474,1,"drop"
"SMPD4",2,3,4,0.125503969043067,0.65965652402087,0.737767435206632,"drop"
"MRPS18A",2,3,4,-0.657051844920203,0.657051844920203,1,"drop"
"GNPDA1",2,3,4,-0.236485350177353,0.653324098956265,1,"drop"
"AC245060.5",2,3,4,-0.129585761610173,0.652537470735123,1,"drop"
"MTRES1",2,3,4,-0.211470492569676,0.652051819127141,1,"drop"
"TIMM23B",2,2,4,0.651182440077594,0.651182440077594,1,"drop"
"TTLL5",2,3,4,0.51668133333324,0.650088151778939,1,"drop"
"KIF22",2,3,4,0.37935098776682,0.649071719536218,1,"drop"
"BANK1",2,3,4,0.469480248681951,0.649051571414283,1,"drop"
"PRMT3",2,2,4,-0.045786904958399,0.648805002660023,1,"drop"
"MIB2",2,2,4,0.646898708311796,0.646898708311796,1,"drop"
"ATG101",2,3,4,0.31029390522876,0.645601097577655,1,"drop"
"PPP2CB",2,3,4,0.463409222460486,0.645233758495815,1,"drop"
"SLC39A9",2,3,4,0.319038131533537,0.643920045457808,1,"drop"
"ARMC6",2,3,4,-0.408338631043131,0.642681657117721,1,"drop"
"TTC27",2,3,4,-0.641230455490949,0.641230455490949,1,"drop"
"NAGPA",2,3,4,0.312563868348174,0.639012630037593,1,"drop"
"GMPR",2,3,4,-0.143066658409753,0.638819703214496,1,"drop"
"C18orf25",2,3,4,-0.393501800679818,0.637103461831996,1,"drop"
"HAGHL",2,3,4,-0.635972238922074,0.635972238922074,0.0104519093452199,"drop"
"LMBR1",2,3,4,0.460334897704883,0.635533710191648,1,"drop"
"FAM215B",2,3,4,0.633624986384981,0.633624986384981,1,"drop"
"DSE",2,3,4,-0.256388305642937,0.631547315840729,1,"drop"
"STAP1",2,3,4,0.400938278801511,0.629197615106163,1,"drop"
"SAP30L",2,3,4,0.421831492605725,0.625557694298468,1,"drop"
"DUSP10",2,3,4,-0.204851780924671,0.625383007660534,0.331736098640626,"drop"
"DSN1",2,2,4,0.155220873428823,0.62514820561364,1,"drop"
"NOP2",2,3,4,-0.121382829258358,0.625109568864923,1,"drop"
"CASP10",2,3,4,-0.149990699268971,0.624522046883476,1,"drop"
"THBD",2,3,4,-0.277527780479663,0.623594244855151,1,"drop"
"INTS12",2,3,4,-0.058638150372973,0.62319827493589,1,"drop"
"TMEM260",2,3,4,-0.622557431774503,0.622557431774503,1,"drop"
"EFCAB2",2,2,4,-0.485271018198763,0.618107537880025,1,"drop"
"LYRM9",2,3,4,-0.175598379755097,0.617604332342819,1,"drop"
"RNF214",2,3,4,0.488133354275687,0.617266608977517,1,"drop"
"ETAA1",2,2,4,0.032323592655874,0.617107984902427,1,"drop"
"JHY",2,2,4,0.229349338994767,0.61457997237102,1,"drop"
"INSIG2",2,3,4,0.450409716475467,0.611277296394989,1,"drop"
"MSRB1",2,3,4,-0.36779062574632,0.611029098293708,1,"drop"
"HYI",2,2,4,-0.152944735176817,0.61102374176104,1,"drop"
"TMEM115",2,3,4,0.199670020873362,0.610326936150029,1,"drop"
"MFSD14B",2,3,4,0.339128392428563,0.609837886076848,1,"drop"
"CTDNEP1",2,3,4,-0.444984441361317,0.609815083880987,1,"drop"
"PTGIR",2,3,4,0.190917412995911,0.606462324653899,1,"drop"
"RUBCNL",2,3,4,0.31171218622184,0.604789709871839,1,"drop"
"YIPF1",2,3,4,0.451917642920234,0.604146672817775,1,"drop"
"LCLAT1",2,3,4,-0.362365995821283,0.603718044880333,1,"drop"
"FAR2",2,3,4,-0.452857436720853,0.603677379571703,1,"drop"
"MAGED1",2,3,4,-0.46049728593987,0.603080832657469,1,"drop"
"Z83843.1",2,3,4,0.246966979872611,0.60303404234784,1,"drop"
"CSE1L",2,3,4,-0.290464115325081,0.602714634697456,1,"drop"
"TLR10",2,3,4,-0.451654621042379,0.60218260928213,1,"drop"
"MTMR1",2,3,4,0.147638480637801,0.60181167780562,1,"drop"
"RHBDD1",2,3,4,-0.292664318698761,0.601069305039971,1,"drop"
"TACO1",2,3,4,-0.0823456455301805,0.598497750278286,1,"drop"
"CLK2",2,3,4,0.110007235073709,0.598485515216787,1,"drop"
"GDI1",2,3,4,0.197931703301204,0.59540972463778,1,"drop"
"PDSS2",2,2,4,0.11261185474168,0.593726967850601,1,"drop"
"CETN2",2,3,4,0.374682465443493,0.59324168655604,1,"drop"
"FPR2",2,3,4,-0.592835571109513,0.592835571109513,0.010148423615837,"drop"
"TTC3",2,2,4,0.591395122622061,0.591395122622061,1,"drop"
"CD300E",2,2,4,0.418188636812741,0.591297327868929,0.00185304727322852,"drop"
"FBXL6",2,3,4,-0.312378241487818,0.588240881392552,1,"drop"
"NAF1",2,3,4,0.293579273178174,0.58665665749349,1,"drop"
"PRXL2A",2,3,4,0.585538117814936,0.585538117814936,1,"drop"
"ORMDL1",2,2,4,0.584269541081304,0.584269541081304,1,"drop"
"RFX1",2,3,4,-0.582524326029725,0.582524326029725,1,"drop"
"C12orf29",2,3,4,0.581890746267804,0.581890746267804,1,"drop"
"ZNF263",2,3,4,0.233114168711562,0.581730903708619,1,"drop"
"AC090204.1",2,3,4,0.384487186504623,0.580072766668446,1,"drop"
"LZTFL1",2,3,4,0.446491153384345,0.580062912457409,1,"drop"
"ENTPD7",2,2,4,-0.030238551593924,0.579852020602223,1,"drop"
"EFL1",2,2,4,0.167476455573382,0.579433405202684,1,"drop"
"PARP12",2,3,4,-0.0942391408711278,0.578490495932194,1,"drop"
"PRR5L",2,2,4,0.0277569097980825,0.578198615274892,1,"drop"
"CENPX",2,3,4,-0.063653841890959,0.578113158539211,1,"drop"
"VPS52",2,3,4,-0.42036911098358,0.577232264232076,1,"drop"
"PITRM1",2,3,4,0.33829544077614,0.577082680823582,1,"drop"
"ATL2",2,2,4,0.576118928542068,0.576118928542068,1,"drop"
"INO80B",2,3,4,0.575551504092575,0.575551504092575,1,"drop"
"SNAPC2",2,3,4,-0.57545700253644,0.57545700253644,1,"drop"
"C6orf47",2,2,4,-0.574778474837983,0.574778474837983,1,"drop"
"APOO",2,3,4,0.244164920838925,0.572937811400316,1,"drop"
"SLC39A11",2,3,4,0.259037832455637,0.571964659871854,1,"drop"
"AFMID",2,3,4,-0.270990028740223,0.571301117323344,1,"drop"
"NT5C3B",2,3,4,-0.0537444024440805,0.568832464812009,1,"drop"
"EMC1",2,3,4,0.0571625891600198,0.567617467701892,1,"drop"
"CD14",2,3,4,-0.440152769900379,0.567524281011562,0.567413435424385,"drop"
"RNF14",2,3,4,0.437584605340794,0.566837176777492,1,"drop"
"MAP7D3",2,3,4,-0.117496276137175,0.565512565873084,1,"drop"
"PAXIP1-AS1",2,3,4,0.351343442695432,0.563737826253834,1,"drop"
"TXNDC16",2,3,4,-0.089379643904366,0.562944143321888,1,"drop"
"MMS22L",2,3,4,-0.0569443632594435,0.561492714084443,1,"drop"
"FKBP15",2,3,4,0.0117850931862132,0.560632784277583,0.263970493943246,"drop"
"TP53I13",2,3,4,-0.0961292337781837,0.559475254376021,1,"drop"
"MYOF",2,3,4,0.127732081460557,0.557009432416648,1,"drop"
"GDAP2",2,2,4,0.555546679674249,0.555546679674249,1,"drop"
"TFB1M",2,3,4,-0.554914362006382,0.554914362006382,1,"drop"
"MBOAT2",2,3,4,-0.222064665434138,0.55248748482468,1,"drop"
"AC015871.1",2,2,4,-0.552254634923536,0.552254634923536,1,"drop"
"LEMD2",2,3,4,0.55183916896082,0.55183916896082,1,"drop"
"GUF1",2,3,4,0.352270289732977,0.54926130743397,1,"drop"
"AC097448.1",2,3,4,0.230434745572762,0.549189506806708,1,"drop"
"GHITM",2,2,4,0.0689551519777125,0.547461795043662,1,"drop"
"AL391069.2",2,3,4,-0.0563845079792137,0.547362756663385,1,"drop"
"KCNK17",2,3,4,-0.017590501599447,0.547235394794253,1,"drop"
"AC245014.3",2,3,4,-0.0389287266073375,0.547105579837399,1,"drop"
"CCDC125",2,3,4,-0.137585972738338,0.546779384595077,1,"drop"
"FIS1",2,3,4,-0.141025636042011,0.546641049340263,1,"drop"
"AC025171.2",2,3,4,-0.546208326540378,0.546208326540378,1,"drop"
"COG6",2,3,4,-0.158493605161138,0.546041601217403,1,"drop"
"AC147067.1",2,3,4,0.307007978808541,0.545527494368501,1,"drop"
"NELFA",2,3,4,-0.124990721774998,0.545455825999359,1,"drop"
"EIF3E",2,3,4,0.315325091365743,0.544275747817268,1,"drop"
"TCL1A",2,2,4,0.301289979969596,0.543206583745043,0.0000000000000675896461922619,"drop"
"LRRC8C-DT",2,3,4,-0.327428759325532,0.540937306199897,1,"drop"
"RBMS2",2,3,4,-0.540526789489414,0.540526789489414,1,"drop"
"RALGPS2",2,3,4,0.245740955758089,0.540525948282566,1,"drop"
"GALNS",2,3,4,0.192704324871925,0.539844813779568,1,"drop"
"TXNDC17",2,3,4,-0.539416680089308,0.539416680089308,1,"drop"
"FAM122A",2,3,4,-0.115133802240943,0.538812360736828,1,"drop"
"DHX57",2,3,4,0.538177790525377,0.538177790525377,1,"drop"
"LINC01278",2,3,4,0.313550235209564,0.53812945658846,1,"drop"
"MATK",2,3,4,-0.369433787845633,0.537962473644296,1,"drop"
"IRF2BPL",2,2,4,0.152849089619365,0.537181213126351,1,"drop"
"ZFYVE27",2,2,4,-0.536267473054842,0.536267473054842,1,"drop"
"HOXA9",2,3,4,0.107164677032716,0.534992001867742,1,"drop"
"NSD2",2,3,4,-0.00261719049926624,0.534620730447821,1,"drop"
"ZNF354A",2,3,4,-0.534383157653111,0.534383157653111,1,"drop"
"VSTM1",2,3,4,0.154843773312919,0.533481681267142,1,"drop"
"USP5",2,3,4,-0.533060753818711,0.533060753818711,1,"drop"
"MKKS",2,3,4,-0.216471953841957,0.532853964288702,1,"drop"
"CDR2",2,2,4,0.532093684669125,0.532093684669125,1,"drop"
"TRRAP",2,3,4,0.388422954128277,0.529403902493123,1,"drop"
"SZT2",2,3,4,-0.058550811919509,0.528353627764195,1,"drop"
"GTF3A",2,3,4,0.29350149042713,0.528138739458527,1,"drop"
"NDRG3",2,3,4,0.527431129734688,0.527431129734688,1,"drop"
"SAYSD1",2,3,4,0.308035451473349,0.527128438833531,1,"drop"
"B4GALT7",2,3,4,-0.52677786865321,0.52677786865321,1,"drop"
"ANKRD54",2,3,4,-0.368533069648756,0.526333776061557,1,"drop"
"USP19",2,3,4,0.130971071085818,0.525350713409985,1,"drop"
"RIDA",2,3,4,0.525332276273624,0.525332276273624,1,"drop"
"FES",2,2,4,-0.524527206533331,0.524527206533331,1,"drop"
"HCG11",2,3,4,-0.110830720056765,0.52414158520751,1,"drop"
"PMS1",2,2,4,-0.523411782431138,0.523411782431138,1,"drop"
"GALK1",2,3,4,-0.196738407620189,0.522256727098277,1,"drop"
"LTO1",2,3,4,0.0669005684397952,0.522018928607723,1,"drop"
"NOTCH2",2,3,4,-0.362629715535848,0.521847371272814,1,"drop"
"GAS5",2,3,4,0.356981033389532,0.51896715417869,1,"drop"
"ZNF544",2,3,4,-0.253800542887934,0.518280872051847,1,"drop"
"SCAI",2,3,4,0.517609601657045,0.517609601657045,1,"drop"
"DBT",2,3,4,-0.296233574237646,0.517454054694962,1,"drop"
"CKS2",2,3,4,0.364962452875147,0.516905294584103,1,"drop"
"RFT1",2,2,4,0.0542892286520977,0.516034088852692,1,"drop"
"SLFN13",2,3,4,0.349297393521758,0.514061916543388,1,"drop"
"NFIC",2,3,4,-0.141562025510475,0.513223897900961,1,"drop"
"INPP5F",2,3,4,-0.215315050890826,0.509681514387804,1,"drop"
"TSTD2",2,3,4,0.509493600842574,0.509493600842574,1,"drop"
"BCS1L",2,3,4,-0.165034204757276,0.508031114384488,1,"drop"
"APRT",2,3,4,-0.0199108722644335,0.507139029729711,1,"drop"
"ROGDI",2,3,4,0.0427546130071283,0.507114815516167,1,"drop"
"U2AF1",2,2,4,0.505231600270472,0.505231600270472,1,"drop"
"STXBP5",2,3,4,0.142912483747885,0.505080213758464,1,"drop"
"TIMM23",2,3,4,0.504868262326389,0.504868262326389,1,"drop"
"SGMS2",2,2,4,-0.504666345935557,0.504666345935557,0.927253750195767,"drop"
"POLR3D",2,3,4,-0.186954556590624,0.503772300582751,0.885209699101752,"drop"
"SPINK2",2,2,4,0.50343013381628,0.50343013381628,1,"drop"
"ZNF7",2,3,4,0.234074294263575,0.502716707199355,1,"drop"
"MRPL28",2,3,4,-0.342397346207973,0.50265889085968,0.646610494740413,"drop"
"STOM",2,3,4,0.123518362048997,0.502455686428618,1,"drop"
"PPP1R14A",2,2,4,-0.0877709824054683,0.501514268746525,0.113770442502243,"drop"
"PAF1",2,2,4,0.152132530432455,0.500945030609889,1,"drop"
"PGM2L1",2,2,4,-0.500504109052073,0.500504109052073,1,"drop"
"PACSIN1",2,3,4,0.24528337043169,0.500060679434475,1,"drop"
"TRGC2",2,3,4,-0.340785873503185,0.499735413940245,0.16259203158758,"drop"
"AP4E1",2,3,4,-0.134330798582792,0.499700223646131,1,"drop"
"NME6",2,3,4,-0.353671781247865,0.499653298391318,1,"drop"
"CFP",2,3,4,-0.498981822488652,0.498981822488652,1,"drop"
"KLHL20",2,3,4,0.093298509172699,0.49818730369407,1,"drop"
"NUP88",2,3,4,0.257665756213294,0.498103163929772,1,"drop"
"GNPDA2",2,3,4,0.130178449981245,0.497261689586143,1,"drop"
"PI4K2B",2,3,4,0.288638105572075,0.496874206051534,1,"drop"
"LINC01410",2,3,4,0.0942182658090647,0.496660166696445,1,"drop"
"PGPEP1",2,3,4,0.0459735206741025,0.496198512011118,1,"drop"
"MLC1",2,3,4,0.0261836176033098,0.495562492608365,1,"drop"
"FBXL4",2,3,4,0.177233889341551,0.495503256206467,1,"drop"
"C4orf33",2,3,4,0.112921960047612,0.495382667782224,1,"drop"
"SLC25A40",2,3,4,-0.276219361646203,0.494648046114372,1,"drop"
"TDP1",2,3,4,0.492501605810473,0.492501605810473,1,"drop"
"CES2",2,3,4,0.491979087856791,0.491979087856791,1,"drop"
"ENC1",2,2,4,0.491850255696684,0.491850255696684,1,"drop"
"ELMOD3",2,2,4,0.168092797994868,0.489907364426251,1,"drop"
"FBXL12",2,2,4,0.488937272623749,0.488937272623749,1,"drop"
"LHPP",2,3,4,0.488932055811045,0.488932055811045,1,"drop"
"NSA2",2,3,4,-0.024656690640275,0.48844922433702,1,"drop"
"PAWR",2,3,4,0.488386411487631,0.488386411487631,1,"drop"
"NPIPB5",2,3,4,0.217536138643102,0.488062238837302,1,"drop"
"SLC7A1",2,3,4,-0.344305076706467,0.487635221535859,1,"drop"
"GATA2",2,3,4,-0.342088767775834,0.48745206131098,1,"drop"
"CEP104",2,3,4,0.189066048056606,0.487210197452951,1,"drop"
"SOGA1",2,3,4,0.487106277000928,0.487106277000928,1,"drop"
"BRI3BP",2,3,4,-0.098868445215448,0.486327604236992,0.453087726059907,"drop"
"ABCA1",2,2,4,-0.0442582701113818,0.485955907170039,1,"drop"
"SPINT2",2,2,4,0.182968948099855,0.484772741412408,1,"drop"
"AKIP1",2,2,4,0.0354526150481463,0.484124460430633,1,"drop"
"SLC25A32",2,3,4,-0.148644551016044,0.483343850883298,1,"drop"
"THAP4",2,3,4,-0.265292016913819,0.482381222715982,1,"drop"
"CEP250",2,3,4,0.289854707438802,0.481789809941409,1,"drop"
"AC025181.2",2,3,4,-0.320044148034693,0.481453140152302,1,"drop"
"SLC8B1",2,3,4,-0.209484979217314,0.481389732937338,1,"drop"
"FCRL6",2,3,4,0.024499922037652,0.480543687841382,1,"drop"
"NUDCD1",2,3,4,-0.352253903319694,0.480207376047084,1,"drop"
"RPL23",2,3,4,0.478860957346664,0.478860957346664,1,"drop"
"KCTD18",2,3,4,0.237742939748433,0.478619929414185,1,"drop"
"ABCB8",2,3,4,-0.300952863187586,0.478203299308992,1,"drop"
"FEN1",2,3,4,-0.0657970540031697,0.47732711757245,1,"drop"
"CASP7",2,3,4,-0.476308458287157,0.476308458287157,1,"drop"
"KLRC4",2,3,4,-0.259188762224967,0.475458190164326,1,"drop"
"ELAC2",2,3,4,0.130510857567801,0.475078378674101,1,"drop"
"ALKBH4",2,3,4,0.0624304625013517,0.474813177134908,1,"drop"
"MARCH5",2,2,4,-0.0847633743686718,0.473489530201623,1,"drop"
"AARS",2,3,4,-0.186250683978852,0.472400998798739,1,"drop"
"SIVA1",2,3,4,-0.137073689594444,0.472340322998233,1,"drop"
"OSBPL2",2,3,4,0.064123616813584,0.4717687530983,1,"drop"
"CPSF1",2,3,4,0.0770435471009592,0.471442574800819,1,"drop"
"STRIP1",2,3,4,0.0995125285761565,0.470338484286058,1,"drop"
"C11orf68",2,3,4,-0.469701907253512,0.469701907253512,1,"drop"
"RAMP1",2,3,4,0.329249218498994,0.468517585222426,1,"drop"
"ARV1",2,3,4,-0.295578641692598,0.466551972123739,1,"drop"
"RAD51D",2,3,4,-0.305469226519284,0.465340469218444,1,"drop"
"GZF1",2,3,4,0.319565613548618,0.465228195262494,1,"drop"
"HMGN1",2,2,4,0.173340550846489,0.465214200343032,1,"drop"
"XCL2",2,3,4,-0.2328783176579,0.464763742059161,1,"drop"
"INTS4",2,3,4,-0.0431069211237865,0.464692170800599,1,"drop"
"MPIG6B",2,3,4,0.246982892448471,0.46442554552471,0.428652451222971,"drop"
"RMC1",2,3,4,-0.273206477201316,0.464144255369875,1,"drop"
"PIGF",2,3,4,-0.205314289043931,0.46266853453662,0.185489875487436,"drop"
"ABCC4",2,3,4,0.105101409612088,0.462158532217793,1,"drop"
"SLC41A3",2,3,4,-0.461818853662915,0.461818853662915,1,"drop"
"EIF3G",2,2,4,0.461331154884816,0.461331154884816,1,"drop"
"NUFIP1",2,3,4,-0.0602409897319238,0.460637570586282,1,"drop"
"ABCD3",2,3,4,0.313440529531046,0.458876264489896,1,"drop"
"TBC1D9",2,3,4,-0.248210953858588,0.457743834263826,1,"drop"
"ZNF714",2,2,4,-0.456741403532426,0.456741403532426,1,"drop"
"PACRGL",2,2,4,0.0694713863706705,0.456721284759379,1,"drop"
"FCGR2B",2,2,4,-0.210189563667828,0.456019401749416,1,"drop"
"CPA3",2,2,4,-0.456005795406825,0.456005795406825,1,"drop"
"PDCD11",2,3,4,-0.195790802165977,0.455944531865766,1,"drop"
"TRUB2",2,2,4,-0.455747338650493,0.455747338650493,1,"drop"
"COL6A2",2,3,4,-0.0449859339890263,0.455610253192978,1,"drop"
"RABIF",2,3,4,0.288671718370709,0.455549102281346,1,"drop"
"NEK1",2,3,4,-0.310279698978468,0.455479037434097,1,"drop"
"HDAC6",2,3,4,0.29264468047644,0.455156669491587,1,"drop"
"KCNE3",2,3,4,0.014791174945138,0.454500594021571,1,"drop"
"METTL2A",2,2,4,-0.0219401501420587,0.454463212634223,1,"drop"
"CD72",2,3,4,0.0353397343332203,0.454443478912957,1,"drop"
"CHURC1",2,3,4,-0.322978387669738,0.454233480209602,1,"drop"
"ZC3H12A",2,2,4,-0.0499797620588343,0.454151707629656,1,"drop"
"ZDHHC1",2,3,4,0.300411379342411,0.452828985368983,1,"drop"
"TRGC1",2,3,4,0.0555727371702065,0.451865441111975,1,"drop"
"LIMD1",2,3,4,0.45154169622021,0.45154169622021,1,"drop"
"KLHL42",2,3,4,0.0993187250005205,0.449841423013254,1,"drop"
"FARS2",2,2,4,-0.449110518656775,0.449110518656775,1,"drop"
"GPBAR1",2,3,4,-0.091336421968947,0.448793237920031,1,"drop"
"LTBR",2,3,4,0.104569009054651,0.447475616881563,1,"drop"
"SH2D2A",2,3,4,-0.447069936646803,0.447069936646803,0.0396753270474578,"drop"
"ATG10",2,2,4,-0.00467591318534501,0.44593698801449,1,"drop"
"SPATS2",2,3,4,0.029712214935429,0.445929410647138,1,"drop"
"TARBP1",2,3,4,0.285604206929563,0.44491748293565,1,"drop"
"YIF1B",2,3,4,0.276637245049804,0.444835759092544,1,"drop"
"CALM1",2,3,4,0.44275718237523,0.44275718237523,1,"drop"
"TIGD5",2,3,4,-0.442641221134951,0.442641221134951,1,"drop"
"RBM41",2,3,4,-0.272706421790554,0.44259643893989,1,"drop"
"GON7",2,3,4,-0.315280839271494,0.442318549933057,1,"drop"
"TC2N",2,3,4,-0.0693238718263095,0.440689500589012,1,"drop"
"CHPF2",2,3,4,-0.439790472097123,0.439790472097123,1,"drop"
"FASTKD1",2,3,4,-0.229393276805363,0.439044643152627,1,"drop"
"LRRFIP1",2,2,4,-0.119279396725571,0.43885246159856,0.383092261900352,"drop"
"PIP4K2B",2,2,4,0.117789905974225,0.438455324701627,1,"drop"
"PNPLA4",2,3,4,0.136971483425356,0.438102899132064,1,"drop"
"MGST2",2,3,4,-0.303424615765482,0.438084553045766,1,"drop"
"GMEB1",2,3,4,0.0807741215385187,0.437428723382771,1,"drop"
"PELP1",2,3,4,-0.26959251623078,0.436703532994711,1,"drop"
"WIPI1",2,3,4,-0.186976055216163,0.436633309704406,1,"drop"
"PDIK1L",2,3,4,-0.185596654033363,0.43566509839566,1,"drop"
"BRMS1",2,3,4,-0.435221836187996,0.435221836187996,1,"drop"
"FAM20B",2,3,4,0.0693547287974418,0.435037553558487,1,"drop"
"POLR3C",2,3,4,-0.434748010357716,0.434748010357716,1,"drop"
"LONP1",2,3,4,-0.120794823423436,0.433872484134484,1,"drop"
"RPLP2",2,3,4,0.261265114689873,0.433581292778185,1,"drop"
"ATP5F1A",2,3,4,-0.207115107249916,0.432606488480583,1,"drop"
"SNRPF",2,2,4,0.431774761142985,0.431774761142985,1,"drop"
"ST6GALNAC6",2,2,4,0.008538453525061,0.430167342943604,1,"drop"
"FASN",2,2,4,0.279910323835688,0.429716244241891,1,"drop"
"NADK2",2,3,4,0.252267641270394,0.429643620120771,1,"drop"
"DHX32",2,3,4,-0.2369494723009,0.428809570457005,1,"drop"
"TLR5",2,3,4,-0.174072105664002,0.427519404579213,1,"drop"
"ZNF740",2,3,4,-0.223580982182679,0.426480770179606,1,"drop"
"GTF3C3",2,3,4,0.273869715341089,0.425787403309279,1,"drop"
"NUP205",2,3,4,0.270159138164002,0.425704151058373,1,"drop"
"RUNDC1",2,3,4,-0.0125948593492972,0.424977987916776,1,"drop"
"ZNF664",2,3,4,0.19298204075271,0.424696112884008,1,"drop"
"KIAA1586",2,2,4,-0.0842411457591998,0.424564753163095,1,"drop"
"SYNJ1",2,3,4,0.0323115920893185,0.424545905984105,1,"drop"
"MUL1",2,3,4,0.158322209793918,0.424533110024891,1,"drop"
"APPL1",2,2,4,0.144715121639224,0.424395960378854,1,"drop"
"UBE2V2",2,3,4,0.274944042164498,0.423021293534113,1,"drop"
"CLEC11A",2,3,4,-0.0830362651416933,0.422835672584199,1,"drop"
"RANGAP1",2,3,4,-0.115713725994588,0.421976305916531,1,"drop"
"C2orf76",2,3,4,-0.287641890097904,0.420293102416764,1,"drop"
"CPLANE1",2,3,4,-0.234024349388106,0.41907535689573,1,"drop"
"CTU1",2,2,4,-0.418408001440521,0.418408001440521,1,"drop"
"SLC9A7",2,3,4,0.244342317443121,0.417049729477727,1,"drop"
"ZNF317",2,3,4,0.022554985858053,0.415013921052116,1,"drop"
"FARSA",2,3,4,-0.414633333573489,0.414633333573489,1,"drop"
"AP3S2",2,3,4,0.413523379374513,0.413523379374513,1,"drop"
"ALKBH2",2,2,4,0.413465053380934,0.413465053380934,1,"drop"
"SCARB2",2,3,4,0.286961925764475,0.412470606947913,1,"drop"
"LARP4",2,2,4,-0.156079274758471,0.410962043867336,1,"drop"
"TMEM106A",2,3,4,-0.0841489291321958,0.410872454059861,1,"drop"
"VEGFA",2,2,4,0.260561009104222,0.409370133820781,1,"drop"
"PIP5K1A",2,2,4,0.0568596170833408,0.408757534833017,1,"drop"
"MTMR11",2,3,4,-0.274235353023178,0.408291847167395,1,"drop"
"NDUFA7",2,3,4,-0.232241093061818,0.408257082639289,1,"drop"
"TRIM58",2,3,4,0.0146400818142087,0.407126663190848,1,"drop"
"DALRD3",2,3,4,-0.406707054117853,0.406707054117853,1,"drop"
"HTRA2",2,3,4,-0.196478173721909,0.40619803810678,1,"drop"
"TOE1",2,3,4,0.172359069916242,0.406096281361358,1,"drop"
"SLC35B2",2,2,4,0.0677970568904885,0.405342668593834,1,"drop"
"ZNF787",2,3,4,0.0936607400878438,0.404720092296378,1,"drop"
"HIST1H2AK",2,3,4,0.22109367145858,0.404477194739101,1,"drop"
"UBFD1",2,3,4,0.146154526243171,0.404092760191726,1,"drop"
"ZMYM3",2,2,4,0.087435019066242,0.402804559527304,1,"drop"
"DNAJC16",2,3,4,-0.162742127761747,0.402233709171076,1,"drop"
"CDC42BPB",2,2,4,-0.268262649028204,0.401979312229823,1,"drop"
"STEAP4",2,3,4,0.0792459884417148,0.400742864708868,1,"drop"
"RPS27A",2,3,4,0.263262610056972,0.40050738553124,1,"drop"
"HSPBP1",2,3,4,-0.26934548708488,0.400317030683513,1,"drop"
"COX6B1",2,3,4,-0.265738689991404,0.398766436456376,1,"drop"
"RNASE2",2,3,4,0.26860719515559,0.398371180839827,1,"drop"
"TTF2",2,3,4,0.0708452053440797,0.39796001328671,1,"drop"
"BAG4",2,3,4,-0.194365810497348,0.397278730031748,1,"drop"
"NELFB",2,3,4,0.100076177367707,0.397117005914284,1,"drop"
"NOD2",2,3,4,0.155223609280509,0.396967666602131,1,"drop"
"MAD2L1",2,3,4,-0.221045835728519,0.395837358480002,1,"drop"
"NUP155",2,3,4,0.041383909670131,0.394344498543234,1,"drop"
"TMEM14B",2,3,4,0.227833531107961,0.39425837310306,1,"drop"
"TRUB1",2,3,4,0.074681324199686,0.394159315055086,1,"drop"
"MFSD6",2,3,4,0.393978922091964,0.393978922091964,1,"drop"
"PPARA",2,3,4,0.0427020503012623,0.393794538912144,1,"drop"
"ZNF117",2,3,4,0.19865627532917,0.393263351463374,1,"drop"
"RAB2A",2,3,4,-0.392876872701654,0.392876872701654,1,"drop"
"COP1",2,3,4,0.0559016537475142,0.392817668224439,1,"drop"
"ADGRG3",2,2,4,-0.0542227089660283,0.391860143087621,1,"drop"
"GCFC2",2,3,4,-0.0361303911313155,0.39075632801449,1,"drop"
"KIAA2026",2,3,4,-0.234385496572807,0.390544698533993,1,"drop"
"ZNF395",2,3,4,0.259099754866428,0.389647561353642,1,"drop"
"LRRC8D",2,3,4,0.389178247165437,0.389178247165437,1,"drop"
"SNHG14",2,2,4,0.103381591112862,0.38824818514789,1,"drop"
"MCTP1",2,3,4,0.190674194618166,0.387951405427694,1,"drop"
"TRIM41",2,3,4,-0.182072320788343,0.387949437252494,1,"drop"
"AC005332.4",2,3,4,-0.199776692764218,0.387355512678859,1,"drop"
"RCOR1",2,3,4,-0.202904524936133,0.386255854676367,1,"drop"
"ZAP70",2,3,4,-0.386016289863816,0.386016289863816,1,"drop"
"MRPL37",2,3,4,-0.384722748110729,0.384722748110729,1,"drop"
"FTSJ1",2,3,4,-0.384359561198371,0.384359561198371,1,"drop"
"BTD",2,2,4,0.0614432431798873,0.383966123646897,1,"drop"
"ATP6V1A",2,3,4,-0.383628820779043,0.383628820779043,1,"drop"
"LINC00649",2,3,4,-0.196083456294856,0.381407111080273,1,"drop"
"LINC02446",2,3,4,0.0506341191171843,0.381354000340214,0.00165385289552651,"drop"
"PLEKHA5",2,3,4,-0.0111397542048778,0.380796248239623,1,"drop"
"CPSF4",2,3,4,-0.216078944032317,0.380792060811791,1,"drop"
"UPRT",2,3,4,-0.177191298124885,0.380495330488732,1,"drop"
"PARK7",2,3,4,0.102940627625404,0.379919560135657,1,"drop"
"AIMP2",2,3,4,-0.378059638035244,0.378059638035244,1,"drop"
"TMSB10",2,3,4,0.37727678821024,0.37727678821024,0.00000000000000353953987254856,"drop"
"ANAPC11",2,3,4,-0.0627519902037715,0.376761671025415,1,"drop"
"ACACA",2,3,4,-0.0663140170567613,0.376541033049761,1,"drop"
"AL390728.6",2,3,4,-0.376403145199054,0.376403145199054,1,"drop"
"YIPF6",2,3,4,-0.0206386869411512,0.376206054218929,1,"drop"
"ZNF3",2,3,4,-0.0865735092052488,0.37416329552649,1,"drop"
"CGAS",2,3,4,0.00838775474302175,0.373726181949543,1,"drop"
"EIF3C",2,3,4,0.091799735589678,0.37323481425319,1,"drop"
"HNRNPLL",2,3,4,-0.209603748350134,0.372542846096956,1,"drop"
"FOXP1-IT1",2,3,4,-0.246310478973365,0.372345275683781,1,"drop"
"PDXP",2,3,4,0.163440368172804,0.372237856398464,1,"drop"
"CD160",2,3,4,0.231074920522942,0.372236923983375,1,"drop"
"FASTKD5",2,2,4,0.00888500181570799,0.370825676201588,1,"drop"
"SNTB2",2,3,4,-0.370574697682805,0.370574697682805,1,"drop"
"PPP2R5D",2,3,4,-0.0461597827492988,0.367579236227607,1,"drop"
"LATS2",2,3,4,0.0185665325348822,0.366964307199734,1,"drop"
"SMARCAL1",2,3,4,-0.236957925146978,0.366884652518999,1,"drop"
"MBD3",2,2,4,-0.0317913444497192,0.36654486298113,1,"drop"
"WDR83",2,3,4,0.0655172307836708,0.36542888741514,1,"drop"
"ANAPC4",2,3,4,0.0479452925678797,0.364313590738884,1,"drop"
"RRM1",2,3,4,-0.00971286479496523,0.364291107088818,1,"drop"
"MZF1",2,3,4,-0.16783301276552,0.364127607863913,1,"drop"
"ACD",2,2,4,-0.363555443026723,0.363555443026723,1,"drop"
"ZNF831",2,3,4,-0.236869045522289,0.362718428827785,1,"drop"
"DDX51",2,3,4,0.133912977108533,0.361730532367062,1,"drop"
"RBM27",2,3,4,-0.231493033983857,0.360728352345454,1,"drop"
"HOXB-AS1",2,2,4,0.0106591500786993,0.359685535578412,1,"drop"
"INTS6-AS1",2,2,4,-0.039755831070024,0.359318598438243,1,"drop"
"CYBRD1",2,3,4,0.0232038538987497,0.358861734400871,1,"drop"
"TADA1",2,3,4,-0.0605248422634373,0.358668189844917,1,"drop"
"MED31",2,3,4,-0.171992062322844,0.358584350075205,1,"drop"
"WDR41",2,3,4,-0.117281903117872,0.358528673079132,1,"drop"
"JPX",2,2,4,0.040024428430167,0.357740522970338,1,"drop"
"SH3BP4",2,3,4,0.0654733352884918,0.357445831202114,1,"drop"
"FCER1A",2,2,4,0.1929106404505,0.356805517502673,1,"drop"
"TEX2",2,3,4,-0.226346807641994,0.356695967773931,1,"drop"
"RPS4X",2,3,4,0.227836569268816,0.355118872395395,1,"drop"
"RAB3GAP1",2,3,4,0.176024067294405,0.354207045624046,1,"drop"
"SLC49A4",2,3,4,-0.190095821871196,0.352780482033758,1,"drop"
"MRI1",2,2,4,-0.0647013492957778,0.351824897308815,1,"drop"
"SETD1A",2,3,4,0.166641193478098,0.351646130017785,1,"drop"
"YWHAE",2,3,4,0.351416255371427,0.351416255371427,1,"drop"
"TADA2A",2,3,4,-0.351289972699124,0.351289972699124,1,"drop"
"GIHCG",2,3,4,-0.350195930064938,0.350195930064938,1,"drop"
"DPP7",2,3,4,-0.12968636074287,0.349087551291966,1,"drop"
"MBOAT7",2,3,4,-0.1656927999592,0.348847057431012,1,"drop"
"H6PD",2,3,4,-0.180398347507451,0.348008260892564,1,"drop"
"NKIRAS2",2,3,4,-0.014455104598332,0.347595289721917,1,"drop"
"TOR4A",2,3,4,-0.18724855021477,0.346701150537412,1,"drop"
"BLZF1",2,3,4,-0.20007671575841,0.344568686697785,1,"drop"
"EIF2S3",2,2,4,-0.0563346883442495,0.343917428022372,1,"drop"
"H1F0",2,3,4,0.187375259422137,0.342790859058749,1,"drop"
"RPL17",2,3,4,0.211135842077394,0.341221157730678,1,"drop"
"BCOR",2,2,4,0.195292003390644,0.336786122128204,1,"drop"
"KIF21A",2,3,4,-0.196933164657849,0.332761821493848,1,"drop"
"NCL",2,3,4,0.181347575771683,0.33037630668289,1,"drop"
"EPHX2",2,3,4,-0.0132807759819065,0.327090066575573,1,"drop"
"AQP9",2,2,4,-0.327064288053909,0.327064288053909,1,"drop"
"ARMT1",2,3,4,-0.014396665839394,0.326345900165022,1,"drop"
"TIAM1",2,3,4,-0.151239018412719,0.32474674774932,1,"drop"
"CRTAP",2,3,4,-0.0153259286177135,0.323938360210689,1,"drop"
"MS4A7",2,3,4,-0.183727047848547,0.322752814381464,1,"drop"
"RPS11",2,2,4,0.0182100400975145,0.319552839842523,1,"drop"
"UBC",2,2,4,-0.179707159780094,0.319517908660474,1,"drop"
"ATM",2,3,4,0.182212824652697,0.316675163827346,1,"drop"
"YWHAG",2,3,4,0.187685729174667,0.31628333063524,1,"drop"
"NOC2L",2,2,4,0.00797605725668075,0.312481836899226,1,"drop"
"POLDIP3",2,3,4,0.0269919358160877,0.306238607707031,1,"drop"
"RASSF4",2,3,4,-0.158422312544086,0.301485583138393,1,"drop"
"ACTR2",2,3,4,-0.169800734140567,0.295772441845928,1,"drop"
"COPZ1",2,3,4,-0.149089945921606,0.28984864077525,1,"drop"
"NDUFAB1",2,3,4,-0.283312856563287,0.283312856563287,1,"drop"
"NR2C2",2,3,4,-0.000772489077020752,0.268598633726066,1,"drop"
"IGHA1",2,2,3,-1.29866310149459,3.53956477870452,0.0000000000000000000000333617884583976,"drop"
"IFIT1",2,2,3,2.16470525215496,2.39070065460849,0.000000000000000000000000487477534501793,"drop"
"IL2RA",2,2,3,0.849169891702937,1.78045406990819,1,"drop"
"HDC",2,3,3,-1.52941976125326,1.7782967750229,1,"drop"
"OASL",2,2,3,1.69973093214019,1.69973093214019,0.000000105537438233592,"drop"
"FGD6",2,2,3,1.67279678344758,1.67279678344758,1,"drop"
"ATG16L1",2,3,3,1.38967865100805,1.62434871916023,1,"drop"
"CLEC4A",2,3,3,1.6150733869732,1.6150733869732,1,"drop"
"TP53I11",2,3,3,1.20222512447099,1.38507001961094,1,"drop"
"AC005632.3",2,3,3,1.32003767749377,1.32003767749377,1,"drop"
"D2HGDH",2,3,3,-1.31700064993879,1.31700064993879,1,"drop"
"HIST1H2AL",2,3,3,1.30386448374687,1.30386448374687,1,"drop"
"RELT",2,3,3,1.27397105953185,1.27397105953185,1,"drop"
"SLC7A5",2,3,3,0.374873755902653,1.26370647393287,0.000253722563160337,"drop"
"MYLK",2,2,3,1.25839907514302,1.25839907514302,1,"drop"
"RAB27B",2,3,3,-0.511575791365857,1.23961023347794,1,"drop"
"CPPED1",2,2,3,-1.21249246027111,1.21249246027111,0.169740416256588,"drop"
"CHEK2",2,3,3,-1.01366420700604,1.20720085034163,1,"drop"
"ARFGAP1",2,2,3,1.01839383929486,1.19964621043062,1,"drop"
"ACAD8",2,3,3,1.13679823070618,1.13679823070618,1,"drop"
"PTGDR2",2,3,3,-0.795294829155514,1.13141557100917,0.105409062459496,"drop"
"ICMT",2,2,3,0.910485469582564,1.11689812707832,1,"drop"
"TRAPPC13",2,2,3,-0.110944989300433,1.10554276684019,1,"drop"
"PCTP",2,2,3,-0.92934422123085,1.1049078668698,1,"drop"
"TMEM176B",2,2,3,-0.750155186389731,1.10217695706104,0.000000000000000000143161900429892,"drop"
"HOOK2",2,2,3,-1.07474851194067,1.07474851194067,1,"drop"
"PEMT",2,3,3,0.826402437699319,1.03203448610781,1,"drop"
"PEX19",2,2,3,1.01643358554664,1.01643358554664,1,"drop"
"OPA3",2,3,3,-0.208075255468109,1.01366443656634,1,"drop"
"ATP13A2",2,3,3,0.769364091802732,1.00590626631607,1,"drop"
"WEE1",2,2,3,-0.675979373757206,1.00553694465348,0.00000000000000017895917866084,"drop"
"MTHFD1L",2,2,3,0.257409408697084,0.999854770772837,0.967589521068708,"drop"
"FADS3",2,2,3,-0.999082999261461,0.999082999261461,1,"drop"
"CDK5RAP1",2,2,3,0.736039360037737,0.993894293512223,1,"drop"
"ZKSCAN8",2,3,3,0.455838849868821,0.978081697444117,1,"drop"
"XPO5",2,2,3,0.977142354791702,0.977142354791702,1,"drop"
"GALM",2,2,3,0.240907307577498,0.968147713305784,1,"drop"
"ZNF268",2,3,3,0.440188856160666,0.944781970202194,1,"drop"
"BCL7A",2,2,3,0.939781164678601,0.939781164678601,0.00000000000000112617028180515,"drop"
"NEK6",2,2,3,-0.0786321986242287,0.932197221970869,1,"drop"
"SLC25A51",2,3,3,-0.645357728659187,0.926043580568942,1,"drop"
"TMEM60",2,2,3,-0.925198221271402,0.925198221271402,1,"drop"
"ALG1",2,3,3,0.731260154686444,0.924332987936519,1,"drop"
"FMN1",2,2,3,-0.918204815313286,0.918204815313286,0.000833920387675236,"drop"
"PKD1",2,2,3,-0.124789469177755,0.916616927661335,1,"drop"
"MANBAL",2,2,3,0.686908233682911,0.903216207424836,1,"drop"
"SRD5A3",2,2,3,-0.900405357769847,0.900405357769847,1,"drop"
"PTRH1",2,2,3,-0.893883298241898,0.893883298241898,1,"drop"
"KCTD12",2,2,3,0.717057239351745,0.885468093930663,0.154135091995666,"drop"
"TEX9",2,3,3,-0.877439130823194,0.877439130823194,1,"drop"
"ATG4D",2,2,3,0.676430239455508,0.866538187018796,1,"drop"
"USP49",2,2,3,0.864017673367259,0.864017673367259,1,"drop"
"AC002558.3",2,2,3,0.333239353224636,0.854920657021541,1,"drop"
"MOB1B",2,2,3,0.854844850579556,0.854844850579556,1,"drop"
"SELENOI",2,2,3,-0.59334150518812,0.847754425714795,1,"drop"
"SLC35A2",2,3,3,-0.84642532671603,0.84642532671603,1,"drop"
"SMOX",2,3,3,-0.0101903278749773,0.844959982049776,1,"drop"
"SUGP1",2,2,3,-0.605757257844791,0.844828287981383,1,"drop"
"APOBEC3F",2,2,3,0.644819399587372,0.844728540957418,1,"drop"
"DEPTOR",2,2,3,-0.470355913006745,0.844337277741998,0.000763202817999334,"drop"
"HEMGN",2,2,3,-0.132395710685257,0.844317355721991,1,"drop"
"SH3BGRL2",2,2,3,0.254058159632596,0.843599493490368,1,"drop"
"GIMAP8",2,2,3,-0.839113887252521,0.839113887252521,1,"drop"
"SMUG1",2,2,3,-0.832490260763322,0.832490260763322,1,"drop"
"PPP3CB-AS1",2,2,3,0.574743342718845,0.830966959802648,1,"drop"
"MGLL",2,2,3,0.155745850158439,0.829704561727228,1,"drop"
"TUBGCP5",2,3,3,0.561185419344973,0.819510324943596,1,"drop"
"CLP1",2,3,3,-0.542368003898449,0.817309997625135,1,"drop"
"ZNF333",2,3,3,-0.0451607613155633,0.812491232047597,1,"drop"
"DBR1",2,2,3,-0.811854640906525,0.811854640906525,1,"drop"
"NXT2",2,3,3,0.810532349384025,0.810532349384025,1,"drop"
"IL3RA",2,2,3,-0.806826560966328,0.806826560966328,1,"drop"
"ABCB10",2,3,3,-0.58282767084515,0.806200559674571,1,"drop"
"PIK3R2",2,2,3,0.376670352188172,0.805093915978815,1,"drop"
"TRMT1L",2,2,3,-0.803818571279905,0.803818571279905,0.125155111746749,"drop"
"POLR3F",2,2,3,-0.632711350083557,0.802540769546338,1,"drop"
"LIN37",2,2,3,0.376525562676003,0.799626286623211,1,"drop"
"NUDT15",2,2,3,0.56164225865698,0.798045719941447,1,"drop"
"TANGO2",2,2,3,0.797186775425461,0.797186775425461,1,"drop"
"HDAC10",2,2,3,-0.788989069370014,0.788989069370014,1,"drop"
"FO393401.1",2,3,3,0.0253124007111917,0.788706629262728,1,"drop"
"FAM122B",2,2,3,-0.784663487999539,0.784663487999539,1,"drop"
"NBPF9",2,3,3,0.265225255346215,0.782345574673293,1,"drop"
"AL096865.1",2,3,3,0.61077357752441,0.777608714960395,1,"drop"
"DHFR",2,2,3,0.541024936865332,0.776567547526992,1,"drop"
"TRIB2",2,3,3,0.775153858354128,0.775153858354128,1,"drop"
"ZNF236",2,2,3,-0.089700526077784,0.774967503214671,1,"drop"
"CXCR3",2,3,3,-0.772932213735611,0.772932213735611,1,"drop"
"UQCC1",2,3,3,-0.49082725006543,0.77169492920435,1,"drop"
"PAXIP1-AS2",2,2,3,0.407116913438104,0.76769176202358,1,"drop"
"PRF1",2,2,3,0.0755458383616963,0.765236202486964,0.128900236062146,"drop"
"GAB1",2,2,3,-0.452544910337271,0.76493370846152,1,"drop"
"MTPAP",2,2,3,0.763879473614067,0.763879473614067,1,"drop"
"CD180",2,2,3,-0.762456955856882,0.762456955856882,0.0735631987826205,"drop"
"SH2B3",2,2,3,0.762162153841653,0.762162153841653,1,"drop"
"GABBR1",2,2,3,-0.361099707339956,0.759898609748708,1,"drop"
"FAM168A",2,2,3,0.556413485990584,0.756562177989622,1,"drop"
"ZC2HC1A",2,2,3,0.75593181725273,0.75593181725273,1,"drop"
"SMCR8",2,3,3,0.454021008783131,0.753085183470914,1,"drop"
"MAP1A",2,2,3,0.247273119036797,0.753008039289395,1,"drop"
"TCEANC2",2,2,3,0.279564910070983,0.751882749250155,1,"drop"
"MSH3",2,3,3,0.751426957336929,0.751426957336929,1,"drop"
"AC104162.2",2,3,3,0.747173024703341,0.747173024703341,1,"drop"
"RETREG1",2,2,3,0.553713984048488,0.745507186260484,1,"drop"
"EEF1AKNMT",2,2,3,0.20451095230247,0.744278868613698,1,"drop"
"DEPDC5",2,2,3,-0.383258995700409,0.742335230407564,1,"drop"
"GOLGA1",2,3,3,-0.126122187102414,0.738940984740708,1,"drop"
"LDLRAD3",2,2,3,-0.73879645973475,0.73879645973475,0.0482445590746078,"drop"
"ZNF780B",2,3,3,0.738766375193794,0.738766375193794,1,"drop"
"GAS7",2,2,3,-0.518265104474189,0.738388422765814,1,"drop"
"FXR2",2,3,3,-0.320164018496257,0.737556264286384,1,"drop"
"IGHD",2,3,3,0.735385446703933,0.735385446703933,0.000000000000000000000225905064427501,"drop"
"CEP295",2,2,3,-0.260342333569482,0.734895239755928,1,"drop"
"EEF2K",2,3,3,-0.106959637315454,0.734847523801043,1,"drop"
"SRPRB",2,2,3,-0.734589287387817,0.734589287387817,1,"drop"
"EIF1AD",2,2,3,-0.345190887181712,0.734270998873192,1,"drop"
"FUCA1",2,2,3,0.731241085673516,0.731241085673516,1,"drop"
"MS4A3",2,3,3,-0.731053985893608,0.731053985893608,1,"drop"
"WDPCP",2,2,3,0.730363848801627,0.730363848801627,1,"drop"
"ENGASE",2,2,3,-0.730032157376673,0.730032157376673,1,"drop"
"AC027097.1",2,2,3,0.53952502709511,0.726647338048526,1,"drop"
"LSM5",2,2,3,0.553081144970661,0.726409045785532,1,"drop"
"PLAG1",2,2,3,-0.257994643817195,0.726194293061839,1,"drop"
"WDR89",2,2,3,-0.345822889569164,0.725432739986127,1,"drop"
"SMAGP",2,2,3,0.546122209081323,0.724788256285433,1,"drop"
"IDNK",2,3,3,0.536706095093257,0.724306365974599,1,"drop"
"UBE3B",2,2,3,0.53010291898682,0.721942501754918,1,"drop"
"CHI3L2",2,2,3,-0.323902856074228,0.720313122514696,1,"drop"
"PLEKHG2",2,2,3,0.282335122472482,0.716306502660804,1,"drop"
"DDX20",2,2,3,-0.159454376042052,0.712888858972619,1,"drop"
"SLX4IP",2,3,3,0.712034285856025,0.712034285856025,1,"drop"
"SELENON",2,3,3,0.711529803872909,0.711529803872909,1,"drop"
"AC016747.1",2,2,3,-0.247809992928244,0.710624298861055,1,"drop"
"CDKN1C",2,2,3,-0.299177744032936,0.708955394867058,1,"drop"
"MAP3K20",2,2,3,-0.513359474725526,0.707746787890277,1,"drop"
"FOXRED1",2,3,3,0.170031686545262,0.707407107524358,1,"drop"
"TMEM238",2,2,3,-0.704787743508864,0.704787743508864,0.000256342917065729,"drop"
"GPR107",2,2,3,0.7013073914665,0.7013073914665,1,"drop"
"RBM4B",2,2,3,-0.699009972910587,0.699009972910587,1,"drop"
"NSG1",2,2,3,-0.697263166234516,0.697263166234516,1,"drop"
"SLC35A1",2,2,3,0.317332031530656,0.69706049250463,1,"drop"
"PROK2",2,2,3,-0.696227258430402,0.696227258430402,1,"drop"
"ACAP3",2,3,3,0.465289697914487,0.6958758673194,1,"drop"
"CHUK",2,3,3,-0.378857872034287,0.693769879827509,1,"drop"
"FAM219B",2,2,3,-0.693563238112101,0.693563238112101,1,"drop"
"FAM210A",2,2,3,-0.692875425686117,0.692875425686117,1,"drop"
"DNAJC11",2,3,3,-0.176579809551789,0.692775743661194,1,"drop"
"TIMM44",2,2,3,-0.691840943468548,0.691840943468548,1,"drop"
"INF2",2,2,3,-0.515427154826037,0.689970913789602,1,"drop"
"WSB2",2,2,3,0.68868465116198,0.68868465116198,1,"drop"
"SETD9",2,2,3,-0.682786465134279,0.682786465134279,1,"drop"
"ABL1",2,2,3,0.21425800661474,0.679580354334254,1,"drop"
"RFC2",2,2,3,0.167500251699643,0.679057624521199,1,"drop"
"HEATR6",2,2,3,0.169049975098336,0.678131411160998,1,"drop"
"HS2ST1",2,3,3,-0.167861816583231,0.677761609126097,1,"drop"
"TNFRSF18",2,2,3,-0.108942875981912,0.676799545029265,1,"drop"
"TAF2",2,2,3,0.676258717330564,0.676258717330564,1,"drop"
"DNAAF2",2,2,3,-0.269233821571293,0.675870529257755,1,"drop"
"TMEM97",2,2,3,0.387779801761212,0.675595363753958,1,"drop"
"REPS2",2,2,3,-0.420770035830006,0.675564144625973,1,"drop"
"IL18RAP",2,3,3,-0.672842958869899,0.672842958869899,0.623357514056441,"drop"
"ANKRD9",2,3,3,0.063895995681321,0.672568777431042,1,"drop"
"PCBD2",2,3,3,-0.321405505365321,0.672542552680414,1,"drop"
"MICAL2",2,2,3,-0.204729186180932,0.670961298934762,1,"drop"
"AIF1",2,3,3,-0.670813626485481,0.670813626485481,0.00140531488370671,"drop"
"FAIM",2,2,3,-0.669000051836774,0.669000051836774,1,"drop"
"RARA-AS1",2,2,3,-0.668104843857554,0.668104843857554,1,"drop"
"ZBTB2",2,2,3,0.667967606129167,0.667967606129167,1,"drop"
"PPP1R3E",2,2,3,-0.667463316353672,0.667463316353672,1,"drop"
"MAIP1",2,2,3,-0.072990031484397,0.665696161761519,1,"drop"
"GSTM4",2,3,3,0.265788306272528,0.665207312415604,1,"drop"
"PDRG1",2,2,3,-0.0405844098774997,0.66377502794073,1,"drop"
"GPM6B",2,2,3,-0.202665120130472,0.662709677351501,1,"drop"
"ALDH6A1",2,2,3,-0.450135495350643,0.659813795687279,1,"drop"
"ZNF136",2,2,3,0.456096744846909,0.659439855087131,1,"drop"
"TNRC18",2,3,3,-0.0496295299768957,0.658680754110881,1,"drop"
"TDRD3",2,2,3,0.296838846615338,0.65656437428565,1,"drop"
"NUDT9",2,2,3,0.46995948489485,0.656341072674018,1,"drop"
"SOCS5",2,3,3,-0.654764290795005,0.654764290795005,1,"drop"
"SIGLEC14",2,2,3,-0.653526367105978,0.653526367105978,1,"drop"
"CHAMP1",2,2,3,-0.418107677376856,0.652450091714238,1,"drop"
"CDH23",2,3,3,-0.114022934466166,0.649144911702512,1,"drop"
"PLOD3",2,3,3,0.267939022445265,0.648251510697265,1,"drop"
"SENP1",2,2,3,0.648218197007482,0.648218197007482,1,"drop"
"CCDC127",2,2,3,-0.260775938357379,0.64767864613807,1,"drop"
"NTPCR",2,2,3,-0.293827643061627,0.647546668370414,1,"drop"
"SMIM5",2,2,3,0.175145854606469,0.645966023051671,1,"drop"
"DPP3",2,2,3,0.404131832985125,0.644993449717292,1,"drop"
"VPS50",2,2,3,-0.476836537520459,0.643715582896962,1,"drop"
"ATP23",2,2,3,0.642554210194858,0.642554210194858,1,"drop"
"ZUP1",2,2,3,-0.638559526332118,0.638559526332118,1,"drop"
"HSD17B7",2,2,3,0.386952565775705,0.636517182066383,1,"drop"
"GYPC",2,3,3,0.140976618402504,0.634094874077287,1,"drop"
"UNK",2,2,3,0.63108501024746,0.63108501024746,1,"drop"
"ZNF358",2,2,3,0.630885407051832,0.630885407051832,1,"drop"
"RPS27",2,3,3,0.630743945972095,0.630743945972095,0.000000000000000000000000000000000000000132089449877914,"drop"
"TST",2,2,3,0.031760883560274,0.629050253410074,1,"drop"
"VPS13B-DT",2,3,3,0.628491418648437,0.628491418648437,1,"drop"
"NLK",2,3,3,-0.627823688252637,0.627823688252637,1,"drop"
"NIPSNAP3B",2,2,3,0.332953744895972,0.625987805022606,1,"drop"
"LINC02384",2,3,3,-0.180628322150048,0.625080659859332,1,"drop"
"MIR22HG",2,3,3,0.0394410626173706,0.623001909105437,0.396244061103033,"drop"
"HLA-DOA",2,2,3,0.419171519407971,0.621111151029088,1,"drop"
"TRAF7",2,2,3,-0.620357093769794,0.620357093769794,1,"drop"
"RHEX",2,3,3,-0.416070847548876,0.620008233001072,0.445112282446512,"drop"
"THOC5",2,2,3,-0.41799821977371,0.617158144331311,1,"drop"
"EPB41",2,2,3,0.345606113166163,0.614000724037465,0.0861850906194343,"drop"
"KHDRBS2",2,2,3,0.0619388584179587,0.612400743775348,1,"drop"
"SMIM8",2,2,3,-0.611576477240466,0.611576477240466,1,"drop"
"FAN1",2,2,3,-0.611223520842434,0.611223520842434,1,"drop"
"SBF1",2,3,3,-0.182169988603834,0.608994643940323,1,"drop"
"SPATA6",2,2,3,-0.195240059159774,0.608935855216683,1,"drop"
"AGK",2,3,3,0.428583934747015,0.608580260621814,1,"drop"
"SP2",2,2,3,-0.0675651110658647,0.608363452503485,1,"drop"
"ZNF561",2,3,3,0.398436197481622,0.60833177025832,1,"drop"
"CARMIL1",2,3,3,-0.608031656529369,0.608031656529369,1,"drop"
"EXOSC10",2,2,3,-0.606778085002747,0.606778085002747,1,"drop"
"ZNF266",2,3,3,-0.606530497036732,0.606530497036732,1,"drop"
"LDAH",2,2,3,0.091335656474166,0.606161511285628,1,"drop"
"STK11IP",2,2,3,-0.264667193208112,0.60517349721268,1,"drop"
"P2RX1",2,3,3,-0.004740711139859,0.604534104911291,1,"drop"
"OPN3",2,2,3,0.277942852836447,0.603816441101433,1,"drop"
"P3H1",2,2,3,0.321732161495163,0.602770205986647,1,"drop"
"PAM",2,3,3,0.355824503608448,0.601872009294877,1,"drop"
"ZFP62",2,2,3,-0.600723411701246,0.600723411701246,1,"drop"
"UTP11",2,2,3,-0.0381427067386763,0.59966156926271,1,"drop"
"CD9",2,3,3,0.079491252119308,0.599079968745992,1,"drop"
"CCR2",2,2,3,-0.598003990381481,0.598003990381481,0.0000000000188676057014586,"drop"
"DNAJC13",2,2,3,-0.0609870361612933,0.597491789720013,0.441775584084791,"drop"
"ZNF134",2,2,3,0.597273930964563,0.597273930964563,1,"drop"
"GPAT3",2,2,3,0.596669128581597,0.596669128581597,1,"drop"
"CREG1",2,2,3,-0.596109384854991,0.596109384854991,1,"drop"
"FAM193A",2,3,3,0.3703749265382,0.595869446902432,1,"drop"
"PRKAB1",2,2,3,0.0816716885931607,0.594746159680565,1,"drop"
"DNAJB2",2,3,3,-0.267597878649848,0.594351402749878,1,"drop"
"SPECC1L",2,2,3,0.33080598140594,0.594293930599429,1,"drop"
"LYRM7",2,3,3,-0.246986822464075,0.591412385571683,1,"drop"
"DTHD1",2,3,3,-0.397909849947512,0.591139435677953,1,"drop"
"ANKRD52",2,3,3,0.590947940378191,0.590947940378191,1,"drop"
"KLRC1",2,2,3,0.590901463621736,0.590901463621736,1,"drop"
"AC022706.1",2,2,3,0.27844125150889,0.590479401484183,1,"drop"
"RGL2",2,2,3,0.238854044385988,0.589901833725309,1,"drop"
"PLA2G6",2,2,3,-0.588498000943274,0.588498000943274,1,"drop"
"CTNNA1",2,2,3,-0.588191820465104,0.588191820465104,1,"drop"
"NNT-AS1",2,2,3,-0.249444145552399,0.586905123657274,1,"drop"
"KMT5A",2,3,3,0.323115780152183,0.586642673749458,1,"drop"
"TRIT1",2,3,3,-0.583775046895405,0.583775046895405,1,"drop"
"PLPP5",2,2,3,0.58326054618213,0.58326054618213,0.00000268313528032078,"drop"
"PBX3",2,2,3,-0.0443158041296904,0.582091782404784,1,"drop"
"NAV1",2,2,3,-0.581224874830674,0.581224874830674,1,"drop"
"GEMIN6",2,2,3,-0.58114044093179,0.58114044093179,1,"drop"
"CEP164",2,3,3,-0.24299385777321,0.578977779957793,1,"drop"
"DUSP3",2,2,3,0.280850687486108,0.578607537914267,0.561255851932078,"drop"
"IMPDH1",2,2,3,0.314647599838272,0.578469568187008,1,"drop"
"VPS18",2,3,3,0.0857449964145104,0.57832427823885,1,"drop"
"PIAS4",2,2,3,-0.153190293200057,0.577955612756575,1,"drop"
"GPAT4",2,2,3,-0.577838488823651,0.577838488823651,1,"drop"
"ABI2",2,2,3,0.20178705188053,0.57713412768315,1,"drop"
"PKIG",2,3,3,-0.364359222236777,0.576688461131785,1,"drop"
"MANBA",2,2,3,0.576202581817115,0.576202581817115,1,"drop"
"MSN",2,2,3,-0.396405170414183,0.575118902759028,1,"drop"
"AC012368.1",2,2,3,-0.0814897736317423,0.57425766071115,1,"drop"
"RHOU",2,2,3,0.337721961770447,0.574124499752618,0.00291082474359176,"drop"
"TCTN1",2,3,3,0.571120488153273,0.571120488153273,1,"drop"
"DGCR8",2,3,3,-0.230038766366537,0.571106877334704,1,"drop"
"FNIP2",2,2,3,-0.569439279032734,0.569439279032734,1,"drop"
"LINC01003",2,2,3,0.398179850491824,0.568670319011472,1,"drop"
"TMEM175",2,2,3,0.359621667239393,0.567605226398465,1,"drop"
"NIPBL-DT",2,2,3,0.307258009437126,0.564682164494244,1,"drop"
"ELMOD2",2,3,3,-0.564176930149792,0.564176930149792,1,"drop"
"BEND5",2,2,3,-0.261807558461658,0.563401067349134,0.411736339061799,"drop"
"SPICE1",2,3,3,-0.224563151940341,0.562570128479245,1,"drop"
"RBM6",2,2,3,0.260029894999563,0.561900535049423,1,"drop"
"HSPBAP1",2,2,3,-0.561691069448338,0.561691069448338,1,"drop"
"TAGLN2",2,2,3,-0.216903109850501,0.559729175569562,0.000869462921899528,"drop"
"BCAP29",2,2,3,0.327916188553744,0.558806376693816,1,"drop"
"RPL36",2,2,3,0.558704472834998,0.558704472834998,0.00939141704520018,"drop"
"FKBP2",2,3,3,0.388161855489497,0.557905007381193,1,"drop"
"DCAF17",2,2,3,-0.556775263760348,0.556775263760348,1,"drop"
"HSCB",2,3,3,0.257230644810815,0.556249320274679,1,"drop"
"TXNDC15",2,2,3,-0.556137022136022,0.556137022136022,1,"drop"
"TOMM7",2,3,3,0.379504866786519,0.555628796766001,1,"drop"
"POT1",2,2,3,0.238942809663229,0.554548571453904,1,"drop"
"CDA",2,2,3,-0.553621773313998,0.553621773313998,1,"drop"
"TESK1",2,3,3,0.552221583389386,0.552221583389386,1,"drop"
"SULT1A1",2,2,3,-0.552194805140435,0.552194805140435,1,"drop"
"RXRB",2,3,3,-0.551809586080122,0.551809586080122,1,"drop"
"AC093673.1",2,2,3,0.167323637175446,0.550283645050159,1,"drop"
"COQ8A",2,3,3,-0.550095706326654,0.550095706326654,1,"drop"
"NSMF",2,3,3,-0.174457786924681,0.55008263443302,1,"drop"
"RAVER1",2,2,3,0.286869072524147,0.54849883309334,1,"drop"
"AL096870.8",2,3,3,0.548325692781458,0.548325692781458,1,"drop"
"LIN7A",2,2,3,-0.5478581507548,0.5478581507548,1,"drop"
"KANSL3",2,2,3,-0.0998373022408053,0.547312679364261,1,"drop"
"SAAL1",2,3,3,-0.126252118591269,0.547241289688657,1,"drop"
"SLC39A7",2,2,3,0.372265023745979,0.547217679716412,1,"drop"
"DNAJC10",2,3,3,0.546895852478511,0.546895852478511,1,"drop"
"PRR34-AS1",2,2,3,0.545531255366203,0.545531255366203,1,"drop"
"PHTF1",2,2,3,0.231787116870251,0.542125408124306,1,"drop"
"SLC31A2",2,2,3,-0.54053200626099,0.54053200626099,0.000501976566209868,"drop"
"NFAM1",2,2,3,-0.364022577826667,0.539438491631985,1,"drop"
"HBEGF",2,2,3,0.539360168604569,0.539360168604569,1,"drop"
"TOMM34",2,3,3,0.360083708025814,0.539118142148918,1,"drop"
"WDR12",2,2,3,-0.0488456154654973,0.537704313438173,1,"drop"
"SLC35A5",2,3,3,-0.535555836377333,0.535555836377333,1,"drop"
"ERCC1",2,2,3,-0.534338672070161,0.534338672070161,1,"drop"
"SFXN4",2,2,3,0.534250865029766,0.534250865029766,1,"drop"
"BSCL2",2,3,3,-0.203152954409172,0.534101119560981,1,"drop"
"GCNT2",2,2,3,-0.059541144328597,0.532975101610079,1,"drop"
"GIT1",2,2,3,0.250844986825184,0.532762387421612,1,"drop"
"PITHD1",2,2,3,-0.532216482708373,0.532216482708373,0.0947021160686825,"drop"
"PRRC2B",2,3,3,0.359730720143745,0.530824170555074,1,"drop"
"CSTF1",2,2,3,-0.530174145671004,0.530174145671004,1,"drop"
"SLC30A9",2,2,3,0.0280821227952747,0.529003098650387,1,"drop"
"AC004148.1",2,2,3,0.528494046620677,0.528494046620677,1,"drop"
"KCTD5",2,2,3,0.150729621877255,0.528053960232769,1,"drop"
"FAM98A",2,2,3,-0.527048189110482,0.527048189110482,1,"drop"
"VAV1",2,2,3,-0.526299229925484,0.526299229925484,0.0318594860877326,"drop"
"SLC52A2",2,3,3,-0.525948004234969,0.525948004234969,1,"drop"
"QSER1",2,2,3,0.525625338122948,0.525625338122948,1,"drop"
"PPP1R16A",2,2,3,-0.305605656520369,0.525172413314328,1,"drop"
"C7orf26",2,2,3,0.237157467219367,0.524786352476702,1,"drop"
"UCKL1",2,3,3,-0.524635607975359,0.524635607975359,1,"drop"
"PTGDS",2,2,3,-0.251610859970723,0.524409215278887,1,"drop"
"GOT2",2,3,3,0.347195761799257,0.523908354892675,1,"drop"
"PTTG1",2,3,3,-0.300964845415302,0.523729221537463,1,"drop"
"GRINA",2,2,3,0.100598324784885,0.523549098056179,1,"drop"
"EPS15",2,3,3,-0.122552827048222,0.523457136351889,1,"drop"
"APPL2",2,2,3,0.523149472320544,0.523149472320544,1,"drop"
"VAMP1",2,2,3,0.055728369418033,0.522863104787421,1,"drop"
"WDR59",2,2,3,0.290144063583002,0.522793710246396,1,"drop"
"TTPAL",2,2,3,-0.209605342144238,0.522104886307311,1,"drop"
"UBE2V1",2,3,3,-0.189624371250698,0.52153911902769,1,"drop"
"ARHGAP27",2,3,3,0.129186228083541,0.520907026682102,1,"drop"
"TOR1A",2,3,3,0.245340729098005,0.519553943619357,1,"drop"
"SLC9A8",2,3,3,0.519496324806708,0.519496324806708,1,"drop"
"TNKS",2,2,3,-0.0468643855445993,0.519103480421991,1,"drop"
"DUS4L",2,3,3,0.238291476838357,0.519007205336934,1,"drop"
"PTK2",2,3,3,0.289410770007851,0.516926202199611,1,"drop"
"FKBP14",2,2,3,-0.276905617872862,0.51660600141667,1,"drop"
"TTC21B",2,2,3,0.28994965040039,0.515857750922026,1,"drop"
"MZT2B",2,2,3,-0.249744495209646,0.515671199672244,1,"drop"
"ODF3B",2,2,3,0.515666363790031,0.515666363790031,1,"drop"
"L3MBTL2",2,3,3,-0.515320474101059,0.515320474101059,1,"drop"
"ALKBH3",2,2,3,-0.515310742426574,0.515310742426574,1,"drop"
"LILRB3",2,2,3,-0.515306254843308,0.515306254843308,1,"drop"
"MINK1",2,2,3,0.333154599516896,0.513865990461737,1,"drop"
"TM9SF3",2,2,3,0.0764334561306246,0.513343521718202,1,"drop"
"CENPW",2,2,3,0.234843162930426,0.511812742083157,1,"drop"
"PHF2",2,2,3,-0.290867789488228,0.510959500323533,1,"drop"
"TARBP2",2,2,3,-0.0757816651150923,0.510527993035136,1,"drop"
"MSR1",2,3,3,-0.121325955843747,0.509933901821438,1,"drop"
"SMYD3",2,3,3,-0.15521554537429,0.509739728968531,1,"drop"
"METTL6",2,2,3,0.193413753223699,0.509726068986063,1,"drop"
"CPT2",2,3,3,-0.508798521301992,0.508798521301992,1,"drop"
"TNFRSF25",2,3,3,-0.0737808849713016,0.508636280444321,1,"drop"
"QSOX1",2,2,3,-0.293975561277909,0.508123547321206,1,"drop"
"POLR1B",2,2,3,-0.0533833079738797,0.507370865594962,1,"drop"
"TSC2",2,2,3,0.506890436775052,0.506890436775052,1,"drop"
"MED12",2,2,3,0.260212841317815,0.506717432123817,1,"drop"
"RPUSD4",2,2,3,-0.506384186600812,0.506384186600812,1,"drop"
"CEP192",2,3,3,-0.338176019439792,0.505232164849491,1,"drop"
"THUMPD2",2,3,3,0.302083135060611,0.50466871216148,1,"drop"
"TPT1-AS1",2,2,3,0.30393820394873,0.504423276656242,1,"drop"
"SETDB1",2,2,3,-0.262873104245652,0.503547224451438,1,"drop"
"KIZ",2,2,3,0.28377129331539,0.502914284800712,1,"drop"
"TRIM21",2,2,3,-0.314657487336957,0.501431630548011,1,"drop"
"POLM",2,3,3,-0.501417568877403,0.501417568877403,1,"drop"
"MRPS21",2,2,3,-0.139511781291028,0.500669401628089,1,"drop"
"C1orf54",2,2,3,0.500341937696128,0.500341937696128,1,"drop"
"AGPAT5",2,3,3,-0.163614948816142,0.499784580497938,1,"drop"
"DACH1",2,3,3,0.189473638868913,0.499745167159573,1,"drop"
"GLT1D1",2,2,3,-0.499447788267229,0.499447788267229,1,"drop"
"NTHL1",2,3,3,-0.497325223211649,0.497325223211649,1,"drop"
"GLE1",2,2,3,-0.28114815322863,0.497167684260627,1,"drop"
"WASHC5",2,2,3,0.295472685680014,0.496627776317226,1,"drop"
"PLEKHG3",2,2,3,-0.496574451225638,0.496574451225638,1,"drop"
"GSS",2,2,3,-0.292044310016535,0.494683137976331,1,"drop"
"PRPF19",2,2,3,-0.494471383631783,0.494471383631783,1,"drop"
"JAK2",2,3,3,0.49342515399806,0.49342515399806,1,"drop"
"WRNIP1",2,2,3,-0.26631082409354,0.492524809225672,1,"drop"
"ZNF701",2,2,3,-0.0320312861919557,0.492207215696415,1,"drop"
"SRGAP2B",2,2,3,-0.491790965114727,0.491790965114727,0.923117121480421,"drop"
"GOLGA5",2,2,3,-0.491052951169863,0.491052951169863,1,"drop"
"PNKP",2,2,3,-0.491042832756674,0.491042832756674,1,"drop"
"DLGAP1-AS1",2,2,3,0.490762962618749,0.490762962618749,1,"drop"
"EPB41L2",2,2,3,0.489972742286057,0.489972742286057,1,"drop"
"GNA15",2,3,3,-0.489703738234584,0.489703738234584,1,"drop"
"GPS2",2,2,3,0.205302974502651,0.489255263123503,1,"drop"
"YWHAQ",2,2,3,0.22423982985558,0.489246831160956,1,"drop"
"SMAD1",2,3,3,-0.488086352166611,0.488086352166611,1,"drop"
"PCNX3",2,3,3,-0.165569387499638,0.487739788134967,1,"drop"
"KLHDC10",2,3,3,-0.487298308466421,0.487298308466421,1,"drop"
"MAPK8IP3",2,2,3,0.315286340864327,0.485941377330583,1,"drop"
"ZNF680",2,3,3,-0.483581367892566,0.483581367892566,1,"drop"
"METTL25",2,2,3,-0.252891294975887,0.482860810493275,1,"drop"
"AL050309.1",2,3,3,-0.24573106624296,0.480767004643192,1,"drop"
"CLUAP1",2,2,3,-0.480561947587934,0.480561947587934,1,"drop"
"PCYOX1",2,3,3,0.479626001634018,0.479626001634018,1,"drop"
"HK3",2,2,3,-0.244210465974564,0.479603751677817,1,"drop"
"MAFK",2,3,3,-0.307400543477042,0.479410268375798,1,"drop"
"AAAS",2,2,3,-0.08766428253683,0.478090222498835,1,"drop"
"KIAA0513",2,2,3,0.00104387203482266,0.478025506527499,1,"drop"
"FCHO1",2,2,3,-0.107892304617492,0.478004817985484,1,"drop"
"TCEAL3",2,3,3,-0.477089056611024,0.477089056611024,1,"drop"
"B4GALT3",2,2,3,-0.476842083517912,0.476842083517912,0.339963955099548,"drop"
"AIG1",2,2,3,-0.294373153579184,0.476537142952325,1,"drop"
"TMEM14A",2,2,3,0.475897625658493,0.475897625658493,1,"drop"
"RPS23",2,2,3,0.284422821973005,0.475569364960233,0.00745809042466946,"drop"
"POLR2D",2,2,3,-0.291417831137225,0.474507363134204,1,"drop"
"PRSS23",2,2,3,0.474443040665259,0.474443040665259,1,"drop"
"ACPP",2,2,3,0.209469627106444,0.474022025875302,1,"drop"
"EOMES",2,2,3,-0.472983379106618,0.472983379106618,1,"drop"
"BET1",2,2,3,-0.157017430217645,0.472628927947435,1,"drop"
"AL158152.1",2,2,3,-0.472492032525288,0.472492032525288,1,"drop"
"ANKFY1",2,2,3,-0.472174854987637,0.472174854987637,1,"drop"
"FAM135A",2,2,3,0.302323437321413,0.471751289546103,1,"drop"
"DOP1B",2,2,3,0.274500078293146,0.469150009505323,1,"drop"
"DLST",2,3,3,0.468797428374073,0.468797428374073,1,"drop"
"SPIDR",2,3,3,0.111886859245594,0.468268203111682,1,"drop"
"KRI1",2,2,3,-0.468214997867778,0.468214997867778,1,"drop"
"FDX1",2,3,3,-0.280382678272041,0.46813784192957,0.034080235633175,"drop"
"TBC1D13",2,3,3,0.0445112248497433,0.46806010151228,1,"drop"
"UFC1",2,3,3,-0.467871669320851,0.467871669320851,1,"drop"
"FNBP1",2,2,3,0.160185725114585,0.467487135576714,1,"drop"
"AK5",2,2,3,-0.180630950029377,0.466778238910576,1,"drop"
"PDLIM5",2,2,3,0.464587769892017,0.464587769892017,1,"drop"
"CHERP",2,2,3,-0.464520995417452,0.464520995417452,1,"drop"
"CYREN",2,2,3,-0.119026780635124,0.463736182277688,1,"drop"
"BTN2A2",2,3,3,0.216283804391142,0.463642755744112,1,"drop"
"BUD13",2,2,3,0.204569301176152,0.462779076394665,1,"drop"
"ATG4A",2,3,3,0.226580803085569,0.462665446789038,1,"drop"
"CD200",2,2,3,-0.00342933247815101,0.462545430751609,1,"drop"
"MAP3K2-DT",2,2,3,0.190096600359055,0.462257169834501,1,"drop"
"TVP23B",2,2,3,-0.228979701432252,0.462172981267265,1,"drop"
"CDK16",2,2,3,0.0798271330187023,0.46211469244709,1,"drop"
"NQO2",2,2,3,0.231240375462656,0.461612633799877,1,"drop"
"GDE1",2,2,3,-0.461223455045678,0.461223455045678,1,"drop"
"LETM1",2,2,3,-0.0447558811290047,0.460742838387601,1,"drop"
"JTB",2,2,3,0.13258530474522,0.460059651175289,1,"drop"
"VPS39",2,2,3,-0.086151297459519,0.4597154875329,1,"drop"
"FRS2",2,3,3,0.459232428395263,0.459232428395263,1,"drop"
"RAN",2,3,3,0.291036401076218,0.459154578064268,1,"drop"
"RPS6KC1",2,2,3,0.458970788059938,0.458970788059938,1,"drop"
"GRK3",2,2,3,0.458242399244248,0.458242399244248,1,"drop"
"SERPING1",2,2,3,0.00777598562054001,0.455613349555005,1,"drop"
"MUS81",2,3,3,-0.0870166402150027,0.454705989555935,1,"drop"
"SLC35B4",2,2,3,0.454280687488072,0.454280687488072,1,"drop"
"XPNPEP1",2,2,3,-0.096154612038958,0.454229921045272,1,"drop"
"SPOUT1",2,2,3,-0.453510085690023,0.453510085690023,1,"drop"
"MOB3B",2,3,3,0.138425847740159,0.452376883849551,1,"drop"
"APEH",2,2,3,-0.227357092979385,0.452042779904498,1,"drop"
"PARP11",2,3,3,0.041312660875173,0.450802716281607,1,"drop"
"LINC01678",2,2,3,-0.234343223693609,0.4506726765662,1,"drop"
"SIGMAR1",2,2,3,-0.142871083994951,0.450204058676973,1,"drop"
"RPE",2,3,3,-0.449607831206629,0.449607831206629,1,"drop"
"NFKBIL1",2,2,3,-0.237681884578603,0.449546317133587,1,"drop"
"ARID3A",2,3,3,0.449254775063576,0.449254775063576,1,"drop"
"SOD1",2,3,3,0.448355060096952,0.448355060096952,1,"drop"
"NBPF11",2,3,3,-0.246449795381215,0.447657009546294,1,"drop"
"LRFN4",2,2,3,0.0324585173731293,0.446852352257643,1,"drop"
"IRF4",2,3,3,0.060952625432849,0.446253792847204,1,"drop"
"CFL1",2,2,3,-0.446218396726519,0.446218396726519,1,"drop"
"DUSP28",2,2,3,0.445851452663658,0.445851452663658,1,"drop"
"TAF6",2,3,3,0.272254579672916,0.445777065577329,1,"drop"
"TTLL7",2,3,3,0.445638253115013,0.445638253115013,1,"drop"
"MAP2K5",2,3,3,-0.445417735007511,0.445417735007511,1,"drop"
"OPA1",2,2,3,0.23354717112222,0.444732934252772,1,"drop"
"SDHAF4",2,3,3,0.443797318696554,0.443797318696554,1,"drop"
"WDR77",2,3,3,-0.442897119202871,0.442897119202871,1,"drop"
"APMAP",2,2,3,-0.208607058559287,0.441782289725783,1,"drop"
"HDGFL3",2,2,3,-0.441484479826293,0.441484479826293,1,"drop"
"HINT1",2,2,3,0.258120156749409,0.438688433028104,1,"drop"
"C19orf12",2,2,3,-0.124566352799367,0.438382059794855,1,"drop"
"LINC01409",2,2,3,0.438185222522678,0.438185222522678,1,"drop"
"CENPV",2,3,3,0.438179470792116,0.438179470792116,1,"drop"
"SLC39A4",2,2,3,-0.437462985307101,0.437462985307101,1,"drop"
"SNAPIN",2,2,3,-0.0673584649815637,0.435662852847156,1,"drop"
"SELENOF",2,2,3,0.066459319626001,0.434665060736792,1,"drop"
"AP002387.2",2,3,3,0.218328604210366,0.43435141958974,1,"drop"
"KARS",2,2,3,-0.432232614357536,0.432232614357536,0.148797543444941,"drop"
"NCSTN",2,2,3,-0.431985547030286,0.431985547030286,1,"drop"
"LUCAT1",2,2,3,-0.240917600007083,0.431835778384976,1,"drop"
"ADPRHL2",2,2,3,-0.183764343151458,0.431822836162856,1,"drop"
"ZMIZ1",2,2,3,0.431806222082661,0.431806222082661,1,"drop"
"RDX",2,3,3,-0.431509320881956,0.431509320881956,1,"drop"
"SAC3D1",2,2,3,-0.233870351356879,0.43135518582285,0.204448032889422,"drop"
"KIAA1191",2,2,3,0.232823734007251,0.430987698372723,1,"drop"
"TWSG1",2,3,3,-0.090538863441377,0.43094950745361,1,"drop"
"FTSJ3",2,2,3,0.247543531176896,0.430579296830591,1,"drop"
"DENND1B",2,2,3,0.235384217185256,0.43034533708339,1,"drop"
"SHISAL2A",2,3,3,-0.249931961842741,0.429803761267327,1,"drop"
"MSH6",2,2,3,0.162843699723536,0.429611930540609,1,"drop"
"VRK2",2,2,3,-0.15778160738758,0.429110738929537,1,"drop"
"ZMYND8",2,2,3,0.137231210339628,0.428080890793858,1,"drop"
"DAP3",2,2,3,-0.42707198632666,0.42707198632666,1,"drop"
"ADAM28",2,2,3,0.192544603566234,0.427044054043597,1,"drop"
"WDR83OS",2,2,3,-0.426336010896489,0.426336010896489,1,"drop"
"HACD2",2,2,3,-0.426014491490518,0.426014491490518,1,"drop"
"EIF4A2",2,2,3,0.223065727871415,0.424776895786151,1,"drop"
"EIF4A1",2,2,3,-0.423550956469712,0.423550956469712,1,"drop"
"TMEM216",2,2,3,-0.423393715034781,0.423393715034781,1,"drop"
"GEMIN2",2,3,3,0.106127793088806,0.422365286048613,1,"drop"
"CALML4",2,2,3,-0.168328464699355,0.42234178137713,1,"drop"
"PAK2",2,2,3,-0.421308614122738,0.421308614122738,1,"drop"
"CRKL",2,2,3,0.420656404265565,0.420656404265565,1,"drop"
"TSPYL4",2,2,3,0.419591435285813,0.419591435285813,1,"drop"
"BARD1",2,2,3,-0.1878096946902,0.419581051829318,1,"drop"
"DGCR2",2,2,3,0.114136942344803,0.419427851736002,1,"drop"
"EIF4EBP1",2,3,3,0.140587586786262,0.418738812735571,1,"drop"
"RPL5",2,3,3,0.240501185234572,0.418335733353635,0.537962213256314,"drop"
"AC018521.5",2,2,3,-0.051616922622854,0.417950672944955,1,"drop"
"NUCKS1",2,2,3,0.129316802778811,0.417728812652707,1,"drop"
"TGFBRAP1",2,3,3,-0.185598908441955,0.417502581441399,1,"drop"
"SOAT1",2,2,3,-0.235244540414006,0.417337689730106,1,"drop"
"TOGARAM1",2,2,3,-0.412465774927345,0.412465774927345,1,"drop"
"MCUR1",2,3,3,-0.024001265780708,0.409762495411343,1,"drop"
"BCL6",2,2,3,-0.409047764941202,0.409047764941202,1,"drop"
"TMEM44-AS1",2,2,3,-0.0585344493867696,0.40820293582173,1,"drop"
"ZNF100",2,2,3,-0.407925289526799,0.407925289526799,1,"drop"
"TNK2",2,2,3,0.000989202763812665,0.407289315290517,1,"drop"
"ERCC3",2,2,3,-0.12313455547855,0.407139264411306,1,"drop"
"ALDH7A1",2,2,3,0.221183284592173,0.406567122426605,1,"drop"
"MAN2C1",2,3,3,0.090639586697301,0.405854186480749,1,"drop"
"AXIN1",2,2,3,-0.405055613019247,0.405055613019247,1,"drop"
"PNRC1",2,2,3,-0.161682511761838,0.404143329986228,0.131398643010326,"drop"
"COG4",2,3,3,0.0553434336607367,0.404023611964241,1,"drop"
"ZC3H3",2,3,3,-0.110925369050473,0.403911746228748,1,"drop"
"IGSF6",2,2,3,-0.141421872837295,0.403824658121998,0.00000295735209697406,"drop"
"ZMPSTE24",2,3,3,0.402244542497996,0.402244542497996,1,"drop"
"SH2B2",2,3,3,0.02301559531121,0.401585009745305,1,"drop"
"SOX4",2,2,3,0.400979379418094,0.400979379418094,1,"drop"
"CYB5D2",2,2,3,-0.400723519726687,0.400723519726687,1,"drop"
"IK",2,3,3,0.400622833008695,0.400622833008695,1,"drop"
"FAM228B",2,2,3,-0.398806858288226,0.398806858288226,1,"drop"
"CNOT3",2,2,3,-0.398385186929185,0.398385186929185,1,"drop"
"AZIN1-AS1",2,3,3,-0.397654240697732,0.397654240697732,1,"drop"
"METAP1",2,3,3,-0.169608381324858,0.397583803922328,1,"drop"
"TMEM69",2,3,3,-0.212905933499003,0.397005892507214,1,"drop"
"NACA",2,2,3,0.188768590678348,0.39665979244903,1,"drop"
"AL365272.1",2,2,3,0.142046104789002,0.395738659626939,1,"drop"
"TBC1D31",2,2,3,-0.395026085548849,0.395026085548849,1,"drop"
"ATG2B",2,2,3,-0.145085848837408,0.394684310762859,1,"drop"
"PMM1",2,2,3,-0.393331596344414,0.393331596344414,1,"drop"
"FADS1",2,3,3,-0.164032613629132,0.393248971512522,1,"drop"
"ATP5MC2",2,3,3,-0.198086780834713,0.393238411911737,1,"drop"
"BRAT1",2,2,3,-0.392299740497016,0.392299740497016,1,"drop"
"AC064807.1",2,2,3,-0.0111092282746497,0.392105172112047,1,"drop"
"MKRN2",2,2,3,-0.0605646507438743,0.391816620975398,1,"drop"
"AIFM1",2,2,3,-0.188397844613865,0.390610398109224,1,"drop"
"HHEX",2,2,3,0.390168112072706,0.390168112072706,1,"drop"
"CYBA",2,2,3,0.082969361866548,0.389876393125352,1,"drop"
"TFCP2",2,2,3,0.153273952229135,0.389833087913881,1,"drop"
"MAP2K4",2,3,3,0.0691892977949973,0.389342648986737,1,"drop"
"LSM12",2,2,3,-0.388737638055249,0.388737638055249,1,"drop"
"CSRP1",2,2,3,-0.127683130949461,0.388053547614846,1,"drop"
"PRKAB2",2,2,3,0.00688288624092801,0.388036018970065,1,"drop"
"TOMM6",2,2,3,-0.15113057024748,0.386436536898322,1,"drop"
"ARHGAP22",2,3,3,-0.126795607963332,0.385709175181633,1,"drop"
"MRM3",2,2,3,-0.0588149148921053,0.385628911713317,1,"drop"
"PRRC2C",2,2,3,0.137527292933716,0.384834944715104,0.111229854963188,"drop"
"TGOLN2",2,2,3,-0.189311228785232,0.38459629910811,1,"drop"
"LINC00467",2,3,3,-0.148339237738421,0.383973279608675,1,"drop"
"ADCK2",2,3,3,-0.38366713745222,0.38366713745222,1,"drop"
"TAF10",2,2,3,0.101181374034103,0.383460962953877,1,"drop"
"ATP1B1",2,3,3,-0.178433305925113,0.383369291733523,1,"drop"
"SPATC1L",2,3,3,-0.155403628254403,0.383224230742125,1,"drop"
"DHX37",2,2,3,0.175823711198683,0.383187064802305,1,"drop"
"RGS9",2,2,3,0.057788255482448,0.383030243650643,1,"drop"
"ZNF592",2,2,3,-0.187362178471581,0.381991710910718,1,"drop"
"UBE2N",2,2,3,-0.381827162562475,0.381827162562475,1,"drop"
"HIST1H3H",2,2,3,0.381555080190757,0.381555080190757,1,"drop"
"SACS",2,3,3,0.212906005713276,0.38125731778337,1,"drop"
"RUSC1",2,2,3,0.015075808613605,0.380709663693126,1,"drop"
"RPL18",2,3,3,0.165320878104607,0.380627738697181,0.00072702154894737,"drop"
"MPC1",2,2,3,0.376515837656535,0.376515837656535,1,"drop"
"DEF8",2,2,3,-0.101424554504772,0.376334246218866,1,"drop"
"AMDHD2",2,2,3,-0.0648186055307463,0.375655645019202,1,"drop"
"ZNF32",2,2,3,-0.140346902828643,0.375171060017005,1,"drop"
"ZNF84",2,2,3,-0.206266409093346,0.374975339929824,1,"drop"
"ATP5PF",2,2,3,0.103651023113953,0.374966058931378,1,"drop"
"CD300C",2,3,3,0.152000158290564,0.374687032695969,1,"drop"
"LINC01934",2,2,3,-0.374044356637364,0.374044356637364,1,"drop"
"FPGS",2,2,3,-0.0895345479268737,0.372175754907009,1,"drop"
"MS4A4E",2,2,3,0.371519528508984,0.371519528508984,1,"drop"
"PISD",2,2,3,-0.371380149392261,0.371380149392261,1,"drop"
"NDUFA4",2,2,3,0.148246300270922,0.370654904281909,1,"drop"
"HS6ST1",2,3,3,0.117172904216831,0.369153449218241,1,"drop"
"MIIP",2,3,3,-0.368222644439056,0.368222644439056,1,"drop"
"SS18L2",2,3,3,0.143715416110805,0.368148541064875,1,"drop"
"SRGAP2",2,2,3,-0.36807551133019,0.36807551133019,1,"drop"
"GCSH",2,3,3,0.10858429186484,0.367753268768907,1,"drop"
"FLT3LG",2,2,3,0.124763703545904,0.367609105815392,1,"drop"
"CMTM7",2,3,3,-0.367196431552869,0.367196431552869,1,"drop"
"HMOX1",2,2,3,0.072229274637365,0.366196275315621,1,"drop"
"PGM2",2,2,3,-0.122874289563147,0.365951023865356,1,"drop"
"MRPL49",2,3,3,-0.120351055304988,0.365638393764858,1,"drop"
"MAP7",2,2,3,-0.363712210082092,0.363712210082092,1,"drop"
"ARNTL",2,2,3,0.114611376212823,0.362666344433804,1,"drop"
"FTO",2,2,3,-0.361950742905189,0.361950742905189,1,"drop"
"AC013264.1",2,2,3,-0.137027598233231,0.361839752282906,1,"drop"
"CHCHD10",2,3,3,-0.361691504135578,0.361691504135578,1,"drop"
"RP2",2,3,3,-0.360784335219329,0.360784335219329,1,"drop"
"CNOT2",2,2,3,0.35932033174632,0.35932033174632,1,"drop"
"THOP1",2,2,3,-0.358784664141055,0.358784664141055,1,"drop"
"RPL8",2,3,3,0.185906473318491,0.358242092694819,0.111385582403346,"drop"
"EEF2",2,3,3,-0.101175614532776,0.356966262138043,1,"drop"
"STK4",2,2,3,0.0735076383832457,0.356928167865304,1,"drop"
"ATRAID",2,2,3,0.0640633363908917,0.356855477191381,1,"drop"
"ZDHHC5",2,3,3,-0.35674983940704,0.35674983940704,1,"drop"
"UBIAD1",2,2,3,0.104927112939445,0.356725525026218,1,"drop"
"SEC23IP",2,3,3,-0.105105766741646,0.356218966472517,1,"drop"
"C11orf58",2,3,3,0.172846398413612,0.355233678927099,1,"drop"
"ENTPD1-AS1",2,2,3,-0.0931645221935643,0.354469463003946,1,"drop"
"EIF3K",2,3,3,0.158151763875937,0.352858448369487,1,"drop"
"TRAP1",2,3,3,-0.352254048971655,0.352254048971655,1,"drop"
"SF3B5",2,3,3,-0.161666109571108,0.352118999901139,1,"drop"
"CHST15",2,2,3,-0.351607591498999,0.351607591498999,1,"drop"
"FTL",2,2,3,-0.351256098066676,0.351256098066676,0.0139652561627796,"drop"
"SMC1A",2,2,3,-0.347968124700095,0.347968124700095,1,"drop"
"SMARCC1",2,2,3,-0.172289182150216,0.346937614502518,1,"drop"
"NACC1",2,3,3,-0.346486247071329,0.346486247071329,1,"drop"
"DLAT",2,2,3,0.12741734429482,0.346471338551474,1,"drop"
"INTS2",2,3,3,-0.047468145281748,0.34635305502421,1,"drop"
"GCDH",2,2,3,-0.346052380684075,0.346052380684075,1,"drop"
"THEMIS",2,2,3,-0.106172754308712,0.344753001465695,1,"drop"
"CBWD2",2,2,3,-0.344449522096812,0.344449522096812,1,"drop"
"IFT27",2,2,3,-0.132009516674189,0.343813099793453,1,"drop"
"KATNAL1",2,3,3,-0.156188372743391,0.342683695187637,1,"drop"
"MMP25-AS1",2,2,3,-0.342212191200274,0.342212191200274,1,"drop"
"COX5B",2,3,3,-0.153545814538491,0.341292828356903,1,"drop"
"BLNK",2,3,3,-0.091930778989614,0.341067075827502,1,"drop"
"NSUN4",2,2,3,0.0643840481040927,0.340809401449656,1,"drop"
"PPM1F",2,2,3,-0.340699727681441,0.340699727681441,1,"drop"
"PSME1",2,3,3,-0.122963892482124,0.340665924356606,1,"drop"
"ALDH1A1",2,2,3,-0.340437548404542,0.340437548404542,1,"drop"
"STARD7",2,2,3,0.160695934165059,0.340209304023412,1,"drop"
"MGMT",2,2,3,-0.140921781432287,0.340144363271343,1,"drop"
"ZDHHC16",2,3,3,-0.113477398939322,0.338887814342027,1,"drop"
"VAMP3",2,3,3,0.14112405697866,0.338651060982538,1,"drop"
"COX7A2",2,2,3,-0.113446545722537,0.337399889379135,1,"drop"
"TRPT1",2,2,3,-0.336712290666155,0.336712290666155,1,"drop"
"RALB",2,2,3,-0.132925362769979,0.335916292240311,1,"drop"
"RPL7A",2,3,3,0.128552342841408,0.335642169417756,0.00102658715500022,"drop"
"RPL6",2,3,3,0.149489876447127,0.33560806795965,0.00758953959205771,"drop"
"NCR3",2,2,3,-0.335355655855913,0.335355655855913,1,"drop"
"CLEC7A",2,3,3,0.141121240347811,0.335215809971998,1,"drop"
"ZNF277",2,3,3,-0.334217655155549,0.334217655155549,1,"drop"
"ZNF557",2,2,3,-0.332850505175767,0.332850505175767,1,"drop"
"ST3GAL4",2,2,3,-0.332594941946879,0.332594941946879,1,"drop"
"RBM19",2,2,3,-0.0730362218536213,0.332002746467216,1,"drop"
"SNX4",2,3,3,0.156530583854761,0.33197671963231,1,"drop"
"WRN",2,3,3,0.1191983175409,0.33170532608558,1,"drop"
"NR2C1",2,3,3,0.121034664778755,0.330461876290792,1,"drop"
"AC139530.1",2,2,3,0.157710559926012,0.330093383035132,1,"drop"
"AEN",2,2,3,-0.329321530227098,0.329321530227098,1,"drop"
"MFSD12",2,3,3,-0.157289757427868,0.328148806633164,1,"drop"
"TIMM13",2,3,3,-0.152846655773094,0.327508606987749,1,"drop"
"METTL3",2,2,3,-0.132218243125822,0.327442116864326,1,"drop"
"ITM2A",2,2,3,-0.326815174296833,0.326815174296833,1,"drop"
"VNN2",2,3,3,0.325397581684656,0.325397581684656,1,"drop"
"UMPS",2,2,3,-0.324985896366118,0.324985896366118,1,"drop"
"NCAPD2",2,2,3,-0.324801348357792,0.324801348357792,1,"drop"
"CSPP1",2,2,3,-0.324596540222958,0.324596540222958,1,"drop"
"RNFT1",2,2,3,-0.322770714045996,0.322770714045996,1,"drop"
"BTK",2,3,3,0.118660661431718,0.322286171055151,1,"drop"
"PPP1R12C",2,2,3,-0.148052114909349,0.322056006001244,1,"drop"
"RAB14",2,2,3,0.123960019214579,0.321501691776266,1,"drop"
"BTBD2",2,2,3,0.139097668739153,0.320555146466684,1,"drop"
"SRF",2,3,3,-0.319764879913548,0.319764879913548,1,"drop"
"SLC15A3",2,2,3,0.319558994535031,0.319558994535031,1,"drop"
"TRMT61B",2,2,3,-0.0539045901233083,0.319149454544175,1,"drop"
"MSH2",2,3,3,0.135265976023723,0.318833876650373,1,"drop"
"STIM2",2,3,3,-0.131401404776838,0.31877692965341,1,"drop"
"TMEM9",2,2,3,-0.318331111632215,0.318331111632215,1,"drop"
"NAGLU",2,3,3,0.11834750652018,0.318243191545097,1,"drop"
"AAK1",2,2,3,0.317367519178749,0.317367519178749,1,"drop"
"MT-ND5",2,2,3,-0.114079655892549,0.317155360451721,0.0000000021799203270918,"drop"
"GZMH",2,2,3,-0.316125897521854,0.316125897521854,1,"drop"
"ARGLU1",2,2,3,0.316060891459246,0.316060891459246,1,"drop"
"PSMG1",2,3,3,-0.061302824582172,0.315174093530781,1,"drop"
"ZNF621",2,3,3,-0.314482092721666,0.314482092721666,1,"drop"
"TAF6L",2,3,3,0.101889668977227,0.314141691958732,1,"drop"
"IDH3B",2,2,3,-0.313738690854091,0.313738690854091,1,"drop"
"XRCC5",2,2,3,-0.312687451380504,0.312687451380504,1,"drop"
"PSMA2",2,2,3,-0.311264927926451,0.311264927926451,1,"drop"
"NDUFB10",2,3,3,-0.124460747970358,0.310634541431237,1,"drop"
"COMMD6",2,2,3,-0.133873187211007,0.309514754790594,1,"drop"
"RAB3IP",2,3,3,0.105638831665162,0.308423146307773,1,"drop"
"FGD2",2,2,3,-0.307748907926545,0.307748907926545,0.236120877817952,"drop"
"MRPL54",2,2,3,0.306673353350131,0.306673353350131,1,"drop"
"FAS",2,2,3,-0.306365137175347,0.306365137175347,1,"drop"
"MRPL35",2,2,3,-0.1229513423642,0.305777390515816,1,"drop"
"RGP1",2,2,3,-0.138621787170373,0.305312669556903,1,"drop"
"MRS2",2,2,3,-0.305000499657977,0.305000499657977,1,"drop"
"HSD17B8",2,2,3,0.124931085516035,0.304344654801985,1,"drop"
"FBXO45",2,3,3,-0.124786314895981,0.302010678125848,1,"drop"
"HMBS",2,2,3,-0.0875650634690003,0.301128571633798,1,"drop"
"TPRA1",2,2,3,0.122339018931515,0.300958913416855,1,"drop"
"SLC29A3",2,3,3,0.126032086494833,0.300000059272144,1,"drop"
"IGBP1",2,3,3,-0.299533216099729,0.299533216099729,1,"drop"
"RIPOR1",2,2,3,-0.29819312615052,0.29819312615052,1,"drop"
"HGSNAT",2,2,3,0.117550970241117,0.297768791278989,1,"drop"
"MARCH1",2,3,3,-0.296933046043951,0.296933046043951,0.302091657155683,"drop"
"RBBP4",2,3,3,0.296312968048811,0.296312968048811,1,"drop"
"FBP1",2,2,3,-0.293916021704258,0.293916021704258,1,"drop"
"HNRNPM",2,2,3,-0.0592257373874097,0.291802453569774,1,"drop"
"CCDC58",2,2,3,0.0911584014586113,0.291352591295557,1,"drop"
"GTPBP10",2,2,3,0.105308448230898,0.291177685603816,1,"drop"
"MAPK3",2,3,3,0.0629997491334117,0.28930316295229,1,"drop"
"RPS3A",2,2,3,0.110495685810853,0.287241071286513,0.0279349380622173,"drop"
"SNRPE",2,2,3,-0.094216097601455,0.280434188914278,1,"drop"
"AQP3",2,2,3,0.090997161369709,0.280352456508726,1,"drop"
"SNRPD1",2,2,3,0.100067516769643,0.277340132322507,1,"drop"
"SEC24A",2,2,3,0.276701086310137,0.276701086310137,1,"drop"
"YBX1",2,2,3,0.101217442508438,0.274135618208648,1,"drop"
"NREP",2,3,3,0.266943780688343,0.266943780688343,1,"drop"
"SRGAP1",2,1,2,-3.22576477512353,3.22576477512353,0.00000000000000000000000000153433480435543,"drop"
"VCAN",2,1,2,-1.62819898745721,1.62819898745721,1,"drop"
"CISH",2,1,2,-1.59346385309203,1.59346385309203,0.0000169199288097706,"drop"
"PDZK1IP1",2,2,2,0.843379462125678,1.30905059541809,0.151522978978936,"drop"
"ZNF689",2,2,2,-1.21106014449331,1.21106014449331,1,"drop"
"DOK3",2,2,2,1.17666133383679,1.17666133383679,1,"drop"
"CD36",2,2,2,-0.576108837201317,1.1325150535196,1,"drop"
"CAPN15",2,2,2,0.475879683251019,1.12674462886489,1,"drop"
"PLPP6",2,2,2,-1.09814321207794,1.09814321207794,1,"drop"
"MIR155HG",2,2,2,0.142390582343345,1.09423799329465,1,"drop"
"AC004556.3",2,1,2,-1.05292528471284,1.05292528471284,0.00962496399453775,"drop"
"ZNF595",2,2,2,-1.0472570356278,1.0472570356278,1,"drop"
"EVI5",2,2,2,-0.998822827169951,0.998822827169951,1,"drop"
"EMC9",2,2,2,0.375693399997042,0.993519485896869,1,"drop"
"LILRB2",2,1,2,-0.973737273825598,0.973737273825598,1,"drop"
"RBSN",2,1,2,0.355703085077155,0.963737231987595,1,"drop"
"CARD6",2,2,2,-0.924013299834713,0.924013299834713,1,"drop"
"MME",2,1,2,0.518227875072131,0.919930283299879,1,"drop"
"ATRN",2,2,2,0.373735455165444,0.868118448897916,1,"drop"
"CCDC191",2,2,2,-0.171725573230737,0.846415594105903,1,"drop"
"AC074032.1",2,2,2,-0.844717779251723,0.844717779251723,1,"drop"
"TATDN2",2,2,2,0.561821487985122,0.839297924222288,1,"drop"
"ASB1",2,2,2,-0.82938731130592,0.82938731130592,1,"drop"
"SEPSECS",2,2,2,-0.826703382918265,0.826703382918265,1,"drop"
"ACRBP",2,1,2,0.155569673957486,0.811660722652959,0.61507096683397,"drop"
"ZNF844",2,2,2,0.806734264011661,0.806734264011661,1,"drop"
"DSC2",2,2,2,-0.805348673923729,0.805348673923729,0.273363245155836,"drop"
"ECHDC3",2,1,2,-0.783885877359856,0.783885877359856,1,"drop"
"GOLM1",2,1,2,-0.337026098757252,0.760389035318328,1,"drop"
"SLAMF1",2,1,2,-0.756705359685804,0.756705359685804,1,"drop"
"GSAP",2,1,2,-0.0757926336634445,0.744666219266558,0.169007004105111,"drop"
"ZNF503",2,1,2,-0.441822880151116,0.744179449844394,1,"drop"
"AC090152.1",2,2,2,-0.446102503039912,0.743501788034068,1,"drop"
"ACSL5",2,1,2,-0.739056702658862,0.739056702658862,1,"drop"
"SLC9A6",2,2,2,0.381786328874247,0.728445237010623,1,"drop"
"VAC14",2,1,2,-0.722216772837625,0.722216772837625,1,"drop"
"ACCS",2,2,2,-0.717491874782581,0.717491874782581,1,"drop"
"DOP1A",2,2,2,-0.716624079839787,0.716624079839787,1,"drop"
"TBCEL",2,2,2,-0.705411268832121,0.705411268832121,1,"drop"
"LINC00402",2,2,2,-0.201427036817966,0.701022247710052,0.00491771542399869,"drop"
"FAM20C",2,1,2,0.280563632372489,0.700151612935471,1,"drop"
"CDK4",2,2,2,-0.694003064464759,0.694003064464759,1,"drop"
"BATF3",2,2,2,-0.692596108527259,0.692596108527259,0.00761685929563151,"drop"
"AGPAT4",2,2,2,-0.383279390903188,0.689020945901242,1,"drop"
"RASA1",2,1,2,-0.0453664948977025,0.68730277633063,1,"drop"
"MNT",2,2,2,-0.232062310904136,0.684458426596676,1,"drop"
"GATD1",2,2,2,0.233997400105493,0.681497901358136,1,"drop"
"CDK8",2,2,2,0.0556782466631115,0.6780398651925,1,"drop"
"COQ4",2,1,2,0.222927665926437,0.676239484227581,1,"drop"
"ZFHX3",2,1,2,0.675838750457556,0.675838750457556,1,"drop"
"ZADH2",2,1,2,-0.24543826869126,0.660859838167355,1,"drop"
"CYP4V2",2,2,2,0.163014136608304,0.657589371887275,1,"drop"
"KCNMB1",2,2,2,-0.656605645783422,0.656605645783422,1,"drop"
"HEATR5A",2,1,2,-0.283915780580415,0.653894251793363,1,"drop"
"CHST13",2,1,2,-0.653825673020675,0.653825673020675,1,"drop"
"MMUT",2,1,2,-0.652222435085438,0.652222435085438,1,"drop"
"CD40LG",2,2,2,-0.647194035268189,0.647194035268189,1,"drop"
"DVL2",2,2,2,-0.639644828619983,0.639644828619983,1,"drop"
"CD200R1",2,2,2,-0.166740079367586,0.638401135354111,1,"drop"
"AL392172.1",2,1,2,-0.637806590986891,0.637806590986891,1,"drop"
"C1orf109",2,1,2,-0.231714576440761,0.637746567954141,1,"drop"
"PRMT6",2,1,2,0.0477609217214945,0.635074753588573,1,"drop"
"AP1S1",2,1,2,-0.370535281856169,0.625960835402904,1,"drop"
"MRGBP",2,1,2,-0.350354099059985,0.619612718467423,1,"drop"
"TBP",2,1,2,0.220559191358802,0.616833714565032,1,"drop"
"SIPA1L2",2,2,2,-0.613301485372087,0.613301485372087,1,"drop"
"ADARB1",2,1,2,0.613176874978226,0.613176874978226,1,"drop"
"STARD10",2,2,2,-0.612950228824953,0.612950228824953,1,"drop"
"AL592295.5",2,2,2,-0.610519930310091,0.610519930310091,1,"drop"
"ELL",2,2,2,0.170654456283239,0.610309387035864,1,"drop"
"PRAM1",2,2,2,0.251451314175225,0.609269376211274,1,"drop"
"RAI1",2,1,2,-0.608775191171078,0.608775191171078,1,"drop"
"IL1R1",2,1,2,-0.608630418955155,0.608630418955155,1,"drop"
"RFX7",2,2,2,-0.0788244591273605,0.608226765778977,1,"drop"
"PTPN23",2,2,2,-0.0673499295706205,0.606856709065299,0.325521664257933,"drop"
"PML",2,2,2,-0.203198306978467,0.605380571086835,1,"drop"
"ZNF407",2,2,2,0.036381535796622,0.604568659021745,1,"drop"
"NBPF14",2,1,2,0.603454459121957,0.603454459121957,1,"drop"
"STAG3",2,1,2,-0.596926715161959,0.596926715161959,1,"drop"
"ANKAR",2,2,2,0.264337193434301,0.596320472306055,1,"drop"
"EHD4",2,2,2,0.592852471390865,0.592852471390865,1,"drop"
"STRN4",2,1,2,0.590231653132056,0.590231653132056,1,"drop"
"C1GALT1C1",2,2,2,0.0786315858344135,0.587832001154692,1,"drop"
"PCK2",2,2,2,-0.586402620932873,0.586402620932873,1,"drop"
"ATP11C",2,2,2,0.058792858651081,0.584467896634375,1,"drop"
"COA6-AS1",2,2,2,0.582534772329448,0.582534772329448,1,"drop"
"MOSMO",2,2,2,-0.578096115601247,0.578096115601247,1,"drop"
"NONO",2,2,2,0.103403844020101,0.576369078029613,1,"drop"
"TNFRSF4",2,2,2,-0.201084496240466,0.574471740121578,1,"drop"
"FBXO6",2,2,2,-0.255098868507726,0.568465887734189,1,"drop"
"IL2RB",2,1,2,0.567138707696433,0.567138707696433,0.00686025963522052,"drop"
"SPNS1",2,2,2,0.262694772728464,0.565664107788151,1,"drop"
"KMO",2,1,2,0.563733183263143,0.563733183263143,1,"drop"
"ARHGEF11",2,2,2,-0.109226246126152,0.561626856123726,1,"drop"
"DCTN5",2,2,2,0.139817910488779,0.561563732977092,1,"drop"
"KCTD9",2,1,2,0.23935102546016,0.558286127002128,1,"drop"
"TRMT11",2,2,2,0.270006620663374,0.557863855210985,1,"drop"
"PLXND1",2,2,2,-0.555732393002507,0.555732393002507,1,"drop"
"BAHCC1",2,2,2,-0.555586947246641,0.555586947246641,1,"drop"
"NUDT19",2,2,2,0.553468486455469,0.553468486455469,1,"drop"
"FDX2",2,2,2,0.0902009047167145,0.547881218295387,1,"drop"
"OGFOD3",2,2,2,0.032066227470515,0.546943336824033,1,"drop"
"CLCN5",2,2,2,0.545141273130296,0.545141273130296,1,"drop"
"SNX8",2,1,2,-0.544644230926446,0.544644230926446,1,"drop"
"KIAA0100",2,2,2,0.00512477500181252,0.543370840472382,1,"drop"
"C17orf75",2,1,2,-0.543167606316422,0.543167606316422,1,"drop"
"MTCH2",2,1,2,-0.029269900739567,0.540406027680936,1,"drop"
"ADO",2,1,2,-0.539767591639114,0.539767591639114,1,"drop"
"SRD5A1",2,2,2,-0.214561392041536,0.537519547714798,1,"drop"
"ERC1",2,2,2,-0.535730351486687,0.535730351486687,1,"drop"
"KBTBD4",2,2,2,-0.532366000439944,0.532366000439944,1,"drop"
"PRC1",2,2,2,0.01537108085103,0.531999619956329,1,"drop"
"IMPA1",2,2,2,-0.10096392681464,0.531757842462779,1,"drop"
"EIF4H",2,1,2,-0.531008421270881,0.531008421270881,1,"drop"
"DEAF1",2,2,2,-0.529509442575774,0.529509442575774,1,"drop"
"NAA30",2,2,2,-0.529254292594428,0.529254292594428,1,"drop"
"MAFB",2,2,2,-0.529218532255821,0.529218532255821,0.32802572430465,"drop"
"AC004889.1",2,1,2,-0.52430029378168,0.52430029378168,1,"drop"
"ZFAS1",2,2,2,0.523815962494981,0.523815962494981,1,"drop"
"ALAD",2,2,2,0.19704987513068,0.52334304223378,1,"drop"
"SIK2",2,2,2,0.205506502841655,0.522305963343155,1,"drop"
"PYHIN1",2,1,2,-0.521393282265476,0.521393282265476,0.000504193477876777,"drop"
"TPD52L2",2,2,2,-0.518879654576842,0.518879654576842,1,"drop"
"HSPA6",2,2,2,-0.516834947610862,0.516834947610862,1,"drop"
"SECTM1",2,2,2,-0.185570494869465,0.51578240429771,1,"drop"
"TENT5A",2,2,2,-0.240888991621948,0.510845602887978,1,"drop"
"RAPGEF1",2,2,2,-0.506042735395149,0.506042735395149,1,"drop"
"ITSN1",2,2,2,-0.504669753798653,0.504669753798653,1,"drop"
"NFKBIE",2,2,2,-0.166659164291225,0.504258146531492,1,"drop"
"PLAA",2,1,2,0.20606187760904,0.503690742080193,1,"drop"
"GTF2H1",2,2,2,0.221391219908656,0.501145058309568,1,"drop"
"MS4A2",2,2,2,-0.501043901715948,0.501043901715948,1,"drop"
"CCDC152",2,1,2,-0.227424375972343,0.498077583055043,1,"drop"
"SLC20A1",2,2,2,0.106586680803716,0.497950929219572,1,"drop"
"HLTF",2,1,2,-0.496657334497527,0.496657334497527,1,"drop"
"LINC02207",2,2,2,-0.495905666060715,0.495905666060715,1,"drop"
"PGP",2,2,2,0.180379963023767,0.494058415765298,1,"drop"
"ST7",2,2,2,-0.209011105106551,0.49393584469547,1,"drop"
"TECPR2",2,1,2,-0.160903563505602,0.489204224592426,1,"drop"
"ADAP1",2,2,2,-0.489144943174493,0.489144943174493,1,"drop"
"QPCT",2,2,2,-0.489053264093953,0.489053264093953,0.842921278660693,"drop"
"TNS3",2,1,2,-0.199094439112487,0.488187776149295,1,"drop"
"GGA3",2,2,2,-0.486950029954967,0.486950029954967,1,"drop"
"PIGM",2,1,2,-0.486443265055048,0.486443265055048,1,"drop"
"CCDC141",2,2,2,-0.482442619704689,0.482442619704689,1,"drop"
"POLRMT",2,1,2,-0.481795382248037,0.481795382248037,1,"drop"
"CASS4",2,2,2,-0.480079234521039,0.480079234521039,1,"drop"
"TRIM69",2,2,2,0.124481967029897,0.479389408361524,1,"drop"
"LRRC23",2,2,2,0.476189762153628,0.476189762153628,1,"drop"
"SPIB",2,1,2,-0.475991360227545,0.475991360227545,0.0000707884485623387,"drop"
"GTF3C4",2,1,2,-0.47542118475935,0.47542118475935,1,"drop"
"SLC30A5",2,2,2,0.471438936674681,0.471438936674681,1,"drop"
"ITPRIPL2",2,2,2,-0.150275445327718,0.471084819041562,1,"drop"
"MDM1",2,1,2,-0.470223330067569,0.470223330067569,1,"drop"
"TRIM5",2,2,2,0.202729161871115,0.470028183859738,1,"drop"
"ZNF318",2,2,2,-0.0176988936860345,0.469897756350899,1,"drop"
"MPST",2,2,2,0.469880023279406,0.469880023279406,1,"drop"
"XPR1",2,2,2,-0.469022928483118,0.469022928483118,1,"drop"
"EXTL3",2,2,2,-0.46546220371178,0.46546220371178,1,"drop"
"AHR",2,1,2,0.0187620988935825,0.464952393705493,0.0010402098215608,"drop"
"HACD3",2,2,2,-0.464131200651212,0.464131200651212,1,"drop"
"TRAF6",2,2,2,0.46390491668439,0.46390491668439,1,"drop"
"MTRR",2,1,2,-0.463635450485153,0.463635450485153,1,"drop"
"ELF4",2,2,2,0.147899784690259,0.460795672113014,1,"drop"
"CNTLN",2,2,2,0.136828511128974,0.459576985775257,1,"drop"
"RUBCN",2,2,2,-0.142300985622084,0.457389581982781,1,"drop"
"MRM2",2,2,2,0.112206854990765,0.456699961235923,1,"drop"
"RBM12B",2,2,2,-0.0810508236012115,0.455358813429664,1,"drop"
"PIN1",2,2,2,-0.014990229771617,0.451619254687757,1,"drop"
"SLC25A20",2,2,2,0.131234701484683,0.451497409238801,1,"drop"
"TBL3",2,1,2,-0.451187483372102,0.451187483372102,1,"drop"
"DERL3",2,1,2,-0.090797121243112,0.450440695861134,1,"drop"
"DUS2",2,1,2,0.045277812569113,0.448571377495227,1,"drop"
"VAPA",2,1,2,-0.447874612644217,0.447874612644217,1,"drop"
"MPI",2,2,2,-0.00457149698940751,0.446777597580022,1,"drop"
"BTBD10",2,2,2,-0.041004047066498,0.446012162318429,0.850825562415471,"drop"
"MAPKAPK3",2,1,2,-0.444573031035732,0.444573031035732,1,"drop"
"SSBP1",2,2,2,-0.443475320264146,0.443475320264146,1,"drop"
"KLRC3",2,2,2,0.436979236903277,0.436979236903277,1,"drop"
"UHRF1BP1",2,1,2,0.436345797676073,0.436345797676073,1,"drop"
"ATP6V1F",2,2,2,-0.436255674881515,0.436255674881515,1,"drop"
"NUP85",2,2,2,-0.434676529682254,0.434676529682254,1,"drop"
"XRCC4",2,1,2,-0.434444367687678,0.434444367687678,1,"drop"
"RBM15",2,2,2,-0.182991104025871,0.43393213773109,1,"drop"
"EIF2D",2,2,2,-0.432876033860612,0.432876033860612,1,"drop"
"ARHGEF10L",2,1,2,-0.432633588275955,0.432633588275955,1,"drop"
"FAM30A",2,1,2,0.0856765278004265,0.432191662057215,1,"drop"
"AC106791.1",2,2,2,-0.11183598635032,0.427841826957921,1,"drop"
"CCAR1",2,1,2,-0.427762846909029,0.427762846909029,1,"drop"
"JMJD8",2,2,2,0.427429301050414,0.427429301050414,1,"drop"
"TMX2",2,2,2,-0.0989338986868815,0.426866899561464,1,"drop"
"SNAPC1",2,2,2,0.4265517173521,0.4265517173521,1,"drop"
"MFN1",2,2,2,-0.15463320921036,0.424324731074234,1,"drop"
"GBA",2,2,2,0.110168508673479,0.423769666513014,1,"drop"
"NABP2",2,2,2,0.422433577103942,0.422433577103942,1,"drop"
"ETFDH",2,1,2,-0.421466872078051,0.421466872078051,1,"drop"
"POMC",2,2,2,0.0764433598762195,0.420226236950572,1,"drop"
"SPSB2",2,1,2,-0.415811984848435,0.415811984848435,1,"drop"
"PHF10",2,2,2,-0.0736331937155915,0.415741004035984,1,"drop"
"AL139246.5",2,2,2,0.414577557689749,0.414577557689749,1,"drop"
"RNF31",2,2,2,0.0830582190688735,0.414199644550031,1,"drop"
"STAC3",2,2,2,0.413182023094083,0.413182023094083,1,"drop"
"CFAP36",2,1,2,0.412819610979448,0.412819610979448,1,"drop"
"CD79A",2,2,2,-0.410941525484251,0.410941525484251,1,"drop"
"TGFBR3",2,1,2,0.409417321838714,0.409417321838714,1,"drop"
"ADGRG1",2,2,2,-0.408918841765143,0.408918841765143,1,"drop"
"MCU",2,1,2,-0.407700642182403,0.407700642182403,1,"drop"
"SEPHS1",2,2,2,0.406096808980905,0.406096808980905,1,"drop"
"HLA-E",2,1,2,0.405190246610693,0.405190246610693,0.0000559962534467102,"drop"
"ALDH3A2",2,1,2,0.403099991259841,0.403099991259841,1,"drop"
"PDE8A",2,1,2,-0.402306066973606,0.402306066973606,1,"drop"
"ST3GAL6",2,2,2,-0.4021882126587,0.4021882126587,1,"drop"
"MAPK13",2,2,2,-0.401984307661501,0.401984307661501,1,"drop"
"DYSF",2,2,2,0.0042649321486925,0.40096521591168,1,"drop"
"GMPPA",2,2,2,-0.40035376675324,0.40035376675324,1,"drop"
"F2R",2,1,2,0.0573375459932935,0.400170410950531,1,"drop"
"PHF19",2,1,2,-0.127417280966815,0.400152121386116,1,"drop"
"MVB12A",2,1,2,-0.399499319413535,0.399499319413535,1,"drop"
"DDX19B",2,2,2,-0.0918923009742735,0.399023722724403,1,"drop"
"KAT2A",2,2,2,0.0135979256373895,0.396571935363266,1,"drop"
"COLGALT1",2,2,2,0.123763349690999,0.395811121332281,1,"drop"
"DNAJB11",2,2,2,0.39403321858889,0.39403321858889,1,"drop"
"FCGR2A",2,2,2,-0.393693052501677,0.393693052501677,0.692899692884742,"drop"
"MRPL12",2,2,2,-0.392728479491276,0.392728479491276,1,"drop"
"MAPK8",2,2,2,-0.093812831511478,0.391485176327819,1,"drop"
"POLR2K",2,1,2,0.390953390133933,0.390953390133933,1,"drop"
"POLD2",2,2,2,-0.389172621404644,0.389172621404644,1,"drop"
"NDUFB11",2,1,2,0.388643683966432,0.388643683966432,1,"drop"
"SEC23B",2,1,2,-0.387933623702325,0.387933623702325,1,"drop"
"CD6",2,1,2,0.387167293671583,0.387167293671583,1,"drop"
"HLA-DOB",2,1,2,0.386864037908084,0.386864037908084,1,"drop"
"GATB",2,2,2,0.00956142569826499,0.385594777125589,1,"drop"
"CRISPLD2",2,2,2,-0.0414541138459925,0.385323870200008,1,"drop"
"TRMT2A",2,1,2,-0.002690638244192,0.385158893431617,1,"drop"
"HMGXB3",2,1,2,-0.385125338791622,0.385125338791622,1,"drop"
"ELAC1",2,2,2,-0.384473510258113,0.384473510258113,1,"drop"
"PHYH",2,2,2,-0.38363256827879,0.38363256827879,1,"drop"
"RRP8",2,2,2,-0.066632963366322,0.38284529363868,1,"drop"
"PCDH9",2,2,2,-0.114939908095011,0.382835403178084,1,"drop"
"PAAF1",2,2,2,0.0118755146978175,0.382537882857629,1,"drop"
"ZDHHC21",2,1,2,0.381312076452133,0.381312076452133,1,"drop"
"TMEM268",2,2,2,-0.124146012299792,0.379419010117423,1,"drop"
"STARD4-AS1",2,2,2,0.378187154516405,0.378187154516405,1,"drop"
"ZNF605",2,2,2,-0.0407623739348745,0.3781851940509,1,"drop"
"SAMD4A",2,2,2,0.047409021115596,0.377615501357907,1,"drop"
"FAM49B",2,2,2,0.0120754940841985,0.377551147609942,1,"drop"
"AUH",2,2,2,-0.377322528537483,0.377322528537483,1,"drop"
"CLPTM1",2,2,2,0.377198227618831,0.377198227618831,1,"drop"
"PABPC1",2,2,2,0.37637311763684,0.37637311763684,0.00000236303791671656,"drop"
"CS",2,2,2,0.372594170985111,0.372594170985111,1,"drop"
"GPBP1",2,1,2,-0.371319431035239,0.371319431035239,1,"drop"
"PTPRC",2,1,2,-0.370684242918032,0.370684242918032,0.000000802775738014454,"drop"
"ATP7A",2,2,2,0.0961567714138235,0.369682414170719,1,"drop"
"ALDOA",2,1,2,-0.000522818437145522,0.36953790171403,1,"drop"
"GTF2A2",2,1,2,0.368804283939084,0.368804283939084,1,"drop"
"RAB28",2,1,2,0.368709625717088,0.368709625717088,1,"drop"
"MYL6",2,1,2,0.0028969775764755,0.368463187123168,1,"drop"
"MYL6B",2,2,2,0.368402142353317,0.368402142353317,1,"drop"
"YWHAB",2,1,2,-0.368042059995088,0.368042059995088,0.0604816358859713,"drop"
"TTC19",2,1,2,-0.100572296117084,0.367022280137594,1,"drop"
"KRTCAP2",2,2,2,-0.0734807552849315,0.366565202889268,0.964189256508642,"drop"
"SNHG7",2,1,2,-0.364567247609241,0.364567247609241,0.0365555785676103,"drop"
"NME2",2,2,2,-0.00488377841135348,0.36346678114214,1,"drop"
"TXNRD2",2,2,2,-0.050583569672633,0.362882304512176,1,"drop"
"GATA3",2,2,2,-0.0502430912570385,0.362326465645007,1,"drop"
"TTC4",2,2,2,-0.0794060551979945,0.361674067859588,1,"drop"
"PLXNB2",2,1,2,-0.361391157017914,0.361391157017914,1,"drop"
"FRMD8",2,1,2,-0.359197323701807,0.359197323701807,1,"drop"
"RETN",2,2,2,0.359132168281285,0.359132168281285,1,"drop"
"TMEM254",2,2,2,0.00482194696416502,0.359111397489455,1,"drop"
"RTL8A",2,2,2,-0.00409501266214701,0.357148916786458,1,"drop"
"XPNPEP3",2,1,2,0.355775330119991,0.355775330119991,1,"drop"
"UNC45A",2,1,2,0.059510649891652,0.353050575411938,1,"drop"
"GUK1",2,2,2,-0.0689040027663065,0.35227946583262,1,"drop"
"DHRS7B",2,1,2,-0.089995833726641,0.352225876285593,1,"drop"
"SYS1",2,1,2,-0.040112379043955,0.35123051758838,1,"drop"
"MLST8",2,1,2,0.097877350267409,0.350066572452256,1,"drop"
"RPS7",2,2,2,0.0558278370385135,0.349981867817903,1,"drop"
"P4HTM",2,2,2,0.349709201837101,0.349709201837101,1,"drop"
"MPP6",2,1,2,0.081364303359702,0.347801787563415,1,"drop"
"VARS",2,2,2,0.0717081754095475,0.347341706684356,1,"drop"
"SGTA",2,2,2,-0.346772662290004,0.346772662290004,1,"drop"
"NELFE",2,2,2,-0.346613274129327,0.346613274129327,1,"drop"
"SIRPG",2,1,2,0.007009439988723,0.345916008826702,1,"drop"
"SND1-IT1",2,1,2,0.345429353331897,0.345429353331897,1,"drop"
"ZNF641",2,1,2,-0.344788447618159,0.344788447618159,1,"drop"
"RHOT2",2,1,2,-0.344448719560156,0.344448719560156,1,"drop"
"HCFC1R1",2,2,2,0.0122537532132195,0.343431460528701,1,"drop"
"ANXA11",2,2,2,-0.342630806781245,0.342630806781245,1,"drop"
"YARS2",2,1,2,-0.342163810079042,0.342163810079042,1,"drop"
"LAPTM5",2,2,2,-0.341005122884215,0.341005122884215,1,"drop"
"KLHL7",2,1,2,0.340960042062622,0.340960042062622,1,"drop"
"PYURF",2,2,2,0.33999799304494,0.33999799304494,1,"drop"
"PDGFD",2,2,2,-0.339052951843795,0.339052951843795,1,"drop"
"ZBTB40",2,1,2,-0.339029649904721,0.339029649904721,1,"drop"
"SLIRP",2,1,2,-0.0864726084096135,0.338271186121397,1,"drop"
"LTBP4",2,1,2,-0.00276160266931752,0.337742480546603,1,"drop"
"RACK1",2,2,2,0.044329393610375,0.337498139854967,0.0781233466651412,"drop"
"LPCAT4",2,2,2,-0.016464458488108,0.334824037139975,1,"drop"
"AP5B1",2,1,2,0.011204377925169,0.334636724802284,1,"drop"
"TPT1",2,1,2,-0.334370485517894,0.334370485517894,0.00000242544639771954,"drop"
"CDC123",2,1,2,0.331874228846989,0.331874228846989,1,"drop"
"KIAA1958",2,2,2,-0.0641225753984255,0.3315736769705,1,"drop"
"PCCA",2,2,2,-0.045602413847823,0.33079048438916,1,"drop"
"NAA10",2,1,2,-0.330580164136772,0.330580164136772,1,"drop"
"POLR1D",2,2,2,-0.329111180879205,0.329111180879205,1,"drop"
"UGCG",2,2,2,0.328520855908638,0.328520855908638,1,"drop"
"KPTN",2,1,2,-0.327956016861277,0.327956016861277,1,"drop"
"LSM6",2,2,2,0.0406088471686105,0.327262929751232,1,"drop"
"BISPR",2,1,2,-0.024364396572148,0.327251702025679,1,"drop"
"ANKRD13C",2,2,2,-0.326996235547024,0.326996235547024,1,"drop"
"ARMH3",2,2,2,-0.325075553586946,0.325075553586946,1,"drop"
"CHROMR",2,1,2,0.0362313207358725,0.324785818993042,1,"drop"
"REPS1",2,1,2,-0.324367117010454,0.324367117010454,1,"drop"
"SBK1",2,2,2,-0.322994719639607,0.322994719639607,1,"drop"
"CERS4",2,2,2,-0.322013679697694,0.322013679697694,1,"drop"
"MRPL33",2,2,2,0.321702244646749,0.321702244646749,1,"drop"
"UNKL",2,2,2,-0.00703405000351501,0.320361454918595,1,"drop"
"GSK3A",2,2,2,-0.013717422493908,0.318176243080314,1,"drop"
"C1orf50",2,2,2,-0.028754034623409,0.317730883792097,1,"drop"
"PDCD2",2,1,2,-0.317600934493558,0.317600934493558,1,"drop"
"AC096667.1",2,2,2,-0.0288595750573575,0.317584875175004,1,"drop"
"AP1B1",2,2,2,0.317415574837247,0.317415574837247,1,"drop"
"SERBP1",2,2,2,-0.058159858795747,0.316675820849141,1,"drop"
"PRR12",2,2,2,0.0542781509442325,0.316342522587355,1,"drop"
"TARS2",2,1,2,-0.315825821690592,0.315825821690592,1,"drop"
"H2AFV",2,2,2,0.044374387448598,0.314338782165014,1,"drop"
"EMILIN2",2,1,2,-0.314158291529069,0.314158291529069,1,"drop"
"PAPSS2",2,2,2,-0.0223907510066395,0.313428324121196,1,"drop"
"FCN1",2,2,2,-0.313112679889808,0.313112679889808,1,"drop"
"ACTR1A",2,2,2,-0.313014296624782,0.313014296624782,1,"drop"
"TFE3",2,2,2,0.030852730042849,0.310732344555367,1,"drop"
"XRN2",2,2,2,-0.0172062206846485,0.310559794702685,1,"drop"
"MYBL1",2,2,2,-0.308866648225873,0.308866648225873,1,"drop"
"PSMB1",2,1,2,-0.308790892234765,0.308790892234765,0.0125398106712053,"drop"
"TENT4A",2,2,2,0.05546223226479,0.307999483774168,1,"drop"
"ACTB",2,2,2,0.307335082728199,0.307335082728199,0.0000000911354735360713,"drop"
"NPM3",2,1,2,-0.307246893708677,0.307246893708677,1,"drop"
"TUBGCP3",2,1,2,-0.011734407656397,0.30711333005343,1,"drop"
"GALNT3",2,2,2,0.04950798779973,0.30648583566067,1,"drop"
"KHSRP",2,1,2,-0.305710686901657,0.305710686901657,1,"drop"
"HDAC4-AS1",2,1,2,-0.304147021441948,0.304147021441948,1,"drop"
"ST13",2,2,2,0.304105072600019,0.304105072600019,1,"drop"
"POLE4",2,2,2,0.029035845119904,0.303592830276607,1,"drop"
"CD300LB",2,2,2,-0.302529211995968,0.302529211995968,1,"drop"
"MRPS30",2,2,2,-0.302490585577922,0.302490585577922,1,"drop"
"SIL1",2,2,2,0.049213967602601,0.301884353507329,1,"drop"
"MT-CYB",2,2,2,-0.30126265093293,0.30126265093293,0.00000000000000000331742834984795,"drop"
"CTNNB1",2,2,2,0.300401216278549,0.300401216278549,1,"drop"
"GABARAP",2,1,2,-0.0176994321528305,0.298681224391185,1,"drop"
"UBA7",2,2,2,0.04608553079014,0.29644192247577,1,"drop"
"LSM4",2,2,2,-0.0369129061803955,0.296015469422301,1,"drop"
"CARD9",2,1,2,-0.00799906062474748,0.295741030206499,1,"drop"
"EIF1",2,2,2,0.295271770533857,0.295271770533857,0.000000000000000295382208057357,"drop"
"MSRB2",2,2,2,-0.0115435156050675,0.293655764947721,1,"drop"
"MT-ATP6",2,1,2,-0.293190044105752,0.293190044105752,0.0000000000000000000000000000000000000183771190845763,"drop"
"CCT8",2,1,2,-0.291954997970396,0.291954997970396,1,"drop"
"PCBP1",2,1,2,-0.290976762929119,0.290976762929119,0.839052933269533,"drop"
"MCCC2",2,1,2,-0.0380642232394585,0.289847197384221,1,"drop"
"SNRPG",2,2,2,-0.289835649191474,0.289835649191474,1,"drop"
"HNRNPH3",2,1,2,0.287542073325377,0.287542073325377,1,"drop"
"ATXN7L3",2,2,2,0.024009214859231,0.287444742589461,1,"drop"
"CCDC102B",2,1,2,0.0304033600636355,0.285972339514065,1,"drop"
"ATF4",2,2,2,0.284376826826898,0.284376826826898,1,"drop"
"MOB1A",2,2,2,0.283646435178066,0.283646435178066,1,"drop"
"ATP5F1E",2,1,2,-0.283512498956167,0.283512498956167,1,"drop"
"DPH7",2,1,2,0.00295659413132501,0.282859359789198,1,"drop"
"METAP2",2,1,2,0.282451338407026,0.282451338407026,1,"drop"
"PPP1R14B",2,2,2,0.028927594024538,0.281899202202502,1,"drop"
"SON",2,2,2,-0.279706784027222,0.279706784027222,1,"drop"
"COX18",2,2,2,-0.279419882617316,0.279419882617316,1,"drop"
"COX8A",2,2,2,-0.00394667492865899,0.277368768744474,1,"drop"
"TSPYL5",2,2,2,-0.275904576151229,0.275904576151229,1,"drop"
"SUMO2",2,2,2,-0.0221847369606635,0.275233289294128,1,"drop"
"SUB1",2,1,2,0.00887493979366549,0.275061051826556,0.0316073979203846,"drop"
"HNRNPA1",2,1,2,0.0134094753428585,0.274356583784495,1,"drop"
"KLHDC4",2,2,2,-0.0232998436359965,0.273364189224328,1,"drop"
"SDCBP",2,2,2,0.00198065583124851,0.272989525552287,1,"drop"
"PRKD3",2,2,2,-0.272288637430737,0.272288637430737,1,"drop"
"CDC42",2,2,2,0.271275599176408,0.271275599176408,1,"drop"
"COX5A",2,2,2,-0.012571868047937,0.27035778487266,1,"drop"
"MRPS24",2,2,2,-0.265770734649521,0.265770734649521,1,"drop"
"PTBP3",2,1,2,0.265125285691723,0.265125285691723,1,"drop"
"VAMP7",2,2,2,-0.265048109174173,0.265048109174173,1,"drop"
"KIF13A",2,1,2,-0.263443444711868,0.263443444711868,1,"drop"
"LINC00653",2,1,2,0.26311115975811,0.26311115975811,1,"drop"
"DHRS3",2,1,2,-0.262673482755737,0.262673482755737,1,"drop"
"HNRNPA2B1",2,2,2,0.0000777969808010148,0.260359089182162,1,"drop"
"RBM4",2,2,2,0.0077420290773545,0.260029188773281,1,"drop"
"CKB",1,3,3,-1.43184345715114,1.68362571992706,1,"drop"
"PRKAR1B",1,3,3,0.63238085319706,1.65592572494733,1,"drop"
"KIAA1841",1,3,3,-1.07640923340582,1.57321154029161,1,"drop"
"AC008915.2",1,3,3,0.64876933273184,1.51764055066849,1,"drop"
"SEC24D",1,3,3,-1.04833019960666,1.51685149096388,1,"drop"
"TGDS",1,3,3,-0.946870715344806,1.48833872962699,1,"drop"
"AC244502.1",1,3,3,-0.56543177797788,1.44350519121952,1,"drop"
"CRYZ",1,3,3,-1.08205769907212,1.41228164190959,1,"drop"
"FREM1",1,3,3,-0.679670529967763,1.40746190405716,1,"drop"
"ZNF490",1,3,3,-1.1722919822197,1.39057519454329,1,"drop"
"AEBP1",1,3,3,-1.04366995751561,1.36760328731249,1,"drop"
"SCOC-AS1",1,3,3,0.913405986355133,1.36551368845639,1,"drop"
"UTP15",1,3,3,1.30682177870888,1.30682177870888,1,"drop"
"NR4A3",1,3,3,0.703531219615657,1.29282153554812,0.000000114817169571487,"drop"
"SORBS3",1,3,3,1.27751497120553,1.27751497120553,1,"drop"
"PTGR2",1,3,3,-0.159835953317132,1.24739275723679,1,"drop"
"AP002748.4",1,3,3,0.539146674490807,1.24114584179597,1,"drop"
"TRAM2",1,3,3,1.24023919482436,1.24023919482436,1,"drop"
"ANKRD40",1,3,3,-1.22113687001399,1.22113687001399,1,"drop"
"TIMP3",1,3,3,-0.77457538597916,1.21881594195234,1,"drop"
"NEURL1B",1,3,3,0.327569558053271,1.21843175721755,1,"drop"
"GATA2-AS1",1,3,3,0.500673018112955,1.21535473405601,1,"drop"
"ACY3",1,3,3,1.21488460025013,1.21488460025013,1,"drop"
"ZIK1",1,3,3,0.536899181204211,1.20307068364428,1,"drop"
"AC091729.3",1,3,3,0.89689596283045,1.1923313815628,1,"drop"
"INTU",1,3,3,0.840282650371619,1.17858105578253,1,"drop"
"ZNF623",1,3,3,-0.658988836214146,1.17781281536217,1,"drop"
"GSTM3",1,3,3,-0.877699005198627,1.15266178098249,1,"drop"
"NEDD4",1,3,3,0.705336735919571,1.15222953884222,1,"drop"
"EIF1B-AS1",1,3,3,1.15166643193837,1.15166643193837,1,"drop"
"KIAA1328",1,3,3,0.941671436300462,1.13903602340707,1,"drop"
"LRRC37B",1,3,3,0.676685029704628,1.13555025915287,1,"drop"
"TELO2",1,3,3,0.155485403326692,1.12727178136666,1,"drop"
"EID2B",1,3,3,-1.12642212203405,1.12642212203405,1,"drop"
"CNKSR3",1,3,3,-1.12629882440676,1.12629882440676,1,"drop"
"FAM169A",1,3,3,1.11333269603907,1.11333269603907,1,"drop"
"TLCD5",1,3,3,0.866089306924077,1.09992372541461,1,"drop"
"ATL1",1,3,3,-1.09477275827099,1.09477275827099,1,"drop"
"TBC1D24",1,3,3,-0.503197476482502,1.08976790142088,1,"drop"
"NPTX2",1,3,3,1.08903512259789,1.08903512259789,1,"drop"
"XYLT1",1,3,3,0.728944959475141,1.08324158558087,1,"drop"
"USP51",1,3,3,-1.08296225900649,1.08296225900649,1,"drop"
"TNPO2",1,3,3,0.526608276830351,1.08143496686742,1,"drop"
"SNHG4",1,3,3,-0.36859169605698,1.08129258761657,1,"drop"
"EFHC2",1,3,3,-0.759366129794503,1.08034795024758,1,"drop"
"BSPRY",1,3,3,-1.07855281968161,1.07855281968161,1,"drop"
"TRMT2B",1,3,3,1.06941560441405,1.06941560441405,1,"drop"
"E4F1",1,3,3,-0.628678415856234,1.06653692784827,1,"drop"
"PIK3R3",1,3,3,-0.807314393547889,1.06505885348305,1,"drop"
"OSGEPL1",1,3,3,-0.326973478025997,1.05349136538466,1,"drop"
"SNX29",1,3,3,0.857506877898743,1.04275304795727,1,"drop"
"CENPJ",1,3,3,0.634196778072914,1.03816974796119,1,"drop"
"DNAAF5",1,3,3,0.403778065462883,1.03125574990794,1,"drop"
"ZNF197",1,3,3,0.724984555726122,1.03012215106513,1,"drop"
"REXO5",1,3,3,-1.02274804868513,1.02274804868513,1,"drop"
"ZNF286A",1,3,3,1.02116081683059,1.02116081683059,1,"drop"
"MREG",1,3,3,0.584429647820636,1.01779740256258,1,"drop"
"BACE1",1,3,3,0.767948111115417,1.0133696969757,1,"drop"
"ZBED3-AS1",1,3,3,1.00704124435385,1.00704124435385,1,"drop"
"TEC",1,3,3,-0.80554566984194,1.00690454657235,1,"drop"
"GEMIN4",1,3,3,0.340810577145277,0.996891099891705,1,"drop"
"GBGT1",1,3,3,-0.994846874091617,0.994846874091617,1,"drop"
"PLA2G4A",1,3,3,-0.820385406913887,0.994524644639606,1,"drop"
"ZSCAN26",1,3,3,-0.99039561040329,0.99039561040329,1,"drop"
"C12orf4",1,3,3,0.14030673847128,0.989006166039773,1,"drop"
"IGHG1",1,3,3,0.550688373794281,0.988359752788355,0.00000153561939159436,"drop"
"ZNF562",1,3,3,0.427881363437936,0.981386705388951,1,"drop"
"AL157938.3",1,3,3,0.979597734180388,0.979597734180388,1,"drop"
"FOCAD",1,3,3,0.555956357449782,0.976274330095398,1,"drop"
"ZNF69",1,3,3,0.3240780469624,0.975244546973671,1,"drop"
"RRAGD",1,3,3,0.79555359950662,0.974362868943303,1,"drop"
"TIMM8A",1,3,3,0.62223505737328,0.97041698491094,1,"drop"
"CLEC9A",1,3,3,-0.0167176285369236,0.97009133822737,1,"drop"
"STXBP4",1,3,3,0.767079719806393,0.963889445987147,1,"drop"
"GRB10",1,3,3,-0.962105878530811,0.962105878530811,1,"drop"
"SLC30A6",1,3,3,0.481778234398458,0.961898779961113,1,"drop"
"PLD1",1,3,3,-0.958919636351144,0.958919636351144,1,"drop"
"MIGA2",1,3,3,0.182850599012687,0.957901182451594,1,"drop"
"LINC00641",1,3,3,-0.369931864601445,0.957218204995779,1,"drop"
"POLR3A",1,3,3,0.434552061889145,0.952337413272195,1,"drop"
"ST3GAL3",1,3,3,0.485362096638779,0.952182939142095,1,"drop"
"NYNRIN",1,3,3,0.949066370854304,0.949066370854304,1,"drop"
"CENPS",1,3,3,0.258601261962883,0.94581013570725,1,"drop"
"HIST1H2AH",1,3,3,-0.476585629053201,0.945028811793049,1,"drop"
"FANCG",1,3,3,0.94314693322387,0.94314693322387,1,"drop"
"SCHIP1",1,3,3,-0.236683162086937,0.94277286429713,1,"drop"
"AC020910.5",1,3,3,0.769830210057167,0.940521515455913,1,"drop"
"YAE1",1,3,3,-0.362440511091443,0.939089878634044,1,"drop"
"RFC4",1,3,3,0.93812989464732,0.93812989464732,1,"drop"
"AC124248.1",1,3,3,-0.528440694927733,0.937197946855005,1,"drop"
"HSPA14",1,3,3,0.396426399655151,0.936591998365236,1,"drop"
"PTDSS2",1,3,3,0.933655342329907,0.933655342329907,1,"drop"
"AC090825.1",1,3,3,0.569165736141574,0.932827739514746,1,"drop"
"ZNF76",1,3,3,-0.757425862221743,0.932117484141131,1,"drop"
"SMPD2",1,3,3,0.664336729496766,0.930761548239694,1,"drop"
"PCYT1B",1,3,3,-0.0915659243008793,0.928149075452086,1,"drop"
"EMILIN1",1,3,3,-0.285731856642823,0.922249596805042,1,"drop"
"CCDC61",1,3,3,-0.435661891653262,0.921963979551054,1,"drop"
"TMEM44",1,3,3,-0.918767100472184,0.918767100472184,1,"drop"
"HARS2",1,3,3,0.506215862286752,0.916154244432055,1,"drop"
"FAM193B",1,3,3,0.675786342387261,0.915750275928766,1,"drop"
"TNFSF13",1,3,3,0.517587683594136,0.914140355942681,1,"drop"
"WDR27",1,3,3,0.245085414292366,0.910591183013527,1,"drop"
"FAM216A",1,3,3,-0.564741781962868,0.907973230994183,1,"drop"
"HDAC9",1,3,3,0.906474761190653,0.906474761190653,1,"drop"
"AMOTL1",1,3,3,0.731274838085421,0.900951901964841,1,"drop"
"RFX5",1,3,3,0.613498792114764,0.898740721200309,1,"drop"
"ERVK13-1",1,3,3,0.492172240903763,0.896149058257015,1,"drop"
"ELOVL6",1,3,3,0.893747997291872,0.893747997291872,1,"drop"
"AC009061.2",1,3,3,0.629857547486702,0.890195640291372,1,"drop"
"EDC3",1,3,3,-0.710771929541633,0.8842966097585,1,"drop"
"BOLA3-AS1",1,3,3,0.581400518009105,0.881737140676753,1,"drop"
"RFC5",1,3,3,-0.430501069821149,0.880899219262319,1,"drop"
"RNF25",1,3,3,0.165247025407437,0.87642118581917,1,"drop"
"STARD9",1,3,3,0.875431502624157,0.875431502624157,1,"drop"
"ZNF345",1,3,3,-0.873291694562279,0.873291694562279,1,"drop"
"ALPL",1,3,3,-0.87255382433559,0.87255382433559,1,"drop"
"ZSCAN30",1,3,3,-0.543768057752959,0.869223925554722,1,"drop"
"C1QTNF4",1,3,3,-0.862103665829124,0.862103665829124,1,"drop"
"ZNF586",1,3,3,0.0634150619666173,0.856957534194111,1,"drop"
"MAPKBP1",1,3,3,0.00704260337227066,0.856715485907436,1,"drop"
"KRBOX4",1,3,3,0.854827260331101,0.854827260331101,1,"drop"
"IL1RL1",1,3,3,-0.132916542642063,0.851209961419349,1,"drop"
"ASB7",1,3,3,0.477197249937784,0.850510987713361,1,"drop"
"ZNF181",1,3,3,-0.494752044945839,0.848449250151019,1,"drop"
"EHBP1",1,3,3,0.847201771168416,0.847201771168416,1,"drop"
"LINC00685",1,3,3,-0.843176693782528,0.843176693782528,1,"drop"
"CNNM2",1,3,3,0.654114803280809,0.84011095657784,1,"drop"
"HOXA10-AS",1,3,3,0.247511484573413,0.838022279312286,1,"drop"
"AL355075.4",1,3,3,-0.837087236960065,0.837087236960065,0.108713925783512,"drop"
"ZDHHC7",1,3,3,0.298826855454588,0.83683376066118,1,"drop"
"NLE1",1,3,3,-0.835108064553857,0.835108064553857,1,"drop"
"TIPIN",1,3,3,0.831174364382808,0.831174364382808,1,"drop"
"ZNF468",1,3,3,0.326192544217057,0.830388306849965,1,"drop"
"RCL1",1,3,3,0.2764740921479,0.82921157027823,1,"drop"
"ACADS",1,3,3,0.825324371866544,0.825324371866544,1,"drop"
"AC073389.1",1,3,3,0.657524746366167,0.825291493171087,1,"drop"
"CCDC106",1,3,3,-0.553126937725527,0.824295145401457,1,"drop"
"KLHL13",1,3,3,0.823650699217093,0.823650699217093,1,"drop"
"CIAO3",1,3,3,-0.823307504011726,0.823307504011726,1,"drop"
"AP001189.1",1,3,3,0.434222660790641,0.823281231046605,0.000000121947084806917,"drop"
"GEMIN5",1,3,3,0.459329951475029,0.820668493206947,1,"drop"
"FAM122C",1,3,3,0.820640413375175,0.820640413375175,1,"drop"
"ELP3",1,3,3,-0.526844655656796,0.820204912869963,1,"drop"
"PDCD4-AS1",1,3,3,-0.600921546439938,0.819993622123566,1,"drop"
"AC078846.1",1,3,3,0.558867115175131,0.817112025779297,1,"drop"
"NFYA",1,3,3,0.590225433896706,0.812415988018773,1,"drop"
"TOP1MT",1,3,3,0.527930212561124,0.808945179688467,1,"drop"
"KLHL15",1,3,3,0.800683390472473,0.800683390472473,1,"drop"
"CRTC2",1,3,3,-0.319637049076722,0.797093864843134,1,"drop"
"GOT1",1,3,3,-0.333848423870817,0.794735648534494,1,"drop"
"ZNF599",1,3,3,-0.464041241249087,0.792772952877619,1,"drop"
"NUP43",1,3,3,-0.487995408703781,0.792174387780018,1,"drop"
"KBTBD7",1,3,3,-0.323460432680558,0.791266765434161,1,"drop"
"PACS2",1,3,3,0.790666876116288,0.790666876116288,1,"drop"
"SIN3B",1,3,3,0.230948032584725,0.787942789447505,1,"drop"
"PKP4",1,3,3,0.580633153936306,0.787484024510295,1,"drop"
"STK33",1,3,3,0.786308112695264,0.786308112695264,1,"drop"
"RRP1",1,3,3,-0.435728401606525,0.783558915309273,1,"drop"
"ORC5",1,3,3,0.412368946100932,0.783424983402363,1,"drop"
"MYEF2",1,3,3,0.56059190324349,0.781474194422486,1,"drop"
"UBE3D",1,3,3,0.570910983255072,0.780972789097818,1,"drop"
"ZNF709",1,3,3,-0.465837744546034,0.77976094834342,1,"drop"
"AL355001.2",1,3,3,-0.12632595864547,0.779210585823182,1,"drop"
"MTMR2",1,3,3,-0.048259772361828,0.778038012032101,1,"drop"
"C16orf58",1,3,3,-0.776974551626103,0.776974551626103,1,"drop"
"NDN",1,3,3,-0.559975959830022,0.776075994120844,1,"drop"
"URGCP",1,3,3,0.249099579190509,0.774542214781653,1,"drop"
"KANSL1L",1,3,3,0.475226035693237,0.773422451483719,1,"drop"
"RTCA-AS1",1,3,3,0.766107410729311,0.766107410729311,1,"drop"
"BTRC",1,3,3,-0.764261039158152,0.764261039158152,1,"drop"
"CHEK1",1,3,3,0.763574591472645,0.763574591472645,1,"drop"
"GSTZ1",1,3,3,-0.763105748715725,0.763105748715725,1,"drop"
"ARHGAP32",1,3,3,-0.435234055035495,0.762898967884976,1,"drop"
"PTER",1,3,3,0.575052791873284,0.761400739557113,1,"drop"
"ZNF579",1,3,3,-0.757851192978354,0.757851192978354,1,"drop"
"SAMD13",1,3,3,-0.757249521546562,0.757249521546562,1,"drop"
"TTC7B",1,3,3,0.756179602159447,0.756179602159447,1,"drop"
"AC091271.1",1,3,3,-0.389262595917465,0.75534821643467,1,"drop"
"AL356599.1",1,3,3,0.752983908053552,0.752983908053552,1,"drop"
"PHRF1",1,3,3,0.752399308742497,0.752399308742497,1,"drop"
"CC2D1A",1,3,3,-0.484466098718518,0.751764699650866,1,"drop"
"PTGDR",1,3,3,-0.19569153350872,0.750352249525165,0.0334384039185875,"drop"
"UCK2",1,3,3,0.383032203836335,0.748660451178772,1,"drop"
"GDPD1",1,3,3,0.431973021971526,0.74788595684291,1,"drop"
"MAN1B1-DT",1,3,3,0.421814376123659,0.74519733554123,1,"drop"
"MIR99AHG",1,3,3,-0.555355665612983,0.745081552192178,1,"drop"
"PSTK",1,3,3,-0.327451716207067,0.742948190466325,1,"drop"
"TET3",1,3,3,0.742810550876614,0.742810550876614,1,"drop"
"WDYHV1",1,3,3,0.546856665317074,0.742035906885008,1,"drop"
"TFAP4",1,3,3,-0.055991925745228,0.740489967321585,1,"drop"
"APOM",1,3,3,0.485899851570384,0.739744993741719,1,"drop"
"IGLC1",1,3,3,-0.73689022337999,0.73689022337999,1,"drop"
"SHF",1,3,3,-0.447913318009235,0.732952764285121,1,"drop"
"IGLL1",1,3,3,-0.728757782196837,0.728757782196837,1,"drop"
"TMEM176A",1,3,3,-0.206450656904561,0.728718349067155,0.00000308740507027804,"drop"
"TRIM11",1,3,3,-0.194303419320719,0.727521572602055,1,"drop"
"AC097534.2",1,3,3,-0.175398844019123,0.723478819711027,1,"drop"
"RAVER2",1,3,3,0.17179073011787,0.721844415184661,1,"drop"
"ZRANB3",1,3,3,-0.717452227824359,0.717452227824359,1,"drop"
"TMTC4",1,3,3,0.48065415534402,0.71095001310218,1,"drop"
"LINC01122",1,3,3,-0.193082777781856,0.7083801430641,1,"drop"
"SYNGAP1",1,3,3,-0.445593602086058,0.707568631117986,1,"drop"
"NR1H3",1,3,3,-0.476277073111543,0.707240368731468,1,"drop"
"AACS",1,3,3,0.399024324828195,0.706469314541178,1,"drop"
"SHD",1,3,3,0.483423202038692,0.702595595053444,1,"drop"
"ST7L",1,3,3,-0.701754649477575,0.701754649477575,1,"drop"
"ZNF738",1,3,3,0.273722333718169,0.699874240793706,1,"drop"
"WWOX",1,3,3,0.699401527035646,0.699401527035646,1,"drop"
"ZNF569",1,3,3,0.699273188933375,0.699273188933375,1,"drop"
"MAP2K6",1,3,3,0.697022948402432,0.697022948402432,1,"drop"
"AC123912.4",1,3,3,0.458082032024601,0.689242655572697,1,"drop"
"MYH11",1,3,3,0.686147185410643,0.686147185410643,1,"drop"
"FKTN",1,3,3,0.68607230610188,0.68607230610188,1,"drop"
"QSOX2",1,3,3,0.684070250557431,0.684070250557431,1,"drop"
"GUCY1B1",1,3,3,-0.683005275636514,0.683005275636514,1,"drop"
"ZNF169",1,3,3,0.345921669613701,0.681236760105247,1,"drop"
"FMNL3",1,3,3,0.415378936258457,0.680820671366209,1,"drop"
"MCM9",1,3,3,0.214276673789957,0.680795962594296,1,"drop"
"SPATS2L",1,3,3,0.680557275991349,0.680557275991349,1,"drop"
"CRY1",1,3,3,0.228650859780324,0.679565823922773,1,"drop"
"ZNF66",1,3,3,0.0366319338385384,0.678123515253222,1,"drop"
"BBS2",1,3,3,0.43588940365567,0.67800658339335,1,"drop"
"ENTPD3-AS1",1,3,3,-0.298931357415,0.676698998596038,1,"drop"
"NLRC4",1,3,3,-0.675619298238425,0.675619298238425,1,"drop"
"EXOC3-AS1",1,3,3,0.428877637134176,0.673016152215259,1,"drop"
"MEF2C-AS1",1,3,3,-0.298074912366317,0.671379474260499,1,"drop"
"PPP5C",1,3,3,0.669020007524543,0.669020007524543,1,"drop"
"EPDR1",1,3,3,0.29521724285806,0.668967766508219,1,"drop"
"FFAR2",1,3,3,0.390549043012311,0.668846140236273,1,"drop"
"TTC13",1,3,3,0.332772010406023,0.668440188990094,1,"drop"
"GATD3B",1,3,3,-0.667686676350504,0.667686676350504,1,"drop"
"MED24",1,3,3,0.667678650983754,0.667678650983754,1,"drop"
"NDUFV2-AS1",1,3,3,0.664903575288679,0.664903575288679,1,"drop"
"HEMK1",1,3,3,0.664651335950939,0.664651335950939,1,"drop"
"FAM120C",1,3,3,0.664605338533844,0.664605338533844,1,"drop"
"DXO",1,3,3,-0.28822922081373,0.664119791599353,1,"drop"
"C5orf63",1,3,3,-0.662158793107896,0.662158793107896,1,"drop"
"IL5RA",1,3,3,-0.417211887988464,0.661470242120472,1,"drop"
"BEND7",1,3,3,0.2829112555908,0.659645846134511,1,"drop"
"MDC1",1,3,3,-0.658540657560799,0.658540657560799,1,"drop"
"CA2",1,3,3,0.126801789694575,0.656031045341151,1,"drop"
"EIF4ENIF1",1,3,3,0.655235263235711,0.655235263235711,1,"drop"
"CERK",1,3,3,-0.0233166922330837,0.649890119906092,1,"drop"
"ACVR1B",1,3,3,-0.648218501826856,0.648218501826856,1,"drop"
"KIAA0930",1,3,3,0.647572010188522,0.647572010188522,1,"drop"
"AC090114.2",1,3,3,0.646080258733109,0.646080258733109,1,"drop"
"PAXIP1",1,3,3,0.645400623697616,0.645400623697616,1,"drop"
"PEX3",1,3,3,0.641150791687316,0.641150791687316,1,"drop"
"RAB33A",1,3,3,-0.63995928492193,0.63995928492193,1,"drop"
"ZNF776",1,3,3,0.637986471089584,0.637986471089584,1,"drop"
"FLVCR1",1,3,3,-0.637372218237251,0.637372218237251,1,"drop"
"CLEC1B",1,3,3,-0.0501843163993987,0.635143511694138,1,"drop"
"WASL",1,3,3,0.430323783851649,0.634189200260219,1,"drop"
"PLCB3",1,3,3,-0.32982970573474,0.633810584181396,1,"drop"
"HELLS",1,3,3,0.633472228633441,0.633472228633441,1,"drop"
"PDZD2",1,3,3,-0.633464168332135,0.633464168332135,1,"drop"
"CNRIP1",1,3,3,-0.63165517643552,0.63165517643552,1,"drop"
"TFR2",1,3,3,-0.631257910442808,0.631257910442808,1,"drop"
"ASB16-AS1",1,3,3,0.630189641911607,0.630189641911607,1,"drop"
"ERLIN2",1,3,3,-0.628008259795579,0.628008259795579,1,"drop"
"ZNF414",1,3,3,0.0230593023508294,0.627487607889199,1,"drop"
"MCAT",1,3,3,0.627344861239733,0.627344861239733,1,"drop"
"USP42",1,3,3,0.197035660816809,0.626980804648318,1,"drop"
"PCED1A",1,3,3,0.62559665960196,0.62559665960196,1,"drop"
"SPAG16",1,3,3,-0.343070437426922,0.624321082425338,1,"drop"
"GMDS",1,3,3,-0.620750383050109,0.620750383050109,1,"drop"
"DHX33",1,3,3,-0.176534017054442,0.62035232353576,1,"drop"
"PPOX",1,3,3,-0.617412075024304,0.617412075024304,1,"drop"
"CROCC",1,3,3,0.0419168832883867,0.616919404758105,1,"drop"
"CEP41",1,3,3,0.614410892443361,0.614410892443361,1,"drop"
"FBL",1,3,3,-0.0467439021498663,0.611821153627232,1,"drop"
"KLRF1",1,3,3,-0.38438660953752,0.611714932826297,0.0000501994586603474,"drop"
"SGPL1",1,3,3,0.611544509670861,0.611544509670861,1,"drop"
"MAK16",1,3,3,0.163821208432755,0.607456043535971,1,"drop"
"CSF2RA",1,3,3,0.10441791268022,0.60712389698922,1,"drop"
"MAP4K3",1,3,3,0.312950312248116,0.606340444550061,1,"drop"
"AC111000.4",1,3,3,-0.311998658024084,0.606324751818997,1,"drop"
"FAM189B",1,3,3,0.304178980927053,0.606258800338245,1,"drop"
"GPSM1",1,3,3,0.606079906120188,0.606079906120188,1,"drop"
"ULK3",1,3,3,-0.112048177018397,0.605175571035403,1,"drop"
"ZNF667-AS1",1,3,3,0.604376777969746,0.604376777969746,1,"drop"
"FRY",1,3,3,-0.603706638117585,0.603706638117585,1,"drop"
"XRCC1",1,3,3,0.0456749342688393,0.601969416156683,1,"drop"
"AC142472.1",1,3,3,0.228317325411516,0.600911870576553,1,"drop"
"PUS10",1,3,3,0.599922712634623,0.599922712634623,1,"drop"
"SCYL3",1,3,3,0.301320141910234,0.599189866738102,1,"drop"
"ZNF519",1,3,3,0.400127267823699,0.595950449779875,1,"drop"
"MGAT5",1,3,3,0.59470740912441,0.59470740912441,1,"drop"
"PCCB",1,3,3,0.192864166082975,0.593733985801985,1,"drop"
"GPR137",1,3,3,0.41565781670187,0.59317997033722,1,"drop"
"GRAMD4",1,3,3,-0.346482146047318,0.592187248947699,1,"drop"
"RAD18",1,3,3,-0.207793418784562,0.590893252281075,1,"drop"
"CEP57L1",1,3,3,-0.355009445382786,0.589616352394548,1,"drop"
"TNNI2",1,3,3,0.245665616899535,0.589000145625803,1,"drop"
"TMEM185A",1,3,3,0.281413241588777,0.588132207681667,1,"drop"
"ABCC3",1,3,3,0.358011130462631,0.58737895540192,1,"drop"
"ZNF525",1,3,3,0.0876206374110983,0.584733871706088,1,"drop"
"PDE6G",1,3,3,-0.57906332902787,0.57906332902787,1,"drop"
"SYTL4",1,3,3,-0.395980728497417,0.577646221425884,1,"drop"
"KBTBD8",1,3,3,0.215045134810287,0.576915652197641,1,"drop"
"MCM2",1,3,3,0.389394897739036,0.576664895775748,1,"drop"
"RPL22",1,3,3,0.575054703842743,0.575054703842743,1,"drop"
"POLB",1,3,3,0.57436433675255,0.57436433675255,1,"drop"
"RNASEH1-AS1",1,3,3,-0.217106592355438,0.5715452858881,1,"drop"
"MEST",1,3,3,-0.571414952198796,0.571414952198796,1,"drop"
"PEAK1",1,3,3,-0.0227087146699053,0.567152808176059,1,"drop"
"ACOT7",1,3,3,0.111073357769158,0.567135794860599,1,"drop"
"AMT",1,3,3,-0.259363007427098,0.56673840834101,1,"drop"
"PF4V1",1,3,3,-0.0591557441558293,0.566082980985239,1,"drop"
"TAF1B",1,3,3,-0.565718600218212,0.565718600218212,1,"drop"
"KRT18",1,3,3,-0.155738467180168,0.565161428832373,1,"drop"
"CRPPA",1,3,3,-0.265162308766715,0.561619964736272,1,"drop"
"SERPINI1",1,3,3,-0.338216875722072,0.561617775356271,1,"drop"
"DNASE1",1,3,3,0.288202404320793,0.559831097815541,1,"drop"
"GAS6-AS1",1,3,3,-0.344056653680261,0.559652599533553,1,"drop"
"C16orf86",1,3,3,0.159529240926527,0.558773229389818,1,"drop"
"CMTR1",1,3,3,-0.024851606342062,0.557848168326711,1,"drop"
"FOXJ2",1,3,3,-0.209605060771079,0.556093807014059,1,"drop"
"SYCE1L",1,3,3,0.281497463092395,0.554675397137773,1,"drop"
"TRIP10",1,3,3,-0.29471819587247,0.55295135988946,1,"drop"
"NEK3",1,3,3,0.552730359325351,0.552730359325351,1,"drop"
"AC004130.2",1,3,3,0.267930289525342,0.552199441581856,1,"drop"
"AHDC1",1,3,3,0.550230394166705,0.550230394166705,1,"drop"
"SCML2",1,3,3,-0.317446183481075,0.549326880901487,1,"drop"
"BCL2L13",1,3,3,-0.357273450621792,0.548371332991268,1,"drop"
"ALG6",1,3,3,0.0410568935423237,0.548087954387284,1,"drop"
"LRRK1",1,3,3,-0.154607597689543,0.54758146949178,1,"drop"
"AC007381.1",1,3,3,-0.277808335812171,0.545986431283833,1,"drop"
"RIPOR3",1,3,3,0.132455538216241,0.543720207494704,1,"drop"
"RTN1",1,3,3,-0.0639271275491807,0.542943776221002,1,"drop"
"HOXA10",1,3,3,0.542170521753657,0.542170521753657,1,"drop"
"TJAP1",1,3,3,-0.284255847725441,0.539905911205069,1,"drop"
"RAD51B",1,3,3,-0.1377114825241,0.53982244883556,1,"drop"
"METAP1D",1,3,3,-0.539699145782306,0.539699145782306,1,"drop"
"RABGGTA",1,3,3,0.359954615093656,0.538604523017691,1,"drop"
"PSPH",1,3,3,-0.0434249216256423,0.53806188089992,1,"drop"
"ZNF260",1,3,3,0.53626348894643,0.53626348894643,1,"drop"
"ZBTB33",1,3,3,0.536223881193099,0.536223881193099,1,"drop"
"AC048341.1",1,3,3,-0.535485856161363,0.535485856161363,1,"drop"
"CEP162",1,3,3,0.532242332407289,0.532242332407289,1,"drop"
"PLK2",1,3,3,-0.109504826997218,0.532130687609155,1,"drop"
"MAN1B1",1,3,3,0.028565743279786,0.531024499025303,1,"drop"
"TAMM41",1,3,3,-0.530572145705031,0.530572145705031,1,"drop"
"DPY19L4",1,3,3,0.528364294516923,0.528364294516923,1,"drop"
"FOLR3",1,3,3,0.234962130711755,0.527878983444446,1,"drop"
"ZNF512B",1,3,3,0.342845319057543,0.526546204580867,1,"drop"
"PROSER3",1,3,3,-0.339307297201107,0.525792653740144,1,"drop"
"BBS7",1,3,3,0.19473648775687,0.525648506266291,1,"drop"
"AP000873.2",1,3,3,0.525582711580273,0.525582711580273,1,"drop"
"TTLL1",1,3,3,0.524692715838951,0.524692715838951,1,"drop"
"KRT8",1,3,3,-0.0909896463018533,0.522656137953588,1,"drop"
"MYCT1",1,3,3,-0.282287833976296,0.521816178554447,1,"drop"
"AC002454.1",1,3,3,-0.521805397147697,0.521805397147697,1,"drop"
"ENO2",1,3,3,0.00929341738462134,0.521465076079947,1,"drop"
"ANKRD36B",1,3,3,0.298008637476528,0.520560884783568,1,"drop"
"EIPR1",1,3,3,-0.230759404393049,0.520398733145047,1,"drop"
"MINDY3",1,3,3,0.51824317574624,0.51824317574624,1,"drop"
"OLIG1",1,3,3,-0.1107596740746,0.517123035943576,1,"drop"
"ZNF514",1,3,3,0.0631093540299184,0.513865595580624,1,"drop"
"ATPSCKMT",1,3,3,0.344355285433367,0.511590411529087,1,"drop"
"RPLP0",1,3,3,0.511286424564252,0.511286424564252,1,"drop"
"CPVL",1,3,3,-0.298770492695333,0.510097950163055,1,"drop"
"MTHFD1",1,3,3,-0.337128264442385,0.50926910168561,1,"drop"
"PFKM",1,3,3,0.509115152859514,0.509115152859514,1,"drop"
"C11orf49",1,3,3,-0.278555474546325,0.50729810932639,1,"drop"
"TMEM94",1,3,3,0.507136495092452,0.507136495092452,1,"drop"
"SERPINA1",1,3,3,-0.507117856366032,0.507117856366032,0.986636927402598,"drop"
"PDAP1",1,3,3,0.311887124484519,0.505329863639829,1,"drop"
"AUXG01000058.1",1,3,3,-0.137845349692011,0.503735097439024,1,"drop"
"NVL",1,3,3,-0.148745541841064,0.503268645614742,1,"drop"
"LRRC8A",1,3,3,0.50261885360525,0.50261885360525,1,"drop"
"RPL21",1,3,3,0.500627557980018,0.500627557980018,1,"drop"
"ZNF660",1,3,3,0.299330232518686,0.499742152924135,1,"drop"
"TIMM22",1,3,3,0.296564139597788,0.498659729555618,1,"drop"
"C20orf96",1,3,3,0.0344924273268154,0.49798907506416,1,"drop"
"TIMM50",1,3,3,-0.497681823149123,0.497681823149123,1,"drop"
"SNHG20",1,3,3,0.260076657277852,0.49725997267536,1,"drop"
"MTFMT",1,3,3,-0.176300406208934,0.49647813956069,1,"drop"
"ALG8",1,3,3,-0.0976335320621037,0.495085634664043,1,"drop"
"RBM10",1,3,3,-0.170657042914357,0.49476921080682,1,"drop"
"CFD",1,3,3,-0.249987342206092,0.494492587063612,1,"drop"
"AP4M1",1,3,3,-0.00700635618336902,0.493945821605465,1,"drop"
"ZNF384",1,3,3,0.490544882946856,0.490544882946856,1,"drop"
"INKA2",1,3,3,-0.306746607159005,0.489432489812052,1,"drop"
"C3orf80",1,3,3,-0.280634155305502,0.488221185433618,1,"drop"
"HMGN5",1,3,3,-0.487721239544472,0.487721239544472,1,"drop"
"TNFRSF10C",1,3,3,0.00524758242618569,0.484822166129524,1,"drop"
"IFT52",1,3,3,0.140356662583749,0.481806398666331,1,"drop"
"ZNF678",1,3,3,-0.480770912151315,0.480770912151315,1,"drop"
"ASH1L-AS1",1,3,3,-0.479706334091894,0.479706334091894,1,"drop"
"NDUFAF7",1,3,3,-0.277245372142632,0.478534348070783,1,"drop"
"RPL23A",1,3,3,0.478373257098464,0.478373257098464,1,"drop"
"IL23A",1,3,3,-0.135881158841239,0.476340220238563,1,"drop"
"HMGB3",1,3,3,0.183914285465246,0.475951447100547,1,"drop"
"PLOD1",1,3,3,-0.27119373951683,0.475674374438042,1,"drop"
"EIF2AK3",1,3,3,0.474991307183909,0.474991307183909,1,"drop"
"PKIB",1,3,3,0.474211489693038,0.474211489693038,1,"drop"
"STX18",1,3,3,-0.299083707986345,0.472948223310544,1,"drop"
"CCDC102A",1,3,3,-0.305617443041505,0.472736395502809,1,"drop"
"TCP11L1",1,3,3,0.196445918058613,0.471106346001802,1,"drop"
"LAIR2",1,3,3,-0.13320143282763,0.470398932022455,1,"drop"
"FBN1",1,3,3,-0.123250805627394,0.469939567512336,1,"drop"
"ERI1",1,3,3,0.197872104395432,0.467554597655319,1,"drop"
"PIP5K1B",1,3,3,0.242485082132018,0.463535001967224,1,"drop"
"VASH1",1,3,3,-0.271479322539107,0.46098010217443,1,"drop"
"INTS9",1,3,3,-0.157389252199972,0.459887645405508,1,"drop"
"RPS12",1,3,3,0.45978015509928,0.45978015509928,1,"drop"
"DNAH14",1,3,3,0.45824675502154,0.45824675502154,1,"drop"
"AC004540.2",1,3,3,0.457519481013012,0.457519481013012,1,"drop"
"ZNF667",1,3,3,-0.149881313874329,0.454456115058075,1,"drop"
"FCRL5",1,3,3,-0.454129262437055,0.454129262437055,1,"drop"
"TUBE1",1,3,3,0.00602741362675498,0.45393932084433,1,"drop"
"CACNB2",1,3,3,0.453107967309247,0.453107967309247,1,"drop"
"RPL26",1,3,3,0.449224317306765,0.449224317306765,1,"drop"
"RPAP1",1,3,3,0.27928562641013,0.448227964198504,1,"drop"
"GCAT",1,3,3,0.00595039817964403,0.447070186946876,1,"drop"
"TCF25",1,3,3,-0.226678131597495,0.446197091237468,1,"drop"
"AC009403.1",1,3,3,-0.151152452625373,0.446195193971238,1,"drop"
"MCM4",1,3,3,0.446027903899811,0.446027903899811,1,"drop"
"SLC31A1",1,3,3,-0.175236681552351,0.442164128485964,1,"drop"
"RPL13",1,3,3,0.442147864721278,0.442147864721278,1,"drop"
"PIK3CD-AS2",1,3,3,0.441485863107195,0.441485863107195,1,"drop"
"CD101",1,3,3,-0.146689370156046,0.438114303849124,1,"drop"
"PLEKHM3",1,3,3,0.166225941775879,0.436118361314145,1,"drop"
"ZNF362",1,3,3,0.265967138215598,0.434275409115295,1,"drop"
"SLC35B3",1,3,3,0.433559573105874,0.433559573105874,1,"drop"
"BDH2",1,3,3,-0.19984319733264,0.432883386089398,1,"drop"
"RPL19",1,3,3,0.432708207808958,0.432708207808958,1,"drop"
"PGGHG",1,3,3,-0.243452256270192,0.43115577962393,1,"drop"
"ABCC5",1,3,3,0.146258720575761,0.430393098617836,1,"drop"
"PM20D2",1,3,3,-0.203832721020276,0.430154274445425,1,"drop"
"MYBBP1A",1,3,3,0.257794770039621,0.428471474261194,1,"drop"
"HIST1H2BN",1,3,3,0.428085256192315,0.428085256192315,1,"drop"
"RPL27",1,3,3,0.42428051466609,0.42428051466609,1,"drop"
"DHODH",1,3,3,-0.180972933292321,0.423756227839523,1,"drop"
"CLDN15",1,3,3,0.093583646672814,0.422426844891632,1,"drop"
"FAM234A",1,3,3,0.23197632850539,0.422259707307213,1,"drop"
"FAM3A",1,3,3,-0.00107226455411201,0.421565097170897,1,"drop"
"SPINT1",1,3,3,-0.42090001206397,0.42090001206397,1,"drop"
"KIR2DL3",1,3,3,-0.420034457049025,0.420034457049025,1,"drop"
"IFI27L1",1,3,3,-0.419693530649586,0.419693530649586,1,"drop"
"NUDT17",1,3,3,0.056730343299212,0.41925569932954,1,"drop"
"AL035530.2",1,3,3,0.184931890782044,0.418966676446424,1,"drop"
"RNF111",1,3,3,-0.215201176035817,0.417585918533914,1,"drop"
"LRG1",1,3,3,-0.159042393174644,0.41595199629389,1,"drop"
"AC138150.1",1,3,3,0.192074473045501,0.414009923512965,1,"drop"
"ATN1",1,3,3,0.413662651429843,0.413662651429843,1,"drop"
"CCP110",1,3,3,0.413466300104022,0.413466300104022,1,"drop"
"ATAD3A",1,3,3,-0.118141189565954,0.412156960469855,1,"drop"
"GZMB",1,3,3,-0.224345313176419,0.411561956368031,1,"drop"
"DCUN1D3",1,3,3,0.176109997114342,0.409218815231923,1,"drop"
"LRRC61",1,3,3,0.235199244335353,0.407854722517594,1,"drop"
"TM7SF2",1,3,3,-0.400856685431576,0.400856685431576,1,"drop"
"SCAP",1,3,3,-0.399159375390273,0.399159375390273,1,"drop"
"ZNF710",1,3,3,-0.119892815561031,0.397904214652433,1,"drop"
"RPS19",1,3,3,0.396689998819526,0.396689998819526,0.449390757286832,"drop"
"RPL35",1,3,3,0.395834403760127,0.395834403760127,1,"drop"
"NAALADL1",1,3,3,-0.392997928622783,0.392997928622783,1,"drop"
"MYNN",1,3,3,0.130033767409417,0.391246627859376,1,"drop"
"PHF7",1,3,3,0.390617511506621,0.390617511506621,1,"drop"
"LIPT1",1,3,3,0.073224759806026,0.390444284316418,1,"drop"
"ARFIP2",1,3,3,0.178496352786509,0.388581940594132,1,"drop"
"SLAMF8",1,3,3,-0.38785545394807,0.38785545394807,1,"drop"
"SELENOP",1,3,3,-0.218245402115523,0.386134699875555,1,"drop"
"RPL31",1,3,3,0.385568380772436,0.385568380772436,1,"drop"
"ZNF649",1,3,3,0.20816130172308,0.385053334535167,1,"drop"
"FZD2",1,3,3,-0.171957508962979,0.385014517299973,1,"drop"
"TMEM150A",1,3,3,-0.0451320559596937,0.383221474353784,1,"drop"
"RPL11",1,3,3,0.380847301445774,0.380847301445774,1,"drop"
"TM9SF1",1,3,3,0.128392942526336,0.378816302375652,1,"drop"
"MAPK7",1,3,3,-0.375553469804432,0.375553469804432,1,"drop"
"RPL24",1,3,3,0.37550246732206,0.37550246732206,1,"drop"
"MAP4K3-DT",1,3,3,0.0946315009756227,0.373632447450607,1,"drop"
"ARHGEF19",1,3,3,0.372582250095761,0.372582250095761,1,"drop"
"PXN-AS1",1,3,3,0.365859911801904,0.365859911801904,1,"drop"
"ZNF85",1,3,3,-0.095255261033097,0.363475527045018,1,"drop"
"PARP16",1,3,3,-0.128062143928923,0.360629734939429,1,"drop"
"SLC24A4",1,3,3,-0.140159871169665,0.355928861910334,1,"drop"
"SYNJ2",1,3,3,-0.166353306657523,0.354377756323665,1,"drop"
"RPS15",1,3,3,0.353584032915238,0.353584032915238,1,"drop"
"TUSC1",1,3,3,-0.176740429527535,0.35113873870025,1,"drop"
"DAPK1",1,3,3,-0.0189603790169263,0.349600091440276,1,"drop"
"TMEM87B",1,3,3,-0.349334701895023,0.349334701895023,1,"drop"
"MRPL39",1,3,3,-0.173485520636447,0.348878915942627,1,"drop"
"DCAF1",1,3,3,-0.34684982160213,0.34684982160213,1,"drop"
"ANGPT1",1,3,3,-0.344048247458324,0.344048247458324,1,"drop"
"GINM1",1,3,3,0.171602034431709,0.340220924607431,1,"drop"
"RUVBL2",1,3,3,-0.338066734481602,0.338066734481602,1,"drop"
"RSPH3",1,3,3,-0.0303549097321483,0.33562120908532,1,"drop"
"CAPN10",1,3,3,-0.143519633473668,0.334113119769057,1,"drop"
"ZNF496",1,3,3,-0.3336135066383,0.3336135066383,1,"drop"
"NMNAT3",1,3,3,-0.147666267637677,0.333069146979286,1,"drop"
"NEIL2",1,3,3,0.332656807748479,0.332656807748479,1,"drop"
"YIPF2",1,3,3,-0.3290977328931,0.3290977328931,1,"drop"
"ZBED3",1,3,3,-0.321547872920078,0.321547872920078,1,"drop"
"NRM",1,3,3,0.087713498146111,0.316897772466644,1,"drop"
"LINC02356",1,3,3,0.125080827248241,0.315883151822317,1,"drop"
"SDR42E2",1,3,3,0.132575403658496,0.314759603833739,1,"drop"
"MMS19",1,3,3,-0.131222676930883,0.314664610843371,1,"drop"
"PLCB4",1,3,3,-0.110012654898632,0.313399341086741,1,"drop"
"TP53BP1",1,3,3,0.103048505886249,0.310755997014255,1,"drop"
"ADGRE1",1,3,3,-0.0610671632914847,0.306939248897745,1,"drop"
"SRRD",1,3,3,0.305883281363664,0.305883281363664,1,"drop"
"ASGR1",1,3,3,-0.0712556476727066,0.305125836571623,1,"drop"
"C11orf74",1,3,3,-0.123209898074642,0.29024354892339,1,"drop"
"SBNO1-AS1",1,3,3,0.10006165408943,0.286993123421634,1,"drop"
"UVSSA",1,3,3,-0.284543155990464,0.284543155990464,1,"drop"
"MYL4",1,2,2,5.07134215957786,5.07134215957786,0.000000000256267704369682,"drop"
"FRMD4A",1,2,2,3.13960263903225,3.13960263903225,1,"drop"
"ADAMTS2",1,2,2,-3.02062682766799,3.02062682766799,0.0000000000000733818828417343,"drop"
"AL096799.1",1,2,2,2.68444674667402,2.68444674667402,1,"drop"
"FXYD7",1,2,2,2.66349684075204,2.66349684075204,1,"drop"
"ST7-OT4",1,2,2,2.65092803782322,2.65092803782322,1,"drop"
"SPACA6",1,2,2,2.63362593871098,2.63362593871098,1,"drop"
"IGHG4",1,2,2,-0.0324020039783899,2.53382844514323,0.00329667732899976,"drop"
"HMGA2-AS1",1,2,2,2.53367320474118,2.53367320474118,1,"drop"
"CATSPERG",1,2,2,2.44761455563995,2.44761455563995,1,"drop"
"PRR4",1,2,2,2.43933738725535,2.43933738725535,1,"drop"
"AL157392.3",1,2,2,2.24780257425253,2.24780257425253,1,"drop"
"LINC00426",1,2,2,2.20797989555952,2.20797989555952,1,"drop"
"CACNB4",1,2,2,2.20387052009927,2.20387052009927,1,"drop"
"SLC25A30",1,2,2,2.20122719032453,2.20122719032453,1,"drop"
"SMKR1",1,2,2,2.16490773679255,2.16490773679255,1,"drop"
"ARRDC5",1,2,2,2.12312951410794,2.12312951410794,1,"drop"
"SUV39H2",1,2,2,2.09548841606488,2.09548841606488,1,"drop"
"TPSB2",1,2,2,-2.0897837994354,2.0897837994354,1,"drop"
"C4orf46",1,2,2,-2.06599383694306,2.06599383694306,1,"drop"
"MRC2",1,2,2,2.03843873888873,2.03843873888873,1,"drop"
"LINC01252",1,2,2,1.99524728964374,1.99524728964374,1,"drop"
"SKIV2L",1,2,2,1.98762785302136,1.98762785302136,1,"drop"
"AL590617.2",1,2,2,1.97636652887668,1.97636652887668,1,"drop"
"PRDM10",1,2,2,1.96667676534877,1.96667676534877,1,"drop"
"AC132872.1",1,2,2,1.8798239246468,1.8798239246468,1,"drop"
"HOXA3",1,2,2,-1.87172402414601,1.87172402414601,1,"drop"
"BMP2",1,2,2,1.85756675163798,1.85756675163798,1,"drop"
"MOSPD1",1,2,2,1.85662516393893,1.85662516393893,1,"drop"
"Z97192.1",1,2,2,1.80012069548834,1.80012069548834,1,"drop"
"ZNF347",1,2,2,1.79872728850733,1.79872728850733,1,"drop"
"AL353807.5",1,2,2,1.78594956860317,1.78594956860317,1,"drop"
"RBBP9",1,2,2,1.75042508443728,1.75042508443728,1,"drop"
"AC107375.1",1,2,2,1.72852149052266,1.72852149052266,1,"drop"
"AC016727.1",1,2,2,1.72025460201494,1.72025460201494,1,"drop"
"POLA2",1,2,2,1.71942178546508,1.71942178546508,1,"drop"
"ST7-AS1",1,2,2,-1.02939823923984,1.71864421683562,1,"drop"
"KCTD15",1,2,2,0.157864852071005,1.71667556842226,1,"drop"
"BAALC-AS1",1,2,2,1.71329536940063,1.71329536940063,1,"drop"
"SRP14-AS1",1,2,2,1.70607270115575,1.70607270115575,1,"drop"
"RNF43",1,2,2,1.69007130116916,1.69007130116916,1,"drop"
"CLDN10",1,2,2,-1.68252920221363,1.68252920221363,1,"drop"
"LINC00672",1,2,2,1.67229727872078,1.67229727872078,1,"drop"
"NPIPB4",1,2,2,1.67065464885005,1.67065464885005,1,"drop"
"AL162390.1",1,2,2,-0.926865545509716,1.66715939786392,1,"drop"
"CPOX",1,2,2,-1.66050901570345,1.66050901570345,1,"drop"
"ZWILCH",1,2,2,1.64595017059385,1.64595017059385,1,"drop"
"AC004918.1",1,2,2,1.64394850811548,1.64394850811548,1,"drop"
"JAM3",1,2,2,1.6379201626288,1.6379201626288,1,"drop"
"PGM3",1,2,2,1.62139496818378,1.62139496818378,1,"drop"
"PABPC1L",1,2,2,1.605934543321,1.605934543321,1,"drop"
"CD27-AS1",1,2,2,1.59780424972759,1.59780424972759,1,"drop"
"GCC1",1,2,2,1.59185256762395,1.59185256762395,1,"drop"
"LINC00954",1,2,2,1.5862478615299,1.5862478615299,1,"drop"
"DLEU2L",1,2,2,1.57951348294714,1.57951348294714,1,"drop"
"PHKG1",1,2,2,1.57814466060531,1.57814466060531,1,"drop"
"LGMN",1,2,2,1.57524196206109,1.57524196206109,1,"drop"
"NR2C2AP",1,2,2,1.56800033899321,1.56800033899321,1,"drop"
"TBC1D25",1,2,2,-1.56338518094593,1.56338518094593,1,"drop"
"TNFSF4",1,2,2,-1.55781289188805,1.55781289188805,1,"drop"
"PLGLB2",1,2,2,1.55720087623296,1.55720087623296,1,"drop"
"AL450384.2",1,2,2,1.55239436230511,1.55239436230511,1,"drop"
"SMCR5",1,2,2,1.54843930729878,1.54843930729878,1,"drop"
"BCAS3",1,2,2,1.53309619053458,1.53309619053458,1,"drop"
"PTCD2",1,2,2,1.52140777145855,1.52140777145855,1,"drop"
"BEX5",1,2,2,-1.521208694806,1.521208694806,1,"drop"
"DUSP14",1,2,2,1.52113806446328,1.52113806446328,1,"drop"
"MECOM",1,2,2,-1.52106774299755,1.52106774299755,1,"drop"
"P3H4",1,2,2,-0.234690693488615,1.50975254729129,1,"drop"
"ZNF793-AS1",1,2,2,1.50805698913439,1.50805698913439,1,"drop"
"PYGO2",1,2,2,1.50760019035427,1.50760019035427,1,"drop"
"ACBD4",1,2,2,-1.50551968296168,1.50551968296168,1,"drop"
"TIGD2",1,2,2,1.50546930824636,1.50546930824636,1,"drop"
"PHLDA2",1,2,2,0.260867548989565,1.49735464695565,0.00878037036987565,"drop"
"ZNF420",1,2,2,1.49639932810125,1.49639932810125,1,"drop"
"CEP76",1,2,2,1.49280325283345,1.49280325283345,1,"drop"
"PINX1",1,2,2,1.49223652148532,1.49223652148532,1,"drop"
"AL121658.1",1,2,2,1.48774100323277,1.48774100323277,1,"drop"
"ALG10",1,2,2,-1.48219198211587,1.48219198211587,1,"drop"
"DNAL4",1,2,2,-1.47034485105313,1.47034485105313,1,"drop"
"BIVM",1,2,2,-1.45283802792877,1.45283802792877,1,"drop"
"C10orf95",1,2,2,1.43926136850309,1.43926136850309,1,"drop"
"TRIM35",1,2,2,1.4351627229619,1.4351627229619,1,"drop"
"CHD1L",1,2,2,1.427692104097,1.427692104097,1,"drop"
"CD99L2",1,2,2,1.4208282010103,1.4208282010103,1,"drop"
"AC015813.1",1,2,2,1.41216758677704,1.41216758677704,1,"drop"
"NCAPH2",1,2,2,1.41027920742487,1.41027920742487,1,"drop"
"C19orf81",1,2,2,1.40883233155459,1.40883233155459,1,"drop"
"AC010618.3",1,2,2,1.40755936670617,1.40755936670617,1,"drop"
"TRAM2-AS1",1,2,2,1.39529349403029,1.39529349403029,1,"drop"
"ZNF879",1,2,2,1.39132049931986,1.39132049931986,1,"drop"
"TMTC3",1,2,2,1.3850418188909,1.3850418188909,1,"drop"
"TUT1",1,2,2,-1.38160433826045,1.38160433826045,1,"drop"
"RHBDD3",1,2,2,1.37835125889083,1.37835125889083,1,"drop"
"POC1B-AS1",1,2,2,1.37224405587327,1.37224405587327,1,"drop"
"TMEM9B-AS1",1,2,2,1.37069608865273,1.37069608865273,1,"drop"
"FAM83D",1,2,2,1.36979003407787,1.36979003407787,1,"drop"
"ANKMY1",1,2,2,1.36557389045793,1.36557389045793,1,"drop"
"HIST2H2AA4",1,2,2,1.3635107259183,1.3635107259183,1,"drop"
"RAB40B",1,2,2,-1.35700598618264,1.35700598618264,1,"drop"
"POGLUT3",1,2,2,1.35679614689332,1.35679614689332,1,"drop"
"AL356055.1",1,2,2,1.35394292534751,1.35394292534751,1,"drop"
"CCDC138",1,2,2,-1.34762589824469,1.34762589824469,1,"drop"
"AC104532.2",1,2,2,1.34616411903139,1.34616411903139,1,"drop"
"FKRP",1,2,2,1.34259954356454,1.34259954356454,1,"drop"
"CGREF1",1,2,2,0.053750454648625,1.31182717277188,1,"drop"
"NEGR1",1,2,2,1.30926020255834,1.30926020255834,1,"drop"
"ZNF620",1,2,2,-1.29302591849426,1.29302591849426,1,"drop"
"PIK3R6",1,2,2,1.28811725697843,1.28811725697843,1,"drop"
"SH2B1",1,2,2,1.28534878302424,1.28534878302424,1,"drop"
"TOP3B",1,2,2,0.345048873663688,1.28258918036233,1,"drop"
"PAIP2B",1,2,2,-1.27476357608459,1.27476357608459,1,"drop"
"CTU2",1,2,2,1.2717572951271,1.2717572951271,1,"drop"
"AC103706.1",1,2,2,1.26556669791972,1.26556669791972,1,"drop"
"IGHG2",1,2,2,-0.066184743813525,1.26254871460984,0.000010342312513748,"drop"
"ZNF528-AS1",1,2,2,-1.26047934948069,1.26047934948069,1,"drop"
"ASB13",1,2,2,1.25640797432301,1.25640797432301,1,"drop"
"AL096803.2",1,2,2,1.25080650912989,1.25080650912989,1,"drop"
"NACA2",1,2,2,1.25039245400017,1.25039245400017,1,"drop"
"PRDM8",1,2,2,-0.466764504145159,1.24876166240469,1,"drop"
"CLNK",1,2,2,1.24144340940623,1.24144340940623,1,"drop"
"KIR2DL4",1,2,2,-1.23446963567871,1.23446963567871,0.0133931981266456,"drop"
"SLC16A4",1,2,2,1.23005637639369,1.23005637639369,1,"drop"
"IQCN",1,2,2,1.22837774297984,1.22837774297984,1,"drop"
"SPINDOC",1,2,2,1.22298633070655,1.22298633070655,1,"drop"
"SHMT1",1,2,2,1.22259989161923,1.22259989161923,1,"drop"
"FAM111B",1,2,2,1.22222099726932,1.22222099726932,0.00000834118322617928,"drop"
"VSIG10",1,2,2,1.22078898408464,1.22078898408464,1,"drop"
"EXD2",1,2,2,-1.22070094373834,1.22070094373834,1,"drop"
"NHEJ1",1,2,2,0.069213385030105,1.22070058316244,1,"drop"
"GTPBP3",1,2,2,-1.22028490003786,1.22028490003786,1,"drop"
"BRF2",1,2,2,1.21810297099705,1.21810297099705,1,"drop"
"AC007336.1",1,2,2,-0.220926711602956,1.21697854638611,1,"drop"
"ZSCAN12",1,2,2,1.21547165580351,1.21547165580351,1,"drop"
"B3GNT7",1,2,2,1.2098625738343,1.2098625738343,0.00246619543181153,"drop"
"ARMCX5",1,2,2,-1.2061631772381,1.2061631772381,1,"drop"
"DHCR7",1,2,2,-0.591803405593839,1.20468490988544,1,"drop"
"AGAP2",1,2,2,1.195770353694,1.195770353694,1,"drop"
"AC124283.1",1,2,2,1.19495344201071,1.19495344201071,1,"drop"
"TRMT10A",1,2,2,-1.18730534027949,1.18730534027949,1,"drop"
"HOXA6",1,2,2,0.564488330285507,1.18652495037614,1,"drop"
"METTL18",1,2,2,0.390448825163169,1.18592145597019,1,"drop"
"ABRAXAS2",1,2,2,-1.18245281038288,1.18245281038288,1,"drop"
"ST8SIA6",1,2,2,-1.17992804557703,1.17992804557703,1,"drop"
"C7orf25",1,2,2,1.17955713143635,1.17955713143635,1,"drop"
"HIST1H2AE",1,2,2,-1.17570467681525,1.17570467681525,1,"drop"
"WDR76",1,2,2,1.17193177232348,1.17193177232348,1,"drop"
"SGSM2",1,2,2,1.17123154412739,1.17123154412739,1,"drop"
"NIPAL2",1,2,2,-1.15733816156843,1.15733816156843,1,"drop"
"TMPRSS9",1,2,2,1.15708665604637,1.15708665604637,1,"drop"
"C1orf216",1,2,2,1.15612315356661,1.15612315356661,1,"drop"
"TAF4B",1,2,2,-0.330340783568857,1.15249771431292,1,"drop"
"KLF3-AS1",1,2,2,1.15205062664718,1.15205062664718,1,"drop"
"POLR1A",1,2,2,1.15009972074551,1.15009972074551,1,"drop"
"SDK2",1,2,2,0.64353154589382,1.14630624007781,1,"drop"
"OSER1-DT",1,2,2,0.04271563368103,1.14610824331462,1,"drop"
"ZMYM1",1,2,2,-1.14328207652879,1.14328207652879,1,"drop"
"CDC7",1,2,2,1.13955947396939,1.13955947396939,1,"drop"
"DTWD2",1,2,2,-1.13946902075163,1.13946902075163,1,"drop"
"AC138649.1",1,2,2,1.1386780506583,1.1386780506583,1,"drop"
"DLC1",1,2,2,-1.13704339131195,1.13704339131195,1,"drop"
"CELSR1",1,2,2,1.13006257905848,1.13006257905848,1,"drop"
"PKD2",1,2,2,-1.12919785073795,1.12919785073795,1,"drop"
"AC007383.2",1,2,2,1.12699527817064,1.12699527817064,1,"drop"
"RTN2",1,2,2,-1.12169324396804,1.12169324396804,1,"drop"
"LINC02021",1,2,2,1.11939926379095,1.11939926379095,1,"drop"
"ICAM4",1,2,2,-1.11850602434225,1.11850602434225,1,"drop"
"ZNF282",1,2,2,1.11440073234032,1.11440073234032,1,"drop"
"AC103769.1",1,2,2,1.11361777219101,1.11361777219101,1,"drop"
"ADAT1",1,2,2,1.11081119114057,1.11081119114057,1,"drop"
"LRWD1",1,2,2,-1.10859713862774,1.10859713862774,1,"drop"
"SLC38A7",1,2,2,1.10651305649393,1.10651305649393,1,"drop"
"FLYWCH1",1,2,2,-1.1055006032981,1.1055006032981,1,"drop"
"DCBLD2",1,2,2,-1.10093803522937,1.10093803522937,1,"drop"
"CCDC144A",1,2,2,1.10088397261795,1.10088397261795,1,"drop"
"KIF27",1,2,2,1.09254933996741,1.09254933996741,1,"drop"
"GNAI1",1,2,2,-1.08824305320887,1.08824305320887,1,"drop"
"GFI1B",1,2,2,-1.08565102330316,1.08565102330316,1,"drop"
"LINC00960",1,2,2,-0.0127747547980449,1.08483861741581,1,"drop"
"WDR92",1,2,2,-1.08465321398725,1.08465321398725,1,"drop"
"ZNF717",1,2,2,-1.08449940943991,1.08449940943991,1,"drop"
"LINC02805",1,2,2,-1.0841834887538,1.0841834887538,1,"drop"
"VWA5A",1,2,2,-1.0826021640683,1.0826021640683,1,"drop"
"CEP97",1,2,2,1.08231798958429,1.08231798958429,1,"drop"
"LSS",1,2,2,1.08192321892456,1.08192321892456,1,"drop"
"TSIX",1,2,2,1.0806485877008,1.0806485877008,1,"drop"
"ZNF576",1,2,2,0.270403612660421,1.07764142617855,1,"drop"
"SLC4A8",1,2,2,-1.06067157263313,1.06067157263313,1,"drop"
"LRRC34",1,2,2,-1.06019318030383,1.06019318030383,1,"drop"
"PUS7",1,2,2,1.05946179425446,1.05946179425446,1,"drop"
"KLRC2",1,2,2,-1.0513784610614,1.0513784610614,0.00000000447617656792315,"drop"
"AHCYL2",1,2,2,1.05087676288141,1.05087676288141,1,"drop"
"AMPD3",1,2,2,-0.118866837489956,1.05016251365864,1,"drop"
"KNTC1",1,2,2,1.04529960083898,1.04529960083898,1,"drop"
"AC099791.2",1,2,2,1.04386759348068,1.04386759348068,1,"drop"
"TWNK",1,2,2,-0.667029824353436,1.03885064837804,1,"drop"
"FBXO46",1,2,2,-1.03797259606567,1.03797259606567,1,"drop"
"AC008393.1",1,2,2,1.03587122365052,1.03587122365052,1,"drop"
"RTP4",1,2,2,-1.03378748549526,1.03378748549526,1,"drop"
"B4GALT6",1,2,2,1.03217274906223,1.03217274906223,1,"drop"
"VPS35L",1,2,2,-1.03022136306083,1.03022136306083,1,"drop"
"TAF1C",1,2,2,1.02888721166381,1.02888721166381,1,"drop"
"AC144521.1",1,2,2,1.02637666465747,1.02637666465747,1,"drop"
"WDR91",1,2,2,-1.02570852803533,1.02570852803533,1,"drop"
"ZNF211",1,2,2,1.02376441929822,1.02376441929822,1,"drop"
"NUDT8",1,2,2,1.02154623515247,1.02154623515247,1,"drop"
"PYROXD2",1,2,2,1.02095452471233,1.02095452471233,1,"drop"
"BAHD1",1,2,2,0.301139337852681,1.01670372763617,1,"drop"
"KCNH2",1,2,2,-1.01493580047145,1.01493580047145,1,"drop"
"MANEA",1,2,2,1.01414805977887,1.01414805977887,1,"drop"
"NEK5",1,2,2,1.01369808257675,1.01369808257675,1,"drop"
"NANOS3",1,2,2,1.0126712105445,1.0126712105445,1,"drop"
"ERICH6-AS1",1,2,2,-0.0946607577971511,1.01191850499408,1,"drop"
"SPNS2",1,2,2,1.00986608649496,1.00986608649496,1,"drop"
"IL17RC",1,2,2,1.00465316096429,1.00465316096429,1,"drop"
"RABL2B",1,2,2,1.00442127341633,1.00442127341633,1,"drop"
"MDK",1,2,2,-1.00358833566861,1.00358833566861,1,"drop"
"HIST1H2BH",1,2,2,1.00305357068774,1.00305357068774,1,"drop"
"MRRF",1,2,2,1.00059986287462,1.00059986287462,1,"drop"
"AL451085.2",1,2,2,0.998310447017291,0.998310447017291,1,"drop"
"PLTP",1,2,2,-0.998302524203194,0.998302524203194,1,"drop"
"CHMP4C",1,2,2,0.997815685896059,0.997815685896059,1,"drop"
"HADH",1,2,2,0.997722416364316,0.997722416364316,1,"drop"
"ZKSCAN4",1,2,2,-0.993394086606046,0.993394086606046,1,"drop"
"SYT2",1,2,2,0.990852954241559,0.990852954241559,1,"drop"
"SOCS2-AS1",1,2,2,-0.990580079566018,0.990580079566018,1,"drop"
"SCARB1",1,2,2,0.988035928476112,0.988035928476112,1,"drop"
"AC008014.1",1,2,2,0.986983053137523,0.986983053137523,1,"drop"
"SMN1",1,2,2,0.984346528138048,0.984346528138048,1,"drop"
"WDR35",1,2,2,-0.984280312775953,0.984280312775953,1,"drop"
"AHI1",1,2,2,0.984110447933716,0.984110447933716,1,"drop"
"FHL2",1,2,2,0.015515236686273,0.983603968340326,1,"drop"
"GFM2",1,2,2,0.977361553831633,0.977361553831633,1,"drop"
"CXADR",1,2,2,0.325946626927798,0.976176996156432,1,"drop"
"AC092329.4",1,2,2,0.974395856240593,0.974395856240593,1,"drop"
"SDCBP2-AS1",1,2,2,-0.967981035897627,0.967981035897627,1,"drop"
"BBS9",1,2,2,0.186856479071714,0.967295988459486,1,"drop"
"ALG2",1,2,2,0.967281835219853,0.967281835219853,1,"drop"
"CSTF2",1,2,2,0.966592222219688,0.966592222219688,1,"drop"
"MYH10",1,2,2,-0.962740041076728,0.962740041076728,1,"drop"
"ATAD5",1,2,2,0.960610396756488,0.960610396756488,1,"drop"
"CLHC1",1,2,2,0.958113556761579,0.958113556761579,1,"drop"
"TTC28",1,2,2,0.437054615332934,0.957286772061037,1,"drop"
"AP000547.3",1,2,2,0.287149608099604,0.956566484699605,1,"drop"
"ZNF248",1,2,2,-0.951691697266904,0.951691697266904,1,"drop"
"DNAJC27",1,2,2,0.949061967293805,0.949061967293805,1,"drop"
"LZTS2",1,2,2,0.948721840232772,0.948721840232772,1,"drop"
"AC092747.4",1,2,2,0.947102684575449,0.947102684575449,1,"drop"
"VAPB",1,2,2,0.245043576237119,0.944706645594311,1,"drop"
"DNAL1",1,2,2,0.94261645010956,0.94261645010956,1,"drop"
"LRRC42",1,2,2,0.939197312363752,0.939197312363752,1,"drop"
"GSTCD",1,2,2,0.937204291046567,0.937204291046567,1,"drop"
"NR2F6",1,2,2,0.935450689592385,0.935450689592385,1,"drop"
"MMRN1",1,2,2,0.928738902824445,0.928738902824445,1,"drop"
"FNDC10",1,2,2,0.927175102091286,0.927175102091286,1,"drop"
"GRN",1,2,2,0.925353181113426,0.925353181113426,1,"drop"
"AC010623.1",1,2,2,0.921809024027567,0.921809024027567,1,"drop"
"CCDC34",1,2,2,-0.921787251291775,0.921787251291775,1,"drop"
"ZNF275",1,2,2,0.919524225293584,0.919524225293584,1,"drop"
"ZNF703",1,2,2,0.522674844644817,0.917940941273083,0.454677410726869,"drop"
"BMERB1",1,2,2,-0.614992724650487,0.916892514643943,1,"drop"
"ABCG1",1,2,2,0.913138886700233,0.913138886700233,1,"drop"
"SMIM10",1,2,2,-0.910507315561383,0.910507315561383,1,"drop"
"COL18A1",1,2,2,-0.25592912975328,0.91037227789488,1,"drop"
"HOXB4",1,2,2,0.10008077001998,0.90835455679189,1,"drop"
"PNMT",1,2,2,-0.907933344374392,0.907933344374392,1,"drop"
"PROCA1",1,2,2,0.907839908340264,0.907839908340264,1,"drop"
"ZDHHC13",1,2,2,0.907682921832001,0.907682921832001,1,"drop"
"SCAMP4",1,2,2,0.907067356030474,0.907067356030474,1,"drop"
"CDK5",1,2,2,-0.905946408013601,0.905946408013601,1,"drop"
"CDT1",1,2,2,0.90585616389376,0.90585616389376,1,"drop"
"SPRYD4",1,2,2,-0.905611924366071,0.905611924366071,1,"drop"
"TOMM40L",1,2,2,0.905277238118125,0.905277238118125,1,"drop"
"GTF3C5",1,2,2,-0.094284679190703,0.905064751935887,1,"drop"
"AC116407.2",1,2,2,0.903293638026669,0.903293638026669,1,"drop"
"MIPEP",1,2,2,-0.207861199067613,0.902934677785127,1,"drop"
"ZNF175",1,2,2,0.902387281119854,0.902387281119854,1,"drop"
"HPGDS",1,2,2,-0.901536558933154,0.901536558933154,1,"drop"
"AC008764.8",1,2,2,0.900134171322519,0.900134171322519,1,"drop"
"CNTNAP3",1,2,2,-0.644309259802831,0.899276608783279,1,"drop"
"NKAIN2",1,2,2,0.054928826344448,0.898933764843109,1,"drop"
"AC099343.3",1,2,2,-0.895375359008101,0.895375359008101,1,"drop"
"NF2",1,2,2,0.894977887664558,0.894977887664558,1,"drop"
"ZNF668",1,2,2,0.894673808985399,0.894673808985399,1,"drop"
"SV2A",1,2,2,0.411300094329458,0.894003484330782,1,"drop"
"CMBL",1,2,2,-0.893996415757519,0.893996415757519,1,"drop"
"TANC2",1,2,2,0.893961271031223,0.893961271031223,1,"drop"
"PLD3",1,2,2,0.887949298086024,0.887949298086024,1,"drop"
"MECR",1,2,2,-0.219991213123493,0.885670821392617,1,"drop"
"DRG2",1,2,2,-0.885185831610878,0.885185831610878,1,"drop"
"CCDC175",1,2,2,-0.884977114387953,0.884977114387953,1,"drop"
"TUBGCP4",1,2,2,-0.884437888492926,0.884437888492926,1,"drop"
"SPRYD7",1,2,2,0.88385568086467,0.88385568086467,1,"drop"
"SNHG11",1,2,2,0.883205675769916,0.883205675769916,1,"drop"
"C22orf34",1,2,2,0.882929409132365,0.882929409132365,1,"drop"
"AC244090.1",1,2,2,0.88218870970188,0.88218870970188,1,"drop"
"MYB",1,2,2,-0.882133678775348,0.882133678775348,1,"drop"
"KBTBD3",1,2,2,-0.880103142037796,0.880103142037796,1,"drop"
"TM4SF1",1,2,2,-0.879126102364996,0.879126102364996,1,"drop"
"AC239799.2",1,2,2,-0.878194854854969,0.878194854854969,1,"drop"
"AL359513.1",1,2,2,0.877572578665961,0.877572578665961,1,"drop"
"MOK",1,2,2,-0.874581586177064,0.874581586177064,1,"drop"
"IRF2BP1",1,2,2,-0.874075774467407,0.874075774467407,1,"drop"
"ERF",1,2,2,0.200043955629762,0.873847722186848,1,"drop"
"HMGA1P4",1,2,2,0.872415558433383,0.872415558433383,1,"drop"
"ACP2",1,2,2,-0.871836998857235,0.871836998857235,1,"drop"
"PARP6",1,2,2,0.121600967225046,0.871784972787716,1,"drop"
"XXYLT1-AS2",1,2,2,-0.871409339806887,0.871409339806887,1,"drop"
"TSTD3",1,2,2,0.869960464904787,0.869960464904787,1,"drop"
"MSANTD3",1,2,2,0.868436098175055,0.868436098175055,1,"drop"
"SLC25A4",1,2,2,0.868055975516381,0.868055975516381,1,"drop"
"BST1",1,2,2,-0.864685678355968,0.864685678355968,1,"drop"
"ADGRA3",1,2,2,0.864430827246573,0.864430827246573,1,"drop"
"HMGA2",1,2,2,0.859709011348949,0.859709011348949,1,"drop"
"AP001020.2",1,2,2,0.858136447338301,0.858136447338301,1,"drop"
"CXorf40A",1,2,2,0.014333456212218,0.857996560846365,1,"drop"
"SLC10A5",1,2,2,0.85635730146686,0.85635730146686,1,"drop"
"ACP6",1,2,2,-0.855942821098603,0.855942821098603,1,"drop"
"PTCH2",1,2,2,-0.854951366103968,0.854951366103968,1,"drop"
"TCF20",1,2,2,0.854506579628219,0.854506579628219,1,"drop"
"MFSD2A",1,2,2,0.853991039932692,0.853991039932692,1,"drop"
"ZNF551",1,2,2,-0.853145321741371,0.853145321741371,1,"drop"
"NOMO1",1,2,2,0.152760427350661,0.85196620838037,1,"drop"
"AL133330.1",1,2,2,0.29484419048695,0.85128695833952,1,"drop"
"AL357079.1",1,2,2,0.850399437585493,0.850399437585493,1,"drop"
"HSPG2",1,2,2,-0.849936361327337,0.849936361327337,1,"drop"
"CHKB-DT",1,2,2,0.849756671075153,0.849756671075153,1,"drop"
"OLMALINC",1,2,2,0.848369881953596,0.848369881953596,1,"drop"
"ADM",1,2,2,-0.332602842708544,0.847664132829235,1,"drop"
"RAB12",1,2,2,0.847035295616321,0.847035295616321,1,"drop"
"AC104083.1",1,2,2,0.845632891517309,0.845632891517309,1,"drop"
"ADGRG6",1,2,2,0.845626700149172,0.845626700149172,1,"drop"
"RTL10",1,2,2,0.843818885418828,0.843818885418828,1,"drop"
"ARL15",1,2,2,0.842777080568356,0.842777080568356,1,"drop"
"TSEN2",1,2,2,0.841355531101775,0.841355531101775,1,"drop"
"CD8B",1,2,2,0.151430263463351,0.836577690305111,1,"drop"
"TUBGCP6",1,2,2,-0.067410986214575,0.83610399183926,1,"drop"
"SIRPB2",1,2,2,-0.835668406747418,0.835668406747418,1,"drop"
"ZNF808",1,2,2,0.834674397037123,0.834674397037123,1,"drop"
"CD86",1,2,2,-0.834336449237563,0.834336449237563,1,"drop"
"CSKMT",1,2,2,-0.83308244146281,0.83308244146281,1,"drop"
"LINC02328",1,2,2,0.252104361247732,0.831742016564667,1,"drop"
"SS18L1",1,2,2,0.831525208700798,0.831525208700798,1,"drop"
"AAR2",1,2,2,-0.831284672759927,0.831284672759927,1,"drop"
"ZNF561-AS1",1,2,2,-0.827800887889685,0.827800887889685,1,"drop"
"CXCL2",1,2,2,-0.368246084179658,0.826499967776771,1,"drop"
"BRCA1",1,2,2,0.825922467643096,0.825922467643096,1,"drop"
"FAM120B",1,2,2,0.825831907515154,0.825831907515154,1,"drop"
"NENF",1,2,2,-0.0245335670764435,0.824350571220015,1,"drop"
"ZSCAN32",1,2,2,0.823340425492142,0.823340425492142,1,"drop"
"FANCA",1,2,2,0.822673981419098,0.822673981419098,1,"drop"
"VILL",1,2,2,-0.061779252297721,0.821224644069253,1,"drop"
"BHLHE41",1,2,2,-0.816099284679531,0.816099284679531,0.00362624362093351,"drop"
"GPHN",1,2,2,-0.187689710130598,0.81139830141215,1,"drop"
"B3GNTL1",1,2,2,-0.810012699041025,0.810012699041025,1,"drop"
"COPG2",1,2,2,0.809599536804036,0.809599536804036,1,"drop"
"TMEM40",1,2,2,0.379302272223761,0.808868669165118,0.0121171873285587,"drop"
"DNAAF4",1,2,2,-0.807939174048976,0.807939174048976,1,"drop"
"TVP23C",1,2,2,-0.01294262827802,0.80363067737817,1,"drop"
"ZNF888",1,2,2,0.0307312821509475,0.802593084734375,1,"drop"
"ESAM",1,2,2,0.801293897154245,0.801293897154245,1,"drop"
"LINC01473",1,2,2,0.797498274826744,0.797498274826744,1,"drop"
"ZNF836",1,2,2,0.797345663334222,0.797345663334222,1,"drop"
"THSD7A",1,2,2,0.795652377908288,0.795652377908288,1,"drop"
"C12orf66",1,2,2,0.794566234401408,0.794566234401408,1,"drop"
"ZBTB17",1,2,2,-0.793017633149074,0.793017633149074,1,"drop"
"MTA2",1,2,2,0.792033038376372,0.792033038376372,1,"drop"
"P2RY1",1,2,2,0.791475055038106,0.791475055038106,1,"drop"
"SEPSECS-AS1",1,2,2,0.052502730692498,0.79146312594305,1,"drop"
"GPR180",1,2,2,0.526004876013193,0.791453918775257,1,"drop"
"GNG7",1,2,2,0.790402207562976,0.790402207562976,1,"drop"
"CHPF",1,2,2,0.789374488976387,0.789374488976387,1,"drop"
"AC093690.1",1,2,2,-0.112915918653769,0.788282934066784,1,"drop"
"SCAF1",1,2,2,-0.787840189061847,0.787840189061847,1,"drop"
"NEDD4L",1,2,2,0.438408881572715,0.787111229811686,1,"drop"
"AC015871.4",1,2,2,-0.786970613270043,0.786970613270043,1,"drop"
"TBCE",1,2,2,-0.786563204950762,0.786563204950762,1,"drop"
"PLEKHA8",1,2,2,-0.146844719070578,0.786557865471779,1,"drop"
"MACROD1",1,2,2,0.165764087071688,0.784964007474587,1,"drop"
"SPATA33",1,2,2,-0.192887668778611,0.78237339279453,1,"drop"
"MRTFB",1,2,2,0.238993228669255,0.781563029000415,1,"drop"
"DECR2",1,2,2,0.779583015710536,0.779583015710536,1,"drop"
"FEM1A",1,2,2,0.779112726502571,0.779112726502571,1,"drop"
"MANEA-DT",1,2,2,0.779087473619308,0.779087473619308,1,"drop"
"POGLUT2",1,2,2,0.524611659810482,0.778354418953878,1,"drop"
"PGS1",1,2,2,0.0292649862377315,0.777691001676162,1,"drop"
"CRHBP",1,2,2,-0.777052264893903,0.777052264893903,1,"drop"
"AC006504.5",1,2,2,-0.77662727082067,0.77662727082067,1,"drop"
"TEPSIN",1,2,2,0.776556832629601,0.776556832629601,1,"drop"
"MACROD2",1,2,2,0.186787184324318,0.774272109339391,1,"drop"
"FLVCR1-DT",1,2,2,0.77292303892104,0.77292303892104,1,"drop"
"ASTE1",1,2,2,0.772500316084582,0.772500316084582,1,"drop"
"DGAT1",1,2,2,0.0593085887917615,0.770822800796848,1,"drop"
"USP20",1,2,2,0.77059086674565,0.77059086674565,1,"drop"
"TTLL12",1,2,2,-0.769495581342974,0.769495581342974,1,"drop"
"FERMT1",1,2,2,-0.155322742628131,0.768939092193365,1,"drop"
"RMI2",1,2,2,0.767792310286387,0.767792310286387,1,"drop"
"ZNF778",1,2,2,0.766601113406538,0.766601113406538,1,"drop"
"PCGF6",1,2,2,-0.766174006787072,0.766174006787072,1,"drop"
"ZNF256",1,2,2,0.765193075744835,0.765193075744835,1,"drop"
"UBL7-AS1",1,2,2,0.764558952904139,0.764558952904139,1,"drop"
"MAP10",1,2,2,0.763904895168469,0.763904895168469,1,"drop"
"AC017100.1",1,2,2,-0.763674520522541,0.763674520522541,1,"drop"
"ZBTB11-AS1",1,2,2,0.100795861005009,0.763495471486972,1,"drop"
"PGAP2",1,2,2,0.763167243127395,0.763167243127395,1,"drop"
"ZNF570",1,2,2,0.413451186949695,0.762932109616365,1,"drop"
"FANCM",1,2,2,0.762429815704655,0.762429815704655,1,"drop"
"SLC25A5",1,2,2,-0.138076286713827,0.760442893900527,1,"drop"
"CTC1",1,2,2,-0.345236724109298,0.759959227643972,1,"drop"
"IFT122",1,2,2,0.757573852650794,0.757573852650794,1,"drop"
"IGFBP6",1,2,2,0.757418041992763,0.757418041992763,1,"drop"
"DUSP19",1,2,2,-0.219638671787498,0.757378330824084,1,"drop"
"POMT1",1,2,2,0.757324080086062,0.757324080086062,1,"drop"
"ZNF671",1,2,2,-0.075335682136831,0.755803453492701,1,"drop"
"SULT1C4",1,2,2,0.389312507148536,0.754153575010443,1,"drop"
"LIMCH1",1,2,2,-0.754039163319779,0.754039163319779,1,"drop"
"ZNF793",1,2,2,0.753938714990342,0.753938714990342,1,"drop"
"AP006621.3",1,2,2,0.28428083069135,0.75317034219262,1,"drop"
"TMEM25",1,2,2,-0.753127815338921,0.753127815338921,1,"drop"
"SESN2",1,2,2,0.0128390543552895,0.751011970907036,1,"drop"
"HIST1H3B",1,2,2,0.750935447064435,0.750935447064435,1,"drop"
"AC026124.2",1,2,2,0.750725440381144,0.750725440381144,1,"drop"
"DSEL",1,2,2,-0.749044348611049,0.749044348611049,0.0000000306347206740798,"drop"
"TBC1D17",1,2,2,0.748920093736625,0.748920093736625,1,"drop"
"HOMEZ",1,2,2,-0.748233645993135,0.748233645993135,1,"drop"
"MGST1",1,2,2,-0.748126169574723,0.748126169574723,1,"drop"
"CTTN",1,2,2,0.280220555442902,0.746474253715758,0.355297193073471,"drop"
"ACY1",1,2,2,-0.745534125478502,0.745534125478502,1,"drop"
"DTD2",1,2,2,-0.745519819404469,0.745519819404469,1,"drop"
"RPSA",1,2,2,0.744090505174522,0.744090505174522,1,"drop"
"ACAD9",1,2,2,0.249749478820629,0.743642085290686,1,"drop"
"KANSL1-AS1",1,2,2,-0.742683729681347,0.742683729681347,1,"drop"
"AASDH",1,2,2,0.742295786672852,0.742295786672852,1,"drop"
"EPHB1",1,2,2,0.184153521835869,0.742116043370375,1,"drop"
"NPDC1",1,2,2,-0.741297843965571,0.741297843965571,1,"drop"
"TJP2",1,2,2,-0.741041835769931,0.741041835769931,1,"drop"
"HLA-F-AS1",1,2,2,0.740019823547108,0.740019823547108,1,"drop"
"ENOX2",1,2,2,0.079694462195416,0.738591567803521,1,"drop"
"HIST1H2AD",1,2,2,0.73812637099557,0.73812637099557,1,"drop"
"CYP2U1",1,2,2,-0.736032133126302,0.736032133126302,1,"drop"
"C17orf67",1,2,2,0.735783126758324,0.735783126758324,1,"drop"
"GOLGA8A",1,2,2,0.735112508715363,0.735112508715363,1,"drop"
"PEX6",1,2,2,-0.734630433654254,0.734630433654254,1,"drop"
"KATNB1",1,2,2,-0.734141791984188,0.734141791984188,1,"drop"
"SERAC1",1,2,2,0.733999553809332,0.733999553809332,1,"drop"
"C9orf43",1,2,2,0.281548665565051,0.733559380136459,1,"drop"
"TYMSOS",1,2,2,-0.733479945000847,0.733479945000847,1,"drop"
"PEX11A",1,2,2,0.729028303760379,0.729028303760379,1,"drop"
"HAUS5",1,2,2,-0.727702533917219,0.727702533917219,1,"drop"
"CMTM5",1,2,2,0.267554037401984,0.72755578844453,0.0204668825898405,"drop"
"SMARCA1",1,2,2,0.72639689473662,0.72639689473662,1,"drop"
"PGAP1",1,2,2,0.725870327913795,0.725870327913795,1,"drop"
"RABL3",1,2,2,0.295407891794239,0.725663805704701,1,"drop"
"UBQLN4",1,2,2,-0.725370348744597,0.725370348744597,1,"drop"
"PMEPA1",1,2,2,-0.725102950504378,0.725102950504378,1,"drop"
"GMNN",1,2,2,0.187193054520276,0.724723199998928,1,"drop"
"RINT1",1,2,2,0.724498296862949,0.724498296862949,1,"drop"
"KLHL21",1,2,2,-0.206953955074984,0.723471934993184,1,"drop"
"ATAD2",1,2,2,0.723365912259597,0.723365912259597,1,"drop"
"ZBTB20-AS2",1,2,2,-0.057910140790637,0.722207022062658,1,"drop"
"RYR3",1,2,2,-0.721731653506356,0.721731653506356,1,"drop"
"CATSPER2",1,2,2,0.72014438952068,0.72014438952068,1,"drop"
"PXMP4",1,2,2,0.72006996759555,0.72006996759555,1,"drop"
"SRBD1",1,2,2,0.01086638819336,0.719726204656078,1,"drop"
"SLC14A1",1,2,2,0.317958302569108,0.719571185420952,1,"drop"
"SNHG26",1,2,2,-0.241120011037749,0.719061774347571,1,"drop"
"MLLT11",1,2,2,-0.717990522014184,0.717990522014184,1,"drop"
"LINC01724",1,2,2,0.716032285105695,0.716032285105695,1,"drop"
"USP45",1,2,2,-0.715352226626297,0.715352226626297,1,"drop"
"SERPINH1",1,2,2,0.712553917932347,0.712553917932347,1,"drop"
"UNC119B",1,2,2,-0.711836873638842,0.711836873638842,1,"drop"
"ZNF624",1,2,2,0.711773701573021,0.711773701573021,1,"drop"
"HACE1",1,2,2,0.710760878179793,0.710760878179793,1,"drop"
"AC027279.1",1,2,2,0.710632133516695,0.710632133516695,1,"drop"
"ZNF827",1,2,2,0.709038674291819,0.709038674291819,1,"drop"
"ALDH5A1",1,2,2,0.330242380278574,0.708857028723246,1,"drop"
"DSG2",1,2,2,0.055110726347666,0.708525168788146,1,"drop"
"ZNF568",1,2,2,0.708239519398101,0.708239519398101,1,"drop"
"GPD2",1,2,2,0.708115762112388,0.708115762112388,1,"drop"
"TRIM37",1,2,2,0.706403629644407,0.706403629644407,1,"drop"
"MLYCD",1,2,2,-0.706258377132278,0.706258377132278,1,"drop"
"HEXIM2",1,2,2,0.706156124392334,0.706156124392334,1,"drop"
"DNAJC6",1,2,2,-0.317901752750653,0.705846963539576,1,"drop"
"AC074117.1",1,2,2,0.703310964125859,0.703310964125859,1,"drop"
"SVOPL",1,2,2,-0.701688378800972,0.701688378800972,1,"drop"
"PPT2",1,2,2,-0.283568866133841,0.700230799274634,1,"drop"
"PROM1",1,2,2,0.377207686426146,0.699565530303034,1,"drop"
"AL391840.3",1,2,2,0.203377647900206,0.698617675468953,1,"drop"
"ZG16B",1,2,2,-0.697503716574783,0.697503716574783,1,"drop"
"TMEM140",1,2,2,0.159407090810378,0.697203081572821,1,"drop"
"VNN1",1,2,2,-0.242597779435604,0.697032395717988,1,"drop"
"CKMT2-AS1",1,2,2,0.696474760928323,0.696474760928323,1,"drop"
"FGFR1OP",1,2,2,0.695534604877224,0.695534604877224,1,"drop"
"MYL5",1,2,2,-0.69371812231977,0.69371812231977,1,"drop"
"PRSS21",1,2,2,0.692978780876397,0.692978780876397,1,"drop"
"KANK2",1,2,2,0.69199316108794,0.69199316108794,1,"drop"
"CCDC30",1,2,2,-0.690336908481934,0.690336908481934,1,"drop"
"AL133243.3",1,2,2,0.689185022560916,0.689185022560916,1,"drop"
"C2CD2",1,2,2,0.687400604596333,0.687400604596333,1,"drop"
"AC011139.1",1,2,2,-0.686468075262238,0.686468075262238,1,"drop"
"TRIP6",1,2,2,-0.683882419738557,0.683882419738557,1,"drop"
"DCUN1D4",1,2,2,0.683595939040005,0.683595939040005,1,"drop"
"AC009831.3",1,2,2,-0.221882711775199,0.682875066831983,1,"drop"
"GLIDR",1,2,2,-0.144313196177522,0.681607459720576,1,"drop"
"RRP9",1,2,2,0.681315174127907,0.681315174127907,1,"drop"
"RDH5",1,2,2,0.680947587191925,0.680947587191925,1,"drop"
"AC008771.1",1,2,2,0.679852131957389,0.679852131957389,1,"drop"
"MFSD5",1,2,2,0.679701231184125,0.679701231184125,1,"drop"
"MRPL53",1,2,2,0.678802017685058,0.678802017685058,1,"drop"
"BGLAP",1,2,2,-0.021854199468247,0.678086581439644,1,"drop"
"HK2",1,2,2,0.677256561487223,0.677256561487223,0.0789000668314027,"drop"
"ABCF2",1,2,2,-0.676539923864675,0.676539923864675,1,"drop"
"BLMH",1,2,2,-0.674947466459126,0.674947466459126,1,"drop"
"MYLK-AS1",1,2,2,-0.673942674688149,0.673942674688149,1,"drop"
"SUMO4",1,2,2,-0.673074590683884,0.673074590683884,1,"drop"
"ANKRD27",1,2,2,-0.672868311312459,0.672868311312459,1,"drop"
"DNTT",1,2,2,0.354176332667762,0.671529952251008,1,"drop"
"ASB9",1,2,2,-0.671097389024214,0.671097389024214,1,"drop"
"SUPT7L",1,2,2,0.670795455057829,0.670795455057829,1,"drop"
"ZBTB26",1,2,2,-0.670388766964817,0.670388766964817,1,"drop"
"RBM47",1,2,2,-0.667865516743166,0.667865516743166,1,"drop"
"WRAP53",1,2,2,0.667557119695519,0.667557119695519,1,"drop"
"DIS3L2",1,2,2,0.158859885733652,0.667394313752032,1,"drop"
"PDIA5",1,2,2,-0.22187885492413,0.666982408713249,1,"drop"
"RPL34",1,2,2,0.666446043250126,0.666446043250126,1,"drop"
"CD93",1,2,2,-0.66571043669621,0.66571043669621,0.0000218721663347497,"drop"
"EXOSC2",1,2,2,-0.664650822936161,0.664650822936161,1,"drop"
"TRAPPC9",1,2,2,0.664479531277011,0.664479531277011,1,"drop"
"SPATA7",1,2,2,0.664238002411353,0.664238002411353,1,"drop"
"GRAMD2B",1,2,2,-0.663196930146487,0.663196930146487,1,"drop"
"COQ9",1,2,2,-0.662827444873778,0.662827444873778,1,"drop"
"GP9",1,2,2,0.360929506580658,0.662588133180822,0.0930537039534169,"drop"
"LENG8-AS1",1,2,2,0.662531688006173,0.662531688006173,1,"drop"
"SCD",1,2,2,-0.115375242479612,0.662275688683106,1,"drop"
"MED26",1,2,2,-0.0280685931270215,0.661848333169823,1,"drop"
"SLC12A5",1,2,2,0.661781045528508,0.661781045528508,1,"drop"
"RBAK",1,2,2,0.660564329719669,0.660564329719669,1,"drop"
"DNMT3B",1,2,2,0.187239562250302,0.660250649627452,1,"drop"
"HOXB3",1,2,2,0.045513201982705,0.659329943572354,1,"drop"
"EXD3",1,2,2,-0.654969974392585,0.654969974392585,1,"drop"
"RNF217",1,2,2,0.654895978516722,0.654895978516722,1,"drop"
"EDC4",1,2,2,-0.135357067084435,0.654528493454998,1,"drop"
"INTS14",1,2,2,-0.65337185754257,0.65337185754257,1,"drop"
"TBCK",1,2,2,0.652547997645557,0.652547997645557,1,"drop"
"RPS10",1,2,2,0.652259048578723,0.652259048578723,1,"drop"
"C21orf58",1,2,2,-0.651105913427716,0.651105913427716,1,"drop"
"AC090630.1",1,2,2,0.651056503311362,0.651056503311362,1,"drop"
"HEBP1",1,2,2,-0.650403052779521,0.650403052779521,1,"drop"
"PRKCI",1,2,2,0.251730654200205,0.650361379869705,1,"drop"
"RPL36A",1,2,2,0.647809480384199,0.647809480384199,1,"drop"
"CENPF",1,2,2,-0.64758270643106,0.64758270643106,1,"drop"
"NEU3",1,2,2,0.222780334916235,0.647403300632155,1,"drop"
"C5orf30",1,2,2,-0.646380337224588,0.646380337224588,1,"drop"
"CLIC2",1,2,2,-0.64558777078037,0.64558777078037,1,"drop"
"SAP25",1,2,2,0.089621785196702,0.644842071486094,1,"drop"
"ATAT1",1,2,2,0.644142502047794,0.644142502047794,1,"drop"
"ZNF174",1,2,2,0.644023768730507,0.644023768730507,1,"drop"
"SLC38A6",1,2,2,-0.643709876975173,0.643709876975173,1,"drop"
"CAVIN1",1,2,2,-0.642669628956877,0.642669628956877,1,"drop"
"CALN1",1,2,2,0.0241071668860985,0.642321570597371,1,"drop"
"RPL4",1,2,2,0.640300485249127,0.640300485249127,1,"drop"
"HIC2",1,2,2,-0.235221624197545,0.640244927386106,1,"drop"
"RPL32",1,2,2,0.640084659859973,0.640084659859973,1,"drop"
"EXTL2",1,2,2,0.638802589676529,0.638802589676529,1,"drop"
"CFH",1,2,2,0.090615195346342,0.636732521424963,1,"drop"
"AIM2",1,2,2,-0.636223676344449,0.636223676344449,0.00000519000847195242,"drop"
"RAB20",1,2,2,0.634114820342625,0.634114820342625,1,"drop"
"RPL10A",1,2,2,0.633579061755613,0.633579061755613,1,"drop"
"AMMECR1",1,2,2,0.633516905506529,0.633516905506529,1,"drop"
"URB1",1,2,2,-0.013934986015455,0.632107841490476,1,"drop"
"SLC20A2",1,2,2,0.239149094942431,0.632102326165308,1,"drop"
"FAM92A",1,2,2,0.631505798140142,0.631505798140142,1,"drop"
"LCNL1",1,2,2,-0.629299433235499,0.629299433235499,1,"drop"
"SLC37A4",1,2,2,0.628908567753904,0.628908567753904,1,"drop"
"SRXN1",1,2,2,0.627775941344414,0.627775941344414,1,"drop"
"SMYD2",1,2,2,-0.627438207384212,0.627438207384212,1,"drop"
"FYCO1",1,2,2,-0.626971965595931,0.626971965595931,1,"drop"
"BCAT2",1,2,2,-0.62686284981429,0.62686284981429,1,"drop"
"MAN2B2",1,2,2,0.625498637460663,0.625498637460663,1,"drop"
"AL161781.2",1,2,2,0.625177343898127,0.625177343898127,1,"drop"
"RPS5",1,2,2,0.624460799633899,0.624460799633899,1,"drop"
"PASK",1,2,2,-0.62236166569957,0.62236166569957,0.000187701867579242,"drop"
"TAL1",1,2,2,-0.622141302673231,0.622141302673231,1,"drop"
"ARL17B",1,2,2,-0.282392293658493,0.61888323883314,1,"drop"
"RANBP10",1,2,2,-0.289247128479989,0.61842405115685,1,"drop"
"DHRS4-AS1",1,2,2,-0.618068771436985,0.618068771436985,1,"drop"
"MIR4458HG",1,2,2,0.61753119850925,0.61753119850925,1,"drop"
"SWT1",1,2,2,0.616277869597129,0.616277869597129,1,"drop"
"BORCS8",1,2,2,0.361088582830958,0.615295291635354,1,"drop"
"MIR222HG",1,2,2,-0.615025552545962,0.615025552545962,1,"drop"
"RPL9",1,2,2,0.614880467355188,0.614880467355188,1,"drop"
"CLEC4D",1,2,2,-0.614213726787864,0.614213726787864,1,"drop"
"PAQR3",1,2,2,0.230452002649416,0.614203297349444,1,"drop"
"ZW10",1,2,2,-0.00221364909224497,0.613746947859361,1,"drop"
"TESMIN",1,2,2,-0.193286132530481,0.613588059788865,1,"drop"
"CENPN",1,2,2,0.187631388394556,0.613240012270887,1,"drop"
"DTX3",1,2,2,-0.612377068987556,0.612377068987556,1,"drop"
"ZNF354C",1,2,2,0.612226701662639,0.612226701662639,1,"drop"
"SCMH1",1,2,2,-0.610198930187455,0.610198930187455,1,"drop"
"TMEM159",1,2,2,-0.609188516787939,0.609188516787939,1,"drop"
"ZNF765",1,2,2,-0.608833158338855,0.608833158338855,1,"drop"
"COQ10A",1,2,2,-0.608438428305613,0.608438428305613,1,"drop"
"ZNF627",1,2,2,0.350719159866729,0.608395183703326,1,"drop"
"PRPS2",1,2,2,-0.608089324394002,0.608089324394002,1,"drop"
"LIG4",1,2,2,0.342309529042666,0.607401916955115,1,"drop"
"BX890604.2",1,2,2,-0.607205618493365,0.607205618493365,1,"drop"
"NPW",1,2,2,-0.219770783307747,0.606953815625375,1,"drop"
"ZNF500",1,2,2,0.606647653119928,0.606647653119928,1,"drop"
"CATSPER1",1,2,2,-0.33414991091917,0.604393863738724,1,"drop"
"AC083798.2",1,2,2,0.603028701892651,0.603028701892651,1,"drop"
"ZC3HC1",1,2,2,0.321039158274018,0.602439960898773,1,"drop"
"RPL37",1,2,2,0.600895738006638,0.600895738006638,1,"drop"
"PRPF39",1,2,2,0.111151095546455,0.599562123548047,1,"drop"
"DOCK7",1,2,2,-0.597840664106013,0.597840664106013,1,"drop"
"ABHD4",1,2,2,-0.596217625125567,0.596217625125567,1,"drop"
"SPOCK3",1,2,2,0.299192583039969,0.595986729097017,1,"drop"
"AC026124.1",1,2,2,0.595752062701474,0.595752062701474,1,"drop"
"SKP2",1,2,2,0.595614621041044,0.595614621041044,1,"drop"
"TMEM258",1,2,2,-0.595128093668396,0.595128093668396,1,"drop"
"SLC2A5",1,2,2,0.197000449001814,0.594850655924237,1,"drop"
"CXCL3",1,2,2,0.237453545143383,0.59405580705167,1,"drop"
"SPEF2",1,2,2,-0.593572374781908,0.593572374781908,1,"drop"
"VDAC2",1,2,2,0.593445428874624,0.593445428874624,1,"drop"
"ZNF184",1,2,2,0.593165751452098,0.593165751452098,1,"drop"
"TREML1",1,2,2,0.102559394233554,0.593162999711146,1,"drop"
"CETN3",1,2,2,-0.593013267260191,0.593013267260191,1,"drop"
"KCNMB4",1,2,2,0.590398365018934,0.590398365018934,1,"drop"
"RIMKLB",1,2,2,0.590079022460614,0.590079022460614,1,"drop"
"SLC12A9",1,2,2,-0.24459781977142,0.589406344127458,1,"drop"
"AC010332.3",1,2,2,0.589107147098654,0.589107147098654,1,"drop"
"CRISPLD1",1,2,2,-0.587307703427876,0.587307703427876,1,"drop"
"ABHD12",1,2,2,-0.09262553616823,0.587267485053476,1,"drop"
"EML2-AS1",1,2,2,-0.586829524068746,0.586829524068746,1,"drop"
"PTK7",1,2,2,-0.584789225296239,0.584789225296239,1,"drop"
"TIGD1",1,2,2,0.228906203330484,0.583587645178488,1,"drop"
"NRARP",1,2,2,0.583532355300887,0.583532355300887,1,"drop"
"SLC8A1",1,2,2,-0.583076398516778,0.583076398516778,1,"drop"
"ADAL",1,2,2,-0.318676972463846,0.582958613515957,1,"drop"
"DPPA4",1,2,2,0.582652049930042,0.582652049930042,1,"drop"
"CHRM3",1,2,2,0.0662423537950345,0.581801750068778,1,"drop"
"ABO",1,2,2,0.581517218038266,0.581517218038266,1,"drop"
"RCAN1",1,2,2,-0.581370686758141,0.581370686758141,0.395835089288434,"drop"
"RCN1",1,2,2,-0.579978108703173,0.579978108703173,1,"drop"
"NECTIN2",1,2,2,0.579658863409921,0.579658863409921,1,"drop"
"CDCA4",1,2,2,0.576883622660776,0.576883622660776,1,"drop"
"GLB1",1,2,2,0.1753445930943,0.574944096087531,1,"drop"
"LRR1",1,2,2,0.574455108298485,0.574455108298485,1,"drop"
"AOPEP",1,2,2,0.573863966711884,0.573863966711884,1,"drop"
"SMIM6",1,2,2,-0.272864142738487,0.573835142446131,1,"drop"
"PPM1J",1,2,2,-0.059559298112591,0.573787820679705,1,"drop"
"AC008969.1",1,2,2,0.126402722180341,0.572806669461708,1,"drop"
"ZNF775",1,2,2,-0.572404570184632,0.572404570184632,1,"drop"
"KIAA0087",1,2,2,0.570744579990059,0.570744579990059,1,"drop"
"CASTOR2",1,2,2,0.570252106966376,0.570252106966376,1,"drop"
"AC015802.6",1,2,2,0.0822010414712805,0.569994476659663,1,"drop"
"CHKB",1,2,2,-0.569698824212547,0.569698824212547,1,"drop"
"SEMA7A",1,2,2,-0.060978617297317,0.569454800932948,1,"drop"
"SORT1",1,2,2,0.0566362517537245,0.569013098714469,1,"drop"
"RPS17",1,2,2,0.568978504423578,0.568978504423578,1,"drop"
"SNHG6",1,2,2,0.56782911663049,0.56782911663049,1,"drop"
"TRAF3IP1",1,2,2,0.566148241678744,0.566148241678744,1,"drop"
"ZNF10",1,2,2,-0.564895541215813,0.564895541215813,1,"drop"
"LINC00665",1,2,2,-0.564237531510077,0.564237531510077,1,"drop"
"PAFAH2",1,2,2,-0.561973998813179,0.561973998813179,1,"drop"
"PIGL",1,2,2,0.5612794402585,0.5612794402585,1,"drop"
"SLC37A1",1,2,2,0.561069030097281,0.561069030097281,1,"drop"
"HSD11B1L",1,2,2,0.560617215455537,0.560617215455537,1,"drop"
"MN1",1,2,2,0.560454431975881,0.560454431975881,1,"drop"
"MRPL20-AS1",1,2,2,0.559591018027383,0.559591018027383,1,"drop"
"ITGA9",1,2,2,-0.559496060985829,0.559496060985829,1,"drop"
"G6PC3",1,2,2,-0.55908308636834,0.55908308636834,1,"drop"
"C1RL",1,2,2,-0.55827899329129,0.55827899329129,1,"drop"
"FPR3",1,2,2,0.220072456493547,0.557804513689024,1,"drop"
"INTS7",1,2,2,0.279791059816234,0.557050167479969,1,"drop"
"LINC00173",1,2,2,0.55592319251245,0.55592319251245,1,"drop"
"COG8",1,2,2,0.555892281894019,0.555892281894019,1,"drop"
"EFHC1",1,2,2,0.040631331881688,0.555702510492422,1,"drop"
"AC064836.4",1,2,2,0.554434973623122,0.554434973623122,1,"drop"
"SCIMP",1,2,2,-0.553745076320461,0.553745076320461,1,"drop"
"MIER3",1,2,2,0.55363884112092,0.55363884112092,1,"drop"
"CCDC14",1,2,2,0.552192914789699,0.552192914789699,1,"drop"
"GGH",1,2,2,-0.199172603510606,0.552115356106746,1,"drop"
"AC004846.1",1,2,2,-0.551901959833213,0.551901959833213,1,"drop"
"AP000787.1",1,2,2,0.551804603353601,0.551804603353601,1,"drop"
"RPS15A",1,2,2,0.551756311611622,0.551756311611622,1,"drop"
"NBEA",1,2,2,-0.258924240469079,0.551587767825304,1,"drop"
"SFMBT2",1,2,2,0.551515227217328,0.551515227217328,1,"drop"
"AC006230.1",1,2,2,0.550528013850484,0.550528013850484,1,"drop"
"RPS13",1,2,2,0.550506394867113,0.550506394867113,1,"drop"
"AL359504.2",1,2,2,0.550212199943631,0.550212199943631,1,"drop"
"APTR",1,2,2,0.549369020950955,0.549369020950955,1,"drop"
"KIAA1211",1,2,2,-0.21395077194699,0.549242073411365,1,"drop"
"FAM50B",1,2,2,0.068966288599673,0.54770846690667,1,"drop"
"MOV10",1,2,2,-0.546803807917968,0.546803807917968,1,"drop"
"RPS25",1,2,2,0.545039266100832,0.545039266100832,1,"drop"
"DBN1",1,2,2,0.54435204260029,0.54435204260029,1,"drop"
"CCDC86",1,2,2,-0.542698718953148,0.542698718953148,1,"drop"
"EEF1B2",1,2,2,0.542516726629031,0.542516726629031,1,"drop"
"RPL39",1,2,2,0.542045311538927,0.542045311538927,1,"drop"
"ZNF628",1,2,2,-0.0304606200512685,0.541808662400064,1,"drop"
"ZNF785",1,2,2,0.541611662833044,0.541611662833044,1,"drop"
"MEMO1",1,2,2,-0.541466455802218,0.541466455802218,1,"drop"
"PHGDH",1,2,2,-0.541142221994215,0.541142221994215,1,"drop"
"SNX12",1,2,2,0.540928412556584,0.540928412556584,1,"drop"
"CNTROB",1,2,2,-0.023696301229876,0.540560229909571,1,"drop"
"FARSB",1,2,2,-0.539487285301893,0.539487285301893,1,"drop"
"LINC01128",1,2,2,-0.28559490671649,0.5392237706062,1,"drop"
"CMKLR1",1,2,2,-0.160869302782308,0.537790858891388,1,"drop"
"ME3",1,2,2,-0.53720779806152,0.53720779806152,1,"drop"
"PRMT7",1,2,2,-0.164607851361166,0.536133423329982,1,"drop"
"FCGR3B",1,2,2,0.535193264737135,0.535193264737135,0.271824661412075,"drop"
"FOXK2",1,2,2,0.535087784009151,0.535087784009151,1,"drop"
"CLN6",1,2,2,-0.534891923340058,0.534891923340058,1,"drop"
"APBB1",1,2,2,0.534392092637744,0.534392092637744,1,"drop"
"CSF3R",1,2,2,-0.533874590188037,0.533874590188037,1,"drop"
"LINC00944",1,2,2,0.173614522167126,0.53384146996957,1,"drop"
"FAHD2B",1,2,2,-0.533405324932402,0.533405324932402,1,"drop"
"FAM221A",1,2,2,0.531411084438675,0.531411084438675,1,"drop"
"CCDC88A",1,2,2,-0.531015916905818,0.531015916905818,1,"drop"
"AC011893.1",1,2,2,-0.530302302345507,0.530302302345507,1,"drop"
"AC026471.1",1,2,2,0.073841434577703,0.529643375484559,1,"drop"
"GTF2H4",1,2,2,-0.528156893844211,0.528156893844211,1,"drop"
"PLEKHG1",1,2,2,0.15136673321649,0.528126657129817,1,"drop"
"SORD",1,2,2,-0.527845139811432,0.527845139811432,1,"drop"
"VWA8",1,2,2,0.52669836870143,0.52669836870143,1,"drop"
"PID1",1,2,2,-0.526117051858159,0.526117051858159,1,"drop"
"TCN1",1,2,2,-0.525772244251949,0.525772244251949,1,"drop"
"RGS12",1,2,2,-0.525681214809354,0.525681214809354,1,"drop"
"AVEN",1,2,2,-0.525530125418664,0.525530125418664,1,"drop"
"KLHDC8B",1,2,2,0.135923634953798,0.52522193773949,1,"drop"
"PRSS57",1,2,2,-0.524517521803122,0.524517521803122,1,"drop"
"PHETA1",1,2,2,-0.524180623579844,0.524180623579844,1,"drop"
"MRTFA",1,2,2,-0.177977438677651,0.52398624290276,1,"drop"
"TMEM64",1,2,2,-0.523155313211362,0.523155313211362,1,"drop"
"PSKH1",1,2,2,-0.22259693755418,0.522759630313468,1,"drop"
"TOM1L2",1,2,2,-0.0413941953083415,0.522259248874557,1,"drop"
"R3HCC1L",1,2,2,-0.196046900071905,0.521823425169083,1,"drop"
"AF117829.1",1,2,2,0.521669659786209,0.521669659786209,1,"drop"
"RPL30",1,2,2,0.519138231326044,0.519138231326044,1,"drop"
"PCSK5",1,2,2,-0.518614635404342,0.518614635404342,1,"drop"
"TMEM234",1,2,2,0.0789886930255685,0.518354500838808,1,"drop"
"ZNF804A",1,2,2,-0.51828737155616,0.51828737155616,1,"drop"
"BLK",1,2,2,-0.516926853271567,0.516926853271567,0.0000000551975989628182,"drop"
"WDR18",1,2,2,-0.515991216858015,0.515991216858015,1,"drop"
"RPP40",1,2,2,0.515911495670756,0.515911495670756,1,"drop"
"RPP14",1,2,2,0.0000892789387315074,0.515569798605567,1,"drop"
"NDUFA11",1,2,2,-0.515374642600638,0.515374642600638,1,"drop"
"QPRT",1,2,2,0.515040365478199,0.515040365478199,1,"drop"
"MARCH3",1,2,2,0.044047166917367,0.514643704824181,1,"drop"
"EFCAB7",1,2,2,0.169430530042857,0.51461245520245,1,"drop"
"WASF1",1,2,2,-0.514511927177498,0.514511927177498,1,"drop"
"AK9",1,2,2,-0.03301412787307,0.514355780019208,1,"drop"
"HIST1H2BJ",1,2,2,0.513941383016747,0.513941383016747,1,"drop"
"BMF",1,2,2,-0.513892124880876,0.513892124880876,1,"drop"
"ERG",1,2,2,-0.192849633018876,0.51263474749287,1,"drop"
"TMEM98",1,2,2,0.0856957555041855,0.512488146356662,1,"drop"
"BAALC-AS2",1,2,2,0.511127120341284,0.511127120341284,1,"drop"
"AC092279.1",1,2,2,0.510956192176376,0.510956192176376,1,"drop"
"ZNF346",1,2,2,0.0681408550642115,0.510506518404789,1,"drop"
"ALMS1",1,2,2,0.193706652039175,0.509613660764561,1,"drop"
"ZNF385A",1,2,2,-0.15335944715358,0.509557266753264,1,"drop"
"SPRY1",1,2,2,-0.076545612009938,0.508920015926026,1,"drop"
"EPS8",1,2,2,-0.150552699568287,0.508788632539005,1,"drop"
"PALD1",1,2,2,-0.507848192376161,0.507848192376161,1,"drop"
"SNAI3",1,2,2,-0.507519925503297,0.507519925503297,1,"drop"
"TBC1D10B",1,2,2,-0.0542286625956835,0.507077197397801,1,"drop"
"KCNN4",1,2,2,0.506811779290186,0.506811779290186,1,"drop"
"COG1",1,2,2,0.506524458435231,0.506524458435231,1,"drop"
"WDR49",1,2,2,0.505795152421553,0.505795152421553,1,"drop"
"USP30",1,2,2,-0.143420963472229,0.504969298371822,1,"drop"
"INTS6L",1,2,2,0.195662931238696,0.504756389445909,1,"drop"
"ZFP82",1,2,2,0.504382679126989,0.504382679126989,1,"drop"
"JRKL",1,2,2,-0.504306478572032,0.504306478572032,1,"drop"
"ZNF529",1,2,2,-0.503845835038208,0.503845835038208,1,"drop"
"RPL3",1,2,2,0.503468587032952,0.503468587032952,1,"drop"
"LAPTM4B",1,2,2,-0.50329328205716,0.50329328205716,1,"drop"
"CRY2",1,2,2,0.503254201967986,0.503254201967986,1,"drop"
"INTS5",1,2,2,0.502704696628816,0.502704696628816,1,"drop"
"CASTOR3",1,2,2,0.502605621026099,0.502605621026099,1,"drop"
"CDCA7L",1,2,2,-0.0161476749479945,0.501991245040773,0.169136403305228,"drop"
"ZFYVE1",1,2,2,-0.189839122295303,0.501773764641267,1,"drop"
"ZFYVE28",1,2,2,0.501524803661414,0.501524803661414,1,"drop"
"PCYT2",1,2,2,-0.155393475088406,0.501037855162925,1,"drop"
"RPS6",1,2,2,0.500986502484294,0.500986502484294,1,"drop"
"TRIM65",1,2,2,0.20964834150978,0.500848196532602,1,"drop"
"ZNHIT2",1,2,2,-0.50054991235867,0.50054991235867,1,"drop"
"STAMBPL1",1,2,2,0.500381963549652,0.500381963549652,1,"drop"
"SEC24B-AS1",1,2,2,0.500149810225377,0.500149810225377,1,"drop"
"RAB39B",1,2,2,-0.499467035564525,0.499467035564525,1,"drop"
"RPL18A",1,2,2,0.499382106864789,0.499382106864789,1,"drop"
"RPL35A",1,2,2,0.498093787884502,0.498093787884502,1,"drop"
"DPYSL3",1,2,2,0.497969151192961,0.497969151192961,1,"drop"
"EEF1AKMT3",1,2,2,0.49652236581971,0.49652236581971,1,"drop"
"FUNDC1",1,2,2,0.496302675084289,0.496302675084289,1,"drop"
"AL080276.2",1,2,2,-0.493932264947964,0.493932264947964,1,"drop"
"ADAM9",1,2,2,-0.492905926496772,0.492905926496772,1,"drop"
"PDK2",1,2,2,-0.026703026543936,0.490113462190265,1,"drop"
"AP003068.2",1,2,2,0.489944599828557,0.489944599828557,1,"drop"
"KCTD13",1,2,2,-0.169557662422039,0.489936040800942,1,"drop"
"ZNF385D",1,2,2,-0.489642975506527,0.489642975506527,1,"drop"
"DYNC2LI1",1,2,2,0.157901285535121,0.489426569098542,1,"drop"
"SNX22",1,2,2,0.092477127937401,0.488741629192244,1,"drop"
"IQCE",1,2,2,-0.488335405898728,0.488335405898728,1,"drop"
"CXorf56",1,2,2,0.488167255606853,0.488167255606853,1,"drop"
"ZNF726",1,2,2,0.200082804720487,0.487689638422069,1,"drop"
"ANKS3",1,2,2,0.487652672257677,0.487652672257677,1,"drop"
"LDOC1",1,2,2,-0.194935855602206,0.487241301308801,1,"drop"
"CD1C",1,2,2,-0.487003474656581,0.487003474656581,1,"drop"
"AC026369.3",1,2,2,0.127206997488303,0.486853912437734,1,"drop"
"ANK3",1,2,2,-0.486517852776292,0.486517852776292,0.413756607197888,"drop"
"INVS",1,2,2,0.485827023399687,0.485827023399687,1,"drop"
"ZNF564",1,2,2,0.138298645899522,0.485723075652684,1,"drop"
"FAHD2A",1,2,2,-0.48564337859071,0.48564337859071,1,"drop"
"PEX11B",1,2,2,-0.056658324911634,0.485600712218282,1,"drop"
"METTL1",1,2,2,-0.485484831482573,0.485484831482573,1,"drop"
"FAM160B2",1,2,2,-0.224219382697278,0.485246447835981,1,"drop"
"LILRA2",1,2,2,-0.143594771905917,0.483789063176719,1,"drop"
"CCNB1",1,2,2,-0.482935564409416,0.482935564409416,1,"drop"
"TRAF3IP2-AS1",1,2,2,-0.481638622786777,0.481638622786777,1,"drop"
"TSR1",1,2,2,-0.481605834822813,0.481605834822813,1,"drop"
"ZNF700",1,2,2,0.481380366468623,0.481380366468623,1,"drop"
"WDR75",1,2,2,0.131693491799433,0.481158236962959,1,"drop"
"HOXA7",1,2,2,0.48018266192891,0.48018266192891,1,"drop"
"FIRRE",1,2,2,-0.029430677875689,0.479939348696812,1,"drop"
"POU2AF1",1,2,2,-0.479851970476721,0.479851970476721,0.012208149420466,"drop"
"RPL27A",1,2,2,0.479652271091686,0.479652271091686,1,"drop"
"ABHD13",1,2,2,0.479412390301855,0.479412390301855,1,"drop"
"CEP126",1,2,2,-0.47907524417908,0.47907524417908,1,"drop"
"SLC35F3",1,2,2,-0.479030707464897,0.479030707464897,1,"drop"
"RSKR",1,2,2,-0.110417687578489,0.477069937912021,1,"drop"
"GCNT1",1,2,2,0.0670815843079115,0.47692745820071,1,"drop"
"ZNF548",1,2,2,-0.476224450813074,0.476224450813074,1,"drop"
"PTPRS",1,2,2,0.19728991991564,0.476094909198297,1,"drop"
"EEF1A1",1,2,2,0.474985333564456,0.474985333564456,1,"drop"
"CCDC18",1,2,2,0.154606009294959,0.474473539134449,1,"drop"
"AL354740.1",1,2,2,0.474344063879485,0.474344063879485,1,"drop"
"GRK4",1,2,2,-0.47431302965095,0.47431302965095,1,"drop"
"BAG2",1,2,2,-0.474244821906329,0.474244821906329,1,"drop"
"ZNF418",1,2,2,-0.00440887585837499,0.4742296900284,1,"drop"
"BAALC",1,2,2,0.472942636597267,0.472942636597267,1,"drop"
"BDNF-AS",1,2,2,0.47254456530794,0.47254456530794,1,"drop"
"MYCN",1,2,2,-0.0356579245138375,0.470930375846118,1,"drop"
"DIPK1B",1,2,2,-0.469906306889945,0.469906306889945,1,"drop"
"PRAF2",1,2,2,0.46980988054702,0.46980988054702,1,"drop"
"CNR2",1,2,2,-0.469182558825073,0.469182558825073,1,"drop"
"AC091607.2",1,2,2,0.468671397206656,0.468671397206656,1,"drop"
"LINC01023",1,2,2,-0.468096978817771,0.468096978817771,1,"drop"
"MMAB",1,2,2,0.468022715582691,0.468022715582691,1,"drop"
"SH3D21",1,2,2,-0.466639109415752,0.466639109415752,1,"drop"
"CASP9",1,2,2,-0.133183221773618,0.466486009381108,1,"drop"
"TLR7",1,2,2,0.179499376129687,0.466394154855714,1,"drop"
"BOLA2B",1,2,2,0.465721222156477,0.465721222156477,1,"drop"
"WARS2",1,2,2,-0.465096913596172,0.465096913596172,1,"drop"
"RRS1",1,2,2,-0.078087876659801,0.464882644890819,1,"drop"
"NMB",1,2,2,-0.462989522036377,0.462989522036377,1,"drop"
"CRELD1",1,2,2,0.139763690103164,0.462084574480703,1,"drop"
"TPX2",1,2,2,-0.00568333238549351,0.461956402434329,1,"drop"
"ZNF790",1,2,2,0.46124190876876,0.46124190876876,1,"drop"
"OBSCN",1,2,2,-0.460773683958406,0.460773683958406,1,"drop"
"AL360012.1",1,2,2,-0.458703579689778,0.458703579689778,1,"drop"
"PLOD2",1,2,2,0.0548662381456765,0.458676761265377,1,"drop"
"LINC01857",1,2,2,0.016326391480929,0.458640119218924,1,"drop"
"COQ8B",1,2,2,-0.458562316832679,0.458562316832679,1,"drop"
"FBXO30",1,2,2,-0.458274252340605,0.458274252340605,1,"drop"
"HEATR1",1,2,2,-0.457484500255572,0.457484500255572,1,"drop"
"NUSAP1",1,2,2,-0.457380672605552,0.457380672605552,1,"drop"
"CYP46A1",1,2,2,0.455996700065689,0.455996700065689,1,"drop"
"MUTYH",1,2,2,0.455943416293121,0.455943416293121,1,"drop"
"BLM",1,2,2,0.109373252250391,0.455759789619889,1,"drop"
"TRAF4",1,2,2,-0.170862132065835,0.454611362714662,1,"drop"
"PDGFC",1,2,2,-0.0224080128789235,0.454061038945522,1,"drop"
"MSRB3",1,2,2,-0.453247380155983,0.453247380155983,1,"drop"
"TMCC1-AS1",1,2,2,-0.153528088701922,0.453236056975045,1,"drop"
"MGME1",1,2,2,-0.452985564605615,0.452985564605615,1,"drop"
"EPC2",1,2,2,0.080419022380209,0.451808521332208,1,"drop"
"CTPS2",1,2,2,0.451444524273293,0.451444524273293,1,"drop"
"KCNQ1",1,2,2,-0.451018806298561,0.451018806298561,1,"drop"
"ZNRF1",1,2,2,-0.450673540388948,0.450673540388948,1,"drop"
"CNPY4",1,2,2,-0.45018122790418,0.45018122790418,1,"drop"
"CLC",1,2,2,-0.149421959749683,0.450040704179468,1,"drop"
"INTS13",1,2,2,-0.00223639334165901,0.449834763782715,1,"drop"
"SIRT5",1,2,2,-0.125446444131455,0.449623162885816,1,"drop"
"CCDC170",1,2,2,0.447512027516014,0.447512027516014,1,"drop"
"SLC19A1",1,2,2,0.447181500337683,0.447181500337683,1,"drop"
"ZNF768",1,2,2,0.446946841622636,0.446946841622636,1,"drop"
"CD1E",1,2,2,-0.024765714087269,0.446538498537209,1,"drop"
"SMIM1",1,2,2,-0.184959003107238,0.446512670177625,1,"drop"
"AP4S1",1,2,2,0.184560036185347,0.44625279743383,1,"drop"
"RPL10",1,2,2,0.445292850374916,0.445292850374916,1,"drop"
"ERAL1",1,2,2,-0.444759979959674,0.444759979959674,1,"drop"
"KBTBD11",1,2,2,-0.121302928852294,0.444367140507909,1,"drop"
"HIRA",1,2,2,0.0708448346611215,0.444163642818941,1,"drop"
"ARNT",1,2,2,-0.0275145900905285,0.442229079957973,1,"drop"
"SERPINE2",1,2,2,0.441908803392278,0.441908803392278,1,"drop"
"ZSCAN18",1,2,2,-0.0257371607754335,0.441811487967277,1,"drop"
"VNN3",1,2,2,0.15168212953248,0.441732755850376,1,"drop"
"RPS18",1,2,2,0.441447230592647,0.441447230592647,1,"drop"
"NDUFAF4",1,2,2,0.088496118567758,0.440239876255989,1,"drop"
"DGAT2",1,2,2,-0.440126239347389,0.440126239347389,1,"drop"
"MIR3936HG",1,2,2,-0.181144972440052,0.440047560122174,1,"drop"
"ZNF408",1,2,2,-0.439579338243703,0.439579338243703,1,"drop"
"CREB3L4",1,2,2,0.0481219984348535,0.438959917650157,1,"drop"
"FAM168B",1,2,2,-0.438432141800422,0.438432141800422,1,"drop"
"CDC42BPA",1,2,2,-0.437550245190752,0.437550245190752,1,"drop"
"C12orf73",1,2,2,-0.435782358405957,0.435782358405957,1,"drop"
"WDR81",1,2,2,-0.435767544371743,0.435767544371743,1,"drop"
"ARSB",1,2,2,0.005130078034189,0.435439016196196,1,"drop"
"PDE6B",1,2,2,-0.434782549160767,0.434782549160767,1,"drop"
"GPR141",1,2,2,0.033149202986875,0.434467599010176,1,"drop"
"VDR",1,2,2,-0.161336461430346,0.434044926452907,1,"drop"
"IFT43",1,2,2,-0.135658332586907,0.433664995208762,1,"drop"
"ZMYM5",1,2,2,0.0566967753319465,0.432624874041108,1,"drop"
"RPL28",1,2,2,0.432109226732947,0.432109226732947,1,"drop"
"RIOX1",1,2,2,0.083383804083461,0.431858165206574,1,"drop"
"SWI5",1,2,2,-0.431844983926039,0.431844983926039,1,"drop"
"BPNT1",1,2,2,0.171250886343051,0.431469233474987,1,"drop"
"DRAM1",1,2,2,0.0725971458808535,0.431356859405388,1,"drop"
"TRAPPC11",1,2,2,-0.154683762299154,0.430339496690702,1,"drop"
"VPREB3",1,2,2,0.135066315099581,0.43021399818518,0.287445171454148,"drop"
"IL10RB-DT",1,2,2,-0.429762430546353,0.429762430546353,1,"drop"
"FAM160A1",1,2,2,-0.141972667701965,0.429287093017668,1,"drop"
"RPS28",1,2,2,0.428617779070574,0.428617779070574,1,"drop"
"NBL1",1,2,2,-0.426969352088818,0.426969352088818,1,"drop"
"HMGB1",1,2,2,0.154755710866806,0.426938140905362,0.0020390745633396,"drop"
"KCNJ15",1,2,2,-0.42649607474981,0.42649607474981,1,"drop"
"ZNF273",1,2,2,0.148823086202803,0.425949709393195,1,"drop"
"RPUSD1",1,2,2,-0.425933986119949,0.425933986119949,1,"drop"
"SCT",1,2,2,0.126140466058546,0.425362674053314,1,"drop"
"AL138756.1",1,2,2,-0.424803212706663,0.424803212706663,1,"drop"
"AJ009632.2",1,2,2,-0.04308897126408,0.424359683931089,1,"drop"
"RAB30",1,2,2,0.424335329734623,0.424335329734623,1,"drop"
"SH3GL1",1,2,2,0.076557046815858,0.424233589150741,1,"drop"
"SLC48A1",1,2,2,0.141578015347809,0.423564683029722,1,"drop"
"CEP89",1,2,2,-0.423240770959168,0.423240770959168,1,"drop"
"WDR34",1,2,2,-0.137931929415013,0.422999345621565,1,"drop"
"RHOA",1,2,2,-0.422980262395321,0.422980262395321,1,"drop"
"ZNF296",1,2,2,-0.168329426684351,0.422736775765946,1,"drop"
"LINC02573",1,2,2,0.421225286866993,0.421225286866993,1,"drop"
"MORN2",1,2,2,-0.420789659518344,0.420789659518344,1,"drop"
"ABCA2",1,2,2,-0.0320731420996995,0.420514311135238,1,"drop"
"UBR7",1,2,2,-0.419875994864676,0.419875994864676,1,"drop"
"IFT80",1,2,2,0.419137060622224,0.419137060622224,1,"drop"
"IRAK1BP1",1,2,2,0.10875313577856,0.418849603623893,1,"drop"
"LINC02812",1,2,2,-0.416170572610096,0.416170572610096,1,"drop"
"NCBP1",1,2,2,0.415704135351301,0.415704135351301,1,"drop"
"NAPB",1,2,2,-0.11323161021743,0.41461422288924,1,"drop"
"ZNF606",1,2,2,0.413991841594998,0.413991841594998,1,"drop"
"INKA1",1,2,2,-0.41252668713236,0.41252668713236,1,"drop"
"MIR762HG",1,2,2,0.412485424210349,0.412485424210349,1,"drop"
"RPL13A",1,2,2,0.41126851951657,0.41126851951657,1,"drop"
"GKAP1",1,2,2,0.0687016566894735,0.410818368637221,1,"drop"
"EXT1",1,2,2,-0.409575665565896,0.409575665565896,1,"drop"
"DPY19L3",1,2,2,-0.409118206065944,0.409118206065944,1,"drop"
"ARID3B",1,2,2,0.06187002482089,0.408789489545622,1,"drop"
"MED12L",1,2,2,-0.103617972871545,0.408786457090137,1,"drop"
"AGBL5",1,2,2,-0.408589456514543,0.408589456514543,1,"drop"
"MAP1S",1,2,2,-0.408495256512786,0.408495256512786,1,"drop"
"GDF11",1,2,2,-0.105303419361916,0.407797701428171,1,"drop"
"EYA3",1,2,2,0.00800683086275999,0.406878534722044,1,"drop"
"RPL14",1,2,2,0.406799456062682,0.406799456062682,1,"drop"
"UQCRB",1,2,2,0.406413585049965,0.406413585049965,1,"drop"
"ABCA5",1,2,2,0.15052890579408,0.404956352617867,1,"drop"
"CD19",1,2,2,-0.404921321369975,0.404921321369975,1,"drop"
"LINC00299",1,2,2,-0.124999214693157,0.404220015701855,1,"drop"
"SLC9B2",1,2,2,0.404071844083102,0.404071844083102,1,"drop"
"NBR2",1,2,2,-0.40369832027535,0.40369832027535,1,"drop"
"SLC25A12",1,2,2,0.067744657675438,0.403445637083163,1,"drop"
"FTCDNL1",1,2,2,-0.062868164933485,0.402283424142518,1,"drop"
"HOOK1",1,2,2,0.115319374550611,0.402111879210758,1,"drop"
"TBC1D8",1,2,2,-0.400695754269783,0.400695754269783,1,"drop"
"CD40",1,2,2,0.130046146741955,0.399994039776035,1,"drop"
"GORASP1",1,2,2,-0.399121800943147,0.399121800943147,1,"drop"
"AC016831.7",1,2,2,-0.398842403531911,0.398842403531911,1,"drop"
"TIPRL",1,2,2,0.076447413464828,0.398539043055039,1,"drop"
"AL445524.1",1,2,2,0.397712102460965,0.397712102460965,1,"drop"
"LINC00539",1,2,2,-0.397046008014962,0.397046008014962,1,"drop"
"RAD9A",1,2,2,0.125760254796199,0.396606076801437,1,"drop"
"CXCR2",1,2,2,-0.0822437096538875,0.393872434275724,1,"drop"
"AC092171.5",1,2,2,-0.071631091914866,0.393272479655243,1,"drop"
"IFT22",1,2,2,-0.039556894160086,0.392886856545237,1,"drop"
"PSMA1",1,2,2,-0.099781773904441,0.390139081154885,1,"drop"
"TRIOBP",1,2,2,0.09368292338737,0.390004362879933,1,"drop"
"RFWD3",1,2,2,-0.389051053120487,0.389051053120487,1,"drop"
"ZNF154",1,2,2,0.091991333291459,0.388279411941616,1,"drop"
"RPL41",1,2,2,0.38827306569364,0.38827306569364,1,"drop"
"TRDMT1",1,2,2,0.388161729837852,0.388161729837852,1,"drop"
"AC073896.2",1,2,2,0.387947040692195,0.387947040692195,1,"drop"
"IGFBP7",1,2,2,-0.387462843423508,0.387462843423508,0.0376702254791889,"drop"
"LXN",1,2,2,-0.387233780729009,0.387233780729009,1,"drop"
"SERPINB9P1",1,2,2,0.084553735223871,0.387215198842791,1,"drop"
"CACNG8",1,2,2,-0.385983657761306,0.385983657761306,1,"drop"
"SERPINF2",1,2,2,-0.385538878472737,0.385538878472737,1,"drop"
"ATP11A",1,2,2,0.0551303928176335,0.385099936259985,1,"drop"
"C17orf80",1,2,2,0.385053223822054,0.385053223822054,1,"drop"
"RCBTB1",1,2,2,-0.38350851371893,0.38350851371893,1,"drop"
"ISYNA1",1,2,2,-0.383161593082916,0.383161593082916,1,"drop"
"FARP2",1,2,2,-0.382156269433954,0.382156269433954,1,"drop"
"AP2A1",1,2,2,0.066483363062262,0.381538279267231,1,"drop"
"HS3ST3B1",1,2,2,0.0380142471073565,0.380453582214009,1,"drop"
"POLA1",1,2,2,-0.0167706120276365,0.380297677183509,1,"drop"
"COL24A1",1,2,2,0.0504286738429855,0.378313279146849,1,"drop"
"NARS2",1,2,2,-0.103887685617425,0.377782598424901,1,"drop"
"PATJ",1,2,2,-0.0130429771915075,0.377254424271112,1,"drop"
"SLC35D1",1,2,2,-0.376979064159944,0.376979064159944,1,"drop"
"CYP7B1",1,2,2,-0.376795649906214,0.376795649906214,1,"drop"
"ATG9A",1,2,2,0.036212062546136,0.37580174932562,1,"drop"
"SERGEF",1,2,2,-0.0459904635805865,0.375779523034992,1,"drop"
"CUX2",1,2,2,-0.375571771571477,0.375571771571477,1,"drop"
"EPS8L2",1,2,2,0.375391639143624,0.375391639143624,1,"drop"
"NRP1",1,2,2,-0.0297784819835175,0.375270452879978,1,"drop"
"FUCA2",1,2,2,-0.042548370533382,0.373998886380236,1,"drop"
"LINC02352",1,2,2,-0.373992977675974,0.373992977675974,1,"drop"
"HOXA5",1,2,2,0.0123876306049755,0.372307912942667,1,"drop"
"RAB44",1,2,2,0.371904528584325,0.371904528584325,1,"drop"
"MT1E",1,2,2,0.371709952206362,0.371709952206362,1,"drop"
"SLFN12",1,2,2,-0.00131055363002849,0.371620710946497,1,"drop"
"SLC24A1",1,2,2,0.0302995418010705,0.371549925444871,1,"drop"
"IMPA2",1,2,2,-0.371168828837561,0.371168828837561,0.00493572346901352,"drop"
"GBA2",1,2,2,-0.0570760697963635,0.368276841239764,1,"drop"
"ATP5MG",1,2,2,0.366858973133494,0.366858973133494,1,"drop"
"PGBD1",1,2,2,0.36677264164896,0.36677264164896,1,"drop"
"MYCL",1,2,2,0.366107892150198,0.366107892150198,1,"drop"
"TMEM43",1,2,2,-0.365224999397461,0.365224999397461,1,"drop"
"FCRL1",1,2,2,0.365224147789681,0.365224147789681,1,"drop"
"CREB5",1,2,2,0.364879154767368,0.364879154767368,1,"drop"
"HRH4",1,2,2,-0.36467057942166,0.36467057942166,1,"drop"
"PERP",1,2,2,-0.364215763411923,0.364215763411923,1,"drop"
"USP40",1,2,2,-0.36306703747137,0.36306703747137,1,"drop"
"ABCD4",1,2,2,0.068349319711701,0.362922344171698,1,"drop"
"TBC1D10A",1,2,2,-0.362467847146207,0.362467847146207,1,"drop"
"HIST1H2BF",1,2,2,0.36132018434489,0.36132018434489,1,"drop"
"TTC38",1,2,2,-0.361226382533129,0.361226382533129,1,"drop"
"SLC27A2",1,2,2,0.066531190955691,0.361203256539455,1,"drop"
"ADCY3",1,2,2,-0.0868801254012665,0.359824672380281,1,"drop"
"GDPD5",1,2,2,-0.0814020975158725,0.359654133166022,1,"drop"
"NCEH1",1,2,2,0.034253945951013,0.359275331819557,1,"drop"
"LINC02084",1,2,2,-0.359105174154495,0.359105174154495,1,"drop"
"TMEM185B",1,2,2,0.359042069859727,0.359042069859727,1,"drop"
"DEK",1,2,2,0.015914803437668,0.358123847999095,1,"drop"
"GDAP1",1,2,2,0.357868855733934,0.357868855733934,1,"drop"
"TIPARP-AS1",1,2,2,-0.35733305928031,0.35733305928031,1,"drop"
"TEX10",1,2,2,0.091656986827331,0.356334041782329,1,"drop"
"NCK1-DT",1,2,2,0.0866257532194245,0.354984121628177,1,"drop"
"IGSF10",1,2,2,0.354870801038788,0.354870801038788,1,"drop"
"VKORC1L1",1,2,2,-0.354865028466653,0.354865028466653,1,"drop"
"MDH2",1,2,2,-0.354412625343182,0.354412625343182,1,"drop"
"BRD8",1,2,2,-0.000149983960953476,0.354161905511546,1,"drop"
"NIPSNAP3A",1,2,2,-0.07713207427207,0.354113500487691,1,"drop"
"RPS2",1,2,2,0.353299066078642,0.353299066078642,1,"drop"
"PNN",1,2,2,-0.0302687911967565,0.353034127535354,1,"drop"
"SULT1B1",1,2,2,0.0467926857855995,0.352831081547255,1,"drop"
"LINC01871",1,2,2,0.06128293165376,0.352728606866047,1,"drop"
"ZDHHC9",1,2,2,-0.0155585581701575,0.352054789072007,1,"drop"
"LINC00528",1,2,2,-0.351305043464064,0.351305043464064,1,"drop"
"ETFB",1,2,2,0.0610670966469625,0.350561652296786,1,"drop"
"CDK2AP1",1,2,2,0.00683824486991952,0.350142191868141,1,"drop"
"AC136475.1",1,2,2,0.349603237824286,0.349603237824286,1,"drop"
"SLC2A11",1,2,2,0.0276798456654135,0.348720148608843,1,"drop"
"ILF2",1,2,2,-0.050658265170487,0.347156595306348,1,"drop"
"CDKN2C",1,2,2,0.060073400568936,0.346953610277335,1,"drop"
"ZNF444",1,2,2,0.0697584708788805,0.346612980608153,1,"drop"
"EXOSC3",1,2,2,-0.346434127386861,0.346434127386861,1,"drop"
"MAPKAP1",1,2,2,0.042801042976912,0.345682518109851,1,"drop"
"BEND6",1,2,2,-0.345451130681386,0.345451130681386,1,"drop"
"AL627171.1",1,2,2,-0.0685348874716895,0.344816482059009,1,"drop"
"BOLA1",1,2,2,0.344283604532135,0.344283604532135,1,"drop"
"RECK",1,2,2,0.343215684921126,0.343215684921126,1,"drop"
"SLC35F2",1,2,2,0.342617338474354,0.342617338474354,1,"drop"
"SLC4A3",1,2,2,0.342104057942301,0.342104057942301,1,"drop"
"RFX2",1,2,2,0.341485551771342,0.341485551771342,1,"drop"
"MINPP1",1,2,2,-0.339019591002725,0.339019591002725,1,"drop"
"ARL6IP4",1,2,2,0.338149032040433,0.338149032040433,1,"drop"
"PPAT",1,2,2,-0.08680010122317,0.337437887261892,1,"drop"
"ZNF436-AS1",1,2,2,0.00138777913193999,0.337374535984174,1,"drop"
"TMEM199",1,2,2,-0.336735215996619,0.336735215996619,1,"drop"
"PUDP",1,2,2,0.0822714032628485,0.336113703454057,1,"drop"
"LANCL1",1,2,2,-0.334915937122342,0.334915937122342,1,"drop"
"TMEM250",1,2,2,-0.333845249570776,0.333845249570776,1,"drop"
"ATG7",1,2,2,0.044490708903649,0.333011316775073,1,"drop"
"MMP23B",1,2,2,-0.332417996948105,0.332417996948105,1,"drop"
"RRNAD1",1,2,2,-0.00399491970343552,0.331483873925151,1,"drop"
"ARG2",1,2,2,0.330773989314203,0.330773989314203,1,"drop"
"PRRG4",1,2,2,0.0789519287977155,0.330008524316699,1,"drop"
"MBLAC2",1,2,2,0.329911578989731,0.329911578989731,1,"drop"
"TNFRSF21",1,2,2,0.00776442908375802,0.327864291655812,1,"drop"
"C12orf42",1,2,2,0.077371587249214,0.32753883375348,1,"drop"
"GHRL",1,2,2,-0.0132233060526305,0.324311111442299,1,"drop"
"CMTM2",1,2,2,-0.058580036458204,0.324124346782305,1,"drop"
"AC064805.1",1,2,2,0.0699770144781565,0.323919983074372,1,"drop"
"MYO1E",1,2,2,-0.323003240307339,0.323003240307339,1,"drop"
"MCEE",1,2,2,-0.322469838445229,0.322469838445229,1,"drop"
"IL12RB1",1,2,2,-0.322025167720567,0.322025167720567,1,"drop"
"CRTAM",1,2,2,-0.321845412095734,0.321845412095734,1,"drop"
"CA8",1,2,2,0.320776522838461,0.320776522838461,1,"drop"
"ITGB8",1,2,2,0.32039492111934,0.32039492111934,1,"drop"
"HPSE",1,2,2,0.00606443036426299,0.320289103844949,1,"drop"
"MT-ND1",1,2,2,-0.319296527282423,0.319296527282423,1,"drop"
"PEX14",1,2,2,0.0000889325554984943,0.318672248088478,1,"drop"
"RABEPK",1,2,2,-0.0219363761941515,0.316841645205774,1,"drop"
"SLC23A2",1,2,2,-0.0214657456991715,0.316425628909648,1,"drop"
"MED7",1,2,2,-0.00598918529005399,0.315677988699179,1,"drop"
"GTDC1",1,2,2,-0.313623637726977,0.313623637726977,1,"drop"
"ZNF598",1,2,2,-0.313031629658523,0.313031629658523,1,"drop"
"MARC1",1,2,2,0.0467391029057725,0.312450835967223,1,"drop"
"CTTNBP2NL",1,2,2,-0.309692146321808,0.309692146321808,1,"drop"
"ZNF227",1,2,2,-0.308934611482571,0.308934611482571,1,"drop"
"ZNF213-AS1",1,2,2,0.308838152833879,0.308838152833879,1,"drop"
"KRBA2",1,2,2,0.0129526003780725,0.308305361607034,1,"drop"
"RNF170",1,2,2,-0.0363553288640915,0.307522300370482,1,"drop"
"NT5M",1,2,2,-0.0430772084589975,0.304249528407923,1,"drop"
"COQ5",1,2,2,-0.303957389181696,0.303957389181696,1,"drop"
"CLSTN3",1,2,2,0.30258875140154,0.30258875140154,1,"drop"
"RPS6KA2",1,2,2,-0.302344924672044,0.302344924672044,1,"drop"
"BPHL",1,2,2,0.301914837779785,0.301914837779785,1,"drop"
"ZNF626",1,2,2,0.301802787006917,0.301802787006917,1,"drop"
"A2M",1,2,2,0.017274388976118,0.301704244338173,1,"drop"
"NBPF12",1,2,2,0.0471474942210865,0.301285702531306,1,"drop"
"CENPT",1,2,2,-0.300688585046644,0.300688585046644,1,"drop"
"TNFSF9",1,2,2,0.30066221981877,0.30066221981877,1,"drop"
"AL451165.2",1,2,2,0.0370329214160375,0.29966142436822,1,"drop"
"PLB1",1,2,2,0.299538061631648,0.299538061631648,1,"drop"
"DAPK2",1,2,2,0.0229639106126375,0.299488284684384,1,"drop"
"SPCS3",1,2,2,-0.018841330329864,0.298187808500595,1,"drop"
"QTRT1",1,2,2,-0.297681547597702,0.297681547597702,1,"drop"
"LIG3",1,2,2,0.29352916129557,0.29352916129557,1,"drop"
"LIMK1",1,2,2,-0.293105440363675,0.293105440363675,1,"drop"
"NBDY",1,2,2,-0.0266854567999275,0.29299373842284,1,"drop"
"MCOLN2",1,2,2,0.0014795729372305,0.292612280144802,1,"drop"
"AL021368.2",1,2,2,0.00981167922769802,0.291468529677775,1,"drop"
"UBB",1,2,2,-0.288815507904562,0.288815507904562,1,"drop"
"ZHX2",1,2,2,-0.034321055538328,0.28880432264533,1,"drop"
"MYL12B",1,2,2,-0.288613291092055,0.288613291092055,1,"drop"
"GTF3C2",1,2,2,-0.288609472733831,0.288609472733831,1,"drop"
"EFNB1",1,2,2,0.029496170678324,0.28806983398745,1,"drop"
"LDB1",1,2,2,-0.287870623093181,0.287870623093181,1,"drop"
"FASTKD3",1,2,2,0.287770323628329,0.287770323628329,1,"drop"
"LINC00963",1,2,2,-0.28576855468259,0.28576855468259,1,"drop"
"MCEMP1",1,2,2,0.0220825117316115,0.285734430890829,1,"drop"
"IPO11",1,2,2,0.284533393834989,0.284533393834989,1,"drop"
"PNPLA2",1,2,2,0.0317639776181625,0.281837832711126,1,"drop"
"UBXN11",1,2,2,0.280251552406986,0.280251552406986,1,"drop"
"DPAGT1",1,2,2,0.00709829402304452,0.278278684915106,1,"drop"
"AC023157.3",1,2,2,0.023659177941661,0.277040715420969,1,"drop"
"EZH2",1,2,2,0.275068525603302,0.275068525603302,1,"drop"
"SLC35E2A",1,2,2,0.010149426302742,0.274836155476678,1,"drop"
"AC246817.2",1,2,2,0.010347021620544,0.273883467096477,1,"drop"
"ALDH3B1",1,2,2,-0.273478667905072,0.273478667905072,1,"drop"
"GSTA4",1,2,2,0.271428302283776,0.271428302283776,1,"drop"
"SRGAP2C",1,2,2,-0.270365288168602,0.270365288168602,1,"drop"
"CCDC171",1,2,2,0.0173287874672945,0.269409466386727,1,"drop"
"TTYH2",1,2,2,-0.26562144159714,0.26562144159714,1,"drop"
"TBC1D12",1,2,2,0.25769024069577,0.25769024069577,1,"drop"
"DAAM2",1,1,1,-3.33655065844612,3.33655065844612,0.000113697920436804,"drop"
"RXFP1",1,1,1,-2.87008265750064,2.87008265750064,1,"drop"
"AC104530.1",1,1,1,-2.80860776127482,2.80860776127482,1,"drop"
"ARMC7",1,1,1,-2.80026167366915,2.80026167366915,1,"drop"
"EGLN3",1,1,1,-2.79432017696062,2.79432017696062,1,"drop"
"IBA57",1,1,1,-2.59100526114433,2.59100526114433,1,"drop"
"USP27X",1,1,1,-2.52203484258735,2.52203484258735,1,"drop"
"MTFR1",1,1,1,-2.36769846575354,2.36769846575354,1,"drop"
"LINC01355",1,1,1,-2.33984593659092,2.33984593659092,1,"drop"
"EPCAM",1,1,1,-2.3166816451488,2.3166816451488,1,"drop"
"IPO4",1,1,1,-2.29349487581163,2.29349487581163,1,"drop"
"MICU3",1,1,1,-2.29090879575318,2.29090879575318,1,"drop"
"ZNF74",1,1,1,-2.28321242203186,2.28321242203186,1,"drop"
"FANK1",1,1,1,-2.24611600530518,2.24611600530518,1,"drop"
"CDH26",1,1,1,-2.22716323212608,2.22716323212608,1,"drop"
"DPF1",1,1,1,2.20720428955987,2.20720428955987,1,"drop"
"IGHA2",1,1,1,-2.12385189269378,2.12385189269378,0.00000000273820709460061,"drop"
"MALRD1",1,1,1,-2.08611584079392,2.08611584079392,1,"drop"
"ZNF839",1,1,1,-2.08377368993097,2.08377368993097,1,"drop"
"AC016394.1",1,1,1,-2.06528255288976,2.06528255288976,1,"drop"
"C19orf33",1,1,1,2.00850219824463,2.00850219824463,0.000443423795178683,"drop"
"LINC02232",1,1,1,-2.00250558094488,2.00250558094488,1,"drop"
"COCH",1,1,1,-1.95872935109496,1.95872935109496,0.0000000681821365685457,"drop"
"SEPTIN5",1,1,1,-1.95365705261792,1.95365705261792,1,"drop"
"AL139020.1",1,1,1,-1.94066508694848,1.94066508694848,0.00000000748660479747507,"drop"
"ARL9",1,1,1,-1.93202905520265,1.93202905520265,1,"drop"
"ZNF585B",1,1,1,-1.91973907243613,1.91973907243613,1,"drop"
"SSPN",1,1,1,-1.8948214809291,1.8948214809291,0.00000000511142271025507,"drop"
"GVQW3",1,1,1,-1.8864738572007,1.8864738572007,1,"drop"
"RTKN",1,1,1,-1.86174887279718,1.86174887279718,1,"drop"
"NUBPL",1,1,1,-1.85182994711524,1.85182994711524,1,"drop"
"HCAR2",1,1,1,-1.8431170219639,1.8431170219639,1,"drop"
"CD68",1,1,1,-1.83003345296386,1.83003345296386,1,"drop"
"PRKG1",1,1,1,-1.82723063136932,1.82723063136932,1,"drop"
"ZNF608",1,1,1,-1.80045643985451,1.80045643985451,1,"drop"
"EFCAB11",1,1,1,-1.7864440494756,1.7864440494756,1,"drop"
"TUBD1",1,1,1,-1.74728466356896,1.74728466356896,1,"drop"
"BCORL1",1,1,1,-1.69714371715656,1.69714371715656,1,"drop"
"BAK1",1,1,1,-1.6948810558961,1.6948810558961,1,"drop"
"ZNF684",1,1,1,1.65273183975918,1.65273183975918,1,"drop"
"THEM6",1,1,1,-1.64856333662235,1.64856333662235,1,"drop"
"DYRK3",1,1,1,-1.63130510218374,1.63130510218374,1,"drop"
"HCAR3",1,1,1,-1.62557252350456,1.62557252350456,1,"drop"
"CLEC5A",1,1,1,-1.57704525916933,1.57704525916933,0.0449712015629835,"drop"
"BDH1",1,1,1,1.57518982191378,1.57518982191378,1,"drop"
"TMEM220-AS1",1,1,1,-1.57470133769192,1.57470133769192,1,"drop"
"AC010880.1",1,1,1,1.57136873098933,1.57136873098933,1,"drop"
"LINC02802",1,1,1,-1.57050879403024,1.57050879403024,1,"drop"
"LINC01781",1,1,1,-1.55710816080103,1.55710816080103,0.000000000000000000192556607000585,"drop"
"C19orf73",1,1,1,-1.54524717281025,1.54524717281025,1,"drop"
"RNF123",1,1,1,-1.52635436889368,1.52635436889368,1,"drop"
"AC092746.1",1,1,1,-1.50120460985494,1.50120460985494,1,"drop"
"SPATA2L",1,1,1,1.49831260273293,1.49831260273293,1,"drop"
"DENND1A",1,1,1,-1.49685089309124,1.49685089309124,1,"drop"
"MNS1",1,1,1,-1.47056332930595,1.47056332930595,1,"drop"
"RANBP17",1,1,1,-1.46579807736825,1.46579807736825,1,"drop"
"NAB2",1,1,1,-1.465372400571,1.465372400571,0.00000544050412020661,"drop"
"BEX1",1,1,1,1.46191418468523,1.46191418468523,1,"drop"
"NME8",1,1,1,-1.46028707857655,1.46028707857655,1,"drop"
"SPTBN2",1,1,1,-1.44378500190511,1.44378500190511,1,"drop"
"ARMC5",1,1,1,-1.43757394786459,1.43757394786459,1,"drop"
"ZNF446",1,1,1,1.43132927702264,1.43132927702264,1,"drop"
"E2F6",1,1,1,-1.43096136407169,1.43096136407169,1,"drop"
"NEMP2",1,1,1,-1.43016535982169,1.43016535982169,1,"drop"
"ACTR5",1,1,1,-1.41653769851008,1.41653769851008,1,"drop"
"PIGQ",1,1,1,-1.41198848795702,1.41198848795702,1,"drop"
"AC007278.1",1,1,1,-1.39896041415208,1.39896041415208,1,"drop"
"NEXN",1,1,1,1.3933349348607,1.3933349348607,1,"drop"
"ITGB3",1,1,1,1.39066298450494,1.39066298450494,0.0297891353660614,"drop"
"AL035587.2",1,1,1,-1.38622716388629,1.38622716388629,1,"drop"
"SIRT3",1,1,1,-1.37400096559175,1.37400096559175,1,"drop"
"AASS",1,1,1,1.36748413086804,1.36748413086804,1,"drop"
"STK35",1,1,1,-1.36140725479471,1.36140725479471,1,"drop"
"EGR2",1,1,1,1.357826163461,1.357826163461,0.400903486325006,"drop"
"ALAS2",1,1,1,-1.35000512997307,1.35000512997307,1,"drop"
"AC024560.5",1,1,1,-1.3447932375216,1.3447932375216,1,"drop"
"FLVCR2",1,1,1,-1.34173283904927,1.34173283904927,0.380111641889176,"drop"
"NID1",1,1,1,1.333190728297,1.333190728297,1,"drop"
"DCTN3",1,1,1,-1.32240055831329,1.32240055831329,1,"drop"
"UBOX5",1,1,1,-1.32090859144686,1.32090859144686,1,"drop"
"ZNF550",1,1,1,-1.31168261752376,1.31168261752376,1,"drop"
"C14orf93",1,1,1,-1.30827754682464,1.30827754682464,1,"drop"
"FAM124B",1,1,1,1.30128157430856,1.30128157430856,1,"drop"
"ALG12",1,1,1,-1.30067940760844,1.30067940760844,1,"drop"
"LPAR2",1,1,1,-1.30002819268463,1.30002819268463,1,"drop"
"ARHGEF17",1,1,1,1.29086139075278,1.29086139075278,1,"drop"
"SRC",1,1,1,1.28953066153584,1.28953066153584,1,"drop"
"HHLA3",1,1,1,1.28394667027874,1.28394667027874,1,"drop"
"HIST1H2BD",1,1,1,1.27948866805086,1.27948866805086,1,"drop"
"PBX4",1,1,1,-1.27885707476208,1.27885707476208,0.498589036846758,"drop"
"SCFD2",1,1,1,1.27775153781453,1.27775153781453,1,"drop"
"SAP130",1,1,1,-1.27481384719361,1.27481384719361,1,"drop"
"PPM1D",1,1,1,-1.27396447629739,1.27396447629739,1,"drop"
"NUDT12",1,1,1,-1.27264757948725,1.27264757948725,1,"drop"
"PRG2",1,1,1,-1.27136342222651,1.27136342222651,1,"drop"
"AC008764.7",1,1,1,-1.26613663271148,1.26613663271148,1,"drop"
"LGALS3BP",1,1,1,-1.26575770337684,1.26575770337684,1,"drop"
"AC091563.1",1,1,1,-1.25920155225397,1.25920155225397,1,"drop"
"GTF2E1",1,1,1,1.25604114047128,1.25604114047128,1,"drop"
"ZNF16",1,1,1,-1.25076639033087,1.25076639033087,1,"drop"
"TMEM163",1,1,1,-1.2479677466762,1.2479677466762,1,"drop"
"PNPO",1,1,1,1.22906618345812,1.22906618345812,1,"drop"
"SLC18B1",1,1,1,1.22426047136061,1.22426047136061,1,"drop"
"CYSLTR2",1,1,1,1.22371042988645,1.22371042988645,1,"drop"
"AC000065.1",1,1,1,-1.22269625426636,1.22269625426636,1,"drop"
"Z93241.1",1,1,1,-1.22130365995529,1.22130365995529,1,"drop"
"ZBTB6",1,1,1,-1.22118692174871,1.22118692174871,1,"drop"
"AC133644.2",1,1,1,-1.21153317681575,1.21153317681575,0.354674398415944,"drop"
"SNX11",1,1,1,-1.21092698265566,1.21092698265566,1,"drop"
"SLC39A13",1,1,1,-1.20725649668285,1.20725649668285,1,"drop"
"SMG5",1,1,1,-1.20288764129157,1.20288764129157,1,"drop"
"PDE3A",1,1,1,-1.19583637787656,1.19583637787656,1,"drop"
"AC092164.1",1,1,1,-1.19217337945936,1.19217337945936,1,"drop"
"TNFRSF13B",1,1,1,-1.19143655746348,1.19143655746348,0.00000000237662103041091,"drop"
"ZSWIM1",1,1,1,-1.19004658345246,1.19004658345246,1,"drop"
"TRIM16",1,1,1,-1.18974467144742,1.18974467144742,1,"drop"
"BNIP1",1,1,1,-1.18940673666033,1.18940673666033,1,"drop"
"ZNF14",1,1,1,-1.18846404997053,1.18846404997053,1,"drop"
"FZD6",1,1,1,-1.18584055002862,1.18584055002862,1,"drop"
"GFOD2",1,1,1,1.18523790382026,1.18523790382026,1,"drop"
"EXOC6B",1,1,1,-1.1841029521324,1.1841029521324,1,"drop"
"S100P",1,1,1,1.18117705289894,1.18117705289894,0.320127045937293,"drop"
"ZNF337",1,1,1,1.17584711766331,1.17584711766331,1,"drop"
"HOXB5",1,1,1,-1.17234660461308,1.17234660461308,1,"drop"
"GTPBP2",1,1,1,-1.16739262721965,1.16739262721965,1,"drop"
"CNTNAP2",1,1,1,-1.16604266471612,1.16604266471612,0.00000581323743924948,"drop"
"CIPC",1,1,1,-1.16433964540686,1.16433964540686,1,"drop"
"MEGF8",1,1,1,-1.1635634189106,1.1635634189106,1,"drop"
"APBA3",1,1,1,-1.16290881332806,1.16290881332806,1,"drop"
"SCRIB",1,1,1,-1.1566166635391,1.1566166635391,1,"drop"
"CCR5",1,1,1,1.15530076379194,1.15530076379194,1,"drop"
"HIST2H2BF",1,1,1,-1.15522347888761,1.15522347888761,1,"drop"
"RAB11B-AS1",1,1,1,1.151944521396,1.151944521396,1,"drop"
"ZNF419",1,1,1,-1.15167062100915,1.15167062100915,1,"drop"
"SCRN3",1,1,1,-1.13893113501229,1.13893113501229,1,"drop"
"S100A13",1,1,1,-1.13087365267967,1.13087365267967,1,"drop"
"SCLY",1,1,1,-1.13025057142151,1.13025057142151,1,"drop"
"KIR2DL1",1,1,1,-1.11998119687589,1.11998119687589,0.43951828129845,"drop"
"AC009318.1",1,1,1,-1.11461722107774,1.11461722107774,1,"drop"
"TMEM53",1,1,1,-1.11402750017678,1.11402750017678,1,"drop"
"AC005280.2",1,1,1,-1.10854488039318,1.10854488039318,1,"drop"
"DMTN",1,1,1,1.10464384455587,1.10464384455587,1,"drop"
"CTF1",1,1,1,-1.10382816812748,1.10382816812748,1,"drop"
"NQO1",1,1,1,-1.09537382357885,1.09537382357885,1,"drop"
"HES4",1,1,1,-1.09471375038928,1.09471375038928,1,"drop"
"LINC02767",1,1,1,-1.09186262644781,1.09186262644781,1,"drop"
"NUP188",1,1,1,-1.09026635968475,1.09026635968475,1,"drop"
"NUDT7",1,1,1,-1.08494671762853,1.08494671762853,1,"drop"
"CLDN5",1,1,1,1.08419352187524,1.08419352187524,1,"drop"
"ZNF432",1,1,1,-1.08042633618947,1.08042633618947,1,"drop"
"MRVI1",1,1,1,-1.07843542779959,1.07843542779959,1,"drop"
"ACP5",1,1,1,-1.07522148901819,1.07522148901819,0.37057909224639,"drop"
"AVP",1,1,1,-1.07461345127163,1.07461345127163,1,"drop"
"TTC31",1,1,1,1.07132660123133,1.07132660123133,1,"drop"
"LY86-AS1",1,1,1,-1.07123936027194,1.07123936027194,0.914438294607781,"drop"
"SLC1A6",1,1,1,-1.0703085293986,1.0703085293986,1,"drop"
"KANTR",1,1,1,-1.07010225562527,1.07010225562527,1,"drop"
"ACVR1",1,1,1,-1.06711970212004,1.06711970212004,1,"drop"
"AC037198.1",1,1,1,-1.05838143807352,1.05838143807352,1,"drop"
"ZNF724",1,1,1,-1.04037172716024,1.04037172716024,1,"drop"
"STAT5A",1,1,1,-1.03770885485203,1.03770885485203,1,"drop"
"SLC24A3",1,1,1,-1.03382169764958,1.03382169764958,1,"drop"
"DPH6",1,1,1,-1.03303333032574,1.03303333032574,1,"drop"
"CSF1",1,1,1,-1.03294209874113,1.03294209874113,1,"drop"
"FDXR",1,1,1,-1.03071432906684,1.03071432906684,1,"drop"
"KIR3DL1",1,1,1,-1.03022448580237,1.03022448580237,0.825054918791156,"drop"
"AL049840.2",1,1,1,-1.02729794180839,1.02729794180839,1,"drop"
"EGFL8",1,1,1,-1.02187637729306,1.02187637729306,1,"drop"
"DMWD",1,1,1,-1.01735687274069,1.01735687274069,1,"drop"
"AC016773.1",1,1,1,-1.01545735022822,1.01545735022822,1,"drop"
"ZNF460",1,1,1,-1.00251127327873,1.00251127327873,1,"drop"
"AC060780.1",1,1,1,1.00199113642696,1.00199113642696,1,"drop"
"AL021155.5",1,1,1,-1.00019803620584,1.00019803620584,1,"drop"
"ZNF185",1,1,1,0.998599242340235,0.998599242340235,1,"drop"
"DOCK1",1,1,1,0.995345063934675,0.995345063934675,1,"drop"
"APOC1",1,1,1,-0.989306202952593,0.989306202952593,1,"drop"
"CYP27A1",1,1,1,0.985828803986739,0.985828803986739,1,"drop"
"MRC1",1,1,1,-0.98466903165292,0.98466903165292,0.090195105276162,"drop"
"LINC02723",1,1,1,-0.984525701664929,0.984525701664929,0.197016248639049,"drop"
"TMEM267",1,1,1,0.982742684798776,0.982742684798776,1,"drop"
"ATP9A",1,1,1,-0.98261926543029,0.98261926543029,1,"drop"
"PPP2R3B",1,1,1,0.980865084943474,0.980865084943474,1,"drop"
"AC004812.2",1,1,1,-0.979897796782093,0.979897796782093,1,"drop"
"ALG14",1,1,1,-0.979193282308116,0.979193282308116,1,"drop"
"POLD1",1,1,1,-0.96089992057689,0.96089992057689,1,"drop"
"DUBR",1,1,1,0.960373416427694,0.960373416427694,1,"drop"
"ALG9",1,1,1,0.954954638658773,0.954954638658773,1,"drop"
"ACAD11",1,1,1,-0.95348404837851,0.95348404837851,1,"drop"
"SLC25A24",1,1,1,-0.953018631886825,0.953018631886825,1,"drop"
"CMTM8",1,1,1,0.951283005256853,0.951283005256853,1,"drop"
"MGAM",1,1,1,-0.949075911647842,0.949075911647842,0.981248262298943,"drop"
"ZSCAN25",1,1,1,-0.948856175357929,0.948856175357929,1,"drop"
"HERC6",1,1,1,-0.948503804691936,0.948503804691936,1,"drop"
"SMG8",1,1,1,-0.946151697746775,0.946151697746775,1,"drop"
"EDARADD",1,1,1,-0.945993425006241,0.945993425006241,1,"drop"
"CLDND2",1,1,1,-0.942061035411799,0.942061035411799,1,"drop"
"MAPK12",1,1,1,-0.941684433205015,0.941684433205015,1,"drop"
"AC026471.4",1,1,1,-0.94074482090213,0.94074482090213,1,"drop"
"TESK2",1,1,1,0.939518505039816,0.939518505039816,1,"drop"
"FAM27C",1,1,1,-0.937220684030094,0.937220684030094,1,"drop"
"SNAPC4",1,1,1,-0.936345054254369,0.936345054254369,1,"drop"
"AC046134.2",1,1,1,-0.93212352911153,0.93212352911153,1,"drop"
"CYTH3",1,1,1,-0.929977708488932,0.929977708488932,1,"drop"
"SCARF1",1,1,1,-0.928239468273937,0.928239468273937,1,"drop"
"ALKBH8",1,1,1,-0.92599501389206,0.92599501389206,1,"drop"
"SETD4",1,1,1,0.924009306622354,0.924009306622354,1,"drop"
"LRRN1",1,1,1,-0.923697944919199,0.923697944919199,1,"drop"
"NKIRAS1",1,1,1,0.916892148561213,0.916892148561213,1,"drop"
"COL4A4",1,1,1,-0.916214514044642,0.916214514044642,1,"drop"
"AC008443.1",1,1,1,-0.914745089762349,0.914745089762349,1,"drop"
"AP003307.1",1,1,1,-0.910057055171999,0.910057055171999,1,"drop"
"BEND4",1,1,1,-0.909904401896923,0.909904401896923,1,"drop"
"PIGO",1,1,1,-0.909341608121722,0.909341608121722,1,"drop"
"WDR5",1,1,1,-0.906006960707925,0.906006960707925,1,"drop"
"APOL1",1,1,1,0.903991894854245,0.903991894854245,1,"drop"
"CCNJ",1,1,1,-0.900289328438718,0.900289328438718,1,"drop"
"DICER1-AS1",1,1,1,-0.89886709076612,0.89886709076612,1,"drop"
"EOGT",1,1,1,-0.896288085830497,0.896288085830497,1,"drop"
"VSIG4",1,1,1,-0.895655798748158,0.895655798748158,0.452953383854831,"drop"
"RASGRP4",1,1,1,-0.891403641678383,0.891403641678383,1,"drop"
"NMNAT1",1,1,1,0.888522063568522,0.888522063568522,1,"drop"
"C17orf100",1,1,1,-0.887543507112298,0.887543507112298,1,"drop"
"PRUNE1",1,1,1,-0.886285374335194,0.886285374335194,1,"drop"
"NAP1L5",1,1,1,0.886135859687336,0.886135859687336,1,"drop"
"AL136454.1",1,1,1,0.882807609815646,0.882807609815646,1,"drop"
"EHD2",1,1,1,-0.881775525477728,0.881775525477728,1,"drop"
"XACT",1,1,1,-0.881030507828229,0.881030507828229,1,"drop"
"NFS1",1,1,1,-0.880542933959976,0.880542933959976,1,"drop"
"CUL9",1,1,1,-0.877743749044843,0.877743749044843,1,"drop"
"ZNF567",1,1,1,-0.877184381875539,0.877184381875539,1,"drop"
"RAC3",1,1,1,-0.873881028361879,0.873881028361879,1,"drop"
"TRAF1",1,1,1,-0.873379658267817,0.873379658267817,1,"drop"
"LGALSL",1,1,1,0.872568939241181,0.872568939241181,1,"drop"
"AC097382.3",1,1,1,-0.868750983575896,0.868750983575896,1,"drop"
"SYDE2",1,1,1,-0.868200947675815,0.868200947675815,1,"drop"
"CXCR5",1,1,1,0.865789497236546,0.865789497236546,1,"drop"
"U62317.4",1,1,1,-0.863477965159605,0.863477965159605,1,"drop"
"TNF",1,1,1,-0.863348622314596,0.863348622314596,1,"drop"
"BCO2",1,1,1,0.862813403520879,0.862813403520879,1,"drop"
"STIMATE",1,1,1,-0.861025734121287,0.861025734121287,1,"drop"
"ZNF155",1,1,1,-0.860622989589839,0.860622989589839,1,"drop"
"SLC25A15",1,1,1,-0.860271536142483,0.860271536142483,1,"drop"
"CRAT",1,1,1,0.858115165543149,0.858115165543149,1,"drop"
"NEMP1",1,1,1,-0.856928602734426,0.856928602734426,1,"drop"
"L3HYPDH",1,1,1,-0.855088869022542,0.855088869022542,1,"drop"
"ZC4H2",1,1,1,-0.84761700118445,0.84761700118445,1,"drop"
"AC007032.1",1,1,1,0.845441701906478,0.845441701906478,1,"drop"
"RFK",1,1,1,-0.844989888572194,0.844989888572194,1,"drop"
"FILIP1L",1,1,1,-0.840104567755859,0.840104567755859,1,"drop"
"RELB",1,1,1,-0.83858066001807,0.83858066001807,1,"drop"
"COQ6",1,1,1,0.833656133689492,0.833656133689492,1,"drop"
"YTHDF3-AS1",1,1,1,-0.828686966699182,0.828686966699182,1,"drop"
"ZSCAN2",1,1,1,-0.827657956293751,0.827657956293751,1,"drop"
"HSDL1",1,1,1,-0.825485594549463,0.825485594549463,1,"drop"
"SEC61A2",1,1,1,0.824642752652681,0.824642752652681,1,"drop"
"AC110611.2",1,1,1,0.822543646470281,0.822543646470281,1,"drop"
"ADAM15",1,1,1,-0.820383757803131,0.820383757803131,1,"drop"
"FXYD1",1,1,1,0.817621629744163,0.817621629744163,1,"drop"
"THAP3",1,1,1,-0.816485967517603,0.816485967517603,1,"drop"
"NLRP12",1,1,1,-0.814163699539588,0.814163699539588,1,"drop"
"IFT172",1,1,1,-0.810674807959578,0.810674807959578,1,"drop"
"RETSAT",1,1,1,-0.805155488799128,0.805155488799128,1,"drop"
"KCNC3",1,1,1,0.8022378754981,0.8022378754981,1,"drop"
"NKRF",1,1,1,-0.801502599240315,0.801502599240315,1,"drop"
"CYP4F3",1,1,1,-0.801075533444633,0.801075533444633,1,"drop"
"TTC8",1,1,1,-0.795221978236859,0.795221978236859,1,"drop"
"TGFB1I1",1,1,1,-0.793792699511312,0.793792699511312,1,"drop"
"FAXDC2",1,1,1,0.788980635765442,0.788980635765442,1,"drop"
"ZNF681",1,1,1,-0.788466599582152,0.788466599582152,1,"drop"
"PCLAF",1,1,1,-0.783144390199829,0.783144390199829,1,"drop"
"CD3EAP",1,1,1,-0.782351343863587,0.782351343863587,1,"drop"
"PTCRA",1,1,1,0.780453142163591,0.780453142163591,0.0756849384222877,"drop"
"GTSF1",1,1,1,-0.777936214895959,0.777936214895959,1,"drop"
"LMO7",1,1,1,-0.776851695248868,0.776851695248868,1,"drop"
"CEP83",1,1,1,0.776184974284799,0.776184974284799,1,"drop"
"SMYD4",1,1,1,-0.775650057321048,0.775650057321048,1,"drop"
"ULK4",1,1,1,0.775544753430463,0.775544753430463,1,"drop"
"RITA1",1,1,1,-0.774538280765469,0.774538280765469,1,"drop"
"RASGRP3",1,1,1,-0.772542422310909,0.772542422310909,1,"drop"
"ACSF2",1,1,1,-0.770210387989263,0.770210387989263,1,"drop"
"PPCDC",1,1,1,0.770197144861044,0.770197144861044,1,"drop"
"AMN1",1,1,1,-0.769937224498386,0.769937224498386,1,"drop"
"LIG1",1,1,1,-0.766123950014664,0.766123950014664,1,"drop"
"PYCARD-AS1",1,1,1,0.764596472940493,0.764596472940493,1,"drop"
"AC007384.1",1,1,1,0.763524662552316,0.763524662552316,1,"drop"
"SPATA20",1,1,1,0.762603825917353,0.762603825917353,1,"drop"
"SLAIN1",1,1,1,0.762047350725978,0.762047350725978,1,"drop"
"MTO1",1,1,1,-0.761664336234252,0.761664336234252,1,"drop"
"NETO2",1,1,1,-0.761280014237106,0.761280014237106,1,"drop"
"ZC3H12D",1,1,1,0.754855331424125,0.754855331424125,1,"drop"
"RWDD2B",1,1,1,-0.752941433619303,0.752941433619303,1,"drop"
"ZNF747",1,1,1,-0.751878204340123,0.751878204340123,1,"drop"
"BTBD8",1,1,1,-0.749930975249776,0.749930975249776,1,"drop"
"AC107464.3",1,1,1,-0.749640354253103,0.749640354253103,1,"drop"
"ATP2A1",1,1,1,-0.74930391989265,0.74930391989265,1,"drop"
"CAD",1,1,1,0.748716000770497,0.748716000770497,1,"drop"
"ZSCAN9",1,1,1,-0.747921730660268,0.747921730660268,1,"drop"
"ZNF93",1,1,1,-0.745920359527467,0.745920359527467,1,"drop"
"SDC4",1,1,1,-0.743353363720838,0.743353363720838,0.346531837878933,"drop"
"LIMK2",1,1,1,-0.743139853421257,0.743139853421257,1,"drop"
"HAPLN3",1,1,1,-0.74271253670345,0.74271253670345,1,"drop"
"AL161421.1",1,1,1,-0.736090173790205,0.736090173790205,1,"drop"
"OCLN",1,1,1,-0.735970212763514,0.735970212763514,1,"drop"
"ZER1",1,1,1,-0.734013764432615,0.734013764432615,0.0523565156436356,"drop"
"LINC00174",1,1,1,-0.732232869741615,0.732232869741615,1,"drop"
"MITF",1,1,1,-0.730024307704308,0.730024307704308,1,"drop"
"ZNF510",1,1,1,-0.729910883065817,0.729910883065817,1,"drop"
"AC147651.1",1,1,1,0.72803095374727,0.72803095374727,1,"drop"
"LSR",1,1,1,-0.727502491329322,0.727502491329322,1,"drop"
"PADI2",1,1,1,0.727387234127733,0.727387234127733,1,"drop"
"ENKUR",1,1,1,0.72421954014834,0.72421954014834,1,"drop"
"TNFAIP6",1,1,1,0.724206871027797,0.724206871027797,1,"drop"
"PIGB",1,1,1,0.724072589502591,0.724072589502591,1,"drop"
"APOA1",1,1,1,-0.723843266166807,0.723843266166807,1,"drop"
"TRMT5",1,1,1,-0.721914750626726,0.721914750626726,1,"drop"
"NSDHL",1,1,1,0.719055715258411,0.719055715258411,1,"drop"
"CTSL",1,1,1,-0.718064645449681,0.718064645449681,1,"drop"
"BRF1",1,1,1,-0.717677987001922,0.717677987001922,1,"drop"
"SNX30",1,1,1,-0.71745620569913,0.71745620569913,1,"drop"
"AL590652.1",1,1,1,0.717395837647663,0.717395837647663,1,"drop"
"CAPRIN2",1,1,1,0.716360361551017,0.716360361551017,1,"drop"
"TCEAL9",1,1,1,0.715674394296323,0.715674394296323,1,"drop"
"IFT140",1,1,1,-0.714626012298452,0.714626012298452,1,"drop"
"SNX16",1,1,1,0.708143642707881,0.708143642707881,1,"drop"
"FAM41C",1,1,1,0.707796418051396,0.707796418051396,1,"drop"
"PEX10",1,1,1,-0.706075930643385,0.706075930643385,1,"drop"
"SPAG1",1,1,1,-0.701713787445733,0.701713787445733,1,"drop"
"TNFSF11",1,1,1,-0.701358328457139,0.701358328457139,1,"drop"
"OSBPL5",1,1,1,-0.700152352467325,0.700152352467325,1,"drop"
"RALGAPB",1,1,1,-0.699924194973562,0.699924194973562,1,"drop"
"P2RY6",1,1,1,-0.69986979069221,0.69986979069221,1,"drop"
"RAB11FIP3",1,1,1,-0.697291175676428,0.697291175676428,1,"drop"
"NDRG2",1,1,1,0.696295855241109,0.696295855241109,1,"drop"
"SGSH",1,1,1,-0.695971892663254,0.695971892663254,1,"drop"
"ZNF253",1,1,1,0.695936954679153,0.695936954679153,1,"drop"
"GRAMD1B",1,1,1,0.692288707311603,0.692288707311603,1,"drop"
"GEN1",1,1,1,-0.690423375947161,0.690423375947161,1,"drop"
"C3orf62",1,1,1,-0.686093267016723,0.686093267016723,1,"drop"
"GOLGA8N",1,1,1,0.68105896819643,0.68105896819643,1,"drop"
"ZNF140",1,1,1,-0.679036014195674,0.679036014195674,1,"drop"
"NIBAN2",1,1,1,-0.678019597306547,0.678019597306547,1,"drop"
"PIGV",1,1,1,-0.677880158038021,0.677880158038021,1,"drop"
"VANGL1",1,1,1,0.676496166661522,0.676496166661522,1,"drop"
"FCER2",1,1,1,0.676146775288374,0.676146775288374,0.000922266023529155,"drop"
"TMEM67",1,1,1,0.675530089682836,0.675530089682836,1,"drop"
"PIK3R4",1,1,1,0.674547517434887,0.674547517434887,1,"drop"
"ZFYVE19",1,1,1,0.674287837653813,0.674287837653813,1,"drop"
"RTL6",1,1,1,0.672808088725418,0.672808088725418,1,"drop"
"VSIG1",1,1,1,-0.669985414989155,0.669985414989155,1,"drop"
"ICOS",1,1,1,0.66786225923208,0.66786225923208,1,"drop"
"RPP25",1,1,1,0.667837185325696,0.667837185325696,1,"drop"
"SPON1",1,1,1,-0.666614400828102,0.666614400828102,1,"drop"
"TKFC",1,1,1,-0.660473009976263,0.660473009976263,1,"drop"
"PIGZ",1,1,1,-0.658441364604514,0.658441364604514,1,"drop"
"FZD3",1,1,1,-0.655649606241028,0.655649606241028,1,"drop"
"LINC02422",1,1,1,-0.653769073592909,0.653769073592909,1,"drop"
"ZNF135",1,1,1,-0.649555235896878,0.649555235896878,1,"drop"
"ZNF90",1,1,1,-0.648125588159248,0.648125588159248,1,"drop"
"ZNF821",1,1,1,0.647997754077775,0.647997754077775,1,"drop"
"DNAJC3-DT",1,1,1,-0.645964837970312,0.645964837970312,1,"drop"
"SPACA9",1,1,1,-0.644195924173358,0.644195924173358,1,"drop"
"CDCA7",1,1,1,0.641959565201465,0.641959565201465,1,"drop"
"CIB2",1,1,1,0.640788972434724,0.640788972434724,1,"drop"
"HLA-B",1,1,1,0.6397269183898,0.6397269183898,1,"drop"
"C2orf88",1,1,1,0.638403850407705,0.638403850407705,1,"drop"
"CROT",1,1,1,-0.637736275163406,0.637736275163406,1,"drop"
"BEX3",1,1,1,0.636949884397996,0.636949884397996,1,"drop"
"ZNF846",1,1,1,-0.634883358159972,0.634883358159972,1,"drop"
"KSR1",1,1,1,0.63348041628923,0.63348041628923,1,"drop"
"VAT1",1,1,1,-0.631533806505497,0.631533806505497,1,"drop"
"LINC00205",1,1,1,-0.629183118931304,0.629183118931304,1,"drop"
"TRPM6",1,1,1,-0.629115302927976,0.629115302927976,1,"drop"
"SLC22A15",1,1,1,-0.628443137645741,0.628443137645741,1,"drop"
"F2RL1",1,1,1,0.623556893555381,0.623556893555381,1,"drop"
"HEG1",1,1,1,-0.621979149728603,0.621979149728603,1,"drop"
"GPR89A",1,1,1,0.62160921159731,0.62160921159731,1,"drop"
"CD34",1,1,1,-0.620099077113803,0.620099077113803,1,"drop"
"TMEM184C",1,1,1,-0.618376242906011,0.618376242906011,1,"drop"
"MAP9",1,1,1,0.61708627017175,0.61708627017175,1,"drop"
"NBPF10",1,1,1,0.616059288773824,0.616059288773824,1,"drop"
"ZDHHC4",1,1,1,-0.613347152230646,0.613347152230646,1,"drop"
"DNAJC18",1,1,1,0.61237339318633,0.61237339318633,1,"drop"
"NRF1",1,1,1,-0.612042555718935,0.612042555718935,1,"drop"
"PHF8",1,1,1,0.611189161440545,0.611189161440545,1,"drop"
"UTS2",1,1,1,0.609627977088455,0.609627977088455,1,"drop"
"AGPS",1,1,1,-0.609595101343209,0.609595101343209,1,"drop"
"AC092809.2",1,1,1,-0.608635354921835,0.608635354921835,1,"drop"
"SLC1A3",1,1,1,-0.608440406833859,0.608440406833859,1,"drop"
"FRMD3",1,1,1,-0.607547205439615,0.607547205439615,1,"drop"
"BTBD11",1,1,1,-0.607124330885434,0.607124330885434,1,"drop"
"P2RX5",1,1,1,-0.603129920413745,0.603129920413745,1,"drop"
"ILVBL",1,1,1,0.602818196601371,0.602818196601371,1,"drop"
"PLBD1",1,1,1,-0.602617367419041,0.602617367419041,1,"drop"
"AK4",1,1,1,-0.601992120179043,0.601992120179043,1,"drop"
"MYL9",1,1,1,0.600067598387361,0.600067598387361,0.023908357437068,"drop"
"AC008982.2",1,1,1,-0.599599945443734,0.599599945443734,1,"drop"
"CCHCR1",1,1,1,-0.598752855269664,0.598752855269664,1,"drop"
"AC004069.1",1,1,1,-0.598156813460396,0.598156813460396,1,"drop"
"ZEB2-AS1",1,1,1,0.596554329552567,0.596554329552567,1,"drop"
"TXNL4B",1,1,1,-0.596040591995326,0.596040591995326,1,"drop"
"SETD6",1,1,1,-0.595674898483563,0.595674898483563,1,"drop"
"BCL2L2",1,1,1,0.593509832576618,0.593509832576618,1,"drop"
"SPATA5",1,1,1,0.592749649901349,0.592749649901349,1,"drop"
"HDHD3",1,1,1,-0.59227363508392,0.59227363508392,1,"drop"
"FAM114A2",1,1,1,-0.591273402970994,0.591273402970994,1,"drop"
"LEF1-AS1",1,1,1,0.590617170061304,0.590617170061304,1,"drop"
"JMJD4",1,1,1,0.589572260578939,0.589572260578939,1,"drop"
"AP001816.1",1,1,1,-0.589466975993101,0.589466975993101,1,"drop"
"CRAMP1",1,1,1,-0.58889368299082,0.58889368299082,1,"drop"
"LINC01534",1,1,1,-0.58751072105338,0.58751072105338,1,"drop"
"ZNF8",1,1,1,0.586473635509129,0.586473635509129,1,"drop"
"RIOX2",1,1,1,0.585248112478083,0.585248112478083,1,"drop"
"ATP5PO",1,1,1,0.585082365632825,0.585082365632825,1,"drop"
"ANKRD33B",1,1,1,-0.585053715712446,0.585053715712446,1,"drop"
"RMI1",1,1,1,-0.584501252587133,0.584501252587133,1,"drop"
"LMF1",1,1,1,-0.584483024179907,0.584483024179907,1,"drop"
"ZNF764",1,1,1,0.584128791867372,0.584128791867372,1,"drop"
"ABCD2",1,1,1,-0.583202331367416,0.583202331367416,1,"drop"
"ANKMY2",1,1,1,-0.581789249090525,0.581789249090525,1,"drop"
"GZMK",1,1,1,-0.581046117279282,0.581046117279282,1,"drop"
"PIAS3",1,1,1,-0.580294295579947,0.580294295579947,1,"drop"
"NINJ2",1,1,1,-0.580249721062459,0.580249721062459,1,"drop"
"ZNF354B",1,1,1,-0.579812483631372,0.579812483631372,1,"drop"
"RABL2A",1,1,1,0.578337220325353,0.578337220325353,1,"drop"
"UNG",1,1,1,0.578150093541843,0.578150093541843,1,"drop"
"ZNF440",1,1,1,-0.577845217862239,0.577845217862239,1,"drop"
"TMEM177",1,1,1,-0.577457591097376,0.577457591097376,1,"drop"
"EIF2B4",1,1,1,0.576999215626456,0.576999215626456,1,"drop"
"FUT7",1,1,1,-0.576101653053592,0.576101653053592,1,"drop"
"ICA1",1,1,1,-0.575989596870387,0.575989596870387,1,"drop"
"DHRS12",1,1,1,-0.574639757771055,0.574639757771055,1,"drop"
"CARMIL2",1,1,1,-0.574508324880285,0.574508324880285,1,"drop"
"ZNF257",1,1,1,-0.574489156511665,0.574489156511665,1,"drop"
"KIR3DL2",1,1,1,-0.573162591553496,0.573162591553496,1,"drop"
"BOP1",1,1,1,0.572411472216726,0.572411472216726,1,"drop"
"WDR3",1,1,1,-0.571186026937906,0.571186026937906,1,"drop"
"BAIAP2-DT",1,1,1,-0.570561488748589,0.570561488748589,1,"drop"
"SPRYD3",1,1,1,-0.5702364598606,0.5702364598606,1,"drop"
"DAPK3",1,1,1,-0.569718257558875,0.569718257558875,1,"drop"
"COL19A1",1,1,1,0.56844617267551,0.56844617267551,1,"drop"
"MEF2B",1,1,1,-0.568407932357551,0.568407932357551,1,"drop"
"FUT4",1,1,1,-0.567114687968588,0.567114687968588,1,"drop"
"SLC45A4",1,1,1,-0.564469475320076,0.564469475320076,1,"drop"
"VPS33B",1,1,1,-0.56371311140465,0.56371311140465,1,"drop"
"CDK2",1,1,1,-0.563353023299502,0.563353023299502,1,"drop"
"Z97192.3",1,1,1,0.563105738626939,0.563105738626939,1,"drop"
"CRYBG3",1,1,1,-0.563029407039451,0.563029407039451,1,"drop"
"ASPHD2",1,1,1,0.562409627184695,0.562409627184695,1,"drop"
"XKR8",1,1,1,-0.561562998171711,0.561562998171711,1,"drop"
"FASLG",1,1,1,-0.561366523783402,0.561366523783402,1,"drop"
"ABCB4",1,1,1,0.560823053274863,0.560823053274863,1,"drop"
"FCRLA",1,1,1,-0.560718384837563,0.560718384837563,0.00624087777252988,"drop"
"FADD",1,1,1,0.56071379210323,0.56071379210323,1,"drop"
"U91328.1",1,1,1,-0.559820118948085,0.559820118948085,1,"drop"
"PRADC1",1,1,1,0.559290174641748,0.559290174641748,1,"drop"
"SENCR",1,1,1,-0.556290717910664,0.556290717910664,1,"drop"
"ICK",1,1,1,0.555774126722496,0.555774126722496,1,"drop"
"DCP1B",1,1,1,-0.552814747847929,0.552814747847929,1,"drop"
"LINC00926",1,1,1,0.551397707093167,0.551397707093167,0.0000131673138809839,"drop"
"AC006141.1",1,1,1,-0.55078626937491,0.55078626937491,1,"drop"
"MSANTD4",1,1,1,0.54881159039906,0.54881159039906,1,"drop"
"PLXNA4",1,1,1,-0.548719612062428,0.548719612062428,1,"drop"
"TIFAB",1,1,1,-0.548465699564769,0.548465699564769,1,"drop"
"NEURL2",1,1,1,-0.548196509613128,0.548196509613128,1,"drop"
"AC005838.2",1,1,1,-0.545702334460654,0.545702334460654,1,"drop"
"GTF2IRD2",1,1,1,0.544848498612207,0.544848498612207,1,"drop"
"SLC43A1",1,1,1,-0.544742311106365,0.544742311106365,1,"drop"
"PPIL1",1,1,1,-0.543422665109242,0.543422665109242,1,"drop"
"PPP2R1B",1,1,1,-0.543405181583981,0.543405181583981,1,"drop"
"PRXL2B",1,1,1,-0.543327905529027,0.543327905529027,1,"drop"
"HYOU1",1,1,1,0.542559902919912,0.542559902919912,1,"drop"
"LINC00865",1,1,1,-0.54166886904012,0.54166886904012,1,"drop"
"ZMAT5",1,1,1,0.540331471746664,0.540331471746664,1,"drop"
"CXCR6",1,1,1,-0.540052248499779,0.540052248499779,1,"drop"
"FZD1",1,1,1,0.539782978414629,0.539782978414629,1,"drop"
"PCGF1",1,1,1,-0.538822640965644,0.538822640965644,1,"drop"
"AC135050.6",1,1,1,-0.53874555580824,0.53874555580824,1,"drop"
"GINS2",1,1,1,0.538031372151492,0.538031372151492,1,"drop"
"KIF21B",1,1,1,0.53688246134158,0.53688246134158,1,"drop"
"ASMTL",1,1,1,0.535967018646614,0.535967018646614,1,"drop"
"CUEDC1",1,1,1,-0.535783551096138,0.535783551096138,1,"drop"
"NOTCH4",1,1,1,-0.535768627978202,0.535768627978202,1,"drop"
"CHRNB1",1,1,1,-0.535321507934867,0.535321507934867,1,"drop"
"ZSCAN29",1,1,1,-0.534408072210554,0.534408072210554,1,"drop"
"C1RL-AS1",1,1,1,-0.534287108597216,0.534287108597216,1,"drop"
"EXOSC5",1,1,1,-0.530413277445296,0.530413277445296,1,"drop"
"SH2D4A",1,1,1,-0.530411450073806,0.530411450073806,1,"drop"
"TET1",1,1,1,0.529053483198657,0.529053483198657,1,"drop"
"BRCA2",1,1,1,0.527199398129591,0.527199398129591,1,"drop"
"TRPM2",1,1,1,-0.527086169189895,0.527086169189895,1,"drop"
"TPM2",1,1,1,0.526149777956082,0.526149777956082,1,"drop"
"ARL3",1,1,1,-0.52591338189484,0.52591338189484,1,"drop"
"C10orf143",1,1,1,-0.525645052953554,0.525645052953554,1,"drop"
"SLC8A3",1,1,1,-0.523400746253107,0.523400746253107,1,"drop"
"NIBAN3",1,1,1,0.522328795502723,0.522328795502723,1,"drop"
"CINP",1,1,1,0.521976610415835,0.521976610415835,1,"drop"
"SLC2A9",1,1,1,-0.521710627108542,0.521710627108542,1,"drop"
"CEP19",1,1,1,-0.521650332164914,0.521650332164914,1,"drop"
"PI4K2A",1,1,1,0.520102408084835,0.520102408084835,1,"drop"
"IFT81",1,1,1,0.518069621699954,0.518069621699954,1,"drop"
"LINC01504",1,1,1,-0.517781945103039,0.517781945103039,1,"drop"
"LRRCC1",1,1,1,0.517697397548182,0.517697397548182,1,"drop"
"DPY19L2",1,1,1,-0.516624688454265,0.516624688454265,1,"drop"
"CBY1",1,1,1,-0.516215339169776,0.516215339169776,1,"drop"
"MVB12B",1,1,1,-0.51611300284136,0.51611300284136,1,"drop"
"ARFGEF2",1,1,1,0.515340910138383,0.515340910138383,1,"drop"
"PAQR7",1,1,1,-0.514564498280843,0.514564498280843,1,"drop"
"BTF3",1,1,1,0.514263005688703,0.514263005688703,1,"drop"
"EPAS1",1,1,1,-0.514231584363422,0.514231584363422,1,"drop"
"CBX2",1,1,1,-0.51379424341035,0.51379424341035,1,"drop"
"TMEM68",1,1,1,0.513505037048458,0.513505037048458,1,"drop"
"MAP3K14",1,1,1,0.513307163070153,0.513307163070153,1,"drop"
"AC012181.1",1,1,1,-0.512219191390545,0.512219191390545,1,"drop"
"CAMK1",1,1,1,0.507931991634555,0.507931991634555,1,"drop"
"MSH5",1,1,1,-0.506755394055693,0.506755394055693,1,"drop"
"SGO2",1,1,1,-0.50637218281751,0.50637218281751,1,"drop"
"NOP16",1,1,1,0.506088939708887,0.506088939708887,1,"drop"
"ACO1",1,1,1,-0.504255878738393,0.504255878738393,1,"drop"
"SMG9",1,1,1,0.504180067489501,0.504180067489501,1,"drop"
"LAMP5",1,1,1,-0.504001544419959,0.504001544419959,1,"drop"
"ZBTB7B",1,1,1,-0.503685445604589,0.503685445604589,1,"drop"
"DNAJB4",1,1,1,-0.502461539747795,0.502461539747795,1,"drop"
"CHCHD6",1,1,1,0.501753517247569,0.501753517247569,1,"drop"
"NUDT6",1,1,1,-0.496981818894697,0.496981818894697,1,"drop"
"ZNF727",1,1,1,-0.496741767039325,0.496741767039325,1,"drop"
"AC004817.3",1,1,1,-0.49639726442037,0.49639726442037,1,"drop"
"SLC25A35",1,1,1,-0.496179940106825,0.496179940106825,1,"drop"
"TEX261",1,1,1,-0.495872184118538,0.495872184118538,1,"drop"
"FAM104B",1,1,1,-0.495331713297844,0.495331713297844,1,"drop"
"AL353622.1",1,1,1,0.495250491590168,0.495250491590168,1,"drop"
"AKAP5",1,1,1,-0.492828707585073,0.492828707585073,1,"drop"
"SCAMP5",1,1,1,-0.492088507702936,0.492088507702936,1,"drop"
"ZNF521",1,1,1,-0.491637279696451,0.491637279696451,1,"drop"
"PPP2R2B",1,1,1,-0.491454145758553,0.491454145758553,1,"drop"
"FXR1",1,1,1,0.491112015833111,0.491112015833111,1,"drop"
"CLEC4C",1,1,1,0.490766605781444,0.490766605781444,1,"drop"
"SLC17A9",1,1,1,-0.4906663645966,0.4906663645966,1,"drop"
"ZNF587B",1,1,1,0.490334475180433,0.490334475180433,1,"drop"
"ARMCX1",1,1,1,-0.48944379967101,0.48944379967101,1,"drop"
"SLC27A5",1,1,1,-0.489321604890964,0.489321604890964,1,"drop"
"ANKRD16",1,1,1,-0.488435185967941,0.488435185967941,1,"drop"
"DCAF10",1,1,1,-0.487445738998495,0.487445738998495,1,"drop"
"DUSP16",1,1,1,-0.48616598967881,0.48616598967881,1,"drop"
"SLC25A17",1,1,1,-0.486078750054142,0.486078750054142,1,"drop"
"TRIB1",1,1,1,-0.485936763584008,0.485936763584008,0.70489659167143,"drop"
"AVPI1",1,1,1,0.484598604429864,0.484598604429864,1,"drop"
"FSD1L",1,1,1,-0.484275884916117,0.484275884916117,1,"drop"
"SIRPA",1,1,1,-0.48231992787877,0.48231992787877,1,"drop"
"AC010745.5",1,1,1,-0.481947915830891,0.481947915830891,1,"drop"
"NIPA1",1,1,1,0.48186428246175,0.48186428246175,1,"drop"
"PAX5",1,1,1,0.481793520065068,0.481793520065068,0.378989432338244,"drop"
"EIF5A2",1,1,1,-0.481018592583793,0.481018592583793,1,"drop"
"EIF3H",1,1,1,-0.480784154871483,0.480784154871483,1,"drop"
"GPR18",1,1,1,0.480683931341841,0.480683931341841,1,"drop"
"LRP12",1,1,1,-0.480000841896306,0.480000841896306,1,"drop"
"GLCE",1,1,1,0.479870979720019,0.479870979720019,1,"drop"
"PDE5A",1,1,1,-0.478746192067112,0.478746192067112,1,"drop"
"LRRC40",1,1,1,0.478716528283356,0.478716528283356,1,"drop"
"ABHD8",1,1,1,-0.477643761313648,0.477643761313648,1,"drop"
"FEZ1",1,1,1,0.477365913681923,0.477365913681923,1,"drop"
"EPB41L3",1,1,1,0.476975501873285,0.476975501873285,1,"drop"
"COL9A2",1,1,1,-0.47655624422437,0.47655624422437,1,"drop"
"PTRH2",1,1,1,0.476180092155158,0.476180092155158,1,"drop"
"RANBP3",1,1,1,-0.47571223999142,0.47571223999142,1,"drop"
"LINC00324",1,1,1,-0.475096059013062,0.475096059013062,1,"drop"
"AC006369.1",1,1,1,0.474469335891708,0.474469335891708,1,"drop"
"CLCN6",1,1,1,-0.473686454745718,0.473686454745718,1,"drop"
"SLC22A18",1,1,1,-0.473426197333232,0.473426197333232,1,"drop"
"CTNS",1,1,1,-0.472793009560254,0.472793009560254,1,"drop"
"CLYBL",1,1,1,-0.471478778032973,0.471478778032973,1,"drop"
"GPR27",1,1,1,0.471030756744536,0.471030756744536,1,"drop"
"ZNF324",1,1,1,-0.469193067346677,0.469193067346677,1,"drop"
"VIPAS39",1,1,1,-0.469116306719545,0.469116306719545,1,"drop"
"TM9SF4",1,1,1,0.468105403027662,0.468105403027662,1,"drop"
"FAM43A",1,1,1,-0.467869693563183,0.467869693563183,1,"drop"
"UEVLD",1,1,1,-0.465979273894898,0.465979273894898,1,"drop"
"COX11",1,1,1,0.464178508542371,0.464178508542371,1,"drop"
"LINC01765",1,1,1,-0.463865624664054,0.463865624664054,1,"drop"
"RCE1",1,1,1,0.463851476028903,0.463851476028903,1,"drop"
"CCDC149",1,1,1,-0.463733907535369,0.463733907535369,1,"drop"
"NDUFB5",1,1,1,-0.462265645208047,0.462265645208047,1,"drop"
"ZNF559",1,1,1,-0.461822772000031,0.461822772000031,1,"drop"
"RNASEH2C",1,1,1,-0.459694857645308,0.459694857645308,0.253514121101173,"drop"
"PON2",1,1,1,-0.458455977520717,0.458455977520717,1,"drop"
"APOLD1",1,1,1,0.458179823680308,0.458179823680308,1,"drop"
"DHRS11",1,1,1,-0.458103500337558,0.458103500337558,1,"drop"
"CACNA2D3",1,1,1,-0.457972194037279,0.457972194037279,0.854939160965204,"drop"
"RNF185",1,1,1,0.457660416547146,0.457660416547146,1,"drop"
"SLFN12L",1,1,1,-0.456768459810835,0.456768459810835,1,"drop"
"CEP152",1,1,1,-0.45580803459158,0.45580803459158,1,"drop"
"DNAJC12",1,1,1,0.455224857883168,0.455224857883168,1,"drop"
"S1PR3",1,1,1,0.454664779778065,0.454664779778065,1,"drop"
"TMOD2",1,1,1,-0.454077640404269,0.454077640404269,1,"drop"
"IKBKE",1,1,1,-0.4539226637141,0.4539226637141,1,"drop"
"TCTEX1D1",1,1,1,0.453850813653139,0.453850813653139,1,"drop"
"ZFP1",1,1,1,0.453812519278504,0.453812519278504,1,"drop"
"TCEA3",1,1,1,0.453307319568947,0.453307319568947,1,"drop"
"ZNF438",1,1,1,-0.452697399759856,0.452697399759856,1,"drop"
"AC002310.1",1,1,1,-0.452148470993235,0.452148470993235,1,"drop"
"FAM227B",1,1,1,-0.451210417585188,0.451210417585188,1,"drop"
"FGGY",1,1,1,-0.450751819465403,0.450751819465403,1,"drop"
"PEBP1",1,1,1,0.450654158231481,0.450654158231481,1,"drop"
"UCHL1",1,1,1,-0.448974113151154,0.448974113151154,1,"drop"
"KLHL23",1,1,1,0.447479756438863,0.447479756438863,1,"drop"
"DTNA",1,1,1,0.447216099511833,0.447216099511833,1,"drop"
"CPNE5",1,1,1,-0.446913560307051,0.446913560307051,1,"drop"
"TTI1",1,1,1,0.446117416626315,0.446117416626315,1,"drop"
"FADS2",1,1,1,-0.444267783322306,0.444267783322306,1,"drop"
"FBN2",1,1,1,-0.443603007103862,0.443603007103862,1,"drop"
"MYO5C",1,1,1,-0.44344818248596,0.44344818248596,1,"drop"
"UBTD2",1,1,1,-0.442139342294115,0.442139342294115,1,"drop"
"CNFN",1,1,1,-0.441995250399772,0.441995250399772,1,"drop"
"MXRA7",1,1,1,0.441254980390763,0.441254980390763,1,"drop"
"CACNA1C-AS2",1,1,1,-0.441221776468181,0.441221776468181,1,"drop"
"TICAM2",1,1,1,-0.441000157867302,0.441000157867302,1,"drop"
"TLR9",1,1,1,-0.439768137871237,0.439768137871237,1,"drop"
"ITGA9-AS1",1,1,1,-0.439420683423218,0.439420683423218,1,"drop"
"TCL6",1,1,1,-0.438799250351664,0.438799250351664,1,"drop"
"ATG4C",1,1,1,-0.438113834078917,0.438113834078917,0.555650248098625,"drop"
"PNOC",1,1,1,-0.437133331749366,0.437133331749366,1,"drop"
"MORF4L1",1,1,1,-0.436827321225401,0.436827321225401,1,"drop"
"CCDC122",1,1,1,0.436225459623753,0.436225459623753,1,"drop"
"UBR5-AS1",1,1,1,0.436146357756626,0.436146357756626,1,"drop"
"AL009179.2",1,1,1,0.435061219391904,0.435061219391904,1,"drop"
"AP002381.2",1,1,1,-0.433744546393465,0.433744546393465,1,"drop"
"RRAGB",1,1,1,0.43350950983374,0.43350950983374,1,"drop"
"ALDH18A1",1,1,1,0.432873679223872,0.432873679223872,1,"drop"
"BCKDK",1,1,1,-0.432363364809906,0.432363364809906,1,"drop"
"SLC4A2",1,1,1,0.43229275122313,0.43229275122313,1,"drop"
"AL353147.1",1,1,1,0.432220729313154,0.432220729313154,1,"drop"
"LINC02432",1,1,1,0.431406293961966,0.431406293961966,1,"drop"
"THAP2",1,1,1,-0.430233625648594,0.430233625648594,1,"drop"
"TYW1",1,1,1,-0.430055197710009,0.430055197710009,1,"drop"
"SCYL2",1,1,1,0.428456235027413,0.428456235027413,1,"drop"
"INPP5A",1,1,1,0.428350423876332,0.428350423876332,1,"drop"
"ZNF528",1,1,1,0.428075284543871,0.428075284543871,1,"drop"
"FKBP7",1,1,1,-0.427553308063482,0.427553308063482,1,"drop"
"BTBD3",1,1,1,0.427096473615411,0.427096473615411,1,"drop"
"MIS18A",1,1,1,0.426322825164913,0.426322825164913,1,"drop"
"NAIF1",1,1,1,0.426232766838874,0.426232766838874,1,"drop"
"MIAT",1,1,1,0.425339928389823,0.425339928389823,1,"drop"
"AL133338.1",1,1,1,-0.424442501929647,0.424442501929647,1,"drop"
"CD1D",1,1,1,-0.424269453263878,0.424269453263878,0.0613599071631727,"drop"
"AC004540.1",1,1,1,-0.424057065031652,0.424057065031652,1,"drop"
"STK38L",1,1,1,-0.422716277604459,0.422716277604459,0.0393477556867775,"drop"
"CENPU",1,1,1,0.422097370895862,0.422097370895862,1,"drop"
"DCAKD",1,1,1,-0.418835454504529,0.418835454504529,1,"drop"
"SNRPD2",1,1,1,0.41744447649042,0.41744447649042,1,"drop"
"IGLC3",1,1,1,-0.417132930978429,0.417132930978429,1,"drop"
"AL022311.1",1,1,1,-0.417130133375022,0.417130133375022,1,"drop"
"USF1",1,1,1,-0.417035177104733,0.417035177104733,1,"drop"
"ZBED5-AS1",1,1,1,0.416590804189084,0.416590804189084,1,"drop"
"CLCC1",1,1,1,-0.415009553926151,0.415009553926151,1,"drop"
"ZNF251",1,1,1,-0.413174518132173,0.413174518132173,1,"drop"
"AXL",1,1,1,-0.41304992249608,0.41304992249608,1,"drop"
"AL022162.1",1,1,1,-0.411631784580445,0.411631784580445,1,"drop"
"NOTCH2NLA",1,1,1,-0.410864424744071,0.410864424744071,1,"drop"
"ZNF48",1,1,1,0.410505729444539,0.410505729444539,1,"drop"
"TMEM121",1,1,1,0.410130236108228,0.410130236108228,1,"drop"
"OGFOD2",1,1,1,-0.409602933006898,0.409602933006898,1,"drop"
"WDR47",1,1,1,0.40905107321133,0.40905107321133,1,"drop"
"NUDT18",1,1,1,-0.408123256477475,0.408123256477475,1,"drop"
"VEZT",1,1,1,-0.408019296169926,0.408019296169926,1,"drop"
"LINC02482",1,1,1,0.406897664568703,0.406897664568703,1,"drop"
"ABAT",1,1,1,-0.406658362719153,0.406658362719153,1,"drop"
"SLC7A11",1,1,1,0.406336508017836,0.406336508017836,1,"drop"
"JRK",1,1,1,0.404876871087408,0.404876871087408,1,"drop"
"LINC01226",1,1,1,-0.403742807781992,0.403742807781992,1,"drop"
"TMEM220",1,1,1,-0.402385889588847,0.402385889588847,1,"drop"
"CYP2S1",1,1,1,0.402027608633428,0.402027608633428,1,"drop"
"REEP4",1,1,1,-0.401526383860073,0.401526383860073,1,"drop"
"FCRL2",1,1,1,-0.400467373024768,0.400467373024768,1,"drop"
"MFGE8",1,1,1,-0.398800896852149,0.398800896852149,1,"drop"
"FCGR1A",1,1,1,-0.398144200889667,0.398144200889667,1,"drop"
"RBP7",1,1,1,-0.398053409097619,0.398053409097619,1,"drop"
"SFT2D3",1,1,1,-0.396447307300283,0.396447307300283,1,"drop"
"NELL2",1,1,1,0.395737841227209,0.395737841227209,1,"drop"
"LINC00863",1,1,1,-0.395623208037746,0.395623208037746,1,"drop"
"AC136475.5",1,1,1,-0.395238598008659,0.395238598008659,1,"drop"
"AC099568.2",1,1,1,-0.394887788209162,0.394887788209162,1,"drop"
"SEZ6L",1,1,1,0.39444276031536,0.39444276031536,1,"drop"
"ZNF790-AS1",1,1,1,-0.394249827906844,0.394249827906844,1,"drop"
"LRPPRC",1,1,1,-0.393934678577844,0.393934678577844,1,"drop"
"SLC38A9",1,1,1,0.3937522032251,0.3937522032251,1,"drop"
"C2orf68",1,1,1,0.393604893767553,0.393604893767553,1,"drop"
"LINC00847",1,1,1,0.393044059887758,0.393044059887758,1,"drop"
"CABLES1",1,1,1,-0.392665721930002,0.392665721930002,1,"drop"
"CYTL1",1,1,1,-0.392421341960687,0.392421341960687,1,"drop"
"MAGOH",1,1,1,0.392229052077809,0.392229052077809,1,"drop"
"AL590226.1",1,1,1,-0.390634873428381,0.390634873428381,1,"drop"
"LILRA5",1,1,1,0.390580179299602,0.390580179299602,1,"drop"
"ZCCHC24",1,1,1,-0.389856343726454,0.389856343726454,1,"drop"
"OGG1",1,1,1,-0.389316897348612,0.389316897348612,1,"drop"
"FAM222B",1,1,1,-0.389247899867268,0.389247899867268,1,"drop"
"GLT8D1",1,1,1,-0.389188165079127,0.389188165079127,1,"drop"
"RNF157",1,1,1,-0.388281878481915,0.388281878481915,1,"drop"
"CCR3",1,1,1,0.388157135187525,0.388157135187525,1,"drop"
"COX16",1,1,1,0.387818449211881,0.387818449211881,1,"drop"
"TOR1B",1,1,1,-0.387559788395501,0.387559788395501,1,"drop"
"LINC00630",1,1,1,-0.387414937917038,0.387414937917038,1,"drop"
"HTR1F",1,1,1,0.387263288400322,0.387263288400322,1,"drop"
"ZFP30",1,1,1,-0.383639021715358,0.383639021715358,1,"drop"
"FHL1",1,1,1,-0.383582510592956,0.383582510592956,1,"drop"
"PHC1",1,1,1,0.383248507810843,0.383248507810843,1,"drop"
"CHID1",1,1,1,0.382089371279074,0.382089371279074,1,"drop"
"EEF1D",1,1,1,0.382064826741069,0.382064826741069,1,"drop"
"STK32B",1,1,1,-0.379055108211037,0.379055108211037,1,"drop"
"AC016876.1",1,1,1,-0.37901701076302,0.37901701076302,1,"drop"
"ALS2",1,1,1,-0.378826625431936,0.378826625431936,1,"drop"
"SH3RF1",1,1,1,-0.377882970854043,0.377882970854043,1,"drop"
"PLCD1",1,1,1,-0.377345717071594,0.377345717071594,1,"drop"
"GUCY1A1",1,1,1,0.377334794444748,0.377334794444748,1,"drop"
"ANKRD46",1,1,1,-0.376235428982654,0.376235428982654,1,"drop"
"KLF11",1,1,1,0.374857284446553,0.374857284446553,1,"drop"
"CRADD",1,1,1,-0.374255255770171,0.374255255770171,1,"drop"
"SGMS1-AS1",1,1,1,0.373768768592325,0.373768768592325,1,"drop"
"SMARCD3",1,1,1,-0.373240235520437,0.373240235520437,1,"drop"
"CASC15",1,1,1,-0.373072906890501,0.373072906890501,1,"drop"
"FBLN2",1,1,1,-0.370990043603422,0.370990043603422,1,"drop"
"PCSK1N",1,1,1,0.370358526472219,0.370358526472219,1,"drop"
"SHLD1",1,1,1,0.369784138250987,0.369784138250987,1,"drop"
"DSTYK",1,1,1,0.368757643706781,0.368757643706781,1,"drop"
"PPFIBP1",1,1,1,0.368517912773886,0.368517912773886,1,"drop"
"EPHA1-AS1",1,1,1,0.368134012294883,0.368134012294883,1,"drop"
"AL117379.1",1,1,1,0.368078327608883,0.368078327608883,1,"drop"
"NAPEPLD",1,1,1,-0.367626421381821,0.367626421381821,1,"drop"
"GPN2",1,1,1,-0.365309525377927,0.365309525377927,1,"drop"
"NCALD",1,1,1,0.36522378095867,0.36522378095867,1,"drop"
"TMEM147-AS1",1,1,1,-0.364820188906592,0.364820188906592,1,"drop"
"LINC02458",1,1,1,0.364022199390499,0.364022199390499,1,"drop"
"NIF3L1",1,1,1,-0.362795251578637,0.362795251578637,1,"drop"
"AC096733.2",1,1,1,-0.362160450975395,0.362160450975395,1,"drop"
"PIR",1,1,1,-0.361803488588262,0.361803488588262,1,"drop"
"PEX7",1,1,1,-0.361643639695719,0.361643639695719,1,"drop"
"SLC35E4",1,1,1,-0.361021591274704,0.361021591274704,1,"drop"
"C8orf88",1,1,1,-0.35882903638523,0.35882903638523,1,"drop"
"BOLA3",1,1,1,0.358697808294325,0.358697808294325,1,"drop"
"MED9",1,1,1,0.358494314446765,0.358494314446765,1,"drop"
"YJU2",1,1,1,-0.358474480656256,0.358474480656256,1,"drop"
"ZFAT",1,1,1,-0.358396336047438,0.358396336047438,1,"drop"
"LINC00526",1,1,1,-0.358071186476362,0.358071186476362,1,"drop"
"TMEM246",1,1,1,-0.357433778703057,0.357433778703057,1,"drop"
"TCEAL1",1,1,1,-0.357026784437472,0.357026784437472,1,"drop"
"GID4",1,1,1,-0.356963517350033,0.356963517350033,1,"drop"
"SIGLEC9",1,1,1,-0.356568142710654,0.356568142710654,1,"drop"
"ENTPD6",1,1,1,-0.356257653090648,0.356257653090648,1,"drop"
"SPATA5L1",1,1,1,0.355975873475276,0.355975873475276,1,"drop"
"UBALD1",1,1,1,0.35513705110048,0.35513705110048,1,"drop"
"ENOSF1",1,1,1,0.354701294726682,0.354701294726682,1,"drop"
"MS4A1",1,1,1,-0.354446232118649,0.354446232118649,0.000000000775903940334898,"drop"
"SETBP1",1,1,1,0.354404771603196,0.354404771603196,1,"drop"
"APEX2",1,1,1,0.354196471270174,0.354196471270174,1,"drop"
"FAM229B",1,1,1,0.352555728364865,0.352555728364865,1,"drop"
"NUP93",1,1,1,0.351739920284361,0.351739920284361,1,"drop"
"CXCL1",1,1,1,0.35146378455055,0.35146378455055,1,"drop"
"BTLA",1,1,1,0.351316490374363,0.351316490374363,1,"drop"
"ZKSCAN2-DT",1,1,1,-0.351071706104032,0.351071706104032,1,"drop"
"CD22",1,1,1,0.350982519857696,0.350982519857696,1,"drop"
"GRWD1",1,1,1,-0.350969743424797,0.350969743424797,1,"drop"
"TM6SF1",1,1,1,-0.350770298505944,0.350770298505944,1,"drop"
"RIN2",1,1,1,-0.349264107554201,0.349264107554201,1,"drop"
"NUDT11",1,1,1,0.349262431838251,0.349262431838251,1,"drop"
"HAL",1,1,1,-0.349095194244166,0.349095194244166,1,"drop"
"SIGLEC6",1,1,1,-0.348589525387698,0.348589525387698,1,"drop"
"RPL15",1,1,1,0.348562275599692,0.348562275599692,1,"drop"
"NOD1",1,1,1,-0.347704307985923,0.347704307985923,1,"drop"
"SLC10A3",1,1,1,0.347377014720728,0.347377014720728,1,"drop"
"UBASH3B",1,1,1,-0.346713552452097,0.346713552452097,1,"drop"
"HNMT",1,1,1,0.3457628051412,0.3457628051412,1,"drop"
"ALKBH6",1,1,1,0.345142431703358,0.345142431703358,1,"drop"
"PRR11",1,1,1,-0.345075616027196,0.345075616027196,1,"drop"
"GRK5",1,1,1,0.344971926052071,0.344971926052071,1,"drop"
"PLA2G7",1,1,1,-0.344934842317313,0.344934842317313,1,"drop"
"GYS1",1,1,1,-0.343275197756808,0.343275197756808,1,"drop"
"QDPR",1,1,1,-0.342719748447577,0.342719748447577,1,"drop"
"CLIP2",1,1,1,-0.34230471977004,0.34230471977004,1,"drop"
"ZNF687",1,1,1,-0.34092742764475,0.34092742764475,1,"drop"
"AL691432.2",1,1,1,-0.339842883646447,0.339842883646447,1,"drop"
"EPGN",1,1,1,-0.339605477820265,0.339605477820265,1,"drop"
"BCL7C",1,1,1,-0.339571828161486,0.339571828161486,1,"drop"
"CRIP3",1,1,1,-0.339307282556703,0.339307282556703,1,"drop"
"ZMYND19",1,1,1,0.338624096392698,0.338624096392698,1,"drop"
"HNRNPD",1,1,1,-0.338604366311835,0.338604366311835,1,"drop"
"PTPN9",1,1,1,0.338443967431856,0.338443967431856,1,"drop"
"SLC41A2",1,1,1,0.338017837670725,0.338017837670725,1,"drop"
"BORCS7",1,1,1,-0.337964164275826,0.337964164275826,1,"drop"
"HECTD3",1,1,1,0.33789739230443,0.33789739230443,1,"drop"
"TEFM",1,1,1,0.337859343157033,0.337859343157033,1,"drop"
"OAF",1,1,1,0.337832361675741,0.337832361675741,1,"drop"
"SIDT1",1,1,1,-0.336804956358161,0.336804956358161,1,"drop"
"PARD6A",1,1,1,-0.335916075018166,0.335916075018166,1,"drop"
"SEL1L3",1,1,1,0.334620369624021,0.334620369624021,1,"drop"
"PFAS",1,1,1,-0.333620563060409,0.333620563060409,1,"drop"
"HNRNPC",1,1,1,0.333319695435103,0.333319695435103,0.156728140805834,"drop"
"SLC25A43",1,1,1,-0.333119316528854,0.333119316528854,1,"drop"
"KLF1",1,1,1,-0.333073864683883,0.333073864683883,1,"drop"
"DISC1",1,1,1,-0.332569270509312,0.332569270509312,1,"drop"
"TAOK2",1,1,1,-0.332516125884935,0.332516125884935,1,"drop"
"TYSND1",1,1,1,-0.33235059074054,0.33235059074054,1,"drop"
"AC011462.5",1,1,1,-0.33189581638518,0.33189581638518,1,"drop"
"AC097375.1",1,1,1,0.331436897863554,0.331436897863554,1,"drop"
"ELMO2",1,1,1,-0.331286791342503,0.331286791342503,1,"drop"
"TASP1",1,1,1,-0.331056715553801,0.331056715553801,1,"drop"
"MT-ND4",1,1,1,-0.330910318850338,0.330910318850338,0.0172418436761118,"drop"
"TMEM135",1,1,1,0.330171236749468,0.330171236749468,1,"drop"
"UBA6",1,1,1,0.328634014396326,0.328634014396326,1,"drop"
"CYBB",1,1,1,-0.328545593836799,0.328545593836799,0.0398803869791239,"drop"
"ENPP3",1,1,1,0.328467833766698,0.328467833766698,1,"drop"
"TNRC6C-AS1",1,1,1,-0.327502826363329,0.327502826363329,1,"drop"
"TMEM191B",1,1,1,0.327277021407929,0.327277021407929,1,"drop"
"ANKRD55",1,1,1,-0.327012774137845,0.327012774137845,1,"drop"
"ZCWPW1",1,1,1,0.326547429972295,0.326547429972295,1,"drop"
"TBC1D9B",1,1,1,-0.325801096235856,0.325801096235856,1,"drop"
"TNNT3",1,1,1,-0.324960126722464,0.324960126722464,1,"drop"
"DEDD",1,1,1,-0.324286118929843,0.324286118929843,1,"drop"
"ZNF711",1,1,1,-0.323411361664931,0.323411361664931,1,"drop"
"TOMM20",1,1,1,-0.323281677495757,0.323281677495757,1,"drop"
"N4BP2L2",1,1,1,0.322536739092491,0.322536739092491,1,"drop"
"GPR35",1,1,1,-0.322180168775785,0.322180168775785,1,"drop"
"LINC02397",1,1,1,-0.321730769493079,0.321730769493079,1,"drop"
"PRR3",1,1,1,-0.320911826210896,0.320911826210896,1,"drop"
"GAS6",1,1,1,0.320828476704903,0.320828476704903,1,"drop"
"CLIC3",1,1,1,-0.320438128184134,0.320438128184134,1,"drop"
"ST6GALNAC4",1,1,1,0.319524338480282,0.319524338480282,1,"drop"
"HYMAI",1,1,1,0.318443813069073,0.318443813069073,1,"drop"
"ARPC3",1,1,1,-0.316542146432691,0.316542146432691,1,"drop"
"KIT",1,1,1,-0.316096494493253,0.316096494493253,1,"drop"
"ACSL6",1,1,1,-0.315635321027914,0.315635321027914,1,"drop"
"MPPED2",1,1,1,0.315374938123227,0.315374938123227,1,"drop"
"COX4I1",1,1,1,-0.315027400608094,0.315027400608094,1,"drop"
"P3H2",1,1,1,-0.314897000983361,0.314897000983361,1,"drop"
"CAMK4",1,1,1,-0.314763655505265,0.314763655505265,1,"drop"
"PRELID2",1,1,1,-0.314496190164363,0.314496190164363,1,"drop"
"H3F3A",1,1,1,0.314033153352476,0.314033153352476,1,"drop"
"DET1",1,1,1,-0.313548420933117,0.313548420933117,1,"drop"
"CHCHD2",1,1,1,0.313433924373518,0.313433924373518,1,"drop"
"PJA1",1,1,1,-0.313276421810748,0.313276421810748,1,"drop"
"SPIN2B",1,1,1,-0.312680715418857,0.312680715418857,1,"drop"
"USP13",1,1,1,0.312202144284159,0.312202144284159,1,"drop"
"HIST1H2AG",1,1,1,0.310853739215438,0.310853739215438,1,"drop"
"CARNMT1",1,1,1,-0.310601768666795,0.310601768666795,1,"drop"
"C5orf51",1,1,1,-0.310573065487282,0.310573065487282,1,"drop"
"LRRC26",1,1,1,0.310556072608346,0.310556072608346,1,"drop"
"PNISR",1,1,1,0.310292245753996,0.310292245753996,0.119234936850202,"drop"
"LGALS2",1,1,1,-0.309988608430088,0.309988608430088,1,"drop"
"EMID1",1,1,1,-0.309936979361247,0.309936979361247,1,"drop"
"SLC25A44",1,1,1,-0.309833574574662,0.309833574574662,1,"drop"
"AC005224.2",1,1,1,0.309780415009452,0.309780415009452,1,"drop"
"RPL36AL",1,1,1,-0.309687552262415,0.309687552262415,1,"drop"
"GRIP1",1,1,1,0.309397637883345,0.309397637883345,1,"drop"
"EPHA2",1,1,1,-0.309090973292411,0.309090973292411,1,"drop"
"RGS3",1,1,1,-0.308989500910397,0.308989500910397,1,"drop"
"ZNF383",1,1,1,0.308037875861788,0.308037875861788,1,"drop"
"MDP1",1,1,1,-0.307238269279819,0.307238269279819,1,"drop"
"NDUFAF8",1,1,1,-0.306782838678582,0.306782838678582,1,"drop"
"AKTIP",1,1,1,-0.306669766199025,0.306669766199025,1,"drop"
"MICOS13",1,1,1,0.306431317033161,0.306431317033161,1,"drop"
"ZNF704",1,1,1,-0.306383933466179,0.306383933466179,1,"drop"
"FAM118B",1,1,1,-0.305580526003499,0.305580526003499,1,"drop"
"LRRC41",1,1,1,-0.305214367157137,0.305214367157137,1,"drop"
"HPS6",1,1,1,-0.304828512040372,0.304828512040372,1,"drop"
"MYO19",1,1,1,-0.304715155548098,0.304715155548098,1,"drop"
"SF1",1,1,1,0.304257268710689,0.304257268710689,0.0382643876759474,"drop"
"PGAM5",1,1,1,0.304002154563171,0.304002154563171,1,"drop"
"ATP6V1E2",1,1,1,0.303844638774173,0.303844638774173,1,"drop"
"UPK3A",1,1,1,0.303103600833453,0.303103600833453,1,"drop"
"HYAL3",1,1,1,0.302719585865709,0.302719585865709,1,"drop"
"RHOBTB3",1,1,1,-0.302706676477176,0.302706676477176,1,"drop"
"PXMP2",1,1,1,-0.302656003467848,0.302656003467848,1,"drop"
"MED22",1,1,1,-0.302602104787161,0.302602104787161,1,"drop"
"INPP1",1,1,1,-0.302513779893509,0.302513779893509,1,"drop"
"REC8",1,1,1,0.302278771316409,0.302278771316409,1,"drop"
"DHRSX",1,1,1,-0.301987383577607,0.301987383577607,1,"drop"
"AP000766.1",1,1,1,-0.301476164789921,0.301476164789921,1,"drop"
"SNCA",1,1,1,0.301163682952896,0.301163682952896,1,"drop"
"NAGA",1,1,1,-0.301124727110053,0.301124727110053,1,"drop"
"CTBP1-DT",1,1,1,0.300673653222241,0.300673653222241,1,"drop"
"LIN54",1,1,1,-0.300525728976512,0.300525728976512,1,"drop"
"CPXM1",1,1,1,-0.300069847783002,0.300069847783002,1,"drop"
"LINC00899",1,1,1,-0.299754211899636,0.299754211899636,1,"drop"
"NME3",1,1,1,-0.299683995384341,0.299683995384341,1,"drop"
"AL391832.2",1,1,1,-0.299634031841034,0.299634031841034,1,"drop"
"PTGER3",1,1,1,0.298437087452086,0.298437087452086,1,"drop"
"ABHD6",1,1,1,-0.298063247605277,0.298063247605277,1,"drop"
"ARSG",1,1,1,-0.297628315045513,0.297628315045513,1,"drop"
"LRP8",1,1,1,-0.296246467549734,0.296246467549734,1,"drop"
"IQSEC2",1,1,1,-0.296091402690829,0.296091402690829,1,"drop"
"AC009093.2",1,1,1,-0.295960716321322,0.295960716321322,1,"drop"
"CD24",1,1,1,-0.295821450538486,0.295821450538486,1,"drop"
"GEMIN8",1,1,1,0.29569664063634,0.29569664063634,1,"drop"
"SOX12",1,1,1,-0.295678567818118,0.295678567818118,1,"drop"
"PDZD4",1,1,1,-0.295506252208504,0.295506252208504,1,"drop"
"STAT3",1,1,1,0.295443448979628,0.295443448979628,1,"drop"
"SH3BGRL3",1,1,1,-0.295428303037389,0.295428303037389,1,"drop"
"CHN2",1,1,1,-0.295124379009905,0.295124379009905,1,"drop"
"RCC1L",1,1,1,-0.294862141054739,0.294862141054739,1,"drop"
"LINC00339",1,1,1,0.294239233008654,0.294239233008654,1,"drop"
"PARP2",1,1,1,0.293219169936456,0.293219169936456,1,"drop"
"CAMK2N1",1,1,1,-0.291994515536054,0.291994515536054,1,"drop"
"VIPR1",1,1,1,0.291908870537906,0.291908870537906,1,"drop"
"ZNF398",1,1,1,-0.291687787367166,0.291687787367166,1,"drop"
"TIGAR",1,1,1,0.290401868743446,0.290401868743446,1,"drop"
"EPM2A",1,1,1,-0.290177211470571,0.290177211470571,1,"drop"
"ADGRD1",1,1,1,-0.289319394298616,0.289319394298616,1,"drop"
"TCTE3",1,1,1,0.289065357467074,0.289065357467074,1,"drop"
"ASIP",1,1,1,-0.28832419022386,0.28832419022386,1,"drop"
"XRCC6",1,1,1,-0.287416907852491,0.287416907852491,1,"drop"
"MYBL2",1,1,1,-0.287106777785445,0.287106777785445,1,"drop"
"PHLDB3",1,1,1,-0.287032151724744,0.287032151724744,1,"drop"
"ELOA-AS1",1,1,1,-0.287024174255412,0.287024174255412,1,"drop"
"GPSM3",1,1,1,-0.286807095342432,0.286807095342432,1,"drop"
"SERP1",1,1,1,0.286436305929035,0.286436305929035,1,"drop"
"PHLPP1",1,1,1,-0.28617385714902,0.28617385714902,1,"drop"
"PRR13",1,1,1,0.285973253299151,0.285973253299151,1,"drop"
"HNRNPH1",1,1,1,0.285971140571289,0.285971140571289,1,"drop"
"IL18BP",1,1,1,0.28464315093883,0.28464315093883,1,"drop"
"FUZ",1,1,1,-0.284307424287227,0.284307424287227,1,"drop"
"TTI2",1,1,1,0.284279154007559,0.284279154007559,1,"drop"
"TFPI",1,1,1,-0.283840138130035,0.283840138130035,1,"drop"
"SYCP2L",1,1,1,-0.283818379701458,0.283818379701458,1,"drop"
"SETD7",1,1,1,0.283770331258105,0.283770331258105,1,"drop"
"EEF1G",1,1,1,0.283708651833922,0.283708651833922,1,"drop"
"PNMA1",1,1,1,0.283367307953412,0.283367307953412,1,"drop"
"SCN9A",1,1,1,-0.283060220216593,0.283060220216593,1,"drop"
"ZNF555",1,1,1,0.282461818293319,0.282461818293319,1,"drop"
"PIGG",1,1,1,0.281461575430361,0.281461575430361,1,"drop"
"CENPH",1,1,1,0.280546961564443,0.280546961564443,1,"drop"
"PPRC1",1,1,1,-0.280046178408242,0.280046178408242,1,"drop"
"KLF5",1,1,1,-0.280039282935054,0.280039282935054,1,"drop"
"PHEX",1,1,1,0.279415494596319,0.279415494596319,1,"drop"
"RAB34",1,1,1,0.279393487235739,0.279393487235739,1,"drop"
"LOX",1,1,1,0.278532616730718,0.278532616730718,1,"drop"
"NT5DC2",1,1,1,-0.278141316983384,0.278141316983384,1,"drop"
"ZNF662",1,1,1,-0.277572586552243,0.277572586552243,1,"drop"
"OBSL1",1,1,1,-0.277188180438625,0.277188180438625,1,"drop"
"HMGN3",1,1,1,-0.276857166988987,0.276857166988987,1,"drop"
"TRAF3IP2",1,1,1,-0.276624507227856,0.276624507227856,1,"drop"
"METTL9",1,1,1,-0.276436481887611,0.276436481887611,1,"drop"
"NEK4",1,1,1,-0.276235598529765,0.276235598529765,1,"drop"
"SLC4A10",1,1,1,-0.27595620829697,0.27595620829697,1,"drop"
"ZNF219",1,1,1,0.275300277420456,0.275300277420456,1,"drop"
"LRRC59",1,1,1,-0.275248339361605,0.275248339361605,1,"drop"
"FN3KRP",1,1,1,-0.274947349086923,0.274947349086923,1,"drop"
"LRRC27",1,1,1,0.274857708124802,0.274857708124802,1,"drop"
"C11orf71",1,1,1,-0.274718471624724,0.274718471624724,1,"drop"
"ARAF",1,1,1,-0.274696980141183,0.274696980141183,1,"drop"
"ISOC1",1,1,1,-0.274644539671484,0.274644539671484,1,"drop"
"CDC23",1,1,1,0.274586369390371,0.274586369390371,1,"drop"
"SRSF3",1,1,1,0.274446710926752,0.274446710926752,1,"drop"
"AC015982.2",1,1,1,-0.274118010648379,0.274118010648379,1,"drop"
"EXT2",1,1,1,-0.274026248198446,0.274026248198446,1,"drop"
"LINC01480",1,1,1,-0.273937758996716,0.273937758996716,1,"drop"
"UTF1",1,1,1,-0.27291934375204,0.27291934375204,1,"drop"
"ADPRH",1,1,1,-0.272094356886028,0.272094356886028,1,"drop"
"EDF1",1,1,1,-0.271449413749004,0.271449413749004,1,"drop"
"NMUR1",1,1,1,-0.271296619855145,0.271296619855145,1,"drop"
"MT-CO2",1,1,1,-0.270807248213839,0.270807248213839,0.0026264832373174,"drop"
"GNGT2",1,1,1,-0.270503420061313,0.270503420061313,1,"drop"
"PTMA",1,1,1,0.270381423717006,0.270381423717006,0.00000000000291115332153677,"drop"
"TMEM170B",1,1,1,-0.270253577183453,0.270253577183453,1,"drop"
"MCCC1",1,1,1,-0.269499818329904,0.269499818329904,1,"drop"
"RNF144A",1,1,1,0.269131412379931,0.269131412379931,1,"drop"
"TRABD2A",1,1,1,-0.268624053847735,0.268624053847735,1,"drop"
"ADAT2",1,1,1,0.26855720771227,0.26855720771227,1,"drop"
"CLEC10A",1,1,1,-0.268306898364662,0.268306898364662,1,"drop"
"LINC01684",1,1,1,-0.268201226752271,0.268201226752271,1,"drop"
"SUOX",1,1,1,-0.267307197594842,0.267307197594842,1,"drop"
"FAU",1,1,1,0.267170484271023,0.267170484271023,1,"drop"
"NAXD",1,1,1,-0.26716108215609,0.26716108215609,1,"drop"
"ARPC2",1,1,1,0.26675726080389,0.26675726080389,1,"drop"
"GATA1",1,1,1,-0.266600090848556,0.266600090848556,1,"drop"
"POLR3H",1,1,1,0.266439964800326,0.266439964800326,1,"drop"
"FAM24B",1,1,1,-0.266364765277682,0.266364765277682,1,"drop"
"ZNF566",1,1,1,-0.266295401621746,0.266295401621746,1,"drop"
"ZNF749",1,1,1,-0.266283747728646,0.266283747728646,1,"drop"
"SLC30A1",1,1,1,-0.266139180974146,0.266139180974146,1,"drop"
"SIGLEC1",1,1,1,-0.26613459928443,0.26613459928443,1,"drop"
"PRKG2",1,1,1,0.265673822475303,0.265673822475303,1,"drop"
"ARHGAP31",1,1,1,-0.265393375573671,0.265393375573671,1,"drop"
"TOR2A",1,1,1,-0.265327309289971,0.265327309289971,1,"drop"
"ARIH2OS",1,1,1,0.265255461143889,0.265255461143889,1,"drop"
"HIBADH",1,1,1,-0.264625808292873,0.264625808292873,1,"drop"
"NCF2",1,1,1,-0.264562016079541,0.264562016079541,1,"drop"
"SLC39A8",1,1,1,-0.26434878400066,0.26434878400066,1,"drop"
"LEF1",1,1,1,0.263744113213827,0.263744113213827,1,"drop"
"POLI",1,1,1,-0.263716492546423,0.263716492546423,1,"drop"
"GPSM2",1,1,1,0.263650855637266,0.263650855637266,1,"drop"
"UBA6-AS1",1,1,1,-0.263503529124673,0.263503529124673,1,"drop"
"PPIA",1,1,1,-0.263457861498211,0.263457861498211,1,"drop"
"CD33",1,1,1,0.263025394007391,0.263025394007391,1,"drop"
"AC006333.2",1,1,1,-0.262652968814364,0.262652968814364,1,"drop"
"CSF1R",1,1,1,0.262340364864423,0.262340364864423,1,"drop"
"SRP72",1,1,1,0.262170011343156,0.262170011343156,1,"drop"
"TPK1",1,1,1,-0.262120717521178,0.262120717521178,1,"drop"
"ZNF189",1,1,1,0.262080922237109,0.262080922237109,1,"drop"
"CPTP",1,1,1,-0.261930634941599,0.261930634941599,1,"drop"
"PUSL1",1,1,1,-0.261710325644485,0.261710325644485,1,"drop"
"ATP5MC1",1,1,1,-0.261633996003259,0.261633996003259,1,"drop"
"ZNF512",1,1,1,-0.260954377623902,0.260954377623902,1,"drop"
"OTUD3",1,1,1,0.259435536131943,0.259435536131943,1,"drop"
"USP37",1,1,1,0.259332400744711,0.259332400744711,1,"drop"
"REG4",1,1,1,-0.258413842138804,0.258413842138804,1,"drop"
"PFDN5",1,1,1,0.258339462087048,0.258339462087048,1,"drop"
"LIMA1",1,1,1,0.257615548591359,0.257615548591359,1,"drop"
"FAM171B",1,1,1,-0.257355283691386,0.257355283691386,1,"drop"
"ABITRAM",1,1,1,-0.25687885741144,0.25687885741144,1,"drop"
"EEF1AKMT1",1,1,1,0.256409717045505,0.256409717045505,1,"drop"
"CD8A",1,1,1,-0.256101374071708,0.256101374071708,1,"drop"
"NAT14",1,1,1,-0.256056329969625,0.256056329969625,1,"drop"
"PBX1",1,1,1,0.25603421530061,0.25603421530061,1,"drop"
"NECTIN1",1,1,1,-0.255819207932568,0.255819207932568,1,"drop"
"CD96",1,1,1,-0.255296231547994,0.255296231547994,1,"drop"
"NRSN2-AS1",1,1,1,0.255276251797785,0.255276251797785,1,"drop"
"TYMS",1,1,1,0.255219808060622,0.255219808060622,1,"drop"
"CEP70",1,1,1,0.254856580006985,0.254856580006985,1,"drop"
"MLF1",1,1,1,0.25452788580007,0.25452788580007,1,"drop"
"CCDC146",1,1,1,0.254163847621012,0.254163847621012,1,"drop"
"UFM1",1,1,1,-0.253942958903927,0.253942958903927,1,"drop"
"ADAP2",1,1,1,-0.253683454864813,0.253683454864813,1,"drop"
"CAMTA2",1,1,1,0.253579954089669,0.253579954089669,1,"drop"
"SHLD2",1,1,1,0.253110501009053,0.253110501009053,1,"drop"
"AC005261.1",1,1,1,-0.252515572331197,0.252515572331197,1,"drop"
"SMPD1",1,1,1,-0.252449505624296,0.252449505624296,1,"drop"
"FKBP1B",1,1,1,-0.252262022631022,0.252262022631022,1,"drop"
"CDKAL1",1,1,1,0.25225499981658,0.25225499981658,1,"drop"
"LINC00937",1,1,1,-0.25220713483213,0.25220713483213,1,"drop"
"SMCO4",1,1,1,-0.2521171612929,0.2521171612929,1,"drop"
"UGDH",1,1,1,-0.251938929705723,0.251938929705723,1,"drop"
"ADRB2",1,1,1,-0.251523111315363,0.251523111315363,1,"drop"
"LAG3",1,1,1,0.251503724040666,0.251503724040666,1,"drop"
"TMA7",1,1,1,0.251316836421874,0.251316836421874,1,"drop"
"ANKS1A",1,1,1,-0.251289851578325,0.251289851578325,1,"drop"
"LINC01550",1,1,1,-0.251016401224238,0.251016401224238,1,"drop"
"FBXW9",1,1,1,-0.250837061215385,0.250837061215385,1,"drop"
"MAGI2-AS3",1,1,1,0.250613500116826,0.250613500116826,1,"drop"
"SPIN4",1,1,1,-0.250301012140404,0.250301012140404,1,"drop"
"PCBP2",1,1,1,0.250243102320134,0.250243102320134,1,"drop"
"IFT74",1,1,1,-0.250061521700475,0.250061521700475,1,"drop"
