"Gene","p_val","avg_log2FC","pct.1","pct.2","p_val_adj","CellType","Comparison","Direction"
"RPS26",0.0000000000000000000000000000000000000000000000934745506931428,1.50816695706054,0.87,0.782,0.00000000000000000000000000000000000000000342126202991972,"B cells","Healthy_vs_AChR_MG","Upregulated"
"CD83",0.000000000000000000000000000152173996016762,0.979742384406787,0.665,0.445,0.00000000000000000000000556972042820951,"B cells","Healthy_vs_AChR_MG","Upregulated"
"JUND",0.00000000000000000000000000937758642634427,0.533134843188312,0.979,0.968,0.000000000000000000000343229040790627,"B cells","Healthy_vs_AChR_MG","Upregulated"
"CD79B",0.0000000000000000000000025397114852118,-0.554887970706911,0.784,0.919,0.0000000000000000000929559800702371,"B cells","Healthy_vs_AChR_MG","Downregulated"
"ACTR3",0.00000000000000000754195339001448,-0.647436578287047,0.446,0.631,0.00000000000027604303602792,"B cells","Healthy_vs_AChR_MG","Downregulated"
"ARL6IP5",0.0000000000000000104942541779669,-0.647432706729917,0.478,0.655,0.000000000000384100197167767,"B cells","Healthy_vs_AChR_MG","Downregulated"
"PSMB9",0.0000000000000026940891585274,-0.6142478648804,0.487,0.663,0.0000000000986063572912615,"B cells","Healthy_vs_AChR_MG","Downregulated"
"KIAA0040",0.0000000000000430021681043636,-0.950482146464414,0.273,0.437,0.00000000157392235478781,"B cells","Healthy_vs_AChR_MG","Downregulated"
"RAC2",0.0000000000000558159419154078,-0.541733487243951,0.553,0.714,0.00000000204291929004584,"B cells","Healthy_vs_AChR_MG","Downregulated"
"GRASP",0.000000000000169623037321035,1.67027316742188,0.184,0.071,0.0000000062083727889872,"B cells","Healthy_vs_AChR_MG","Upregulated"
"AL139020.1",0.000000000000204546454945905,-1.94066508694848,0.053,0.162,0.00000000748660479747507,"B cells","Healthy_vs_AChR_MG","Downregulated"
"MTRNR2L1",0.000000000000789162783622892,-0.984607083646768,0.136,0.28,0.0000000288841470433815,"B cells","Healthy_vs_AChR_MG","Downregulated"
"PELI1",0.00000000000109617303782087,1.02885103203535,0.367,0.224,0.0000000401210293572816,"B cells","Healthy_vs_AChR_MG","Upregulated"
"TRAF3IP3",0.0000000000026628963016362,-0.66121214113853,0.368,0.517,0.0000000974646675361864,"B cells","Healthy_vs_AChR_MG","Downregulated"
"AHSA1",0.00000000000799077411049925,-1.15822566183536,0.114,0.238,0.000000292470323218383,"B cells","Healthy_vs_AChR_MG","Downregulated"
"RNASE6",0.00000000000880944168483845,-1.0582201396968,0.164,0.3,0.000000322434375106772,"B cells","Healthy_vs_AChR_MG","Downregulated"
"STX7",0.0000000000129841201471027,-0.512155092475916,0.506,0.665,0.000000475231781504108,"B cells","Healthy_vs_AChR_MG","Downregulated"
"C1orf162",0.0000000000287161670485738,-0.835920802196215,0.232,0.381,0.00000105104043014485,"B cells","Healthy_vs_AChR_MG","Downregulated"
"LSM10",0.0000000000420479790833821,-0.67194668668803,0.31,0.458,0.00000153899808243087,"B cells","Healthy_vs_AChR_MG","Downregulated"
"CNTNAP2",0.000000000158827284479918,-1.16604266471612,0.115,0.229,0.00000581323743924948,"B cells","Healthy_vs_AChR_MG","Downregulated"
"HSPA8",0.000000000578848100178377,-0.648057022008791,0.355,0.498,0.0000211864193146288,"B cells","Healthy_vs_AChR_MG","Downregulated"
"PRDX1",0.000000000853494852429443,-0.631611788242707,0.29,0.422,0.00003123876509377,"B cells","Healthy_vs_AChR_MG","Downregulated"
"ARHGAP24",0.00000000123440716471406,0.939633194307666,0.307,0.189,0.0000451805366356993,"B cells","Healthy_vs_AChR_MG","Upregulated"
"GAPT",0.0000000016543484482555,-0.642650625301499,0.271,0.41,0.0000605508075545997,"B cells","Healthy_vs_AChR_MG","Downregulated"
"HNRNPF",0.00000000167150458748966,-0.626719751229605,0.316,0.447,0.0000611787394067089,"B cells","Healthy_vs_AChR_MG","Downregulated"
"SPIB",0.00000000193405777334878,-0.607919910482961,0.29,0.427,0.0000707884485623387,"B cells","Healthy_vs_AChR_MG","Downregulated"
"NASP",0.00000000195856523412515,-0.664923795386473,0.255,0.392,0.0000716854461342147,"B cells","Healthy_vs_AChR_MG","Downregulated"
"DYNLL1",0.00000000251511052778236,-0.801108234741044,0.236,0.361,0.0000920555604273621,"B cells","Healthy_vs_AChR_MG","Downregulated"
"LYSMD2",0.00000000310113595958944,-0.775310307035328,0.145,0.261,0.000113504677256933,"B cells","Healthy_vs_AChR_MG","Downregulated"
"PLEKHF2",0.00000000330395403872861,-0.533579421346458,0.363,0.501,0.000120928021771506,"B cells","Healthy_vs_AChR_MG","Downregulated"
"SNX9",0.00000000579685055356879,1.03809270909189,0.277,0.167,0.000212170527111171,"B cells","Healthy_vs_AChR_MG","Upregulated"
"LAT2",0.00000000595867732533181,-0.61308774153367,0.204,0.33,0.000218093548784469,"B cells","Healthy_vs_AChR_MG","Downregulated"
"S1PR4",0.00000000741404816831095,-0.825313321382163,0.214,0.33,0.000271361577008349,"B cells","Healthy_vs_AChR_MG","Downregulated"
"PLEKHO1",0.00000000810397973299543,-0.509481121030572,0.333,0.464,0.000296613762207366,"B cells","Healthy_vs_AChR_MG","Downregulated"
"PSMB10",0.00000000861852058181113,-0.596037312024635,0.341,0.469,0.000315446471814869,"B cells","Healthy_vs_AChR_MG","Downregulated"
"GLRX",0.000000012740567182259,-1.03340530285004,0.119,0.219,0.000466317499437861,"B cells","Healthy_vs_AChR_MG","Downregulated"
"PPP4C",0.0000000177576158247134,-0.746934881317251,0.193,0.307,0.000649946496800336,"B cells","Healthy_vs_AChR_MG","Downregulated"
"APOBEC3G",0.0000000471307581223224,-0.742502683672029,0.171,0.28,0.00172503287803512,"B cells","Healthy_vs_AChR_MG","Downregulated"
"APBB1IP",0.0000000489240690159646,-0.680540801885448,0.263,0.379,0.00179066985005332,"B cells","Healthy_vs_AChR_MG","Downregulated"
"RSBN1L",0.00000009094234349783,-0.543465170602416,0.244,0.364,0.00332858071436408,"B cells","Healthy_vs_AChR_MG","Downregulated"
"CSK",0.000000106723574297764,-0.500286523685174,0.324,0.446,0.00390618954287245,"B cells","Healthy_vs_AChR_MG","Downregulated"
"LMAN2",0.000000135218167722383,-0.73726899551964,0.187,0.293,0.00494912015680694,"B cells","Healthy_vs_AChR_MG","Downregulated"
"SSNA1",0.000000143471658581359,-0.62300435628762,0.229,0.34,0.00525120617573631,"B cells","Healthy_vs_AChR_MG","Downregulated"
"FCRLA",0.000000170511127360725,-0.560718384837563,0.274,0.383,0.00624087777252988,"B cells","Healthy_vs_AChR_MG","Downregulated"
"NCOR1",0.000000182587802506595,-0.543822644982354,0.277,0.393,0.00668289615954388,"B cells","Healthy_vs_AChR_MG","Downregulated"
"IFI30",0.000000229732244290521,-0.978441800172383,0.145,0.238,0.00840842987327736,"B cells","Healthy_vs_AChR_MG","Downregulated"
"BACH1",0.000000230565374366187,0.814671070448622,0.319,0.218,0.00843892326717681,"B cells","Healthy_vs_AChR_MG","Upregulated"
"CCDC32",0.000000241143563692815,-0.5766897115945,0.266,0.38,0.00882609557472074,"B cells","Healthy_vs_AChR_MG","Downregulated"
"IRF2",0.000000241612474779583,-0.507598003189809,0.319,0.436,0.0088432581894075,"B cells","Healthy_vs_AChR_MG","Downregulated"
"CAPG",0.000000285864175003266,-0.691268862200186,0.169,0.271,0.0104629146692945,"B cells","Healthy_vs_AChR_MG","Downregulated"
"METTL7A",0.000000291884956136458,-0.621793064601322,0.178,0.287,0.0106832812795505,"B cells","Healthy_vs_AChR_MG","Downregulated"
"EPSTI1",0.000000521282970382837,-0.741572679380166,0.178,0.275,0.0190794779989822,"B cells","Healthy_vs_AChR_MG","Downregulated"
"CDK2AP2",0.00000053005749719997,-0.745710300837829,0.116,0.204,0.0194006344550161,"B cells","Healthy_vs_AChR_MG","Downregulated"
"ARHGAP45",0.000000860964576096586,-0.54628700205792,0.197,0.299,0.0315121644497112,"B cells","Healthy_vs_AChR_MG","Downregulated"
"SNX17",0.000000985113625410917,-0.5194612841368,0.163,0.264,0.036056143803665,"B cells","Healthy_vs_AChR_MG","Downregulated"
"NFKBID",0.000000994381023688781,0.593112324877033,0.351,0.248,0.0363953398480331,"B cells","Healthy_vs_AChR_MG","Upregulated"
"SAMD9",0.00000102435812768586,-0.647491869828772,0.211,0.313,0.0374925318314303,"B cells","Healthy_vs_AChR_MG","Downregulated"
"DDX58",0.00000128629735909952,-1.04545232939185,0.048,0.112,0.0470797696404017,"B cells","Healthy_vs_AChR_MG","Downregulated"
"COA3",0.00000132070263555942,-0.909070698552197,0.088,0.164,0.0483390371641103,"B cells","Healthy_vs_AChR_MG","Downregulated"
"HLA-DRB1",0.0000000000000000000000000000000000000000000003865718161086,0.686481911902112,0.99,0.982,0.0000000000000000000000000000000000000000141489150413909,"B cells","Healthy_vs_SNMG_Pre","Upregulated"
"FOSB",0.00000000000000000000000000000000000000000105188857680581,-6.14574021499246,0.011,0.238,0.0000000000000000000000000000000000000385001737996695,"B cells","Healthy_vs_SNMG_Pre","Downregulated"
"FKBP5",0.000000000000000000000000000000000313791059641061,-2.39096349792167,0.073,0.324,0.0000000000000000000000000000114850665739225,"B cells","Healthy_vs_SNMG_Pre","Downregulated"
"IGHA1",0.000000000000000000000000000911499370465221,-1.8763929540388,0.127,0.377,0.0000000000000000000000333617884583976,"B cells","Healthy_vs_SNMG_Pre","Downregulated"
"IGHD",0.00000000000000000000000000617210088324091,0.851123549982168,0.784,0.556,0.000000000000000000000225905064427501,"B cells","Healthy_vs_SNMG_Pre","Upregulated"
"TXNIP",0.000000000000000000000000663684073255694,-0.606789843021581,0.984,0.994,0.0000000000000000000242915007652317,"B cells","Healthy_vs_SNMG_Pre","Downregulated"
"LINC01781",0.00000000000000000000000526096573865699,-1.55710816080103,0.166,0.399,0.000000000000000000192556607000585,"B cells","Healthy_vs_SNMG_Pre","Downregulated"
"DDIT4",0.00000000000000000000000636238822248849,-1.69391317800434,0.116,0.337,0.000000000000000000232869771331301,"B cells","Healthy_vs_SNMG_Pre","Downregulated"
"AC020916.1",0.0000000000000000000000159769916872258,-4.47520893024785,0.012,0.15,0.000000000000000000584773872744152,"B cells","Healthy_vs_SNMG_Pre","Downregulated"
"ZFP36L2",0.0000000000000000000000186165538090015,-0.750641765087163,0.739,0.905,0.000000000000000000681384485963264,"B cells","Healthy_vs_SNMG_Pre","Downregulated"
"HSPA8",0.00000000000000000000379160828125318,-0.96344254399865,0.355,0.604,0.000000000000000138776654702148,"B cells","Healthy_vs_SNMG_Pre","Downregulated"
"WEE1",0.00000000000000000000488946145353514,-2.21432622540732,0.059,0.229,0.00000000000000017895917866084,"B cells","Healthy_vs_SNMG_Pre","Downregulated"
"BCL7A",0.0000000000000000000307688391520765,1.38877763510747,0.473,0.267,0.00000000000000112617028180515,"B cells","Healthy_vs_SNMG_Pre","Upregulated"
"HLA-DQB1",0.0000000000000000000474535469747691,0.531999107522971,0.957,0.929,0.00000000000000173684727282352,"B cells","Healthy_vs_SNMG_Pre","Upregulated"
"ZBTB16",0.0000000000000000000702393517703402,-1.81477148732627,0.082,0.259,0.00000000000000257083051414622,"B cells","Healthy_vs_SNMG_Pre","Downregulated"
"CD83",0.000000000000000000206627973241468,0.765283257401112,0.665,0.44,0.00000000000000756279044861098,"B cells","Healthy_vs_SNMG_Pre","Upregulated"
"TCL1A",0.00000000000000000184666118937357,0.650574352130681,0.664,0.382,0.0000000000000675896461922619,"B cells","Healthy_vs_SNMG_Pre","Upregulated"
"MYADM",0.0000000000000000283965930559827,-2.55698171769847,0.051,0.19,0.00000000000103934370244202,"B cells","Healthy_vs_SNMG_Pre","Downregulated"
"LGALS1",0.0000000000000000316310295373216,-1.44809994625207,0.166,0.356,0.00000000000115772731209551,"B cells","Healthy_vs_SNMG_Pre","Downregulated"
"CRIP1",0.0000000000000000328253989297239,-0.935332491386491,0.444,0.66,0.00000000000120144242622682,"B cells","Healthy_vs_SNMG_Pre","Downregulated"
"MIDN",0.000000000000000066473314058228,-2.09533052870504,0.074,0.225,0.0000000000024329897678452,"B cells","Healthy_vs_SNMG_Pre","Downregulated"
"AHNAK",0.000000000000000337707380537077,-0.84752011813123,0.339,0.564,0.0000000000123604278350375,"B cells","Healthy_vs_SNMG_Pre","Downregulated"
"VIM",0.000000000000000782135453636216,-0.711955567109558,0.618,0.77,0.0000000000286269397385391,"B cells","Healthy_vs_SNMG_Pre","Downregulated"
"DAAM1",0.00000000000000347404970645088,-1.33799224781457,0.131,0.303,0.000000000127153693305809,"B cells","Healthy_vs_SNMG_Pre","Downregulated"
"MEF2C",0.00000000000000413327218300845,0.577723809358074,0.848,0.789,0.000000000151281895170292,"B cells","Healthy_vs_SNMG_Pre","Upregulated"
"FOXP1",0.00000000000000781033474866488,0.587405781275423,0.842,0.784,0.000000000285866062135883,"B cells","Healthy_vs_SNMG_Pre","Upregulated"
"SELL",0.0000000000000468290125493319,0.738749164658275,0.654,0.536,0.0000000017139886883181,"B cells","Healthy_vs_SNMG_Pre","Upregulated"
"FOS",0.0000000000000620230270582691,-3.16213375183204,0.137,0.279,0.00000000227010481335971,"B cells","Healthy_vs_SNMG_Pre","Downregulated"
"TNFRSF13B",0.0000000000000649332266990223,-1.19143655746348,0.133,0.296,0.00000000237662103041091,"B cells","Healthy_vs_SNMG_Pre","Downregulated"
"IGHA2",0.0000000000000748123574383379,-2.12385189269378,0.072,0.201,0.00000000273820709460061,"B cells","Healthy_vs_SNMG_Pre","Downregulated"
"SOCS1",0.0000000000000906822587277732,-1.19667867036749,0.1,0.254,0.00000000331906135169523,"B cells","Healthy_vs_SNMG_Pre","Downregulated"
"HLA-DMA",0.0000000000000936962737361394,0.571774164425128,0.841,0.76,0.00000000342937731501644,"B cells","Healthy_vs_SNMG_Pre","Upregulated"
"IDS",0.000000000000127214239827421,-1.15422870638766,0.265,0.444,0.00000000465616839192343,"B cells","Healthy_vs_SNMG_Pre","Downregulated"
"SSPN",0.000000000000139652542560451,-1.8948214809291,0.048,0.166,0.00000000511142271025507,"B cells","Healthy_vs_SNMG_Pre","Downregulated"
"HIPK2",0.000000000000753316353964555,-1.40699202977429,0.1,0.242,0.0000000275721318714567,"B cells","Healthy_vs_SNMG_Pre","Downregulated"
"LMNA",0.000000000000915824555624562,-2.98564304236436,0.019,0.106,0.0000000335200945604146,"B cells","Healthy_vs_SNMG_Pre","Downregulated"
"BLK",0.00000000000150808991456021,-0.730082100193888,0.313,0.51,0.0000000551975989628182,"B cells","Healthy_vs_SNMG_Pre","Downregulated"
"SMDT1",0.00000000000153984758950632,0.575504464506269,0.732,0.633,0.0000000563599616235208,"B cells","Healthy_vs_SNMG_Pre","Upregulated"
"COCH",0.00000000000186284900873052,-1.95872935109496,0.031,0.129,0.0000000681821365685457,"B cells","Healthy_vs_SNMG_Pre","Downregulated"
"AFF3",0.00000000000605490211842888,0.5664599339393,0.722,0.62,0.000000221615472436615,"B cells","Healthy_vs_SNMG_Pre","Upregulated"
"PRDM1",0.0000000000158850808478564,-1.6472366105713,0.047,0.153,0.000000581409844112391,"B cells","Healthy_vs_SNMG_Pre","Downregulated"
"CLEC2D",0.0000000000197912018766964,0.769376327246259,0.541,0.396,0.000000724377779888965,"B cells","Healthy_vs_SNMG_Pre","Upregulated"
"RNASE6",0.0000000000210210706403967,-1.00268776239837,0.164,0.319,0.000000769392206509158,"B cells","Healthy_vs_SNMG_Pre","Downregulated"
"APLP2",0.000000000028240611880182,0.905744867956753,0.433,0.287,0.00000103363463542654,"B cells","Healthy_vs_SNMG_Pre","Upregulated"
"CDKN1A",0.0000000000306296478754968,-1.9339009018241,0.046,0.147,0.00000112107574189106,"B cells","Healthy_vs_SNMG_Pre","Downregulated"
"CFLAR",0.0000000000341583912293837,-0.781229395856948,0.284,0.454,0.00000125023127738667,"B cells","Healthy_vs_SNMG_Pre","Downregulated"
"IGHG1",0.0000000000419556676482709,1.67276897686824,0.108,0.245,0.00000153561939159436,"B cells","Healthy_vs_SNMG_Pre","Upregulated"
"PLPP5",0.0000000000733077041698527,0.711084918225332,0.564,0.417,0.00000268313528032078,"B cells","Healthy_vs_SNMG_Pre","Upregulated"
"SESN1",0.0000000000984862699904409,-1.02771721882192,0.138,0.28,0.00000360469596792013,"B cells","Healthy_vs_SNMG_Pre","Downregulated"
"S100A10",0.000000000100774467534829,-0.912262129562798,0.354,0.517,0.00000368844628624226,"B cells","Healthy_vs_SNMG_Pre","Downregulated"
"AIM2",0.000000000141799635855644,-0.948878747240153,0.094,0.217,0.00000519000847195242,"B cells","Healthy_vs_SNMG_Pre","Downregulated"
"LIME1",0.000000000163501416614778,-1.46639858662228,0.079,0.192,0.00000598431534951748,"B cells","Healthy_vs_SNMG_Pre","Downregulated"
"FAM111B",0.000000000227894954405051,2.10871225304987,0.174,0.066,0.00000834118322617928,"B cells","Healthy_vs_SNMG_Pre","Upregulated"
"ADGRE5",0.000000000270956628541179,-1.23780917449087,0.111,0.237,0.0000099172835612357,"B cells","Healthy_vs_SNMG_Pre","Downregulated"
"IGHG2",0.000000000282569124170049,-1.32873345842336,0.064,0.171,0.000010342312513748,"B cells","Healthy_vs_SNMG_Pre","Downregulated"
"PPP1R15A",0.000000000285786228407948,-1.52397858305399,0.261,0.393,0.0000104600617459593,"B cells","Healthy_vs_SNMG_Pre","Downregulated"
"RPS26",0.00000000033127878917324,0.634902776953409,0.87,0.873,0.0000121251349625298,"B cells","Healthy_vs_SNMG_Pre","Upregulated"
"LINC00926",0.000000000359752845031115,0.551397707093167,0.771,0.728,0.0000131673138809839,"B cells","Healthy_vs_SNMG_Pre","Upregulated"
"DUSP2",0.000000000533099790040353,-1.65216919533459,0.082,0.19,0.0000195119854152669,"B cells","Healthy_vs_SNMG_Pre","Downregulated"
"CLECL1",0.000000000595555024226969,-1.02248605236377,0.133,0.267,0.0000217979094417313,"B cells","Healthy_vs_SNMG_Pre","Downregulated"
"RGS1",0.000000000649067706744489,-2.04700014376093,0.052,0.147,0.000023756527134555,"B cells","Healthy_vs_SNMG_Pre","Downregulated"
"GAPDH",0.000000000699547004617065,-0.538773538007528,0.597,0.72,0.0000256041199159892,"B cells","Healthy_vs_SNMG_Pre","Downregulated"
"TAGAP",0.000000000990421268147972,0.783904337919745,0.567,0.465,0.0000362504088354839,"B cells","Healthy_vs_SNMG_Pre","Upregulated"
"TSTD1",0.0000000011598840020035,0.680233615300479,0.616,0.527,0.00004245291435733,"B cells","Healthy_vs_SNMG_Pre","Upregulated"
"MTRNR2L1",0.00000000121215587096435,-0.774193966856075,0.136,0.274,0.0000443661170331661,"B cells","Healthy_vs_SNMG_Pre","Downregulated"
"C16orf54",0.00000000123303967744743,-1.14013897511097,0.105,0.221,0.0000451304852342535,"B cells","Healthy_vs_SNMG_Pre","Downregulated"
"ELL2",0.00000000143116804418256,-1.61279995466878,0.054,0.15,0.000052382181585126,"B cells","Healthy_vs_SNMG_Pre","Downregulated"
"KLF10",0.00000000177370369841517,-1.47826839140757,0.059,0.156,0.0000649193290656937,"B cells","Healthy_vs_SNMG_Pre","Downregulated"
"VOPP1",0.00000000197318859231958,-0.741149793485753,0.19,0.34,0.0000722206756674891,"B cells","Healthy_vs_SNMG_Pre","Downregulated"
"TUBB6",0.00000000220391775324908,-1.82240135029275,0.026,0.101,0.0000806655936866696,"B cells","Healthy_vs_SNMG_Pre","Downregulated"
"PTPN18",0.00000000273341078904258,-0.945160048057404,0.137,0.266,0.000100045568289747,"B cells","Healthy_vs_SNMG_Pre","Downregulated"
"TOR3A",0.00000000321218112802469,-0.907634938160281,0.091,0.205,0.000117569041466832,"B cells","Healthy_vs_SNMG_Pre","Downregulated"
"TMEM123",0.00000000336171690455653,0.635779663489382,0.598,0.501,0.000123042200423674,"B cells","Healthy_vs_SNMG_Pre","Upregulated"
"ANXA2",0.00000000410629863364423,-0.666488048269804,0.177,0.314,0.000150294636290012,"B cells","Healthy_vs_SNMG_Pre","Downregulated"
"VASP",0.00000000436791563717449,-0.644545579858408,0.265,0.422,0.000159870080236224,"B cells","Healthy_vs_SNMG_Pre","Downregulated"
"TMEM238",0.00000000700371347956967,-0.857793932307059,0.115,0.232,0.000256342917065729,"B cells","Healthy_vs_SNMG_Pre","Downregulated"
"H1FX",0.00000000769087715138051,0.760876027653454,0.48,0.346,0.000281493794617678,"B cells","Healthy_vs_SNMG_Pre","Upregulated"
"RILPL2",0.0000000100643082020884,-0.71491183797178,0.127,0.251,0.000368363744504637,"B cells","Healthy_vs_SNMG_Pre","Downregulated"
"CRIP2",0.0000000109118677596352,-1.88962876162029,0.058,0.147,0.000399385271870406,"B cells","Healthy_vs_SNMG_Pre","Downregulated"
"SAMSN1",0.0000000119320731048553,-1.08167345816501,0.085,0.19,0.000436725807710809,"B cells","Healthy_vs_SNMG_Pre","Downregulated"
"SRGN",0.0000000121157704315659,-1.10040447898922,0.204,0.332,0.000443449313565742,"B cells","Healthy_vs_SNMG_Pre","Downregulated"
"CASP8",0.0000000142268992973809,-0.77814815374058,0.137,0.262,0.000520718741183438,"B cells","Healthy_vs_SNMG_Pre","Downregulated"
"MARCKS",0.0000000156445116566513,-0.506084309814384,0.429,0.581,0.000572604771145095,"B cells","Healthy_vs_SNMG_Pre","Downregulated"
"ARL4A",0.0000000183248787646389,-0.832294258780447,0.203,0.337,0.000670708887664548,"B cells","Healthy_vs_SNMG_Pre","Downregulated"
"IFT57",0.0000000234953814444641,-0.516065041729962,0.379,0.546,0.000859954456248832,"B cells","Healthy_vs_SNMG_Pre","Downregulated"
"FAM102A",0.0000000240411914720224,-1.04175260193592,0.115,0.225,0.000879931649067492,"B cells","Healthy_vs_SNMG_Pre","Downregulated"
"SNHG16",0.000000025004363235325,-0.634359987235953,0.225,0.374,0.00091518469877613,"B cells","Healthy_vs_SNMG_Pre","Downregulated"
"FCER2",0.0000000251978367675516,0.676146775288374,0.503,0.383,0.000922266023529155,"B cells","Healthy_vs_SNMG_Pre","Upregulated"
"RTN4",0.0000000318611744563966,-0.695248038314179,0.174,0.308,0.00116615084627857,"B cells","Healthy_vs_SNMG_Pre","Downregulated"
"SMARCB1",0.000000036179824521147,-0.590133086049087,0.307,0.454,0.0013242177572985,"B cells","Healthy_vs_SNMG_Pre","Downregulated"
"PLP2",0.0000000438652685975484,-0.52117966524509,0.352,0.509,0.00160551269593887,"B cells","Healthy_vs_SNMG_Pre","Downregulated"
"GPR183",0.0000000480342772321701,-0.54767159471746,0.339,0.493,0.00175810258097466,"B cells","Healthy_vs_SNMG_Pre","Downregulated"
"CSGALNACT1",0.0000000567469830025696,-0.997641286592696,0.094,0.196,0.00207699632487705,"B cells","Healthy_vs_SNMG_Pre","Downregulated"
"CD27",0.0000000575916726678259,-0.862441922479064,0.106,0.213,0.0021079128113151,"B cells","Healthy_vs_SNMG_Pre","Downregulated"
"TLE3",0.0000000704852155728991,-0.891150427587054,0.091,0.193,0.00257982937518368,"B cells","Healthy_vs_SNMG_Pre","Downregulated"
"IGHG4",0.0000000900706901177498,-2.56623044912162,0.063,0.15,0.00329667732899976,"B cells","Healthy_vs_SNMG_Pre","Downregulated"
"BHLHE41",0.0000000990749875941506,-1.26470745358124,0.042,0.118,0.00362624362093351,"B cells","Healthy_vs_SNMG_Pre","Downregulated"
"SH3GLB2",0.000000104980574719949,-0.9196345834705,0.089,0.188,0.00384239401532484,"B cells","Healthy_vs_SNMG_Pre","Downregulated"
"S100A4",0.00000013027869462773,-0.74304142816182,0.388,0.507,0.00476833050206954,"B cells","Healthy_vs_SNMG_Pre","Downregulated"
"CCDC107",0.000000136407397948156,-0.6497098833499,0.133,0.25,0.00499264717230045,"B cells","Healthy_vs_SNMG_Pre","Downregulated"
"GSPT1",0.000000156738632555,-0.667662831761945,0.159,0.28,0.00573679069014556,"B cells","Healthy_vs_SNMG_Pre","Downregulated"
"RAD50",0.000000173006180874573,-0.741103281539516,0.116,0.222,0.00633219922619025,"B cells","Healthy_vs_SNMG_Pre","Downregulated"
"NUP210",0.000000179315325922665,-0.841165398882591,0.104,0.206,0.00656312024409548,"B cells","Healthy_vs_SNMG_Pre","Downregulated"
"PPBP",0.000000182281986424017,0.892987204324342,0.333,0.224,0.00667170298510545,"B cells","Healthy_vs_SNMG_Pre","Upregulated"
"ELOA",0.000000231216663237837,-0.906171825519867,0.132,0.238,0.00846276109116807,"B cells","Healthy_vs_SNMG_Pre","Downregulated"
"IFI44L",0.000000240368371501386,1.85326678451468,0.114,0.039,0.00879772276532222,"B cells","Healthy_vs_SNMG_Pre","Upregulated"
"TUBB",0.000000241286677937891,-0.768875284009626,0.166,0.285,0.00883133369920474,"B cells","Healthy_vs_SNMG_Pre","Downregulated"
"ITGB2",0.00000025326504963411,-0.624119587677746,0.232,0.366,0.00926975408165804,"B cells","Healthy_vs_SNMG_Pre","Downregulated"
"ATP1B3",0.000000268383386937089,-0.944900000861288,0.115,0.217,0.00982310034528439,"B cells","Healthy_vs_SNMG_Pre","Downregulated"
"OSBPL10",0.000000273783833335385,-0.556302156552301,0.218,0.349,0.0100207620839084,"B cells","Healthy_vs_SNMG_Pre","Downregulated"
"HAGHL",0.00000028556349130406,-1.28085718260147,0.053,0.13,0.0104519093452199,"B cells","Healthy_vs_SNMG_Pre","Downregulated"
"POU2AF1",0.000000333546881791917,-0.538995710068916,0.256,0.398,0.012208149420466,"B cells","Healthy_vs_SNMG_Pre","Downregulated"
"HSPD1",0.000000349116336583486,-0.571936124509598,0.216,0.346,0.0127780070352922,"B cells","Healthy_vs_SNMG_Pre","Downregulated"
"DOCK10",0.00000036654305643594,-0.620893652444926,0.129,0.238,0.0134158424086118,"B cells","Healthy_vs_SNMG_Pre","Downregulated"
"AL121944.1",0.000000390169366943111,-0.961571463315954,0.08,0.171,0.0142805889994848,"B cells","Healthy_vs_SNMG_Pre","Downregulated"
"TIPARP",0.000000403690831550174,-1.38727361540048,0.041,0.111,0.0147754881255679,"B cells","Healthy_vs_SNMG_Pre","Downregulated"
"AC044849.1",0.000000418985936589594,-1.126475303713,0.069,0.153,0.0153353042651157,"B cells","Healthy_vs_SNMG_Pre","Downregulated"
"TXNDC5",0.000000424420192516619,-0.561535868043821,0.152,0.259,0.0155342034663008,"B cells","Healthy_vs_SNMG_Pre","Downregulated"
"PF4",0.000000433676217434939,1.03218873151983,0.236,0.135,0.0158729832343362,"B cells","Healthy_vs_SNMG_Pre","Upregulated"
"TXN",0.000000437890207595003,-0.635551278767526,0.215,0.338,0.0160272194881847,"B cells","Healthy_vs_SNMG_Pre","Downregulated"
"NUFIP2",0.000000452453687565941,-0.573555959660299,0.203,0.332,0.016560257418601,"B cells","Healthy_vs_SNMG_Pre","Downregulated"
"FCRL3",0.000000455433238640532,1.1250549581927,0.229,0.129,0.0166693119674821,"B cells","Healthy_vs_SNMG_Pre","Upregulated"
"TFEB",0.000000465784534950687,-0.894533061452623,0.121,0.222,0.0170481797637301,"B cells","Healthy_vs_SNMG_Pre","Downregulated"
"CRYBG1",0.000000468058300121632,-0.67127550889103,0.129,0.238,0.0171314018427519,"B cells","Healthy_vs_SNMG_Pre","Downregulated"
"SYNRG",0.000000521419411247886,-0.576466054777403,0.195,0.324,0.0190844718710839,"B cells","Healthy_vs_SNMG_Pre","Downregulated"
"CSRNP1",0.000000568279140076206,-1.2444247183684,0.082,0.167,0.0207995848059292,"B cells","Healthy_vs_SNMG_Pre","Downregulated"
"TKT",0.000000569303100212339,-0.524702569383347,0.293,0.432,0.0208370627708718,"B cells","Healthy_vs_SNMG_Pre","Downregulated"
"GLRX",0.000000601508997807747,-0.808362031495055,0.119,0.219,0.0220158308287613,"B cells","Healthy_vs_SNMG_Pre","Downregulated"
"CBFA2T3",0.000000609554026471931,-1.07449471630117,0.075,0.161,0.0223102869228992,"B cells","Healthy_vs_SNMG_Pre","Downregulated"
"ZNF331",0.000000693830210523474,-1.3611540701549,0.116,0.213,0.0253948795353697,"B cells","Healthy_vs_SNMG_Pre","Downregulated"
"XRRA1",0.000000727006839897118,-0.897840671233612,0.075,0.163,0.0266091773470744,"B cells","Healthy_vs_SNMG_Pre","Downregulated"
"PPP4C",0.000000989091543567229,-0.541028284781999,0.193,0.319,0.0362017395861041,"B cells","Healthy_vs_SNMG_Pre","Downregulated"
"PLCG2",0.00000101100222687227,0.530546620903132,0.635,0.593,0.0370036925057518,"B cells","Healthy_vs_SNMG_Pre","Upregulated"
"BACH2",0.00000107418533378019,0.793867961598144,0.371,0.266,0.0393162574016887,"B cells","Healthy_vs_SNMG_Pre","Upregulated"
"TP53INP1",0.00000113551823608557,-0.635974322332837,0.368,0.501,0.0415611029589679,"B cells","Healthy_vs_SNMG_Pre","Downregulated"
"ARL2",0.00000120514946764269,-0.977226297808545,0.091,0.179,0.0441096756651901,"B cells","Healthy_vs_SNMG_Pre","Downregulated"
"MPHOSPH9",0.00000127893834530006,-0.930910424882221,0.049,0.121,0.0468104223763276,"B cells","Healthy_vs_SNMG_Pre","Downregulated"
"FOSB",0.000000000000195722174222829,2.63129884289454,0.238,0.092,0.00000000716362729872976,"B cells","SNMG_Pre_vs_SNMG_Post","Upregulated"
"AC020916.1",0.00000000000088375039939166,3.34485548723231,0.15,0.034,0.0000000323461483681341,"B cells","SNMG_Pre_vs_SNMG_Post","Upregulated"
"NR4A2",0.000000000694181235846599,2.38963974139439,0.219,0.099,0.0000254077274132214,"B cells","SNMG_Pre_vs_SNMG_Post","Upregulated"
"CDKN1A",0.00000000113651113770739,2.36207196763858,0.147,0.045,0.0000415974441512283,"B cells","SNMG_Pre_vs_SNMG_Post","Upregulated"
"CSRNP1",0.0000000102403968667822,1.90723819017898,0.167,0.065,0.000374808765721094,"B cells","SNMG_Pre_vs_SNMG_Post","Upregulated"
"MYADM",0.0000000653469288929232,1.87379267304987,0.19,0.089,0.00239176294440988,"B cells","SNMG_Pre_vs_SNMG_Post","Upregulated"
"PPP1R15A",0.000000306914367321453,1.56735659274932,0.393,0.295,0.0112333727583325,"B cells","SNMG_Pre_vs_SNMG_Post","Upregulated"
"AREG",0.000000000000000935630749244568,1.82312528661267,0.471,0.229,0.0000000000342450210531004,"Basophils","Healthy_vs_AChR_MG","Upregulated"
"IRS2",0.0000000000223545376369278,1.36191870375631,0.441,0.24,0.000000818198432049196,"Basophils","Healthy_vs_AChR_MG","Upregulated"
"TXNIP",0.000000000161626792616654,0.745706629635325,0.826,0.677,0.00000591570223656214,"Basophils","Healthy_vs_AChR_MG","Upregulated"
"ACOX1",0.00000000281563225728215,0.867577690299847,0.507,0.316,0.000103054956248784,"Basophils","Healthy_vs_AChR_MG","Upregulated"
"IFI44L",0.000000135392041466043,2.33584038838961,0.137,0.037,0.00495548410969865,"Basophils","Healthy_vs_AChR_MG","Upregulated"
"HBB",0.000000000000000573129155345946,1.50680246433454,0.475,0.714,0.000000000020977100214817,"Basophils","Healthy_vs_SNMG_Pre","Upregulated"
"XAF1",0.0000000000000633503811415005,1.92691970810749,0.309,0.097,0.00000000231868730016006,"Basophils","Healthy_vs_SNMG_Pre","Upregulated"
"MX2",0.000000000000436497595208538,3.50183583150194,0.186,0.028,0.0000000159762484822277,"Basophils","Healthy_vs_SNMG_Pre","Upregulated"
"IFI44L",0.00000000000727920126190347,5.43593936105032,0.137,0.01,0.000000266426045386929,"Basophils","Healthy_vs_SNMG_Pre","Upregulated"
"FKBP5",0.000000000122364299607742,-1.89409031998492,0.147,0.327,0.00000447865572994295,"Basophils","Healthy_vs_SNMG_Pre","Downregulated"
"ZBTB16",0.000000000550769890635462,-2.56829449907208,0.076,0.228,0.0000201587287671486,"Basophils","Healthy_vs_SNMG_Pre","Downregulated"
"IFI44",0.00000000213670514864519,4.03041392890101,0.113,0.01,0.0000782055451455627,"Basophils","Healthy_vs_SNMG_Pre","Upregulated"
"RSAD2",0.00000000566115540827671,3.65688223880171,0.103,0.008,0.000207203949098336,"Basophils","Healthy_vs_SNMG_Pre","Upregulated"
"EIF2AK2",0.0000000191085141736434,1.3200525429352,0.275,0.115,0.000699390727269521,"Basophils","Healthy_vs_SNMG_Pre","Upregulated"
"MX1",0.0000000853777525872044,4.03748127939794,0.137,0.033,0.00312491112244427,"Basophils","Healthy_vs_SNMG_Pre","Upregulated"
"FOSL2",0.00000059634492000349,0.840895213398147,0.397,0.24,0.0218268204170477,"Basophils","Healthy_vs_SNMG_Pre","Upregulated"
"HSH2D",0.00000134197278313737,0.739852976435544,0.441,0.279,0.0491175458356109,"Basophils","Healthy_vs_SNMG_Pre","Upregulated"
"MCTP2",0.00000000291832748085199,-1.38160631282578,0.238,0.413,0.000106813704126664,"Basophils","SNMG_Pre_vs_SNMG_Post","Downregulated"
"SYTL3",0.000000019774054094021,-0.869149746523638,0.258,0.432,0.000723750153895263,"Basophils","SNMG_Pre_vs_SNMG_Post","Downregulated"
"PAG1",0.0000000381422508580815,-0.818253650787356,0.586,0.709,0.00139604452365664,"Basophils","SNMG_Pre_vs_SNMG_Post","Downregulated"
"AREG",0.0000000429248978710329,-0.662679497667576,0.527,0.696,0.00157109418697768,"Basophils","SNMG_Pre_vs_SNMG_Post","Downregulated"
"BIRC3",0.000000372352427367317,-0.921666183242932,0.458,0.606,0.0136284711940712,"Basophils","SNMG_Pre_vs_SNMG_Post","Downregulated"
"SAT1",0.000000577194797432899,-0.596606081849552,0.691,0.787,0.0211259067808415,"Basophils","SNMG_Pre_vs_SNMG_Post","Downregulated"
"RPS26",0.000000000000000000000000000000000000000000000000000000000000000000000000000000467661849994453,1.97688728354169,0.942,0.904,0.000000000000000000000000000000000000000000000000000000000000000000000000017116891371647,"CD4 T cells","Healthy_vs_AChR_MG","Upregulated"
"SRSF5",0.00000000000000000000000000000000000000000105854347903217,-0.633815067749883,0.884,0.97,0.0000000000000000000000000000000000000387437498760564,"CD4 T cells","Healthy_vs_AChR_MG","Downregulated"
"TMBIM6",0.0000000000000596716815254292,-0.561554977616498,0.565,0.722,0.00000000218404321551223,"CD4 T cells","Healthy_vs_AChR_MG","Downregulated"
"GIMAP4",0.000000000000202665117387869,-0.547133593285719,0.556,0.732,0.00000000741774596151338,"CD4 T cells","Healthy_vs_AChR_MG","Downregulated"
"S100A11",0.000000000000974269151492718,-0.70171817833526,0.423,0.588,0.000000035659225213785,"CD4 T cells","Healthy_vs_AChR_MG","Downregulated"
"TAGAP",0.00000000000203925015397861,-0.896273891723458,0.237,0.407,0.0000000746385948857712,"CD4 T cells","Healthy_vs_AChR_MG","Downregulated"
"CISH",0.000000000462280506264054,-1.70213981829466,0.031,0.116,0.0000169199288097706,"CD4 T cells","Healthy_vs_AChR_MG","Downregulated"
"PSMB9",0.000000000967059964437141,-0.519803305313824,0.501,0.658,0.0000353953617583638,"CD4 T cells","Healthy_vs_AChR_MG","Downregulated"
"TRMT112",0.00000000124097074343797,-0.500329710971626,0.443,0.596,0.0000454207701805732,"CD4 T cells","Healthy_vs_AChR_MG","Downregulated"
"EPSTI1",0.00000000163919627823679,-1.1454253196972,0.118,0.235,0.0000599962229797449,"CD4 T cells","Healthy_vs_AChR_MG","Downregulated"
"CDK2AP2",0.00000000180895562817029,-1.08292317809529,0.086,0.195,0.0000662095849466607,"CD4 T cells","Healthy_vs_AChR_MG","Downregulated"
"GBP1",0.0000000020515332152732,-1.30802147475567,0.081,0.186,0.0000750881672122145,"CD4 T cells","Healthy_vs_AChR_MG","Downregulated"
"MTRNR2L1",0.00000000247376079256932,-0.958815157198975,0.09,0.203,0.0000905421187688295,"CD4 T cells","Healthy_vs_AChR_MG","Downregulated"
"CCT5",0.00000000318253474535806,-0.785909784041741,0.199,0.338,0.00011648395421485,"CD4 T cells","Healthy_vs_AChR_MG","Downregulated"
"DNAJA1",0.00000000445396289405859,-0.854032233130892,0.206,0.336,0.000163019495885438,"CD4 T cells","Healthy_vs_AChR_MG","Downregulated"
"PSMB8",0.00000000487978098014893,-0.510245001040799,0.417,0.575,0.000178604863654431,"CD4 T cells","Healthy_vs_AChR_MG","Downregulated"
"ACAP1",0.0000000111909539174344,-0.516429726443193,0.412,0.566,0.000409600104332016,"CD4 T cells","Healthy_vs_AChR_MG","Downregulated"
"TNFSF10",0.0000000119214104193435,-1.05223566598318,0.105,0.213,0.000436335542758391,"CD4 T cells","Healthy_vs_AChR_MG","Downregulated"
"TMEM35B",0.0000000163819420271049,-1.07302412047055,0.108,0.216,0.000599595460134068,"CD4 T cells","Healthy_vs_AChR_MG","Downregulated"
"ICAM2",0.0000000511430046328245,-0.761639862495825,0.197,0.321,0.00187188511256601,"CD4 T cells","Healthy_vs_AChR_MG","Downregulated"
"ORAI1",0.0000000630751127903153,-0.781646901697326,0.163,0.282,0.00230861220323833,"CD4 T cells","Healthy_vs_AChR_MG","Downregulated"
"SUSD3",0.0000000749710932387492,-0.763573991495446,0.203,0.324,0.00274401698363146,"CD4 T cells","Healthy_vs_AChR_MG","Downregulated"
"SPN",0.00000010564406659854,-0.642251939782998,0.209,0.334,0.00386667848157318,"CD4 T cells","Healthy_vs_AChR_MG","Downregulated"
"GIMAP1",0.000000145886640001459,-0.509652445051111,0.386,0.521,0.00533959691069341,"CD4 T cells","Healthy_vs_AChR_MG","Downregulated"
"JPT1",0.000000244556345257665,-0.696508233511228,0.184,0.302,0.00895100679277578,"CD4 T cells","Healthy_vs_AChR_MG","Downregulated"
"GBP4",0.000000271348320819432,-0.909627667182036,0.144,0.247,0.00993161989031202,"CD4 T cells","Healthy_vs_AChR_MG","Downregulated"
"DNMT1",0.000000470378783053256,-0.626927087208137,0.219,0.334,0.0172163338385322,"CD4 T cells","Healthy_vs_AChR_MG","Downregulated"
"EGLN2",0.000000880324021698562,-0.947605530864793,0.078,0.163,0.0322207395181891,"CD4 T cells","Healthy_vs_AChR_MG","Downregulated"
"RPS26",0.000000000000000000000000000000000018947027822503,0.999501534824998,0.942,0.893,0.000000000000000000000000000000693480165331432,"CD4 T cells","Healthy_vs_SNMG_Pre","Upregulated"
"TXNIP",0.0000000000000000000000000000000281747280362206,-0.573926435168723,0.999,0.997,0.00000000000000000000000000103122322085371,"CD4 T cells","Healthy_vs_SNMG_Pre","Downregulated"
"FOSB",0.0000000000000000000000000846506960044806,-5.17225205991058,0.012,0.167,0.00000000000000000000309830012445999,"CD4 T cells","Healthy_vs_SNMG_Pre","Downregulated"
"FKBP5",0.00000000000000000000000123368003733504,-1.15824964868923,0.303,0.548,0.0000000000000000000451539230464999,"CD4 T cells","Healthy_vs_SNMG_Pre","Downregulated"
"TSC22D3",0.00000000000000000000000867733213729344,-0.875107628505609,0.802,0.875,0.000000000000000000317599033557077,"CD4 T cells","Healthy_vs_SNMG_Pre","Downregulated"
"LTB",0.0000000000000000000000150914875994387,0.529335481317588,0.989,0.958,0.000000000000000000552363537627056,"CD4 T cells","Healthy_vs_SNMG_Pre","Upregulated"
"FOS",0.000000000000000000299351626975664,-3.12854717833595,0.092,0.26,0.0000000000000109565688989363,"CD4 T cells","Healthy_vs_SNMG_Pre","Downregulated"
"ZBTB16",0.000000000000000393682163880113,-2.38786316256401,0.027,0.146,0.000000000014409160880176,"CD4 T cells","Healthy_vs_SNMG_Pre","Downregulated"
"TNFAIP3",0.00000000000000295608259481879,-1.20303518846202,0.505,0.621,0.000000000108195579052963,"CD4 T cells","Healthy_vs_SNMG_Pre","Downregulated"
"PPP1R15A",0.0000000000000118986965463392,-2.94094778284452,0.067,0.197,0.000000000435504192292563,"CD4 T cells","Healthy_vs_SNMG_Pre","Downregulated"
"CXCR4",0.0000000000000303205539351586,-0.621228393218371,0.786,0.861,0.00000000110976259458074,"CD4 T cells","Healthy_vs_SNMG_Pre","Downregulated"
"JUN",0.0000000000000340421858712044,-2.76340151719284,0.159,0.303,0.00000000124597804507195,"CD4 T cells","Healthy_vs_SNMG_Pre","Downregulated"
"DDIT4",0.0000000000000542290839266749,-1.089767128913,0.343,0.504,0.00000000198483870080023,"CD4 T cells","Healthy_vs_SNMG_Pre","Downregulated"
"DUSP1",0.000000000000667293884601323,-1.83760515590985,0.217,0.36,0.000000024423623470293,"CD4 T cells","Healthy_vs_SNMG_Pre","Downregulated"
"HBB",0.000000000000788374349672913,-0.769454863674502,0.52,0.618,0.0000000288552895723783,"CD4 T cells","Healthy_vs_SNMG_Pre","Downregulated"
"PPBP",0.00000000000931625116703467,0.660981103105552,0.346,0.19,0.000000340984108964636,"CD4 T cells","Healthy_vs_SNMG_Pre","Upregulated"
"NR4A2",0.0000000000168570502602817,-2.8107819507816,0.042,0.14,0.000000616984896576571,"CD4 T cells","Healthy_vs_SNMG_Pre","Downregulated"
"CD69",0.0000000000562961740153336,-0.752508955366433,0.433,0.57,0.00000206049626513523,"CD4 T cells","Healthy_vs_SNMG_Pre","Downregulated"
"AREG",0.0000000000577423404215082,-2.49363174469353,0.055,0.157,0.00000211342740176762,"CD4 T cells","Healthy_vs_SNMG_Pre","Downregulated"
"NRGN",0.00000000379168745303218,1.30357903080196,0.198,0.09,0.000138779552468431,"CD4 T cells","Healthy_vs_SNMG_Pre","Upregulated"
"NDFIP1",0.00000000710536226357828,-0.557614490027871,0.557,0.657,0.000260063364209228,"CD4 T cells","Healthy_vs_SNMG_Pre","Downregulated"
"TAGAP",0.0000000173391782331134,-0.776857101037735,0.237,0.371,0.000634631262510183,"CD4 T cells","Healthy_vs_SNMG_Pre","Downregulated"
"CELF2",0.0000000324445508964956,-0.610500589009048,0.528,0.639,0.00118750300736263,"CD4 T cells","Healthy_vs_SNMG_Pre","Downregulated"
"IFITM1",0.0000000484738756818071,0.615835988269576,0.482,0.35,0.00177419232382982,"CD4 T cells","Healthy_vs_SNMG_Pre","Upregulated"
"CCNL1",0.000000058558743282469,-0.849842355888281,0.432,0.551,0.00214330856288165,"CD4 T cells","Healthy_vs_SNMG_Pre","Downregulated"
"FBXO32",0.0000000849372057964668,-1.0110834138113,0.129,0.235,0.00310878666935648,"CD4 T cells","Healthy_vs_SNMG_Pre","Downregulated"
"KLF9",0.0000000856635696366044,-0.867401633965877,0.201,0.316,0.00313537231226936,"CD4 T cells","Healthy_vs_SNMG_Pre","Downregulated"
"FBLN5",0.0000000961879243826036,-1.33723391765448,0.066,0.15,0.00352057422032767,"CD4 T cells","Healthy_vs_SNMG_Pre","Downregulated"
"TNFSF8",0.000000119188662451233,-1.01462215427214,0.129,0.235,0.00436242423437758,"CD4 T cells","Healthy_vs_SNMG_Pre","Downregulated"
"YPEL5",0.000000150841379989691,-1.24543555942566,0.281,0.376,0.00552094534900267,"CD4 T cells","Healthy_vs_SNMG_Pre","Downregulated"
"GNG11",0.000000252634993646048,2.16146338383598,0.145,0.065,0.00924669340243902,"CD4 T cells","Healthy_vs_SNMG_Pre","Upregulated"
"GP1BB",0.000000330780421766082,0.888009422287664,0.156,0.072,0.0121068942170604,"CD4 T cells","Healthy_vs_SNMG_Pre","Upregulated"
"PF4",0.000000596229140325985,1.04970325214485,0.222,0.128,0.0218225827650714,"CD4 T cells","Healthy_vs_SNMG_Pre","Upregulated"
"IL6ST",0.000000607551666009605,-0.606708276935029,0.371,0.483,0.0222369985276176,"CD4 T cells","Healthy_vs_SNMG_Pre","Downregulated"
"IPCEF1",0.000000652510681500211,-0.719612933817494,0.237,0.35,0.0238825434535892,"CD4 T cells","Healthy_vs_SNMG_Pre","Downregulated"
"CDKN2D",0.000000797497312738454,0.608686584559677,0.416,0.287,0.0291891991435402,"CD4 T cells","Healthy_vs_SNMG_Pre","Upregulated"
"PTGER4",0.00000130830850848747,-1.24214572693917,0.135,0.225,0.0478853997191499,"CD4 T cells","Healthy_vs_SNMG_Pre","Downregulated"
"JUND",0.00000000000382573536494547,0.970679731966784,0.846,0.8,0.000000140025740092369,"CD4 T cells","SNMG_Pre_vs_SNMG_Post","Upregulated"
"PPP1R15A",0.00000000130141733870595,2.04338579097536,0.197,0.095,0.0000476331760139764,"CD4 T cells","SNMG_Pre_vs_SNMG_Post","Upregulated"
"FKBP5",0.00000000947737939026257,-0.523579606327618,0.548,0.662,0.000346881563063,"CD4 T cells","SNMG_Pre_vs_SNMG_Post","Downregulated"
"GIMAP4",0.0000000175115080203147,-0.578810160654784,0.525,0.652,0.000640938705051539,"CD4 T cells","SNMG_Pre_vs_SNMG_Post","Downregulated"
"CCR7",0.000000133372169174296,-0.519412128640932,0.555,0.634,0.00488155476394841,"CD4 T cells","SNMG_Pre_vs_SNMG_Post","Downregulated"
"DCTN6",0.000000398877026446397,-1.15089596279484,0.076,0.16,0.0145992980449646,"CD4 T cells","SNMG_Pre_vs_SNMG_Post","Downregulated"
"NR4A2",0.000000506228491794032,1.91789865389088,0.14,0.064,0.0185284690281534,"CD4 T cells","SNMG_Pre_vs_SNMG_Post","Upregulated"
"FOSB",0.000000683861758530989,1.48121726023054,0.167,0.084,0.0250300242239927,"CD4 T cells","SNMG_Pre_vs_SNMG_Post","Upregulated"
"CDC37L1",0.00000078972356717027,-0.803677936557058,0.124,0.223,0.028904672281999,"CD4 T cells","SNMG_Pre_vs_SNMG_Post","Downregulated"
"IER5",0.000000883524180705594,1.68870502362767,0.133,0.059,0.0323378685380054,"CD4 T cells","SNMG_Pre_vs_SNMG_Post","Upregulated"
"SRSF5",0.000000000000000000000000000000096388868160832,-0.610555487179005,0.891,0.962,0.00000000000000000000000000352792896355461,"CD8 T cells","Healthy_vs_AChR_MG","Downregulated"
"RPS26",0.00000000000000000000000000017036821222708,1.36598647394616,0.936,0.896,0.00000000000000000000000623564693572335,"CD8 T cells","Healthy_vs_AChR_MG","Upregulated"
"MTRNR2L1",0.000000000000000199575817386201,-1.43498684373932,0.083,0.229,0.00000000000730467449215235,"CD8 T cells","Healthy_vs_AChR_MG","Downregulated"
"GIMAP4",0.00000000000000305435004458223,-0.584079438228555,0.553,0.702,0.000000000111792265981754,"CD8 T cells","Healthy_vs_AChR_MG","Downregulated"
"KLRK1",0.0000000000000361329099973276,-0.569716644749715,0.625,0.769,0.00000000132250063881219,"CD8 T cells","Healthy_vs_AChR_MG","Downregulated"
"TNFAIP3",0.0000000000000653872327372372,0.987196384204398,0.489,0.309,0.00000000239323810541562,"CD8 T cells","Healthy_vs_AChR_MG","Upregulated"
"C1orf162",0.0000000000444149819611135,-0.869646068458216,0.258,0.403,0.00000162563275475872,"CD8 T cells","Healthy_vs_AChR_MG","Downregulated"
"HSPE1",0.0000000000571003612254296,-0.535379649134947,0.501,0.632,0.00000208993032121195,"CD8 T cells","Healthy_vs_AChR_MG","Downregulated"
"IGKC",0.000000000332808772919612,-1.78614858233868,0.067,0.162,0.0000121811338976307,"CD8 T cells","Healthy_vs_AChR_MG","Downregulated"
"PASK",0.00000000512832620909926,-0.679828970897813,0.217,0.349,0.000187701867579242,"CD8 T cells","Healthy_vs_AChR_MG","Downregulated"
"FBXO32",0.0000000623918813167372,0.895272423049104,0.331,0.212,0.0022836052480739,"CD8 T cells","Healthy_vs_AChR_MG","Upregulated"
"DENND2D",0.0000000635327456683458,-0.752628185995753,0.16,0.273,0.00232536202420713,"CD8 T cells","Healthy_vs_AChR_MG","Downregulated"
"LINC00402",0.00000013436013835684,-0.902449284528017,0.095,0.187,0.00491771542399869,"CD8 T cells","Healthy_vs_AChR_MG","Downregulated"
"CTSW",0.000000189074928473141,0.660051562684875,0.394,0.269,0.00692033145704545,"CD8 T cells","Healthy_vs_AChR_MG","Upregulated"
"DYNLT1",0.000000907608576635341,0.750482412234489,0.306,0.197,0.0332193815134301,"CD8 T cells","Healthy_vs_AChR_MG","Upregulated"
"NFKBIA",0.00000103717593375236,0.55222575106744,0.631,0.548,0.0379616763512702,"CD8 T cells","Healthy_vs_AChR_MG","Upregulated"
"MRPS6",0.00000127009818640437,-0.642217278385898,0.235,0.339,0.0464868637205864,"CD8 T cells","Healthy_vs_AChR_MG","Downregulated"
"NASP",0.00000128335487099562,-0.568465093075508,0.222,0.328,0.0469720716333105,"CD8 T cells","Healthy_vs_AChR_MG","Downregulated"
"HBB",0.00000000000000000000000000000000000000000000225122601710323,-1.33474235422464,0.621,0.843,0.0000000000000000000000000000000000000000823971234519952,"CD8 T cells","Healthy_vs_SNMG_Pre","Downregulated"
"IFI44L",0.0000000000000470999490961797,3.65366116105577,0.107,0.008,0.00000000172390523686927,"CD8 T cells","Healthy_vs_SNMG_Pre","Upregulated"
"DSEL",0.00000000000083699135745143,-1.05915171304258,0.151,0.295,0.0000000306347206740798,"CD8 T cells","Healthy_vs_SNMG_Pre","Downregulated"
"HBA2",0.000000000012129804955018,-1.51823257890834,0.148,0.28,0.000000443962991158612,"CD8 T cells","Healthy_vs_SNMG_Pre","Downregulated"
"ZBTB16",0.0000000000353870017440077,-1.7388956088709,0.034,0.118,0.00000129519965083243,"CD8 T cells","Healthy_vs_SNMG_Pre","Downregulated"
"LINC01138",0.000000000108613838310788,0.674278388832889,0.567,0.426,0.00000397537509601315,"CD8 T cells","Healthy_vs_SNMG_Pre","Upregulated"
"DDIT4",0.000000000232005651089905,-0.670577600197386,0.424,0.552,0.00000849163883554161,"CD8 T cells","Healthy_vs_SNMG_Pre","Downregulated"
"FKBP5",0.000000000238645310754449,-0.590576124581492,0.424,0.567,0.00000873465701892359,"CD8 T cells","Healthy_vs_SNMG_Pre","Downregulated"
"S100B",0.00000000127174843123564,-1.27831503663412,0.138,0.251,0.0000465472643316557,"CD8 T cells","Healthy_vs_SNMG_Pre","Downregulated"
"NFKBIA",0.0000000780427385762401,0.546597099651062,0.631,0.536,0.00285644227462896,"CD8 T cells","Healthy_vs_SNMG_Pre","Upregulated"
"PASK",0.000000149583059295989,-0.564894360501327,0.217,0.339,0.00547488955329251,"CD8 T cells","Healthy_vs_SNMG_Pre","Downregulated"
"C1orf162",0.000000201067536113251,-0.780019188198972,0.258,0.369,0.00735927288928109,"CD8 T cells","Healthy_vs_SNMG_Pre","Downregulated"
"LBR",0.000000226335487770793,-0.67604089983309,0.223,0.339,0.00828410518789881,"CD8 T cells","Healthy_vs_SNMG_Pre","Downregulated"
"FBLN5",0.000000255249195192699,-1.19262655478167,0.076,0.156,0.00934237579324797,"CD8 T cells","Healthy_vs_SNMG_Pre","Downregulated"
"CARS",0.000000310166516763138,-0.574004667698908,0.308,0.431,0.0113524046800476,"CD8 T cells","Healthy_vs_SNMG_Pre","Downregulated"
"HBA1",0.000000346740705935233,-1.78074146030801,0.052,0.121,0.0126910565779354,"CD8 T cells","Healthy_vs_SNMG_Pre","Downregulated"
"BIRC3",0.0000005526912845657,0.770027802587473,0.316,0.207,0.0202290537063892,"CD8 T cells","Healthy_vs_SNMG_Pre","Upregulated"
"MT-ND3",0.0000000000000000000000000000000000000000000000000000000000017176130435542,0.60870348370742,1,1,0.0000000000000000000000000000000000000000000000000000000628663550071273,"CD8 T cells","SNMG_Pre_vs_SNMG_Post","Upregulated"
"CCR7",0.000000000000000000000000101734718396585,-0.698090063665636,0.748,0.887,0.00000000000000000000372359242803342,"CD8 T cells","SNMG_Pre_vs_SNMG_Post","Downregulated"
"FKBP5",0.0000000000000000267795818307284,-0.730861664403481,0.567,0.747,0.000000000000980159474586489,"CD8 T cells","SNMG_Pre_vs_SNMG_Post","Downregulated"
"PIK3IP1",0.000000000000000226835255688977,-0.535820578181342,0.815,0.891,0.00000000000830239719347223,"CD8 T cells","SNMG_Pre_vs_SNMG_Post","Downregulated"
"TSC22D3",0.00000000000000550893780151842,-0.5418323257151,0.844,0.899,0.000000000201632632473376,"CD8 T cells","SNMG_Pre_vs_SNMG_Post","Downregulated"
"SATB1",0.000000000000617524818587453,-0.608116453376928,0.564,0.718,0.0000000226020258851194,"CD8 T cells","SNMG_Pre_vs_SNMG_Post","Downregulated"
"ARID5A",0.000000000122745357549575,-1.29863667799772,0.09,0.218,0.000004492602831672,"CD8 T cells","SNMG_Pre_vs_SNMG_Post","Downregulated"
"GGNBP2",0.000000000329922624881547,-0.640401331652409,0.513,0.646,0.0000120754979932895,"CD8 T cells","SNMG_Pre_vs_SNMG_Post","Downregulated"
"TNFAIP3",0.00000000237363688804419,-0.537286150570735,0.51,0.651,0.0000868774837393054,"CD8 T cells","SNMG_Pre_vs_SNMG_Post","Downregulated"
"SESN1",0.00000000552424608442033,-1.48882408612643,0.079,0.185,0.000202192930935869,"CD8 T cells","SNMG_Pre_vs_SNMG_Post","Downregulated"
"SRGN",0.0000000142003389727481,-0.576783402514385,0.43,0.56,0.000519746606741554,"CD8 T cells","SNMG_Pre_vs_SNMG_Post","Downregulated"
"DYNLT1",0.0000000181801509877977,-0.688018388178888,0.315,0.459,0.000665411706304382,"CD8 T cells","SNMG_Pre_vs_SNMG_Post","Downregulated"
"GPR132",0.0000000202362852771574,-1.88294976716602,0.031,0.112,0.00074066827742924,"CD8 T cells","SNMG_Pre_vs_SNMG_Post","Downregulated"
"FBXO32",0.000000021941340464669,-0.699298472173325,0.389,0.52,0.000803075002347351,"CD8 T cells","SNMG_Pre_vs_SNMG_Post","Downregulated"
"USP3",0.0000000233244354779666,-0.85045504462558,0.241,0.371,0.000853697662929056,"CD8 T cells","SNMG_Pre_vs_SNMG_Post","Downregulated"
"SF3B1",0.000000249786738226606,-0.502995249466683,0.389,0.525,0.009142444405832,"CD8 T cells","SNMG_Pre_vs_SNMG_Post","Downregulated"
"BCL2L11",0.000000308527148178794,-1.00213603014349,0.121,0.227,0.011292402150492,"CD8 T cells","SNMG_Pre_vs_SNMG_Post","Downregulated"
"CIAPIN1",0.000000459087563401154,-0.806866292323044,0.143,0.257,0.0168030639080456,"CD8 T cells","SNMG_Pre_vs_SNMG_Post","Downregulated"
"HPGD",0.000000586711642784705,-1.05245859167239,0.1,0.197,0.021474232837563,"CD8 T cells","SNMG_Pre_vs_SNMG_Post","Downregulated"
"SC5D",0.000000746689656446407,-1.00403813274017,0.11,0.209,0.0273295881155949,"CD8 T cells","SNMG_Pre_vs_SNMG_Post","Downregulated"
"CDC37L1",0.00000114375121199784,-0.768392645556095,0.193,0.31,0.0418624381103329,"CD8 T cells","SNMG_Pre_vs_SNMG_Post","Downregulated"
"RPS26",0.000000000000000000000000000000000000000000000000000000000000000000352944681166453,1.1204444897857,0.988,0.99,0.0000000000000000000000000000000000000000000000000000000000000129181282753734,"Dendritic cells","Healthy_vs_AChR_MG","Upregulated"
"DYNLL1",0.00000000000000000000509406960964654,-0.501883724833922,0.822,0.929,0.000000000000000186448041782673,"Dendritic cells","Healthy_vs_AChR_MG","Downregulated"
"DNAJA1",0.000000000000000257001362780561,-0.505944444885165,0.701,0.852,0.0000000000094065068791313,"Dendritic cells","Healthy_vs_AChR_MG","Downregulated"
"CCR2",0.000000000000000515494267956029,-0.982396722843865,0.229,0.414,0.0000000000188676057014586,"Dendritic cells","Healthy_vs_AChR_MG","Downregulated"
"NAGK",0.00000000000000195891021537617,-0.523821292378434,0.554,0.726,0.0000000000716980727929833,"Dendritic cells","Healthy_vs_AChR_MG","Downregulated"
"ABI3",0.0000000000000235231105528533,-0.909960697039332,0.274,0.433,0.000000000860969369344982,"Dendritic cells","Healthy_vs_AChR_MG","Downregulated"
"BAZ1A",0.00000000000022857739828888,-0.542544771567948,0.599,0.732,0.00000000836616135477128,"Dendritic cells","Healthy_vs_AChR_MG","Downregulated"
"NIPBL",0.0000000000020143399895095,-0.509137601650656,0.583,0.73,0.0000000737268579560371,"Dendritic cells","Healthy_vs_AChR_MG","Downregulated"
"RGS14",0.00000000000270423800267577,-0.934455197486572,0.181,0.329,0.0000000989778151359358,"Dendritic cells","Healthy_vs_AChR_MG","Downregulated"
"DEGS1",0.0000000000934672930189737,-0.532667110841221,0.453,0.605,0.00000342099639178746,"Dendritic cells","Healthy_vs_AChR_MG","Downregulated"
"GPN3",0.00000000019377321582409,-0.845846204169039,0.188,0.324,0.00000709229347237753,"Dendritic cells","Healthy_vs_AChR_MG","Downregulated"
"IL6R",0.000000000293547325823108,-0.515694804758864,0.469,0.614,0.0000107441256724516,"Dendritic cells","Healthy_vs_AChR_MG","Downregulated"
"CD300A",0.000000000305736029512766,-0.548658920378592,0.383,0.536,0.0000111902444161967,"Dendritic cells","Healthy_vs_AChR_MG","Downregulated"
"TMEM176B",0.00000000109051578215642,-1.56827433186743,0.053,0.141,0.0000399139681427072,"Dendritic cells","Healthy_vs_AChR_MG","Downregulated"
"FEZ2",0.0000000012587795861117,-0.571005246242929,0.49,0.607,0.0000460725916312744,"Dendritic cells","Healthy_vs_AChR_MG","Downregulated"
"CLECL1",0.00000000209508671147573,-0.817974711150143,0.186,0.315,0.0000766822687267232,"Dendritic cells","Healthy_vs_AChR_MG","Downregulated"
"NUP214",0.00000000376853252268208,-0.51680666392656,0.497,0.628,0.000137932058862687,"Dendritic cells","Healthy_vs_AChR_MG","Downregulated"
"P2RY13",0.0000000109540135732514,-0.780231479330737,0.187,0.305,0.000400927850794575,"Dendritic cells","Healthy_vs_AChR_MG","Downregulated"
"TNFAIP8L2",0.0000000181015466517554,-0.657974976663371,0.2,0.32,0.000662534709000901,"Dendritic cells","Healthy_vs_AChR_MG","Downregulated"
"CES1",0.0000000184488975761703,-0.803796895368095,0.139,0.25,0.000675248100185409,"Dendritic cells","Healthy_vs_AChR_MG","Downregulated"
"TRIP11",0.0000000243107659058169,-0.732516130725861,0.231,0.351,0.000889798342918805,"Dendritic cells","Healthy_vs_AChR_MG","Downregulated"
"APAF1",0.0000000313146413726972,-0.548826161196855,0.474,0.592,0.00114614718888209,"Dendritic cells","Healthy_vs_AChR_MG","Downregulated"
"DHRS4",0.0000000356450819927016,-0.752100722263443,0.188,0.305,0.00130464564601487,"Dendritic cells","Healthy_vs_AChR_MG","Downregulated"
"UNC50",0.0000000492406367108302,-0.540592300905697,0.248,0.379,0.0018022565442531,"Dendritic cells","Healthy_vs_AChR_MG","Downregulated"
"PIK3R1",0.0000000593573256442555,0.506491110219394,0.712,0.659,0.00217253747590539,"Dendritic cells","Healthy_vs_AChR_MG","Upregulated"
"DAXX",0.0000000611229103887161,-0.616883132800695,0.221,0.343,0.0022371596431374,"Dendritic cells","Healthy_vs_AChR_MG","Downregulated"
"TMEM223",0.0000000626826209743605,-0.751381911443873,0.169,0.277,0.00229424661028257,"Dendritic cells","Healthy_vs_AChR_MG","Downregulated"
"GBP1",0.000000107856569068174,-0.697973382794649,0.247,0.363,0.00394765828446425,"Dendritic cells","Healthy_vs_AChR_MG","Downregulated"
"ROCK2",0.000000132067569672728,-0.641949422242036,0.221,0.339,0.00483380511759153,"Dendritic cells","Healthy_vs_AChR_MG","Downregulated"
"NDUFA8",0.000000158482767813486,-0.520286729389711,0.336,0.465,0.0058006277847414,"Dendritic cells","Healthy_vs_AChR_MG","Downregulated"
"CX3CR1",0.000000218070049913801,-0.805225866612857,0.169,0.271,0.00798158189689503,"Dendritic cells","Healthy_vs_AChR_MG","Downregulated"
"AC004556.3",0.000000262969973348754,-1.33546441397416,0.054,0.125,0.00962496399453775,"Dendritic cells","Healthy_vs_AChR_MG","Downregulated"
"CWC22",0.000000311774976839206,-0.729844527269522,0.155,0.257,0.0114112759272918,"Dendritic cells","Healthy_vs_AChR_MG","Downregulated"
"ISCA2",0.000000393346635085177,-0.545519685141296,0.292,0.414,0.0143968801907526,"Dendritic cells","Healthy_vs_AChR_MG","Downregulated"
"NIT1",0.000000526800279229921,-0.804873390410555,0.155,0.252,0.0192814170200943,"Dendritic cells","Healthy_vs_AChR_MG","Downregulated"
"PUS3",0.000000549437355711151,-1.35188307124409,0.048,0.115,0.0201099566563838,"Dendritic cells","Healthy_vs_AChR_MG","Downregulated"
"VAV1",0.000000870453979064305,-0.511859325013719,0.199,0.309,0.0318594860877326,"Dendritic cells","Healthy_vs_AChR_MG","Downregulated"
"PSTPIP1",0.00000114643379338438,-0.555930775550008,0.299,0.408,0.0419606232716617,"Dendritic cells","Healthy_vs_AChR_MG","Downregulated"
"PDK4",0.00000134075064229595,-1.05817369844373,0.042,0.104,0.049072814258674,"Dendritic cells","Healthy_vs_AChR_MG","Downregulated"
"FKBP5",0.000000000000000000000000000000000000000000000000000229012981470779,-1.48445870662312,0.556,0.821,0.00000000000000000000000000000000000000000000000838210413481198,"Dendritic cells","Healthy_vs_SNMG_Pre","Downregulated"
"TSC22D3",0.0000000000000000000000000000000000000000000000000820860757381768,-1.33383760705493,0.689,0.875,0.00000000000000000000000000000000000000000000300443245809301,"Dendritic cells","Healthy_vs_SNMG_Pre","Downregulated"
"CXCR4",0.00000000000000000000000000000000000000000389689732059291,-1.03335619190942,0.845,0.954,0.000000000000000000000000000000000000142630338831021,"Dendritic cells","Healthy_vs_SNMG_Pre","Downregulated"
"SAP30",0.00000000000000000000000000000000000022184692686672,-2.07829607993049,0.267,0.546,0.00000000000000000000000000000000811981937024882,"Dendritic cells","Healthy_vs_SNMG_Pre","Downregulated"
"ZFP36L2",0.00000000000000000000000000000000000335057946523034,-0.930721089754486,0.886,0.971,0.000000000000000000000000000000122634559006896,"Dendritic cells","Healthy_vs_SNMG_Pre","Downregulated"
"IFI44L",0.00000000000000000000000000000000175502289162539,3.20886747633893,0.331,0.073,0.000000000000000000000000000064235592856381,"Dendritic cells","Healthy_vs_SNMG_Pre","Upregulated"
"SRGAP1",0.0000000000000000000000000000000419205705952142,-2.90713991010412,0.03,0.233,0.00000000000000000000000000153433480435543,"Dendritic cells","Healthy_vs_SNMG_Pre","Downregulated"
"AREG",0.000000000000000000000000000000132241369932852,-1.22478910497172,0.449,0.711,0.00000000000000000000000000484016638091231,"Dendritic cells","Healthy_vs_SNMG_Pre","Downregulated"
"HLA-DRB5",0.0000000000000000000000000000254938834935412,-0.824280591270581,0.786,0.92,0.000000000000000000000000933101629747103,"Dendritic cells","Healthy_vs_SNMG_Pre","Downregulated"
"ZBTB16",0.00000000000000000000000000181303488178936,-3.47737912862193,0.027,0.202,0.0000000000000000000000663588897083723,"Dendritic cells","Healthy_vs_SNMG_Pre","Downregulated"
"MX1",0.000000000000000000000490682535260454,1.45696192330815,0.533,0.317,0.0000000000000000179594714730679,"Dendritic cells","Healthy_vs_SNMG_Pre","Upregulated"
"DDIT4",0.000000000000000000000771878077219756,-0.808849037369043,0.71,0.852,0.0000000000000000282515095043203,"Dendritic cells","Healthy_vs_SNMG_Pre","Downregulated"
"RPS26",0.00000000000000000000087049074334801,0.619068498807822,0.988,0.984,0.0000000000000000318608316972805,"Dendritic cells","Healthy_vs_SNMG_Pre","Upregulated"
"SMAP2",0.00000000000000000000474625037230494,-0.746325858434204,0.779,0.88,0.000000000000000173717509876733,"Dendritic cells","Healthy_vs_SNMG_Pre","Downregulated"
"GLUL",0.0000000000000000179885948050177,-0.86929839998914,0.444,0.639,0.000000000000658400558458452,"Dendritic cells","Healthy_vs_SNMG_Pre","Downregulated"
"EIF2AK2",0.000000000000000023464820796607,1.10020701257521,0.565,0.398,0.000000000000858835905976612,"Dendritic cells","Healthy_vs_SNMG_Pre","Upregulated"
"CDKN2D",0.000000000000000258512335401467,0.642713459931785,0.827,0.763,0.00000000000946180998802911,"Dendritic cells","Healthy_vs_SNMG_Pre","Upregulated"
"HBB",0.00000000000000142860789483853,-0.78190222230122,0.726,0.738,0.0000000000522884775589849,"Dendritic cells","Healthy_vs_SNMG_Pre","Downregulated"
"ISG20",0.00000000000000278736879370364,-0.937735207741854,0.344,0.538,0.000000000102020485218347,"Dendritic cells","Healthy_vs_SNMG_Pre","Downregulated"
"IRS2",0.00000000000000976831497777083,-1.21447479265641,0.196,0.374,0.00000000035753009650139,"Dendritic cells","Healthy_vs_SNMG_Pre","Downregulated"
"XAF1",0.000000000000015295391183684,1.11465652291299,0.519,0.361,0.000000000559826612714017,"Dendritic cells","Healthy_vs_SNMG_Pre","Upregulated"
"PDK4",0.0000000000000260714588915497,-2.00975395986722,0.042,0.161,0.00000000095424146688961,"Dendritic cells","Healthy_vs_SNMG_Pre","Downregulated"
"RGS1",0.0000000000000273834717008699,-2.55088061619002,0.252,0.403,0.00000000100226244772354,"Dendritic cells","Healthy_vs_SNMG_Pre","Downregulated"
"TNFAIP3",0.0000000000000473006153435494,-1.05697912373603,0.462,0.624,0.00000000173124982218925,"Dendritic cells","Healthy_vs_SNMG_Pre","Downregulated"
"TIPARP",0.000000000000142478854631416,-2.31708343890762,0.178,0.325,0.00000000521486855836445,"Dendritic cells","Healthy_vs_SNMG_Pre","Downregulated"
"PLIN2",0.000000000000167734989786485,-1.00390074314878,0.216,0.387,0.00000000613926836117514,"Dendritic cells","Healthy_vs_SNMG_Pre","Downregulated"
"KLF9",0.000000000000183321178474765,-0.846943566967747,0.421,0.567,0.00000000670973845335488,"Dendritic cells","Healthy_vs_SNMG_Pre","Downregulated"
"STAT1",0.000000000000239287723554922,0.940678276041734,0.6,0.468,0.00000000875816996983372,"Dendritic cells","Healthy_vs_SNMG_Pre","Upregulated"
"TXNIP",0.000000000000589321560663238,-0.529501062971486,0.951,0.956,0.0000000215697584418352,"Dendritic cells","Healthy_vs_SNMG_Pre","Downregulated"
"SH3BP5",0.000000000000629618710357573,-0.67604642027489,0.535,0.686,0.0000000230446744177975,"Dendritic cells","Healthy_vs_SNMG_Pre","Downregulated"
"CD163",0.00000000000209942870396096,-1.2165897828763,0.292,0.444,0.000000076841189993675,"Dendritic cells","Healthy_vs_SNMG_Pre","Downregulated"
"MT2A",0.00000000000224578717718163,-1.07803498289086,0.449,0.605,0.0000000821980564720249,"Dendritic cells","Healthy_vs_SNMG_Pre","Downregulated"
"CLEC4E",0.00000000000324843829237941,-1.69895055066969,0.06,0.177,0.000000118896089939379,"Dendritic cells","Healthy_vs_SNMG_Pre","Downregulated"
"SLA",0.00000000000414059582364128,-0.933496619174663,0.199,0.359,0.000000151549947741095,"Dendritic cells","Healthy_vs_SNMG_Pre","Downregulated"
"ISG15",0.00000000000452205104478668,1.13714837772217,0.533,0.42,0.000000165511590290237,"Dendritic cells","Healthy_vs_SNMG_Pre","Upregulated"
"ATF3",0.0000000000110992330646791,-2.54703822568119,0.101,0.221,0.000000406243029400321,"Dendritic cells","Healthy_vs_SNMG_Pre","Downregulated"
"PICK1",0.0000000000136178649108511,-1.31759590530655,0.1,0.229,0.00000049842747360206,"Dendritic cells","Healthy_vs_SNMG_Pre","Downregulated"
"CBX6",0.0000000000138682612646435,0.697673757749429,0.614,0.473,0.000000507592230547216,"Dendritic cells","Healthy_vs_SNMG_Pre","Upregulated"
"ID1",0.0000000000171717954605061,-2.80913345254872,0.044,0.143,0.000000628504885649984,"Dendritic cells","Healthy_vs_SNMG_Pre","Downregulated"
"SOCS1",0.0000000000463981978732381,-0.915008471941103,0.124,0.262,0.00000169822044035839,"Dendritic cells","Healthy_vs_SNMG_Pre","Downregulated"
"CES1",0.0000000000533280413626658,-0.998735597295792,0.139,0.285,0.00000195185964191493,"Dendritic cells","Healthy_vs_SNMG_Pre","Downregulated"
"MAFF",0.0000000000566245579002687,-2.44400009634446,0.074,0.18,0.00000207251544370774,"Dendritic cells","Healthy_vs_SNMG_Pre","Downregulated"
"LMNA",0.0000000000749558706963519,-0.848958467429815,0.328,0.486,0.00000274345982335718,"Dendritic cells","Healthy_vs_SNMG_Pre","Downregulated"
"IL1R2",0.000000000104991721825964,-1.1305110727594,0.215,0.364,0.00000384280201055211,"Dendritic cells","Healthy_vs_SNMG_Pre","Downregulated"
"FOSB",0.000000000119365040385078,-2.89468388067559,0.247,0.363,0.00000436887984313423,"Dendritic cells","Healthy_vs_SNMG_Pre","Downregulated"
"IGHA1",0.000000000138599913037277,-5.38094886625987,0.041,0.132,0.00000507289541707737,"Dendritic cells","Healthy_vs_SNMG_Pre","Downregulated"
"DUSP1",0.000000000335698634716074,-0.803168723462813,0.641,0.751,0.000012286905729243,"Dendritic cells","Healthy_vs_SNMG_Pre","Downregulated"
"PER1",0.000000000404524648849851,-0.73924865199563,0.342,0.493,0.0000148060066725534,"Dendritic cells","Healthy_vs_SNMG_Pre","Downregulated"
"IFNGR1",0.000000000728633036363562,-0.555604773374622,0.656,0.769,0.0000266686977639427,"Dendritic cells","Healthy_vs_SNMG_Pre","Downregulated"
"KLF6",0.000000000757464955933118,-0.955069627452103,0.721,0.815,0.000027723974852108,"Dendritic cells","Healthy_vs_SNMG_Pre","Downregulated"
"ELL2",0.000000000823627875728211,-2.58581261673419,0.03,0.109,0.0000301456038795283,"Dendritic cells","Healthy_vs_SNMG_Pre","Downregulated"
"ACSL1",0.000000000896873369578849,-1.13089598379948,0.112,0.233,0.0000328264621999555,"Dendritic cells","Healthy_vs_SNMG_Pre","Downregulated"
"ID2",0.00000000118900510207237,-0.859310385102201,0.636,0.754,0.0000435187757409507,"Dendritic cells","Healthy_vs_SNMG_Pre","Downregulated"
"OAS2",0.00000000133411596201751,1.07163875756643,0.375,0.239,0.000048829978325803,"Dendritic cells","Healthy_vs_SNMG_Pre","Upregulated"
"SCO2",0.00000000136100074755945,0.822087223916858,0.538,0.418,0.0000498139883614234,"Dendritic cells","Healthy_vs_SNMG_Pre","Upregulated"
"IFI6",0.00000000242003300312641,1.20089478533492,0.335,0.211,0.0000885756279474296,"Dendritic cells","Healthy_vs_SNMG_Pre","Upregulated"
"FRAT1",0.00000000358639285328809,-1.05572919305411,0.117,0.234,0.000131265564823197,"Dendritic cells","Healthy_vs_SNMG_Pre","Downregulated"
"HBA2",0.00000000390963339402023,-0.773294533696894,0.245,0.382,0.000143096491854534,"Dendritic cells","Healthy_vs_SNMG_Pre","Downregulated"
"MX2",0.0000000040398868255901,0.903269075839781,0.449,0.322,0.000147863897703423,"Dendritic cells","Healthy_vs_SNMG_Pre","Upregulated"
"AC020916.1",0.0000000056608048097507,-2.37238855794672,0.226,0.33,0.000207191116841685,"Dendritic cells","Healthy_vs_SNMG_Pre","Downregulated"
"MIR181A1HG",0.00000000661631132070653,-0.67884559808424,0.423,0.558,0.00024216361064918,"Dendritic cells","Healthy_vs_SNMG_Pre","Downregulated"
"MYADM",0.00000000901698500929751,-0.783288302661414,0.615,0.693,0.000330030668325298,"Dendritic cells","Healthy_vs_SNMG_Pre","Downregulated"
"EREG",0.00000000935824272719613,-1.88556446638995,0.15,0.262,0.000342521042058106,"Dendritic cells","Healthy_vs_SNMG_Pre","Downregulated"
"NFKBIA",0.0000000136602108965692,-0.71174126240676,0.772,0.846,0.000499977379025329,"Dendritic cells","Healthy_vs_SNMG_Pre","Downregulated"
"P2RY13",0.000000017453248764868,-0.964309170027283,0.187,0.311,0.000638806358042934,"Dendritic cells","Healthy_vs_SNMG_Pre","Downregulated"
"DEPTOR",0.000000020851966285056,-1.02217197356517,0.125,0.239,0.000763202817999334,"Dendritic cells","Healthy_vs_SNMG_Pre","Downregulated"
"IFI44",0.0000000217434950778216,1.45097196037248,0.215,0.111,0.00079583366334335,"Dendritic cells","Healthy_vs_SNMG_Pre","Upregulated"
"CDKN1A",0.0000000235811744580068,-1.12163361012887,0.36,0.478,0.000863094566337505,"Dendritic cells","Healthy_vs_SNMG_Pre","Downregulated"
"LCP2",0.000000026366521002688,-0.525060297637394,0.434,0.58,0.000965041035219383,"Dendritic cells","Healthy_vs_SNMG_Pre","Downregulated"
"HBA1",0.0000000295610926348085,-0.640960647866486,0.103,0.211,0.00108196555152662,"Dendritic cells","Healthy_vs_SNMG_Pre","Downregulated"
"FAM107B",0.0000000335246889566751,0.580979189125871,0.542,0.413,0.00122703714050326,"Dendritic cells","Healthy_vs_SNMG_Pre","Upregulated"
"GCLC",0.0000000364333388294649,-0.585525285184888,0.304,0.441,0.00133349663449725,"Dendritic cells","Healthy_vs_SNMG_Pre","Downregulated"
"KLF4",0.000000041201135957865,-1.24222031872679,0.455,0.553,0.00150800277719382,"Dendritic cells","Healthy_vs_SNMG_Pre","Downregulated"
"SP110",0.0000000488381283367889,0.54425340937491,0.744,0.649,0.00178752433525481,"Dendritic cells","Healthy_vs_SNMG_Pre","Upregulated"
"CSGALNACT1",0.0000000532566999019427,-1.2934838402951,0.075,0.167,0.001949248473111,"Dendritic cells","Healthy_vs_SNMG_Pre","Downregulated"
"NINJ1",0.0000000565316771285142,-1.01824360384694,0.182,0.299,0.00206911591458075,"Dendritic cells","Healthy_vs_SNMG_Pre","Downregulated"
"IRAK3",0.0000000698514810330308,-0.82964415015485,0.311,0.433,0.00255663405728996,"Dendritic cells","Healthy_vs_SNMG_Pre","Downregulated"
"AC144652.1",0.0000000752646266702805,-1.12818643232088,0.049,0.13,0.00275476060075894,"Dendritic cells","Healthy_vs_SNMG_Pre","Downregulated"
"SAMD9L",0.0000000866791500745973,0.875612329270294,0.376,0.265,0.00317254357188034,"Dendritic cells","Healthy_vs_SNMG_Pre","Upregulated"
"ANKRD28",0.0000000975802318583149,-1.05555186483558,0.186,0.301,0.00357153406624618,"Dendritic cells","Healthy_vs_SNMG_Pre","Downregulated"
"CEBPD",0.000000110158469615229,-0.506716856949259,0.67,0.728,0.00403191014638699,"Dendritic cells","Healthy_vs_SNMG_Pre","Downregulated"
"CEACAM4",0.000000112087031758855,-1.22790786438135,0.101,0.197,0.00410249744940586,"Dendritic cells","Healthy_vs_SNMG_Pre","Downregulated"
"JUN",0.000000135087079375551,-2.19106744083179,0.149,0.246,0.00494432219222455,"Dendritic cells","Healthy_vs_SNMG_Pre","Downregulated"
"TUBB6",0.000000143905625607917,-0.723853233524223,0.229,0.356,0.00526708980287536,"Dendritic cells","Healthy_vs_SNMG_Pre","Downregulated"
"CHKA",0.000000152984122439909,-0.86469302124247,0.139,0.247,0.00559937186542312,"Dendritic cells","Healthy_vs_SNMG_Pre","Downregulated"
"CLN8",0.000000171033935428092,-0.884913995729278,0.427,0.561,0.00626001307060359,"Dendritic cells","Healthy_vs_SNMG_Pre","Downregulated"
"PPP1R15A",0.000000198361606654453,-1.28375920643991,0.574,0.649,0.00726023316515962,"Dendritic cells","Healthy_vs_SNMG_Pre","Downregulated"
"BATF3",0.000000208105223781632,-0.753815472648502,0.31,0.444,0.00761685929563151,"Dendritic cells","Healthy_vs_SNMG_Pre","Downregulated"
"YPEL5",0.000000247137087581387,-0.927263118220169,0.779,0.826,0.00904546454256633,"Dendritic cells","Healthy_vs_SNMG_Pre","Downregulated"
"RGCC",0.000000481397811446906,-1.09354628862988,0.181,0.285,0.0176196412967682,"Dendritic cells","Healthy_vs_SNMG_Pre","Downregulated"
"MARCKS",0.000000485365116103196,0.531633084549181,0.434,0.325,0.0177648486144931,"Dendritic cells","Healthy_vs_SNMG_Pre","Upregulated"
"CCNH",0.000000668219445081066,-0.753114784200778,0.37,0.485,0.0244574999094121,"Dendritic cells","Healthy_vs_SNMG_Pre","Downregulated"
"ZFAND5",0.000000711915294760056,-0.691737166839849,0.621,0.715,0.0260568117035128,"Dendritic cells","Healthy_vs_SNMG_Pre","Downregulated"
"PNP",0.000000736261837300142,-0.836398147418637,0.216,0.327,0.0269479195070225,"Dendritic cells","Healthy_vs_SNMG_Pre","Downregulated"
"HERC5",0.00000084818824373227,0.878398414771172,0.223,0.122,0.0310445379088448,"Dendritic cells","Healthy_vs_SNMG_Pre","Upregulated"
"TMEM156",0.000000957653082480087,0.90433811064884,0.269,0.166,0.0350510604718537,"Dendritic cells","Healthy_vs_SNMG_Pre","Upregulated"
"SIRT1",0.000000974342099968994,-0.574212823345492,0.28,0.403,0.0356618952009652,"Dendritic cells","Healthy_vs_SNMG_Pre","Downregulated"
"SERTAD1",0.00000109098246271389,-1.18533173463856,0.128,0.218,0.039931049117791,"Dendritic cells","Healthy_vs_SNMG_Pre","Downregulated"
"PSTPIP2",0.00000128435737833322,-0.672492207712647,0.3,0.415,0.0470087644043742,"Dendritic cells","Healthy_vs_SNMG_Pre","Downregulated"
"LDLRAD3",0.00000131812133752105,-1.42673845156251,0.039,0.104,0.0482445590746078,"Dendritic cells","Healthy_vs_SNMG_Pre","Downregulated"
"FKBP5",0.000000000000000437767525475669,-0.551799684248749,0.821,0.901,0.000000000016022729199935,"Dendritic cells","SNMG_Pre_vs_SNMG_Post","Downregulated"
"ATF3",0.000000000000000594783525665493,3.15158932681253,0.221,0.07,0.0000000000217696718228827,"Dendritic cells","SNMG_Pre_vs_SNMG_Post","Upregulated"
"NR4A3",0.00000000000313699542557545,2.25468559483146,0.224,0.091,0.000000114817169571487,"Dendritic cells","SNMG_Pre_vs_SNMG_Post","Upregulated"
"CDKN1A",0.00000000000662226830893116,1.45731340234856,0.478,0.333,0.000000242381642375189,"Dendritic cells","SNMG_Pre_vs_SNMG_Post","Upregulated"
"ZNF331",0.00000000137133920477281,2.25613736655679,0.267,0.146,0.0000501923862338896,"Dendritic cells","SNMG_Pre_vs_SNMG_Post","Upregulated"
"ENPP4",0.0000000047311824706806,-0.793780430214877,0.267,0.411,0.000173166009609381,"Dendritic cells","SNMG_Pre_vs_SNMG_Post","Downregulated"
"CSRNP1",0.00000000794142826816093,1.63915502725561,0.345,0.233,0.000290664216042958,"Dendritic cells","SNMG_Pre_vs_SNMG_Post","Upregulated"
"KLF10",0.0000000154842736787774,0.555068617416469,0.75,0.652,0.000566739900916931,"Dendritic cells","SNMG_Pre_vs_SNMG_Post","Upregulated"
"JUND",0.0000000528352034634964,0.529968297322581,0.995,0.99,0.00193382128196743,"Dendritic cells","SNMG_Pre_vs_SNMG_Post","Upregulated"
"TIPARP",0.0000000696405859749358,1.91635013108332,0.325,0.22,0.00254891508726863,"Dendritic cells","SNMG_Pre_vs_SNMG_Post","Upregulated"
"LMNA",0.000000087151110787647,0.90584925370227,0.486,0.365,0.00318981780593867,"Dendritic cells","SNMG_Pre_vs_SNMG_Post","Upregulated"
"SOCS1",0.000000207681734847585,-0.684434640529832,0.262,0.398,0.00760135917715645,"Dendritic cells","SNMG_Pre_vs_SNMG_Post","Downregulated"
"PHLDA2",0.000000239894275289627,1.75822219594521,0.192,0.096,0.00878037036987565,"Dendritic cells","SNMG_Pre_vs_SNMG_Post","Upregulated"
"ZBTB16",0.000000270033972677997,-0.919119164578777,0.202,0.318,0.00988351343398737,"Dendritic cells","SNMG_Pre_vs_SNMG_Post","Downregulated"
"NINJ1",0.000000287401651677323,1.00102230932752,0.299,0.187,0.0105191878530417,"Dendritic cells","SNMG_Pre_vs_SNMG_Post","Upregulated"
"GLUL",0.000000420670750612058,-0.506371506098276,0.639,0.738,0.0153969701431519,"Dendritic cells","SNMG_Pre_vs_SNMG_Post","Downregulated"
"ST3GAL1",0.000000440862099691094,-0.784399302557693,0.182,0.3,0.0161359937107937,"Dendritic cells","SNMG_Pre_vs_SNMG_Post","Downregulated"
"ETV3",0.000000821517575804769,0.995818049507502,0.335,0.226,0.0300683647920304,"Dendritic cells","SNMG_Pre_vs_SNMG_Post","Upregulated"
"ID1",0.00000123770915251712,2.24584263442002,0.143,0.064,0.0453013926912792,"Dendritic cells","SNMG_Pre_vs_SNMG_Post","Upregulated"
"TMEM176B",0.00000000000000000000000391142046473846,-1.21022388330873,0.236,0.513,0.000000000000000000143161900429892,"Monocytes","Healthy_vs_AChR_MG","Downregulated"
"MYL4",0.00000000000000700165854402016,6.38429876505954,0.111,0.011,0.000000000256267704369682,"Monocytes","Healthy_vs_AChR_MG","Upregulated"
"TMEM176A",0.0000000000843530250615568,-0.978148077440714,0.187,0.347,0.00000308740507027804,"Monocytes","Healthy_vs_AChR_MG","Downregulated"
"RPS26",0.000000000312733139944967,0.851739895259227,0.683,0.661,0.0000114463456551258,"Monocytes","Healthy_vs_AChR_MG","Upregulated"
"MTRNR2L1",0.00000000129214404210531,-1.16383582614267,0.159,0.309,0.0000472937640850964,"Monocytes","Healthy_vs_AChR_MG","Downregulated"
"AC020656.1",0.00000001342535092346,0.886649583033705,0.66,0.643,0.000491381269149559,"Monocytes","Healthy_vs_AChR_MG","Upregulated"
"TNFSF10",0.000000136802789752816,-0.793757950411891,0.359,0.477,0.00500711890774282,"Monocytes","Healthy_vs_AChR_MG","Downregulated"
"HSPA1A",0.000000324523604286263,-0.85614013136778,0.156,0.273,0.0118778884404815,"Monocytes","Healthy_vs_AChR_MG","Downregulated"
"SAP30",0.000000000000000000000000000000000000000000000139553248207015,-2.51618362763142,0.206,0.557,0.00000000000000000000000000000000000000000510778843762495,"Monocytes","Healthy_vs_SNMG_Pre","Downregulated"
"ZBTB16",0.00000000000000000000000000000000000000000519667841942104,-2.41622626465757,0.149,0.487,0.00000000000000000000000000000000000019020362682923,"Monocytes","Healthy_vs_SNMG_Pre","Downregulated"
"FKBP5",0.00000000000000000000000000000000000000000555648277454055,-2.16270649218008,0.319,0.616,0.000000000000000000000000000000000000203372826030959,"Monocytes","Healthy_vs_SNMG_Pre","Downregulated"
"IFI44L",0.000000000000000000000000000000315038649249415,2.38835122623787,0.302,0.063,0.0000000000000000000000000115307296011779,"Monocytes","Healthy_vs_SNMG_Pre","Upregulated"
"CXCR4",0.0000000000000000000000000539963177147525,-1.22150316995722,0.378,0.636,0.00000000000000000000197631922467766,"Monocytes","Healthy_vs_SNMG_Pre","Downregulated"
"CD163",0.000000000000000000000036054322431528,-1.71534279382973,0.348,0.561,0.00000000000000000131962425531636,"Monocytes","Healthy_vs_SNMG_Pre","Downregulated"
"ARL4A",0.0000000000000000000000380702507053852,-1.68079118565193,0.236,0.468,0.0000000000000000013934092460678,"Monocytes","Healthy_vs_SNMG_Pre","Downregulated"
"TSC22D3",0.000000000000000000000105721169953347,-0.625161663908996,0.603,0.788,0.00000000000000000386950054146246,"Monocytes","Healthy_vs_SNMG_Pre","Downregulated"
"JDP2",0.00000000000000000000182809474425769,-1.35448478035645,0.319,0.541,0.0000000000000000669100957345756,"Monocytes","Healthy_vs_SNMG_Pre","Downregulated"
"ZFP36L2",0.00000000000000000000249087792437967,-0.954749327009958,0.567,0.734,0.0000000000000000911686229102202,"Monocytes","Healthy_vs_SNMG_Pre","Downregulated"
"IL1R2",0.00000000000000000000622631877240969,-3.65824062453353,0.036,0.212,0.000000000000000227889493388967,"Monocytes","Healthy_vs_SNMG_Pre","Downregulated"
"IRS2",0.0000000000000000000135600624918075,-1.07286388574127,0.383,0.606,0.000000000000000496311847262646,"Monocytes","Healthy_vs_SNMG_Pre","Downregulated"
"PHC2",0.0000000000000000000440836464938194,-1.54450760197829,0.244,0.464,0.00000000000000161350554532028,"Monocytes","Healthy_vs_SNMG_Pre","Downregulated"
"IFI6",0.0000000000000000000443715700571499,1.79589177416669,0.378,0.175,0.00000000000000162404383566174,"Monocytes","Healthy_vs_SNMG_Pre","Upregulated"
"SCO2",0.00000000000000000141032994814343,1.39242031891966,0.511,0.331,0.0000000000000516194864319978,"Monocytes","Healthy_vs_SNMG_Pre","Upregulated"
"SRGAP1",0.00000000000000000188304128932802,-3.54438964014294,0.026,0.177,0.0000000000000689211942306948,"Monocytes","Healthy_vs_SNMG_Pre","Downregulated"
"ADAMTS2",0.00000000000000000200491469746002,-5.41451874608196,0.002,0.128,0.0000000000000733818828417343,"Monocytes","Healthy_vs_SNMG_Pre","Downregulated"
"HMGB2",0.0000000000000000685602810508102,-1.01753648226898,0.503,0.671,0.0000000000025093748467407,"Monocytes","Healthy_vs_SNMG_Pre","Downregulated"
"PLIN2",0.00000000000000011523164492707,-1.56477011521864,0.213,0.409,0.00000000000421759343597568,"Monocytes","Healthy_vs_SNMG_Pre","Downregulated"
"SMAP2",0.000000000000000119133002881504,-0.848552782752252,0.6,0.72,0.00000000000436038703846593,"Monocytes","Healthy_vs_SNMG_Pre","Downregulated"
"CLEC4E",0.000000000000000424367276674926,-1.14720486476149,0.31,0.5,0.000000000015532266693579,"Monocytes","Healthy_vs_SNMG_Pre","Downregulated"
"PDK4",0.0000000000000014120664120053,-2.33926360875188,0.078,0.241,0.0000000000516830427458059,"Monocytes","Healthy_vs_SNMG_Pre","Downregulated"
"TMSB4X",0.00000000000000183528969765472,0.599111408644201,0.988,0.97,0.0000000000671734382238603,"Monocytes","Healthy_vs_SNMG_Pre","Upregulated"
"TNFAIP3",0.00000000000000255731169261542,-1.48391036387635,0.334,0.507,0.0000000000936001652614169,"Monocytes","Healthy_vs_SNMG_Pre","Downregulated"
"MX1",0.00000000000000757622143320712,1.6591885896109,0.307,0.139,0.000000000277297280676814,"Monocytes","Healthy_vs_SNMG_Pre","Upregulated"
"DDIT4",0.0000000000000384520354814655,-1.56114411961946,0.21,0.377,0.00000000140738295065712,"Monocytes","Healthy_vs_SNMG_Pre","Downregulated"
"PTP4A2",0.0000000000000455953140905819,0.652688131002668,0.795,0.776,0.00000000166883409102939,"Monocytes","Healthy_vs_SNMG_Pre","Upregulated"
"EPSTI1",0.000000000000084213051316773,1.23711457431297,0.331,0.163,0.00000000308228189124521,"Monocytes","Healthy_vs_SNMG_Pre","Upregulated"
"LY6E",0.000000000000427214341788688,1.45227595913935,0.423,0.275,0.0000000156364721238078,"Monocytes","Healthy_vs_SNMG_Pre","Upregulated"
"XAF1",0.0000000000010704206655573,1.24642918151516,0.411,0.259,0.0000000391784667800629,"Monocytes","Healthy_vs_SNMG_Pre","Upregulated"
"FLT3",0.00000000000138943079571491,-2.55563283540162,0.038,0.156,0.0000000508545565539614,"Monocytes","Healthy_vs_SNMG_Pre","Downregulated"
"AREG",0.00000000000161407981937032,-1.09041570251868,0.165,0.331,0.0000000590769354687732,"Monocytes","Healthy_vs_SNMG_Pre","Downregulated"
"AP001189.1",0.00000000000333179653033843,1.60457315216437,0.22,0.086,0.000000121947084806917,"Monocytes","Healthy_vs_SNMG_Pre","Upregulated"
"CEBPD",0.00000000000581507827994844,-0.614302382574877,0.646,0.745,0.000000212837680124393,"Monocytes","Healthy_vs_SNMG_Pre","Downregulated"
"IFIT3",0.0000000000248539019240308,2.11759893267052,0.149,0.045,0.000000909677664321451,"Monocytes","Healthy_vs_SNMG_Pre","Upregulated"
"CLU",0.000000000031239836671524,1.21971212706074,0.305,0.155,0.00000114340926201445,"Monocytes","Healthy_vs_SNMG_Pre","Upregulated"
"C1orf162",0.0000000000354537053352693,-0.584911291900775,0.614,0.702,0.00000129764106897619,"Monocytes","Healthy_vs_SNMG_Pre","Downregulated"
"HBA2",0.0000000000424162917862132,-0.834192820715997,0.194,0.358,0.00000155247869566719,"Monocytes","Healthy_vs_SNMG_Pre","Downregulated"
"OAS2",0.000000000059590781381749,1.24513553148125,0.293,0.151,0.00000218108218935339,"Monocytes","Healthy_vs_SNMG_Pre","Upregulated"
"OAS3",0.0000000000663196984276399,1.49446355899763,0.203,0.083,0.00000242736728215005,"Monocytes","Healthy_vs_SNMG_Pre","Upregulated"
"PF4",0.0000000000682587836073626,1.03670994922349,0.473,0.312,0.00000249833973881308,"Monocytes","Healthy_vs_SNMG_Pre","Upregulated"
"MARCKS",0.0000000000739189269571282,0.988108724810386,0.594,0.489,0.00000270550664555785,"Monocytes","Healthy_vs_SNMG_Pre","Upregulated"
"IFI44",0.0000000000793273289048163,1.58463752047284,0.227,0.101,0.00000290345956524518,"Monocytes","Healthy_vs_SNMG_Pre","Upregulated"
"GNG11",0.0000000000815628959834884,1.00576338200436,0.388,0.23,0.00000298528355589166,"Monocytes","Healthy_vs_SNMG_Pre","Upregulated"
"CAVIN2",0.000000000148865904554893,0.948634634685583,0.395,0.238,0.00000544864097261364,"Monocytes","Healthy_vs_SNMG_Pre","Upregulated"
"CMPK2",0.000000000184597198162411,1.90888806100343,0.135,0.04,0.00000675644204994241,"Monocytes","Healthy_vs_SNMG_Pre","Upregulated"
"ACSL1",0.000000000215146266905428,-0.835316620741872,0.284,0.446,0.00000787456851500556,"Monocytes","Healthy_vs_SNMG_Pre","Downregulated"
"PPBP",0.000000000250655670601313,0.825536910884006,0.586,0.425,0.00000917424819967865,"Monocytes","Healthy_vs_SNMG_Pre","Upregulated"
"PLEKHO1",0.000000000267850775968413,0.853230087006903,0.704,0.591,0.00000980360625121988,"Monocytes","Healthy_vs_SNMG_Pre","Upregulated"
"BLVRB",0.000000000317611449776975,-0.661461764238996,0.548,0.693,0.0000116248966732871,"Monocytes","Healthy_vs_SNMG_Pre","Downregulated"
"AL118516.1",0.000000000336925723287896,-2.28061522250444,0.047,0.152,0.0000123318183980603,"Monocytes","Healthy_vs_SNMG_Pre","Downregulated"
"JUN",0.000000000703741270793193,-2.80538224082618,0.165,0.288,0.0000257576342523017,"Monocytes","Healthy_vs_SNMG_Pre","Downregulated"
"ZFAND5",0.000000000825590022161712,-0.890453343702768,0.532,0.652,0.0000302174204011408,"Monocytes","Healthy_vs_SNMG_Pre","Downregulated"
"ANXA1",0.000000000956989365887561,-0.656661772972836,0.641,0.739,0.0000350267677808506,"Monocytes","Healthy_vs_SNMG_Pre","Downregulated"
"CCL5",0.0000000011305745586523,0.939111826788095,0.464,0.311,0.0000413801594212328,"Monocytes","Healthy_vs_SNMG_Pre","Upregulated"
"HBB",0.00000000124186161736241,-0.992380344875507,0.596,0.653,0.0000454533770570815,"Monocytes","Healthy_vs_SNMG_Pre","Downregulated"
"VCL",0.00000000128802806487501,1.02588038816939,0.641,0.511,0.0000471431152024904,"Monocytes","Healthy_vs_SNMG_Pre","Upregulated"
"CCR1",0.00000000132563809855972,1.14925396443438,0.464,0.343,0.0000485196800453844,"Monocytes","Healthy_vs_SNMG_Pre","Upregulated"
"PARP14",0.00000000134758813301392,1.16277859789658,0.416,0.295,0.0000493230732564426,"Monocytes","Healthy_vs_SNMG_Pre","Upregulated"
"PKP2",0.00000000150817400939256,-1.81156193424926,0.031,0.123,0.0000552006769177769,"Monocytes","Healthy_vs_SNMG_Pre","Downregulated"
"TLE3",0.00000000168656070310282,0.784265708131856,0.435,0.299,0.0000617298082942664,"Monocytes","Healthy_vs_SNMG_Pre","Upregulated"
"TUBB1",0.0000000019674923695946,0.758429445442468,0.343,0.194,0.000072012188219532,"Monocytes","Healthy_vs_SNMG_Pre","Upregulated"
"PELI1",0.00000000213488434771118,-0.826696744619089,0.334,0.48,0.0000781389020105768,"Monocytes","Healthy_vs_SNMG_Pre","Downregulated"
"TPM4",0.00000000268907377750967,0.926133274179886,0.75,0.665,0.0000984227893306315,"Monocytes","Healthy_vs_SNMG_Pre","Upregulated"
"FOSB",0.00000000274037113697116,-2.6440911502486,0.236,0.341,0.000100300323984281,"Monocytes","Healthy_vs_SNMG_Pre","Downregulated"
"CPM",0.00000000331774673955905,-1.45819974037745,0.168,0.295,0.000121432848414601,"Monocytes","Healthy_vs_SNMG_Pre","Downregulated"
"NFIA",0.00000000354654776458166,-1.25598851018215,0.158,0.287,0.000129807194731453,"Monocytes","Healthy_vs_SNMG_Pre","Downregulated"
"TIPARP",0.00000000533923060247058,-1.94604635851284,0.102,0.217,0.000195421179281026,"Monocytes","Healthy_vs_SNMG_Pre","Downregulated"
"HERPUD1",0.00000000585936302676349,-0.67227714500736,0.464,0.59,0.00021445854614257,"Monocytes","Healthy_vs_SNMG_Pre","Downregulated"
"CDKN2D",0.00000000750267192963822,0.782451733260237,0.733,0.644,0.000274605295296689,"Monocytes","Healthy_vs_SNMG_Pre","Upregulated"
"GP1BB",0.00000000766828254469178,0.872701724638343,0.404,0.259,0.000280666809418264,"Monocytes","Healthy_vs_SNMG_Pre","Upregulated"
"CSGALNACT2",0.00000000839092318904112,-0.726542053570267,0.466,0.586,0.000307116179642094,"Monocytes","Healthy_vs_SNMG_Pre","Downregulated"
"NUDT16",0.0000000107241969271515,-0.972324287230312,0.279,0.407,0.000392516331730674,"Monocytes","Healthy_vs_SNMG_Pre","Downregulated"
"C19orf33",0.000000012115073226925,2.00850219824463,0.147,0.057,0.000443423795178683,"Monocytes","Healthy_vs_SNMG_Pre","Upregulated"
"ISG15",0.000000013629833452469,1.21406040391829,0.373,0.261,0.000498865534193819,"Monocytes","Healthy_vs_SNMG_Pre","Upregulated"
"SLC31A2",0.0000000137148320048596,-0.806241511787402,0.241,0.381,0.000501976566209868,"Monocytes","Healthy_vs_SNMG_Pre","Downregulated"
"TGFB1",0.0000000142330076718674,0.900129360737985,0.692,0.598,0.000520942313798018,"Monocytes","Healthy_vs_SNMG_Pre","Upregulated"
"PICK1",0.0000000148427954480692,-1.68780272089162,0.036,0.124,0.000543261156194782,"Monocytes","Healthy_vs_SNMG_Pre","Downregulated"
"PLP2",0.0000000160119755523215,-0.596055361120563,0.438,0.567,0.000586054317190519,"Monocytes","Healthy_vs_SNMG_Pre","Downregulated"
"NAP1L1",0.0000000167522719403315,0.707292643918739,0.861,0.807,0.000613149905288075,"Monocytes","Healthy_vs_SNMG_Pre","Upregulated"
"RNF144B",0.0000000219861541856899,-0.620027018285112,0.347,0.488,0.000804715229350434,"Monocytes","Healthy_vs_SNMG_Pre","Downregulated"
"FMN1",0.0000000227840875297188,-1.90795145766951,0.055,0.149,0.000833920387675236,"Monocytes","Healthy_vs_SNMG_Pre","Downregulated"
"APOBEC3A",0.0000000319249080152389,0.970452211269902,0.392,0.274,0.00116848355826576,"Monocytes","Healthy_vs_SNMG_Pre","Upregulated"
"CD300E",0.0000000506283236312811,0.911097862323954,0.49,0.39,0.00185304727322852,"Monocytes","Healthy_vs_SNMG_Pre","Upregulated"
"KLF4",0.0000000549094791986671,-1.24963144089347,0.341,0.448,0.00200974184815041,"Monocytes","Healthy_vs_SNMG_Pre","Downregulated"
"HMGB1",0.0000000557108976077046,0.581693851772167,0.879,0.841,0.0020390745633396,"Monocytes","Healthy_vs_SNMG_Pre","Upregulated"
"PLEKHO2",0.0000000631575982408968,1.05654040433953,0.27,0.155,0.00231163125321506,"Monocytes","Healthy_vs_SNMG_Pre","Upregulated"
"PLEK",0.0000000709675633951475,0.661398439705853,0.737,0.659,0.00259748378782579,"Monocytes","Healthy_vs_SNMG_Pre","Upregulated"
"RHOU",0.0000000795285577878133,0.889691298456283,0.255,0.142,0.00291082474359176,"Monocytes","Healthy_vs_SNMG_Pre","Upregulated"
"MARCH2",0.0000000938889532340679,1.07827409521712,0.458,0.327,0.00343642957732012,"Monocytes","Healthy_vs_SNMG_Pre","Upregulated"
"HBA1",0.000000101444405668647,-1.20296689622003,0.123,0.237,0.00371296669187813,"Monocytes","Healthy_vs_SNMG_Pre","Downregulated"
"LYN",0.000000114998898158878,0.629173584277951,0.69,0.663,0.00420907467151311,"Monocytes","Healthy_vs_SNMG_Pre","Upregulated"
"TLN1",0.000000127888903733951,0.874858556179777,0.839,0.765,0.00468086176556635,"Monocytes","Healthy_vs_SNMG_Pre","Upregulated"
"LDLR",0.000000176658941295634,-1.5339673015835,0.087,0.184,0.00646589391036148,"Monocytes","Healthy_vs_SNMG_Pre","Downregulated"
"KLF2",0.000000206379920386772,-0.618785776566423,0.497,0.615,0.00755371146607623,"Monocytes","Healthy_vs_SNMG_Pre","Downregulated"
"ETS2",0.000000251868537835056,-0.565526260779033,0.421,0.549,0.00921864035330089,"Monocytes","Healthy_vs_SNMG_Pre","Downregulated"
"AGFG1",0.000000279730571808171,-0.691615034949016,0.373,0.495,0.0102384186587508,"Monocytes","Healthy_vs_SNMG_Pre","Downregulated"
"MYL4",0.000000309784373037623,3.75838555409617,0.111,0.041,0.01133841783755,"Monocytes","Healthy_vs_SNMG_Pre","Upregulated"
"OST4",0.000000312873493608046,0.724929050400774,0.922,0.874,0.0114514827395481,"Monocytes","Healthy_vs_SNMG_Pre","Upregulated"
"TMEM40",0.000000331061646636942,1.18817094138888,0.203,0.104,0.0121171873285587,"Monocytes","Healthy_vs_SNMG_Pre","Upregulated"
"IRAK3",0.000000361525922465649,-0.555233872588694,0.508,0.626,0.0132322102881652,"Monocytes","Healthy_vs_SNMG_Pre","Downregulated"
"EGR1",0.000000439273900486621,1.53645335310307,0.293,0.194,0.0160778640317108,"Monocytes","Healthy_vs_SNMG_Pre","Upregulated"
"RGS18",0.000000502772254097171,1.37283458389861,0.575,0.484,0.0184019672722106,"Monocytes","Healthy_vs_SNMG_Pre","Upregulated"
"RAP1B",0.000000539370375998442,0.754548384316711,0.858,0.755,0.019741495131919,"Monocytes","Healthy_vs_SNMG_Pre","Upregulated"
"MAP3K8",0.000000556133130802297,-0.734234555882161,0.354,0.468,0.0203550287204949,"Monocytes","Healthy_vs_SNMG_Pre","Downregulated"
"CMTM5",0.00000055918916395291,0.995109825846514,0.222,0.122,0.0204668825898405,"Monocytes","Healthy_vs_SNMG_Pre","Upregulated"
"MYL9",0.000000653215962325292,0.600067598387361,0.218,0.114,0.023908357437068,"Monocytes","Healthy_vs_SNMG_Pre","Upregulated"
"PPDPF",0.000000675127192245739,0.837652899089497,0.516,0.399,0.0247103303633863,"Monocytes","Healthy_vs_SNMG_Pre","Upregulated"
"ITGB3",0.00000081388856495892,1.39066298450494,0.146,0.065,0.0297891353660614,"Monocytes","Healthy_vs_SNMG_Pre","Upregulated"
"ADAR",0.000000844914398689478,0.546103167261862,0.542,0.456,0.0309247119064336,"Monocytes","Healthy_vs_SNMG_Pre","Upregulated"
"F13A1",0.000000872332393889295,0.781866691146116,0.475,0.357,0.0319282379487421,"Monocytes","Healthy_vs_SNMG_Pre","Upregulated"
"NRGN",0.000000872732109558584,0.877810816791207,0.674,0.598,0.0319428679419537,"Monocytes","Healthy_vs_SNMG_Pre","Upregulated"
"C15orf39",0.00000104632097807907,0.767861342614483,0.383,0.27,0.0382963941186721,"Monocytes","Healthy_vs_SNMG_Pre","Upregulated"
"FRAT1",0.0000011914310612773,-0.865893733778399,0.107,0.206,0.0436075682738104,"Monocytes","Healthy_vs_SNMG_Pre","Downregulated"
"TYMP",0.00000120059616545043,0.537152798906357,0.69,0.718,0.0439430202516512,"Monocytes","Healthy_vs_SNMG_Pre","Upregulated"
"IAH1",0.00000134783942607975,-0.727793247464525,0.21,0.325,0.0493322708339449,"Monocytes","Healthy_vs_SNMG_Pre","Downregulated"
"AREG",0.000000000000000216036883131067,-1.25268236644589,0.331,0.498,0.00000000000790716595948017,"Monocytes","SNMG_Pre_vs_SNMG_Post","Downregulated"
"SLA",0.000000000000000947401669755498,-0.949893963958121,0.47,0.592,0.000000000034675848514721,"Monocytes","SNMG_Pre_vs_SNMG_Post","Downregulated"
"TIPARP",0.0000000000000325690550869612,2.20051255454894,0.217,0.093,0.00000000119205998523787,"Monocytes","SNMG_Pre_vs_SNMG_Post","Upregulated"
"ATF3",0.0000000000000763862667964347,2.5093142119692,0.165,0.057,0.00000000279581375101631,"Monocytes","SNMG_Pre_vs_SNMG_Post","Upregulated"
"IL1R2",0.00000000000163793679097318,-1.33704294714421,0.212,0.36,0.0000000599501244864093,"Monocytes","SNMG_Pre_vs_SNMG_Post","Downregulated"
"PLEKHO2",0.00000000000193770120454246,-1.05648341141285,0.155,0.296,0.0000000709218017874586,"Monocytes","SNMG_Pre_vs_SNMG_Post","Downregulated"
"NAB2",0.000000000148643592257223,-1.465372400571,0.03,0.113,0.00000544050412020661,"Monocytes","SNMG_Pre_vs_SNMG_Post","Downregulated"
"C3AR1",0.000000000460572364900034,-1.49283391820864,0.175,0.29,0.0000168574091277061,"Monocytes","SNMG_Pre_vs_SNMG_Post","Downregulated"
"FKBP5",0.0000000011987184738977,-0.533136313374202,0.616,0.668,0.0000438742948631297,"Monocytes","SNMG_Pre_vs_SNMG_Post","Downregulated"
"KLF4",0.00000000162900699228415,1.02930012952968,0.448,0.336,0.0000596232849245922,"Monocytes","SNMG_Pre_vs_SNMG_Post","Upregulated"
"TMCC3",0.00000000249767682767742,-1.18991916742393,0.095,0.198,0.0000914174695698213,"Monocytes","SNMG_Pre_vs_SNMG_Post","Downregulated"
"CRK",0.00000000446903382446626,-0.981644322872445,0.177,0.292,0.00016357110700929,"Monocytes","SNMG_Pre_vs_SNMG_Post","Downregulated"
"TAGAP",0.00000000546492483495224,1.08246623530705,0.241,0.137,0.000200021713884087,"Monocytes","SNMG_Pre_vs_SNMG_Post","Upregulated"
"B3GNT5",0.0000000112866572500633,-1.22539663873631,0.142,0.247,0.000413102942009567,"Monocytes","SNMG_Pre_vs_SNMG_Post","Downregulated"
"IFNGR2",0.00000001942336309292,-0.719317519318241,0.479,0.561,0.000710914512563964,"Monocytes","SNMG_Pre_vs_SNMG_Post","Downregulated"
"KLF2",0.0000000311243562803089,0.541684879041064,0.615,0.502,0.00113918256421559,"Monocytes","SNMG_Pre_vs_SNMG_Post","Upregulated"
"IL1RAP",0.0000000355084894077204,-0.836053947852322,0.198,0.311,0.00129964622081198,"Monocytes","SNMG_Pre_vs_SNMG_Post","Downregulated"
"SAMSN1",0.0000000631681548086852,-0.687191509533237,0.513,0.579,0.00231201763415269,"Monocytes","SNMG_Pre_vs_SNMG_Post","Downregulated"
"CCDC71L",0.0000000707209001231585,-1.11456258850977,0.119,0.218,0.00258845566540772,"Monocytes","SNMG_Pre_vs_SNMG_Post","Downregulated"
"AL118516.1",0.0000000729818103046024,1.51587399490618,0.152,0.073,0.00267120723895875,"Monocytes","SNMG_Pre_vs_SNMG_Post","Upregulated"
"IFNGR1",0.0000000763536184123767,-0.566988316399662,0.571,0.631,0.0027946187875114,"Monocytes","SNMG_Pre_vs_SNMG_Post","Downregulated"
"ASPH",0.0000000840718591269525,-1.13582482368487,0.218,0.324,0.00307711411590559,"Monocytes","SNMG_Pre_vs_SNMG_Post","Downregulated"
"BHLHE40",0.0000000956306665611303,1.11467180660446,0.242,0.148,0.00350017802680393,"Monocytes","SNMG_Pre_vs_SNMG_Post","Upregulated"
"METRNL",0.0000000964416213598221,-0.677602558647115,0.483,0.555,0.00352985978339085,"Monocytes","SNMG_Pre_vs_SNMG_Post","Downregulated"
"TUT7",0.000000099843607763763,-0.667827748607918,0.358,0.465,0.00365437588776149,"Monocytes","SNMG_Pre_vs_SNMG_Post","Downregulated"
"TMEM176A",0.000000113765595069994,0.78340153824389,0.253,0.149,0.00416393454515687,"Monocytes","SNMG_Pre_vs_SNMG_Post","Upregulated"
"FOSB",0.000000148773787652475,1.92964689464949,0.341,0.261,0.00544526940186822,"Monocytes","SNMG_Pre_vs_SNMG_Post","Upregulated"
"LINC00877",0.00000019040320085838,0.982882495189104,0.231,0.137,0.00696894755461758,"Monocytes","SNMG_Pre_vs_SNMG_Post","Upregulated"
"KLF10",0.000000241706700693055,0.509885732881444,0.561,0.463,0.0088467069520665,"Monocytes","SNMG_Pre_vs_SNMG_Post","Upregulated"
"AL034397.3",0.000000251356905490467,-0.567847874301009,0.402,0.505,0.0091999140978566,"Monocytes","SNMG_Pre_vs_SNMG_Post","Downregulated"
"XPO1",0.000000259675993084904,0.680834320896978,0.34,0.231,0.00950440102290056,"Monocytes","SNMG_Pre_vs_SNMG_Post","Upregulated"
"FPR2",0.000000277271758034943,-0.930745860983895,0.151,0.249,0.010148423615837,"Monocytes","SNMG_Pre_vs_SNMG_Post","Downregulated"
"JDP2",0.000000339044743426716,-0.551271322986742,0.541,0.607,0.0124093766541612,"Monocytes","SNMG_Pre_vs_SNMG_Post","Downregulated"
"MAFF",0.000000613521700410207,1.60383807155058,0.132,0.065,0.022455507756714,"Monocytes","SNMG_Pre_vs_SNMG_Post","Upregulated"
"AGO2",0.000000647633813899314,-0.801860768662559,0.233,0.334,0.0237040452225288,"Monocytes","SNMG_Pre_vs_SNMG_Post","Downregulated"
"LDLR",0.000000674982212924842,1.09016821231236,0.184,0.103,0.0247050239752621,"Monocytes","SNMG_Pre_vs_SNMG_Post","Upregulated"
"DNAJA1",0.000000722508661073925,0.518521829395658,0.437,0.333,0.0264445395039667,"Monocytes","SNMG_Pre_vs_SNMG_Post","Upregulated"
"CCNL1",0.00000105052479412799,0.629676257357607,0.611,0.534,0.0384502579898786,"Monocytes","SNMG_Pre_vs_SNMG_Post","Upregulated"
"CNEP1R1",0.00000110579353548998,-0.935883051683969,0.111,0.196,0.0404731491924687,"Monocytes","SNMG_Pre_vs_SNMG_Post","Downregulated"
"TMEM176B",0.00000113236154265219,0.528032656006967,0.337,0.233,0.0414455648226127,"Monocytes","SNMG_Pre_vs_SNMG_Post","Upregulated"
"CLEC5A",0.00000122868778347541,-1.57704525916933,0.067,0.138,0.0449712015629835,"Monocytes","SNMG_Pre_vs_SNMG_Post","Downregulated"
"IRF1",0.00000127182079949888,0.636022935798063,0.467,0.365,0.0465499130824586,"Monocytes","SNMG_Pre_vs_SNMG_Post","Upregulated"
"RSAD2",0.0000000000000000000000000000168166096399367,1.63069987796643,0.421,0.135,0.000000000000000000000000615504729431322,"Neutrophils","Healthy_vs_AChR_MG","Upregulated"
"IFI44L",0.000000000000000000000000134869488626796,1.68800526696456,0.317,0.085,0.00000000000000000000493635815322936,"Neutrophils","Healthy_vs_AChR_MG","Upregulated"
"IFIT1",0.00000000000000000000334715716462477,1.70790265289595,0.337,0.12,0.000000000000000122509299382431,"Neutrophils","Healthy_vs_AChR_MG","Upregulated"
"FKBP5",0.0000000000000000000186474370820336,2.40045559682385,0.251,0.069,0.00000000000000068251484463951,"Neutrophils","Healthy_vs_AChR_MG","Upregulated"
"ISG15",0.000000000000000000173384375696582,1.82018711573354,0.412,0.188,0.00000000000000634604153487058,"Neutrophils","Healthy_vs_AChR_MG","Upregulated"
"MX1",0.000000000000000000289065146713071,1.31200649302575,0.41,0.178,0.0000000000000105800734348451,"Neutrophils","Healthy_vs_AChR_MG","Upregulated"
"SOD2",0.00000000000000000116733436469735,-0.734657624233019,0.777,0.89,0.0000000000000427256050822879,"Neutrophils","Healthy_vs_AChR_MG","Downregulated"
"HERC5",0.00000000000000000138548448055314,1.43989110571505,0.376,0.161,0.0000000000000507101174727256,"Neutrophils","Healthy_vs_AChR_MG","Upregulated"
"LY6E",0.00000000000000000208013721937207,1.88230311300698,0.294,0.104,0.0000000000000761351023662372,"Neutrophils","Healthy_vs_AChR_MG","Upregulated"
"IRS2",0.00000000000000172688513938657,1.20062972784148,0.424,0.213,0.0000000000632057229866879,"Neutrophils","Healthy_vs_AChR_MG","Upregulated"
"G0S2",0.000000000000197739816469237,-0.731712117056489,0.622,0.775,0.00000000723747502259054,"Neutrophils","Healthy_vs_AChR_MG","Downregulated"
"XAF1",0.000000000000470915895219407,1.40094921169982,0.351,0.18,0.0000000172359926809255,"Neutrophils","Healthy_vs_AChR_MG","Upregulated"
"IFIT2",0.000000000000478579673805414,1.33233440276297,0.437,0.258,0.0000000175164946409519,"Neutrophils","Healthy_vs_AChR_MG","Upregulated"
"IFIT3",0.000000000000553596253143975,1.01313171083142,0.472,0.278,0.0000000202621764613226,"Neutrophils","Healthy_vs_AChR_MG","Upregulated"
"OAS3",0.000000000000797498599282636,1.79606471983137,0.173,0.051,0.0000000291892462323438,"Neutrophils","Healthy_vs_AChR_MG","Upregulated"
"EPSTI1",0.0000000000023203702025709,1.65347513836432,0.226,0.087,0.0000000849278697842976,"Neutrophils","Healthy_vs_AChR_MG","Upregulated"
"ZC3HAV1",0.00000000000255611809082827,1.58378675169286,0.303,0.144,0.0000000935564782424054,"Neutrophils","Healthy_vs_AChR_MG","Upregulated"
"IFI44",0.00000000000332920195569102,1.8991632286203,0.173,0.053,0.000000121852120780247,"Neutrophils","Healthy_vs_AChR_MG","Upregulated"
"ZFP36L2",0.000000000014418061269143,0.944313345577901,0.46,0.278,0.000000527715460511903,"Neutrophils","Healthy_vs_AChR_MG","Upregulated"
"CMPK2",0.000000000101440177679758,1.89174777103187,0.123,0.03,0.00000371281194325681,"Neutrophils","Healthy_vs_AChR_MG","Upregulated"
"EIF2AK2",0.0000000001236400611812,1.22175081096654,0.287,0.14,0.00000452534987929312,"Neutrophils","Healthy_vs_AChR_MG","Upregulated"
"DUSP6",0.000000000319112461818062,-1.47495702385464,0.144,0.295,0.0000116798352150029,"Neutrophils","Healthy_vs_AChR_MG","Downregulated"
"TXNIP",0.000000000365376176623885,0.593405095456037,0.815,0.727,0.0000133731334406108,"Neutrophils","Healthy_vs_AChR_MG","Upregulated"
"IFI6",0.00000000119112859198495,1.30062812580007,0.251,0.12,0.0000435964975952411,"Neutrophils","Healthy_vs_AChR_MG","Upregulated"
"IFIT5",0.00000000220224966043541,1.33216998814586,0.175,0.066,0.0000806045398215965,"Neutrophils","Healthy_vs_AChR_MG","Upregulated"
"OAS2",0.0000000032988293138757,1.92926080337648,0.123,0.036,0.000120740451717164,"Neutrophils","Healthy_vs_AChR_MG","Upregulated"
"ZFP36L1",0.00000000339445466535456,-0.74623469493275,0.581,0.674,0.000124240435206642,"Neutrophils","Healthy_vs_AChR_MG","Downregulated"
"PTGS2",0.00000000772116082339394,-0.568436610485158,0.638,0.749,0.000282602207297042,"Neutrophils","Healthy_vs_AChR_MG","Downregulated"
"PF4",0.00000000816305490355915,-1.35665132540482,0.182,0.324,0.000298775972525168,"Neutrophils","Healthy_vs_AChR_MG","Downregulated"
"TAGLN2",0.0000000237551684899191,-0.701733248592489,0.494,0.621,0.000869462921899528,"Neutrophils","Healthy_vs_AChR_MG","Downregulated"
"MTRNR2L1",0.0000000307523244112707,-2.462117920412,0.039,0.136,0.00112556582577692,"Neutrophils","Healthy_vs_AChR_MG","Downregulated"
"MT2A",0.0000000366075425455606,1.42248601537837,0.232,0.117,0.00133987266471006,"Neutrophils","Healthy_vs_AChR_MG","Upregulated"
"AIF1",0.0000000383955324637772,-0.816666030685721,0.342,0.478,0.00140531488370671,"Neutrophils","Healthy_vs_AChR_MG","Downregulated"
"IRF1",0.000000116552113545625,-0.572008992363949,0.492,0.611,0.00426592390788343,"Neutrophils","Healthy_vs_AChR_MG","Downregulated"
"MIDN",0.000000235770679455663,-0.749090781221603,0.417,0.534,0.00862944263875673,"Neutrophils","Healthy_vs_AChR_MG","Downregulated"
"PELI1",0.000000308288175537428,0.731574033865742,0.51,0.373,0.0112836555128454,"Neutrophils","Healthy_vs_AChR_MG","Upregulated"
"NIBAN1",0.00000108274219630912,-0.526098508032694,0.533,0.644,0.0396294471271101,"Neutrophils","Healthy_vs_AChR_MG","Downregulated"
"SAMSN1",0.00000110778558317008,1.07453082101121,0.282,0.165,0.040546060129608,"Neutrophils","Healthy_vs_AChR_MG","Upregulated"
"PDE3B",0.00000115397329070358,1.04068929555878,0.194,0.097,0.0422365764130418,"Neutrophils","Healthy_vs_AChR_MG","Upregulated"
"RSAD2",0.00000000000000000000000000000000000000000131142164641571,8.50605515956904,0.421,0.006,0.0000000000000000000000000000000000000479993436804615,"Neutrophils","Healthy_vs_SNMG_Pre","Upregulated"
"IFIT3",0.000000000000000000000000000000000670549406640454,3.90441070882333,0.472,0.092,0.0000000000000000000000000000245427788324472,"Neutrophils","Healthy_vs_SNMG_Pre","Upregulated"
"MX1",0.00000000000000000000000000000000780359617436783,4.2009564229098,0.41,0.047,0.000000000000000000000000000285619423578037,"Neutrophils","Healthy_vs_SNMG_Pre","Upregulated"
"HERC5",0.0000000000000000000000000000000243380201887131,4.75052230342948,0.376,0.028,0.000000000000000000000000000890795876927089,"Neutrophils","Healthy_vs_SNMG_Pre","Upregulated"
"IFIT2",0.00000000000000000000000000000272300747259869,3.88302561126687,0.437,0.084,0.0000000000000000000000000996647965045848,"Neutrophils","Healthy_vs_SNMG_Pre","Upregulated"
"IFI44L",0.00000000000000000000000000000967252828789659,7.33662356113122,0.317,0.008,0.000000000000000000000000354024207865303,"Neutrophils","Healthy_vs_SNMG_Pre","Upregulated"
"IFIT1",0.0000000000000000000000000000133186944209664,5.12520620724922,0.337,0.019,0.000000000000000000000000487477534501793,"Neutrophils","Healthy_vs_SNMG_Pre","Upregulated"
"XAF1",0.00000000000000000000000000309627918136746,4.29217093406629,0.351,0.042,0.00000000000000000000011332691431723,"Neutrophils","Healthy_vs_SNMG_Pre","Upregulated"
"ISG15",0.000000000000000000000000017679758013175,4.35607483393896,0.412,0.095,0.000000000000000000000647096823040219,"Neutrophils","Healthy_vs_SNMG_Pre","Upregulated"
"RNF213",0.000000000000000000153461369481261,1.67434779846466,0.622,0.318,0.00000000000000561683958438362,"Neutrophils","Healthy_vs_SNMG_Pre","Upregulated"
"LY6E",0.0000000000000000235059969125362,3.94723879691605,0.294,0.067,0.000000000000860342992995738,"Neutrophils","Healthy_vs_SNMG_Pre","Upregulated"
"EIF2AK2",0.00000000000000190659312141568,2.73149974472057,0.287,0.07,0.0000000000697832148369353,"Neutrophils","Healthy_vs_SNMG_Pre","Upregulated"
"IFI6",0.00000000000000301022782910368,3.37146730189039,0.251,0.05,0.000000000110177348773024,"Neutrophils","Healthy_vs_SNMG_Pre","Upregulated"
"OAS3",0.00000000000000857474039221252,5.05632072446991,0.173,0.008,0.00000000031384407309537,"Neutrophils","Healthy_vs_SNMG_Pre","Upregulated"
"ADAR",0.0000000000000238951622271216,1.37315670516428,0.538,0.284,0.000000000874586832674877,"Neutrophils","Healthy_vs_SNMG_Pre","Upregulated"
"IFI44",0.0000000000000336777230975526,4.5348786010165,0.173,0.011,0.00000000123263834309352,"Neutrophils","Healthy_vs_SNMG_Pre","Upregulated"
"EPSTI1",0.0000000000000573783486655731,3.38413865363917,0.226,0.042,0.00000000210010493950864,"Neutrophils","Healthy_vs_SNMG_Pre","Upregulated"
"IFITM3",0.000000000000417229975779579,2.02795321259984,0.394,0.178,0.0000000152710343435084,"Neutrophils","Healthy_vs_SNMG_Pre","Upregulated"
"IFIT5",0.00000000000216151652663964,3.76856904890702,0.175,0.022,0.0000000791136663915375,"Neutrophils","Healthy_vs_SNMG_Pre","Upregulated"
"OASL",0.00000000000288345778075987,3.23036890755062,0.175,0.022,0.000000105537438233592,"Neutrophils","Healthy_vs_SNMG_Pre","Upregulated"
"CMPK2",0.00000000000633507820403085,9.06352077977209,0.123,0,0.000000231870197345733,"Neutrophils","Healthy_vs_SNMG_Pre","Upregulated"
"TMEM123",0.0000000000208331232282899,1.70558918218991,0.371,0.164,0.00000076251314327864,"Neutrophils","Healthy_vs_SNMG_Pre","Upregulated"
"PLSCR1",0.0000000000957936008383983,2.24661854125906,0.228,0.064,0.00000350614158428622,"Neutrophils","Healthy_vs_SNMG_Pre","Upregulated"
"MX2",0.000000000145822742021959,1.23582300795358,0.565,0.368,0.00000533725818074573,"Neutrophils","Healthy_vs_SNMG_Pre","Upregulated"
"TRIM22",0.000000000503996477221001,2.58613562296789,0.248,0.089,0.0000184467750627659,"Neutrophils","Healthy_vs_SNMG_Pre","Upregulated"
"SAMD9",0.000000000733206300261097,1.81728560182094,0.303,0.128,0.0000268360837958564,"Neutrophils","Healthy_vs_SNMG_Pre","Upregulated"
"ZCCHC2",0.0000000112282014078004,2.19090946384856,0.216,0.075,0.000410963399726903,"Neutrophils","Healthy_vs_SNMG_Pre","Upregulated"
"STAT1",0.0000000225717719036213,1.10706506154634,0.335,0.164,0.000826149423444442,"Neutrophils","Healthy_vs_SNMG_Pre","Upregulated"
"APOL6",0.0000000264379797696337,1.95611833400877,0.23,0.086,0.000967656497548362,"Neutrophils","Healthy_vs_SNMG_Pre","Upregulated"
"PARP14",0.000000027515442259528,1.35488670209874,0.296,0.134,0.00100709270214098,"Neutrophils","Healthy_vs_SNMG_Pre","Upregulated"
"OAS2",0.0000000373394369235794,3.12902830805559,0.123,0.019,0.00136666073083993,"Neutrophils","Healthy_vs_SNMG_Pre","Upregulated"
"MT2A",0.000000066301633254652,2.68028758718902,0.232,0.097,0.00242670607875352,"Neutrophils","Healthy_vs_SNMG_Pre","Upregulated"
"TRIM38",0.000000117069938001193,1.12380825802034,0.314,0.153,0.00428487680078165,"Neutrophils","Healthy_vs_SNMG_Pre","Upregulated"
"HOTAIRM1",0.000000162118182846412,2.07046160743915,0.191,0.067,0.00593368761036153,"Neutrophils","Healthy_vs_SNMG_Pre","Upregulated"
"SHISA5",0.000000207199903249957,1.91320671073579,0.203,0.075,0.00758372365885166,"Neutrophils","Healthy_vs_SNMG_Pre","Upregulated"
"ZC3HAV1",0.000000665692442549892,1.4937976612871,0.303,0.162,0.0243650090897686,"Neutrophils","Healthy_vs_SNMG_Pre","Upregulated"
"DDX60L",0.000000838521040243032,1.16435052543081,0.339,0.187,0.0306907085939352,"Neutrophils","Healthy_vs_SNMG_Pre","Upregulated"
"SAMD9L",0.000000921539663586729,2.23718032309678,0.153,0.047,0.0337292732269379,"Neutrophils","Healthy_vs_SNMG_Pre","Upregulated"
"NUB1",0.000000924038385292974,1.56322958882429,0.21,0.086,0.0338207289401082,"Neutrophils","Healthy_vs_SNMG_Pre","Upregulated"
"TALDO1",0.00000123224086292204,-0.770329057602331,0.403,0.552,0.0451012478238097,"Neutrophils","Healthy_vs_SNMG_Pre","Downregulated"
"IL1R2",0.0000000000000000000000000000000000000000000013616808360511,-1.4711988503018,0.535,0.862,0.0000000000000000000000000000000000000000498388802803064,"Neutrophils","SNMG_Pre_vs_SNMG_Post","Downregulated"
"SLA",0.0000000000000000000000000000000000024975801565558,-1.47275972139124,0.312,0.691,0.000000000000000000000000000000091413931310099,"Neutrophils","SNMG_Pre_vs_SNMG_Post","Downregulated"
"BTG2",0.00000000000000000000000000674427951343,1.40574588762677,0.63,0.371,0.000000000000000000000246847374471051,"Neutrophils","SNMG_Pre_vs_SNMG_Post","Upregulated"
"FKBP5",0.000000000000000000000322516375196377,-1.13629376259925,0.265,0.57,0.0000000000000000118044218485626,"Neutrophils","SNMG_Pre_vs_SNMG_Post","Downregulated"
"CPD",0.00000000000000000000055843479715671,-1.16988979276856,0.323,0.609,0.0000000000000000204392720107327,"Neutrophils","SNMG_Pre_vs_SNMG_Post","Downregulated"
"SAMSN1",0.000000000000000000000828458866968188,-1.21281277612787,0.279,0.572,0.0000000000000000303224229899026,"Neutrophils","SNMG_Pre_vs_SNMG_Post","Downregulated"
"IL18R1",0.0000000000000000000451658071568393,-2.27373322999972,0.103,0.349,0.00000000000000165311370774747,"Neutrophils","SNMG_Pre_vs_SNMG_Post","Downregulated"
"ASPH",0.000000000000000000315976405111668,-2.31115743895241,0.078,0.311,0.0000000000000115650524034922,"Neutrophils","SNMG_Pre_vs_SNMG_Post","Downregulated"
"PRKDC",0.00000000000000000122047626061284,-1.52825722943804,0.178,0.425,0.0000000000000446706516146907,"Neutrophils","SNMG_Pre_vs_SNMG_Post","Downregulated"
"IRAK3",0.00000000000000000126528698706878,-1.64050692405853,0.153,0.408,0.0000000000000463107690137045,"Neutrophils","SNMG_Pre_vs_SNMG_Post","Downregulated"
"PTGS2",0.00000000000000000626886314746764,1.36339939866147,0.563,0.344,0.000000000000229446660060463,"Neutrophils","SNMG_Pre_vs_SNMG_Post","Upregulated"
"JUNB",0.000000000000000114476944972375,1.10798709879971,0.621,0.44,0.0000000000041899706629339,"Neutrophils","SNMG_Pre_vs_SNMG_Post","Upregulated"
"ASAH1",0.000000000000000116362656984617,-0.921335010682233,0.379,0.638,0.00000000000425898960829397,"Neutrophils","SNMG_Pre_vs_SNMG_Post","Downregulated"
"IRS2",0.000000000000000395044595224513,-0.847889920515851,0.359,0.619,0.0000000000144590272298124,"Neutrophils","SNMG_Pre_vs_SNMG_Post","Downregulated"
"RIPOR2",0.000000000000000587225210684391,-0.634024006366266,0.696,0.876,0.0000000000214930299362594,"Neutrophils","SNMG_Pre_vs_SNMG_Post","Downregulated"
"TLR2",0.0000000000000123082140947509,-0.890532407832519,0.365,0.606,0.000000000450492944081979,"Neutrophils","SNMG_Pre_vs_SNMG_Post","Downregulated"
"SLC11A1",0.0000000000000162219960484131,-0.736103913420447,0.538,0.756,0.000000000593741277367968,"Neutrophils","SNMG_Pre_vs_SNMG_Post","Downregulated"
"MTRNR2L1",0.00000000000146453531997118,-1.85714181058168,0.1,0.277,0.0000000536034572462651,"Neutrophils","SNMG_Pre_vs_SNMG_Post","Downregulated"
"KLF6",0.0000000000061088510588034,-0.787632658396592,0.46,0.665,0.000000223590057603263,"Neutrophils","SNMG_Pre_vs_SNMG_Post","Downregulated"
"MNDA",0.00000000001028596023131,0.84359144017046,0.749,0.694,0.000000376476430426177,"Neutrophils","SNMG_Pre_vs_SNMG_Post","Upregulated"
"ELF1",0.0000000000120043089933676,-0.873919834257307,0.359,0.545,0.000000439369713466249,"Neutrophils","SNMG_Pre_vs_SNMG_Post","Downregulated"
"MBNL1",0.0000000000197824067495501,-0.84732489204634,0.384,0.574,0.000000724055869440285,"Neutrophils","SNMG_Pre_vs_SNMG_Post","Downregulated"
"FGD4",0.0000000000313599217420097,-1.22506238917861,0.095,0.27,0.0000011478044956793,"Neutrophils","SNMG_Pre_vs_SNMG_Post","Downregulated"
"IER2",0.0000000000501758221422242,0.999339722097118,0.552,0.408,0.00000183648526622755,"Neutrophils","SNMG_Pre_vs_SNMG_Post","Upregulated"
"ERGIC1",0.000000000252890804888666,-0.927638872442771,0.242,0.429,0.00000925605634973007,"Neutrophils","SNMG_Pre_vs_SNMG_Post","Downregulated"
"IL1RAP",0.000000000311554229055015,-1.07605561763352,0.284,0.464,0.0000114031963376426,"Neutrophils","SNMG_Pre_vs_SNMG_Post","Downregulated"
"TMCC3",0.000000000349208824906551,-1.03379667763791,0.217,0.393,0.0000127813922004047,"Neutrophils","SNMG_Pre_vs_SNMG_Post","Downregulated"
"CD93",0.000000000597583845653116,-0.908986640169287,0.175,0.354,0.0000218721663347497,"Neutrophils","SNMG_Pre_vs_SNMG_Post","Downregulated"
"MT-ND3",0.000000000748733797211648,-0.652253778873508,0.529,0.739,0.0000274044057117435,"Neutrophils","SNMG_Pre_vs_SNMG_Post","Downregulated"
"MAN2A2",0.00000000187421939725133,-2.13601644790419,0.045,0.169,0.0000685983041587958,"Neutrophils","SNMG_Pre_vs_SNMG_Post","Downregulated"
"RESF1",0.00000000202517739596356,-0.597048001003007,0.568,0.727,0.0000741235178696621,"Neutrophils","SNMG_Pre_vs_SNMG_Post","Downregulated"
"AL034397.3",0.00000000288255910229038,-0.849089487970278,0.17,0.339,0.00010550454570293,"Neutrophils","SNMG_Pre_vs_SNMG_Post","Downregulated"
"DAAM2",0.00000000310641568363718,-3.33655065844612,0.011,0.113,0.000113697920436804,"Neutrophils","SNMG_Pre_vs_SNMG_Post","Downregulated"
"PHACTR1",0.00000000324094879877038,-0.694639828559564,0.37,0.555,0.000118621966983795,"Neutrophils","SNMG_Pre_vs_SNMG_Post","Downregulated"
"NSMAF",0.00000000555507147973561,-1.57135905882126,0.061,0.189,0.000203321171229803,"Neutrophils","SNMG_Pre_vs_SNMG_Post","Downregulated"
"SH3BP5",0.0000000136869191865288,-1.26383563004236,0.175,0.319,0.00050095492914614,"Neutrophils","SNMG_Pre_vs_SNMG_Post","Downregulated"
"FOS",0.0000000140291527237829,0.663256494978146,0.699,0.58,0.000513481018843178,"Neutrophils","SNMG_Pre_vs_SNMG_Post","Upregulated"
"HCLS1",0.000000016302126393096,-0.602398794554202,0.415,0.579,0.000596674128113707,"Neutrophils","SNMG_Pre_vs_SNMG_Post","Downregulated"
"G0S2",0.0000000174547316975249,0.846573999583743,0.643,0.573,0.000638860634861107,"Neutrophils","SNMG_Pre_vs_SNMG_Post","Upregulated"
"ATP2B1",0.0000000201434061982973,-0.664405391452071,0.387,0.55,0.000737268810263881,"Neutrophils","SNMG_Pre_vs_SNMG_Post","Downregulated"
"PCNX1",0.0000000264964752228637,-0.759914976308991,0.206,0.368,0.000969797489632034,"Neutrophils","SNMG_Pre_vs_SNMG_Post","Downregulated"
"CD55",0.0000000334528585448755,-0.581883315957276,0.423,0.584,0.00122440807560099,"Neutrophils","SNMG_Pre_vs_SNMG_Post","Downregulated"
"ALOX5AP",0.0000000367073640881547,-0.709299115813392,0.409,0.57,0.00134352623299055,"Neutrophils","SNMG_Pre_vs_SNMG_Post","Downregulated"
"ZBTB16",0.0000000381035790347168,-1.61342358054629,0.095,0.222,0.00139462909624967,"Neutrophils","SNMG_Pre_vs_SNMG_Post","Downregulated"
"FNIP1",0.0000000414534462539944,-0.665927058393383,0.212,0.374,0.00151723758634245,"Neutrophils","SNMG_Pre_vs_SNMG_Post","Downregulated"
"USP10",0.0000000426563473202561,-1.14996360862595,0.109,0.245,0.00156126496826869,"Neutrophils","SNMG_Pre_vs_SNMG_Post","Downregulated"
"PHC2",0.0000000599694557135384,-0.816288457891359,0.253,0.415,0.00219494204857122,"Neutrophils","SNMG_Pre_vs_SNMG_Post","Downregulated"
"AGO2",0.0000000818335796744461,-0.979467579130215,0.142,0.286,0.0029951908496644,"Neutrophils","SNMG_Pre_vs_SNMG_Post","Downregulated"
"ATP6V1B2",0.0000000955003492945008,-0.791618673468116,0.178,0.33,0.00349540828452802,"Neutrophils","SNMG_Pre_vs_SNMG_Post","Downregulated"
"NEDD9",0.000000125861541374064,-0.977631600662605,0.212,0.357,0.00460665827583212,"Neutrophils","SNMG_Pre_vs_SNMG_Post","Downregulated"
"MKNK1",0.000000150142891101126,-1.50049998761792,0.07,0.184,0.0054953799571923,"Neutrophils","SNMG_Pre_vs_SNMG_Post","Downregulated"
"GK",0.000000164584332423038,-0.802099574235209,0.184,0.333,0.00602395115101561,"Neutrophils","SNMG_Pre_vs_SNMG_Post","Downregulated"
"PAG1",0.000000199575511710165,-0.973035969032111,0.15,0.285,0.00730466330410376,"Neutrophils","SNMG_Pre_vs_SNMG_Post","Downregulated"
"LTB",0.000000205313318397368,0.908574001937011,0.384,0.274,0.00751467276666205,"Neutrophils","SNMG_Pre_vs_SNMG_Post","Upregulated"
"RABGEF1",0.000000262029037385713,-0.911605660549484,0.103,0.233,0.00959052479735447,"Neutrophils","SNMG_Pre_vs_SNMG_Post","Downregulated"
"PER1",0.000000282468109422209,-1.07163285842532,0.123,0.25,0.0103386152729623,"Neutrophils","SNMG_Pre_vs_SNMG_Post","Downregulated"
"ITGAX",0.000000449058881984513,-0.709450581483706,0.351,0.501,0.0164360041395152,"Neutrophils","SNMG_Pre_vs_SNMG_Post","Downregulated"
"ZFP36L2",0.000000624244560659203,-0.711849661790209,0.368,0.499,0.0228479751646875,"Neutrophils","SNMG_Pre_vs_SNMG_Post","Downregulated"
"SMIM25",0.000000823680956041473,-0.627979045128342,0.24,0.387,0.0301475466720739,"Neutrophils","SNMG_Pre_vs_SNMG_Post","Downregulated"
"PREX1",0.000000965225730664994,-0.513327831191295,0.306,0.461,0.0353282269680694,"Neutrophils","SNMG_Pre_vs_SNMG_Post","Downregulated"
"RPS26",0.0000000000000000000000000000000000000000000000000000000000000000975681005708094,1.52409212586677,0.942,0.865,0.00000000000000000000000000000000000000000000000000000000000357109004899219,"NK cells","Healthy_vs_AChR_MG","Upregulated"
"PLEK",0.00000000000000000074650601934968,-0.756462484274038,0.565,0.781,0.0000000000000273228668142176,"NK cells","Healthy_vs_AChR_MG","Downregulated"
"AREG",0.00000000000000367244788464469,2.04789775564416,0.348,0.178,0.00000000013441526502588,"NK cells","Healthy_vs_AChR_MG","Upregulated"
"GIMAP7",0.0000000000000590528972349706,-0.582718781544169,0.608,0.768,0.00000000216139509169716,"NK cells","Healthy_vs_AChR_MG","Downregulated"
"KLRC2",0.000000000000122296564791212,-1.79886768581299,0.17,0.331,0.00000000447617656792315,"NK cells","Healthy_vs_AChR_MG","Downregulated"
"GIMAP4",0.000000000000229102614125021,-0.64016939194737,0.455,0.654,0.0000000083853847795899,"NK cells","Healthy_vs_AChR_MG","Downregulated"
"TIGIT",0.00000000000252141752360784,-1.34513433092557,0.149,0.309,0.0000000922864027815706,"NK cells","Healthy_vs_AChR_MG","Downregulated"
"MRPS6",0.000000000030052395879698,-0.885844152964507,0.262,0.434,0.00000109994774159283,"NK cells","Healthy_vs_AChR_MG","Downregulated"
"MTRNR2L1",0.000000000131922957231334,-1.19553839742706,0.057,0.177,0.00000482851215762406,"NK cells","Healthy_vs_AChR_MG","Downregulated"
"LBR",0.00000000422019942789533,-0.660440705200495,0.272,0.439,0.000154463519260397,"NK cells","Healthy_vs_AChR_MG","Downregulated"
"MAP3K8",0.00000000582475576192477,0.820169531114196,0.587,0.483,0.000213191885642208,"NK cells","Healthy_vs_AChR_MG","Upregulated"
"TAP1",0.00000000775511954861634,-0.670798861919754,0.216,0.368,0.000283845130598907,"NK cells","Healthy_vs_AChR_MG","Downregulated"
"CX3CR1",0.0000000116846590827347,-0.607251213015051,0.286,0.439,0.000427670207087174,"NK cells","Healthy_vs_AChR_MG","Downregulated"
"DYNLL1",0.0000000167845595932828,-0.523680156254882,0.408,0.571,0.000614331665673745,"NK cells","Healthy_vs_AChR_MG","Downregulated"
"TRAF3IP3",0.0000000205572387793267,-0.55274941031878,0.49,0.64,0.000752415496562136,"NK cells","Healthy_vs_AChR_MG","Downregulated"
"ZFPM1",0.000000023666322685102,-1.19551260635418,0.111,0.226,0.000866211076597417,"NK cells","Healthy_vs_AChR_MG","Downregulated"
"FCMR",0.0000000319822017586191,-0.59551537962891,0.271,0.43,0.00117058056656722,"NK cells","Healthy_vs_AChR_MG","Downregulated"
"LCK",0.00000012955876203313,-0.50916680514563,0.493,0.623,0.00474198024917459,"NK cells","Healthy_vs_AChR_MG","Downregulated"
"GIMAP1",0.000000203021388103732,-0.700000882047064,0.192,0.313,0.0074307858259847,"NK cells","Healthy_vs_AChR_MG","Downregulated"
"GBP2",0.00000023021853722377,-0.676345939597145,0.274,0.4,0.00842622868092719,"NK cells","Healthy_vs_AChR_MG","Downregulated"
"HLA-DRB5",0.000000262656448700235,-0.835518871821763,0.175,0.295,0.00961348867887729,"NK cells","Healthy_vs_AChR_MG","Downregulated"
"PPP4C",0.000000501801648644287,-0.639883313643857,0.238,0.368,0.0183664421420296,"NK cells","Healthy_vs_AChR_MG","Downregulated"
"TRMT112",0.00000051362719798275,-0.55711574584153,0.428,0.563,0.0187992690733666,"NK cells","Healthy_vs_AChR_MG","Downregulated"
"KLF6",0.000000730633302717855,-0.543496169088866,0.341,0.488,0.0267419095127762,"NK cells","Healthy_vs_AChR_MG","Downregulated"
"KLRG1",0.000000792834520922852,-0.665553729419117,0.202,0.332,0.0290185363002973,"NK cells","Healthy_vs_AChR_MG","Downregulated"
"PYCARD",0.000000942396245772137,-0.55481206479983,0.209,0.339,0.034492644991506,"NK cells","Healthy_vs_AChR_MG","Downregulated"
"USP28",0.00000105751708442252,-0.593875991551996,0.187,0.308,0.0387061828069488,"NK cells","Healthy_vs_AChR_MG","Downregulated"
"FKBP5",0.000000000000000000000000000000000000000000000000000000000000173303863310642,-2.57260902236547,0.176,0.585,0.00000000000000000000000000000000000000000000000000000000634309470103281,"NK cells","Healthy_vs_SNMG_Pre","Downregulated"
"RPS26",0.0000000000000000000000000000000000000000000000000000123588339446112,1.21430680281263,0.942,0.866,0.000000000000000000000000000000000000000000000000452345681206714,"NK cells","Healthy_vs_SNMG_Pre","Upregulated"
"AREG",0.000000000000000000000000000000000000000000000000000593183900618031,-1.68739001634977,0.348,0.719,0.0000000000000000000000000000000000000000000000217111239465205,"NK cells","Healthy_vs_SNMG_Pre","Downregulated"
"TSC22D3",0.0000000000000000000000000000000000000000000156377507758693,-1.25353272128375,0.673,0.885,0.000000000000000000000000000000000000000572357316147593,"NK cells","Healthy_vs_SNMG_Pre","Downregulated"
"CXCR4",0.0000000000000000000000000000000000000000307278176173243,-1.00601664165882,0.658,0.898,0.00000000000000000000000000000000000112466885261169,"NK cells","Healthy_vs_SNMG_Pre","Downregulated"
"TXNIP",0.0000000000000000000000000000000000696965744673645,-0.746806294456606,0.981,0.99,0.00000000000000000000000000000255096432208001,"NK cells","Healthy_vs_SNMG_Pre","Downregulated"
"ZFP36L2",0.00000000000000000000000000144822310893416,-0.757907835641752,0.88,0.954,0.0000000000000000000000530064140100991,"NK cells","Healthy_vs_SNMG_Pre","Downregulated"
"FOSB",0.000000000000000000000000165452674817903,-5.10132457977467,0.015,0.199,0.00000000000000000000605573335101008,"NK cells","Healthy_vs_SNMG_Pre","Downregulated"
"FOS",0.000000000000000000000000938997323601081,-4.62464417948302,0.099,0.308,0.0000000000000000000343682410411232,"NK cells","Healthy_vs_SNMG_Pre","Downregulated"
"ZFP36",0.000000000000000000223896385618774,-1.24031009533725,0.582,0.736,0.00000000000000819483161003276,"NK cells","Healthy_vs_SNMG_Pre","Downregulated"
"SOCS1",0.000000000000000000794221701504686,-1.8828213716395,0.091,0.277,0.000000000000029069308496773,"NK cells","Healthy_vs_SNMG_Pre","Downregulated"
"PPP1R15A",0.000000000000000182945827568626,-2.5205498496118,0.096,0.258,0.00000000000669600023483929,"NK cells","Healthy_vs_SNMG_Pre","Downregulated"
"AC020916.1",0.000000000000000667576246485478,-3.23668237142699,0.038,0.175,0.000000000024433958197615,"NK cells","Healthy_vs_SNMG_Pre","Downregulated"
"JUN",0.00000000000000082434437963813,-3.28134606945013,0.127,0.286,0.0000000000301718286391352,"NK cells","Healthy_vs_SNMG_Pre","Downregulated"
"DUSP1",0.00000000000000274439472199253,-1.8265217919827,0.366,0.52,0.000000000100447591219649,"NK cells","Healthy_vs_SNMG_Pre","Downregulated"
"ISG20",0.0000000000000052816824273958,-0.597341054752191,0.543,0.722,0.000000000193314858525114,"NK cells","Healthy_vs_SNMG_Pre","Downregulated"
"PIK3IP1",0.000000000000062460204947764,-0.920671742775688,0.313,0.492,0.00000000228610596129311,"NK cells","Healthy_vs_SNMG_Pre","Downregulated"
"HBB",0.0000000000000920010009955178,-0.508900610380442,0.474,0.605,0.00000000336732863743695,"NK cells","Healthy_vs_SNMG_Pre","Downregulated"
"TMIGD2",0.0000000000000941562704217911,-1.11855188443835,0.183,0.36,0.00000000344621365370798,"NK cells","Healthy_vs_SNMG_Pre","Downregulated"
"CCND3",0.000000000000542995401003706,-0.613569296159371,0.555,0.708,0.0000000198741746721366,"NK cells","Healthy_vs_SNMG_Pre","Downregulated"
"CCL4",0.000000000000583759950543596,-1.10697219734059,0.639,0.775,0.0000000213661979498462,"NK cells","Healthy_vs_SNMG_Pre","Downregulated"
"NFKBIA",0.00000000000117897544312807,-1.43812366584004,0.539,0.647,0.0000000431516801939305,"NK cells","Healthy_vs_SNMG_Pre","Downregulated"
"HLA-DPB1",0.0000000000150880335043117,0.875240015049794,0.517,0.385,0.000000552237114291314,"NK cells","Healthy_vs_SNMG_Pre","Upregulated"
"CDKN2D",0.000000000017235071005754,0.747257960654036,0.579,0.429,0.000000630820833881601,"NK cells","Healthy_vs_SNMG_Pre","Upregulated"
"KLF6",0.0000000000704895998895117,-1.6501562902481,0.341,0.468,0.00000257998984555602,"NK cells","Healthy_vs_SNMG_Pre","Downregulated"
"IRS2",0.000000000251702249023259,-1.27794042590284,0.13,0.267,0.00000921255401650029,"NK cells","Healthy_vs_SNMG_Pre","Downregulated"
"MYOM2",0.000000000283307341252906,-0.631901251283937,0.368,0.519,0.0000103693319971976,"NK cells","Healthy_vs_SNMG_Pre","Downregulated"
"IL7R",0.00000000119770292489213,-1.15065498895196,0.187,0.327,0.0000438371247539769,"NK cells","Healthy_vs_SNMG_Pre","Downregulated"
"IFITM1",0.00000000153178455627075,0.764545684635727,0.539,0.415,0.0000560648465440658,"NK cells","Healthy_vs_SNMG_Pre","Upregulated"
"CEBPD",0.00000000714290782425439,-0.713382412788563,0.342,0.481,0.000261437569275535,"NK cells","Healthy_vs_SNMG_Pre","Downregulated"
"MYADM",0.0000000131770311843375,-2.083335486471,0.08,0.179,0.000482292518377935,"NK cells","Healthy_vs_SNMG_Pre","Downregulated"
"NR4A2",0.0000000152301165252615,-1.68086947632044,0.163,0.275,0.000557437494941097,"NK cells","Healthy_vs_SNMG_Pre","Downregulated"
"TRDC",0.0000000481113621426971,0.522328531538601,0.592,0.488,0.00176092396578486,"NK cells","Healthy_vs_SNMG_Pre","Upregulated"
"CD55",0.0000000499489342479394,-0.610780432627161,0.241,0.386,0.00182818094240883,"NK cells","Healthy_vs_SNMG_Pre","Downregulated"
"EMB",0.0000000514738492946891,-0.544769961123667,0.495,0.627,0.00188399435803492,"NK cells","Healthy_vs_SNMG_Pre","Downregulated"
"CD69",0.0000000520189741708592,-0.630310637390652,0.467,0.594,0.00190394647362762,"NK cells","Healthy_vs_SNMG_Pre","Downregulated"
"B4GALT4",0.000000053600391430307,-1.18003807759233,0.108,0.218,0.00196182792674066,"NK cells","Healthy_vs_SNMG_Pre","Downregulated"
"B3GNT7",0.0000000673805478487345,1.32269056827551,0.159,0.072,0.00246619543181153,"NK cells","Healthy_vs_SNMG_Pre","Upregulated"
"SYTL3",0.0000000982357022086273,-0.533854948183885,0.445,0.585,0.00359552493653797,"NK cells","Healthy_vs_SNMG_Pre","Downregulated"
"AC007952.4",0.000000124237578864611,-2.29968542353154,0.079,0.168,0.00454721962402363,"NK cells","Healthy_vs_SNMG_Pre","Downregulated"
"PMAIP1",0.000000145684859967009,-1.20175718277885,0.183,0.298,0.00533221155965249,"NK cells","Healthy_vs_SNMG_Pre","Downregulated"
"PRDM1",0.000000172638936304009,-0.609089919653438,0.349,0.475,0.00631875770766305,"NK cells","Healthy_vs_SNMG_Pre","Downregulated"
"IL2RB",0.000000187433666709121,0.604098932364457,0.644,0.579,0.00686025963522052,"NK cells","Healthy_vs_SNMG_Pre","Upregulated"
"EIF2AK2",0.000000206112994573057,0.847782647750321,0.279,0.169,0.00754394171436845,"NK cells","Healthy_vs_SNMG_Pre","Upregulated"
"CSRNP1",0.000000262197110385668,-1.61347876464552,0.072,0.159,0.00959667643722583,"NK cells","Healthy_vs_SNMG_Pre","Downregulated"
"KIR2DL4",0.000000365924377111162,-1.83839484681635,0.036,0.108,0.0133931981266456,"NK cells","Healthy_vs_SNMG_Pre","Downregulated"
"ISG15",0.0000006324173142249,0.757727533790368,0.418,0.311,0.0231471061179455,"NK cells","Healthy_vs_SNMG_Pre","Upregulated"
"PPP1R10",0.000000881550689440535,-0.957363421990421,0.202,0.311,0.032265636784213,"NK cells","Healthy_vs_SNMG_Pre","Downregulated"
"AC044849.1",0.000000937679521529818,-1.22848209006795,0.101,0.193,0.0343200081675129,"NK cells","Healthy_vs_SNMG_Pre","Downregulated"
"AC020916.1",0.0000000000000000372157887152326,2.97567256910309,0.175,0.048,0.00000000000136213508276623,"NK cells","SNMG_Pre_vs_SNMG_Post","Upregulated"
"JUND",0.0000000000000330224977582888,1.05477384203963,0.802,0.757,0.00000000120865644045113,"NK cells","SNMG_Pre_vs_SNMG_Post","Upregulated"
"METRNL",0.00000000000140438192801475,-0.74448002014867,0.542,0.658,0.000000051401782947268,"NK cells","SNMG_Pre_vs_SNMG_Post","Downregulated"
"CSRNP1",0.00000000000420156015271003,2.17547668942743,0.159,0.057,0.00000015378130314934,"NK cells","SNMG_Pre_vs_SNMG_Post","Upregulated"
"NR4A2",0.00000000000605882569268852,1.85331998390867,0.275,0.153,0.000000221759079178092,"NK cells","SNMG_Pre_vs_SNMG_Post","Upregulated"
"JUN",0.000000000033823942478917,1.90957791403854,0.286,0.165,0.00000123799011867084,"NK cells","SNMG_Pre_vs_SNMG_Post","Upregulated"
"IFITM1",0.0000000000506228461604298,-0.718849584785409,0.415,0.555,0.00000185284679231789,"NK cells","SNMG_Pre_vs_SNMG_Post","Downregulated"
"MYADM",0.0000000000676333033612541,2.0923140821208,0.179,0.078,0.00000247544653632526,"NK cells","SNMG_Pre_vs_SNMG_Post","Upregulated"
"KLF6",0.00000000017042417326174,1.54525188344664,0.468,0.37,0.00000623769516555295,"NK cells","SNMG_Pre_vs_SNMG_Post","Upregulated"
"NFKBIA",0.00000000046156025377576,1.28502368843855,0.647,0.596,0.0000168935668484466,"NK cells","SNMG_Pre_vs_SNMG_Post","Upregulated"
"PPP1R15A",0.000000000537819997823878,1.66599517075142,0.258,0.151,0.0000196847497403518,"NK cells","SNMG_Pre_vs_SNMG_Post","Upregulated"
"AKNA",0.000000000636218499272907,-0.522075403204921,0.506,0.645,0.0000232862332918877,"NK cells","SNMG_Pre_vs_SNMG_Post","Downregulated"
"FOSB",0.00000000869957445996258,1.65254252269782,0.199,0.103,0.00031841312480909,"NK cells","SNMG_Pre_vs_SNMG_Post","Upregulated"
"KDM6B",0.0000000224337459834043,2.05857259089384,0.118,0.045,0.000821097536738579,"NK cells","SNMG_Pre_vs_SNMG_Post","Upregulated"
"FOS",0.0000000311768591662706,2.30824820168399,0.308,0.222,0.00114110422234467,"NK cells","SNMG_Pre_vs_SNMG_Post","Upregulated"
"IFNGR1",0.0000000585474261227376,-0.7187702062004,0.34,0.447,0.00214289434351832,"NK cells","SNMG_Pre_vs_SNMG_Post","Downregulated"
"YPEL5",0.000000136954770226526,1.14860924104036,0.44,0.36,0.0050126815450611,"NK cells","SNMG_Pre_vs_SNMG_Post","Upregulated"
"WIPI2",0.00000057842257742063,-0.730102855768852,0.171,0.269,0.0211708447561725,"NK cells","SNMG_Pre_vs_SNMG_Post","Downregulated"
"JUNB",0.000000750177359421116,0.597266830717184,0.747,0.689,0.0274572415321723,"NK cells","SNMG_Pre_vs_SNMG_Post","Upregulated"
"TSC22D2",0.000000777940361639347,1.19045700233011,0.132,0.061,0.0284733951763617,"NK cells","SNMG_Pre_vs_SNMG_Post","Upregulated"
"PMAIP1",0.000000929662712063627,1.03061369990113,0.298,0.205,0.0340265849242408,"NK cells","SNMG_Pre_vs_SNMG_Post","Upregulated"
"CD69",0.0000010376289302544,0.737414249655981,0.594,0.533,0.0379782564762412,"NK cells","SNMG_Pre_vs_SNMG_Post","Upregulated"
"RPS26",0.00000000411592589996958,1.25324048912792,1,0.991,0.000150647003864786,"Progenitors","Healthy_vs_AChR_MG","Upregulated"
"RPS26",0.0000000000000000000000000000000000000945258885021866,1.35851022143485,0.945,0.893,0.00000000000000000000000000000000345974204506853,"T cells","Healthy_vs_AChR_MG","Upregulated"
"METRNL",0.000000000000000000000000140420034017719,1.51655682813438,0.465,0.217,0.00000000000000000000513951366508252,"T cells","Healthy_vs_AChR_MG","Upregulated"
"S100A11",0.000000000000000000000264584749003238,-0.886408128473876,0.477,0.69,0.00000000000000000968406639826751,"T cells","Healthy_vs_AChR_MG","Downregulated"
"CCL3L1",0.000000000000000000000527644247382365,1.86833663726215,0.338,0.131,0.000000000000000019312307098442,"T cells","Healthy_vs_AChR_MG","Upregulated"
"GIMAP4",0.00000000000000000000275021577078117,-0.89278335992327,0.446,0.663,0.000000000000000100660647426361,"T cells","Healthy_vs_AChR_MG","Downregulated"
"TNFAIP3",0.0000000000000000423658112311123,0.71033795200962,0.771,0.646,0.00000000000155063105686994,"T cells","Healthy_vs_AChR_MG","Upregulated"
"GIMAP7",0.0000000000000000928259935102694,-0.652062890136542,0.594,0.756,0.00000000000339752418846937,"T cells","Healthy_vs_AChR_MG","Downregulated"
"DYNLL1",0.00000000000000127586588482816,-0.891986295100542,0.277,0.475,0.0000000000466979672505955,"T cells","Healthy_vs_AChR_MG","Downregulated"
"AREG",0.0000000000000317563404129619,2.31199683438225,0.155,0.038,0.00000000116231381545482,"T cells","Healthy_vs_AChR_MG","Upregulated"
"CREM",0.0000000000000647829620077081,1.49660498794677,0.339,0.187,0.00000000237112119244412,"T cells","Healthy_vs_AChR_MG","Upregulated"
"PLEK",0.000000000000257944430217001,-0.754950482502235,0.454,0.615,0.00000000944102409037246,"T cells","Healthy_vs_AChR_MG","Downregulated"
"DYNLT1",0.00000000000239905473317599,0.660998668134034,0.58,0.42,0.0000000878078022889743,"T cells","Healthy_vs_AChR_MG","Upregulated"
"PIK3R1",0.00000000000309579339655512,0.534690654981345,0.847,0.762,0.000000113309134107314,"T cells","Healthy_vs_AChR_MG","Upregulated"
"ZNF331",0.0000000000033754534083611,1.52017215253358,0.265,0.124,0.000000123544970199424,"T cells","Healthy_vs_AChR_MG","Upregulated"
"LCK",0.0000000000206227466852345,-0.531899181185643,0.583,0.703,0.000000754813151426268,"T cells","Healthy_vs_AChR_MG","Downregulated"
"AC068587.4",0.0000000000337807467071637,1.76145068657029,0.15,0.046,0.0000012364091102289,"T cells","Healthy_vs_AChR_MG","Upregulated"
"GIMAP1",0.00000000205627899668499,-0.84138189331943,0.21,0.346,0.0000752618675576673,"T cells","Healthy_vs_AChR_MG","Downregulated"
"PDE4D",0.00000000275831330836667,0.951515324694384,0.318,0.189,0.000100957025399528,"T cells","Healthy_vs_AChR_MG","Upregulated"
"MTRNR2L1",0.00000000382628093978148,-1.49634395577852,0.047,0.137,0.000140045708676942,"T cells","Healthy_vs_AChR_MG","Downregulated"
"GIMAP5",0.00000000406356782090909,-0.79095398116053,0.232,0.365,0.000148730645813094,"T cells","Healthy_vs_AChR_MG","Downregulated"
"APOBEC3G",0.00000000432308280837981,-0.593577661039664,0.366,0.513,0.000158229153869509,"T cells","Healthy_vs_AChR_MG","Downregulated"
"TRAF3IP3",0.00000000653559099011765,-0.53169902550797,0.453,0.597,0.000239209165829296,"T cells","Healthy_vs_AChR_MG","Downregulated"
"SELENOK",0.000000016415913566507,0.537043235407926,0.689,0.599,0.000600838852447724,"T cells","Healthy_vs_AChR_MG","Upregulated"
"SNHG9",0.0000000188209985394041,0.74167088620251,0.312,0.187,0.000688867367540728,"T cells","Healthy_vs_AChR_MG","Upregulated"
"MAP3K8",0.0000000263352294951726,0.910453038634387,0.442,0.323,0.000963895734752811,"T cells","Healthy_vs_AChR_MG","Upregulated"
"CEBPB",0.0000000899978208052194,0.693921930879517,0.501,0.389,0.00329401023929184,"T cells","Healthy_vs_AChR_MG","Upregulated"
"SYTL3",0.0000000936060478226767,0.790482390482813,0.399,0.285,0.00342607495635779,"T cells","Healthy_vs_AChR_MG","Upregulated"
"FOSL2",0.000000116008583637369,0.844639706303476,0.32,0.207,0.00424603016971133,"T cells","Healthy_vs_AChR_MG","Upregulated"
"LGALS1",0.000000195243890009013,-0.714136652280058,0.473,0.573,0.00714612161821989,"T cells","Healthy_vs_AChR_MG","Downregulated"
"PYCARD",0.000000259081273918256,-0.801591155813754,0.189,0.304,0.0094826337066821,"T cells","Healthy_vs_AChR_MG","Downregulated"
"TAGAP",0.000000318387357519308,-0.697905150092262,0.223,0.344,0.0116532956725642,"T cells","Healthy_vs_AChR_MG","Downregulated"
"APOL2",0.000000655438834914141,-1.19756273341802,0.078,0.161,0.0239897167966925,"T cells","Healthy_vs_AChR_MG","Downregulated"
"RBM38",0.000000660849794543984,0.610807098985359,0.39,0.272,0.0241877633301044,"T cells","Healthy_vs_AChR_MG","Upregulated"
"FDX1",0.00000093112853837805,-0.649920635071626,0.2,0.315,0.034080235633175,"T cells","Healthy_vs_AChR_MG","Downregulated"
"IFNGR1",0.000000960162083949953,0.947837311410373,0.323,0.223,0.0351428924346522,"T cells","Healthy_vs_AChR_MG","Upregulated"
"TXNIP",0.000000000000000000000000000000000000000000000000000000000000064245251329733,-0.929230491475598,0.98,0.994,0.00000000000000000000000000000000000000000000000000000000235144044391956,"T cells","Healthy_vs_SNMG_Pre","Downregulated"
"FKBP5",0.0000000000000000000000000000000000000000000000156258449174971,-1.63552610268895,0.273,0.625,0.00000000000000000000000000000000000000000057192154982531,"T cells","Healthy_vs_SNMG_Pre","Downregulated"
"CCL3L1",0.00000000000000000000000000401200623433383,2.51711881406348,0.338,0.116,0.000000000000000000000146843440182853,"T cells","Healthy_vs_SNMG_Pre","Upregulated"
"HBB",0.0000000000000000000000000131732668001363,-1.23042826798995,0.513,0.72,0.00000000000000000000048215473815179,"T cells","Healthy_vs_SNMG_Pre","Downregulated"
"JUND",0.00000000000000000000000382690758202379,0.620579894542697,0.903,0.802,0.000000000000000000140068644409653,"T cells","Healthy_vs_SNMG_Pre","Upregulated"
"AREG",0.00000000000000000000000627421935491114,-2.27874107843677,0.155,0.364,0.000000000000000000229642702609103,"T cells","Healthy_vs_SNMG_Pre","Downregulated"
"PRDM1",0.0000000000000000000000146263523735894,-0.956628029378292,0.43,0.653,0.000000000000000000535339123225746,"T cells","Healthy_vs_SNMG_Pre","Downregulated"
"TNFAIP3",0.00000000000000000000655235733763108,0.79184307447342,0.771,0.623,0.000000000000000239822830914635,"T cells","Healthy_vs_SNMG_Pre","Upregulated"
"ZNF331",0.000000000000000000157034567444136,1.96260108481321,0.265,0.088,0.00000000000000574762220302282,"T cells","Healthy_vs_SNMG_Pre","Upregulated"
"METRNL",0.00000000000000000651168761414496,1.15297227860567,0.465,0.258,0.00000000000023833427836532,"T cells","Healthy_vs_SNMG_Pre","Upregulated"
"CREM",0.0000000000000000100504548704482,1.66285328960951,0.339,0.159,0.000000000000367856698713274,"T cells","Healthy_vs_SNMG_Pre","Upregulated"
"S100A11",0.000000000000000028902303629609,-0.753998842292167,0.477,0.671,0.00000000000105785321514732,"T cells","Healthy_vs_SNMG_Pre","Downregulated"
"HBA2",0.000000000000000264877227436717,-1.80204569005056,0.11,0.274,0.00000000000969477140141126,"T cells","Healthy_vs_SNMG_Pre","Downregulated"
"MYOM2",0.00000000000000763244815364647,-1.94885339707056,0.052,0.181,0.000000000279355234871615,"T cells","Healthy_vs_SNMG_Pre","Downregulated"
"P2RY8",0.000000000000283999616303692,0.92168014896559,0.453,0.286,0.0000000103946699563314,"T cells","Healthy_vs_SNMG_Pre","Upregulated"
"PIK3R1",0.00000000000117787505903086,0.582817709158745,0.847,0.77,0.0000000431114050355885,"T cells","Healthy_vs_SNMG_Pre","Upregulated"
"IL7R",0.00000000000792078525473106,-0.640420754564666,0.63,0.742,0.000000289908661108412,"T cells","Healthy_vs_SNMG_Pre","Downregulated"
"SOCS1",0.0000000000177740412756287,-1.25865190065607,0.118,0.252,0.000000650547684729286,"T cells","Healthy_vs_SNMG_Pre","Downregulated"
"KMT2E",0.0000000000232031354177468,0.584819149358583,0.678,0.549,0.00000084925795942495,"T cells","Healthy_vs_SNMG_Pre","Upregulated"
"NR4A2",0.0000000000407454741631065,1.47040459156519,0.227,0.103,0.00000149132509984386,"T cells","Healthy_vs_SNMG_Pre","Upregulated"
"CEBPZ",0.000000000268327955167592,0.889870605539711,0.375,0.231,0.00000982107148708905,"T cells","Healthy_vs_SNMG_Pre","Upregulated"
"SELENOK",0.000000000294209938184097,0.55836885249103,0.689,0.557,0.0000107683779474761,"T cells","Healthy_vs_SNMG_Pre","Upregulated"
"RPS26",0.000000000363616431614904,0.538916711262639,0.945,0.919,0.0000133087250135371,"T cells","Healthy_vs_SNMG_Pre","Upregulated"
"DDX6",0.000000000499607984262133,0.520667537048289,0.669,0.536,0.0000182861518319783,"T cells","Healthy_vs_SNMG_Pre","Upregulated"
"IRF2BP2",0.00000000133676303372746,0.794595313137488,0.389,0.251,0.0000489268637974588,"T cells","Healthy_vs_SNMG_Pre","Upregulated"
"KLRF1",0.00000000137153243518886,-1.01803501041235,0.161,0.291,0.0000501994586603474,"T cells","Healthy_vs_SNMG_Pre","Downregulated"
"REL",0.00000000409014812324925,0.800162829888075,0.369,0.235,0.000149703511459046,"T cells","Healthy_vs_SNMG_Pre","Upregulated"
"PRPF38B",0.0000000165355632941468,0.692295281513768,0.39,0.258,0.000605218152129068,"T cells","Healthy_vs_SNMG_Pre","Upregulated"
"MT2A",0.0000000371788380523172,0.727322574259199,0.594,0.497,0.00136078265155286,"T cells","Healthy_vs_SNMG_Pre","Upregulated"
"HBA1",0.0000000560875121798037,-2.30747952575098,0.036,0.109,0.002052859033293,"T cells","Healthy_vs_SNMG_Pre","Downregulated"
"MAP3K8",0.0000000916835783160997,0.886444893650018,0.442,0.325,0.00335571064994757,"T cells","Healthy_vs_SNMG_Pre","Upregulated"
"MTRNR2L1",0.000000103014747768006,-1.3900537130174,0.047,0.125,0.00377044278305679,"T cells","Healthy_vs_SNMG_Pre","Downregulated"
"DDIT4",0.000000167742247877838,-0.571643434994213,0.499,0.618,0.00613953401457676,"T cells","Healthy_vs_SNMG_Pre","Downregulated"
"POLR2J3",0.000000176716386817752,0.766530673929318,0.328,0.21,0.00646799647391655,"T cells","Healthy_vs_SNMG_Pre","Upregulated"
"YPEL5",0.000000212344995926285,0.63801747249878,0.41,0.28,0.00777203919589796,"T cells","Healthy_vs_SNMG_Pre","Upregulated"
"SH3BP5",0.000000306170379555091,-0.74123827272643,0.263,0.383,0.0112061420620959,"T cells","Healthy_vs_SNMG_Pre","Downregulated"
"TWISTNB",0.000000319666060941834,0.938522220165634,0.217,0.117,0.0117000974965321,"T cells","Healthy_vs_SNMG_Pre","Upregulated"
"APOBEC3G",0.000000324129336373444,-0.546946520575758,0.366,0.493,0.0118634578406044,"T cells","Healthy_vs_SNMG_Pre","Downregulated"
"SRSF10",0.000000352000436504581,0.568785363327027,0.433,0.312,0.0128835679765042,"T cells","Healthy_vs_SNMG_Pre","Upregulated"
"PTS",0.000000489654142751022,1.6516889957365,0.121,0.049,0.0179218312788302,"T cells","Healthy_vs_SNMG_Pre","Upregulated"
"FURIN",0.000000523769250630121,1.59934414774354,0.101,0.035,0.019170478342313,"T cells","Healthy_vs_SNMG_Pre","Upregulated"
"PTGDR",0.00000091359263185671,-1.1057334333358,0.091,0.177,0.0334384039185875,"T cells","Healthy_vs_SNMG_Pre","Downregulated"
"WDR33",0.00000109023312276956,0.665931707575595,0.296,0.184,0.0399036225264885,"T cells","Healthy_vs_SNMG_Pre","Upregulated"
"ZNF267",0.00000134170516193996,0.975137334817538,0.186,0.097,0.0491077506321645,"T cells","Healthy_vs_SNMG_Pre","Upregulated"
"METRNL",0.0000000000000000000000258301618667244,-1.4927466641988,0.258,0.473,0.000000000000000000945409754483979,"T cells","SNMG_Pre_vs_SNMG_Post","Downregulated"
"CNOT6L",0.00000000000000000000908173054261846,-0.924633222442271,0.507,0.679,0.000000000000000332400419590378,"T cells","SNMG_Pre_vs_SNMG_Post","Downregulated"
"CREM",0.000000000000000178328324422403,-1.47210542197276,0.159,0.334,0.00000000000652699500218439,"T cells","SNMG_Pre_vs_SNMG_Post","Downregulated"
"FAM177A1",0.00000000000387952238355312,-0.999046491025204,0.227,0.381,0.000000141994398760428,"T cells","SNMG_Pre_vs_SNMG_Post","Downregulated"
"RNF125",0.00000000000441494154377326,-0.65434089914866,0.382,0.556,0.000000161591275443645,"T cells","SNMG_Pre_vs_SNMG_Post","Downregulated"
"CD55",0.00000000000445105939069218,-0.859102810935456,0.245,0.403,0.000000162913224758724,"T cells","SNMG_Pre_vs_SNMG_Post","Downregulated"
"SMAP2",0.000000000038714752968489,-0.516370845844674,0.642,0.764,0.00000141699867339967,"T cells","SNMG_Pre_vs_SNMG_Post","Downregulated"
"IFNGR1",0.000000000207933704551426,-0.954793177926355,0.315,0.455,0.00000761058152028676,"T cells","SNMG_Pre_vs_SNMG_Post","Downregulated"
"SC5D",0.000000000294833475441784,-1.25942358791958,0.102,0.223,0.0000107912000346447,"T cells","SNMG_Pre_vs_SNMG_Post","Downregulated"
"ELF1",0.000000000845681234357826,-0.512854498412645,0.552,0.679,0.0000309527788587308,"T cells","SNMG_Pre_vs_SNMG_Post","Downregulated"
"PDE4B",0.00000000172510639957385,-0.980256034375757,0.194,0.326,0.0000631406193308024,"T cells","SNMG_Pre_vs_SNMG_Post","Downregulated"
"AKNA",0.00000000189352117045421,-0.635207573332104,0.407,0.551,0.0000693047683597944,"T cells","SNMG_Pre_vs_SNMG_Post","Downregulated"
"ZNF331",0.00000000253994434525078,-1.2203537636488,0.088,0.195,0.0000929645029805239,"T cells","SNMG_Pre_vs_SNMG_Post","Downregulated"
"PLEK",0.00000000332998946681496,0.5578337504478,0.492,0.352,0.000121880944474895,"T cells","SNMG_Pre_vs_SNMG_Post","Upregulated"
"BRD1",0.0000000050164855650376,-0.826596364892528,0.145,0.271,0.000183608388165941,"T cells","SNMG_Pre_vs_SNMG_Post","Downregulated"
"SLC7A5",0.00000000693212106664672,-1.33324907704533,0.071,0.168,0.000253722563160337,"T cells","SNMG_Pre_vs_SNMG_Post","Downregulated"
"WDR33",0.0000000162493163420777,-0.797459764963937,0.184,0.31,0.000594741227436384,"T cells","SNMG_Pre_vs_SNMG_Post","Downregulated"
"CKLF",0.0000000454776757443106,0.55014691862416,0.545,0.441,0.00166452840991751,"T cells","SNMG_Pre_vs_SNMG_Post","Upregulated"
"SLA",0.00000011394139610639,-0.684292645256438,0.341,0.477,0.00417036903888997,"T cells","SNMG_Pre_vs_SNMG_Post","Downregulated"
"SLC9A3R1",0.000000320158758093847,0.553210444324205,0.419,0.3,0.0117181307049929,"T cells","SNMG_Pre_vs_SNMG_Post","Upregulated"
"MTFP1",0.000000941618244271469,-0.72598787347194,0.21,0.317,0.03446416935858,"T cells","SNMG_Pre_vs_SNMG_Post","Downregulated"
"SH2D2A",0.00000108399571179634,-0.691753986640208,0.21,0.324,0.0396753270474578,"T cells","SNMG_Pre_vs_SNMG_Post","Downregulated"
"CEBPZ",0.00000110281197034692,-0.571117077573334,0.231,0.346,0.0403640209266676,"T cells","SNMG_Pre_vs_SNMG_Post","Downregulated"
