"Gene","p_val","avg_log2FC","pct.1","pct.2","p_val_adj"
"RPS26",9.34745506931428e-47,1.50816695706054,0.87,0.782,3.42126202991972e-42
"CD83",1.52173996016762e-28,0.979742384406787,0.665,0.445,5.56972042820951e-24
"JUND",9.37758642634427e-27,0.533134843188312,0.979,0.968,3.43229040790627e-22
"CD79B",2.5397114852118e-24,-0.554887970706911,0.784,0.919,9.29559800702371e-20
"EIF1",8.07033163185042e-21,0.283388980445866,0.996,0.998,2.95382208057357e-16
"SRSF5",3.07375296779844e-18,-0.403253131318302,0.86,0.936,1.12502432374391e-13
"HLA-C",3.27657920965976e-18,-0.324055271544789,0.974,0.996,1.19926075652757e-13
"ACTR3",7.54195339001448e-18,-0.647436578287047,0.446,0.631,2.7604303602792e-13
"ARL6IP5",1.04942541779669e-17,-0.647432706729917,0.478,0.655,3.84100197167767e-13
"TMSB4X",3.99471455706668e-16,-0.262821014179798,0.995,1,1.46210547503197e-11
"TSC22D3",6.70575328239289e-16,0.430350044202622,0.92,0.886,2.45437275888862e-11
"PSMB9",2.6940891585274e-15,-0.6142478648804,0.487,0.663,9.86063572912615e-11
"BTG1",2.09965745851265e-14,0.326881829471526,0.996,0.996,7.68495626390216e-10
"MS4A1",2.11989820041774e-14,-0.354446232118649,0.881,0.941,7.75903940334898e-10
"KIAA0040",4.30021681043636e-14,-0.950482146464414,0.273,0.437,1.57392235478781e-09
"RAC2",5.58159419154078e-14,-0.541733487243951,0.553,0.714,2.04291929004584e-09
"GRASP",1.69623037321035e-13,1.67027316742188,0.184,0.071,6.2083727889872e-09
"AL139020.1",2.04546454945905e-13,-1.94066508694848,0.053,0.162,7.48660479747507e-09
"MTRNR2L1",7.89162783622892e-13,-0.984607083646768,0.136,0.28,2.88841470433815e-08
"PELI1",1.09617303782087e-12,1.02885103203535,0.367,0.224,4.01210293572816e-08
"TRAF3IP3",2.6628963016362e-12,-0.66121214113853,0.368,0.517,9.74646675361864e-08
"AHSA1",7.99077411049925e-12,-1.15822566183536,0.114,0.238,2.92470323218383e-07
"RNASE6",8.80944168483845e-12,-1.0582201396968,0.164,0.3,3.22434375106772e-07
"RBM3",1.15566721828637e-11,0.42953647907934,0.792,0.72,4.22985758564993e-07
"STX7",1.29841201471027e-11,-0.512155092475916,0.506,0.665,4.75231781504108e-07
"C1orf162",2.87161670485738e-11,-0.835920802196215,0.232,0.381,1.05104043014485e-06
"LSM10",4.20479790833821e-11,-0.67194668668803,0.31,0.458,1.53899808243087e-06
"ACTG1",1.52107793230948e-10,-0.3966733326236,0.721,0.814,5.56729734004593e-06
"CNTNAP2",1.58827284479918e-10,-1.16604266471612,0.115,0.229,5.81323743924948e-06
"CD53",2.16084852004316e-10,-0.466742901336943,0.556,0.695,7.90892166820997e-06
"IFI16",2.62673822985714e-10,-0.442818140301541,0.515,0.655,9.61412459510012e-06
"ATP6V1G1",3.63869129283657e-10,-0.317381075182662,0.791,0.887,1.33179740009111e-05
"HSPA8",5.78848100178377e-10,-0.648057022008791,0.355,0.498,2.11864193146288e-05
"PRDX1",8.53494852429443e-10,-0.631611788242707,0.29,0.422,3.123876509377e-05
"EAF2",1.05589354008413e-09,-0.426032873342022,0.529,0.676,3.86467594606193e-05
"ARHGAP24",1.23440716471406e-09,0.939633194307666,0.307,0.189,4.51805366356993e-05
"GAPT",1.6543484482555e-09,-0.642650625301499,0.271,0.41,6.05508075545997e-05
"HNRNPF",1.67150458748966e-09,-0.626719751229605,0.316,0.447,6.11787394067089e-05
"CORO1A",1.79768240546833e-09,-0.360655195517835,0.696,0.806,6.57969737225462e-05
"SPIB",1.93405777334878e-09,-0.607919910482961,0.29,0.427,7.07884485623387e-05
"NASP",1.95856523412515e-09,-0.664923795386473,0.255,0.392,7.16854461342147e-05
"DYNLL1",2.51511052778236e-09,-0.801108234741044,0.236,0.361,9.20555604273621e-05
"PSMA7",2.65198819664402e-09,-0.399822418747092,0.533,0.658,9.70654199853677e-05
"TNFAIP8",2.87238693461324e-09,-0.390550849228164,0.541,0.679,0.000105132234193779
"HIST1H4C",3.03405426445243e-09,-0.42506541227267,0.571,0.694,0.000111049420133223
"LYSMD2",3.10113595958944e-09,-0.775310307035328,0.145,0.261,0.000113504677256933
"PLEKHF2",3.30395403872861e-09,-0.533579421346458,0.363,0.501,0.000120928021771506
"SNX9",5.79685055356879e-09,1.03809270909189,0.277,0.167,0.000212170527111171
"LAT2",5.95867732533181e-09,-0.61308774153367,0.204,0.33,0.000218093548784469
"CLIC1",6.08875400851345e-09,-0.385135637721631,0.635,0.752,0.000222854485465601
"SP110",7.08506091145514e-09,-0.449636272941825,0.553,0.651,0.000259320314420169
"S1PR4",7.41404816831095e-09,-0.825313321382163,0.214,0.33,0.000271361577008349
"PLEKHO1",8.10397973299543e-09,-0.509481121030572,0.333,0.464,0.000296613762207366
"PSMB10",8.61852058181113e-09,-0.596037312024635,0.341,0.469,0.000315446471814869
"UCP2",9.41454423573855e-09,-0.3995389273258,0.619,0.746,0.000344581733572267
"GLRX",1.2740567182259e-08,-1.03340530285004,0.119,0.219,0.000466317499437861
"PPP4C",1.77576158247134e-08,-0.746934881317251,0.193,0.307,0.000649946496800336
"SCAF11",1.77851142236718e-08,-0.410039322346344,0.527,0.653,0.000650952965700611
"HVCN1",2.15105069469298e-08,-0.434788076310454,0.555,0.662,0.000787306064764576
"PSMB8",3.10727542271346e-08,-0.483161668525648,0.4,0.522,0.00113729387746735
"APOBEC3G",4.71307581223224e-08,-0.742502683672029,0.171,0.28,0.00172503287803512
"APBB1IP",4.89240690159646e-08,-0.680540801885448,0.263,0.379,0.00179066985005332
"HLA-DRB5",5.28816705294907e-08,-0.444226242380532,0.663,0.722,0.00193552202304989
"FCMR",7.75315003319077e-08,-0.385329984638467,0.618,0.723,0.00283773044364815
"ARPC1B",8.73567863824236e-08,-0.40211047570874,0.609,0.721,0.00319734573838308
"RSBN1L",9.094234349783e-08,-0.543465170602416,0.244,0.364,0.00332858071436408
"CSK",1.06723574297764e-07,-0.500286523685174,0.324,0.446,0.00390618954287245
"HMGB2",1.30136769690908e-07,0.42050801867934,0.607,0.517,0.00476313590745693
"LMAN2",1.35218167722383e-07,-0.73726899551964,0.187,0.293,0.00494912015680694
"SSNA1",1.43471658581359e-07,-0.62300435628762,0.229,0.34,0.00525120617573631
"ZNF706",1.48729424682611e-07,-0.482092245440731,0.387,0.504,0.00544364567280825
"FCRLA",1.70511127360725e-07,-0.560718384837563,0.274,0.383,0.00624087777252988
"NCOR1",1.82587802506595e-07,-0.543822644982354,0.277,0.393,0.00668289615954388
"ARPC5",1.91153941324524e-07,-0.329697991802113,0.486,0.61,0.0069964254064189
"IFI30",2.29732244290521e-07,-0.978441800172383,0.145,0.238,0.00840842987327736
"BACH1",2.30565374366187e-07,0.814671070448622,0.319,0.218,0.00843892326717681
"CCDC32",2.41143563692815e-07,-0.5766897115945,0.266,0.38,0.00882609557472074
"IRF2",2.41612474779583e-07,-0.507598003189809,0.319,0.436,0.0088432581894075
"CAPG",2.85864175003266e-07,-0.691268862200186,0.169,0.271,0.0104629146692945
"METTL7A",2.91884956136458e-07,-0.621793064601322,0.178,0.287,0.0106832812795505
"PSMB1",3.42608417016072e-07,-0.367310967929777,0.492,0.608,0.0125398106712053
"PARP1",3.68910388880641e-07,-0.373746133643502,0.491,0.605,0.0135024891434203
"TCL1A",3.69683189236956e-07,-0.483833207550895,0.664,0.67,0.0135307744092618
"CAP1",3.93699893986095e-07,-0.44242570540005,0.367,0.482,0.0144098098197851
"SMAP2",4.32368477457633e-07,0.372114460242419,0.803,0.773,0.0158251186434268
"LIMD2",4.70586250965754e-07,-0.26687941770495,0.813,0.89,0.0172239273715975
"CIRBP",4.74048265000155e-07,0.265947073326931,0.91,0.898,0.0173506405472707
"EPSTI1",5.21282970382837e-07,-0.741572679380166,0.178,0.275,0.0190794779989822
"CDK2AP2",5.3005749719997e-07,-0.745710300837829,0.116,0.204,0.0194006344550161
"ATP6V0E1",5.49701288425785e-07,-0.338948793229356,0.55,0.651,0.0201196168576721
"BRK1",6.92069505153351e-07,-0.31877059754822,0.46,0.572,0.0253304359581178
"MAP2K2",8.07151415352636e-07,-0.455770291346819,0.35,0.46,0.0295425489533218
"ARHGAP45",8.60964576096586e-07,-0.54628700205792,0.197,0.299,0.0315121644497112
"SNX17",9.85113625410917e-07,-0.5194612841368,0.163,0.264,0.036056143803665
"NFKBID",9.94381023688781e-07,0.593112324877033,0.351,0.248,0.0363953398480331
"ATP5F1C",9.9958273804143e-07,-0.499263391720153,0.308,0.419,0.0365857277950544
"HLA-DQA2",1.00754368720142e-06,-0.306555351701925,0.47,0.616,0.0368771064952591
"SAMD9",1.02435812768586e-06,-0.647491869828772,0.211,0.313,0.0374925318314303
"CYBB",1.08959828909385e-06,-0.328545593836799,0.313,0.433,0.0398803869791239
"PLCG2",1.1549387834746e-06,-0.266800671026261,0.635,0.749,0.0422719144139539
"DDX58",1.28629735909952e-06,-1.04545232939185,0.048,0.112,0.0470797696404017
"COA3",1.32070263555942e-06,-0.909070698552197,0.088,0.164,0.0483390371641103
"PTGES3",1.39049357107317e-06,-0.325393972189787,0.482,0.61,0.0508934551948489
"GPATCH11",1.41023997923439e-06,-0.947269375034304,0.1,0.18,0.051616193479958
"ABRACL",1.70690818041927e-06,-0.800454489313356,0.138,0.225,0.0624745463115255
"EVI2B",1.7070071190585e-06,-0.291917488595234,0.664,0.765,0.0624781675646603
"JCHAIN",1.85109585291971e-06,-0.714152230111392,0.407,0.518,0.0677519593127142
"PTPN6",1.87151824947584e-06,-0.480899636385314,0.36,0.468,0.0684994394490653
"CD180",2.00986854956478e-06,-1.20506995539736,0.072,0.141,0.0735631987826205
"ITGA4",2.04409844949311e-06,-0.389979715048798,0.404,0.52,0.0748160473498974
"SYNRG",2.15931806395021e-06,-0.558229426129322,0.195,0.294,0.0790332004586415
"CYBC1",2.24144272865147e-06,-0.680016781790076,0.189,0.284,0.0820390453113725
"MAP2K3",2.2887772320195e-06,-0.831755999357233,0.105,0.185,0.0837715354691457
"POU2F2",2.69970694187224e-06,-0.396781891246786,0.488,0.597,0.098811973779466
"LBH",2.70074081536369e-06,-0.456555205376695,0.321,0.428,0.0988498145831263
"RIPOR2",3.02746630860574e-06,-0.259795343504003,0.749,0.833,0.110808294361279
"PSMB2",3.08500484616275e-06,-0.680896158242975,0.152,0.24,0.112914262374403
"PYCARD",3.12209448812242e-06,-0.605866884333692,0.182,0.272,0.114271780359769
"MRPS5",3.78811235759919e-06,-0.667920568670269,0.126,0.209,0.138648700400488
"EZR",3.79242301550842e-06,0.410660380877971,0.753,0.719,0.138806474790624
"C19orf53",3.94407958116247e-06,-0.329050303511685,0.457,0.572,0.144357256750128
"BUB3",4.00458538217764e-06,-0.51717313927796,0.23,0.334,0.146571829573084
"NOP10",4.02980222918183e-06,-0.512341685237264,0.277,0.38,0.147494791390284
"CDCA7L",4.62108694585469e-06,-0.518138919988767,0.314,0.411,0.169136403305228
"TNFSF10",4.75099116068949e-06,-1.30307149329033,0.043,0.1,0.173891027472396
"GSPT1",5.40067852693405e-06,-0.651883724445951,0.159,0.246,0.197670234764313
"CCDC107",5.41545679488065e-06,-0.734204539544982,0.133,0.215,0.198211134149427
"FERMT3",5.54683993616099e-06,-0.587294025077092,0.163,0.252,0.203019888503428
"PPM1G",5.61994098112524e-06,-0.55063649365143,0.218,0.313,0.205695459850165
"PRELID1",5.80200611909395e-06,-0.313114712078914,0.349,0.466,0.212359225964958
"PPP1R18",5.88389484035016e-06,-0.791828198388937,0.151,0.232,0.215356435051656
"TMBIM6",6.02760701332772e-06,-0.298451974765486,0.555,0.651,0.220616444294808
"CYTIP",6.09667103004253e-06,0.457296329221999,0.512,0.419,0.223144256370587
"NMI",6.38005919187344e-06,-0.761543013281693,0.141,0.222,0.23351654648176
"FGR",6.53835522701572e-06,-1.05747910267203,0.082,0.15,0.239310339664002
"GSDMD",6.80847395312866e-06,-0.851086999885605,0.116,0.192,0.249196955158462
"MITD1",6.82715213524918e-06,-0.570554469423816,0.164,0.254,0.249880595302255
"RNASEH2C",6.92642608401881e-06,-0.459694857645308,0.269,0.369,0.253514121101173
"AC243960.1",7.00666238647368e-06,-0.803327003277654,0.117,0.197,0.256450850007323
"LAGE3",7.0903984980922e-06,-0.855905512131229,0.067,0.131,0.259515675428673
"AC004687.1",7.70417419746735e-06,-0.456151262168498,0.302,0.407,0.281980479801502
"VPREB3",7.8534786332108e-06,-0.295147683085599,0.59,0.671,0.287445171454148
"ZFP36",7.85713225992546e-06,-0.301266636138978,0.477,0.6,0.287578897845532
"OSBPL11",7.97187498984021e-06,-0.764412731670433,0.117,0.195,0.291778596503142
"DHPS",8.04139967801274e-06,-0.679957232558567,0.129,0.209,0.294323269614944
"FLI1",8.58237036889858e-06,-0.532714537910723,0.199,0.291,0.314123337872057
"TSPAN3",8.6842815823743e-06,-0.444821984444101,0.268,0.366,0.317853390196482
"MCM3",8.69138176568318e-06,-1.0783972960194,0.051,0.109,0.31811326400577
"SPCS2",9.60168922428643e-06,-0.35230717134171,0.538,0.62,0.351431427298108
"CSNK1G2",1.04595731031798e-05,-0.602810404195738,0.161,0.243,0.382830835149486
"GSTK1",1.05717311355633e-05,-0.527421195464192,0.282,0.377,0.386935931292754
"BEND5",1.12493193918691e-05,-0.927624239018345,0.075,0.142,0.411736339061799
"BCL3",1.23555796341497e-05,0.920854877654381,0.131,0.069,0.452226570189513
"ID3",1.24360345325635e-05,-0.903108954393118,0.068,0.131,0.455171299926358
"SNRNP40",1.3316371483822e-05,-0.733096796152755,0.104,0.177,0.487392512679367
"MED11",1.37360802996782e-05,-1.15992058399492,0.057,0.115,0.502754275048523
"RSRP1",1.37694210549973e-05,-0.325096419623758,0.414,0.522,0.503974580033954
"TIFA",1.51968932904633e-05,-0.672480554483039,0.158,0.238,0.556221491324248
"SELENOH",1.58156002035818e-05,-0.273859095183589,0.63,0.696,0.578866783051298
"LY9",1.6002575756811e-05,0.675716386978049,0.265,0.184,0.585710275275039
"EIF1B",1.65260014204123e-05,0.435649669060642,0.54,0.463,0.604868177988511
"PIH1D1",1.66185928540544e-05,-0.896327064625315,0.103,0.172,0.608257117051246
"CARD8-AS1",1.73268242817577e-05,-0.806506609901316,0.059,0.119,0.634179095536612
"TLE1",1.74300352049094e-05,0.620101172307361,0.379,0.295,0.63795671853489
"MRPL28",1.76664707177512e-05,-0.931544744407575,0.088,0.153,0.646610494740413
"PDE4B",1.79648054564824e-05,0.477816466489927,0.519,0.45,0.657529844512711
"CCT5",1.90170551359772e-05,-0.525494072563062,0.215,0.302,0.696043235031902
"RPA2",2.07260997867078e-05,-0.653259496909669,0.168,0.246,0.75859597829329
"CCR6",2.08783855363538e-05,-0.999329971308221,0.068,0.128,0.764169789016087
"VASP",2.11296634421813e-05,-0.518288574992229,0.265,0.352,0.773366811647278
"CYB5A",2.18460686406375e-05,-0.576481759043343,0.193,0.279,0.799587958315974
"PANK2",2.26476490579872e-05,-0.848329937800078,0.08,0.144,0.82892660317139
"PDCD6",2.3056368353782e-05,-0.391098820518802,0.333,0.432,0.843886138116773
"RNASEH2B",2.3126252188855e-05,-0.458508979381236,0.355,0.455,0.846443956364283
"ADD3",2.34021548571144e-05,-0.390897179973808,0.415,0.517,0.856542269925244
"NDUFC2",2.48933047185516e-05,-0.432440605459405,0.29,0.382,0.911119846003707
"NDUFB3",2.49967163589121e-05,-0.493655206948911,0.245,0.334,0.914904815452542
"NDUFA12",2.50124728901809e-05,-0.33990203149425,0.337,0.435,0.915481520253512
"PITHD1",2.51084248998334e-05,-0.564135553379634,0.145,0.223,0.918993459758803
"TP53INP1",2.55653440510089e-05,0.582177204631771,0.368,0.286,0.935717157610975
"ELF1",2.63195871539616e-05,0.398681436221711,0.576,0.497,0.963323209422149
"SULF2",2.66466308898947e-05,-0.612119897144264,0.169,0.249,0.975293337201036
"PLAC8",2.80992806915597e-05,-0.33079637573095,0.627,0.696,1
"PIK3IP1",2.89435575314249e-05,0.581604868382263,0.342,0.262,1
"CCT4",2.9459375928789e-05,-0.530099520052498,0.246,0.334,1
"OSBPL10",3.01756623588108e-05,-0.562438602387772,0.218,0.3,1
"ACAP1",3.0351391733967e-05,-0.523267114552291,0.297,0.386,1
"IGKC",3.09152214944885e-05,-0.434143103418876,0.66,0.685,1
"MED30",3.11554292645079e-05,0.663446670910533,0.321,0.244,1
"BAZ1B",3.20470057743307e-05,-0.695856112200909,0.111,0.182,1
"MDM4",3.21109890258947e-05,0.453247587922848,0.598,0.536,1
"GSTO1",3.26475367602345e-05,-0.593253747302394,0.177,0.258,1
"PCMT1",3.50892803752152e-05,-0.520624920274198,0.161,0.241,1
"ETF1",3.54368409170941e-05,0.881460308765357,0.152,0.089,1
"RBM38",3.5517707102583e-05,0.463127681018536,0.438,0.347,1
"UTP6",3.59687018624058e-05,-0.543985798208434,0.119,0.194,1
"CD72",3.65812199310563e-05,-0.44245647030225,0.213,0.302,1
"HSP90AA1",3.75080105494371e-05,-0.251326509578848,0.734,0.825,1
"CD19",3.75390527530136e-05,-0.555294457506467,0.236,0.326,1
"XRRA1",3.76087151263923e-05,-0.760747556955626,0.075,0.138,1
"VPS28",3.87368418985509e-05,-0.455791602306075,0.361,0.447,1
"PHB2",3.87851683956795e-05,-0.376401057107589,0.333,0.428,1
"PSIP1",3.94415251853241e-05,-0.378151530710906,0.42,0.508,1
"VIM",3.94934115834071e-05,-0.378084995619341,0.618,0.677,1
"MID1IP1",3.9856378221924e-05,-0.939814886956772,0.061,0.117,1
"CYB561A3",4.01096864711282e-05,-0.37045751099443,0.354,0.451,1
"GNAI2",4.05579381075738e-05,-0.274017052014544,0.503,0.616,1
"IRF7",4.14524219265956e-05,-0.708440486294277,0.108,0.176,1
"CREBZF",4.88303475309227e-05,-0.611737049100113,0.153,0.227,1
"RGS19",5.0688453995344e-05,-0.528036015364478,0.222,0.303,1
"SCIMP",5.11071791261029e-05,-0.59917712014579,0.155,0.229,1
"TRMT112",5.1605230982896e-05,-0.335761032587062,0.468,0.56,1
"POLR3K",5.25776697409798e-05,-0.919029232439923,0.064,0.121,1
"CEMIP2",5.25842654206639e-05,0.622725708559947,0.346,0.266,1
"LINC01578",5.32058276602315e-05,0.258894090282864,0.808,0.793,1
"KMT5B",5.50542838580936e-05,-0.814591554178455,0.096,0.16,1
"EIF6",5.61185967455786e-05,-0.5178376486093,0.192,0.27,1
"ICAM2",5.61228246770584e-05,-0.702561412164608,0.143,0.215,1
"TLR10",6.03514830930561e-05,-0.761817808881501,0.141,0.209,1
"GPATCH4",6.05990976618381e-05,-0.909253838453814,0.089,0.15,1
"DHRS7",6.47442525882513e-05,-0.484891829362469,0.155,0.23,1
"SYK",6.76905975979667e-05,-0.36293111657466,0.271,0.362,1
"STAP1",6.79860702969416e-05,-0.456518672609304,0.235,0.322,1
"HLA-F",7.23700551365533e-05,-0.32825912695509,0.481,0.563,1
"ATP6V0D1",7.55335152249995e-05,-0.693547766021946,0.119,0.187,1
"STK17A",7.59880051503762e-05,-0.343645779490005,0.559,0.643,1
"AASDHPPT",7.79397254657089e-05,-0.714888246443025,0.087,0.148,1
"TSTA3",7.93585734531026e-05,-0.932624129632077,0.062,0.116,1
"PDCD10",8.05336677069015e-05,-0.470057414433526,0.246,0.326,1
"UQCC3",8.25970883395783e-05,-0.99295085361331,0.074,0.13,1
"SUN2",8.26998178967077e-05,-0.516796200157208,0.169,0.246,1
"CSNK1A1",8.30364675661761e-05,-0.436225023587209,0.328,0.42,1
"DDAH2",8.42993738647411e-05,-0.490434355508509,0.161,0.235,1
"MPHOSPH8",8.72945426125829e-05,-0.398837880278678,0.41,0.497,1
"RP9",8.75174799809464e-05,-0.458566481016999,0.184,0.263,1
"CFAP298",9.0594496183826e-05,-0.671129345304625,0.133,0.201,1
"FCGR2B",9.15584431700794e-05,-0.53694099632847,0.219,0.297,1
"ARL2",9.49319105404394e-05,-0.841666218670077,0.091,0.151,1
"SHKBP1",9.73364583530634e-05,-0.665706747349792,0.13,0.198,1
"THOC3",9.8716931936583e-05,-0.719992960102361,0.077,0.134,1
"UBE2R2",9.94952106380522e-05,-0.499796639006421,0.23,0.305,1
"PER1",0.000100119437956906,0.937406799206434,0.1,0.051,1
"ATP6V0B",0.000102330560405323,-0.526129691034264,0.244,0.32,1
"BANF1",0.000102581655131167,-0.455514133528612,0.252,0.334,1
"TUBA1B",0.000105997251708908,-0.460456871881865,0.302,0.385,1
"SIT1",0.000111599973633473,-1.01134758505312,0.053,0.103,1
"PBRM1",0.000111848350870691,-0.597453447127688,0.169,0.242,1
"SUSD3",0.000112298286978611,-0.808167355322921,0.075,0.132,1
"CCDC112",0.000112658213242797,-0.792156908026865,0.108,0.17,1
"PPP1CA",0.000117439139551518,-0.326280740126727,0.419,0.512,1
"NHLRC3",0.00011758395102244,-0.650959096633629,0.135,0.202,1
"NUP50",0.000119245318538011,-0.551560363737128,0.094,0.154,1
"ISCU",0.000119410772467151,-0.273710610952086,0.57,0.645,1
"ERP44",0.000119482386919138,-0.45412810601337,0.252,0.33,1
"LINC02397",0.000122052957370704,-0.321730769493079,0.403,0.494,1
"RNF167",0.000123949055625579,-0.674214063226969,0.101,0.164,1
"MYO1G",0.000124670021702978,-0.465488975131513,0.173,0.248,1
"CD46",0.000125715769254066,-0.521853120292503,0.174,0.249,1
"CPNE1",0.000126405685819869,-0.403131130126707,0.229,0.313,1
"RBMX2",0.000129747428560663,-0.702181726596288,0.095,0.157,1
"UBE2D1",0.000131652726252419,-0.830813552138074,0.085,0.144,1
"SEPHS2",0.000131741092458427,-0.423097143331073,0.132,0.202,1
"POLR2F",0.00013191525752084,-0.541895862443556,0.163,0.237,1
"TWF2",0.000132930303192449,-0.781406405972213,0.117,0.181,1
"ORMDL3",0.000133302826585257,-0.766116519266796,0.084,0.141,1
"S100A11",0.00013429657128438,-0.703594244625972,0.112,0.177,1
"IGHG1",0.000135649722619913,0.635803213005713,0.108,0.17,1
"SPART",0.00014688151612298,-0.797208804863278,0.056,0.106,1
"TOP2B",0.000149354069236418,-0.520339450731448,0.203,0.282,1
"RUVBL1",0.000154941260172916,-0.764651096781452,0.093,0.152,1
"CXXC5",0.000158572850721722,-0.289285143584642,0.512,0.598,1
"ERH",0.000166676662604709,-0.313307169941912,0.412,0.496,1
"MRPS31",0.000171403710223564,-0.655138911680668,0.133,0.2,1
"TXNDC12",0.000171602128978284,-0.725758098286791,0.126,0.189,1
"OAS1",0.000179546217059212,-1.11508757222257,0.062,0.111,1
"TALDO1",0.000181017079217038,-0.392203525643798,0.262,0.345,1
"SCAMP2",0.000181242188465722,-0.571762245876708,0.129,0.194,1
"GLCCI1",0.000184541359949962,-0.741800124364573,0.084,0.141,1
"RTN4",0.000185208866496047,-0.556693992081813,0.174,0.247,1
"SDHAF1",0.000186526410349478,-0.726707392002854,0.057,0.107,1
"PLEK",0.000188661391778065,-0.473727034376991,0.269,0.345,1
"ISG15",0.000189170073753272,-0.805338382544045,0.177,0.247,1
"LDHB",0.00019161547889918,-0.331074625043218,0.357,0.449,1
"SDHD",0.000192353802881251,-0.47000188559074,0.184,0.259,1
"ATP5F1A",0.000192807720871783,-0.381658700488093,0.347,0.434,1
"DCK",0.000192880583227071,-0.30333782672397,0.32,0.412,1
"IFIH1",0.000193599420187437,-0.738033042757181,0.091,0.149,1
"LYL1",0.000196187345759554,-0.460334491099216,0.178,0.253,1
"PRDM4",0.000197586756857675,0.90443541659508,0.148,0.093,1
"E2F5",0.000199345074353179,-0.494409664423626,0.124,0.189,1
"UBALD2",0.000207823810869922,0.513486278294101,0.418,0.344,1
"NR4A2",0.000208472692383957,0.796796844442109,0.132,0.079,1
"ZBTB10",0.000209254396584531,0.505895340373621,0.246,0.176,1
"ECHDC1",0.000214428821811766,-0.460922155265518,0.21,0.284,1
"ECH1",0.000215487072415126,-0.441065336299432,0.222,0.299,1
"HSPD1",0.000223194204274488,-0.475141364045605,0.216,0.289,1
"SH3GLB1",0.000224735352872956,-0.469621300804507,0.211,0.284,1
"ITM2C",0.000224986296672458,-0.642152984893721,0.105,0.166,1
"ANXA2",0.000227153515726932,-0.33315886868424,0.177,0.247,1
"ORAI3",0.000228015489573277,-0.732583568173594,0.058,0.107,1
"CARD16",0.000229044508973469,-0.509483360465378,0.166,0.235,1
"SRI",0.000231705096478084,-0.404788420933467,0.266,0.347,1
"CYSLTR1",0.000232358207490864,-0.445487649836935,0.157,0.23,1
"RAB8A",0.000236895487197012,-0.484531573458408,0.235,0.309,1
"PTPN18",0.000239141220020007,-0.698138143271674,0.137,0.2,1
"OARD1",0.000240461549487566,-0.455655804502881,0.133,0.203,1
"IFI35",0.000240937408067227,-0.895944192967309,0.07,0.121,1
"FBXW5",0.00024758196712848,-0.483120135812597,0.103,0.163,1
"SNX18",0.00024866802038763,-1.0282433387151,0.066,0.115,1
"RAB21",0.000254384166433363,0.56144534093191,0.305,0.238,1
"POP5",0.000257679353261205,-0.576560441826341,0.119,0.182,1
"PA2G4",0.00026504836851008,-0.439478845774662,0.26,0.341,1
"MTDH",0.000266307554960374,-0.289363599740994,0.533,0.615,1
"TPR",0.00027469165644475,-0.303105140825554,0.337,0.427,1
"USP16",0.000277142709149407,0.427258457187908,0.404,0.323,1
"REEP5",0.000278115041540914,-0.409428517811436,0.266,0.344,1
"IMMP1L",0.000279777549067696,-0.773005973388338,0.077,0.129,1
"LITAF",0.000283059128486917,-0.361541247532405,0.247,0.331,1
"IMMT",0.000285624091525578,-0.63896106887451,0.105,0.164,1
"TERF2IP",0.000291328235170641,0.477495717837175,0.445,0.388,1
"CEP63",0.000293342770545064,-0.55484286456729,0.074,0.127,1
"DUSP5",0.00029464055433983,0.761384165049833,0.163,0.107,1
"BTK",0.000296692341101491,-0.305438264435149,0.279,0.363,1
"TBC1D10C",0.000299420203072365,-0.348765850668364,0.294,0.38,1
"HIF1A",0.000309512338487695,0.449673877169796,0.404,0.332,1
"FNTA",0.00031368840069116,-0.598908317658564,0.15,0.215,1
"SGK1",0.000321585329465532,0.772426398415839,0.153,0.098,1
"DBP",0.00032609764546093,-1.10131459868084,0.059,0.106,1
"CNN2",0.000331438459516468,-0.302167367775722,0.358,0.45,1
"PDCD7",0.000331786428027056,-0.54463706706211,0.141,0.204,1
"EFR3A",0.000341798233547726,-0.801368392569844,0.075,0.127,1
"PSMC4",0.000342113504330148,-0.54117143775202,0.146,0.21,1
"TNFRSF1B",0.000356873770191567,-0.913225920990134,0.087,0.14,1
"TRIP12",0.000358708529277054,-0.578135609906231,0.176,0.24,1
"PDLIM2",0.000363892865465609,-0.574575957017726,0.125,0.186,1
"UBE2J1",0.000366651690507209,-0.320731314406983,0.292,0.374,1
"MRPL34",0.000368441705315929,-0.416516140361,0.182,0.254,1
"BLNK",0.000368538879125808,-0.360270921830605,0.214,0.294,1
"IDH3G",0.000368557878244584,-0.592279648939102,0.142,0.205,1
"IL16",0.000375105155727057,-0.488708715207038,0.226,0.296,1
"NDUFS7",0.000376634876217647,-0.391880188157981,0.231,0.302,1
"SYVN1",0.000378065423202317,-0.583427440065955,0.085,0.139,1
"SLAMF6",0.000378381834689256,-0.635907458417334,0.114,0.172,1
"TMEM134",0.000378839010898999,-0.439362947473052,0.244,0.314,1
"ATXN2",0.000379373167040385,-0.677766571213641,0.087,0.142,1
"SETX",0.000383812588322026,-0.421840276661819,0.314,0.393,1
"PIGBOS1",0.000398631830663099,-0.771567497283657,0.074,0.124,1
"EHD1",0.000404928058721091,-0.690276284577733,0.114,0.17,1
"EIF5",0.000420587928435604,0.315012980848461,0.607,0.546,1
"CCNQ",0.000421840957660041,-0.63735208816002,0.09,0.145,1
"SLC3A2",0.000423031350588553,-0.574519815018821,0.135,0.196,1
"MRPL36",0.000423199109118616,-0.675743616023843,0.082,0.133,1
"COG3",0.000434408524424022,0.955102852080303,0.133,0.083,1
"ACBD3",0.000438284391497493,-0.313614040968435,0.311,0.396,1
"MRPL57",0.000441958607187565,-0.437488330823582,0.246,0.322,1
"IKZF1",0.000450484956596325,-0.292909149868161,0.524,0.597,1
"GABPB1-IT1",0.000460177434926357,0.374174129719257,0.499,0.43,1
"S100A6",0.000479623966177872,-0.353428306770362,0.57,0.633,1
"VPS35",0.000482995829667486,-0.417066130636542,0.209,0.277,1
"RPAP3",0.000494017330053929,-0.695350669002357,0.147,0.206,1
"HIST1H3D",0.000502078140149356,-0.492006973838228,0.115,0.176,1
"UBE2L3",0.000502548164812569,-0.349058951531211,0.335,0.41,1
"SAFB",0.000506844704504835,-0.593000440931158,0.169,0.231,1
"SRP9",0.000513295158902201,-0.292995345121144,0.326,0.411,1
"PSMD2",0.000537403013247576,-0.431878830401462,0.137,0.2,1
"RNF145",0.000537770869217928,0.435767111434513,0.262,0.192,1
"LMO4",0.000542207610306423,-0.705296201154108,0.106,0.162,1
"CCDC85B",0.00055029629390881,-0.301389487685857,0.304,0.382,1
"ZNF736",0.000565356721782664,0.560545283603945,0.162,0.106,1
"NFKBIZ",0.000565808174204903,0.556369994128443,0.262,0.194,1
"ANXA6",0.000566663096903786,-0.357937834875022,0.354,0.433,1
"ITGB1",0.000583210198913769,-0.566521800730675,0.198,0.265,1
"SMARCB1",0.000586752156101903,-0.273543179147538,0.307,0.386,1
"BTN3A2",0.000596729370041652,-0.617045738590283,0.108,0.162,1
"NDUFAB1",0.00060257682779219,-0.320502089455073,0.24,0.315,1
"MLEC",0.000611650050804256,-0.726555192638018,0.073,0.122,1
"RNASEH1",0.000618676743249913,0.611284201104203,0.221,0.16,1
"ALOX5",0.000626211645030558,-0.528085102454367,0.143,0.204,1
"DCTPP1",0.000650753451884467,-0.591168982822296,0.101,0.156,1
"SMARCC2",0.000652892844177601,-0.414103266844983,0.185,0.254,1
"HIST1H1E",0.000653722713633499,-0.283112909837057,0.425,0.499,1
"RNH1",0.000663692831091544,-0.389883926379337,0.231,0.304,1
"STAMBP",0.000664224285050063,-0.724640599761866,0.067,0.114,1
"LAMTOR2",0.000672751815479114,-0.564885641608174,0.163,0.224,1
"HERPUD1",0.000678666012592237,0.394064041391451,0.627,0.575,1
"CCT8",0.000680518151148183,-0.320099788857424,0.284,0.361,1
"FDFT1",0.000701430975024832,-0.460733340303245,0.198,0.264,1
"TMEM179B",0.000702825266696174,-0.390919408667877,0.159,0.225,1
"SHMT2",0.000703343658819595,-0.376758887728654,0.193,0.262,1
"RPP21",0.000704047971291453,-0.513486948951497,0.153,0.221,1
"GCA",0.000705847083490589,-0.613033436407872,0.133,0.192,1
"BUD23",0.000709378968855372,-0.350076984510261,0.201,0.269,1
"IGHM",0.000709972999602382,-0.303779810610253,0.896,0.862,1
"PRPF31",0.000711851709993086,-0.630130101068624,0.124,0.18,1
"YBX3",0.00072203891357322,0.360906922913083,0.587,0.525,1
"JPT1",0.000724899425319659,-0.445847150979202,0.153,0.219,1
"ZNRD2",0.000735855893520764,-0.584261492190893,0.103,0.157,1
"TMEM154",0.00073804873205871,-0.252310308353995,0.425,0.515,1
"SSB",0.000740877959167524,-0.293705184806318,0.367,0.443,1
"RAB10",0.000743955926249173,-0.516397428714641,0.122,0.18,1
"EPB41L4A-AS1",0.000752417429082481,0.394234820204667,0.485,0.423,1
"CMAS",0.000757822696017522,-0.522866207356464,0.082,0.132,1
"CTSZ",0.0007657057073361,-0.317922629577136,0.41,0.488,1
"MIEN1",0.000767383927479187,-0.461649481138568,0.155,0.217,1
"RNF213",0.000772073642147438,-0.346513416133631,0.335,0.408,1
"NT5C",0.000783861475524453,-0.322909953953714,0.311,0.393,1
"HEBP2",0.000784931679798626,0.448443228722219,0.424,0.353,1
"FMC1",0.000795289583201868,-0.484243318824249,0.121,0.18,1
"PRPF8",0.000802686334867434,-0.321842158108875,0.231,0.306,1
"WDR46",0.00081382615685163,-0.726849339407181,0.089,0.139,1
"RPS27L",0.000815969211019074,-0.257801843323454,0.409,0.488,1
"DAXX",0.000816470966896838,-0.67318958650254,0.103,0.157,1
"KLF13",0.000817960260761746,-0.297220794248508,0.314,0.39,1
"RSRC1",0.000824060937167152,-0.406016151250382,0.179,0.247,1
"ACTR6",0.000833273465082448,-0.540430539233826,0.125,0.183,1
"RALBP1",0.000847376555269416,-0.417369864902432,0.211,0.281,1
"STIP1",0.000854919960441893,-0.808317288692612,0.079,0.126,1
"EXOSC1",0.000857475249990887,-0.638116291040844,0.098,0.15,1
"SUPT16H",0.000881710747617498,-0.419887253583147,0.258,0.324,1
"PSMD8",0.000881799002913684,-0.315600713995416,0.324,0.403,1
"EPRS",0.000909173097667269,-0.502581818966207,0.206,0.27,1
"ADAR",0.000928613485907437,-0.31445620660145,0.298,0.371,1
"AP1S3",0.000929615215841006,0.731410875233917,0.105,0.062,1
"TMEM156",0.00094011775332589,0.400830508310497,0.511,0.453,1
"ARHGAP30",0.00094725684359369,-0.46585128414532,0.198,0.263,1
"TRIM38",0.000970192042260482,-0.278669097270228,0.377,0.459,1
"MICU2",0.000977930990110518,-0.496113667866834,0.15,0.21,1
"ACTN4",0.000981859543096721,-0.401116072608427,0.153,0.215,1
"PHF6",0.000983718342730028,-0.609203138452612,0.142,0.198,1
"TXLNG",0.00099835007808095,-0.600885189605614,0.089,0.14,1
"AIP",0.00101483866915882,-0.456564987169371,0.21,0.277,1
"UGP2",0.00102831652914273,-0.411402248209096,0.194,0.263,1
"ZCCHC10",0.00104653148022552,0.497902494510639,0.328,0.261,1
"TMEM126A",0.00104805488721837,-0.693304353106422,0.108,0.159,1
"CHCHD7",0.00105554964801668,-0.38089528471002,0.167,0.232,1
"COA4",0.00106630255463448,-0.316525430606305,0.155,0.22,1
"DPY30",0.00109900852846168,-0.463265979475797,0.133,0.191,1
"ING1",0.00111618320498993,-0.742713360927872,0.082,0.128,1
"CLTA",0.00112188933078575,-0.402208671551485,0.247,0.32,1
"MAN2B1",0.00113807345008858,-0.575607382928615,0.114,0.167,1
"ADRM1",0.00115255399276034,-0.302967982188196,0.178,0.244,1
"YY1",0.00116469739656003,-0.285184135408353,0.422,0.502,1
"PIK3CA",0.0011653517190218,0.536496818584935,0.246,0.185,1
"UBE2L6",0.00117528825203191,-0.286956352018993,0.125,0.184,1
"SWAP70",0.00120586977756391,-0.279019897578314,0.567,0.643,1
"MPLKIP",0.00120907244383433,-0.265914115869624,0.183,0.248,1
"NAP1L4",0.00122267792168135,-0.484158342777775,0.182,0.244,1
"MESD",0.00123921181498363,-0.467496663445332,0.142,0.202,1
"PMAIP1",0.0012565661815658,0.364799454688998,0.492,0.435,1
"SOS1",0.00125803221100466,-0.511928594923532,0.109,0.162,1
"CALCOCO2",0.00128052692277412,-0.29303935664336,0.19,0.258,1
"SSR3",0.0012918866627847,-0.287640823114268,0.185,0.252,1
"MRPS6",0.00132814089674424,-0.438912133600783,0.157,0.216,1
"MARCH9",0.00133537841642259,-0.488997648957811,0.174,0.234,1
"STAT1",0.00134370251152612,-0.541196163101746,0.148,0.206,1
"CRYBG1",0.00136356040762978,-0.460216726010975,0.129,0.187,1
"SNRNP48",0.00138846448738156,-0.763123720460771,0.07,0.115,1
"CCNT1",0.00140198511740135,0.610166275082912,0.172,0.119,1
"TCEAL8",0.00140594591234926,-0.738373091301732,0.08,0.126,1
"MBD4",0.00140963220905354,-0.270811900867656,0.466,0.547,1
"PPM1K",0.00142540696201951,-0.316548171104587,0.354,0.429,1
"CGGBP1",0.00143568428766234,-0.296773643924546,0.302,0.381,1
"PCDH9",0.00144716313530595,-0.497775311273094,0.199,0.261,1
"SLC38A10",0.00144872649198332,-0.732436271385534,0.066,0.109,1
"STOML2",0.00145733727213386,-0.472233179434548,0.157,0.216,1
"FANCF",0.00145818077261456,-0.541287449694762,0.062,0.105,1
"NDUFAF3",0.00146167511169264,-0.328511027357031,0.157,0.217,1
"SRA1",0.00150539066209478,-0.65809068120313,0.09,0.139,1
"SNX1",0.00150700050494741,-0.498072472149543,0.12,0.174,1
"NUB1",0.00150854756199907,-0.418651008627534,0.265,0.334,1
"AC093157.1",0.00156088473677472,-0.578609163208325,0.095,0.145,1
"PHB",0.0015626943896609,-0.282212001278699,0.211,0.281,1
"ORC4",0.00156723628638978,-0.65997978458082,0.089,0.138,1
"HOPX",0.00156921512649587,-0.735951189301476,0.075,0.12,1
"FCRL5",0.00157558777822597,-0.711521216505776,0.098,0.146,1
"METTL5",0.00157807399972915,-0.484107834401375,0.195,0.254,1
"C9orf72",0.00159335319678222,0.608056907087024,0.119,0.074,1
"TMEM14C",0.00162439029602754,-0.536434671962481,0.148,0.205,1
"USE1",0.00163513710977551,-0.494555219900539,0.155,0.213,1
"MIS18BP1",0.0016375496940586,-0.320718902272603,0.362,0.436,1
"BCL2L11",0.00164147937449017,0.584440862366958,0.179,0.127,1
"SPI1",0.00165508722559317,-0.339306177911606,0.169,0.233,1
"ECHS1",0.00166063234557592,-0.381222406942204,0.159,0.219,1
"DEF8",0.00168193928082919,-0.414610036771919,0.124,0.18,1
"TMEM123",0.00170194500184903,0.327365340599232,0.598,0.56,1
"DNAJA2",0.00170293111318814,-0.351957504248818,0.198,0.265,1
"CTR9",0.00170489009341741,-0.533088552078965,0.136,0.191,1
"THAP5",0.00170898862149913,-0.428058088886697,0.124,0.178,1
"DRAM2",0.00171236396693312,-0.334185264796345,0.319,0.392,1
"AP2M1",0.00172164680988191,-0.294631925968841,0.284,0.357,1
"FAM117A",0.00174428840173581,-0.546875514694306,0.131,0.187,1
"ETFRF1",0.00175844547909886,-0.613663687760145,0.091,0.139,1
"RASAL3",0.00176833724438638,-0.506655796434558,0.096,0.146,1
"SNHG9",0.00178491435684302,0.49306100256694,0.282,0.224,1
"MRPL18",0.0017871421023824,-0.465262949531916,0.14,0.196,1
"RAB1B",0.00179207604609559,-0.537383992138886,0.096,0.144,1
"JUP",0.00182409579461846,-0.914322002076416,0.068,0.11,1
"C16orf54",0.00184368388299525,-0.794993622255493,0.105,0.151,1
"RNF141",0.00184388924267281,-0.374644654651588,0.218,0.279,1
"OCIAD1",0.0018665470619669,-0.272840967713552,0.356,0.439,1
"RNF20",0.00187420701790784,-0.880183591041057,0.061,0.101,1
"CHORDC1",0.00188078929765715,-0.632751751633765,0.096,0.145,1
"TSC22D4",0.00189653198301236,-0.552761057435012,0.131,0.184,1
"MX1",0.00190300037634286,-0.426155003106822,0.179,0.239,1
"VAMP8",0.00190339962431943,-0.250482665304309,0.377,0.454,1
"CCDC97",0.00192183525543371,-0.588110995229296,0.063,0.106,1
"PLP2",0.00194358850065295,-0.254398010652322,0.352,0.426,1
"HAX1",0.00195151303003114,-0.272809120445259,0.204,0.269,1
"SLC66A3",0.00195972388841769,-0.821617481454691,0.064,0.105,1
"POU2AF1",0.00197518744405252,-0.420708230884526,0.256,0.319,1
"CMC1",0.00197964451756928,-0.37051343958111,0.062,0.104,1
"SEM1",0.00199998947165339,-0.357762893386592,0.256,0.32,1
"REXO2",0.00201127911806711,-0.535955564353504,0.098,0.146,1
"GDI2",0.00201182324292677,-0.279370772531758,0.409,0.485,1
"INTS11",0.00203357069078969,-0.679948273391383,0.09,0.137,1
"TOB2",0.00206075417773397,-0.723605205922816,0.068,0.11,1
"C4orf3",0.0020681671921839,-0.253515027565492,0.43,0.504,1
"SIPA1",0.00209113534995491,-0.442164900366272,0.22,0.28,1
"HADHA",0.00210432708903284,-0.292014261024416,0.294,0.366,1
"SH2B2",0.00218929291936205,-0.567854121651142,0.074,0.118,1
"TMOD3",0.00219413362713152,-0.342280376174286,0.198,0.257,1
"XRCC6",0.00220677050260865,-0.287416907852491,0.366,0.434,1
"GADD45GIP1",0.00222370923950022,-0.307243077297512,0.308,0.374,1
"PPIE",0.00223860761332657,-0.5453551424617,0.098,0.146,1
"APOBEC3C",0.00225914257224406,-0.442121172067851,0.227,0.289,1
"CHD4",0.00226184427671717,-0.352859594638995,0.278,0.343,1
"SNHG30",0.00226875450333407,-0.559237810574166,0.091,0.139,1
"C1QBP",0.00228983929116275,-0.309244245417047,0.426,0.483,1
"ADH5",0.00230121200726515,-0.281460714341703,0.197,0.258,1
"PAGR1",0.00230790011900215,-0.700422552357161,0.125,0.174,1
"DENR",0.00230817025295009,-0.358312675192589,0.261,0.324,1
"ABLIM1",0.00232773862444895,-0.39299114997778,0.163,0.22,1
"GTF2H5",0.00232788629562901,-0.484449531532765,0.124,0.175,1
"TSSC4",0.0023598676466205,-0.490967455818949,0.13,0.184,1
"MRPS23",0.00241509053236765,-0.479069777701701,0.132,0.185,1
"RAB8B",0.00244103815627887,-0.283279455136388,0.163,0.225,1
"RALB",0.00245433570919109,-0.370189025917387,0.105,0.155,1
"CBWD5",0.00247185842023166,-0.613189214111591,0.095,0.141,1
"PITPNB",0.00248886003437849,-0.386468598416004,0.132,0.187,1
"AP1S2",0.0025013662379686,-0.373871729063526,0.241,0.303,1
"PCMTD1",0.00251372876444047,-0.311379364114582,0.298,0.356,1
"CCT3",0.00252129244438372,-0.274338479267922,0.316,0.383,1
"PPP2R5A",0.00257084614685639,-0.409337004371622,0.09,0.137,1
"COX14",0.00258483921315656,-0.2992569076025,0.267,0.331,1
"CASP2",0.00259941951905756,-0.883930478305874,0.068,0.108,1
"AC027644.3",0.00260903329312587,0.76557156781489,0.133,0.091,1
"CASP1",0.00261265811448492,-0.413798406838984,0.093,0.141,1
"SNX22",0.00263398566341602,-0.396264501254843,0.205,0.266,1
"HSBP1",0.00269212768969671,-0.324699585942418,0.135,0.19,1
"SLC39A3",0.00276308477492876,-0.565384000269861,0.088,0.133,1
"HDGFL2",0.00279951118428637,-0.612722632702851,0.064,0.105,1
"CEP350",0.00280161634735776,-0.36018173865113,0.23,0.299,1
"CAPZB",0.00285201476892792,-0.263206599043758,0.375,0.441,1
"NOA1",0.00287813106647237,-0.72120831420131,0.083,0.125,1
"AL034397.3",0.00293855014496482,-0.635696871768442,0.072,0.113,1
"LZIC",0.0029490467624573,-0.566375223151794,0.111,0.158,1
"PET100",0.00297342551126442,0.315654631813726,0.54,0.493,1
"HSPH1",0.00307000737054514,-0.626708732492062,0.088,0.131,1
"ANXA5",0.00312391937889376,-0.302630065889375,0.221,0.283,1
"CHI3L2",0.00313211201162038,-0.595635457902625,0.106,0.153,1
"APEX1",0.00318220945179897,-0.261329689592614,0.321,0.387,1
"SHPRH",0.00319898531770194,-0.519815562817308,0.132,0.184,1
"SELENOK",0.0032229575487246,0.388386321039657,0.449,0.402,1
"MARCH3",0.00326851889332444,-0.470596537906814,0.132,0.185,1
"GMCL1",0.00329082661925872,-0.653086259760193,0.087,0.129,1
"C12orf57",0.00330068766963631,0.320626299494038,0.581,0.533,1
"CEP68",0.00331863540470142,0.536844578643744,0.122,0.08,1
"CBLB",0.00332853181838993,0.563944266296563,0.156,0.11,1
"CDC26",0.00335937461553253,-0.28211106523439,0.157,0.215,1
"TUBB",0.0033739946642311,-0.391978208501222,0.166,0.221,1
"GRK6",0.0033763742990733,-0.34852535313081,0.267,0.329,1
"ZC3H13",0.00339060017546233,-0.556578845096512,0.199,0.252,1
"ZNF217",0.00339177964600273,-0.383274430128805,0.138,0.191,1
"IRS2",0.00339811190885469,0.570768772716123,0.133,0.089,1
"ST3GAL1",0.00341292185217272,-0.56182907671224,0.101,0.147,1
"IMP3",0.0034272360627411,-0.274540792702578,0.239,0.301,1
"IER3IP1",0.0034354705419366,-0.328819262213947,0.171,0.229,1
"CCT7",0.00347305091910376,-0.318309796670365,0.25,0.312,1
"FCRL2",0.00348180384782035,-0.400467373024768,0.215,0.275,1
"PSMA5",0.00358143984119282,-0.324296922125071,0.155,0.21,1
"CD86",0.00360891959869519,-0.790724005974813,0.07,0.11,1
"GPR160",0.00361876509962369,-0.358127168620064,0.143,0.198,1
"LINC01215",0.00367185183729785,0.503274283155435,0.289,0.24,1
"C5orf56",0.00371229502641561,-0.483917922878143,0.12,0.168,1
"UBA5",0.00373208049702476,-0.859415973468915,0.074,0.113,1
"COPB2",0.00374613773453025,-0.507507900434475,0.073,0.114,1
"TMEM126B",0.00379254167703464,-0.523826840033814,0.109,0.155,1
"SRSF1",0.00380442346282383,-0.387360333937838,0.189,0.246,1
"LDHA",0.00380701743105081,-0.27732175667236,0.292,0.351,1
"MAP2K7",0.00381882947501603,0.690697463865017,0.133,0.091,1
"TRIM56",0.00382387706914293,-0.483845895772667,0.152,0.202,1
"ATF1",0.00384009397017428,-0.401994463989073,0.067,0.107,1
"FAF2",0.00385055074548871,0.553011095065907,0.115,0.075,1
"TBC1D22A",0.00389043485524666,-0.50339241691629,0.18,0.233,1
"UQCRC2",0.00392068130364806,-0.304955896968497,0.252,0.318,1
"MRPL16",0.00393276685309199,-0.414880908453884,0.111,0.159,1
"LAIR1",0.00393509939678682,-0.415772863187401,0.12,0.167,1
"IL4R",0.00395270821061145,-0.290053943404301,0.409,0.477,1
"SND1",0.00395757044093039,-0.437018345512642,0.111,0.158,1
"C11orf24",0.00396100522695187,-0.570168452413442,0.066,0.105,1
"RNF5",0.00399479633443289,-0.531690131757275,0.072,0.112,1
"TTF1",0.00399829485911492,-0.476952772900297,0.127,0.176,1
"CASP8AP2",0.00399945136324692,-0.323678311252578,0.104,0.152,1
"RILPL2",0.00406659199392941,-0.416698513556603,0.127,0.177,1
"SF3B3",0.00409293026613229,-0.575978901624096,0.09,0.133,1
"MACROD2",0.0041082187324386,-0.587484925015073,0.126,0.175,1
"TXNDC9",0.00411587507693423,-0.70010104640125,0.079,0.12,1
"PKM",0.00412988972512257,-0.259598666852939,0.253,0.319,1
"ALDH16A1",0.00413354099485543,-0.421653996557588,0.106,0.153,1
"RTRAF",0.00414099902252121,-0.289139692897331,0.387,0.441,1
"PLEKHJ1",0.00414791627445415,-0.289468113954349,0.224,0.286,1
"ZNF92",0.00417731088826523,-0.299152808250274,0.257,0.318,1
"UBE2O",0.00420714303923394,-0.666615547781892,0.064,0.103,1
"CD2BP2",0.00421075532371902,-0.541165361020955,0.125,0.17,1
"PDHA1",0.00421248693999677,-0.552124048672471,0.093,0.136,1
"CALCOCO1",0.0042145888056038,-0.495564043907152,0.094,0.14,1
"RASA3",0.00426622915269122,-0.56457114009602,0.075,0.115,1
"BAZ1A",0.00426991796730852,-0.273199566266547,0.248,0.313,1
"NFE2L2",0.00427371772196218,0.456053241380787,0.248,0.195,1
"TMEM41B",0.00428272549308069,0.716235356969427,0.157,0.113,1
"DCPS",0.00429808043806099,-0.611468107666888,0.074,0.114,1
"GNB2",0.00435397520408003,-0.296570823875727,0.248,0.308,1
"KLHDC3",0.0043779867425443,-0.652188825343644,0.068,0.107,1
"ZNF146",0.00440118507951937,-0.414742310214162,0.084,0.127,1
"ADI1",0.00441301263969254,-0.391140269955419,0.137,0.188,1
"WASHC4",0.00442421453451923,-0.294346263949975,0.278,0.34,1
"MTHFD2L",0.00448791685526589,0.682959653044751,0.148,0.106,1
"SSBP2",0.00454174133645209,-0.298674620517763,0.169,0.222,1
"GBP4",0.00461350687517612,-0.602429992460212,0.101,0.146,1
"BLOC1S6",0.00464781275136176,-0.313025058760084,0.265,0.325,1
"COPS4",0.00467462052178298,-0.651627451280626,0.064,0.102,1
"AK2",0.00470655047521777,-0.491537160589191,0.104,0.148,1
"QRSL1",0.00470752783065478,-0.309925107523701,0.263,0.323,1
"MFSD1",0.00471227949156383,-0.550509168242015,0.074,0.113,1
"PHAX",0.00473202836903381,-0.519369489557636,0.129,0.176,1
"NUDT1",0.00477260560354567,-0.470171427471151,0.142,0.194,1
"BZW2",0.00479635662275991,-0.679614647866856,0.098,0.14,1
"ARL2BP",0.00484483646036571,-0.48511647757548,0.15,0.201,1
"COMMD8",0.00486263119351582,-0.457576655347995,0.142,0.193,1
"RMDN1",0.00487276987003094,-0.477051774258348,0.094,0.137,1
"EIF4G3",0.00487445711595494,-0.362316139411871,0.147,0.198,1
"AC005332.4",0.00488560916771832,-0.60900084002889,0.064,0.102,1
"PPP1R9B",0.0048919230932853,-0.51181671025906,0.108,0.153,1
"ERVK3-1",0.00490942603191165,-0.391069117070664,0.098,0.142,1
"PSMB7",0.00491202152709197,-0.358080126085479,0.216,0.271,1
"CSTB",0.00493093367734624,-0.315426505767984,0.236,0.297,1
"BSG",0.00493109808074618,-0.517444218343276,0.129,0.176,1
"CCS",0.00497926801460774,-0.377816464424491,0.166,0.218,1
"HAUS1",0.00502022089106073,-0.290526978836918,0.093,0.138,1
"MGST3",0.00502593866883198,-0.303447142156318,0.209,0.265,1
"ECI2",0.00502641222544263,-0.753836391739164,0.067,0.104,1
"KLHL36",0.00503000519174283,-0.499584706707316,0.114,0.16,1
"SEPTIN2",0.00504773457533471,-0.365657575111733,0.234,0.29,1
"NOP56",0.00504989713878899,-0.342082483845005,0.19,0.248,1
"NAGK",0.00508242702641392,-0.489347647399174,0.147,0.196,1
"WDTC1",0.00514145054138695,-0.659734814982143,0.078,0.117,1
"GNL1",0.00522964398030606,-0.499527018493404,0.087,0.128,1
"ZC3H14",0.00523468592676666,-0.674707109912926,0.063,0.1,1
"HCG18",0.00525989211362803,-0.329786786028964,0.115,0.162,1
"HDDC2",0.00526664393945355,-0.356630228806256,0.159,0.214,1
"CCDC90B",0.00527506643608603,-0.519265500089618,0.125,0.172,1
"ACBD6",0.00528973012314949,-0.387176500184508,0.151,0.202,1
"CDC37",0.00529691244659832,-0.357970876280729,0.272,0.328,1
"HPF1",0.00534045785580243,-0.765525378423338,0.07,0.108,1
"TES",0.00537214425585945,-0.314450852683162,0.23,0.286,1
"RAD23B",0.00543581353578779,-0.261107445573141,0.214,0.272,1
"MRPS15",0.00548284929769245,-0.279828711191298,0.189,0.246,1
"AL121603.2",0.00550685071883409,0.705363609993333,0.106,0.07,1
"BABAM1",0.00553241418651359,-0.469912659278127,0.122,0.169,1
"PLRG1",0.0056111729936623,-0.396960531477208,0.116,0.163,1
"CTCF",0.00561325162187921,-0.270899510517613,0.237,0.299,1
"NIPAL3",0.0056506533033451,-0.556213289700853,0.068,0.106,1
"UBXN4",0.00565402839840452,-0.283030288235469,0.303,0.368,1
"P2RY8",0.00566553961399662,-0.363647184397196,0.184,0.237,1
"MTHFS",0.0056880456028355,-0.519854312486689,0.072,0.111,1
"ITFG2",0.00569151010667759,-0.537553748001338,0.098,0.141,1
"STAU1",0.00573804805823117,-0.40363049404045,0.147,0.197,1
"JADE2",0.00581301728249203,-0.410870098809999,0.148,0.197,1
"WSB1",0.00585451148153615,-0.367175701290704,0.3,0.358,1
"MAPK1IP1L",0.00586614433852291,0.439950754802897,0.305,0.249,1
"NOLC1",0.00587914101458702,-0.597455031505134,0.074,0.113,1
"BST2",0.00591165005089095,-0.287502539533768,0.295,0.359,1
"SLC30A7",0.00593878275464451,-0.660191361175186,0.068,0.105,1
"ERAP2",0.00599740017907389,-0.582686799805098,0.183,0.231,1
"RSBN1",0.00603985126345324,-0.278513904370791,0.208,0.268,1
"OFD1",0.00609540269207327,-0.273619548494274,0.268,0.325,1
"CBFA2T3",0.00618569687754684,-0.75475057229129,0.075,0.113,1
"CALM3",0.00623442042319697,-0.253359552124823,0.309,0.377,1
"RSRC2",0.00630147984750989,0.338315424481765,0.435,0.385,1
"GOPC",0.00630294203519701,-0.534948193249922,0.108,0.151,1
"SGF29",0.00635570184810806,-0.671919474856085,0.072,0.109,1
"UHRF1BP1L",0.00637352248470129,0.943924483805229,0.12,0.083,1
"RAB30",0.0064503571487266,0.350875808024222,0.371,0.317,1
"KCNQ1OT1",0.00646071815174083,-0.645393300960991,0.09,0.129,1
"VCP",0.00654430608942698,-0.280408330882093,0.164,0.216,1
"RPS6KA1",0.00658027095857631,-0.55838364128872,0.078,0.117,1
"USF2",0.00660474605692082,-0.277594720814485,0.34,0.398,1
"PLEKHA2",0.00662587121597521,-0.279349136199152,0.44,0.493,1
"JAK3",0.00665548575210583,-0.427366127896883,0.105,0.15,1
"LRP10",0.00672137422845432,-0.315079578165526,0.182,0.233,1
"DUT",0.0067632879323456,-0.288077922717907,0.255,0.313,1
"DOCK11",0.00678536610006506,-0.375833790264051,0.161,0.207,1
"PPWD1",0.0067956858448626,-0.657939721738444,0.079,0.117,1
"DPF2",0.00680849476727164,-0.582727269469776,0.1,0.142,1
"STX16",0.00681171086402503,-0.287352691165037,0.173,0.225,1
"GRIPAP1",0.00685213704127505,-0.37555624464072,0.088,0.128,1
"WHAMM",0.0068720959004701,0.431267659755591,0.226,0.176,1
"SYTL1",0.00688535407352413,-0.307840090900817,0.167,0.22,1
"FKBP3",0.00700077858516281,-0.408560191339517,0.179,0.229,1
"MAPRE2",0.00700657823522845,-0.447656443099224,0.173,0.221,1
"NFYB",0.0070144174903699,-0.464102581436465,0.068,0.105,1
"PSMD10",0.00701493362835362,-0.739381991683993,0.066,0.101,1
"NOSIP",0.00707416507275906,-0.412255794932837,0.143,0.191,1
"CARD8",0.00712820665363707,-0.259876605229844,0.197,0.256,1
"NCF4",0.00718200144332942,-0.413496199147166,0.199,0.249,1
"SNF8",0.007237023653435,-0.331228478772631,0.234,0.291,1
"EIF2S1",0.00726448598452877,-0.269554775245953,0.115,0.159,1
"CCNG1",0.00729613301248894,-0.519036509287957,0.146,0.191,1
"PRDX3",0.00732075826825965,-0.589661583928801,0.075,0.113,1
"CASP8",0.0073602809529995,-0.437297646831122,0.137,0.184,1
"PSMC3",0.00737050540924326,-0.309755253053283,0.145,0.195,1
"MAPK1",0.00746811356138402,-0.474709855407753,0.173,0.222,1
"IRF9",0.00749711844935024,-0.330669510960385,0.257,0.315,1
"CIAO1",0.00750788562869315,-0.348717226384529,0.11,0.154,1
"LY6E",0.0075578994974256,-0.279565738158714,0.346,0.407,1
"SINHCAF",0.00756626227484332,0.405233933055619,0.339,0.292,1
"PTEN",0.00756733084165208,-0.329719687469358,0.313,0.366,1
"ZNF148",0.00759877205504818,-0.32855522488173,0.248,0.307,1
"DEGS1",0.00763220477131284,-0.345146927429489,0.213,0.268,1
"EMC4",0.00772332321295082,-0.344134631969656,0.166,0.217,1
"C12orf42",0.00773787355300124,-0.250167246504266,0.084,0.123,1
"ALG13",0.00778005219859882,0.325951639823717,0.277,0.227,1
"SDHAF3",0.00779756885571315,-0.537670729183369,0.099,0.141,1
"AKR1A1",0.00781027123723597,-0.274745343938454,0.166,0.216,1
"TRAF5",0.0078710079523733,-0.273375735911217,0.272,0.331,1
"AC096733.2",0.00791600214248062,-0.362160450975395,0.082,0.121,1
"ZSWIM7",0.00796814977488511,-0.452645636935364,0.135,0.18,1
"TRIM27",0.00799188732604105,-0.697075510331853,0.066,0.101,1
"KIAA2013",0.00802190593379909,-0.545989687896297,0.088,0.126,1
"PWWP2A",0.00807440674038575,-0.722975053342772,0.07,0.106,1
"MAGED2",0.00811767837118092,-0.600784622670252,0.084,0.122,1
"SF3A3",0.00815883493622385,-0.402599154729654,0.148,0.195,1
"DEF6",0.00818004862305571,-0.691204072133826,0.082,0.118,1
"MPG",0.00818433391538358,-0.330180412788315,0.22,0.273,1
"COPS9",0.00824905224088965,-0.256309981338884,0.326,0.393,1
"POLR2H",0.00826148277381503,-0.609562265640284,0.093,0.132,1
"LINC01857",0.00827827361184111,0.474966510699853,0.198,0.152,1
"NUDT5",0.00833984235933889,-0.594110414061823,0.112,0.154,1
"CARS2",0.00834159489320253,-0.445517668387735,0.125,0.169,1
"DDRGK1",0.00839079268908331,-0.509291197159968,0.093,0.132,1
"MBD2",0.008407928130827,0.343188209224635,0.433,0.383,1
"COPS2",0.00841920318583641,0.408131890530777,0.256,0.205,1
"HADHB",0.00855084675495319,-0.293336315734062,0.168,0.219,1
"PAFAH1B1",0.00861959226826364,-0.320893542333113,0.245,0.298,1
"TUT7",0.00875179494427773,-0.608496748797032,0.12,0.161,1
"USP24",0.00879545492343158,-0.547249788986483,0.087,0.124,1
"ANKHD1",0.0089242317591148,-0.410970815180492,0.211,0.263,1
"NUP210",0.00894744567725127,-0.563296088901474,0.104,0.144,1
"PCGF5",0.00895788793053497,0.279832129494916,0.329,0.273,1
"PSMC1",0.0090733435183918,-0.327169158124476,0.178,0.23,1
"MRPS18C",0.00916005031293824,-0.340846267778599,0.222,0.276,1
"DDX6",0.00919807644341622,0.296201982776586,0.611,0.583,1
"PPP4R2",0.00924465396215341,-0.345321672883288,0.166,0.215,1
"ZNF451",0.00928133487772212,0.388805562307412,0.256,0.206,1
"SYF2",0.00931158956469539,0.279550907395187,0.616,0.581,1
"GLS",0.00932531617172116,-0.250582968690277,0.316,0.378,1
"NT5DC1",0.00934106978939307,-0.423246754759416,0.166,0.215,1
"COPS8",0.00934575210956002,0.57138493614543,0.115,0.079,1
"FKBP4",0.00945801596981955,-0.451702187266966,0.068,0.104,1
"SMIM10L1",0.00952104700193865,-0.375544682733932,0.155,0.201,1
"ZNF106",0.00954131853023611,-0.310804529117398,0.23,0.285,1
"OXLD1",0.00961450427803256,-0.346614889686937,0.126,0.172,1
"C2orf74",0.00962375143382534,-0.293705496807374,0.078,0.116,1
"MRPS18A",0.00966153563832445,-0.619900339426653,0.07,0.105,1
"PPP1R12A",0.00967734231527235,-0.337029004497894,0.288,0.343,1
"HMGN4",0.00976876392394472,-0.338592322542937,0.213,0.266,1
"ANKZF1",0.00976983074085379,-0.715479073568251,0.078,0.113,1
"TBCC",0.00979255884682874,-0.319614464112654,0.171,0.22,1
"ISY1",0.00981262987164914,-0.58026206502764,0.096,0.134,1
"KARS",0.00984377613244441,-0.321521921457162,0.145,0.192,1
"PDHB",0.00984474031339646,-0.425016003993805,0.126,0.17,1
"BAG6",0.00984844026678247,-0.478887950693645,0.091,0.13,1
"DCXR",0.00986713592137001,-0.357221653924725,0.159,0.205,1
"ZC3H18",0.0098699765323596,-0.450504888285467,0.109,0.15,1
"NDUFV3",0.00992028815993072,-0.469457147936474,0.109,0.151,1
"AFTPH",0.00999297241158596,-0.31494771419906,0.19,0.24,1
"PSMF1",0.0100559716302186,-0.339384189917928,0.138,0.185,1
"UHMK1",0.0100877759713693,-0.263662478576627,0.267,0.32,1
"ACADVL",0.0101528417234777,-0.42619414174069,0.109,0.151,1
"ZCCHC17",0.0101931939331201,-0.546820713548039,0.104,0.144,1
"GABPB1",0.0102143099125232,0.619388585700171,0.145,0.105,1
"ANKRD49",0.0102172002951432,0.385354808228828,0.329,0.275,1
"ACADM",0.0102514155769824,-0.258760434298055,0.157,0.204,1
"CHMP5",0.0103125509558676,-0.365084810204094,0.155,0.201,1
"CFL2",0.0103165029239702,0.461410388393859,0.141,0.101,1
"SLF2",0.0103343290628071,-0.624487396693998,0.068,0.102,1
"SAT2",0.010431544148579,-0.34470357317044,0.155,0.202,1
"LY75",0.0104317992055598,-0.336975252369706,0.151,0.198,1
"AL365272.1",0.0104897790076694,-0.380538832256905,0.1,0.141,1
"BLK",0.0105391678598956,-0.303771606349245,0.313,0.371,1
"EMC10",0.0105497152344941,-0.448126690015522,0.126,0.168,1
"M6PR",0.0105936379188792,-0.257789402069387,0.258,0.313,1
"ISCA2",0.0106375610770082,-0.311365974184661,0.153,0.199,1
"DGLUCY",0.0106491047360019,-0.633208656917386,0.068,0.102,1
"NDUFA8",0.0106639530292781,-0.830052130121135,0.072,0.105,1
"BRD1",0.0106666193897954,-0.448140837271418,0.085,0.123,1
"SAMD9L",0.0107802915031619,-0.289119883256814,0.189,0.238,1
"ECE1",0.010842963223822,-0.697697102421427,0.069,0.103,1
"XAF1",0.0108520353623538,-0.40302245997843,0.22,0.27,1
"DNAJC1",0.0109370402661903,-0.670743796526773,0.075,0.111,1
"TTC1",0.0109604392973672,-0.379401652203374,0.204,0.252,1
"HERC4",0.0110734816384756,-0.389153982642861,0.184,0.232,1
"UQCRC1",0.0111201516978475,-0.608223809880951,0.09,0.126,1
"EEA1",0.0112210525678369,-0.483614039837897,0.106,0.147,1
"TNFAIP3",0.0112382852059218,0.530737571798659,0.19,0.147,1
"TBC1D9",0.0112524487467129,-0.465475945299419,0.163,0.208,1
"BASP1",0.0114757192869226,-0.265706476316,0.309,0.364,1
"API5",0.0115797053477025,-0.470715550360062,0.124,0.164,1
"HPS3",0.0116344406782693,-0.34753924757328,0.1,0.141,1
"GTF2F2",0.0116902474927416,-0.330914947957887,0.12,0.163,1
"PBXIP1",0.0117365176211299,-0.485485125717586,0.13,0.172,1
"TMEM106B",0.0117449453186442,-0.573690177621183,0.093,0.13,1
"TMED5",0.0117505092544658,-0.404146062941224,0.135,0.178,1
"TFEB",0.0118752842324185,-0.477003807658431,0.121,0.162,1
"KDM6B",0.0120222617206663,0.520885216803722,0.155,0.115,1
"ZNF91",0.0120506907152693,-0.565912609102147,0.111,0.15,1
"WIPI2",0.0120986114857906,-0.357118727307459,0.189,0.236,1
"RPS19BP1",0.0121838879258096,-0.297265643254797,0.253,0.308,1
"RASSF3",0.0122400139128539,-0.424540722984784,0.111,0.151,1
"XRN1",0.0122479876249776,-0.387222674170115,0.18,0.225,1
"PIGP",0.0123488292232148,-0.251155668532833,0.11,0.152,1
"PCID2",0.0124978019204016,-0.529433365789862,0.101,0.139,1
"RPL22L1",0.0125602173344801,0.38248430965179,0.621,0.609,1
"HIBCH",0.0126203109766959,-0.574321997301536,0.079,0.114,1
"GMPS",0.0127758109262513,-0.359134131597522,0.1,0.14,1
"PSMD13",0.0128690331228083,-0.45542388734167,0.193,0.236,1
"MAP4",0.0129950743668256,-0.376799948184222,0.156,0.201,1
"UBE2H",0.0131080383966417,-0.271832724730453,0.178,0.225,1
"HMCES",0.0131897573614567,-0.454697636154657,0.09,0.127,1
"ZNF720",0.0132148293696026,-0.493936385378426,0.098,0.134,1
"PNPT1",0.0132341698269646,-0.446221083457418,0.087,0.123,1
"PFDN6",0.0132939938154543,-0.527641872185679,0.1,0.138,1
"NBN",0.0135591869410049,-0.47817829656153,0.112,0.153,1
"UNC93B1",0.0136148610146904,-0.458926207018536,0.116,0.157,1
"PMF1",0.0136878330319233,-0.330364734712629,0.216,0.264,1
"METTL8",0.0137345080760428,-0.25903308967991,0.194,0.244,1
"HTATIP2",0.0137372621282727,-0.398929927340623,0.13,0.174,1
"AL662844.4",0.0138197167663205,-0.420057073511325,0.142,0.184,1
"MRPL15",0.0138702329123885,-0.431639476109935,0.077,0.111,1
"NSL1",0.0139040212671837,-0.376573773708835,0.15,0.193,1
"TOR1AIP1",0.0139289238245003,-0.458548247456302,0.104,0.143,1
"TMEM107",0.0139476004126315,-0.338664375599795,0.083,0.119,1
"FAM199X",0.0139812892389347,-0.481042639807472,0.089,0.125,1
"RNF113A",0.0139942879774608,-0.57535270763921,0.114,0.151,1
"STX10",0.0140786753910676,-0.350999315628068,0.141,0.187,1
"POLR2I",0.0141201884680663,-0.273939546754317,0.21,0.258,1
"P2RY14",0.0141770754850635,-0.364074587304655,0.108,0.148,1
"SCN3A",0.0142642103344061,-0.590180572355739,0.08,0.115,1
"ICOSLG",0.0143218404913744,0.429878893459536,0.153,0.114,1
"PUM2",0.0145154825523036,-0.408374718362739,0.19,0.234,1
"ZRSR2",0.0145442439768744,-0.417617091589884,0.174,0.22,1
"CRYZL1",0.0145449857420172,-0.650324868136506,0.095,0.13,1
"SIN3A",0.0146330388755863,0.482199236178934,0.189,0.149,1
"EMG1",0.0147185274231296,-0.312247776456961,0.1,0.139,1
"ADSL",0.0147604764214984,-0.451420547039337,0.089,0.124,1
"AMD1",0.0147892827724888,0.360535721197967,0.376,0.332,1
"ATXN10",0.0148140903844655,-0.348013335688709,0.135,0.177,1
"CCNH",0.0148756341807808,-0.426099539313465,0.126,0.166,1
"ZNF107",0.0149268925724458,-0.393022726875094,0.183,0.232,1
"CZIB",0.0150693689633052,-0.541324546636854,0.1,0.138,1
"ASCC2",0.015088203063645,-0.319892862413612,0.103,0.142,1
"XPA",0.0151001908950952,-0.26792086313454,0.193,0.238,1
"GLRX3",0.0151461441999714,-0.295326317776054,0.117,0.159,1
"WASHC3",0.0151478620012076,-0.327513244957662,0.156,0.2,1
"TRIP11",0.0151667755067838,-0.487037309404851,0.129,0.169,1
"NOP14",0.0153014756637876,-0.704608297164601,0.077,0.11,1
"ORAI1",0.0153449939999514,-0.284284567904212,0.18,0.23,1
"NUDT16L1",0.0154043818094274,-0.30035239571985,0.116,0.157,1
"ARF5",0.0154199655539817,-0.305503113103778,0.263,0.313,1
"ITPA",0.0155166855008574,-0.400423158854248,0.127,0.168,1
"KDELR1",0.0155187554518031,-0.314232434354351,0.152,0.198,1
"LASP1",0.0155489452524586,-0.60337911086798,0.083,0.117,1
"CD55",0.0156723180470433,0.327392862263155,0.498,0.46,1
"FH",0.0156786991870802,-0.594785229343166,0.069,0.102,1
"RAP2B",0.0158702834105642,-0.443236646290457,0.114,0.152,1
"NSMCE4A",0.0158933156207444,-0.413981280276983,0.178,0.222,1
"RAB11A",0.0159391694880373,-0.276109936661168,0.218,0.268,1
"LINC00623",0.0160429608962277,-0.455978216164285,0.122,0.16,1
"NUAK2",0.0162433078915877,-0.365894033498497,0.145,0.189,1
"PSMD3",0.0162487270485511,-0.442194125831103,0.096,0.132,1
"SPTY2D1",0.016255277993885,0.461773314288242,0.129,0.092,1
"FXYD1",0.0162749896942207,0.817621629744163,0.103,0.072,1
"RAMAC",0.0163536097272359,0.661057691468617,0.153,0.118,1
"MAZ",0.0163773733814982,-0.319098302937654,0.174,0.221,1
"SERINC1",0.0164007701329908,0.425841908456924,0.286,0.241,1
"COQ10B",0.0164604493733905,0.4586638709946,0.201,0.16,1
"MRPS34",0.0165679679490809,-0.400196131420527,0.197,0.239,1
"NPTN",0.0165709742291626,-0.399976714472567,0.073,0.107,1
"INSIG1",0.0167981906118453,0.658651376636263,0.106,0.075,1
"CSGALNACT2",0.0168010638828143,0.608369050570742,0.142,0.106,1
"MGAT1",0.0168120896045016,-0.636716222287382,0.083,0.116,1
"GNG10",0.0168448121516479,-0.313483681003655,0.131,0.172,1
"CCDC69",0.0168931746875285,-0.291966061343448,0.185,0.232,1
"CHCHD3",0.0169224219913224,-0.474370410002821,0.106,0.143,1
"MRPL23",0.0169439716466513,0.505282390198122,0.163,0.124,1
"AC127502.2",0.0169603885488027,0.785247569441805,0.103,0.071,1
"METTL21A",0.0170127895402778,-0.342804755533704,0.132,0.172,1
"IDI1",0.0170230536028192,0.447485577653922,0.3,0.257,1
"AATF",0.0172240648949441,-0.274877853474891,0.19,0.237,1
"TM9SF2",0.0172868243642534,-0.522069374740053,0.142,0.182,1
"TADA3",0.017301669401794,-0.412293560622012,0.138,0.179,1
"RAB27A",0.0173278830619063,-0.37093224854598,0.068,0.101,1
"ATF6B",0.0173301873519935,-0.426984005598685,0.147,0.188,1
"NUDC",0.0174384246163756,-0.279599418596114,0.278,0.322,1
"TECR",0.0174539005337905,-0.346651661805796,0.12,0.159,1
"SDHA",0.0174826633243672,-0.308401483254692,0.163,0.207,1
"ATF7IP",0.0174846560605771,0.303479239604775,0.47,0.432,1
"TAZ",0.0174917957525331,-0.29064561175855,0.094,0.132,1
"CTSC",0.0175868989489073,-0.573952789085272,0.088,0.121,1
"MLXIP",0.0176321986067632,-0.516979143923001,0.103,0.139,1
"ATP10D",0.017686044971712,-0.330102936988696,0.141,0.185,1
"RNPC3",0.0180060274765522,-0.550216525675191,0.1,0.134,1
"GPI",0.0181965171767106,-0.460435658043987,0.11,0.148,1
"OPN3",0.0182031673929354,-0.488810382397479,0.125,0.163,1
"LRCH4",0.0183223798620663,-0.302570490999044,0.117,0.157,1
"CYB5R4",0.0183884506679456,-0.279673573903443,0.201,0.251,1
"CENPC",0.0184734566933427,0.33532550354333,0.281,0.231,1
"TXN",0.0185249539030959,-0.28752073270783,0.215,0.26,1
"TXNL1",0.0185321161328485,-0.275745090134484,0.255,0.304,1
"SNRNP25",0.0186147149176031,-0.340269994543289,0.19,0.235,1
"TRADD",0.0186596669754257,-0.346590195091541,0.172,0.217,1
"HIKESHI",0.0186980089677918,-0.364184260711388,0.12,0.157,1
"NSFL1C",0.0188680451828407,-0.403925547423764,0.138,0.179,1
"METTL9",0.0188757014210904,-0.276436481887611,0.237,0.293,1
"SEC13",0.0189602974611226,-0.516893696032531,0.082,0.115,1
"STK25",0.018960439327958,-0.503462984669844,0.079,0.112,1
"OPTN",0.0190327866793587,-0.341228836243998,0.124,0.162,1
"NARS",0.0190359242569554,-0.433496039293453,0.125,0.163,1
"OXSR1",0.0191093155659832,-0.497751707996723,0.074,0.107,1
"DMAP1",0.0193349124678639,-0.458222648105833,0.075,0.108,1
"CLPX",0.0193572797444575,-0.702426464214481,0.098,0.13,1
"HPCAL1",0.0193615402351082,-0.285568456285668,0.089,0.124,1
"CLPP",0.0194232069565985,-0.256247853017476,0.157,0.199,1
"NFYC",0.0195073746399808,-0.426044359514269,0.111,0.149,1
"EPHB6",0.0195092297237096,-0.49273733012072,0.08,0.114,1
"PHIP",0.019673296896332,-0.361175176735656,0.266,0.31,1
"CCDC71L",0.019740303513155,-0.29489562108415,0.103,0.14,1
"UPK3BL1",0.019947750886922,-0.48536231685504,0.116,0.153,1
"ARHGEF2",0.0200345613611218,-0.536915270592969,0.106,0.142,1
"RAD50",0.020233779183071,-0.451395452816974,0.116,0.153,1
"F8A1",0.0202811404485524,-0.395907663385091,0.08,0.114,1
"CBX7",0.0204105783441127,-0.40747222981718,0.1,0.136,1
"LRBA",0.0205336032996526,-0.264495692116432,0.151,0.193,1
"CRIPT",0.0206227001111285,-0.261724210697818,0.116,0.156,1
"IMPDH2",0.020625967051722,-0.259504150629194,0.21,0.259,1
"AP3B1",0.0206613254117219,0.366482197936718,0.305,0.264,1
"EXOC6",0.0206920748960249,-0.499891926632955,0.104,0.141,1
"MXI1",0.0207409734390534,0.468282344739666,0.218,0.177,1
"SUPT5H",0.0208109805788955,-0.365607592933532,0.142,0.183,1
"SPEN",0.0208213288563312,-0.351690297428503,0.197,0.238,1
"SETDB2",0.0209665764698826,-0.372613943572901,0.074,0.106,1
"PTPRJ",0.0211117052013239,-0.467668203700073,0.085,0.118,1
"FAM133B",0.0211585445569248,0.295161593381975,0.472,0.432,1
"SHFL",0.0212175487214161,-0.368271104848146,0.116,0.153,1
"BIN1",0.0213515442427186,-0.27340855934639,0.242,0.292,1
"MTIF3",0.02139510001577,-0.307525951169671,0.179,0.223,1
"NRGN",0.0214419052636557,0.430520618524144,0.174,0.134,1
"ACO2",0.0215839766828506,-0.404236966083711,0.121,0.158,1
"FAM117B",0.0216420912852064,-0.337714971347129,0.111,0.15,1
"RBM22",0.0217080976532274,-0.320688498083677,0.174,0.219,1
"ARID5A",0.0218028006060275,0.63744708179496,0.112,0.081,1
"USP48",0.0218926869525622,-0.351264820961877,0.168,0.209,1
"HMOX2",0.0219792617197691,-0.437261234537715,0.082,0.114,1
"IL10RA",0.0221498473343687,0.526653499237605,0.208,0.169,1
"PTS",0.022160678157477,0.67135397894569,0.101,0.072,1
"FAM13B",0.0222190575540059,-0.368501155187554,0.166,0.205,1
"SMC5",0.0223892795255142,0.472775653351445,0.22,0.181,1
"BUD31",0.0227396433198721,0.358380052002611,0.324,0.28,1
"EXOC5",0.022744033110369,-0.580472065051077,0.083,0.115,1
"RAB5A",0.0229657155839563,0.479298020100327,0.161,0.124,1
"FNBP4",0.0230212893629197,-0.250570040506497,0.337,0.385,1
"FAM49A",0.0231123231730516,-0.392758114680506,0.091,0.126,1
"CD38",0.0231509826540025,-0.422398908703413,0.087,0.119,1
"SLC25A11",0.0232119114218618,-0.74592901863056,0.072,0.101,1
"MAP4K2",0.0233238713558463,-0.522173598070073,0.106,0.141,1
"THAP11",0.0234611162266046,-0.365549755570323,0.105,0.141,1
"ERCC1",0.0234677786227184,-0.370042415871158,0.119,0.155,1
"ASPSCR1",0.0234733766865896,-0.476040229390638,0.1,0.134,1
"TEX264",0.0235276309207414,-0.351818174523156,0.125,0.162,1
"WBP11",0.0235626185200835,0.35785949625397,0.297,0.256,1
"LCOR",0.0237383345811101,0.280761454041583,0.257,0.213,1
"SDHB",0.0238413995354726,-0.28543302527714,0.193,0.235,1
"NIPBL",0.0239989996226017,-0.308134730634593,0.273,0.317,1
"LYRM1",0.0240748761291682,-0.390750192480558,0.109,0.145,1
"ANXA4",0.0241138339245108,-0.403471027271971,0.194,0.234,1
"EGLN1",0.0242405277072572,-0.520522289232619,0.08,0.112,1
"GRSF1",0.0243638836381547,-0.52343151330972,0.112,0.147,1
"TFRC",0.0245011542189553,0.524353325082077,0.133,0.1,1
"TAF1",0.0245218704833915,-0.588596172949724,0.073,0.102,1
"UBN1",0.0245467288243752,-0.305014967955203,0.109,0.145,1
"UBR2",0.0245805768389096,-0.324319911845065,0.116,0.153,1
"TNRC6C",0.0245854047749999,-0.487715475899356,0.093,0.126,1
"ANAPC13",0.0245953935143497,0.493268773836398,0.142,0.108,1
"EHMT2",0.0246348512893531,-0.46879789381514,0.078,0.109,1
"TMEM243",0.0246792743043132,0.278329715676737,0.53,0.497,1
"MKLN1",0.0246912146635664,-0.32560481881857,0.124,0.162,1
"TRAPPC2L",0.024790004043177,-0.433315187357399,0.137,0.175,1
"TARDBP",0.0248363984389121,-0.401025476057178,0.166,0.206,1
"ELMSAN1",0.0249330577502108,-0.323248055453994,0.153,0.194,1
"ZNF33B",0.0250005940687581,-0.660027566806376,0.07,0.1,1
"NT5E",0.0250752775028623,-0.316751049439072,0.138,0.179,1
"LRRFIP2",0.0251461021627356,-0.39421063566861,0.085,0.117,1
"KATNBL1",0.02533077459559,-0.29311942686174,0.166,0.207,1
"TIMM10B",0.0254383764008116,-0.400776921853221,0.104,0.14,1
"PPP1R14A",0.0254397219279437,-0.518158903723505,0.151,0.188,1
"KLF9",0.0255923675875791,0.439251834534731,0.201,0.162,1
"CD200",0.025632431397709,-0.386049245669993,0.101,0.137,1
"S100A10",0.0257245821888002,-0.30972445855697,0.354,0.406,1
"RETREG3",0.0258336151999948,-0.430687349079379,0.075,0.107,1
"KLHL24",0.0260438499299123,0.383234344879062,0.279,0.236,1
"CCDC124",0.026066155717283,-0.478531626080144,0.095,0.128,1
"HCK",0.0261220597831732,-0.403179300505355,0.072,0.103,1
"HMG20B",0.0262670645296261,-0.516713766312368,0.07,0.1,1
"KDM4B",0.0267736596936389,-0.350399583965236,0.15,0.189,1
"UBE2G2",0.0268310018309302,-0.293487019995092,0.194,0.238,1
"C12orf49",0.0268975080004992,-0.438803117996838,0.135,0.172,1
"C15orf40",0.0270950067111412,-0.25648293041165,0.179,0.221,1
"SC5D",0.0271144914624465,0.544802378596519,0.109,0.079,1
"TAF12",0.027629933218076,-0.278247520762392,0.12,0.157,1
"DIAPH1",0.0277506235139433,-0.268063801633299,0.193,0.238,1
"COBLL1",0.0278396252126585,0.253290723038084,0.45,0.397,1
"ZC3H12D",0.0279059409975143,0.754855331424125,0.101,0.073,1
"RB1CC1",0.0279220317418075,0.254216097869798,0.279,0.234,1
"NOL12",0.0280236760879649,-0.472351792688297,0.088,0.12,1
"TSR3",0.0281310124037161,-0.344928402268483,0.177,0.219,1
"BCAS2",0.0281420203761324,0.438597005304341,0.302,0.268,1
"FAM50A",0.0282773433916156,-0.370635293929256,0.094,0.126,1
"PLPBP",0.0283176330568097,-0.535562576872016,0.078,0.108,1
"TAP1",0.028367561763535,-0.380191691139798,0.141,0.179,1
"RNF169",0.0283753748159419,-0.306117719957486,0.121,0.158,1
"ABT1",0.0286046989829634,-0.274739742864256,0.166,0.206,1
"SMARCA2",0.0286715665878125,-0.323529547277558,0.209,0.253,1
"MRPL19",0.0288925016824723,-0.327220240682377,0.129,0.166,1
"PGRMC1",0.0289200848268027,0.55780030429159,0.114,0.083,1
"MDH1",0.029176135023394,-0.315334085242448,0.206,0.248,1
"HSD17B4",0.0299068918580519,-0.431102591235052,0.114,0.148,1
"SCOC",0.0299872511856243,-0.276407531612376,0.089,0.122,1
"MDFIC",0.0299966402231239,-0.2536359913168,0.141,0.182,1
"DSTN",0.0304112956589699,-0.301738154379509,0.103,0.137,1
"KDM4C",0.0304951156852877,-0.361141582697438,0.164,0.202,1
"SUCLG1",0.0305519920241356,-0.416690660043947,0.132,0.168,1
"MPRIP",0.0306317640365769,-0.271484217193671,0.168,0.209,1
"RUFY3",0.0307400044147911,-0.346400455011764,0.117,0.151,1
"FRYL",0.030776905231366,-0.30391608513504,0.167,0.205,1
"RNMT",0.0308855531958787,0.352226373538511,0.408,0.376,1
"DOCK10",0.0309014179491634,-0.260545557631462,0.129,0.166,1
"CARHSP1",0.0309652839836064,-0.392940868989655,0.103,0.137,1
"TMEM87A",0.031149736805241,-0.268172534628765,0.147,0.186,1
"RNF138",0.0314102634944153,0.467566441684132,0.143,0.111,1
"OAZ2",0.0314711481063669,-0.430561788076396,0.072,0.101,1
"PTK2B",0.0315517107775122,-0.321350530064406,0.267,0.305,1
"PCBP1-AS1",0.0315529408621157,-0.342539923381752,0.08,0.112,1
"NSD1",0.0316842819103539,-0.278700288331966,0.248,0.294,1
"ITPR2",0.0318195826244658,-0.385435102642947,0.145,0.181,1
"SPTBN1",0.0323262756086037,-0.303433264456042,0.277,0.322,1
"MRPL42",0.0323389778658388,-0.326779016796205,0.164,0.203,1
"DYNC1H1",0.0323820339588859,-0.298609430332824,0.198,0.239,1
"SBDS",0.0324665491831846,0.251904364219276,0.415,0.377,1
"CIAO2A",0.0325383400044574,-0.260823325169147,0.256,0.299,1
"SNRNP35",0.0326610647484909,-0.492344328212888,0.109,0.141,1
"FAM136A",0.0326882485423462,-0.427197194787245,0.116,0.151,1
"SSR1",0.0329437875450972,-0.267590750007061,0.209,0.248,1
"ZBED5",0.0329543078539767,-0.362769058425213,0.169,0.209,1
"USP28",0.0329619537950578,-0.468399575057947,0.152,0.189,1
"EHMT1",0.0334256080940649,-0.298448996412832,0.147,0.187,1
"COMMD7",0.0334444535895245,-0.440502798824649,0.146,0.181,1
"PURA",0.0335458430197309,-0.308836470097269,0.129,0.165,1
"KIF20B",0.0341778187805573,-0.542746642582131,0.109,0.141,1
"MFNG",0.0342483968700215,-0.397846796981369,0.101,0.133,1
"TCL6",0.0346145969586288,-0.438799250351664,0.083,0.113,1
"PSMD6",0.0347411933688937,-0.411882819926702,0.172,0.209,1
"NELFCD",0.0351124984802028,-0.391350095970871,0.137,0.174,1
"DDX42",0.0355288317084345,-0.330134087459965,0.171,0.211,1
"TCF12",0.0356791116051502,-0.373604028740068,0.099,0.13,1
"CEP120",0.0357826962306961,-0.382758623056724,0.088,0.118,1
"EXOSC7",0.0358193397726949,-0.435632696199616,0.101,0.133,1
"PSMD1",0.0359065087163699,-0.455774220249076,0.088,0.117,1
"FRA10AC1",0.0360368711893719,-0.281727499394589,0.08,0.111,1
"NRBP1",0.036129229749635,-0.363317903664088,0.101,0.134,1
"FBRS",0.0363049912641177,-0.268739000354324,0.122,0.158,1
"AKAP17A",0.0364944843351111,-0.290525483165333,0.164,0.202,1
"ANKIB1",0.0366246596631918,-0.506422550890817,0.089,0.119,1
"RELA",0.0366534407227213,-0.517438001966118,0.103,0.132,1
"NRDC",0.0371551507381023,-0.253869586226407,0.213,0.256,1
"COPS3",0.0371783737857385,-0.253011271309144,0.132,0.168,1
"MRPS25",0.0374053279229152,-0.426446229030957,0.114,0.147,1
"UQCC2",0.0375279723516134,-0.378246349765059,0.085,0.115,1
"CTDSP1",0.0375734579718894,-0.294480294002522,0.167,0.205,1
"SCAPER",0.0376484172586476,-0.489668277914436,0.099,0.129,1
"PHF21A",0.0376757356980784,-0.366711644278082,0.098,0.129,1
"SNX6",0.0378042380151449,-0.258715163874082,0.341,0.386,1
"PIM2",0.0380726238299144,0.397317943646775,0.265,0.229,1
"EIF2AK2",0.0380854740757204,-0.312592479341332,0.208,0.248,1
"SLC9A3R1",0.0383736381415335,-0.486663541982238,0.096,0.126,1
"SNHG12",0.0386468742500205,-0.256402050886419,0.091,0.124,1
"COA5",0.0387261398559101,-0.364422042408217,0.101,0.133,1
"DDIT3",0.0387330093805183,0.439342023147702,0.184,0.151,1
"TTC9",0.0387918127386718,-0.302915882477721,0.108,0.141,1
"RHOG",0.0390018349569004,0.346576664652119,0.258,0.217,1
"VBP1",0.0390600175054639,-0.287278037958237,0.147,0.185,1
"ALDH9A1",0.0391034294684771,-0.436086740397993,0.112,0.145,1
"CYCS",0.0392051350286449,0.331740305381141,0.431,0.4,1
"EIF4A3",0.0393088861902475,-0.252100386870901,0.084,0.114,1
"PSMG4",0.0394284773027809,-0.307949474246474,0.161,0.199,1
"ZNF439",0.0396805026224613,-0.361854780263338,0.105,0.138,1
"PPA2",0.0397335551375595,-0.451478128042568,0.075,0.104,1
"ZNF675",0.0400281154347544,-0.303413821019857,0.088,0.119,1
"TMEM141",0.0403526136817295,-0.267460321936576,0.121,0.155,1
"ZKSCAN1",0.0404684432284508,-0.252754317996912,0.158,0.194,1
"PIK3AP1",0.0405611061874475,-0.292335018210023,0.173,0.211,1
"PHF12",0.0406830639605492,-0.425360668333552,0.091,0.121,1
"TAB2",0.0408948128570485,-0.259540387356828,0.117,0.152,1
"RPN1",0.04112137535619,-0.368419990630509,0.106,0.138,1
"TRIM52",0.041281437572434,-0.398190139183537,0.08,0.109,1
"FUOM",0.0413723441119879,-0.337846873627922,0.085,0.115,1
"MIDN",0.0415230632917469,-0.577759485806348,0.074,0.101,1
"TDG",0.0415889951786325,0.462466010600753,0.159,0.127,1
"AUTS2",0.0416165282431844,0.435005007535697,0.136,0.105,1
"CYB5B",0.0417035755922214,-0.359912038207858,0.1,0.131,1
"IER5",0.0418381753766925,0.315063299503929,0.402,0.374,1
"ZCRB1",0.0419311355503649,-0.251268844006652,0.229,0.269,1
"CREM",0.0419943040921255,0.649454208825999,0.105,0.078,1
"MTMR9",0.0420857718615842,0.357431183079751,0.141,0.108,1
"PDPK1",0.0421938788048573,-0.539844115173465,0.094,0.122,1
"PGP",0.0423768300210039,-0.31367845274153,0.136,0.171,1
"MTMR14",0.0424538167608183,-0.252683711954485,0.138,0.174,1
"KIDINS220",0.0424722376736243,-0.37894941490356,0.122,0.155,1
"NADK",0.042639921302647,-0.549537924536988,0.077,0.104,1
"HECA",0.0430151891653487,0.404772734287247,0.195,0.161,1
"DNAJC30",0.0431973083228636,-0.41155919956581,0.093,0.122,1
"HUWE1",0.0432436859735398,-0.256658204441274,0.161,0.199,1
"UBE2Z",0.0436089656104058,-0.296967087086978,0.146,0.181,1
"NUP62",0.0436961818619836,-0.508122464219318,0.082,0.11,1
"C12orf10",0.0438224756453791,-0.328681762278336,0.115,0.148,1
"ISCA1",0.0440621192551999,0.498681946393886,0.19,0.158,1
"REST",0.0440720212391896,-0.25975913952753,0.221,0.264,1
"MARK3",0.0441427976032064,-0.407274008368605,0.14,0.171,1
"TNFSF12",0.0442743327442702,-0.346082490197365,0.105,0.137,1
"POM121",0.0443433003974084,-0.429513359147712,0.103,0.133,1
"GALNT10",0.0444939680449869,-0.287495569976266,0.104,0.136,1
"SAP30BP",0.0446729873045899,-0.414776284430977,0.124,0.156,1
"GAR1",0.0446993899506736,0.531581348556628,0.111,0.084,1
"CD27",0.0449586077795034,-0.454604713259609,0.106,0.137,1
"CDC16",0.0450167033814993,-0.395172564805434,0.088,0.117,1
"DNMT1",0.0450868563170859,-0.359932576094319,0.085,0.114,1
"RBM15B",0.0452450399029592,0.555229473597283,0.124,0.095,1
"RAP2C",0.0452686062051489,0.281749983777082,0.204,0.165,1
"FAM53B",0.0459574436496039,0.347013786396473,0.188,0.154,1
"TBC1D5",0.0461941785177949,-0.252807572428557,0.214,0.254,1
"ORC3",0.0469002601305995,-0.301213841979893,0.072,0.1,1
"RNGTT",0.0469269282491568,-0.27791794407477,0.182,0.221,1
"C16orf91",0.0474508190696802,-0.556413082655313,0.083,0.11,1
"DOP1B",0.0474561097435862,-0.291974896818265,0.137,0.172,1
"WDR13",0.0476430847282978,0.528974543260768,0.131,0.103,1
"UBA2",0.0478059240685698,-0.33296093371019,0.262,0.301,1
"PRKCE",0.047887830956187,0.263182002985137,0.147,0.115,1
"IVNS1ABP",0.0479154555977282,-0.435009090523153,0.088,0.116,1
"STXBP3",0.0479998809614807,-0.280492228618149,0.132,0.165,1
"IARS2",0.048002350676868,-0.383340389171442,0.129,0.161,1
"EIF2B5",0.0481538815388664,-0.310614707917936,0.093,0.123,1
"SPG7",0.0482763662009903,-0.294826442694528,0.145,0.181,1
"CYP20A1",0.0483222438923828,-0.281124529175172,0.125,0.157,1
"LYRM7",0.04861305595879,-0.641424599552891,0.082,0.108,1
"DNAJC4",0.0487279422424415,-0.260413278033468,0.162,0.196,1
"DPM3",0.0487735003417326,0.543450960510358,0.173,0.144,1
"CXXC1",0.049500154260522,-0.476584247320409,0.079,0.106,1
"TOMM70",0.0495391482757381,-0.328014378459229,0.082,0.11,1
"STRN",0.0497744448113715,-0.393127717272452,0.126,0.159,1
"NOC3L",0.0498865308012501,-0.252925309830517,0.14,0.172,1
"EIF3B",0.0499552253129414,-0.315541774627197,0.206,0.243,1
"SH3GLB2",0.0500496663667251,-0.465501434524327,0.089,0.117,1
"PAXBP1",0.0508624242145638,-0.544583106544176,0.082,0.109,1
"MAPRE1",0.05096706312015,0.39312518871227,0.213,0.177,1
"ZHX2",0.0511820500189927,-0.323125378183658,0.083,0.111,1
"DNAJC19",0.0514407241429756,-0.283013259292492,0.227,0.269,1
"MED25",0.051837915248191,-0.371907010591702,0.084,0.112,1
"NUP42",0.0519155984918444,-0.308280457002364,0.125,0.158,1
"PRDM2",0.0519777570191801,0.25320730626343,0.538,0.53,1
"PLAAT4",0.0519832433186698,-0.365015946056352,0.173,0.208,1
"CYHR1",0.0519858199933978,-0.395263483945018,0.103,0.133,1
"AC092821.3",0.0520495767653445,0.361016769542664,0.231,0.195,1
"ANXA2R",0.0520513974639963,-0.348445128611768,0.104,0.133,1
"VAV3",0.0522236591653263,-0.255887224686416,0.218,0.255,1
"MRPS26",0.0522711222360376,-0.372877804917852,0.132,0.164,1
"STK38",0.052393212312798,-0.291977719115181,0.111,0.143,1
"BZW1",0.0524750932352356,0.309246341994231,0.44,0.415,1
"NIPSNAP2",0.0526067971918685,-0.355027414712504,0.136,0.169,1
"R3HDM1",0.0526442736974227,-0.360743813408468,0.096,0.126,1
"CBX1",0.0529006947792098,-0.352038628080392,0.122,0.155,1
"FCRL3",0.0530863536078834,-0.358189263308644,0.229,0.264,1
"CNTRL",0.0531687112298684,-0.264859953917779,0.258,0.299,1
"PIK3R1",0.0532688576912644,-0.250675770620177,0.219,0.259,1
"PABPC4",0.0534198809094235,-0.299427083985191,0.213,0.247,1
"SLC25A46",0.053424586999907,-0.285067550310714,0.083,0.11,1
"ATF7IP2",0.0535398554497332,0.341679067705392,0.282,0.245,1
"PIBF1",0.0537814898707392,-0.39544490503393,0.088,0.116,1
"UBQLN1",0.0539930297102027,-0.398991891370818,0.151,0.182,1
"LSM12",0.0540796843869009,-0.390631185728223,0.164,0.197,1
"TOR3A",0.0543158298746202,-0.277016101082534,0.091,0.12,1
"MYLIP",0.0543951016543107,0.266371409817255,0.273,0.232,1
"TRPC4AP",0.054644322276416,-0.363849579982995,0.083,0.11,1
"STX5",0.0546526981588767,-0.287843796982346,0.147,0.181,1
"CHM",0.0555307399901271,-0.345005751666472,0.087,0.114,1
"GLYR1",0.0555811301293736,-0.276287292981926,0.101,0.133,1
"MRPL9",0.0556840764630646,-0.262906938696118,0.156,0.192,1
"MAP4K1",0.0558738115711956,-0.545535162376877,0.082,0.108,1
"AC007952.4",0.0560234860666024,-0.563295308292694,0.079,0.105,1
"DESI1",0.0561218278204599,-0.317365707900015,0.085,0.114,1
"PRKRA",0.0561457420968334,-0.270021734410936,0.131,0.164,1
"C19orf25",0.0563001300411295,-0.302209645878657,0.136,0.168,1
"MYC",0.0563521769599166,0.357544737411258,0.342,0.308,1
"RNF168",0.056431967406131,-0.26808834527719,0.079,0.106,1
"CCSER2",0.0568161385841318,-0.573243912118191,0.091,0.118,1
"COG2",0.05696110842694,-0.34757355573336,0.082,0.108,1
"ABHD17A",0.0570225510347078,-0.291539384497319,0.252,0.292,1
"MPC1",0.0570837127385478,0.476238639124532,0.162,0.132,1
"LSM3",0.0575596571906294,0.261985509969813,0.413,0.381,1
"TFDP1",0.0576571053360314,-0.29991796968752,0.085,0.113,1
"DCP2",0.057920283294878,-0.353802012213457,0.155,0.186,1
"CHD8",0.0580588828609311,-0.263486666546068,0.153,0.186,1
"ELP5",0.0584679277449151,-0.310247532276624,0.114,0.144,1
"KHDRBS2",0.0591217369876225,-0.357820081617198,0.087,0.114,1
"NDUFS3",0.0593973564777778,-0.396605358597537,0.15,0.181,1
"TACC1",0.0598740661275763,0.400230806874357,0.197,0.164,1
"SMAP1",0.0601045501643303,-0.321269580945941,0.161,0.195,1
"MTMR4",0.060318673322945,-0.328336903413263,0.117,0.148,1
"SESN1",0.0604482557944108,0.655390293959017,0.138,0.112,1
"KIAA1143",0.0610041872006958,0.387681090158774,0.232,0.198,1
"RTCB",0.0613947994310226,-0.285915471364399,0.136,0.167,1
"PTDSS1",0.0614541539688458,-0.376407440979596,0.115,0.145,1
"DCUN1D5",0.0619616565832175,-0.426057444831287,0.108,0.136,1
"HSPA4",0.0620517142429317,0.380653792646471,0.34,0.309,1
"FASTKD2",0.0621445057782327,0.581598242825339,0.106,0.081,1
"KCMF1",0.0625347850913658,-0.27617012482142,0.157,0.19,1
"TTC7A",0.0625452945488771,-0.34766057872409,0.096,0.124,1
"CCDC59",0.0626043584376081,0.258118512123798,0.455,0.421,1
"MMADHC",0.0629268786209537,0.459982741342515,0.215,0.185,1
"NAPA",0.0630364598054778,-0.295288729668181,0.106,0.136,1
"FBXO3",0.0630714560833073,0.333619934223562,0.153,0.122,1
"YIPF3",0.0634763991736516,-0.278348865291176,0.083,0.11,1
"RDH11",0.0634986550653888,-0.286774429898714,0.079,0.105,1
"CCZ1",0.0636455790581512,-0.372539476757397,0.157,0.189,1
"ZNF350",0.0637873939682266,0.448103609236708,0.145,0.116,1
"DYNC1LI1",0.0639424622299177,-0.264724301491548,0.153,0.186,1
"ZCCHC3",0.063984399608088,-0.517617383291546,0.091,0.117,1
"TTC39C",0.0640603272639416,-0.387281275400542,0.098,0.125,1
"PPID",0.0641472355445942,-0.410353493560636,0.084,0.11,1
"S100A9",0.0641787783748639,-0.288957081089855,0.121,0.151,1
"MEA1",0.0642135817311433,-0.324285621971982,0.125,0.154,1
"ARMCX6",0.06424463999691,-0.30871920125077,0.098,0.126,1
"MAGEF1",0.0646926324847485,-0.297318505890714,0.104,0.132,1
"GRINA",0.0647105510193566,-0.374353198842897,0.079,0.105,1
"DTX3L",0.0648113881529024,-0.431240997162233,0.108,0.136,1
"CDKN2AIPNL",0.0653757778482467,-0.350164442350161,0.085,0.112,1
"MT-ND6",0.0662778001244695,0.357031312117822,0.247,0.216,1
"TCEAL4",0.0665026203059464,-0.262350980947523,0.083,0.109,1
"TOPBP1",0.0666754408969508,-0.303407728921413,0.111,0.142,1
"WDR26",0.0670054987756265,0.357771939414588,0.166,0.136,1
"EIF4E2",0.0670579314594753,-0.265114063477455,0.127,0.159,1
"LINC01089",0.0672247352022334,0.309030786934093,0.116,0.089,1
"NDUFV1",0.0673220781242096,-0.318362668880401,0.131,0.16,1
"EIF4G1",0.0673694626248955,-0.427909626077319,0.078,0.103,1
"S100A4",0.0674060091273219,-0.352584985727842,0.388,0.411,1
"STK26",0.0677949888111481,-0.263937437441717,0.13,0.161,1
"CNDP2",0.0679762828677002,-0.336652244889924,0.158,0.193,1
"UTP18",0.0679933817874819,-0.383320701772925,0.117,0.146,1
"TRIM52-AS1",0.068076345861654,-0.264801761711368,0.163,0.198,1
"MGAT4A",0.0682163347535205,-0.430651720207432,0.077,0.102,1
"TADA2B",0.0684614007873113,0.49400841308337,0.11,0.085,1
"USP10",0.068677752148782,-0.289371933961412,0.116,0.146,1
"CFDP1",0.0687415444384717,-0.256806251359875,0.174,0.21,1
"ARHGAP17",0.0688321251542232,-0.296851590470867,0.182,0.215,1
"MRPS22",0.0691382264368461,-0.300185812979455,0.115,0.144,1
"DGCR6L",0.0693193752850645,-0.397591472292525,0.101,0.127,1
"DTWD1",0.0698254283042665,-0.320705807845388,0.074,0.1,1
"STYX",0.0699028859436584,-0.384560699704502,0.088,0.113,1
"AUP1",0.0700009512571622,-0.284541293058092,0.185,0.219,1
"PPM1A",0.0701006946486231,-0.364886093349758,0.096,0.123,1
"PYROXD1",0.0702925869725718,-0.279451190489863,0.136,0.166,1
"C1orf52",0.0704379435812464,-0.302109239007048,0.148,0.179,1
"C2orf49",0.0706717997633385,-0.384798315776622,0.099,0.125,1
"BMP2K",0.0711334028783853,-0.307933620959003,0.142,0.174,1
"CHTOP",0.0712980389937418,-0.343585072458363,0.14,0.169,1
"JOSD1",0.071352063113629,0.336521879030083,0.19,0.159,1
"MRFAP1L1",0.0716126282769912,-0.411813996743491,0.078,0.103,1
"NDUFB6",0.0718149105910535,-0.2758175728118,0.155,0.188,1
"CCDC47",0.0719627322316363,-0.400271516182569,0.085,0.111,1
"TDP2",0.0719917232176798,-0.258210316489334,0.078,0.103,1
"GNA13",0.0720614095294171,0.272257687246118,0.215,0.183,1
"SETD5",0.0721215780186658,-0.424274565607906,0.142,0.17,1
"ARL14EP",0.0723316098666327,0.365609005587532,0.248,0.217,1
"UPF3B",0.0725266521299303,-0.324965914947614,0.114,0.143,1
"KYNU",0.0726248877498539,-0.359062532002628,0.143,0.174,1
"PCNX4",0.0728666149892869,-0.483155485120572,0.075,0.1,1
"NR1H2",0.0730151083111984,-0.309611575825266,0.167,0.198,1
"TRANK1",0.0732290900356373,-0.313123941436132,0.105,0.133,1
"ANKAR",0.0732722638099588,-0.331983278871755,0.096,0.122,1
"MARCH8",0.0733036226071652,-0.305886644660586,0.142,0.172,1
"ORMDL2",0.0735804170818629,-0.334305202733078,0.1,0.126,1
"OMA1",0.0738384785572082,-0.359653166883382,0.079,0.104,1
"DDX39A",0.0739940438603485,-0.366190475409176,0.125,0.152,1
"TOPORS",0.0743897483465409,-0.299666125395294,0.124,0.154,1
"TMEM63A",0.0746256074662779,-0.529622733543192,0.084,0.108,1
"LIME1",0.0747480269496286,-0.432864765228334,0.079,0.104,1
"BRMS1",0.0747851445871702,-0.372098407091047,0.115,0.143,1
"SLC25A28",0.0751596571992567,-0.393951187056346,0.084,0.109,1
"ZNRD1",0.0761092317159384,-0.337667048609035,0.167,0.197,1
"ZNF622",0.0761504537570383,-0.281008154970374,0.108,0.136,1
"CYTH4",0.0762798684321598,-0.474452894767309,0.091,0.116,1
"DCUN1D1",0.0766675089299234,0.488823587099288,0.137,0.112,1
"CNFN",0.0767540257592134,-0.441995250399772,0.085,0.11,1
"CNOT8",0.0768181981835515,0.25045791068337,0.183,0.152,1
"MARK2",0.0772706605717368,-0.308543213031242,0.087,0.112,1
"TMX3",0.0781111182821743,-0.323239501616566,0.094,0.12,1
"PTPN12",0.0786483392768877,-0.319465901601648,0.094,0.12,1
"FBXO22",0.078691958521838,-0.434602151378356,0.078,0.102,1
"VTI1B",0.0789169446962222,-0.258160038007853,0.151,0.183,1
"PLEKHA3",0.0791706261597221,-0.295075546498816,0.168,0.201,1
"COMT",0.0791860174413035,-0.450343868405755,0.093,0.118,1
"CSNK1E",0.0799968411537779,0.33605656894278,0.117,0.091,1
"MIER1",0.0802484826497157,0.260375892750305,0.295,0.261,1
"ZYG11B",0.0802965759767124,-0.294408178771878,0.078,0.102,1
"VCPIP1",0.0804262409965173,-0.376132971117367,0.089,0.114,1
"BCL6",0.0809708044501685,-0.350996909116609,0.079,0.103,1
"SAMD4B",0.0813242605122892,-0.387639996606882,0.079,0.103,1
"CCDC66",0.0815192491886208,-0.287479634354055,0.176,0.207,1
"SNX13",0.0816591234392178,0.358622601067267,0.12,0.094,1
"KIAA0586",0.0824972598968974,-0.35639022762021,0.082,0.106,1
"AIM2",0.0824979900374692,-0.323568605448745,0.094,0.119,1
"SLC25A42",0.0825622403031063,-0.409664272690766,0.133,0.16,1
"COG5",0.0829042683905653,-0.442003961107186,0.09,0.115,1
"DUSP22",0.0829978209891739,-0.274475313698894,0.234,0.267,1
"BACE2",0.0834477058348287,-0.284342515608608,0.09,0.115,1
"OTUB1",0.0835502882629266,-0.278685705757805,0.195,0.226,1
"OS9",0.0838521400949404,-0.327137727493575,0.141,0.169,1
"FBXO21",0.0840747622731609,0.286330587210621,0.173,0.143,1
"PDE4DIP",0.0844450316350928,-0.568904684971861,0.084,0.107,1
"TAP2",0.0846410027486476,-0.415650835564429,0.15,0.178,1
"KBTBD2",0.0847542484843799,0.361299150464955,0.142,0.116,1
"YRDC",0.0848870973994472,-0.397730093462306,0.085,0.109,1
"FUBP3",0.0849109405466155,-0.353161434521514,0.084,0.109,1
"SREK1IP1",0.0858672659794572,0.361241178582027,0.188,0.158,1
"SFSWAP",0.0860510837928521,0.261218977324928,0.271,0.239,1
"ESYT1",0.0861108354008432,-0.358773206131743,0.1,0.125,1
"IDH3B",0.0862765324147218,-0.250778715622843,0.158,0.187,1
"ZNF593",0.086587322748228,0.489344458955865,0.125,0.101,1
"RHEB",0.0866359457009042,0.396340470861894,0.183,0.155,1
"ZDHHC12",0.0868980370437255,-0.286188052934639,0.089,0.114,1
"AGL",0.0870805466835168,-0.330808410443593,0.088,0.112,1
"ARPC1A",0.0872447369636535,-0.301466977133759,0.109,0.136,1
"FLOT1",0.0873191901243363,-0.300886851840524,0.096,0.123,1
"TIMM9",0.0876247292789496,0.352124754370792,0.203,0.175,1
"OIP5-AS1",0.0879099143804699,-0.256527550085072,0.255,0.292,1
"WTAP",0.0882390662162286,0.325251467717867,0.379,0.357,1
"TMA16",0.0883401963477533,-0.305982911432773,0.111,0.138,1
"RPIA",0.0886572255970944,-0.305875201945734,0.136,0.163,1
"PTOV1",0.088662678862685,-0.279639413644394,0.109,0.134,1
"CAVIN2",0.0890014642714832,0.429087004579371,0.14,0.114,1
"SMS",0.0893896992662511,0.258300308704167,0.188,0.158,1
"AK6",0.08965839272963,-0.28660749262299,0.08,0.105,1
"ADNP",0.0897300569838687,-0.334670399121181,0.14,0.166,1
"AC006230.1",0.0899529979753507,0.482906441478308,0.122,0.099,1
"EXOSC9",0.0902027197614916,-0.32037230012568,0.098,0.123,1
"FAM172A",0.0903367098805006,0.397052137365515,0.161,0.134,1
"SNHG3",0.0905165616205316,0.300858391720778,0.323,0.29,1
"CAB39",0.0905263843339879,-0.390131790925647,0.127,0.154,1
"DCAF7",0.0905928191257704,-0.364472799237497,0.104,0.129,1
"GATAD2A",0.0909645259254426,-0.254900981417628,0.13,0.158,1
"ZPR1",0.091764524056332,-0.325912856325574,0.12,0.147,1
"TERF2",0.0918257963829298,-0.338441885025489,0.122,0.149,1
"EED",0.0926366451162666,-0.302796257091615,0.091,0.116,1
"RNF139",0.0928842475848796,0.382789440266427,0.148,0.122,1
"C5orf24",0.0929610505659082,0.409779478772081,0.205,0.179,1
"RAB37",0.0930708903486855,-0.348337122353688,0.082,0.105,1
"C22orf39",0.0935365820658162,0.323023862804259,0.168,0.141,1
"MX2",0.0938828848960977,-0.447719699044953,0.094,0.118,1
"MRPL32",0.0947134539958056,-0.39142526744601,0.108,0.132,1
"HIVEP1",0.0951614593257609,0.323740198278559,0.109,0.085,1
"YIF1A",0.0957599145613194,-0.319414459731817,0.098,0.123,1
"EIF2AK4",0.0961966505036981,0.295433427189809,0.112,0.088,1
"DMAC2L",0.0970789715639159,0.283362640920101,0.21,0.183,1
"MALSU1",0.0977212502437349,-0.393823083181166,0.103,0.127,1
"SDAD1",0.0978527126001917,-0.382249570333612,0.15,0.177,1
"RPF1",0.099031334142324,0.312641524488043,0.219,0.191,1
"IPO7",0.0991260608742873,-0.351782057234642,0.088,0.111,1
"TRAK1",0.0997846143424841,0.339421368581267,0.183,0.154,1
"EIF2AK3",0.100154588754522,0.363880541722627,0.142,0.118,1
"MCM5",0.100925702362235,-0.317379358506746,0.114,0.14,1
"RAB31",0.100932559469438,-0.421306133365389,0.101,0.125,1
"KPNA6",0.101058717937963,-0.306426589122275,0.124,0.151,1
"CISD2",0.101552058114399,-0.347654320040133,0.095,0.119,1
"BCL10",0.101594292101392,0.251003197002035,0.402,0.373,1
"PPP6C",0.101618837228627,-0.259167717381632,0.12,0.148,1
"TMEM11",0.102074486043261,-0.318793841040252,0.079,0.102,1
"TRIM8",0.10224003366157,-0.41588007427805,0.133,0.159,1
"SAR1A",0.102455848574648,-0.269153392512029,0.131,0.159,1
"CIR1",0.102721916352957,0.252818191455562,0.41,0.395,1
"QTRT2",0.102997824181998,-0.345322716327154,0.084,0.107,1
"KXD1",0.103218407217462,0.394717514845629,0.161,0.136,1
"STXBP2",0.103238092996297,-0.42402196108387,0.093,0.115,1
"LRRC75A",0.103743415639946,0.418398743552925,0.167,0.14,1
"C7orf50",0.104779064145873,0.30160562812656,0.267,0.239,1
"TMEM18",0.105217129032392,-0.265103008622308,0.157,0.187,1
"CASK",0.105263869168885,0.417382447683689,0.104,0.082,1
"BTG3",0.105575202450576,0.415927193592357,0.109,0.086,1
"FAM98B",0.10557998487986,0.393727973556987,0.135,0.11,1
"SRGN",0.105739534129846,-0.258766761082269,0.204,0.234,1
"CDK17",0.105776205410058,-0.403094592988226,0.089,0.112,1
"FUT8",0.106117276951477,0.380275173657341,0.138,0.114,1
"CASD1",0.106347795396866,-0.350658536266529,0.089,0.112,1
"CAPN7",0.106472849696827,-0.300371888198644,0.11,0.136,1
"UBE2E2",0.106626488347603,-0.282190931136779,0.132,0.159,1
"MRPS12",0.106770674653881,-0.262266646561872,0.179,0.207,1
"DBF4",0.106868951615413,0.344869687165886,0.192,0.163,1
"CLTC",0.107590664022547,-0.331251103217599,0.133,0.158,1
"MIGA1",0.107797703566941,-0.325061134486859,0.105,0.13,1
"ICA1L",0.108155696129136,0.286625500880859,0.166,0.14,1
"RWDD4",0.109228461056646,-0.259161827488038,0.098,0.121,1
"AAMP",0.109583921584141,-0.360958686705368,0.085,0.107,1
"TP53TG1",0.110447750269851,0.349811322116306,0.155,0.128,1
"UBE2G1",0.110796640169927,-0.25572096148964,0.183,0.211,1
"HTT",0.111372348145226,-0.355575210589538,0.101,0.124,1
"EP400",0.111609812281509,0.410303011226491,0.132,0.109,1
"DNM2",0.112838180325948,-0.275496654872657,0.096,0.12,1
"SESN3",0.113196672500566,0.273427447989836,0.214,0.185,1
"NXT1",0.114009165889651,0.332106000129414,0.188,0.161,1
"CGRRF1",0.11478345468155,0.374830012183435,0.11,0.088,1
"TRAPPC2",0.1158031374911,0.302548095934759,0.168,0.144,1
"NDE1",0.116696259667733,0.301225299269237,0.155,0.129,1
"MAP7D3",0.117799969937667,-0.491071693297771,0.082,0.103,1
"PGAM1",0.118704047753775,-0.429667501194205,0.129,0.151,1
"PPP2R2D",0.118940076545838,0.287440489889611,0.142,0.117,1
"DHX40",0.119101071596472,0.416610169860776,0.157,0.132,1
"ITCH",0.119337868242566,-0.321795833875666,0.14,0.165,1
"MECP2",0.119606114167072,0.336657798498887,0.256,0.228,1
"NRBF2",0.120135834801188,0.345477737422056,0.163,0.139,1
"KLC1",0.120161617822058,-0.284404654985894,0.137,0.163,1
"RRAGA",0.120277911946331,-0.283941901682418,0.135,0.161,1
"SMG7",0.120435700001002,-0.257470948657436,0.096,0.119,1
"AREG",0.120962523124168,0.468249491978057,0.127,0.105,1
"REXO4",0.121565613059312,-0.327921619746173,0.116,0.141,1
"NLRP1",0.121573946875036,-0.417172289921328,0.099,0.121,1
"MRPL50",0.121862223755991,-0.252790921103897,0.1,0.124,1
"ACAA1",0.122996540188732,-0.272183708365094,0.147,0.174,1
"TNPO1",0.123335185162372,0.358637810572258,0.148,0.123,1
"ZBTB21",0.123587605174596,0.413271280319625,0.109,0.087,1
"AP1G1",0.123758234649294,0.45457883206351,0.127,0.106,1
"ASAP1",0.123854890771404,-0.369285699132317,0.12,0.144,1
"KLHL5",0.124232655540044,0.298112009155743,0.168,0.143,1
"LINC01588",0.124246795548794,-0.30504842551932,0.089,0.111,1
"URM1",0.124419732134255,-0.266795803544707,0.101,0.126,1
"DAAM1",0.125297569121458,-0.435354024754149,0.131,0.155,1
"NCOA7",0.125839053721345,0.4520109928474,0.131,0.108,1
"BSDC1",0.126208881487556,0.414550613298669,0.2,0.176,1
"TMED3",0.127203815912396,-0.328616349831671,0.088,0.109,1
"TENT5C",0.127430765697958,0.300577547902382,0.26,0.231,1
"GID8",0.127763112947262,-0.350950173207163,0.153,0.179,1
"TSR2",0.128003793234758,-0.254527571160835,0.172,0.199,1
"SAMD8",0.128457301962857,0.471899644261679,0.112,0.09,1
"ST8SIA4",0.128743672424425,-0.423604868884616,0.169,0.191,1
"HMGCS1",0.129192078576019,0.430620208815855,0.106,0.085,1
"SIDT2",0.129265707546114,0.325719243469185,0.12,0.097,1
"ZDHHC6",0.130948953624105,0.283344246529723,0.13,0.106,1
"NDUFS1",0.131390873009264,-0.330925117187304,0.101,0.123,1
"STIM1",0.13187391642196,-0.315832234714357,0.111,0.134,1
"CHMP7",0.132119911091435,0.255605950579501,0.244,0.216,1
"DCTN6",0.133517895413693,0.37700097842836,0.109,0.088,1
"AL627171.2",0.133723893208203,-0.35289684689575,0.101,0.124,1
"SNHG15",0.134228381001868,0.322890207818371,0.156,0.131,1
"GFM1",0.135625883351453,-0.310789799421745,0.088,0.109,1
"SNAP29",0.135647531067548,-0.319229578009423,0.083,0.104,1
"CLK3",0.135926258985731,-0.28439032141156,0.085,0.107,1
"HDAC5",0.136658533531524,-0.3589656929082,0.087,0.107,1
"PRR14L",0.138641086707928,-0.356695358544918,0.085,0.106,1
"SMC4",0.138669306208219,-0.268552800952261,0.105,0.128,1
"YPEL5",0.138697283108248,0.318918846008362,0.447,0.423,1
"RAB5IF",0.139032806254291,-0.258275957638719,0.174,0.198,1
"PIK3CD",0.140449657397266,-0.277199124627664,0.098,0.119,1
"ING3",0.140930644763571,0.273053985648197,0.232,0.206,1
"HMGXB4",0.141830229732359,0.438392415198457,0.126,0.106,1
"SP3",0.142428262068373,0.281889397994595,0.297,0.272,1
"FYTTD1",0.143811344859877,0.30364893694947,0.194,0.169,1
"NUMB",0.14406306144584,-0.258576981894147,0.177,0.202,1
"HNRNPUL2",0.144628185198083,-0.265735267752544,0.163,0.189,1
"UBE2E3",0.145966405709436,-0.353682982657176,0.141,0.163,1
"GMPR2",0.14619864537256,-0.291772541444511,0.106,0.129,1
"IQCB1",0.146628747292044,-0.258810819623221,0.142,0.166,1
"GFER",0.148337983361747,-0.268145967613737,0.085,0.106,1
"DYRK2",0.149418339778798,-0.321581809678896,0.151,0.176,1
"HIPK3",0.149574143108309,-0.288466843279608,0.132,0.156,1
"SERPINB9P1",0.149897527817337,-0.30266146361892,0.11,0.131,1
"CLPTM1L",0.150619314497972,-0.355705061682075,0.112,0.133,1
"HSPB1",0.151535181721336,0.473386333589966,0.179,0.158,1
"LPXN",0.151578478738246,-0.342696041410553,0.111,0.132,1
"BNIP2",0.154978676913936,0.256769135291988,0.378,0.351,1
"NFU1",0.155430668334776,-0.342955451432754,0.133,0.155,1
"ZBED1",0.156143657181017,0.387767395517664,0.117,0.098,1
"COMMD10",0.156168274831797,-0.281550617344047,0.08,0.1,1
"LINC02245",0.156208291895081,0.371870609838518,0.132,0.112,1
"ATMIN",0.156617125239917,0.297450304184177,0.141,0.119,1
"CHD3",0.157330407992847,-0.347150429579601,0.095,0.116,1
"SPAG9",0.157519271429955,-0.309197751510932,0.096,0.117,1
"WASHC2C",0.157837836522143,-0.270456641026257,0.117,0.14,1
"OXCT1",0.158182054927341,0.258092777348085,0.112,0.092,1
"KDM2A",0.158660722165187,0.264092123772182,0.287,0.263,1
"LFNG",0.159678858864101,-0.378501527307928,0.084,0.103,1
"ATP6AP1",0.160415359832845,-0.373138354123255,0.082,0.101,1
"MARCH2",0.160504174033297,0.519369559121597,0.122,0.103,1
"TLE3",0.16067576973616,-0.294671011876561,0.091,0.112,1
"ERV3-1",0.161639825426611,-0.287683365644557,0.112,0.133,1
"UBQLN2",0.164070602215061,-0.363966713847609,0.083,0.102,1
"AP3S1",0.166385659880576,0.270504832533761,0.194,0.169,1
"FAF1",0.167074258805252,-0.32624767533167,0.09,0.109,1
"ATP2A3",0.168209385421356,-0.259206997742069,0.19,0.213,1
"HACD2",0.168847491267565,-0.253594607964263,0.08,0.1,1
"TLNRD1",0.169285709247532,-0.276510819952169,0.117,0.139,1
"ATP6V1D",0.170112927814285,-0.416323414111029,0.096,0.115,1
"GET3",0.170981510316473,-0.328358426079568,0.108,0.127,1
"IL27RA",0.172409916013716,-0.330920750566666,0.112,0.132,1
"INTS8",0.173168153140337,-0.467543275287198,0.087,0.105,1
"TET2",0.173768513937291,-0.380294074572124,0.108,0.126,1
"USO1",0.174192964713158,-0.397755631926958,0.091,0.11,1
"AHCYL1",0.174299100681719,-0.305592191661009,0.125,0.146,1
"PRKAR2A",0.176593974638656,-0.272833047107226,0.093,0.113,1
"DCAF11",0.176727268504666,-0.31706017540484,0.088,0.106,1
"KAT8",0.17690873682558,-0.287999605750652,0.094,0.113,1
"CDK5RAP2",0.177497839502758,-0.342001925914848,0.088,0.107,1
"ABHD10",0.178193473803298,-0.399049694108301,0.083,0.101,1
"GGCT",0.180473743052573,-0.413332455331429,0.093,0.111,1
"ATL2",0.180807033197222,0.29953986551563,0.112,0.093,1
"TMEM109",0.183514668870477,-0.341524779916897,0.132,0.152,1
"YTHDF3",0.186311521652043,0.35536025949126,0.117,0.099,1
"VPS53",0.186448268882391,-0.254588117999509,0.083,0.101,1
"NUDT2",0.186841648606154,0.495051178148318,0.114,0.095,1
"CSGALNACT1",0.187406809675572,-0.346164241617164,0.094,0.113,1
"WBP1",0.188331007424014,0.31007889474174,0.122,0.104,1
"TTC28-AS1",0.190059356257366,-0.380565932437497,0.099,0.117,1
"AC103591.3",0.191936976155314,0.405711945029748,0.126,0.108,1
"BIRC2",0.192425705358353,0.258219652747068,0.193,0.168,1
"CUL4B",0.19497805801991,-0.313080787313914,0.088,0.106,1
"PMVK",0.195235670723464,-0.302908494481444,0.083,0.101,1
"ADA2",0.200391178750875,-0.275019502975328,0.105,0.124,1
"FBXO33",0.200496666721454,0.317310154069913,0.142,0.122,1
"DGKA",0.200663816536225,0.462053363210717,0.117,0.101,1
"LGALS1",0.201047298819425,-0.466919753572799,0.166,0.186,1
"LRRK2",0.20181401735302,-0.506452234248567,0.096,0.113,1
"RPRD2",0.20253262497484,-0.35529518712108,0.141,0.162,1
"NMT1",0.203241668662348,-0.256684303343267,0.213,0.233,1
"ATF6",0.204556250615736,-0.39921920277028,0.114,0.131,1
"NDUFAF2",0.205774157398138,-0.293789232153197,0.083,0.1,1
"TNPO3",0.209579249061864,0.323218841822232,0.11,0.092,1
"NCBP3",0.209827110042486,-0.321945166134013,0.13,0.15,1
"EBNA1BP2",0.210180024503362,-0.258061820495219,0.096,0.114,1
"GPAA1",0.210301756647789,-0.292635081429841,0.087,0.104,1
"SCLT1",0.211812116184964,-0.301838024699153,0.095,0.113,1
"TMEM167A",0.213525523781005,-0.250806574197719,0.168,0.19,1
"CDC27",0.214244632710957,-0.273704821570303,0.094,0.111,1
"CHCHD5",0.214360523618242,-0.270510317805071,0.138,0.158,1
"CHML",0.215563793431242,-0.311095030425539,0.114,0.132,1
"ACYP1",0.217600917475902,-0.422333169447486,0.087,0.103,1
"TIMM17B",0.21833320727956,-0.268423746044478,0.122,0.141,1
"COMMD9",0.222414073563121,-0.265917689297734,0.13,0.149,1
"DIS3",0.224840811550102,0.316287469373555,0.183,0.162,1
"PRPS1",0.227993567940275,-0.289247422401289,0.106,0.124,1
"SUMF2",0.231329120899575,0.345191965010714,0.174,0.155,1
"WASHC2A",0.232918153686365,-0.372249654954953,0.103,0.119,1
"RBPJ",0.233355736951631,-0.354071971123526,0.126,0.144,1
"ZNF121",0.234009464857755,0.341366294584992,0.11,0.093,1
"TTC32",0.234453913764172,0.292133116625224,0.167,0.149,1
"RPS6KA3",0.236300301866876,-0.251523756837945,0.206,0.226,1
"AC016831.5",0.239128247303748,0.319154483794282,0.13,0.113,1
"CDK11B",0.239572759641147,-0.283862258401776,0.089,0.106,1
"CORO1C",0.24072352018284,0.315643357542668,0.137,0.12,1
"CLIP1",0.244487014160166,-0.262805497228571,0.145,0.163,1
"SMAGP",0.246892805780054,-0.267999070806165,0.096,0.113,1
"CEP85L",0.247315996376163,0.327182029629387,0.108,0.091,1
"ATP1A1",0.24767525140061,-0.289845180889859,0.106,0.123,1
"SPTLC1",0.24943773461698,-0.311316083490847,0.09,0.106,1
"ZNF281",0.249923595218686,-0.287185528360176,0.119,0.137,1
"TMEM167B",0.250369632301713,0.285248133717274,0.155,0.137,1
"GANAB",0.252359807780579,-0.300800956599532,0.089,0.105,1
"MED17",0.254955169719733,-0.270335465879737,0.138,0.156,1
"BAD",0.255059990251069,-0.258280167473749,0.091,0.108,1
"TRNAU1AP",0.255831051878364,-0.271927760900422,0.091,0.107,1
"ZNF669",0.256267133866369,0.261009666243105,0.103,0.087,1
"FADS3",0.259204129293819,-0.265484560437602,0.101,0.118,1
"DPP8",0.260770228121667,-0.261635446489174,0.14,0.158,1
"STX12",0.261586697582611,0.303072726386014,0.146,0.128,1
"TMEM30A",0.267775481364176,0.265655310400624,0.159,0.142,1
"ETV6",0.268081122425801,0.333957397654581,0.141,0.124,1
"PPP6R1",0.269131422594599,-0.287210751095399,0.127,0.144,1
"PIM1",0.271339622462609,-0.250768552126114,0.12,0.137,1
"RBM42",0.276285892394923,-0.295439280251927,0.099,0.114,1
"ARL8B",0.276294787103843,0.335005680260011,0.12,0.105,1
"AC009107.2",0.277653494630368,0.289881145348614,0.101,0.086,1
"TRIM26",0.280625054215257,0.319896828263542,0.101,0.087,1
"OSGEP",0.281744807398472,-0.251997006859225,0.143,0.158,1
"MCTP2",0.283996337378578,0.369170243867951,0.137,0.121,1
"SELENOS",0.28740290555182,-0.293391341777191,0.13,0.147,1
"CLSTN1",0.288889802633165,0.324455231804027,0.115,0.101,1
"GLG1",0.289775370740651,-0.25173154596076,0.211,0.229,1
"C1orf56",0.292063320551296,0.357157675243722,0.326,0.314,1
"ELOA",0.295836565738465,-0.269143210969324,0.132,0.148,1
"TNIP2",0.298341357577704,-0.360278973289254,0.108,0.122,1
"IGLC1",0.300724718942859,-0.821925360770387,0.316,0.334,1
"EIF2B1",0.301813638007478,0.444339168745966,0.122,0.109,1
"TATDN3",0.302661433028574,-0.339989042190949,0.103,0.117,1
"NUDT22",0.302941951271875,-0.272488574346247,0.112,0.127,1
"ZNF326",0.305486727345081,0.251744493787141,0.206,0.188,1
"NKAPD1",0.310681339479782,0.315699142057362,0.131,0.117,1
"HSF1",0.312391362197057,-0.258228654778283,0.106,0.12,1
"VPS4A",0.312846154240356,-0.251237066386013,0.094,0.108,1
"TMEM38B",0.312897073722096,0.339316621449267,0.136,0.122,1
"NEIL1",0.313431730288746,0.308278003574624,0.116,0.101,1
"LTN1",0.313852459426423,-0.29010812878512,0.087,0.1,1
"AC008124.1",0.314886465874105,0.317041662185504,0.11,0.097,1
"MAGOHB",0.316619919148248,0.360630727053755,0.122,0.108,1
"BOLA2",0.318928065031533,-0.323633729139508,0.094,0.108,1
"SPOCK2",0.320511759820909,0.265985097814666,0.167,0.152,1
"HNRNPH2",0.321973463008421,0.304049387683972,0.231,0.217,1
"ZNF639",0.33084228172362,0.272456734580976,0.182,0.165,1
"MMD",0.333499985688002,0.28041575577223,0.161,0.148,1
"MFSD14A",0.333527001937322,0.334194307729998,0.114,0.101,1
"NFATC2IP",0.335987407088339,-0.254580737348467,0.137,0.152,1
"TIMM17A",0.338258223709732,0.331893559193148,0.116,0.103,1
"CCDC82",0.341864325386541,0.296463832988506,0.173,0.157,1
"RIPK2",0.350455168686048,0.28209588140402,0.104,0.092,1
"MPPE1",0.353859980435773,-0.251920268763233,0.108,0.121,1
"CCDC88C",0.356873312318868,0.328035765335261,0.174,0.161,1
"ANAPC15",0.357576483252408,0.296666630354907,0.135,0.121,1
"CCL5",0.358851695061217,-0.3076817966566,0.15,0.165,1
"CSNK1D",0.360830295718493,0.250506600295268,0.194,0.18,1
"CCND2",0.362950499709536,-0.251963527986817,0.089,0.102,1
"CBWD1",0.364195264182363,-0.279809291455524,0.106,0.119,1
"MLX",0.365627145640773,-0.326054765866082,0.099,0.111,1
"TPRG1L",0.367061246297421,-0.267846878977138,0.093,0.105,1
"CUEDC2",0.368291391204778,-0.266186037921825,0.101,0.114,1
"CYP51A1",0.369818716852996,0.496919904244878,0.1,0.089,1
"MRPL27",0.370346880039394,0.366368047588503,0.115,0.103,1
"SNHG25",0.372479213475443,0.338900377187302,0.137,0.125,1
"SIAH1",0.378065364262472,0.391428443299227,0.112,0.102,1
"C1orf35",0.383197181100239,-0.271959181253991,0.088,0.1,1
"UHRF2",0.390785156223931,0.271818482795584,0.159,0.147,1
"SQLE",0.390909207658138,0.438807846741209,0.13,0.119,1
"PDXDC1",0.396193722267579,0.318471575816275,0.104,0.093,1
"RC3H2",0.397072072158484,0.272140672040652,0.152,0.14,1
"GRPEL1",0.401194008623156,-0.254098611723654,0.093,0.105,1
"ANAPC1",0.40552532594337,0.369446478961388,0.104,0.093,1
"AC005670.3",0.408075605849032,0.255981023345303,0.147,0.133,1
"TMEM170A",0.410442912424011,-0.252126603553222,0.125,0.137,1
"SMNDC1",0.415527021934886,0.369737776056583,0.185,0.176,1
"MED6",0.417699897070908,0.265215062373361,0.204,0.193,1
"ZNF101",0.420009622392993,0.293936670497082,0.161,0.149,1
"ZNF331",0.422181567662712,0.307344010795495,0.116,0.107,1
"RBM48",0.425327642262035,0.291120827531476,0.141,0.129,1
"JADE1",0.428858598760224,-0.250461538820854,0.117,0.129,1
"REV1",0.433939453834143,0.289869980700858,0.106,0.097,1
"AVL9",0.438325105158085,0.253297161013603,0.112,0.102,1
"SAR1B",0.445695993467663,0.356467705685949,0.13,0.12,1
"FAM76A",0.449779838184178,0.346643924124245,0.106,0.097,1
"VEZF1",0.453586855987151,0.300980405841784,0.129,0.119,1
"TGIF1",0.457943600079181,0.325958447342344,0.112,0.103,1
"RLIM",0.458442527948218,0.282576058241906,0.124,0.113,1
"IGLC3",0.464759847815391,-0.417132930978429,0.396,0.402,1
"FAM111B",0.468282186964814,0.335729741488776,0.174,0.167,1
"CCNB1IP1",0.469632981018334,0.373841964379544,0.206,0.196,1
"FNDC3A",0.470824313820631,-0.267579636270069,0.1,0.11,1
"ZNF267",0.47537836619276,0.256819873363563,0.146,0.134,1
"CLECL1",0.476662094317558,-0.267994204608178,0.133,0.144,1
"GARS",0.488132641487635,-0.269758711517114,0.091,0.1,1
"BEX2",0.493727027510936,0.266874738171642,0.172,0.163,1
"WDFY1",0.494748165483178,0.330115550410888,0.106,0.098,1
"LEPROTL1",0.495203569755304,0.392275196126864,0.133,0.125,1
"YDJC",0.50236247828658,0.29496143789207,0.138,0.13,1
"MAP3K8",0.5174358188763,0.303748704505925,0.26,0.259,1
"RAB1A",0.521375119726964,0.425351895007053,0.129,0.121,1
"CLTB",0.521780157144504,0.295385678714244,0.178,0.169,1
"IFI44L",0.521790745002691,-0.388653916891503,0.114,0.12,1
"HPS5",0.536457499992152,0.265025192975717,0.109,0.1,1
"HBA2",0.552609821371409,0.615046208424793,0.13,0.138,1
"USP6NL",0.553432998843427,0.266167678165819,0.229,0.224,1
"AL161781.2",0.561410376284826,0.432949479807075,0.119,0.112,1
"GNPTG",0.561664947871141,0.263508827142858,0.101,0.093,1
"PI4KB",0.563233783457,-0.377290404589031,0.095,0.102,1
"ATP11B",0.568855510895428,0.317011251977471,0.138,0.131,1
"MTR",0.576785155186252,-0.267983278152962,0.103,0.11,1
"UBXN2A",0.588049834638245,-0.269338829557785,0.105,0.112,1
"PLGRKT",0.621142124376423,0.270156165178355,0.129,0.123,1
"SDR39U1",0.640434377324011,0.302194167922732,0.13,0.123,1
"ATE1",0.656587144342467,0.389510300543258,0.101,0.098,1
"KIN",0.659438141031736,0.256207179110423,0.131,0.125,1
"MRPL1",0.673631342755669,0.304439701939195,0.147,0.144,1
"AL133342.1",0.678819096837464,0.261309630121909,0.101,0.097,1
"LRRC58",0.69437364070429,0.29706000240502,0.112,0.109,1
"POLR2M",0.727810482724145,0.303716662074329,0.155,0.15,1
"MBNL2",0.742865539477567,0.285647839733175,0.161,0.157,1
"GNA12",0.876009475005432,0.330182237848066,0.156,0.159,1
"ZNF431",0.917809548478315,0.350701117681758,0.194,0.198,1
