"Gene","p_val","avg_log2FC","pct.1","pct.2","p_val_adj"
"HLA-DRB1",3.865718161086e-46,0.686481911902112,0.99,0.982,1.41489150413909e-41
"FOSB",1.05188857680581e-42,-6.14574021499246,0.011,0.238,3.85001737996695e-38
"FKBP5",3.13791059641061e-34,-2.39096349792167,0.073,0.324,1.14850665739225e-29
"RPL37A",2.04666178715236e-29,0.27630413979508,0.999,1,7.49098680715635e-25
"HLA-DRA",1.60029950853419e-28,0.357494755113653,0.994,0.989,5.85725623118601e-24
"IGHA1",9.11499370465221e-28,-1.8763929540388,0.127,0.377,3.33617884583976e-23
"IGHD",6.17210088324091e-27,0.851123549982168,0.784,0.556,2.25905064427501e-22
"HLA-DPB1",2.53894380653654e-25,0.382692422066976,0.995,0.992,9.29278822630439e-21
"TXNIP",6.63684073255694e-25,-0.606789843021581,0.984,0.994,2.42915007652317e-20
"RPLP1",6.97570996517143e-25,-0.262851985821665,1,1,2.55317960435239e-20
"LINC01781",5.26096573865699e-24,-1.55710816080103,0.166,0.399,1.92556607000585e-19
"DDIT4",6.36238822248849e-24,-1.69391317800434,0.116,0.337,2.32869771331301e-19
"AC020916.1",1.59769916872258e-23,-4.47520893024785,0.012,0.15,5.84773872744152e-19
"ZFP36L2",1.86165538090015e-23,-0.750641765087163,0.739,0.905,6.81384485963264e-19
"HLA-DPA1",1.37227951921536e-22,0.393314955642935,0.989,0.99,5.02268026828013e-18
"CD74",1.73189133198188e-22,0.278996446488616,0.998,0.998,6.33889546418687e-18
"RPS14",1.53819063952592e-21,-0.258186408131698,1,1,5.62993155972883e-17
"HSPA8",3.79160828125318e-21,-0.96344254399865,0.355,0.604,1.38776654702148e-16
"WEE1",4.88946145353514e-21,-2.21432622540732,0.059,0.229,1.7895917866084e-16
"BCL7A",3.07688391520765e-20,1.38877763510747,0.473,0.267,1.12617028180515e-15
"HLA-DQB1",4.74535469747691e-20,0.531999107522971,0.957,0.929,1.73684727282352e-15
"ZBTB16",7.02393517703402e-20,-1.81477148732627,0.082,0.259,2.57083051414622e-15
"TMSB10",9.67060974440197e-20,0.318377759796432,1,0.998,3.53953987254856e-15
"CD83",2.06627973241468e-19,0.765283257401112,0.665,0.44,7.56279044861098e-15
"TCL1A",1.84666118937357e-18,0.650574352130681,0.664,0.382,6.75896461922619e-14
"MT-ND3",9.87830476627835e-18,0.297570260682291,0.994,1,3.61555832750554e-13
"MYADM",2.83965930559827e-17,-2.55698171769847,0.051,0.19,1.03934370244202e-12
"LGALS1",3.16310295373216e-17,-1.44809994625207,0.166,0.356,1.15772731209551e-12
"CRIP1",3.28253989297239e-17,-0.935332491386491,0.444,0.66,1.20144242622682e-12
"MIDN",6.6473314058228e-17,-2.09533052870504,0.074,0.225,2.4329897678452e-12
"AHNAK",3.37707380537077e-16,-0.84752011813123,0.339,0.564,1.23604278350375e-11
"BTG1",5.63291517671133e-16,0.368094609406781,0.996,0.99,2.06170328382811e-11
"VIM",7.82135453636216e-16,-0.711955567109558,0.618,0.77,2.86269397385391e-11
"DAAM1",3.47404970645088e-15,-1.33799224781457,0.131,0.303,1.27153693305809e-10
"MEF2C",4.13327218300845e-15,0.577723809358074,0.848,0.789,1.51281895170292e-10
"FOXP1",7.81033474866488e-15,0.587405781275423,0.842,0.784,2.85866062135883e-10
"H3F3B",9.55705522617459e-15,0.330127252255159,0.986,0.989,3.49797778333216e-10
"SELL",4.68290125493319e-14,0.738749164658275,0.654,0.536,1.7139886883181e-09
"MTRNR2L12",4.75391107516872e-14,0.422960440005024,0.977,0.966,1.7399789926225e-09
"ACTG1",4.89788379814274e-14,-0.446987172241351,0.721,0.857,1.79267444895822e-09
"FOS",6.20230270582691e-14,-3.16213375183204,0.137,0.279,2.27010481335971e-09
"TNFRSF13B",6.49332266990223e-14,-1.19143655746348,0.133,0.296,2.37662103041091e-09
"IGHA2",7.48123574383379e-14,-2.12385189269378,0.072,0.201,2.73820709460061e-09
"SOCS1",9.06822587277732e-14,-1.19667867036749,0.1,0.254,3.31906135169523e-09
"HLA-DMA",9.36962737361394e-14,0.571774164425128,0.841,0.76,3.42937731501644e-09
"IDS",1.27214239827421e-13,-1.15422870638766,0.265,0.444,4.65616839192343e-09
"SSPN",1.39652542560451e-13,-1.8948214809291,0.048,0.166,5.11142271025507e-09
"MT-ND2",5.03759942663161e-13,0.265315982041043,0.994,0.998,1.84381176614143e-08
"HIPK2",7.53316353964555e-13,-1.40699202977429,0.1,0.242,2.75721318714567e-08
"LMNA",9.15824555624562e-13,-2.98564304236436,0.019,0.106,3.35200945604146e-08
"BLK",1.50808991456021e-12,-0.730082100193888,0.313,0.51,5.51975989628182e-08
"SMDT1",1.53984758950632e-12,0.575504464506269,0.732,0.633,5.63599616235208e-08
"COCH",1.86284900873052e-12,-1.95872935109496,0.031,0.129,6.81821365685457e-08
"AFF3",6.05490211842888e-12,0.5664599339393,0.722,0.62,2.21615472436615e-07
"FTH1",1.12949820520923e-11,0.318607868964711,0.995,0.997,4.13407638088632e-07
"PRDM1",1.58850808478564e-11,-1.6472366105713,0.047,0.153,5.81409844112391e-07
"CLEC2D",1.97912018766964e-11,0.769376327246259,0.541,0.396,7.24377779888965e-07
"RNASE6",2.10210706403967e-11,-1.00268776239837,0.164,0.319,7.69392206509158e-07
"APLP2",2.8240611880182e-11,0.905744867956753,0.433,0.287,1.03363463542654e-06
"CDKN1A",3.06296478754968e-11,-1.9339009018241,0.046,0.147,1.12107574189106e-06
"CFLAR",3.41583912293837e-11,-0.781229395856948,0.284,0.454,1.25023127738667e-06
"IGHG1",4.19556676482709e-11,1.67276897686824,0.108,0.245,1.53561939159436e-06
"NPM1",4.53618816821262e-11,-0.277968337463124,0.936,0.984,1.6602902314475e-06
"PLPP5",7.33077041698527e-11,0.711084918225332,0.564,0.417,2.68313528032078e-06
"SESN1",9.84862699904409e-11,-1.02771721882192,0.138,0.28,3.60469596792013e-06
"S100A10",1.00774467534829e-10,-0.912262129562798,0.354,0.517,3.68844628624226e-06
"AIM2",1.41799635855644e-10,-0.948878747240153,0.094,0.217,5.19000847195242e-06
"LIME1",1.63501416614778e-10,-1.46639858662228,0.079,0.192,5.98431534951748e-06
"FAM111B",2.27894954405051e-10,2.10871225304987,0.174,0.066,8.34118322617928e-06
"ADGRE5",2.70956628541179e-10,-1.23780917449087,0.111,0.237,9.9172835612357e-06
"IGHG2",2.82569124170049e-10,-1.32873345842336,0.064,0.171,1.0342312513748e-05
"PPP1R15A",2.85786228407948e-10,-1.52397858305399,0.261,0.393,1.04600617459593e-05
"RPS26",3.3127878917324e-10,0.634902776953409,0.87,0.873,1.21251349625298e-05
"LINC00926",3.59752845031115e-10,0.551397707093167,0.771,0.728,1.31673138809839e-05
"DUSP2",5.33099790040353e-10,-1.65216919533459,0.082,0.19,1.95119854152669e-05
"COTL1",5.55332197859133e-10,-0.458727373669214,0.454,0.636,2.03257137738421e-05
"CLECL1",5.95555024226969e-10,-1.02248605236377,0.133,0.267,2.17979094417313e-05
"RGS1",6.49067706744489e-10,-2.04700014376093,0.052,0.147,2.3756527134555e-05
"GAPDH",6.99547004617065e-10,-0.538773538007528,0.597,0.72,2.56041199159892e-05
"YBX3",9.18011491566393e-10,0.45254694960058,0.587,0.417,3.36001386028216e-05
"TAGAP",9.90421268147972e-10,0.783904337919745,0.567,0.465,3.62504088354839e-05
"TSTD1",1.1598840020035e-09,0.680233615300479,0.616,0.527,4.245291435733e-05
"CD69",1.16200827875729e-09,0.37701027824517,0.667,0.515,4.25306650107958e-05
"MTRNR2L1",1.21215587096435e-09,-0.774193966856075,0.136,0.274,4.43661170331661e-05
"C16orf54",1.23303967744743e-09,-1.14013897511097,0.105,0.221,4.51304852342535e-05
"ELL2",1.43116804418256e-09,-1.61279995466878,0.054,0.15,5.2382181585126e-05
"KLF10",1.77370369841517e-09,-1.47826839140757,0.059,0.156,6.49193290656937e-05
"VOPP1",1.97318859231958e-09,-0.741149793485753,0.19,0.34,7.22206756674891e-05
"TUBB6",2.20391775324908e-09,-1.82240135029275,0.026,0.101,8.06655936866696e-05
"PTGES3",2.253797630744e-09,-0.433630395905233,0.482,0.659,8.24912470828611e-05
"PTPN18",2.73341078904258e-09,-0.945160048057404,0.137,0.266,0.000100045568289747
"CXCR4",2.85334166495755e-09,0.329358172097224,0.947,0.945,0.000104435158279111
"TOR3A",3.21218112802469e-09,-0.907634938160281,0.091,0.205,0.000117569041466832
"TMEM123",3.36171690455653e-09,0.635779663489382,0.598,0.501,0.000123042200423674
"ANXA2",4.10629863364423e-09,-0.666488048269804,0.177,0.314,0.000150294636290012
"VASP",4.36791563717449e-09,-0.644545579858408,0.265,0.422,0.000159870080236224
"TLE1",6.54872880423421e-09,-0.47114618034328,0.379,0.562,0.000239690022963776
"TMEM238",7.00371347956967e-09,-0.857793932307059,0.115,0.232,0.000256342917065729
"H1FX",7.69087715138051e-09,0.760876027653454,0.48,0.346,0.000281493794617678
"RILPL2",1.00643082020884e-08,-0.71491183797178,0.127,0.251,0.000368363744504637
"CRIP2",1.09118677596352e-08,-1.88962876162029,0.058,0.147,0.000399385271870406
"SAMSN1",1.19320731048553e-08,-1.08167345816501,0.085,0.19,0.000436725807710809
"SRGN",1.21157704315659e-08,-1.10040447898922,0.204,0.332,0.000443449313565742
"CASP8",1.42268992973809e-08,-0.77814815374058,0.137,0.262,0.000520718741183438
"MARCKS",1.56445116566513e-08,-0.506084309814384,0.429,0.581,0.000572604771145095
"ARL4A",1.83248787646389e-08,-0.832294258780447,0.203,0.337,0.000670708887664548
"IFT57",2.34953814444641e-08,-0.516065041729962,0.379,0.546,0.000859954456248832
"FAM102A",2.40411914720224e-08,-1.04175260193592,0.115,0.225,0.000879931649067492
"SNHG16",2.5004363235325e-08,-0.634359987235953,0.225,0.374,0.00091518469877613
"FCER2",2.51978367675516e-08,0.676146775288374,0.503,0.383,0.000922266023529155
"CIRBP",2.7269704110196e-08,0.326222136183523,0.91,0.908,0.000998098440137283
"RTN4",3.18611744563966e-08,-0.695248038314179,0.174,0.308,0.00116615084627857
"SMARCB1",3.6179824521147e-08,-0.590133086049087,0.307,0.454,0.0013242177572985
"PLP2",4.38652685975484e-08,-0.52117966524509,0.352,0.509,0.00160551269593887
"GPR183",4.80342772321701e-08,-0.54767159471746,0.339,0.493,0.00175810258097466
"CSGALNACT1",5.67469830025696e-08,-0.997641286592696,0.094,0.196,0.00207699632487705
"CD27",5.75916726678259e-08,-0.862441922479064,0.106,0.213,0.0021079128113151
"TLE3",7.04852155728991e-08,-0.891150427587054,0.091,0.193,0.00257982937518368
"IGHG4",9.00706901177498e-08,-2.56623044912162,0.063,0.15,0.00329667732899976
"NEAT1",9.82864646406963e-08,-0.498270656040033,0.438,0.588,0.00359738289231413
"BHLHE41",9.90749875941506e-08,-1.26470745358124,0.042,0.118,0.00362624362093351
"AKAP13",1.02966270734534e-07,-0.406716271177446,0.482,0.651,0.00376866847515469
"SH3GLB2",1.04980574719949e-07,-0.9196345834705,0.089,0.188,0.00384239401532484
"SARAF",1.29758772227214e-07,0.412903780847665,0.795,0.775,0.00474930082228827
"S100A4",1.3027869462773e-07,-0.74304142816182,0.388,0.507,0.00476833050206954
"CCDC107",1.36407397948156e-07,-0.6497098833499,0.133,0.25,0.00499264717230045
"LINC01578",1.48964993299126e-07,0.400854374901825,0.808,0.805,0.0054522677197413
"GSPT1",1.56738632555e-07,-0.667662831761945,0.159,0.28,0.00573679069014556
"RAD50",1.73006180874573e-07,-0.741103281539516,0.116,0.222,0.00633219922619025
"NUP210",1.79315325922665e-07,-0.841165398882591,0.104,0.206,0.00656312024409548
"PPBP",1.82281986424017e-07,0.892987204324342,0.333,0.224,0.00667170298510545
"ELOA",2.31216663237837e-07,-0.906171825519867,0.132,0.238,0.00846276109116807
"IFI44L",2.40368371501386e-07,1.85326678451468,0.114,0.039,0.00879772276532222
"TUBB",2.41286677937891e-07,-0.768875284009626,0.166,0.285,0.00883133369920474
"ITGB2",2.5326504963411e-07,-0.624119587677746,0.232,0.366,0.00926975408165804
"ATP1B3",2.68383386937089e-07,-0.944900000861288,0.115,0.217,0.00982310034528439
"OSBPL10",2.73783833335385e-07,-0.556302156552301,0.218,0.349,0.0100207620839084
"HAGHL",2.8556349130406e-07,-1.28085718260147,0.053,0.13,0.0104519093452199
"POU2AF1",3.33546881791917e-07,-0.538995710068916,0.256,0.398,0.012208149420466
"HSPD1",3.49116336583486e-07,-0.571936124509598,0.216,0.346,0.0127780070352922
"DOCK10",3.6654305643594e-07,-0.620893652444926,0.129,0.238,0.0134158424086118
"AL121944.1",3.90169366943111e-07,-0.961571463315954,0.08,0.171,0.0142805889994848
"TIPARP",4.03690831550174e-07,-1.38727361540048,0.041,0.111,0.0147754881255679
"AC044849.1",4.18985936589594e-07,-1.126475303713,0.069,0.153,0.0153353042651157
"TXNDC5",4.24420192516619e-07,-0.561535868043821,0.152,0.259,0.0155342034663008
"PF4",4.33676217434939e-07,1.03218873151983,0.236,0.135,0.0158729832343362
"TXN",4.37890207595003e-07,-0.635551278767526,0.215,0.338,0.0160272194881847
"NUFIP2",4.52453687565941e-07,-0.573555959660299,0.203,0.332,0.016560257418601
"FCRL3",4.55433238640532e-07,1.1250549581927,0.229,0.129,0.0166693119674821
"TFEB",4.65784534950687e-07,-0.894533061452623,0.121,0.222,0.0170481797637301
"CTSH",4.67425473398896e-07,-0.373561021236288,0.337,0.494,0.017108239751873
"CRYBG1",4.68058300121632e-07,-0.67127550889103,0.129,0.238,0.0171314018427519
"SNHG29",4.97360303415554e-07,-0.264501969257016,0.836,0.892,0.0182038844653127
"SYNRG",5.21419411247886e-07,-0.576466054777403,0.195,0.324,0.0190844718710839
"EVI2B",5.25839528920477e-07,-0.369839346474619,0.664,0.789,0.0192462525980184
"HLA-DMB",5.30800767281804e-07,0.430855879491872,0.712,0.673,0.0194278388832813
"CSRNP1",5.68279140076206e-07,-1.2444247183684,0.082,0.167,0.0207995848059292
"TKT",5.69303100212339e-07,-0.524702569383347,0.293,0.432,0.0208370627708718
"GLRX",6.01508997807747e-07,-0.808362031495055,0.119,0.219,0.0220158308287613
"CBFA2T3",6.09554026471931e-07,-1.07449471630117,0.075,0.161,0.0223102869228992
"HIGD2A",6.12273649580819e-07,-0.338895987489756,0.45,0.602,0.0224098278483076
"ZNF331",6.93830210523474e-07,-1.3611540701549,0.116,0.213,0.0253948795353697
"XRRA1",7.27006839897118e-07,-0.897840671233612,0.075,0.163,0.0266091773470744
"ARL6IP5",7.37735179359891e-07,-0.386190759848767,0.478,0.628,0.0270018452997514
"SNX17",7.52135024991649e-07,-0.431454258334078,0.163,0.287,0.0275288940497193
"NCF1",9.00137961540612e-07,0.451547114141387,0.651,0.589,0.0329459495303479
"PPP4C",9.89091543567229e-07,-0.541028284781999,0.193,0.319,0.0362017395861041
"PLCG2",1.01100222687227e-06,0.530546620903132,0.635,0.593,0.0370036925057518
"SRSF2",1.07134635792592e-06,-0.480330589570392,0.426,0.564,0.0392123480464467
"BACH2",1.07418533378019e-06,0.793867961598144,0.371,0.266,0.0393162574016887
"MTPN",1.07768908289271e-06,0.394414736891444,0.802,0.789,0.0394444981229561
"TP53INP1",1.13551823608557e-06,-0.635974322332837,0.368,0.501,0.0415611029589679
"NDUFC2",1.13775745981154e-06,-0.454771752318046,0.29,0.435,0.0416430607865623
"ARL2",1.20514946764269e-06,-0.977226297808545,0.091,0.179,0.0441096756651901
"MPHOSPH9",1.27893834530006e-06,-0.930910424882221,0.049,0.121,0.0468104223763276
"NR4A1",1.39183988753084e-06,-1.56464921480818,0.04,0.105,0.0509427317235163
"DYNLL1",1.52499899908876e-06,-0.473543410014108,0.236,0.366,0.0558164883656476
"MICU2",1.78982909078548e-06,-0.550836730642139,0.15,0.259,0.0655095345518394
"PLEKHJ1",1.8038218862851e-06,-0.49326328564406,0.224,0.349,0.0660216848599209
"GADD45B",1.81018951684323e-06,-0.994156637546465,0.126,0.221,0.066254746505979
"IL4R",1.89319984581707e-06,0.501782455013107,0.409,0.288,0.0692930075567507
"TOB1",1.956755356955e-06,-1.35904886094105,0.056,0.126,0.0716192028199099
"HSPH1",2.27759138334753e-06,-0.855178608950155,0.088,0.172,0.0833621222219028
"PBXIP1",2.2858084706698e-06,-0.638003515738305,0.13,0.232,0.0836628758349854
"PVT1",2.29547074350477e-06,-1.03052085024047,0.072,0.15,0.084016524683018
"RAC2",2.39117067981991e-06,-0.349877233409704,0.553,0.688,0.0875192380520886
"LDHB",2.49964818503605e-06,-0.373666723673144,0.357,0.507,0.0914896232205046
"PITHD1",2.58741881557014e-06,-0.570203309871945,0.145,0.248,0.0947021160686825
"SLC3A2",2.6351148187675e-06,-0.65261360101632,0.135,0.233,0.0964478374817092
"ITGB7",2.72531383699393e-06,-0.844945312430223,0.111,0.201,0.099749211747815
"ANXA7",2.86568161473284e-06,-0.465944757947026,0.226,0.349,0.104886812780837
"MIR29B2CHG",3.08372004987253e-06,-0.880334693438185,0.101,0.19,0.112867237545384
"NR4A2",3.35212319980765e-06,-1.426015556962,0.132,0.219,0.12269106123616
"POLR3K",3.46905503101912e-06,-0.859377659510459,0.064,0.14,0.126970883190331
"RHOH",3.70145679178805e-06,0.623543359843961,0.498,0.425,0.135477020036235
"TSC22D3",3.9490134906499e-06,-0.31591003516446,0.92,0.955,0.144537842771277
"CAVIN2",4.19301081454065e-06,2.18247741706189,0.14,0.068,0.153468388823002
"NUDT5",4.74472964821251e-06,-0.670721505739349,0.112,0.205,0.173661849854226
"DSTN",4.75962472954462e-06,-0.650550063346875,0.103,0.192,0.174207024726063
"ANXA5",4.83580947371663e-06,-0.450568030842063,0.221,0.341,0.176995462547502
"PRXL2C",5.07231596521985e-06,-0.639517675448123,0.094,0.18,0.185651836643012
"TUBB4B",5.22644356291113e-06,-0.877502492747967,0.14,0.233,0.19129306084611
"S100A6",5.94989371559864e-06,-0.528195997763281,0.57,0.665,0.217772059884626
"AC007952.4",6.5208178861353e-06,-1.16209371622156,0.079,0.155,0.238668455450438
"PABPC4",6.59022970163751e-06,-0.552323300553665,0.213,0.324,0.241208997309634
"SELENOM",6.72477392702065e-06,-0.537342963758328,0.091,0.177,0.246133450502883
"ITM2C",6.75684851589899e-06,-0.934592818144622,0.105,0.19,0.247307412530419
"CTSC",6.77065173024994e-06,-0.689420852370748,0.088,0.167,0.247812623978878
"MAZ",6.83999054514056e-06,-0.534874116307028,0.174,0.282,0.25035049394269
"EFHD2",7.3960643507259e-06,-0.579116944446909,0.161,0.266,0.270703351300919
"SLC25A3",8.08379443092357e-06,-0.317201863385456,0.53,0.665,0.295874959966234
"TXLNG",8.20410906724142e-06,-0.784773616569894,0.089,0.169,0.300278595970103
"RAB11FIP1",8.35064234992147e-06,-0.668772008802012,0.206,0.314,0.305641860649476
"GSTK1",8.61037900524492e-06,-0.60458587677694,0.282,0.404,0.315148481970969
"SYVN1",9.17499980535045e-06,-0.671103080911211,0.085,0.164,0.335814167875632
"LY96",9.42667714351906e-06,-0.917405100429116,0.056,0.122,0.345025810129941
"ITPR1",1.00685718193731e-05,0.463519672025251,0.511,0.412,0.368519797160873
"AC243960.1",1.00879576373215e-05,-0.721637529888054,0.117,0.208,0.369229337483604
"ACP5",1.01248351751698e-05,-1.07522148901819,0.07,0.142,0.37057909224639
"AFTPH",1.0174394506943e-05,-0.450479817765611,0.19,0.3,0.37239301334862
"TLE5",1.02699392308495e-05,0.30995348307905,0.824,0.784,0.375890045788324
"PAX5",1.03546196097987e-05,0.481793520065068,0.575,0.494,0.378989432338244
"CD44",1.06337633120269e-05,-0.375848991237046,0.455,0.581,0.389206370983497
"DANCR",1.067876017835e-05,-0.414329973897792,0.203,0.32,0.390853301287788
"CAPN2",1.12540399026641e-05,-0.694422240847547,0.126,0.216,0.411909114477409
"IFI27L2",1.13400698616008e-05,-0.475294634189679,0.208,0.32,0.415057897004451
"BCL2A1",1.14720589741828e-05,-0.524916140039685,0.15,0.248,0.419888830514066
"FKBP11",1.16651917003472e-05,-0.614919007730197,0.09,0.169,0.426957681424408
"VPREB3",1.21542310799293e-05,0.565280313284761,0.59,0.514,0.444857011756494
"PRDX4",1.23143385639185e-05,-0.826833845836724,0.057,0.124,0.45071710577798
"RNF168",1.36986971910498e-05,-0.50305048493555,0.079,0.156,0.501386015889615
"RAP2B",1.49361246576714e-05,-0.488978641023874,0.114,0.201,0.546677098595432
"TOB2",1.52636746423311e-05,-0.900272727465344,0.068,0.138,0.558665755583959
"METTL7A",1.54037937373732e-05,-0.327114347316922,0.178,0.29,0.563794254581598
"THEMIS2",1.54645504547963e-05,-0.778065692692275,0.095,0.174,0.566018011195999
"DBI",1.54659364721488e-05,0.555122154618682,0.58,0.53,0.566068740817118
"AL662844.4",1.56308859774104e-05,-0.659583253729398,0.142,0.233,0.572106057659198
"APOBEC3G",1.66785569295923e-05,-0.437154374373378,0.171,0.277,0.610451862180008
"LYPLA2",1.68378128295033e-05,-1.12824570066674,0.059,0.124,0.616280787372651
"ANTKMT",1.70117655554518e-05,-0.463835858620571,0.171,0.272,0.622647631095091
"TSPAN13",1.7169027013247e-05,0.768649187648171,0.319,0.232,0.628403557711854
"RNF19A",1.75097503475018e-05,-0.44092863609266,0.276,0.395,0.640874372468915
"HMGN2",1.76297964568682e-05,0.368477554332718,0.776,0.773,0.645268180117833
"PHF6",1.81270906499469e-05,-0.66765563326321,0.142,0.232,0.663469644878708
"CDC42EP3",1.86555122773803e-05,-0.786294299618589,0.069,0.138,0.682810404864395
"FBXW5",1.89470982576428e-05,-0.509675611577282,0.103,0.185,0.693482743327985
"TXNDC12",2.00232263151886e-05,-0.568103622063855,0.126,0.214,0.732870106362217
"SMAP2",2.01180923618915e-05,-0.264421891598808,0.803,0.907,0.73634229853759
"AHSA1",2.03774479540741e-05,-0.657645742422591,0.114,0.198,0.745834972567065
"ACAP1",2.04556939239991e-05,-0.398245537855287,0.297,0.428,0.748698853312292
"KDELR1",2.05318555252924e-05,-0.478586623602581,0.152,0.251,0.751486444081228
"DHPS",2.06143767705344e-05,-0.550222273927844,0.129,0.219,0.754506804178329
"PET100",2.06849256243936e-05,0.550054985034396,0.54,0.48,0.75708896277843
"ACO2",2.13257738924063e-05,-0.57186923435815,0.121,0.209,0.780544650235963
"ITPA",2.18256334527747e-05,-0.595321216517249,0.127,0.217,0.798840010005008
"HPCAL1",2.19684385243348e-05,-0.399957136112,0.089,0.169,0.804066818429179
"CD99",2.26815502992582e-05,-0.314452555832954,0.337,0.467,0.830167422503151
"IFI30",2.33712946090728e-05,-0.603777650895572,0.145,0.238,0.855412753986673
"TUBA1B",2.37849844508091e-05,-0.594800159556016,0.302,0.424,0.870554215884065
"SLC2A4RG",2.37931137091325e-05,-0.867055904028457,0.047,0.106,0.870851754867958
"NFKBID",2.40764134874765e-05,0.716813502685396,0.351,0.267,0.881220810055126
"CDC42SE2",2.43586158531267e-05,-0.275193082883041,0.538,0.691,0.89154969884029
"PRKAR2A",2.48259175210065e-05,-0.664222537154307,0.093,0.171,0.908653407186357
"LY86-AS1",2.49839702359985e-05,-1.07123936027194,0.049,0.11,0.914438294607781
"SAT2",2.51459623624435e-05,-0.458226430454944,0.155,0.254,0.920367368427793
"PHAX",2.51687779352291e-05,-0.651559273512074,0.129,0.216,0.92120244120732
"ZNF891",2.67078878960021e-05,-1.15320442199572,0.044,0.101,0.977535404881571
"CCND3",2.73653312653353e-05,-0.344643226001872,0.367,0.504,1
"GCLC",2.7382764562024e-05,-1.21100834161399,0.046,0.103,1
"CEP63",2.76478097514233e-05,-0.442723783867163,0.074,0.147,1
"RNH1",2.7800522772754e-05,-0.435197329201524,0.231,0.348,1
"NME4",2.93375702225942e-05,-0.528205588656026,0.098,0.179,1
"EMD",2.94238460240943e-05,-0.291249662325878,0.164,0.266,1
"ARHGAP45",2.97339826631124e-05,-0.350904423449566,0.197,0.309,1
"TARS",3.07748496534061e-05,-0.959001877581695,0.054,0.116,1
"LMO4",3.11765456770897e-05,-0.825128999443812,0.106,0.185,1
"RGS19",3.13369112022511e-05,-0.359748616519872,0.222,0.335,1
"EIF4A3",3.18732420358526e-05,-0.62981575696721,0.084,0.158,1
"DESI1",3.18886457562436e-05,-0.744831343815681,0.085,0.159,1
"PTPN12",3.22140374751782e-05,-0.690438648336209,0.094,0.171,1
"IQGAP2",3.29372355964072e-05,-1.0140957673907,0.062,0.126,1
"ZFAND5",3.32051682012367e-05,-0.528162513248105,0.187,0.287,1
"KDM6B",3.49435012933452e-05,-0.97047308978346,0.155,0.242,1
"DUT",3.50325247766685e-05,-0.422526057284556,0.255,0.369,1
"CD86",3.55078493255991e-05,-0.877948892500313,0.07,0.138,1
"CCDC97",3.56201836395534e-05,-0.791993119692695,0.063,0.129,1
"FAM107B",3.64929391134483e-05,0.40728976412737,0.66,0.626,1
"CD82",3.65962707228084e-05,-0.524531162113243,0.198,0.3,1
"CPNE5",3.66146359032662e-05,-0.446913560307051,0.187,0.291,1
"POLR2H",3.6682706173869e-05,-0.636688170360999,0.093,0.169,1
"MFNG",3.76676967126703e-05,-0.631734221220643,0.101,0.179,1
"CD46",3.82757133623597e-05,-0.414643614106889,0.174,0.275,1
"TBC1D9",3.87918442963116e-05,-0.518937974428347,0.163,0.258,1
"BTG2",3.93065816226921e-05,0.289114558616569,0.692,0.61,1
"HIPK1",3.94292778043707e-05,-0.691293530415521,0.079,0.15,1
"HNRNPUL1",4.09025956275895e-05,-0.36740954768341,0.295,0.419,1
"CLEC2B",4.27957155598519e-05,0.670227441243866,0.388,0.301,1
"MDM4",4.58975022239898e-05,0.514596541350707,0.598,0.552,1
"JCHAIN",4.62252852465928e-05,-1.19226480703846,0.407,0.504,1
"KIAA2013",4.80030471899252e-05,-0.799971834986063,0.088,0.159,1
"HOPX",4.87466949513431e-05,-1.04222119254849,0.075,0.142,1
"PSMF1",4.94908686240017e-05,-0.589615825764153,0.138,0.23,1
"LINC01184",5.07778382307332e-05,-0.634955504380031,0.093,0.166,1
"ANAPC16",5.14494978843699e-05,-0.260052794644867,0.739,0.847,1
"CKAP4",5.26369318547955e-05,-1.02783295857191,0.073,0.137,1
"HIF1A",5.48237406209953e-05,0.575934719340927,0.404,0.329,1
"CALHM6",5.51453519356522e-05,0.455668817830257,0.595,0.53,1
"CSNK1G2",5.65613653858902e-05,-0.405212258559061,0.161,0.253,1
"HAX1",5.76593483111277e-05,-0.276041328823952,0.204,0.312,1
"NOP56",5.84058746102197e-05,-0.463323238857581,0.19,0.288,1
"MAP4K1",5.87555851520939e-05,-0.811934843380951,0.082,0.15,1
"POP5",5.96814361880063e-05,-0.496072256784716,0.119,0.203,1
"TEX9",6.00932557790335e-05,-1.33238480067246,0.049,0.105,1
"UBA5",6.06186985063768e-05,-0.888402811290298,0.074,0.14,1
"EGLN1",6.11178287190727e-05,-0.675067506882618,0.08,0.15,1
"NCOR1",6.24403035272138e-05,-0.251816785009938,0.277,0.401,1
"GTPBP1",6.27593775077985e-05,-0.603554313107354,0.07,0.137,1
"BTN3A2",6.52690862574488e-05,-0.494767266898676,0.108,0.185,1
"SUPT5H",6.58419958810276e-05,-0.692980762636958,0.142,0.225,1
"SCIMP",6.64088710718813e-05,-0.508313032495131,0.155,0.242,1
"MPHOSPH10",6.89361682763498e-05,-0.403698522221644,0.169,0.264,1
"RASSF3",6.91878094375549e-05,-0.59609653330975,0.111,0.188,1
"IGLC2",6.92156234632945e-05,0.477746673476523,0.514,0.44,1
"FCGR2B",7.1317749213128e-05,-0.418352820309046,0.219,0.324,1
"RSRP1",7.17451517299022e-05,-0.353867630220338,0.414,0.546,1
"ANP32B",7.24271117101166e-05,-0.26971687916668,0.6,0.725,1
"LMAN2",7.31042820641945e-05,-0.634776784296393,0.187,0.282,1
"ALKBH7",7.48910644007381e-05,-0.301950055468927,0.288,0.411,1
"MRPS6",7.98855883843289e-05,-0.386240607243904,0.157,0.248,1
"FAM49A",8.09002565906402e-05,-0.596043123996665,0.091,0.164,1
"KLF6",8.41745605672435e-05,-0.794469033864257,0.639,0.696,1
"SND1",8.41824461611512e-05,-0.435501303366759,0.111,0.19,1
"SPAG9",8.62139774682477e-05,-0.485649550788482,0.096,0.169,1
"TLR10",8.67497517632493e-05,-0.627805957136544,0.141,0.222,1
"PYCARD",8.93475727902339e-05,-0.580572026112363,0.182,0.274,1
"CITED2",9.09142685961704e-05,-0.832506891237898,0.066,0.127,1
"FLNA",9.17815279866566e-05,-0.379395810087705,0.269,0.383,1
"PPWD1",9.19213912839966e-05,-0.564522318471537,0.079,0.147,1
"CCDC124",9.22525796839228e-05,-0.489100790018007,0.095,0.169,1
"PTPN1",9.22956696822255e-05,-0.368217066200211,0.32,0.441,1
"PTGER4",9.32565981513668e-05,-0.900695030142329,0.054,0.111,1
"HSPE1",9.81418202759823e-05,-0.279190531753665,0.386,0.519,1
"CYSLTR1",9.94053930527017e-05,-0.474555720757036,0.157,0.245,1
"ATP1A1",0.000103137216229354,-0.726974398751039,0.106,0.179,1
"MOB3A",0.000103582531291372,-0.449686912723957,0.166,0.258,1
"SLC39A3",0.000104657195985669,-0.507405069323971,0.088,0.159,1
"TEX264",0.000104950134944494,-0.451462654409091,0.125,0.206,1
"MED30",0.000108076021991178,0.777126356539204,0.321,0.253,1
"MCM3",0.000109662245624421,-0.744659177361822,0.051,0.106,1
"MT-ND4L",0.000112947565115709,0.325618587360626,0.789,0.799,1
"CBWD5",0.000114025423825245,-0.606969597652693,0.095,0.166,1
"DNTTIP2",0.000115777776490399,-0.340764408457876,0.247,0.354,1
"PRDX1",0.00011593818105275,-0.374466429097356,0.29,0.406,1
"PSMB2",0.000118135996994408,-0.443097361798911,0.152,0.24,1
"NAPG",0.000120018226720022,-0.50245155107658,0.072,0.135,1
"PHB2",0.000120248014581193,-0.301140528513828,0.333,0.456,1
"IGLC1",0.000122157368209746,-0.597818783140373,0.316,0.219,1
"CISD1",0.000122537463009278,-0.930886259824866,0.049,0.103,1
"ATP6V0B",0.00012288998216978,-0.4299867815457,0.244,0.343,1
"SLC25A38",0.000124025131789106,-0.8557440123173,0.057,0.114,1
"MDFIC",0.000125032093080498,-0.478155975835247,0.141,0.225,1
"SDHAF3",0.000125746591318955,-0.451796576100591,0.099,0.172,1
"CD63",0.000130735552162405,-0.296599674948496,0.255,0.369,1
"IFNAR1",0.000133103590008493,0.579827070371784,0.344,0.269,1
"COX7A2L",0.000134523553010587,-0.262580434944429,0.396,0.53,1
"TMEM70",0.000135242906928645,-0.852891065037257,0.062,0.121,1
"LPCAT1",0.000135334892257878,-0.906396094437301,0.059,0.116,1
"HCST",0.000136850484071374,-0.64535237690958,0.127,0.203,1
"LAMTOR2",0.000137573650824985,-0.396505731982853,0.163,0.254,1
"IL16",0.000138476255530706,-0.388866610837695,0.226,0.325,1
"MACROD2",0.000139846467030565,0.961059293663709,0.126,0.066,1
"SRPRB",0.000146439929406917,-1.10090131323918,0.051,0.103,1
"PA2G4",0.000148202735593402,-0.393891778259912,0.26,0.37,1
"CASC4",0.000148518152039274,-0.378900494430061,0.204,0.304,1
"ZBTB10",0.000150854570633084,0.769616644342455,0.246,0.172,1
"REEP5",0.000151092975779062,-0.343931965038075,0.266,0.377,1
"RHOF",0.000152310055493011,-0.61526700977975,0.132,0.211,1
"SSR2",0.000157010080191026,-0.29551530258117,0.59,0.697,1
"NTPCR",0.000158552243891754,-0.862023732826719,0.052,0.106,1
"TERF2",0.00015952661036347,-0.629284809645754,0.122,0.198,1
"PMVK",0.000160283156240989,-0.528668043953962,0.083,0.15,1
"NASP",0.000162995837526468,-0.345098381503727,0.255,0.364,1
"STAG3",0.000164244139750808,-0.690914076525525,0.143,0.221,1
"FABP5",0.000164524023547922,-0.594847640959145,0.087,0.153,1
"COMT",0.000168208025967704,-0.627021365709951,0.093,0.163,1
"CDK4",0.000169742028741285,-0.905830659604414,0.061,0.118,1
"MFSD1",0.000175419334057188,-0.454735498050038,0.074,0.137,1
"HLA-DOA",0.000177553363248908,0.676333976618498,0.25,0.172,1
"AUP1",0.00017783155846171,-0.436479452130178,0.185,0.275,1
"PDE4B",0.000179626902999587,0.577980313100277,0.519,0.491,1
"ATP6V0D1",0.000182308935942069,-0.474476099593059,0.119,0.195,1
"ATP5MC3",0.000182511320232229,-0.286485304380924,0.428,0.554,1
"ZBTB1",0.000182558165287342,-0.494528605145087,0.221,0.316,1
"MGAT4A",0.000186494820676868,-0.714188922107363,0.077,0.138,1
"UBE2S",0.000186664038283496,-0.740110294777765,0.098,0.166,1
"MED16",0.000187245052077051,-0.410435145278012,0.051,0.105,1
"DAXX",0.000196605230447762,-0.625839506452245,0.103,0.174,1
"MRPS5",0.000209943736668836,-0.364695704285107,0.126,0.205,1
"TMED5",0.000211872374303424,-0.452639039660958,0.135,0.214,1
"SIT1",0.000212954429295265,-0.78987303629974,0.053,0.106,1
"EVI2A",0.000215619547462189,-0.66941998428419,0.089,0.155,1
"F8A1",0.0002169789784998,-0.421077669463093,0.08,0.145,1
"HLA-DOB",0.000221996185625405,0.448169714118766,0.428,0.354,1
"SIGIRR",0.000222299410140195,-0.581672997637735,0.109,0.179,1
"ZNF622",0.000223805986145868,-0.447099950839946,0.108,0.18,1
"HMGA1",0.000224093468499711,-0.314110362228929,0.18,0.274,1
"ASCC1",0.000241679425782398,-0.94084269280324,0.052,0.103,1
"FBXW7",0.000252996793317929,-0.422022068358872,0.167,0.251,1
"EAF2",0.000254310224405993,0.437822623587765,0.529,0.461,1
"KIAA0586",0.000255579810791794,-0.662997190864685,0.082,0.143,1
"GNL1",0.000260246829716317,-0.466240104875402,0.087,0.153,1
"HIKESHI",0.000265387911167585,-0.504927213722414,0.12,0.193,1
"CARD8-AS1",0.000269435550737756,-0.541004857437819,0.059,0.114,1
"TRIM52",0.00027192258908131,-0.648750194683177,0.08,0.142,1
"HDGFL2",0.000274586161653068,-0.504416713623573,0.064,0.122,1
"C12orf10",0.000282417803428976,-0.430002226014445,0.115,0.19,1
"PRPSAP1",0.00028308206157977,-0.51001936967517,0.082,0.145,1
"ZC3H14",0.000283433472615672,-0.665012150923026,0.063,0.119,1
"PPP1R8",0.000295412126012977,-0.790960860097375,0.049,0.1,1
"SELENOS",0.000303115688036782,-0.601073129871631,0.13,0.203,1
"CTSD",0.000307993296255143,-0.610497641258271,0.058,0.113,1
"CEBPB",0.000316705637048788,-0.548943241277108,0.159,0.238,1
"PPIE",0.000319206878127262,-0.431218943761157,0.098,0.166,1
"ZBTB38",0.000339317654512027,-0.430393125085107,0.143,0.221,1
"PSMA5",0.000341379613221855,-0.345927450561354,0.155,0.237,1
"CMC1",0.000343458938924914,-0.470634642194751,0.062,0.118,1
"TMEM156",0.000345796248164204,0.519979683441274,0.511,0.465,1
"ATXN2L",0.000348352854709898,-0.418182864503154,0.157,0.24,1
"JMY",0.000355658824083613,-0.64417246146198,0.072,0.13,1
"SEC11C",0.000356516279637976,-0.589673779061761,0.269,0.37,1
"RNF167",0.000359368346466038,-0.549278512971944,0.101,0.169,1
"AKT2",0.000364305228526591,-0.463237453071436,0.137,0.211,1
"ATP5F1A",0.000366961188151542,-0.38466224136006,0.347,0.459,1
"OARD1",0.000378657356532264,-0.371994332358439,0.133,0.213,1
"FOXO3",0.000387098851317753,-0.528294570407383,0.072,0.13,1
"PIEZO1",0.000387340882245705,-0.624207691716189,0.056,0.108,1
"QARS",0.000396305082856862,-0.443456234758413,0.117,0.19,1
"MGAT2",0.000396405883156386,-0.833776772427507,0.059,0.113,1
"TCTEX1D2",0.00039903852412941,-0.665391921254452,0.066,0.121,1
"NOTCH2",0.000417451541255911,-0.444217407809275,0.242,0.333,1
"TCIRG1",0.000418236279644392,-0.647414201202196,0.064,0.119,1
"PIK3CA",0.000421315818448873,0.697346633721078,0.246,0.177,1
"NCOA7",0.00042558470613303,-0.3198532949642,0.131,0.205,1
"HSP90AA1",0.000426362464083668,-0.308195649032959,0.734,0.813,1
"REV3L",0.000428561546855593,-0.347427494589838,0.121,0.193,1
"NF1",0.000428935261370992,-0.56870693934772,0.057,0.11,1
"SYTL1",0.000430623514685653,-0.297899813527578,0.167,0.253,1
"PITPNB",0.000436313902505473,-0.387625411982094,0.132,0.208,1
"LAGE3",0.000451477733072043,-0.482749732670867,0.067,0.122,1
"MAP3K8",0.000459378054951929,-0.353410703906659,0.26,0.357,1
"UQCRC1",0.000462169924749822,-0.67770722857423,0.09,0.151,1
"TSPYL2",0.000465448924420051,-0.665650350601126,0.104,0.169,1
"MAP2K3",0.000471365676664133,-0.501321977916792,0.105,0.172,1
"LTBP3",0.000472021316914415,-0.659653374046829,0.053,0.103,1
"NEK6",0.000478322963392134,-0.692304836784798,0.053,0.103,1
"PRPF8",0.000482855245188362,-0.257468235330674,0.231,0.33,1
"LINC01857",0.000487760350392927,-0.442313727737995,0.198,0.28,1
"HSPA5",0.000488890512870617,-0.486101533271674,0.262,0.353,1
"DNAAF2",0.00049294880377833,-1.04470361141069,0.054,0.103,1
"TMEM120B",0.000496085165323051,-0.580653092508188,0.078,0.135,1
"ISCU",0.000496991200283927,-0.250478026681228,0.57,0.688,1
"ELOF1",0.000497904503673776,-0.372569551582619,0.136,0.211,1
"MCL1",0.000506180004275649,-0.450039745485239,0.299,0.398,1
"SEC13",0.000510085777479671,-0.583875910054398,0.082,0.142,1
"SPCS1",0.000510364920696177,-0.255929628365955,0.504,0.615,1
"COMMD7",0.000543786972108297,-0.503206439585223,0.146,0.222,1
"XIST",0.000545902488720499,-0.312485500959883,0.534,0.646,1
"SLC16A7",0.000546426430498557,1.10577006162152,0.158,0.1,1
"CD40",0.000547034295643927,0.53004018651799,0.412,0.341,1
"COMMD5",0.000548207840381212,-0.427068493569856,0.056,0.106,1
"LARP1B",0.000548728433693447,-0.51388010183623,0.052,0.101,1
"TMUB1",0.000550008125895062,-0.41719118498021,0.14,0.214,1
"HEBP2",0.000563632224194633,0.601850952442028,0.424,0.378,1
"ZFAND1",0.000565432910716909,-0.285664225327403,0.119,0.192,1
"NAMPT",0.000565716103499341,-0.517411261823382,0.126,0.193,1
"SSR3",0.000573366595632294,-0.565626515010367,0.185,0.266,1
"TBC1D20",0.000576284680000869,-0.663532615231975,0.057,0.108,1
"DPY30",0.000589206605908853,-0.303378082269709,0.133,0.208,1
"SIAH2",0.000607665886559611,-0.345571605394384,0.143,0.221,1
"DDRGK1",0.000620792704299006,-0.297923250668594,0.093,0.158,1
"NCF4",0.000628099178514927,-0.341136134611161,0.199,0.285,1
"CAPG",0.000641940714135699,-0.360835632999007,0.169,0.248,1
"RRM2B",0.00064596247006334,0.975835593745068,0.141,0.085,1
"NLRC5",0.000650556335567787,-0.585025059692253,0.098,0.159,1
"ARHGAP4",0.000675648120495174,-0.276575131448624,0.166,0.25,1
"ELOC",0.000693022481042492,-0.265295994604479,0.234,0.332,1
"STOML2",0.000694258400148962,-0.406040283990989,0.157,0.235,1
"PGLS",0.000698337706299052,-0.254637312114102,0.267,0.37,1
"SGK1",0.000704823660674219,1.24381037979387,0.153,0.098,1
"ACADM",0.000726184757271382,-0.292302418995383,0.157,0.235,1
"PPP1CB",0.000744133594320149,-0.262044851284805,0.344,0.461,1
"AKT1",0.000760276075595188,-0.267056378627985,0.083,0.143,1
"HNRNPF",0.000772623062884952,-0.262986111963294,0.316,0.424,1
"ALKBH5",0.00077320932699295,-0.459033700750089,0.151,0.225,1
"COASY",0.000775270486779953,-0.394450093393921,0.057,0.108,1
"DENND1C",0.000775296046722958,-0.717223966239854,0.07,0.124,1
"TFDP1",0.000789829609091913,-0.436396500626371,0.085,0.145,1
"RPS19BP1",0.00079528131230519,-0.278704289661069,0.253,0.356,1
"HINT2",0.00080490137431806,-0.379479659007997,0.133,0.206,1
"ADARB1",0.000811314867717996,0.935822449242945,0.153,0.097,1
"AC092683.1",0.000817521836777485,-0.749705457453442,0.053,0.101,1
"PLEKHA2",0.000837272107436592,0.421208236288854,0.44,0.38,1
"NIBAN3",0.000844967686475296,0.522328795502723,0.423,0.361,1
"PTGES2",0.00084532216948036,-0.448325224711755,0.064,0.118,1
"JPT1",0.00084615232351652,-0.397101729818681,0.153,0.23,1
"S100A11",0.000853450712482863,-0.340169805370004,0.112,0.179,1
"BSG",0.000857984664894881,-0.515411693604773,0.129,0.198,1
"RGS14",0.000869249608573572,-0.574708538305486,0.058,0.108,1
"ERVK3-1",0.00088307615261131,-0.273506926967582,0.098,0.161,1
"AIP",0.000886345046705544,-0.334274705765652,0.21,0.296,1
"TPI1",0.000903361648863874,-0.299581843351362,0.288,0.396,1
"COL4A4",0.000907833816656886,-0.916214514044642,0.053,0.1,1
"SAT1",0.000922949241816909,-0.285478330162528,0.556,0.667,1
"NCOR2",0.000945361049570555,-0.673296715883079,0.062,0.111,1
"PLEKHG1",0.000945428942770628,0.679493390346307,0.176,0.118,1
"PTCD3",0.000967884788346643,-0.290223098240169,0.117,0.187,1
"EHD1",0.000974731068136699,-0.422215271727328,0.114,0.179,1
"YIPF3",0.000977217067230879,-0.440190540431029,0.083,0.14,1
"GSTP1",0.000977649453872785,0.472584792178959,0.431,0.372,1
"S1PR4",0.000980949603419943,-0.318928113298903,0.214,0.301,1
"JARID2",0.00102373806364397,0.721179226214183,0.269,0.209,1
"GTF2H5",0.0010286853288451,-0.528733776428694,0.124,0.188,1
"GLRX3",0.00103457231706329,-0.350263399600392,0.117,0.184,1
"THRAP3",0.00103516334226172,0.438506742317075,0.556,0.543,1
"RAB1B",0.00103660697644496,-0.367174517405082,0.096,0.156,1
"ROCK2",0.00103681671789186,-0.869677103167863,0.054,0.101,1
"PLSCR3",0.00104028881252068,-0.6497669964609,0.072,0.124,1
"BANF1",0.00104952920810109,-0.300809948918749,0.252,0.351,1
"DDX39A",0.00105041989543559,-0.432575353332864,0.125,0.192,1
"NRGN",0.00105621482402376,1.31215622062274,0.174,0.116,1
"EMC6",0.00106013329441692,-0.268874750335659,0.143,0.219,1
"MAP4",0.00106427791999727,-0.367706959033957,0.156,0.232,1
"SLC4A1AP",0.00108152011040932,-0.641004698468277,0.066,0.116,1
"ZFP36",0.00109606012432244,-0.796836619071154,0.477,0.551,1
"MAN2B1",0.00110197537315474,-0.356617190486968,0.114,0.18,1
"CYBC1",0.00110778347447942,-0.363038627841781,0.189,0.272,1
"TSPAN14",0.00111629543990906,-0.630953038422693,0.066,0.116,1
"PANK2",0.00111636381072558,-0.553805637608206,0.08,0.135,1
"MCRIP2",0.00115914048913669,-0.579896399123241,0.11,0.172,1
"ACBD5",0.00116590145464987,-0.557003846509717,0.063,0.113,1
"DDOST",0.00117666450043077,-0.274751327169376,0.195,0.282,1
"AGPAT5",0.00120549927898261,0.504254447522694,0.261,0.192,1
"DRAM2",0.00122693567705602,-0.283323324928046,0.319,0.419,1
"MDN1",0.00124312413520905,-0.625051904013174,0.057,0.105,1
"CPNE1",0.00124984678127509,-0.272904391352464,0.229,0.316,1
"DELE1",0.00126894236740377,-0.493959042539881,0.061,0.11,1
"MYO1G",0.00127456835912548,-0.300960341908255,0.173,0.251,1
"PPA1",0.00127770926912432,-0.298771844989454,0.272,0.362,1
"FCRL1",0.00128831556904169,0.385791781092372,0.515,0.465,1
"PCNX1",0.00128832774418289,-0.512024791495068,0.099,0.158,1
"ANKHD1",0.00128970859864209,-0.293729394591566,0.211,0.298,1
"STAT6",0.00129064016720338,-0.4178784671914,0.164,0.238,1
"NPTN",0.00130748806165865,-0.467321656751862,0.073,0.126,1
"SHKBP1",0.00130829412170813,-0.403046554362335,0.13,0.196,1
"GADD45A",0.00132613296860709,-0.42379251388539,0.058,0.106,1
"TWF2",0.00134108363301336,-0.385284713106879,0.117,0.184,1
"STK25",0.0013732173361533,-0.421424712690369,0.079,0.134,1
"TPGS2",0.00140152188182221,-0.301603055067376,0.082,0.137,1
"DTWD1",0.0014016730361452,-0.525982364582538,0.074,0.127,1
"FBXL15",0.00141117695817843,-0.336472652996578,0.105,0.167,1
"RPS6KA1",0.00141282625979012,-0.415637242669855,0.078,0.132,1
"ABRACL",0.00142896373346979,-0.366216855892298,0.138,0.208,1
"GEMIN7",0.00143177041432476,-0.834713907124947,0.057,0.103,1
"SAFB2",0.00144792160137035,-0.320622110012339,0.185,0.264,1
"TNFRSF1B",0.00145853479976646,-0.634022949987673,0.087,0.142,1
"RGPD5",0.00148529449569619,-0.648153296519317,0.068,0.118,1
"CHORDC1",0.00149562184861342,-0.397137600743535,0.096,0.155,1
"CDC37",0.00153018170925123,-0.308073402493403,0.272,0.362,1
"ARFGEF1",0.00153080881308403,-0.332301565984713,0.099,0.158,1
"BNIP3L",0.0015361873531849,0.638717367711819,0.294,0.237,1
"TMEM170A",0.00154975206532267,-0.479143739752402,0.125,0.19,1
"POLR1E",0.00155436276423133,-0.706695625773842,0.058,0.105,1
"HDDC2",0.00158907719973761,-0.320000922913365,0.159,0.235,1
"YPEL5",0.00160095996478099,-0.751066113197259,0.447,0.509,1
"AP3S1",0.00161015610583056,-0.275955960165675,0.194,0.274,1
"BOLA2",0.00162648458877672,-0.426791994097037,0.094,0.151,1
"HADHA",0.00163421420193994,-0.25168001886156,0.294,0.396,1
"TPGS1",0.00163988158627678,-0.419464372116761,0.07,0.121,1
"USP36",0.00164252152619826,-0.281707697909009,0.064,0.114,1
"MRPL58",0.00165979320956632,-0.430597634833532,0.068,0.118,1
"CISD2",0.0016662037641517,-0.552209379621211,0.095,0.151,1
"GOPC",0.00167606253751781,-0.37370365619878,0.108,0.169,1
"LTN1",0.00168676269936493,-0.629958257297666,0.087,0.14,1
"AREG",0.00172771379741406,-0.652285720870448,0.127,0.188,1
"ZBTB25",0.00174741457680137,-0.453934499700885,0.087,0.142,1
"APBB1IP",0.00176055076189498,-0.293134576815643,0.263,0.354,1
"ZFAND6",0.00178163557898942,-0.26748692182149,0.304,0.396,1
"VPS53",0.00179079646927566,-0.387502027972713,0.083,0.137,1
"CORO7",0.00180349830619422,-0.512013400408448,0.103,0.159,1
"ECI1",0.00181317331889135,-0.258447066891388,0.135,0.203,1
"RAB31",0.00181530686301268,-0.620943668088667,0.101,0.158,1
"ITGB1",0.00182537329581302,-0.484139815533577,0.198,0.267,1
"SNX2",0.00185953467898669,0.272827678838743,0.76,0.747,1
"MDH1",0.00186124817896419,-0.356610043581318,0.206,0.287,1
"AKAP8",0.00189501109747084,-0.366625421601648,0.099,0.156,1
"FAM50A",0.00190944545810132,-0.387686371145666,0.094,0.15,1
"SESTD1",0.00191263734532485,0.815000049710876,0.203,0.148,1
"MTMR6",0.00193178372883864,-0.640217731739301,0.09,0.143,1
"ATG4B",0.00193664197725568,-0.673014575176305,0.062,0.108,1
"SS18L2",0.00194574656106096,-0.336649687431104,0.251,0.337,1
"VPS4A",0.00195075028001295,-0.408870085539095,0.094,0.15,1
"NUP58",0.00202353794039656,-0.642027889607513,0.094,0.147,1
"TMEM14C",0.00211117255383506,-0.284834215943093,0.148,0.217,1
"SMARCD2",0.00219568564775,-0.572055079477912,0.064,0.111,1
"LINC00623",0.00226671645689615,-0.354631208902377,0.122,0.185,1
"SCAMP2",0.0022779862316817,-0.473044188750658,0.129,0.19,1
"TUBGCP2",0.00229844265502473,-0.274413629828001,0.132,0.198,1
"LY86",0.00230416248150513,-0.253557270390739,0.409,0.512,1
"TSTA3",0.0023383208286649,-0.515337268080259,0.062,0.108,1
"TRIM73",0.0023400170898995,-0.478819610201799,0.104,0.159,1
"METTL8",0.00234748894112655,-0.384879186707196,0.194,0.267,1
"BAG6",0.00235408478469583,-0.351128397325249,0.091,0.148,1
"EIF1AD",0.00237123915936739,-0.531502282692716,0.061,0.106,1
"GPR160",0.00237545729838056,-0.292374646048913,0.143,0.211,1
"RASSF1",0.00237797311193825,-0.396257694087831,0.105,0.164,1
"GOLGB1",0.00239098045231837,-0.327028232638858,0.2,0.275,1
"TAX1BP3",0.00239235528719128,-0.447171510535456,0.056,0.1,1
"PIGT",0.00245335513702234,-0.406958072995646,0.075,0.126,1
"RAB30",0.00246948928977928,0.497794851445023,0.371,0.312,1
"ILF3-DT",0.00247403605917605,-0.353489271205403,0.155,0.224,1
"NUP153",0.0024795564858872,-0.550579015955672,0.082,0.132,1
"AC025164.1",0.00249756436927589,0.448521015634969,0.449,0.404,1
"BZW2",0.002500384534199,-0.627502478346789,0.098,0.151,1
"VPS37B",0.00250574198941594,-0.284194366245178,0.184,0.261,1
"EXOC5",0.00253937083582856,-0.540316952125702,0.083,0.135,1
"CCSER2",0.00259553223430061,-0.418489353550286,0.091,0.147,1
"ZMIZ2",0.00260308894298705,-0.474035116642519,0.068,0.116,1
"ACAA2",0.00263642537098387,-0.395142403722972,0.062,0.108,1
"NSD3",0.00266116045496825,0.252777847032415,0.623,0.593,1
"PIP4P1",0.00277133190138768,-0.379520219690544,0.133,0.196,1
"PPP1R15B",0.00280688337910749,-0.513943679697747,0.129,0.188,1
"CIITA",0.00284322733577657,0.562820973846694,0.363,0.314,1
"GTF2F1",0.00284762677823766,-0.337999732670518,0.145,0.211,1
"SEC11A",0.00285196126473232,-0.250681727347622,0.339,0.44,1
"PARVB",0.00289537000657645,-0.255030648848927,0.143,0.213,1
"SRI",0.00290062385276591,-0.278410258219812,0.266,0.353,1
"CD2BP2",0.00293876940621554,-0.322648219831037,0.125,0.187,1
"NT5DC1",0.00297675205273679,-0.251328812909933,0.166,0.24,1
"FAM199X",0.00299982467098123,-0.271559067750627,0.089,0.143,1
"FAM117B",0.00300022250797664,-0.436701794946655,0.111,0.169,1
"HIST1H1C",0.00302974799580116,0.48799082848693,0.467,0.444,1
"HMOX2",0.00303795015460857,-0.389256979958778,0.082,0.132,1
"PAPSS1",0.00306946445345506,-0.298458247905821,0.069,0.118,1
"SLC25A36",0.00309307811791967,-0.32813891648606,0.195,0.274,1
"IPO7",0.00310955115073739,-0.372237408857596,0.088,0.14,1
"CEPT1",0.00312246976360003,-0.387083269543669,0.163,0.23,1
"EPRS",0.0031912120430173,-0.355703247754233,0.206,0.277,1
"NME3",0.00320037932526312,-0.299683995384341,0.219,0.3,1
"PPP6C",0.00321785747961112,-0.254808641618309,0.12,0.182,1
"CD22",0.0033643481546555,0.350982519857696,0.485,0.446,1
"TFG",0.00350930320662695,-0.35722388116403,0.104,0.159,1
"NDUFB3",0.00351806309060761,-0.263766192480076,0.245,0.325,1
"TXNL1",0.00353055570046435,-0.252867966328945,0.255,0.34,1
"DRAP1",0.00361939262453739,0.527777720307327,0.384,0.345,1
"IMMP1L",0.00361991928460789,-0.439275754495035,0.077,0.124,1
"SMAD3",0.00362247663137152,0.933373106146349,0.168,0.119,1
"UBE2G2",0.00363919666487623,-0.33043327989617,0.194,0.266,1
"IDH3B",0.00364104296122233,-0.325912099251782,0.158,0.224,1
"SNAP47",0.00368342328810545,-0.316006653788722,0.061,0.105,1
"RGS2",0.00368908659472754,-0.446861479576509,0.194,0.264,1
"FAM30A",0.00369065068328331,-0.346515134256789,0.303,0.386,1
"SAMHD1",0.00369122471606567,-0.753567114050401,0.059,0.101,1
"EIF6",0.00373431834231641,-0.270953983532198,0.192,0.266,1
"ASCC3",0.00380310537590886,-0.404388395978998,0.114,0.171,1
"RNF115",0.00380886726560764,-0.356549761301852,0.163,0.232,1
"CCNH",0.00382789303478272,-0.495391369534488,0.126,0.185,1
"ZCCHC7",0.00383474170006497,0.366516087242295,0.48,0.44,1
"ALOX5",0.00388612109160202,-0.372418004922569,0.143,0.205,1
"GP1BB",0.00392785568480242,1.19867109822218,0.117,0.074,1
"MEI1",0.0039608927310581,-0.400424107441588,0.072,0.118,1
"RFX3",0.00396325860938092,-0.645116643576117,0.058,0.1,1
"REXO2",0.00401954462273074,-0.254608190870348,0.098,0.151,1
"TMEM107",0.00402708830507587,-0.424237495807245,0.083,0.132,1
"CD72",0.00402881832059638,0.693337052476922,0.213,0.159,1
"SNAPIN",0.00403767978191933,-0.354067525041029,0.064,0.11,1
"BCL2L11",0.00409799581894776,-0.271952190992835,0.179,0.246,1
"UBXN6",0.00409963951137125,-0.27904956370471,0.082,0.132,1
"GSDMD",0.00413581843394823,-0.414860895362478,0.116,0.172,1
"PSENEN",0.00414243501039182,-0.296573401812978,0.106,0.163,1
"SNX14",0.00414494186237885,-0.319670101177811,0.078,0.126,1
"ELMSAN1",0.00417177791495965,-0.434413664847929,0.153,0.216,1
"TRAF4",0.00417594746712719,-0.625473494780497,0.074,0.119,1
"SRSF1",0.00419204694297432,-0.31104780811332,0.189,0.259,1
"KCNQ1OT1",0.00419839683082674,-0.300062627084622,0.09,0.14,1
"CTNNA1",0.0042041873959489,-0.484981153658606,0.07,0.116,1
"C16orf74",0.00421115463845126,0.57560783128824,0.316,0.264,1
"RASA3",0.0042196159682724,-0.365292689672487,0.075,0.122,1
"SDF2L1",0.00424783027267622,-0.759002499415495,0.093,0.142,1
"SERTAD2",0.00426188235494577,-0.418459079809377,0.135,0.196,1
"PLEKHA1",0.00430971925581632,0.90566020599727,0.18,0.13,1
"RUNX3",0.00438286766813463,-0.394374597500893,0.185,0.254,1
"LINC-PINT",0.004451226751288,-0.431952656101724,0.434,0.499,1
"TCTN1",0.00449815670952116,1.03020850509611,0.111,0.069,1
"RMDN1",0.00453874337625089,-0.25127046185568,0.094,0.147,1
"PLEKHA3",0.00455172142269691,-0.310204219953537,0.168,0.237,1
"AP1S2",0.00455875884534187,-0.312931006282401,0.241,0.312,1
"TNK2",0.00458785928106733,-0.609450168790056,0.066,0.108,1
"ADNP",0.00460240258976396,-0.339056448730757,0.14,0.2,1
"TMA16",0.00461190263858464,-0.2505060657137,0.111,0.167,1
"DTD1",0.004612692047275,-0.328299466032429,0.121,0.18,1
"COPB2",0.00462080298961581,-0.265001172311252,0.073,0.119,1
"HVCN1",0.00464380050445717,0.281978469282031,0.555,0.512,1
"TSC22D2",0.00467847973676975,-0.284027305815704,0.088,0.138,1
"SH3BP1",0.0047010875352258,-0.250403349040537,0.059,0.101,1
"VPS13B",0.00474366411981739,-0.301392933733383,0.072,0.118,1
"OSBPL11",0.0048367633480712,-0.370888825843463,0.117,0.176,1
"ADK",0.00486812117964357,0.481407892056868,0.383,0.329,1
"SLC38A10",0.00487657783079889,-0.391106765836187,0.066,0.11,1
"PTPMT1",0.00490728788353991,-0.283220195284348,0.101,0.156,1
"MNDA",0.00490920440951906,-0.387825793906972,0.068,0.111,1
"BEX4",0.00491212899139718,0.799502380745735,0.178,0.129,1
"RNPC3",0.00492250746196423,-0.41300512762871,0.1,0.151,1
"ANTXR2",0.00498158008936348,-0.435580902905996,0.104,0.158,1
"PDIA4",0.00504098937312607,-0.644829200261341,0.101,0.151,1
"TRABD",0.00509730570655753,-0.36208037107722,0.117,0.176,1
"TRIO",0.00511969380174897,-0.365266915980008,0.114,0.169,1
"COQ7",0.00522726688372127,-0.536829932712869,0.09,0.138,1
"FAM200B",0.00523251190862139,0.813148763131125,0.135,0.09,1
"BCL3",0.00523776339175397,0.856843617459081,0.131,0.087,1
"CD24",0.00537135381336841,-0.295821450538486,0.325,0.407,1
"MTX1",0.00537733830941464,-0.638001707806005,0.075,0.119,1
"MACO1",0.00539854790779732,-0.541035827530434,0.066,0.108,1
"CCT5",0.00546363149507351,-0.275897334620201,0.215,0.288,1
"SLC50A1",0.00561046927188826,0.812190253185453,0.174,0.127,1
"TAZ",0.00561428899719077,-0.254684251441818,0.094,0.147,1
"UBL7",0.00563619963359677,-0.378764713593791,0.084,0.132,1
"PRR7",0.00568273512522396,-0.464609618210245,0.096,0.147,1
"MAP2K1",0.00569804531403988,-0.436267098023001,0.1,0.153,1
"AC008969.1",0.0057196720626836,0.699209391642049,0.105,0.063,1
"DLGAP4",0.00576657128431424,-0.461332814193625,0.089,0.137,1
"SHPRH",0.00579087785814152,-0.28243445192751,0.132,0.192,1
"HNRNPA1P48",0.00585702764034295,-0.489237174268555,0.088,0.135,1
"SF3B4",0.00587806746238078,-0.271252146048875,0.133,0.195,1
"KRT10",0.00588241892850099,0.377473962698081,0.669,0.686,1
"CD79B",0.00593833058539267,0.282319757076915,0.784,0.829,1
"TET2",0.00597421008176036,-0.454211092386822,0.108,0.158,1
"PPP1R9B",0.00611449109108915,-0.37770480423446,0.108,0.159,1
"TUBA1A",0.00611696336833705,-0.51585707135317,0.346,0.412,1
"KIDINS220",0.00620016284831463,-0.31361065198595,0.122,0.179,1
"LAMP1",0.00621640154403609,-0.31782119924655,0.173,0.238,1
"FLI1",0.00623957036311168,-0.257250017747076,0.199,0.269,1
"CD1C",0.00637037298110248,-0.632987511136226,0.078,0.121,1
"GCA",0.0064030349452183,-0.338540137140164,0.133,0.192,1
"BMI1",0.00644083568427836,-0.407556658469676,0.135,0.192,1
"CCNG1",0.00657835066045514,-0.336621871891237,0.146,0.206,1
"DNAJC3",0.00663225576957622,-0.292020664977225,0.111,0.163,1
"ARMCX3",0.00668005241909501,-0.368408462910618,0.087,0.134,1
"STRBP",0.00672725665969406,0.377329741369289,0.47,0.436,1
"METTL2B",0.00674055326990016,-0.334625793614564,0.061,0.101,1
"NPIPB5",0.00674685396945813,-0.5410522003884,0.068,0.11,1
"ZNF131",0.00677810387954964,-0.296788211539695,0.166,0.23,1
"DNAJC1",0.00683423315048429,-0.537374301975621,0.075,0.119,1
"NSMAF",0.00684261979615301,-0.478228151053855,0.073,0.116,1
"ERAP2",0.00684696274216173,-0.423475399626484,0.183,0.246,1
"TRNAU1AP",0.00689316171890123,-0.278506189426825,0.091,0.14,1
"ITPR2",0.00692031712350826,-0.284311321979227,0.145,0.203,1
"DGLUCY",0.00697444454401702,-0.445318833634432,0.068,0.11,1
"EXOSC1",0.00698972104347844,-0.273398706626658,0.098,0.148,1
"CLPTM1L",0.00706830867683136,-0.419780499622772,0.112,0.164,1
"RAD1",0.00707327471166402,-0.544680894109398,0.066,0.106,1
"RALGPS2",0.00710051021462396,0.283424175671406,0.745,0.771,1
"ERCC6L2",0.00711317616448843,-0.49430629389477,0.063,0.103,1
"PRKCE",0.00713396382764703,0.669820284627896,0.147,0.101,1
"HSD17B4",0.00715790341686474,-0.505013334018761,0.114,0.166,1
"CPNE3",0.00723971540283522,-0.328959735352405,0.203,0.266,1
"SLF2",0.0072549100768132,-0.447189292198389,0.068,0.11,1
"TOMM40",0.0072706736690305,-0.355782664755719,0.082,0.127,1
"AC127502.2",0.00734770631204162,1.22100117731087,0.103,0.064,1
"EEA1",0.00739080504062533,-0.327986091134664,0.106,0.158,1
"RPA2",0.00742978967427392,-0.364886552913805,0.168,0.229,1
"ANKIB1",0.00749003662000513,-0.327630050337727,0.089,0.137,1
"NT5E",0.00757214143755115,-0.252984379877695,0.138,0.198,1
"LINC00342",0.00757793644219629,-0.502213759136658,0.087,0.132,1
"C11orf1",0.00760264777470189,-0.406057401273085,0.064,0.105,1
"SLC25A28",0.00763439670880742,-0.306722227716188,0.084,0.13,1
"ZNF410",0.00770058374734102,-0.5684577265325,0.063,0.103,1
"TUBA1C",0.00771305389518044,-0.425744691921303,0.062,0.101,1
"RIC8A",0.00771412879582105,-0.440791655653999,0.064,0.105,1
"NCOA1",0.00772021535571468,-0.312684507727699,0.114,0.166,1
"FNTA",0.00783205466866432,-0.286097830109924,0.15,0.208,1
"RSAD1",0.00788482070715722,-0.393537359839038,0.07,0.113,1
"EMP3",0.00794288409656179,0.347247594797224,0.679,0.686,1
"MLXIP",0.00798719330028977,-0.420700986483375,0.103,0.151,1
"PDCD6IP",0.00815896505517443,-0.299449569708512,0.246,0.314,1
"GNG2",0.00825893576721158,-0.362797623933478,0.164,0.23,1
"CR1",0.00834195982370609,-0.301069235028725,0.133,0.188,1
"GPI",0.00840790241974401,-0.328130886550451,0.11,0.161,1
"NMRK1",0.00849406181630099,-0.34203563948864,0.063,0.103,1
"NAAA",0.00852623869781091,-0.30478327646638,0.098,0.147,1
"AC011939.2",0.00854822473374103,-0.528457085327839,0.073,0.114,1
"MLEC",0.00865959966479356,-0.56054680624055,0.073,0.114,1
"GPATCH2",0.00872846607794468,-0.542832785050275,0.07,0.111,1
"FAM162A",0.00902820713107601,-0.279695652668342,0.205,0.277,1
"ANKRD28",0.00907028742792371,-0.352107194009675,0.09,0.137,1
"SLC25A11",0.00909370024871359,-0.501588119021072,0.072,0.113,1
"CDK2AP2",0.00921907556113982,-0.398184794086039,0.116,0.166,1
"LASP1",0.0092500586726384,-0.312582293680174,0.083,0.127,1
"LETMD1",0.00930122771479216,-0.277453487680662,0.104,0.155,1
"MTA1",0.0093300197994937,-0.533181693485675,0.069,0.11,1
"TMEM126A",0.00933193237459981,-0.318146554724155,0.108,0.158,1
"CCR7",0.00939171561568515,0.542881558211513,0.341,0.3,1
"TECR",0.00957493376032165,-0.267245945510884,0.12,0.172,1
"P4HB",0.00962802498087117,-0.271803185278414,0.194,0.262,1
"RASSF2",0.00964315088096888,-0.439256752502871,0.111,0.159,1
"GBP4",0.00976399655536186,0.48105344714291,0.101,0.063,1
"DUSP22",0.0100836810694009,-0.263724573730445,0.234,0.308,1
"CD59",0.0103102974102329,-0.556714489823434,0.077,0.118,1
"SLC35A3",0.0103919094110898,-0.462034138969,0.079,0.121,1
"CD180",0.0104292637146062,-0.599508820407945,0.072,0.111,1
"RBM39",0.0104307717341392,-0.271146605321027,0.752,0.781,1
"MRPS9",0.0105074905770634,-0.266926985869063,0.066,0.105,1
"PSMD1",0.0105193107987198,-0.351513775746269,0.088,0.132,1
"IL32",0.0106522509214012,-0.543086165606317,0.063,0.1,1
"RANBP2",0.0107734357221557,-0.259621631155727,0.163,0.221,1
"YIF1A",0.0108235149925532,-0.32504597933168,0.098,0.145,1
"IRAK1",0.0108882759256395,-0.2610664131253,0.13,0.184,1
"UQCC3",0.0109282880385168,-0.464352009536583,0.074,0.114,1
"C11orf24",0.010932266900095,-0.341276252044896,0.066,0.105,1
"CHTOP",0.0109458468262381,-0.261107289578024,0.14,0.195,1
"TRAPPC3",0.0110773014150686,-0.252470604936854,0.12,0.172,1
"NBN",0.0111744092911273,-0.329960891160251,0.112,0.163,1
"TBC1D1",0.0112058282013571,0.482931926225408,0.263,0.219,1
"IQSEC1",0.0113089949631853,-0.320483810053984,0.178,0.24,1
"TNIP2",0.0113118584374884,-0.325058785321209,0.108,0.156,1
"MCM5",0.0113131216129028,-0.277182371428529,0.114,0.164,1
"BLOC1S2",0.0113639398546551,0.398323976500591,0.466,0.444,1
"HIPK3",0.0113880425238007,-0.428347061020647,0.132,0.185,1
"ATP6V0A1",0.0113891765278057,0.933252568815608,0.108,0.071,1
"SPECC1L",0.0114029880637153,-0.395231923790234,0.088,0.132,1
"SUSD6",0.0114428659826584,-0.373861178366572,0.103,0.15,1
"KDSR",0.0115638684421114,-0.343606208098682,0.079,0.121,1
"DNAJB2",0.0116007821176451,-0.291842608165939,0.063,0.101,1
"PIGBOS1",0.0116388388995075,-0.302856974424177,0.074,0.114,1
"UBE2D1",0.0116489409133131,-0.277650258675327,0.085,0.129,1
"SARS",0.0119521213398747,-0.322833286087908,0.146,0.201,1
"EIF4G1",0.0121395621967056,-0.315672827851036,0.078,0.119,1
"AIMP1",0.0121509776275994,0.409183610690707,0.408,0.378,1
"SOCS3",0.0122004185600144,-0.748703673376025,0.064,0.101,1
"MRPS25",0.0123206743915329,-0.315454571184913,0.114,0.163,1
"TNRC6C",0.01233404549877,-0.335213808517784,0.093,0.138,1
"TSPO",0.0123473343574304,0.376484346158057,0.373,0.33,1
"KMT5A",0.012515584476987,-0.395290340395913,0.085,0.129,1
"NAA50",0.0127096950685336,-0.307330643125184,0.171,0.229,1
"DUS1L",0.0127377308425186,-0.261558975123363,0.148,0.205,1
"TRIP12",0.0127677462524631,-0.298213642029737,0.176,0.233,1
"DDX3X",0.0127965767049539,-0.34722410458252,0.541,0.625,1
"PWWP2A",0.0127975568123042,-0.445781064039347,0.07,0.11,1
"ARHGEF3",0.0128071208999273,0.819228918998049,0.108,0.071,1
"CD81",0.0128449850325954,0.302380487331332,0.628,0.633,1
"RPGR",0.0129251794197681,-0.501646135736512,0.063,0.1,1
"DAP",0.0129357072530411,-0.263381844607873,0.084,0.127,1
"IL13RA1",0.0133906530657474,-0.548645405529119,0.104,0.147,1
"LYN",0.0134335507551195,0.315598316919752,0.53,0.525,1
"PLEKHF2",0.0134477008609988,-0.272103128590814,0.363,0.435,1
"HHEX",0.0135476493926656,0.505290965111404,0.344,0.301,1
"CYTIP",0.0136225733720527,0.357873306382563,0.512,0.486,1
"SLAIN2",0.0136495644369516,-0.326736422701087,0.133,0.187,1
"PAIP2",0.013674035373455,0.388791707836112,0.538,0.543,1
"ZMYM5",0.0138807320271962,-0.375928098709162,0.066,0.103,1
"ZNF83",0.0138818040358663,-0.322250475782097,0.104,0.15,1
"PALM2-AKAP2",0.0139550019271423,0.354936824540637,0.439,0.414,1
"AL627171.2",0.0142070906647801,-0.270769937412132,0.101,0.148,1
"SNRNP35",0.0142690065998738,-0.455068268553596,0.109,0.153,1
"ACAT2",0.0142913493139224,-0.290349278617853,0.064,0.101,1
"DPP9",0.0142942823210941,-0.28705833735654,0.063,0.1,1
"MESD",0.0143782999428982,-0.285939777162265,0.142,0.196,1
"MYO1F",0.0148591718629732,-0.359642452088373,0.073,0.111,1
"PRPF31",0.0151666038637103,-0.289897729709256,0.124,0.172,1
"ZNF428",0.0152958323582203,0.807899539103161,0.14,0.101,1
"HPRT1",0.015395848295904,-0.311129196280324,0.117,0.166,1
"TXNDC9",0.0154541548641806,-0.411775838250658,0.079,0.119,1
"CCDC92",0.0154871589009533,-0.357031649405734,0.063,0.1,1
"UQCC2",0.0154954794735572,-0.256347676689872,0.085,0.127,1
"GMFB",0.0157417495526168,0.672603097046697,0.197,0.155,1
"SLC66A3",0.0160470805101277,-0.444576262632659,0.064,0.1,1
"HOTAIRM1",0.0161688421158307,-0.339813116752071,0.077,0.116,1
"SFXN1",0.0162071438467041,-0.380463056419874,0.074,0.113,1
"DGKD",0.0162103785944625,0.468432523645518,0.315,0.277,1
"EIF1B",0.0163541457703849,0.344455572726948,0.54,0.539,1
"PIH1D1",0.0163648181518947,-0.421493918634497,0.103,0.147,1
"MT-ND6",0.0164244221796159,0.6765097472953,0.247,0.209,1
"PTDSS1",0.0164665827586603,-0.278728053210137,0.115,0.163,1
"HSF1",0.0166574276596784,-0.322643606250126,0.106,0.151,1
"NADK",0.0166713255633037,-0.489107809522136,0.077,0.114,1
"VGLL4",0.0168012025936814,-0.395512445771502,0.066,0.101,1
"GTF2F2",0.016830612050474,-0.306338030852396,0.12,0.169,1
"OPTN",0.0168555353364668,-0.306151007273829,0.124,0.172,1
"TCF4",0.0169192902140998,0.257244007734941,0.54,0.52,1
"PPA2",0.0171951618746996,-0.491439395929702,0.075,0.114,1
"NIPAL3",0.0172111800375452,-0.31899362713208,0.068,0.105,1
"IFIH1",0.0172125853707239,-0.292529429314092,0.091,0.134,1
"TRIM4",0.0172716562536863,-0.311473299940802,0.073,0.111,1
"GNG11",0.0173086342254393,1.1776562580563,0.13,0.093,1
"TUT4",0.017400363560477,0.448710294859936,0.384,0.353,1
"UHRF1BP1L",0.017482086351817,0.942380546059838,0.12,0.084,1
"NCK2",0.0175630789501498,0.398222948829443,0.424,0.383,1
"RNF166",0.0175687936483966,-0.309117818858156,0.095,0.138,1
"BCL10",0.0175794920789865,0.408334977496582,0.402,0.37,1
"AKNA",0.0175937431374723,-0.308413561627029,0.221,0.283,1
"HUWE1",0.0176013098190681,-0.28119357801094,0.161,0.214,1
"ABCE1",0.0177807393845843,-0.290893694631356,0.176,0.232,1
"SULF2",0.0178982501276473,0.8518211287919,0.169,0.132,1
"FH",0.0179043165064502,-0.2525214754254,0.069,0.106,1
"ESYT2",0.0179467140608693,-0.391111525296587,0.068,0.105,1
"LINC00513",0.0180207163365141,-0.318547013057737,0.09,0.132,1
"OTULIN",0.0181280302637441,-0.346282142737138,0.095,0.138,1
"HECTD4",0.0182864966017698,0.614215117319617,0.132,0.093,1
"TSR3",0.018527848916067,-0.279183768499199,0.177,0.232,1
"SLC2A3",0.0185567858721206,-0.535152259441137,0.193,0.242,1
"TAF8",0.0186552432676131,-0.387362882335087,0.094,0.135,1
"NOP14",0.0188042232990043,-0.427535368966127,0.077,0.114,1
"INTS11",0.0191024799936413,-0.322786030859431,0.09,0.132,1
"SLC35E3",0.0194036200087929,-0.261182215407334,0.099,0.142,1
"SEC61A1",0.0197368950353634,-0.540296932461464,0.077,0.114,1
"PIM1",0.0198965118975496,-0.363946144796274,0.12,0.164,1
"RFTN1",0.0200074262620124,0.647489684937455,0.159,0.121,1
"ORC4",0.0204387156685804,-0.268078021749105,0.089,0.13,1
"SSH2",0.0204401999204844,0.530404027002259,0.324,0.291,1
"C20orf27",0.0205338668042796,-0.393299638080465,0.073,0.11,1
"PURA",0.0206943786082531,-0.261947399225218,0.129,0.179,1
"BOD1",0.0208480065472456,0.889523279195435,0.103,0.069,1
"UBN2",0.0209335414932333,-0.506450153471637,0.069,0.105,1
"GPN1",0.0209962897877447,-0.391973835048185,0.07,0.106,1
"MATR3.1",0.0212180449492001,-0.322374057210844,0.103,0.145,1
"TMEM38B",0.0213071152821844,0.784048051511502,0.136,0.1,1
"MMD",0.021415454899464,0.872956332376401,0.161,0.126,1
"DUSP5",0.0214554215573981,0.923047086960606,0.163,0.127,1
"DUSP1",0.021687698840705,-0.453220897391312,0.628,0.678,1
"HPS5",0.0217320814646948,1.15934339525041,0.109,0.076,1
"QTRT2",0.0218149442172446,-0.36117887628858,0.084,0.122,1
"TMED3",0.022083993375363,-0.270380358996406,0.088,0.127,1
"LPXN",0.0224863355688245,-0.326399626823112,0.111,0.155,1
"C7orf50",0.0227715583400035,0.691586435279108,0.267,0.24,1
"CEP120",0.02282561600005,-0.287210602021073,0.088,0.129,1
"REL",0.0229026991249321,0.266174375603949,0.59,0.549,1
"EIF4EBP2",0.022947843860616,-0.262878869912412,0.131,0.179,1
"CHIC2",0.0230286371747028,0.89700809166179,0.135,0.1,1
"GOLGA8B",0.0232379442545634,-0.380384167296536,0.085,0.124,1
"ISG20L2",0.0232616707399723,-0.461287898447993,0.075,0.111,1
"SNRNP27",0.0232832870935716,0.533862478846201,0.288,0.251,1
"COMMD4",0.0233651980487696,-0.305423102587469,0.085,0.124,1
"CBX7",0.0233710943450694,-0.25575091668554,0.1,0.143,1
"PTPN4",0.0234056561024633,-0.314191678182986,0.078,0.116,1
"ASXL1",0.0234269994921386,0.433011262490193,0.35,0.325,1
"SEC61B",0.0235121897015144,-0.36129564952323,0.447,0.528,1
"SCAPER",0.0237447232955994,-0.364176767256458,0.099,0.14,1
"ID3",0.0242092951265685,-0.359814273457897,0.068,0.101,1
"GARS",0.0242877047392962,-0.433198033538119,0.091,0.129,1
"KLHL28",0.0245275938025969,-0.313235742318306,0.069,0.103,1
"ANKZF1",0.024540549707636,-0.408388108180367,0.078,0.114,1
"GM2A",0.0249437685088262,-0.4516474965746,0.073,0.108,1
"MARF1",0.025098326784022,0.545179940203306,0.24,0.205,1
"GPATCH4",0.0251533346186666,-0.533827519406252,0.089,0.127,1
"NHLRC2",0.0251775185912205,-0.404740259147681,0.075,0.111,1
"THAP11",0.0253350861190257,-0.252517345810851,0.105,0.147,1
"CLK3",0.0254688848703379,-0.284445041453372,0.085,0.124,1
"BAZ2A",0.0254934827739561,0.551390935415686,0.32,0.291,1
"RNF125",0.0256664762125052,-0.365518425595152,0.077,0.113,1
"UXS1",0.0257891063286596,0.9744335731795,0.115,0.082,1
"CLPX",0.0261408589558715,-0.349668351655276,0.098,0.137,1
"ZNF506",0.0263533649567274,0.694930527172612,0.21,0.174,1
"NHLRC3",0.0265106777786693,-0.2743562090216,0.135,0.182,1
"ZNF107",0.0265565578363843,-0.302225356609061,0.183,0.242,1
"TAPT1",0.0266474533541908,0.392969194196684,0.263,0.222,1
"PGRMC1",0.0269050116958316,1.1851913499389,0.114,0.082,1
"NUP214",0.027301657824601,-0.299115100448755,0.091,0.13,1
"ZBTB43",0.0277396599583421,-0.414319118649236,0.083,0.119,1
"LGALS9",0.0277876429144378,0.526696978747777,0.194,0.155,1
"IER2",0.0278040527353158,-0.467682234937464,0.433,0.494,1
"C12orf76",0.0282775961722891,-0.356469600136876,0.069,0.103,1
"LARP7",0.0284242213714791,0.511220681435531,0.29,0.254,1
"GABPB1-IT1",0.0285713543051029,0.386290998649339,0.499,0.493,1
"TEN1",0.0286096772035871,-0.27646452894975,0.105,0.145,1
"UBE3C",0.0290186175122723,-0.382037245898165,0.078,0.113,1
"OSTM1",0.0292390852183047,-0.275378506893221,0.069,0.103,1
"ING1",0.0293835794902755,-0.374188642709629,0.082,0.118,1
"OXSR1",0.0294336304995695,-0.258427636566709,0.074,0.11,1
"RNF113A",0.0296503339190418,-0.376103984865543,0.114,0.155,1
"ERI3",0.0297045262969399,-0.619651932775947,0.07,0.103,1
"PLAAT4",0.0298430093861472,-0.256461988272546,0.173,0.221,1
"SRA1",0.029889838985511,-0.256168274296662,0.09,0.129,1
"NXF1",0.0301991113763374,-0.288083358676056,0.072,0.106,1
"RAD51-AS1",0.0308913362020411,0.819499904423889,0.136,0.103,1
"MTR",0.0309712841137251,-0.520271843504074,0.103,0.14,1
"ELF2",0.030997312105625,0.529756980066835,0.263,0.23,1
"OMA1",0.0314869996540664,-0.253056756275968,0.079,0.114,1
"ICOSLG",0.0316054205482311,0.551485959647779,0.153,0.118,1
"DCPS",0.0316963882105818,-0.373497079689686,0.074,0.108,1
"ETFRF1",0.0318681385499791,-0.261584495652408,0.091,0.129,1
"RPP38",0.0324340878143514,-0.279160918437536,0.117,0.159,1
"CARD11",0.0329641031876152,-0.28162191931821,0.096,0.135,1
"DYNLT1",0.0330828659706455,-0.269645251111632,0.145,0.192,1
"ZFP36L1",0.0331897238513381,0.265823134622598,0.722,0.758,1
"P2RY10",0.033201499903093,0.389445577650477,0.456,0.443,1
"TERF2IP",0.0337526297543026,0.369279856900891,0.445,0.452,1
"S100A9",0.0339885566446526,-1.08895624291743,0.121,0.164,1
"MEPCE",0.0340358216240692,-0.294627226213219,0.075,0.11,1
"XAF1",0.0342073141255398,0.764404116093582,0.22,0.187,1
"NDUFA8",0.0342459553522041,-0.26891252325904,0.072,0.105,1
"SGF29",0.0352269696165952,-0.36010841229204,0.072,0.105,1
"STIM1",0.0354763874739801,-0.270414464388326,0.111,0.151,1
"SNRNP40",0.035538278380672,-0.380712183074604,0.104,0.142,1
"SLC2A6",0.0355393318288524,-0.337996687103606,0.069,0.101,1
"PLIN2",0.0356527712510755,-0.455789465491368,0.084,0.119,1
"LILRB1",0.0360145263229993,-0.325490235844857,0.085,0.121,1
"NUP42",0.0367325658188317,-0.259083148522523,0.125,0.169,1
"ATF2",0.0379807717756641,-0.431784811169322,0.077,0.11,1
"PIM2",0.0380361966763973,0.550891545184589,0.265,0.237,1
"ARMH3",0.0382323459575259,-0.371671381159214,0.075,0.108,1
"SCRN1",0.0382905835216196,-0.429876250931393,0.074,0.106,1
"DNAJB12",0.0383245738901446,-0.292695147768218,0.112,0.151,1
"USP15",0.0390098612620622,0.315021099956178,0.418,0.398,1
"AGGF1",0.0394774768448881,-0.329741087995219,0.082,0.116,1
"MANF",0.0394877575357464,-0.531120787201667,0.124,0.164,1
"TGFBR2",0.0397365110620191,0.301883498376353,0.392,0.367,1
"UBQLN2",0.039778906523966,-0.281150668296703,0.083,0.118,1
"HIST2H2AC",0.0401268028101603,0.469607623219251,0.334,0.311,1
"TAB2",0.0407048542064548,-0.257424666701702,0.117,0.156,1
"CCNDBP1",0.0407322776711172,0.354000678455072,0.337,0.312,1
"CHMP1B",0.0407731832983461,-0.347883209176115,0.266,0.327,1
"NR3C1",0.0423580160186784,0.480575638405976,0.339,0.314,1
"HIBCH",0.0424277587165812,-0.25297061250393,0.079,0.113,1
"BACH1",0.0432858004285637,0.456378592733767,0.319,0.288,1
"HBB",0.0436554158776032,-0.360259975298076,0.541,0.581,1
"CCDC191",0.0438999549260773,0.674690020875166,0.133,0.1,1
"CDCA7L",0.0447960293659586,0.485843570092778,0.314,0.288,1
"UHRF2",0.0452118273850162,0.803498792371216,0.159,0.129,1
"GIGYF2",0.0453353334159798,-0.272281938146082,0.09,0.124,1
"CD200",0.0454132978168226,0.688674147410187,0.101,0.072,1
"SIAH1",0.0454649267769129,0.84859112222777,0.112,0.084,1
"C8orf33",0.045778529060381,0.581035463654559,0.172,0.137,1
"HELQ",0.0458715912288854,0.718107583139444,0.1,0.071,1
"ARIH1",0.046917024925873,-0.368694181906538,0.164,0.208,1
"TOR1AIP1",0.0471318195357006,-0.300477143249525,0.104,0.14,1
"FBXW2",0.0472703092250545,-0.304242960325433,0.095,0.13,1
"TXNDC11",0.0478659384998793,-0.452150162180915,0.077,0.11,1
"RUVBL1",0.0482561507355701,-0.410449914136676,0.093,0.127,1
"GABARAPL2",0.0489756237675975,0.377011310410595,0.425,0.414,1
"HSP90B1",0.049048360443504,-0.283826457521581,0.509,0.589,1
"MARK2",0.0497277537261184,-0.387019363668341,0.087,0.119,1
"HIST1H2AC",0.0501863339400849,0.916985156888426,0.185,0.158,1
"CEP68",0.0503869680865564,0.436125560259337,0.122,0.092,1
"IARS",0.0515396229019927,-0.37580282059347,0.087,0.119,1
"STXBP2",0.051780634839973,-0.308377445388281,0.093,0.126,1
"PDE4D",0.0523272461386463,-0.404875996315383,0.121,0.158,1
"AL161781.2",0.0523934112818302,0.817405207989178,0.119,0.09,1
"LRRK2",0.0524098237979398,-0.359306821874554,0.096,0.13,1
"SAMD1",0.0537217572934369,-0.357363403572656,0.078,0.108,1
"ITFG2",0.0539981197718412,-0.267874994747901,0.098,0.134,1
"DEF6",0.0541941980629831,-0.26173906486289,0.082,0.113,1
"ACLY",0.0553435489674959,-0.327987430940973,0.079,0.11,1
"ZNF37A",0.0556155970926076,-0.303131092354991,0.145,0.184,1
"GNLY",0.0557814847210026,-1.37802567386202,0.089,0.122,1
"MTHFR",0.0563422773096197,-0.441242461365301,0.088,0.119,1
"DDX27",0.0564241884259954,0.480468949770752,0.328,0.304,1
"AC007384.1",0.0567208632233189,0.763524662552316,0.121,0.093,1
"POLR2M",0.0569560153970452,0.715959686838479,0.155,0.124,1
"HPF1",0.057502926997149,-0.253484529208638,0.07,0.1,1
"RPS6KA3",0.0577014703314925,0.343827332730826,0.206,0.171,1
"TCEAL8",0.0578039277484235,-0.305023823052036,0.08,0.111,1
"RUBCNL",0.0585445515436293,0.526856577789399,0.206,0.177,1
"TRMT10B",0.058754398081078,-0.26750834507094,0.08,0.111,1
"MARCH3",0.0592083206563028,0.558690871741548,0.132,0.103,1
"ACSL4",0.0593176380797643,-0.447075500078819,0.074,0.103,1
"SNRK",0.0593250256150944,0.500452749127939,0.201,0.171,1
"FOXO1",0.0604997988588486,0.4803635276271,0.219,0.184,1
"MICAL3",0.0611430623889358,0.554421307118564,0.188,0.156,1
"CRLF3",0.0612009841227372,0.711743496469246,0.176,0.148,1
"ZNF844",0.0612964837287258,0.555758317735563,0.13,0.1,1
"AP1M1",0.0613412380497166,-0.393883253157949,0.117,0.153,1
"MT2A",0.0613998439205383,-0.305397764296824,0.08,0.111,1
"THADA",0.0617716019483791,-0.34343917274021,0.078,0.108,1
"SYF2",0.0619511053288259,0.260333607955268,0.616,0.63,1
"RNASEH1",0.0621037332871303,0.561941027155476,0.221,0.196,1
"MCUB",0.0624116001551232,0.333720760392264,0.372,0.351,1
"TXNL4A",0.0632370483911257,0.41900258457406,0.315,0.29,1
"RPF1",0.0636199155457037,0.622779727672706,0.219,0.192,1
"MYC",0.0642288204280146,0.451576234604177,0.342,0.316,1
"GABBR1",0.0647718426891296,-0.339594957310835,0.079,0.11,1
"ZNF395",0.0655699473701254,-0.261095612974427,0.13,0.169,1
"IRF9",0.0657800658294188,0.538186014425315,0.257,0.232,1
"EID1",0.0663743572965823,0.261896044826485,0.6,0.617,1
"TAF1",0.068899390917135,-0.47417015790493,0.073,0.1,1
"PNRC2",0.069013048093636,0.362722840503713,0.446,0.448,1
"GABPB1-AS1",0.0691729352969628,0.287059865947946,0.46,0.433,1
"GRASP",0.0698162911830068,-0.497457036295609,0.184,0.221,1
"SCAF4",0.0703739184800019,0.31760847846185,0.184,0.148,1
"TDG",0.071182203979839,0.705053862277462,0.159,0.13,1
"TMC8",0.0717336580189846,-0.270777616209698,0.176,0.219,1
"YEATS4",0.0719841191526233,0.748429700318231,0.115,0.089,1
"MTRNR2L8",0.0723543436207066,0.360961049130884,0.408,0.404,1
"PCNX4",0.0726195143090947,-0.351797832120399,0.075,0.103,1
"KMO",0.0730463840098271,0.523242515347249,0.103,0.076,1
"CCDC112",0.073064089964447,0.588554226063714,0.108,0.081,1
"ZNF770",0.0730913798215681,0.56236928914955,0.185,0.155,1
"JADE1",0.0732942571815348,-0.294977282548241,0.117,0.151,1
"CUL4B",0.0735764799644228,-0.341918192450573,0.088,0.118,1
"GGA2",0.0736556430443938,0.371873453213629,0.363,0.34,1
"NFKBIZ",0.0738610487786076,0.632663042333715,0.262,0.24,1
"NRBP1",0.0745798004040323,-0.257888586258082,0.101,0.135,1
"LINC01215",0.0748470182647557,0.497105184719118,0.289,0.271,1
"DTNBP1",0.0752131088784749,0.456175880051401,0.193,0.163,1
"MED19",0.0760854535895619,-0.348743914667591,0.103,0.134,1
"RPL22L1",0.0768221792349337,0.317851173511819,0.621,0.646,1
"BSDC1",0.0768603221016341,0.696433704750982,0.2,0.176,1
"HEXD",0.0773266227844528,0.497589091406599,0.205,0.176,1
"CIZ1",0.0773781215893405,-0.317889704064367,0.088,0.118,1
"GPR18",0.0778997956487475,0.480683931341841,0.14,0.111,1
"MX1",0.0789195484425378,0.860472284178273,0.179,0.155,1
"SIPA1L3",0.079891214484983,0.463567064616982,0.147,0.116,1
"RNF141",0.0800862072312049,0.561603192659983,0.218,0.193,1
"ANKRD49",0.0802564425636634,0.469835440927424,0.329,0.306,1
"STMN1",0.0804267787479552,0.257960978971456,0.157,0.126,1
"CCNL1",0.0810137863761195,-0.274906436178105,0.54,0.602,1
"AC004889.1",0.0818882368356951,-0.343422258794646,0.093,0.122,1
"SLC12A6",0.0827953695640191,0.580650843218397,0.184,0.156,1
"P2RY14",0.0828084931505329,0.428121849773055,0.108,0.081,1
"NKG7",0.0829126404639952,-1.47096640324787,0.088,0.116,1
"BUD31",0.0831614942729131,0.531346740080923,0.324,0.317,1
"SATB1",0.0832116049501004,0.503722558763668,0.164,0.135,1
"DERL3",0.0842308553500171,-0.541237817104246,0.084,0.111,1
"ZCCHC10",0.0843750963397217,0.467874163440745,0.328,0.308,1
"ACYP1",0.0857581359829306,-0.272820837916686,0.087,0.116,1
"TCP11L2",0.0858556818432441,0.3874293269414,0.236,0.208,1
"CCDC18-AS1",0.0862257130972507,0.461872347285105,0.267,0.246,1
"ZNF91",0.0868578898575195,-0.4376366443343,0.111,0.14,1
"CERS4",0.0875332919735203,-0.271106738176189,0.074,0.101,1
"SNHG9",0.0876751849745965,0.469808825339078,0.282,0.261,1
"FCRL5",0.0884056689399079,-0.260368912606763,0.098,0.127,1
"LSM3",0.0884648424909678,0.402948645124933,0.413,0.411,1
"PPDPF",0.0886138631440272,0.266501703291894,0.551,0.57,1
"EPB41L4A-AS1",0.0910814326576848,0.303391230669344,0.485,0.493,1
"MBD2",0.0911196324728943,0.36229780520514,0.433,0.438,1
"LINC01480",0.0913110507703673,-0.273937758996716,0.079,0.106,1
"FAM3C",0.0914571429413733,0.443051577515254,0.324,0.311,1
"LAIR1",0.0917326990070181,0.598982798169068,0.12,0.093,1
"DCAF11",0.0919856357544316,-0.280586053483208,0.088,0.116,1
"GATAD1",0.0921360796935341,-0.298180461491816,0.124,0.155,1
"WDTC1",0.0927122392630123,-0.364189608307055,0.078,0.105,1
"FAM98B",0.0930837237665915,0.494006674107893,0.135,0.11,1
"SFT2D1",0.0943401227676095,0.417371179832135,0.222,0.195,1
"MAP7D3",0.094465085256655,-0.295564310019284,0.082,0.11,1
"ZBTB18",0.0951605227133219,0.444981357700624,0.166,0.137,1
"DPEP2",0.0966735434368195,0.607446414572375,0.11,0.085,1
"NRBF2",0.0968085806637985,0.600856922465064,0.163,0.138,1
"MLH3",0.0968311245999432,0.805127824504909,0.108,0.085,1
"PARP14",0.0975450232077558,0.331492409624761,0.4,0.386,1
"CIR1",0.0992744053474674,0.425716519974328,0.41,0.42,1
"AC253572.2",0.0996548698744206,-0.820832789461125,0.082,0.106,1
"TTC32",0.10017641432465,0.6990946467257,0.167,0.143,1
"PCIF1",0.100662445390126,0.451841799967674,0.232,0.208,1
"LINC02245",0.100760328191135,0.70746450692898,0.132,0.108,1
"GORASP2",0.102218036533878,-0.256343053269548,0.098,0.127,1
"AL121603.2",0.102444377360228,0.69821331423783,0.106,0.084,1
"SFT2D2",0.103941593609429,0.488422700769615,0.263,0.245,1
"SNX22",0.104576545980025,0.581218757129645,0.205,0.182,1
"KLHL24",0.104627262192518,0.324174455653298,0.279,0.248,1
"SH3BP2",0.105504381677519,0.652961115229427,0.114,0.09,1
"FAM133B",0.107092229996592,0.293717787523138,0.472,0.454,1
"GRINA",0.107494154154487,-0.260072961064044,0.079,0.105,1
"CCDC66",0.108944855378528,0.629838264056415,0.176,0.151,1
"MCMBP",0.10981583839749,-0.28283187504144,0.078,0.103,1
"ZEB2",0.111637679466362,0.270661764293953,0.339,0.314,1
"COA1",0.111986895915532,0.51033309532832,0.23,0.208,1
"AC008124.1",0.1188144047643,0.806403423147115,0.11,0.089,1
"WHAMM",0.120136366874055,0.392065901846902,0.226,0.201,1
"PPCS",0.120574196681947,0.433399697777831,0.295,0.283,1
"SLMAP",0.121270020818872,-0.283385034972772,0.084,0.11,1
"BCAS2",0.121524894343016,0.560849789246577,0.302,0.3,1
"COG5",0.122626007107686,-0.288036947225609,0.09,0.116,1
"ATG13",0.123415128177138,0.588269165251694,0.151,0.127,1
"PANK3",0.124015872088568,0.54061391171764,0.115,0.092,1
"AUTS2",0.128462042490002,0.585299201657844,0.136,0.114,1
"BRD1",0.129162893134714,-0.317892754519052,0.085,0.11,1
"Z99127.4",0.129771918423347,0.675669055366594,0.108,0.087,1
"RNF145",0.130727942777546,0.358032718137399,0.262,0.237,1
"DMAC2L",0.132185690411351,0.468399516980786,0.21,0.187,1
"IFNGR2",0.133078932716386,0.336381919751022,0.328,0.308,1
"CHI3L2",0.134277692382767,0.594615399660702,0.106,0.084,1
"KLHL5",0.134421359002959,0.56105464189212,0.168,0.147,1
"PPIB",0.135163715928887,-0.462882796998134,0.543,0.607,1
"ZMAT2",0.135864441775749,0.487747071842174,0.321,0.316,1
"FBXO25",0.136664075155234,0.717632886253488,0.147,0.126,1
"COL19A1",0.136939157736982,0.56844617267551,0.192,0.169,1
"AC006230.1",0.138543590848946,0.61814958622266,0.122,0.101,1
"WDFY4",0.139434674339887,0.408651232823472,0.261,0.238,1
"VPS13A",0.139580074528044,-0.292319412776572,0.11,0.137,1
"ZNF22",0.140139194166653,0.440596433443694,0.29,0.279,1
"HSD17B12",0.14220913388983,-0.296841396477637,0.105,0.13,1
"AC108863.2",0.142989135602082,0.299248026009016,0.205,0.179,1
"ADPRM",0.144036703006475,0.472584127012189,0.115,0.093,1
"TNFAIP3",0.144369482872896,-0.419204667267279,0.19,0.225,1
"PFDN1",0.144758597154169,0.4284503681328,0.303,0.285,1
"STAT2",0.145365269426451,0.583753028771466,0.145,0.119,1
"ARID5A",0.1456377841097,0.707618172704588,0.112,0.092,1
"PCMTD2",0.150395703779034,0.558170391860398,0.161,0.138,1
"MT-ATP8",0.151425044711565,0.507241947418725,0.334,0.335,1
"RWDD3",0.152724378953641,0.284004159642765,0.25,0.225,1
"MRFAP1",0.153731645534652,0.439518322469684,0.34,0.332,1
"CGRRF1",0.153918240524539,0.636184041972961,0.11,0.09,1
"ANKRA2",0.154502574547183,0.729069905893143,0.109,0.089,1
"KLF3",0.155918895788561,0.442030127967281,0.299,0.285,1
"ZNF439",0.159827845101414,0.587209757890759,0.105,0.085,1
"MXD4",0.160625096364266,0.403221928474213,0.226,0.206,1
"TM2D1",0.160667200614992,0.3554186698459,0.218,0.195,1
"TIMM9",0.160674118231476,0.521792507664844,0.203,0.184,1
"UVRAG",0.160812543920377,0.413326231348253,0.377,0.383,1
"PER1",0.161439567536108,-0.274081867594551,0.1,0.124,1
"BLCAP",0.161650219540055,0.446429373693301,0.239,0.222,1
"LCOR",0.163426998803499,0.334839887751791,0.257,0.242,1
"AC008105.3",0.164023271772171,0.387476381717123,0.109,0.089,1
"KTN1",0.167846014330632,0.287873115449015,0.485,0.496,1
"TANK",0.169085887805483,0.454175123299684,0.321,0.316,1
"DAPP1",0.169629521538562,0.330654758067285,0.36,0.359,1
"MAP2K7",0.17041445298026,0.500508800444319,0.133,0.113,1
"SLK",0.170524079608327,-0.279404882150967,0.101,0.126,1
"RASGEF1B",0.171477040868801,-0.378922299987822,0.135,0.159,1
"OGFRL1",0.172723763942214,0.438766534950268,0.201,0.18,1
"RNF44",0.173057858610668,0.545692947848558,0.159,0.14,1
"NUAK2",0.173531191826272,0.333280420770343,0.145,0.122,1
"PELI1",0.17448955977951,0.387892063509052,0.367,0.359,1
"TRAPPC6A",0.174749680043001,0.42929051059183,0.218,0.198,1
"HNRNPH2",0.175180926684109,0.448979837869616,0.231,0.213,1
"ZNF350",0.175798813396775,0.600824089467499,0.145,0.124,1
"ABCB4",0.177404041024341,0.560823053274863,0.116,0.097,1
"ANAPC1",0.17740704445164,0.730400254530218,0.104,0.085,1
"ZNHIT3",0.177434701997797,0.445395065479811,0.256,0.238,1
"MED4",0.178270289505075,0.373813604520687,0.308,0.3,1
"CCNG2",0.179784600054539,0.4779838593345,0.216,0.196,1
"CASK",0.182044321323818,0.509559769415935,0.104,0.085,1
"TP53TG1",0.182192885925734,0.688241126915513,0.155,0.137,1
"DICER1",0.183585544791283,0.629732602952031,0.198,0.182,1
"SIPA1L1",0.183801092461952,0.352147428675822,0.236,0.213,1
"HLA-F",0.185156715793898,0.277871838049299,0.481,0.501,1
"SNN",0.186572086082358,0.490970118504757,0.166,0.147,1
"STAG2",0.187347490464092,0.330230423271477,0.373,0.374,1
"CHCHD1",0.191253798705025,0.738160271964073,0.15,0.134,1
"RAB1A",0.191651000966238,0.313771317728577,0.129,0.161,1
"SORL1",0.192725115623768,0.420379292525943,0.157,0.135,1
"SEC63",0.193292272520759,0.455909478535461,0.215,0.2,1
"CDC14A",0.193507309188851,-0.314357855876133,0.084,0.105,1
"STRADB",0.193533745717244,-0.251371449792446,0.085,0.106,1
"AC027644.3",0.193638635611133,0.435863270067332,0.133,0.114,1
"EXOC7",0.193872298809393,0.521291643581075,0.112,0.095,1
"THUMPD3-AS1",0.197900533866705,0.351383845210806,0.357,0.357,1
"CACUL1",0.198550958560632,0.536707075779471,0.122,0.103,1
"BRD9",0.199006732286355,0.455152265596174,0.151,0.13,1
"RB1CC1",0.200895016839742,0.298396991288606,0.279,0.259,1
"HLA-DQA2",0.201004504508761,0.301849567751339,0.47,0.625,1
"NUDCD3",0.202328006955756,0.28391805410951,0.143,0.121,1
"MAP4K5",0.203437348286449,-0.253984312539676,0.094,0.116,1
"NPAT",0.203934096279254,0.554404951603161,0.14,0.119,1
"LINC01089",0.204328247722518,0.418917912057345,0.116,0.097,1
"STIM2",0.204714824109434,0.281063287314858,0.335,0.329,1
"ZNF302",0.205867828646482,0.515336068746609,0.15,0.13,1
"KDM7A",0.207132846644893,0.574564680219192,0.148,0.13,1
"NECAP2",0.207265612306974,0.452583953165489,0.277,0.267,1
"PAXIP1-AS1",0.207823003273715,0.501807809639436,0.105,0.087,1
"MAP4K4",0.210219912106704,0.283944572022497,0.362,0.351,1
"ZNF480",0.213006222277753,0.608141401700971,0.13,0.113,1
"ATF7IP",0.218144130485467,0.253483215033142,0.47,0.481,1
"EBPL",0.219916579122971,0.559833632278695,0.201,0.187,1
"ARHGEF7",0.220510785938134,0.515723628618456,0.119,0.1,1
"HIST1H3D",0.22126975545952,0.259736544975811,0.115,0.143,1
"FGFR1OP2",0.224306843288215,0.36791065094626,0.281,0.272,1
"CCNB1IP1",0.226919165178204,0.64459414746037,0.206,0.192,1
"NSMCE1",0.232889577736649,0.378731218385739,0.168,0.15,1
"RHOQ",0.233429927944049,0.392046025966018,0.316,0.312,1
"EPB41L2",0.235914807710849,0.385317697709335,0.127,0.108,1
"CWF19L2",0.237351196076554,0.531292867632722,0.204,0.192,1
"MZB1",0.237948873920584,-0.622406612502768,0.189,0.214,1
"CNOT1",0.23937049309729,0.391692362155072,0.352,0.356,1
"RPAIN",0.24193482813326,0.455196888952947,0.251,0.245,1
"PCGF5",0.243681391837314,0.321760064213784,0.329,0.329,1
"ZNF736",0.243688092644332,0.340071692164142,0.162,0.142,1
"UBALD2",0.243976138633318,0.286888066711783,0.418,0.412,1
"TRAPPC2",0.24547945807864,0.42439202073304,0.168,0.151,1
"STMN3",0.248608592487848,0.31818290402738,0.143,0.124,1
"SKAP1",0.250149312419904,0.314049592501989,0.167,0.148,1
"H2AFY",0.250355861003449,0.351271702549342,0.277,0.272,1
"VIRMA",0.250431734989098,0.561459321474913,0.121,0.105,1
"PPP2R1A",0.255120018432051,0.447263036680604,0.177,0.161,1
"ZNF121",0.256802182079399,0.599043852930393,0.11,0.095,1
"OSER1",0.258593961166056,0.327399529548216,0.318,0.312,1
"CYP51A1",0.260089635545362,0.281748521432545,0.1,0.124,1
"C22orf39",0.264304382474692,0.552531973147109,0.168,0.155,1
"GTPBP4",0.264682834541989,0.598765296491275,0.176,0.163,1
"UTRN",0.264949735541054,0.28702651623932,0.354,0.348,1
"PLSCR1",0.265511923772531,0.40320685169485,0.106,0.092,1
"ZNF721",0.265990307236098,0.345579455895551,0.22,0.201,1
"OTUD6B-AS1",0.266163981456492,0.395961675578335,0.248,0.238,1
"DGKA",0.268931588962254,0.4540585191255,0.117,0.101,1
"CLIC4",0.269125844643157,0.3351426468242,0.173,0.156,1
"SERPINB9P1",0.27218000187856,0.471768934066662,0.11,0.095,1
"PCNP",0.273324248168731,0.368952801805374,0.43,0.457,1
"FAM53B",0.274707550583645,0.368632354634306,0.188,0.172,1
"P4HA1",0.276512994556014,0.403460559196179,0.132,0.116,1
"MAPKAPK5",0.278563472662669,0.499443378325212,0.106,0.092,1
"ICA1L",0.278939279285819,0.411901987899458,0.166,0.151,1
"POLR2J3",0.284786774561634,0.334798765403401,0.326,0.327,1
"GOLT1B",0.293197120453486,0.283241554924939,0.094,0.114,1
"DYNC1LI1",0.294399455385013,0.610050802666471,0.153,0.14,1
"N4BP2L1",0.296801034003636,0.381398796908987,0.253,0.248,1
"NDUFA7",0.298041308865557,0.352031979154942,0.252,0.248,1
"BTLA",0.299645303683014,0.351316490374363,0.177,0.161,1
"MXI1",0.301765671691533,0.342468542720445,0.218,0.203,1
"LLPH",0.302552622098851,0.323129613058013,0.272,0.264,1
"NUDT3",0.302894080761427,0.411420982067783,0.2,0.187,1
"PIK3C3",0.303024416972122,0.672087922250912,0.1,0.087,1
"GPR174",0.303155545412576,0.374691914253531,0.129,0.113,1
"DCLRE1C",0.303555198533292,0.48243008853833,0.145,0.13,1
"PPTC7",0.305849578438371,0.531018004317241,0.156,0.142,1
"TRIM44",0.309551297083869,0.348128928704507,0.252,0.243,1
"DIS3",0.310830358993552,0.452115449434054,0.183,0.171,1
"BAZ2B",0.312643456651661,0.255309366818514,0.108,0.129,1
"USP7",0.312877551323733,0.409682839756282,0.299,0.303,1
"MAPK1IP1L",0.31394583083709,0.384262353266516,0.305,0.303,1
"FAM76A",0.315034299481537,0.66070115239378,0.106,0.093,1
"SLC44A2",0.316117256447342,0.344549892527634,0.19,0.177,1
"ZNF224",0.3178465694098,0.298394970801286,0.093,0.113,1
"LCORL",0.324365975360501,0.269934831373919,0.101,0.122,1
"TRIM26",0.326762275641369,0.56234468914728,0.101,0.089,1
"PJA2",0.326900469265808,0.314040429615398,0.43,0.454,1
"POLR2B",0.326990364752353,0.312059867641781,0.267,0.254,1
"C5orf24",0.332847850693065,0.464210365211075,0.205,0.196,1
"EIF2AK3",0.333124948359852,0.480868521390747,0.142,0.13,1
"CLK4",0.333767240020164,0.507410063802422,0.18,0.169,1
"WDR48",0.335301949457153,0.390831449803344,0.15,0.137,1
"SDHAF2",0.335428953527518,0.500366332447967,0.151,0.138,1
"RHBDD1",0.336279573135866,0.36237849700183,0.106,0.093,1
"ATXN7",0.338475603727389,0.538001803824893,0.136,0.122,1
"RBMS1",0.339142145495453,0.501111489610411,0.151,0.138,1
"SCO1",0.33959100156639,0.655287426862045,0.119,0.106,1
"AKR1A1",0.34120626494761,0.303641400562257,0.166,0.196,1
"CCNT1",0.342893114115388,0.448011616075915,0.172,0.161,1
"VEZF1",0.344643576345873,0.565811585243087,0.129,0.118,1
"MRPL23",0.345359193830047,0.549793342007409,0.163,0.155,1
"PTPRA",0.346237891972557,0.318388309005842,0.278,0.274,1
"ARMC8",0.347334543752462,0.354920400990298,0.164,0.151,1
"PFKL",0.350582310875575,0.402507001919448,0.177,0.166,1
"DCTN6",0.350646790862305,0.569817662141791,0.109,0.097,1
"UBA3",0.351563631576322,0.467252116867711,0.111,0.098,1
"RAMAC",0.354166451901469,0.627178111957954,0.153,0.145,1
"DDIT3",0.354960464732923,0.337130649023937,0.184,0.172,1
"TBPL1",0.355627934030344,0.568479370005016,0.132,0.121,1
"MCRS1",0.355698742600426,0.507817255113196,0.083,0.1,1
"DDX1",0.35808470042489,0.57121398696818,0.145,0.134,1
"ANP32A",0.358810601087505,0.258155353779253,0.472,0.494,1
"TMEM33",0.362232479442321,0.290553901096168,0.094,0.113,1
"TMEM50A",0.36367275344845,0.281580306792745,0.297,0.291,1
"CEP135",0.365360075128278,0.462329612557122,0.155,0.143,1
"EIF2AK2",0.365770147969394,0.382494582232963,0.208,0.196,1
"OSTF1",0.368046907001554,0.283459567788753,0.383,0.398,1
"NSUN5",0.368367116304252,0.441018352865512,0.146,0.134,1
"MED23",0.369346224444958,0.450367997919529,0.168,0.156,1
"MIER1",0.369584909741758,0.333680043152424,0.295,0.288,1
"SLC66A2",0.370838933133405,0.545019614495017,0.143,0.134,1
"GNB4",0.371643456873144,0.395993498896228,0.127,0.114,1
"KPNB1",0.373765042057467,0.338674750975815,0.313,0.314,1
"SNAP23",0.374302854053833,0.48603054806796,0.269,0.274,1
"MAGT1",0.37461751528177,0.274283339592805,0.115,0.137,1
"NUDT2",0.37467249891384,0.511450024735079,0.114,0.101,1
"ZFPL1",0.374979103745366,0.303694543567308,0.088,0.105,1
"LSM14A",0.375062582352139,0.325488434807401,0.4,0.425,1
"MAX",0.375919211276504,0.259317785130084,0.3,0.295,1
"UROS",0.376728557040229,0.317487840701543,0.115,0.135,1
"MBNL3",0.376842209004779,0.507520515053202,0.153,0.143,1
"SERINC1",0.378819949480847,0.409850467788771,0.286,0.285,1
"TRAK1",0.378986041870117,0.393610524500598,0.183,0.171,1
"WASHC1",0.379343374968006,0.365164237547361,0.129,0.116,1
"ATG3",0.379379411308641,0.38369333696362,0.145,0.171,1
"WBP11",0.380747389866116,0.329822291551013,0.297,0.301,1
"KIAA0355",0.386687657205286,0.324483106452517,0.22,0.211,1
"BANP",0.386882421856836,0.287155457970971,0.101,0.089,1
"MRPL55",0.38793401161943,0.267944254885815,0.163,0.192,1
"PLD4",0.389109715961928,0.58355610001195,0.114,0.103,1
"MTMR9",0.389882419808375,0.585390562740365,0.141,0.13,1
"USF3",0.392636375072935,0.49364315457169,0.218,0.209,1
"RAB21",0.393420618145299,0.341283469979169,0.305,0.308,1
"GOSR2",0.393925970397715,0.502601087574369,0.114,0.103,1
"ZNF638",0.394949116509417,0.260793313891564,0.234,0.224,1
"PSMA6",0.39614883176181,0.262512326416904,0.292,0.288,1
"EIF2S1",0.396420468339388,0.362470750795917,0.115,0.135,1
"SP1",0.39787394297901,0.343878083950235,0.125,0.113,1
"NDUFS2",0.403453907834287,0.323859300287878,0.148,0.176,1
"ITFG1",0.405141183729228,0.339957415420171,0.095,0.113,1
"SUB1",0.406354728630233,-0.266186112032891,0.739,0.757,1
"TMX1",0.407853676313059,0.609622152464413,0.125,0.116,1
"RBM7",0.408724791664086,0.416909484168331,0.199,0.193,1
"KLHDC2",0.409919962523101,0.337282979829677,0.171,0.161,1
"ATMIN",0.413190417025273,0.578160721832973,0.141,0.132,1
"SYNC",0.418273265785926,0.457424318308908,0.121,0.111,1
"NCOA2",0.418796696237969,0.453152266513741,0.152,0.142,1
"RRAS2",0.419228679535607,0.354643184100345,0.286,0.285,1
"INTS6",0.419467821573153,0.349937757773161,0.268,0.275,1
"CASP8AP2",0.421155176614144,0.312468105537396,0.104,0.122,1
"USP11",0.421237183562454,0.498084067001556,0.111,0.101,1
"FBH1",0.421508239470643,0.259394874607322,0.096,0.113,1
"PDP1",0.42488876951736,0.352161334637257,0.114,0.103,1
"TOP1",0.428575821293984,0.352877857141757,0.266,0.266,1
"TRAPPC2B",0.429694701205019,0.433049492236615,0.112,0.103,1
"LEPROT",0.432299673975131,0.291518817832508,0.099,0.114,1
"AP1B1",0.433144189187118,0.266600550713741,0.094,0.111,1
"SMIM15",0.433850550259226,0.702713045280661,0.132,0.126,1
"BBIP1",0.434709547294156,0.278422713849218,0.109,0.127,1
"NAE1",0.434891225550218,0.456547055866737,0.166,0.158,1
"FKBP1A",0.435464707884243,0.378508537832145,0.319,0.329,1
"AC005670.3",0.43551245512063,0.495543232288511,0.147,0.137,1
"DYNLT3",0.436471583621069,0.503699697022635,0.142,0.134,1
"NOC3L",0.43750784948768,0.453217209035705,0.14,0.129,1
"MAGEF1",0.437934846304547,0.584455479793875,0.104,0.095,1
"WWC3",0.439565669992768,0.449885327256387,0.135,0.126,1
"JUNB",0.441343151694844,-0.626371695289385,0.771,0.734,1
"ELOVL5",0.442382723339621,0.304312818761044,0.398,0.424,1
"UBE2B",0.442702471964291,0.344746844866622,0.407,0.438,1
"NEPRO",0.443086510870853,0.302782285828893,0.089,0.105,1
"UPF3B",0.443491178636137,0.517618449950286,0.114,0.105,1
"BTN2A2",0.445120061949271,0.548260969036451,0.124,0.114,1
"AGO2",0.45381752833894,0.501331978402606,0.146,0.137,1
"SYNE2",0.454061696379335,0.404934113855243,0.178,0.205,1
"ZMYND11",0.456597629777032,0.275318290367128,0.088,0.103,1
"CCDC28A",0.4580193635866,0.557219491694711,0.127,0.119,1
"PLCL2",0.45978087020143,0.428281580042748,0.171,0.163,1
"DHX38",0.459906214335052,0.455082472328588,0.106,0.097,1
"WDR70",0.460557124077608,0.512767772609371,0.12,0.111,1
"AC087190.1",0.46080254303311,0.422764014821203,0.106,0.097,1
"RO60",0.46150329325839,0.326401206184436,0.274,0.275,1
"UBE2F",0.463869219985962,0.434089330684252,0.088,0.103,1
"STK26",0.465188906206627,0.275256166896462,0.13,0.151,1
"LATS1",0.466618912444437,0.271080055779217,0.094,0.11,1
"MARCH2",0.467502219673241,0.811486030292831,0.122,0.116,1
"TP53",0.468513369661829,0.315476361169915,0.141,0.13,1
"SDF2",0.468945955232448,0.361649672676939,0.148,0.14,1
"SAMD9L",0.469799487894558,0.308457457310872,0.189,0.18,1
"SCNM1",0.471694752705958,0.290905181679887,0.121,0.138,1
"C12orf49",0.472405430405347,0.565227817757414,0.135,0.129,1
"PDXK",0.472758371832418,0.322846855955102,0.089,0.103,1
"TRIM13",0.474956720192875,0.306244987406092,0.163,0.155,1
"JAZF1",0.476506018034684,0.364391714225773,0.204,0.201,1
"AVL9",0.477636970416896,0.351176814583715,0.112,0.103,1
"PDCL3",0.477673268512893,0.380072918222593,0.145,0.166,1
"DTX3L",0.483049148840874,0.315529987496296,0.108,0.098,1
"GTF2B",0.485695017335046,0.347577043027736,0.229,0.23,1
"DDA1",0.485856403172212,0.291940571207102,0.119,0.137,1
"TMEM230",0.485949047909446,0.352766465101111,0.342,0.366,1
"MCTP2",0.487760294259364,0.442407545273655,0.137,0.13,1
"PGGT1B",0.488725001300312,0.441157757650383,0.166,0.161,1
"ZNF518B",0.49085127203128,0.431988239324936,0.1,0.092,1
"FYTTD1",0.49317332595117,0.393799805250135,0.194,0.192,1
"RSU1",0.4941748595249,0.296059794308065,0.14,0.159,1
"LIMD1",0.496218210039541,0.281071305560993,0.103,0.093,1
"SKAP2",0.496347027746209,0.269315262066451,0.356,0.362,1
"ZBED1",0.496996681063986,0.331096725797635,0.117,0.108,1
"NUP160",0.498194352359621,0.361010439218214,0.121,0.113,1
"RPP30",0.498261816190257,0.319612919331948,0.106,0.122,1
"RETREG2",0.499122037346317,0.319663828494068,0.101,0.118,1
"MBD5",0.500018394805939,0.528581009721882,0.157,0.153,1
"FGD5-AS1",0.500650972921531,0.327775411561897,0.197,0.193,1
"ME2",0.50154876033892,0.416327804015173,0.163,0.159,1
"SMAD4",0.502968683168299,0.372203825097778,0.14,0.134,1
"SMC5",0.503244718344902,0.505257948583404,0.22,0.219,1
"NDUFC1",0.503315688596714,0.255104834129926,0.309,0.316,1
"CCDC174",0.50390116746561,0.330187596167117,0.109,0.126,1
"ST3GAL1",0.506140896545323,0.272476837381849,0.101,0.118,1
"LAMP2",0.506701855850667,0.442490780060818,0.124,0.116,1
"TMEM41B",0.506803006263584,0.530955858732157,0.157,0.151,1
"SC5D",0.50735250599149,0.32803585710746,0.109,0.1,1
"MMGT1",0.50916876163603,0.264663641062333,0.095,0.11,1
"LINC00667",0.511578756304818,0.389006988248172,0.133,0.127,1
"VRK3",0.512622793956459,0.545953629980609,0.104,0.097,1
"SYNJ2BP",0.514285998898673,0.396862655048312,0.106,0.098,1
"RHEB",0.514984884391271,0.514737799939104,0.183,0.182,1
"CNOT8",0.515381583197388,0.282898274377426,0.183,0.177,1
"ATP8A1",0.517164904414355,0.391441474979114,0.12,0.113,1
"C6orf89",0.517454499418537,0.529750179075462,0.11,0.103,1
"LST1",0.519047130631215,0.333500080521565,0.136,0.127,1
"ZNF24",0.520730691872785,0.355095736695666,0.314,0.329,1
"DHX40",0.521048341592289,0.33181766950324,0.157,0.15,1
"RBFA",0.522107467222994,0.361500138405934,0.109,0.124,1
"MALT1",0.524063604618991,0.332114073274718,0.286,0.288,1
"DMTF1",0.5247348684705,0.298927178581246,0.185,0.177,1
"C1orf131",0.525424522176054,0.4570824211957,0.138,0.13,1
"KANSL1",0.525445377060661,0.384215172470416,0.305,0.317,1
"ZNF101",0.525751857655977,0.402936765452002,0.161,0.153,1
"COG3",0.527810239143424,0.580329655888303,0.133,0.127,1
"VAV3",0.530176873212554,0.281448375179093,0.218,0.213,1
"PDS5A",0.530799001744402,0.276292531410206,0.239,0.275,1
"AFF1",0.532607718158597,0.434151351102866,0.193,0.193,1
"TMEM30A",0.533963593390626,0.43618610896628,0.159,0.155,1
"RAB4B",0.534363347095809,0.555877419061974,0.14,0.135,1
"CDKN2D",0.536559618623106,0.374820831662654,0.323,0.333,1
"PTS",0.536895494802491,0.538001576576719,0.101,0.095,1
"ADAM19",0.536918469831582,0.353166449235067,0.255,0.256,1
"MAD1L1",0.537314115162939,0.321897783194469,0.13,0.147,1
"CYB561D2",0.53738965648877,0.583422459041643,0.101,0.095,1
"ICE1",0.538580240256995,0.250259903270135,0.125,0.142,1
"OGFR",0.539043022859058,0.263710743665728,0.156,0.177,1
"ZNF737",0.540940789923192,0.35001636574996,0.121,0.114,1
"HDLBP",0.541247352389583,0.317755137814776,0.095,0.11,1
"OSGEP",0.541387232101666,0.309347918657723,0.143,0.135,1
"RDH14",0.542630827449062,0.366161005827907,0.168,0.164,1
"HPS4",0.543077369019075,0.267348270630513,0.176,0.169,1
"PEX2",0.546345310761544,0.486754837752849,0.14,0.135,1
"UBE2M",0.546366325655167,0.258456680276957,0.227,0.229,1
"PHF11",0.546462673911256,0.49364546348612,0.248,0.262,1
"MYSM1",0.546830146609807,0.259376434917736,0.162,0.184,1
"PSMA4",0.547321368114393,0.300149030199962,0.268,0.272,1
"NCOA4",0.550787579442904,0.610051325687695,0.211,0.211,1
"BRWD1",0.553992852542159,0.409175590178439,0.174,0.169,1
"WTAP",0.554329771917822,0.323080566468456,0.379,0.407,1
"ACTR10",0.556836929162806,0.538648378731398,0.129,0.124,1
"GNPTG",0.558098975417628,0.334322714764833,0.101,0.093,1
"CORO1C",0.558125283856891,0.56207114505722,0.137,0.134,1
"CHMP3",0.558829212964241,0.335101117553004,0.278,0.283,1
"MRPS18C",0.558932426819384,0.353510117017853,0.222,0.222,1
"SLBP",0.559320087143236,0.295101859707055,0.106,0.121,1
"IFNAR2",0.561120073650985,0.293201534248786,0.129,0.145,1
"LRCH1",0.567735328069692,0.279726591501859,0.106,0.1,1
"EGLN2",0.569147764408484,0.384560247907265,0.124,0.116,1
"CBLB",0.569155896932428,0.364970580555024,0.156,0.151,1
"MFSD14A",0.570855806909495,0.270307655488851,0.114,0.129,1
"TBC1D15",0.57620276895645,0.332719792248578,0.162,0.156,1
"NCKAP1L",0.576631830704339,0.325011802320591,0.294,0.306,1
"CYB5B",0.577048514636734,0.2540552130807,0.1,0.113,1
"USP22",0.578591810596423,0.384608764473808,0.189,0.188,1
"TIFA",0.582443656571289,0.307846513120912,0.158,0.151,1
"EZH1",0.583891407078748,0.305898710806826,0.129,0.122,1
"MOB4",0.584281261596855,0.4129634417774,0.174,0.172,1
"TFDP2",0.584837929501813,0.340872710188592,0.158,0.155,1
"BRD7",0.586955707185649,0.289089800853771,0.35,0.369,1
"DLEU2",0.588566282432456,0.369893784373692,0.127,0.121,1
"COPS3",0.592431884637437,0.539321599078869,0.132,0.129,1
"LTA4H",0.592815190128732,0.298801989667169,0.342,0.353,1
"ARHGEF6",0.596028610827601,0.25747139010264,0.126,0.14,1
"CTDSPL2",0.598066576663822,0.280059940023449,0.168,0.164,1
"ATL2",0.599261160656044,0.442236515594436,0.112,0.108,1
"RALB",0.600003809169634,0.304486394205497,0.105,0.118,1
"MGA",0.600092805445162,0.25923863080831,0.116,0.11,1
"METTL23",0.600203977459207,0.298143919331668,0.216,0.246,1
"COPA",0.600557818178507,0.307778304351002,0.262,0.271,1
"SLC35C2",0.603395411086362,0.403235246693939,0.111,0.126,1
"TMEM208",0.603959399375075,0.326599516046086,0.156,0.153,1
"VCL",0.606124496340571,0.730751759592278,0.145,0.14,1
"THAP5",0.608497190170881,0.266513519230388,0.124,0.137,1
"ZMYM6",0.613145544469467,0.473228367435608,0.105,0.1,1
"ICE2",0.614246428389501,0.441275143226212,0.152,0.15,1
"AHCTF1",0.615625271517466,0.358038288576312,0.11,0.105,1
"ADPGK",0.619573568776957,0.316105051970408,0.213,0.213,1
"MRPL14",0.623059965103687,0.369043395361795,0.19,0.188,1
"MRPS10",0.623425615952008,0.374363333372885,0.162,0.18,1
"AQR",0.62530900639724,0.332445491421712,0.114,0.127,1
"RUFY1",0.625820719242093,0.529008928411388,0.136,0.153,1
"DDHD1",0.627477289778156,0.355451256423976,0.227,0.23,1
"SIKE1",0.629493629223498,0.46467637150034,0.1,0.095,1
"CERS2",0.630027625306662,0.378883988753022,0.098,0.11,1
"TRPS1",0.632521883286109,0.344587800692183,0.093,0.105,1
"C9orf72",0.634112999946875,0.272151279124396,0.119,0.114,1
"TAF11",0.634801316827629,0.447778333914665,0.15,0.148,1
"TSPAN33",0.635033116566754,0.330385703343604,0.229,0.229,1
"GOSR1",0.636293659194399,0.26679594128083,0.213,0.213,1
"TMUB2",0.638647540879193,0.551205429743983,0.106,0.103,1
"IGKC",0.64295514265556,-0.606021807991148,0.66,0.728,1
"PILRB",0.642962799070428,0.414186635064892,0.096,0.108,1
"NEIL1",0.643739809912282,0.651790345868681,0.116,0.113,1
"MRPL44",0.645694089083745,0.48901936976529,0.161,0.161,1
"RHOG",0.649734156676884,0.328452003769148,0.258,0.264,1
"DLG1",0.64994007986408,0.301312657054844,0.178,0.176,1
"SMNDC1",0.650113352168292,0.485064249600222,0.185,0.187,1
"SAMD8",0.650530143468187,0.381605513676116,0.112,0.106,1
"KANSL2",0.650994285430563,0.386522522369503,0.103,0.098,1
"NFKBIB",0.652048904599208,0.296665365643039,0.103,0.114,1
"SECISBP2L",0.654770111501075,0.292164849363141,0.219,0.222,1
"SENP2",0.655233120056614,0.521745785640733,0.121,0.119,1
"EEF1E1",0.656084841120393,0.412385662893118,0.158,0.156,1
"C1orf56",0.656533803033295,0.438943098829317,0.326,0.345,1
"DGUOK",0.656729260280683,0.275604960302058,0.339,0.359,1
"CEBPZ",0.657298052157408,0.354278334393296,0.263,0.271,1
"ARF3",0.6595129621665,0.292201169522213,0.14,0.156,1
"ARFIP1",0.66086831894995,0.39229789548914,0.091,0.101,1
"ZNF33A",0.662445262486159,0.26407112595827,0.208,0.208,1
"ZFAND2A",0.665044123104349,0.282967903317931,0.12,0.132,1
"C3orf38",0.66667917693795,0.308787461466791,0.161,0.158,1
"MRPL13",0.667538593029569,0.312744913715216,0.112,0.124,1
"YAF2",0.667886387572797,0.381592903968477,0.14,0.137,1
"VCPKMT",0.668522378687259,0.316276758947505,0.135,0.15,1
"LIMS1",0.66976784238931,0.583175968433267,0.18,0.182,1
"CSNK2A1",0.672283236960207,0.270021697524234,0.273,0.275,1
"YIPF4",0.672330397991912,0.428516435124955,0.206,0.213,1
"ZNF593",0.674191612240897,0.435716834188118,0.125,0.122,1
"GID8",0.674299323015281,0.270902854166458,0.153,0.15,1
"NFATC3",0.674418813595792,0.311364655226862,0.122,0.118,1
"ZDHHC2",0.675166956344407,0.473304074189808,0.173,0.176,1
"RNF6",0.675613260297928,0.28159121653945,0.143,0.158,1
"RINL",0.677345202000137,0.470639869713103,0.1,0.097,1
"NEMF",0.678033198788986,0.30274129692197,0.282,0.29,1
"NUBP1",0.678674969138134,0.268200428103178,0.109,0.119,1
"TLK2",0.684024829321825,0.296392746495258,0.173,0.193,1
"FBXO21",0.684563301820752,0.364622340774374,0.173,0.174,1
"KRCC1",0.68461434316882,0.366777137343142,0.131,0.145,1
"MTREX",0.684672085053312,0.383752403201414,0.142,0.14,1
"DHX30",0.686124469188008,0.51029456172224,0.103,0.1,1
"SYMPK",0.688259461373355,0.291074755979853,0.093,0.101,1
"PUM3",0.688374582598255,0.298310804056361,0.11,0.121,1
"LIPA",0.688785884073877,0.318720622585784,0.108,0.103,1
"AC027097.1",0.688819684658194,0.431881284982254,0.127,0.126,1
"PNPLA8",0.690040816711453,0.270370400749468,0.231,0.256,1
"TTC9",0.694144597059562,0.327744743587109,0.108,0.103,1
"RNGTT",0.699397773303201,0.252194035756315,0.182,0.182,1
"VTI1A",0.70031120838349,0.357189743193891,0.161,0.159,1
"PRKRIP1",0.701076486322002,0.324316718781712,0.115,0.111,1
"EEF1AKMT2",0.703887866238328,0.293969657295625,0.108,0.118,1
"CSGALNACT2",0.706780972385348,0.491907273267835,0.142,0.142,1
"EPM2AIP1",0.707097908885649,0.286094738866205,0.178,0.198,1
"SPAG7",0.707547310244995,0.350516946236289,0.211,0.237,1
"HMGXB4",0.709286844849691,0.292600109076231,0.126,0.138,1
"UTP3",0.70957981918594,0.308503522488401,0.14,0.153,1
"PXK",0.709586562161994,0.332754379018418,0.25,0.256,1
"CDK19",0.710116066189773,0.327639064778578,0.095,0.105,1
"MAP3K7CL",0.710305789607754,0.517056754702208,0.106,0.103,1
"CKLF",0.710458383223711,0.473877287282927,0.203,0.213,1
"KIF2A",0.711081228172725,0.358020347529033,0.261,0.293,1
"PSMB8-AS1",0.711082057777186,0.251585020019241,0.305,0.34,1
"GIT2",0.711514992823834,0.417937238170032,0.188,0.19,1
"CCM2",0.714415939789469,0.488537131220869,0.206,0.216,1
"CNOT9",0.71746725155907,0.25779723601562,0.096,0.105,1
"EIF2B1",0.717776185632074,0.481995327653627,0.122,0.121,1
"RBM15B",0.718612486950325,0.468275906350539,0.124,0.122,1
"PRKACB",0.718668948863711,0.272286906456697,0.227,0.253,1
"CYTH4",0.7189786702957,0.308258561862551,0.091,0.1,1
"ZNF431",0.72365550200397,0.388509063473241,0.194,0.195,1
"ZNRF2",0.723911013430927,0.37956842900216,0.111,0.11,1
"NAGK",0.734179912881233,0.266677754745172,0.147,0.161,1
"CRNKL1",0.736233342513783,0.381445734708844,0.095,0.105,1
"MAPRE1",0.736586638028304,0.264087925009952,0.213,0.232,1
"TINF2",0.737778636015687,0.362258356938848,0.203,0.208,1
"KIN",0.738747107246328,0.287257767596854,0.131,0.142,1
"NBR1",0.740590440609136,0.302372626753061,0.101,0.098,1
"UBAC2",0.740680471127031,0.354762647070155,0.141,0.14,1
"SGSM3",0.742301696008878,0.407276685850898,0.125,0.124,1
"YTHDF3",0.743901386878546,0.283445942290633,0.117,0.114,1
"PPP6R3",0.744768467431556,0.31002880535787,0.156,0.155,1
"FBXO9",0.74503954185809,0.351942942733581,0.213,0.221,1
"PRKD2",0.745483598597572,0.494427669063131,0.103,0.113,1
"PPP3R1",0.745629046684087,0.262201120687851,0.157,0.172,1
"MOB2",0.74579350001408,0.332562015439372,0.132,0.13,1
"PPP2R2D",0.751385910687189,0.291302896120081,0.142,0.14,1
"EMC3",0.752363905251942,0.482225141956149,0.2,0.209,1
"PIN4",0.754225180915602,0.348889543662891,0.178,0.18,1
"AL592183.1",0.755831269472739,0.267331676139783,0.194,0.196,1
"COPS8",0.758502484189076,0.322739104578385,0.115,0.126,1
"YDJC",0.759653763895675,0.441277592552819,0.138,0.153,1
"HSBP1",0.763686391601624,0.389246725140502,0.135,0.135,1
"RB1",0.764647579384949,0.269917235445147,0.334,0.346,1
"MARCH8",0.765908039706403,0.324733532996584,0.142,0.142,1
"CUEDC2",0.766647342166837,0.414197216984021,0.101,0.1,1
"JAGN1",0.766798070794669,0.400756670353558,0.184,0.188,1
"NRIP1",0.766845030827139,0.331083366473042,0.197,0.203,1
"EMC7",0.76689211055864,0.314620108475953,0.189,0.208,1
"PAWR",0.767233349194362,0.25746584217206,0.198,0.217,1
"MRPS18B",0.767872975285542,0.454371827783499,0.141,0.142,1
"VAMP5",0.769614289002257,0.55680813080075,0.145,0.147,1
"KDM2B",0.77099934389318,0.279837788218078,0.135,0.134,1
"SETD2",0.77116035923809,0.251350051715738,0.252,0.258,1
"ZEB1",0.773780969411414,0.253425919704794,0.176,0.176,1
"MBNL2",0.773888912456272,0.275765082226431,0.161,0.174,1
"C12orf65",0.773920912322162,0.306984385918371,0.145,0.145,1
"TYW3",0.77394694234891,0.483248300098723,0.095,0.103,1
"IREB2",0.774901077050427,0.293992655430028,0.21,0.217,1
"CEP95",0.774966278298913,0.330245133147259,0.148,0.15,1
"DNAJC9",0.780780821873445,0.291055148793002,0.141,0.153,1
"HAT1",0.782488400023303,0.26906829817728,0.132,0.143,1
"SPG11",0.782637669738808,0.386017475885431,0.167,0.169,1
"SNW1",0.786027109469758,0.262080005696623,0.251,0.277,1
"ING3",0.786360794221936,0.257573585728208,0.232,0.238,1
"SCPEP1",0.786995096291093,0.25323743708028,0.278,0.296,1
"RBM48",0.788346245345101,0.482234587708796,0.141,0.143,1
"PPP1R35",0.788834109786555,0.366233240525648,0.153,0.155,1
"RAB30-DT",0.78917090315516,0.408616781581578,0.167,0.171,1
"GNG10",0.790788362433791,0.38733683015075,0.131,0.13,1
"CTBS",0.793904525100142,0.332803653145824,0.18,0.185,1
"PAM16",0.794102412147414,0.349516265089651,0.106,0.105,1
"SSBP2",0.796731406951793,0.259990733337952,0.169,0.167,1
"PLGRKT",0.797401650848726,0.387083773574783,0.129,0.129,1
"UBE4A",0.799156324892135,0.315696973016506,0.1,0.098,1
"METTL4",0.799626349776393,0.363925077264315,0.115,0.114,1
"PRRC2A",0.801747166406506,0.267246015885448,0.112,0.121,1
"CBX1",0.801973978983567,0.270592243158545,0.122,0.122,1
"CELF1",0.802514145626202,0.278815748617102,0.222,0.227,1
"RAB4A",0.802852089123472,0.299056970741115,0.215,0.232,1
"TSG101",0.803672738607793,0.422884376254984,0.127,0.138,1
"RPAP2",0.803707463131119,0.590494006932978,0.1,0.1,1
"PPP1R14A",0.803799061255393,0.358298231117885,0.151,0.151,1
"RRAGA",0.805061665802707,0.254863003400591,0.135,0.135,1
"RIN3",0.80569679995786,0.412042395104845,0.104,0.103,1
"CBLL1",0.805916697166661,0.336000424072457,0.125,0.135,1
"RNF169",0.806657196668172,0.259599804632033,0.121,0.13,1
"FRG1",0.808221016793336,0.350108741189224,0.288,0.309,1
"STX8",0.808798808367607,0.417608798319228,0.138,0.14,1
"BCCIP",0.8093724760085,0.298782520002822,0.138,0.148,1
"CLSTN1",0.810619951733863,0.30301575570734,0.115,0.124,1
"DEF8",0.815007604759349,0.41236453757114,0.124,0.124,1
"FASTKD2",0.815470539131313,0.346560779062537,0.106,0.105,1
"TGIF1",0.816442111433531,0.397495809816633,0.112,0.122,1
"TAF2",0.816925088959619,0.360771197379458,0.093,0.1,1
"RABGAP1L",0.817600751216993,0.265228881294606,0.222,0.229,1
"GNB5",0.817822854605411,0.443651908526296,0.153,0.156,1
"DCAF16",0.81797182210921,0.425708651062387,0.116,0.118,1
"ZC3H7A",0.819614866623914,0.274820522663483,0.209,0.214,1
"RTF2",0.819997396623649,0.265322274503792,0.239,0.25,1
"CAPRIN1",0.825629952128869,0.270462260099738,0.163,0.174,1
"IP6K2",0.826625545071706,0.298374749880103,0.14,0.142,1
"PRPF38A",0.826771915382721,0.461507194134757,0.162,0.177,1
"TWISTNB",0.830962296159035,0.287688859917921,0.184,0.198,1
"DGCR6L",0.834021280522031,0.341896433589425,0.101,0.108,1
"SPI1",0.836556230771155,0.345540854904832,0.169,0.176,1
"SMAP1",0.836970435964501,0.257748778473082,0.161,0.163,1
"SENP5",0.838046404134959,0.305928514089558,0.108,0.114,1
"RAB5A",0.839302859807416,0.34073900837902,0.161,0.164,1
"LINC00909",0.839446957652016,0.280459014382544,0.161,0.172,1
"PFDN4",0.839936416677191,0.4613865875592,0.179,0.187,1
"ARL8A",0.840803172389169,0.366370967195446,0.137,0.138,1
"SPOPL",0.840974767674594,0.296788953800602,0.138,0.138,1
"CREM",0.843352858775052,0.258632819651691,0.105,0.111,1
"C6orf226",0.844321830621324,0.324836832359146,0.12,0.129,1
"TMEM138",0.845028908426978,0.264384367683872,0.12,0.129,1
"ETFA",0.845826975619814,0.407873775027,0.15,0.163,1
"CDC123",0.845849945061118,0.253176953706221,0.221,0.23,1
"C16orf87",0.846215254555435,0.546196504257519,0.121,0.13,1
"ZNF585A",0.846232974167471,0.34629400721381,0.109,0.108,1
"SDR39U1",0.847425164163826,0.51874786138652,0.13,0.132,1
"RC3H2",0.847504865006164,0.438807222264229,0.152,0.156,1
"NDUFS4",0.849631332309686,0.298566575317681,0.182,0.193,1
"C18orf32",0.852136891937117,0.250884234963324,0.365,0.396,1
"SUN1",0.852674715086463,0.281414133149523,0.116,0.124,1
"TUSC2",0.854962415291908,0.40737091364621,0.11,0.111,1
"SERINC3",0.855335128580439,0.375199177623038,0.145,0.155,1
"NFE2L2",0.856529157795217,0.279499809879512,0.248,0.262,1
"FBXO33",0.856529301689996,0.294243987486559,0.142,0.143,1
"MRE11",0.857165487961952,0.250304977343127,0.115,0.122,1
"ARID2",0.859497614653245,0.255271801901504,0.111,0.118,1
"CUL2",0.859973766396804,0.39254537568943,0.146,0.151,1
"ACYP2",0.860570476187588,0.369819217673111,0.132,0.142,1
"USP6NL",0.861846182120287,0.269325850730056,0.229,0.237,1
"MYLIP",0.862125330545473,0.251185824409428,0.273,0.295,1
"COPRS",0.862843441557287,0.275122415938192,0.108,0.108,1
"TWF1",0.863499253695554,0.27364526868272,0.135,0.143,1
"STK38",0.863732294896671,0.530703026757797,0.111,0.113,1
"TTF1",0.863736692849525,0.325072208373259,0.127,0.129,1
"CALCOCO2",0.864222633986612,0.415933288651997,0.19,0.198,1
"SQLE",0.864357353006506,0.294842242214044,0.13,0.137,1
"CMIP",0.866208416979541,0.404486525643066,0.156,0.163,1
"EXOG",0.866281987570744,0.469607041279405,0.146,0.15,1
"CENPC",0.866693839369673,0.309679981060238,0.281,0.301,1
"KIAA1109",0.866997376682674,0.313700053554179,0.155,0.159,1
"CFL2",0.867525790209127,0.263569588374965,0.141,0.143,1
"MRPL50",0.868191892221797,0.343549413864872,0.1,0.106,1
"TRAPPC4",0.870022159542773,0.397896823378107,0.13,0.14,1
"NOL11",0.871095491586693,0.282878719702342,0.133,0.143,1
"STMP1",0.871417145907612,0.265503077733421,0.324,0.357,1
"YTHDC2",0.872114419324997,0.406754202712417,0.136,0.14,1
"RMND5B",0.872143068128849,0.378148057745624,0.101,0.108,1
"CLTB",0.874086110571909,0.46456617123254,0.178,0.193,1
"TMEM131",0.87540026660033,0.345519510286877,0.184,0.19,1
"NUP54",0.876837535992443,0.387196380730463,0.117,0.119,1
"PFDN6",0.876928492867772,0.28168988598377,0.1,0.1,1
"NPEPPS",0.880273463431631,0.263906446611964,0.161,0.163,1
"MRPL22",0.882109790111096,0.275647718677556,0.143,0.155,1
"MTHFD2L",0.882901085632316,0.304017279711111,0.148,0.151,1
"ANAPC15",0.884096460725678,0.293594255825345,0.135,0.143,1
"LHPP",0.887073941807518,0.334202162834988,0.116,0.118,1
"STX4",0.889963280687269,0.278927759842776,0.103,0.108,1
"C1D",0.898416579426267,0.266782027853973,0.236,0.256,1
"TAOK3",0.898743154881214,0.252252199577791,0.324,0.349,1
"FIP1L1",0.900158890555382,0.25358054551577,0.199,0.209,1
"RAD17",0.901379288993492,0.481915316745036,0.119,0.121,1
"EP400",0.901432593408746,0.292827527749206,0.132,0.134,1
"SESN3",0.902144888739451,0.257819191084996,0.214,0.225,1
"TRMT10C",0.904151722477114,0.258216499238163,0.293,0.319,1
"DDX50",0.904747767427215,0.31500091734359,0.174,0.187,1
"AGFG1",0.906358552090537,0.323659101329635,0.142,0.147,1
"ZBTB21",0.906529405628999,0.316672273688826,0.109,0.114,1
"HAGH",0.909617965586205,0.542070494556512,0.131,0.137,1
"ERGIC2",0.911519426087034,0.251469897634422,0.174,0.182,1
"SMAD2",0.911697171299713,0.296676431615366,0.156,0.159,1
"ALYREF",0.91258565124116,0.276837377568997,0.152,0.161,1
"GABPB1",0.913104621482223,0.457671316832225,0.145,0.15,1
"ZNF267",0.916683384054635,0.292116410867343,0.146,0.153,1
"CKAP2",0.917748009720374,0.294370005612214,0.1,0.105,1
"RNF181",0.917995876437858,0.26325112625699,0.2,0.208,1
"DKC1",0.918608991160713,0.283623506755939,0.159,0.169,1
"CRTC3",0.91936404806727,0.278590567735171,0.136,0.143,1
"ABTB1",0.921907732035423,0.528695487518561,0.099,0.101,1
"BLOC1S4",0.922024044831606,0.276264308303445,0.241,0.256,1
"BECN1",0.922161355842563,0.295764924198712,0.197,0.209,1
"CBX5",0.923415364694911,0.314624562806644,0.21,0.222,1
"HTATSF1",0.92424974470316,0.37352689960556,0.143,0.153,1
"XPC",0.926385015836787,0.313021839281448,0.143,0.148,1
"ACIN1",0.927549066426184,0.257229730486761,0.2,0.213,1
"LINC00476",0.930018510301221,0.290465894510579,0.153,0.161,1
"RNF187",0.934303335566251,0.443997789650914,0.122,0.126,1
"UBE2W",0.934463031796787,0.324842415526587,0.133,0.137,1
"RNF4",0.937356487335907,0.385588271128288,0.142,0.15,1
"HACD4",0.93878296750476,0.618992492965428,0.111,0.118,1
"ARL16",0.939339252974416,0.286004786908051,0.116,0.118,1
"FAM174C",0.940551086864007,0.290557022240598,0.209,0.221,1
"CDK5RAP3",0.941149727858135,0.277299180964807,0.127,0.134,1
"MTG1",0.94200392798086,0.411141421803135,0.124,0.129,1
"ARL8B",0.942719000060723,0.297427912534588,0.12,0.122,1
"ZNF766",0.94370026404779,0.297552157718219,0.129,0.132,1
"ZNF274",0.943817004198882,0.350531155660228,0.161,0.169,1
"DENND4B",0.949169633618775,0.252113594470897,0.114,0.116,1
"RASA2",0.949326941855851,0.253162495370594,0.226,0.238,1
"ELAVL1",0.951574687039569,0.297975905582296,0.183,0.193,1
"SVBP",0.952214662243827,0.405143501760498,0.174,0.184,1
"SLC2A1",0.956838138221368,0.258914521395883,0.148,0.158,1
"CGGBP1",0.960863053737555,0.264367543306403,0.302,0.333,1
"SNRPN",0.961857127408208,0.27045163466241,0.314,0.343,1
"IRF7",0.963448686957752,0.501548692337672,0.108,0.113,1
"PAN3",0.96592463359063,0.386885744430126,0.2,0.213,1
"ANAPC13",0.967075060055631,0.346099085199052,0.142,0.148,1
"PSMD12",0.967425901258477,0.297481493358152,0.167,0.177,1
"CCDC88B",0.969010370836545,0.263401306322173,0.101,0.103,1
"WDR43",0.970052979371553,0.309397543224585,0.216,0.23,1
"WDR13",0.97903276654669,0.369975256928595,0.131,0.135,1
"ZC3H4",0.979437676709727,0.494086063203584,0.1,0.103,1
"ESCO1",0.985002230690479,0.319005398274355,0.15,0.156,1
"GAR1",0.985763787750272,0.417049712789648,0.111,0.116,1
"CAND1",0.986406025650679,0.257849117246459,0.194,0.206,1
"RAB11FIP2",0.986590292649757,0.255342067647435,0.106,0.11,1
"APC",0.987116637175216,0.253373375204024,0.122,0.126,1
"DIDO1",0.988358004915191,0.403107680669799,0.172,0.182,1
"PBDC1",0.988518935873981,0.280725355165736,0.132,0.137,1
"VHL",0.98928329740625,0.28159938878778,0.226,0.242,1
"MAP4K2",0.989684858867662,0.471174207788752,0.106,0.111,1
"H2AFJ",0.990769126576645,0.557620582789711,0.136,0.145,1
"PLEKHM2",0.991143763916424,0.295576559775212,0.145,0.151,1
"MPC1",0.991404187361449,0.389417259405237,0.162,0.171,1
"AFG3L2",0.991649999435346,0.449103817343715,0.131,0.138,1
"COQ10B",0.99213815476823,0.285423043918942,0.201,0.214,1
"NADSYN1",0.992440628078025,0.313842773707059,0.104,0.106,1
"SAR1B",0.993169436038422,0.352749075008179,0.13,0.135,1
"MGMT",0.993437673933272,0.298833872758583,0.213,0.225,1
"CAPN1",0.997416567385761,0.324638135712944,0.157,0.164,1
"ADAM10",0.997645901368248,0.354641515118166,0.183,0.19,1
"KAT7",0.999423128796506,0.484928990866726,0.148,0.158,1
"MRPL33",0.999808934942663,0.262435812812093,0.288,0.312,1
