"Gene","p_val","avg_log2FC","pct.1","pct.2","p_val_adj"
"RPL38",1.65802395386456e-20,0.264772030685677,0.998,0.993,6.06853347353968e-16
"FKBP5",4.37767525475669e-16,-0.551799684248749,0.821,0.901,1.6022729199935e-11
"ATF3",5.94783525665493e-16,3.15158932681253,0.221,0.07,2.17696718228827e-11
"MT-ND3",3.01457360419118e-14,0.305289967515676,1,0.999,1.10336408487001e-09
"NR4A3",3.13699542557545e-12,2.25468559483146,0.224,0.091,1.14817169571487e-07
"CDKN1A",6.62226830893116e-12,1.45731340234856,0.478,0.333,2.42381642375189e-07
"SRSF5",1.76007215611594e-11,0.301416004143015,0.982,0.982,6.44204009859995e-07
"ZFP36L2",5.7156348953497e-10,-0.365420799480227,0.971,0.975,2.09197952804694e-05
"ZNF331",1.37133920477281e-09,2.25613736655679,0.267,0.146,5.01923862338896e-05
"ENPP4",4.7311824706806e-09,-0.793780430214877,0.267,0.411,0.000173166009609381
"CSRNP1",7.94142826816093e-09,1.63915502725561,0.345,0.233,0.000290664216042958
"KLF10",1.54842736787774e-08,0.555068617416469,0.75,0.652,0.000566739900916931
"IFNGR1",3.64895607314128e-08,-0.44052092465377,0.769,0.83,0.00133555441233044
"PET100",5.08202511571355e-08,0.399490742275007,0.844,0.774,0.00186007201260232
"JUND",5.28352034634964e-08,0.529968297322581,0.995,0.99,0.00193382128196743
"DDIT4",6.53177057200463e-08,-0.30609649438201,0.852,0.906,0.00239069334705942
"TIPARP",6.96405859749358e-08,1.91635013108332,0.325,0.22,0.00254891508726863
"LMNA",8.7151110787647e-08,0.90584925370227,0.486,0.365,0.00318981780593867
"GGNBP2",2.03868924202994e-07,-0.398882024621809,0.764,0.843,0.00746180649475377
"SOCS1",2.07681734847585e-07,-0.684434640529832,0.262,0.398,0.00760135917715645
"PHLDA2",2.39894275289627e-07,1.75822219594521,0.192,0.096,0.00878037036987565
"ZBTB16",2.70033972677997e-07,-0.919119164578777,0.202,0.318,0.00988351343398737
"NINJ1",2.87401651677323e-07,1.00102230932752,0.299,0.187,0.0105191878530417
"SMAP2",2.87677221394228e-07,-0.343146375098944,0.88,0.91,0.0105292739802502
"GLUL",4.20670750612058e-07,-0.506371506098276,0.639,0.738,0.0153969701431519
"ST3GAL1",4.40862099691094e-07,-0.784399302557693,0.182,0.3,0.0161359937107937
"ETV3",8.21517575804769e-07,0.995818049507502,0.335,0.226,0.0300683647920304
"ID1",1.23770915251712e-06,2.24584263442002,0.143,0.064,0.0453013926912792
"KLF4",1.41891766086097e-06,1.1471503117099,0.553,0.474,0.0519338053051722
"AREG",2.19045244893082e-06,-0.583064323402254,0.711,0.791,0.080172750083317
"CCDC137",2.97127952742621e-06,-1.08473671682156,0.114,0.206,0.108751801983327
"ZNF766",3.20006030466866e-06,-0.868306656257769,0.122,0.221,0.117125407211178
"IL1R2",3.26035363460419e-06,-0.759887963460394,0.364,0.466,0.119332203380148
"BORCS5",4.52049282798586e-06,0.632661916098036,0.384,0.26,0.165454557997111
"PPIF",5.19620641994071e-06,0.985720909308166,0.436,0.339,0.19018635117625
"PRMT9",5.75827233752759e-06,0.876679230117059,0.307,0.205,0.210758525825847
"MARCH1",8.25364490466608e-06,-0.295523487180278,0.724,0.819,0.302091657155683
"RESF1",9.03328864709001e-06,-0.455282532230699,0.543,0.644,0.330627397772141
"PPIG",9.41642158229613e-06,-0.371329758102898,0.647,0.737,0.344650446333621
"PKP2",1.01741835705881e-05,-0.559530555984055,0.221,0.336,0.372385292867095
"MIR22HG",1.08260446737257e-05,0.993664457584212,0.265,0.175,0.396244061103033
"BHLHE40",1.08446491633666e-05,0.914787952003991,0.524,0.451,0.396925004028382
"RNF144B",1.09373472218451e-05,-0.463105260657208,0.537,0.626,0.400317845666751
"P2RY14",1.09745265470803e-05,-0.779073302245088,0.444,0.543,0.401678646149687
"NR4A2",1.1211256461775e-05,1.31178186682345,0.434,0.348,0.410343197757427
"TNRC6A",1.79587095833408e-05,-0.519400423919204,0.294,0.398,0.657306729459858
"MYADM",2.51039773460249e-05,0.665781785966069,0.693,0.652,0.918830674841858
"SLU7",2.68831285329692e-05,-0.347324229723869,0.506,0.608,0.983949387435207
"ARL4C",3.09635066410586e-05,0.564257377197024,0.88,0.895,1
"MBP",3.77809037419161e-05,-0.295444536296469,0.733,0.776,1
"OBI1",4.01050396878901e-05,-0.969004646984877,0.089,0.166,1
"PPP1CC",4.12833612191443e-05,0.301366052067372,0.714,0.613,1
"THEMIS2",4.30165586895495e-05,-0.341407738797004,0.8,0.846,1
"DBI",5.13162517089057e-05,0.253623123116511,0.984,0.96,1
"PNP",5.54997589887756e-05,0.779419615736737,0.327,0.242,1
"GAB1",7.53765560735693e-05,-0.701049063210687,0.159,0.245,1
"PNPLA8",7.77074405695239e-05,0.45420453675393,0.444,0.345,1
"BZW1",7.94199577493342e-05,0.279733200619532,0.886,0.849,1
"RGPD5",8.37006805365267e-05,1.39690682523335,0.146,0.078,1
"NRBF2",8.48719918749546e-05,-0.603739984045082,0.298,0.384,1
"USP15",8.62935400831048e-05,-0.293251213761537,0.767,0.827,1
"METRNL",0.000104564607423185,-0.445680652166951,0.642,0.698,1
"ID2",0.000106224211709616,0.617424237552631,0.754,0.695,1
"SMAD7",0.000108962932540029,1.04092769995716,0.161,0.093,1
"FOXN2",0.000109717238768499,-0.34946655974467,0.569,0.646,1
"DHX36",0.000118422908375728,-0.456778498058149,0.538,0.607,1
"TNRC6B",0.00013844448070032,-0.324298253975256,0.725,0.803,1
"NUP58",0.000150152866129128,0.764197047660043,0.304,0.221,1
"AC012615.1",0.000157701040806622,0.942580673184534,0.185,0.109,1
"DCTN6",0.000167937513445738,-0.501750980798433,0.319,0.413,1
"CELF2",0.000172072613247405,-0.280228827874414,0.896,0.918,1
"MGAT1",0.000173237946535166,-0.253130126223281,0.711,0.777,1
"GNA12",0.000188047919145333,-0.40749592622247,0.353,0.448,1
"CHSY1",0.000212733502714819,-0.741059192759812,0.156,0.236,1
"BUB3",0.000213296123338426,-0.365187993560406,0.444,0.549,1
"TBC1D9",0.000216601743229847,-0.427495656517063,0.393,0.487,1
"Z93241.1",0.000222215125340722,-1.22130365995529,0.098,0.166,1
"USP7",0.000223191867245592,0.34134078266596,0.593,0.508,1
"ZNF430",0.000225867905074375,-0.565010009402708,0.231,0.317,1
"CHMP1B",0.000251781251257022,0.6631227860271,0.686,0.622,1
"KLHL24",0.000263636104197501,-0.538930528536187,0.33,0.416,1
"ENOX2",0.000267251814319073,0.818286029998937,0.184,0.112,1
"RPRD1B",0.000286290091975536,-0.879914457181415,0.111,0.184,1
"SESN1",0.000295611530742678,-0.782314803372834,0.14,0.215,1
"PDE7A",0.000298694781057287,-0.548483146656289,0.246,0.339,1
"HIST2H2AC",0.000298725510200286,0.25790063453605,0.649,0.561,1
"DPP8",0.000317109014123243,-0.440158287753835,0.376,0.466,1
"GABARAPL1",0.000333516736974592,1.11949272964426,0.353,0.286,1
"CAVIN2",0.000336357832729659,-0.711459966698194,0.27,0.353,1
"CEBPA",0.000338672511132504,0.559139505571602,0.262,0.176,1
"SYNRG",0.000340377015630553,-0.396135274520708,0.387,0.483,1
"CDC40",0.000340417632518484,-0.359792341247972,0.603,0.682,1
"MIDN",0.000378926579100262,0.937763874444025,0.58,0.565,1
"PTGER4",0.000381817036405383,0.501313619007071,0.369,0.28,1
"ICE1",0.000383747673238176,-0.556645171676878,0.265,0.345,1
"RUNX3",0.000414352141802886,0.414509473550282,0.465,0.38,1
"UBE2Q1",0.000414991804648849,0.452957481907473,0.437,0.354,1
"RHOQ",0.000419249227442746,0.363436173601163,0.524,0.444,1
"CSTF2T",0.000433182073853995,-0.729899652465281,0.146,0.218,1
"WDR36",0.00044227265770238,-0.443942771365424,0.172,0.256,1
"C1orf131",0.000479182607373347,-0.615165989627665,0.215,0.297,1
"PAXX",0.000481955380936535,-0.419295733757397,0.672,0.732,1
"ETS2",0.000485480863678325,-0.360220655065693,0.631,0.685,1
"AL031595.3",0.00049536345050854,-0.828947814454331,0.106,0.172,1
"ECHDC3",0.00049695826204623,-1.07083253565569,0.054,0.106,1
"ELL2",0.000499351038570659,1.44106381503064,0.109,0.057,1
"TUBA1A",0.00051994713491578,0.445676530955452,0.714,0.637,1
"PLAUR",0.000531126174893245,0.664669270065339,0.53,0.477,1
"TMCC3",0.000533077903382111,-0.651758410107555,0.08,0.139,1
"SAP130",0.000556887672855329,-1.27481384719361,0.065,0.12,1
"AC114760.2",0.000572100755019393,-0.511057591171983,0.353,0.432,1
"BIRC3",0.000584531844963639,-0.359372473554057,0.273,0.357,1
"WAKMAR2",0.000589783089608358,-0.546065362863406,0.207,0.286,1
"CEP68",0.000603776970066604,-0.524765288345578,0.221,0.303,1
"CRIPT",0.000608289433650245,-0.376691290339608,0.231,0.323,1
"ROCK1",0.000618714223020923,-0.267733785079911,0.779,0.818,1
"SATB1",0.000641145307792734,-0.405526359527986,0.449,0.514,1
"IRF1",0.000642625103799843,0.427064037837937,0.577,0.492,1
"MANF",0.000676752731713422,-0.307684675400258,0.428,0.517,1
"GADD45A",0.000678547222553281,0.550928118032001,0.281,0.202,1
"PPP2R2A",0.000688823269044156,-0.412294882933373,0.315,0.408,1
"WDR20",0.000704781516029192,-0.677455967549147,0.094,0.158,1
"RAB11FIP1",0.000709507797502743,0.315429273811698,0.875,0.806,1
"ARID5B",0.000713392033975771,-0.829254654597356,0.127,0.194,1
"RIOK2",0.000748101787614154,-0.581200129303403,0.203,0.28,1
"MT-ND6",0.00074936899615393,0.402215956283762,0.348,0.265,1
"PPAN",0.000759505797113079,-0.757347613773266,0.094,0.157,1
"SERTAD1",0.000766512005225793,1.08908035583772,0.218,0.154,1
"INSR",0.000778951101173291,-0.465915050595817,0.351,0.432,1
"ARID4A",0.000808682673225178,-0.412039189084363,0.398,0.477,1
"IFNGR2",0.000817087434315005,-0.406096737460342,0.411,0.478,1
"MRPL38",0.000827547927228925,-0.452068049603485,0.343,0.425,1
"NIPAL3",0.000834070323544076,-0.7078027395255,0.143,0.212,1
"PHAX",0.000838983863872204,-0.476988850269473,0.337,0.417,1
"CD69",0.000855253966725988,0.765923740873464,0.189,0.123,1
"AC020916.1",0.000869148235524524,1.79203508378121,0.33,0.284,1
"AC144652.1",0.000871106963365605,1.00923357798489,0.13,0.075,1
"RPRD1A",0.00087716277643973,0.557017748591717,0.296,0.217,1
"ZNF148",0.000886004992506113,-0.433124849236338,0.413,0.478,1
"GOSR1",0.00088653476621635,-0.345215543746231,0.343,0.435,1
"AGO2",0.000903662219982576,-0.436950449697917,0.377,0.46,1
"TMEM134",0.000905443969273931,-0.405358929233238,0.309,0.389,1
"RICTOR",0.000930190172992547,-0.389909081708106,0.371,0.454,1
"PAK1",0.000960295885593832,0.328038820382225,0.686,0.626,1
"EXOC6",0.000970599749953997,-0.375015585350773,0.262,0.336,1
"OTUD1",0.000974087344805905,0.258804098680478,0.325,0.239,1
"CPM",0.000975530159922631,-0.587697749552092,0.221,0.297,1
"DUSP10",0.00100371180374111,0.841062453471725,0.146,0.088,1
"PHF8",0.00101388484505355,0.611189161440545,0.172,0.109,1
"GLG1",0.00102704032340358,-0.313557272680304,0.62,0.67,1
"MAK16",0.00103907911444227,-0.665452252654824,0.106,0.169,1
"GRAMD2B",0.00108622455226028,-0.611309446864472,0.132,0.199,1
"TGS1",0.00108706305149746,-0.379853318472852,0.27,0.354,1
"RBM12",0.0010931668569028,-0.460380903551069,0.255,0.333,1
"UBE2E3",0.00109428137592682,-0.36044229478715,0.402,0.489,1
"ANKRD26",0.00112287274148372,-0.787792243279246,0.127,0.19,1
"GLCCI1",0.00112819520635527,-0.544626752543376,0.081,0.141,1
"RAP2B",0.0011500674803378,0.251052666586853,0.766,0.716,1
"ZNF263",0.00119544566422614,-0.697233469994114,0.099,0.158,1
"PBDC1",0.00120493862576708,-0.41143983534258,0.311,0.395,1
"PAG1",0.00122049314984873,-0.467778358742937,0.374,0.453,1
"GSPT2",0.00124413344399626,-0.357486873994714,0.18,0.256,1
"EDEM2",0.0012686662425106,-0.496466848084745,0.259,0.333,1
"AL096870.8",0.00128631063584823,0.643797591595815,0.213,0.146,1
"APOBEC3G",0.00129327243278877,0.401187237546807,0.384,0.3,1
"ZNF281",0.0013336836190573,-0.556181212741196,0.255,0.329,1
"ANKRD12",0.00133757533722186,-0.281622121165278,0.834,0.857,1
"SLK",0.00134361909450011,-0.341646864425545,0.489,0.577,1
"PEA15",0.0014443497558033,0.287964903001485,0.602,0.499,1
"GCH1",0.00149568120709747,1.01784726201713,0.167,0.111,1
"ICAM1",0.00150468019234445,0.376213186979654,0.276,0.2,1
"NIPSNAP3A",0.00156203493873718,-0.431245574759761,0.449,0.52,1
"SIRT1",0.00156477615819959,-0.466213147384284,0.403,0.474,1
"CCND2",0.00166135460451486,0.372641061599598,0.293,0.212,1
"UQCC2",0.00168457777520907,0.365607312108438,0.428,0.341,1
"EMC6",0.00171092754645622,-0.292479395254509,0.522,0.601,1
"UTRN",0.00171500014176477,-0.339435964422409,0.629,0.68,1
"RSF1",0.00172147525093105,-0.30948601727205,0.537,0.592,1
"G3BP2",0.00177187795535769,-0.256917147263621,0.67,0.709,1
"CPNE8",0.00177365601295272,0.770995989786825,0.202,0.142,1
"NXT1",0.00180634914886062,0.409416506257022,0.389,0.318,1
"IREB2",0.00180835357746466,-0.339846927886127,0.512,0.586,1
"KAT7",0.00182729427225362,-0.500351776386439,0.268,0.339,1
"HIPK2",0.00184951754716035,-0.474438864969465,0.364,0.426,1
"NFE2L2",0.00188568107429674,-0.319297848674537,0.616,0.676,1
"HCP5",0.00197783987591881,-0.809477551028682,0.094,0.151,1
"ZNF217",0.00198220350071824,-0.321517492586893,0.408,0.481,1
"EIF2AK2",0.00198378343595378,-0.322414785672405,0.398,0.463,1
"ITGA5",0.00206636064295343,0.619250781894026,0.237,0.176,1
"COA4",0.00210655806966063,-0.298517704253436,0.433,0.508,1
"MPPE1",0.00213576410412976,-0.438085013206869,0.34,0.405,1
"MRPL50",0.00214814987368323,-0.888448004670445,0.156,0.218,1
"CPNE3",0.00215584020776138,-0.282413485830458,0.675,0.756,1
"NUDT9",0.0021780341094579,0.607933886629092,0.171,0.112,1
"ZNF721",0.00224403034427057,-0.608205393064545,0.224,0.291,1
"RALA",0.00224827268934076,-0.348413474517711,0.501,0.561,1
"UTP25",0.0022642396406144,-0.941005224584791,0.068,0.117,1
"MICAL2",0.00229313281609987,0.411211690792713,0.298,0.221,1
"C3AR1",0.00230042614721742,-1.46588505303537,0.065,0.112,1
"DUSP2",0.00232494562725592,0.590594951356277,0.377,0.309,1
"PSMD3",0.00234168203021403,-0.333821838679702,0.415,0.48,1
"DAZAP1",0.00235345359380081,-0.254317464050172,0.527,0.607,1
"LNPEP",0.00237297953163545,-0.362042562112157,0.548,0.608,1
"MKKS",0.00243498412861328,0.632764020893491,0.164,0.106,1
"SH3TC1",0.00247940207102487,-0.422209316213132,0.428,0.507,1
"CSTF1",0.00255604395480544,-0.689706606544221,0.119,0.176,1
"HIP1",0.00255985419830189,0.250854123499104,0.504,0.408,1
"TGIF2",0.00256712228229675,-0.436937107913856,0.153,0.22,1
"KCTD20",0.00261838556926931,-0.383926176580728,0.465,0.535,1
"TERF2IP",0.00262393581369077,-0.252857173758127,0.655,0.706,1
"PKIB",0.00263460327576805,0.476652116394115,0.195,0.132,1
"LDLR",0.00263755545618397,0.890863344843143,0.12,0.072,1
"NUDT16",0.00271268810482449,-0.425270488940823,0.431,0.499,1
"DAPP1",0.00275609054301334,-0.279915229539222,0.592,0.641,1
"NNT",0.00285409672519,-0.364338392596348,0.376,0.457,1
"ZFPL1",0.0028791600932157,-0.568224207127739,0.137,0.199,1
"EIF4E",0.00290908575377756,0.674172806568746,0.387,0.332,1
"SH2D4A",0.00292870321142974,-0.530411450073806,0.072,0.123,1
"RASGEF1B",0.00295212733314433,0.794089290633441,0.327,0.265,1
"EMP1",0.00297045717324671,0.618824044251556,0.185,0.129,1
"TRBC2",0.00297423948165228,-0.323931709270782,0.117,0.176,1
"PRKACB",0.00297645456593292,-0.251769000910237,0.436,0.523,1
"MDM2",0.00299448278719984,-0.325723822887749,0.338,0.41,1
"LINC01588",0.00302035908989987,0.90452688957514,0.127,0.078,1
"KLHL21",0.00304994685271416,0.5165179799182,0.151,0.096,1
"BAZ2B",0.00310203523801591,-0.335520252644092,0.46,0.537,1
"POGZ",0.00312841958693756,-0.395576741699612,0.309,0.389,1
"PRCC",0.00316433305861646,-0.469507090129554,0.229,0.294,1
"PDCL3",0.00322934487603252,0.310570939385616,0.506,0.426,1
"ASB8",0.00325639902505941,-0.412160448513688,0.307,0.381,1
"GMDS-DT",0.00327583424362738,-0.786313965480196,0.102,0.157,1
"TMEM11",0.00328996783702612,-0.478362261058943,0.244,0.314,1
"ZNF22",0.00330228760661428,-0.286127186202854,0.441,0.517,1
"RGCC",0.00337382760082432,0.808980420086332,0.285,0.224,1
"VAMP4",0.0035329642390626,-0.546896701699443,0.094,0.149,1
"RELL1",0.00355619245500427,-0.498572456304999,0.34,0.407,1
"YIPF4",0.00358040695742965,-0.276319284930103,0.421,0.501,1
"TOB2",0.0037791515414197,0.450246506945042,0.273,0.202,1
"NBPF9",0.00384323812614087,-0.775680478990617,0.067,0.112,1
"PPP1R15B",0.00385889716544786,0.489672997284431,0.389,0.32,1
"PPM1J",0.00391686440108385,-0.633347118792296,0.154,0.212,1
"C12orf43",0.00397776216130013,-0.607055524562615,0.107,0.161,1
"TLK1",0.00399683467465315,-0.310372311215712,0.472,0.549,1
"SLC38A1",0.0040995030464083,-0.267202202231964,0.792,0.819,1
"SMYD4",0.0041005178732727,-0.775650057321048,0.06,0.105,1
"YIF1A",0.00410928418399654,0.373603077891364,0.444,0.366,1
"YDJC",0.00411234589004675,-0.421221059727101,0.237,0.306,1
"TTYH3",0.00415363743054791,0.654000653012891,0.28,0.214,1
"RPP38",0.00419943253032939,-0.517354458228541,0.208,0.277,1
"IER5L",0.00428617777393216,0.285378138095898,0.205,0.143,1
"SIRPB1",0.00440679955379829,0.749995651096486,0.237,0.173,1
"ZNF787",0.00441549552444468,0.345748577382382,0.444,0.368,1
"RBM43",0.00454158606766114,-0.648656249448788,0.102,0.155,1
"PRAG1",0.00455983486618659,-0.655544546501628,0.094,0.145,1
"TMEM168",0.00456148688306826,-0.529268888951235,0.102,0.157,1
"EREG",0.00457967477062563,0.822071119079183,0.262,0.203,1
"JMJD8",0.00458515136810414,0.532016932180464,0.189,0.132,1
"ETS1",0.00462312956144431,-0.425184810401486,0.246,0.326,1
"LTA4H",0.00466764890403103,0.28122277441218,0.702,0.652,1
"LLPH",0.00473210379390147,-0.257911353018894,0.489,0.549,1
"FAM160B1",0.00473552360516737,-0.524626639935006,0.158,0.218,1
"SLC15A3",0.00474350225434129,0.270193855005363,0.434,0.35,1
"RAB11FIP4",0.00474521489163977,-0.61134748521039,0.112,0.166,1
"ZNF689",0.00476071048061926,-0.70709416255035,0.073,0.12,1
"NAA50",0.0048237278659357,-0.268338740923308,0.423,0.496,1
"LEPROT",0.00483436472718934,-0.271656818388026,0.537,0.595,1
"MMUT",0.00503384859787314,-0.809018723240764,0.065,0.109,1
"CUL2",0.00508177453337622,-0.276139503426756,0.283,0.362,1
"MFAP1",0.00511953420996234,-0.627701100900206,0.128,0.184,1
"RYBP",0.00513439394255298,-0.343394561645947,0.431,0.504,1
"CBX5",0.00531367713226698,-0.298616362084163,0.348,0.429,1
"ATXN2L",0.00533653064915639,0.264149982761557,0.481,0.401,1
"AVL9",0.00534363017826095,-0.52635570655834,0.205,0.271,1
"DDI2",0.00537137775528597,-0.335665439717212,0.221,0.288,1
"BCL9L",0.00537141961410447,0.634151746418672,0.156,0.105,1
"IL18R1",0.00540871185526478,-0.444380186296925,0.343,0.402,1
"BAX",0.00545643683730607,-0.251073708014252,0.637,0.676,1
"ATF6B",0.00550668485222931,-0.455985544824491,0.351,0.401,1
"BLZF1",0.00551644703235747,-0.484532664786235,0.112,0.167,1
"NIFK",0.00557178118947982,-0.365501155607965,0.501,0.549,1
"KLF16",0.00558262939366446,0.612187910378288,0.236,0.176,1
"MTLN",0.0056785365071993,0.253949498071405,0.426,0.357,1
"CEPT1",0.00567943191304051,-0.427941112424001,0.215,0.278,1
"ZNF195",0.00571041974310379,-0.571953549218044,0.141,0.199,1
"AC025171.2",0.00572824084183239,-0.43064469565246,0.104,0.155,1
"TSFM",0.00573110442444827,-0.381843595679636,0.207,0.272,1
"RBM12B",0.00574830955878143,-0.536409637030876,0.12,0.175,1
"CALU",0.00578971759261362,-0.336736747542156,0.281,0.35,1
"YPEL5",0.00579224641948367,0.643895321022466,0.826,0.836,1
"LCORL",0.00582446520630355,-0.615384816703817,0.22,0.283,1
"ODR4",0.00585480347978258,-0.612646699314323,0.166,0.223,1
"SESN2",0.00588667097872577,0.763851025262326,0.148,0.099,1
"HIRIP3",0.00594469165190071,-0.661251257335899,0.078,0.126,1
"GGCX",0.0059447523147986,0.407491713057277,0.387,0.314,1
"LPCAT2",0.00601571486759694,0.432451823155614,0.415,0.36,1
"GTPBP6",0.00603136970701428,-0.321842009550713,0.424,0.481,1
"F8A1",0.0061237012717187,0.295852892558954,0.338,0.268,1
"SINHCAF",0.00626537964917318,-0.355431493725958,0.515,0.571,1
"MED8",0.00627422308092843,-0.371733593704409,0.285,0.357,1
"TCEAL4",0.00633653113338665,-0.332617274185957,0.332,0.396,1
"PIGN",0.006347115238069,-0.688695137699143,0.119,0.17,1
"FGFR1OP2",0.00637979355219359,-0.253221691258664,0.524,0.587,1
"CBLL1",0.00638889986417635,-0.426854969076243,0.242,0.306,1
"PHTF1",0.00643683093497203,0.366522010816098,0.19,0.133,1
"PAN3",0.00653381694795344,-0.306538616194614,0.376,0.433,1
"ZNF264",0.00653784738646658,-0.583227215156256,0.161,0.217,1
"MRPL17",0.0065671290652674,-0.416272695623647,0.221,0.287,1
"RMDN3",0.00656816543681228,-0.709749949224726,0.112,0.164,1
"BFAR",0.00658014844211851,-0.437053719884242,0.288,0.348,1
"LCP2",0.0066991854961036,0.295493326104802,0.58,0.517,1
"MED27",0.00673202821876693,-0.475139625406948,0.189,0.247,1
"ZNF37A",0.00678251714993888,-0.57680210771757,0.18,0.239,1
"RMC1",0.00682586679479624,-0.687535155946367,0.117,0.172,1
"MALT1",0.00684836818210426,0.322350143647481,0.525,0.466,1
"CDK8",0.00686259871978241,0.733718111855612,0.101,0.06,1
"MNDA",0.00689339251545366,0.262001155700781,0.725,0.694,1
"VAV3",0.00694786195134153,-0.32445810706816,0.397,0.478,1
"PRKAB1",0.0069754432727447,-0.769611706631106,0.06,0.102,1
"CBX6",0.00707841118839333,-0.304055784121986,0.473,0.526,1
"KPNA5",0.00711008602650795,-0.50827882768925,0.141,0.197,1
"SEL1L",0.00714340901361534,-0.295290073333535,0.459,0.528,1
"CCDC174",0.00727767475913687,-0.40089782708964,0.207,0.268,1
"IMPAD1",0.0073139223052121,-0.336917260264005,0.317,0.378,1
"BOD1L1",0.00733638156025119,-0.261734357490989,0.776,0.794,1
"TSTA3",0.00736267701242803,-0.41232130076379,0.262,0.32,1
"KCNQ1OT1",0.00742489474092139,0.391134592762646,0.197,0.139,1
"HNMT",0.00746376976265282,0.3457628051412,0.348,0.28,1
"TP53TG1",0.00752573868229496,0.556645907924322,0.231,0.176,1
"ZNF654",0.00752909082872818,-0.472076603226324,0.14,0.193,1
"TSNAX",0.00753432423976281,-0.368755365362057,0.437,0.498,1
"MAP1A",0.00755381569223876,-0.758602380378896,0.182,0.235,1
"SLA",0.0075594794192963,-0.57977057376788,0.359,0.41,1
"RUNX1",0.00767652998140187,0.287885338253236,0.514,0.439,1
"ACADM",0.00768788041737738,0.260571174070776,0.416,0.333,1
"PSIP1",0.00769216636988026,-0.252504887531274,0.537,0.614,1
"ZKSCAN8",0.00770523232492152,-0.783364271362944,0.093,0.141,1
"MPHOSPH10",0.00786981715361259,-0.354027714369596,0.405,0.477,1
"CXorf38",0.00787996488151665,-0.36474860499547,0.345,0.419,1
"EML4",0.00798289892199208,-0.332771722530489,0.272,0.342,1
"ERCC5",0.00804665687043825,-0.383612612530296,0.291,0.362,1
"CDADC1",0.00807094926046641,-0.254316917666708,0.091,0.139,1
"RARS2",0.00818470413468303,-0.289179421551345,0.19,0.259,1
"KCMF1",0.00822563345856684,-0.285486546371841,0.431,0.493,1
"MRPL10",0.00834813743953144,0.485200080713206,0.233,0.175,1
"FNBP4",0.00836762864220267,-0.282456021339856,0.576,0.655,1
"VPS11",0.00846241095536618,-0.254090725394632,0.167,0.235,1
"ZDHHC14",0.00855878601462105,-0.709948721239718,0.091,0.136,1
"C1RL",0.00857725208504213,-0.544884187811659,0.072,0.115,1
"CXorf40A",0.00858191857313641,0.872330017058583,0.122,0.079,1
"AC011939.2",0.00867163524652785,0.911805258969182,0.117,0.076,1
"SRGAP2B",0.00867813912570099,-0.503883537214198,0.354,0.405,1
"PHC3",0.00892703792618248,-0.454713310900355,0.356,0.423,1
"PRKAA1",0.00908177220960898,-0.424385169086989,0.229,0.29,1
"DAXX",0.00931746750192803,0.472932313916045,0.294,0.23,1
"SGMS1",0.00935760334587028,-0.665193536801282,0.098,0.143,1
"USP53",0.00941182006673269,-0.738296548694061,0.114,0.161,1
"DYRK2",0.00941775082660934,0.324202512746532,0.327,0.263,1
"BMP2K",0.0094975119694963,0.370505076569264,0.324,0.254,1
"UTP18",0.00960770963929432,0.326352599130651,0.366,0.3,1
"CDK12",0.00968274494044143,-0.414121114532739,0.478,0.532,1
"GADD45B",0.00972495420877562,0.44194132585909,0.545,0.478,1
"HEATR6",0.00974096253595316,-0.451521917145407,0.12,0.172,1
"CLN8",0.00979360139824619,-0.39267825055874,0.561,0.605,1
"ZNF266",0.00982294807037978,-0.793141930447031,0.068,0.109,1
"KLHL2",0.00986092745312662,-0.562188182044714,0.106,0.154,1
"AC009950.1",0.0099263498553567,0.64867199639282,0.171,0.123,1
"WASHC4",0.0100195216082022,-0.291299450757629,0.472,0.519,1
"INPP4A",0.0101857157545336,-0.315556403512759,0.343,0.408,1
"STX11",0.010276743790885,0.494449734378488,0.541,0.517,1
"NKAPD1",0.01031033948883,-0.354799540890905,0.307,0.368,1
"C1orf109",0.0104272771521373,-0.869461144394903,0.072,0.112,1
"IRF5",0.0106321398902135,0.392234898478884,0.312,0.247,1
"ZBTB1",0.0106536704361336,0.417105686861749,0.457,0.399,1
"CLN3",0.0106806792283131,0.323158037935907,0.358,0.293,1
"GCLC",0.0108643028705771,-0.394342979800993,0.441,0.492,1
"NIN",0.0108930117459916,-0.287452198470133,0.649,0.698,1
"SRGAP2",0.0109180606103324,-0.27386195016763,0.509,0.567,1
"DYNC1LI2",0.0109773109022181,-0.448505613911699,0.314,0.383,1
"FAM126A",0.0110317470812333,-0.454275975702912,0.275,0.335,1
"SIGMAR1",0.0111283092047589,0.460999462023033,0.176,0.127,1
"JUN",0.0112039570494945,-0.598635433512958,0.246,0.303,1
"TMEM189",0.0112309816174617,0.347741135717601,0.262,0.203,1
"CMTR2",0.0113548221799121,-0.74298343955432,0.163,0.206,1
"THAP5",0.0113859881715817,-0.325684676406391,0.161,0.218,1
"NOL11",0.0114460267932384,-0.392046426025033,0.211,0.271,1
"IDS",0.0115568149187364,0.445423164947905,0.784,0.738,1
"MTF1",0.0115628045136096,-0.52430223828275,0.106,0.152,1
"CD300LF",0.0116434591250411,0.524654098080539,0.22,0.169,1
"FGD4",0.0117363031114032,-0.403072804130239,0.338,0.395,1
"MAFF",0.0117470715592972,1.36021447730336,0.18,0.141,1
"VEGFA",0.0117771331233258,0.54497218713024,0.275,0.22,1
"TRIM33",0.011820265922705,-0.304771011889105,0.345,0.407,1
"PSMD9",0.0118504489373701,0.254806281087667,0.685,0.617,1
"YOD1",0.0119285075492178,-0.651811822460534,0.091,0.135,1
"ORAI1",0.0120076989333347,0.326055455409321,0.395,0.332,1
"SLC7A1",0.0120311140309401,-0.710198662362676,0.115,0.163,1
"ALDH3A2",0.0120533500693977,0.503852802695271,0.197,0.145,1
"KIAA0040",0.0120822216668967,-0.476443112755501,0.203,0.257,1
"OXSR1",0.0120908535729976,0.352910341949456,0.372,0.309,1
"NUTM2B-AS1",0.0121052207776706,-0.263314366959965,0.559,0.605,1
"NCK2",0.0121234859089205,-0.454831127496957,0.249,0.3,1
"SKIL",0.0121273359259098,0.430713379792309,0.377,0.323,1
"SECISBP2L",0.0121873810734379,-0.391606108902453,0.259,0.323,1
"AC044849.1",0.012244005628363,0.512219866691213,0.154,0.106,1
"ELOA",0.0125787838528662,-0.390597660328816,0.304,0.369,1
"CDC5L",0.0125804736026513,-0.293988638324514,0.424,0.483,1
"DENND4C",0.0125826756130022,-0.386559201063629,0.207,0.263,1
"ZNF296",0.012732104011245,-0.591066202450298,0.119,0.166,1
"ZNF121",0.0127808949529374,-0.47010373465342,0.185,0.245,1
"SESTD1",0.0129400281102536,-0.479094943582357,0.187,0.241,1
"CKS2",0.0129718886236554,0.652401583115218,0.177,0.132,1
"KCNE3",0.0130449566465023,0.560208144269363,0.19,0.139,1
"ZDHHC17",0.0130569510738195,-0.414718313654974,0.366,0.428,1
"CYP2S1",0.0131504454384466,0.402027608633428,0.268,0.209,1
"TSC22D2",0.0132707510640551,0.508480843598125,0.281,0.224,1
"FOXJ3",0.0134265108667803,-0.524065451230164,0.288,0.347,1
"CDK16",0.0134287198118125,0.509764747648937,0.14,0.094,1
"ZCCHC10",0.013436249211223,-0.2948526003718,0.286,0.356,1
"JADE2",0.013455628989858,-0.570938029863961,0.151,0.2,1
"HIF1A",0.0134918642770107,-0.343094903666713,0.602,0.64,1
"GEMIN2",0.0135288119823252,-0.474356239439711,0.072,0.112,1
"PCBD1",0.0135319742321178,-0.281263080827252,0.379,0.457,1
"PRDM4",0.0135638620788203,-0.433965228143224,0.098,0.143,1
"MYC",0.01361817404748,-0.711788844361394,0.075,0.115,1
"RUBCNL",0.0136451858232908,-0.586155047299998,0.117,0.166,1
"FEM1B",0.0136474181903433,-0.354164428216039,0.312,0.368,1
"GPR171",0.0136844994448947,-0.614039344089351,0.099,0.143,1
"ANKH",0.0137283221166659,0.615674487274857,0.228,0.173,1
"ZYX",0.0137982562698536,0.25711450648538,0.689,0.635,1
"SIDT1",0.0138001778609335,-0.336804956358161,0.21,0.268,1
"PEX13",0.0139240913973266,-0.621214069818986,0.128,0.179,1
"MEPCE",0.0139558514214869,-0.643687287857299,0.146,0.194,1
"FPGS",0.0140521990046679,0.423961810470203,0.21,0.157,1
"FAM217B",0.0141128691981242,-0.418836246555792,0.229,0.284,1
"ANKLE2",0.0142897118317809,-0.362649114669466,0.364,0.423,1
"PHTF2",0.0143041080916602,-0.740286976420303,0.133,0.181,1
"PACRGL",0.0143731567770695,0.529300422685679,0.101,0.063,1
"FPR1",0.0143918127437551,-0.440481686040733,0.371,0.422,1
"FAM110A",0.014395544787771,0.317741466857206,0.211,0.157,1
"MON1B",0.0144372061535369,-0.493783781131389,0.197,0.253,1
"AL392172.1",0.0144889600902556,-0.665023152819818,0.089,0.133,1
"CASS4",0.0145996034661291,-0.638054298422315,0.112,0.155,1
"SSX2IP",0.0147010629847639,-0.49011203289579,0.138,0.191,1
"KBTBD4",0.0147885059103523,-0.71035522987622,0.067,0.105,1
"ZNRD1",0.014799432376619,-0.335449928039732,0.348,0.401,1
"RRAGC",0.0148418200328901,-0.325612238632341,0.385,0.45,1
"AKIRIN1",0.0148425171964413,-0.297080929842683,0.537,0.587,1
"TAF8",0.0148488433269464,-0.347386989715879,0.263,0.333,1
"BRIX1",0.0148567794986978,-0.367553385172332,0.294,0.357,1
"KBTBD8",0.0150853842085866,0.654655616526606,0.15,0.105,1
"KRCC1",0.0152283539614782,0.404628770071205,0.298,0.241,1
"GTPBP1",0.0152394789978473,0.565274459916758,0.192,0.142,1
"C6orf47",0.0152740015170512,-0.64633368280225,0.078,0.118,1
"RRP15",0.0153562962492405,-0.405658398442417,0.246,0.305,1
"ZNF43",0.0154470230769869,-0.36462253698109,0.125,0.173,1
"GABPA",0.0154540081130257,-0.3355644741434,0.231,0.288,1
"ZNF160",0.0154826425879286,-0.397944361853571,0.158,0.211,1
"MPV17",0.0155642963132609,-0.331327071659437,0.286,0.345,1
"TRIM23",0.0157199441280631,-0.73679454194794,0.076,0.117,1
"LPAR6",0.0157810592306705,0.353350732401921,0.263,0.209,1
"RASA2",0.0157985143387958,-0.376828626694852,0.306,0.366,1
"PMEPA1",0.0159519901057436,-0.888261674022672,0.145,0.188,1
"PNO1",0.0159781033012135,-0.440169239161359,0.247,0.299,1
"GCN1",0.0159812074352227,-0.668964202488831,0.12,0.163,1
"DDX20",0.0161160739622229,-0.597180461425785,0.08,0.12,1
"VIPR2",0.0161776972113742,-1.04224307299835,0.114,0.157,1
"RWDD4",0.0162122285881571,-0.259546047562359,0.328,0.39,1
"OSM",0.0162787558021176,1.14930400211607,0.128,0.09,1
"CD14",0.0163364590345391,0.254743022222366,0.307,0.248,1
"MIS12",0.0163941102623526,-0.693459116991985,0.075,0.114,1
"AK6",0.0165569815870765,-0.382943286245355,0.163,0.214,1
"SUN1",0.0166312699234244,0.280673447383015,0.237,0.182,1
"HACD3",0.0166916425906308,-0.425969111453655,0.12,0.166,1
"SLF1",0.0167058649894485,-0.550035674061953,0.096,0.138,1
"FAM76B",0.0169409686928673,-0.471312492658978,0.257,0.317,1
"GID8",0.0170660968818446,0.292768337552286,0.463,0.402,1
"ARSD",0.0170888528505742,-0.39066555274428,0.252,0.306,1
"SLC25A19",0.0171067052708683,0.406857679739652,0.135,0.091,1
"WARS",0.0171503293098504,0.270985451968408,0.527,0.46,1
"CDC14A",0.0172742273088625,-0.4585897117677,0.246,0.297,1
"PIAS2",0.0174052778412291,-0.414334271365621,0.241,0.297,1
"ARHGAP5",0.0175044587540747,-0.32524259595116,0.519,0.555,1
"SCO2",0.0176466745654198,0.311908043078263,0.418,0.356,1
"NOL8",0.0178122214250269,-0.269416774292724,0.298,0.369,1
"RINL",0.0178524006215174,-0.576372189706294,0.109,0.152,1
"GNA13",0.0178581101887378,0.264621631944037,0.538,0.484,1
"PRH1",0.0179549542395229,-0.402023911473315,0.146,0.197,1
"TIMM29",0.0180136893735471,-0.445258650450511,0.174,0.227,1
"AC245060.5",0.0180619099379993,-0.556956254504581,0.07,0.109,1
"LLGL2",0.0180827745908603,0.863278579950741,0.109,0.072,1
"PPP1R16B",0.0181658713396699,-0.347655069510285,0.122,0.169,1
"ZNF480",0.0182051134486626,-0.380611632709678,0.197,0.253,1
"POLR2B",0.0182323522145589,-0.270905525438392,0.528,0.564,1
"METTL14",0.0182448329617581,-0.600141533199869,0.153,0.197,1
"MRPS14",0.0183073248301258,0.282649632614374,0.302,0.241,1
"HOMER2",0.0183391265607666,0.329565022170417,0.247,0.193,1
"CRNKL1",0.0184923738304063,-0.380091621508552,0.226,0.283,1
"ZNF268",0.0184945737959945,-0.756889671062292,0.08,0.118,1
"GOPC",0.0185121217104896,-0.351267296956658,0.25,0.308,1
"PEX10",0.0185336409865508,-0.706075930643385,0.068,0.105,1
"RRS1",0.018579748452126,0.386794768231018,0.107,0.069,1
"PRR14",0.0186399334888947,0.417693743745844,0.233,0.178,1
"TMEM138",0.018644282817879,-0.432407260302553,0.213,0.268,1
"CDC16",0.0187300329316403,-0.480232380569288,0.224,0.274,1
"PLEKHF2",0.0187686422854639,-0.299903028769472,0.371,0.426,1
"CAPRIN1",0.0187964095054918,-0.291825174865932,0.665,0.7,1
"PRKCH",0.0188833633585278,-0.394390201806643,0.161,0.212,1
"MTM1",0.0189902109713325,-0.468353248420603,0.229,0.284,1
"FOSB",0.0190172891490655,1.599106438877,0.363,0.345,1
"KDM4A",0.0191315637681167,-0.630276179819887,0.117,0.16,1
"FAM160A2",0.01917001498005,-0.582895026075242,0.107,0.151,1
"AKR1C3",0.0191874926429367,-0.372670958067495,0.109,0.152,1
"PLEKHG2",0.0192557232039134,0.36143447488753,0.128,0.088,1
"SEC14L1",0.0193071847736602,-0.297026308849642,0.545,0.583,1
"ARID2",0.0194099968161064,-0.4764143056161,0.315,0.378,1
"TUT7",0.0194248376713919,-0.33411973104307,0.288,0.339,1
"SBNO1",0.0194612153017698,-0.274196128233718,0.47,0.523,1
"CD79B",0.0194791648877415,0.616394102878745,0.119,0.079,1
"ZBTB24",0.0195130003887421,-0.36414704105779,0.27,0.321,1
"CLEC4A",0.0196207618952182,0.264634971358855,0.611,0.556,1
"ZNF431",0.0197003322639104,-0.284283422568598,0.25,0.314,1
"ASB3",0.019734340690303,-0.532934911175944,0.101,0.143,1
"AKAP11",0.0197930928322639,-0.331022810926269,0.26,0.315,1
"MLXIP",0.0198610223611775,-0.308554184070935,0.408,0.463,1
"RBM45",0.0200028681569801,-0.635018591493854,0.08,0.118,1
"PHF14",0.0200104752482523,-0.336832290132921,0.354,0.413,1
"TFDP2",0.0200279602944743,-0.250872580659716,0.291,0.356,1
"PIK3R5",0.0201625995309128,-0.302917072325197,0.211,0.266,1
"SFXN4",0.0202189179214965,0.43332631677788,0.179,0.133,1
"NRP1",0.0202788964639712,-0.405048934863495,0.171,0.224,1
"IRS2",0.0203414901579976,-0.257266966950401,0.374,0.428,1
"WDFY4",0.0203472018978478,-0.297583741029784,0.535,0.575,1
"INO80C",0.0203615037496638,0.547873068989015,0.195,0.146,1
"TNFAIP2",0.0203959668473765,0.333004831868647,0.465,0.422,1
"RPL7L1",0.0205185533793366,-0.259941747485836,0.511,0.564,1
"ATG7",0.0205373931194572,0.377502025678722,0.18,0.135,1
"SUSD6",0.0206117434033746,0.292451612168086,0.436,0.383,1
"METTL16",0.0207534194932711,-0.255646453791484,0.153,0.202,1
"RSPH3",0.0208325720609232,0.457899449029758,0.146,0.103,1
"RFT1",0.0209307016826444,-0.621827198549545,0.101,0.142,1
"SEC24B",0.0210016252822898,-0.352085070675718,0.172,0.223,1
"AKT2",0.0212031753034005,-0.259431288299949,0.275,0.338,1
"CEP295",0.021243806384012,-0.637412120129476,0.073,0.111,1
"CTU1",0.0213865927265194,-0.511648473482655,0.132,0.176,1
"DTNBP1",0.0215362224354565,-0.322194584817553,0.272,0.336,1
"USP12",0.0215686166414363,0.393944992294654,0.294,0.239,1
"RNF8",0.0215786033325323,-0.432473037902326,0.106,0.149,1
"ATF7IP",0.0216260786016532,-0.273044967204979,0.483,0.526,1
"HSPBAP1",0.0217461775028174,-0.450231817213647,0.146,0.194,1
"CARD11",0.0218301195007942,-0.495559558112236,0.13,0.175,1
"ERBIN",0.021834278872939,0.259341681747546,0.592,0.528,1
"PDE4A",0.0219637241410009,0.26493451430822,0.322,0.263,1
"FAM172A",0.0219897981986149,-0.510040207699276,0.236,0.288,1
"PPP4R2",0.0221142989724314,-0.251244713854027,0.413,0.463,1
"JDP2",0.0221763879873492,-0.511469925890696,0.4,0.423,1
"CWC22",0.0223272286045489,-0.480367695183553,0.228,0.275,1
"THBD",0.0226907267901664,0.692132928750977,0.179,0.133,1
"SELENOK",0.0228787456861571,0.327245592643799,0.698,0.68,1
"ASGR1",0.0228790204392386,0.350805283348374,0.291,0.236,1
"BMI1",0.0229533998836789,-0.255940058453113,0.221,0.283,1
"DERL2",0.0229614988961454,-0.304380675021289,0.319,0.38,1
"PAQR3",0.0229739119737817,0.844655299998859,0.114,0.078,1
"TMEM65",0.0229987795491429,-0.354185034287149,0.285,0.335,1
"RAP2A",0.0231230158892242,-0.438763613641688,0.307,0.356,1
"RNF6",0.023259201632631,-0.296969049370243,0.315,0.372,1
"FAM20B",0.0233152401741721,-0.451322551215048,0.187,0.238,1
"AKAP9",0.023386582936308,-0.285937593060753,0.719,0.737,1
"PTS",0.0234183165914431,-0.279724704476735,0.247,0.3,1
"RSBN1L",0.0234636034579743,-0.252586876031403,0.411,0.468,1
"DNASE1L1",0.0234752846766088,0.388075944304292,0.221,0.17,1
"TMEM170A",0.0235029459852812,-0.357112268362028,0.294,0.353,1
"SUDS3",0.0236413316748935,0.264358480264334,0.345,0.286,1
"SLC35B2",0.0237305387982106,0.511747129527086,0.14,0.099,1
"PADI4",0.0237528906992165,-0.529300052367216,0.085,0.124,1
"PCGF1",0.0237697520812874,-0.538822640965644,0.081,0.12,1
"GTF2E2",0.0239400053806534,0.311277713034713,0.301,0.242,1
"BCL2A1",0.0239741749065218,-0.655768794186302,0.179,0.227,1
"RHOB",0.023976433500856,-0.724801404666967,0.281,0.315,1
"MAVS",0.0239832363253842,-0.487852823470309,0.249,0.294,1
"SSBP3",0.0240141292801016,0.280995536802263,0.364,0.296,1
"HSDL2",0.024096991032966,0.313668643952116,0.338,0.275,1
"YEATS2",0.0241944515523937,-0.404916370763163,0.102,0.145,1
"LHFPL2",0.0244188788780998,-0.67670170487221,0.143,0.187,1
"IPO9",0.0244303933096772,-0.370748205560584,0.213,0.266,1
"SIT1",0.0245027578365893,-0.684324453340761,0.073,0.109,1
"TTC5",0.0245788538602256,-0.368649653394803,0.145,0.191,1
"SLC25A39",0.0246585738398767,-0.262305654149414,0.315,0.374,1
"MPND",0.0246673674070699,0.397695151197519,0.234,0.182,1
"MTHFD1L",0.0247651420531062,0.597733806244281,0.137,0.097,1
"ETAA1",0.0249804357753623,0.323062691435267,0.128,0.09,1
"ASPSCR1",0.0250405597315107,-0.301142204444808,0.236,0.294,1
"ALG11",0.0251068250710044,-0.452057801535793,0.091,0.132,1
"LINC01684",0.0251681757109629,-0.268201226752271,0.141,0.191,1
"GPR132",0.0255356320175803,-0.483160887578607,0.115,0.157,1
"CCDC22",0.0255750340301076,-0.524881102009116,0.184,0.226,1
"STT3A",0.0257619647341935,0.381473303329064,0.307,0.251,1
"AC012146.1",0.0257672917827556,0.65592539287234,0.117,0.081,1
"DNMBP",0.0258629030250358,-0.532030228680385,0.072,0.106,1
"PAPOLG",0.0258721128495017,-0.471021739457083,0.132,0.176,1
"KLHL8",0.0259289555124515,-0.410584172942058,0.25,0.299,1
"FBXO11",0.0259853704438206,-0.266506946432595,0.45,0.486,1
"AGO1",0.0260167510848006,-0.325555635924579,0.21,0.262,1
"ZXDC",0.026249533271296,-0.338247207514665,0.192,0.244,1
"TOE1",0.0262658773393648,-0.467474422890232,0.098,0.138,1
"FXR2",0.026304300430439,0.626088368685191,0.12,0.084,1
"SLC44A2",0.0263226853467905,-0.511675362699154,0.176,0.223,1
"ZNF141",0.0263357111410822,-0.436666254182431,0.148,0.194,1
"EDRF1",0.0263511547851942,-0.472641211067983,0.171,0.223,1
"UTP3",0.0263798534046669,-0.278362619726239,0.343,0.404,1
"GPR183",0.026447047158793,0.557570671542658,0.847,0.848,1
"IFFO2",0.026495334967545,0.365984070768237,0.138,0.097,1
"MAML1",0.0265220568666837,-0.580341458852624,0.153,0.194,1
"ZDHHC5",0.0266183481015563,-0.344767414383886,0.249,0.303,1
"APPBP2",0.0267504727663737,-0.625467231760584,0.15,0.19,1
"DIPK2A",0.0267566481317287,0.303063282591378,0.478,0.413,1
"THEM4",0.0267791294812313,0.451193981871269,0.233,0.182,1
"BTN3A2",0.0269293189662162,0.478234937279225,0.252,0.203,1
"TMEM115",0.0269348586789872,-0.536323602763577,0.107,0.148,1
"FGD3",0.0269559749445026,0.447227709170715,0.236,0.191,1
"THUMPD3",0.0270679255949564,-0.360819341929097,0.259,0.311,1
"TMEM128",0.0274342290874146,-0.386057882584953,0.128,0.175,1
"RAB3D",0.0274407997994788,0.468274962610987,0.197,0.152,1
"TECPR1",0.0277433663845278,-0.392343452548169,0.114,0.157,1
"ZNF675",0.0278740116053748,-0.683339697940158,0.122,0.161,1
"ATP23",0.0278864563815622,0.656806394930172,0.106,0.072,1
"HERPUD2",0.0279730955708047,0.307402632515831,0.319,0.268,1
"RARA-AS1",0.0280462044487278,-0.627898023486477,0.094,0.132,1
"AC090204.1",0.0280760144039817,0.363897581334999,0.187,0.141,1
"ARL4A",0.0283655618727952,0.386930985006721,0.434,0.399,1
"GTF2F1",0.0283717181815846,0.254511337509073,0.45,0.398,1
"TRUB1",0.0286084680874163,-0.309045085988351,0.078,0.117,1
"GSTM4",0.0291015823157785,-0.599128509214613,0.067,0.1,1
"PGGT1B",0.0292382514511981,-0.378698307303587,0.421,0.474,1
"ST3GAL2",0.029248011286873,-0.38160418982339,0.286,0.336,1
"TXLNA",0.0294445783215463,0.311832098236232,0.319,0.262,1
"PKN2",0.0294654120851753,-0.305998431634014,0.319,0.374,1
"TP53RK",0.0297496373958625,-0.522052803739118,0.189,0.235,1
"SERPINF2",0.0299405369438287,-0.452009818443845,0.145,0.191,1
"RREB1",0.0299730948332013,-0.336353194270823,0.395,0.429,1
"CYP51A1",0.029984372591369,0.273259422562952,0.337,0.275,1
"MRPS31",0.0300220711760585,0.30760428192183,0.289,0.236,1
"SLC35F3",0.0300510101729306,-0.514770428470951,0.111,0.151,1
"HS3ST3B1",0.0302543713314637,-0.342439335106653,0.096,0.136,1
"BCR",0.030298154444509,-0.509697077681125,0.117,0.155,1
"STK17A",0.0303349338489832,-0.610632193906335,0.306,0.341,1
"PIK3IP1",0.0304038195996252,-0.608313965340558,0.177,0.218,1
"INSIG1",0.0307474509555203,0.927321663575081,0.358,0.33,1
"AL450998.2",0.0308114226861716,0.256233519258907,0.21,0.167,1
"MCL1",0.030826385728114,0.362780287520366,0.88,0.882,1
"RAB33B",0.0309173866485339,-0.295200857887779,0.109,0.152,1
"COPS8",0.0310054052398143,0.342749450890246,0.281,0.229,1
"ZNF330",0.0310648093869789,-0.250428689003203,0.306,0.36,1
"PRPSAP2",0.0311138404316628,0.297204965622811,0.241,0.187,1
"RRP36",0.0312445575183815,-0.291858142178673,0.309,0.354,1
"AL391069.2",0.0315332786444375,0.494954648851981,0.141,0.103,1
"SVIP",0.0316847373783827,-0.252936874412389,0.32,0.381,1
"SMARCAL1",0.0317317429917367,-0.432749337627299,0.098,0.136,1
"PHF3",0.031747122584819,-0.300749207719158,0.548,0.596,1
"CFL2",0.0319324820712515,-0.461758815840994,0.115,0.157,1
"CHMP7",0.0321904748144562,-0.367010553081677,0.112,0.151,1
"ID3",0.0321964304492469,0.808328388720006,0.124,0.088,1
"MTMR1",0.0322213581839334,-0.499545498827711,0.198,0.247,1
"TLR10",0.0322387028177283,0.301055976479502,0.145,0.105,1
"C1orf21",0.0322763980548711,-0.462000167458875,0.072,0.106,1
"WDR45B",0.0323504846124313,0.437907144187449,0.444,0.413,1
"FILIP1L",0.0325257031708889,-0.840104567755859,0.091,0.127,1
"KLC1",0.0325650927047989,-0.413854407650121,0.424,0.472,1
"IGF2R",0.0327528051598888,-0.44350335593512,0.294,0.339,1
"TFIP11",0.0328006772787673,-0.500112652404066,0.107,0.146,1
"F13A1",0.0328506022353674,0.317148796062217,0.359,0.308,1
"TTC32",0.0330573013656655,-0.309705532359132,0.229,0.278,1
"FLNB",0.0332224855207639,-0.44676221729734,0.221,0.275,1
"AKAP10",0.03322262095215,-0.452268750670077,0.138,0.181,1
"ANKRD17",0.0333780480020911,-0.281852187007624,0.353,0.405,1
"MRPL35",0.0334279152246593,-0.314912806479942,0.193,0.247,1
"GGA2",0.0336936831138841,-0.372746886826288,0.367,0.419,1
"DYM",0.0337541883786937,0.327016666911306,0.33,0.283,1
"NRARP",0.0337934318938451,0.845156263175149,0.198,0.163,1
"CLECL1",0.0337955773118864,0.37289731779447,0.239,0.19,1
"CANT1",0.0338114452169222,-0.50451880069869,0.124,0.163,1
"PHF5A",0.0338688169773413,-0.348069179088044,0.285,0.333,1
"RPN2",0.0339031066807171,-0.253186084382495,0.8,0.83,1
"BCL2L12",0.0340408840479397,0.460659190693745,0.14,0.103,1
"ATG2B",0.0341823329592606,-0.385592800017907,0.089,0.127,1
"EMC1",0.0343819024119646,-0.437420765811904,0.112,0.151,1
"F11R",0.0345646551793574,0.463495528528833,0.309,0.262,1
"PRMT5",0.0346654199646671,0.371662502900977,0.166,0.123,1
"USF3",0.0348642480603287,-0.334232738628812,0.272,0.329,1
"STIM1",0.0348828484599543,-0.365009421147991,0.301,0.35,1
"MID1IP1",0.0350040262139506,0.278966357628168,0.293,0.236,1
"B9D2",0.0350478538666956,0.536116199319697,0.156,0.117,1
"MSRA",0.0351750852008287,-0.26282622689828,0.315,0.365,1
"PLXNA4",0.035175490575868,-0.548719612062428,0.153,0.196,1
"NDRG3",0.0355364062136507,0.38278067933332,0.198,0.155,1
"CPT2",0.035566731352379,-0.415025200030316,0.117,0.157,1
"CCDC84",0.0356403287493825,-0.270738053010173,0.169,0.217,1
"PHF23",0.0357010366384786,-0.436778754738655,0.146,0.188,1
"CNPY2",0.0357080172423591,-0.276628736703602,0.541,0.572,1
"SLC39A7",0.0357361174597392,0.450561154387287,0.187,0.143,1
"DNAJC14",0.035849745792468,-0.4776800226434,0.096,0.135,1
"ANO10",0.0360397207706451,0.439403297166267,0.132,0.094,1
"INTS10",0.0361800392398695,-0.294312333417059,0.481,0.522,1
"ERCC3",0.0362639901375382,-0.472503834984718,0.143,0.185,1
"FAAP100",0.0364357809813969,0.313410062515376,0.141,0.102,1
"GATAD1",0.036576404028494,-0.332964251989351,0.294,0.344,1
"THAP4",0.0366374805928286,0.434178411604326,0.205,0.161,1
"AC004951.1",0.0366724460274533,0.292155405658801,0.169,0.126,1
"PDK1",0.0366992414381118,0.558588491624203,0.138,0.102,1
"ZNF714",0.0367520348059325,-0.404765733437002,0.122,0.163,1
"CEP290",0.0369834152444277,0.322009145773222,0.14,0.102,1
"CSNK1G3",0.0377167953010585,-0.329192334572153,0.296,0.345,1
"XXYLT1",0.0377659819828871,-0.440142248831441,0.189,0.232,1
"SLC1A4",0.0378405298110316,0.623093673365612,0.138,0.1,1
"GTF2H2",0.0379375937474231,-0.478400287567349,0.114,0.151,1
"SREBF2",0.0380817847301404,-0.346367347774546,0.207,0.256,1
"KCTD6",0.0381309885878652,-0.497414629027126,0.088,0.124,1
"DNAJC9",0.0381742687688789,-0.268444363305201,0.195,0.245,1
"TGIF1",0.0381819894225351,0.579656419568644,0.228,0.184,1
"ISY1",0.0382093151136525,0.294770912351115,0.423,0.369,1
"CD83",0.0384377570505521,0.694717921708156,0.311,0.281,1
"EMC2",0.0384448358201746,-0.450293497230231,0.167,0.215,1
"RAD1",0.0384695723030627,-0.459577075224113,0.133,0.173,1
"PSMD12",0.0384960782245,-0.305369858352234,0.433,0.471,1
"VCPIP1",0.038620796211671,-0.343261343439611,0.283,0.338,1
"CD2",0.038819639965872,0.361714247285085,0.338,0.287,1
"LRCH1",0.0388374107704395,-0.633227638645899,0.093,0.127,1
"NECAP1",0.0388583317580543,-0.277764059837286,0.259,0.306,1
"ITSN1",0.0389894396193242,-0.585780471036461,0.08,0.114,1
"APH1B",0.0395647554115756,-0.450759914828653,0.107,0.145,1
"RAB3GAP2",0.0396717731225393,-0.331941482753975,0.259,0.309,1
"ATP6V0E2",0.0396791085094863,-0.531272399460537,0.085,0.12,1
"SLC4A7",0.0397035362960861,-0.364682588498926,0.281,0.336,1
"NREP",0.0401154161472071,0.260932308554662,0.402,0.353,1
"APOO",0.0401854960761442,0.542906088450722,0.107,0.075,1
"FANCF",0.0402105748467473,-0.619280001200946,0.137,0.172,1
"BCL2L11",0.0402463145377529,-0.58655775441621,0.294,0.335,1
"TOMM34",0.0402627702566992,-0.268551651184656,0.164,0.211,1
"ZNF740",0.0403770677669596,-0.508156529893145,0.07,0.103,1
"HSPA13",0.0406361859936201,-0.346594909188788,0.174,0.218,1
"B3GNT2",0.0406814075003226,-0.479533347072231,0.154,0.197,1
"NKG7",0.0412033299999115,0.308485862694921,0.403,0.351,1
"P2RX7",0.0412443184616606,0.469489498229314,0.148,0.111,1
"MTG2",0.0416282761191063,-0.361591254292107,0.143,0.187,1
"ANKRD11",0.041650313994628,-0.370439654925011,0.753,0.812,1
"SCAF8",0.0417236123255083,-0.342355125100762,0.268,0.314,1
"FPR3",0.0417269837968539,0.777876970182571,0.104,0.073,1
"CNBD2",0.0418688071156482,0.316772430701692,0.148,0.108,1
"ACACA",0.0420413174991878,-0.520689030729065,0.078,0.111,1
"DYNLT1",0.0420675097973911,-0.283422748789431,0.647,0.658,1
"PPBP",0.0420782939042502,-0.336505632780864,0.374,0.429,1
"ARHGEF9",0.0421616904372293,-0.384402470502824,0.089,0.126,1
"SH3BP4",0.0423713232912996,-0.325622887505241,0.276,0.324,1
"NUDT17",0.0429542158339603,-0.543788034045492,0.089,0.124,1
"PTK2",0.0432961268632297,-0.34127314828764,0.135,0.178,1
"PIGT",0.0434402275534788,-0.285641540448675,0.309,0.356,1
"PDXP",0.0434610531579362,-0.417594976451321,0.174,0.217,1
"LRCH3",0.0435502990090345,-0.632494734969977,0.167,0.206,1
"SLC2A9",0.0435843378289159,-0.521710627108542,0.075,0.106,1
"STK11IP",0.0435873514868094,-0.525488446649659,0.156,0.199,1
"PSMA3",0.0437691344106696,-0.260728785435227,0.657,0.695,1
"PIAS4",0.0439010283094484,0.637147979334777,0.115,0.082,1
"TRIM59",0.0439905581520385,-0.651032058252749,0.163,0.205,1
"HERC2",0.0440782767294998,-0.368786276908515,0.32,0.371,1
"CISD1",0.0442138638893832,-0.306768878206205,0.207,0.256,1
"TARBP1",0.0442381464519356,-0.318626552012175,0.244,0.296,1
"ANKRD28",0.0443632565564281,0.512269181661602,0.301,0.262,1
"RBM14",0.0444028138699179,0.282264233095187,0.296,0.253,1
"USP24",0.0444730995336036,-0.456651102687661,0.27,0.318,1
"KPNA2",0.0446742506534052,0.383726184032765,0.309,0.266,1
"HSPH1",0.0447483102901103,0.296095501875566,0.385,0.329,1
"EAF1",0.044763711573047,0.40873904290226,0.203,0.16,1
"PREPL",0.0449675036850393,0.424338145079689,0.182,0.143,1
"WBP2",0.0451748543554925,-0.281324543607922,0.333,0.395,1
"FMC1",0.0454330133927696,-0.280381149255268,0.302,0.351,1
"SNAPC3",0.045569530961652,0.363078983329824,0.159,0.12,1
"PCMTD2",0.0457498168518486,0.257646517244096,0.328,0.278,1
"NMRK1",0.0457732735954365,0.728897568954299,0.158,0.121,1
"TDP2",0.0460122111099745,-0.463786664816978,0.164,0.209,1
"VPS45",0.0460710969634336,-0.429013963143477,0.14,0.179,1
"FKBP2",0.0461517437547976,-0.254614727837544,0.224,0.269,1
"TMUB2",0.0461604943896445,-0.309140559728375,0.218,0.263,1
"MTMR9",0.0463552667352655,-0.280259466683888,0.275,0.318,1
"CASK",0.046505696394704,-0.652517832992609,0.093,0.126,1
"THBS1",0.0465141245104818,-0.575394779103308,0.106,0.141,1
"HLX",0.0465231921357207,-0.557455954025224,0.086,0.118,1
"RIOK3",0.0465407087687088,-0.256682263225752,0.607,0.625,1
"ACER3",0.0465787611292752,0.341168552833525,0.415,0.375,1
"MOSMO",0.0466099348080411,-0.817094418333424,0.083,0.117,1
"MAN1A1",0.0467935786837453,-0.294199866669557,0.446,0.483,1
"UBC",0.0468044098192285,0.279621497760759,1,0.994,1
"SMAD3",0.0468533194334645,-0.308156314264827,0.252,0.293,1
"LMAN1",0.046861236924347,-0.28252265055967,0.48,0.528,1
"LACC1",0.0469279286318474,0.526024325602464,0.122,0.088,1
"C11orf24",0.0470341712610843,-0.56364013785557,0.119,0.154,1
"COPS7B",0.0472895948897392,0.343796160634234,0.205,0.161,1
"FOSL2",0.047364147907259,0.329841078545521,0.478,0.428,1
"SOCS3",0.0474180371248286,0.453870884564563,0.304,0.254,1
"RSPRY1",0.0474411937192623,-0.394932189866934,0.18,0.224,1
"SLC17A5",0.0477360406050955,-0.665808787782368,0.093,0.127,1
"ANPEP",0.0480015843789221,0.293618552351042,0.325,0.274,1
"SBF1",0.0480880918414297,-0.459832709900498,0.098,0.133,1
"DDIT3",0.0484070038445069,0.733511039337378,0.163,0.126,1
"INTS4",0.0484914646640773,0.478566454566977,0.12,0.087,1
"NFATC1",0.0484975122538043,0.633403140485137,0.153,0.117,1
"SHPRH",0.0485232280950029,-0.267654473952303,0.234,0.287,1
"PDIK1L",0.0485673986501086,-0.600730481766238,0.096,0.13,1
"CNOT6L",0.0487454514692208,-0.263969059390729,0.468,0.522,1
"RUFY2",0.0489017880258167,-0.456087914080662,0.166,0.205,1
"AGAP3",0.0490360870592288,0.465211032636251,0.14,0.105,1
"HMGXB4",0.0495038160500319,-0.301663241201936,0.288,0.339,1
"UTP23",0.049737556492675,-0.392732994587947,0.263,0.308,1
"ASF1A",0.0497705500808532,-0.295857785905579,0.205,0.247,1
"BTN3A3",0.0498013516845119,-0.394677507472457,0.076,0.109,1
"GLCE",0.0498779145705107,0.479870979720019,0.193,0.152,1
"CBX4",0.0499045332894301,0.372839453663058,0.437,0.386,1
"ZNF830",0.0499388263677689,-0.25852526649589,0.207,0.25,1
"KDM2B",0.0503714336340999,0.287192168067536,0.35,0.299,1
"ECD",0.0507329655304365,0.348246801156072,0.226,0.182,1
"SNHG3",0.0508667463958203,0.264976578440518,0.372,0.317,1
"AC015871.7",0.0510728061122508,-0.493135979279499,0.085,0.117,1
"VIM-AS1",0.0513809119145822,0.358078622641009,0.202,0.16,1
"GALNS",0.0517199363125046,0.430286670838148,0.12,0.088,1
"HCCS",0.0518413327352087,0.255046869571156,0.291,0.239,1
"TMEM69",0.0519285325403171,0.276149938512316,0.163,0.123,1
"LTBP3",0.051971655203185,-0.48523113785885,0.102,0.136,1
"FTCDNL1",0.0519864512416946,0.339415259209033,0.101,0.07,1
"ZCCHC17",0.0521645556956073,-0.403075124063035,0.288,0.329,1
"EHD4",0.0522482843381276,0.480476530751228,0.252,0.212,1
"PPP2R5D",0.0522590701686532,0.328755444766372,0.117,0.084,1
"CAPN10",0.0522894003666992,-0.433842572510356,0.089,0.123,1
"SOCS6",0.0524561441951764,0.653580965319563,0.114,0.082,1
"HERC3",0.0527935684732355,-0.300334772771183,0.18,0.223,1
"CCNT2",0.0528102902760487,-0.29438320228596,0.327,0.375,1
"MIR181A1HG",0.0529484255221427,0.256176352896436,0.558,0.538,1
"METTL22",0.0532543455872189,-0.452716217809157,0.094,0.129,1
"COBLL1",0.053423659382274,-0.419224881695813,0.216,0.257,1
"WIPI1",0.053612978537116,-0.531993073763132,0.083,0.114,1
"ATPAF2",0.0536716135517122,-0.312522991531998,0.255,0.29,1
"KLRG1",0.0537873214691697,0.738096935090823,0.104,0.075,1
"ICAM2",0.0539444067752366,0.300599182927104,0.327,0.284,1
"ARMT1",0.0543913169705406,0.355278057864802,0.213,0.169,1
"SLC11A1",0.0544378537882461,-0.697166697711479,0.184,0.224,1
"ALKBH3",0.0544610215173821,-0.303212265034297,0.119,0.158,1
"PLSCR3",0.0544748650654745,0.499255205476731,0.184,0.148,1
"TSHZ1",0.054682254566645,-0.299001421206204,0.229,0.272,1
"CMKLR1",0.0548159744921857,-0.698660161673696,0.081,0.112,1
"POGK",0.0548779014190541,-0.252754359094953,0.33,0.371,1
"PPM1K",0.0554720510449805,-0.350643591959011,0.39,0.435,1
"GCSH",0.055475919164798,-0.388753465356101,0.192,0.232,1
"MRPL2",0.0558236184541431,-0.29084425879548,0.247,0.293,1
"CUTC",0.0559027428712806,0.290158127264244,0.304,0.26,1
"YY1AP1",0.0561378053290544,-0.290490694200336,0.242,0.284,1
"DNAJC24",0.0564668106687552,-0.395722957891569,0.106,0.142,1
"AC104695.4",0.0565617555914014,0.504452360921986,0.195,0.157,1
"CCNL1",0.0566193300391289,0.416779246590465,0.813,0.824,1
"DPP4",0.0566356735150146,-0.472828360756315,0.124,0.16,1
"RPS27L",0.0566469028490685,0.273188466729131,0.79,0.752,1
"P4HA1",0.057069927527102,0.273154211408833,0.457,0.414,1
"SLC9A7",0.0572869345435628,-0.345414824069213,0.346,0.387,1
"SCYL2",0.0576938936116577,0.428456235027413,0.291,0.247,1
"LTBR",0.0578927322293781,-0.276614714510422,0.241,0.287,1
"DUS4L",0.0579458783289793,-0.421073592747866,0.072,0.102,1
"ZBTB41",0.0581046282369676,-0.510526289716453,0.102,0.136,1
"SHFL",0.0585154722753925,-0.291159483736365,0.164,0.202,1
"ATP13A2",0.0587166904494225,-0.354813261770013,0.203,0.247,1
"GTF3C3",0.0588198816802817,-0.303835375936381,0.145,0.181,1
"ST6GALNAC6",0.05889210520767,-0.402124511407642,0.086,0.118,1
"RUNX2",0.0589419464862271,-0.358957595725882,0.485,0.528,1
"AL360012.1",0.0589627988071149,-0.523304888317268,0.164,0.202,1
"PTPA",0.059006073972643,-0.299758615035732,0.207,0.244,1
"SGMS2",0.0590305707336764,-0.348598028459169,0.205,0.248,1
"DUSP5",0.0590443518958075,0.501021249578134,0.306,0.265,1
"DPF2",0.0595123255646518,-0.259142416407443,0.27,0.318,1
"LYSMD3",0.0595785578030554,-0.394317161890873,0.141,0.182,1
"ZBTB48",0.0597050114456583,-0.459429752121656,0.081,0.114,1
"UPRT",0.0601542542553156,0.406608064727695,0.13,0.097,1
"SEH1L",0.0602369839631461,-0.368756218522336,0.223,0.263,1
"CYTH2",0.0602944110853319,0.269408670119981,0.255,0.212,1
"ARIH1",0.0605645932162961,0.261347192419114,0.423,0.377,1
"HAUS6",0.0605736410642264,-0.375715685507183,0.135,0.172,1
"FARP2",0.0606460642394726,-0.416543271307155,0.176,0.215,1
"HSPA6",0.0606703881485183,-0.483380112191601,0.078,0.108,1
"KCTD9",0.0606883454005077,-0.318935101541968,0.111,0.145,1
"METTL25",0.0607150142527325,0.344954273276081,0.115,0.084,1
"ARRB1",0.0610622203934825,-0.258836152365091,0.289,0.335,1
"PRMT3",0.0610673885761775,0.305810229970855,0.106,0.075,1
"CLEC16A",0.0612469301539694,0.446293715447625,0.114,0.082,1
"GZF1",0.0612496277686886,0.651830427800542,0.177,0.142,1
"CLASRP",0.0614237005385259,0.369586625807965,0.218,0.179,1
"PI4K2B",0.0614804390992354,-0.416472200958919,0.091,0.123,1
"SNX9",0.0615345300085149,-0.332230742910072,0.42,0.469,1
"PHF21A",0.0616563191729559,0.308355468847461,0.275,0.233,1
"CREB3L2",0.0617295173209508,-0.415953056699948,0.389,0.419,1
"AL355075.4",0.0619171485014106,-0.440651963996701,0.198,0.154,1
"TTLL3",0.0621461403786661,-0.418071851139286,0.148,0.185,1
"SLC9A9",0.0622235068217274,0.333355586699034,0.189,0.149,1
"GOT2",0.062328184279434,-0.265068889640126,0.233,0.28,1
"MTHFD2L",0.0623650050618304,-0.275188954156572,0.291,0.336,1
"ZNF736",0.0624087580280945,-0.467177397855359,0.195,0.235,1
"FBXO42",0.0625383606928538,-0.395074787047906,0.187,0.223,1
"ZNF688",0.062601654430567,-0.359139167923117,0.198,0.238,1
"TMCC1",0.0628287609573709,-0.324791505080089,0.167,0.209,1
"SLC35E2B",0.0628565294793182,-0.391264189028978,0.089,0.121,1
"FO393401.1",0.0629334514630928,-0.530618597396473,0.193,0.233,1
"METTL2A",0.0632296046921399,0.578422233177954,0.114,0.084,1
"CHIC2",0.0634290443655017,-0.436019683227705,0.226,0.266,1
"SMIM3",0.0636184684576707,-0.340151862320423,0.293,0.338,1
"MAP3K4",0.063704230664126,0.259650504836686,0.254,0.206,1
"ABHD16A",0.0639253645326502,-0.290333839013275,0.294,0.339,1
"JOSD1",0.0641197394991488,0.275950685002078,0.446,0.41,1
"OSGIN2",0.0644745403915359,-0.394646346081391,0.226,0.262,1
"FUT8",0.0647237456356693,-0.506515723879923,0.072,0.102,1
"KAT2B",0.0648990110380645,-0.450144313057366,0.18,0.218,1
"RAB30-DT",0.06493003385977,-0.314659077857341,0.195,0.233,1
"COPS7A",0.0649709117973271,-0.309320951859852,0.262,0.305,1
"LRRC23",0.0652275901074272,0.38160333455764,0.117,0.085,1
"EGR1",0.065267288436801,-1.06254107177034,0.089,0.118,1
"PELP1",0.0653730620975817,0.334222033527861,0.202,0.161,1
"NCSTN",0.0654541864887507,-0.29903645461994,0.376,0.41,1
"VDR",0.0655695824605611,0.272708465022561,0.174,0.136,1
"ZNF426",0.0655702346066466,-0.457851817693726,0.076,0.106,1
"MZF1",0.0657553597056263,-0.432153390944185,0.078,0.108,1
"PLAGL2",0.0657625592474287,0.491891283732627,0.101,0.072,1
"ATP1B1",0.0659321783890816,0.307403978712616,0.265,0.22,1
"FRYL",0.0661210144953541,-0.275554663876102,0.405,0.448,1
"TPCN1",0.066289505695003,0.377654007168537,0.228,0.188,1
"DGKA",0.0663827210387225,-0.292066241114503,0.2,0.242,1
"NSUN4",0.0665077258008168,-0.414638030018345,0.101,0.136,1
"KDM4C",0.0669852592402321,0.261272990246006,0.296,0.244,1
"CYBRD1",0.067057873195932,0.4425670399513,0.143,0.109,1
"VASH1",0.0671064195561388,0.284251169452985,0.197,0.155,1
"PDE6D",0.0672569185643511,0.428977094287037,0.184,0.148,1
"UBN1",0.0673274858584288,0.251418628913465,0.423,0.383,1
"HDAC5",0.0681110343141368,0.312316743002751,0.229,0.184,1
"MOCS2",0.0687143116640699,0.280386577668188,0.229,0.188,1
"TTC33",0.0687925905392381,-0.651723163885386,0.075,0.103,1
"TMEM156",0.0688110980079396,-0.31605589816881,0.166,0.205,1
"PDZD8",0.0688894789771065,0.253195237299084,0.341,0.296,1
"NAE1",0.0693944595568882,-0.251771159522706,0.289,0.33,1
"JUNB",0.0694768807750596,0.395665697122371,0.846,0.843,1
"TTC13",0.0698669536733552,-0.503502267876106,0.083,0.112,1
"GET1",0.0701113580390667,0.446557512386882,0.161,0.126,1
"SNIP1",0.0702264927733362,-0.367093352341639,0.164,0.203,1
"STARD4",0.0705475477522732,-0.422530437942251,0.096,0.129,1
"ARPIN",0.0706388464117765,0.404251581857983,0.22,0.182,1
"TMEM260",0.070780516740551,-0.474575653016315,0.14,0.173,1
"LY96",0.0709691639123957,0.261979611634968,0.532,0.48,1
"FSCN1",0.0709997797189231,1.06791277043958,0.109,0.079,1
"TRAPPC4",0.0714388400236735,-0.254533003271224,0.27,0.306,1
"DHDDS",0.0716062652339604,0.401584927754942,0.164,0.132,1
"TUBB4B",0.0716493092855609,0.509646584253101,0.473,0.456,1
"ARMH1",0.0716614701933138,-0.41169558999686,0.234,0.272,1
"TARSL2",0.0717745180680923,-0.444108679278987,0.156,0.188,1
"SDR39U1",0.0717884526991949,0.253620757802909,0.302,0.26,1
"EPHB1",0.0718065495214089,-0.557962521534506,0.137,0.169,1
"DAGLB",0.0721289954328529,-0.351615903050733,0.124,0.16,1
"RNF19A",0.0724622373469122,-0.373281266458532,0.341,0.381,1
"POLR1C",0.072831761398851,-0.419541911563039,0.098,0.129,1
"TIMM17B",0.0729681043725321,0.28048895016451,0.416,0.374,1
"MBTPS1",0.0730218463480849,-0.426258898028825,0.286,0.32,1
"CLCN7",0.0730672359940241,0.354444747567649,0.241,0.2,1
"COPS4",0.0734834662404527,0.321812663344277,0.354,0.312,1
"APOL3",0.0736538250059303,0.291013903455321,0.19,0.152,1
"SIGIRR",0.0738104402161941,0.250786061729884,0.387,0.344,1
"CDK7",0.0738336559597666,-0.397945922288249,0.081,0.112,1
"GTF3C4",0.0739241707847072,-0.462646100869297,0.119,0.151,1
"TOP3A",0.0741218155179902,-0.298951866789853,0.205,0.248,1
"AL135925.1",0.0741642631889867,-0.27722558328284,0.234,0.28,1
"NOTCH4",0.0742692943963296,-0.535768627978202,0.088,0.117,1
"SNAP47",0.0742986778807449,-0.578342068275222,0.104,0.135,1
"WDR3",0.0744503438629734,-0.571186026937906,0.128,0.161,1
"LPCAT3",0.074591215300295,-0.40978987226074,0.133,0.167,1
"MED16",0.07503728137602,-0.473014128235617,0.12,0.152,1
"SHARPIN",0.0752083461568851,-0.267724999290599,0.294,0.335,1
"VMP1",0.0753579649424205,0.274211923881346,0.537,0.508,1
"DPM1",0.0756257045716634,-0.266261801762717,0.403,0.441,1
"SLFN11",0.0756594157422839,-0.279919030098693,0.198,0.236,1
"ANKRD52",0.0757747076098569,0.493742410882136,0.101,0.073,1
"BRD1",0.0765013871401911,-0.308149427817727,0.25,0.291,1
"GIMAP7",0.0773246572353097,-0.348786044271552,0.207,0.25,1
"NXF1",0.0774423817925459,0.324385102645316,0.293,0.245,1
"SMYD3",0.0776656568689293,0.531786275391362,0.109,0.081,1
"AFTPH",0.0778249611331804,-0.264130871931406,0.421,0.477,1
"RIPK1",0.0782844091215126,-0.628339453468336,0.156,0.19,1
"CCDC28A",0.0784127769032524,0.365896279695304,0.296,0.256,1
"MMD",0.0785215190125089,-0.368968892430621,0.169,0.208,1
"ZMYM6",0.0787286057227034,-0.25432849658438,0.301,0.342,1
"CALCRL",0.0787707554633323,-0.294028983184855,0.187,0.226,1
"CCDC127",0.0789563563419029,-0.489285487886305,0.073,0.102,1
"RNF20",0.0791749015298409,0.281659395622522,0.311,0.272,1
"NUP37",0.0791972080187038,-0.383946242016782,0.172,0.211,1
"CPEB2",0.0801686318155166,0.523489338288953,0.174,0.142,1
"WASHC2A",0.0804502680657231,-0.397036813495718,0.27,0.3,1
"COP1",0.0805165924606751,-0.263574359054422,0.27,0.311,1
"UTP20",0.0805697891063068,-0.461736667351398,0.104,0.135,1
"EXTL3",0.0806552081648332,-0.386560849880702,0.08,0.109,1
"ZNF503",0.0810616657672488,0.302356569693278,0.278,0.244,1
"FBXL3",0.0812218724156373,-0.269647724869117,0.285,0.327,1
"SAMSN1",0.0812583157207502,-0.360677014348754,0.407,0.448,1
"TASP1",0.0815117482667152,-0.331056715553801,0.111,0.143,1
"MIR4435-2HG",0.0815353538057796,0.387544565792869,0.215,0.176,1
"ATP1B3",0.0816964081458615,0.27059516860004,0.73,0.695,1
"VRK1",0.0817978909314432,-0.402816411431628,0.21,0.248,1
"ENTPD1-AS1",0.0819275677127158,-0.375602354608196,0.117,0.149,1
"NCLN",0.0819680323850518,-0.250285945097562,0.215,0.256,1
"CEACAM4",0.0823660743594985,-0.393849866952282,0.197,0.236,1
"COIL",0.0826691003249867,-0.282919534979083,0.236,0.275,1
"LINC00342",0.0827269335290896,-0.599777055017681,0.156,0.191,1
"FAM117A",0.082854848885688,0.390684703827336,0.166,0.133,1
"VPS26A",0.0828552498047013,-0.28106074477257,0.433,0.453,1
"ZYG11B",0.0829999327759767,0.326208415649206,0.268,0.23,1
"TMED8",0.0831393222113529,-0.365177128018925,0.153,0.188,1
"TRIM34",0.0837335552635681,-0.253607445717902,0.18,0.218,1
"LDLRAD4",0.0837357405289505,0.465160008822073,0.346,0.402,1
"PPP1R15A",0.0838285603790099,0.485023633858342,0.649,0.634,1
"ETFDH",0.0840043557039293,-0.489564653012803,0.094,0.124,1
"AC108863.2",0.0843985364893293,0.329102447107053,0.148,0.115,1
"SP4",0.0845380839444501,-0.309387376700059,0.085,0.114,1
"MFSD14C",0.084653776082418,-0.345902523367127,0.353,0.396,1
"C11orf21",0.0852876026543646,0.304789021655083,0.207,0.167,1
"MAST3",0.085682649334429,-0.361046459945689,0.141,0.175,1
"SDHAF1",0.0856935425831648,-0.481700749527127,0.182,0.211,1
"CNTLN",0.0858888051152959,-0.322748474646283,0.184,0.226,1
"DLGAP4",0.086026984537756,-0.456235659269613,0.224,0.265,1
"DNAJC16",0.0861102970231956,-0.359527817799282,0.112,0.143,1
"NBPF12",0.0865601470338789,0.348433196752393,0.112,0.084,1
"GIMAP1",0.0868192574680959,-0.363640197438865,0.14,0.175,1
"MAIP1",0.0868269155454358,-0.342350177302968,0.117,0.149,1
"PUS1",0.0874038522695796,-0.5412512420479,0.125,0.155,1
"BTD",0.0875727488475032,-0.382427032278133,0.096,0.126,1
"NEDD9",0.0878967166614539,-0.264816146056152,0.33,0.366,1
"ZNF875",0.0882339803902971,-0.447950455297946,0.073,0.1,1
"LAMP5",0.0883570416574838,-0.504001544419959,0.22,0.254,1
"MOSPD3",0.0884269796978799,-0.326857820576148,0.143,0.178,1
"MRPL45",0.0884769590459556,0.288902186141138,0.306,0.268,1
"BMF",0.088543865078304,-0.551992538409859,0.176,0.208,1
"SYNJ1",0.0893386559495685,-0.43425272251899,0.086,0.115,1
"RRP8",0.0894341165094751,-0.449478257005002,0.177,0.215,1
"NFKBIE",0.08954729938661,0.337598982240267,0.187,0.154,1
"DENND4B",0.0897365287679779,-0.315836950693988,0.281,0.327,1
"ZBTB38",0.0897739063656745,-0.265471807782528,0.215,0.251,1
"ERCC6L2",0.0898150546583575,-0.299664405416734,0.185,0.224,1
"MED31",0.0898333602665914,0.373184575504723,0.146,0.115,1
"ZFP90",0.0900382582911327,-0.513063260817041,0.088,0.117,1
"PDE8A",0.0902758214206286,-0.376911823995588,0.076,0.105,1
"NKAP",0.0905217957431052,-0.299521834316574,0.353,0.393,1
"PTPN22",0.0906376907339314,0.2582042674622,0.429,0.378,1
"ARSB",0.0907177922557462,-0.430308938162007,0.174,0.206,1
"ECI2",0.0907503313392271,0.277327592748491,0.402,0.35,1
"STMN3",0.0910676100287834,0.448714584069024,0.104,0.078,1
"TRAF3",0.091112057682784,-0.325911321383526,0.171,0.206,1
"FLYWCH2",0.0914348661052491,0.272971266212187,0.314,0.278,1
"SLC36A4",0.091774110595291,-0.281628993331138,0.224,0.265,1
"ZDHHC6",0.0918639655370288,-0.259869896079274,0.166,0.202,1
"ARFRP1",0.0919043334230508,0.325660007044786,0.18,0.148,1
"STX12",0.0920208620302489,-0.265425610646999,0.382,0.419,1
"CYFIP2",0.0921469960929718,-0.325374493038442,0.317,0.356,1
"SUPT3H",0.0922081970465867,-0.288643834371652,0.093,0.123,1
"MPP1",0.0925003433294692,-0.294895221817923,0.263,0.302,1
"NET1",0.0927761932848881,-0.257730166221586,0.296,0.333,1
"ABL1",0.0927916160916585,0.294136877189751,0.19,0.157,1
"KPTN",0.093766752159366,-0.274945396271053,0.075,0.102,1
"ENTPD4",0.0940378153713442,-0.280004372347207,0.283,0.318,1
"MRM2",0.0956606787451448,-0.344493106245159,0.239,0.275,1
"PLK2",0.0960571569226267,0.633938790917906,0.171,0.141,1
"D2HGDH",0.0961302752647292,-0.442327705825252,0.08,0.106,1
"PHETA1",0.0964439712708563,-0.367799236639312,0.114,0.146,1
"ZNF561",0.0967083463634471,-0.314843359165048,0.119,0.149,1
"SAR1B",0.096799341974484,-0.337315131584264,0.333,0.377,1
"SMAD1",0.0968439270119386,-0.643809782060026,0.086,0.111,1
"ZNF26",0.0969145507508684,-0.407328718876056,0.159,0.193,1
"ARMC6",0.0970637836087383,0.46868605214918,0.146,0.117,1
"PRDX4",0.0972174438505862,-0.267798493778466,0.288,0.326,1
"PFKFB2",0.0974975345580327,-0.371972813410893,0.231,0.274,1
"CAMKK2",0.0978125872744969,0.4121059422972,0.229,0.194,1
"C21orf91",0.0982032571036125,0.368575574922516,0.163,0.132,1
"TRAF5",0.0984342487814048,0.35512914301031,0.154,0.123,1
"POLRMT",0.0988475930602369,-0.29422312313562,0.094,0.124,1
"METTL15",0.0989090767868537,0.53914299458252,0.13,0.102,1
"TMEM9",0.0989216581053435,-0.325435404840007,0.122,0.152,1
"ITCH",0.0989385316321789,-0.345963386475,0.421,0.451,1
"SLAMF8",0.0989626113251275,-0.341691327748781,0.132,0.163,1
"PPP1R8",0.0994332979512558,-0.270445637399444,0.184,0.223,1
"PYGB",0.0994371386262304,-0.333771926752317,0.154,0.185,1
"FKBP4",0.0995700492716873,0.39149534164227,0.141,0.112,1
"ENDOG",0.100151548348939,0.292588047425444,0.294,0.254,1
"TESK1",0.100545033080314,0.408809448090992,0.138,0.111,1
"MXD1",0.100605017432769,0.3573999052412,0.403,0.377,1
"ALDH6A1",0.100840431925992,0.314517450504954,0.13,0.1,1
"CRK",0.100948664482477,-0.342020185631897,0.208,0.25,1
"SLC25A13",0.101213027420356,-0.349198355411843,0.213,0.247,1
"ZNF708",0.101601936656042,-0.285838235668123,0.148,0.181,1
"SLC25A29",0.101737497847054,-0.430238429549977,0.132,0.163,1
"BRAF",0.101848959048517,-0.266796696334088,0.312,0.36,1
"SLC35B4",0.10217341544266,0.429030197054431,0.13,0.102,1
"UBL4A",0.102531149890789,-0.458204955820324,0.115,0.146,1
"PLK3",0.102532496987172,0.309048299121667,0.195,0.164,1
"PBX2",0.102634847069473,0.274925398457555,0.314,0.275,1
"GTPBP10",0.102705958811351,-0.278803856059376,0.094,0.123,1
"ZNF335",0.102731691450084,0.512668571481137,0.119,0.091,1
"HELB",0.102917131355253,-0.34094113460388,0.122,0.152,1
"CDC34",0.10294120880921,0.432344889492986,0.185,0.155,1
"ZMYM4",0.103077712682534,-0.378019635065314,0.242,0.278,1
"ZC3H18",0.103132453531011,-0.352668300913002,0.393,0.423,1
"TUBA1C",0.103148343816195,0.738018842430074,0.499,0.463,1
"ZNF814",0.103180849408855,-0.349138513747616,0.098,0.127,1
"SCRN1",0.104269697127641,-0.250789071237868,0.346,0.387,1
"DNAAF2",0.104644930476218,-0.372952914832883,0.111,0.143,1
"MAP1S",0.104684323332165,-0.312258973784709,0.146,0.178,1
"ATP9B",0.105270832706929,-0.284750334784075,0.146,0.179,1
"MAP3K5",0.105309177667952,-0.274291171473536,0.276,0.317,1
"C12orf65",0.105920751312776,-0.306770513566887,0.124,0.154,1
"GGPS1",0.106009104836568,-0.465309380294128,0.163,0.193,1
"TP53I3",0.106311431210352,0.265848525958767,0.202,0.166,1
"SYMPK",0.106327854167195,-0.25148819380298,0.276,0.321,1
"IGHA1",0.106589502223198,3.36135251581489,0.132,0.103,1
"CEP104",0.106755789885494,0.256368260771929,0.19,0.155,1
"TRIT1",0.106895292356409,-0.320887664138231,0.2,0.238,1
"ST3GAL5",0.107022532617458,0.43715793987405,0.278,0.242,1
"FHL1",0.107189540697672,-0.383582510592956,0.094,0.121,1
"AL627171.1",0.107436446331478,-0.413351369530699,0.127,0.157,1
"SLC12A2",0.10769746516725,-0.287881474341531,0.164,0.2,1
"HYI",0.108152080701714,-0.65959678796626,0.117,0.143,1
"RHOT1",0.108215034203964,0.252002401519569,0.302,0.269,1
"SPATA13",0.108449116599367,-0.548039866603186,0.231,0.263,1
"DDX58",0.1085589363869,0.455367045232269,0.101,0.076,1
"SDCCAG8",0.108649538060779,-0.293219532661292,0.371,0.398,1
"EMG1",0.108719292347126,-0.445983839342029,0.226,0.26,1
"DVL3",0.10873608184718,0.332574138981079,0.19,0.155,1
"ZDHHC12",0.108769610557206,-0.32204478508458,0.372,0.404,1
"ABT1",0.109089757689463,-0.277335344579548,0.35,0.378,1
"CCDC117",0.109513646852682,-0.623991835040156,0.172,0.202,1
"LIAS",0.10967460551831,-0.330225985318632,0.148,0.182,1
"ABCB10",0.109959660516298,0.335059333244131,0.133,0.103,1
"YTHDC2",0.110451596783957,-0.428769107644612,0.228,0.263,1
"REPS2",0.111087113100963,-0.609799968305919,0.13,0.163,1
"PSMG4",0.111543215950436,-0.256116187938275,0.325,0.359,1
"ACAD8",0.111719234158683,0.509708156098845,0.111,0.085,1
"AC005332.6",0.111989901476151,-0.422571020386624,0.093,0.12,1
"PLAGL1",0.112021229318609,-0.290616017701282,0.28,0.318,1
"PLBD2",0.11239604925978,-0.415222612227478,0.148,0.176,1
"FASTKD5",0.112677093364094,-0.407504818032282,0.109,0.139,1
"MRTO4",0.112699278660792,-0.262229241366058,0.263,0.299,1
"CD300E",0.112853065586938,0.287676501437336,0.208,0.175,1
"RNF126",0.113377902241595,-0.256019845571418,0.431,0.46,1
"SC5D",0.113971719169865,-0.272508647499988,0.135,0.166,1
"NHSL2",0.114121295039886,0.454726008276995,0.197,0.166,1
"ZNF254",0.114217263983327,-0.324524975322952,0.124,0.155,1
"GPATCH1",0.11436218819561,-0.319464350982997,0.076,0.102,1
"IKBKG",0.114931259087825,0.455881517709023,0.213,0.176,1
"ELAC1",0.115456715303183,-0.354221677087928,0.096,0.123,1
"ZFYVE21",0.115837788402798,0.521650549253691,0.125,0.099,1
"TMEM161B",0.115856538038937,-0.3806585591721,0.153,0.187,1
"HS6ST1",0.115901953930613,-0.377970817502115,0.143,0.172,1
"ZNF805",0.11594368042767,-0.37565665989832,0.081,0.108,1
"FAM3C",0.115974683622375,-0.308562319733102,0.231,0.274,1
"RSKR",0.115987093355958,-0.58748762549051,0.098,0.123,1
"CSGALNACT2",0.116322061616269,-0.265316408750973,0.572,0.58,1
"SIPA1L1",0.116408777156572,-0.601963134038931,0.21,0.241,1
"RALGDS",0.116575244106095,0.279788079951501,0.185,0.152,1
"RBM48",0.11696717751078,-0.447913461222112,0.166,0.199,1
"Z97192.3",0.11699909528159,0.563105738626939,0.104,0.079,1
"NR4A1",0.117019885564761,0.56637025860219,0.317,0.296,1
"DTWD1",0.118105248644124,-0.273572579788488,0.275,0.317,1
"PDCL",0.118126545479871,-0.296605387825779,0.161,0.191,1
"SPICE1",0.118293592407542,-0.51528673921116,0.081,0.106,1
"TUT4",0.118385752128578,-0.451279843661327,0.324,0.356,1
"SPATC1L",0.118736492353128,0.341730903731584,0.132,0.103,1
"ZNF276",0.118803812349395,-0.366629480966154,0.207,0.241,1
"LRBA",0.119114307346948,-0.416253603908057,0.249,0.284,1
"FN3KRP",0.11912808664009,-0.274947349086923,0.112,0.142,1
"CHEK2",0.119174755316691,-1.12058667008943,0.104,0.13,1
"PLCB3",0.119233894696778,0.455971317669984,0.127,0.102,1
"DDHD2",0.119259483334884,0.435607004509964,0.14,0.112,1
"XPO7",0.119262500761221,-0.324309450299301,0.189,0.22,1
"L3MBTL2",0.119445653189281,-0.253865775092741,0.138,0.17,1
"CARF",0.119479661813348,0.419124274520725,0.109,0.084,1
"C5orf22",0.119510234667344,-0.415439686817303,0.115,0.143,1
"USP11",0.119646049361346,-0.295887890308533,0.137,0.169,1
"CCL3L1",0.119765652571749,-1.10072040160171,0.081,0.105,1
"RNF216",0.12000984530897,-0.357868134901913,0.343,0.363,1
"CEP152",0.120016641374404,-0.45580803459158,0.089,0.115,1
"KIAA0513",0.12003756912776,-0.271681754577839,0.111,0.139,1
"HTT",0.120196060638081,-0.253595190377535,0.34,0.372,1
"IL7R",0.120226682162744,-0.746989608993398,0.124,0.151,1
"OTUD6B-AS1",0.120282054619505,-0.265607118017422,0.325,0.362,1
"SLFN12",0.120376171928467,0.370310157316468,0.101,0.076,1
"TRIM24",0.120876641365459,-0.310406294059113,0.187,0.22,1
"KLHL12",0.120901716824762,-0.331268050632374,0.083,0.109,1
"PISD",0.121382796494338,-0.383223442137973,0.171,0.202,1
"ORAI2",0.121463265246317,-0.275743312951571,0.33,0.363,1
"KLF7",0.121758495849274,-0.393810261879782,0.146,0.178,1
"MTX3",0.121843720315837,-0.320874463914481,0.088,0.114,1
"PDRG1",0.122037004696586,-0.413340029629769,0.115,0.142,1
"CYB5D2",0.122133860927771,-0.636884314504401,0.122,0.151,1
"SLC38A2",0.122344230831545,-0.301579565192164,0.637,0.664,1
"RAB13",0.122597897147364,0.295906618266014,0.262,0.223,1
"SULT1B1",0.122737593817694,0.399623767332854,0.125,0.099,1
"PMM1",0.122967779359188,-0.336796986973339,0.141,0.173,1
"ZNF710",0.123054220546721,-0.445174865141152,0.143,0.172,1
"PAFAH2",0.123122668455545,-0.351477981599879,0.076,0.1,1
"PCNX4",0.1231737656947,-0.259752253571456,0.224,0.256,1
"UBASH3B",0.123284969661678,-0.346713552452097,0.114,0.142,1
"PGRMC1",0.123452727628756,-0.27655035033064,0.309,0.347,1
"LINC-PINT",0.123567150823619,0.856278748024213,0.517,0.501,1
"CBLB",0.124155908703915,-0.322132038167204,0.151,0.182,1
"RBMS2",0.124806143133297,-0.409051089593485,0.114,0.143,1
"JHY",0.125395072761688,0.444067950390794,0.111,0.085,1
"PKD1",0.126429892329821,-0.354013056049724,0.096,0.123,1
"PCNX3",0.126546442964062,0.483255600952994,0.156,0.124,1
"CD3E",0.126717298203232,-0.307414332243111,0.122,0.152,1
"WDTC1",0.126954317728877,-0.331074880931145,0.19,0.221,1
"EPS15L1",0.127188075910046,-0.465179326427044,0.148,0.176,1
"LSM14B",0.127528535863453,0.441511038623823,0.18,0.154,1
"PREB",0.127563320592251,-0.272339610754035,0.076,0.1,1
"PIEZO1",0.127788760311611,0.2778269853105,0.259,0.227,1
"CASP6",0.12807051454699,0.413516060531512,0.132,0.105,1
"TOGARAM1",0.128364646698888,-0.435313852794637,0.132,0.16,1
"POC1B",0.128861517986081,-0.303616267759518,0.124,0.154,1
"MARCO",0.128879339363024,-0.417393497509146,0.107,0.133,1
"FAM160A1",0.128941598533592,-0.571259760719633,0.109,0.136,1
"PDE4B",0.129240796173949,0.258620583912035,0.502,0.46,1
"SAC3D1",0.129278721150183,0.296227251698956,0.124,0.097,1
"AC083799.1",0.130034856679852,-0.447967401805476,0.13,0.157,1
"CCDC159",0.131135146477467,-0.331694216973913,0.135,0.164,1
"SPOUT1",0.131159501862391,-0.295591500383411,0.081,0.108,1
"MFSD3",0.131652120648825,0.284616267710506,0.111,0.085,1
"ITFG1",0.132440877818477,-0.277345280229036,0.281,0.312,1
"AC016831.1",0.132477065896792,0.518243494712006,0.109,0.085,1
"TBCEL",0.132598729478529,-0.499428014988287,0.076,0.1,1
"USP46",0.132761369196476,-0.417734252464808,0.19,0.22,1
"IER3",0.132799339173999,1.06436298013933,0.268,0.241,1
"AL118516.1",0.132821015477932,0.484794513125997,0.275,0.244,1
"CXCR3",0.133059349515719,-0.378322843251056,0.259,0.288,1
"PRIM1",0.133383117960854,0.409745050539509,0.102,0.079,1
"MCOLN2",0.133799897509964,-0.291132707207571,0.236,0.277,1
"GSKIP",0.133971126201627,0.394175726262993,0.125,0.1,1
"PALD1",0.133986887059869,-0.334962705913648,0.114,0.141,1
"GNG11",0.134557735774098,-0.300958403380836,0.164,0.202,1
"PTPN4",0.134975006868549,-0.294627367211307,0.132,0.163,1
"GRWD1",0.135428202657824,-0.350969743424797,0.107,0.135,1
"PDK4",0.13547389527705,-0.479308183485036,0.161,0.19,1
"PIM1",0.135901781197878,0.699593424688951,0.151,0.126,1
"PLEKHM1",0.136624199872435,0.299770199754763,0.218,0.185,1
"POU2F1",0.137349189008105,-0.445970633378733,0.189,0.218,1
"CD163",0.137843748800394,-0.342712053715862,0.444,0.475,1
"BCS1L",0.138485632238691,0.256721262536912,0.101,0.076,1
"LINS1",0.138497271978617,-0.398324034291708,0.089,0.114,1
"CHST11",0.138562999014549,-0.259499020742988,0.361,0.389,1
"NSUN3",0.13863035777519,-0.330802562603302,0.137,0.166,1
"COQ2",0.139062894539223,0.351809921804976,0.189,0.157,1
"GIGYF2",0.139346219418682,-0.290792942153835,0.289,0.321,1
"TAF5L",0.139568869534858,-0.364052585820863,0.146,0.173,1
"ERN1",0.140063954444484,-0.314672746750237,0.291,0.32,1
"IQCE",0.140720262902455,-0.561174716647735,0.137,0.164,1
"EIF2B3",0.141992412464279,-0.261317925819821,0.161,0.193,1
"ZNF557",0.142189387170281,-0.388240429405894,0.099,0.124,1
"DROSHA",0.143059246903215,-0.297882716337209,0.107,0.135,1
"MEX3C",0.143676750266336,-0.282025381582305,0.262,0.294,1
"FTSJ1",0.144145474023523,-0.340884909563348,0.101,0.127,1
"CTDP1",0.14533139770067,-0.266137876077897,0.234,0.263,1
"TBP",0.145498215137981,-0.39627452320623,0.133,0.161,1
"AC243960.1",0.145527676518035,-0.379568418488792,0.081,0.105,1
"PRKCD",0.145572173269015,-0.263566343920198,0.489,0.504,1
"UBTF",0.145602256627974,-0.293968889939687,0.465,0.484,1
"TRMU",0.145691085516079,-0.559873858891744,0.076,0.1,1
"PHYH",0.14569646642167,-0.269058827499675,0.127,0.154,1
"FZD2",0.146089991348367,0.319585512505491,0.184,0.155,1
"INO80B",0.146100288535408,0.299159999617199,0.119,0.093,1
"ABHD15",0.146524407533971,-0.296598730713296,0.304,0.342,1
"CGRRF1",0.14659165566259,-0.27092424819705,0.109,0.135,1
"CTTNBP2NL",0.147092791245061,-0.353415617316318,0.223,0.25,1
"CCDC58",0.147353895441577,-0.300291284755418,0.089,0.115,1
"NAT9",0.147363183210521,-0.264660343579141,0.163,0.194,1
"MYLPF",0.147405844228099,0.319053299821796,0.141,0.114,1
"RCAN1",0.147590078071933,-0.386086001445082,0.298,0.317,1
"SPOCK2",0.147592126673205,-0.311037705754623,0.083,0.108,1
"WIZ",0.14762381280101,0.306839976238565,0.148,0.118,1
"CSTF3",0.148300754868698,-0.337206391003243,0.187,0.217,1
"CCL3",0.149752394791141,-1.09857525896502,0.083,0.105,1
"TRMT61B",0.150115160433477,-0.286544359107308,0.125,0.154,1
"ATP6V0A1",0.150137154102356,-0.307630194826956,0.237,0.268,1
"EXOSC3",0.150239900168593,-0.30663908390938,0.109,0.136,1
"CD2AP",0.150744597692392,-0.308511902768987,0.468,0.504,1
"TUBGCP5",0.150931822072016,-0.387487358397935,0.104,0.13,1
"SLC8B1",0.151138637358367,-0.593603449034231,0.133,0.16,1
"TLR8",0.151209200169648,0.350460337197156,0.193,0.166,1
"RIPOR1",0.1513594994733,-0.316868042753879,0.182,0.212,1
"MARVELD1",0.151376430532393,0.25015517911259,0.215,0.184,1
"TRIP10",0.151662627414885,0.387349746025485,0.112,0.088,1
"DENND3",0.152036194346978,0.359987111703299,0.293,0.259,1
"ZUP1",0.152083368448557,-0.285736026862057,0.099,0.124,1
"LANCL2",0.152510125026699,-0.384868935824765,0.086,0.109,1
"PRDM2",0.15259117405724,-0.289758168526936,0.441,0.462,1
"PPP1R3E",0.152760512261069,-0.513655776778941,0.078,0.1,1
"MORC3",0.152787890865359,-0.252914802403296,0.369,0.41,1
"TMED1",0.152859477929353,-0.412830860632949,0.127,0.154,1
"BRAP",0.152944968083262,-0.319955343146199,0.125,0.151,1
"FKBP11",0.153023302622486,-0.31280545728589,0.15,0.178,1
"FAM193A",0.153268759014463,-0.338241780546349,0.192,0.217,1
"IFT27",0.153442854516666,0.317705374678896,0.161,0.133,1
"SMURF2",0.15347960046752,-0.34172152242876,0.192,0.223,1
"FAHD1",0.153486839184615,-0.27727069263825,0.133,0.161,1
"Z99127.4",0.153734666967269,-0.272195751273105,0.117,0.143,1
"GCDH",0.153958145043582,-0.282048873756892,0.158,0.185,1
"HIRA",0.15399876252768,-0.37331880815782,0.091,0.115,1
"FBXL4",0.154040164285049,-0.383271228822229,0.093,0.118,1
"BRPF1",0.15420390094398,-0.357047631009771,0.161,0.188,1
"HSPBP1",0.154276606623128,-0.305383494488493,0.137,0.163,1
"UBR3",0.154723548521035,0.276187236096256,0.25,0.215,1
"SIK2",0.154843503191272,-0.316799460501501,0.083,0.106,1
"ZFPM1",0.15517973537537,-0.254581163313343,0.307,0.339,1
"PNPLA4",0.156371280090987,-0.271895199952454,0.151,0.181,1
"TRPM2",0.156450994236751,-0.527086169189895,0.085,0.106,1
"CLK2",0.156639255704346,0.374706893839182,0.101,0.079,1
"PRORP",0.156649388290507,-0.255728470471137,0.176,0.206,1
"AC058791.1",0.156852827891932,0.346554710761583,0.288,0.259,1
"SEPHS1",0.157570563202676,0.356664668753578,0.259,0.224,1
"ARAP1",0.157883479592371,0.307626823874374,0.315,0.28,1
"TNFSF8",0.158139141657397,-0.357285995807869,0.111,0.135,1
"NOP2",0.158495890405613,-0.467658709297178,0.099,0.123,1
"MARS",0.15884843043558,-0.257852899191332,0.257,0.293,1
"TENT4B",0.158899357033857,0.286263465435571,0.333,0.3,1
"MED14",0.159127003059215,0.298494657448928,0.233,0.206,1
"LINC01678",0.159331107435082,0.324494179308887,0.185,0.157,1
"ATAD1",0.159331674449535,0.258357334106521,0.254,0.221,1
"CPSF4",0.159530510865867,0.329426233558949,0.158,0.132,1
"THUMPD2",0.159574936648708,-0.303878365651304,0.19,0.221,1
"DHX32",0.160152169011362,0.38372019631221,0.133,0.108,1
"LMO4",0.16016959393793,0.258736592119553,0.483,0.465,1
"MX1",0.160224202651521,-0.293078942366259,0.317,0.356,1
"PTBP2",0.160487538082144,-0.421890827956545,0.127,0.152,1
"ZDHHC8",0.16084794976955,0.299253383564436,0.13,0.105,1
"FAM215B",0.16088582423438,0.337515220992515,0.125,0.1,1
"ZNF3",0.161897288526071,-0.593606204411477,0.089,0.112,1
"EIF3C",0.163566647490332,0.419224121166237,0.132,0.108,1
"CASP7",0.163794017005567,-0.302658122460314,0.083,0.106,1
"NAA30",0.164401705172567,-0.428214129824597,0.109,0.133,1
"ABHD10",0.164523488517116,-0.277471748070341,0.21,0.242,1
"PITRM1",0.16463207513803,-0.477574480094883,0.148,0.17,1
"ZDHHC16",0.165004850163978,0.338115623104058,0.119,0.096,1
"RAB35",0.165369034605368,-0.475531301437479,0.166,0.19,1
"LRIG2",0.165501414406404,-0.378686499988288,0.091,0.115,1
"SNHG19",0.16557620553218,0.311855016457224,0.189,0.16,1
"LDLRAD3",0.166153740318791,-0.319244512756283,0.104,0.129,1
"GIHCG",0.166224356545711,-0.30060288567949,0.122,0.148,1
"LYPLAL1",0.166813428179262,-0.343038675726941,0.154,0.182,1
"ANKRD36C",0.167212729574532,-0.463296328647862,0.119,0.142,1
"ADO",0.167382869161866,-0.509367587979891,0.083,0.105,1
"ZMYM3",0.16739226500068,0.298016866973223,0.145,0.12,1
"PTGS2",0.167853884978713,-0.370091992539062,0.192,0.223,1
"NUDCD1",0.167915387361623,0.25590694545478,0.141,0.115,1
"SLC7A6",0.16834770063921,0.31548564708733,0.226,0.197,1
"LTN1",0.168476429309825,0.319975091389001,0.247,0.218,1
"CDC37L1",0.168759045960419,-0.406335366977779,0.119,0.142,1
"GPBAR1",0.169526225414382,0.378492340372842,0.166,0.141,1
"RBM19",0.169593553830259,-0.276938906045713,0.128,0.155,1
"ZNF91",0.169639686289614,-0.379985414834787,0.242,0.263,1
"CCNG2",0.169852329825536,-0.293868805334698,0.208,0.235,1
"YBX3",0.170341216098687,0.258810316922338,0.637,0.625,1
"GALNT10",0.170718404984037,-0.385898401745449,0.159,0.187,1
"SNRNP48",0.170904337397816,-0.383287632896732,0.198,0.226,1
"BISPR",0.170954318372016,0.302887305453531,0.166,0.138,1
"RMND5B",0.171687061860832,-0.276876940741261,0.145,0.172,1
"SGSM3",0.171836614668209,-0.288957333403963,0.205,0.236,1
"BMT2",0.171864263559465,0.436188208279296,0.107,0.087,1
"MAGED1",0.171899440696543,-0.370523257986556,0.119,0.145,1
"VPS8",0.172191047615404,-0.269715264110913,0.177,0.206,1
"SLC4A2",0.172427877615434,0.43229275122313,0.117,0.094,1
"UTP4",0.172869503567552,0.437567948905043,0.132,0.109,1
"PEX1",0.173288471000958,-0.327148441983281,0.117,0.142,1
"SEPSECS",0.173543217996855,-0.409546960907999,0.093,0.117,1
"FBXO45",0.174133979652194,-0.250699324185861,0.102,0.127,1
"RUNDC1",0.17506829982082,-0.32085215768781,0.133,0.161,1
"SLC39A9",0.175295521149925,0.313846652199914,0.146,0.12,1
"SLC10A7",0.176158358838475,-0.617858027600246,0.081,0.102,1
"FARSA",0.176299025643247,-0.272328610529042,0.18,0.208,1
"PLEKHM2",0.176485023686598,-0.348391347195766,0.26,0.291,1
"TRPC4AP",0.176565551738036,-0.333352067044627,0.307,0.33,1
"TUBGCP3",0.176795231270592,-0.318847737709827,0.294,0.327,1
"NRDE2",0.17683218260946,-0.26536178920099,0.21,0.241,1
"PUM3",0.177668512899993,-0.367461659011012,0.22,0.247,1
"SPSB2",0.17859625653965,-0.394643872415522,0.106,0.13,1
"CCDC126",0.178898617145293,-0.625787506857585,0.096,0.117,1
"SUCLG2",0.178926079663064,-0.282250061951167,0.276,0.306,1
"TMEM245",0.178928064615039,-0.372547045183499,0.179,0.205,1
"KLF6",0.179248284748075,0.562305676053332,0.815,0.813,1
"APOOL",0.179273710786372,0.255132539418549,0.231,0.2,1
"NEU1",0.179275928842886,0.353719339400153,0.192,0.166,1
"DPH5",0.179518221720796,-0.281111746212704,0.167,0.194,1
"ZNF664",0.179634151661915,0.35042041044177,0.141,0.117,1
"AC025164.1",0.179801706784981,0.616349430801672,0.18,0.154,1
"PWWP2A",0.180226871624189,-0.322480047774399,0.249,0.275,1
"TRAPPC2B",0.180877484272847,-0.28200120700901,0.161,0.19,1
"PLB1",0.180962445841729,0.262926526519881,0.174,0.146,1
"SPPL2B",0.18162495215974,-0.441771330513223,0.112,0.136,1
"GPKOW",0.182028433802473,0.339055425250688,0.132,0.108,1
"ABL2",0.182356977525515,-0.323622098080267,0.125,0.151,1
"SLC25A16",0.182378801775603,-0.480391987044602,0.122,0.143,1
"CHD6",0.182425078225857,-0.282829244063081,0.33,0.363,1
"NLRP1",0.182479264659762,0.307147596115346,0.197,0.167,1
"PAX8-AS1",0.182625109715163,0.252990837511314,0.143,0.118,1
"IDE",0.183104976440055,-0.316614796280022,0.176,0.203,1
"HPS4",0.183497705976018,-0.313704721646693,0.239,0.269,1
"NLN",0.184102183711689,-0.292483515345159,0.093,0.115,1
"TBC1D8",0.184292191196284,-0.345105491589356,0.135,0.163,1
"MIR29B2CHG",0.184851963234487,0.388441616562359,0.138,0.115,1
"HMOX1",0.185153043650662,0.331937573902649,0.268,0.244,1
"RCBTB2",0.185355142015256,0.349919550825757,0.159,0.135,1
"ZBTB11",0.185446616385887,-0.267282746416465,0.239,0.271,1
"MTRNR2L1",0.185612894307574,0.371796039066241,0.241,0.215,1
"YKT6",0.186137735811658,-0.291404666916872,0.193,0.223,1
"NUP205",0.186259097856687,-0.311090025788742,0.125,0.148,1
"LRRCC1",0.186397227296376,0.517697397548182,0.114,0.093,1
"CNOT11",0.186465804767193,-0.324875351341384,0.221,0.25,1
"RNF141",0.186862735838308,-0.280824989253762,0.296,0.323,1
"TPPP3",0.186967710048062,0.513084754344876,0.207,0.181,1
"GALNT3",0.187262611474441,0.3559938234604,0.218,0.188,1
"ZBTB40",0.18748915016813,-0.421876815875072,0.088,0.109,1
"AL365272.1",0.187649882127312,0.537482290911506,0.179,0.154,1
"NUDCD3",0.189106490379476,-0.272388654093443,0.163,0.19,1
"MLKL",0.189470306295727,-0.457972515414457,0.117,0.141,1
"AC011462.5",0.189982911791661,-0.33189581638518,0.099,0.121,1
"TTYH2",0.190274532505637,-0.257642597076019,0.22,0.25,1
"PTGIR",0.190579413583059,0.345408544774651,0.133,0.109,1
"SLFN5",0.19068629556207,-0.32377665109298,0.141,0.167,1
"ZBED3",0.191690974660128,-0.298441775717124,0.143,0.169,1
"YTHDF3",0.192841004072146,-0.254785177383635,0.337,0.371,1
"AC018521.5",0.193267881079102,-0.437025008610431,0.093,0.115,1
"TNFRSF21",0.19344135983729,-0.320099862572054,0.299,0.326,1
"DDX55",0.193700460876728,-0.406705974449713,0.151,0.176,1
"HNRNPLL",0.193743049182057,0.325878195493644,0.146,0.123,1
"NAF1",0.194852666756672,0.631111509930647,0.197,0.175,1
"FRA10AC1",0.194878824905016,-0.401967058174963,0.115,0.141,1
"ADPRHL2",0.196688897253678,-0.321502815435255,0.193,0.218,1
"ENGASE",0.196751889576148,-0.352956862354539,0.094,0.117,1
"PLCD1",0.197020435103712,-0.377345717071594,0.093,0.114,1
"CSGALNACT1",0.197128244439388,-0.2760160767731,0.167,0.193,1
"BAHCC1",0.197282936850586,-0.330366725694588,0.093,0.115,1
"ZBTB14",0.197487637693734,-0.460658967520021,0.141,0.163,1
"RAPGEF2",0.198050127639532,-0.292725244349454,0.169,0.196,1
"ATP13A1",0.198093154434582,-0.327423196207147,0.205,0.23,1
"MARCKS",0.198238836951824,0.335289961315173,0.325,0.288,1
"SLX4IP",0.198791674321703,0.342127079191325,0.127,0.105,1
"AL109811.2",0.198843269413045,0.383463791378325,0.104,0.084,1
"ATP10A",0.200366822378445,-0.301112477519626,0.107,0.129,1
"TRMT2A",0.200683898152364,-0.387849531675809,0.143,0.166,1
"PHLDB3",0.201191999563254,-0.287032151724744,0.096,0.118,1
"KMT2B",0.201916285463573,-0.32271170999072,0.255,0.281,1
"UMAD1",0.201951528082146,-0.301847371539961,0.098,0.12,1
"TRAPPC6B",0.202445060744193,-0.329741272502363,0.19,0.214,1
"LINC02356",0.20340958741551,0.327930772047855,0.106,0.085,1
"INTS2",0.203462205540159,-0.339957732509757,0.085,0.105,1
"BCKDHB",0.203677041940678,-0.466655176541342,0.104,0.126,1
"PROSER1",0.204810896020585,-0.256877892234778,0.161,0.187,1
"ANKRD13C",0.205002214928253,-0.368699974916843,0.138,0.16,1
"CREM",0.207488778226304,0.277385628575967,0.358,0.333,1
"SFXN3",0.208024518628168,0.259087578087954,0.195,0.17,1
"MTOR",0.208105607323493,-0.281477785741524,0.145,0.169,1
"SMG6",0.209361173897813,-0.450025996989913,0.14,0.163,1
"STK25",0.209823402752204,-0.253438661681388,0.22,0.242,1
"AP4E1",0.21129441302861,-0.378612333212555,0.114,0.139,1
"ILF3-DT",0.211350670438541,-0.447455694752922,0.285,0.311,1
"TXNRD2",0.211425849547552,0.312298734839543,0.145,0.123,1
"AQR",0.21163003965955,-0.319448034258655,0.285,0.315,1
"HVCN1",0.211762689572988,0.393628616591598,0.275,0.254,1
"LMBR1L",0.212498092650222,-0.29875832178919,0.138,0.161,1
"IFT88",0.213266204749614,0.28077503201603,0.135,0.111,1
"AAAS",0.213330088669706,-0.4359283542124,0.098,0.118,1
"BCKDHA",0.214296904058257,-0.352417919326564,0.333,0.36,1
"BET1L",0.21503554180128,-0.338676178127578,0.205,0.227,1
"PIP5K1A",0.215936435946519,-0.423511067409125,0.153,0.176,1
"CHST14",0.217662118799876,-0.251023575461835,0.08,0.1,1
"PITPNC1",0.217733558471417,0.309483497887154,0.21,0.181,1
"PRKAB2",0.218094445437963,0.288805781918603,0.119,0.099,1
"DACH1",0.21816776159043,-0.46540729243599,0.096,0.117,1
"ACADSB",0.218457643133381,-0.440192511254462,0.086,0.105,1
"NUP153",0.218854753077818,-0.290875235567811,0.177,0.202,1
"ELMOD2",0.218934958247906,-0.411566608331013,0.146,0.17,1
"LSG1",0.219446101172285,-0.285939293023131,0.19,0.217,1
"HMG20B",0.220328338071346,-0.28345072010093,0.322,0.353,1
"POLR1E",0.221288374526446,-0.441677592531614,0.122,0.145,1
"NGRN",0.221323167783791,0.287110055501557,0.28,0.248,1
"NR2C1",0.221518701397202,-0.314140817268056,0.148,0.172,1
"AP1S3",0.222065576295462,-0.336577441837959,0.182,0.208,1
"HMGB3",0.222074481089389,0.548172601814237,0.132,0.112,1
"UBXN2B",0.22308571853163,-0.25145310370727,0.18,0.205,1
"CD101",0.223529518917997,-0.283586860298582,0.089,0.109,1
"SEZ6L",0.225035742419668,0.39444276031536,0.111,0.091,1
"BLVRA",0.225175760893079,0.369976351734451,0.283,0.256,1
"ZNF780B",0.225280253182747,0.358846720402295,0.102,0.084,1
"ABCB8",0.225800717729264,0.354500872242811,0.159,0.135,1
"USP40",0.22611298609493,-0.349071589426014,0.101,0.121,1
"MTMR11",0.227026312587781,0.268112988288433,0.262,0.233,1
"EMSY",0.227232914251422,-0.276000342016575,0.096,0.117,1
"ZBED5",0.227285477089083,-0.288774567869204,0.237,0.262,1
"NFKB2",0.227300825306056,0.484227318195475,0.231,0.206,1
"FAM122A",0.22753357581835,-0.254509873413067,0.112,0.133,1
"ATG10",0.227903346736293,0.285424026912129,0.169,0.146,1
"ATG2A",0.228420092880258,0.259869344982911,0.223,0.197,1
"SLC27A1",0.229616643089913,0.312949203926062,0.124,0.102,1
"NUDT15",0.229767697297132,-0.354605191926701,0.098,0.117,1
"RRAS",0.230067770695333,0.305495937674352,0.2,0.179,1
"BET1",0.230351894503477,-0.460337848395759,0.12,0.141,1
"MZT1",0.231545433118921,-0.294583484079723,0.285,0.312,1
"NDUFAF6",0.231614343489177,0.334668584274398,0.122,0.1,1
"DYRK1B",0.231839410909065,-0.314069761909952,0.094,0.114,1
"POLR1B",0.232111590971887,-0.369096561486623,0.083,0.102,1
"SURF6",0.23282003633578,-0.346425099583574,0.163,0.187,1
"SLC25A37",0.233369538568263,-0.253445810752826,0.454,0.46,1
"SLC35E4",0.233538671686021,-0.361021591274704,0.096,0.115,1
"SGF29",0.235264291910584,-0.498527565036273,0.213,0.235,1
"AL662844.4",0.23628018546611,0.265315131208668,0.125,0.105,1
"ENTR1",0.236301543817301,0.292915927144505,0.213,0.188,1
"POLD3",0.236404014886073,0.284751951533298,0.2,0.181,1
"RHBDD1",0.237144866673691,0.254431475680591,0.184,0.157,1
"NSD2",0.237166958378744,-0.31382154945981,0.153,0.178,1
"SIPA1L3",0.237956457752328,-0.335072901849033,0.128,0.149,1
"PHF12",0.238080472317724,-0.276570369445355,0.234,0.269,1
"CCDC93",0.238422560950792,0.311171296085642,0.132,0.111,1
"RIDA",0.238561408651321,0.351371493892756,0.111,0.091,1
"DUSP18",0.23959956065687,-0.307166404353425,0.143,0.164,1
"GALC",0.239729227101888,0.280888576764762,0.148,0.126,1
"AUTS2",0.239850786363105,-0.264547699961234,0.213,0.238,1
"AEN",0.240094394446549,-0.292561528242007,0.124,0.145,1
"POLR3C",0.240624947064634,-0.275340613660674,0.197,0.224,1
"DBT",0.241006039029309,-0.395274106828913,0.083,0.102,1
"ZNF100",0.241013047929208,-0.446489287513254,0.12,0.141,1
"TCAF1",0.241089648798602,0.352065934492235,0.154,0.132,1
"HACL1",0.24142362972779,-0.31426657092128,0.119,0.139,1
"WDR60",0.241502080350929,-0.278723996616948,0.151,0.173,1
"THAP7",0.241699260833715,-0.461290903407103,0.148,0.17,1
"ZNF107",0.242263612322108,-0.388170782762258,0.104,0.124,1
"CDC42BPB",0.242693385012065,0.267433326403238,0.128,0.108,1
"RAB39B",0.242969609699574,-0.318888841239891,0.109,0.13,1
"RNASE2",0.242985874372622,0.286259873206353,0.166,0.142,1
"CCR1",0.243686764132965,-0.281156014208793,0.167,0.191,1
"AC005670.3",0.245429290476326,-0.38427410983469,0.193,0.218,1
"ZNF791",0.245598442715036,0.347985547156725,0.397,0.384,1
"BUD13",0.245819838557717,-0.387314662827769,0.091,0.111,1
"GPN2",0.246118632147465,-0.365309525377927,0.086,0.105,1
"CENPW",0.246129887887376,0.274738372118102,0.128,0.109,1
"MX2",0.247568007851241,-0.277159710853267,0.322,0.345,1
"ZCCHC24",0.247801893930223,-0.389856343726454,0.083,0.102,1
"LRRC57",0.249279755158956,-0.321640566630159,0.14,0.16,1
"IDNK",0.250886684439629,-0.281400406322013,0.089,0.108,1
"MCFD2",0.250950930957705,-0.272138655514742,0.341,0.353,1
"G2E3",0.251372333963674,-0.284974670452306,0.153,0.175,1
"YIPF1",0.251572611404622,-0.304458059795083,0.122,0.142,1
"ZDHHC1",0.253158997261617,0.419628669199323,0.133,0.114,1
"STK39",0.253500267175635,-0.291483100672818,0.102,0.123,1
"PPM1M",0.253664604206328,-0.353527412653972,0.241,0.265,1
"CFAP20",0.255658131308492,0.371363410788078,0.161,0.141,1
"RASSF4",0.256057068462341,0.286126541188614,0.46,0.45,1
"FLAD1",0.256901672627031,-0.319396664588378,0.184,0.208,1
"SLC29A3",0.257996149512474,-0.260951959165967,0.14,0.16,1
"ST7",0.258269889743106,0.284924739588919,0.119,0.099,1
"NOTCH1",0.258609742305411,0.278032688931697,0.132,0.111,1
"ZC3H7B",0.259214495017448,-0.422976728199995,0.122,0.142,1
"MRI1",0.260162849687782,-0.393453363716316,0.179,0.199,1
"DCTN5",0.260877521486095,-0.421745822488313,0.205,0.229,1
"NACC1",0.26091625782673,-0.275401027090495,0.112,0.133,1
"UBE2O",0.26142050254633,-0.410086292162759,0.114,0.132,1
"CHML",0.2619363543235,-0.309846359509485,0.307,0.332,1
"TVP23B",0.262086931026557,0.34978991975252,0.104,0.085,1
"TFB1M",0.26296649537188,-0.412577038797588,0.086,0.105,1
"AC097448.1",0.263267369962302,-0.271862339813568,0.18,0.203,1
"SLC9A8",0.263924957398845,0.262758853603462,0.104,0.085,1
"TTBK2",0.264080993561537,0.261499717982697,0.184,0.161,1
"HAUS3",0.264835547557921,-0.467199690777436,0.13,0.149,1
"ALAD",0.265148417983648,-0.3262931671031,0.122,0.143,1
"VGLL4",0.266304154942479,-0.298272473470691,0.192,0.212,1
"ATG16L1",0.267291562435919,-0.35200510222828,0.104,0.123,1
"CYB5R1",0.268601774097258,0.296988890276111,0.166,0.145,1
"SPON2",0.269237681180493,0.407673591687975,0.15,0.129,1
"SYTL3",0.270336955966004,-0.342824217251093,0.202,0.223,1
"CEP78",0.270750906945376,-0.407123741597035,0.141,0.158,1
"ALG1",0.2714022857555,-0.289609249875113,0.098,0.115,1
"ARRDC4",0.271979034041023,0.261665424024292,0.174,0.154,1
"NXT2",0.272066430230572,0.311010116241843,0.166,0.143,1
"AC026979.2",0.27239485715428,0.338468867636806,0.12,0.102,1
"MGAT4B",0.272850977420451,-0.376745725098382,0.281,0.309,1
"JMJD6",0.273718738787903,0.408155987961745,0.257,0.244,1
"IGLC2",0.275173190282633,-0.378545813808508,0.106,0.088,1
"NADK2",0.275676341830809,-0.354751957700754,0.106,0.126,1
"VPS13A",0.27580157958187,-0.325578455095697,0.171,0.191,1
"ATXN7L3",0.276046351416334,-0.26343552773023,0.224,0.242,1
"CDKN2AIPNL",0.277067906872971,-0.261246903375303,0.215,0.239,1
"L3MBTL3",0.278781737288837,-0.259509075475744,0.138,0.158,1
"FYCO1",0.279970819454678,-0.52266124325399,0.085,0.1,1
"GTF2H2C",0.281114353852099,-0.679968489699931,0.093,0.109,1
"PAQR8",0.281461985230714,0.360966836588475,0.104,0.087,1
"C19orf48",0.281864050063875,-0.442123240316652,0.143,0.164,1
"B3GALT4",0.282544934655253,-0.337865886872888,0.133,0.151,1
"PLEKHA1",0.282693311721185,-0.295861923341918,0.15,0.167,1
"STX5",0.284260264100312,0.284639944423167,0.288,0.262,1
"IDI1",0.284407001333378,0.419087683011726,0.472,0.474,1
"UFL1",0.284600023826128,-0.295137474028111,0.478,0.499,1
"PRIM2",0.28482693736105,-0.358974701146608,0.091,0.108,1
"USPL1",0.285634401173299,-0.295582262373053,0.135,0.155,1
"XAB2",0.286033266977007,0.325547364392079,0.18,0.157,1
"NCAPD3",0.286067860516454,0.292931413370025,0.146,0.127,1
"PKNOX1",0.286938103250858,-0.338393866141518,0.112,0.132,1
"ZBTB43",0.289938659023127,0.27627639386839,0.272,0.251,1
"PMS1",0.290032484629357,-0.480178142889052,0.094,0.111,1
"CISD2",0.290141873504001,0.274833017053084,0.407,0.387,1
"RPS6KA2",0.291746824546694,-0.282619481453513,0.132,0.152,1
"TSEN54",0.291885822948766,0.265980256038285,0.18,0.158,1
"KLHL42",0.292049578029504,-0.259114931075374,0.13,0.149,1
"ICOSLG",0.292085072851576,0.487168314284481,0.19,0.17,1
"CBR4",0.292143099774572,-0.260782415343223,0.15,0.17,1
"TBRG4",0.292233372955703,0.317463267545374,0.161,0.141,1
"ZNF677",0.29229222792535,-0.267938935000611,0.106,0.124,1
"GTF2H3",0.293364483335644,-0.257507805641984,0.241,0.266,1
"RHOU",0.294648988065541,0.478078393828314,0.153,0.133,1
"ZNF84",0.294937315279735,-0.417425158401919,0.096,0.114,1
"SDSL",0.295271569612801,-0.407766787717717,0.089,0.106,1
"FNDC3A",0.295468547309756,-0.274405737691697,0.241,0.256,1
"NFU1",0.296522660420927,0.313911283163177,0.254,0.235,1
"INPP1",0.296871300668979,-0.302513779893509,0.091,0.108,1
"ZFAND5",0.29728154123773,0.294999307682789,0.715,0.713,1
"DDX60L",0.297331898393867,0.339705843760298,0.205,0.187,1
"GALT",0.297629043517928,0.283080445778431,0.18,0.158,1
"AC139530.1",0.29776286306623,-0.25857423466368,0.094,0.112,1
"MCM6",0.298536650425569,-0.342454310357789,0.122,0.141,1
"MRFAP1L1",0.299468221307866,-0.37707292773918,0.179,0.194,1
"RRBP1",0.2994888736026,-0.252044052654419,0.709,0.716,1
"GTPBP8",0.299617051549466,-0.252296558888408,0.22,0.238,1
"PLOD1",0.300680385806792,0.306720952381818,0.112,0.096,1
"TOR4A",0.300910100908308,0.318905200645283,0.107,0.091,1
"NSMCE3",0.302269167607221,0.266781025708088,0.447,0.442,1
"TTLL5",0.302883382060598,-0.266813636891397,0.091,0.108,1
"PPARA",0.303155437230014,-0.277974581761356,0.111,0.129,1
"MLLT1",0.303230467685994,0.3410137446305,0.177,0.161,1
"LINC02256",0.303574459595133,-0.512100769214929,0.18,0.203,1
"WDSUB1",0.304139374715913,-0.284338714585474,0.146,0.167,1
"VEZF1",0.304407047161228,-0.259582595659701,0.433,0.456,1
"NUDT14",0.305415531069679,0.258480334947622,0.154,0.136,1
"MYO19",0.305480824196229,-0.304715155548098,0.111,0.129,1
"CPLANE1",0.305720101699381,-0.338621190566359,0.127,0.146,1
"CBWD3",0.30675283476295,-0.264981846393505,0.107,0.126,1
"FBXO33",0.306986210219683,0.271434826366104,0.283,0.268,1
"FAM214A",0.307303715839522,-0.333019659063136,0.265,0.284,1
"FAM241A",0.307944391010333,-0.274714443286234,0.156,0.176,1
"PLCG2",0.30996430049473,-0.706740261531093,0.82,0.824,1
"OARD1",0.310300801110999,-0.264013870934579,0.327,0.341,1
"KLHDC2",0.311106626525109,-0.296926709550524,0.299,0.317,1
"MRM3",0.312219598082962,-0.398868877042044,0.128,0.146,1
"PMAIP1",0.312426689519766,-0.425236791805853,0.447,0.456,1
"LCNL1",0.312614111482831,-0.518612013613824,0.137,0.152,1
"GAB2",0.312848369331892,-0.286914535647654,0.192,0.211,1
"PPRC1",0.313497665376782,-0.280046178408242,0.085,0.1,1
"PRXL2A",0.313660474108827,0.334542380862323,0.193,0.172,1
"HDAC7",0.314169201229209,-0.411906187921034,0.107,0.124,1
"FBXO28",0.315242072520029,-0.261699977911616,0.143,0.16,1
"SOCS5",0.315749830683619,-0.326218848658384,0.146,0.164,1
"NFX1",0.316769190315549,-0.277692091928135,0.237,0.259,1
"ARL16",0.316913842507956,0.28711869244875,0.229,0.205,1
"AZIN1-AS1",0.318048455679714,-0.293048415665822,0.085,0.1,1
"NPRL2",0.318238992955205,0.285098895485859,0.112,0.096,1
"CXXC5",0.319352946234735,-0.27077006958815,0.566,0.498,1
"MYLIP",0.320068029637218,0.262866931590286,0.288,0.266,1
"MPP5",0.324017719861189,-0.351841111135115,0.089,0.105,1
"BAP1",0.324762790469355,-0.273999637603721,0.13,0.148,1
"CAND1",0.325003154601078,-0.268724382638681,0.415,0.422,1
"SH2D3C",0.325134105259058,-0.304967180645328,0.177,0.196,1
"FAM135A",0.326283056316581,-0.254141778337035,0.109,0.127,1
"C11orf68",0.327566135346666,-0.459398047052531,0.114,0.129,1
"ARHGAP12",0.329138828476315,-0.376665990931462,0.091,0.105,1
"USP5",0.331047490888347,-0.28805619106418,0.156,0.173,1
"PDE4D",0.331265029925158,-0.366588014628064,0.151,0.167,1
"ZBTB37",0.331697396829588,-0.304243538385805,0.122,0.138,1
"ENDOV",0.332263024803612,-0.320059515230593,0.2,0.218,1
"MCCC2",0.333384603450956,0.251782974144763,0.262,0.242,1
"IL1R1",0.335524801720205,-0.264125609163454,0.086,0.102,1
"CNST",0.336267780567318,0.323456263311879,0.184,0.166,1
"ADA",0.337757443842382,-0.392055241580592,0.255,0.268,1
"GP1BB",0.337991332136334,-0.327326207139467,0.146,0.166,1
"ZBTB4",0.33874411985697,0.319846419064721,0.151,0.135,1
"CRY2",0.342542392442656,0.320670187505868,0.114,0.097,1
"MBIP",0.343910094508232,-0.380295470924146,0.198,0.217,1
"NUDT16L1",0.34438684730933,0.263551844103972,0.286,0.265,1
"MED12",0.346113801236621,0.252824208613898,0.133,0.117,1
"NAV1",0.346172056424174,-0.310107973759598,0.19,0.206,1
"OGT",0.346844775319962,-0.275827939375685,0.59,0.595,1
"KDM6B",0.347696928009633,0.96789092716153,0.437,0.45,1
"AFMID",0.348114880819279,-0.302799817178482,0.112,0.129,1
"MAPK8IP3",0.348157112359407,0.550843946728595,0.12,0.105,1
"ODF2",0.3487693972407,-0.299703743974414,0.146,0.161,1
"B4GALT4",0.350978452256242,-0.508702325480912,0.18,0.199,1
"RCBTB1",0.352608468442497,-0.417661139067843,0.089,0.103,1
"HOXB-AS1",0.352913088866661,-0.429914608589617,0.089,0.103,1
"LONRF1",0.35314403423103,-0.422976649145372,0.138,0.152,1
"TMEM107",0.354248762341756,0.287679942890699,0.387,0.356,1
"TAF12",0.354749719888382,0.329025866016395,0.335,0.326,1
"WDR74",0.354750351979742,0.294877340453957,0.312,0.288,1
"CLP1",0.355156888729327,-0.296943101304097,0.145,0.163,1
"FOXP1-IT1",0.356212145655408,-0.481409120232391,0.088,0.102,1
"RGP1",0.357099850054525,-0.396104855862637,0.119,0.135,1
"DGKE",0.357795184680347,-0.293800641626523,0.146,0.163,1
"NIF3L1",0.358067748245818,-0.362795251578637,0.088,0.102,1
"FUT7",0.358638769497912,-0.576101653053592,0.265,0.272,1
"RRP12",0.359145410429524,0.435348034920542,0.12,0.105,1
"ZNF439",0.360990670987161,-0.330196449994519,0.109,0.124,1
"TSC22D1",0.361217900486519,-0.304685719641543,0.218,0.235,1
"TOLLIP",0.361255890430315,0.255837377246827,0.286,0.265,1
"PTGER2",0.364042550683429,0.265024605508911,0.115,0.1,1
"RFXAP",0.366489811428945,-0.291505515731776,0.14,0.154,1
"DEPDC5",0.368294170261427,-0.503985793106949,0.091,0.105,1
"DPAGT1",0.368863227433912,0.285376978938151,0.161,0.145,1
"TMIGD2",0.369055034607868,-0.272304602341432,0.125,0.142,1
"FASN",0.369492934099107,-0.299611840812405,0.119,0.136,1
"ADGRG5",0.371680492067682,-0.340485522989301,0.101,0.115,1
"SCT",0.37168859876962,-0.299222207994767,0.254,0.269,1
"PWWP3A",0.372147651158969,0.415501818677747,0.128,0.114,1
"SYVN1",0.376656689199623,-0.391520310377566,0.158,0.173,1
"ACOT8",0.37979253641416,-0.282503285620856,0.135,0.151,1
"TP53I11",0.380232031973336,-0.274267342709929,0.146,0.16,1
"ASB1",0.381699664222471,-0.292068938222841,0.086,0.1,1
"MATK",0.382529089860501,0.337057371597327,0.104,0.09,1
"SART3",0.383066437068182,-0.33149820958843,0.218,0.233,1
"BCL2L1",0.38309909324785,-0.330929010559827,0.111,0.126,1
"STK11",0.384004087603485,0.253315201304798,0.247,0.232,1
"THOP1",0.38510129233582,-0.291500888068502,0.111,0.124,1
"DDX51",0.38532170804758,0.346573267027768,0.146,0.133,1
"DNAJC17",0.386039251652359,0.513759314780993,0.128,0.117,1
"LANCL1",0.386139730956572,-0.311462246381357,0.145,0.158,1
"TPRA1",0.386165612657655,-0.26792984172801,0.102,0.117,1
"HMGCL",0.389395018965753,-0.394893149580882,0.099,0.112,1
"BX890604.2",0.389761911948828,-0.387062827215113,0.106,0.12,1
"TDP1",0.391786885794213,0.251608526711901,0.128,0.114,1
"R3HDM1",0.391900186243306,-0.256777911529443,0.343,0.354,1
"TBL3",0.393251800665417,-0.269246495820716,0.086,0.1,1
"PLEKHA5",0.395358032741047,-0.302858581999566,0.154,0.169,1
"CD1E",0.395373207234995,0.42177278444994,0.195,0.178,1
"TEX2",0.39552103767272,-0.354876938693591,0.171,0.187,1
"SNHG12",0.396036407804296,0.815118744732394,0.102,0.088,1
"CLASP1",0.396287017646674,-0.261135849926494,0.141,0.157,1
"PEMT",0.397976996763173,-0.308448072612737,0.096,0.109,1
"ARHGAP24",0.398973212876982,-0.285851753450163,0.098,0.112,1
"BLNK",0.40013082888448,-0.289225860395069,0.244,0.259,1
"ZNF672",0.400154551271502,-0.279145872173422,0.198,0.214,1
"SIRT6",0.400500090162047,0.286335970182297,0.154,0.141,1
"FBXO4",0.400960145034079,0.310441979250103,0.145,0.13,1
"PFKP",0.401950679520552,-0.276310689709816,0.241,0.259,1
"VIPR1",0.403931588549923,0.291908870537906,0.127,0.112,1
"SFXN1",0.40403945274757,-0.266709737243815,0.141,0.157,1
"RHNO1",0.404728124151075,-0.332170260171569,0.104,0.118,1
"TMEM222",0.405093723212955,-0.287002872641768,0.088,0.1,1
"EFL1",0.408426680861011,-0.295654650161837,0.098,0.111,1
"ENTPD7",0.409648271154565,0.400369137693643,0.179,0.166,1
"TRAFD1",0.409903106045855,0.27781821281574,0.124,0.109,1
"MAFG",0.410230500845498,0.399359953113768,0.311,0.303,1
"ALPK1",0.410526523339776,-0.281074159571195,0.114,0.127,1
"TMEM41B",0.41055544789446,-0.296460111450326,0.263,0.284,1
"CSPP1",0.411050086646439,-0.265293966378744,0.15,0.166,1
"NBPF11",0.411831062828351,0.301810821247619,0.112,0.099,1
"ACAT1",0.411902231744827,-0.250832731996537,0.275,0.293,1
"EPS8",0.415569905479738,-0.659341332107292,0.117,0.13,1
"HS1BP3",0.417140496860064,-0.331137287107133,0.14,0.154,1
"WDR6",0.417391750670633,-0.294620737208531,0.2,0.215,1
"SGTB",0.417509695102894,0.295482973291155,0.127,0.114,1
"KANSL2",0.421448982322632,0.321998852358741,0.182,0.166,1
"FTO",0.421917229908885,-0.257746613188699,0.119,0.133,1
"PTCH2",0.423746875537696,-0.653797021390856,0.101,0.114,1
"SCAMP5",0.424576947088171,-0.492088507702936,0.166,0.176,1
"MRPL39",0.424774411060879,-0.288189727435259,0.104,0.117,1
"TAF6",0.425530477776676,-0.26028372885662,0.15,0.163,1
"EZH2",0.427151292733634,0.287125456990725,0.158,0.143,1
"SARS2",0.427766365806094,0.305986565255871,0.111,0.099,1
"TOM1",0.428858809605669,0.324815641705795,0.177,0.164,1
"SELENOI",0.431084228152178,0.381619380790012,0.128,0.115,1
"SND1-IT1",0.432082287883819,0.371335631847311,0.137,0.124,1
"AC012360.3",0.43397054895964,-0.624932861406085,0.107,0.12,1
"HIST2H2BE",0.435503669775817,0.631046145391709,0.102,0.09,1
"SHD",0.436383769810421,-0.328758589522129,0.094,0.106,1
"FBXW11",0.438245270543011,-0.252921732862392,0.41,0.414,1
"ERCC6",0.440090763090308,-0.354522785657204,0.145,0.157,1
"CDKN2AIP",0.440655056813834,-0.388761116281617,0.192,0.208,1
"RRN3",0.44167998763656,-0.421425512311507,0.145,0.155,1
"KIAA0586",0.446596247229107,-0.296018149934003,0.158,0.17,1
"ARID3B",0.447970414586829,0.470659514366512,0.146,0.133,1
"AC097375.1",0.455420094488976,0.331436897863554,0.12,0.109,1
"AC092620.1",0.455960230266499,0.416999319995884,0.12,0.108,1
"IQSEC2",0.456228491384075,-0.296091402690829,0.111,0.123,1
"NDE1",0.456633467974912,0.327318175028502,0.21,0.193,1
"KIAA1586",0.4569293347678,-0.366061788644295,0.109,0.121,1
"PPP1R10",0.459994149870861,-0.256813893140071,0.491,0.495,1
"JADE1",0.460247733636053,-0.274897760168429,0.223,0.232,1
"STRN3",0.462732678872104,0.253112030332848,0.164,0.151,1
"NBAS",0.466932715219437,-0.460071188387877,0.177,0.187,1
"B3GNT5",0.469352428926361,-0.45776083953812,0.128,0.139,1
"COX18",0.471653491195987,-0.257972980711164,0.164,0.178,1
"HCG11",0.476702503406996,-0.301104520146445,0.158,0.172,1
"POC5",0.479242440117593,-0.369224168551606,0.12,0.135,1
"KIAA1958",0.48024926126241,-0.395696252368925,0.106,0.117,1
"ERMAP",0.481626429882317,0.286547190284106,0.127,0.115,1
"SLC25A51",0.482492066341745,0.421028777864632,0.112,0.102,1
"LINC02245",0.484122955318066,0.282716371969598,0.252,0.241,1
"SACS",0.486065054732953,-0.252526968105141,0.166,0.178,1
"ZFP36",0.488053254610483,0.533138297367204,0.886,0.919,1
"NAGLU",0.489329377717243,-0.299843527537375,0.127,0.138,1
"C11orf74",0.489462483049807,0.250550476273123,0.115,0.105,1
"FHOD1",0.491892645180584,-0.288622708365816,0.148,0.16,1
"RELCH",0.493882365438893,-0.290834449666137,0.193,0.203,1
"MKNK1",0.498468803677617,-0.259846698751669,0.172,0.185,1
"RNF214",0.500242982852431,-0.258266509403659,0.148,0.158,1
"IFRD1",0.500404986205338,0.433246083819514,0.372,0.363,1
"LRP8",0.502958847217678,-0.296246467549734,0.117,0.127,1
"AXL",0.50332721017576,-0.41304992249608,0.089,0.1,1
"TRAK2",0.503631152484737,-0.323335913307647,0.137,0.148,1
"ESRRA",0.508524300162803,-0.28043933497442,0.247,0.257,1
"HIST3H2A",0.510767550816368,0.256289854703352,0.133,0.123,1
"AC018755.4",0.513972111388601,-0.35561673369194,0.122,0.13,1
"PSMD5",0.516922010789341,-0.416304105425841,0.135,0.143,1
"ZC3H12A",0.518913593641741,0.25183415944873,0.14,0.129,1
"NOL9",0.521761189507422,-0.267357115777678,0.159,0.169,1
"KDM5C",0.52278059892002,-0.337862303352805,0.28,0.29,1
"TAZ",0.524322413414599,-0.251057698205885,0.244,0.253,1
"DPH7",0.526695902560292,0.285815953920523,0.138,0.127,1
"TRANK1",0.529483405654746,-0.368633486124313,0.102,0.114,1
"TMLHE",0.529640025279504,-0.261608222972618,0.151,0.16,1
"POMGNT1",0.53181201658073,-0.268936532607763,0.12,0.132,1
"CEP192",0.532109950412572,0.250584218114548,0.166,0.157,1
"MYO18A",0.535054301328513,-0.464002235436786,0.133,0.143,1
"TCF12",0.536027041051126,-0.273068744524951,0.224,0.233,1
"C20orf194",0.537468608404695,-0.256914793921941,0.164,0.175,1
"PACSIN1",0.539032478631385,-0.258299836971337,0.169,0.179,1
"C2orf76",0.540128990260265,0.26530242463772,0.174,0.164,1
"FER",0.550185529413353,-0.381754952443034,0.106,0.114,1
"DUS3L",0.552503772373352,-0.356744439701848,0.164,0.172,1
"UVSSA",0.554018563962402,-0.30648644692951,0.127,0.138,1
"AARS",0.554145089906843,-0.280006103931,0.098,0.106,1
"SLC25A32",0.556801297516456,-0.330702156032639,0.18,0.188,1
"BTG3",0.557437664738719,0.365919294173292,0.156,0.145,1
"IL32",0.559258840381154,0.57632199766512,0.166,0.184,1
"MCEE",0.567899643471312,-0.31164578962642,0.12,0.13,1
"MYO9A",0.568518750102748,-0.270817319861486,0.289,0.296,1
"REC8",0.570059822460462,0.302278771316409,0.148,0.139,1
"IMMP2L",0.571543948834136,0.279088240757468,0.13,0.121,1
"NECTIN1",0.57224086858413,-0.255819207932568,0.119,0.127,1
"LPCAT4",0.574700796874098,-0.351288495628083,0.107,0.117,1
"RBBP8",0.592059774758014,0.280113665777427,0.187,0.175,1
"USP28",0.592400723097061,0.261382653620045,0.153,0.146,1
"ZBP1",0.600023175056518,0.327630441288956,0.102,0.096,1
"NAB1",0.602483298543415,-0.267924360363157,0.094,0.102,1
"RGS1",0.604289063563916,0.923408196915433,0.403,0.463,1
"PACC1",0.605027229921384,-0.254382814283344,0.187,0.193,1
"WDR83",0.609104746090509,0.309903783533515,0.135,0.127,1
"APEX2",0.61719476549549,0.354196471270174,0.128,0.121,1
"ALKBH4",0.617223568808748,-0.251426351632605,0.109,0.118,1
"SEMA7A",0.620585697232962,0.508476183635631,0.109,0.103,1
"SLC23A2",0.621047354463235,-0.337891374608819,0.184,0.169,1
"UHRF2",0.629093234973966,-0.269079680132812,0.167,0.178,1
"ELAC2",0.638079430435721,-0.253067098899424,0.15,0.157,1
"SCML1",0.64668003433209,0.423888514987883,0.117,0.111,1
"KLHL28",0.648989310793346,-0.280652542152226,0.13,0.138,1
"ASIP",0.659166967331709,-0.28832419022386,0.128,0.135,1
"CUX2",0.664974231959159,-0.490345419826627,0.115,0.12,1
"AC007381.1",0.671125857769945,0.402267143207493,0.115,0.109,1
"RBMXL1",0.671704654025926,-0.254879710741073,0.176,0.182,1
"CRIM1",0.673536375654969,-0.256866466783981,0.106,0.112,1
"SLC50A1",0.67638586833752,0.340526328968536,0.21,0.202,1
"KCNK17",0.680342423551937,-0.268260452627108,0.164,0.169,1
"ATP2B1-AS1",0.681747575205736,-0.30929388611987,0.392,0.389,1
"TUBB1",0.687115772389413,-0.53677312250994,0.119,0.111,1
"MYO1E",0.69109475359995,-0.294842264551612,0.285,0.288,1
"H1F0",0.693762594096676,-0.310831199273225,0.151,0.157,1
"SZT2",0.703842800555429,-0.267582010407536,0.133,0.141,1
"ANKRD36",0.713670358050957,-0.386284376197157,0.114,0.12,1
"KATNA1",0.717863765641218,-0.30339299961767,0.169,0.172,1
"HIVEP1",0.717948020144591,-0.399032382054629,0.247,0.245,1
"POLR3D",0.721208745013048,-0.281075213536609,0.135,0.141,1
"GPX7",0.722184846873175,-0.343886202186181,0.104,0.108,1
"NFATC2",0.72412089816944,0.261146918715242,0.224,0.22,1
"KIF13A",0.727146273422379,-0.256757021625097,0.138,0.142,1
"OGFOD1",0.736086281543525,-0.286384214360881,0.124,0.129,1
"PIP4K2B",0.741262036170518,-0.350817141618249,0.127,0.133,1
"ACTL6A",0.747572352459538,-0.25755947027117,0.187,0.191,1
"AC005921.2",0.75924031161776,-0.265752276566149,0.115,0.12,1
"H6PD",0.762043995014115,0.335219826770227,0.127,0.121,1
"CBFA2T2",0.76348113650109,-0.262146768723554,0.096,0.1,1
"FAN1",0.764649222023187,-0.440869901486951,0.128,0.133,1
"AL096865.1",0.765598926252324,-0.250252706153978,0.195,0.181,1
"HBEGF",0.775111233888862,0.39394992592757,0.233,0.233,1
"CEP44",0.775590165598981,-0.352870482070693,0.109,0.111,1
"G0S2",0.778381323123762,0.784581181747353,0.122,0.121,1
"HDAC6",0.780486123574003,-0.325023978030294,0.138,0.133,1
"GPM6B",0.781663139341576,0.250049836555321,0.154,0.164,1
"ABCD4",0.787130974660602,-0.294573024459997,0.169,0.172,1
"NFE2L3",0.800057823742517,-0.266449645737425,0.195,0.194,1
"ABITRAM",0.802930736760333,-0.25687885741144,0.117,0.121,1
"PTPRS",0.813167627238649,-0.278804989282657,0.13,0.135,1
"STK19",0.822068103885635,-0.405227775970114,0.141,0.145,1
"NRGN",0.832791362668917,-0.299681730624893,0.421,0.425,1
"ZNF354A",0.843365260014522,-0.29754582055971,0.135,0.13,1
"DCAF15",0.843660470101117,-0.273288187102863,0.122,0.126,1
"AL499604.1",0.847073479987471,-0.346980668036909,0.301,0.288,1
"DLST",0.851226234482023,0.264921125766115,0.151,0.149,1
"TRIM26",0.868767800104597,-0.252802105152471,0.27,0.265,1
"XRRA1",0.928117859850444,-0.254912052304621,0.198,0.197,1
"CCL4",0.930995316805549,-0.804252370710282,0.107,0.106,1
"RGS2",0.937210429665216,0.517117179070123,0.81,0.804,1
"UBE2D4",0.945052249413017,-0.254229962086959,0.14,0.135,1
"CDK10",0.952410455645722,0.260437090709261,0.114,0.115,1
"NARF",0.964788582931699,-0.252966195268069,0.28,0.271,1
"DCAF16",0.977703977293615,-0.296550832929194,0.208,0.203,1
"EIF4E3",0.979795295472152,0.266636840168473,0.128,0.13,1
"IGKC",0.994604121204394,0.791803784996753,0.485,0.465,1
