"Gene","p_val","avg_log2FC","pct.1","pct.2","p_val_adj"
"FKBP5",2.29012981470779e-52,-1.48445870662312,0.556,0.821,8.38210413481198e-48
"TSC22D3",8.20860757381768e-50,-1.33383760705493,0.689,0.875,3.00443245809301e-45
"CXCR4",3.89689732059291e-42,-1.03335619190942,0.845,0.954,1.42630338831021e-37
"SAP30",2.2184692686672e-37,-2.07829607993049,0.267,0.546,8.11981937024882e-33
"ZFP36L2",3.35057946523034e-36,-0.930721089754486,0.886,0.971,1.22634559006896e-31
"IFI44L",1.75502289162539e-33,3.20886747633893,0.331,0.073,6.4235592856381e-29
"SRGAP1",4.19205705952142e-32,-2.90713991010412,0.03,0.233,1.53433480435543e-27
"AREG",1.32241369932852e-31,-1.22478910497172,0.449,0.711,4.84016638091231e-27
"HLA-DRB5",2.54938834935412e-29,-0.824280591270581,0.786,0.92,9.33101629747103e-25
"ZBTB16",1.81303488178936e-27,-3.47737912862193,0.027,0.202,6.63588897083723e-23
"MX1",4.90682535260454e-22,1.45696192330815,0.533,0.317,1.79594714730679e-17
"DDIT4",7.71878077219756e-22,-0.808849037369043,0.71,0.852,2.82515095043203e-17
"RPS26",8.7049074334801e-22,0.619068498807822,0.988,0.984,3.18608316972805e-17
"SMAP2",4.74625037230494e-21,-0.746325858434204,0.779,0.88,1.73717509876733e-16
"GLUL",1.79885948050177e-17,-0.86929839998914,0.444,0.639,6.58400558458452e-13
"EIF2AK2",2.3464820796607e-17,1.10020701257521,0.565,0.398,8.58835905976612e-13
"C1orf162",1.10653699898764e-16,-0.499422105542673,0.833,0.902,4.05003606999465e-12
"MT-ND3",1.76113921659372e-16,0.264898267282308,0.993,1,6.44594564665467e-12
"CDKN2D",2.58512335401467e-16,0.642713459931785,0.827,0.763,9.46180998802911e-12
"HBB",1.42860789483853e-15,-0.78190222230122,0.726,0.738,5.22884775589849e-11
"ISG20",2.78736879370364e-15,-0.937735207741854,0.344,0.538,1.02020485218347e-10
"IRS2",9.76831497777083e-15,-1.21447479265641,0.196,0.374,3.5753009650139e-10
"XAF1",1.5295391183684e-14,1.11465652291299,0.519,0.361,5.59826612714017e-10
"PDK4",2.60714588915497e-14,-2.00975395986722,0.042,0.161,9.5424146688961e-10
"RGS1",2.73834717008699e-14,-2.55088061619002,0.252,0.403,1.00226244772354e-09
"TNFAIP3",4.73006153435494e-14,-1.05697912373603,0.462,0.624,1.73124982218925e-09
"TIPARP",1.42478854631416e-13,-2.31708343890762,0.178,0.325,5.21486855836445e-09
"PLIN2",1.67734989786485e-13,-1.00390074314878,0.216,0.387,6.13926836117514e-09
"KLF9",1.83321178474765e-13,-0.846943566967747,0.421,0.567,6.70973845335488e-09
"STAT1",2.39287723554922e-13,0.940678276041734,0.6,0.468,8.75816996983372e-09
"TXNIP",5.89321560663238e-13,-0.529501062971486,0.951,0.956,2.15697584418352e-08
"SH3BP5",6.29618710357573e-13,-0.67604642027489,0.535,0.686,2.30446744177975e-08
"CD163",2.09942870396096e-12,-1.2165897828763,0.292,0.444,7.6841189993675e-08
"MT2A",2.24578717718163e-12,-1.07803498289086,0.449,0.605,8.21980564720249e-08
"CLEC4E",3.24843829237941e-12,-1.69895055066969,0.06,0.177,1.18896089939379e-07
"SLA",4.14059582364128e-12,-0.933496619174663,0.199,0.359,1.51549947741095e-07
"ISG15",4.52205104478668e-12,1.13714837772217,0.533,0.42,1.65511590290237e-07
"ATF3",1.10992330646791e-11,-2.54703822568119,0.101,0.221,4.06243029400321e-07
"RNASE6",1.28758643962742e-11,-0.326077020000676,0.843,0.927,4.71269512768032e-07
"PICK1",1.36178649108511e-11,-1.31759590530655,0.1,0.229,4.9842747360206e-07
"CBX6",1.38682612646435e-11,0.697673757749429,0.614,0.473,5.07592230547216e-07
"ID1",1.71717954605061e-11,-2.80913345254872,0.044,0.143,6.28504885649984e-07
"SOCS1",4.63981978732381e-11,-0.915008471941103,0.124,0.262,1.69822044035839e-06
"CES1",5.33280413626658e-11,-0.998735597295792,0.139,0.285,1.95185964191493e-06
"HSPA8",5.45778737689971e-11,-0.383105543013689,0.851,0.925,1.99760475781906e-06
"MAFF",5.66245579002687e-11,-2.44400009634446,0.074,0.18,2.07251544370774e-06
"LMNA",7.49558706963519e-11,-0.848958467429815,0.328,0.486,2.74345982335718e-06
"AKAP13",1.02407937843989e-10,-0.401386597115849,0.87,0.925,3.74823293302785e-06
"IL1R2",1.04991721825964e-10,-1.1305110727594,0.215,0.364,3.84280201055211e-06
"VIM",1.17337932386189e-10,-0.323338012195117,0.994,0.998,4.29468566326691e-06
"FOSB",1.19365040385078e-10,-2.89468388067559,0.247,0.363,4.36887984313423e-06
"IGHA1",1.38599913037277e-10,-5.38094886625987,0.041,0.132,5.07289541707737e-06
"PTEN",2.47573383677492e-10,-0.429448420830012,0.743,0.836,9.0614334159799e-06
"DUSP1",3.35698634716074e-10,-0.803168723462813,0.641,0.751,1.2286905729243e-05
"PER1",4.04524648849851e-10,-0.73924865199563,0.342,0.493,1.48060066725534e-05
"IFNGR1",7.28633036363562e-10,-0.555604773374622,0.656,0.769,2.66686977639427e-05
"KLF6",7.57464955933118e-10,-0.955069627452103,0.721,0.815,2.7723974852108e-05
"ELL2",8.23627875728211e-10,-2.58581261673419,0.03,0.109,3.01456038795283e-05
"ACSL1",8.96873369578849e-10,-1.13089598379948,0.112,0.233,3.28264621999555e-05
"ID2",1.18900510207237e-09,-0.859310385102201,0.636,0.754,4.35187757409507e-05
"OAS2",1.33411596201751e-09,1.07163875756643,0.375,0.239,4.8829978325803e-05
"SCO2",1.36100074755945e-09,0.822087223916858,0.538,0.418,4.98139883614234e-05
"GAPDH",1.68501122717998e-09,-0.312400413218947,0.959,0.969,6.16730959260144e-05
"AC004687.1",1.70509881928538e-09,0.499287089539999,0.792,0.737,6.24083218846642e-05
"IFI6",2.42003300312641e-09,1.20089478533492,0.335,0.211,8.85756279474296e-05
"MPEG1",3.18382114151513e-09,0.349698893229059,0.905,0.88,0.000116531037600595
"FRAT1",3.58639285328809e-09,-1.05572919305411,0.117,0.234,0.000131265564823197
"HBA2",3.90963339402023e-09,-0.773294533696894,0.245,0.382,0.000143096491854534
"MX2",4.0398868255901e-09,0.903269075839781,0.449,0.322,0.000147863897703423
"KLF10",4.9800297751404e-09,-0.446647086752513,0.589,0.75,0.000182274069799914
"AC020916.1",5.6608048097507e-09,-2.37238855794672,0.226,0.33,0.000207191116841685
"MIR181A1HG",6.61631132070653e-09,-0.67884559808424,0.423,0.558,0.00024216361064918
"TYMP",8.50557186735891e-09,0.450589111211529,0.835,0.81,0.000311312435917203
"MYADM",9.01698500929751e-09,-0.783288302661414,0.615,0.693,0.000330030668325298
"EREG",9.35824272719613e-09,-1.88556446638995,0.15,0.262,0.000342521042058106
"NFKBIA",1.36602108965692e-08,-0.71174126240676,0.772,0.846,0.000499977379025329
"CCND3",1.55751505556992e-08,-0.429621475471722,0.613,0.737,0.000570066085489148
"P2RY13",1.7453248764868e-08,-0.964309170027283,0.187,0.311,0.000638806358042934
"DEPTOR",2.0851966285056e-08,-1.02217197356517,0.125,0.239,0.000763202817999334
"IFI44",2.17434950778216e-08,1.45097196037248,0.215,0.111,0.00079583366334335
"CDKN1A",2.35811744580068e-08,-1.12163361012887,0.36,0.478,0.000863094566337505
"LYN",2.4662677444888e-08,0.364342380758344,0.888,0.889,0.000902678657160347
"LCP2",2.6366521002688e-08,-0.525060297637394,0.434,0.58,0.000965041035219383
"HCLS1",2.75225755045762e-08,-0.355556331879702,0.867,0.917,0.00100735378604299
"KLF13",2.80109109708349e-08,-0.419542997896312,0.653,0.78,0.00102522735244353
"AHR",2.84202568662278e-08,-0.44619029481191,0.632,0.748,0.0010402098215608
"HBA1",2.95610926348085e-08,-0.640960647866486,0.103,0.211,0.00108196555152662
"LYZ",3.20182740369418e-08,0.477783452637335,0.756,0.802,0.00117190084802611
"FAM107B",3.35246889566751e-08,0.580979189125871,0.542,0.413,0.00122703714050326
"GCLC",3.64333388294649e-08,-0.585525285184888,0.304,0.441,0.00133349663449725
"KLF4",4.1201135957865e-08,-1.24222031872679,0.455,0.553,0.00150800277719382
"SP110",4.88381283367889e-08,0.54425340937491,0.744,0.649,0.00178752433525481
"CSGALNACT1",5.32566999019427e-08,-1.2934838402951,0.075,0.167,0.001949248473111
"NINJ1",5.65316771285142e-08,-1.01824360384694,0.182,0.299,0.00206911591458075
"IRAK3",6.98514810330308e-08,-0.82964415015485,0.311,0.433,0.00255663405728996
"AC144652.1",7.52646266702805e-08,-1.12818643232088,0.049,0.13,0.00275476060075894
"SAMD9L",8.66791500745973e-08,0.875612329270294,0.376,0.265,0.00317254357188034
"ANKRD28",9.75802318583149e-08,-1.05555186483558,0.186,0.301,0.00357153406624618
"CEBPD",1.10158469615229e-07,-0.506716856949259,0.67,0.728,0.00403191014638699
"CEACAM4",1.12087031758855e-07,-1.22790786438135,0.101,0.197,0.00410249744940586
"JUN",1.35087079375551e-07,-2.19106744083179,0.149,0.246,0.00494432219222455
"TUBB6",1.43905625607917e-07,-0.723853233524223,0.229,0.356,0.00526708980287536
"CHKA",1.52984122439909e-07,-0.86469302124247,0.139,0.247,0.00559937186542312
"SEC11A",1.66070055854472e-07,-0.322929885055353,0.828,0.896,0.00607833011432954
"CLN8",1.71033935428092e-07,-0.884913995729278,0.427,0.561,0.00626001307060359
"PPP1R15A",1.98361606654453e-07,-1.28375920643991,0.574,0.649,0.00726023316515962
"BATF3",2.08105223781632e-07,-0.753815472648502,0.31,0.444,0.00761685929563151
"CELF2",2.20532644456185e-07,-0.309561100788927,0.809,0.896,0.00807171531974082
"YPEL5",2.47137087581387e-07,-0.927263118220169,0.779,0.826,0.00904546454256633
"ETHE1",2.60566126208767e-07,-0.481495804127367,0.438,0.576,0.00953698078536708
"TUBA1B",3.00504197129135e-07,0.293436426858884,0.961,0.953,0.0109987541191235
"CNBP",3.63886152596083e-07,0.277464673726415,0.888,0.88,0.0133185970711693
"RGCC",4.81397811446906e-07,-1.09354628862988,0.181,0.285,0.0176196412967682
"MARCKS",4.85365116103196e-07,0.531633084549181,0.434,0.325,0.0177648486144931
"BID",5.36390251940836e-07,0.376295987671025,0.823,0.774,0.0196324196112865
"CCNH",6.68219445081066e-07,-0.753114784200778,0.37,0.485,0.0244574999094121
"ZFAND5",7.11915294760056e-07,-0.691737166839849,0.621,0.715,0.0260568117035128
"PNP",7.36261837300142e-07,-0.836398147418637,0.216,0.327,0.0269479195070225
"HERC5",8.4818824373227e-07,0.878398414771172,0.223,0.122,0.0310445379088448
"EMP3",9.3096817263211e-07,0.305002650089502,0.942,0.92,0.0340743660865079
"CCDC6",9.37684789348897e-07,-0.39832562184357,0.549,0.665,0.034320200974959
"TMEM156",9.57653082480087e-07,0.90433811064884,0.269,0.166,0.0350510604718537
"SIRT1",9.74342099968994e-07,-0.574212823345492,0.28,0.403,0.0356618952009652
"PPDPF",9.84101591203478e-07,0.307811765142044,0.795,0.751,0.0360191023396385
"FLT3",1.04073166887142e-06,-0.37090486870942,0.53,0.649,0.0380918198123627
"PTPN18",1.05012421433504e-06,-0.345444764108453,0.627,0.745,0.0384355963688768
"NDUFB1",1.07858305183201e-06,0.274052799788945,0.908,0.876,0.0394772182801033
"SERTAD1",1.09098246271389e-06,-1.18533173463856,0.128,0.218,0.039931049117791
"MTRNR2L12",1.17683814490957e-06,0.286834174929798,0.966,0.989,0.0430734529418353
"SRSF2",1.21692643871628e-06,-0.362691651205219,0.844,0.902,0.0445407245834544
"PSTPIP2",1.28435737833322e-06,-0.672492207712647,0.3,0.415,0.0470087644043742
"LDLRAD3",1.31812133752105e-06,-1.42673845156251,0.039,0.104,0.0482445590746078
"TSPAN4",1.51404249028399e-06,-0.742477925453125,0.154,0.259,0.0554154691868845
"PNPLA8",1.68066252686607e-06,-0.620487459747705,0.337,0.444,0.0615139291458251
"CEBPB",1.76547748228393e-06,-0.400329296603283,0.581,0.676,0.0646182413290742
"ENPP4",1.98585115924463e-06,-1.03243804882982,0.17,0.267,0.0726841382795128
"OAS3",2.3864287749573e-06,1.13516745523634,0.192,0.104,0.0873456795922123
"DBI",2.39193215821687e-06,-0.267916673243066,0.952,0.984,0.0875471089228957
"HSPD1",2.40110388828903e-06,-0.315516777021352,0.677,0.787,0.0878828034152668
"MRC1",2.46427980864353e-06,-0.98466903165292,0.129,0.221,0.090195105276162
"RNF144B",2.54343796637188e-06,-0.401381815513732,0.401,0.537,0.0930923730071771
"BCL2L11",2.69391066964658e-06,-0.764749244132706,0.189,0.294,0.0985998244197345
"ARL4A",2.87832482098786e-06,-0.732322095960596,0.323,0.434,0.105349566772977
"AL355075.4",2.97024468685315e-06,-1.56591869342341,0.111,0.198,0.108713925783512
"PPP1R14A",3.1083971066977e-06,-0.660411598580481,0.292,0.398,0.113770442502243
"CCNL1",3.46415472845869e-06,-0.780375932052124,0.754,0.813,0.126791527216316
"ITGB2",4.47635985497687e-06,-0.264134424455271,0.849,0.924,0.163839247052009
"CMPK2",4.67407668063118e-06,1.24694142114815,0.183,0.101,0.171075880587782
"NUP58",4.86187789612728e-06,-0.777066561600787,0.204,0.304,0.177949592876155
"PKP2",5.02273300234764e-06,-1.12629691158655,0.137,0.221,0.183837050618926
"BTG1",5.18384616609173e-06,-0.275779259980483,0.927,0.964,0.189733953525123
"LTB",5.50010049643683e-06,0.492623887172338,0.566,0.463,0.201309178270084
"AC044849.1",5.80434344147092e-06,-1.35536815824807,0.08,0.154,0.212444774301277
"ROCK1",5.89790811160385e-06,-0.304086973341787,0.715,0.779,0.215869334792813
"ADAR",6.52809703493471e-06,0.400616019214243,0.711,0.644,0.238934879575645
"EMB",7.06286946127081e-06,0.359855452717411,0.752,0.683,0.258508085151973
"KDM6B",7.25357338340119e-06,-1.35641198509244,0.343,0.437,0.265488039405867
"GRASP",7.41647876277942e-06,-0.786411584238586,0.515,0.602,0.27145053919649
"RNF213",7.5024477669939e-06,0.420895884756323,0.763,0.733,0.274597090719744
"IDS",8.01019697286324e-06,-0.575666637435056,0.678,0.784,0.293181219403767
"DUSP10",9.06358019290801e-06,-0.977509912124196,0.074,0.146,0.331736098640626
"CD300A",1.0337780279655e-05,-0.423722359959004,0.383,0.498,0.378373096015652
"RCAN1",1.08148708857254e-05,-0.776655372071201,0.199,0.298,0.395835089288434
"TLR2",1.19472954369596e-05,-0.591459433678722,0.188,0.289,0.437282960288157
"IGFBP7",1.19604613732141e-05,-0.342087551445806,0.383,0.522,0.43776484672101
"VSIG4",1.23754373884547e-05,-0.895655798748158,0.071,0.143,0.452953383854831
"NFKBIZ",1.27938775283538e-05,0.356660013388608,0.603,0.517,0.468268711415276
"SLC27A3",1.31629260150633e-05,-0.603617132672439,0.187,0.289,0.481776255077331
"IDI1",1.33987008114263e-05,-0.767346121551201,0.369,0.472,0.490405848399014
"TMEM107",1.4601359246512e-05,-1.29429714430195,0.29,0.387,0.534424349781584
"NRROS",1.46743884794997e-05,0.527559516693027,0.412,0.309,0.537097292738169
"AGO1",1.48539328446436e-05,0.564003327714469,0.31,0.21,0.543668796046802
"SNN",1.60941294071851e-05,0.600972148611872,0.428,0.338,0.589061230432382
"FCGR2A",1.89311683529068e-05,-0.470979979658655,0.376,0.478,0.692899692884742
"S100B",1.90409610138815e-05,-1.24534030742211,0.048,0.107,0.696918214069077
"CBX5",1.95858872384695e-05,0.450765310288437,0.462,0.348,0.716863058815223
"ECHDC2",1.96136238864234e-05,0.923403478358896,0.173,0.096,0.717878247866984
"SMPD4",2.01570294583927e-05,-0.673486296291371,0.116,0.198,0.737767435206632
"EPSTI1",2.07910320237979e-05,0.68869070724652,0.465,0.4,0.760972563103027
"PLEK",2.10514378379204e-05,0.286192786780687,0.892,0.886,0.770503676305724
"ROMO1",2.11989594732976e-05,0.328842099916094,0.722,0.667,0.775903115682165
"ANXA1",2.14184678952214e-05,-0.427145122753933,0.734,0.774,0.783937343433
"AL118516.1",2.18523983073119e-05,-0.952127970419607,0.185,0.275,0.799819630445924
"QPCT",2.30300067938224e-05,-0.709117166545801,0.133,0.218,0.842921278660693
"PRKAG2-AS1",2.30367067045228e-05,-0.640305762760943,0.146,0.237,0.843166502092239
"SNHG7",2.32028516089575e-05,-0.44362790592016,0.566,0.681,0.849247571739452
"LINC01588",2.42173266531933e-05,-0.98580286396197,0.062,0.127,0.886378372833529
"LY6E",2.44830240082823e-05,0.64999808805422,0.584,0.55,0.896103161727139
"FLI1",2.480725810502e-05,-0.340920660180094,0.396,0.514,0.907970453901837
"BHLHE40",2.50397551635847e-05,-0.816363373360696,0.449,0.524,0.916480078742364
"SRGAP2B",2.52210901745969e-05,-0.406296750587247,0.248,0.354,0.923117121480421
"ABI3",2.58808970829381e-05,-0.582474957528943,0.274,0.377,0.947266714132617
"MTHFD1L",2.64361498611707e-05,-1.11366804311363,0.07,0.137,0.967589521068708
"PLPBP",2.76816177009498e-05,-0.33240412827457,0.283,0.398,1
"IL13RA1",2.77793369195242e-05,-0.267947711578468,0.581,0.707,1
"AIDA",2.81681628864428e-05,-0.400520038924832,0.367,0.478,1
"UBN1",2.8748818733538e-05,-0.45695729937854,0.306,0.423,1
"TEX264",2.92726024257453e-05,-0.413235359414865,0.357,0.475,1
"MRPS31",3.02074556766275e-05,-0.584042242337906,0.194,0.289,1
"KLHL21",3.21089631507691e-05,-0.930425890068168,0.081,0.151,1
"IFITM1",3.24668933493319e-05,1.52951526015596,0.13,0.065,1
"MAFG",3.27733597862716e-05,-0.735572659908319,0.216,0.311,1
"BLVRB",3.31138610055981e-05,-0.366268671797824,0.619,0.707,1
"ZNF331",3.34597214677329e-05,-1.25882933983005,0.186,0.267,1
"CTSB",3.44350143875227e-05,-0.298724626365037,0.752,0.834,1
"SRGAP2",3.46273748587384e-05,-0.474793405040985,0.407,0.509,1
"LIMS1",3.50817107334703e-05,-0.35959463934605,0.585,0.663,1
"PTK2B",3.55407010517265e-05,-0.499357065621266,0.308,0.416,1
"ITGA5",3.75423242220293e-05,-0.6426827548868,0.151,0.237,1
"BCL11A",3.76644194315784e-05,0.397370887093186,0.753,0.698,1
"SMYD2",3.87399653521526e-05,-0.881531537629858,0.102,0.176,1
"SPOP",3.9614293134931e-05,-0.318416064894028,0.384,0.504,1
"HMGB2",4.11413220142412e-05,-0.329972151204922,0.765,0.839,1
"CLNS1A",4.2069565526763e-05,-0.315095380644004,0.672,0.761,1
"HNRNPA0",4.29476887807264e-05,-0.295230791243212,0.681,0.776,1
"HAVCR2",4.62201934941271e-05,-0.521224945983143,0.365,0.454,1
"SLC31A2",4.66456401018891e-05,-0.564483841039392,0.225,0.32,1
"TUBA4A",4.73521789051899e-05,-0.639796213704777,0.164,0.252,1
"SEPTIN6",4.75198019854629e-05,0.289880263199667,0.823,0.785,1
"FOS",5.06836478569471e-05,-0.568467702543584,0.736,0.798,1
"FSCN1",5.17484738701984e-05,-1.17866144480415,0.052,0.109,1
"ETS2",5.37629263352688e-05,-0.436211498247577,0.555,0.631,1
"CSRNP1",5.42383500828956e-05,-1.27164952811062,0.278,0.345,1
"VSIR",5.60914141075794e-05,-0.320199530561491,0.704,0.763,1
"IER3",5.64537769663151e-05,-1.67828720482514,0.191,0.268,1
"AKR1C3",6.40863243615149e-05,-1.576857393579,0.053,0.109,1
"ELK1",6.84142649922654e-05,-0.456359193660281,0.204,0.301,1
"HRH2",7.48498513182484e-05,-0.460344088914379,0.277,0.389,1
"SPRY2",7.76908365304099e-05,1.25527653900391,0.121,0.06,1
"HOMER2",7.89682091726924e-05,-0.677791774903309,0.161,0.247,1
"UBC",7.90584854561542e-05,-0.337741662738296,0.988,1,1
"OTUD5",8.18795442127662e-05,-0.461349624024753,0.23,0.324,1
"ERLIN1",8.4261771908092e-05,-0.952890724012806,0.058,0.117,1
"NUDT16",8.58734351106923e-05,-0.48751483419324,0.335,0.431,1
"NFE2L2",8.71454563829572e-05,0.378120592649106,0.651,0.616,1
"SLC38A1",8.90304655885846e-05,-0.299207226664397,0.713,0.792,1
"PPP1CC",9.64378406536582e-05,-0.286051506819746,0.627,0.714,1
"PDE4A",9.84721516330833e-05,-0.43805455055336,0.226,0.322,1
"CYLD",0.00010269449436456,0.351219605459228,0.649,0.585,1
"PLCG2",0.000103498483596191,0.786100720644752,0.829,0.82,1
"MAP2K1",0.000104551844817631,-0.32176058785501,0.512,0.613,1
"TMEM223",0.000104986174805581,-0.607245907400196,0.169,0.252,1
"SFT2D2",0.000105981536674442,0.296858755659198,0.79,0.748,1
"IFRD2",0.000106472594159358,-0.624997023816159,0.123,0.197,1
"SSH2",0.00010825203985307,-0.496651504478645,0.364,0.452,1
"NFIL3",0.000108659237433729,-0.522939462374809,0.276,0.371,1
"RANBP2",0.000111506324608816,-0.451573116630525,0.455,0.551,1
"TBC1D7",0.000112959221994155,-0.381957953787591,0.167,0.257,1
"HLA-DRB1",0.000113048443476972,0.254595936906241,0.993,0.997,1
"MALSU1",0.000115842424218747,-0.383966188030281,0.246,0.34,1
"NAPRT",0.000123329449888581,-0.388930592520788,0.367,0.47,1
"LYSMD2",0.000127652316200459,0.482109204169053,0.37,0.286,1
"SFPQ",0.000137606097038659,-0.288914804496226,0.831,0.881,1
"PHC2",0.000138948877668368,-0.532629698221813,0.25,0.341,1
"CLK1",0.000142183474785888,-0.515090168332359,0.426,0.514,1
"CCR2",0.000148055009947095,-0.517380833771484,0.229,0.324,1
"HOXA9",0.000149704612369947,-0.855654649670052,0.05,0.104,1
"RCSD1",0.000153545408493949,-0.28628703664283,0.637,0.724,1
"MTSS1",0.000154171492260478,-0.601200465504658,0.097,0.166,1
"TOB2",0.000164909129855458,-0.42533278675212,0.186,0.273,1
"MT-ND4L",0.000168735456867832,0.252683983587421,0.894,0.899,1
"PES1",0.000169469295906399,-0.630815836578773,0.15,0.228,1
"UBE2S",0.000179504870672759,-0.348427260230451,0.322,0.418,1
"OGFR",0.000184636318812039,-0.372389816765726,0.423,0.517,1
"BRAT1",0.000185040103756323,-0.600435644093217,0.116,0.189,1
"CITED2",0.000193718546873265,-0.496330726942003,0.23,0.32,1
"FXR2",0.000208859024990588,-0.872942085576522,0.064,0.12,1
"TUBA1C",0.000208940920800661,-0.923584050447847,0.397,0.499,1
"SYTL3",0.000210911827501737,-0.704863361144086,0.13,0.202,1
"MIR155HG",0.000211534772235262,-0.951847410951301,0.06,0.115,1
"AC007952.4",0.000218724832881677,-0.853970449728217,0.448,0.53,1
"MED26",0.000221926343751911,-0.689916926296845,0.137,0.211,1
"CRYBG1",0.000222458647042444,-0.508126373796676,0.394,0.486,1
"RILPL2",0.000225059304378749,-0.437060511101641,0.675,0.732,1
"RHBDD1",0.000227379361393126,-0.873388317046076,0.114,0.184,1
"CHMP1B",0.000232983684587719,-0.721979734611709,0.63,0.686,1
"METTL7A",0.000236445152518775,-0.376248798039951,0.438,0.546,1
"SNAI3",0.000239311362220108,-0.723536553178418,0.1,0.166,1
"EPHB1",0.000246453544477381,0.926269565206244,0.208,0.137,1
"MTMR11",0.000248960987631378,-0.692069546529227,0.183,0.262,1
"SYNC",0.000249949496082068,0.450323882519011,0.315,0.233,1
"ZNF787",0.000255544514035746,-0.364090331198383,0.343,0.444,1
"JOSD1",0.000255943937858917,-0.502792976446482,0.364,0.446,1
"BTBD6",0.000256163316600761,-0.348953863792495,0.093,0.159,1
"AL121944.1",0.000257453557152883,-1.05991009032833,0.065,0.12,1
"RGS14",0.000263796043485439,-0.406096994858764,0.181,0.268,1
"COQ8A",0.000264052117430295,-0.675405494065361,0.097,0.163,1
"FGD4",0.000271466157904635,-0.526997930273166,0.252,0.338,1
"SNHG17",0.000272374754459424,-0.498303112623628,0.176,0.259,1
"GABPB1-IT1",0.000277516227192288,-0.424563309072619,0.401,0.514,1
"TLE1",0.000280076295272085,-0.868566202615607,0.087,0.15,1
"NUTF2",0.00028563016077169,-0.258601326586317,0.449,0.559,1
"ELP5",0.000291339235413624,-0.282190069151792,0.242,0.337,1
"RICTOR",0.000292729342673503,0.487892918245267,0.446,0.371,1
"CFL2",0.000298268388152509,0.793510750707082,0.183,0.115,1
"LGALS3",0.000299600500334089,-0.349124946637789,0.64,0.701,1
"UPP1",0.000300262450004998,-0.455590071030392,0.23,0.322,1
"NR4A3",0.000305209077569992,-0.883935473898688,0.156,0.224,1
"PLSCR1",0.000308384288149974,0.402035730441869,0.691,0.65,1
"TRAF5",0.000308967770641873,-0.751276907213335,0.091,0.154,1
"MS4A7",0.000310696326829652,-0.395667468525957,0.358,0.449,1
"PF4",0.000311192738470444,0.560355059654719,0.301,0.216,1
"ZNF766",0.000311401812469221,0.696168580564693,0.193,0.122,1
"AGTRAP",0.000316756505261577,-0.414025981776487,0.327,0.418,1
"ASCC1",0.000319337174400807,-0.544986255055104,0.105,0.172,1
"BMP2K",0.000325926099861736,-0.455546045170061,0.232,0.324,1
"SNHG1",0.000326381995284414,-0.286511660204413,0.189,0.275,1
"C12orf75",0.000332337936468151,0.392050292419433,0.664,0.587,1
"HCCS",0.000335265667441404,-0.445295411330782,0.204,0.291,1
"KCNE3",0.00034382984043622,-0.598412047259754,0.121,0.19,1
"IL27RA",0.00034557333171128,-0.489845237780315,0.298,0.38,1
"CCDC86",0.000346623727741421,-0.660671186347196,0.1,0.166,1
"ESRRA",0.000349892209367389,-0.434362956839769,0.166,0.247,1
"FAM207A",0.000351873618982007,-0.426191525906022,0.252,0.341,1
"LAP3",0.000353083143594787,0.295646839797912,0.743,0.727,1
"SIAH2",0.000361083547093684,-0.399910428059683,0.319,0.421,1
"MRPL4",0.00036122272355472,-0.282621597354787,0.38,0.488,1
"CCR5",0.000365514278322275,1.15530076379194,0.123,0.068,1
"SH3TC1",0.000368050421530401,-0.379541617555093,0.339,0.428,1
"NCKAP1L",0.000376511709285698,0.273739906851617,0.766,0.751,1
"PHF20",0.000378938612535599,-0.308795961572919,0.567,0.641,1
"UQCC2",0.000380536269690928,-0.358473564790893,0.331,0.428,1
"LPAR6",0.000389393760291639,-0.373408827067828,0.183,0.263,1
"UTP18",0.000400884151481452,-0.306336952323052,0.269,0.366,1
"HLA-DQA2",0.000402405945938343,0.621306603520213,0.614,0.587,1
"C9orf139",0.000423346283402212,-0.616831382527441,0.111,0.176,1
"HEIH",0.000427314731036521,-0.600956247350311,0.127,0.195,1
"COG3",0.000434439020935088,0.660007090099794,0.323,0.25,1
"TUBB4B",0.000439522326873146,-0.682195497637701,0.401,0.473,1
"GLO1",0.00044901189945877,-0.333722059971084,0.583,0.662,1
"KLHL6",0.000469260549328078,-0.54647375322795,0.18,0.257,1
"PTGS2",0.000474150173337939,0.974754750183031,0.262,0.192,1
"CPM",0.000476196167038618,-0.71661709409621,0.15,0.221,1
"NSFL1C",0.00047654279591571,-0.327482200224106,0.353,0.46,1
"IFRD1",0.000477362537705614,-0.983289314340623,0.298,0.372,1
"RPS19BP1",0.000478940227073542,-0.257808350363512,0.531,0.631,1
"FGD2",0.000493253053890252,-0.265972471415624,0.506,0.598,1
"RUNX1",0.000496818782913842,-0.348476189573688,0.421,0.514,1
"SMARCA5",0.000500927005311631,-0.301227888097301,0.605,0.699,1
"RBM14",0.000516439844283197,-0.458023881402762,0.214,0.296,1
"GON7",0.000525900539632908,-0.576929909665925,0.109,0.174,1
"MPHOSPH6",0.000544453186205535,-0.580969088996606,0.24,0.32,1
"OAS1",0.000550155338470175,0.550892499852576,0.336,0.257,1
"CCT2",0.000551447250640498,-0.283490391175824,0.578,0.665,1
"POLR2J3",0.000556909536796648,0.378405012078898,0.577,0.53,1
"GADD45A",0.000559874334163097,-0.470296165678868,0.204,0.281,1
"MRPL43",0.000562561476399316,-0.396511000209873,0.459,0.551,1
"TESC",0.000564279786104776,-0.339735823698556,0.128,0.202,1
"SESN1",0.000571654790416881,-0.987714347259788,0.082,0.14,1
"TGIF1",0.000576344944021815,-0.662831408753409,0.155,0.228,1
"SART1",0.000591898706911153,-0.306418550311407,0.293,0.39,1
"SNHG12",0.000592557930863998,-1.33207110620011,0.054,0.102,1
"AC011939.2",0.000599394322516228,-0.885526487023539,0.065,0.117,1
"ANKRD12",0.000613572769677041,0.318476086468754,0.836,0.834,1
"PCYOX1",0.00063034841950452,0.631586489611775,0.228,0.158,1
"AC008764.7",0.000632416431085155,-1.26613663271148,0.097,0.154,1
"SEMA4D",0.000635650900905989,-0.311878514379347,0.314,0.408,1
"MRPL18",0.000636338171012618,-0.297049300100874,0.413,0.509,1
"SMIM3",0.000640399733770211,-0.649059304335569,0.218,0.293,1
"HSPH1",0.000644181488529609,-0.392449550102904,0.293,0.385,1
"C12orf10",0.000644568777102273,-0.309301239595674,0.378,0.468,1
"THEMIS2",0.000650420930032015,-0.25266521264301,0.737,0.8,1
"ALG3",0.000655209496870858,-0.398713308128857,0.198,0.28,1
"IGHM",0.000662957848356421,0.642857084642716,0.323,0.246,1
"PFKFB3",0.000675331313008656,-0.587893314115114,0.181,0.255,1
"SF3A2",0.000682075242552376,-0.437470641780532,0.162,0.236,1
"ATP1B3",0.000687158688361074,-0.408469553913445,0.674,0.73,1
"VIM-AS1",0.000688650599982013,-0.52869552702807,0.133,0.202,1
"MTIF2",0.000703262938924701,-0.531497854032327,0.161,0.234,1
"CDC14A",0.000703518696397166,0.58995774569859,0.319,0.246,1
"LINC01678",0.00071287283066539,-0.494827423152727,0.119,0.185,1
"MAP3K4",0.00072282966449347,-0.317984934710731,0.172,0.254,1
"PDCD7",0.000730345655735624,-0.403786619088566,0.323,0.411,1
"AL034397.3",0.000734530175857396,-0.472147178335169,0.279,0.356,1
"URM1",0.000734906700703227,-0.401430992094104,0.244,0.328,1
"VPS72",0.000738546009893621,-0.598468260667723,0.123,0.187,1
"SESN2",0.000739015350392232,-0.738172916551747,0.09,0.148,1
"KRCC1",0.000739411802150602,-0.440975881227321,0.219,0.298,1
"PTCH2",0.000754956203065917,-1.05610571081708,0.054,0.101,1
"MRPL3",0.000759844763476835,-0.265835820273095,0.506,0.589,1
"SNAPC3",0.000781254076943682,-0.488772942324904,0.098,0.159,1
"BCL3",0.000783564443817783,0.465358060847006,0.439,0.384,1
"TMBIM1",0.000785454137531386,-0.628636826046556,0.118,0.184,1
"MARCH2",0.00079175832448724,0.469074552250253,0.491,0.421,1
"KDELR2",0.000803662444159908,0.299769458579933,0.71,0.649,1
"SRA1",0.000805863845675839,-0.251590652652263,0.448,0.528,1
"SPON2",0.000806845469735939,-0.894601512923014,0.092,0.15,1
"DNAJB9",0.000811404246145496,-0.392400543512074,0.245,0.32,1
"ADGRE5",0.000822109540183931,-0.256009614558278,0.562,0.654,1
"GPBP1L1",0.000831362890415549,0.452466314079577,0.46,0.395,1
"DDX60",0.000832920238634426,0.829770420489204,0.153,0.096,1
"PHLDA2",0.000879857920326037,-1.23648709796608,0.133,0.192,1
"RANBP9",0.00088593055202766,-0.655230097127782,0.177,0.249,1
"MAK16",0.000887413346952913,0.68898608428391,0.166,0.106,1
"FBXL6",0.000897749898302698,-0.55748271832308,0.07,0.122,1
"JMJD1C",0.000920697331204832,-0.400584846651432,0.629,0.685,1
"ISCU",0.00092519294897104,0.406096401739925,0.674,0.652,1
"CYP4V2",0.000931372097439823,0.820603508495579,0.154,0.096,1
"EDRF1",0.000932598363579047,0.949328361533029,0.236,0.171,1
"GRAMD2B",0.000941221653692882,-0.715084413428501,0.077,0.132,1
"KCNK17",0.000949050845720229,-0.861391340160291,0.106,0.164,1
"RAB39B",0.000949469894378497,-0.680045229889158,0.06,0.109,1
"AC018755.4",0.000979397206593135,-0.741532861128829,0.07,0.122,1
"EIF4E",0.000985494395332415,-0.683472458979409,0.312,0.387,1
"CXorf40A",0.00100129974375965,-0.843663104634147,0.071,0.122,1
"LTB4R",0.0010159844806693,-0.404564195915508,0.191,0.265,1
"GLRX5",0.00101599083190236,0.324759916234608,0.647,0.59,1
"MATK",0.00102962966521472,-0.78995512616685,0.057,0.104,1
"KDM5A",0.00104169892319109,-0.25751302697794,0.587,0.659,1
"CWC22",0.0010599913616978,-0.425611511778712,0.155,0.228,1
"MAEA",0.00107155290800756,-0.412761802529625,0.171,0.241,1
"TCIRG1",0.0010718359150931,-0.335422607247234,0.428,0.512,1
"ENOX2",0.00107480318629355,-0.658897105608105,0.118,0.184,1
"TRIO",0.00108151710327392,-0.531260792626582,0.22,0.291,1
"SLC11A1",0.00111245968463203,-0.392831253467504,0.119,0.184,1
"RIN3",0.00112024866919977,-0.268079100027418,0.49,0.567,1
"PRXL2A",0.001131542743964,0.64433530368175,0.257,0.193,1
"INSR",0.00114300035736251,-0.480974533553946,0.277,0.351,1
"JUP",0.00115170075452401,0.676411132726837,0.146,0.089,1
"CRLS1",0.00115375867422018,-0.503857868298148,0.214,0.286,1
"PRH1",0.0011649441198838,0.528750460947707,0.215,0.146,1
"MARVELD1",0.00118150095062415,-0.441900641066698,0.148,0.215,1
"FAM13A",0.00120530786735692,-0.526193882077209,0.098,0.159,1
"TPM1",0.00120602724131166,-0.485235137096946,0.203,0.275,1
"GNB4",0.00120879489280715,0.26509890728146,0.615,0.54,1
"PTGES2",0.001210135902699,-0.300701283309383,0.276,0.366,1
"TLR7",0.0012282807630815,0.6458935309854,0.229,0.163,1
"BROX",0.00122871041735257,-0.305304710868325,0.432,0.519,1
"NXPE3",0.00125532176298541,0.590143868043805,0.258,0.189,1
"RAB11FIP4",0.00125569037573382,0.66426948319659,0.171,0.112,1
"LSM3",0.00125809447603952,0.275290751023144,0.79,0.769,1
"MED14",0.00126566404603343,-0.466260318774307,0.165,0.233,1
"TRIM56",0.00128995981788218,-0.300761924352012,0.273,0.363,1
"INTS11",0.00130826228491697,-0.298157024597679,0.252,0.34,1
"CHPT1",0.00130957289674256,-0.304069461117324,0.562,0.628,1
"FHL3",0.00132620215722617,-0.563603452994667,0.119,0.184,1
"TLE3",0.00132733156083035,0.561585439792764,0.442,0.393,1
"MYOF",0.00135082532923178,0.644617836886124,0.266,0.2,1
"S100A9",0.00135265583115462,-0.404912605116752,0.626,0.702,1
"AC016747.1",0.00135274357740467,-0.769081666375263,0.076,0.127,1
"SCAMP2",0.00137670601273273,-0.276897996149493,0.494,0.58,1
"MRPS14",0.00138060123429311,-0.310554439431269,0.225,0.302,1
"CIB2",0.00139054462678848,0.640788972434724,0.256,0.187,1
"EIF2S1",0.00139568853470049,-0.257061073546276,0.339,0.429,1
"PNPT1",0.00139708320382024,0.418638298844743,0.32,0.246,1
"KYNU",0.00142322250267504,-0.323416928711951,0.412,0.494,1
"RAB9A",0.00143746617342614,0.505586436978317,0.278,0.207,1
"NSL1",0.0014524838843903,-0.320707863829177,0.353,0.441,1
"PPP1R10",0.00145288803620763,-0.317538492344799,0.395,0.491,1
"ETF1",0.0014741861681737,-0.273674562897649,0.519,0.598,1
"C16orf54",0.00149188108193762,-0.471488447454006,0.251,0.327,1
"MARK2",0.00151916446046568,-0.411477754434857,0.305,0.384,1
"MRPL10",0.00153700754601579,-0.473966654627726,0.165,0.233,1
"TP53I3",0.00156688721931837,-0.299382828425504,0.137,0.202,1
"NAF1",0.00157265098928334,-0.586154768630631,0.134,0.197,1
"MAP3K1",0.00158798296865866,0.366991307846861,0.622,0.559,1
"TOB1",0.00159787069920067,-0.394392163417705,0.645,0.686,1
"DPH3",0.00160060349222121,-0.302928319681563,0.226,0.306,1
"TCTN3",0.00160702278111545,0.607800224145825,0.405,0.346,1
"VDR",0.00161592688208044,-0.595381387883253,0.114,0.174,1
"TRBC2",0.00161823220708551,0.774440558750011,0.176,0.117,1
"BNIP3L",0.00162801828276008,-0.298654868975549,0.605,0.668,1
"XPR1",0.00163650508228874,-0.561815162392239,0.117,0.177,1
"HIGD1A",0.00164244576581651,0.465276832715452,0.488,0.434,1
"GTF2H2",0.00165889775886802,0.475379603457468,0.172,0.114,1
"TOLLIP",0.00166516411049286,-0.498869349714958,0.212,0.286,1
"ATG2A",0.00168649529608784,-0.644215963612234,0.159,0.223,1
"WDR12",0.00172205032656799,-0.519766984229064,0.133,0.197,1
"TXNDC11",0.00173318013345856,-0.470709880918402,0.173,0.239,1
"RAB1A",0.00180224584404105,-0.302399475917827,0.44,0.525,1
"RAB32",0.00184585093938146,-0.3094826864176,0.583,0.641,1
"METTL2A",0.00184671878336343,-0.671991594582265,0.066,0.114,1
"C1orf35",0.00186655018476105,-0.405125672869142,0.188,0.257,1
"TBXAS1",0.00187215665104995,-0.357990709037362,0.365,0.455,1
"DDX41",0.00187831552567593,-0.383380289881527,0.175,0.244,1
"NANS",0.00189825416474519,-0.254301328773525,0.455,0.537,1
"DDX19A",0.00190624734513664,-0.570373909905892,0.153,0.216,1
"ENTR1",0.00192573623865636,-0.46784373096494,0.148,0.213,1
"DDAH2",0.00195390389148362,0.439337192463383,0.519,0.45,1
"PPBP",0.00197641865864151,0.388618763433658,0.454,0.374,1
"YBX3",0.00199630106453192,-0.377299621929422,0.566,0.637,1
"NUBP1",0.00200830308149764,-0.373148822642429,0.277,0.351,1
"SUPT3H",0.00206048953849224,0.799571307916661,0.145,0.093,1
"REXO2",0.00206336142818208,-0.571604566806761,0.263,0.333,1
"DCAF17",0.00207068227499093,-0.540766803245589,0.07,0.117,1
"TCL1A",0.00210625320679613,0.429001301075943,0.171,0.111,1
"WIZ",0.00210826012450697,-0.598277178704968,0.093,0.148,1
"IMPDH2",0.00213982915922292,-0.25325230058147,0.384,0.47,1
"STAT2",0.00217616474941374,0.364806501191116,0.512,0.452,1
"LYL1",0.00218065151340376,-0.259328007341453,0.271,0.359,1
"C20orf27",0.0021985707571883,-0.273252008872337,0.571,0.628,1
"PARP14",0.00220412149900191,0.49598936419741,0.44,0.387,1
"MKNK2",0.00221215221638688,-0.291822329400328,0.574,0.652,1
"ZMAT2",0.00222383704711386,0.291293693281331,0.637,0.584,1
"GGCT",0.00223521785226283,-0.264425620057268,0.333,0.426,1
"PLK3",0.00225524958740451,-0.86079035004172,0.14,0.195,1
"CGAS",0.00226331818877403,0.503255299745912,0.234,0.171,1
"GGA2",0.00228565577508105,0.517127879462363,0.428,0.367,1
"CHMP4B",0.0023090170428342,0.273573034009829,0.641,0.579,1
"SIGLEC10",0.00234529378874566,-0.585690446648496,0.125,0.184,1
"ZNF430",0.0024041697909443,0.409659976111522,0.299,0.231,1
"CREBZF",0.00240781333324438,-0.453043399863467,0.223,0.294,1
"INO80C",0.00241513611722569,-0.572628295223552,0.134,0.195,1
"CPNE8",0.00242952171453953,-0.46903770014667,0.14,0.202,1
"FAM117B",0.00246613171588339,-0.381119093933574,0.266,0.341,1
"NIPAL3",0.00250247782675007,0.729688720876434,0.199,0.143,1
"GPANK1",0.00250658494820433,-0.651553252383378,0.121,0.177,1
"ZNF814",0.00253654919601908,0.695178409536838,0.151,0.098,1
"KIAA0040",0.00255875848407692,0.499724244923188,0.267,0.203,1
"SLC25A37",0.00255993982695853,-0.349133514096679,0.367,0.454,1
"VCL",0.0025704734015562,0.267728219590991,0.695,0.659,1
"FH",0.00257270328726523,-0.400271456831879,0.236,0.311,1
"CPD",0.0025897147108515,-0.366695880494124,0.191,0.262,1
"DESI2",0.00260602294185614,-0.376155814445445,0.24,0.306,1
"INAFM1",0.00265291023013914,-0.52323391447608,0.096,0.151,1
"EGR1",0.00265824214631034,1.92398951863867,0.135,0.089,1
"AGGF1",0.00277148199650558,-0.287999934250521,0.228,0.298,1
"MTX1",0.00278070213437457,-0.303533172984147,0.255,0.335,1
"DNAJB1",0.00278200967987991,-0.322069335774328,0.212,0.283,1
"DOK1",0.00280943827700259,-0.450999408432402,0.102,0.158,1
"CCL3L1",0.00281387074668051,1.30069576097073,0.129,0.081,1
"SVIP",0.00281612583102099,0.475640718163399,0.386,0.32,1
"UBE2E3",0.00282946410270545,0.382264651545532,0.464,0.402,1
"PPIF",0.00287618531910527,-0.66412217134201,0.371,0.436,1
"MRPL32",0.00287619791208925,-0.300490085320582,0.207,0.281,1
"FAAP100",0.00289418853752413,-0.453782759799052,0.089,0.141,1
"NAT9",0.00295582099127267,0.658449877092843,0.219,0.163,1
"ABR",0.00295905716813282,-0.331194847874478,0.226,0.302,1
"SERPINB9",0.00301508318508346,-0.31576366266399,0.292,0.364,1
"PIK3R1",0.00302580524366872,0.319400471014172,0.712,0.689,1
"IDH3A",0.00304983136965238,0.441790228786361,0.531,0.485,1
"BABAM1",0.00306777254254064,-0.322515536013379,0.352,0.433,1
"PLAC8",0.00308196440513328,0.389870233935389,0.694,0.646,1
"IMPA2",0.00309086490094285,-0.286856873078845,0.416,0.501,1
"HSPA1A",0.00310691747823164,-0.652289331454132,0.128,0.182,1
"SWSAP1",0.00311805431854808,-0.844567018190322,0.062,0.104,1
"CCDC50",0.00313474112515101,0.393787500617998,0.734,0.714,1
"SPTSSA",0.00314742596777963,-0.273482263416189,0.262,0.341,1
"GYG1",0.003151389935419,-0.38374489792356,0.269,0.338,1
"TNFSF12",0.00318487445992851,-0.405141241578101,0.223,0.294,1
"IL1RAP",0.00319584908709666,-0.63227843510559,0.089,0.138,1
"HIF1A",0.00321076746126758,0.431275852927165,0.635,0.602,1
"CENPB",0.00322786896333148,0.562508351674902,0.319,0.26,1
"GRAMD1B",0.00328284884556724,0.692288707311603,0.308,0.25,1
"SIRT2",0.00336401478745789,-0.346954714252156,0.231,0.307,1
"UBE2L6",0.00336943641730971,0.354442956753307,0.502,0.455,1
"TMEM189",0.00342338874168657,-0.423326097689928,0.194,0.262,1
"DAXX",0.00351636125278135,-0.449460869621209,0.221,0.294,1
"STX6",0.00352990060313721,-0.34078074413457,0.252,0.325,1
"APOL3",0.00357322284011353,-0.516961674505461,0.133,0.19,1
"ING4",0.00367245922275424,-0.480743694724497,0.167,0.229,1
"TIGD5",0.00370122594967631,-0.656306494214126,0.077,0.124,1
"TMEM259",0.00372687801761211,-0.310107894143824,0.369,0.447,1
"TM6SF1",0.0037464348687944,-0.350770298505944,0.16,0.223,1
"CCAR2",0.00377068446189006,-0.60640086584224,0.098,0.148,1
"THAP4",0.00377882739949674,-0.393166597948938,0.143,0.205,1
"MVB12B",0.00379153339822817,-0.51611300284136,0.071,0.117,1
"CDC34",0.00380447439672575,-0.369846572200029,0.13,0.185,1
"IL2RG",0.00384063508284146,0.316973880865208,0.685,0.668,1
"ALG11",0.00384629886857115,0.61151464096889,0.143,0.091,1
"CSTF2T",0.00390150125452599,0.764127534320527,0.2,0.146,1
"FYB1",0.00391073209495079,0.262463523005323,0.777,0.74,1
"MGAT2",0.00394174918570325,-0.360234225768763,0.234,0.314,1
"PABPC4",0.00394970821100743,-0.297520173566243,0.635,0.694,1
"MAP4K5",0.0039638236362539,-0.384139351151459,0.183,0.247,1
"GALNS",0.00403867651227177,-0.694280977815285,0.075,0.12,1
"LDLR",0.00404521315843419,-0.788881637707894,0.075,0.12,1
"TBC1D9",0.0040534195322873,0.419065760810477,0.445,0.393,1
"PTPRS",0.00406115331923478,0.673384829113936,0.185,0.13,1
"NEK1",0.00407115701069904,-0.694252621965106,0.092,0.141,1
"RPP25L",0.00411221762995122,-0.349530212778787,0.125,0.182,1
"RNF167",0.00411383252147305,-0.317485767035907,0.285,0.366,1
"MFSD2A",0.00412467764102664,0.995995508732083,0.118,0.073,1
"B9D2",0.00413502711308944,-0.418370603111641,0.105,0.156,1
"NDUFA8",0.00415092825106951,-0.359021557431823,0.336,0.413,1
"SMARCAD1",0.00419625254682498,-0.478130466350167,0.196,0.26,1
"TNIP1",0.00419842794523736,-0.309802377849241,0.352,0.423,1
"RASSF4",0.00422312711212748,-0.299570803307038,0.387,0.46,1
"GCNT2",0.00422367306350067,0.710150935922223,0.118,0.073,1
"AL450998.2",0.00424654431029745,-0.258772258230522,0.153,0.21,1
"ZYX",0.00429600832091547,-0.277364408915997,0.616,0.689,1
"ANTXR2",0.00436582562124355,-0.337688026034157,0.422,0.499,1
"NOL12",0.00439986677875076,-0.347874787387862,0.258,0.33,1
"PRMT5",0.00440730365103378,-0.326231655840788,0.111,0.166,1
"TXLNA",0.00442457112953001,-0.30435192342586,0.246,0.319,1
"IREB2",0.00448792057229126,0.264314215430721,0.572,0.512,1
"TCAIM",0.00451343752010295,-0.408644981297986,0.176,0.239,1
"PRKCE",0.004527813865983,-0.567988749265605,0.123,0.176,1
"PSTPIP1",0.00454647733392478,-0.304503234707099,0.299,0.377,1
"SIGMAR1",0.00456723734305788,-0.446341834328922,0.122,0.176,1
"THOC6",0.00458543739919469,-0.300018276344922,0.267,0.333,1
"CYB5R1",0.00460350149570358,-0.547945315087605,0.114,0.166,1
"WDR74",0.00462503481076392,-0.570629049116556,0.242,0.312,1
"CLEC7A",0.00465143554559217,0.421235434368626,0.561,0.537,1
"ROCK2",0.00465374220001182,-0.386567208558692,0.221,0.291,1
"ODF3B",0.00469352869681891,0.43445787455356,0.367,0.301,1
"BLNK",0.0047269617382392,0.373704445256832,0.311,0.244,1
"MOB2",0.00474217326977412,-0.325479298228584,0.172,0.234,1
"SMC2",0.00477531265036694,-0.281195108247735,0.146,0.207,1
"MPRIP",0.00477608799215736,-0.428340204800937,0.288,0.353,1
"ASPHD2",0.00477816353385821,0.562409627184695,0.197,0.143,1
"BX890604.2",0.0047891378508228,-0.827348409771617,0.065,0.106,1
"E2F3",0.004834380539828,-0.502398834110843,0.209,0.28,1
"SLC7A11",0.00485845047783934,0.406336508017836,0.13,0.083,1
"DDX56",0.00490171001036502,-0.533154610221647,0.133,0.185,1
"CLCN7",0.00491910555060509,-0.356402205802501,0.175,0.241,1
"ALDH3B1",0.0049558001961166,-0.286449941038427,0.173,0.237,1
"STX5",0.00502727497936606,-0.535834845611495,0.223,0.288,1
"SNHG10",0.00503851500066971,0.794411093549062,0.117,0.073,1
"PARP9",0.00504743848255088,0.497459939534399,0.278,0.22,1
"HIST2H2AC",0.00507409573226016,0.29276036987405,0.679,0.649,1
"RANGAP1",0.00508649835334417,-0.411708526215262,0.093,0.143,1
"SPG11",0.00510548943894555,-0.290710792356612,0.348,0.428,1
"CCNQ",0.00512884065618901,-0.417573318424778,0.176,0.237,1
"GPN3",0.00518631491989817,-0.382519591705709,0.188,0.252,1
"ISOC2",0.00524238038526291,-0.410952085034297,0.22,0.28,1
"ORMDL3",0.00524950830851404,0.623329478763125,0.143,0.094,1
"OSBPL3",0.00526843319591458,-0.285988552791303,0.105,0.158,1
"TSPAN3",0.00530764213214753,0.257137643530656,0.504,0.441,1
"MED15",0.00532992576948702,-0.356132719388941,0.215,0.275,1
"THBD",0.0053328635404436,-0.535905894635713,0.124,0.179,1
"JUNB",0.00538004649600938,-0.526455827334131,0.817,0.846,1
"PELI1",0.00541134514408622,-0.458236376787463,0.186,0.247,1
"PTPN22",0.00556221407237709,-0.330328930547247,0.354,0.429,1
"ATP6V1C1",0.00566337801985002,-0.387552898428091,0.207,0.27,1
"SLC35A2",0.00566501087012787,-0.680122999343749,0.08,0.124,1
"PTAR1",0.00566742680159619,0.409869477222802,0.384,0.322,1
"RUBCNL",0.00569983510064874,0.794609958177199,0.169,0.117,1
"ITPK1",0.00570660165926928,-0.323809350561695,0.26,0.33,1
"GAS6",0.00571777372185597,0.320828476704903,0.464,0.405,1
"RNF146",0.00572132889295195,-0.407957362785334,0.128,0.184,1
"DHX32",0.00580679409978284,-0.702360352781585,0.086,0.133,1
"MAP1A",0.00590058371947067,0.723083697920392,0.237,0.182,1
"CUTC",0.00592437860596013,-0.331722654901281,0.237,0.304,1
"COASY",0.00592775642304251,-0.467711099006669,0.198,0.257,1
"LINC00342",0.00597139867924946,0.633641775101875,0.212,0.156,1
"SNX18",0.0060517528517748,0.37976295964078,0.458,0.405,1
"TRAPPC3",0.00614167039173903,-0.262627762290145,0.359,0.446,1
"CHST2",0.0061569047478555,0.499309115092601,0.226,0.169,1
"LILRB3",0.0061995846578814,-0.298617696583181,0.411,0.48,1
"RHBDF2",0.00627523680415557,-0.492608334716381,0.17,0.228,1
"ABCB8",0.00632064161534584,-0.553364639283006,0.108,0.159,1
"TRIM25",0.00632294736626862,0.462065817922218,0.327,0.267,1
"ANKS1A",0.00636238121013186,-0.251289851578325,0.118,0.172,1
"SYTL1",0.00638701013988674,-0.464244127128324,0.271,0.338,1
"TRAP1",0.00643013319339586,-0.38723109288435,0.148,0.205,1
"CYTH4",0.00648959901447374,0.273771922474697,0.476,0.421,1
"CCL5",0.00652674487946162,0.627603648519236,0.312,0.254,1
"EMC8",0.00658280515065171,-0.294076791532173,0.266,0.338,1
"EBP",0.00670034565101716,-0.284922362906872,0.269,0.348,1
"NBPF14",0.00692548040883538,0.571681085508718,0.246,0.192,1
"TRIM59",0.00693477913919468,0.460555959979665,0.218,0.163,1
"DDIT3",0.00694971629607125,-0.692193894467236,0.113,0.163,1
"GNG11",0.00695462817456353,0.514580811613173,0.225,0.164,1
"ACSF3",0.00699078054688645,-0.359762800441196,0.153,0.211,1
"KRI1",0.00707754406321834,-0.495790433662548,0.161,0.218,1
"PLEKHJ1",0.00708332273609537,-0.250768508165287,0.44,0.515,1
"TBC1D10A",0.00711581160502199,-0.425547054430497,0.117,0.166,1
"TMX4",0.00722238278644718,-0.348257382070306,0.424,0.483,1
"NET1",0.00726547473517489,-0.385776313842304,0.237,0.296,1
"KCNAB2",0.00726874199485367,-0.285814559837118,0.477,0.545,1
"PHF11",0.00729027109512199,0.384739720797373,0.524,0.498,1
"HMOX1",0.00732167555323927,-0.440950501017384,0.208,0.268,1
"CDC42EP3",0.00734336466363429,-0.258855470148475,0.207,0.272,1
"TSR2",0.00747295596132266,-0.36004956062362,0.2,0.26,1
"DNASE1L1",0.00748605993469858,-0.410042884320733,0.165,0.221,1
"TEP1",0.00749767307417173,0.41243071321433,0.25,0.193,1
"JDP2",0.00754230668166993,-0.33332284629686,0.323,0.4,1
"VPS45",0.00756556081338491,0.566273388670268,0.191,0.14,1
"BST2",0.00759821263426595,0.387284759285445,0.844,0.834,1
"PIK3IP1",0.00764705502453216,-0.373508735001492,0.125,0.177,1
"CXCR3",0.00766463469461654,-1.1464878044873,0.214,0.259,1
"JMJD6",0.00773458229732093,-0.566587476169242,0.202,0.257,1
"BORCS6",0.0077676472097603,-0.506951121238207,0.098,0.146,1
"LCNL1",0.0077725170148666,-0.739986852857174,0.093,0.137,1
"GRAMD1A",0.00781999323585644,-0.390851461573119,0.185,0.246,1
"RMDN3",0.00783461767374079,0.625766418987098,0.16,0.112,1
"TRAPPC6B",0.00789726885241388,-0.513814466119852,0.138,0.19,1
"STK11IP",0.00794552361845683,0.510759456006852,0.208,0.156,1
"ZNF791",0.00799179977628705,-0.55780433322361,0.336,0.397,1
"SERPING1",0.00803530743377062,0.695084002763318,0.116,0.073,1
"TCEAL4",0.00809369065803046,0.436980374731219,0.381,0.332,1
"SLC9A3R1",0.00811396855043972,0.389844069787157,0.496,0.459,1
"TAGAP",0.00828473654296162,-0.285486092779948,0.29,0.359,1
"PRR14",0.00830151446954268,-0.473353936455686,0.176,0.233,1
"METRNL",0.00830228966076046,0.368473316334136,0.643,0.642,1
"LMF2",0.00845366507908253,-0.450321562739002,0.181,0.237,1
"STARD10",0.00847815234840402,-0.617307983515339,0.07,0.111,1
"SKIL",0.00855698255406364,-0.361425976568614,0.312,0.377,1
"UXS1",0.00860883071538213,-0.282398379677907,0.189,0.252,1
"SUSD6",0.00863063986829361,-0.259090857937467,0.359,0.436,1
"TPGS2",0.00864964999800869,-0.32573848535417,0.237,0.299,1
"FPGS",0.00867107109104973,-0.402921457261523,0.155,0.21,1
"CTSO",0.00879375082153414,0.559241461615627,0.246,0.192,1
"VASH1",0.00882316827190859,-0.555542638580492,0.143,0.197,1
"GABARAPL1",0.00883546255663306,-0.934004925757739,0.311,0.353,1
"NFE2L3",0.00886357225711673,-0.420203663969084,0.141,0.195,1
"NEK7",0.00894368808287936,-0.355133202510144,0.237,0.304,1
"GIMAP4",0.00898509960481069,-0.360798186872303,0.288,0.354,1
"GPAT3",0.00900171829758045,0.470539606511026,0.438,0.395,1
"CDK16",0.00903427016699671,-0.573431339142582,0.093,0.14,1
"ZNF749",0.0090406266191341,-0.266283747728646,0.105,0.153,1
"DPM2",0.00907590321454571,-0.410174863701018,0.197,0.252,1
"CD300E",0.00919253986609584,0.820197565602049,0.253,0.208,1
"AP1AR",0.00921206366142554,-0.480285318694953,0.194,0.252,1
"LANCL2",0.009235031500601,0.71886745089769,0.129,0.086,1
"C2orf76",0.00928596579561029,-0.508748541187862,0.128,0.174,1
"SOD2",0.00935318876064354,-0.3169812562071,0.614,0.685,1
"NNT",0.0093814560668106,0.371679439710905,0.423,0.376,1
"PPP1R15B",0.00938280352503258,-0.506092578723128,0.331,0.389,1
"TREM1",0.00943757869636932,-0.496062005275587,0.221,0.276,1
"ATXN2",0.00943982471120117,-0.268145828537529,0.22,0.288,1
"LEO1",0.00946771712800663,-0.471559880221501,0.127,0.177,1
"GSKIP",0.009631571894642,-0.422649111573899,0.082,0.125,1
"ILRUN",0.00964476600573891,0.555413225761542,0.229,0.177,1
"AL021155.5",0.00971971864597559,-1.00019803620584,0.157,0.207,1
"CXCL8",0.00975494934751756,-0.829623022582534,0.116,0.164,1
"MTRNR2L8",0.00975716280966023,0.307702360771518,0.588,0.569,1
"GBP4",0.00976409534954446,0.351255838022514,0.21,0.156,1
"CDKN1B",0.00984982641941718,0.322629489443755,0.608,0.579,1
"KDSR",0.00989864356780336,-0.258253710390438,0.371,0.444,1
"TMEM19",0.00990772120643968,0.307347661087495,0.385,0.324,1
"CABIN1",0.00992335437840773,-0.474653668393556,0.176,0.231,1
"PFKFB2",0.00994358739026515,-0.880940785390717,0.185,0.231,1
"MICAL1",0.00997474279198294,-0.32960243896252,0.348,0.413,1
"ZFYVE21",0.0101077546059648,-0.510851529812598,0.084,0.125,1
"SOCS6",0.0101553364103882,-0.663357171704868,0.074,0.114,1
"FAM133B",0.0102071924431424,0.28623306499874,0.673,0.668,1
"ERAP2",0.0102770205097992,-0.300273755782917,0.365,0.442,1
"TP53BP2",0.0103068823678672,-0.350939223639978,0.216,0.278,1
"KCNC3",0.0104605527784388,0.8022378754981,0.123,0.083,1
"PLOD1",0.0105708781786699,-0.693300585098065,0.074,0.112,1
"NUDT3",0.0105975183243097,0.308325968512815,0.534,0.483,1
"FCHSD2",0.0106876453683019,0.404344112270171,0.52,0.489,1
"BDP1",0.0107347556197034,-0.328436039819787,0.428,0.512,1
"PPA2",0.0107654991076246,0.26369666680052,0.433,0.377,1
"CD300C",0.0108119393961933,-0.334030311608107,0.165,0.218,1
"RAB13",0.0109570140014371,-0.359251369176962,0.198,0.262,1
"TTC13",0.0109605886684068,0.9996972839421,0.123,0.083,1
"PLK2",0.0109703780585244,-0.366420430975325,0.123,0.171,1
"TIMMDC1",0.0110185150675169,-0.267053090524525,0.294,0.364,1
"IFT88",0.0110878159676876,-0.468901984295565,0.091,0.135,1
"TLR8",0.0110948538666646,-0.276024958990023,0.143,0.193,1
"PRMT3",0.0112339677724994,-0.45043904625537,0.068,0.106,1
"CSRP1",0.0112778392706234,-0.279514316799065,0.231,0.302,1
"CHORDC1",0.0113162712963104,-0.261948021367938,0.198,0.259,1
"MOB3B",0.011345549389742,0.545240806889137,0.218,0.167,1
"RC3H2",0.0114368739808241,0.395566893236978,0.347,0.296,1
"SMIM25",0.011466310711076,-0.600323349373345,0.075,0.115,1
"MAP3K7",0.0114782859915826,-0.455141300725129,0.164,0.22,1
"NIN",0.0114805083730188,0.265646486508753,0.686,0.649,1
"TXNDC16",0.0115133224059249,0.603490054114077,0.155,0.109,1
"PWWP2B",0.0115135159276537,-0.437346060614475,0.111,0.158,1
"MUL1",0.0116123971789063,-0.532421800461946,0.081,0.122,1
"NCF4",0.0116634157067298,-0.275787076712195,0.374,0.444,1
"FAM160B1",0.0118296174070952,0.327653552389931,0.212,0.158,1
"MCL1",0.0118894020790377,-0.351322385073382,0.871,0.88,1
"DIPK2A",0.0119053557661448,-0.39138199521372,0.417,0.478,1
"LLGL2",0.0120639808681426,-0.829564435153377,0.071,0.109,1
"PTGER2",0.0121137704695604,-0.463545915195747,0.075,0.115,1
"NBPF11",0.0121472687013803,-0.658427852495041,0.074,0.112,1
"RPP21",0.0121545993655347,-0.357006026704934,0.292,0.353,1
"THBS1",0.0121741982951875,-0.483702662209272,0.068,0.106,1
"KPNA2",0.0122197442678837,-0.419369787893231,0.247,0.309,1
"COA6",0.0122572031717351,-0.264678678120559,0.22,0.28,1
"PI4K2B",0.0123633581200047,0.582593965629089,0.134,0.091,1
"ATAD1",0.0123642349094019,-0.341027266045824,0.194,0.254,1
"H2AFX",0.0123856340780939,-0.316517285623616,0.127,0.174,1
"CITED4",0.0124309615981099,-0.43224550683022,0.218,0.27,1
"SPATA13",0.0124899333561211,-0.38864828320034,0.178,0.231,1
"IPMK",0.0124914324126317,-0.427983384809754,0.14,0.192,1
"MIR4435-2HG",0.0125376451834795,-0.450859790631936,0.16,0.215,1
"ARIH2",0.0125387630268862,0.296585998962199,0.491,0.459,1
"MLH3",0.0125710071362732,0.591279260380964,0.181,0.135,1
"LRFN4",0.0126164965518902,-0.621590752326771,0.07,0.107,1
"SLFN5",0.0127175459339368,0.714534174027379,0.188,0.141,1
"UBE2F",0.012782753059863,0.311909973888302,0.526,0.475,1
"PPIL2",0.0129221047369913,-0.265094604708692,0.199,0.257,1
"PHC3",0.0129709378355855,0.440497589123382,0.405,0.356,1
"LINC00963",0.0129976569702487,-0.285944517298013,0.156,0.208,1
"NLRP3",0.0130097048211789,-0.364495323668156,0.295,0.356,1
"HIVEP3",0.0130493697631571,0.39637038072557,0.213,0.161,1
"RHOT2",0.0131096999097545,-0.347482272190793,0.151,0.202,1
"BCL2L12",0.0131509955206154,-0.534298682156167,0.097,0.14,1
"PARN",0.0134223060538435,-0.253811337005394,0.187,0.244,1
"CD151",0.0136275590646829,-0.25130523181678,0.16,0.216,1
"KCTD6",0.0137202062682855,0.826543136749904,0.127,0.088,1
"IFI35",0.0137377334274896,0.356946578781451,0.375,0.322,1
"TXLNG",0.0138329195853106,-0.378232793424118,0.113,0.159,1
"BUB3",0.0138518933027138,0.283159108547314,0.492,0.444,1
"TPM2",0.0139034916545018,0.526149777956082,0.289,0.237,1
"LINC02207",0.0139104864775111,-0.654814394858901,0.073,0.109,1
"VEZF1",0.0139403039728007,0.429641180471872,0.48,0.433,1
"ST3GAL2",0.0139674957099827,0.257150200966978,0.349,0.286,1
"HMGCR",0.0139832132812947,-0.415771514447491,0.171,0.223,1
"HDDC2",0.0140079243316955,-0.254443728151116,0.314,0.384,1
"DCAF12",0.0140705176339363,-0.353102707750776,0.202,0.259,1
"EBAG9",0.0141063111275562,-0.326107761620378,0.23,0.293,1
"PREP",0.0141238425616809,-0.468710330532141,0.116,0.161,1
"INTS6",0.014147104575471,-0.327733592955284,0.316,0.377,1
"PALD1",0.0141561601345209,-0.680733678838674,0.075,0.114,1
"ZNF91",0.0142027745433961,0.686042172892367,0.283,0.242,1
"PRKACB",0.0143559126185418,0.275250599975527,0.478,0.436,1
"RALGAPA2",0.0143726379410517,0.391074751807867,0.235,0.182,1
"EIF4G3",0.0144796998305121,0.295944227186548,0.514,0.475,1
"PPID",0.0144931389099228,-0.320627277054186,0.235,0.296,1
"FMN1",0.0145036134644822,-0.413499690815985,0.157,0.21,1
"SHFL",0.0145320626259817,0.444473727542209,0.21,0.164,1
"DMXL1",0.0146882723974234,0.392934071489548,0.407,0.358,1
"WDR55",0.0146965475769421,-0.409029550825959,0.133,0.182,1
"SSH1",0.0147035402188736,0.563489592491679,0.214,0.169,1
"NEU1",0.014754972687198,-0.433358375193822,0.144,0.192,1
"RNF5",0.0147710670489714,0.397759990027594,0.399,0.35,1
"ST6GAL1",0.0147959835700097,-0.279388323656294,0.236,0.301,1
"CKS2",0.0148686468946729,-0.303885683417911,0.132,0.177,1
"P2RX7",0.014926822707708,-0.647699781722997,0.106,0.148,1
"IMPAD1",0.0149881261261406,0.37342986822293,0.368,0.317,1
"LETM1",0.0150309176685591,-0.377568623216026,0.199,0.255,1
"DNAJA3",0.0150318834484426,-0.514642220979424,0.082,0.122,1
"RRS1",0.0151114270271232,-0.54297052155062,0.07,0.107,1
"RNASE2",0.0152298086842118,-0.259527971368474,0.119,0.166,1
"CYB561A3",0.0153341245781788,0.309102700011423,0.502,0.452,1
"RHOT1",0.0154691488313557,-0.294140764858071,0.244,0.302,1
"TIMM17B",0.015524380444573,-0.306397853381831,0.349,0.416,1
"FAM177A1",0.0155716568114723,-0.361904761797676,0.359,0.426,1
"TBPL1",0.0156320496269802,-0.273723469505954,0.183,0.242,1
"GNA12",0.0156753372524069,0.318427095100974,0.399,0.353,1
"RGPD5",0.0158556727003416,-1.04698856953845,0.105,0.146,1
"RXRB",0.0158934014519508,-0.452208004976546,0.091,0.132,1
"MARCO",0.0159180817305119,-0.489384569992994,0.07,0.107,1
"ZSCAN16-AS1",0.0159503621736463,0.317068682755336,0.465,0.405,1
"AC008982.2",0.0159944489449105,-0.599599945443734,0.084,0.122,1
"B3GALT4",0.0160140927375474,-0.299215847071665,0.09,0.133,1
"ZCCHC8",0.0160308865714692,-0.259519700627656,0.224,0.286,1
"TEX261",0.0161665304311811,-0.495872184118538,0.119,0.164,1
"ANP32E",0.0162046598973022,0.289832700361616,0.556,0.524,1
"MRPS22",0.016208774308181,-0.27603829566389,0.284,0.348,1
"PACRGL",0.016231313263715,-0.462982082520245,0.065,0.101,1
"ID3",0.0162610361203551,-0.743317730277346,0.085,0.124,1
"UPF1",0.016269941106105,-0.360017260748911,0.173,0.224,1
"PKN2",0.0162944709623671,0.318433663112344,0.376,0.319,1
"MAPK14",0.0163359330563943,-0.271081098958096,0.274,0.338,1
"AC026979.2",0.0163477955177248,-0.452292700222141,0.081,0.12,1
"PPP3CB",0.0164340626370717,0.431806047813243,0.331,0.283,1
"TXNDC9",0.0164604694204102,-0.310493396631669,0.266,0.327,1
"IL10RA",0.0164804589928046,0.262127673250497,0.745,0.722,1
"GEMIN6",0.016646491767324,-0.545439619654149,0.076,0.114,1
"PPP1R9B",0.0168502150559524,0.299219509551926,0.462,0.4,1
"FCN1",0.0168664806455507,-0.355768245098346,0.499,0.548,1
"TSPYL2",0.0168753474352902,-1.1647320719102,0.16,0.208,1
"BICD1",0.0168933025809829,-0.524986167452742,0.127,0.171,1
"CACUL1",0.0169086803740908,0.376137944031816,0.458,0.428,1
"MT-ND6",0.0169415380063623,0.372159334072969,0.395,0.348,1
"ATP2B4",0.0169517557941637,0.308427052220298,0.498,0.459,1
"UBE2D4",0.0169682852056946,-0.279536475368579,0.096,0.14,1
"LINC00476",0.0170907395674006,-0.538760139076661,0.121,0.163,1
"HELB",0.0174188672885331,0.501733726148752,0.165,0.122,1
"UGCG",0.0175141451363758,0.399444879950394,0.515,0.481,1
"UBE2E2",0.0175555382563933,0.314439438363493,0.475,0.444,1
"MTMR9",0.017591215231539,0.297696651635591,0.323,0.275,1
"QRSL1",0.0175984807324818,-0.357537023310886,0.17,0.223,1
"PRMT9",0.0176581712559936,-0.71852941339469,0.261,0.307,1
"MAP2K5",0.017701748499478,-0.446878783423311,0.089,0.128,1
"OTUD6B",0.0177613288334074,0.442926353719413,0.235,0.184,1
"CLEC4C",0.0177674592037568,0.490766605781444,0.3,0.254,1
"MKKS",0.0177756417622967,-0.404015897419968,0.121,0.164,1
"DHRS4-AS1",0.0178543190761099,-0.541126088124791,0.095,0.133,1
"SLC41A3",0.0178758755320717,-0.330691259147006,0.108,0.153,1
"TNFRSF1A",0.0180209220059429,-0.25466040656253,0.33,0.398,1
"SELL",0.0181474904577017,0.273642019152855,0.843,0.854,1
"WSB1",0.0181529450375646,-0.25122302839783,0.621,0.667,1
"AC005332.6",0.018175122392637,0.705252945333914,0.13,0.093,1
"MGLL",0.0182826801083723,-0.505852122968306,0.1,0.14,1
"KRAS",0.0185180767573262,0.30429033790592,0.53,0.491,1
"HEXIM1",0.0185845098765726,-0.351986192970195,0.181,0.237,1
"TRANK1",0.0186113652918792,0.681879647733427,0.143,0.102,1
"CCDC189",0.018687363899923,-0.541113076330625,0.087,0.125,1
"ETV3",0.0190263504317345,-0.560982053719611,0.288,0.335,1
"PLXND1",0.0190624005919224,-0.290193446570751,0.178,0.231,1
"TLNRD1",0.0191054550422987,0.371766254293997,0.251,0.202,1
"MEA1",0.0191830568547323,-0.28669300696007,0.316,0.379,1
"SLC25A19",0.0194523283131676,-0.499961663197389,0.095,0.135,1
"DUSP18",0.019452710706113,-0.484738265810444,0.102,0.143,1
"TVP23B",0.019455087017531,-0.772059971024881,0.069,0.104,1
"AL662844.4",0.0196691567500112,-0.706997445127781,0.087,0.125,1
"TMEM205",0.0196735445287919,-0.271265973276201,0.343,0.413,1
"ATF5",0.019828866337863,0.256269860869961,0.299,0.244,1
"REXO1",0.0200326603948597,-0.410355841123502,0.148,0.195,1
"VTI1B",0.0200594931604551,0.316313930889599,0.54,0.494,1
"NIPBL-DT",0.0200840264370661,-0.386136232585677,0.117,0.159,1
"IRF5",0.0201888331803096,-0.298366410910293,0.252,0.312,1
"DERL3",0.0202232527103006,0.359643574618022,0.283,0.228,1
"SCT",0.0202904808285376,0.55150314011186,0.296,0.254,1
"ST3GAL1",0.0203532105187994,0.524579957001715,0.225,0.182,1
"PUSL1",0.0204751103092663,-0.261710325644485,0.069,0.106,1
"ERMAP",0.0205650541028049,-0.53361988744351,0.089,0.127,1
"SHC1",0.0206491889869216,0.391396402627129,0.22,0.174,1
"ARMT1",0.020664961606489,-0.291767994730159,0.162,0.213,1
"BANP",0.0207103153870405,-0.353328065421048,0.242,0.298,1
"NIPSNAP3A",0.0207148233943126,0.276981426215621,0.487,0.449,1
"MTX2",0.0208026689622179,-0.37510218387681,0.116,0.158,1
"DENR",0.0208157381187961,0.30649841101894,0.568,0.545,1
"NFKBID",0.020908261177625,0.588500654935563,0.314,0.273,1
"PDXK",0.0209144594443075,-0.327588552890151,0.274,0.332,1
"POLK",0.0210441230889871,-0.277142265005243,0.354,0.416,1
"TSTD1",0.0214109685659686,0.290792376778082,0.415,0.363,1
"LYAR",0.0214986802558327,-0.323624613460606,0.218,0.27,1
"MRPS26",0.0215350808334469,-0.324784090373019,0.294,0.351,1
"GADD45B",0.0215489635619085,-0.657799991354966,0.507,0.545,1
"VCPIP1",0.0215994810009048,0.368639425783057,0.335,0.283,1
"FBXO38",0.0216515612504595,-0.44444919425085,0.097,0.137,1
"MALT1",0.0216570589774414,0.279274079583909,0.566,0.525,1
"HMBOX1",0.0217370352309094,-0.353758673956272,0.225,0.278,1
"MRPL45",0.0218416430852662,-0.317887313263959,0.253,0.306,1
"SUN1",0.0218724146665377,-0.261260642156174,0.186,0.237,1
"AC097448.1",0.0219153802598241,-0.365647182654324,0.135,0.18,1
"FKBP11",0.0223449769310228,0.425365763255891,0.194,0.15,1
"CTTNBP2NL",0.0224135031971119,-0.265968675327298,0.171,0.223,1
"RNF20",0.0224625854123561,-0.262869851437526,0.257,0.311,1
"MARS",0.0224784449283129,0.370047809214563,0.311,0.257,1
"KMO",0.022492505791278,0.604223851179038,0.111,0.075,1
"HERC2",0.0225181465697216,0.401455070451869,0.367,0.32,1
"ZSWIM6",0.0225246655691042,-0.316269546597235,0.239,0.291,1
"MTRES1",0.0226011854499817,-0.494298937834465,0.108,0.15,1
"FPR1",0.0227534914128556,-0.286072778214004,0.308,0.371,1
"CMC4",0.0228233618803725,-0.294709680087644,0.185,0.237,1
"RBM43",0.0229156575143645,0.553470264022085,0.141,0.102,1
"DENND11",0.0230517424851398,0.593516017420118,0.119,0.083,1
"ENTPD1",0.0230723756456201,0.29087253028211,0.427,0.376,1
"FOXN2",0.0230812503892675,-0.253109512866544,0.502,0.569,1
"WDPCP",0.0231598356618624,0.675947433729808,0.106,0.072,1
"CALCRL",0.0233182398624014,-0.380593852300082,0.141,0.187,1
"NAB1",0.0233287831283338,0.753870465089113,0.13,0.094,1
"CLECL1",0.0234933210164548,-0.303123242541754,0.186,0.239,1
"CERS6",0.0236196199040938,-0.371140719324032,0.438,0.496,1
"XRRA1",0.0236526099829445,-0.312502885181597,0.149,0.198,1
"ADNP",0.0236878389752206,-0.265832694816328,0.38,0.444,1
"OXSR1",0.0237514793617769,-0.293616808752693,0.315,0.372,1
"AC016831.1",0.0238049557643878,-0.700702492613015,0.075,0.109,1
"PPM1J",0.0239992995240287,0.514228522567114,0.199,0.154,1
"METTL15",0.0242369378968395,-0.657315052215966,0.093,0.13,1
"WDSUB1",0.0243502632669016,-0.472544104859984,0.107,0.146,1
"NFKB2",0.0243680166678895,-0.672728414555222,0.186,0.231,1
"SSX2IP",0.0244890608945126,0.426918114845351,0.185,0.138,1
"GCLM",0.0246398547582663,-0.340948342715793,0.069,0.104,1
"PPP1R12C",0.0247499826532163,-0.329431255942573,0.151,0.197,1
"SLC1A4",0.0247530203140121,-0.812942977947823,0.101,0.138,1
"TBRG4",0.0248950089207218,-0.332010586376122,0.117,0.161,1
"LPCAT1",0.0249168889186959,-0.525577472878279,0.125,0.167,1
"AKAP1",0.0249963780346346,-0.334441582197455,0.13,0.174,1
"PDE6D",0.0250681065861778,-0.385891668547923,0.141,0.184,1
"TARBP1",0.0251370801335068,0.401769157437394,0.296,0.244,1
"ADNP2",0.0251603638440583,0.483078969417038,0.16,0.119,1
"PLEKHG2",0.0253777504478859,-0.650957070282483,0.092,0.128,1
"MRPS27",0.0254102610893352,-0.296827608936698,0.216,0.27,1
"CUL4A",0.0256986048627485,0.343720617703639,0.28,0.231,1
"NCKAP5L",0.0257412994953724,-0.343760544943968,0.149,0.195,1
"ITM2C",0.0257494787722407,0.382017399064662,0.541,0.506,1
"YDJC",0.0260435549074321,-0.331080275008836,0.188,0.237,1
"CYP2U1",0.026229966512452,-0.960057065794068,0.08,0.114,1
"NUAK2",0.0266191911524797,0.671064585426322,0.132,0.096,1
"BABAM2",0.0267663388389375,-0.286990065416057,0.23,0.288,1
"VPS11",0.0268135555619208,0.384620976993083,0.215,0.167,1
"NUP133",0.027092716555057,-0.499851060464627,0.116,0.156,1
"ZDHHC14",0.0272136877535878,0.655062811205102,0.127,0.091,1
"AKIRIN1",0.0274460778312469,0.283030412116757,0.56,0.537,1
"CCDC167",0.0277102423006373,-0.382303796185764,0.167,0.213,1
"PRR34-AS1",0.02790168211736,0.614198252408547,0.149,0.109,1
"MTHFR",0.0279354315333233,0.409240371613869,0.319,0.276,1
"ALKBH5",0.0279540819113662,-0.254136481129905,0.365,0.426,1
"STX11",0.0279955762572696,-0.36636212254752,0.496,0.541,1
"TRIM34",0.0280186211306999,0.312196655346522,0.229,0.18,1
"GHRL",0.0280279178816577,-0.337534417494929,0.105,0.145,1
"XKR8",0.0280728084416933,-0.561562998171711,0.095,0.13,1
"SLC35A5",0.0282600958683798,-0.303387532456036,0.098,0.138,1
"JCHAIN",0.0282768789047837,0.468375590859894,0.339,0.302,1
"ZNF12",0.0283555836068104,0.396857229763036,0.183,0.141,1
"RABEP1",0.0285699806831953,-0.254051999217424,0.298,0.361,1
"DUS3L",0.0285995757985307,-0.296946841602137,0.122,0.164,1
"FAF1",0.0291484489013793,-0.251144321821532,0.218,0.272,1
"KBTBD8",0.0292359276020311,-0.54280577608103,0.111,0.15,1
"LRRC26",0.0292439654040274,0.310556072608346,0.271,0.22,1
"FLYWCH2",0.0294717116565788,-0.279542086440099,0.263,0.314,1
"MTHFS",0.0295899366677595,-0.350804551028424,0.199,0.244,1
"ZC3H8",0.0296154075703189,-0.487068081444485,0.192,0.236,1
"OGG1",0.0296934931709005,-0.389316897348612,0.101,0.14,1
"MAP3K13",0.0297218485118695,-0.274113577526083,0.278,0.34,1
"NFYC",0.0298511553821648,-0.279995116768296,0.25,0.306,1
"MKLN1",0.0298868517735919,0.385636135713429,0.432,0.408,1
"MYO5A",0.029974997629622,0.303608401416448,0.369,0.338,1
"RFX1",0.0302368086056418,-0.415872363491619,0.186,0.231,1
"SLC4A7",0.0303274201861975,0.290261762689626,0.331,0.281,1
"MAP3K2-DT",0.0306738637381867,-0.408240854213169,0.155,0.2,1
"LRRK2",0.0308960163076796,-0.345045216362946,0.321,0.374,1
"USP53",0.0310219902667085,-0.542198082719833,0.08,0.114,1
"RBL1",0.0311110853517991,0.529676223831733,0.148,0.109,1
"S100A12",0.0313223700346777,-0.278136201699837,0.267,0.324,1
"CBLL1",0.0315296088451012,0.299591671737203,0.294,0.242,1
"SMAD7",0.0316864122450629,-0.375951881018622,0.121,0.161,1
"TMEM44-AS1",0.0317981371493338,-0.441279324733525,0.102,0.138,1
"NUS1",0.0318102846376687,0.310708378555158,0.435,0.395,1
"DPP3",0.0318128396378131,-0.361292425098251,0.144,0.189,1
"TRIM69",0.0318712108734036,0.603871375391421,0.146,0.109,1
"MORC3",0.0319483802121963,0.453799522998292,0.411,0.369,1
"LACTB2",0.0319644280085128,-0.453040925365473,0.118,0.158,1
"ZNF354A",0.031992670956998,-0.410244853947254,0.097,0.135,1
"GBE1",0.0321350696889926,-0.252369093381777,0.121,0.163,1
"CCPG1",0.0321908089205154,-0.340530778290546,0.215,0.265,1
"ATG10",0.0321964943748545,-0.363056165736161,0.129,0.169,1
"SH3RF1",0.0322561593385278,-0.377882970854043,0.074,0.107,1
"GATD1",0.0324875944505198,-0.447500501252643,0.085,0.119,1
"MDM2",0.0324994486901745,-0.370008833815497,0.285,0.338,1
"WWP2",0.0325763833026703,0.398120090366982,0.223,0.177,1
"MARCKSL1",0.0326668860025783,-0.301252214552245,0.412,0.47,1
"EBPL",0.0326789968206582,0.358112255235399,0.437,0.398,1
"SIGLEC14",0.0330996868323746,-0.368645304992766,0.085,0.119,1
"AC002558.3",0.03350529935778,0.441312578274936,0.149,0.111,1
"ZNF740",0.0335635928494766,0.405799575993852,0.103,0.07,1
"PITPNC1",0.0335981399428521,-0.31184239485034,0.161,0.21,1
"AC004817.3",0.0336279013369113,-0.49639726442037,0.17,0.213,1
"ARAP1",0.0337932558793699,-0.332873820179984,0.263,0.315,1
"KAT5",0.0343999961276957,-0.354490108454466,0.153,0.197,1
"MIS12",0.0344439293754753,0.89591519628364,0.106,0.075,1
"KANSL3",0.0345182600640701,0.671213065685183,0.101,0.07,1
"LSM14B",0.0345220006121529,-0.38299275389503,0.139,0.18,1
"TMEM250",0.034535793904389,-0.386735573551801,0.111,0.148,1
"BCOR",0.0348694192222999,0.417889211196087,0.242,0.203,1
"ABCF3",0.0350064504898555,-0.38893332602587,0.086,0.122,1
"APOOL",0.0351688801511621,-0.314206596779913,0.187,0.231,1
"TBRG1",0.0352254891894537,-0.267291560231691,0.337,0.395,1
"TFEB",0.0352277797318731,-0.282203088281111,0.219,0.268,1
"ISG20L2",0.0352848082738736,-0.289278848267181,0.181,0.229,1
"WASHC1",0.0352999126377735,0.266216011555793,0.373,0.327,1
"B4GALT4",0.0353043878658181,-0.343516340161208,0.138,0.18,1
"TMEM134",0.0356697744857092,0.324346861207602,0.344,0.309,1
"PBDC1",0.0358676943736638,0.428377079663832,0.353,0.311,1
"PITPNB",0.0359806519366488,-0.348985225434345,0.333,0.389,1
"ZNF146",0.0360302736158912,-0.38415901676447,0.178,0.223,1
"ZC3H12A",0.0362596303146283,-0.451498493054851,0.103,0.14,1
"VIPR2",0.0363081490532055,-0.636443183332678,0.082,0.114,1
"AUH",0.0364453652718506,-0.461040887539868,0.082,0.115,1
"DYRK4",0.0365531246861395,-0.303020904015301,0.17,0.215,1
"FGFR1OP2",0.0366254780816192,0.27262396527686,0.552,0.524,1
"VPS37B",0.0366552396855701,-0.513765857891959,0.071,0.102,1
"TMEM128",0.0367146400321843,0.390509148915005,0.167,0.128,1
"SLAMF8",0.0368297410326301,-0.515707330365708,0.096,0.132,1
"AC025181.2",0.0369063248585098,-0.397948804181231,0.077,0.111,1
"PPIL4",0.0369942983869561,-0.445408582478269,0.196,0.237,1
"METTL2B",0.0370400699239819,-0.314868780424425,0.155,0.197,1
"POLR1C",0.0370909117301351,0.490472675707843,0.132,0.098,1
"TIFA",0.0373020176588972,-0.424376021280034,0.081,0.114,1
"SHISA5",0.0373333049700411,0.318027154458968,0.419,0.376,1
"COPS4",0.0374899417928688,-0.252412277292291,0.294,0.354,1
"PPWD1",0.0376159496341268,-0.476704297413306,0.153,0.193,1
"VIRMA",0.0376282108379148,-0.288034828438958,0.262,0.32,1
"RWDD3",0.0376863904764012,0.385679895479479,0.355,0.302,1
"CA5B",0.0378080100414382,-0.280464808883583,0.185,0.229,1
"PECAM1",0.0378604740145095,0.34465686076638,0.522,0.499,1
"EHMT2",0.0378721502688492,-0.448530452229355,0.187,0.231,1
"TYK2",0.0379720092850655,-0.268165119133627,0.323,0.384,1
"TTC37",0.0382208043414223,0.347414111518853,0.52,0.496,1
"ADCK2",0.0383953005250062,-0.360566623525434,0.161,0.205,1
"DYRK2",0.0383977507855001,-0.281220261431402,0.28,0.327,1
"NFRKB",0.0387620834384905,-0.461157204457396,0.091,0.125,1
"DDX28",0.0390081379057563,-0.407438337939719,0.134,0.176,1
"GP1BB",0.039078085695583,0.346692275755373,0.189,0.146,1
"PLEKHF2",0.0391149824136078,0.333749008714576,0.41,0.371,1
"LINC-PINT",0.0391600071574061,-0.975456083196593,0.482,0.517,1
"MAP3K7CL",0.0391666805761827,0.514351382590072,0.162,0.127,1
"MTHFD2L",0.0393273493191224,0.301905098068329,0.331,0.291,1
"C19orf12",0.0393542543664539,-0.41802833674582,0.093,0.128,1
"OSM",0.0398570741367451,-0.810463519068101,0.096,0.128,1
"CREG1",0.0399009327989466,-0.266170246802496,0.412,0.468,1
"HTRA2",0.0399637779100145,-0.448456034067657,0.098,0.133,1
"VPS25",0.0399914962553148,-0.344016732431377,0.25,0.302,1
"UVSSA",0.0401534009897577,-0.264740039260067,0.091,0.127,1
"GNPNAT1",0.0404775718856513,-0.399712214912978,0.09,0.125,1
"RSPH3",0.0404850393832309,-0.281029771350216,0.108,0.146,1
"KCTD3",0.040642755077742,-0.554446893439954,0.101,0.135,1
"ZNF426",0.0406451389015308,0.56789449669457,0.108,0.076,1
"CPSF4",0.0409503705658142,-0.417676392467322,0.119,0.158,1
"IRF9",0.0409741622836742,0.360467201301177,0.429,0.398,1
"ERAP1",0.0411612583087103,0.456050145961166,0.359,0.324,1
"PRELID3B",0.041220953181219,0.309888563585914,0.391,0.351,1
"AC025164.1",0.0414216848972514,-0.776908980843868,0.14,0.18,1
"MAP3K2",0.0414659586452287,-0.370050847566194,0.661,0.691,1
"ZDHHC8",0.0414739400030459,-0.342188943991435,0.095,0.13,1
"VMAC",0.041542238187413,-0.304384065264602,0.082,0.115,1
"MAST3",0.0416710288042074,0.407232419180574,0.181,0.141,1
"PCYOX1L",0.041867307362869,-0.486603535131495,0.073,0.102,1
"MAP3K14",0.0420217934093173,0.513307163070153,0.176,0.137,1
"WDTC1",0.0421047499580915,0.481622668065107,0.231,0.19,1
"OTUD1",0.0423504408075065,0.483278986953059,0.351,0.325,1
"AP5B1",0.0424737368246168,-0.323432346877115,0.139,0.18,1
"UPRT",0.0425684429331253,-0.34300944685385,0.096,0.13,1
"GABPA",0.0429679822588924,0.379027613318449,0.274,0.231,1
"CDK10",0.0431756485088453,-0.669376627750268,0.081,0.114,1
"HCG18",0.0434653272924444,-0.318401718076653,0.164,0.211,1
"DERL1",0.0435447657793598,0.314103121682511,0.378,0.337,1
"TRUB2",0.0435812547330212,-0.517247097199215,0.111,0.145,1
"IER5L",0.044242447799597,-0.281447286375282,0.161,0.205,1
"POU2F2",0.04444394094911,0.333872898230227,0.561,0.551,1
"THAP9-AS1",0.0447493958559217,-0.317482890089476,0.209,0.257,1
"PDSS2",0.0447869853842437,-0.525046315508851,0.101,0.135,1
"TSC22D2",0.0449178866485048,-0.393956678137204,0.236,0.281,1
"SEC16A",0.0450583923740671,-0.288010900535323,0.257,0.296,1
"AC012360.3",0.0450698739840248,0.498686041871263,0.14,0.107,1
"KATNAL1",0.0451171816688895,-0.489921325523953,0.073,0.102,1
"AC011893.1",0.0452290626982442,-0.566932883150589,0.086,0.119,1
"CHPF",0.0454127345071677,0.652635112146621,0.101,0.07,1
"SLC49A4",0.0455033227958626,-0.327446955421887,0.07,0.101,1
"GPBAR1",0.0455139435488823,-0.272205592312901,0.128,0.166,1
"PADI2",0.0456245663630621,0.727387234127733,0.108,0.078,1
"TOE1",0.0457097177851462,0.450344221535328,0.13,0.098,1
"LINC00528",0.0457456980659124,-0.374258090233572,0.105,0.14,1
"HIVEP1",0.0457978631017893,0.404335270844917,0.284,0.247,1
"DHX38",0.04622526772246,-0.250439961703151,0.205,0.252,1
"SPARC",0.0463778976968402,0.59538293872899,0.102,0.072,1
"IL6ST",0.0463951136162051,-0.465798515411745,0.29,0.328,1
"MBIP",0.0465631193986056,0.521040651142767,0.24,0.198,1
"AC005224.2",0.0465668185755683,0.309780415009452,0.118,0.085,1
"ACPP",0.0468397980400539,0.445083010401706,0.182,0.146,1
"TSPAN13",0.0469214840669138,0.401959334117295,0.304,0.26,1
"ZBTB24",0.0469573252703143,0.454200286937476,0.304,0.27,1
"HIST3H2A",0.0470156318017127,-0.556876236526298,0.101,0.133,1
"PAQR8",0.0471532151778557,-0.565464388139826,0.074,0.104,1
"GALK2",0.0471854754420037,-0.251820374655685,0.105,0.14,1
"NRDE2",0.047225418655822,0.359390051833826,0.253,0.21,1
"GNPAT",0.0473424814971476,-0.262664150459115,0.244,0.293,1
"HS3ST3B1",0.0474013854481724,0.418467829321366,0.132,0.096,1
"RASGEF1B",0.0474197111127879,-0.415544853090747,0.284,0.327,1
"TRIM28",0.0474449614568996,-0.254685587051455,0.408,0.465,1
"GTF2A1",0.0478055203611225,-0.291376790902539,0.191,0.236,1
"NPHP3",0.0478890995376079,-0.34235358686588,0.114,0.153,1
"PPP4R3A",0.0479289568075135,-0.271882602028568,0.529,0.576,1
"SEMA7A",0.0480151527522351,-0.630433418230265,0.08,0.109,1
"TLK2",0.0481334138502619,-0.311101196162415,0.268,0.311,1
"TDP2",0.0484830560672454,0.506604166083796,0.208,0.164,1
"NIPA1",0.0486458905413296,0.48186428246175,0.112,0.08,1
"SGMS2",0.048678898675193,-0.356415200239647,0.166,0.205,1
"HSPB11",0.0492166246708779,0.318879754288991,0.45,0.421,1
"RASA4",0.0493218933659268,0.419694796425474,0.263,0.226,1
"IL16",0.0493295163171716,-0.257191204724473,0.556,0.595,1
"HIST1H1D",0.0493544427319163,0.253806929854383,0.692,0.678,1
"ZNF121",0.0495073301416888,0.435005238390803,0.224,0.185,1
"HBEGF",0.0497361138134233,0.363117350233466,0.274,0.233,1
"S100A8",0.0498722661129508,-0.312782636936822,0.434,0.488,1
"PLCB3",0.0499289388904613,-0.678995152511083,0.098,0.127,1
"SARS2",0.0501359013323744,-0.52089658980722,0.08,0.111,1
"ANAPC4",0.0501696185893359,-0.350118866568206,0.112,0.148,1
"ITPKB",0.050505853503902,-0.378054148518878,0.113,0.148,1
"UTF1",0.0505642285942995,-0.27291934375204,0.175,0.215,1
"ZBTB7A",0.0509751654150576,0.264787788190211,0.592,0.58,1
"GCN1",0.0510742971893237,0.558051906183507,0.153,0.12,1
"TNFSF9",0.051425684583573,0.269030815451117,0.202,0.159,1
"PEPD",0.0516467609253111,0.288203148252378,0.399,0.363,1
"DGKD",0.0518992945373193,-0.277321710015359,0.3,0.359,1
"KLRG1",0.0521386502604476,-0.621937835043643,0.075,0.104,1
"KCNMB1",0.0522532771891176,-0.364931489457095,0.122,0.158,1
"CEBPA",0.0523766736430175,-0.277154683502871,0.213,0.262,1
"FAM53C",0.0524240292491126,0.354633819193207,0.295,0.26,1
"RNF19A",0.0525992084239476,0.361178787338728,0.378,0.341,1
"MFSD14C",0.052813023807403,0.328977433261465,0.384,0.353,1
"TGFBRAP1",0.0529166414721403,-0.27313777262435,0.178,0.221,1
"ASGR1",0.0529427479715144,-0.278784633648088,0.245,0.291,1
"RP9",0.0530469350487473,0.251964041371795,0.247,0.207,1
"ZMAT1",0.0531531354139723,0.538360599764601,0.143,0.109,1
"PAF1",0.053385769169582,-0.299919128986725,0.13,0.169,1
"GIGYF1",0.0534507438585504,-0.291964157086878,0.13,0.169,1
"NCOA6",0.053722118612208,-0.301886793396785,0.181,0.221,1
"AC025171.2",0.0542044424428304,-0.628092638102181,0.075,0.104,1
"AZI2",0.0542279209050376,-0.274458463556357,0.225,0.272,1
"SLC35E3",0.0542871907031211,-0.426851146128726,0.17,0.208,1
"GTF3C3",0.0546098380218492,0.417813694100154,0.177,0.145,1
"TRMU",0.0546485760278738,0.524458064925682,0.106,0.076,1
"AAAS",0.0546770005089522,0.585638909943007,0.129,0.098,1
"MRPL46",0.0548408663207853,-0.387119956759728,0.122,0.158,1
"TM2D2",0.0549771696665047,0.327027745158749,0.207,0.167,1
"ACSS1",0.0549808282622861,-0.436485458119809,0.154,0.189,1
"CCND2",0.0550101114187799,0.412417909605728,0.328,0.293,1
"CCR1",0.0550355045016739,0.690620136718962,0.202,0.167,1
"ELL",0.0551539265482423,-0.439654930752625,0.156,0.197,1
"ARSB",0.0555874315433866,0.440569094230385,0.208,0.174,1
"SH2D3C",0.0556112766029236,0.26716123280755,0.216,0.177,1
"AKAP11",0.0557041443116294,0.459256184992269,0.296,0.26,1
"SVBP",0.055733290888196,0.275173989150818,0.415,0.382,1
"ARIH1",0.0557846730681743,-0.259782177416319,0.369,0.423,1
"DCAF16",0.0560765021444913,0.380937619524752,0.245,0.208,1
"CISD1",0.0563028894265542,0.300970676445322,0.247,0.207,1
"GIMAP2",0.0564867353796614,-0.28657390864643,0.183,0.223,1
"C16orf91",0.0569648851114983,0.441267868812875,0.213,0.176,1
"SIK3",0.0572737558258866,0.336880822197068,0.387,0.356,1
"FGD3",0.0573108572378926,-0.304089229564638,0.197,0.236,1
"NFX1",0.0573869706980772,0.336542948071147,0.28,0.237,1
"TRIP11",0.0575694535025898,-0.27759408957885,0.231,0.278,1
"NSMCE3",0.0576045579818519,-0.290320839346007,0.402,0.447,1
"KIF3B",0.0578718483058372,0.327983289337158,0.132,0.099,1
"BCL11B",0.0579372884032764,0.488176837916555,0.108,0.078,1
"UBE2Q1",0.0580989267686078,0.279434358266721,0.471,0.437,1
"MKRN2",0.058189204266863,-0.327966500389207,0.13,0.167,1
"COX10",0.0589121979604518,-0.359215201808353,0.103,0.138,1
"STK10",0.0589652726359714,0.280188722206776,0.549,0.53,1
"C15orf40",0.059065757555674,0.259476084693913,0.343,0.302,1
"CLP1",0.0591623777423653,0.412412990590029,0.18,0.145,1
"TBC1D8",0.0593088618484188,-0.456286016950211,0.105,0.135,1
"CRIPT",0.0593295010482317,0.382602466089721,0.272,0.231,1
"BMF",0.0594713739598473,-0.475791711351893,0.14,0.176,1
"C4orf33",0.0594943563653335,-0.271436425841898,0.171,0.213,1
"ICE1",0.0595353806026149,0.35763014048919,0.301,0.265,1
"LTO1",0.0596460000395413,-0.311208772319104,0.096,0.128,1
"RRAS",0.0597023912940291,-0.450625296250196,0.164,0.2,1
"RIC8A",0.0602334101288548,-0.345956888011462,0.17,0.205,1
"TTYH2",0.0602871747867309,-0.273600286118261,0.178,0.22,1
"FAM214A",0.0604078350720507,0.320530753854475,0.309,0.265,1
"EXOSC10",0.0604199320924434,-0.287312742002799,0.207,0.255,1
"ALDH7A1",0.0610311166012861,0.463114460303816,0.108,0.078,1
"AC097376.3",0.0611636733379184,0.38941323372413,0.138,0.104,1
"AKIP1",0.0614093821735807,-0.389651309406292,0.125,0.161,1
"SELENOS",0.0615461944735448,0.309501848726075,0.656,0.649,1
"ST6GALNAC6",0.0618863872241103,0.280224083462179,0.117,0.086,1
"BRD1",0.0618920903219847,-0.351545879813325,0.208,0.25,1
"DMXL2",0.0619453703988809,0.357057178356843,0.257,0.218,1
"RMND1",0.062077394281779,-0.441927614522984,0.116,0.148,1
"PPTC7",0.062134522397205,0.30046748706609,0.431,0.398,1
"UAP1",0.0623058430422871,-0.298460965724064,0.108,0.141,1
"MCM3",0.0623874954518851,-0.447380118386679,0.154,0.192,1
"TMEM120A",0.0631215822626992,-0.441926909815133,0.103,0.135,1
"PPP6R2",0.0631326862322674,0.287133082266458,0.369,0.337,1
"PLAGL1",0.0633714836617359,0.349861632064439,0.32,0.28,1
"DHDDS",0.0642334196483417,-0.278455595575896,0.129,0.164,1
"NFATC2IP",0.0644829362174211,0.316882142554408,0.497,0.478,1
"PHACTR1",0.0646561737881946,-0.259282641528944,0.776,0.79,1
"INTS1",0.0646886842336725,-0.370390072712397,0.16,0.195,1
"CAMSAP1",0.0646908207962901,-0.360873134040388,0.121,0.154,1
"GPKOW",0.0653457164133326,-0.374445616384071,0.1,0.132,1
"AC015871.1",0.0653679729006808,-0.475793163872671,0.085,0.114,1
"MCM6",0.0656558436263056,-0.570120582982191,0.093,0.122,1
"ARRB1",0.0656847255541693,0.330648372706718,0.321,0.289,1
"NRGN",0.0657522173933978,0.555339312136843,0.449,0.421,1
"DDX55",0.0658156619362184,0.483096424861171,0.185,0.151,1
"ZNF358",0.0660808009969455,0.306593288377775,0.125,0.094,1
"UGDH",0.0663246108069965,-0.251938929705723,0.121,0.156,1
"TRUB1",0.0664732877336094,0.427936224589127,0.107,0.078,1
"MSMO1",0.0664880640557687,-0.431532469077015,0.08,0.109,1
"CCZ1B",0.0665257615535176,0.4776108548749,0.203,0.167,1
"SENCR",0.0665262808038562,-0.556290717910664,0.08,0.109,1
"TBL2",0.0666229692518862,-0.391335871791647,0.082,0.112,1
"ENTPD7",0.066628803612419,-0.481857704584413,0.145,0.179,1
"FBXO33",0.0668501152383854,-0.388734574167853,0.25,0.283,1
"AHCY",0.0668539958678716,-0.278601763498836,0.31,0.359,1
"DOT1L",0.0674741585975163,-0.289326323077246,0.1,0.133,1
"PXMP2",0.0675070110872119,-0.302656003467848,0.111,0.145,1
"NUDT14",0.0675073810504318,-0.33308487828508,0.122,0.154,1
"GMDS-DT",0.0676569506307984,0.53042679418991,0.132,0.102,1
"KCTD20",0.0679089369460502,0.340803061521487,0.483,0.465,1
"SLA2",0.067928754253264,0.500246383706214,0.129,0.098,1
"ETAA1",0.0679943201006314,-0.449279349730168,0.097,0.128,1
"LRRC57",0.0684935795385579,0.624723839637321,0.17,0.14,1
"CYBRD1",0.0689854229146108,-0.385193627519326,0.111,0.143,1
"TAB3",0.069334753218387,0.2725441774422,0.205,0.167,1
"RBM48",0.0695744254411552,0.536513882408455,0.199,0.166,1
"GPATCH1",0.0698812363415817,0.346497741796443,0.105,0.076,1
"ZNF805",0.0699096606664956,0.760107417739886,0.109,0.081,1
"LNPEP",0.0699130283011914,0.254238450664572,0.56,0.548,1
"APOO",0.0704074698422426,-0.392822974677988,0.079,0.107,1
"SLC35E1",0.0706706858144378,-0.408633064335086,0.397,0.441,1
"YOD1",0.0711697218341306,0.353435489781492,0.121,0.091,1
"AIG1",0.0717023256564046,0.273245984059711,0.306,0.263,1
"USF1",0.0717534589681967,-0.417035177104733,0.132,0.169,1
"NOLC1",0.0717756054622035,-0.256369457404165,0.266,0.309,1
"BRIX1",0.0718517923440748,0.327383764585548,0.33,0.294,1
"ATP2B1",0.0718952511571317,0.367038377492589,0.633,0.647,1
"PTPMT1",0.0719246334059443,0.259474656670636,0.418,0.402,1
"PIGF",0.0722580462983308,-0.369970700869411,0.149,0.182,1
"TRAF3",0.0723676027839074,0.370963927758543,0.205,0.171,1
"ENG",0.0724451510761034,0.489879032212478,0.135,0.106,1
"TTC9C",0.0725315075969946,-0.353423561569873,0.114,0.148,1
"LACC1",0.0726796451266243,-0.436332506373271,0.092,0.122,1
"PIGN",0.0726973603278649,0.414857182073401,0.15,0.119,1
"LIMK1",0.0728927167842697,-0.296351335952086,0.129,0.164,1
"ANXA2R",0.0734580262635949,-0.31413552481399,0.113,0.146,1
"SLC43A3",0.0735340898758112,-0.3735767647813,0.162,0.2,1
"BAD",0.0738004489459615,0.274896390651555,0.28,0.25,1
"ZBTB1",0.0741620549863227,-0.261933756658178,0.41,0.457,1
"EDEM2",0.0741878581270118,0.300789110305312,0.296,0.259,1
"CUL1",0.0742285240119938,0.387759887541168,0.333,0.302,1
"MAML3",0.0743961187523949,-0.269413462093285,0.304,0.35,1
"RPGR",0.0744240904633918,-0.370137658738494,0.133,0.166,1
"EMC1",0.0745192564161574,0.556490524669647,0.141,0.112,1
"ZNF480",0.0745479844262167,0.398135759470236,0.235,0.197,1
"GLI4",0.0746526367734682,-0.296345972784305,0.125,0.159,1
"GALNT10",0.0747921179491285,0.369157599673512,0.193,0.159,1
"PCNA",0.0748590539252353,-0.258883548613815,0.197,0.237,1
"TFB2M",0.0751207888644777,-0.365062982718496,0.132,0.164,1
"GNL1",0.0753487691308184,-0.285276299875235,0.167,0.207,1
"TLR5",0.0757535908392959,-0.461678604323762,0.105,0.135,1
"TSHZ1",0.0758323488285789,0.33206733858608,0.261,0.229,1
"METTL25",0.0763356725033439,-0.300067890628226,0.086,0.115,1
"ANKRD44-IT1",0.0765527725065158,0.65867765606147,0.133,0.106,1
"TRBC1",0.0768052042790998,0.494553914540476,0.106,0.078,1
"CDIP1",0.0768720622618651,-0.295494177111563,0.095,0.125,1
"TOR4A",0.0770415098928485,-0.319029509946148,0.079,0.107,1
"DOCK10",0.07711433717692,0.25798667992774,0.477,0.46,1
"TULP4",0.077363656995369,0.304548437590714,0.26,0.218,1
"RAB20",0.0774135288088949,0.716376550727248,0.139,0.111,1
"NBPF10",0.0774344426484693,0.616059288773824,0.107,0.081,1
"PPARA",0.0777272847531517,0.486115981888619,0.14,0.111,1
"UPK3A",0.0778937382315577,0.303103600833453,0.328,0.298,1
"CCDC93",0.078175558842721,-0.270593203495701,0.101,0.132,1
"RBM38",0.0784596041636527,-0.389288819340192,0.26,0.302,1
"ZRSR2",0.0784667005383509,0.320562439551744,0.266,0.233,1
"FAM135A",0.0787265834377529,0.485352538255435,0.139,0.109,1
"TAF12",0.079080163200716,-0.335751685054304,0.29,0.335,1
"ENDOG",0.0793868760076619,-0.268064044980934,0.257,0.294,1
"NOC4L",0.0794094066956001,-0.33950941452476,0.096,0.127,1
"TMEM154",0.0795088757487426,0.25185742730621,0.491,0.468,1
"RBM4B",0.0795191640937698,-0.410794176830759,0.074,0.101,1
"DCAF11",0.079524108616331,0.377720772791443,0.277,0.246,1
"WDR77",0.0797021873745213,-0.267423340228786,0.135,0.171,1
"ZNF736",0.0797233405684981,0.474625667311625,0.228,0.195,1
"BMPR2",0.0798971908685711,0.361466761243748,0.241,0.207,1
"PLEKHA3",0.0799341169494746,0.303191533654074,0.445,0.411,1
"INTS12",0.0799390054618001,0.573341311091677,0.178,0.148,1
"TPD52",0.0800650300287147,0.339201548587083,0.148,0.115,1
"GTF2H2C",0.0800776114226442,0.712082752561066,0.119,0.093,1
"SLC35E2B",0.0801681632610242,0.256181246242031,0.118,0.089,1
"INO80E",0.0803520450316261,-0.359724153380414,0.2,0.244,1
"FBXO4",0.080490774273602,-0.321354771044317,0.113,0.145,1
"SIRT6",0.0805229181394888,-0.266299767818623,0.122,0.154,1
"AL592183.1",0.0808162405093246,0.323715015896344,0.284,0.252,1
"NUTM2A-AS1",0.0813458474332034,0.253770782917056,0.474,0.459,1
"ZDHHC16",0.0817385949541856,-0.386501343913916,0.091,0.119,1
"ZDHHC18",0.0820843458943213,0.572067184074143,0.197,0.164,1
"TMEM214",0.0828109769753032,-0.268705677679938,0.122,0.154,1
"ARHGEF2",0.0831705912617109,0.26513362012562,0.347,0.312,1
"GEMIN7",0.0832296807326922,0.350023397595497,0.189,0.156,1
"ZMYM3",0.083284354791224,-0.262745795492076,0.112,0.145,1
"OAZ2",0.0833358179423943,0.278107195992146,0.347,0.312,1
"TMEM138",0.0836880142089842,0.339055919749181,0.252,0.213,1
"SETD9",0.083827070523197,-0.50286771276726,0.08,0.106,1
"SUGP1",0.083890589691288,0.358606545204888,0.123,0.094,1
"COPS7B",0.0841128472029391,-0.295795078259862,0.167,0.205,1
"TMEM97",0.0843835462986182,-0.431723342989118,0.13,0.161,1
"FDFT1",0.0843944020458348,-0.256182733880033,0.41,0.463,1
"PPP3CB-AS1",0.0849958554532254,-0.384335425625705,0.08,0.106,1
"SBNO2",0.0851072473618557,-0.3150014566405,0.101,0.13,1
"PKNOX1",0.0853651555552316,-0.323879789920206,0.084,0.112,1
"PRRC1",0.0860242115933827,-0.266727234080487,0.237,0.276,1
"ARHGEF18",0.0865762938827419,-0.30016504460712,0.153,0.187,1
"PCMTD1",0.0866582193693864,0.268753905750095,0.503,0.489,1
"XAB2",0.0866815382419818,-0.343921765233071,0.145,0.18,1
"MBD6",0.0867038960586379,-0.253222285671534,0.129,0.163,1
"HIVEP2",0.0870816233504177,0.329228055670959,0.2,0.167,1
"RAB33B",0.0872951684582381,0.474590091423762,0.14,0.109,1
"GUSB",0.0874514369507156,0.254471644407231,0.431,0.402,1
"PIGH",0.0878143758110704,-0.340340197406378,0.097,0.127,1
"DPAGT1",0.0879068843045636,-0.271180390892062,0.128,0.161,1
"SMYD3",0.0879123998486184,-0.302317020105984,0.081,0.109,1
"PCNT",0.088016263339318,-0.355357716871878,0.189,0.224,1
"ALKBH2",0.0880964525017119,0.455479389379521,0.102,0.076,1
"CCDC137",0.0889477559115796,0.505507750729529,0.143,0.114,1
"TAF5L",0.0890813493633923,-0.256682094331022,0.114,0.146,1
"GABPB1-AS1",0.0891181898171172,-0.253532173467982,0.37,0.413,1
"HSH2D",0.0891478930234344,0.393345622857135,0.23,0.202,1
"AC005670.3",0.0891753926504371,0.380037932103075,0.229,0.193,1
"DDHD2",0.0900852725038783,-0.336955223622905,0.109,0.14,1
"PDIK1L",0.0901327396237952,0.500136888724593,0.124,0.096,1
"ZNF236",0.0902910958404696,-0.583497534482444,0.093,0.122,1
"NRARP",0.0903398702667468,0.321908447426625,0.234,0.198,1
"VPS54",0.0904358044952801,-0.398825148274814,0.103,0.132,1
"NOTCH2NLA",0.0906214105440878,-0.410864424744071,0.113,0.145,1
"SULT1B1",0.0908879826669616,-0.306038395761655,0.096,0.125,1
"FBXL12",0.0909451209625489,0.580415216280628,0.175,0.148,1
"DNAJC9",0.0915060275110876,0.437485577518247,0.229,0.195,1
"HMG20A",0.0915739216198321,-0.279915428171625,0.125,0.156,1
"GPX7",0.0921360146689095,0.526193480751895,0.132,0.104,1
"IMPACT",0.0926452518289022,0.352265738981199,0.3,0.27,1
"MRM3",0.0927913702211289,-0.267796862866089,0.1,0.128,1
"RANBP6",0.0929871622095204,0.353244987592766,0.218,0.184,1
"KLF16",0.093565069297003,-0.372518654819608,0.2,0.236,1
"IFIT5",0.0937718011056319,0.52162797306679,0.151,0.122,1
"NIT1",0.0938891103046301,-0.357108556067339,0.155,0.189,1
"PHTF2",0.0944600841898716,0.39102961744508,0.164,0.133,1
"FOSL2",0.0947197186278902,0.348716387061204,0.475,0.478,1
"CIZ1",0.0947973824301713,0.344522716347105,0.266,0.241,1
"SASH3",0.0948729721734494,0.286508311817873,0.439,0.416,1
"STAMBP",0.0950278882951436,-0.295237753155238,0.253,0.294,1
"TRAPPC8",0.0952263244033255,-0.294300527605936,0.221,0.259,1
"UBE2W",0.0952309530900025,0.254930127919983,0.44,0.42,1
"MPP5",0.0952814462837256,0.624885525356232,0.114,0.089,1
"RCAN3",0.0953769262419447,0.283045527526039,0.358,0.327,1
"CNBD2",0.0959862147752132,-0.287360802267407,0.116,0.148,1
"AXIN1",0.0961048595440803,-0.4000961427911,0.089,0.115,1
"DACH1",0.0964126869715384,0.593644170825225,0.123,0.096,1
"AC083799.1",0.0971128880565532,0.517310349198087,0.159,0.13,1
"STAC3",0.0976395789956212,0.283029807058516,0.175,0.143,1
"REPS1",0.0976954725548773,-0.277970908870769,0.191,0.229,1
"SNRK",0.097722899597079,0.293807786218459,0.316,0.276,1
"Z99127.4",0.0978892473868056,-0.44339795052846,0.091,0.117,1
"ZDHHC24",0.0979735429533944,-0.260148700498651,0.262,0.304,1
"ATG4D",0.0985728292496973,-0.285161921344931,0.097,0.125,1
"ZNF83",0.0988964249730472,-0.263005418577468,0.164,0.198,1
"UPF3A",0.0989437077035039,0.26823442926713,0.461,0.431,1
"HSF2",0.0992209659155984,0.689049857231033,0.1,0.076,1
"B3GNT5",0.0993735245878157,0.986690191399577,0.151,0.128,1
"PDK1",0.0996767755409921,-0.251814383604082,0.108,0.138,1
"MIR22HG",0.099973363056497,-0.440753350636919,0.234,0.265,1
"TRIM73",0.100275817481852,0.592502670974406,0.128,0.102,1
"GCH1",0.100717617587931,-0.509126503839989,0.137,0.167,1
"NISCH",0.100849080143611,0.396317473835042,0.187,0.156,1
"CDK17",0.10087090668082,0.523805394015932,0.169,0.141,1
"POLL",0.101209453518524,-0.26505903693703,0.092,0.119,1
"AEN",0.101448685797841,-0.365382695637549,0.095,0.124,1
"TMEM62",0.102186353726133,-0.327521404267364,0.086,0.112,1
"NBPF12",0.102186355061967,-0.25413820831022,0.086,0.112,1
"CFAP410",0.102550063365601,0.326245198016689,0.212,0.179,1
"MTF1",0.102914563794243,0.638917492244847,0.132,0.106,1
"C1orf56",0.10304470085698,0.582127463008641,0.424,0.402,1
"SMAD3",0.103388619705355,-0.324930362645984,0.215,0.252,1
"CLCN5",0.103617850572938,0.462149164689613,0.272,0.242,1
"GNLY",0.103625722283872,0.519629415211167,0.229,0.198,1
"SLC44A2",0.103751824077667,0.326884209125231,0.212,0.176,1
"EZH1",0.103966144301408,-0.252150007311313,0.197,0.237,1
"TOP3A",0.103967191994168,0.26050603647662,0.237,0.205,1
"CD247",0.103978595123614,0.433314935481124,0.112,0.086,1
"PILRB",0.105416247739054,0.455047230091719,0.187,0.159,1
"GLE1",0.105772321217218,-0.553757927057789,0.092,0.12,1
"PCED1B",0.105811372254031,0.491679632444616,0.122,0.094,1
"ANO10",0.106859998115425,-0.360375853679817,0.105,0.132,1
"ATP6V0A1",0.10700047811073,0.33648685756966,0.271,0.237,1
"MED21",0.107263463328761,0.312196349917909,0.187,0.156,1
"ZNF274",0.107272764844719,0.380672895764544,0.138,0.111,1
"CAPN7",0.107927094848466,-0.275889581122551,0.213,0.249,1
"BCL9L",0.108100246071482,-0.384288156928983,0.127,0.156,1
"NNT-AS1",0.108487803487811,-0.495715634178969,0.077,0.102,1
"HDGFL3",0.109115735858634,-0.403731626431419,0.106,0.132,1
"MLH1",0.109438906530176,-0.361303095148782,0.144,0.174,1
"ZBED1",0.10971260084434,0.28471767379706,0.315,0.289,1
"SLC41A2",0.109719298166397,0.338017837670725,0.199,0.169,1
"ZNF721",0.109852049301155,0.357664144473175,0.255,0.224,1
"DTX2",0.109938311885636,-0.618742145703403,0.096,0.12,1
"TRIM21",0.110126876782748,0.280161214816581,0.118,0.091,1
"SRD5A3",0.110162509979822,-0.280991601039742,0.149,0.184,1
"C2orf69",0.110203953560597,0.290751556845838,0.169,0.138,1
"CD101",0.110319972298542,0.437137400539618,0.114,0.089,1
"B3GNT2",0.110341799455916,0.418389960477811,0.183,0.154,1
"AC253572.2",0.110343148360506,-0.868631415439607,0.246,0.278,1
"POC5",0.110703461519464,-0.416588709812247,0.095,0.12,1
"ZFPL1",0.111106964564021,0.484127029073543,0.165,0.137,1
"PDE3B",0.111921938202282,-0.277864050689876,0.122,0.153,1
"WDR81",0.112249372663377,-0.340276650852773,0.118,0.148,1
"SPCS1",0.112739236429328,0.286198761673298,0.909,0.937,1
"PEX26",0.113581215276319,0.26885535997063,0.213,0.179,1
"GALT",0.113610454111505,-0.261593990236667,0.148,0.18,1
"GMIP",0.113831263394475,0.307809777028615,0.263,0.231,1
"NOC3L",0.113887676645567,-0.305965984598446,0.133,0.163,1
"PRDM4",0.113984736052001,0.416227710381114,0.124,0.098,1
"MIR29B2CHG",0.114865862093885,-0.441848869638861,0.112,0.138,1
"AGAP3",0.11490073832805,-0.284512698157302,0.112,0.14,1
"ACOX1",0.114934837029236,0.310116122466408,0.216,0.185,1
"ORC3",0.115014417726581,0.351952960040497,0.124,0.098,1
"SOGA1",0.115654670975006,0.335041183424218,0.175,0.145,1
"DSTN",0.116098417081763,-0.485645591053944,0.621,0.65,1
"MRPL17",0.116406835602899,0.312413706046703,0.25,0.221,1
"ZNF124",0.116474351905543,0.305248317833072,0.333,0.304,1
"SRGAP3",0.116620787747382,-0.287305671327636,0.1,0.127,1
"ZDHHC6",0.117357657734068,0.294009348543895,0.194,0.166,1
"CD3E",0.118015115476248,0.493723744134223,0.15,0.122,1
"CISD2",0.118136020098408,-0.276891766919494,0.367,0.407,1
"SHD",0.118626220628334,0.763302761891184,0.118,0.094,1
"MCRIP2",0.118756461651441,0.262085451837626,0.274,0.242,1
"TRAC",0.121029989382209,0.36726041799361,0.111,0.086,1
"UBA3",0.121405120356632,-0.30551536682582,0.236,0.272,1
"REXO4",0.121633615928559,0.289411639140988,0.194,0.164,1
"ARFGAP1",0.121664039466883,-0.271878556703636,0.079,0.102,1
"ACBD5",0.122761944895061,0.391088289781119,0.354,0.33,1
"CYP46A1",0.123045701871289,0.484280522268267,0.105,0.081,1
"PRDM2",0.123236791317736,0.250427157825294,0.453,0.441,1
"IL12RB1",0.123396943746412,-0.257305022430072,0.09,0.115,1
"RPRD1B",0.12347403625573,0.482107655853592,0.137,0.111,1
"TAF3",0.124134580177248,-0.404343947990688,0.258,0.296,1
"GPR160",0.125381231892566,0.264399234723717,0.328,0.302,1
"LIPE-AS1",0.125426654509594,0.371554992347384,0.123,0.099,1
"AKT3",0.125758172184774,0.420130910435261,0.117,0.093,1
"C21orf91",0.125816702742712,-0.328920355294754,0.135,0.163,1
"NRP1",0.125997492629968,0.34549197089646,0.203,0.171,1
"MFSD3",0.126029571361917,-0.334414802460245,0.086,0.111,1
"CSNK1G1",0.12618955536915,0.298438118270563,0.193,0.163,1
"WDR20",0.127257357203981,0.341366647040452,0.119,0.094,1
"TMEM161A",0.127469993203451,-0.286535125417964,0.089,0.114,1
"RYK",0.127595062430818,-0.445823090762913,0.098,0.124,1
"CRIM1",0.127781643625157,0.364909852214339,0.132,0.106,1
"AL136038.5",0.129125240187857,0.607396996628747,0.122,0.099,1
"CALU",0.129491789944112,0.308858461843832,0.306,0.281,1
"SAMD8",0.129656377108348,0.308864849849055,0.256,0.231,1
"WDR70",0.129989396581618,0.301197690449441,0.347,0.315,1
"EXOC2",0.130047435724682,-0.287528930203062,0.151,0.184,1
"IKBKG",0.130170251783146,-0.404793521991417,0.182,0.213,1
"SLC25A16",0.131060970671613,0.435947303474738,0.146,0.122,1
"BEST1",0.131564357270274,0.262769445029654,0.173,0.143,1
"SLC2A3",0.13169537540353,0.313525505470342,0.371,0.346,1
"C5orf56",0.132394100085264,0.408225497496214,0.185,0.158,1
"PIK3CB",0.132895004367345,0.349712532973036,0.278,0.249,1
"COBLL1",0.13293001197101,0.345496990610558,0.242,0.216,1
"OIP5-AS1",0.132936016722175,0.297037490148251,0.594,0.593,1
"CD72",0.134428201391654,0.286229374015433,0.139,0.114,1
"GOLGA8B",0.13443840080651,0.634602313931823,0.114,0.091,1
"HELZ2",0.134632867035224,0.299346558722641,0.102,0.08,1
"AC012615.1",0.13544221998093,-0.445204094160746,0.153,0.185,1
"LDLRAD4",0.135451710719986,-1.03980035351446,0.317,0.346,1
"IRAK1",0.136027037289781,0.321240120955807,0.328,0.298,1
"SERPINF2",0.136829531019116,-0.31906793850163,0.119,0.145,1
"PAQR3",0.137370450587154,-0.383751294700028,0.09,0.114,1
"KIAA1586",0.137663486622803,0.375709314072752,0.134,0.109,1
"WIPF2",0.138274524378377,0.315365000743721,0.267,0.239,1
"TIMM29",0.138370633817184,0.31025880838946,0.203,0.174,1
"RAE1",0.13857287961375,-0.26766778002367,0.194,0.226,1
"CLASRP",0.139350667612303,-0.264953718724842,0.187,0.218,1
"NIP7",0.139378403824616,0.277234920071879,0.236,0.205,1
"WDR43",0.139611603393443,0.261028056820531,0.474,0.452,1
"ULK2",0.139825304662617,0.529881133804131,0.118,0.094,1
"MLST8",0.139949845281607,-0.252189222184847,0.122,0.148,1
"ZNF677",0.139973374001211,0.34593033611306,0.13,0.106,1
"CWF19L1",0.140220011063697,0.360165907837935,0.127,0.102,1
"RHOC",0.140657816630894,0.336475828790192,0.494,0.483,1
"PLGRKT",0.140912818638014,0.363318005942972,0.299,0.267,1
"FZD1",0.14103897172623,0.539782978414629,0.116,0.093,1
"ACOT13",0.141497688826748,-0.258168115649549,0.155,0.185,1
"ASXL2",0.142381007452523,-0.278683942390933,0.269,0.299,1
"LINC01184",0.142508982680087,0.31063516563407,0.219,0.195,1
"DBNDD2",0.143219635408535,-0.331365654486953,0.219,0.254,1
"B3GALNT2",0.143418714259021,0.266957207485826,0.282,0.247,1
"LRCH1",0.143627569093113,0.667321565789471,0.114,0.093,1
"SAMD9",0.14477721031921,0.350727990510944,0.371,0.354,1
"RMND5B",0.144994114321142,0.376189220860265,0.173,0.145,1
"MMGT1",0.145090095603714,0.270303646920982,0.339,0.314,1
"MS4A4E",0.145346160300654,0.371342216268288,0.167,0.143,1
"FLNB",0.14598923062779,0.393486283857713,0.252,0.221,1
"LCORL",0.1461786318717,0.347111175124086,0.245,0.22,1
"VAMP4",0.146364732096876,0.34753127890647,0.118,0.094,1
"GIHCG",0.146398175946586,-0.340590816942857,0.097,0.122,1
"LINC02812",0.146673600110992,-0.545424869659848,0.226,0.252,1
"ZNF335",0.14679944500667,-0.511890673766104,0.096,0.119,1
"CWF19L2",0.14732158062565,0.397664541570748,0.245,0.215,1
"ARHGAP9",0.147891945640674,0.318457899671465,0.525,0.512,1
"CARD9",0.148321378344495,0.287741969581751,0.148,0.122,1
"PLBD2",0.148594963868272,0.411154890582436,0.172,0.148,1
"U2AF1L4",0.149696612061699,0.262044989085769,0.26,0.226,1
"CBR4",0.150668867152131,-0.337635533654568,0.124,0.15,1
"INPP5D",0.151021177335152,0.260200876568507,0.522,0.515,1
"SAV1",0.151361588605254,0.317342555029056,0.148,0.122,1
"TSN",0.151738102994699,0.254770576847539,0.449,0.442,1
"CAPN10",0.151903367737074,0.285890229443084,0.112,0.089,1
"FBXO9",0.151914646821027,0.299365749391492,0.444,0.436,1
"XRCC4",0.152961710947823,-0.343736881776336,0.155,0.185,1
"FBXO34",0.15353830833548,0.261914770028807,0.339,0.317,1
"ING2",0.154053663650035,-0.262633846558868,0.189,0.22,1
"KAT2A",0.154468189598013,-0.382974009725876,0.079,0.101,1
"ARPIN",0.154665085504538,0.312001328730619,0.248,0.22,1
"ZNF701",0.154828009977618,-0.297199885679909,0.109,0.133,1
"PHB",0.1555525698598,-0.33570845185146,0.727,0.754,1
"QTRT2",0.155553410769987,-0.266162421298754,0.244,0.276,1
"AC064805.1",0.155760773553253,0.393896997552528,0.106,0.085,1
"TRAPPC2",0.156792513830911,0.351803639469661,0.248,0.223,1
"TRG-AS1",0.157424208023797,-0.357132582202746,0.253,0.289,1
"RREB1",0.157954022758069,0.279256673373293,0.413,0.395,1
"ZNF226",0.158060435331509,-0.253646129873012,0.132,0.158,1
"TOM1",0.158525859809282,-0.355247944498962,0.15,0.177,1
"ST3GAL4",0.158870004989832,-0.26317244986132,0.165,0.193,1
"FAM210A",0.159264342722237,-0.390890555149928,0.127,0.151,1
"LMAN1",0.160102339765721,0.316810234548182,0.497,0.48,1
"MAGED1",0.160231862476511,0.285167093435198,0.144,0.119,1
"SSBP3",0.160724530794033,0.266159185617509,0.381,0.364,1
"WDR60",0.161013799961206,0.510765368075138,0.177,0.151,1
"ACD",0.161080845165821,-0.49178683070884,0.101,0.124,1
"CLN5",0.162378349526803,0.426943167035788,0.294,0.272,1
"ZNF669",0.163102496370008,0.357955629991849,0.114,0.093,1
"C11orf24",0.163564149229306,0.439970036935769,0.143,0.119,1
"RPRD1A",0.163745915147395,-0.254820598452343,0.262,0.296,1
"ADA",0.163785400759845,0.440679198970519,0.277,0.255,1
"INPP5F",0.16381023815055,-0.280950449772658,0.111,0.135,1
"PDPR",0.164139170218434,-0.27779775905274,0.167,0.193,1
"FZD2",0.164149511873259,-0.285188549293779,0.157,0.184,1
"LNPK",0.164316232064465,-0.287794791891759,0.167,0.198,1
"UBR1",0.164484047894904,-0.250581120996679,0.161,0.19,1
"EML4",0.164664820311266,0.304861540168149,0.296,0.272,1
"CCDC92",0.164776899558619,0.480766990944097,0.18,0.156,1
"NDUFAF6",0.165040583313389,-0.392329189617772,0.1,0.122,1
"ATP7A",0.16505246333211,0.465839185584542,0.134,0.112,1
"CEP120",0.16540809377879,0.330286717258828,0.141,0.119,1
"ZBED3",0.165710332443243,-0.282156058486454,0.119,0.143,1
"GABPB2",0.165910710019675,0.318608543133088,0.149,0.124,1
"C11orf68",0.165964061767058,-0.327183982187106,0.091,0.114,1
"ZBTB2",0.166504169776936,0.494135547040496,0.13,0.107,1
"CPEB4",0.166702233467878,0.332396715387131,0.283,0.26,1
"ZDHHC2",0.166719774995297,0.361390234298822,0.353,0.33,1
"VWA8",0.167703137404715,0.565635202422286,0.121,0.099,1
"IL1RN",0.167940656208261,0.327059119346371,0.186,0.159,1
"SENP1",0.168026813510483,0.373448635628545,0.124,0.102,1
"ATP6V1E2",0.168219653825981,0.303844638774173,0.105,0.083,1
"ELMOD3",0.168701493140121,-0.334070106042194,0.103,0.125,1
"SLC25A28",0.16906509286999,-0.262020246903339,0.244,0.283,1
"COG5",0.169161440557858,-0.286669593046021,0.209,0.237,1
"SLC15A3",0.1692574755296,0.301456915972115,0.435,0.434,1
"REPS2",0.169298899392837,0.38219116319395,0.153,0.13,1
"OCEL1",0.169606450331462,-0.260775994628684,0.162,0.192,1
"UQCC1",0.170126879297422,0.421301518708379,0.1,0.08,1
"RABEP2",0.170219851735839,0.423454938404638,0.15,0.127,1
"NUP54",0.170265490430195,-0.276659949514499,0.232,0.268,1
"RIOK2",0.170564782602037,0.342646221525602,0.229,0.203,1
"ABHD10",0.170636782458451,-0.252592626752767,0.18,0.21,1
"TLR6",0.172263948927317,0.410241235556437,0.125,0.102,1
"INTS3",0.172296731316414,-0.359764576464357,0.159,0.185,1
"BEND6",0.172646981842036,-0.406763772603319,0.101,0.122,1
"LRIF1",0.175397294857424,-0.469104697015046,0.105,0.127,1
"STK26",0.175405433076502,0.347567859988943,0.283,0.259,1
"ZBTB21",0.176618028025681,0.326868610175677,0.187,0.164,1
"IL10RB-DT",0.176672195711489,-0.293561295957998,0.102,0.125,1
"SLC35B2",0.176698600772705,-0.403753440522097,0.117,0.14,1
"RAP2A",0.176785627595164,0.302138985399289,0.33,0.307,1
"SMC6",0.177332185624927,0.263565276056071,0.317,0.293,1
"AC139887.2",0.178843103138321,-0.380435174279629,0.108,0.132,1
"YPEL1",0.178961530687322,0.491487069134691,0.139,0.115,1
"GMFB",0.178973647815148,0.33916703991267,0.357,0.332,1
"CENPV",0.179117717115879,0.576509043642472,0.105,0.085,1
"RNF214",0.181242579640682,0.536832106484287,0.17,0.148,1
"DNAJC25",0.181751446759802,0.44574711622133,0.124,0.102,1
"ERCC6",0.181832225863449,0.463026873522889,0.167,0.145,1
"CHMP7",0.181885148594908,0.353588439409589,0.133,0.112,1
"DLEU1",0.182110150076197,0.349537564852364,0.141,0.119,1
"PCNX3",0.182121178504469,-0.420353464565544,0.13,0.156,1
"HPS4",0.182239334621828,0.308746180418301,0.258,0.239,1
"TTC5",0.182372852945601,0.384901649782013,0.169,0.145,1
"ORMDL2",0.182563557801744,0.256321635240223,0.31,0.286,1
"GALNT4",0.182840350209157,0.45929951933235,0.1,0.08,1
"PRKCA",0.182855446913585,0.518393987565352,0.21,0.187,1
"TTLL3",0.18312980835999,0.290926363526061,0.171,0.148,1
"PATZ1",0.183163117995395,-0.439835514491696,0.138,0.163,1
"OSGIN2",0.183500527844637,0.399086582497568,0.247,0.226,1
"AC239799.2",0.184194061465776,-1.45436650081556,0.09,0.111,1
"GBA2",0.184702093709103,0.3112007714434,0.125,0.104,1
"VPS50",0.184752232475019,0.250318568064754,0.14,0.115,1
"CHAF1A",0.185703560537014,-0.361146727220782,0.212,0.239,1
"ARFIP1",0.185911183948852,-0.274540582116301,0.154,0.18,1
"MIDN",0.186245418220967,-0.496136600298564,0.582,0.58,1
"ARID5B",0.186565089388079,0.314326630186557,0.15,0.127,1
"METTL3",0.186874368810071,-0.403826726872841,0.112,0.133,1
"COQ7",0.186939129498373,-0.574491840302451,0.156,0.182,1
"JAK3",0.18724866132196,0.355292804800996,0.245,0.223,1
"RETN",0.18743005857858,0.441230576873122,0.234,0.213,1
"HIST1H2AL",0.187450932415926,0.396283341659727,0.139,0.117,1
"FBXO6",0.188102351718756,0.313367019226463,0.225,0.205,1
"TTF2",0.188541420589347,0.252442088552874,0.175,0.146,1
"TCAF1",0.188687144496505,-0.318956871211327,0.129,0.154,1
"AC004846.1",0.189144112472147,-0.381404276095468,0.09,0.109,1
"KLHL5",0.189279365382621,0.316103912705056,0.312,0.298,1
"RPP25",0.190949489907889,0.667837185325696,0.102,0.083,1
"TMEM39A",0.191528405726167,-0.338800321747298,0.112,0.135,1
"EMC2",0.191991044727728,0.298666238139593,0.194,0.167,1
"DTX3L",0.192015010852052,0.400797595667108,0.267,0.244,1
"ZNF789",0.192575397169421,0.435537479519757,0.173,0.15,1
"RELL1",0.192880367566562,0.35872627258163,0.348,0.34,1
"USP36",0.193076048611142,-0.335543099284109,0.228,0.255,1
"ALKBH4",0.193266947546489,-0.293064472946558,0.089,0.109,1
"EFCAB2",0.194117996890875,-0.27460174770505,0.103,0.127,1
"DENND5A",0.19459663062284,0.288975722589697,0.295,0.268,1
"CEP290",0.198063040125191,-0.32762532249002,0.117,0.14,1
"SH2B2",0.198264131099762,0.308502546531628,0.102,0.083,1
"DUSP2",0.198453814280561,-0.563630408817097,0.364,0.377,1
"PI4KA",0.198458491774363,0.272168131211501,0.316,0.299,1
"SIRPB1",0.198562043706449,-0.442801518094101,0.208,0.237,1
"TRIP10",0.19871715330222,-0.554178243104075,0.092,0.112,1
"AK6",0.199851457504915,0.350122070301631,0.182,0.163,1
"ABL2",0.200012527323828,0.261955192216643,0.149,0.125,1
"CASP6",0.200051915988018,-0.250394451623232,0.109,0.132,1
"SLC7A1",0.200466815689308,-0.407294725508197,0.095,0.115,1
"APPL2",0.201566119533907,0.283159171199983,0.121,0.099,1
"RARS2",0.202348508351854,0.462597581421285,0.22,0.19,1
"CD3G",0.205170370728385,0.429318462758807,0.106,0.086,1
"KIZ",0.205389367096176,-0.328714487227983,0.091,0.112,1
"BCL2A1",0.205657415755912,0.473814187077064,0.202,0.179,1
"SLFN11",0.206825409796995,0.427877289545753,0.219,0.198,1
"NT5C3B",0.207036614207739,0.490626224837293,0.148,0.128,1
"STRADB",0.208643369152401,-0.292433125416862,0.105,0.125,1
"SESN3",0.208930285968859,0.365409709582323,0.248,0.228,1
"THAP1",0.209663981241842,0.556512937228565,0.183,0.163,1
"BCKDHB",0.210255191433827,0.499725900211533,0.123,0.104,1
"CMKLR1",0.211857480179251,0.37692155610908,0.101,0.081,1
"ADGRG5",0.212073986276641,0.373757176230955,0.122,0.101,1
"CBFA2T2",0.212600221028249,0.289385068221695,0.116,0.096,1
"CSNK1G3",0.212726568735973,0.258883691724765,0.316,0.296,1
"ITCH",0.212882848906258,0.302336524001878,0.434,0.421,1
"SNAPC1",0.212958201083302,0.462966591341698,0.13,0.112,1
"ABCD4",0.213218118543313,0.431271663883399,0.188,0.169,1
"FAHD1",0.213639166798213,-0.313470668017516,0.112,0.133,1
"SBF1",0.214335799721634,0.640236983004734,0.118,0.098,1
"TRAPPC13",0.216542108991992,-0.325175527592229,0.106,0.127,1
"GNGT2",0.217832879111697,-0.270503420061313,0.09,0.111,1
"UBXN2B",0.218382969663805,0.286755655249612,0.204,0.18,1
"P2RY10",0.218744284358621,0.521499043653098,0.105,0.086,1
"MED19",0.220363866518069,-0.276636326276988,0.151,0.172,1
"XPNPEP3",0.220771708457377,0.335312220016855,0.149,0.128,1
"ZC3H3",0.220786735848023,-0.404057163976046,0.089,0.107,1
"DPH5",0.220856907216873,0.408227196097919,0.187,0.167,1
"ZFP14",0.221009510167627,-0.26397058366664,0.118,0.14,1
"RBM15",0.221071916721392,0.250941033705219,0.143,0.122,1
"HLA-DOB",0.222150949833259,0.325558361697402,0.137,0.115,1
"TADA1",0.222751988109045,0.26584764353301,0.109,0.089,1
"CFAP20",0.223131472471715,-0.389024843207495,0.139,0.161,1
"GALNT11",0.224051149457579,0.298864819895553,0.231,0.207,1
"PLEKHM1",0.227456258450313,-0.258537129903791,0.192,0.218,1
"MYSM1",0.228076544631185,0.261829863147563,0.312,0.288,1
"EPG5",0.228206357664217,-0.28282774686518,0.106,0.127,1
"RPS6KA2",0.228625591426154,-0.322070367890574,0.112,0.132,1
"SPATA5L1",0.229193409355113,0.355975873475276,0.1,0.081,1
"TATDN1",0.229893160085017,0.263351530429503,0.351,0.332,1
"VAC14",0.230736051401189,-0.39838481958328,0.095,0.114,1
"MT1X",0.23183322127437,-0.305879034108896,0.272,0.299,1
"FAM102B",0.233239514769156,0.370728368906925,0.347,0.337,1
"UHRF1BP1",0.234968827205223,0.35992489899535,0.105,0.086,1
"AL138756.1",0.235372908005418,-0.485056456803773,0.138,0.159,1
"TUT4",0.23593621606573,0.290805947910044,0.344,0.324,1
"AL135925.1",0.236365346166608,-0.411887041323804,0.213,0.234,1
"SFR1",0.237182570206148,-0.254554432900524,0.102,0.124,1
"NDST2",0.23739037958952,0.260799772519876,0.209,0.184,1
"CASP3",0.238457598412144,0.365538166324534,0.22,0.203,1
"BIRC3",0.238820663218922,-0.297080861434765,0.246,0.273,1
"CARF",0.240003966599448,-0.32605239987032,0.091,0.109,1
"C11orf74",0.240331424317642,-0.293503529676681,0.096,0.115,1
"ERI3",0.240475463922337,-0.320994399192764,0.173,0.198,1
"PINK1",0.240601707731611,0.402296031871954,0.108,0.091,1
"FCHO2",0.241085790907769,-0.300834460847162,0.111,0.132,1
"GTPBP10",0.241114873809294,0.310926889063373,0.112,0.094,1
"RETREG2",0.241189571793979,0.262440062023156,0.296,0.28,1
"SRSF7",0.243377247990916,-0.298127383843622,0.886,0.907,1
"MKNK1",0.243820243385706,0.354421490552968,0.191,0.172,1
"HIST2H2BE",0.244004350510156,-0.810589239835321,0.085,0.102,1
"SNX20",0.244666912263237,0.318221324279684,0.338,0.319,1
"MCM7",0.244857438218546,-0.324945153114752,0.098,0.117,1
"DHX40",0.245076728032157,0.302812043224402,0.284,0.268,1
"LINC01226",0.24520142698867,-0.403742807781992,0.098,0.117,1
"SAR1A",0.245212159687351,0.279883823342471,0.355,0.345,1
"TMCC1",0.245610301124551,0.335012829123241,0.189,0.167,1
"ZFP36",0.245721980421697,-0.672181358607913,0.903,0.886,1
"YARS2",0.246026171788455,-0.274501079281721,0.144,0.166,1
"NCLN",0.246570243169619,-0.253183395906788,0.192,0.215,1
"CASK",0.246761243968309,0.411565312045263,0.109,0.093,1
"USP13",0.249305250263524,0.312202144284159,0.129,0.111,1
"VPS37A",0.249582226118436,0.253329528691481,0.175,0.153,1
"CASD1",0.254292929750722,-0.276763605128252,0.153,0.174,1
"BCR",0.254423730944011,0.406653355253902,0.134,0.117,1
"TRAFD1",0.254444705501243,-0.252187288878065,0.103,0.124,1
"PEX19",0.255244854955051,0.300849784646952,0.15,0.13,1
"HYI",0.256015755426135,0.457183301813568,0.134,0.117,1
"ZBTB37",0.256262811733417,-0.298929931956785,0.102,0.122,1
"ZNF710",0.256827412350923,0.417017098637103,0.164,0.143,1
"C9orf85",0.257742233216706,0.252402925519811,0.193,0.169,1
"GPRIN3",0.258570627295821,0.365304844687749,0.309,0.293,1
"ITGAE",0.259039289494767,0.257789687601488,0.56,0.561,1
"ARHGAP19",0.260025352592794,-0.303675519431848,0.119,0.14,1
"GFPT1",0.26070289842439,0.340681258540534,0.164,0.141,1
"SLC9A6",0.26258373172236,-0.346658908136376,0.09,0.107,1
"TRPT1",0.263570692320305,-0.293513592060647,0.125,0.146,1
"NABP2",0.263642080544273,0.468785777416414,0.138,0.119,1
"FAM91A1",0.265389837178274,0.26037025300322,0.362,0.343,1
"TMEM209",0.266406345098444,-0.305963541418776,0.162,0.182,1
"SURF6",0.266746240169943,0.2784548906144,0.182,0.163,1
"MATR3.1",0.268276962041271,0.48753634663401,0.161,0.143,1
"ACADSB",0.26902171304753,0.328816405597566,0.103,0.086,1
"ALOX5AP",0.269151350620063,0.348002974668318,0.584,0.605,1
"APH1B",0.269297232569835,-0.31681391700809,0.09,0.107,1
"SP140",0.269382044456197,0.289280112991368,0.188,0.166,1
"BAP1",0.27050008718394,0.277287125336551,0.151,0.13,1
"AP1S3",0.270603817164018,0.254537203709638,0.204,0.182,1
"WRAP73",0.271305284895894,-0.3482443842236,0.139,0.158,1
"RAB12",0.271329336211846,0.698699401977418,0.108,0.093,1
"HIRA",0.271482148468532,0.515008477480063,0.107,0.091,1
"HMGB3",0.272183296571023,-0.438055742452952,0.114,0.132,1
"STK19",0.272301670129754,0.274758312621014,0.161,0.141,1
"MAPKAPK2",0.273010371568476,0.254353937823005,0.594,0.597,1
"TWSG1",0.274047847899892,0.510615966018349,0.127,0.111,1
"ZNF75A",0.274623987817705,-0.279196253893216,0.151,0.172,1
"C11orf54",0.274958884919832,-0.321481989313658,0.141,0.159,1
"AL391832.2",0.275239682722278,-0.299634031841034,0.09,0.107,1
"WDR6",0.275290562961142,0.428414625831071,0.216,0.2,1
"AARSD1",0.275849916327227,0.270228204100409,0.225,0.207,1
"CHUK",0.277059762147047,0.472368011689833,0.146,0.128,1
"METTL22",0.277179817821343,0.332863012623778,0.111,0.094,1
"CEMIP2",0.282189962285725,0.277776113503202,0.235,0.215,1
"NBPF19",0.282304600131634,0.269402784606427,0.181,0.163,1
"GORASP1",0.282474739155437,-0.425371715913851,0.092,0.111,1
"SPIN1",0.283581963604217,0.329527113539039,0.225,0.21,1
"LBH",0.283873153077642,-0.318983165147934,0.098,0.117,1
"RAMAC",0.284912433418106,0.293007497384621,0.213,0.193,1
"SLC43A2",0.288458075789892,0.260021518170342,0.379,0.366,1
"RMC1",0.288459465498394,0.381875556337119,0.137,0.117,1
"LILRB1",0.288891061354514,0.25444407484849,0.339,0.327,1
"ITGAL",0.289435601541847,0.2504408989833,0.338,0.322,1
"CPEB2",0.29005309029371,-0.299683415002564,0.156,0.174,1
"RPARP-AS1",0.291002515386942,-0.279085011587096,0.093,0.111,1
"SLC25A51",0.292121302148703,-0.382948370201384,0.096,0.112,1
"YTHDC2",0.293612493088316,0.284375327378168,0.246,0.228,1
"BMI1",0.293768492914389,0.315341601105918,0.241,0.221,1
"VAMP1",0.294634035127019,0.508882932403751,0.13,0.115,1
"UTP23",0.295215104934102,0.272923725184253,0.278,0.263,1
"MYBL2",0.296046532188859,-0.287106777785445,0.128,0.145,1
"SACS",0.29908325498223,0.352291169173975,0.181,0.166,1
"CCDC130",0.300821987617195,-0.292568862346048,0.181,0.203,1
"C12orf65",0.301154535001721,-0.38616740829641,0.107,0.124,1
"PHEX",0.30164226851473,0.279415494596319,0.181,0.161,1
"TGIF2",0.30191511939109,-0.304658520509066,0.134,0.153,1
"ATF7",0.302839354610569,0.286000449697708,0.256,0.241,1
"YIPF1",0.30393264959135,0.317961619727864,0.139,0.122,1
"STARD4",0.304021832225677,0.428821286650446,0.111,0.096,1
"TSPOAP1-AS1",0.304505026187456,0.502278378839742,0.103,0.089,1
"SLC39A6",0.305147119351179,0.254863253461173,0.301,0.285,1
"MCOLN2",0.305443246297875,0.294091853082032,0.256,0.236,1
"EMSY",0.30643610587519,0.428355212955039,0.113,0.096,1
"TAX1BP3",0.306957256008477,-0.261669803248515,0.383,0.413,1
"NUP155",0.307867096392701,0.252524165156687,0.122,0.106,1
"FAM172A",0.308327974622383,0.279060031919305,0.253,0.236,1
"GCFC2",0.31005736238026,0.269801788625248,0.151,0.135,1
"CEP192",0.310600497937408,-0.273631577685877,0.149,0.166,1
"CHD6",0.314003215405604,0.275494015361206,0.348,0.33,1
"HIST1H1B",0.314290997158052,0.339813597638213,0.146,0.132,1
"ZNF263",0.315634047833383,0.387604523185711,0.114,0.099,1
"PRR12",0.316090229643195,0.370620673531587,0.123,0.107,1
"SH3BP4",0.318017191783407,-0.258322104322004,0.256,0.276,1
"C5orf22",0.318271968025731,0.379898311000226,0.132,0.115,1
"VRK1",0.319786481967626,0.259400389434842,0.229,0.21,1
"NIPSNAP1",0.320137710712066,-0.298504231182713,0.107,0.124,1
"PKIB",0.320358815094795,0.358610857121298,0.213,0.195,1
"ZFP90",0.32092876718224,0.2677339259975,0.105,0.088,1
"MAVS",0.323299221342458,0.332870160965859,0.262,0.249,1
"DSN1",0.323634875797,-0.312646973033354,0.107,0.124,1
"BRAP",0.323770422022007,0.263660596716028,0.141,0.125,1
"SEH1L",0.324126335336369,0.33332875620325,0.236,0.223,1
"LTBP3",0.32439712508131,0.471653520705043,0.117,0.102,1
"CYB5A",0.324637608356565,0.311338867527863,0.295,0.28,1
"USP25",0.325587567714497,0.332684954095964,0.279,0.267,1
"GCSH",0.325600812501406,0.336074642638852,0.208,0.192,1
"SEC23A",0.325863493639486,0.327572772747398,0.257,0.244,1
"RNF19B",0.326006303610657,0.271036319027639,0.224,0.207,1
"NOP56",0.326688824983455,0.252134963066508,0.501,0.501,1
"LINC01724",0.32717220200188,0.472402729609105,0.114,0.098,1
"CLU",0.329268182567705,0.667233177327904,0.106,0.091,1
"RRP12",0.329971286658972,-0.408001097120879,0.105,0.12,1
"UPF2",0.330413008986695,0.252678973585783,0.426,0.411,1
"MCM3AP",0.330595861070692,0.293213833721303,0.268,0.257,1
"R3HDM1",0.33293460347721,0.287898413137921,0.353,0.343,1
"FKBP1B",0.333423431191937,-0.252262022631022,0.097,0.112,1
"MED16",0.33579885495716,0.259536197665776,0.135,0.12,1
"CNP",0.336248519107375,0.402289096942139,0.295,0.285,1
"IL18BP",0.336790501195976,0.28464315093883,0.194,0.179,1
"PPP3CC",0.337827997300626,0.301223428244057,0.197,0.184,1
"LY9",0.338594189310082,0.367434173000065,0.17,0.153,1
"SLC16A6",0.338781419214573,0.501696826729383,0.181,0.167,1
"PPP1R21",0.339405819306495,0.417043514372016,0.186,0.174,1
"ASNSD1",0.339589277970821,0.267861237587977,0.178,0.159,1
"NUP160",0.340288472746878,-0.305858588835784,0.181,0.2,1
"RCN2",0.341406446683419,0.285429153123011,0.395,0.389,1
"CCDC146",0.341703272175456,0.254163847621012,0.1,0.085,1
"EXOSC4",0.341740973370248,-0.303201443654836,0.09,0.104,1
"GZF1",0.342088131124928,-0.291325163427754,0.157,0.177,1
"GIMAP1",0.34242580577453,-0.335501942890179,0.124,0.14,1
"CAMKMT",0.342674222225686,0.395885249990716,0.105,0.091,1
"TCHP",0.342981389728732,0.29455394289308,0.176,0.159,1
"CD7",0.343333482631319,-0.369606730654101,0.159,0.174,1
"ZBTB4",0.343424269692905,0.298585188003568,0.167,0.151,1
"PDZD11",0.343588694017675,-0.34373353710734,0.1,0.115,1
"ARID3B",0.343658987081761,-0.346919464724732,0.13,0.146,1
"BRD9",0.34512147322992,-0.263868865029736,0.271,0.288,1
"ACOT8",0.345209002855866,0.342557339122312,0.149,0.135,1
"ERG28",0.345909973270067,0.284467023223264,0.207,0.192,1
"TMEM222",0.347372464290889,0.429529924339035,0.102,0.088,1
"MFSD8",0.349211748312329,0.270256746301272,0.182,0.169,1
"FHIT",0.351096641653641,-0.438035822425901,0.102,0.115,1
"AC007381.1",0.35433887047561,-0.564697386531846,0.102,0.115,1
"IGF2BP2",0.354770023910495,0.267497351710507,0.219,0.207,1
"FBXL17",0.35702577703511,0.29591633268599,0.194,0.179,1
"SLC29A3",0.357615663149996,0.266124256169127,0.154,0.14,1
"SETBP1",0.359349542208823,0.354404771603196,0.162,0.146,1
"ZC3H6",0.361219862856927,-0.365269468033448,0.133,0.15,1
"MAFK",0.363256689640035,0.258014587348133,0.146,0.132,1
"POLR3H",0.364112621469152,0.266439964800326,0.119,0.106,1
"CD3D",0.366585912538548,0.390782695360909,0.13,0.115,1
"ARHGAP12",0.367149914327488,0.305331795865168,0.103,0.091,1
"C1orf174",0.367797841363113,0.28896974624374,0.213,0.202,1
"DNAJC14",0.37099934689226,0.357079720875643,0.111,0.096,1
"TIMM23B",0.374282750574815,0.421017181205437,0.132,0.115,1
"MAML1",0.374667965916906,0.390042875371501,0.164,0.153,1
"ZCCHC17",0.374886838873507,0.272817247524415,0.299,0.288,1
"FKBP14",0.37933529540488,0.359550575315712,0.125,0.112,1
"MXD1",0.379792103874961,-0.265913502722512,0.391,0.403,1
"CD109",0.380840857451081,0.289562405383287,0.109,0.096,1
"SDSL",0.382844591582614,0.366817391079964,0.102,0.089,1
"HOXB-AS1",0.383672128578258,0.355441837026762,0.102,0.089,1
"RNF216",0.386522814761519,0.254420689725496,0.348,0.343,1
"ARHGAP24",0.387750468829716,0.523417045500366,0.109,0.098,1
"COPRS",0.389049312715535,0.305688607872681,0.277,0.263,1
"ZNF195",0.391411921721779,0.281949308959119,0.156,0.141,1
"RASD1",0.391757935437085,-0.689080268989866,0.197,0.21,1
"ETFRF1",0.392483487158737,0.34257415686008,0.193,0.18,1
"STARD4-AS1",0.393700264191435,0.366353347240915,0.141,0.127,1
"CPSF7",0.396574698791398,0.288684429313904,0.314,0.294,1
"SESTD1",0.396716342434852,0.385904097133981,0.198,0.187,1
"TFIP11",0.398134548681589,0.263787752757191,0.121,0.107,1
"CEP44",0.399070123598076,0.298125970178195,0.121,0.109,1
"KEAP1",0.399163730567669,-0.267497193384345,0.096,0.109,1
"FASTKD5",0.399288715006934,0.269731102724228,0.123,0.109,1
"STK17A",0.399995155415183,0.342981326210624,0.306,0.306,1
"WASHC2A",0.401060097713124,0.265144566126145,0.28,0.27,1
"SNHG5",0.401797092485227,0.278276013376987,0.877,0.925,1
"SPPL2B",0.403420640675974,0.408187522246496,0.124,0.112,1
"NFATC1",0.404926829201961,-0.297465572492564,0.135,0.153,1
"NUDT17",0.405528874988331,0.40729916732539,0.103,0.089,1
"PRIM2",0.405955775754962,0.683952788878585,0.102,0.091,1
"LINC01409",0.406818012423938,0.296484689481142,0.175,0.161,1
"LONP1",0.407980895788947,-0.30826917104314,0.133,0.15,1
"NDE1",0.408424992470372,-0.340302063819984,0.193,0.21,1
"TSTA3",0.408619261072925,0.276543640095614,0.271,0.262,1
"ARHGAP21",0.409376564142413,0.328941963897098,0.278,0.27,1
"PIAS4",0.41099418793352,-0.388559488160767,0.103,0.115,1
"TMEM191B",0.412535436889505,0.327277021407929,0.1,0.088,1
"RBMXL1",0.414914954789523,0.39729111810008,0.185,0.176,1
"ERVK3-1",0.415561420491497,0.41606927690123,0.262,0.249,1
"ACYP1",0.415579535335295,0.571044399839133,0.132,0.12,1
"LMNB2",0.416302111773224,-0.336095663219802,0.101,0.114,1
"RILP",0.418934181699142,-0.288680511362822,0.146,0.164,1
"FTSJ1",0.419767643457726,-0.349385255948231,0.089,0.101,1
"BNIP3",0.419999803801965,0.394113196199187,0.106,0.094,1
"KLHL7",0.420601133657989,0.323353984087495,0.105,0.093,1
"UTP3",0.42120337307905,0.262177119896141,0.36,0.343,1
"ARHGEF9",0.422566187740598,0.30302214522822,0.101,0.089,1
"LYRM1",0.422868553244469,0.279541254322774,0.155,0.141,1
"PLAAT3",0.424443315343808,0.36032548402231,0.355,0.359,1
"PLEKHO2",0.424543326846059,0.308174062755475,0.153,0.141,1
"LINC02356",0.426209389456447,0.333515196557982,0.118,0.106,1
"TMEM42",0.426364018302096,0.278734560710136,0.151,0.137,1
"H6PD",0.42642840263464,-0.393919179448338,0.113,0.127,1
"HMBS",0.42825844484744,-0.262420238956184,0.128,0.146,1
"CDC16",0.429171602133475,0.315447746281692,0.237,0.224,1
"SLC4A3",0.430869710100478,0.382204670697368,0.114,0.101,1
"IMMP1L",0.431196940208699,0.259818342688185,0.185,0.174,1
"YEATS4",0.431650112456264,0.307007475810788,0.186,0.172,1
"PER2",0.431829970202893,-0.419673778372269,0.118,0.132,1
"AC027644.3",0.434374927789093,0.319880276846421,0.186,0.172,1
"PAX8-AS1",0.436694466316205,0.256365119960719,0.156,0.143,1
"USP46",0.438435574990655,0.375560554749882,0.202,0.19,1
"SCML1",0.44131526092042,-0.492681525935466,0.106,0.117,1
"PAPSS2",0.445270465217772,0.291037573114557,0.119,0.107,1
"PPP1R16A",0.446041068106378,0.329350135190938,0.153,0.141,1
"ZNF518B",0.446676804685969,0.300548449669428,0.146,0.133,1
"SMG6",0.448297734357688,0.504161292744211,0.151,0.14,1
"COMTD1",0.449269796962385,0.250970128030256,0.18,0.171,1
"COG6",0.449885441736021,0.398495984015998,0.116,0.106,1
"RFT1",0.450472117655049,0.48269876014063,0.111,0.101,1
"XPO6",0.455226456443331,0.264535130849058,0.299,0.293,1
"TMEM63A",0.457507208930378,0.259863748956095,0.167,0.156,1
"PIP4K2B",0.458175224897702,0.264223696046605,0.139,0.127,1
"MINDY2",0.461915546116881,0.390282704856003,0.148,0.138,1
"MTM1",0.462375689330113,0.253912622175484,0.24,0.229,1
"RHOH",0.463096453566458,0.323893663147516,0.109,0.098,1
"PIGT",0.464327564175757,0.31902958177649,0.31,0.309,1
"AC005921.2",0.464813937648733,0.359358564341826,0.125,0.115,1
"GPR155",0.467918267208582,0.431686446346023,0.129,0.119,1
"INSIG1",0.469340646093425,-0.585170832500233,0.359,0.358,1
"WDR83",0.47000163488657,-0.266863661498296,0.122,0.135,1
"IFITM3",0.470235073415592,0.369201535663551,0.466,0.486,1
"CARM1",0.472356507432632,0.380109602871346,0.177,0.166,1
"NUP205",0.47266639210231,0.563067822220069,0.134,0.125,1
"GNB5",0.473787202324084,-0.272774830680632,0.106,0.119,1
"TBC1D12",0.474103994910651,0.262238424799205,0.172,0.163,1
"HIBADH",0.476231419164261,-0.264625808292873,0.111,0.125,1
"HIST1H2BC",0.481620612344716,0.324504316941248,0.117,0.106,1
"RSKR",0.492029874283771,0.366652250333532,0.107,0.098,1
"SCAI",0.493478988174349,0.29898800922443,0.112,0.102,1
"AC139530.1",0.495909035026436,0.334001263875783,0.105,0.094,1
"ASPSCR1",0.496591711879083,0.289650934840575,0.246,0.236,1
"ABHD17B",0.496670242457427,0.349737600658757,0.144,0.133,1
"TLR4",0.497527019669685,0.393500896684663,0.194,0.187,1
"SLC23A2",0.497996416396883,0.294959883210476,0.192,0.184,1
"UTP4",0.499503559503988,0.259634089415789,0.144,0.132,1
"EPS8",0.500515994236034,0.358235932970717,0.125,0.117,1
"CX3CR1",0.500585701902964,0.267488667083234,0.169,0.158,1
"PGM2L1",0.501992604891877,-0.641826309835,0.092,0.101,1
"EXOC4",0.507155203860282,0.28233831569125,0.314,0.315,1
"ST3GAL5",0.509506112934891,-0.295535042930924,0.264,0.278,1
"C8orf82",0.509529633732124,0.273364665641562,0.224,0.215,1
"AC104162.2",0.51180447567738,0.252948076626162,0.106,0.098,1
"SLC30A5",0.5156023015665,0.262530935373485,0.319,0.317,1
"RUSC1",0.519042019435086,0.331990656097349,0.106,0.096,1
"KCTD18",0.519866439163157,0.464675120324331,0.153,0.146,1
"ZNF316",0.521276912708506,0.320043357140738,0.121,0.111,1
"CCDC186",0.521568098032711,0.301924594539233,0.472,0.485,1
"VPS13B-DT",0.521606232370273,0.398794064919272,0.105,0.096,1
"B3GALT6",0.521850390895448,-0.260080245744428,0.176,0.189,1
"ABCD1",0.521981804999274,0.282256706435231,0.129,0.12,1
"CCNG2",0.524278284746999,0.327511108003413,0.214,0.208,1
"PHKA2",0.528572031412481,-0.274436311088665,0.096,0.106,1
"ATP10A",0.529564954505722,-0.420876301903053,0.098,0.107,1
"NUP153",0.533072714182997,0.341580828383994,0.186,0.177,1
"DEDD2",0.534569024102713,0.297470875870158,0.31,0.307,1
"SETD1A",0.536828295308249,0.314173698921821,0.137,0.128,1
"SIGLEC6",0.537567937000362,-0.348589525387698,0.122,0.132,1
"FARS2",0.539132585749991,-0.358195277535382,0.139,0.15,1
"DNAJC5",0.543838797388589,0.287692894637667,0.268,0.262,1
"MEN1",0.549863440977628,0.480082981807911,0.105,0.096,1
"TIMM23",0.553181564423452,0.313708592116211,0.171,0.161,1
"RPUSD2",0.554273112793971,0.559080014444629,0.102,0.094,1
"AP3M2",0.554556702492816,0.253026443098124,0.133,0.124,1
"GZMM",0.554608199041785,0.257570040525962,0.103,0.094,1
"SUSD1",0.555423354559781,-0.351130590389611,0.236,0.246,1
"ADAM19",0.555710843260144,0.344381231934712,0.191,0.179,1
"ESCO1",0.559891625694847,0.258066304101797,0.266,0.257,1
"RAB28",0.560132413082225,0.259509691667892,0.157,0.176,1
"ENTPD1-AS1",0.560270238174198,0.391957411215573,0.125,0.117,1
"SLC38A9",0.563720535101387,0.3937522032251,0.105,0.098,1
"BCAT1",0.568455163701669,-0.272998326882983,0.185,0.197,1
"DCTN6",0.568695301829607,0.266391257072896,0.319,0.319,1
"CD84",0.569498333503133,0.335416177494961,0.235,0.228,1
"RELA-DT",0.569662831584171,0.388939209408917,0.1,0.093,1
"RHBDD2",0.569776530854907,0.375983245372352,0.119,0.112,1
"AAK1",0.574214096980086,0.277174823385695,0.442,0.463,1
"ZDHHC21",0.57710332377141,0.31594328690698,0.157,0.15,1
"SLC25A38",0.578090569474541,0.541825897533206,0.102,0.114,1
"PARG",0.580148444132713,-0.297634862779506,0.127,0.138,1
"TNFSF10",0.582522230822411,0.316183694336937,0.256,0.28,1
"EFNB1",0.587830220132415,0.317566004665774,0.173,0.169,1
"ASB3",0.588014151384094,0.387605683439244,0.109,0.101,1
"NLN",0.590081667711993,0.322946133008349,0.1,0.093,1
"RBBP8",0.594663138000061,-0.263957632826618,0.177,0.187,1
"ZFYVE27",0.602944249301318,-0.259126465378257,0.109,0.115,1
"AC245014.3",0.605478751990644,-0.474761578362931,0.197,0.208,1
"GBF1",0.610260681721603,0.29654214112619,0.172,0.164,1
"KNOP1",0.611806276578906,0.284680943766647,0.176,0.167,1
"IRF4",0.612620308903741,-0.577951751121532,0.498,0.499,1
"MEPCE",0.614349590678569,0.360802452046218,0.154,0.146,1
"FPR3",0.627222560415031,-0.337732057195477,0.097,0.104,1
"TNFRSF21",0.627369735371302,0.33562872073957,0.296,0.299,1
"BTG3",0.633434816282782,-0.311115110904098,0.145,0.156,1
"UMAD1",0.635088374534447,0.273239686254423,0.103,0.098,1
"TCF12",0.637505303519631,0.272416323705309,0.228,0.224,1
"STRBP",0.638478452863344,0.344382222388746,0.257,0.259,1
"KLHL20",0.639268774126128,-0.26723764655381,0.141,0.151,1
"MIB2",0.647366153731207,0.314689016707366,0.18,0.174,1
"CDC37L1",0.650283840353886,0.411438728251548,0.108,0.119,1
"H1F0",0.651592630834689,0.287905223095293,0.157,0.151,1
"ZNF84",0.65686644390822,0.253063396254717,0.102,0.096,1
"AP5Z1",0.658366628555474,0.378653114627967,0.137,0.132,1
"STK25",0.659756071451068,0.284238920394706,0.22,0.22,1
"ZNF296",0.663257620593076,0.254407349081595,0.109,0.119,1
"TNFAIP8L1",0.666547354998721,0.25533253438785,0.096,0.104,1
"GRIP1",0.674031842616751,0.309397637883345,0.167,0.164,1
"IGLC2",0.677104448790845,4.82465494557083,0.097,0.106,1
"TFPT",0.687611351135184,0.287885318441917,0.267,0.273,1
"KHNYN",0.687953413118846,0.257883344700573,0.114,0.125,1
"TIMM10B",0.694591872665375,0.269121168227755,0.193,0.192,1
"OGFOD1",0.695331273516475,0.253398603491757,0.128,0.124,1
"CD79B",0.700623855407849,0.309320273392332,0.111,0.119,1
"TCF7",0.70393339672741,0.36077463792251,0.154,0.15,1
"NFAM1",0.705235421120195,0.263123870707977,0.133,0.13,1
"VTA1",0.70970152009389,0.300133934094682,0.218,0.215,1
"FER",0.709983314662417,0.514264507729703,0.109,0.106,1
"NAGLU",0.714551583117237,0.262514422653107,0.118,0.127,1
"SLF1",0.715271058959407,0.408841658711558,0.101,0.096,1
"DROSHA",0.718084631512922,0.353169676975599,0.111,0.107,1
"MAD2L1BP",0.723631394088419,0.2514425651912,0.107,0.102,1
"XXYLT1",0.725418176796597,0.295844468424945,0.192,0.189,1
"AL360012.1",0.732774812646802,-0.394102271062288,0.157,0.164,1
"MBOAT1",0.73667417535613,0.25344641586334,0.13,0.138,1
"TACO1",0.739338510064578,-0.267029079078773,0.101,0.106,1
"UTP20",0.739670496638412,0.30231869370742,0.107,0.104,1
"MRPL39",0.744258366089708,0.263090092959271,0.107,0.104,1
"TMEM11",0.74641686862342,0.253830319043761,0.246,0.244,1
"IL1B",0.746617367121292,-0.340759054018534,0.246,0.236,1
"AC093323.1",0.750896728997317,0.303775264337709,0.102,0.098,1
"TTC28-AS1",0.754868780283039,0.332402346364322,0.177,0.171,1
"SPRTN",0.765238163309373,0.26812359947841,0.194,0.208,1
"NR4A2",0.770743631814746,-0.571800027393827,0.443,0.434,1
"UBA7",0.771945744739143,0.34252745326591,0.138,0.148,1
"TRIM24",0.778408144999908,0.292022246160119,0.188,0.187,1
"GIPC1",0.78474608459208,0.319617463294883,0.108,0.106,1
"CLIC3",0.785599829314143,-0.320438128184134,0.346,0.319,1
"BCL2L1",0.789235390884709,0.255487596682082,0.113,0.111,1
"EPHB6",0.789326662267245,0.308335262653121,0.13,0.128,1
"RGS2",0.793932181974018,-0.523768987192617,0.772,0.81,1
"TARBP2",0.795341122369253,-0.29215343441102,0.101,0.096,1
"MIER3",0.798789536003698,0.417999755212832,0.108,0.106,1
"PRPSAP1",0.815589766397335,0.27054853651387,0.223,0.239,1
"MRPL35",0.828150936625775,0.274239072227424,0.198,0.193,1
"CKS1B",0.837287411237242,0.277585344151296,0.188,0.189,1
"AKT1S1",0.845210313527694,0.327108136035598,0.112,0.119,1
"SLC25A45",0.867931112848711,-0.344802982393582,0.187,0.189,1
"CTSW",0.869551989582499,-0.2606229833016,0.151,0.153,1
"PHF19",0.870678379803836,0.272734840419301,0.173,0.171,1
"GATB",0.875005605631025,0.395156202823854,0.105,0.104,1
"GAMT",0.877567696575097,0.327818678083377,0.129,0.128,1
"CHEK2",0.886568218740625,0.290304965003382,0.105,0.104,1
"IGKC",0.887269187682833,-0.632696566893297,0.438,0.485,1
"MRI1",0.90111255678212,0.257457382789068,0.172,0.179,1
"SUMF1",0.902819353708169,0.359804931305778,0.172,0.18,1
"OCIAD2",0.909854115978015,0.257551255142398,0.293,0.298,1
"PNPLA6",0.911086340896048,0.338667609642747,0.22,0.229,1
"PUS1",0.91197176072321,0.255399768378426,0.124,0.125,1
"N4BP1",0.918988696358967,0.262478537867892,0.258,0.27,1
"TUBB1",0.922299034217865,0.612855458234395,0.116,0.119,1
"RNF103",0.931891677993673,-0.292424950388845,0.128,0.128,1
"AC091607.2",0.941144569458563,0.60595141047768,0.108,0.111,1
"GPR108",0.951057305778214,0.254782389348513,0.239,0.247,1
"BCL2",0.991358200297361,0.276520681641295,0.257,0.265,1
"MAPK8IP3",0.995232086329616,-0.255982554699384,0.119,0.12,1
"MRPL50",0.996625685350956,0.295331602349966,0.153,0.156,1
