"Gene","p_val","avg_log2FC","pct.1","pct.2","p_val_adj"
"RPS26",3.52944681166453e-67,1.1204444897857,0.988,0.99,1.29181282753734e-62
"RPL37A",3.70900885804136e-47,0.253451350061536,0.999,0.998,1.35753433213172e-42
"RPL38",4.48035006938678e-30,0.257219450111428,0.993,0.997,1.63985292889626e-25
"DYNLL1",5.09406960964654e-21,-0.501883724833922,0.822,0.929,1.86448041782673e-16
"DNAJA1",2.57001362780561e-16,-0.505944444885165,0.701,0.852,9.4065068791313e-12
"CCR2",5.15494267956029e-16,-0.982396722843865,0.229,0.414,1.88676057014586e-11
"MIF",5.5627255776665e-16,0.391410978654203,0.957,0.953,2.03601318868171e-11
"NAGK",1.95891021537617e-15,-0.523821292378434,0.554,0.726,7.16980727929833e-11
"ABI3",2.35231105528533e-14,-0.909960697039332,0.274,0.433,8.60969369344982e-10
"HNRNPF",1.54294943675524e-13,-0.382941680000943,0.752,0.863,5.64734923346785e-09
"PSMB9",1.56071264630323e-13,-0.387890084351324,0.818,0.906,5.71236435673445e-09
"BAZ1A",2.2857739828888e-13,-0.542544771567948,0.599,0.732,8.36616135477128e-09
"NIPBL",2.0143399895095e-12,-0.509137601650656,0.583,0.73,7.37268579560371e-08
"RGS14",2.70423800267577e-12,-0.934455197486572,0.181,0.329,9.89778151359358e-08
"PRKCD",3.05911043431468e-12,-0.468498838298158,0.423,0.596,1.11966501006352e-07
"UBXN4",5.14224536722416e-11,-0.370527465899257,0.697,0.827,1.88211322685771e-06
"ACTR3",6.62696251799141e-11,-0.2537630237745,0.863,0.942,2.42553455121003e-06
"CLTA",7.47312901353464e-11,-0.280646603298891,0.831,0.91,2.73523995024381e-06
"IGSF6",8.07997622189027e-11,-0.472550263500205,0.688,0.77,2.95735209697406e-06
"DEGS1",9.34672930189737e-11,-0.532667110841221,0.453,0.605,3.42099639178746e-06
"PPP1R12A",1.23253714169391e-10,-0.403945787317845,0.593,0.733,4.51120919231388e-06
"GPN3",1.9377321582409e-10,-0.845846204169039,0.188,0.324,7.09229347237753e-06
"PPM1G",2.08634259005109e-10,-0.356098512241146,0.785,0.883,7.63622251384599e-06
"YWHAH",2.14451130472051e-10,-0.449693455545754,0.562,0.72,7.84912582640753e-06
"TOP1",2.18412377531519e-10,-0.365097432444231,0.621,0.78,7.99411143003112e-06
"IL6R",2.93547325823108e-10,-0.515694804758864,0.469,0.614,1.07441256724516e-05
"CD300A",3.05736029512766e-10,-0.548658920378592,0.383,0.536,1.11902444161967e-05
"GCA",3.31915414947571e-10,-0.449132124990427,0.542,0.674,1.2148436102496e-05
"ROCK1",7.94599355729218e-10,-0.361118944082017,0.715,0.813,2.90831310190451e-05
"MRPL20",7.95753377605716e-10,-0.315213677281907,0.753,0.884,2.91253693737468e-05
"MRPL18",8.25228610707825e-10,-0.475815451741039,0.413,0.569,3.02041923805171e-05
"PAK1",8.30910026823608e-10,-0.493797016001206,0.626,0.714,3.04121378917709e-05
"APBB1IP",8.35268631747851e-10,-0.425395674969347,0.69,0.805,3.05716671906031e-05
"TMEM176B",1.09051578215642e-09,-1.56827433186743,0.053,0.141,3.99139681427072e-05
"FEZ2",1.2587795861117e-09,-0.571005246242929,0.49,0.607,4.60725916312744e-05
"HSBP1",1.28263833496358e-09,-0.351531937615705,0.651,0.765,4.6945845698002e-05
"TNFSF10",1.3602613026869e-09,-0.430381962004905,0.256,0.4,4.97869239396433e-05
"AKAP9",1.74843577892362e-09,-0.38108059880569,0.67,0.81,6.39944979443836e-05
"CLECL1",2.09508671147573e-09,-0.817974711150143,0.186,0.315,7.66822687267232e-05
"MRPS18C",2.13968185477374e-09,-0.424478208634888,0.481,0.628,7.83144955665737e-05
"RPS6KA1",3.75336173602222e-09,-0.474022686391282,0.399,0.549,0.000137376792900149
"NUP214",3.76853252268208e-09,-0.51680666392656,0.497,0.628,0.000137932058862687
"RGS19",5.64531733493436e-09,-0.361170460245539,0.627,0.745,0.000206624259775932
"STIP1",6.90922017353862e-09,-0.485408482035227,0.255,0.394,0.000252884367571687
"DOCK8",7.27660232465522e-09,-0.312283180065898,0.758,0.833,0.000266330921684706
"ELP5",8.97798039449734e-09,-0.456970761211414,0.242,0.373,0.000328603060418997
"P2RY13",1.09540135732514e-08,-0.780231479330737,0.187,0.305,0.000400927850794575
"UBXN1",1.76890239500654e-08,-0.29929649934021,0.838,0.909,0.000647435965596345
"TNFAIP8L2",1.81015466517554e-08,-0.657974976663371,0.2,0.32,0.000662534709000901
"CES1",1.84488975761703e-08,-0.803796895368095,0.139,0.25,0.000675248100185409
"TRIP11",2.43107659058169e-08,-0.732516130725861,0.231,0.351,0.000889798342918805
"ZC3H18",2.52080209469857e-08,-0.462815133706661,0.314,0.463,0.000922638774680625
"DYNC1I2",2.96667590789772e-08,-0.411584259099812,0.52,0.666,0.00108583304904964
"APAF1",3.13146413726972e-08,-0.548826161196855,0.474,0.592,0.00114614718888209
"DHRS4",3.56450819927016e-08,-0.752100722263443,0.188,0.305,0.00130464564601487
"LINC01578",3.97177701518258e-08,0.317977693009501,0.915,0.915,0.00145371010532698
"TNFAIP8",4.12600989145974e-08,-0.32536364448243,0.611,0.722,0.00151016088037318
"CTR9",4.41600688460954e-08,-0.372437624579205,0.327,0.483,0.00161630267983594
"ADI1",4.60526761758932e-08,-0.406302408529613,0.568,0.698,0.00168557400071387
"UNC50",4.92406367108302e-08,-0.540592300905697,0.248,0.379,0.0018022565442531
"LYSMD2",5.27966393482873e-08,-0.442755012316236,0.37,0.523,0.00193240979678666
"MRPS28",5.42075381340002e-08,-0.416535658713884,0.317,0.453,0.00198405010324254
"PIK3R1",5.93573256442555e-08,0.506491110219394,0.712,0.659,0.00217253747590539
"DAXX",6.11229103887161e-08,-0.616883132800695,0.221,0.343,0.0022371596431374
"TMEM223",6.26826209743605e-08,-0.751381911443873,0.169,0.277,0.00229424661028257
"KDM5A",6.76269466371693e-08,-0.392243330092465,0.587,0.701,0.00247521387386703
"ATP6V1B2",7.44264197551507e-08,-0.400168900937668,0.373,0.511,0.00272408138945827
"RSBN1L",8.23481236209514e-08,-0.476850346255251,0.38,0.511,0.00301402367265044
"FDFT1",1.01640457044941e-07,-0.45130696589933,0.41,0.55,0.00372014236830188
"PLEKHO1",1.04805794199643e-07,-0.271991284876204,0.845,0.92,0.00383599687350114
"GBP1",1.07856569068174e-07,-0.697973382794649,0.247,0.363,0.00394765828446425
"VPS4B",1.12719432768054e-07,-0.418453614143683,0.498,0.633,0.00412564395874355
"HLA-DRB5",1.30530269659203e-07,-0.362087647891327,0.786,0.806,0.00477753839979648
"ROCK2",1.32067569672728e-07,-0.641949422242036,0.221,0.339,0.00483380511759153
"IMPA2",1.3485214800179e-07,-0.455480784596277,0.416,0.54,0.00493572346901352
"LCP2",1.38513713654993e-07,-0.460042889631019,0.434,0.563,0.0050697404334864
"NDUFA8",1.58482767813486e-07,-0.520286729389711,0.336,0.465,0.0058006277847414
"CX3CR1",2.18070049913801e-07,-0.805225866612857,0.169,0.271,0.00798158189689503
"STK17B",2.29164645528912e-07,0.266045425453453,0.93,0.931,0.00838765519100372
"CCT3",2.41013473180435e-07,-0.271766599213731,0.706,0.822,0.00882133413187711
"SPOP",2.58800112265496e-07,-0.416580336013016,0.384,0.505,0.00947234290902942
"AC004556.3",2.62969973348754e-07,-1.33546441397416,0.054,0.125,0.00962496399453775
"ZNF638",2.7476452634776e-07,-0.484193335981105,0.371,0.497,0.0100566564288544
"PDCD6",2.80205051231966e-07,-0.299146811865112,0.748,0.816,0.0102557850801412
"EEA1",2.89112492333613e-07,-0.354439037742062,0.406,0.537,0.0105818063319026
"SEC11A",2.89844682906554e-07,-0.255107801351568,0.828,0.909,0.0106086052390628
"CWC22",3.11774976839206e-07,-0.729844527269522,0.155,0.257,0.0114112759272918
"SRSF1",3.20243012476128e-07,-0.37071130360971,0.462,0.587,0.0117212144996388
"FOS",3.4962707870908e-07,-0.455745143975854,0.736,0.776,0.012796700707831
"CUL1",3.73523180762085e-07,-0.448505754990752,0.333,0.462,0.0136713219390731
"CPT1A",3.88390058582804e-07,-0.449447972169047,0.341,0.463,0.0142154645341892
"ISCA2",3.93346635085177e-07,-0.545519685141296,0.292,0.414,0.0143968801907526
"COPB2",4.21402572664832e-07,-0.363777380238746,0.402,0.533,0.0154237555621055
"CLEC12A",4.39169437543684e-07,-0.386475703201711,0.419,0.558,0.0160740405835364
"ARHGAP45",4.6192420079354e-07,-0.371557677629547,0.515,0.641,0.0169068876732443
"EIF2S1",4.69310221733721e-07,-0.332339491999913,0.339,0.476,0.0171772234256759
"CSK",4.88029731239055e-07,-0.281125745546849,0.681,0.782,0.0178623761930807
"HIST1H4C",5.23837750379937e-07,-0.292965750436658,0.797,0.879,0.0191729855016561
"NIT1",5.26800279229921e-07,-0.804873390410555,0.155,0.252,0.0192814170200943
"MAP3K8",5.28081243937245e-07,0.407734041381312,0.813,0.79,0.0193283016093471
"PUS3",5.49437355711151e-07,-1.35188307124409,0.048,0.115,0.0201099566563838
"ALDH2",5.51343992981636e-07,-0.260846749710938,0.801,0.874,0.0201797414871208
"MLEC",5.67260402589079e-07,-0.319267708038174,0.675,0.785,0.0207622979951629
"UBE2A",5.74301341742866e-07,-0.368418447869982,0.529,0.641,0.0210200034091306
"HSPA4",5.87052848191721e-07,-0.358005706936931,0.396,0.526,0.0214867212966652
"EEF1E1",6.03566848233656e-07,-0.43275537513988,0.415,0.528,0.0220911502122001
"CNPY2",7.43147188821778e-07,-0.392256925976555,0.478,0.612,0.0271999302580659
"HSPH1",7.63094490257585e-07,-0.487474287821263,0.293,0.41,0.0279300214379179
"TUFM",7.65202073957864e-07,-0.25485300200142,0.707,0.811,0.0280071611089318
"RPS6KA4",7.8157859528742e-07,-0.428301295500689,0.507,0.63,0.0286065581661148
"IRF2",8.00274073343509e-07,-0.432565500933991,0.417,0.537,0.0292908313584458
"HSPA8",8.5318220569736e-07,-0.312352042652087,0.851,0.904,0.0312273219107291
"VAV1",8.70453979064305e-07,-0.511859325013719,0.199,0.309,0.0318594860877326
"CTSC",9.09823728211592e-07,-0.34489356219701,0.834,0.894,0.0333004582762725
"CYBC1",1.01105031562546e-06,-0.351321272357696,0.426,0.535,0.0370054526022076
"IGFBP7",1.02921301273705e-06,-0.43283813540121,0.383,0.509,0.0376702254791889
"UTP18",1.04834306078708e-06,-0.403706899489203,0.269,0.385,0.0383704043678679
"PCMT1",1.05330002667665e-06,-0.255111860078027,0.525,0.653,0.0385518342763922
"WAPL",1.06758338982864e-06,-0.370517209164554,0.557,0.663,0.039074619651118
"STK38L",1.07504591914914e-06,-0.422716277604459,0.317,0.429,0.0393477556867775
"PSTPIP1",1.14643379338438e-06,-0.555930775550008,0.299,0.408,0.0419606232716617
"PDK4",1.34075064229595e-06,-1.05817369844373,0.042,0.104,0.049072814258674
"AC018755.4",1.40366897353071e-06,-1.16588266843963,0.07,0.141,0.0513756881001976
"ZER1",1.43046680811004e-06,-0.734013764432615,0.058,0.126,0.0523565156436356
"PAX8-AS1",1.4421858839945e-06,1.08998790676785,0.156,0.082,0.0527854455400828
"C9orf139",1.50728858135829e-06,-0.664772972447172,0.111,0.197,0.0551682693662949
"C14orf119",1.58939999974816e-06,-0.395999741797472,0.199,0.31,0.0581736293907823
"NFYC",1.64181365640787e-06,-0.516941776951842,0.25,0.363,0.0600920216381845
"CD1D",1.67645439095032e-06,-0.424269453263878,0.391,0.512,0.0613599071631727
"RNF167",1.76600713029871e-06,-0.40209358217744,0.285,0.398,0.064637626976063
"TSG101",1.77358389773559e-06,-0.514888608288904,0.317,0.434,0.0649149442410202
"NMT1",1.80715181355337e-06,-0.327922782405378,0.517,0.621,0.0661435635278668
"MTRNR2L1",1.83067461579481e-06,-0.428785667636187,0.264,0.378,0.0670045216127058
"CARD8",1.8830519467507e-06,-0.34668010973487,0.354,0.478,0.0689215843030224
"PTPN6",1.92775444755616e-06,-0.250224973859881,0.673,0.801,0.0705577405350029
"SUCLG1",1.93240997898977e-06,-0.315941335302708,0.529,0.647,0.0707281376410045
"TXNL1",1.98476993866546e-06,-0.286340067864805,0.541,0.656,0.0726445645250944
"HPF1",2.13426844961752e-06,-0.52044151828638,0.241,0.349,0.0781163595244507
"GIMAP7",2.13537609659198e-06,-0.616767001494849,0.171,0.269,0.0781569005113632
"NOA1",2.17239402465316e-06,-0.498988986391895,0.224,0.333,0.0795117936963301
"KLF10",2.22596486823204e-06,-0.257772585322934,0.589,0.725,0.0814725401421608
"MARCH7",2.29473659125025e-06,-0.311490629833737,0.506,0.626,0.0839896539763505
"CMC1",2.51395223334032e-06,-0.38769072066405,0.283,0.404,0.092013165692489
"PSMF1",2.80098705550423e-06,-0.369601169622381,0.401,0.511,0.10251892721851
"ASF1A",3.07855501340327e-06,-0.521960228571594,0.196,0.298,0.112678192045573
"OSBPL11",3.16212972761969e-06,-0.364204517552667,0.487,0.597,0.115737110160608
"NSL1",3.16909199893873e-06,-0.409299590622585,0.353,0.476,0.115991936253156
"LYL1",3.19656771784021e-06,-0.478331575954346,0.271,0.375,0.116997575040669
"PBRM1",3.26702546161714e-06,-0.345400898719022,0.517,0.635,0.119576398920649
"FYB1",3.31400416321079e-06,-0.251201278107461,0.777,0.863,0.121295866377678
"TRIM56",3.36719779768687e-06,-0.42329004634408,0.273,0.386,0.123242806593137
"TRMT1L",3.41944514485257e-06,-1.07617755932578,0.07,0.14,0.125155111746749
"PARP1",3.42870807086948e-06,-0.321572094869374,0.557,0.661,0.125494144101894
"KCTD12",4.21122625053048e-06,-0.252616281868377,0.742,0.829,0.154135091995666
"AREG",4.47882982908866e-06,1.32248277457849,0.449,0.383,0.163929650574474
"TSEN34",4.71501962613553e-06,-0.359457728948173,0.446,0.561,0.172574433336187
"TKT",4.79323867138816e-06,-0.287307909998019,0.849,0.882,0.175437328611478
"MGAT1",5.06293508725208e-06,-0.267562565033431,0.647,0.743,0.185308487128513
"PIGF",5.06789091793765e-06,-0.652132254305415,0.149,0.236,0.185489875487436
"RNH1",5.12611448375289e-06,-0.254176249677782,0.801,0.854,0.18762091621984
"MT-ND4L",5.32743444823209e-06,0.316093299182602,0.894,0.9,0.194989428239743
"LINC02723",5.38281054176249e-06,-0.984525701664929,0.044,0.103,0.197016248639049
"EIF2B1",5.53202629605812e-06,-0.382639488646195,0.28,0.402,0.202477694462023
"SAC3D1",5.58585920847579e-06,-0.711848770477739,0.095,0.169,0.204448032889422
"GTF2E2",5.66687532040254e-06,-0.470054493705508,0.271,0.379,0.207413303602053
"MRPS6",5.71211896009987e-06,-0.318538305571535,0.486,0.594,0.209069266058615
"GIGYF2",5.71218104519048e-06,-0.473908280459575,0.263,0.368,0.209071538435017
"MRPL34",5.76410071668346e-06,-0.254816172473284,0.581,0.698,0.210971850331331
"WASHC4",5.83316905487766e-06,-0.333666625043312,0.432,0.555,0.213499820577577
"NFKB1",5.95679697937282e-06,-0.250162751786241,0.536,0.653,0.218024726242025
"POLK",6.03970037253701e-06,-0.417295010243953,0.354,0.465,0.221059073335227
"COA4",6.05516968648141e-06,-0.386605157396223,0.412,0.527,0.221625265694906
"SRP54",6.39564846803382e-06,-0.444723425205181,0.331,0.444,0.234087129578506
"FGD2",6.45121384164235e-06,-0.34165445049107,0.506,0.606,0.236120877817952
"LRIF1",6.7956480827127e-06,-0.72588704568723,0.105,0.181,0.248727515475368
"GIMAP4",6.84588888284442e-06,-0.536134229463454,0.288,0.388,0.250566379000988
"IFRD2",6.94634627266762e-06,-0.603721392730623,0.123,0.205,0.254243219925908
"SUSD3",6.98212933575567e-06,-0.575875474389983,0.18,0.269,0.255552915817993
"TNFRSF1A",7.00490410040897e-06,-0.461381072644923,0.33,0.439,0.256386494979069
"FKBP15",7.21211152545685e-06,-0.457907015306597,0.355,0.454,0.263970493943246
"LEO1",7.36449393723942e-06,-0.802103893052796,0.127,0.205,0.2695478425969
"CEBPA",7.70587426046947e-06,-0.499726654380287,0.213,0.313,0.282042703807443
"TCIRG1",7.96580029993219e-06,-0.321215859564597,0.428,0.545,0.291556256777818
"CIAO1",8.65148381451693e-06,-0.302734295785267,0.403,0.515,0.316652959095134
"PTPN23",8.89379154279754e-06,-0.67420663863592,0.087,0.161,0.325521664257933
"USO1",9.27425524575694e-06,-0.452098015921216,0.335,0.441,0.33944701624995
"B4GALT3",9.2883788721496e-06,-0.567797864845746,0.113,0.193,0.339963955099548
"TXNRD1",9.42912815012189e-06,-0.370379326011966,0.368,0.475,0.345115519422611
"MCMBP",1.0193041965938e-05,-0.419497125164768,0.347,0.449,0.373075528995297
"HBB",1.02812069455601e-05,0.566373663708981,0.726,0.683,0.376302455414446
"MAPK14",1.03474043945276e-05,-0.499919613804571,0.274,0.373,0.378725348244106
"MRPL32",1.06611434177104e-05,-0.47007148763619,0.207,0.305,0.39020851023162
"CREBZF",1.08093951784814e-05,-0.493903237658496,0.223,0.319,0.395634672927598
"TIMMDC1",1.1236000857212e-05,-0.437307694990366,0.294,0.394,0.411248867374815
"COA3",1.12943664766089e-05,-0.385042575343936,0.266,0.37,0.413385107410361
"SCAMP2",1.20312578468214e-05,-0.295862056909044,0.494,0.617,0.440356068451509
"NPTN",1.21774996638447e-05,-0.292084153503801,0.369,0.478,0.445708665196381
"BRI3BP",1.23791078402204e-05,-0.333291100417825,0.428,0.528,0.453087726059907
"ILK",1.26530569542028e-05,-0.350009146782211,0.434,0.544,0.463114537580776
"ACO2",1.28103370572753e-05,-0.364222158966027,0.363,0.463,0.468871146633334
"AGGF1",1.28339291079019e-05,-0.37706729136149,0.228,0.323,0.469734639278317
"PHF14",1.297250882775e-05,-0.421998584164878,0.338,0.441,0.474806795604477
"ATG3",1.35138453044392e-05,-0.272225275535696,0.668,0.748,0.49462025198778
"FHOD1",1.49780692541891e-05,-0.578454626670352,0.129,0.21,0.548212312772574
"ATG4C",1.51812859784876e-05,-0.438113834078917,0.209,0.303,0.555650248098625
"DUSP3",1.53344403686259e-05,-0.446635275642238,0.346,0.449,0.561255851932078
"HSPA1A",1.57396815805953e-05,-0.830115915094976,0.128,0.202,0.576088085531368
"SNRNP40",1.64170827173402e-05,-0.385478520076108,0.28,0.388,0.60088164453737
"GAB3",1.64701559167643e-05,-0.404477621164941,0.33,0.42,0.602824176709489
"FAM110A",1.65668551303668e-05,-0.503672947805539,0.17,0.26,0.606363464626556
"DDI2",1.78878214106002e-05,-0.634024554094161,0.2,0.287,0.654712151449377
"PSD4",1.86472051192333e-05,-0.493295209129366,0.225,0.319,0.682506354569056
"SAFB",2.01253565089766e-05,-0.427361386899421,0.424,0.511,0.736608173585052
"ACTR6",2.20740680184361e-05,-0.378124358419569,0.24,0.342,0.807932963542781
"CRIP1",2.26194428845357e-05,0.362218979491788,0.97,0.969,0.827894229016893
"CAB39",2.31015166703991e-05,-0.343587222732309,0.421,0.525,0.845538611653278
"POU2F2",2.3122325772319e-05,-0.371470276274954,0.561,0.657,0.846300245592646
"BTBD10",2.32459649303427e-05,-0.487016209384927,0.07,0.134,0.850825562415471
"CACNA2D3",2.33583552625667e-05,-0.457972194037279,0.285,0.383,0.854939160965204
"SMARCA5",2.34325483774611e-05,-0.258611431699669,0.605,0.719,0.857654703163454
"TEX264",2.39530700771356e-05,-0.469235897498103,0.357,0.451,0.87670631789324
"POLR3D",2.41853965493225e-05,-0.704422917763832,0.114,0.189,0.885209699101752
"ACAP1",2.51281041697165e-05,-0.357133598735658,0.389,0.504,0.919713740715792
"MNDA",2.58484605384781e-05,-0.266597182197061,0.679,0.734,0.946079504168838
"GPR183",2.59477866603293e-05,0.330159794209088,0.86,0.827,0.949714939554715
"TMX3",2.77595678735476e-05,-0.336028076014775,0.383,0.494,1
"NEK7",2.780813727726e-05,-0.484729506168523,0.237,0.332,1
"RABEP1",2.90425137614032e-05,-0.400221053458224,0.298,0.402,1
"PPP2R2A",2.94487603842515e-05,-0.321184785315901,0.255,0.354,1
"WDR36",2.97762435733489e-05,-0.460867509758917,0.16,0.245,1
"TMPO",3.1192334629492e-05,-0.347316077712607,0.539,0.638,1
"MRPS31",3.14639946845424e-05,-0.470004202226493,0.194,0.283,1
"TNFAIP2",3.16821136449818e-05,-0.481388929330152,0.449,0.536,1
"WSB1",3.20832005363896e-05,-0.334901418246246,0.621,0.721,1
"TDRD3",3.25406665199256e-05,-0.539588291505468,0.169,0.251,1
"CHST12",3.26635378665723e-05,-0.378564932001401,0.257,0.36,1
"CFAP298",3.38406993304452e-05,-0.343643214558127,0.368,0.48,1
"CD200R1",3.3858930299688e-05,-0.805141214721697,0.068,0.128,1
"PDCD7",3.51679356040921e-05,-0.369896739964476,0.323,0.423,1
"SUPT6H",3.56740084091151e-05,-0.408814112290103,0.339,0.436,1
"COA6",3.6049606364402e-05,-0.362584063667309,0.22,0.316,1
"TARDBP",3.65189776974965e-05,-0.363112498938029,0.392,0.502,1
"TUBA1A",3.66304878545162e-05,-0.273673371896673,0.688,0.76,1
"PTPN22",3.72019700136232e-05,-0.366523241126694,0.354,0.453,1
"COMMD10",3.75363086154164e-05,-0.316755499630025,0.337,0.439,1
"RHBDD1",3.81076355842122e-05,-0.914078930431389,0.114,0.185,1
"MKKS",3.8312342538072e-05,-0.620216197078393,0.121,0.194,1
"USP10",3.97564367512311e-05,-0.422619728027482,0.368,0.456,1
"TBC1D4",3.98770200116967e-05,-0.699232166256352,0.198,0.276,1
"MARK2",4.05886479677587e-05,-0.440436181398244,0.305,0.4,1
"IWS1",4.5742424171208e-05,-0.543325273216464,0.234,0.319,1
"STIMATE",4.57914082092968e-05,-0.861025734121287,0.075,0.137,1
"GPATCH11",4.62311094813889e-05,-0.343958668508474,0.38,0.481,1
"MBD2",4.63672825451643e-05,0.268956401000799,0.724,0.674,1
"FRYL",4.7086428013258e-05,-0.434597134823189,0.375,0.475,1
"IL18",4.7535542051427e-05,-0.306440618528745,0.533,0.618,1
"BLVRB",4.9514025887234e-05,-0.355079179840688,0.619,0.695,1
"LPCAT3",4.97918797184973e-05,-0.615710213379134,0.111,0.181,1
"STXBP3",5.00088574801105e-05,-0.256905710559416,0.407,0.513,1
"APOL3",5.01608878980054e-05,-0.586442425745569,0.133,0.207,1
"CDC27",5.06103733013135e-05,-0.563518592507028,0.171,0.255,1
"DCAF12",5.11958355951126e-05,-0.63974958507678,0.202,0.282,1
"NDUFV3",5.12374471326758e-05,-0.277006835921538,0.477,0.569,1
"SEC16A",5.1915868026183e-05,-0.463689792622496,0.257,0.34,1
"SLC2A6",5.22965535578078e-05,-0.549875404361181,0.173,0.255,1
"PIK3CD",5.23035886664599e-05,-0.354872457279612,0.278,0.379,1
"UFL1",5.28390604687754e-05,-0.252521591505918,0.376,0.491,1
"MED28",5.34261021554931e-05,-0.259898750515968,0.485,0.6,1
"POLD4",5.48416208881337e-05,-0.266899853942228,0.627,0.721,1
"PPP1R10",5.59695013934564e-05,-0.41271085229494,0.395,0.501,1
"CCDC107",5.63355160472883e-05,-0.380331537074382,0.416,0.507,1
"EIF4A3",5.66544249112928e-05,-0.290061062570247,0.508,0.617,1
"PHETA1",5.7122591709712e-05,-0.680562010520376,0.105,0.174,1
"GON7",5.83160155910932e-05,-0.57644995642406,0.109,0.179,1
"BDP1",6.03715374694192e-05,-0.302556122295443,0.428,0.523,1
"NT5C",6.13426646149303e-05,-0.261124587396231,0.397,0.505,1
"ARHGAP17",6.21444186165727e-05,-0.347822516570941,0.355,0.453,1
"MAP1S",6.32000524642813e-05,-0.504731539240862,0.116,0.189,1
"LRRC25",6.62336979109348e-05,-0.359319158870767,0.418,0.508,1
"SNUPN",6.7245983154192e-05,-0.422188203012173,0.192,0.28,1
"SAMD9",6.73664404460066e-05,-0.365510447882285,0.371,0.473,1
"DOCK10",6.76618282602709e-05,-0.280231550354185,0.477,0.586,1
"SUDS3",6.8771050999756e-05,-0.365443299277478,0.319,0.415,1
"TSSC4",6.89142973404445e-05,-0.278340813778192,0.316,0.429,1
"ZSWIM6",6.96492274579914e-05,-0.449429820307279,0.239,0.329,1
"ATP13A1",6.99585396349469e-05,-0.542775728017397,0.18,0.266,1
"DHPS",7.04241622063114e-05,-0.30963588212923,0.322,0.429,1
"CBR1",7.04282276607372e-05,-0.393017094323893,0.258,0.352,1
"ZNRD2",7.08885595035529e-05,-0.449883735065703,0.272,0.36,1
"RNF114",7.150093098747e-05,-0.251273172042514,0.454,0.566,1
"CAVIN2",7.26944657359742e-05,0.580357301624577,0.247,0.172,1
"MALSU1",7.28913835249763e-05,-0.400670456117749,0.246,0.334,1
"MTHFS",7.37214398897603e-05,-0.557361173777713,0.199,0.279,1
"FNTA",7.41630259707922e-05,-0.285550763145397,0.427,0.532,1
"UBFD1",7.41679545908934e-05,-0.51587646789711,0.159,0.235,1
"PRAG1",7.48263556307931e-05,-0.907922157957085,0.057,0.111,1
"ATP6V1D",7.63118790167992e-05,-0.313912587101895,0.433,0.543,1
"LFNG",7.66358063983909e-05,-0.487656969463435,0.213,0.299,1
"CXorf38",7.80872924529974e-05,-0.253369147652358,0.316,0.426,1
"PSMD2",7.89610796904028e-05,-0.273502980300878,0.547,0.646,1
"PIP4P2",8.00323393355444e-05,-0.322374019271034,0.326,0.433,1
"DDX46",8.02628908263189e-05,-0.261994709281197,0.759,0.838,1
"HSD17B10",8.04315449530571e-05,-0.256509478236443,0.503,0.602,1
"DDX19A",8.1469164637737e-05,-0.598006329374024,0.153,0.229,1
"RHOT1",8.15315258100645e-05,-0.439752969538951,0.244,0.33,1
"CMIP",8.16517883085948e-05,-0.250387914634106,0.497,0.606,1
"KEAP1",8.21054012605452e-05,-0.703833869337424,0.096,0.159,1
"ABHD18",8.25558069169882e-05,-0.651543274232488,0.132,0.205,1
"CHMP5",8.35265486911613e-05,-0.287597196672965,0.481,0.581,1
"DNMT1",8.59000402878063e-05,-0.304163439567243,0.438,0.524,1
"ARID4B",8.74243645355308e-05,-0.273930443160649,0.584,0.668,1
"RPP25L",8.78650216694069e-05,-0.474931680671092,0.125,0.196,1
"MITD1",9.00332110965293e-05,-0.403800320536568,0.316,0.41,1
"TRIM27",9.00553715279692e-05,-0.444219352227406,0.189,0.275,1
"ANTXR2",9.07746393596238e-05,-0.362902249711283,0.422,0.525,1
"CYSLTR1",9.14598518951232e-05,-0.353670118221354,0.346,0.446,1
"HCP5",9.69176314778688e-05,-0.93794178945864,0.096,0.159,1
"DOK1",9.82553189276163e-05,-0.693935407916034,0.102,0.168,1
"TCAIM",0.00010071982069442,-0.561222048832543,0.176,0.251,1
"DNM2",0.000102368010486063,-0.2872474992648,0.369,0.476,1
"DELE1",0.000102597449005618,-0.431232522617545,0.242,0.327,1
"SART3",0.000102728656598358,-0.542938529817969,0.181,0.257,1
"DHTKD1",0.000103512495485111,-0.352557422379119,0.199,0.287,1
"MRPS18B",0.000103925158962122,-0.270472591897586,0.234,0.332,1
"NAP1L4",0.000104717673630635,-0.330344317807681,0.426,0.519,1
"PCYT1A",0.000106139563426485,-0.473026323849181,0.245,0.33,1
"MVP",0.000109189477399618,-0.253314420705238,0.421,0.517,1
"MTIF3",0.000110167267845151,-0.305964348618677,0.474,0.575,1
"CHM",0.00011315365081269,-0.512057971085392,0.177,0.256,1
"PREB",0.000113942268221761,-0.78012641968476,0.065,0.121,1
"VIRMA",0.0001139525604802,-0.368966582737285,0.262,0.357,1
"TFEB",0.000114844661228074,-0.435315996215425,0.219,0.303,1
"COP1",0.000116934988139811,-0.410257669899427,0.23,0.315,1
"C1orf35",0.000117947525951289,-0.420677737565224,0.188,0.27,1
"SIGLEC14",0.000118238554514478,-0.635184671632092,0.085,0.144,1
"RPA2",0.000118513439033792,-0.287050824633976,0.274,0.36,1
"CARD6",0.000118716582563688,-0.738573392716006,0.066,0.123,1
"KRCC1",0.000119147400524543,-0.446551634884809,0.219,0.303,1
"SRA1",0.00012016410361869,-0.277593431803054,0.448,0.543,1
"TMBIM1",0.000121594728743798,-0.663423646813932,0.118,0.187,1
"RAI1",0.000123045056013732,-0.701188889913412,0.069,0.125,1
"TESC",0.000124313588917165,-0.343321595008151,0.128,0.203,1
"TRAPPC6B",0.000124315658415715,-0.582996907237303,0.138,0.209,1
"NSFL1C",0.000124712062651416,-0.303676813218097,0.353,0.458,1
"ZNF146",0.000125460698051255,-0.511536909716681,0.178,0.256,1
"DCLRE1C",0.000125896881670665,-0.372338657580053,0.292,0.383,1
"CHD8",0.000126071631494804,-0.417699248658914,0.331,0.424,1
"GOSR1",0.000126137529032158,-0.270383536469993,0.298,0.405,1
"HPS5",0.000129727192911108,-0.261056732309871,0.284,0.375,1
"CDKN2D",0.0001313113399364,0.30443339118663,0.827,0.827,1
"SYTL1",0.000134367805694,-0.484572228229698,0.271,0.357,1
"MRPL45",0.000135516497141246,-0.422449641988056,0.253,0.338,1
"CD180",0.000136061827998733,-0.482792091765342,0.15,0.225,1
"RNF20",0.000138292005435708,-0.463967383311698,0.257,0.334,1
"FARSA",0.000139128040178714,-0.544964166383911,0.148,0.22,1
"INO80",0.000140242446958949,-0.333912987288018,0.21,0.295,1
"EREG",0.000145121742905979,0.812307761337251,0.15,0.091,1
"CCDC66",0.00014647798523996,-0.446639163474705,0.264,0.352,1
"MRPS9",0.000147786301644197,-0.474581597754498,0.208,0.292,1
"CALHM2",0.000148059165265304,-0.484996030430782,0.239,0.319,1
"ZC3H13",0.000152503639052625,-0.280963563614902,0.501,0.604,1
"B3GALT4",0.000155433319481551,-0.592144272323595,0.09,0.153,1
"ING4",0.000157189313952855,-0.503346160772135,0.167,0.243,1
"GRASP",0.000157973740308657,0.449012816363412,0.515,0.456,1
"RASSF4",0.0001610155636746,-0.322716663425531,0.387,0.483,1
"DHRS4-AS1",0.000162812154323849,-0.695011454749179,0.095,0.155,1
"KCNK6",0.000165293325156433,-0.279292272777011,0.478,0.568,1
"C2orf74",0.000166077066283744,-0.546210892360261,0.13,0.2,1
"EEF1AKNMT",0.000168484245695301,-0.809651874466841,0.087,0.145,1
"TIFA",0.000171538719522435,-0.747169771742763,0.081,0.138,1
"UBR1",0.000172304279606964,-0.525787956647885,0.161,0.236,1
"IFIH1",0.000174221625504109,-0.470028179456021,0.196,0.275,1
"PTAFR",0.000174514205843844,-0.501339639183401,0.209,0.285,1
"RTCB",0.000177884935087882,-0.280144210567635,0.383,0.482,1
"TNPO3",0.000180223330583785,-0.53036412485779,0.176,0.254,1
"ECI2",0.000183053523674545,-0.413671724861617,0.36,0.454,1
"AP5M1",0.000186244098490572,-0.372793235111768,0.191,0.268,1
"RAB32",0.000187196050014473,-0.30315843923663,0.583,0.652,1
"MOB2",0.000187754325126641,-0.393912360556388,0.172,0.252,1
"ZPR1",0.00018797622594857,-0.338639130262702,0.264,0.354,1
"DNAJA2",0.000190397467250784,-0.306801691966598,0.519,0.604,1
"CXorf21",0.000192124093994397,-0.407218044582955,0.228,0.312,1
"ALDOA",0.000193839218012344,-0.370060720151175,0.225,0.309,1
"LMO2",0.000195273867315274,-0.274924272395064,0.565,0.642,1
"GOPC",0.000199159125531988,-0.353231456415144,0.23,0.318,1
"UGP2",0.000199449349169319,-0.314973495454707,0.423,0.503,1
"GPANK1",0.000201746313868998,-0.598876370990234,0.121,0.187,1
"TXNDC9",0.000207586685858402,-0.396751183991866,0.266,0.35,1
"UBE2R2",0.000211437396267484,-0.262329038793777,0.594,0.683,1
"FBP1",0.000212120916172517,-0.308631468509332,0.442,0.535,1
"CD2BP2",0.000212532067122784,-0.342871737877029,0.331,0.413,1
"HIP1",0.000214099730104399,-0.263489621793918,0.428,0.535,1
"CMAS",0.000215954063528673,-0.360665435402138,0.225,0.311,1
"AC020656.1",0.000216397133324602,0.655549090791002,0.667,0.702,1
"ATP1B1",0.000218727891654935,-0.514878737436126,0.251,0.33,1
"MCM3",0.000222109716319189,-0.681725600944953,0.154,0.223,1
"JDP2",0.000224525332037139,0.54221308566747,0.323,0.255,1
"BLOC1S5",0.000229030800853024,-0.316310557159392,0.214,0.299,1
"CALML4",0.000230460174411431,-0.618040754035625,0.09,0.148,1
"AL049840.2",0.000233408520680397,-1.02729794180839,0.055,0.103,1
"C1GALT1C1",0.000234128288349496,-0.509200415320278,0.173,0.246,1
"PKP2",0.000234987807601546,0.852283358716694,0.137,0.081,1
"VPS25",0.000239173015175784,-0.512914970804142,0.25,0.332,1
"FH",0.000243946800569638,-0.364958611184973,0.236,0.324,1
"SSRP1",0.000255271382706021,-0.336140134206809,0.456,0.529,1
"APIP",0.000259447436164177,-0.298813603385529,0.325,0.422,1
"KIF13B",0.000259717757702522,-0.533359542805366,0.182,0.256,1
"ZNF100",0.00026152974374531,-0.526677043086704,0.105,0.166,1
"RPF2",0.000266276719409128,-0.441587637085461,0.164,0.239,1
"RPL7L1",0.000268598653765092,-0.303686578350847,0.462,0.547,1
"HRH2",0.000268624637075567,-0.366159768080941,0.277,0.372,1
"PNPLA8",0.000269329772918847,-0.29671205370419,0.337,0.421,1
"CLU",0.000273280970923805,0.819726533803765,0.106,0.059,1
"PAQR8",0.000276958528256579,-0.891042916594792,0.074,0.127,1
"DCAF7",0.000277831582147753,-0.256008297196702,0.488,0.579,1
"INTS11",0.000285424208019747,-0.330301832757888,0.252,0.338,1
"RIN3",0.000286795749440837,-0.322605765507503,0.49,0.561,1
"MSRB1",0.000290393448634356,-0.368930832687167,0.208,0.289,1
"MPHOSPH8",0.000291167406953475,-0.250198594558669,0.551,0.636,1
"DUSP7",0.000295398987535405,-0.430709325790276,0.166,0.241,1
"VPS52",0.000295768544865963,-0.74025812397446,0.087,0.145,1
"ROMO1",0.000298313390872671,0.280742241046288,0.722,0.697,1
"ARHGAP25",0.000299299529019335,-0.343450523891547,0.209,0.291,1
"NARS",0.000301565939598726,-0.257214232345307,0.555,0.656,1
"CDK12",0.000301826894690851,-0.31737076979372,0.408,0.499,1
"ANKRD13D",0.000302004798210629,-0.331319343305747,0.412,0.497,1
"PDCD11",0.000304450280774037,-0.353169359605103,0.223,0.302,1
"ST3GAL4",0.000305582757243434,-0.376167818475754,0.165,0.24,1
"GALK2",0.000305878751530036,-0.668676123587777,0.105,0.164,1
"MON1B",0.000306745180037536,-0.395042207008673,0.185,0.26,1
"TARS",0.000307760175729927,-0.302509956037996,0.319,0.413,1
"MRPL46",0.00031095140602794,-0.522214499915311,0.122,0.187,1
"FAM13A",0.000314547077179166,-0.675013585723195,0.098,0.159,1
"PRKDC",0.000316203429797692,-0.251048012602246,0.728,0.804,1
"FZD2",0.000319963457528825,-0.550269490100648,0.157,0.225,1
"CLCN3",0.000326312535402599,-0.340955457757213,0.247,0.332,1
"GPN1",0.000336008090493837,-0.401742306401503,0.198,0.277,1
"CNTRL",0.000338065396699085,-0.29007327650936,0.392,0.486,1
"GIMAP1",0.000338211527032586,-0.699605769412104,0.124,0.187,1
"ZBTB7B",0.000339467398205544,-0.503685445604589,0.14,0.207,1
"POP5",0.00034191250976282,-0.290703999481183,0.338,0.435,1
"TMEM60",0.00034515826542072,-0.524289822438865,0.089,0.146,1
"MFSD12",0.000345476037053344,-0.352372908201131,0.264,0.344,1
"PRKX",0.000355177448590623,-0.350929341931173,0.376,0.455,1
"HDAC2",0.000359202276389191,-0.274282174507682,0.434,0.539,1
"KRI1",0.00036022150551507,-0.37942188173297,0.161,0.233,1
"MTOR",0.000365224731292129,-0.589460115198048,0.133,0.196,1
"TRNAU1AP",0.000369055153563312,-0.271528182490132,0.216,0.295,1
"DVL2",0.000383195548393321,-0.71704763862727,0.054,0.101,1
"BORCS6",0.000385119965046363,-0.720945501150386,0.098,0.155,1
"NBEAL2",0.000406485850033318,-0.492124995440274,0.134,0.199,1
"TIAL1",0.000407535518625712,-0.292251174410714,0.508,0.59,1
"TOLLIP",0.000411873202221698,-0.426701999824037,0.212,0.288,1
"S100Z",0.000411959109283171,-0.692834574704606,0.079,0.132,1
"GLE1",0.000415673387989017,-0.613715829176096,0.092,0.151,1
"WBP1L",0.000417174622691331,-0.442470084313785,0.197,0.269,1
"PRAM1",0.000427751258950932,-0.357818062036049,0.277,0.36,1
"ATAD2B",0.000438218394220945,-0.28888514973656,0.365,0.451,1
"AL034397.3",0.000438321251287815,-0.37669765314485,0.279,0.361,1
"MAGEF1",0.000440422091688931,-0.476962126474342,0.219,0.29,1
"SAYSD1",0.000440518712772724,-0.438185974720365,0.092,0.15,1
"YIF1A",0.000446558243072575,-0.284568987593329,0.365,0.461,1
"CTU1",0.000451085033317182,-0.544875256401984,0.116,0.175,1
"BCKDHA",0.000452868311989541,-0.433444008191205,0.295,0.368,1
"CDC5L",0.000462749960176861,-0.368617810196464,0.405,0.474,1
"COG3",0.000465609007236576,0.589832710316334,0.323,0.252,1
"CTSH",0.000472765890428127,-0.253139833079739,0.691,0.764,1
"CDIPT",0.000489582132679639,-0.349451648862617,0.207,0.287,1
"DNPEP",0.000497092764363934,-0.306777759195803,0.278,0.368,1
"TLR8",0.000503487082378716,-0.398719577976543,0.143,0.21,1
"RNPEP",0.000504577533918712,-0.302471284389513,0.432,0.516,1
"ERAP2",0.000506682188714345,-0.330745243220647,0.365,0.456,1
"STK32C",0.000519369521954803,-0.483423597101409,0.167,0.235,1
"ST3GAL6",0.000522191087057998,-0.459676089296456,0.143,0.208,1
"LDAH",0.000530298044761266,-0.772238782217193,0.06,0.107,1
"PUM3",0.000534465101401432,-0.401071293951695,0.224,0.302,1
"LACTB2",0.000535873539210448,-0.622443904460933,0.118,0.177,1
"HIKESHI",0.000537964881881304,-0.251163733325922,0.359,0.446,1
"EXOSC4",0.000540580955344896,-0.664721708591742,0.09,0.144,1
"PIK3CG",0.00054363082547674,-0.264637182108819,0.455,0.549,1
"CREB3",0.000552127366724498,-0.31890290515415,0.156,0.225,1
"TATDN3",0.000552635991805827,-0.336099808723645,0.277,0.36,1
"CTNND1",0.000553954176395844,-0.266847593767903,0.285,0.371,1
"CPSF2",0.000554930927599353,-0.314725094307813,0.308,0.384,1
"UMPS",0.000557599407793782,-0.282391410887652,0.112,0.174,1
"GTF2A1",0.000563913374363837,-0.447132452329008,0.191,0.264,1
"VASH1",0.000564576693991951,-0.543146498489813,0.143,0.209,1
"SWSAP1",0.000572443049205078,-0.889176216055901,0.062,0.107,1
"EIF2B2",0.000579099316587798,-0.328315565142879,0.154,0.221,1
"CCDC130",0.000581945285066596,-0.408818028044172,0.181,0.248,1
"NT5DC1",0.000587692374976784,-0.336465868815415,0.292,0.375,1
"PPWD1",0.000604355742688213,-0.486012118213977,0.153,0.219,1
"COMMD5",0.000611460341372174,-0.347243409341456,0.225,0.307,1
"PDHA1",0.000622708776233002,-0.284944123056588,0.342,0.429,1
"OGDH",0.00062787229535263,-0.294312695536426,0.308,0.389,1
"NKAP",0.000631683892541751,-0.278279752390415,0.312,0.402,1
"FASTK",0.000631833864884324,-0.310281858994017,0.189,0.26,1
"DCAF16",0.000636651210930527,0.553995210194341,0.245,0.182,1
"NME6",0.000640556623575625,-0.37925842576701,0.143,0.208,1
"NAPRT",0.000642139480320116,-0.341175433601277,0.367,0.445,1
"NOL12",0.000647396805997664,-0.438024605906726,0.258,0.33,1
"METTL5",0.000648891873782872,-0.281112370751045,0.362,0.451,1
"PMEPA1",0.000649864092348065,-0.561944226986085,0.13,0.19,1
"SIT1",0.000683830306747492,-0.880204680175158,0.076,0.126,1
"KATNBL1",0.000691474879984618,-0.265536724581609,0.416,0.495,1
"ENTR1",0.000709391333106752,-0.373814320198403,0.148,0.214,1
"BFAR",0.000711555990859579,-0.351288149907757,0.282,0.363,1
"GEMIN6",0.00071156338569939,-0.733481405488425,0.076,0.127,1
"VPS72",0.000718386302117792,-0.557313722892527,0.123,0.181,1
"PHKB",0.00072391712907822,-0.285406096143853,0.444,0.524,1
"APOL6",0.000724736531671595,-0.332203376637897,0.276,0.359,1
"TBRG4",0.000726418422211798,-0.462309668487848,0.117,0.177,1
"THOC6",0.000730631618711695,-0.37865281214219,0.267,0.34,1
"FLYWCH2",0.000749185152233795,-0.383326926508274,0.263,0.339,1
"MCTS1",0.000763823534266533,-0.287918230130813,0.483,0.575,1
"MRPL43",0.000768666094218984,-0.289221651134332,0.459,0.543,1
"HIRIP3",0.000773504278130592,-0.588633784982277,0.085,0.137,1
"ARMT1",0.000775048334565538,-0.389717137278673,0.162,0.233,1
"EDEM3",0.00078320989637142,-0.337917565880309,0.223,0.299,1
"LUC7L2",0.000785171605325036,-0.274376839985095,0.431,0.519,1
"HTATIP2",0.000787588582737582,-0.285895405546307,0.236,0.319,1
"DYRK4",0.00079889406492792,-0.482166240023583,0.17,0.238,1
"GHDC",0.000802048708330004,-0.33620652564976,0.117,0.176,1
"HLA-DQA1",0.000805474033503465,-0.255874726594274,0.947,0.971,1
"SLC43A3",0.000808758360946364,-0.529032657655443,0.162,0.227,1
"LTBR",0.000810000871936342,-0.409198501143401,0.223,0.295,1
"HDAC5",0.000812040637285305,-0.387170580068987,0.193,0.259,1
"MAP3K5",0.000829813960474858,-0.479983841357513,0.256,0.322,1
"NLRP1",0.000830104983212604,-0.350611323153707,0.162,0.228,1
"BAZ1B",0.000831890839506872,-0.260437493068618,0.355,0.451,1
"DIMT1",0.000833321005326771,-0.35874836887232,0.214,0.289,1
"CARD8-AS1",0.000835479589636691,-0.510559573371045,0.15,0.213,1
"ANTKMT",0.00083893957917649,-0.328045482253068,0.47,0.542,1
"ZNF672",0.000839676861691103,-0.387924726043646,0.177,0.249,1
"UBE2D4",0.000843734433432351,-0.519408216345604,0.096,0.151,1
"STX6",0.000853542550664864,-0.357577936705023,0.252,0.328,1
"BCL2L12",0.00086872350411776,-0.698065901610066,0.097,0.151,1
"IPMK",0.000868766789528127,-0.511357961575363,0.14,0.203,1
"PLRG1",0.000870928930157891,-0.298390609113211,0.269,0.348,1
"U62317.4",0.00087161501858645,-0.863477965159605,0.077,0.125,1
"ZMIZ2",0.000919752089491797,-0.524403529270411,0.193,0.262,1
"MTRES1",0.000923337586329439,-0.644760204415698,0.108,0.163,1
"PEX16",0.000930304768611319,-0.307887039104825,0.274,0.355,1
"GEMIN7",0.000933266984238162,-0.380903126853256,0.189,0.26,1
"ACAT2",0.000933579604870765,-0.477286646393894,0.167,0.233,1
"NOC3L",0.000936312720108649,-0.557784934383425,0.133,0.192,1
"AC092809.2",0.000938091641402581,-0.608635354921835,0.141,0.199,1
"NFE2L2",0.000943943971742625,0.336480651752698,0.651,0.65,1
"SH3BP1",0.000947188848975512,-0.288921146609121,0.385,0.461,1
"IQCB1",0.000956798230897189,-0.486230249374922,0.164,0.227,1
"RANBP9",0.000958297259268285,-0.587465243844156,0.177,0.243,1
"UBE2H",0.000968136207641312,-0.293463144105022,0.272,0.347,1
"DNAJA3",0.000980229584382397,-0.619647703261764,0.082,0.132,1
"GAPT",0.000985309347637562,-0.377674298699194,0.492,0.574,1
"AP1AR",0.000990014362662844,-0.538050176136473,0.194,0.259,1
"RXRA",0.00101364793733319,-0.345166063125846,0.29,0.373,1
"IL27RA",0.00101545532910277,-0.265238825318167,0.298,0.381,1
"DUSP11",0.00102069113969795,-0.342867947512918,0.189,0.259,1
"PIK3R2",0.00102336341871897,-0.642635345685965,0.097,0.151,1
"TMEM65",0.0010242787661906,-0.414732531981172,0.24,0.312,1
"CHPF",0.00102696465455986,0.926113865806153,0.101,0.059,1
"IRF5",0.00103694700045354,-0.419012441961141,0.252,0.322,1
"ABR",0.00103806551081179,-0.294610130355099,0.226,0.298,1
"ACSL3",0.00103849132222432,-0.288167785065497,0.298,0.379,1
"MAP3K11",0.00103929968597658,-0.380240413284334,0.317,0.389,1
"PIH1D1",0.00103930972110233,-0.270640882614354,0.346,0.426,1
"SLC35C2",0.00104077603397845,-0.378267064926051,0.285,0.362,1
"AKAP17A",0.0010412115399484,-0.310808783664977,0.328,0.421,1
"PES1",0.00104660714830518,-0.411816162305553,0.15,0.212,1
"TOR1AIP1",0.0010635660857965,-0.266454041793992,0.413,0.488,1
"GCLM",0.00107205327037169,-0.632245391479208,0.069,0.116,1
"PDE7A",0.00107261720886997,-0.423326920596777,0.229,0.295,1
"DAB2",0.00109696186823334,-0.333477569153939,0.368,0.45,1
"MRPL15",0.00110556096986838,-0.336818475221629,0.322,0.393,1
"CCDC189",0.00110583860700533,-0.914270690389441,0.087,0.137,1
"PNP",0.0011146515609651,-0.524764509820212,0.216,0.296,1
"DBP",0.0011228083033387,-0.329951175983342,0.214,0.285,1
"ENPP4",0.00113520619571728,0.494226003487353,0.17,0.116,1
"KYNU",0.00116298992059689,-0.251585437210818,0.412,0.491,1
"POLD3",0.00117030323140348,-0.307282913543858,0.178,0.246,1
"LANCL1",0.0011797870852484,-0.358369627863327,0.139,0.199,1
"ATXN2",0.00118313267674161,-0.318442623131709,0.22,0.296,1
"ERICH1",0.00119346136208721,-0.319149290601933,0.394,0.475,1
"AC245060.5",0.00119753570686743,-0.697430199901161,0.065,0.11,1
"CYB5B",0.00121698152237772,-0.336357371181357,0.294,0.38,1
"CSTF1",0.00122649374848126,-0.365454791179259,0.122,0.182,1
"CTBP2",0.00122665617254673,-0.251926086360467,0.434,0.519,1
"MRPS14",0.00123047370432633,-0.326667487692093,0.225,0.295,1
"GLI4",0.00123244935528337,-0.520833658190892,0.125,0.182,1
"LYST",0.00124048527752978,-0.315777282674111,0.513,0.584,1
"SNAPC3",0.00125284239529859,-0.48754986711201,0.098,0.152,1
"HERC4",0.00126379287336757,-0.308771897353779,0.287,0.358,1
"BLVRA",0.00126749563975833,-0.254351038246022,0.235,0.316,1
"PRMT6",0.00127168757138342,-0.587313831867079,0.062,0.106,1
"KLHL6",0.00129160941906118,-0.464501959770669,0.18,0.244,1
"ESRRA",0.00129788657095297,-0.4224611310099,0.166,0.229,1
"TBL2",0.00130246997470545,-0.485809634601015,0.082,0.133,1
"AC007381.1",0.00131230218834267,-0.670994764112161,0.102,0.153,1
"AC016747.1",0.00133874599124841,-0.668569771308686,0.076,0.123,1
"ZNF217",0.00136747135370332,-0.317761868923775,0.405,0.483,1
"AGTRAP",0.00136883746838118,-0.286128951668363,0.327,0.404,1
"ZNF714",0.00137674072648146,-0.467079492904409,0.106,0.161,1
"DDX41",0.00137849408065366,-0.27375563289423,0.175,0.244,1
"DDX10",0.00138454787807782,-0.322132084752754,0.177,0.245,1
"MGLL",0.00139621821595289,-0.505085944384877,0.1,0.152,1
"C6orf47",0.00140793466426127,-0.761082815308071,0.085,0.134,1
"STN1",0.00141092208399493,-0.346729410438237,0.234,0.307,1
"LUZP1",0.00142249621606333,-0.380683723016049,0.2,0.271,1
"STX4",0.00142980666559091,-0.368749552908651,0.269,0.341,1
"KDM4A",0.00144024484851758,-0.561621933756944,0.109,0.164,1
"MED14",0.00145005079516939,-0.354439100563575,0.165,0.228,1
"PYCR2",0.00145239882740081,-0.345195708812644,0.23,0.301,1
"PPBP",0.0014568414781132,0.579453757420901,0.454,0.39,1
"NFKBIL1",0.00146494637164119,-0.532198642448634,0.171,0.236,1
"TUBB1",0.00148000940341387,1.20896422813778,0.116,0.072,1
"RASSF1",0.00148530402707429,-0.377807169734654,0.185,0.251,1
"BTN3A3",0.00149544821988911,-0.572080966653327,0.082,0.13,1
"NUDT14",0.00150695962714572,-0.365743162343562,0.122,0.178,1
"SLFN11",0.00151297066631344,-0.294072922260832,0.219,0.289,1
"ATAD1",0.00151513633749961,-0.393100521386196,0.194,0.262,1
"ALG14",0.00154770136818719,-0.979193282308116,0.071,0.114,1
"ATIC",0.00155910697971679,-0.282894799845014,0.258,0.334,1
"P2RY6",0.00155999884480792,-0.69986979069221,0.112,0.164,1
"ADCK2",0.0015614388471326,-0.47736526986156,0.161,0.22,1
"LMF2",0.00157048547973676,-0.46446346374232,0.181,0.245,1
"CPNE8",0.0015748410056442,-0.316959085882225,0.14,0.204,1
"HOMER2",0.0015825269660627,-0.455972768827163,0.161,0.223,1
"CCNQ",0.00159203057899093,-0.528500013075247,0.176,0.238,1
"ATP10D",0.00159504634596948,-0.290690264497328,0.215,0.285,1
"DCPS",0.00161064390856244,-0.276294210171651,0.383,0.464,1
"GRAMD1A",0.00161734833010621,-0.365855485149436,0.185,0.251,1
"CAAP1",0.0016202786030687,-0.397462318921493,0.155,0.216,1
"MSRB2",0.00162782958671082,-0.305199280552789,0.279,0.355,1
"C12orf43",0.00163329128238954,-0.543569079455457,0.107,0.159,1
"ARHGAP24",0.00163428591085397,1.2340435381519,0.109,0.069,1
"MTX2",0.00163714472655919,-0.512017694549786,0.116,0.169,1
"NRBF2",0.00163769792303113,-0.379354574871874,0.301,0.372,1
"CD3EAP",0.00164742976970984,-0.782351343863587,0.058,0.1,1
"WIZ",0.00165133545198511,-0.522439670613258,0.093,0.143,1
"NSF",0.00165702215446902,-0.313586906943191,0.347,0.421,1
"COL9A2",0.00168916591906784,-0.47655624422437,0.177,0.239,1
"NOL11",0.00169199002086842,-0.370561585602878,0.183,0.244,1
"MCRS1",0.0017033114484815,-0.355390454108867,0.221,0.29,1
"AARS",0.00170842968005522,-0.417220822678519,0.075,0.122,1
"MRE11",0.00171082929538146,-0.314385793988011,0.358,0.43,1
"AKIP1",0.0017304889271124,-0.507692381358682,0.125,0.182,1
"ORAI1",0.00173900050655551,-0.26337612106022,0.335,0.409,1
"AKAP7",0.0017401435993464,-0.393835398773344,0.189,0.255,1
"MRPL17",0.00174769338218035,-0.296654306572185,0.25,0.324,1
"MAP2K7",0.00175082357905885,-0.352120106879165,0.183,0.247,1
"MFSD4B",0.00179102890668212,-0.560288991806711,0.159,0.219,1
"CTNNBIP1",0.00181554164918293,-0.263594707033115,0.405,0.496,1
"SIGLEC7",0.00182775628851444,-0.467905077359134,0.113,0.169,1
"DDX23",0.00182824230941674,-0.414179864796231,0.188,0.248,1
"ELP1",0.00182845589268437,-0.536705904632145,0.084,0.132,1
"SEC23B",0.00183010532353304,-0.292193071930273,0.288,0.364,1
"AGPAT3",0.0018434633969561,-0.256190032881986,0.379,0.465,1
"SLC41A3",0.00184355455759448,-0.386718550817235,0.108,0.162,1
"EIF4E",0.00185207181213432,-0.256609698821353,0.312,0.39,1
"PCNT",0.00185393275598708,-0.537472422912107,0.189,0.254,1
"RNF144B",0.00188445461629741,0.506693889342455,0.401,0.352,1
"PAFAH2",0.00188464198922407,-0.772470016026479,0.068,0.111,1
"CCDC127",0.00190038912693124,-0.873396388856869,0.06,0.101,1
"GTF2F2",0.00190115813051873,-0.368126487902479,0.322,0.389,1
"MAP3K7",0.00191109587979965,-0.376472369072412,0.164,0.228,1
"TMEM218",0.00193450054817634,-0.281361026326209,0.218,0.282,1
"TNFSF12",0.00195152157582545,-0.413141302396879,0.223,0.29,1
"GBP3",0.00196921583261222,-0.426563634901444,0.151,0.212,1
"C19orf12",0.00197064698581727,-0.426394282145514,0.093,0.145,1
"UBA3",0.0020167270926735,-0.345198568078284,0.236,0.301,1
"PREP",0.00201812502898788,-0.510267013569037,0.116,0.168,1
"AC103591.3",0.00201963586439956,0.358588152450185,0.283,0.22,1
"AL121933.2",0.00202821818641735,-0.390529075645649,0.187,0.25,1
"ANKFY1",0.00205072069628286,-0.301342180421296,0.157,0.217,1
"COA1",0.00205099988844551,-0.268675649965799,0.319,0.398,1
"MRPS5",0.00205611894962855,-0.266215956746815,0.427,0.511,1
"CISD1",0.00206661303233667,-0.290201742722576,0.247,0.316,1
"MRPL39",0.00207150498403481,-0.495356927433352,0.107,0.161,1
"TYK2",0.00208950786415496,-0.288636774967834,0.323,0.396,1
"PRCC",0.00210788521620368,-0.296742582944528,0.223,0.291,1
"KIF20B",0.00210941271669699,-0.456434733020654,0.221,0.286,1
"CCZ1",0.00211982921986904,-0.258415464532834,0.449,0.517,1
"PER1",0.00212766164081656,0.550251196118825,0.342,0.293,1
"EXOSC3",0.00213103145056348,-0.386229170864341,0.092,0.142,1
"WDR61",0.00213665428747183,-0.260988721771967,0.4,0.472,1
"SDCCAG8",0.00214257843934264,-0.317323434608276,0.336,0.404,1
"PARP11",0.00218151284237613,-0.300124622140235,0.138,0.198,1
"HIF1AN",0.00218719076345775,-0.44296695859869,0.112,0.165,1
"FAM20C",0.00224803013980361,-0.419587980562982,0.137,0.193,1
"TAPBPL",0.00227488191956614,-0.382363157807329,0.193,0.256,1
"INTS10",0.00229487333631565,-0.25789179993674,0.428,0.519,1
"UBAP2L",0.00233177402625787,-0.253872519908194,0.304,0.383,1
"TUT7",0.00233513814617437,-0.300025989883624,0.285,0.357,1
"TGIF2",0.00233876658897971,-0.544905034603411,0.134,0.188,1
"IL10RB-DT",0.00234648054262954,-0.565963565134707,0.102,0.152,1
"STK38",0.00236482638151657,-0.305185548453361,0.283,0.353,1
"TLR10",0.00238129199517492,-0.718050694630973,0.138,0.192,1
"INO80C",0.00240113335282872,-0.411219811807431,0.134,0.19,1
"SVIL",0.0024036401889371,-0.528273836124872,0.153,0.208,1
"LPCAT1",0.00240385064419103,-0.480820252301889,0.125,0.179,1
"EBNA1BP2",0.00242169377975386,-0.296790735736245,0.284,0.354,1
"AP4E1",0.00242333238157349,-0.378807445059179,0.129,0.184,1
"APOOL",0.00242620437223627,-0.39976646329686,0.187,0.246,1
"GUCD1",0.00243437327995011,-0.291163703965534,0.176,0.238,1
"SAAL1",0.00245069197505655,-0.562737632002992,0.095,0.143,1
"LYPLA2",0.00245336186708525,-0.276546356514114,0.212,0.277,1
"ARPIN",0.00245947038707657,0.516696417935373,0.248,0.192,1
"C6orf120",0.00251640990384454,-0.569291751013239,0.107,0.156,1
"ZNF710",0.00252984631117411,-0.331520680179045,0.164,0.224,1
"ORC2",0.00253623535269644,-0.420226240952433,0.109,0.161,1
"HCCS",0.00257448825029041,-0.456948818087298,0.204,0.266,1
"TK2",0.00258853792138063,-0.330755474254804,0.26,0.336,1
"DPY30",0.00259588440201264,-0.310855252451874,0.357,0.427,1
"RNF135",0.00263342059908568,-0.253268552839298,0.182,0.248,1
"GBE1",0.00266776461478758,-0.361820047343028,0.121,0.175,1
"NRGN",0.00268078484165212,0.53244906422305,0.449,0.413,1
"ELF2",0.00268477554188237,0.278681203110304,0.589,0.549,1
"WAC-AS1",0.00268725754107517,-0.348716325212479,0.3,0.372,1
"NUP160",0.00272984547353312,-0.483723658735023,0.181,0.243,1
"TTC4",0.00274060555836031,-0.441080123057582,0.101,0.151,1
"SLC26A2",0.00274384917358801,-0.353348692297506,0.117,0.166,1
"MYO18A",0.00277172603351321,-0.375172500499724,0.125,0.181,1
"ARHGEF11",0.00277198641702385,-0.670853102249878,0.066,0.107,1
"CALCOCO1",0.00278136507452388,-0.467228606879986,0.178,0.236,1
"RWDD4",0.00278506065598921,-0.255065249764555,0.304,0.379,1
"RMDN1",0.00281932442456883,-0.285747170424943,0.363,0.439,1
"ATF6",0.00286333454060912,-0.259018235810079,0.348,0.413,1
"LTBP4",0.00293026789945938,-0.340504083215921,0.093,0.141,1
"CKAP2",0.00293285819856372,-0.281535877642025,0.255,0.322,1
"ETHE1",0.00295102265326792,-0.285864456692552,0.438,0.508,1
"FBXO22",0.00295788939505019,-0.32252433112204,0.185,0.248,1
"PPP1R12C",0.00296208933568312,-0.375730925423316,0.151,0.206,1
"TNIP1",0.00300044094418442,-0.259191000732864,0.352,0.426,1
"METRNL",0.00300780422914265,0.329615584825804,0.643,0.628,1
"NUP50",0.00302823832174073,-0.289321020932241,0.272,0.346,1
"CSE1L",0.00304660797466814,-0.445962046492828,0.141,0.195,1
"YJU2",0.00305003555679568,-0.358474480656256,0.149,0.205,1
"ZMYM4",0.00307801631378517,-0.264217918362433,0.247,0.315,1
"CCR6",0.0031037442944923,-0.755549425785897,0.082,0.125,1
"SYNC",0.00315458834444562,0.421081316002067,0.315,0.256,1
"CD4",0.00316475474364048,-0.270240787118127,0.781,0.853,1
"SCYL1",0.00318698022013419,-0.301670506082609,0.185,0.247,1
"FHL3",0.00320038773903142,-0.407891529218194,0.119,0.174,1
"NAA40",0.0032058140493464,-0.473107174208328,0.102,0.15,1
"DNAJC30",0.00320637901071956,-0.406506958467735,0.123,0.174,1
"SMPD4",0.00325465466306942,-0.394818813664234,0.116,0.166,1
"MYOF",0.00330045363211427,-0.268941442520751,0.266,0.336,1
"SEC24C",0.00330281545966615,-0.441607988506243,0.124,0.177,1
"SYAP1",0.00331297609496048,0.319433293950109,0.609,0.596,1
"BCL3",0.00332138967636643,0.375408134176475,0.439,0.389,1
"MRPS22",0.0033594586069309,-0.263762405559223,0.284,0.355,1
"TCEANC2",0.00337579644441203,-0.708476758768758,0.077,0.12,1
"SMARCD2",0.00340206047979524,-0.293034857105377,0.299,0.367,1
"NFKB2",0.00341421486225457,-0.505041669882573,0.186,0.239,1
"TBC1D13",0.00343538295735318,-0.635323314993805,0.096,0.141,1
"SBDS",0.00345002125822494,0.503212216348009,0.525,0.504,1
"IRF1",0.00345359815852648,-0.283226069085651,0.545,0.626,1
"NEK9",0.0034786543530068,-0.417987961117141,0.202,0.26,1
"BANK1",0.00349601276281265,-0.359142645464664,0.223,0.29,1
"GART",0.00356177968450137,-0.340544993709288,0.208,0.269,1
"SDF4",0.00356750884833832,-0.270469882883979,0.433,0.504,1
"DISC1",0.00358822862915801,-0.332569270509312,0.133,0.187,1
"IFT27",0.00361199869181432,-0.351673455171051,0.122,0.174,1
"PRMT5",0.00368329295559397,-0.355299295175855,0.111,0.161,1
"XIAP",0.00368379772150953,-0.298946549615216,0.338,0.416,1
"PRR14L",0.00368565955289404,-0.288380982248451,0.261,0.327,1
"LARP4B",0.00371123859891697,-0.279438761766527,0.378,0.453,1
"PHKG2",0.00373132634751152,-0.250759262229914,0.253,0.32,1
"OTUD6B-AS1",0.00374923497002812,-0.278361812971079,0.352,0.435,1
"FASTKD1",0.00375658652569654,-0.374575971145372,0.125,0.178,1
"TRAPPC3",0.00376900133053848,-0.272533939480621,0.359,0.431,1
"UPF3B",0.00380209051261082,-0.292677235576811,0.213,0.275,1
"BABAM1",0.00381923624788631,-0.278868249369874,0.352,0.424,1
"RBMX2",0.00382683382243729,-0.356182644874603,0.25,0.318,1
"SNRNP35",0.00383499317993473,-0.329074305814188,0.194,0.258,1
"WRAP73",0.00384426179071058,-0.378237025916315,0.139,0.193,1
"KLF9",0.00386587139606986,0.479117393348647,0.421,0.364,1
"IFT88",0.00390207124044348,-0.414385681806736,0.091,0.135,1
"ATP6V1C1",0.00390678895905762,-0.376792131783348,0.207,0.267,1
"COMMD8",0.00393317836671686,-0.263066042117003,0.563,0.621,1
"BRD1",0.00396533441555003,-0.313987381203428,0.208,0.272,1
"SRCAP",0.00396645655757138,-0.262210897046883,0.187,0.248,1
"ARL17A",0.00399018268866883,-0.590538627432395,0.124,0.174,1
"ABHD10",0.00400553916713622,-0.437501874997144,0.18,0.238,1
"CHIC2",0.00403423232757203,-0.359649005372219,0.212,0.271,1
"URM1",0.00405945911210803,-0.302582768845331,0.244,0.31,1
"CXCR4",0.0040611719207435,0.273761398581069,0.845,0.825,1
"DGLUCY",0.00411427840074811,-0.354251285233793,0.253,0.315,1
"NPHP3",0.00414756114685332,-0.39703735865755,0.114,0.166,1
"SINHCAF",0.00416657424189881,-0.26058482746497,0.496,0.574,1
"ACTL6A",0.00417256189743273,-0.417585286716877,0.172,0.231,1
"CXXC1",0.0041727360094804,-0.318570057484345,0.154,0.212,1
"RANBP2",0.004177837910797,-0.273487813917368,0.455,0.532,1
"SPARC",0.00421566291069096,0.639910108335596,0.102,0.065,1
"TIFAB",0.00422072628058862,-0.548465699564769,0.091,0.136,1
"FAHD1",0.00426341958905332,-0.545223976413688,0.112,0.161,1
"AC012360.3",0.00429758675470125,0.711981052946884,0.14,0.097,1
"REXO2",0.00432330995450687,-0.41186679209605,0.263,0.322,1
"NR4A3",0.00438643255868301,0.739843537914199,0.156,0.111,1
"MBD1",0.00439054926540247,-0.322837215580817,0.148,0.202,1
"SMC6",0.00440096979067954,-0.337045469440204,0.317,0.378,1
"TBRG1",0.00440103406548377,-0.279844174077445,0.337,0.409,1
"TPST2",0.00446773112269159,-0.392166679973311,0.258,0.318,1
"FLAD1",0.00448170457103493,-0.384876940307624,0.156,0.214,1
"SP4",0.00448690799253663,-0.562452163502295,0.096,0.141,1
"TLK2",0.00452384242725982,-0.267157848933312,0.268,0.331,1
"RNF40",0.00452398271307688,-0.351021836320466,0.177,0.24,1
"RBM18",0.00457996272405542,-0.332938330670563,0.173,0.229,1
"GTF2H2C",0.00458833977723949,0.858620565463958,0.119,0.08,1
"LYAR",0.00459252632573076,-0.355617112751928,0.218,0.28,1
"STRIP1",0.00460113590312261,-0.342897617332495,0.086,0.132,1
"POT1",0.00462703405451538,-0.473408642686013,0.066,0.106,1
"STYXL1",0.00463082206360887,-0.402977042874109,0.143,0.194,1
"TATDN2",0.00467075991695623,-0.277476436237166,0.161,0.218,1
"MAEA",0.00473892991489602,-0.307550259446323,0.171,0.229,1
"TMEM161A",0.00474260725586953,-0.630267860566688,0.089,0.133,1
"PAPOLG",0.00477007508703523,-0.453275368754657,0.107,0.154,1
"CCL3L1",0.00477064164415386,0.767823414582154,0.129,0.086,1
"GP1BB",0.004794436902359,0.423890440259083,0.189,0.142,1
"LYPLAL1",0.00480256121401269,-0.406150378883007,0.157,0.213,1
"ADAP2",0.00485379055409056,-0.253683454864813,0.187,0.248,1
"PIGBOS1",0.004865477913189,-0.261139853197033,0.262,0.329,1
"GLOD4",0.00487809053582773,-0.309810675952465,0.355,0.433,1
"CCDC43",0.00491090191127139,-0.294619501937849,0.231,0.292,1
"LINC00324",0.00493267907978614,-0.475096059013062,0.084,0.126,1
"SLC25A20",0.00493334194875954,-0.320262707754118,0.103,0.152,1
"PWWP2A",0.00494952930562074,-0.254386458650004,0.208,0.268,1
"NANS",0.00502775577658024,-0.255155266738321,0.455,0.52,1
"ENDOV",0.00510733582686786,-0.416546039209987,0.178,0.235,1
"SYNJ2BP",0.00514571020378288,-0.3886056862654,0.191,0.249,1
"PKNOX1",0.00521105911608021,-0.485397388776728,0.084,0.126,1
"UEVLD",0.00522900524496211,-0.465979273894898,0.097,0.143,1
"SPART",0.00525131749847642,-0.383915217981216,0.29,0.353,1
"SDSL",0.0052936651617091,-0.426492924712131,0.102,0.147,1
"RBBP5",0.00531567875541636,-0.407089322525557,0.137,0.186,1
"BBC3",0.00534148161328743,-0.808627299080966,0.09,0.132,1
"FBH1",0.00534450922913699,-0.32802566928882,0.198,0.255,1
"H2AFX",0.00538253483155294,-0.253586426962246,0.127,0.176,1
"ZFP14",0.0054503687787058,-0.283358686750973,0.118,0.168,1
"MED19",0.00546999422336623,-0.425387939542959,0.151,0.203,1
"SLC35F3",0.00547501179443453,-0.443290986458842,0.133,0.183,1
"SLC16A3",0.00548563310603918,-0.461112742921276,0.194,0.255,1
"PKIB",0.00552608019781565,0.5873714955637,0.213,0.164,1
"PDCL",0.00553943586779098,-0.384705909195877,0.145,0.197,1
"NUDCD1",0.00554545512223587,-0.397773845963837,0.112,0.162,1
"ANKRD26",0.00555599879558862,-0.448860828010166,0.116,0.163,1
"EXOC1",0.00559836419107993,-0.265756442706705,0.272,0.328,1
"TRIO",0.0056626362308635,-0.341900118346253,0.22,0.279,1
"CDH23",0.00569295166864915,-0.589727281509586,0.127,0.174,1
"LINC00963",0.00570342189783183,-0.285592592067167,0.156,0.21,1
"RRP1B",0.00570378452684923,-0.282496078076704,0.266,0.328,1
"TBK1",0.00571203372573254,-0.368710284239505,0.212,0.269,1
"FBXO4",0.00572120314123499,-0.375179679801682,0.113,0.161,1
"KLF16",0.00577073816997038,-0.406658781718963,0.2,0.256,1
"PHF23",0.00589514029249692,-0.367932109985261,0.15,0.202,1
"WDR81",0.00590343775933869,-0.531258437890714,0.118,0.164,1
"MARCH9",0.00594085794737942,-0.416437403683517,0.23,0.287,1
"TMEM38B",0.00596742025334308,-0.322016231401934,0.193,0.247,1
"HMBOX1",0.0059679049193799,-0.318800889522775,0.225,0.285,1
"STX5",0.00599630520023781,-0.301531137728096,0.223,0.286,1
"UBR2",0.00601192638233667,-0.254974194372188,0.335,0.402,1
"LMNA",0.00608040377544262,0.701130245739558,0.328,0.28,1
"IRS2",0.00614116172922904,0.734913336440471,0.196,0.153,1
"SPATS2",0.00615338763295069,-0.260038201507264,0.157,0.213,1
"NSUN2",0.00616180008549635,-0.310707719472824,0.191,0.246,1
"FAM43A",0.00618555704894614,-0.467869693563183,0.145,0.198,1
"PLCB3",0.00619879030239812,-0.76646528236312,0.098,0.137,1
"ARMCX3",0.00623695210964317,-0.279053638511648,0.242,0.306,1
"SPRYD3",0.00625667712601493,-0.5702364598606,0.064,0.101,1
"MRPL50",0.00627438402006213,-0.308874906083621,0.153,0.208,1
"ZSWIM8",0.00631750200440375,-0.38127560573709,0.21,0.272,1
"TAF12",0.00632815515830797,-0.346619513156162,0.29,0.357,1
"ZNF143",0.00633409987345619,-0.4450912154664,0.132,0.183,1
"ZNF226",0.00638736605576459,-0.416936593237295,0.132,0.179,1
"WDR7",0.00642241019016496,-0.367798894796962,0.172,0.225,1
"TCEAL4",0.00644361697945583,0.329912511954388,0.381,0.324,1
"CRLF3",0.00644981886451799,-0.256826868492501,0.306,0.374,1
"POLR3C",0.0064969629119491,-0.350124031868314,0.173,0.227,1
"DFFA",0.00652292863375725,-0.37729664200827,0.204,0.261,1
"USE1",0.00657420794870058,-0.283836067642262,0.274,0.339,1
"ITPR1",0.00658064464939001,-0.273698094134151,0.451,0.525,1
"SLC39A3",0.00660933134094131,-0.278473213376033,0.29,0.361,1
"TRUB2",0.00661506406562268,-0.497021305568719,0.111,0.154,1
"HEATR5B",0.00677374275492666,-0.276103147372515,0.304,0.373,1
"KLHL18",0.00680670328489884,-0.352847755844296,0.135,0.186,1
"CDC42EP3",0.00692659065897972,-0.406295089867903,0.207,0.259,1
"ANAPC7",0.00692939771643918,-0.352979108128802,0.173,0.226,1
"FEN1",0.00693988356831221,-0.489084345542563,0.079,0.118,1
"HSD17B7",0.00696359404690614,-0.374346924436018,0.066,0.104,1
"LRMP",0.00702647122670893,-0.298584742865312,0.303,0.369,1
"SLC25A19",0.00703715277781437,-0.802362935469576,0.095,0.137,1
"HEXIM1",0.00706287356103014,-0.694562640123483,0.181,0.239,1
"TMEM156",0.0071125842575323,0.509425381934993,0.269,0.218,1
"TAP2",0.00729506710095568,-0.277992058873991,0.33,0.392,1
"LMNB1",0.00731144862547675,-0.293942063354002,0.268,0.328,1
"OCEL1",0.00733478909360879,-0.298768075088059,0.162,0.218,1
"TBC1D23",0.00735482498122479,-0.261106410092092,0.167,0.219,1
"SLFN12",0.00741794270821731,-0.372931264576525,0.084,0.125,1
"FAM107B",0.00745106860774737,0.283715181613346,0.542,0.492,1
"ALG3",0.00748381392494835,-0.299099467230243,0.198,0.26,1
"HOOK2",0.00748416666850648,-0.60178463294397,0.064,0.1,1
"CD101",0.00748881260186705,-0.593618650709173,0.114,0.157,1
"CUTC",0.00749677451794683,-0.302612739826781,0.237,0.296,1
"PTGES2",0.00762245674199882,-0.260247440407343,0.276,0.337,1
"FYCO1",0.00762723957809109,-0.731282687937872,0.068,0.104,1
"SLAMF7",0.00764242401909577,-0.275949925292527,0.312,0.375,1
"BATF",0.0076487937341381,-0.559414388991365,0.069,0.105,1
"CD300LB",0.00768576286029494,-0.342904386214633,0.214,0.271,1
"NBPF19",0.0077069542260317,-0.39545929167855,0.181,0.233,1
"USP5",0.00772019739353068,-0.371928576822509,0.172,0.225,1
"S100A9",0.00773907893697022,-0.344689666828532,0.626,0.681,1
"PTGS1",0.00775277135009754,-0.260552844259302,0.143,0.193,1
"HTRA2",0.00776444664563896,-0.503762490721011,0.098,0.14,1
"APOBEC3F",0.00778263301555361,-0.299863712055069,0.077,0.117,1
"GFPT1",0.00779736952291475,-0.2797357657087,0.164,0.215,1
"PDXDC1",0.00796492554208942,-0.253547520308246,0.229,0.289,1
"WDR83",0.007968870186148,-0.332959651764642,0.122,0.169,1
"HMGCS1",0.00810969824572418,-0.435049043919111,0.212,0.267,1
"KDM5C",0.00818074152643091,-0.381692924056976,0.266,0.324,1
"BTBD2",0.00818876546207634,-0.272186216591296,0.173,0.226,1
"C1orf50",0.00818992041424623,-0.346484918415506,0.145,0.194,1
"TADA2A",0.00820678441897423,-0.314179845798212,0.092,0.133,1
"AQR",0.00828127197844815,-0.283176614637697,0.287,0.35,1
"C11orf68",0.00833147191464565,-0.564656819766139,0.091,0.131,1
"HIST3H2A",0.00835450883604274,-0.483091982300159,0.101,0.143,1
"ACSF3",0.00838812472638685,-0.354892006430927,0.153,0.204,1
"ABHD3",0.00839193608496397,-0.320160073996943,0.138,0.186,1
"HACL1",0.0084060435179459,-0.352380022261849,0.109,0.155,1
"CRLS1",0.00844687926253054,-0.285376569837636,0.214,0.271,1
"TRAPPC8",0.00846660846336088,-0.396688664593878,0.221,0.276,1
"PTGS2",0.00846826538282632,-0.287157752394799,0.262,0.323,1
"C1RL",0.00853248753831424,-0.571673798770922,0.092,0.131,1
"LRRK2",0.00856516964922347,-0.279089842279457,0.321,0.379,1
"NPRL2",0.00867736081782026,-0.362608993694056,0.091,0.133,1
"ACCS",0.00871993091107583,-0.554839636018264,0.073,0.11,1
"SHD",0.00872851325877033,1.01572543374702,0.118,0.082,1
"SEC23IP",0.00873143117467168,-0.325060655867648,0.22,0.275,1
"UBA5",0.00876956183417562,-0.43357475228027,0.232,0.288,1
"GYG1",0.00881881404369397,-0.316715116921473,0.269,0.323,1
"NUP85",0.00885609663746928,-0.321445076946872,0.096,0.14,1
"HLX",0.00887791047569274,-0.633343405529116,0.068,0.103,1
"CHST11",0.00890490308038071,0.34184156362042,0.344,0.299,1
"INO80E",0.00893395554875778,-0.303804380332624,0.2,0.255,1
"SBNO2",0.00903310827705213,-0.474109842904727,0.101,0.143,1
"PIP5K1A",0.00911581444048538,-0.280284768090227,0.159,0.209,1
"OXSR1",0.00916350938996223,-0.294475637164265,0.315,0.378,1
"TMEM250",0.00920956450631489,-0.280954925589752,0.111,0.155,1
"LINC01504",0.00921152240538414,-0.517781945103039,0.07,0.107,1
"MRS2",0.00928309254921854,-0.314403199508923,0.183,0.235,1
"PCYOX1",0.00928832059648343,0.362302341608626,0.228,0.177,1
"MYO1E",0.00934425928947952,-0.351164216063066,0.278,0.34,1
"CABIN1",0.0094047900479975,-0.507544838588956,0.176,0.225,1
"HMG20A",0.00946636495004855,-0.398444427206427,0.125,0.169,1
"CUL2",0.00950745172983005,-0.285926775614991,0.29,0.348,1
"ZYG11B",0.00959653796784886,-0.269769516584131,0.214,0.268,1
"NOD2",0.00976519698556231,-0.483488114643245,0.141,0.189,1
"THOC3",0.00979934340601508,-0.286490432358362,0.171,0.226,1
"CD1E",0.00983152937117773,-0.471304212624478,0.178,0.229,1
"NUBP1",0.00990006860503251,-0.353875945156785,0.277,0.331,1
"ZC3H7B",0.00990296846815745,-0.323574507320502,0.114,0.159,1
"PHKA2",0.00998898540037932,-0.648365206543615,0.096,0.134,1
"TBC1D2B",0.0100076320310414,-0.28727163114847,0.182,0.234,1
"INAFM1",0.0101299003999395,-0.429353383705561,0.096,0.138,1
"NSMF",0.0102593390913768,-0.379861601040177,0.154,0.204,1
"MTMR1",0.0102941728212398,-0.408800895507928,0.193,0.244,1
"ZFYVE21",0.0103031563539391,-0.48190458197205,0.084,0.122,1
"MEFV",0.010376808965288,-0.32745642658639,0.202,0.257,1
"CLEC7A",0.0104298948858533,0.293270141111088,0.561,0.537,1
"FARP2",0.0104922192801651,-0.347769267560752,0.172,0.223,1
"LIN37",0.0105816190942543,-0.634651085920811,0.066,0.101,1
"ALKBH5",0.0107377113889695,-0.255386042542036,0.365,0.433,1
"CDK10",0.0107477278862943,-0.460528935184451,0.081,0.12,1
"PAF1",0.010779303151206,-0.397705871368145,0.13,0.175,1
"SNAPC5",0.0107824595223053,-0.349676652491258,0.169,0.217,1
"LINC02812",0.0107915062794755,-0.286916275560344,0.226,0.278,1
"NOC4L",0.0108261542077878,-0.425278424560472,0.096,0.137,1
"ARRB1",0.0108551089356613,-0.252529879595346,0.321,0.388,1
"AMPD2",0.0108593270975625,-0.253025726207713,0.234,0.292,1
"CLEC10A",0.0108957523298015,-0.268306898364662,0.583,0.62,1
"IKBIP",0.0109218909505179,-0.253220376841528,0.338,0.4,1
"ADGRG5",0.0109303755407293,-0.330894670502222,0.122,0.167,1
"MTX3",0.0110808315378569,-0.58679457628849,0.066,0.101,1
"IL12RB1",0.0110887458126638,-0.386745313011062,0.09,0.13,1
"SHPRH",0.0111677954008045,-0.381234425981523,0.26,0.312,1
"ALDH16A1",0.0111904604570004,-0.325223392232895,0.221,0.276,1
"CKAP5",0.0112115474444572,-0.278171430988285,0.191,0.24,1
"DUSP18",0.0112388840150122,-0.426621089265274,0.102,0.143,1
"ITPKB",0.0112475548057515,-0.326162786177851,0.113,0.155,1
"AC096667.1",0.0113299264800405,-0.346444450232362,0.176,0.227,1
"UCHL5",0.0114759532786155,-0.261282867907728,0.293,0.36,1
"RASSF7",0.0117031546408956,-0.382675672824843,0.133,0.178,1
"AL355075.4",0.0117493935725254,-0.504691053460085,0.111,0.154,1
"FTCDNL1",0.0117995114659108,-0.465151589076003,0.087,0.126,1
"CEP250",0.0118267897491978,-0.383870205005213,0.077,0.114,1
"LBH",0.0118691877999921,-0.647278002754379,0.098,0.137,1
"AKAP1",0.0119281611634694,-0.362589147640209,0.13,0.175,1
"CHFR",0.0119361243065687,-0.283167212004651,0.228,0.281,1
"LMNB2",0.0119523835223786,-0.395969987004145,0.101,0.141,1
"CPLANE1",0.0119946471036753,-0.545226484909569,0.121,0.163,1
"POMC",0.0121597684085849,-0.343782877074353,0.121,0.165,1
"COX10",0.0121731167300456,-0.38933083878878,0.103,0.145,1
"RNF146",0.0121852483824821,-0.33735240057377,0.128,0.173,1
"SUCLG2",0.0122005550088524,-0.258344323884907,0.248,0.305,1
"HDAC7",0.0122774855052475,-0.372317817136464,0.107,0.148,1
"SND1",0.0123344492865661,-0.257022312422053,0.52,0.577,1
"ACOT13",0.0124330112643057,-0.361784711928961,0.155,0.204,1
"FYTTD1",0.0124417047542112,0.258379938808437,0.588,0.551,1
"ITGA5",0.0124965723386942,-0.259011056382732,0.151,0.203,1
"PAXIP1-AS2",0.0125496773035418,-0.540862272878215,0.092,0.131,1
"UTP25",0.01262068017161,-0.548970540139958,0.093,0.133,1
"USP19",0.0126363088742595,-0.453671068947824,0.091,0.128,1
"ARL5B",0.0127354920259948,0.453508015620411,0.221,0.176,1
"FAM118B",0.0127504999167652,-0.305580526003499,0.075,0.112,1
"TRPT1",0.0127534586386934,-0.33535447168044,0.125,0.169,1
"NCOA6",0.0127564738502929,-0.371986509012289,0.181,0.226,1
"DHX16",0.0127814513985573,-0.397214827572248,0.13,0.176,1
"P2RX7",0.012932031896122,-0.517520786958624,0.106,0.146,1
"TLR7",0.0129773806798917,-0.286894778726027,0.229,0.286,1
"ASCL2",0.0130831600133946,-0.328764637195104,0.178,0.228,1
"PDE4D",0.0131128119122816,0.72866281088796,0.133,0.099,1
"BRAT1",0.0131213269004294,-0.298735589050684,0.116,0.159,1
"DESI2",0.0131214151037497,-0.25520788307369,0.24,0.29,1
"METTL8",0.0131310283447984,-0.314022134370911,0.157,0.206,1
"CYB5R1",0.0131729382805397,-0.364627739590829,0.114,0.156,1
"AC068587.4",0.013371025675398,0.61331139107877,0.125,0.09,1
"UBAP2",0.0133729468488023,-0.268306340057328,0.198,0.25,1
"PCNX4",0.0133739193725922,-0.295887100993276,0.216,0.272,1
"MMS22L",0.0134312981870164,-0.45081002467857,0.107,0.146,1
"OPTN",0.0135276281587374,-0.301648733033211,0.089,0.127,1
"REXO1",0.0135468471251278,-0.417486682660545,0.148,0.195,1
"RBM28",0.0135704261818295,-0.30411845811453,0.239,0.289,1
"TLR9",0.0136451830349772,-0.439768137871237,0.161,0.204,1
"DDB2",0.013695307697255,-0.577030647307879,0.081,0.116,1
"GBA2",0.0137156452246799,-0.425352911036127,0.125,0.168,1
"ELP4",0.0137560286417633,-0.254587310156438,0.17,0.22,1
"FUT8",0.0140184553874181,-0.413106961640345,0.077,0.113,1
"ERCC5",0.0140407790507613,-0.255753016548026,0.308,0.367,1
"KMT2B",0.0141485576142444,-0.284818666152952,0.232,0.288,1
"ZBTB37",0.0141993209990097,-0.578125505885764,0.102,0.141,1
"SZT2",0.0143187428034327,-0.334349823175319,0.122,0.165,1
"MOSPD2",0.0143589993167447,-0.280975721652347,0.123,0.166,1
"CRIP3",0.0144183661281564,-0.339307282556703,0.073,0.107,1
"NIPA2",0.0144252906847884,-0.26453695543988,0.387,0.454,1
"INTS3",0.0144535479959365,-0.322191808440167,0.159,0.207,1
"NADSYN1",0.0144901633199243,-0.349144629810037,0.262,0.315,1
"SGMS1",0.0144961957904229,-0.293482140618913,0.096,0.135,1
"TMEM214",0.0145262187920146,-0.341888113662037,0.122,0.165,1
"LLGL2",0.0145438301961896,-0.553668346278529,0.071,0.105,1
"AC004846.1",0.0146280745775271,-0.722399643570958,0.09,0.125,1
"UBE4B",0.0146379812388719,-0.431572947986582,0.154,0.2,1
"LINC00865",0.0146737529439724,-0.54166886904012,0.066,0.1,1
"ISG20L2",0.0146951966858758,-0.335624878410793,0.181,0.228,1
"RNF31",0.014736008066233,-0.331141425481158,0.111,0.151,1
"CLCN7",0.0147730597436137,-0.281222951725191,0.175,0.228,1
"WDSUB1",0.0148912569774704,-0.389180072387706,0.107,0.146,1
"RBM41",0.0150284267885907,-0.263047931407264,0.132,0.175,1
"RBM45",0.0150565745890893,-0.382561747188013,0.073,0.107,1
"ANKIB1",0.0150585291213974,-0.266139061421287,0.294,0.351,1
"RAB13",0.0150629660579909,-0.268126486757851,0.198,0.249,1
"GALT",0.0151047857287865,-0.396966713369785,0.148,0.195,1
"YDJC",0.0152002095439367,-0.291069950351023,0.188,0.239,1
"ERCC4",0.0153684444232029,-0.567857263107586,0.096,0.132,1
"C17orf75",0.015423017079134,-0.448935051032256,0.068,0.101,1
"MARCH2",0.0154665169632441,0.318369305701116,0.491,0.458,1
"ARHGAP19",0.0154722493865844,-0.328737014449827,0.119,0.162,1
"FAM98A",0.0155274146825315,-0.480502158028926,0.066,0.1,1
"PARP10",0.0157540938078758,-0.290727996267745,0.232,0.287,1
"SNAPC2",0.0158698093497,-0.308160986295221,0.155,0.199,1
"PPAN",0.015881098109369,-0.452088628742837,0.076,0.112,1
"PCID2",0.0159114781514378,-0.378722876274705,0.191,0.237,1
"POLR1C",0.0159392059036549,0.553174311604723,0.132,0.096,1
"ATG2A",0.0160067948611473,-0.344872612362136,0.159,0.203,1
"TRNT1",0.0160763105310243,-0.260429189181833,0.144,0.189,1
"ATRN",0.0162505071831674,-0.494382993732472,0.106,0.144,1
"HIST1H1B",0.0162538250816189,-0.412903779753507,0.146,0.194,1
"EEF2K",0.0164505640587863,-0.333943875704583,0.143,0.188,1
"CPSF3",0.0164705856439637,-0.258398170172299,0.26,0.31,1
"THG1L",0.0165081973698822,-0.27017674716163,0.21,0.259,1
"PMM1",0.01653058599408,-0.33343861991716,0.135,0.177,1
"SMIM15",0.0165981570537083,-0.290264923731312,0.294,0.352,1
"HERC3",0.0166801989788794,-0.289007727281801,0.193,0.243,1
"FDX2",0.0167605831224401,-0.457680313578673,0.084,0.118,1
"NDUFAF1",0.0167614434637474,-0.290649232574755,0.105,0.143,1
"RNF34",0.0169383540507094,-0.289025421048966,0.09,0.124,1
"CYP2U1",0.0169532476394928,-0.512007200458535,0.08,0.115,1
"ICMT",0.0169898703054553,-0.309618986243627,0.128,0.171,1
"CUEDC1",0.0170276003123034,-0.535783551096138,0.166,0.208,1
"COQ8A",0.0171557617806846,-0.586357875929893,0.097,0.134,1
"SIPA1L3",0.0172482074516092,-0.3399856734435,0.119,0.161,1
"DGCR2",0.0172656586800187,-0.457936364086798,0.085,0.12,1
"GAMT",0.0172942818145693,0.73887831935108,0.129,0.094,1
"KIAA0319L",0.0173683742502794,-0.417510628817746,0.138,0.181,1
"HVCN1",0.0173734384821468,-0.280873257047801,0.331,0.381,1
"GOLPH3L",0.0174544996362613,-0.533668708652212,0.073,0.105,1
"UBE2Q1",0.017470553195397,0.369473004298087,0.471,0.44,1
"NOL10",0.0175348910123308,-0.25503466373354,0.172,0.218,1
"SNHG17",0.0176227209372476,-0.272203737139401,0.176,0.225,1
"MBD6",0.0177300944388213,-0.348628654704828,0.129,0.172,1
"ZNF641",0.0178266796159106,-0.251462060369594,0.183,0.235,1
"USP40",0.0180537233628484,-0.377062485516727,0.084,0.118,1
"ARMC1",0.0181927725193953,-0.270944556152001,0.216,0.267,1
"PIGM",0.0182410300704541,-0.295550952864229,0.075,0.111,1
"SMC2",0.0183174255500836,-0.342139561657882,0.146,0.187,1
"MBIP",0.0183174659609567,0.464943112278736,0.24,0.193,1
"TBC1D10C",0.0183217294491068,-0.30659571153602,0.299,0.352,1
"DUS3L",0.0184206537587623,-0.313523744077248,0.122,0.163,1
"CLN5",0.0184442029551429,0.525053522494068,0.294,0.251,1
"SMARCD3",0.0184486876456463,-0.373240235520437,0.074,0.107,1
"SPTY2D1",0.0184929929752634,0.269828652000762,0.352,0.303,1
"PER2",0.0185369712160975,0.479804521949683,0.118,0.084,1
"KMT2E-AS1",0.0188231536715581,-0.319411147211548,0.108,0.148,1
"DCTN4",0.018903909598675,0.31914576264194,0.317,0.274,1
"GLT1D1",0.0189497956558026,-0.424720475909223,0.069,0.101,1
"MTMR11",0.0189526327438465,-0.328472145711101,0.183,0.23,1
"WDR54",0.0191348010660043,-0.403085624642435,0.16,0.202,1
"LONP1",0.0192745258412009,-0.398071515571165,0.133,0.175,1
"PIGN",0.0193408097287795,-0.295949041660889,0.15,0.197,1
"SPOUT1",0.0193751545985421,-0.436526599871608,0.079,0.112,1
"GCH1",0.0194147739401524,-0.293660464973199,0.137,0.179,1
"TSPAN31",0.0196172284913827,-0.259177166969514,0.171,0.217,1
"TAF5L",0.0196416059607314,-0.411841567259107,0.114,0.153,1
"TMED1",0.0196472641732274,-0.35910047052992,0.118,0.157,1
"PDSS2",0.0198153001270988,-0.43718391070899,0.101,0.138,1
"ST3GAL1",0.0198571818677169,0.433363332852384,0.225,0.185,1
"CCSAP",0.01988652210598,-0.315708869965863,0.204,0.254,1
"FAIM",0.0199037339883896,-0.339928277645466,0.068,0.1,1
"STAMBP",0.0199448535337121,-0.358081932163343,0.253,0.302,1
"DTX2",0.0200395999579536,-0.729667225883907,0.096,0.13,1
"VPS8",0.0200517687226944,-0.266014026138157,0.183,0.235,1
"RABGAP1",0.0200567381203985,-0.307874618619199,0.214,0.262,1
"ATF1",0.0201007192493047,-0.30131739195121,0.162,0.208,1
"PSMG1",0.0203375088409959,-0.260051012849594,0.172,0.217,1
"PRC1",0.0204799280562878,0.547370700807359,0.101,0.07,1
"NFRKB",0.0204907676862082,-0.474887281043295,0.091,0.125,1
"SIRPB1",0.0205099322194452,-0.371021862729622,0.208,0.259,1
"PLOD1",0.020510033854429,-0.427001585834244,0.074,0.107,1
"FAM160A2",0.0205327082452602,-0.411017463628498,0.1,0.136,1
"MINCR",0.0206046536668635,0.489640929052709,0.113,0.081,1
"TBC1D10A",0.0206609020580693,-0.299388639861916,0.117,0.155,1
"CCDC93",0.020718525493809,-0.268392463871692,0.101,0.137,1
"ISOC2",0.0207306622175042,-0.311496832708302,0.22,0.266,1
"C16orf54",0.0207628086688553,-0.275406971036648,0.251,0.305,1
"SMARCAL1",0.0208435674447426,-0.281565100474274,0.091,0.128,1
"SLC39A4",0.0208611151945205,-0.254760886642464,0.167,0.214,1
"CMTR2",0.0210143171420609,-0.326422276307797,0.157,0.198,1
"TLR5",0.0210924229837962,-0.424505269331293,0.105,0.142,1
"SIPA1L1",0.021161207526823,0.400773047840562,0.207,0.167,1
"SGK1",0.0211641052144867,0.438043920199094,0.386,0.357,1
"NUP107",0.0212593740796606,-0.276569635407718,0.175,0.221,1
"MAK16",0.0212938627700047,0.46792979366918,0.166,0.127,1
"LPAR6",0.0214511465013167,-0.281658242376723,0.183,0.231,1
"HIVEP1",0.0215639639940848,0.412561389075039,0.284,0.244,1
"NIPSNAP1",0.0215972380927069,-0.430251805236964,0.107,0.144,1
"CCDC152",0.0216203801049026,-0.725501959027386,0.069,0.1,1
"TNRC18",0.0217910508266602,-0.250794405968832,0.411,0.463,1
"MTAP",0.0219680101178822,-0.263807296283603,0.18,0.226,1
"KCNE3",0.0219723648302077,-0.281006790893111,0.121,0.161,1
"PMM2",0.0220477251359138,-0.333315697008848,0.196,0.243,1
"DSN1",0.0221905142744579,-0.627207691336281,0.107,0.143,1
"PACC1",0.0222698462306076,-0.409989261668067,0.141,0.183,1
"SMPD1",0.0225804948274432,-0.252449505624296,0.074,0.106,1
"MIB1",0.0227096139351281,-0.287103438763373,0.178,0.224,1
"AMDHD2",0.022729065719214,-0.334149047036554,0.087,0.122,1
"HNRNPLL",0.0227856926689119,-0.347430415764303,0.128,0.168,1
"CPED1",0.0228280942561063,-0.324316893555447,0.231,0.282,1
"CBWD2",0.0228307580439709,-0.33549659653422,0.106,0.144,1
"ZFYVE27",0.0228701232610841,-0.581451101008116,0.109,0.143,1
"PDZD11",0.023142457846341,-0.485100409097927,0.1,0.136,1
"SMYD2",0.0232065200690467,-0.373344877138566,0.102,0.138,1
"RAB12",0.0234027863913598,0.995371189255223,0.108,0.079,1
"DOP1A",0.0235081821785693,-0.396959715317605,0.122,0.161,1
"CD2",0.0236647347964474,-0.304040198944318,0.301,0.355,1
"EXOSC9",0.0236991153573273,-0.270333466927002,0.205,0.256,1
"EXOC2",0.0240237980151894,-0.353275106163203,0.151,0.194,1
"NDEL1",0.0241689732071011,0.535414128963381,0.261,0.22,1
"TMEM254",0.0241764391909345,-0.35428945052529,0.1,0.135,1
"HMGCR",0.0242984929232964,-0.478779655868197,0.171,0.212,1
"ZNF333",0.0243232549012785,-0.382541486912304,0.117,0.156,1
"RILP",0.0243302494796605,-0.292375877096194,0.146,0.19,1
"DAPK3",0.0243665097782049,-0.569718257558875,0.069,0.1,1
"UBE2O",0.0248272996219861,-0.489083678396013,0.089,0.122,1
"FTSJ1",0.0251809947980413,-0.430505110313857,0.089,0.123,1
"PCIF1",0.0252113119574287,0.332671902794381,0.351,0.309,1
"GLA",0.0255714965615756,-0.257215736053119,0.141,0.183,1
"IQCE",0.0257859665499057,-0.415496095149721,0.144,0.183,1
"AL158152.1",0.025847380244591,-0.282316403245633,0.128,0.167,1
"EHMT2",0.0260031891493037,-0.361807461836366,0.187,0.229,1
"TRIM34",0.0261595649398582,-0.371706645778905,0.229,0.272,1
"ASXL2",0.0263153538252164,-0.294198367413183,0.269,0.311,1
"ANKRD49",0.0263405646010464,0.362879646053073,0.344,0.312,1
"UNC45A",0.0263927743558458,-0.293539925520286,0.166,0.21,1
"SH2D3C",0.0264367466051674,-0.347883752321923,0.216,0.262,1
"ENGASE",0.0264377683552288,-0.480953574277359,0.084,0.115,1
"IQSEC1",0.0264498283110273,-0.26012913226753,0.423,0.47,1
"QRSL1",0.0264727030480852,-0.305300396730081,0.17,0.214,1
"NAT10",0.0265089693441266,-0.290656954838434,0.154,0.197,1
"FRA10AC1",0.0265120704840606,-0.406845991711053,0.111,0.147,1
"CCDC117",0.0265177650973914,-0.338034792641313,0.183,0.227,1
"CCDC32",0.0267942920642727,-0.299155929551473,0.285,0.336,1
"ZNF487",0.0269078294376282,0.462699703705766,0.23,0.19,1
"FTSJ3",0.0269903546804828,-0.274553648480542,0.164,0.207,1
"TRAF6",0.0270241028537504,0.54081270077606,0.149,0.115,1
"HCG11",0.0271008931466916,-0.372739263214696,0.134,0.175,1
"MAP3K7CL",0.0271964962418115,0.596057488100551,0.162,0.13,1
"LMBRD2",0.0275782389488885,-0.5403048305691,0.079,0.11,1
"ZNF766",0.0277486080190985,0.472115805608337,0.193,0.157,1
"IRF4",0.0278508120654568,0.310427124925473,0.498,0.468,1
"MTMR3",0.0279189354344427,-0.353588595390825,0.127,0.166,1
"MARCO",0.0279441512127224,-0.632012274392439,0.07,0.1,1
"FAM241A",0.0280129492280427,-0.338573125812519,0.14,0.181,1
"FBLN2",0.0284602887883262,-0.370990043603422,0.091,0.125,1
"ZNF621",0.0285818024010635,-0.288212417938349,0.082,0.115,1
"ARHGEF10L",0.0286366535368538,-0.516831157934532,0.084,0.115,1
"RANGAP1",0.0287745257918147,-0.250412409977887,0.093,0.128,1
"MYPOP",0.0288592955815862,-0.38391613948824,0.074,0.104,1
"POMGNT1",0.0290443313955225,-0.330826659328584,0.106,0.142,1
"C11orf74",0.0291092520561874,-0.326676640820367,0.096,0.13,1
"RELL1",0.0293450137274135,0.495706301050191,0.348,0.328,1
"HIBCH",0.0293551259724624,-0.316699718707542,0.17,0.214,1
"NIPSNAP3B",0.0293598917466586,-0.439551090189952,0.075,0.105,1
"EMC2",0.0295880144377447,-0.347223876299826,0.194,0.237,1
"NAXD",0.0295880306991307,-0.26716108215609,0.074,0.105,1
"INPP5B",0.0296006601852256,-0.276985058801748,0.149,0.192,1
"TMEM106A",0.0297374002620183,-0.337073290288513,0.169,0.208,1
"TYSND1",0.0298238215862104,-0.33235059074054,0.074,0.105,1
"DDX58",0.0299580369725763,-0.30750466148643,0.106,0.141,1
"EFNB1",0.0300781067925865,-0.258573663309126,0.173,0.217,1
"MRPL58",0.0300954086669388,-0.318915667488194,0.224,0.271,1
"CNNM3",0.0301329346578591,-0.407473701116923,0.082,0.113,1
"RSPRY1",0.0302037435294533,-0.257375397807005,0.146,0.188,1
"DENND6B",0.0303293251400364,-0.384855789391457,0.119,0.155,1
"CCDC28B",0.0305354018156282,-0.278585133187356,0.138,0.178,1
"IPO5",0.0305643471340498,0.296605561325123,0.459,0.43,1
"MAP3K13",0.0305681664558881,-0.343377190387872,0.278,0.324,1
"SLC8B1",0.0306937668145328,-0.368436297100716,0.116,0.153,1
"LIAS",0.0309034593634215,-0.296086006733525,0.132,0.168,1
"DSTN",0.0309212696243568,0.315588125485061,0.621,0.6,1
"ASRGL1",0.0309602250105363,-0.40778293417881,0.077,0.109,1
"RCC1L",0.0313557700103673,-0.294862141054739,0.116,0.154,1
"DOT1L",0.0317051267811868,-0.312252032825564,0.1,0.135,1
"CCDC86",0.0317782912306532,-0.424726251559101,0.1,0.134,1
"BTD",0.0318546748366646,-0.262618728655887,0.111,0.146,1
"PDE4DIP",0.0318610764579948,-0.345723048871942,0.182,0.226,1
"RUNDC1",0.0319813005584512,-0.280077665405724,0.134,0.173,1
"DHX32",0.0321829456161327,-0.327716511049461,0.086,0.121,1
"PACSIN1",0.0322311108472763,-0.251254781034232,0.176,0.213,1
"TCL1A",0.0322463037036355,0.609417474222655,0.171,0.136,1
"PITPNA-AS1",0.0323555307944247,-0.324887791394199,0.085,0.117,1
"WDR12",0.0325545544945611,-0.360057909126441,0.133,0.172,1
"MCU",0.0325828356272321,-0.535076844655424,0.074,0.104,1
"TRIM5",0.0326073498533541,-0.267299021988624,0.223,0.265,1
"LETM1",0.0327386618653812,-0.380679456058882,0.199,0.245,1
"CDC42BPB",0.0327875098096723,-0.374753371836662,0.112,0.147,1
"ATP2C1",0.0327932203883416,-0.313993787236627,0.224,0.27,1
"DENND1C",0.0328394922817783,-0.316055092239548,0.18,0.22,1
"FAM118A",0.0329331036343482,0.251565715772752,0.448,0.416,1
"CDK7",0.0332783652616941,-0.361028507345728,0.095,0.127,1
"P3H2",0.0332878368246703,-0.314897000983361,0.098,0.131,1
"BRD3",0.0333087936300883,-0.251098185824576,0.319,0.372,1
"RTL8A",0.0334664627216814,-0.361243929448605,0.127,0.164,1
"PLAAT4",0.0335612801971071,-0.284040375356794,0.321,0.378,1
"ANKRD39",0.0336387905056231,-0.269098290820175,0.146,0.186,1
"CHST2",0.0336563234242237,0.39321431765869,0.226,0.193,1
"STK39",0.0336801876200694,-0.453091374234361,0.084,0.114,1
"RGCC",0.0340711824133645,0.591228448408775,0.181,0.147,1
"C11orf54",0.0342708273986203,-0.453155955288423,0.141,0.177,1
"PMS1",0.0342816669727827,-0.284893128659971,0.084,0.115,1
"LAIR1",0.0342942162750443,-0.255181100505084,0.304,0.353,1
"TNFSF9",0.0346197442861745,0.332293624186422,0.202,0.163,1
"AXIN1",0.0346419032028305,-0.460605266172586,0.089,0.118,1
"SPNS3",0.0347383176599664,-0.274058954291955,0.32,0.372,1
"SMUG1",0.034850410218112,-0.346653733031236,0.113,0.146,1
"DHX37",0.0351466192699082,-0.311045030405432,0.091,0.123,1
"SLC25A43",0.0354550217622125,-0.333119316528854,0.077,0.107,1
"FAAP100",0.0357307359813707,-0.314149635197853,0.089,0.121,1
"UBE2S",0.0359088408614676,-0.258628345060401,0.322,0.374,1
"CSPP1",0.0360041017284447,-0.293758131872369,0.135,0.173,1
"LINC01724",0.0361848050823513,0.959661840602285,0.114,0.085,1
"MRPL23",0.0361918544001762,0.287295437680145,0.531,0.496,1
"WDR43",0.0363483977230894,0.38062170949518,0.474,0.447,1
"ZNF880",0.0363484423069277,-0.299044442177466,0.148,0.184,1
"PIK3C3",0.0364008439865898,-0.356628430307321,0.203,0.247,1
"BCL9L",0.0364449685350584,-0.34938794255286,0.127,0.162,1
"MANBAL",0.0364611049562358,-0.324461960612888,0.085,0.116,1
"DYNLT1",0.0365810327154265,0.279464717282224,0.579,0.576,1
"MT-ND6",0.0366298515461878,0.270483569239033,0.395,0.362,1
"SLC25A44",0.0366733216611618,-0.309833574574662,0.071,0.101,1
"NDE1",0.0370581947829911,-0.309139445723781,0.193,0.235,1
"RIPK2",0.0371530043139113,0.401558769259823,0.37,0.341,1
"GNG11",0.0371960982230179,0.345987965605813,0.225,0.186,1
"TOR1B",0.0373397090356567,-0.387559788395501,0.074,0.103,1
"TTC27",0.0373854599619384,-0.443263941758729,0.082,0.113,1
"MDN1",0.0375139473703176,-0.256078885113634,0.278,0.329,1
"CCPG1",0.0378441987792064,-0.253355637353539,0.215,0.26,1
"GPBP1L1",0.0379566570309027,0.313333610608026,0.46,0.433,1
"MACO1",0.0381924937267156,-0.262356337559031,0.194,0.238,1
"EIF2B3",0.0384578045308333,-0.321376670560042,0.151,0.189,1
"SOS1",0.038464118013721,-0.265587882216078,0.234,0.282,1
"APOL2",0.038477413094171,-0.285024971616809,0.125,0.162,1
"PTPN4",0.0385329350221588,-0.314135234608589,0.123,0.158,1
"PARD6A",0.0385450519257545,-0.335916075018166,0.075,0.104,1
"EFL1",0.0386576868682906,-0.528259249096766,0.086,0.116,1
"NEK1",0.0387292106979947,-0.404635311764201,0.092,0.124,1
"GORASP1",0.0388398109501643,-0.372871885972443,0.092,0.124,1
"LTC4S",0.0389991882069885,-0.307553319269621,0.166,0.208,1
"MTG1",0.0393311290679033,-0.301636423431824,0.173,0.214,1
"ABCF3",0.0394115835967168,-0.358679935343007,0.086,0.117,1
"PGRMC2",0.0397498357171137,-0.262717231923165,0.255,0.3,1
"SAMD4A",0.039758842402909,-0.330206480242311,0.091,0.124,1
"ARHGEF7",0.0397892732452013,-0.35616385259674,0.205,0.249,1
"COASY",0.040037933031712,-0.303606172222913,0.198,0.237,1
"TRMT13",0.0403103185234734,-0.257014545513216,0.153,0.193,1
"CFL2",0.0403378169006196,0.346065914705061,0.183,0.148,1
"PCYOX1L",0.0407435535251769,-0.535633789698753,0.073,0.1,1
"TRIP10",0.0408863796003016,-0.717326090538821,0.092,0.122,1
"SSX2IP",0.0410705805745233,0.496213573716282,0.185,0.15,1
"TMEM216",0.041073352521099,-0.613845108450922,0.074,0.101,1
"GIGYF1",0.0413290718824938,-0.32750825894299,0.13,0.165,1
"RNF11",0.0416921168896052,0.263234940652759,0.435,0.399,1
"RHOB",0.0418230278356737,-0.278744804380395,0.224,0.271,1
"TTL",0.0420076713001043,-0.266512326301982,0.17,0.21,1
"PGM2L1",0.0421268055649194,-0.529996603620394,0.092,0.122,1
"INTS1",0.0422847828465995,-0.285074148645718,0.16,0.196,1
"TNRC6C",0.0423048576657394,-0.396022631359402,0.08,0.109,1
"AC005261.1",0.0423618721440911,-0.252515572331197,0.171,0.212,1
"HMGCL",0.042812380142717,-0.436191739794793,0.085,0.115,1
"ALKBH4",0.0428396730300969,-0.28027460468795,0.089,0.12,1
"LINC00528",0.0429495130631436,-0.328351996694557,0.105,0.137,1
"LINC02356",0.0429641560258071,-0.286203486861115,0.118,0.152,1
"TOR4A",0.0431547570963178,-0.356808188741089,0.079,0.109,1
"SIGLEC9",0.0434057179395448,-0.356568142710654,0.116,0.151,1
"UVSSA",0.0435024586775939,-0.282402981781814,0.091,0.123,1
"HINT3",0.0435710080348182,-0.261414033757537,0.125,0.162,1
"MTIF2",0.043721102828112,-0.260848632961812,0.161,0.2,1
"AC025171.2",0.0438149218292688,-0.260648929053682,0.075,0.103,1
"HIST1H3D",0.0439024728592457,-0.291450955281106,0.24,0.281,1
"CBR4",0.0439218813850214,-0.380924949375729,0.124,0.158,1
"DGCR8",0.0439756358832879,-0.288544610090089,0.079,0.109,1
"EBPL",0.0440444667649017,0.291754628618051,0.437,0.403,1
"RHNO1",0.0442324324575931,-0.382158827105727,0.107,0.14,1
"CHROMR",0.0442510055301804,-0.28855449825717,0.153,0.189,1
"NCAPD2",0.0445248460202369,-0.270418216233738,0.154,0.19,1
"VEGFA",0.0445399583654408,0.439982374826861,0.295,0.262,1
"B4GALT7",0.0445979839351044,-0.262183042858356,0.117,0.152,1
"AVPI1",0.0448682779313994,0.484598604429864,0.119,0.09,1
"ZNF331",0.0455478583699091,0.663029262078549,0.186,0.155,1
"YBX3",0.0459026606369036,0.318154509279662,0.566,0.564,1
"DDX56",0.046086172963501,-0.281794016625396,0.133,0.167,1
"OSER1",0.0461234014820802,0.428115549732121,0.326,0.293,1
"GCDH",0.0461930407096133,-0.27937511286191,0.128,0.164,1
"MFSD3",0.0464616566887445,-0.322095148879143,0.086,0.116,1
"SIPA1L2",0.0472636735677548,-0.268026642247658,0.081,0.111,1
"TRMT11",0.0472805784284067,-0.287857234547611,0.075,0.103,1
"ASGR1",0.0473970576135418,-0.285787592718406,0.245,0.286,1
"MLKL",0.0473995566714441,-0.273960869150664,0.1,0.132,1
"CCAR2",0.047418499279571,-0.344331792053911,0.098,0.13,1
"METTL6",0.0474608583249834,-0.474468473643545,0.087,0.115,1
"CASD1",0.0477058451978759,-0.363736360031254,0.153,0.186,1
"ALAS1",0.0480860239035071,-0.489795833905098,0.073,0.1,1
"CLK2",0.0481986404122304,-0.285248564510853,0.093,0.124,1
"GNLY",0.0486407480029879,0.403730512883463,0.229,0.193,1
"SYVN1",0.0486626335504371,-0.352032051886489,0.144,0.178,1
"ZNF350",0.0488213684502497,0.361955530107979,0.245,0.21,1
"GPR35",0.0490803604164639,-0.322180168775785,0.084,0.113,1
"SNX19",0.0493164416047289,-0.384921301856408,0.141,0.177,1
"HECTD4",0.049397518222934,-0.312964145312389,0.199,0.24,1
"IGSF8",0.0494743566161327,-0.344935244144607,0.092,0.122,1
"AC106791.1",0.0495949269191904,-0.53967781330824,0.076,0.103,1
"RBM34",0.0497119022564713,-0.309539690748946,0.084,0.113,1
"RAD51D",0.0503723225673067,-0.356755920554281,0.075,0.102,1
"KBTBD8",0.0521508484620591,0.533285563985286,0.111,0.084,1
"RSPH3",0.0524005540804792,-0.267934406875987,0.108,0.142,1
"DNAJC11",0.052883326441865,-0.290856495593094,0.102,0.133,1
"DHFR",0.0529144226786663,-0.35331391599249,0.111,0.144,1
"TTC9C",0.0531793189142461,-0.306000120270175,0.114,0.148,1
"MED12",0.05365347394621,-0.369756886209003,0.124,0.155,1
"RMND1",0.0540218279688785,-0.344545823886104,0.116,0.148,1
"RRN3",0.0542196026684418,-0.418275449836542,0.137,0.172,1
"RRM1",0.0545918441530871,-0.289346227351873,0.1,0.13,1
"ADPRH",0.0553702828845994,-0.272094356886028,0.09,0.12,1
"NUP98",0.0553733661973401,-0.296372371578378,0.256,0.298,1
"HENMT1",0.055569150438876,-0.305263480692787,0.105,0.135,1
"S100A8",0.0559458906602482,-0.284786392309286,0.434,0.486,1
"PCK2",0.0560369925647869,-0.272340483259571,0.1,0.131,1
"PPP1R16B",0.056298805333004,-0.270348032291802,0.125,0.157,1
"WDR73",0.0565056118516615,-0.267150624300704,0.166,0.203,1
"PDZD8",0.0565435608581541,0.38980641066208,0.31,0.282,1
"ZC3H6",0.0568805292846036,-0.345956498944164,0.133,0.165,1
"SMIM5",0.0569163125925585,-0.386575541931089,0.171,0.204,1
"ASCC1",0.0569771731226527,-0.304931859826946,0.105,0.136,1
"ATP10A",0.0570592378235415,-0.332496079282631,0.098,0.127,1
"MYLPF",0.0571227425565405,-0.253352955304933,0.133,0.166,1
"EXT2",0.0571339547980817,-0.274026248198446,0.113,0.144,1
"AC025164.1",0.0572989330234819,-0.275346908976521,0.14,0.176,1
"HELQ",0.0573360344284027,-0.37838560648845,0.084,0.112,1
"KCTD3",0.0574593302719695,-0.412320761222573,0.101,0.131,1
"SNX15",0.0575524919176488,-0.294746612161148,0.159,0.194,1
"VPS54",0.0578408776206022,-0.307467872048352,0.103,0.133,1
"FECH",0.0585352305636399,0.479531171683159,0.165,0.134,1
"RPL22L1",0.0585540855136328,0.266770832456407,0.759,0.769,1
"FRAT1",0.0591197114742186,-0.306769605682011,0.117,0.15,1
"ZNF317",0.0593258510025354,-0.450648685617753,0.103,0.132,1
"TUBB4B",0.0595729835839829,-0.413452939972042,0.401,0.445,1
"CDC14A",0.0596923088238999,0.398349757268192,0.319,0.288,1
"SNAP47",0.0600616083225745,-0.379533151297849,0.086,0.114,1
"ZBTB41",0.06007195692749,-0.295689097741896,0.106,0.136,1
"FBXO38",0.0601011612493803,-0.325991814893708,0.097,0.126,1
"GTPBP4",0.0601243896304638,0.305415375673277,0.37,0.341,1
"RAB20",0.0605810439259497,0.551853089958003,0.139,0.111,1
"ALDH3B1",0.0610390732062112,-0.260507394771717,0.173,0.21,1
"RALGDS",0.0612550316699582,0.358750893585305,0.162,0.132,1
"PELI2",0.0614596746676481,0.377767305848438,0.231,0.2,1
"LINC00467",0.0615102671830399,-0.378518002093593,0.089,0.116,1
"ARHGEF40",0.0619907270830497,-0.296507201273392,0.164,0.199,1
"BTN2A2",0.0620007956941551,-0.371038427029454,0.198,0.233,1
"HDAC10",0.0623571055333271,-0.397022493778501,0.129,0.159,1
"AC009093.2",0.0624395469183864,-0.295960716321322,0.17,0.206,1
"INPP5F",0.0628037285889002,-0.334274699334236,0.111,0.141,1
"COQ2",0.063082538962784,-0.375374621368969,0.165,0.199,1
"ANAPC4",0.0632622302065841,-0.282617729773802,0.112,0.143,1
"ZC3H3",0.0635799049603135,-0.368198508942786,0.089,0.116,1
"MLH1",0.0637503799356026,-0.279326794006899,0.144,0.177,1
"GATC",0.0641478163213512,-0.298629231259802,0.167,0.203,1
"NUP133",0.0642779976377492,-0.391429003990963,0.116,0.148,1
"DHRS4L2",0.0647627299029323,0.295491389465776,0.428,0.403,1
"ATG4A",0.0651370419743081,-0.354126965555204,0.079,0.105,1
"ARV1",0.0653407810044822,-0.452785391451439,0.098,0.127,1
"CHPT1",0.0653889414141179,0.266430754704872,0.562,0.542,1
"NEK4",0.065568393714187,-0.276235598529765,0.097,0.126,1
"NEDD1",0.0656204715125395,-0.304367658519564,0.105,0.135,1
"IDH1",0.0656272611767163,-0.261342313240021,0.15,0.185,1
"CRY2",0.065674873118499,0.685838216430103,0.107,0.083,1
"TMEM120A",0.0657479618633391,-0.360872311537944,0.103,0.133,1
"NFATC2",0.0657615461155745,-0.274446362773199,0.244,0.28,1
"MTG2",0.0658286202703176,-0.280913447840509,0.148,0.183,1
"TMEM175",0.0658507420247179,-0.311975338738607,0.148,0.183,1
"C1orf56",0.0659604573759861,0.595276184956303,0.424,0.402,1
"C21orf91",0.0663602287136407,-0.34467824338543,0.135,0.166,1
"LIPE-AS1",0.0664288429236614,0.557845485009362,0.123,0.099,1
"ELMOD3",0.0673173839486596,-0.309559026820574,0.103,0.133,1
"UPRT",0.0675797111174409,-0.350268252056166,0.096,0.123,1
"ZNF605",0.0680124976539799,-0.418947567985775,0.087,0.114,1
"ZNF138",0.068022386420321,-0.297817190163407,0.098,0.127,1
"JHY",0.0681112749443121,-0.389566017746149,0.091,0.118,1
"PPP2R5D",0.0682498801932183,-0.260527421556181,0.098,0.127,1
"HS6ST1",0.0683179833529227,0.457722928277154,0.121,0.093,1
"GALNT4",0.0685734012895621,0.805726585355532,0.1,0.076,1
"TENT4B",0.0689116730388171,0.344816143232586,0.322,0.291,1
"PDHX",0.0698746018098034,-0.322058382869568,0.135,0.167,1
"TMEM129",0.0701986682775169,-0.310783218749473,0.106,0.135,1
"STRADB",0.0702926392374625,-0.38152414499365,0.105,0.132,1
"FAM122A",0.0705509295316781,-0.323362451122056,0.108,0.137,1
"SLC35A5",0.0713319665588444,-0.332253078368072,0.098,0.126,1
"ZBED3",0.0714502118713543,-0.384045784556657,0.119,0.147,1
"ZNF354A",0.0728589168320533,-0.354589538177069,0.097,0.125,1
"TMEM44-AS1",0.0732415032912891,-0.258826753079225,0.102,0.13,1
"UGGT1",0.0733290060286306,0.306262849658224,0.339,0.312,1
"GNB5",0.0736142510351793,-0.30472753138793,0.106,0.134,1
"SLC35A2",0.0740478141018486,-0.427751292927131,0.08,0.104,1
"ZFAND2A",0.0746264226214548,0.319983093047303,0.252,0.218,1
"RFX1",0.0747060452029457,-0.321683604767303,0.186,0.224,1
"DNAJC16",0.0749631960987732,-0.308381184994022,0.128,0.159,1
"FOSL2",0.0754193893907167,0.352420783921054,0.475,0.475,1
"ZNF316",0.0756278363620411,0.549558408305318,0.121,0.095,1
"SMIM3",0.0759620293519224,0.496378008045436,0.218,0.19,1
"GMPPA",0.0760303835115932,-0.277916854259275,0.113,0.142,1
"CEP290",0.0761855336393466,-0.487452274520014,0.117,0.144,1
"C12orf76",0.0764930430928266,-0.285516627534363,0.197,0.23,1
"CAPN10",0.0766633612243336,-0.282606557353732,0.112,0.142,1
"GADD45A",0.0767606770223009,0.322546544218307,0.204,0.173,1
"FAM20B",0.0768578678933006,-0.280043098307043,0.176,0.208,1
"LIMK1",0.077233704774558,-0.289859544775264,0.129,0.158,1
"PRR3",0.0772709657621631,-0.320911826210896,0.084,0.11,1
"NPEPL1",0.0773214443815975,-0.303261517179882,0.156,0.192,1
"PCGF3",0.0778191366875604,-0.302155652678086,0.112,0.142,1
"MAP7",0.078381572817043,-0.312431627599587,0.097,0.124,1
"FOXRED1",0.0784725765371519,-0.338792616044509,0.079,0.104,1
"MCM7",0.0785489231061628,-0.486110069126966,0.098,0.126,1
"ETS2",0.0789151228814362,0.34705567447691,0.555,0.566,1
"FAM168A",0.0791541842307655,-0.300223037998557,0.111,0.14,1
"AC015871.7",0.0796363832869239,-0.33751223339764,0.102,0.13,1
"MAPK6",0.079681095913418,0.324132155718589,0.191,0.159,1
"CPSF4",0.0796956922402339,-0.316701979583845,0.119,0.148,1
"CRYL1",0.0800003838221859,-0.253779030784065,0.229,0.267,1
"WRN",0.0808050065924597,0.323788894096701,0.16,0.132,1
"SMAD3",0.0813996665031124,-0.343322950448749,0.215,0.252,1
"CMSS1",0.0820860935722671,-0.28805514024532,0.183,0.216,1
"UBIAD1",0.0830906382115718,-0.37769761813016,0.139,0.167,1
"CXCL16",0.0833479542153247,0.471881635802617,0.346,0.322,1
"HIST1H2AC",0.0834457605649573,-0.507514729848605,0.296,0.343,1
"ATG7",0.083698530681068,-0.288520607871424,0.154,0.186,1
"GOLGA1",0.0844338209960697,-0.271098284790803,0.097,0.125,1
"MLLT3",0.0844460651284889,-0.370413052639038,0.076,0.1,1
"RARA-AS1",0.0845585330183837,-0.289399720176425,0.08,0.104,1
"PRR11",0.0851371463994682,-0.345075616027196,0.096,0.121,1
"SYCP2L",0.0855245946092344,-0.283818379701458,0.105,0.132,1
"ARHGAP21",0.0858802311790192,0.402235689459973,0.278,0.251,1
"CUX2",0.0861640556328493,-0.260798123316328,0.109,0.137,1
"SNHG9",0.0862660697276525,0.276728373135771,0.458,0.439,1
"PCCA",0.0864305715078823,-0.376392898236983,0.1,0.125,1
"MFSD2A",0.0871514545703365,0.7119865711333,0.118,0.094,1
"EMC9",0.0873101789971476,-0.617826085899827,0.086,0.11,1
"RNF19A",0.0873711802711269,0.32025320816872,0.378,0.35,1
"PFKFB3",0.087409849094416,0.373285421649979,0.181,0.153,1
"AC092683.1",0.0874239693330506,-0.39671080362881,0.079,0.102,1
"LYRM1",0.087841033813437,0.329864498657436,0.155,0.125,1
"TRAPPC2",0.0879141614120457,0.462725997694974,0.248,0.224,1
"PPP1R14A",0.0881387608743763,0.469188341564228,0.292,0.26,1
"SOCS1",0.0890257044340679,0.470756391049212,0.124,0.1,1
"LRRC8B",0.0892217844039466,0.480375609127484,0.101,0.078,1
"CTBP1",0.0893053298857082,0.27540397847632,0.496,0.477,1
"TTN-AS1",0.0896355851330859,-0.353569752819156,0.117,0.144,1
"OSGIN2",0.0898010607965709,0.408678483798888,0.247,0.217,1
"GUF1",0.0910801752070746,-0.393982035401986,0.15,0.181,1
"LEMD3",0.0913803180684511,-0.262878796414934,0.214,0.245,1
"GANC",0.091565871454035,-0.273261291363634,0.215,0.251,1
"CIC",0.091834373803571,-0.33951375492165,0.194,0.228,1
"TXNDC16",0.0921276876059975,0.343638944720967,0.155,0.126,1
"SNHG10",0.092380602693054,0.409550516370558,0.117,0.093,1
"FRMD4B",0.0924792996540405,0.403063679189364,0.358,0.336,1
"RIPOR1",0.0931747549932353,-0.252096281934655,0.207,0.24,1
"SEMA3C",0.0931932037445458,-0.363590296367543,0.097,0.122,1
"GTF2H2",0.0932829868063094,0.288653265314815,0.172,0.144,1
"DLAT",0.0941481889259037,-0.32858099138498,0.151,0.183,1
"TRMT10C",0.0943044880910898,0.254341638124208,0.428,0.404,1
"AC074032.1",0.0943765819298975,-0.413254941875446,0.081,0.104,1
"SYTL3",0.0949214937990984,0.369468186745545,0.13,0.105,1
"ZBTB2",0.0957372861533667,0.69088967283276,0.13,0.107,1
"ZBTB48",0.095742431109327,-0.252453326541469,0.089,0.113,1
"NAV1",0.0961799376399734,-0.305096257865844,0.202,0.231,1
"YKT6",0.0962302131976422,-0.313562150748676,0.17,0.197,1
"ABHD6",0.0971670324948985,-0.298063247605277,0.093,0.118,1
"POLL",0.0974526206102583,-0.313973911210102,0.092,0.116,1
"MOB3B",0.0978251043473621,0.340963290495428,0.218,0.19,1
"ACBD5",0.0984151038319542,0.298958565231251,0.354,0.323,1
"ZFAT",0.0987687291835248,-0.358396336047438,0.237,0.265,1
"PNOC",0.0989184914067811,-0.437133331749366,0.082,0.105,1
"SNHG15",0.0992506689492459,0.388429552444675,0.346,0.33,1
"EDRF1",0.100183046869771,0.618188748857845,0.236,0.213,1
"AL138756.1",0.1003058159186,-0.364549968609552,0.138,0.165,1
"AC012615.1",0.100601152777744,-0.278508605738919,0.153,0.185,1
"CHERP",0.100720018601167,-0.302004326059101,0.156,0.185,1
"CCDC102B",0.100751501354371,-0.255568979450429,0.081,0.104,1
"VWA8",0.102303708571346,0.487761534980575,0.121,0.097,1
"AC005332.6",0.102441164165802,0.520308021369079,0.13,0.109,1
"MCEE",0.102474206426692,-0.333293887264039,0.122,0.147,1
"TNFAIP8L1",0.102589059044038,-0.302042587321865,0.096,0.121,1
"KRR1",0.102706796234122,0.261402268764737,0.515,0.514,1
"STK3",0.104200678291721,-0.255087509467408,0.153,0.182,1
"SPIB",0.104294657185635,-0.344062809972129,0.466,0.485,1
"FAM117A",0.104508000651089,-0.259504472569992,0.145,0.176,1
"NGRN",0.104704301464338,0.337503376786504,0.261,0.238,1
"MSMO1",0.105181244865167,-0.327523910493497,0.08,0.103,1
"GABARAPL1",0.105350013924239,0.293703430558991,0.311,0.286,1
"CXCL8",0.105733339442217,0.346108503119978,0.116,0.093,1
"TMEM62",0.106796485517444,-0.275220220117909,0.086,0.11,1
"CD38",0.107267260049381,-0.286183887698191,0.189,0.223,1
"RBM48",0.107302635366342,0.537775341211112,0.199,0.175,1
"SPRY2",0.108028674392281,0.409866150756249,0.121,0.097,1
"ELMO2",0.109009520041234,-0.331286791342503,0.084,0.106,1
"COG4",0.109090170439536,-0.260028953367145,0.129,0.156,1
"ENDOD1",0.111388146925421,-0.350750231231698,0.079,0.101,1
"CCDC71L",0.111389187441025,0.308848156433175,0.235,0.208,1
"INAFM2",0.111853574712139,0.321890857187886,0.207,0.178,1
"CLOCK",0.112160137425023,-0.255827204468181,0.2,0.231,1
"TBCD",0.113093932025807,-0.399964899089195,0.113,0.137,1
"TSTD1",0.114074162365656,0.29288796627116,0.415,0.4,1
"BCL2L11",0.114311724314863,0.619043837198507,0.189,0.166,1
"TMEM71",0.114853518485822,0.36722177341673,0.226,0.197,1
"IER2",0.114894349937602,-0.276063641989559,0.745,0.771,1
"AC015871.1",0.115277336639394,-0.421961223029548,0.085,0.106,1
"LANCL2",0.115330652094361,0.500181884020171,0.129,0.106,1
"PTGDS",0.115445669488729,0.409197532962246,0.164,0.138,1
"POC5",0.116233299663854,-0.490862115768121,0.095,0.117,1
"ASB3",0.116426424348973,0.500450750245768,0.109,0.087,1
"TENT2",0.117469085034475,0.251808801264202,0.408,0.378,1
"CHAF1A",0.11787844749867,-0.270867007115532,0.212,0.241,1
"SLC16A6",0.118960651958797,0.300068284925202,0.181,0.155,1
"SETD1A",0.119518009761775,0.359748211343681,0.137,0.113,1
"LRRC75A",0.120019823845356,0.295090630386499,0.456,0.441,1
"MED16",0.120473594446677,-0.301995346465049,0.135,0.161,1
"ALKBH2",0.120723767778125,0.496732910141811,0.102,0.082,1
"KCNQ1OT1",0.120764488810905,-0.292670248476629,0.154,0.184,1
"UNKL",0.121495220442992,-0.32739550492211,0.084,0.106,1
"EPHA2",0.123550077993918,-0.309090973292411,0.116,0.141,1
"GLCCI1",0.123997530791622,-0.455843654217502,0.098,0.122,1
"LZTFL1",0.124358398276947,-0.267143518146129,0.093,0.117,1
"TRIM21",0.124492992748887,-0.335601108546881,0.118,0.144,1
"DTNA",0.124646717680476,0.447216099511833,0.101,0.08,1
"AK3",0.125291744122922,0.333162526558889,0.289,0.259,1
"FAS",0.125878128695141,-0.289123735543685,0.109,0.133,1
"HERC5",0.127138028734641,0.258650883106616,0.223,0.193,1
"ZNF557",0.127791717101319,-0.340190495796438,0.092,0.115,1
"RIC1",0.127816568671946,0.293639146934289,0.244,0.217,1
"FKBP4",0.129497592896641,-0.295346448821541,0.127,0.152,1
"POGLUT1",0.129785782711228,-0.251838222372182,0.178,0.208,1
"ATF3",0.129937376159357,-0.344962584088374,0.101,0.124,1
"GLMN",0.130333897303772,-0.300505144861757,0.087,0.11,1
"EPB41L3",0.131881391202927,0.476975501873285,0.247,0.23,1
"TIPARP",0.131894527482654,-0.363477831347004,0.178,0.213,1
"NOL9",0.132165347925244,-0.504815726900219,0.153,0.178,1
"FBXL4",0.132614005347982,-0.253267504907602,0.113,0.138,1
"CTNS",0.133812812213642,-0.472793009560254,0.082,0.102,1
"RRAS",0.133850012794604,-0.269614611609421,0.164,0.192,1
"AP1S3",0.134116280157337,0.331358737863965,0.204,0.179,1
"MDM1",0.135106646541148,-0.455359659104323,0.08,0.1,1
"IFIT2",0.135502476192771,-0.327292955521446,0.172,0.202,1
"MED26",0.137149399082035,0.633779740042802,0.137,0.116,1
"SOX4",0.137796449268648,0.420058146356399,0.486,0.47,1
"TRIM52-AS1",0.137885708061961,0.345861279360768,0.193,0.168,1
"CREM",0.137961880415588,0.352111472110892,0.365,0.349,1
"ZBTB21",0.139166914320155,0.514421613591354,0.187,0.166,1
"NUP155",0.139275733644834,-0.318231591508705,0.122,0.147,1
"TNFAIP3",0.140847261466367,0.324326193480053,0.462,0.457,1
"ZRANB1",0.14149380994909,0.309993777279363,0.241,0.216,1
"ZDHHC20",0.142814050752211,0.304599248683805,0.4,0.391,1
"AC139887.2",0.143087769542643,-0.364778034901594,0.108,0.132,1
"NPC1",0.144339246937185,-0.331046414442239,0.208,0.235,1
"ECHDC2",0.147334175847808,0.395708696145188,0.173,0.152,1
"ZDHHC14",0.147795165393559,0.421982535897949,0.127,0.106,1
"CEP135",0.148020714501336,-0.288474136757268,0.205,0.235,1
"ZNF426",0.148838130744168,0.351373444390094,0.108,0.089,1
"CYBRD1",0.149706102752321,-0.286122133484917,0.111,0.134,1
"FAM153CP",0.150143385375546,0.358322381522781,0.194,0.169,1
"ABCC4",0.150662918354025,-0.304657515832046,0.09,0.111,1
"AC003681.1",0.151947895907729,0.417495189075737,0.101,0.082,1
"TRUB1",0.151996262827661,0.509745053920417,0.107,0.087,1
"SEPTIN11",0.15230537662108,-0.29418012922673,0.392,0.424,1
"ZNF805",0.152644198353287,0.658918385967231,0.109,0.09,1
"ZNF134",0.153653494799661,0.468990861256522,0.114,0.094,1
"TIMM23B",0.154364968905822,0.565161702197727,0.132,0.11,1
"RPARP-AS1",0.156100621136606,-0.336003212414039,0.093,0.114,1
"RNF14",0.157073384973445,-0.258505142873396,0.166,0.195,1
"NAA25",0.157470121950754,0.311123477829986,0.239,0.213,1
"METTL2B",0.157670471665212,-0.25389884581237,0.155,0.179,1
"DNAJC25",0.158907798577936,0.39051854868076,0.124,0.103,1
"AC092338.3",0.159244014962839,0.30497000518214,0.141,0.118,1
"AC027644.3",0.15945100455851,0.426631501644775,0.186,0.163,1
"IFT74",0.159838608770261,-0.250061521700475,0.114,0.137,1
"TFB2M",0.160032870756556,-0.312422074578166,0.132,0.154,1
"MIER3",0.162821765200239,0.689277927029008,0.108,0.09,1
"CRIM1",0.162885646476895,-0.265454714100125,0.132,0.156,1
"RP9",0.163086858097534,0.270176620657151,0.247,0.219,1
"KPNA2",0.163905820529002,-0.350727138341143,0.247,0.278,1
"MKRN2",0.163971375532623,-0.350605407189702,0.13,0.154,1
"FBXL12",0.16456220760368,0.496870784678468,0.175,0.154,1
"AL136038.5",0.165212435978097,0.429840344556678,0.122,0.102,1
"MCRIP2",0.165457731301507,0.255982493028784,0.274,0.251,1
"MYO15B",0.165556240774645,-0.357980531897069,0.139,0.167,1
"SLC40A1",0.166738211925083,-0.261542045589088,0.236,0.266,1
"P4HTM",0.166778718705104,0.442849293015126,0.112,0.093,1
"SLC11A2",0.166806309243254,0.261418670516477,0.134,0.112,1
"UNK",0.166964135312077,0.348421720963781,0.134,0.112,1
"DENND3",0.169782355931488,0.297844423251297,0.257,0.234,1
"DENND2D",0.170051326304247,-0.497326941109917,0.092,0.111,1
"RYK",0.1703561530095,-0.26444317388438,0.098,0.118,1
"ANKZF1",0.170466363755475,-0.287828860082159,0.128,0.151,1
"ZNF266",0.170787249571767,-0.267114666490055,0.093,0.113,1
"CDK9",0.171110522951514,0.442250888726638,0.239,0.214,1
"BRPF1",0.172324756251177,0.411429320176712,0.173,0.153,1
"MUS81",0.174213960570583,-0.394869388524386,0.085,0.104,1
"SDHAF4",0.174274767064456,0.293656255999822,0.106,0.085,1
"PAAF1",0.174924170598392,-0.370662368159811,0.107,0.127,1
"NFIL3",0.175387193138483,0.285543329703262,0.276,0.252,1
"RNF139",0.176196529968007,0.337198971546534,0.355,0.333,1
"AC004148.1",0.176235979119214,0.526345994165722,0.116,0.097,1
"CNBD2",0.176674146184985,0.451710642143399,0.116,0.097,1
"ARHGEF9",0.180367427891041,-0.291750127456487,0.101,0.122,1
"ISOC1",0.180606212262145,-0.274644539671484,0.108,0.13,1
"AC064805.1",0.181618734311509,-0.253942968596215,0.106,0.126,1
"ORMDL3",0.182115228498356,0.280543943496072,0.143,0.121,1
"PRR34-AS1",0.182174051517995,0.500771541924158,0.149,0.128,1
"MTRR",0.182768574961331,-0.260108684044541,0.098,0.118,1
"ARHGAP12",0.184636560094488,0.283960885420681,0.103,0.084,1
"SMIM8",0.184905362710868,-0.418051809103171,0.118,0.14,1
"BCOR",0.185293250376555,0.259405724614544,0.242,0.221,1
"NIPAL3",0.185454272540715,0.264480909321072,0.199,0.178,1
"ERCC3",0.186100496846905,-0.322906894850066,0.13,0.153,1
"UTP4",0.186429709359203,0.43458697164635,0.144,0.123,1
"CITED2",0.188858581350616,-0.397425842737591,0.23,0.26,1
"AC091607.2",0.189769086908606,0.331391383935631,0.108,0.13,1
"DHRS3",0.190417663182911,-0.270347281973881,0.091,0.111,1
"IFFO2",0.194421414655028,0.407902891749007,0.111,0.093,1
"BEND6",0.194711453412439,-0.284138488759454,0.101,0.12,1
"CD109",0.194933320958645,0.373318081775946,0.109,0.091,1
"SCAMP1-AS1",0.197018130810389,0.298921780361982,0.13,0.112,1
"LRRC57",0.197535855241379,0.46463400428263,0.17,0.151,1
"TRAF5",0.197686480631346,-0.326494032578525,0.091,0.11,1
"CEP95",0.198128573532766,0.380557040632416,0.214,0.195,1
"RNF19B",0.199756729522209,0.293024309868003,0.224,0.204,1
"CGRRF1",0.199805030597299,-0.253795666786579,0.107,0.126,1
"GIPC1",0.200128111761948,0.513287683388524,0.108,0.091,1
"ITGAE",0.20053239063444,0.263727370191762,0.56,0.554,1
"TAF6L",0.200758719070526,0.306617273874067,0.121,0.102,1
"BARD1",0.206293744821201,0.347657035708676,0.15,0.13,1
"TCTA",0.206575560100008,-0.350550673588135,0.089,0.106,1
"GMFB",0.206774744638814,0.316629630843503,0.357,0.334,1
"CEACAM4",0.20697784935838,-0.379890164437531,0.101,0.118,1
"EGR1",0.208669315062768,0.268664009108712,0.135,0.116,1
"IL3RA",0.209101494702465,-0.387229927038971,0.339,0.35,1
"ARHGAP22",0.210412946478369,-0.449548613512229,0.087,0.104,1
"LILRA5",0.210864424600195,0.390580179299602,0.348,0.34,1
"ANKRD54",0.211779195239221,-0.39284340290669,0.086,0.103,1
"MS4A4E",0.212131420283285,0.344668314986104,0.167,0.147,1
"GPR107",0.214264706028515,0.296941432369144,0.095,0.115,1
"TARS2",0.214271638873478,-0.269225643218353,0.091,0.109,1
"LINC01410",0.216933908208043,-0.336053826476161,0.082,0.1,1
"DUSP28",0.217208884052275,0.381309169925374,0.151,0.133,1
"TFIP11",0.219951122877266,0.336499472104814,0.121,0.103,1
"TRMU",0.221037145911375,0.495591174001042,0.106,0.091,1
"SH3YL1",0.225274779279807,0.371332349107174,0.199,0.178,1
"TSPYL5",0.22527955670561,-0.267835935211031,0.106,0.124,1
"CHKA",0.225332552922369,0.307607410740565,0.139,0.12,1
"HMGB3",0.22563540416127,0.441625997034453,0.114,0.099,1
"TMEM9",0.22821142158967,-0.261339093393004,0.116,0.134,1
"FAM174A",0.231046921667351,-0.356812363617732,0.086,0.103,1
"MZF1",0.236712134215584,-0.250292897076981,0.09,0.106,1
"PGRMC1",0.238862949863745,0.327896322928199,0.3,0.288,1
"SNAI3",0.239711643041177,-0.291503297828176,0.1,0.116,1
"DBR1",0.240833506430105,-0.51438926944921,0.092,0.11,1
"CD163",0.241080359334285,0.288167381771769,0.292,0.274,1
"IGLC2",0.243314637854642,4.19189844710776,0.097,0.116,1
"SLC35A3",0.245106363575597,0.280306621822173,0.312,0.298,1
"SCML1",0.245668613243426,-0.431941274001112,0.106,0.123,1
"AGPAT4",0.246462572321285,0.305741554998054,0.112,0.095,1
"ZNF736",0.24685757322902,0.346527815223594,0.228,0.212,1
"SLC25A45",0.248343155282733,-0.268020580032254,0.187,0.207,1
"TSTD2",0.250635112316019,0.261962967503616,0.102,0.086,1
"RRAGB",0.251024880890715,0.43350950983374,0.127,0.11,1
"TRBC2",0.251337415868633,0.665631173342173,0.176,0.158,1
"AC011893.1",0.251920429495113,-0.493671721540425,0.086,0.102,1
"NACC1",0.25347531448223,-0.280411209687153,0.122,0.141,1
"ABHD15",0.261580230848521,-0.259984591089095,0.326,0.347,1
"POLR3F",0.262381497638857,0.254744129194171,0.14,0.124,1
"RNASEH1",0.262913548579307,0.278022411327141,0.407,0.393,1
"RPUSD4",0.263814192100615,-0.256647907250133,0.122,0.138,1
"C12orf65",0.263881236676261,-0.47978076366429,0.107,0.124,1
"SKI",0.263970363566654,0.260276428174077,0.21,0.196,1
"NR4A1",0.265575801034935,0.312048356271436,0.325,0.316,1
"RAE1",0.265891293125996,0.310419033237553,0.194,0.178,1
"PTBP2",0.266484143576243,0.472579303960112,0.125,0.112,1
"THYN1",0.266566557919557,0.327003146692088,0.322,0.306,1
"ULK2",0.268766639641026,0.409587769464134,0.118,0.103,1
"ASNSD1",0.268836911106407,0.430121397402555,0.178,0.161,1
"FASN",0.270174249169159,0.372547273952534,0.118,0.102,1
"FCHO2",0.271646356802258,0.358443607086791,0.111,0.096,1
"RANBP6",0.271806228107598,0.36656820027214,0.218,0.202,1
"MYSM1",0.271879257943047,0.263753976560143,0.312,0.295,1
"PPP1R12B",0.272248264515337,-0.294484946326704,0.085,0.1,1
"FARS2",0.278524795538379,-0.315325671626118,0.139,0.156,1
"CCZ1B",0.283830815001053,0.420853217742595,0.203,0.188,1
"SHLD2",0.285326708015634,0.253110501009053,0.242,0.227,1
"MSR1",0.287211008603235,0.582911918966537,0.106,0.092,1
"PIK3IP1",0.289366714909533,0.287518616673432,0.125,0.11,1
"VEGFB",0.290793637287207,0.262573624361771,0.475,0.47,1
"CD3E",0.291936584824264,0.325452117228099,0.15,0.133,1
"ZNF789",0.293747740941071,0.495884398420845,0.173,0.159,1
"HDAC8",0.294534945067217,0.286554456140821,0.232,0.217,1
"SERPING1",0.295745513086556,-0.27365780642433,0.116,0.131,1
"FAM53B",0.296343035495757,0.273246824116848,0.247,0.229,1
"SLC25A33",0.296353214218437,0.256424051325875,0.257,0.243,1
"MINK1",0.297444288669351,-0.271067086417261,0.117,0.132,1
"ANPEP",0.298471784282031,0.302841194297211,0.268,0.258,1
"TRIM73",0.299762500441027,0.472551511461174,0.128,0.115,1
"CTPS1",0.301058388920779,0.250638479772696,0.273,0.262,1
"CFAP410",0.301221295741714,0.344429735279497,0.212,0.197,1
"HSPBAP1",0.3080593821446,-0.307447817439302,0.137,0.154,1
"PRPS1",0.308511279567338,-0.254604165059511,0.169,0.184,1
"RCOR3",0.310084812901549,0.26344176861279,0.312,0.288,1
"MATR3.1",0.311095560494778,0.410969484500967,0.161,0.146,1
"FEM1C",0.314028075928428,0.291361039966234,0.149,0.133,1
"TEX2",0.315595509587317,-0.366150012639725,0.167,0.184,1
"CLN8",0.316074564662627,0.40287094832599,0.427,0.421,1
"TTC13",0.316390179100384,0.502121015152075,0.123,0.109,1
"MAFB",0.319971302935504,-0.38750660000582,0.148,0.133,1
"AMZ2",0.32071702034431,0.254317263971383,0.277,0.262,1
"KTI12",0.32112894147158,0.389413018449345,0.187,0.173,1
"CASP3",0.32117363770632,0.357528264761725,0.22,0.21,1
"PRKAG2-AS1",0.323051487212885,0.362061442060266,0.146,0.134,1
"LINC00909",0.323153509283268,0.272968785357122,0.216,0.202,1
"ERCC6",0.324138837862959,0.283885709524522,0.167,0.152,1
"METTL3",0.325204074405307,-0.285663813112381,0.112,0.125,1
"MSL2",0.327749034353889,0.293844278167703,0.256,0.243,1
"RBM38",0.328117382899144,0.421659008455937,0.26,0.246,1
"AC025159.1",0.330667419028083,0.393943177851293,0.209,0.195,1
"AKT1S1",0.332425071130639,0.724023794297309,0.112,0.102,1
"SULT1A1",0.339132184061594,-0.382212402060413,0.226,0.243,1
"NUAK2",0.34273775487083,0.319132254971331,0.132,0.118,1
"CARF",0.348995106070442,-0.255798749769585,0.091,0.104,1
"RELA-DT",0.352024233254917,0.382989985673785,0.1,0.087,1
"CD69",0.353514649461235,0.464350283182204,0.141,0.162,1
"GAB1",0.35403357594718,0.468583197186373,0.137,0.124,1
"TRBC1",0.355176766305302,-0.497645109221462,0.106,0.118,1
"SLC25A38",0.3570551300868,0.377468880978462,0.102,0.117,1
"TSPYL4",0.359959178751374,0.318666899982671,0.155,0.141,1
"CLEC16A",0.36024175668209,0.291843406535585,0.102,0.09,1
"TEP1",0.361194139695553,0.34342772158262,0.25,0.24,1
"AL592295.5",0.363625450323497,-0.30967240679642,0.102,0.115,1
"MROH1",0.367423440817649,0.370791995182822,0.113,0.101,1
"P3H1",0.381145828912686,-0.421557066737225,0.109,0.123,1
"PIM2",0.383445557012087,0.389144630732253,0.166,0.154,1
"MLLT6",0.38622617593273,0.26200419109411,0.256,0.248,1
"LINC00513",0.387144852754989,0.41472349790415,0.176,0.163,1
"Z83843.1",0.389965936634607,-0.422534622866195,0.097,0.11,1
"GHRL",0.390010617359984,0.311087805389668,0.105,0.093,1
"SNHG21",0.39021877547324,0.281334457896213,0.105,0.093,1
"TBC1D12",0.392872873829118,0.253142056592335,0.172,0.159,1
"ASPH",0.395004454738287,0.26833169791989,0.348,0.341,1
"BCR",0.395455508605627,0.260441247715379,0.134,0.121,1
"EZH2",0.397246662852995,0.263011594215878,0.146,0.134,1
"XPO5",0.400579521847456,0.361545185532565,0.108,0.097,1
"AC083799.1",0.401663558047196,0.322510716890081,0.159,0.145,1
"MPP5",0.4043943694504,0.343482646373459,0.114,0.103,1
"CYP46A1",0.40833166139245,0.427712877863111,0.105,0.094,1
"TDP2",0.40864874975226,0.311135393494332,0.208,0.193,1
"CBFA2T2",0.412212434622596,-0.309651136383182,0.116,0.13,1
"AP3M2",0.41277528320701,0.251683788110844,0.133,0.121,1
"ZNF121",0.415049208711582,0.272738938608859,0.224,0.216,1
"PRDM4",0.415478777023823,0.255911441348055,0.124,0.111,1
"TMEM14A",0.416108654958387,0.42772796081309,0.107,0.097,1
"AC016831.5",0.416500258384991,0.315305972310731,0.199,0.188,1
"TENT4A",0.41937018846558,0.363461716038958,0.187,0.177,1
"AC008124.1",0.420495638150138,0.264611486969825,0.246,0.236,1
"ICOSLG",0.425387173998585,0.281421190495704,0.185,0.174,1
"NUFIP1",0.426654937918077,0.323596921995521,0.117,0.106,1
"MTMR10",0.430282349836833,0.314656368837392,0.216,0.208,1
"CGAS",0.431831176006628,0.260972573639217,0.234,0.227,1
"RHOH",0.431928676866671,0.526002999495353,0.109,0.1,1
"CCDC92",0.433789923185764,0.252220300935944,0.18,0.168,1
"ZBTB43",0.43729172030911,0.281645975663135,0.241,0.233,1
"BCL11B",0.438841251271601,0.433225102213147,0.108,0.097,1
"GZMM",0.441687905553152,0.360878331984888,0.103,0.092,1
"RWDD3",0.442143431127766,0.301990765888039,0.355,0.349,1
"SLC25A46",0.445520519160402,0.315236736626997,0.278,0.277,1
"MAD2L1BP",0.459942421045455,0.455381466538708,0.107,0.099,1
"VAMP1",0.4639963192595,0.35900427890443,0.13,0.122,1
"MCM6",0.466543932854568,-0.263689981487443,0.093,0.104,1
"SPIDR",0.467953988925462,0.264637898330746,0.186,0.202,1
"RPUSD2",0.471720664701745,0.504776730987472,0.102,0.092,1
"RASGEF1B",0.476983170526599,0.28330236809945,0.284,0.277,1
"SLC4A3",0.477704735591292,0.302003445187235,0.114,0.127,1
"FAM160A1",0.483399880705399,0.287314425315703,0.119,0.11,1
"GPR132",0.485059887803466,0.260818427473565,0.122,0.113,1
"AC239799.2",0.490703022572333,-0.302023208894378,0.09,0.101,1
"PPP3CC",0.493278044575209,0.254883232796892,0.197,0.192,1
"IER3",0.496655625764947,-0.949246853678458,0.191,0.202,1
"TMCC1",0.501399313435852,0.337931441195535,0.189,0.183,1
"ZDHHC2",0.516091203321838,0.251302852790672,0.353,0.349,1
"SESTD1",0.516666715308428,0.256641769867478,0.198,0.189,1
"TLE3",0.517308156622966,0.27092323080084,0.442,0.453,1
"JMY",0.522372326950109,0.335404863372521,0.145,0.14,1
"NR1D2",0.523398230098155,0.309449317192308,0.232,0.23,1
"C16orf91",0.525791979530916,0.276556833098554,0.213,0.204,1
"CDADC1",0.538731200228319,0.250665525110818,0.125,0.116,1
"PRKAB2",0.54069093815128,0.303572575897886,0.118,0.11,1
"TRMT10B",0.543581929715283,0.31407330435852,0.159,0.153,1
"SETD7",0.544131025750872,0.283770331258105,0.276,0.277,1
"BRCA2",0.548420247781777,0.527199398129591,0.1,0.093,1
"CD7",0.55123495365293,0.299795716684137,0.159,0.15,1
"SIAH1",0.552171211260339,0.256870158650607,0.202,0.192,1
"AL627171.1",0.558329693671066,0.27628159458732,0.124,0.117,1
"CDKAL1",0.568450001328453,0.25225499981658,0.134,0.127,1
"MXI1",0.56978205639844,0.265962487174181,0.193,0.185,1
"ARL16",0.573278525615283,0.312615084056287,0.236,0.23,1
"USPL1",0.578308259926467,0.394075162708535,0.123,0.116,1
"SRD5A1",0.583476452575671,0.322958155673263,0.172,0.166,1
"TADA1",0.583965658714778,0.330439051629949,0.109,0.103,1
"MIB2",0.589674182714064,0.387770468929757,0.18,0.174,1
"TRMO",0.594979324077743,0.268224084919106,0.122,0.115,1
"LINC00342",0.598221282778635,0.29288917977236,0.212,0.205,1
"RGP1",0.600490659652526,0.250036323579795,0.133,0.126,1
"IFITM1",0.604966659456737,0.264232774350857,0.13,0.142,1
"PELI1",0.608929422819769,0.379342308238972,0.186,0.183,1
"COBLL1",0.61116372613603,0.301217680177753,0.242,0.24,1
"CDK17",0.612166746265828,0.348493669563552,0.169,0.166,1
"IL1R2",0.618067735695687,0.265191769336074,0.215,0.21,1
"USP46",0.620301913442178,0.258343615082677,0.202,0.195,1
"SEC24A",0.62103748229681,0.267437306990136,0.135,0.131,1
"EFCAB2",0.623416565181808,0.265673039362525,0.103,0.097,1
"DHRS7B",0.624432967416535,0.262230042558952,0.102,0.097,1
"LHFPL2",0.634073754756802,-0.325803222181138,0.144,0.15,1
"RUBCNL",0.6341912161298,0.511537256220761,0.169,0.166,1
"ZNF274",0.634906651542359,0.290203388865121,0.138,0.132,1
"C2CD5",0.636618206228836,0.319308348148635,0.135,0.145,1
"FOXO3",0.638542685153771,0.310069318595036,0.226,0.223,1
"ACD",0.641416319836787,-0.288276857635551,0.101,0.105,1
"FAM215B",0.64214720067377,0.327302745472511,0.124,0.12,1
"RCBTB1",0.649114602860628,-0.349355888370016,0.095,0.102,1
"H1F0",0.652853252751414,0.310703356729854,0.157,0.153,1
"OSBP",0.659792194621115,0.30471648436599,0.273,0.276,1
"PLB1",0.664651666272757,0.336149596743414,0.128,0.122,1
"NUP205",0.670974078628075,0.347748866788788,0.134,0.145,1
"NAF1",0.677089560924361,0.483280060517566,0.134,0.131,1
"EIF4E3",0.69463265139718,0.274130392496505,0.134,0.13,1
"SPRTN",0.697362703674565,0.385593319061031,0.194,0.193,1
"SLAMF8",0.699414118263586,-0.306167703729721,0.096,0.101,1
"SAMSN1",0.704886134059977,0.288778546102836,0.374,0.39,1
"MEN1",0.711513576078996,0.314272045874521,0.105,0.111,1
"INF2",0.717562983121968,0.261815638445347,0.171,0.168,1
"MIS12",0.725049807984485,0.285508940646517,0.106,0.113,1
"CARM1",0.725129968077916,0.404613332088941,0.177,0.176,1
"HBA2",0.733478397050318,0.532106614072023,0.245,0.238,1
"HBA1",0.743051265390772,0.489637892207659,0.103,0.11,1
"UPP1",0.746115216893718,0.299750333473569,0.23,0.23,1
"TSC22D1",0.753096962121938,0.297276460909032,0.196,0.197,1
"TPPP3",0.763146760006094,0.309733535508692,0.183,0.183,1
"BNIP3",0.76756500093085,0.334132095145039,0.106,0.103,1
"EMP1",0.777295203168351,0.325352710765646,0.16,0.159,1
"RPRD1B",0.778605297224356,0.271618304905027,0.137,0.134,1
"C11orf24",0.781107747892763,0.288920125556669,0.143,0.141,1
"MTLN",0.78206700231273,0.270097852458403,0.362,0.361,1
"KCTD18",0.78725246908798,0.266863863131808,0.153,0.151,1
"TMEM222",0.789187193576301,0.267059630484371,0.102,0.099,1
"RBMXL1",0.794211276842903,0.263090458784675,0.185,0.185,1
"ACYP1",0.794285955843121,0.413834291119803,0.132,0.131,1
"CDC37L1",0.794448313087658,0.359087449112913,0.108,0.114,1
"PLK2",0.79747940337217,-0.596032840934235,0.123,0.121,1
"GPR155",0.798478896768072,0.338770981919715,0.129,0.126,1
"DNAJC9",0.813259092974288,0.286856446498769,0.229,0.241,1
"PRIM2",0.820380101667949,0.526519051790779,0.102,0.101,1
"AC012146.1",0.844033988582529,0.25730455619923,0.109,0.114,1
"B3GNT5",0.850078896941241,0.359013685462613,0.151,0.152,1
"SUPT3H",0.857156244270186,0.291625769927398,0.145,0.145,1
"KCTD10",0.858794139317457,0.252981656521378,0.145,0.144,1
"TTC28-AS1",0.863495819205717,0.307075008683084,0.177,0.175,1
"EXOC8",0.867886319509743,0.266553828557298,0.109,0.107,1
"RUSC1",0.876871644204914,0.261687552362748,0.106,0.104,1
"ANKRA2",0.878180469366764,0.260318388159142,0.148,0.15,1
"RAB33B",0.884411467628848,0.270508262477309,0.14,0.14,1
"WDR47",0.884561416525237,0.40905107321133,0.108,0.109,1
"CEMIP2",0.901250132983781,0.268268294976522,0.235,0.238,1
"CCL5",0.904562555741676,0.284524446429517,0.312,0.322,1
"C1orf131",0.909795361968658,0.252367773789685,0.213,0.212,1
"TTC32",0.914255995508521,0.272360759248224,0.228,0.231,1
"C1orf54",0.926166800926122,0.365952183084414,0.186,0.192,1
"NLN",0.93836380253832,0.278886195798127,0.1,0.101,1
"NUP153",0.941630271741987,0.315513615710842,0.186,0.188,1
"NAA16",0.949847109061733,0.413457911855303,0.133,0.134,1
"PIP4P1",0.96176210806695,0.269667371040774,0.229,0.23,1
"NUDT17",0.979428016507664,0.306679896617738,0.103,0.103,1
"SPPL2B",0.98655889451762,0.254178144862285,0.124,0.127,1
"SNCA",0.990802679757205,0.301163682952896,0.277,0.282,1
"THAP1",0.999597437176678,0.278621957178823,0.183,0.186,1
