"Gene","p_val","avg_log2FC","pct.1","pct.2","p_val_adj"
"TMEM176B",3.91142046473846e-24,-1.21022388330873,0.236,0.513,1.43161900429892e-19
"MYL4",7.00165854402016e-15,6.38429876505954,0.111,0.011,2.56267704369682e-10
"TMEM176A",8.43530250615568e-11,-0.978148077440714,0.187,0.347,3.08740507027804e-06
"RPS26",3.12733139944967e-10,0.851739895259227,0.683,0.661,1.14463456551258e-05
"MTRNR2L1",1.29214404210531e-09,-1.16383582614267,0.159,0.309,4.72937640850964e-05
"AC020656.1",1.342535092346e-08,0.886649583033705,0.66,0.643,0.000491381269149559
"TNFSF10",1.36802789752816e-07,-0.793757950411891,0.359,0.477,0.00500711890774282
"HSPA1A",3.24523604286263e-07,-0.85614013136778,0.156,0.273,0.0118778884404815
"HLA-C",1.48034937863717e-06,-0.307812965100787,0.905,0.915,0.0541822676074992
"CYBC1",3.07870685209776e-06,-0.987368371345449,0.177,0.284,0.11268374949363
"PABPC1",1.25985090064058e-05,0.278409871386901,0.782,0.754,0.461118028143459
"PHB",1.27847340415257e-05,-0.890672004283401,0.147,0.246,0.467934050653881
"SLC35D2",1.34639688963033e-05,-0.531255342683982,0.094,0.181,0.492794725573597
"GIMAP4",1.93060928273056e-05,-0.431617722831153,0.407,0.51,0.706622303572211
"LSM10",1.99243873486326e-05,-0.564882108720346,0.269,0.386,0.729252501347301
"BIN2",2.0725126632215e-05,-0.325474794507839,0.556,0.667,0.758560359865702
"FEZ2",3.39785243833624e-05,-0.623030436901697,0.166,0.267,1
"IRF2",3.59178085766281e-05,-0.584270968433706,0.282,0.379,1
"ERLEC1",3.7384215040758e-05,-0.848858941455999,0.13,0.216,1
"GAPT",3.74691941012571e-05,-0.836105455853509,0.139,0.23,1
"COA3",3.92437265127457e-05,-0.803294761719766,0.154,0.247,1
"RAB10",4.38716743829538e-05,-0.388363125659007,0.449,0.559,1
"ADSS",5.03829858394997e-05,-0.613043281080581,0.253,0.357,1
"BRD1",5.08570260211964e-05,-1.06715985559571,0.088,0.165,1
"DNAJA1",5.43345945137791e-05,-0.557143569030127,0.369,0.469,1
"APOBEC3G",5.45835304888942e-05,-0.976114803620471,0.142,0.229,1
"GIMAP8",6.04538408347989e-05,-1.1244620396875,0.071,0.141,1
"POLD4",7.37054350378525e-05,-0.311632214286814,0.326,0.432,1
"SULF2",8.98211944514591e-05,-0.550690353555052,0.341,0.439,1
"ZC3H18",9.11027843018445e-05,-0.57215743313313,0.166,0.26,1
"UBXN1",9.12800010899588e-05,-0.459053599548363,0.468,0.564,1
"KCNMB1",0.000112602842523597,-0.948279802109749,0.043,0.1,1
"ARMC10",0.000122423935574814,-0.889292187003728,0.094,0.169,1
"APBB1IP",0.000139665406751784,-0.3562999122677,0.364,0.459,1
"RPL37A",0.000152338591933794,0.252731572778791,0.744,0.75,1
"NLRC4",0.000159349117325166,-0.967621926055318,0.055,0.117,1
"GBP4",0.000161447368873655,-0.734567326465762,0.179,0.263,1
"MPHOSPH8",0.000173802290682224,-0.45541414451926,0.26,0.353,1
"SCLT1",0.000177032308088127,-0.457043933590723,0.201,0.291,1
"CCM2",0.000180990079469793,-0.586400208239347,0.168,0.26,1
"GPBAR1",0.000187949681543496,-0.808053727465054,0.203,0.282,1
"PDK4",0.000188550400204519,-1.01526617976724,0.078,0.145,1
"ITPA",0.000204300117009566,-0.594101308665618,0.146,0.226,1
"MRPS5",0.000218806734764134,-0.483226158080869,0.231,0.329,1
"CDKN2D",0.000223198222594266,0.379180898499516,0.733,0.674,1
"SLC39A1",0.000247527101093325,-1.15137128345283,0.088,0.155,1
"PAK1",0.000248541824617569,-0.552704915617332,0.343,0.436,1
"TNFAIP8L2",0.000259402343786176,-0.802284229248117,0.081,0.148,1
"CLK3",0.000267998427974342,-0.88538944361843,0.104,0.175,1
"CIITA",0.000276225981456012,-0.662128815815463,0.199,0.284,1
"SNRNP40",0.000282069654944084,-0.506819497939127,0.099,0.171,1
"SRPRA",0.000288987967917553,-0.360746091909899,0.189,0.273,1
"PSME2",0.000302090479637048,-0.496041105800147,0.485,0.554,1
"TIMM44",0.000302564298858127,-1.18670239563095,0.05,0.106,1
"EREG",0.000303802386337754,1.18509829369614,0.172,0.105,1
"FAM110A",0.000377185159389438,-0.871497621231197,0.184,0.267,1
"CD300A",0.000378807339061721,-0.648019250631474,0.185,0.266,1
"ARRB1",0.000391483533341142,-0.395508527855544,0.277,0.374,1
"RABL6",0.000407514074466864,-0.291824128328623,0.222,0.314,1
"GCH1",0.000411037780706277,-0.304809539553087,0.172,0.257,1
"NDUFB2",0.000413545009345964,-0.367945911430475,0.484,0.561,1
"GBP1",0.000416257565590761,-0.697219064891817,0.17,0.251,1
"AP1S1",0.000429300994732218,-0.996496117259073,0.064,0.123,1
"AREG",0.000440991864584691,1.7282152876119,0.165,0.103,1
"PSMB9",0.000444176253143296,-0.271701386214864,0.508,0.588,1
"DFFA",0.000444904309183077,-0.904958053893358,0.083,0.145,1
"RIC8A",0.000490769846449045,-0.541132553982854,0.095,0.164,1
"PID1",0.00049288811259993,-0.755544729923706,0.156,0.23,1
"DDT",0.000508222431018559,-0.570939246884824,0.445,0.523,1
"SLC24A4",0.000516974002618807,-0.489331666607672,0.255,0.346,1
"FAM13A",0.000523275627725848,-0.804078717662814,0.094,0.157,1
"AATF",0.000544410458498819,-0.44477423095327,0.185,0.271,1
"MAST3",0.000592569680370829,-0.639751462493941,0.121,0.196,1
"DCAF7",0.000593167415052302,-0.513171242617559,0.253,0.329,1
"IGSF6",0.000616928166604269,-0.345319532938735,0.513,0.579,1
"MT-ND4L",0.000639489216071465,0.390062495042483,0.693,0.665,1
"NUCB1",0.000644448962055822,-0.366573581849877,0.291,0.379,1
"ADI1",0.000685599447722378,-0.798494430017281,0.303,0.391,1
"MRPL20",0.000699449424148097,-0.319323798918728,0.393,0.487,1
"CARD8",0.000712352681521272,-0.668212608176393,0.277,0.362,1
"BAZ1A",0.000735174750705301,-0.469624624137968,0.366,0.439,1
"TIMM8B",0.000735278441423936,-0.362527653852593,0.279,0.373,1
"NDUFA13",0.000767928369637782,-0.296983164750736,0.548,0.627,1
"MIB1",0.000831775666195529,-0.300818385322786,0.13,0.203,1
"PLAAT4",0.000866016152107032,-0.474566547841402,0.251,0.338,1
"MIF",0.000868335837919524,0.38714597870058,0.572,0.5,1
"TMEM179B",0.000869198412685528,-0.349110423003233,0.244,0.333,1
"NAGK",0.000875497405476684,-0.369267989496709,0.385,0.472,1
"EMB",0.000899878846334075,0.563921682509283,0.438,0.377,1
"NDUFB4",0.000907652533045416,-0.291413946837283,0.423,0.516,1
"MPG",0.000922729312653788,-0.255103386274882,0.237,0.323,1
"METRNL",0.00093536859036617,0.514773715480829,0.508,0.453,1
"RRN3",0.00103998812501664,-0.884035103619203,0.061,0.114,1
"RAB35",0.0010700892713308,-0.654812428193722,0.087,0.147,1
"ZNF524",0.00114866521326798,-0.484223579174267,0.159,0.236,1
"NUMA1",0.00118808822035042,-0.593644819517122,0.18,0.257,1
"ERGIC1",0.00124432912934956,0.525572774561681,0.373,0.309,1
"SMARCA5",0.00128568544636952,-0.329812285592604,0.317,0.405,1
"AGPAT2",0.00130976671222691,-0.304252574196559,0.182,0.261,1
"BOD1L1",0.00131990340691259,-0.437191515170385,0.445,0.531,1
"MTHFS",0.00134967129386457,-0.560849699165752,0.151,0.22,1
"TOMM40",0.0014086204954528,-1.02019023418341,0.073,0.126,1
"C3AR1",0.00144129543523471,-0.669919042388641,0.154,0.222,1
"ESRRA",0.00146764469035242,-0.784103424793953,0.106,0.169,1
"IGKC",0.00150577316022579,-1.17897141579647,0.111,0.174,1
"ATF3",0.00151969536169673,-0.789486573077206,0.083,0.14,1
"HIST1H4C",0.0015392681216218,-0.398162074924636,0.239,0.315,1
"AC147067.1",0.00154518920110172,-0.47703903111992,0.064,0.117,1
"CARD8-AS1",0.00155698314810789,-0.771246087172989,0.113,0.175,1
"NELFA",0.00163462711817022,-0.885763142746271,0.062,0.113,1
"RCSD1",0.00164829203308408,-0.29939769590981,0.482,0.551,1
"FCHO1",0.00168494973076743,-0.878845683904464,0.054,0.103,1
"CSGALNACT2",0.00168896246985438,0.503753522697785,0.466,0.407,1
"TICAM2",0.00168987158040321,-0.441000157867302,0.09,0.148,1
"SAMD9L",0.00169184457794544,-0.416895692101974,0.218,0.298,1
"HEBP1",0.00171610101226563,-0.597233844958321,0.206,0.282,1
"SSNA1",0.00175632537767078,-0.580859083764032,0.26,0.336,1
"PPP1R2",0.00175838747519737,-0.39932295620119,0.334,0.415,1
"HERC4",0.00176211254041972,-0.706120591731122,0.172,0.244,1
"IFI30",0.00182571075465954,-0.312311187797208,0.678,0.696,1
"KCNQ1",0.00182688920100832,-0.549568793746091,0.142,0.209,1
"HES4",0.00186589619933707,-1.09471375038928,0.059,0.107,1
"PDCD5",0.00186993885106912,-0.341566079660079,0.246,0.322,1
"NANS",0.00187137458404721,-0.332062055943227,0.21,0.284,1
"SPTAN1",0.00188034801711621,-0.517782318250926,0.161,0.232,1
"LARS",0.00190242881709491,-0.286035481993327,0.229,0.314,1
"SARS",0.0019396538668917,-0.480878867561022,0.206,0.281,1
"SOS1",0.00196949474481024,-0.72189251784195,0.128,0.189,1
"EPRS",0.00212132930444152,-0.333439456734854,0.225,0.304,1
"NHSL2",0.0021385407784753,-0.412993305237721,0.192,0.271,1
"COX7B",0.00218270398306476,-0.335176537019823,0.542,0.606,1
"SELENON",0.0023030004841469,1.09816584731161,0.156,0.102,1
"PARG",0.00231509925387718,-0.904544720787642,0.055,0.102,1
"PTGS2",0.00236683767053506,-0.865133854996792,0.222,0.294,1
"COA1",0.00245050334726585,-0.615772289353978,0.133,0.194,1
"JUNB",0.00245776200641922,-0.2974609318497,0.671,0.692,1
"TFDP1",0.00253330256530088,0.713025466196481,0.229,0.165,1
"APAF1",0.00254944400716185,-0.309712414269163,0.224,0.308,1
"FAM89B",0.00263269736690338,-0.401234205368797,0.267,0.342,1
"ECSIT",0.00265063416915048,-0.50985430823627,0.08,0.134,1
"CYCS",0.00265851570232846,-0.257193795535391,0.286,0.37,1
"OSBPL11",0.00269119302045079,-0.324117317424392,0.321,0.398,1
"OSM",0.00270601418190382,-0.761679070605837,0.094,0.147,1
"RRAGA",0.00282434635625193,-0.579688590567214,0.13,0.195,1
"TMEM131L",0.00282848951606505,-0.649636738396042,0.139,0.206,1
"EEF1E1",0.00287455468556288,-0.626533079909995,0.088,0.141,1
"SNRNP70",0.00288483124007829,-0.570395061184732,0.298,0.37,1
"MRPL43",0.00292103473314093,-0.758880882458738,0.177,0.242,1
"KMT5B",0.00293213286884064,-0.41675815606173,0.133,0.196,1
"NASP",0.00298137145027184,-0.397255823317594,0.213,0.287,1
"NAT9",0.00299293279443465,-0.534447183910205,0.09,0.147,1
"ZBTB16",0.00305923600481145,0.936691390547234,0.149,0.097,1
"TMPO",0.00313388419369705,-0.38228213400305,0.412,0.486,1
"MRPS6",0.00318266021423175,-0.610870968550805,0.203,0.275,1
"ABCF1",0.00321531823565017,-0.597335286865956,0.173,0.242,1
"CTR9",0.00322633133866127,-0.79119394990827,0.199,0.267,1
"DCTN4",0.00327999672773557,0.816393273760132,0.251,0.194,1
"DDIT4",0.00328931576892156,0.643409917154158,0.21,0.148,1
"DNAJB1",0.00331175848037944,-0.454360450110691,0.191,0.261,1
"PBXIP1",0.00331654842127379,-1.03292261266199,0.068,0.116,1
"CARHSP1",0.00332052984717383,-0.428753419336129,0.168,0.232,1
"CCT5",0.003422257054882,-0.34941656117737,0.343,0.418,1
"PHAX",0.00348025198891023,-0.389733715925872,0.102,0.16,1
"STOML2",0.0036209019569724,-0.728320383767958,0.159,0.225,1
"DDX46",0.00365355073903391,-0.408726281443896,0.4,0.477,1
"MRPS14",0.00374632194252966,-0.795057762886046,0.081,0.133,1
"APOL2",0.00377003169791719,-0.907064046143278,0.083,0.133,1
"SAT1",0.00380836833999003,-0.253288697245242,0.901,0.886,1
"VPS25",0.0038999061792375,-0.757077283081872,0.083,0.134,1
"FAM20C",0.00391311190593438,0.98071524530796,0.106,0.062,1
"PFDN2",0.00396549438244501,-0.386402555123892,0.269,0.343,1
"SPAG7",0.00399526119174799,-0.281530055620088,0.213,0.28,1
"NT5C",0.00400617561094249,-0.418795912196465,0.154,0.22,1
"CX3CR1",0.00404392498259325,-0.487890233202978,0.179,0.244,1
"POU2F2",0.00407692750534583,-0.33593714794732,0.549,0.593,1
"CBFA2T3",0.00410744773386451,-0.373446469863614,0.121,0.184,1
"ZNF703",0.0041229069369855,-0.395266096628266,0.099,0.154,1
"AC018755.4",0.00435056843192558,-0.764914910605969,0.092,0.143,1
"PURB",0.00438705094025031,-0.417531090444849,0.243,0.315,1
"NUP50",0.00442707673937575,-0.397500499247545,0.239,0.309,1
"ZNF22",0.00443241231619845,-0.923432153093794,0.088,0.14,1
"ATP6V1D",0.00443512107370706,-0.333146243786193,0.208,0.278,1
"BTN3A1",0.00444524984985437,-0.814210889753367,0.075,0.121,1
"CTDSPL",0.00455249426072492,0.521178753819223,0.13,0.081,1
"TPR",0.00456256499436278,-0.343108690513247,0.388,0.449,1
"POLR2I",0.00459261354696227,-0.453879134488545,0.21,0.28,1
"VRK2",0.00461018423623267,-0.51646928093896,0.14,0.201,1
"NKAP",0.00479559352163609,-0.653412485287097,0.139,0.196,1
"VSTM1",0.00479856846642427,0.562779427054083,0.182,0.124,1
"TGFB1",0.00488331442669646,0.323701077888937,0.692,0.645,1
"RTF1",0.00493256580750027,-0.315091439409335,0.347,0.421,1
"SIGLEC14",0.00503494913659833,-0.956749124693077,0.068,0.113,1
"PLXNB2",0.00516697783001246,-0.355271478451091,0.333,0.4,1
"THOC7",0.00535468925270917,-0.571568013887486,0.3,0.377,1
"SSB",0.00536052127856183,-0.464886799869522,0.343,0.421,1
"TLR6",0.00536467219225465,-0.605284358862282,0.081,0.131,1
"RSBN1L",0.00538664772192873,-0.309820725468641,0.18,0.247,1
"ACIN1",0.00539956809602594,-0.486713918894615,0.236,0.305,1
"SLC31A1",0.00541041324150018,-0.62367424758909,0.154,0.216,1
"SMIM26",0.00541606261551976,0.56130432582122,0.48,0.422,1
"CHST13",0.00551815854085788,-0.957155158540622,0.061,0.103,1
"AL450998.2",0.00566996381179816,-0.353134561343768,0.059,0.103,1
"BMS1",0.00578273213826419,-0.497651539280855,0.109,0.162,1
"TRADD",0.00582137538625,-0.435411591691377,0.14,0.198,1
"PCBP1-AS1",0.0058788416035965,-0.422932280320801,0.101,0.155,1
"PLIN2",0.0059028713451713,-0.608117930946737,0.213,0.278,1
"C19orf38",0.00595434068526559,-0.260681559788958,0.4,0.487,1
"PSMB8",0.00607709268173729,-0.398282103238144,0.466,0.532,1
"NDUFB8",0.00612726315353628,-0.374549025384902,0.426,0.486,1
"SSU72",0.00619295177553136,-0.368430380104054,0.43,0.501,1
"BMP2K",0.00620151597533792,-0.65579975765454,0.185,0.247,1
"CNOT10",0.00628737345716939,-0.484860562101427,0.097,0.15,1
"ATP13A1",0.00630387882241754,-0.779638897692626,0.076,0.124,1
"NR4A1",0.00632571166037693,-0.372547055658284,0.201,0.268,1
"CCDC90B",0.006360402596482,-0.683282184932862,0.107,0.161,1
"MCM3AP",0.00636843381920368,-0.587498056428761,0.113,0.167,1
"DHRS4",0.00638081135208638,-0.407078727553913,0.099,0.151,1
"TRIR",0.00646133754026843,-0.289586067592104,0.603,0.662,1
"SH3KBP1",0.006506691840643,-0.385424113786339,0.497,0.544,1
"KRCC1",0.00654068470001218,-0.571443377786919,0.087,0.134,1
"KLF2",0.00676152172953207,-0.475671316827428,0.497,0.551,1
"OS9",0.00677730866123036,-0.328116069718015,0.35,0.425,1
"CDC42EP3",0.00680060429576614,-0.367877549303433,0.432,0.496,1
"PF4V1",0.00685921912450398,-0.460893172953983,0.151,0.21,1
"MAPK7",0.0068965395529503,-0.4722013564854,0.09,0.14,1
"PDIA3",0.00695848567951757,-0.355381668789117,0.456,0.537,1
"CHMP3",0.00697756294893825,-0.37550800251181,0.381,0.462,1
"MCOLN1",0.00700891006016471,-0.424240843643009,0.187,0.251,1
"XIAP",0.00703894112715841,-0.470617545698912,0.227,0.295,1
"MRPL36",0.00717601091810073,-0.607636046914036,0.125,0.181,1
"SNHG30",0.00721982985002536,-0.894363900708794,0.095,0.144,1
"GLYR1",0.00722465251125546,-0.313179393618299,0.258,0.331,1
"FRAT1",0.00728923832440467,-0.345465232598489,0.107,0.161,1
"MS4A7",0.00734594722264769,-0.345218950025311,0.426,0.489,1
"SMC3",0.00740657083461657,-0.385215178865253,0.244,0.308,1
"AC025164.1",0.0074224475999594,-0.455796097383861,0.12,0.175,1
"PPFIA1",0.00742276993870277,-0.392854810234107,0.161,0.22,1
"IKZF1",0.00744752418140629,-0.263870827885828,0.421,0.492,1
"SP110",0.00750692897192583,-0.291427690102915,0.393,0.48,1
"MRPL51",0.00758145372685089,-0.295753146938167,0.293,0.366,1
"SSR4",0.00775443522914384,-0.267643584214486,0.655,0.72,1
"TK2",0.00791374500850991,-0.376586945438182,0.153,0.213,1
"XRN1",0.00801877294119345,-0.333998238834379,0.256,0.333,1
"MAP4K2",0.0082390985181279,-0.589472202773214,0.092,0.14,1
"TLR1",0.00823931360617822,-0.523562909353052,0.173,0.232,1
"IRF9",0.00828571368816991,-0.563832639559665,0.274,0.342,1
"COMMD7",0.0083102625809301,-0.468859173327888,0.284,0.349,1
"MCRS1",0.00832835576906132,-0.510225372916848,0.097,0.148,1
"THBD",0.00834240968179104,-0.662560071118776,0.081,0.129,1
"TLE3",0.00836890235296178,0.390242037189851,0.435,0.388,1
"DAP3",0.00842387088704108,-0.431449791868167,0.182,0.246,1
"DNPEP",0.00842517781834269,-0.451394308675049,0.133,0.188,1
"MARCH1",0.00848703143943729,-0.268863121743312,0.49,0.545,1
"PLCL2",0.00849437205782069,-0.381884950360112,0.189,0.25,1
"ZCCHC9",0.00865874657554749,-0.622783668950459,0.109,0.161,1
"ETS2",0.0087380692833459,0.42603253463297,0.421,0.376,1
"PSMB8-AS1",0.00884381160943012,-0.474949216379377,0.201,0.261,1
"ACAA1",0.00893453101417564,-0.394040618494771,0.26,0.322,1
"PER1",0.00903487760028809,0.516781993222323,0.303,0.246,1
"ANXA4",0.00913861851454112,-0.303769763349941,0.211,0.277,1
"CD99",0.0092076935413913,0.264771969543898,0.594,0.547,1
"UTP18",0.00933653234487295,-0.665749908768846,0.111,0.162,1
"CCDC117",0.00964336412195687,-0.46408926665969,0.076,0.12,1
"POLR2A",0.0096843770450766,-0.442141506564476,0.229,0.291,1
"INTS6",0.00976526611813578,-0.468595522234645,0.133,0.189,1
"TNIP2",0.00978430024466008,-0.345846406011398,0.113,0.165,1
"B3GAT3",0.00982336307860665,-0.424742160482589,0.076,0.12,1
"KLF4",0.0098301832653222,-0.406538671166796,0.341,0.404,1
"HDAC7",0.00984040748661953,-0.596295596977588,0.095,0.141,1
"HINT3",0.00993309388851405,-0.539516164049597,0.102,0.151,1
"HSPH1",0.0100150185037044,-1.08078706946264,0.095,0.14,1
"SUCLA2",0.0103927668549543,-0.69177252736556,0.092,0.138,1
"CXXC1",0.0104619818159274,-0.470137741081659,0.083,0.13,1
"IRF1",0.0104900332709853,-0.534410548249298,0.442,0.493,1
"MARCH2",0.0106581012677285,0.371707925205441,0.458,0.397,1
"PPP1R12A",0.0106949204021271,-0.27835789009738,0.374,0.438,1
"ABI3",0.0108537674866056,-0.819742274024545,0.151,0.203,1
"HLA-DQA1",0.0108666770458171,-0.457293614993579,0.315,0.38,1
"NR2C2",0.010883009991962,-0.270095250588793,0.095,0.143,1
"ATP6V0C",0.0109083461755715,0.278994966821146,0.749,0.754,1
"PRDX1",0.0109446633926195,-0.319075098275967,0.458,0.528,1
"NUB1",0.0109856120113461,-0.486500402326808,0.302,0.362,1
"TRIM4",0.0110061294154532,-0.571774081403012,0.075,0.119,1
"NMI",0.0111374045086485,-0.378037131153575,0.305,0.37,1
"CEPT1",0.0111637490880776,-0.41380281373867,0.144,0.198,1
"AGGF1",0.0113501576484762,-0.596906844100317,0.102,0.151,1
"SNX20",0.011396562433468,-0.401468852822059,0.125,0.178,1
"C17orf49",0.0114075265524881,-0.340790472810375,0.305,0.369,1
"FAM204A",0.0114102624790099,0.511266621352813,0.451,0.394,1
"MAP4",0.0116048671394023,-0.271753052705469,0.18,0.243,1
"DOCK8",0.0116224865568414,-0.303066285111475,0.501,0.565,1
"PCBP2",0.0117078738358177,0.250243102320134,0.709,0.696,1
"ACADVL",0.011722090924965,-0.38129684548127,0.281,0.347,1
"SCAMP2",0.0118109557276678,-0.342594864780783,0.269,0.339,1
"CANT1",0.0118192484199947,-0.722240944693662,0.083,0.126,1
"PARP1",0.011870017319022,-0.588768282252813,0.187,0.236,1
"HNRNPAB",0.0120501347534713,-0.280656080216557,0.317,0.394,1
"PWWP2A",0.0120609054030857,-0.266766724637551,0.106,0.157,1
"ACBD3",0.0120783415803483,-0.333928243374562,0.234,0.301,1
"ZCCHC7",0.0121466406468338,-0.427517414756797,0.116,0.165,1
"NUP42",0.012335931357398,-0.881885850048481,0.085,0.13,1
"BLVRA",0.0124108478943365,-0.314401883944589,0.347,0.418,1
"SMIM10L1",0.012499326346477,-0.682899100057421,0.163,0.216,1
"DDX27",0.012636003302131,-0.332320255431779,0.22,0.28,1
"NSMCE2",0.0129535970678108,-0.483959957861718,0.083,0.127,1
"TECPR1",0.0130308654986922,-0.427660899630724,0.109,0.157,1
"CRYBG3",0.0130404248618006,-0.563029407039451,0.13,0.182,1
"CYTH2",0.0130456822381538,-0.430179322462823,0.107,0.155,1
"CNTRL",0.013156568180881,-0.470974504143459,0.227,0.285,1
"WARS",0.0131574519849375,-0.482606253644687,0.449,0.494,1
"TOP3A",0.0131592923962386,-0.336409966354898,0.146,0.202,1
"MRPL19",0.0133521465028771,-0.500543979944538,0.12,0.169,1
"PSMG3",0.0134273258473469,-0.754198688040664,0.094,0.14,1
"EAF2",0.0134736542895308,-0.661477292323162,0.127,0.177,1
"GBP5",0.01375990617153,-0.679937711479129,0.12,0.167,1
"PMVK",0.0138290540678571,-0.633048760003307,0.085,0.129,1
"OSBP",0.0139424020915216,0.820502737183571,0.163,0.117,1
"TCEA2",0.0143080033536905,1.20480031887739,0.104,0.066,1
"BCL2A1",0.0144438768403835,-0.385030116872962,0.423,0.48,1
"MRPL38",0.0145344969371115,-0.542188119164006,0.12,0.168,1
"PSMC4",0.0146148532485817,-0.330302798510516,0.192,0.253,1
"LSM7",0.014685917032812,-0.280710097461963,0.407,0.463,1
"MACO1",0.0147367090519646,-0.658372889011496,0.066,0.106,1
"TFRC",0.0147470503495299,0.840981166356068,0.213,0.165,1
"TRAF3IP3",0.0148644765163679,-0.327687229490521,0.308,0.367,1
"ELOVL1",0.0151831696799009,-0.5932187991226,0.128,0.177,1
"NDUFA4",0.0153513773566257,-0.333612906016481,0.627,0.695,1
"PCMT1",0.0153797944658966,-0.374408992000582,0.341,0.418,1
"CLASP2",0.0154101278168108,-0.489129263971186,0.125,0.175,1
"ATP6V1C1",0.0154236590280149,-0.270487950583761,0.137,0.191,1
"DAD1",0.0155681292065633,-0.514085560447347,0.357,0.432,1
"GAPVD1",0.0155948534273357,-0.670984035448515,0.211,0.27,1
"ATP5MD",0.0156102501133977,0.390957889361551,0.586,0.556,1
"TMEM126B",0.0156185440797015,-0.896645667070572,0.116,0.162,1
"DYRK1A",0.0157096837306857,0.513224243535208,0.305,0.256,1
"ELP5",0.015947556460213,-0.626681937507297,0.078,0.117,1
"MFSD14A",0.0159506834006496,0.834646194600521,0.211,0.164,1
"VMA21",0.0163014940277418,0.564595906819134,0.397,0.352,1
"ATXN2",0.0163421276118719,-0.546651982863393,0.158,0.21,1
"TRIP4",0.0164909780596607,-0.338512399754045,0.062,0.1,1
"DDX28",0.0169479184278112,-0.458877728511333,0.073,0.113,1
"JPT1",0.0169635594099048,-0.367193775625103,0.326,0.391,1
"EIF4E3",0.0172767371229787,0.379073003510207,0.374,0.316,1
"MTFR1L",0.0173506969941206,-0.506495531974885,0.12,0.167,1
"TMEM214",0.0173875912783763,0.931113085918326,0.102,0.066,1
"TBC1D1",0.0174432172047148,-0.357023932303685,0.269,0.329,1
"ARPIN",0.0174626161485402,0.46285152352385,0.184,0.136,1
"GIT1",0.0175126535293833,-0.422876100894643,0.095,0.138,1
"SETD5",0.0176397124927486,-0.64065593887272,0.146,0.196,1
"ZNF316",0.0179081306299979,-0.472571594191059,0.099,0.143,1
"DHTKD1",0.0180625946213782,-0.311386717303576,0.066,0.105,1
"SIGIRR",0.0181608362458133,-0.541685221013853,0.218,0.271,1
"OTUD4",0.0183205705763273,-0.452945386904126,0.139,0.186,1
"CCL3L1",0.0184575838107765,0.598280003664786,0.189,0.144,1
"GOPC",0.018490686395056,-0.555282874609582,0.106,0.148,1
"CHPF2",0.0185197510655802,-0.564212010018672,0.099,0.143,1
"APPBP2",0.0185334336255448,-0.393359510129009,0.073,0.114,1
"NIPBL",0.018628489747419,-0.325379795046322,0.399,0.47,1
"TMEM120A",0.0186513067207742,0.842166890407094,0.165,0.121,1
"HSPA8",0.0188639105889659,-0.25095932219501,0.477,0.516,1
"TTC1",0.0192600521895059,-0.388620120764764,0.205,0.26,1
"SYNGR1",0.0193779775109145,-0.659025477030274,0.087,0.129,1
"TNFAIP2",0.0195566542037471,-0.270202226709537,0.49,0.556,1
"PHF20",0.0196084053025508,-0.386527573817177,0.289,0.349,1
"MED19",0.0196966967215477,-1.03830115982025,0.078,0.116,1
"ZSWIM7",0.0197313086135007,-0.355008224803577,0.237,0.285,1
"ZDHHC6",0.0198005075249277,-0.668948411247317,0.099,0.141,1
"TMED4",0.0199615699739619,-0.316273067601648,0.225,0.278,1
"BSG",0.0200178258332375,0.3955541676001,0.445,0.4,1
"RNF144B",0.0200627812435589,0.570403194580154,0.347,0.292,1
"B3GALNT2",0.0201287734770994,-0.323197983471441,0.073,0.112,1
"ELK3",0.0201873286576171,-0.294407137014372,0.237,0.299,1
"ANKRD50",0.020640368889318,-0.647839301974109,0.085,0.124,1
"PCM1",0.0207465796994059,-0.494613710767995,0.331,0.384,1
"POLG",0.0207600112033141,-0.275116630099316,0.121,0.168,1
"PIEZO1",0.0207627550795728,-0.326026143757035,0.179,0.234,1
"VPS4A",0.0208374608984724,0.618916894147835,0.199,0.153,1
"UGP2",0.0208756117069236,-0.376382471107824,0.288,0.353,1
"GNLY",0.0209142866446621,0.26424001607516,0.165,0.12,1
"N4BP1",0.0215436807640749,-0.582436107200733,0.179,0.229,1
"TUFM",0.021578617462831,-0.262302539865175,0.336,0.404,1
"ATXN3",0.0219124508644429,-0.432234747655529,0.244,0.301,1
"NADK",0.0219813921814587,-0.292369800778356,0.298,0.356,1
"NEK7",0.0223211493385668,-0.586022941834358,0.196,0.247,1
"OAZ2",0.0224068506165294,-0.351007416075157,0.239,0.288,1
"DCK",0.0224413171343727,-0.284695755501126,0.198,0.254,1
"PRPF19",0.0224424837386418,-0.640098071956234,0.068,0.105,1
"HDHD2",0.0226445819423119,-0.471211743901266,0.09,0.13,1
"PPWD1",0.0226604671108252,-0.390512105080395,0.094,0.137,1
"NEDD9",0.0228858507901872,-0.345748942519936,0.196,0.247,1
"RFC2",0.0233181388114832,-0.767336059232334,0.064,0.1,1
"ZNHIT1",0.0234175250023683,-0.298002398194451,0.399,0.456,1
"MRPS11",0.0234635533168456,-0.575159610193448,0.123,0.168,1
"HSPE1",0.0235718646589793,-0.443271976058652,0.27,0.323,1
"SEPHS2",0.0239270849015439,-0.412918579419257,0.14,0.188,1
"PRPF18",0.0241995621254104,-0.415801921358613,0.123,0.169,1
"CLCN5",0.0242534012428868,0.628133381570979,0.118,0.081,1
"HNRNPM",0.0243645458432182,-0.275909414828035,0.478,0.531,1
"PREPL",0.0244241851411783,-0.340110308506363,0.075,0.112,1
"LINC00667",0.0244505449441604,-0.666632780213508,0.13,0.175,1
"CRELD2",0.0245921884845694,-0.443699993415085,0.075,0.113,1
"TLK2",0.0246362322937511,-0.617223886371248,0.133,0.178,1
"IRF7",0.0246468975710101,-0.326087363519153,0.22,0.275,1
"BPGM",0.0247219770907885,-0.255533791069367,0.068,0.105,1
"PPDPF",0.0251370787532315,0.258411926369345,0.516,0.469,1
"SH3BP1",0.0252296224406788,-0.305666265917055,0.329,0.377,1
"MYDGF",0.0254643253296248,-0.526665749762015,0.246,0.299,1
"TMEM248",0.0256242290451889,-0.504907394975366,0.265,0.322,1
"RER1",0.0257076872567727,-0.439311853530593,0.328,0.381,1
"MIA3",0.0257238418137395,-0.318705017340728,0.22,0.274,1
"CPT1A",0.02584576534551,-0.53538198947998,0.215,0.267,1
"CMC1",0.0258528093181298,-0.75970460697635,0.107,0.15,1
"TNFAIP3",0.0261258423874105,0.507249960678378,0.334,0.284,1
"OXR1",0.02614552536328,-0.282192468146984,0.213,0.266,1
"TLR8",0.0262720657656352,-0.291752411474133,0.258,0.319,1
"MARK2",0.0263169133112609,-0.398796703710584,0.229,0.281,1
"ICE2",0.0264051808405138,-0.418936312933961,0.118,0.162,1
"THBS1",0.0267582459244904,0.383493089101495,0.381,0.332,1
"DOK1",0.0268308196031442,-0.635602415593724,0.101,0.141,1
"USP9X",0.0269593736362479,-0.280929202913545,0.279,0.343,1
"CWC27",0.027162204823163,-0.2700322265483,0.113,0.157,1
"SHOC2",0.0274172858401203,0.382264315548572,0.438,0.398,1
"MLKL",0.0274978748345605,-0.569318442640046,0.142,0.186,1
"CASP10",0.0275093879250464,-0.55184039367973,0.099,0.137,1
"APOL6",0.0276682489020569,-0.287703057646385,0.374,0.425,1
"DNAJC1",0.0277437153583875,-0.41301424843366,0.161,0.21,1
"CTDSP1",0.0277855809005972,-0.297190546496237,0.392,0.445,1
"YAF2",0.0277965605520627,0.645159051457299,0.237,0.191,1
"SIRPB2",0.0278529728602812,-0.591561164751297,0.09,0.129,1
"CNPY2",0.0278858228407355,-0.35966873949704,0.206,0.261,1
"RAB7A",0.028044774483703,0.305658194582693,0.511,0.475,1
"SLC31A2",0.0280652376758077,-0.250870665956177,0.241,0.298,1
"PRNP",0.028081113638231,0.338629246636691,0.437,0.394,1
"LY6G5B",0.0282492379000384,0.539986603080756,0.106,0.072,1
"RALA",0.0284361359213811,-0.412613673177818,0.142,0.186,1
"CNEP1R1",0.0284892570831647,-0.343740278342267,0.135,0.179,1
"NFKBIE",0.0284947791003557,-0.670917310822717,0.085,0.121,1
"TASOR2",0.0287017331626147,-0.459407231903125,0.153,0.198,1
"AP3B1",0.0288466175929685,0.268638585048426,0.359,0.308,1
"SPECC1",0.0289237042917652,-0.351616032020179,0.26,0.318,1
"PLRG1",0.0289648203808995,-0.293887322510797,0.106,0.148,1
"TM7SF3",0.0290343296316524,0.605310942683783,0.158,0.119,1
"SYTL1",0.0291426738974773,-0.343458193542046,0.121,0.165,1
"GPAT3",0.0291759385173988,0.557772770831215,0.208,0.164,1
"TRIM27",0.0293062253155851,-0.33922925836247,0.102,0.143,1
"DESI1",0.0294406892354535,-0.811999641339243,0.156,0.202,1
"URI1",0.0295006452711978,-0.349352910495215,0.255,0.314,1
"TIMP2",0.0296443869560607,0.304259125692902,0.522,0.489,1
"TRAPPC3",0.0296907376928867,-0.417472941370761,0.161,0.21,1
"USO1",0.0297136887752413,-0.339634562127086,0.153,0.203,1
"CCDC149",0.0297891241063525,-0.463733907535369,0.087,0.124,1
"MRPL40",0.0298461749345921,-0.321699475225936,0.151,0.199,1
"IAH1",0.0299094679232948,-0.39526063627303,0.21,0.266,1
"PAGR1",0.0299656290075427,-0.296691562544893,0.144,0.191,1
"LRMDA",0.0300990173456385,-0.363811602414746,0.118,0.164,1
"WAPL",0.0304640838584591,-0.382416699884002,0.314,0.374,1
"EXTL3",0.030472965765978,-0.544363557542859,0.073,0.109,1
"FCGR1A",0.0304830547894567,-0.398144200889667,0.166,0.216,1
"POP7",0.030554313527527,-0.781175613628978,0.088,0.127,1
"IL10RA",0.0306156733187881,0.297745522998618,0.594,0.564,1
"SAFB2",0.0307570112300874,-0.552923333139605,0.243,0.291,1
"GMPS",0.0308966635569739,-0.507311221625099,0.135,0.182,1
"ACVR1B",0.031352169350585,-0.67273962739905,0.075,0.11,1
"GTF2H3",0.0316345275093262,0.585157838783265,0.116,0.081,1
"SCOC",0.0316887290207908,-0.850542640856033,0.071,0.106,1
"AC008105.3",0.0318421837711555,-0.320417448103536,0.123,0.165,1
"SZRD1",0.0319353096841474,-0.507061988342828,0.267,0.325,1
"PSMD5",0.0320442320628272,-0.549414146547655,0.083,0.12,1
"EEA1",0.032071487251595,-0.256804109389188,0.225,0.282,1
"SINHCAF",0.0323080966493072,-0.485747625437653,0.109,0.151,1
"CLU",0.0324537971300026,0.324877317016335,0.305,0.25,1
"ATG2A",0.0324976248178736,-0.447958558895911,0.114,0.157,1
"KAT6B",0.0325526244365254,0.382293041797813,0.251,0.202,1
"SRI",0.032760659048309,-0.276779901784794,0.317,0.374,1
"DTNBP1",0.0328332861079301,-0.378987261404319,0.095,0.136,1
"TFEC",0.0329033272037053,-0.463086327963946,0.234,0.281,1
"COPE",0.0329128733034549,-0.318123487271475,0.459,0.518,1
"MRPL27",0.0330799599106734,-0.257163140752194,0.137,0.184,1
"ACTR10",0.0330934888559247,-0.264579124138974,0.187,0.239,1
"SCYL1",0.0334088415370627,-0.341791228812762,0.08,0.116,1
"DMAP1",0.0334208177567869,-0.435472110636643,0.083,0.12,1
"HIST1H1E",0.033431257152326,-0.318985200837857,0.217,0.277,1
"HACD4",0.0334596633780109,0.345043453334005,0.525,0.477,1
"H2AFZ",0.0337043690310025,-0.252972957629899,0.544,0.607,1
"LAP3",0.0337177381537868,-0.331587611230811,0.381,0.436,1
"RGL2",0.0337598713405841,-0.526571684008981,0.071,0.106,1
"CCDC88B",0.0338857046346353,-0.46088667809085,0.255,0.304,1
"HDAC1",0.0339380519631122,-0.304541719384908,0.236,0.29,1
"NINJ1",0.0339461532980579,-0.356994716719343,0.362,0.412,1
"AP001189.1",0.0341229713559109,0.281682685591498,0.22,0.169,1
"SRXN1",0.0342487061918882,0.671588248686124,0.128,0.093,1
"ALDH16A1",0.0342629573840201,-0.540194934389921,0.109,0.151,1
"GLA",0.0343138422271738,-0.452374801710978,0.102,0.143,1
"STT3A",0.0343244537401513,-0.609932197498027,0.071,0.106,1
"FBP1",0.0343283436292523,-0.278605528352741,0.258,0.312,1
"DEAF1",0.0345590640042273,-0.720573108706806,0.073,0.107,1
"CXXC5",0.0346193057713191,0.421983238786655,0.251,0.206,1
"TRAK1",0.0346844801960859,0.450847568462382,0.194,0.151,1
"DR1",0.0348748448834505,-0.354330710479016,0.334,0.386,1
"FH",0.035122948830022,-0.350904412574275,0.068,0.102,1
"RCAN3",0.0351888565241733,0.605608468374969,0.172,0.131,1
"MAEA",0.035198967854126,-0.273055545871071,0.09,0.129,1
"BBC3",0.0352852546841421,-0.83467146047721,0.076,0.11,1
"IL27RA",0.0353557420380748,-0.642047358013555,0.205,0.253,1
"MRPL11",0.0354327412516144,-0.350739718054501,0.215,0.27,1
"ISCA2",0.0358517868402147,-0.726665807851239,0.113,0.155,1
"AC092620.1",0.0361948525362777,-0.441918539640195,0.083,0.119,1
"NAA10",0.0362266531754939,-0.409252327685117,0.205,0.256,1
"WSB1",0.0362504198630721,-0.309316465129413,0.459,0.499,1
"NAXE",0.0364833167885651,-0.322320508142488,0.087,0.126,1
"HDDC2",0.0364916232036582,-0.592752286904167,0.113,0.153,1
"ANKRD11",0.0366311503358759,-0.324391953363481,0.451,0.5,1
"CHTOP",0.0369006974935508,-0.363734187532434,0.17,0.223,1
"GANC",0.0369012179326056,-0.586122089771047,0.08,0.116,1
"FBXO25",0.0371174478189793,-0.30956836060486,0.09,0.129,1
"SNW1",0.0371322456955197,-0.300698065861318,0.312,0.362,1
"TMEM50A",0.0371722725482301,-0.412548777452722,0.591,0.651,1
"TIMM17B",0.0372041526314193,-0.32282594809493,0.156,0.206,1
"FRMD3",0.0372820089102921,-0.607547205439615,0.075,0.109,1
"ENTPD1",0.0373512041482042,0.327429577925872,0.38,0.335,1
"C5orf56",0.0374110606315496,-0.700144877289686,0.083,0.119,1
"SLC3A2",0.0376978783623394,-0.286242032440994,0.27,0.329,1
"CYSTM1",0.0378041041054598,0.888361810971469,0.159,0.124,1
"RELL1",0.0378452017132742,0.32372145209517,0.272,0.229,1
"ARFGAP2",0.0379456477352331,-0.275695236165714,0.185,0.236,1
"AC114760.2",0.0380011001832343,0.53790502006932,0.189,0.15,1
"EMC8",0.0380707566257445,-0.689859708364652,0.116,0.16,1
"AKAP8",0.0382159968131589,-0.50169802018592,0.149,0.192,1
"UBE2V1",0.0382796003572965,-0.456463015505682,0.47,0.532,1
"IMP4",0.0383655171002111,-0.487161009418728,0.116,0.157,1
"PTPN11",0.0384389010959136,0.328530874686183,0.272,0.223,1
"SLC1A5",0.0385170103535247,-0.42241042492304,0.133,0.177,1
"SIRPB1",0.0386126059087454,-0.260183802859207,0.284,0.338,1
"PPHLN1",0.0386575845988239,-0.334812809313126,0.276,0.331,1
"VPS41",0.0387776345029069,-0.261247771241106,0.211,0.264,1
"CALML4",0.0393087645071154,-0.267964615079102,0.139,0.184,1
"NEDD8",0.0393140066911093,-0.307407619857246,0.497,0.564,1
"MED14",0.0394096448995847,-0.380117032695296,0.069,0.103,1
"EAF1",0.0397388612228782,0.356865492103188,0.248,0.199,1
"YTHDC2",0.0397988034965649,-0.488481099945464,0.135,0.175,1
"P2RX4",0.0398801789853262,-0.406469082914401,0.149,0.194,1
"CDC5L",0.0398924550954249,-0.467856657890213,0.231,0.28,1
"MRPS10",0.0400638851669711,0.450652778488464,0.205,0.161,1
"TBC1D14",0.0400960823908035,-0.503344867778121,0.144,0.186,1
"MYO1G",0.0402052497931008,-0.25180843819314,0.487,0.532,1
"CD300LF",0.0403826929968433,-0.257792558051658,0.296,0.343,1
"MINDY2",0.0404241873518773,-0.265973509844943,0.113,0.154,1
"ARAP2",0.0405658434685047,-0.291390085032825,0.208,0.258,1
"AKR1A1",0.0406635897718678,-0.409540809472217,0.274,0.331,1
"PDIA4",0.0407837646126117,-0.330957824545312,0.21,0.268,1
"RAB1A",0.040903238558195,-0.438857723392578,0.277,0.326,1
"GPR65",0.0409230438498323,-0.379649261347995,0.234,0.284,1
"PPT1",0.040988634016982,0.332074740934298,0.565,0.556,1
"C15orf40",0.0411639494471096,-0.471180703749245,0.13,0.169,1
"EPHB6",0.0413640908007132,-0.316980650993762,0.078,0.114,1
"DUT",0.0417097004659194,-0.485403909723793,0.26,0.311,1
"PCNT",0.0419530117760814,-0.409894475137331,0.085,0.12,1
"MYOF",0.0421120040180383,-0.589613259391432,0.156,0.199,1
"ZFYVE16",0.0423922299237478,0.377062582281451,0.324,0.28,1
"PPID",0.04241679264797,-0.456610657742091,0.088,0.124,1
"RSRP1",0.0431967470495184,-0.293009257471422,0.38,0.441,1
"THAP9-AS1",0.0433409256502582,-0.257645790928711,0.106,0.144,1
"ZNF12",0.0433902464381244,0.539522753769027,0.106,0.075,1
"RIT1",0.0434825427527762,0.306609973776692,0.329,0.282,1
"NLRC5",0.0435488914406609,-0.45884198174184,0.123,0.165,1
"TAP1",0.0439351538555717,-0.380556933786817,0.255,0.311,1
"PI4K2A",0.0439957141374185,0.520102408084835,0.127,0.092,1
"CGAS",0.0440985483487999,-0.446818452510958,0.095,0.131,1
"TMEM41B",0.0441785478370299,0.986053548262621,0.125,0.09,1
"EID2",0.0442196461986868,0.682803506850155,0.111,0.079,1
"VPS16",0.0444814138434795,-0.575702492990504,0.097,0.134,1
"ZNF136",0.0446451497262603,0.746408370225063,0.106,0.075,1
"SCAPER",0.0447735050859345,-0.339478869162142,0.085,0.119,1
"DPYSL2",0.0454082389363923,0.251856192102977,0.562,0.534,1
"LASP1",0.0455238154944655,-0.278578311790284,0.374,0.432,1
"KIAA2026",0.0455281828509713,-0.357635924789564,0.182,0.233,1
"CUL1",0.0461344374196932,-0.633360080473106,0.154,0.198,1
"NLRP1",0.0463334005114557,-0.353398558083172,0.229,0.28,1
"ODF3B",0.046439220495295,0.607729802528724,0.326,0.291,1
"CELF2",0.046678470162125,0.305726567925568,0.65,0.626,1
"MRPL23",0.0467714828750254,0.443371132743839,0.241,0.203,1
"MIR181A1HG",0.0469783413418387,0.730779006592746,0.158,0.123,1
"ZBTB1",0.0470107263113406,0.441956219593743,0.269,0.223,1
"CHURC1",0.0470729477984092,-0.267477562034686,0.456,0.508,1
"MFSD11",0.0470886057307161,0.43666460745507,0.123,0.092,1
"PHF14",0.0471346240641359,-0.377738708756379,0.144,0.189,1
"TARS",0.0471848573855513,-0.532465413993902,0.14,0.179,1
"EHD1",0.0474500484596444,-0.354639666969514,0.248,0.299,1
"TACC3",0.0475388532648533,-0.480633422202143,0.241,0.292,1
"SIGLEC10",0.0478307831963539,-0.329482129417368,0.161,0.205,1
"FNIP2",0.0481736208649683,-0.366012654375213,0.153,0.195,1
"PRR14L",0.0482931928044118,-0.427260740803538,0.18,0.223,1
"IL18",0.0483401686904863,-0.466332153443896,0.144,0.185,1
"GNAQ",0.0483563244446268,0.360712423297339,0.532,0.5,1
"RIPOR1",0.0483758519733972,-0.325615053763027,0.104,0.144,1
"NGLY1",0.0485785449719914,-0.425874489987271,0.132,0.171,1
"ROCK2",0.0494686153440931,-0.359745727245667,0.217,0.266,1
"CKAP5",0.0495188182918467,-1.12537847496189,0.078,0.11,1
"SNRNP25",0.0496677569733943,-0.401899472251213,0.097,0.133,1
"SRFBP1",0.0497402400417565,-0.409055731458368,0.101,0.137,1
"KIN",0.0503943849058159,-0.478084066067595,0.149,0.191,1
"BAZ2B",0.050416635085268,-0.297802944193632,0.328,0.38,1
"SBF2",0.0504340504849101,0.365592773151609,0.315,0.275,1
"SPG11",0.0506635838872549,-0.26046438483891,0.272,0.328,1
"SMARCD1",0.0509332901299392,-0.559422459296508,0.121,0.158,1
"TNFAIP8L1",0.051351713504598,0.525369859364077,0.111,0.079,1
"DDX52",0.0513670546662784,0.509472658897759,0.205,0.164,1
"C6orf62",0.0513694763447394,0.323397184300948,0.536,0.51,1
"BCL7B",0.0515225518977442,-0.429816840554675,0.22,0.275,1
"OPA3",0.0517537886301695,-0.468550250958878,0.069,0.1,1
"DDX58",0.0517916965647162,-0.251477516530729,0.09,0.126,1
"HSPA6",0.0519628154035188,-0.550289783030123,0.075,0.107,1
"NGDN",0.0520437183978443,-0.453898004086917,0.09,0.126,1
"FBH1",0.0521006356487536,-0.257023525542088,0.109,0.148,1
"RNF5",0.0528644253032194,-0.379835655390205,0.099,0.136,1
"EID1",0.0529904252407084,-0.283666335690721,0.614,0.675,1
"UCHL5",0.0531169537950922,-0.757612148233906,0.111,0.144,1
"UPF2",0.0534624897857262,-0.67654503402778,0.159,0.198,1
"DNTTIP1",0.0537079624722457,-0.581162609615017,0.142,0.179,1
"POMP",0.0537163448509484,-0.27382399187401,0.523,0.585,1
"NSMCE3",0.0537485892863717,-0.323157802115115,0.13,0.168,1
"PPP1R11",0.0537520601118984,-0.352089716291287,0.18,0.223,1
"DHX16",0.0544745592748492,-0.278096024514007,0.076,0.109,1
"HMBOX1",0.0550167618854523,-0.32185309721495,0.153,0.196,1
"RFX7",0.0550206799788839,-0.687051224906338,0.071,0.1,1
"NUDC",0.0551077035716951,-0.349132712701212,0.253,0.299,1
"DDX23",0.0551341404012556,-0.564796597609158,0.092,0.126,1
"CEBPA",0.0552686078808017,-0.378459288120946,0.194,0.237,1
"AC008124.1",0.0553147146311228,0.53161195465754,0.104,0.073,1
"SLC49A4",0.0553919471943986,-0.340655538807917,0.087,0.12,1
"SYNRG",0.0556969278946959,-0.496575163765294,0.166,0.206,1
"MIEN1",0.05581039831803,-0.448499787163655,0.184,0.229,1
"KIAA1143",0.0559032838009543,-0.348472809478349,0.206,0.254,1
"PURA",0.056325753179897,-0.328868525730533,0.146,0.185,1
"HAT1",0.0564500155956609,-0.587141937681132,0.142,0.179,1
"LITAF",0.0569139999471832,0.295808813224528,0.523,0.5,1
"CLSTN1",0.0569354869725325,-0.258699190513597,0.113,0.151,1
"TTC7A",0.0571228176034383,-0.36935547548273,0.218,0.267,1
"DCTN2",0.0573419568700422,-0.512216721130647,0.208,0.257,1
"IRS2",0.0575621419211644,0.56920775208661,0.383,0.35,1
"USF2",0.0575988291500449,0.561780285420556,0.452,0.425,1
"MITD1",0.058150190937068,-0.258007815983182,0.132,0.174,1
"TADA2B",0.0585389867527412,-0.537667909166059,0.094,0.127,1
"NIPA2",0.0585475466611477,-0.508000380124599,0.139,0.178,1
"C11orf21",0.0586640419727015,-0.438196740373606,0.172,0.215,1
"CLEC4D",0.0587881540499648,-0.516398339170293,0.13,0.167,1
"TMEM268",0.0587885056066872,-0.503565022417215,0.092,0.126,1
"EVI5",0.0588132318744514,-0.269251541676212,0.281,0.322,1
"FBRSL1",0.0589036770360592,-0.299746443567504,0.123,0.164,1
"LARP4",0.0589992767686169,-0.324886446873256,0.085,0.117,1
"RBMX2",0.0590288711539527,-0.288582901831317,0.165,0.205,1
"OSTM1",0.0594605702728585,-0.25887988560658,0.201,0.25,1
"CNIH1",0.0594647397209091,0.294233408856191,0.333,0.298,1
"USP32",0.0595542531391623,-0.250514680241459,0.21,0.26,1
"ZHX1",0.0596412590016495,0.604474064594681,0.182,0.147,1
"CCDC124",0.059721366231926,-0.401433554650404,0.156,0.199,1
"PAN3",0.059989616827778,-0.269297449634511,0.218,0.274,1
"ACBD5",0.0600227593412434,0.693506311437708,0.17,0.137,1
"PIGP",0.0600298260989617,-0.547066269024722,0.088,0.121,1
"SLC9A3R1",0.0601098447234858,0.358867707521647,0.435,0.4,1
"MAN2A2",0.0604424868105627,0.89305652963986,0.154,0.121,1
"ZNF641",0.0605771164699311,-0.438114834866724,0.083,0.114,1
"DNASE1L1",0.0607177080035453,-0.507671170873691,0.121,0.157,1
"TMEM107",0.0608073637275717,-0.347910009580033,0.139,0.178,1
"EAPP",0.0610684949042124,-0.348501995999385,0.338,0.39,1
"DPF2",0.0611923395971584,-0.386013161631722,0.132,0.172,1
"SLTM",0.0612578791968599,-0.295897464631426,0.383,0.441,1
"MEA1",0.0612855516072894,-0.490627376566614,0.142,0.184,1
"FDPS",0.0614132196450782,-0.581543160789933,0.151,0.191,1
"DAXX",0.0616138894539187,-0.491409760193543,0.118,0.154,1
"MRPL10",0.0617179538826207,-0.384496824467154,0.088,0.123,1
"ZBTB37",0.0617898621756149,-0.475564922925574,0.09,0.123,1
"PRPF31",0.0618025349194062,-0.463758325176379,0.142,0.182,1
"ARL6IP6",0.0623834851698498,-0.26062928514924,0.109,0.145,1
"SVIL",0.0624318768604865,-0.448731533368723,0.146,0.186,1
"MRPS16",0.0627662605969905,-0.344573396622285,0.184,0.225,1
"JAGN1",0.0629854170635035,-0.357785705026009,0.142,0.181,1
"TRIM58",0.0631329477764925,0.297391101916115,0.187,0.15,1
"CD163",0.063279821977111,0.309283623374108,0.348,0.302,1
"OTULIN",0.0633298045851824,-0.554112983029808,0.158,0.196,1
"HUWE1",0.0634952063191702,-0.31765764797163,0.244,0.291,1
"AP5M1",0.0643236829972703,-0.324607429716849,0.081,0.113,1
"CERT1",0.0645579190445246,0.256172276076818,0.482,0.448,1
"COA5",0.0646126587610159,-0.366987065209306,0.139,0.174,1
"GIMAP6",0.0647746469922101,-0.543325463240993,0.092,0.124,1
"NCOA3",0.0649437587185036,-0.403630064291409,0.326,0.37,1
"CDS2",0.0649690581583483,-0.478141440122659,0.185,0.227,1
"GOLGB1",0.0651030488295971,-0.33785929285886,0.267,0.314,1
"CYSLTR1",0.0651306497813291,-0.292219399471167,0.161,0.203,1
"FAM53B",0.0651892043077869,0.514176889881083,0.222,0.186,1
"ARHGEF10L",0.0653301462201186,-0.348436018617378,0.073,0.103,1
"MBD1",0.0653829346266234,0.825450539834919,0.113,0.083,1
"RCBTB2",0.0654730515669566,0.258090224390654,0.262,0.22,1
"ATP11C",0.0654924887831634,-0.525675037983294,0.09,0.121,1
"SNHG25",0.0655150086477642,0.750065960561189,0.172,0.138,1
"CHCHD3",0.0657043339084191,-0.30100408940106,0.146,0.184,1
"SEH1L",0.065775963346288,0.473997551581237,0.121,0.09,1
"ZNF622",0.0659159070439773,-0.468957771341113,0.123,0.162,1
"UTP6",0.0660945282887777,-0.514329714736933,0.104,0.137,1
"SIDT2",0.0661365322393603,-0.418267755681811,0.153,0.192,1
"LMBRD1",0.0661634619310447,0.64326760793549,0.307,0.271,1
"SIL1",0.0661674148957638,-0.252670385904728,0.13,0.169,1
"CXorf38",0.0668295367812454,-0.429410531257837,0.215,0.256,1
"CHSY1",0.0669917711864212,0.447400413317045,0.227,0.186,1
"SHFL",0.0671009266343527,0.430742467990292,0.231,0.189,1
"SEC16A",0.0671397766492108,-0.260367169108941,0.187,0.23,1
"DUS1L",0.0676412642273245,0.804178529093245,0.21,0.175,1
"SURF1",0.067708262511257,-0.335403643736785,0.253,0.301,1
"MAPK1",0.0677755274884988,0.488859981592656,0.492,0.489,1
"NMD3",0.0679578293779304,0.445901920174456,0.192,0.154,1
"ATOX1",0.068016754669106,-0.27760984186886,0.385,0.439,1
"ZFAND6",0.0683214802856082,-0.370158926680575,0.331,0.387,1
"RRP15",0.0684651546512966,-0.761885130999336,0.075,0.103,1
"PBRM1",0.0691749292424488,-0.40107866022467,0.314,0.357,1
"DCAF10",0.0692316403770513,-0.487445738998495,0.113,0.148,1
"GPI",0.0696998393472629,-0.25636149675342,0.255,0.299,1
"SCP2",0.0701297983039918,0.320720238783911,0.48,0.449,1
"SREBF1",0.0702721853927332,-0.409383572655565,0.076,0.106,1
"CCDC43",0.0705629124340467,0.376635484969792,0.149,0.117,1
"PLIN3",0.0707272840830978,-0.383801079744655,0.265,0.315,1
"ADAM17",0.0707537383666549,0.368518275219214,0.373,0.338,1
"MAPK6",0.0711423395968067,0.38949934961882,0.231,0.189,1
"CDC42BPB",0.0712236008770822,-0.700507536077668,0.094,0.126,1
"IER2",0.0714186837668887,-0.264702685868577,0.582,0.617,1
"PLCB2",0.071429401751724,-0.351832476040495,0.286,0.329,1
"S1PR4",0.0721249582643658,-0.263144219245572,0.187,0.226,1
"USP10",0.0721344454626128,-0.263440592504546,0.218,0.268,1
"TMEM208",0.0725181742614669,-0.380001083381715,0.215,0.25,1
"GTF2E2",0.0734752047956299,-0.548518368889202,0.097,0.129,1
"MAD2L2",0.0737173666048036,-0.412256337285387,0.104,0.137,1
"EXOC1",0.074100125392235,-0.295924544769438,0.165,0.208,1
"COG5",0.0743620823985639,-0.260858020371503,0.127,0.164,1
"ZDHHC24",0.0753035327158928,-0.535419394337048,0.083,0.114,1
"RASAL3",0.0755936185993504,-0.504751544093819,0.121,0.157,1
"ANXA1",0.0758792212222636,0.28544054330215,0.641,0.647,1
"STRADA",0.0760420224309761,0.768458022029392,0.142,0.112,1
"EHMT1",0.0760943970087384,-0.351581822467653,0.168,0.209,1
"NFIX",0.076148153385185,-0.258425553225863,0.076,0.106,1
"RBBP6",0.0762888734142058,0.42295670460305,0.451,0.412,1
"GCLM",0.0769387141352041,0.677797623992212,0.102,0.075,1
"RELA",0.0770975221356967,-0.376890474447836,0.189,0.233,1
"RRBP1",0.077119496439378,-0.279813254381892,0.295,0.34,1
"RUNX3",0.0772550157210379,0.578371613373028,0.263,0.226,1
"CLN8",0.0772979672486227,-0.487985963649611,0.104,0.136,1
"EIF3D",0.0775811080399107,-0.334688886147798,0.386,0.432,1
"LARP4B",0.0776132183849551,-0.317946101129809,0.232,0.273,1
"PDE5A",0.0776634803152407,-0.478746192067112,0.081,0.11,1
"CLCN3",0.0777127888278355,0.324941963246829,0.18,0.227,1
"SLC39A11",0.0778046530827736,0.638118677213851,0.107,0.081,1
"H2AFJ",0.0779510617481014,-0.294217944365884,0.44,0.499,1
"STEAP4",0.0785415177510607,-0.362392732844205,0.144,0.177,1
"IARS2",0.0787412606777262,-0.298111271559178,0.234,0.281,1
"TSHZ1",0.0790636840622355,0.563104406380787,0.144,0.113,1
"KRR1",0.0795024445050106,0.417888987222828,0.225,0.188,1
"CALHM6",0.0798819862074249,-0.321421004428124,0.404,0.439,1
"TNFSF12",0.0801925244444967,-0.364141254660852,0.191,0.23,1
"PIKFYVE",0.0802839274952223,-0.362457710326979,0.18,0.222,1
"RTF2",0.0805877995898993,-0.333120746626862,0.326,0.384,1
"C6orf89",0.0811290755162782,-0.29954006399288,0.172,0.215,1
"TTC14",0.0812108647204589,-0.402537139953482,0.246,0.288,1
"FAM177A1",0.0813270531445908,0.518766023043949,0.251,0.213,1
"TCF4",0.0814276324463602,-0.363033074861331,0.139,0.174,1
"PDS5B",0.0815342962630153,0.323051387227042,0.3,0.258,1
"S100A12",0.0816835154296773,0.403202730915208,0.549,0.542,1
"PDCL",0.0821915104596361,-0.31442705219035,0.09,0.121,1
"TSR2",0.0833659175407803,-0.622410646764772,0.097,0.129,1
"ERVK3-1",0.083563589989851,-0.419645096274714,0.123,0.158,1
"VCPIP1",0.0839285247827188,0.436830596109301,0.232,0.196,1
"POLD3",0.0840926030725778,-0.385248366311281,0.104,0.136,1
"RNF19B",0.0843032834170302,0.358350222741658,0.256,0.222,1
"PRKAA1",0.0844414082989856,-0.48909753795137,0.17,0.209,1
"U2AF1",0.085353835126007,0.497006524611221,0.165,0.134,1
"THUMPD3",0.0855314720261479,-0.416879608669987,0.102,0.136,1
"SLC4A1AP",0.0856631807501181,-0.567931420717484,0.133,0.165,1
"HIST1H2BJ",0.0859690232306802,0.277407578042637,0.149,0.117,1
"IBTK",0.0865321846869084,0.355832899679241,0.237,0.199,1
"HDLBP",0.0867875771125864,-0.274908145502948,0.336,0.377,1
"IL1B",0.0868463240487634,-0.543145365936625,0.192,0.229,1
"AC010642.2",0.0870053660572008,-0.329655169893065,0.078,0.107,1
"BRWD1",0.0870246451085374,0.396357014048411,0.25,0.213,1
"MPHOSPH10",0.0878021604984852,-0.440974063835286,0.151,0.186,1
"GBP2",0.0879652555459554,-0.353611342914855,0.366,0.41,1
"PSMA3",0.0880631392167506,-0.278948446024892,0.291,0.339,1
"DELE1",0.0881162425894235,-0.389216717014445,0.144,0.179,1
"BABAM1",0.0881385165074192,-0.338298151752448,0.185,0.229,1
"OLIG1",0.0886408737650119,-0.267732592921715,0.078,0.107,1
"STIM1",0.0887645904173238,0.440723768259266,0.198,0.164,1
"MHENCR",0.0889487485796929,0.377480289310409,0.14,0.11,1
"RNASE2",0.0890419112642143,0.682887577441789,0.144,0.116,1
"SLC35E3",0.0893809996058397,0.561743450306541,0.166,0.134,1
"KHDC4",0.0895704211346787,-0.492133360191973,0.13,0.162,1
"ZNF433-AS1",0.0897797748470112,-0.274475285579418,0.083,0.113,1
"SYAP1",0.0903241085633062,-0.348162424029435,0.315,0.363,1
"STAT6",0.0906731875798434,-0.265806465196427,0.34,0.383,1
"TCP1",0.0907044337278374,-0.465476740039566,0.237,0.281,1
"MRPL22",0.0912969099891774,-0.72925846768052,0.104,0.134,1
"TAF8",0.0913027407440967,0.445042540914334,0.149,0.119,1
"PARN",0.0915338389872569,-0.778788808514452,0.097,0.126,1
"IRAK1",0.0916060170708974,-0.271454256979972,0.194,0.237,1
"DRAM2",0.0921891353075484,-0.420764250823252,0.243,0.284,1
"RABAC1",0.0921978570112156,0.434306741909585,0.432,0.41,1
"SLC19A1",0.0923017173427791,0.576697769143831,0.101,0.075,1
"DARS",0.0924026009452663,-0.450773229306502,0.22,0.261,1
"GTF2H1",0.0924978634752702,-0.279753838400912,0.092,0.121,1
"TMEM138",0.092540291682356,-0.555561660902713,0.111,0.141,1
"SMCO4",0.092594135176115,-0.2521171612929,0.27,0.315,1
"SUMF2",0.0928122258040589,0.470288718917788,0.241,0.203,1
"GBP3",0.092915888679506,-0.2975980622578,0.073,0.1,1
"AC016831.5",0.0929971125637822,0.325323701147898,0.13,0.102,1
"SH3TC1",0.0936951726244431,0.522568876018303,0.185,0.157,1
"LYSMD3",0.0941288068362865,-0.420432546427937,0.087,0.114,1
"RETN",0.0941767769150284,0.277033759689448,0.321,0.284,1
"AQR",0.0944102899902103,-0.271109121597574,0.165,0.203,1
"EXOC5",0.0947196205614712,-0.286088204275648,0.166,0.208,1
"DENND4C",0.0952456998055244,-0.592448595760918,0.125,0.155,1
"NDFIP1",0.0952792041564966,0.254015330086172,0.328,0.391,1
"CCNL2",0.0954852498004963,0.517678782637712,0.177,0.144,1
"TOPBP1",0.0955567490223237,-0.383066749095833,0.132,0.164,1
"LAPTM4A",0.0955648539027593,0.34751636796932,0.47,0.448,1
"DAB2",0.0957384374070938,0.519877759643732,0.184,0.148,1
"ZNF318",0.0957826950069009,-0.487596650036934,0.102,0.134,1
"CBFB",0.0962225478074264,0.393844337288309,0.205,0.174,1
"SNHG8",0.0962822362661042,0.329643493248289,0.409,0.371,1
"NRBP1",0.0964551467487773,-0.441663709349198,0.232,0.275,1
"CSAD",0.0970894231946866,-0.515568183925517,0.078,0.105,1
"IRF3",0.0981532957637193,-0.330267818447392,0.165,0.203,1
"CEP135",0.0982110607362436,-0.310863187207389,0.116,0.151,1
"CPM",0.0989406104165277,0.258049634801351,0.168,0.136,1
"PRPF3",0.0990566938075613,-0.411700290280065,0.095,0.124,1
"CCNG1",0.099245968843123,-0.311035015318024,0.172,0.209,1
"FAM122B",0.0994335616476505,-0.837488096588615,0.092,0.121,1
"SLC50A1",0.0994577380938307,0.57525144643731,0.137,0.109,1
"ARSD",0.0998451609676736,0.261211034579906,0.237,0.203,1
"ITGA5",0.0999347857607075,-0.263902448859693,0.139,0.175,1
"C1orf131",0.100132618073608,-0.346594082839481,0.083,0.113,1
"TRPM7",0.100144030339116,-0.255487261907069,0.173,0.213,1
"APOBEC3A",0.100359063920324,-0.533667501659877,0.392,0.427,1
"STAT1",0.100368602306472,-0.305944692988066,0.456,0.472,1
"TPRG1L",0.101182326512574,0.620535035242874,0.125,0.097,1
"GSK3B",0.101340170690662,-0.331920466346387,0.237,0.275,1
"MAD1L1",0.10167587727398,0.61256335886259,0.172,0.143,1
"DIDO1",0.101986950966232,-0.594547216000341,0.153,0.186,1
"CBX1",0.102265657567423,-0.437833376378757,0.158,0.192,1
"RANBP6",0.102318334177071,0.595929130777449,0.125,0.097,1
"MAP3K7",0.102353182992184,-0.608398508103529,0.114,0.145,1
"TIAL1",0.102692313664993,0.378579906990838,0.338,0.302,1
"AP003068.2",0.102698654465589,0.439404524067619,0.165,0.133,1
"GLMP",0.102989446280645,-0.600623744764826,0.111,0.143,1
"CPD",0.10381865845706,0.288625594052629,0.367,0.336,1
"ITGB2-AS1",0.103995795670721,-0.310729568773517,0.161,0.198,1
"FAM136A",0.10481632267782,-0.355296337745448,0.153,0.186,1
"SBNO2",0.105537708811231,0.563887901184691,0.132,0.105,1
"PDK3",0.105671399785887,0.546816057844863,0.203,0.171,1
"NUTF2",0.105830439126758,-0.487834632506039,0.229,0.266,1
"RAVER1",0.105975497247459,-0.392444640853789,0.099,0.13,1
"SH2D3C",0.106043887828448,-0.408484186199439,0.113,0.144,1
"C12orf57",0.106281484673318,0.509098611041505,0.276,0.246,1
"KLHL18",0.10647807572354,0.51876580700491,0.123,0.158,1
"MDH1",0.106681791600446,-0.340684209698627,0.215,0.253,1
"RAB4B",0.106682538418566,-0.333851791405355,0.144,0.182,1
"SDCCAG8",0.106854273645219,-0.422690104219091,0.191,0.229,1
"UROS",0.107194816115128,-0.725887776367298,0.113,0.144,1
"SEC61G",0.107379830795606,-0.280830277949122,0.515,0.552,1
"ZSWIM8",0.107824056420362,-0.422850348466507,0.137,0.169,1
"MIEF1",0.107974126721489,0.645709722200755,0.199,0.168,1
"CCT2",0.108359386414258,-0.263903571887447,0.179,0.216,1
"TMEM109",0.108527640448145,-0.563845816062036,0.113,0.145,1
"ABCB7",0.108762442090767,-0.385459083902538,0.118,0.15,1
"SKI",0.108809064789319,0.436137981845844,0.161,0.13,1
"PBX3",0.109968263326364,-0.939611379801712,0.123,0.154,1
"PPP1R21",0.110126414174729,-0.463141036374983,0.081,0.109,1
"ZNF587",0.110160043061163,0.616789817141898,0.113,0.088,1
"CD83",0.110848916620278,-0.322785283291107,0.289,0.325,1
"CMTM3",0.1115978600748,0.384186393149831,0.333,0.297,1
"PYM1",0.111773828888379,0.548017587221387,0.14,0.112,1
"PCSK5",0.111821771257186,-0.356104557645459,0.08,0.107,1
"TSTA3",0.111911627155679,-0.467008167426402,0.102,0.131,1
"MARCO",0.112573509989554,-0.302625149979852,0.101,0.13,1
"GALC",0.112657220394164,0.528925009761855,0.12,0.093,1
"ARHGAP27",0.113425649396081,-0.283253914641737,0.199,0.233,1
"SEC11C",0.113618874376568,-0.258358616358511,0.21,0.249,1
"RTN1",0.113704701893557,-0.30722760883588,0.153,0.189,1
"ZNF654",0.11371928660784,-0.508496206317112,0.081,0.109,1
"ZC3H13",0.114261809092515,-0.331433033200192,0.251,0.285,1
"GM2A",0.114428278880459,0.331059184695104,0.251,0.22,1
"IVNS1ABP",0.114991914299028,0.262933866858949,0.445,0.419,1
"AL034397.3",0.1150965631939,-0.313638767744219,0.34,0.387,1
"TCOF1",0.115509018617586,-0.295494003369703,0.236,0.273,1
"SUN2",0.115704282832932,-0.289039193603161,0.319,0.362,1
"SLC25A40",0.115707997242646,-0.506041255607075,0.092,0.119,1
"TINF2",0.11598500644649,-0.464883770003365,0.13,0.162,1
"PDXDC1",0.116166449906946,-0.344336050208808,0.12,0.15,1
"FBXO33",0.116292885288744,-0.312236651899719,0.196,0.232,1
"SKP1",0.116898762450821,-0.301514839866833,0.676,0.71,1
"TP53",0.117754661652388,-0.351369032901299,0.159,0.194,1
"HNRNPA0",0.117919804463682,-0.400358491963533,0.321,0.362,1
"UBR5",0.119219369862898,-0.414719594934711,0.222,0.261,1
"TMEM91",0.11939403346585,-0.60843861174786,0.229,0.267,1
"NCKAP5L",0.119916730810816,-0.379482158793552,0.09,0.117,1
"IMPDH2",0.119951094407029,-0.306544890508758,0.14,0.172,1
"TULP4",0.119989663153004,-0.373207222655513,0.123,0.153,1
"CCDC84",0.120616168238279,-0.280507310543113,0.116,0.147,1
"CCDC112",0.121150423072986,-0.269608481523838,0.107,0.137,1
"GAS2L1",0.121766305020851,-0.358760990180737,0.156,0.189,1
"POLR2F",0.12181142282912,-0.250546654895224,0.225,0.271,1
"AGAP3",0.1219377162774,-0.570114500624217,0.085,0.11,1
"YARS",0.122666039661903,-0.454033386889495,0.113,0.144,1
"PI4KB",0.122727578043442,-0.344892799688682,0.133,0.165,1
"RALGDS",0.123044455165725,-0.839116009473612,0.087,0.112,1
"TFPT",0.1231660217929,-0.861583426332468,0.078,0.105,1
"CTSL",0.123385158530659,-0.718064645449681,0.113,0.14,1
"PRDM1",0.124068270351462,-0.425801657889972,0.09,0.116,1
"CCDC170",0.124259111515117,0.546668648188161,0.104,0.081,1
"TAX1BP3",0.125057135705941,0.48134375996237,0.179,0.22,1
"ZBTB18",0.125447541552621,0.26878232924209,0.25,0.215,1
"EIF2AK1",0.125899920333297,0.371208029120798,0.414,0.394,1
"DYNLL2",0.126322491664024,0.61735833033475,0.291,0.258,1
"PIK3AP1",0.12669949377801,-0.314636260084044,0.419,0.451,1
"RASA2",0.126888163562258,-0.260083985950755,0.172,0.205,1
"CAPNS1",0.126956349808272,0.250964176799189,0.596,0.572,1
"LSM2",0.127162905103577,-0.262766016210956,0.175,0.209,1
"JUN",0.128033994712923,-0.733009002413152,0.165,0.194,1
"MYC",0.128194396487979,-0.559414271283648,0.081,0.106,1
"MRPL24",0.128494950761588,-0.457422563593338,0.078,0.103,1
"FAM98C",0.128676768010561,-0.272750537237555,0.088,0.116,1
"DDX56",0.128870215443009,-0.335091414780029,0.085,0.112,1
"SLC25A28",0.129509605849406,-0.483297527658404,0.125,0.155,1
"ZMYM4",0.129886690639026,-0.370602841588836,0.133,0.167,1
"FCF1",0.130363570913541,-0.357394629376337,0.092,0.119,1
"ZNF791",0.131049324522243,0.488243410269441,0.203,0.175,1
"CAPN15",0.131114050339431,-0.650864945613873,0.085,0.109,1
"M6PR",0.13115964507647,-0.284566883755594,0.506,0.545,1
"ETFRF1",0.131393324463031,0.584994995263759,0.121,0.096,1
"TERF2IP",0.13165858895595,0.348597799015832,0.414,0.397,1
"PIGC",0.13185671334605,0.665811175382681,0.144,0.119,1
"CCDC71L",0.132603184039552,0.526278052759575,0.187,0.158,1
"FAM53C",0.132816562496327,-0.311681355004902,0.182,0.215,1
"SELENOT",0.133542159813747,0.31133769221503,0.499,0.486,1
"HGS",0.133574221888766,-0.450802303977251,0.142,0.174,1
"FOXO1",0.133983160930852,0.59032180825002,0.184,0.155,1
"PGPEP1",0.134101519725706,0.494772811024229,0.199,0.171,1
"UTP23",0.134104851784382,0.483573788860265,0.147,0.12,1
"SGTA",0.134380060210615,-0.269248049722279,0.085,0.112,1
"MRPL32",0.134579389167499,-0.714323923810812,0.099,0.124,1
"GDI1",0.134762600892447,0.463727076783243,0.17,0.143,1
"TIAM1",0.135081073672865,-0.295734565036678,0.243,0.277,1
"CDC34",0.13532336295881,-0.485406581007271,0.121,0.151,1
"CCT7",0.135337528065499,-0.319280007036837,0.21,0.25,1
"VPS37A",0.135687878717006,-0.646781146250744,0.101,0.129,1
"LGALS2",0.135723035695763,-0.309988608430088,0.428,0.455,1
"GBE1",0.136367730397883,0.64393244244762,0.101,0.078,1
"DNMT3A",0.136387150964222,-0.308273300898076,0.076,0.1,1
"C1orf56",0.136674119588154,0.70061406286066,0.231,0.199,1
"TMEM147",0.137466617206568,-0.25913881264708,0.251,0.29,1
"PRDX4",0.137786105542212,-0.439357585835942,0.087,0.113,1
"CHAMP1",0.138005978830214,-0.561714211916471,0.078,0.103,1
"HPS5",0.138122405942607,-0.509142486798572,0.107,0.134,1
"DUSP22",0.138521252053279,0.272623777964231,0.324,0.29,1
"GOLGA7",0.139028511123712,-0.286306006086729,0.289,0.335,1
"VEGFA",0.139444853698193,-0.297618249433119,0.185,0.22,1
"MDM1",0.139984169904058,-0.485087001030814,0.088,0.114,1
"CD226",0.140229286442135,0.548877748270901,0.168,0.14,1
"EXT1",0.140751466888898,-0.315086856211544,0.087,0.112,1
"HPCAL1",0.140948051830084,0.258560589386018,0.282,0.243,1
"INPP5K",0.141084952779795,-0.257926117744345,0.12,0.148,1
"SYNJ1",0.141403346409908,0.557317644727382,0.113,0.089,1
"SLF2",0.141615603134328,-0.308053508736662,0.127,0.157,1
"MAP2K7",0.142801387595248,-0.28171803630035,0.177,0.209,1
"WASHC3",0.142981004653585,-0.508336988274834,0.139,0.169,1
"SCCPDH",0.143628624167934,0.665312111446386,0.102,0.081,1
"COPB2",0.143825188011722,-0.28355956504823,0.234,0.27,1
"G2E3",0.144005643294877,0.593078093261979,0.109,0.086,1
"PLAUR",0.144554099188692,-0.311269731546759,0.542,0.558,1
"MEF2A",0.144666045906035,0.446013470523204,0.376,0.36,1
"IL1RAP",0.14474858329238,0.377925192144391,0.13,0.105,1
"CBWD5",0.145065046520207,-0.33267244286267,0.078,0.102,1
"ANKRD9",0.145852651351042,0.478010551437454,0.114,0.09,1
"YWHAE",0.146072054292284,0.280527927150476,0.593,0.578,1
"LRCH4",0.14690017234008,-0.332016190787836,0.286,0.319,1
"VCP",0.147351650848496,-0.278519088233647,0.328,0.366,1
"UCP2",0.147412748312009,0.330889712127531,0.586,0.572,1
"ARF3",0.147815368406318,0.35168374626728,0.407,0.377,1
"CAPN2",0.148818250437137,0.358391777268638,0.52,0.501,1
"IER3",0.148990178705386,-0.388333344181576,0.388,0.418,1
"CENPB",0.149065639556251,0.499738980434958,0.203,0.175,1
"CHP1",0.149314583906086,0.261053954944195,0.433,0.407,1
"STAC3",0.14946309414208,0.543334239129651,0.12,0.096,1
"MANBA",0.150555059155253,0.327922046542663,0.326,0.309,1
"LRRK1",0.151233898554189,-0.478117471474703,0.123,0.153,1
"PYGL",0.151877116901704,-0.331635877557087,0.369,0.414,1
"RGS18",0.152702418306441,0.278468145094561,0.575,0.545,1
"FRAT2",0.153227210263858,-0.292034156031386,0.253,0.285,1
"CNOT3",0.153233666424687,-0.533695052076816,0.101,0.126,1
"SARNP",0.15348460859409,0.356766406155935,0.308,0.275,1
"SNX15",0.154940814908432,-0.547517508527728,0.085,0.109,1
"TFG",0.15543316901239,-0.450333353104281,0.173,0.206,1
"RSAD2",0.156733256342204,-0.467069537811633,0.08,0.103,1
"DENND10",0.157342906662019,0.277858963062162,0.376,0.347,1
"LIN7A",0.157664786691941,-0.460005556518838,0.078,0.102,1
"PRKCE",0.157695176187668,0.550862305064721,0.101,0.079,1
"GLRX5",0.157714678691849,0.663881542374576,0.354,0.328,1
"BEX4",0.158075667532601,-0.93600285756931,0.104,0.129,1
"FUBP1",0.158253194215724,-0.261589913968366,0.234,0.268,1
"FAM126A",0.158558232975682,0.263814162326676,0.142,0.174,1
"FAM120A",0.158690314356624,0.2761490318084,0.551,0.535,1
"SNX1",0.158856871244757,0.489405642205997,0.232,0.281,1
"ABHD14B",0.159233188181399,0.859749919902615,0.165,0.141,1
"UBE2W",0.159451071341204,-0.265404023111833,0.229,0.266,1
"PROSER1",0.159807091633662,0.509640148374649,0.095,0.121,1
"KDSR",0.161029937336906,-0.354837537881606,0.135,0.162,1
"CD84",0.16129788530213,0.811643389815707,0.26,0.234,1
"CDK9",0.161375619271874,-0.298082186031575,0.159,0.192,1
"ZADH2",0.16248733565969,0.415421569476096,0.156,0.13,1
"MRPS35",0.162910554345145,-0.305862276331865,0.159,0.189,1
"R3HCC1L",0.163351028445024,0.325776525097178,0.078,0.102,1
"LMBR1L",0.163502772359285,-0.444410074756173,0.099,0.124,1
"SNX4",0.163652784889158,0.428124070007554,0.17,0.141,1
"ME2",0.163995421223755,-0.283775807968321,0.302,0.333,1
"BUD23",0.164405085727856,-0.270935968973836,0.184,0.215,1
"ARMC1",0.165061255122302,-0.404067713313539,0.107,0.133,1
"PARK7",0.165186115825375,0.321382484220397,0.681,0.662,1
"PACS1",0.165400272960862,0.522694871338676,0.224,0.196,1
"TRIM28",0.165402317846192,-0.359021451997628,0.166,0.196,1
"TMEM35B",0.166074284627021,-0.308392371040277,0.111,0.137,1
"SUCO",0.166079748735831,-0.282544077928976,0.146,0.177,1
"CRYL1",0.166225873709156,-0.266099782907148,0.159,0.191,1
"RNF216",0.166375943597766,-0.335116186316632,0.205,0.239,1
"TMEM160",0.167549083893607,-0.360869221396475,0.355,0.393,1
"MZT2A",0.167610635662185,0.385913439361157,0.218,0.191,1
"APMAP",0.16876768922853,-0.508190686262194,0.127,0.151,1
"CAAP1",0.168815158548986,0.443434930333904,0.078,0.102,1
"SLC66A3",0.169287562323557,0.376563801279674,0.31,0.287,1
"UBE3B",0.169404419345732,-0.287759374152147,0.081,0.103,1
"MAU2",0.169745808546668,-0.369795581870501,0.149,0.175,1
"RBM43",0.169760025861516,0.367054947492028,0.109,0.086,1
"RNF114",0.169880323935812,-0.297885093699203,0.31,0.35,1
"B3GALT4",0.171951751740067,-0.500342938602544,0.094,0.117,1
"RNF38",0.171983091672218,0.295482531195,0.225,0.201,1
"FNDC3A",0.171994107946197,-0.322724326594355,0.165,0.195,1
"RHEB",0.172522689049824,0.598781032675665,0.333,0.305,1
"RWDD4",0.173416256752758,-0.310319857551141,0.13,0.157,1
"ITPR1",0.173519361017332,-0.379822559320686,0.243,0.277,1
"FEM1C",0.173552923828316,0.391046671440348,0.128,0.106,1
"SELPLG",0.173864123015062,0.381054739692939,0.376,0.35,1
"CYB5B",0.174225786377947,0.250991160109777,0.163,0.138,1
"SRP54",0.174821661247106,-0.289536323403079,0.18,0.21,1
"NBEAL1",0.17484681246346,0.350756060485375,0.175,0.15,1
"MKLN1",0.175745508991794,0.348578274290296,0.314,0.287,1
"AP2A2",0.17599625459905,-0.477906065064926,0.132,0.158,1
"FBXO21",0.176065959063993,0.311643701820893,0.125,0.1,1
"ZNF75A",0.176578463445954,-0.656577645057005,0.081,0.103,1
"VCL",0.176851504888502,0.401184482143364,0.641,0.627,1
"ACYP2",0.17751810622095,-0.262802711719686,0.113,0.089,1
"NOA1",0.177590226828048,-0.360807627900867,0.101,0.126,1
"OAS3",0.178534626674038,0.318353063107721,0.203,0.178,1
"MYO15B",0.178535927285282,-0.346410165113707,0.104,0.131,1
"SEC61A1",0.178722760886466,-0.255735919208852,0.192,0.227,1
"COPS4",0.178963240829293,-0.40489331172287,0.142,0.169,1
"SLC39A10",0.178997908527564,-0.3119719164484,0.097,0.121,1
"RCHY1",0.179034035527765,-0.803188515172277,0.12,0.145,1
"GPANK1",0.179120665453354,-0.456450746538611,0.104,0.129,1
"FBXW2",0.180902713146938,-0.276824370314733,0.166,0.198,1
"LDLR",0.18103457036447,-0.403808892491838,0.087,0.109,1
"MTX1",0.181174874062322,0.360900336526373,0.172,0.15,1
"VPS33A",0.181488126775744,-0.378340324809939,0.121,0.145,1
"LINC00877",0.181864406652334,-0.281481918340768,0.163,0.194,1
"RPP30",0.181996740022839,-0.502158096748953,0.083,0.105,1
"COIL",0.182008285258526,-0.413199801461646,0.106,0.129,1
"FCGR3A",0.182138496632738,-0.386550635781284,0.172,0.201,1
"SSH1",0.182141328223246,0.524368621801199,0.184,0.161,1
"EEF1AKMT2",0.182425647644049,0.554119178219014,0.113,0.092,1
"USP36",0.182475681431096,-0.498941342207605,0.101,0.126,1
"KLHDC2",0.183322517006903,-0.582308295028598,0.144,0.169,1
"PSMD3",0.183563104964668,-0.271430656103337,0.159,0.189,1
"LIN7C",0.184067722111174,-0.417096733263318,0.17,0.203,1
"SVIP",0.184151187200977,0.26670816725325,0.194,0.165,1
"ELMSAN1",0.184349373540627,0.343580358652634,0.291,0.268,1
"TCF3",0.184358222835307,0.493997348862622,0.101,0.081,1
"MAP2K3",0.18436109562245,0.285572652931142,0.548,0.534,1
"ZDHHC5",0.184368426211659,-0.390703651698367,0.151,0.179,1
"FAM217B",0.184514926664563,-0.317141533188831,0.163,0.192,1
"WASHC2A",0.184945400927038,-0.271168507763114,0.191,0.215,1
"DNM1L",0.185093269994824,0.363544927996274,0.289,0.268,1
"FAM107B",0.185824548233045,0.274148665773929,0.416,0.391,1
"SNAP29",0.18679244337038,-0.30901117318326,0.291,0.332,1
"PCBD1",0.18695950833016,-0.359778395367329,0.087,0.109,1
"CD300C",0.187327770030702,0.511918138681799,0.113,0.09,1
"SLC35F5",0.187590337099647,0.319392018591903,0.166,0.143,1
"PHF12",0.18827175038495,0.250164248487609,0.165,0.14,1
"CR1",0.189018386290576,0.40962121568614,0.265,0.243,1
"CREB5",0.189054274978688,0.310180259357666,0.334,0.311,1
"ABCA7",0.190035894601258,-0.278857631374392,0.101,0.126,1
"PRR14",0.19048992004536,-0.45454289816538,0.106,0.129,1
"CAMK2D",0.191110559108981,-0.30874510787297,0.199,0.226,1
"PITPNC1",0.191313818174955,0.300817557505234,0.154,0.133,1
"TMEM126A",0.191573831567723,-0.446176735705904,0.12,0.145,1
"BATF3",0.191758265839006,-0.631376744406015,0.081,0.102,1
"PTDSS1",0.192442846232175,0.382865110653538,0.222,0.198,1
"DTD1",0.19263985759276,-0.857497007151164,0.13,0.154,1
"TRIM56",0.192858290875446,0.425899293818566,0.3,0.271,1
"MED23",0.193276730608562,0.405806667014574,0.192,0.169,1
"MED16",0.193321423847667,-0.295135887619064,0.078,0.1,1
"ICAM3",0.193340230055507,0.268443400467245,0.494,0.483,1
"RBBP8",0.193697599464878,-0.275289734589777,0.087,0.107,1
"TCF12",0.195062830423786,-0.356821537827317,0.132,0.157,1
"RERE",0.196389414305295,-0.340054820915586,0.218,0.251,1
"SIRT2",0.196769654637186,0.268212328808462,0.139,0.168,1
"BIN3",0.197385052510263,-0.348107502639994,0.111,0.134,1
"SRP9",0.198437632629049,-0.271348419941609,0.423,0.46,1
"AHCY",0.198683891103651,0.401242241463918,0.102,0.081,1
"COG3",0.198937569708321,0.64552315096077,0.14,0.117,1
"RNF24",0.199231761614604,-0.262701188036546,0.208,0.239,1
"TSPAN32",0.199869167361724,-0.789922875633198,0.121,0.145,1
"TYW5",0.200104328210193,0.71493921990751,0.111,0.09,1
"ZNF330",0.200668823301241,-0.293514760718385,0.189,0.218,1
"TMEM218",0.200929037161018,-0.359346732572532,0.081,0.103,1
"TOB2",0.200930474252703,-0.269087743329389,0.118,0.144,1
"CCDC159",0.202005909069638,-0.257115819382103,0.132,0.158,1
"SDAD1",0.202613089559409,-0.278988000856362,0.12,0.144,1
"ANP32E",0.202650457936715,0.333151793019638,0.291,0.264,1
"TWF1",0.202675769299019,-0.344462333955984,0.153,0.179,1
"CCNYL1",0.203304805330398,0.489351168261959,0.114,0.095,1
"TRAF7",0.203594694191278,-0.266472238424895,0.149,0.175,1
"NPTN",0.204041798524268,0.281446870679185,0.433,0.408,1
"TUBB",0.204071810046473,0.341880094059433,0.428,0.412,1
"KLHL28",0.205435200745816,-0.295812937222342,0.087,0.109,1
"KLF7",0.206365018395572,0.275487845253011,0.293,0.268,1
"HPF1",0.206408378425257,-0.442837741146817,0.104,0.127,1
"CIC",0.206447423270596,-0.324858234018796,0.116,0.138,1
"ZCCHC2",0.206650324890389,0.426168114591103,0.21,0.186,1
"PRPF6",0.206990317834598,-0.295787117076545,0.265,0.295,1
"MAP3K13",0.207663102454096,0.485934177282333,0.118,0.097,1
"SNX19",0.207795360110194,-0.266046896656856,0.087,0.109,1
"ARPC1A",0.210453846081897,0.285866314226168,0.211,0.249,1
"SMIM30",0.210529293932303,0.297664585789506,0.128,0.154,1
"ZNF431",0.210674160134021,0.369935570956372,0.13,0.107,1
"CAMTA1",0.210846365276402,-0.316731265113297,0.321,0.363,1
"SPTY2D1",0.210903154098348,0.257822089903258,0.244,0.219,1
"SSBP2",0.211733537731492,-0.264701898782027,0.18,0.155,1
"TPCN1",0.211863044634696,-0.264331446399339,0.144,0.169,1
"ZFAND1",0.212199492001241,0.397375505815227,0.192,0.167,1
"DCTN6",0.214003686373366,-0.325742900319767,0.142,0.168,1
"CHD4",0.214236965355777,0.374016781464104,0.425,0.401,1
"HAUS2",0.215788224568069,0.255898464981615,0.113,0.093,1
"ACSS2",0.216308703759953,0.586419226728309,0.137,0.117,1
"CIAO1",0.216452815487876,-0.316636196177533,0.243,0.274,1
"POLDIP3",0.216502884811636,-0.293262481778986,0.137,0.162,1
"SEC24C",0.21732398677275,0.344505056984798,0.125,0.103,1
"STARD3NL",0.21758299442278,0.446991801093091,0.194,0.169,1
"TBC1D20",0.217588703191259,0.753345462630189,0.123,0.102,1
"MRPL13",0.2182168891076,-0.351457450562473,0.123,0.148,1
"POGK",0.219025291469806,0.763150369784103,0.225,0.205,1
"RAPGEF2",0.219601704780869,0.301417701333647,0.185,0.161,1
"TAF1",0.22135298405339,-0.345981529788413,0.156,0.182,1
"HIVEP3",0.221573785932725,-0.250889185931038,0.095,0.119,1
"PIGS",0.222564893179713,-0.331938544907846,0.156,0.184,1
"GMFB",0.224529596018071,0.400936156444211,0.229,0.209,1
"CA2",0.225409580314177,-0.330097741398294,0.139,0.162,1
"HECA",0.225941217695983,0.252215852900776,0.331,0.309,1
"PWP1",0.226013563202508,-0.374026077833806,0.116,0.14,1
"IMP3",0.226071091460314,-0.325681598804147,0.17,0.198,1
"THAP12",0.226223205054818,-0.344347275155368,0.232,0.261,1
"AC245014.3",0.226293065416067,0.343383306665857,0.116,0.095,1
"APP",0.227029226531738,0.512830403349365,0.348,0.333,1
"LPIN1",0.229524690850918,0.359200186026157,0.111,0.092,1
"ZBTB38",0.229816213231563,0.686149227399303,0.161,0.14,1
"PIM1",0.229874121096712,0.330428094864229,0.218,0.195,1
"MAP3K7CL",0.230114997069707,0.28695224955427,0.341,0.318,1
"POLR2M",0.230372789951342,0.329293335893262,0.159,0.137,1
"NHLRC3",0.230477547367701,-0.305162885796292,0.163,0.188,1
"COQ2",0.231159045948668,0.326295080016155,0.137,0.164,1
"GLUD1",0.231170353688062,0.292503744508244,0.343,0.318,1
"TAPT1",0.233329743652863,-0.583388385348867,0.081,0.1,1
"BAP1",0.233822016796657,0.592460885303808,0.111,0.092,1
"FAM102B",0.233913364211897,0.301338135936052,0.21,0.186,1
"KIAA0040",0.234084362652638,-0.447734971519206,0.133,0.155,1
"ZBTB11",0.234703525016591,0.27581863727599,0.189,0.167,1
"HK2",0.23509800813302,0.427671273183326,0.191,0.169,1
"CASP3",0.235710615175965,0.501555648552744,0.12,0.145,1
"ARFIP1",0.236175882506115,-0.32970472523689,0.151,0.178,1
"WDR41",0.236323040460223,-0.291481753434286,0.106,0.129,1
"PDE4D",0.236342156447181,-0.57667764235698,0.099,0.12,1
"CKAP4",0.237079319166846,0.372519778898703,0.399,0.394,1
"SRGAP2C",0.23780786370391,-0.285881439624577,0.205,0.232,1
"ESAM",0.237841224077317,0.40497122967579,0.116,0.096,1
"NEMF",0.238286215645054,0.317330714901629,0.328,0.306,1
"C1orf122",0.239135260698421,0.543454379375615,0.153,0.131,1
"TMEM168",0.239769914377575,-0.272538882212011,0.081,0.102,1
"IPO9",0.240391872678445,-0.254995483853149,0.133,0.158,1
"SLC16A6",0.240816224859901,0.50319077402206,0.255,0.239,1
"C8orf33",0.240844775932036,0.361659321674859,0.168,0.145,1
"STAG2",0.241786716635382,-0.276030356818818,0.447,0.473,1
"TRAPPC4",0.241957859039108,-0.479587150305818,0.111,0.136,1
"SDF4",0.242168854996876,-0.323242224337906,0.218,0.251,1
"TRA2B",0.242398909399331,0.338090071530365,0.541,0.54,1
"CEBPZOS",0.242474858135812,0.487721613652708,0.17,0.148,1
"FHL3",0.243057215745717,-0.348455335513255,0.099,0.12,1
"TMEM167B",0.244815088342847,0.254275856239638,0.331,0.319,1
"GPR132",0.245179671370854,-0.322321669902355,0.114,0.137,1
"SYMPK",0.245436584985844,0.257305275445999,0.203,0.232,1
"AREL1",0.245660285705391,0.368825105603511,0.114,0.096,1
"GOSR2",0.2457910706931,-0.461679721825622,0.113,0.136,1
"ABL2",0.245820833075904,0.491341750082102,0.139,0.12,1
"LPCAT1",0.246750736932073,-0.308626921666098,0.208,0.234,1
"CCS",0.247611106730112,-0.445220066859885,0.191,0.213,1
"GET3",0.248523989810711,-0.416259888665631,0.196,0.222,1
"DHPS",0.248893252807411,-0.418461372965264,0.133,0.157,1
"SNX17",0.249610821622886,-0.268612747143186,0.334,0.369,1
"PDLIM7",0.249785958153503,0.492664645324886,0.179,0.158,1
"CCL3",0.250728495932227,-0.256402888229851,0.116,0.14,1
"SLC35C2",0.251750176845903,-0.4574938508772,0.099,0.119,1
"KCNE3",0.25279391712819,0.378375393664054,0.312,0.294,1
"MFSD14C",0.25309994282685,0.413979694403257,0.205,0.184,1
"NCK1",0.253318188368646,0.651477270911175,0.206,0.186,1
"MPIG6B",0.254993045654558,0.263611416784865,0.189,0.165,1
"MPND",0.255907828573671,-0.599929280876931,0.085,0.103,1
"DNAJC4",0.256618590922973,-0.2781983406125,0.246,0.278,1
"ENOPH1",0.257121206542998,0.491595478469495,0.109,0.092,1
"PLAGL1",0.257672252263629,-0.422047966999645,0.139,0.161,1
"YIF1B",0.257825317799318,0.711255107736138,0.161,0.143,1
"AC005670.3",0.258061078315181,-0.439958609641322,0.095,0.113,1
"HIVEP1",0.258099504450328,0.497787581130233,0.114,0.096,1
"FAM168B",0.258191521887632,-0.406799468555338,0.139,0.162,1
"TRAPPC8",0.258548125889883,-0.391748557676628,0.142,0.164,1
"TSC1",0.258993956108508,-0.362632013711243,0.081,0.1,1
"RIPK1",0.259037957797136,-0.861692719078993,0.088,0.106,1
"IPO8",0.259782786802417,-0.363360074098432,0.151,0.175,1
"ECH1",0.261225089792956,-0.281003269785896,0.225,0.253,1
"NCF4",0.262745610034994,-0.259718423428856,0.307,0.338,1
"ENDOD1",0.262745858870627,0.561526827881453,0.12,0.102,1
"JDP2",0.264156040969771,0.379914276238116,0.319,0.302,1
"CLPX",0.264410157568426,-0.298686706149584,0.14,0.161,1
"RBM22",0.264495148654533,0.294927376687151,0.227,0.208,1
"STOM",0.264759639351879,0.381973236981479,0.274,0.311,1
"SOCS4",0.265055180108915,-0.265752054221281,0.099,0.117,1
"SURF2",0.265397440877621,0.626413206462821,0.135,0.117,1
"RNF41",0.267297624941074,0.376879475870351,0.213,0.198,1
"MLLT6",0.267370010939164,0.260871454438048,0.208,0.188,1
"AL445524.1",0.26753075791435,0.263277457125511,0.101,0.123,1
"PFDN6",0.267688157409575,-0.273177740720671,0.097,0.117,1
"LEMD2",0.269411165386576,0.754412289812856,0.116,0.099,1
"GAK",0.269513797612855,0.378246282178664,0.282,0.26,1
"ARL5A",0.269703998984829,0.270032121677277,0.419,0.398,1
"SAMD8",0.270902849945076,0.304376115902703,0.244,0.227,1
"SPIN1",0.271328125720872,-0.353438945442957,0.085,0.103,1
"NMRAL1",0.271556209516131,-0.511873871698996,0.099,0.12,1
"ARID2",0.272055844941034,-0.473301429071297,0.17,0.192,1
"GPN1",0.272321873909614,-0.370065015465566,0.087,0.105,1
"TCAIM",0.273092315137878,-0.280468671296572,0.099,0.119,1
"NFKBIB",0.273948462033467,-0.254626806006176,0.116,0.137,1
"EGR3",0.274759321644543,-0.532600665029283,0.18,0.201,1
"PHKG2",0.274910636405763,-0.295331565146458,0.114,0.137,1
"HAGH",0.275328479544641,-0.270551743271815,0.22,0.25,1
"CAND1",0.275665792815211,-0.431283846696707,0.165,0.186,1
"PANK2",0.276926239215563,-0.355116162273937,0.237,0.266,1
"EFTUD2",0.277460380189803,-0.358970531912892,0.227,0.256,1
"LGALS8",0.278232889739794,-0.288451835966312,0.315,0.342,1
"VPS45",0.278832272247444,-0.480709837294625,0.099,0.117,1
"ARHGEF3",0.279775974040109,0.486858090854771,0.194,0.172,1
"TOPORS",0.27981026579556,0.365011745114313,0.177,0.155,1
"REXO1",0.280198966581321,0.286889808087374,0.118,0.102,1
"APOL3",0.281205397801197,-0.427629856087928,0.125,0.144,1
"INO80E",0.281878822008196,-0.51355255403886,0.104,0.123,1
"CCDC28A",0.282024267425058,-0.688238551586344,0.133,0.154,1
"ESCO1",0.282418848956537,-0.259271646749278,0.132,0.153,1
"CPSF3",0.28334889994068,-0.258340207876571,0.104,0.123,1
"SLC6A6",0.283388075104765,0.453079457278233,0.338,0.332,1
"SSX2IP",0.284012928971224,0.667338258420201,0.114,0.097,1
"POM121C",0.284378357653821,-0.380522160067186,0.182,0.205,1
"XPO4",0.285044428506366,0.315110936266278,0.111,0.093,1
"MRPL30",0.285483193646791,0.489039989531731,0.106,0.089,1
"ARHGAP31",0.285851775356515,-0.265393375573671,0.095,0.114,1
"KLHL6",0.286074792620418,0.846953047037401,0.137,0.12,1
"KIF3B",0.28734811690161,-0.319295550438134,0.092,0.11,1
"FADS1",0.291094350761517,-0.361120533638756,0.113,0.133,1
"MYO9A",0.291750655954449,-0.278900531735288,0.12,0.14,1
"MAP3K20",0.293393536002112,0.291580969747126,0.272,0.25,1
"TTC19",0.293887598154374,0.26644998402051,0.161,0.141,1
"MAPKAPK5",0.293975288935153,0.437075419844611,0.147,0.13,1
"SLC25A29",0.294883327196878,0.373907700291986,0.102,0.086,1
"ILKAP",0.296993998996773,-0.930309405920398,0.125,0.145,1
"PPM1M",0.297364584289456,0.459068981389115,0.205,0.186,1
"DGCR2",0.297939190497843,0.479893734025522,0.125,0.107,1
"ZBTB43",0.298313316527379,0.252528334687516,0.258,0.24,1
"ZCCHC8",0.298923415892546,0.284651040753779,0.139,0.12,1
"MED4",0.299095425476145,-0.285532849088905,0.286,0.315,1
"RPA3",0.299526566332212,-0.255789758193823,0.125,0.147,1
"RPS27L",0.299976521733995,-0.314257176422587,0.48,0.507,1
"OIP5-AS1",0.300032798172622,0.497135019210074,0.338,0.318,1
"CLIP4",0.300359573240396,-0.379014117970639,0.132,0.15,1
"KRT10",0.303625015647341,0.264952798690904,0.399,0.39,1
"OXLD1",0.303782604753404,-0.370405314578318,0.113,0.13,1
"SRF",0.304206447861983,-0.289902119280289,0.097,0.116,1
"ZNF280D",0.304626314902441,0.263013185758112,0.205,0.185,1
"IFIT1",0.306480031612465,-0.338993103680304,0.087,0.106,1
"MAGOHB",0.306887198339079,-0.609470288347583,0.085,0.102,1
"PDCD7",0.307185543252004,-0.29143371228374,0.14,0.16,1
"DHX29",0.307953578109129,-0.340165842393627,0.18,0.201,1
"LRBA",0.308426105345211,-0.346999315569023,0.109,0.127,1
"FCAR",0.308491843163932,0.45003564372127,0.217,0.196,1
"RBM18",0.308522803126526,0.51444490466041,0.113,0.134,1
"TPGS2",0.309238000200537,-0.345540101455853,0.095,0.113,1
"SMIM5",0.30928637714418,-0.319654710736715,0.101,0.117,1
"IKZF5",0.309734843712368,-0.460064364027619,0.106,0.123,1
"SMIM15",0.310191256522878,0.851344863898265,0.175,0.158,1
"TPPP3",0.310330610403709,0.38149438932713,0.154,0.137,1
"GRAP2",0.310581302215213,0.535746135602928,0.217,0.196,1
"FURIN",0.3110845773341,0.450180420225594,0.255,0.237,1
"ACSL3",0.311840857143223,0.44806351371743,0.18,0.162,1
"MTF2",0.312124842492141,0.316527352561061,0.201,0.23,1
"DUSP18",0.313112477642355,0.596994880835063,0.111,0.096,1
"SNN",0.313503654535415,0.470131056624281,0.407,0.391,1
"DDX59",0.313571595529754,-0.363138922294577,0.085,0.102,1
"CHD9",0.314005603391194,0.470319916875774,0.279,0.308,1
"PNKD",0.314708382652618,0.295977468762763,0.324,0.305,1
"ACTR6",0.31472772459857,0.622477919419142,0.12,0.103,1
"TMED9",0.314931285141284,0.834887680145596,0.224,0.21,1
"PSIP1",0.315218794274694,0.502419704259776,0.308,0.292,1
"MLX",0.315727406114662,-0.266373873770366,0.253,0.281,1
"ROGDI",0.316037580908125,0.336935111597512,0.236,0.215,1
"GID8",0.316102406678475,-0.278027798208273,0.246,0.274,1
"MYCL",0.316153060540863,0.427612974093822,0.146,0.127,1
"SMC6",0.317484525115622,-0.499239113637326,0.088,0.103,1
"CDKN1C",0.318501222001508,-0.707125906786741,0.111,0.127,1
"TCEAL8",0.31875626121007,0.469933426065682,0.147,0.171,1
"CPSF1",0.318943688746255,-0.359065031634167,0.087,0.103,1
"CRNKL1",0.319425853949279,-0.405070280178219,0.123,0.143,1
"FAM49A",0.320952246610013,0.296789930533567,0.399,0.387,1
"NME4",0.321404150305352,0.278435347903471,0.101,0.12,1
"FRS2",0.321547294809296,0.255235095055794,0.116,0.099,1
"BORCS5",0.324371759522076,-0.399827936590745,0.106,0.123,1
"LMNA",0.326122505760123,0.32594352450694,0.175,0.157,1
"ZNF326",0.327585579855636,0.335476739953834,0.227,0.213,1
"MARS",0.329262023664186,0.315200733006161,0.161,0.144,1
"ILRUN",0.329784016541434,0.45736854648242,0.18,0.161,1
"HARS",0.3299884055537,-0.382224618912749,0.09,0.107,1
"JPX",0.330207489755871,-0.321506015065782,0.236,0.258,1
"GFER",0.331310818548138,-0.270244061532468,0.111,0.129,1
"EGLN1",0.331727043043481,0.540299647278312,0.182,0.168,1
"SRP68",0.331790190697546,-0.341503041857006,0.116,0.134,1
"DDIT3",0.331930920918892,-0.568703095512561,0.12,0.136,1
"NRBF2",0.331962644748406,-0.289624568562396,0.18,0.203,1
"GPATCH8",0.332526010743069,0.431723864957644,0.291,0.271,1
"SMOX",0.333242765439342,0.412181259135864,0.13,0.113,1
"EIF5B",0.333897965103443,-0.251673107841115,0.265,0.285,1
"TRPS1",0.334083746314743,0.283065909174664,0.315,0.294,1
"B4GALT1",0.334665824324414,0.342393978873957,0.35,0.343,1
"SNRPC",0.335021508813841,0.378792991702119,0.334,0.318,1
"PLEKHJ1",0.335477566369297,0.277596441752996,0.201,0.227,1
"TMEM134",0.33565579652595,0.305561745051181,0.154,0.177,1
"PLAC8",0.336878287007706,-0.342046609004848,0.314,0.332,1
"SLC36A4",0.337244484048563,-0.253327782532283,0.25,0.267,1
"CXCL16",0.338721159551179,0.258778195814718,0.341,0.331,1
"VPS26B",0.338891372188688,-0.421144422850477,0.158,0.178,1
"BTN2A1",0.339792873351906,-0.257931046484081,0.12,0.14,1
"KBTBD2",0.340724280605351,0.60529316143539,0.194,0.177,1
"FOS",0.34091464859013,-0.467706447226315,0.66,0.643,1
"DNAJB12",0.341617558900353,-0.408841767119028,0.231,0.25,1
"BICD2",0.3418400716687,0.294259126710739,0.336,0.323,1
"S100Z",0.343643122382175,0.334794779491967,0.121,0.106,1
"KLHL5",0.343897304039989,0.472444099842725,0.182,0.203,1
"RAB2B",0.34445073778204,0.367497431297306,0.104,0.089,1
"ITGAM",0.345192468938953,0.328484463689282,0.416,0.405,1
"YIPF6",0.345603855436071,0.285575123935046,0.128,0.113,1
"QSOX1",0.347900277513649,0.321221979064946,0.27,0.253,1
"GBA",0.349389024362583,-0.313601157839535,0.088,0.105,1
"GALNT6",0.349799397787495,-0.285432618470298,0.111,0.127,1
"OGA",0.350133914940945,0.293834499050914,0.388,0.37,1
"MRPL55",0.351553027744017,-0.305692940663872,0.192,0.216,1
"AP3S2",0.352667062161341,0.275428540334593,0.172,0.155,1
"CISD2",0.353714174023711,0.530404097372577,0.156,0.179,1
"PIP5K1C",0.356741635201552,-0.621877252498753,0.113,0.129,1
"PDLIM5",0.356845142604607,0.282989156254971,0.31,0.299,1
"STXBP5",0.357656472714132,0.305738503455609,0.128,0.113,1
"PTPN7",0.359664474640614,0.462231290764429,0.139,0.124,1
"CAMK1D",0.359878039476466,-0.291380590150977,0.191,0.209,1
"PABPN1",0.362293514855611,0.293076458263269,0.357,0.328,1
"FRMD8",0.362884409814464,-0.381106019307793,0.092,0.107,1
"ABR",0.363465559855963,0.280352820189316,0.215,0.198,1
"AAGAB",0.364118761028409,-0.59288548328326,0.113,0.096,1
"GLRX2",0.364967911821224,1.24351166519276,0.109,0.096,1
"VPS37B",0.365708134964592,0.734316581708785,0.194,0.179,1
"NFYC",0.365940327042651,0.263904910814413,0.211,0.195,1
"SAMD1",0.366004408817283,0.483263619675583,0.146,0.129,1
"RAB6A",0.366557792855516,0.611296798556905,0.267,0.256,1
"MED30",0.367481124452938,-0.276385951668738,0.175,0.195,1
"TTC39C",0.367604717240673,-0.387460905306248,0.208,0.23,1
"UPP1",0.368980899402255,0.26545418360676,0.393,0.381,1
"SMIM20",0.369008311505539,0.460701001017111,0.132,0.116,1
"KMT2B",0.369689610067538,-0.44746356805047,0.102,0.117,1
"TMEM71",0.369914957960186,0.506809592563488,0.225,0.208,1
"ADH5",0.371046094799783,0.421861856632352,0.208,0.189,1
"CLK4",0.371429129739089,-0.40085007942669,0.137,0.12,1
"RNF187",0.372282085224679,-0.337309196160027,0.189,0.212,1
"EXOSC8",0.372552641293016,0.400573878812815,0.101,0.086,1
"FIBP",0.373349504100424,-0.285174146117077,0.286,0.305,1
"SIGLEC1",0.373562604634027,-0.26613459928443,0.095,0.11,1
"COG2",0.37502557997219,-0.445846801920759,0.137,0.155,1
"DENR",0.376136608224262,-0.251137486723424,0.255,0.278,1
"NSF",0.376424780543531,-0.340248952530583,0.179,0.198,1
"PDE3B",0.377494403417903,-0.26966269088344,0.114,0.131,1
"PTGER2",0.378275089801859,0.407708304068029,0.17,0.155,1
"PPP2R2A",0.378349031137986,-0.267499121143797,0.203,0.225,1
"DSC2",0.378532163624373,-0.479926111675058,0.088,0.103,1
"CGRRF1",0.380323432129446,-0.280273291393995,0.094,0.109,1
"RARS",0.380528733902948,-0.268819522737024,0.139,0.155,1
"AL390728.6",0.381509722039331,-0.281354002650159,0.102,0.117,1
"NAA20",0.381777129840928,-0.265558605757674,0.199,0.223,1
"IFT57",0.382257959543469,0.386709839196071,0.095,0.112,1
"WSB2",0.38404490453965,0.294005467087856,0.177,0.161,1
"RPUSD3",0.385398693272364,0.254314008681138,0.106,0.092,1
"UBE4B",0.387223244321332,-0.518099317143587,0.121,0.138,1
"CNPPD1",0.38831393931391,-0.339512106973786,0.168,0.188,1
"PSMC1",0.388500256313809,-0.365363255330161,0.324,0.355,1
"NFATC1",0.389121037669086,-0.613791665533316,0.12,0.134,1
"VPS26C",0.389509261288395,-0.518322886721418,0.127,0.144,1
"CDIP1",0.389850182859803,0.795103119366912,0.107,0.095,1
"ADGRE1",0.389910525126804,-0.277054640653557,0.146,0.162,1
"SCO1",0.390277947802773,0.342550866584791,0.144,0.13,1
"TBC1D9B",0.392299907812747,-0.325801096235856,0.156,0.172,1
"GOLGA2",0.394041938440203,0.552328250260315,0.187,0.171,1
"ABCC1",0.39407446181505,0.981373624554621,0.114,0.102,1
"ZNF143",0.396808383296829,-0.360639911152431,0.092,0.106,1
"RAD54L2",0.397494113522248,-0.278753537428133,0.097,0.11,1
"MDM4",0.39804444242338,0.267669870661089,0.47,0.452,1
"RNF145",0.39981356202926,0.302780791582159,0.269,0.254,1
"KLF9",0.401130888815354,0.831502948417908,0.185,0.177,1
"KMT2D",0.401699044338848,0.452468765303906,0.194,0.178,1
"SYNE1",0.403887013932061,-0.486461411210119,0.184,0.199,1
"FES",0.404004474956289,-0.284194417012034,0.251,0.277,1
"RPIA",0.404424512262819,-0.408650410764685,0.156,0.175,1
"MAPK9",0.404522442153455,0.441604994126198,0.116,0.105,1
"IP6K2",0.404699627511248,-0.677063886252208,0.111,0.126,1
"ZDHHC3",0.405728186480978,0.454928421659623,0.246,0.236,1
"ST6GAL1",0.40787384934809,0.744092219751016,0.139,0.161,1
"ABCD1",0.408035995943631,0.620820496298393,0.102,0.092,1
"WIPI1",0.409665560682497,-0.294256201194459,0.13,0.147,1
"TSC22D2",0.4138915934302,-0.252507415494304,0.156,0.171,1
"MAML3",0.414303366694377,-0.616813444299827,0.187,0.205,1
"GNL1",0.414708407883012,0.369153661647557,0.149,0.133,1
"PIGT",0.41477176604392,0.342758730527853,0.189,0.171,1
"MARC1",0.414883556779993,0.359189938872995,0.135,0.121,1
"GPR108",0.41696823565443,0.599467724488491,0.21,0.194,1
"WBP4",0.416970676688542,-1.02444972086492,0.114,0.127,1
"GNL2",0.417120397143369,0.339761950739403,0.147,0.133,1
"NSL1",0.417187607429987,0.271264233230015,0.208,0.194,1
"FAM133B",0.419827452008861,0.299045367190479,0.456,0.482,1
"SLC5A3",0.420614323941184,-0.396209465053525,0.099,0.113,1
"TMEM189",0.420962895477942,0.381610259569896,0.158,0.182,1
"MTPAP",0.421928265413145,0.276097779105224,0.111,0.099,1
"CDC27",0.423614798826603,0.426319598002075,0.121,0.138,1
"UBN1",0.424829737748081,0.293661363938949,0.25,0.277,1
"GRK3",0.425913122282605,0.258203723582016,0.433,0.419,1
"RPRD1B",0.426858932929239,0.415092578153296,0.106,0.093,1
"ZMYM2",0.429081605539497,0.306464111419181,0.329,0.312,1
"ZNF281",0.430103517981311,0.300108327325894,0.269,0.261,1
"ZDHHC12",0.430221636830237,0.694548727382552,0.159,0.148,1
"LINC00623",0.430407956978149,-0.256484582559208,0.118,0.133,1
"P2RY8",0.431551890939321,0.275198385166321,0.139,0.126,1
"MRPL15",0.432485636487658,-0.392400627890872,0.097,0.112,1
"SLC35A4",0.433726416529685,0.725638183749413,0.142,0.13,1
"EPM2AIP1",0.433918928411224,0.329950996442821,0.199,0.186,1
"ZBTB44",0.433925874513658,0.317107552618411,0.253,0.242,1
"REEP3",0.434511237916417,0.313626628698879,0.199,0.225,1
"SAP30",0.434599186530752,0.585911443639911,0.206,0.195,1
"CNOT9",0.434798878814585,-0.302105092539274,0.123,0.138,1
"ZNF451",0.434905022988168,0.365750777091685,0.277,0.258,1
"RFFL",0.435460463870914,0.409805410030892,0.168,0.155,1
"CHIC2",0.435852783194518,0.330643008542272,0.165,0.153,1
"RAB22A",0.436681779125466,0.295903261284685,0.182,0.203,1
"GXYLT1",0.43686492670312,-0.574481389114184,0.09,0.102,1
"INPP4A",0.437466887219512,-0.27798316231594,0.191,0.208,1
"HSD17B12",0.438741060556001,0.490593691200789,0.184,0.169,1
"CMPK1",0.439023827714317,0.272113512017703,0.494,0.501,1
"TSPOAP1-AS1",0.440507241954479,0.734294157571859,0.104,0.093,1
"ITPKB",0.44138724897081,0.714040381806063,0.099,0.114,1
"IL1RN",0.441979745752344,-0.343535001641273,0.194,0.209,1
"DPY19L1",0.442351065635612,0.258704953640203,0.106,0.095,1
"ZNF91",0.442669569177354,0.266073526512367,0.111,0.126,1
"YIF1A",0.443128683900952,-0.289715678459474,0.132,0.147,1
"ZNF644",0.443565684343217,0.323673150793237,0.25,0.239,1
"CLEC2B",0.444212403477682,0.296286604516198,0.393,0.384,1
"C2CD5",0.444310020094521,0.498902408941433,0.121,0.11,1
"STRN3",0.445737242513081,0.364323091545339,0.114,0.102,1
"LAS1L",0.446031289528131,0.302048655142892,0.099,0.113,1
"AC245297.3",0.446510593168274,0.261319275159031,0.267,0.25,1
"CCND2",0.447068111044082,0.253235058484041,0.116,0.105,1
"YBEY",0.447391623809638,-0.295207159157449,0.097,0.11,1
"MYSM1",0.449091058353931,0.365527728952633,0.205,0.192,1
"GRASP",0.450856571361223,0.267824140670065,0.125,0.144,1
"ATP2C1",0.451386812205827,0.343121178861076,0.154,0.172,1
"KCNK6",0.452080883862686,0.253211698858831,0.241,0.263,1
"AIDA",0.452522907344824,0.359516181176726,0.203,0.225,1
"FRMD4B",0.452750166357405,0.429712299815422,0.231,0.213,1
"ZFAND3",0.455327937010527,0.497985657378992,0.329,0.316,1
"HIPK2",0.456250401085774,0.362848925296119,0.308,0.304,1
"ARHGAP35",0.459520376360611,-0.430414986824637,0.106,0.12,1
"MRPS31",0.460987599441638,-0.426625186460756,0.099,0.112,1
"ICOSLG",0.46184155695076,0.296204720027726,0.142,0.13,1
"UBLCP1",0.463737355580412,-0.338224447150957,0.172,0.186,1
"TCF7",0.46526684011247,0.410013781090563,0.101,0.089,1
"DCTD",0.465912485301041,0.378940461042763,0.118,0.134,1
"CCND3",0.466691763450027,0.304318860560747,0.487,0.535,1
"OSBPL1A",0.467018167631785,0.274966309260496,0.088,0.102,1
"CRIP1",0.467124817677761,0.307572272659558,0.582,0.59,1
"REV3L",0.467970758554088,0.361220127350586,0.163,0.151,1
"CCDC91",0.468211234864874,0.428180237777455,0.128,0.144,1
"MROH1",0.469291939139636,0.281567354992362,0.101,0.09,1
"DCP1A",0.474674993024782,0.25242687478088,0.201,0.189,1
"TERF1",0.475008575620208,0.271814823892362,0.173,0.16,1
"ABCC3",0.476193348381833,0.439402549206406,0.142,0.13,1
"CTSO",0.477562634994758,-0.327786190621286,0.153,0.167,1
"MPDU1",0.478592460922568,0.44510256571155,0.095,0.11,1
"SACM1L",0.47945411194856,-0.334153897014401,0.118,0.131,1
"NOL11",0.480700727959626,-0.296086978334647,0.104,0.116,1
"NAE1",0.481456173094429,-0.39501627773108,0.099,0.112,1
"NADSYN1",0.481651809948181,-0.378696177661923,0.142,0.154,1
"TNS3",0.481792842243867,0.289093337036808,0.146,0.161,1
"NISCH",0.482258454530174,0.44663416837899,0.147,0.167,1
"SLC44A2",0.482318072038953,0.412843627573117,0.179,0.201,1
"TBCB",0.483210272454114,0.331804955387853,0.322,0.314,1
"DIPK2A",0.483314317262594,0.340201105883879,0.21,0.201,1
"SMIM29",0.484412116085595,0.313564807371105,0.142,0.13,1
"EIF4EBP2",0.484540701518806,0.294743320842058,0.418,0.419,1
"PTPN22",0.486355846112064,-0.396231157352152,0.128,0.14,1
"MTRF1L",0.486407654159707,-0.493110462724118,0.158,0.172,1
"CAMTA2",0.486660068497295,0.253579954089669,0.097,0.112,1
"SAMD4B",0.486784165132327,-0.420791759666413,0.205,0.219,1
"LDLRAD4",0.486816692326967,0.281781667352746,0.123,0.112,1
"CMC2",0.487630647010569,-0.360604937833633,0.194,0.212,1
"HTATSF1",0.488291035690166,-0.418922029983819,0.191,0.203,1
"GTF2H5",0.488774672889219,0.343223635240447,0.198,0.22,1
"ZNF331",0.489342281249746,0.587345994005626,0.102,0.092,1
"SDR39U1",0.489513174173231,0.488688998056912,0.113,0.1,1
"FBXO34",0.490748638847861,0.263826337445143,0.182,0.168,1
"PNPLA6",0.49240356992223,-0.254958599574356,0.191,0.202,1
"MFN2",0.492418894558239,-0.542124790149835,0.172,0.188,1
"NDE1",0.49256223319183,0.435086743773124,0.154,0.143,1
"SAV1",0.49331408627207,-0.262406045553679,0.109,0.12,1
"ZNF410",0.493588451017152,0.256952516408639,0.109,0.126,1
"STYXL1",0.493597165673021,0.320841222380973,0.09,0.103,1
"ARL8B",0.494002569288957,0.417796182687135,0.338,0.338,1
"GMCL1",0.494343302499297,-0.27402605817132,0.121,0.133,1
"ADNP2",0.494553335334739,0.304071238248936,0.123,0.113,1
"DYSF",0.497295418477525,0.405230148060373,0.125,0.114,1
"POLR3GL",0.499529745113741,-0.299638852245998,0.22,0.239,1
"RBM28",0.500969720326164,0.461218974552825,0.116,0.106,1
"UBE2V2",0.501010975910539,0.419006207813033,0.191,0.209,1
"MICU1",0.501056465338775,0.559898022990222,0.334,0.326,1
"MBTD1",0.501556915598913,0.36706094042688,0.139,0.155,1
"MAPRE1",0.502606884382846,0.308122800134116,0.404,0.404,1
"CLEC4E",0.503091637818279,0.260167931229446,0.31,0.302,1
"CORO1B",0.503310613373677,0.285182460092529,0.269,0.295,1
"ETS1",0.504279453648416,0.618547355580824,0.12,0.109,1
"USP24",0.504293990201088,-0.311601311373612,0.137,0.151,1
"ISG20",0.504491879474875,-0.611216834926511,0.159,0.172,1
"CREBL2",0.505439335630592,0.289620481539178,0.151,0.165,1
"NAGA",0.505884341237124,-0.301124727110053,0.282,0.298,1
"DKC1",0.506173367560163,-0.477849106022136,0.132,0.145,1
"ASL",0.506568378948489,0.307270987414682,0.132,0.123,1
"PSMG4",0.509953161659503,0.293465394071703,0.133,0.151,1
"CCDC107",0.510644659528528,0.278487316624081,0.144,0.162,1
"ZNF593",0.51432013987936,-0.267704204536763,0.159,0.175,1
"SLC4A7",0.515389054809554,0.460483910949733,0.13,0.12,1
"MED6",0.515804241380738,-0.261582283539999,0.161,0.178,1
"MLLT10",0.516869021489637,0.291480075187984,0.194,0.182,1
"LDLRAP1",0.519902050834501,0.568469294021571,0.106,0.12,1
"MCTS1",0.520628459699226,0.323289096266417,0.217,0.212,1
"UBXN7",0.520651694605013,0.259882279708913,0.272,0.266,1
"DCAF8",0.521783595335806,-0.273758619470707,0.184,0.201,1
"ATP9B",0.523023659167908,0.381442358396907,0.107,0.12,1
"ATF2",0.524793351562149,-0.337119027973768,0.106,0.117,1
"LINC01003",0.52555758655221,0.463588227121774,0.132,0.148,1
"LPXN",0.526240667720555,-0.284756925974702,0.173,0.188,1
"NME1",0.526644695045835,0.498346644617798,0.109,0.121,1
"LATS2",0.527017624758142,-0.319371711860614,0.185,0.201,1
"SMARCB1",0.528788205253742,0.394179076710865,0.208,0.199,1
"INAFM2",0.529222527511468,0.563174441888459,0.191,0.182,1
"ANAPC15",0.531494935690547,0.371102242323814,0.246,0.237,1
"COX20",0.532362703486779,-0.278749947806568,0.224,0.24,1
"CHCHD7",0.53269488000938,-0.291381142466295,0.156,0.171,1
"MRPS33",0.532950522270911,0.341846141369504,0.194,0.184,1
"TRIM41",0.535128527751562,-0.309022226348001,0.106,0.095,1
"IGF2BP2",0.535935065786772,0.285856187830248,0.158,0.145,1
"JADE1",0.536135422211635,0.389992755071836,0.114,0.106,1
"SF3A2",0.536389777306675,0.355565950122465,0.101,0.09,1
"ARL5B",0.536440840916419,0.265025732425145,0.172,0.161,1
"C20orf194",0.536453715470009,0.284041754761934,0.121,0.112,1
"DMXL1",0.536704075701278,-0.301453749796293,0.225,0.243,1
"VPS11",0.538067640298916,0.465590832219933,0.109,0.1,1
"TIMM10",0.538697269225044,0.30144295781582,0.179,0.168,1
"SMIM3",0.539359456379817,-0.550732238897311,0.191,0.202,1
"SGMS1",0.539586887443387,-0.701328921464183,0.14,0.153,1
"PRPSAP2",0.539668217673891,-0.592631927149643,0.118,0.13,1
"ZNF44",0.54299897229402,-0.449054195343644,0.101,0.112,1
"GNPTG",0.543735118433176,-0.337616726358446,0.142,0.154,1
"SMIM12",0.544485038092605,-0.289947355713614,0.17,0.182,1
"TFAM",0.545177008845559,0.27475652689884,0.236,0.227,1
"STK19",0.546379474556588,-0.473450946754927,0.095,0.106,1
"BCL2L1",0.54892643427114,-0.436624890181328,0.177,0.191,1
"CBLL1",0.549125137819803,-0.499181390836823,0.127,0.136,1
"ARRDC3",0.551357149721252,0.250001405088863,0.385,0.386,1
"HSF1",0.551633555215917,0.329847791213219,0.168,0.158,1
"ECPAS",0.552905285655336,0.328242288846402,0.185,0.175,1
"RFNG",0.554571629206319,0.469856280389121,0.113,0.105,1
"AL499604.1",0.554721196820091,0.381330972628215,0.118,0.109,1
"HLX",0.55484117418866,0.416621350621658,0.128,0.121,1
"CCDC25",0.556118227457411,-0.435461323181301,0.128,0.137,1
"METTL26",0.556384765510326,0.635444355572648,0.262,0.251,1
"ILK",0.556782215508647,0.272406563173255,0.388,0.415,1
"TM2D3",0.557205152896311,-0.363957401062647,0.158,0.169,1
"DAP",0.557539336083314,0.281877818247999,0.263,0.249,1
"ING5",0.558505114605282,0.778658042860861,0.116,0.107,1
"VPS26A",0.558533938732226,0.33684591094184,0.282,0.28,1
"PLSCR3",0.558874024099739,0.332087783607279,0.154,0.145,1
"TMBIM1",0.559905957765291,0.280408095604979,0.218,0.212,1
"ALDH9A1",0.561703691407008,0.340953135001194,0.149,0.141,1
"USP22",0.562492027306146,-0.346095764258035,0.274,0.29,1
"SLC12A7",0.563972455144438,0.395404095169402,0.151,0.143,1
"NRAS",0.56635988424268,-0.419235891078322,0.201,0.209,1
"MBD6",0.57074511174606,0.410714439129467,0.133,0.124,1
"ZFAND2A",0.572322184338654,0.284366987275523,0.132,0.145,1
"ASB8",0.574126257854929,0.330680094289348,0.243,0.24,1
"TCP11L2",0.575734730404684,-0.274077382089223,0.175,0.186,1
"SRP19",0.575850523856996,-0.288193925020142,0.295,0.302,1
"AC093673.1",0.575923560172178,0.397865959330577,0.142,0.131,1
"TTYH3",0.576247662727536,0.410711031569254,0.328,0.323,1
"TOLLIP",0.577026529998084,0.606659209853579,0.184,0.205,1
"AKT2",0.577503290759576,-0.319056104905496,0.185,0.196,1
"FAM20B",0.579899682004517,0.624503971198354,0.13,0.123,1
"ATG101",0.58099938027285,-0.364823849052972,0.13,0.138,1
"MPHOSPH6",0.581028450874698,0.510221003680028,0.173,0.165,1
"PTGIR",0.582778522743696,0.293178708435943,0.168,0.158,1
"SEMA4D",0.583586682346771,0.428188476027729,0.34,0.367,1
"SNHG32",0.585736686670428,0.266902377259237,0.284,0.277,1
"CDYL",0.586394613053258,-0.330226782340541,0.211,0.226,1
"UBXN2A",0.58702120637751,-0.446790615783398,0.139,0.147,1
"MFSD6",0.58843460241275,0.301225493260591,0.125,0.116,1
"COQ4",0.589837296924386,0.899167150154018,0.092,0.103,1
"STAU2",0.590845286405649,-0.330885080195761,0.113,0.123,1
"C12orf76",0.591183501521274,0.277836622985198,0.142,0.133,1
"ECE1",0.592550818331114,0.377724274158867,0.211,0.199,1
"MPRIP",0.592990416099415,0.389025910004283,0.132,0.145,1
"WDR13",0.593141472882794,-0.2762949229549,0.199,0.188,1
"ARMH1",0.593407137476396,-0.337164233490698,0.102,0.112,1
"AC092821.3",0.595086037750677,0.418771073257064,0.114,0.106,1
"EIF2AK2",0.596131143192337,0.366991942699104,0.338,0.335,1
"MCM5",0.596405551875411,0.259144932382763,0.107,0.12,1
"BCAS2",0.598041811366814,0.280056507548706,0.173,0.165,1
"NDUFB6",0.598509542330085,-0.334900266190325,0.215,0.23,1
"BBIP1",0.600186378977356,0.511534803226138,0.165,0.158,1
"GET1",0.600937888215556,0.562418018457393,0.101,0.093,1
"NCLN",0.603475762459301,-0.282295759333271,0.125,0.114,1
"MADD",0.603622824320188,0.288073613934977,0.111,0.121,1
"TEP1",0.604296856894532,0.375411609910663,0.128,0.123,1
"ZNF506",0.607307857010268,0.707962417434818,0.106,0.116,1
"RNF40",0.607463448480635,-0.283627932566103,0.125,0.134,1
"OARD1",0.608130341856674,0.476678867389578,0.173,0.165,1
"THOC6",0.611453008392197,0.284576115424106,0.127,0.119,1
"CDK6",0.611923681854948,0.492235790953953,0.111,0.105,1
"GPRIN3",0.615776162397534,0.271432034411978,0.111,0.105,1
"IFIH1",0.617182303952186,-0.303470982323491,0.113,0.121,1
"CNOT11",0.617883164539843,0.325842317869942,0.113,0.124,1
"MARCH8",0.618292219218837,0.348873231097524,0.156,0.148,1
"GINM1",0.619692650605934,0.496356853441291,0.227,0.225,1
"PPP2R5A",0.619930304791828,0.495768329517279,0.296,0.314,1
"ZFPM1",0.620811896807301,-0.332131230236559,0.153,0.143,1
"AL592183.1",0.620898294698519,0.293174991968961,0.121,0.114,1
"NOD2",0.622284992179495,0.264730219167267,0.14,0.134,1
"C16orf87",0.623822039027722,0.365660013054095,0.208,0.202,1
"DAAM1",0.624462999775642,0.581579589504518,0.127,0.119,1
"CA5B",0.625947188880162,0.678570005876338,0.125,0.119,1
"CTNNBIP1",0.627416092940159,0.309265811418059,0.205,0.195,1
"DIP2A",0.63104565572808,0.364323209230985,0.146,0.137,1
"RNF135",0.63193489239242,0.298867933432026,0.173,0.169,1
"PELI1",0.634179405648939,0.319651973479887,0.334,0.333,1
"PLEK",0.635700831466845,0.31259872904439,0.737,0.747,1
"IMPAD1",0.636165482479656,0.269726165957844,0.211,0.202,1
"PAM16",0.636423352649273,0.424521412105525,0.113,0.107,1
"ANKH",0.636669739127681,0.790357545789683,0.104,0.099,1
"LCORL",0.637186670854974,-0.412415849216766,0.168,0.174,1
"FBXL3",0.639720881112363,0.477945233273941,0.213,0.21,1
"XPO7",0.640926961389374,0.461434424600344,0.175,0.167,1
"ATF5",0.641618981767921,-0.404466368637531,0.13,0.138,1
"BAG4",0.641980671953525,-0.274463908862507,0.173,0.186,1
"ADAM9",0.642548303670316,-0.511411908946398,0.156,0.164,1
"MRE11",0.644417369373318,0.445512562981016,0.153,0.148,1
"GZF1",0.646255519927801,0.38946250603907,0.113,0.106,1
"SMURF2",0.646592364660946,0.435588605749562,0.116,0.11,1
"FHOD1",0.647295035176912,0.461252751528511,0.121,0.133,1
"C3orf38",0.64788819381799,-0.363633696309574,0.163,0.171,1
"MTHFD2",0.649163471665261,0.306029744276611,0.237,0.23,1
"PPIH",0.649800834306291,0.320446351706537,0.107,0.102,1
"MIER1",0.650119945035559,0.382516978904772,0.395,0.403,1
"KDM3A",0.650254000999256,0.705845481575492,0.123,0.119,1
"ARSA",0.650273999054837,-0.359346755448984,0.104,0.113,1
"CD82",0.650352377761687,-0.67666056885398,0.109,0.117,1
"ABRAXAS1",0.650858440249522,0.259364004364585,0.132,0.124,1
"CD47",0.653174584593647,0.344688191689142,0.402,0.4,1
"AKAP7",0.654684400391167,-0.401336667020272,0.133,0.144,1
"ZMAT2",0.656203489979128,0.326054954085438,0.444,0.455,1
"TAF13",0.657019708084937,0.274981944314159,0.189,0.184,1
"FAM3C",0.658862669967954,0.622573950056167,0.121,0.117,1
"C2orf69",0.658883604712213,-0.329060701510333,0.127,0.136,1
"TECR",0.660233889041561,0.340608753730204,0.163,0.157,1
"OPTN",0.660273751093366,0.302378479969832,0.102,0.096,1
"GOLIM4",0.663359893858254,0.995174357548022,0.133,0.13,1
"CERS6",0.667659509137512,0.286033337418464,0.231,0.226,1
"COPRS",0.668624887922244,0.27674433450826,0.118,0.127,1
"RAB11B",0.668988276663474,0.262046356438506,0.243,0.261,1
"YKT6",0.671327608337997,0.349415851700461,0.127,0.12,1
"SAR1A",0.671394622071376,0.307245080972359,0.244,0.244,1
"ANKRD28",0.672162878437611,0.464833523224814,0.128,0.138,1
"ALDOA",0.673050628761022,0.369015083276884,0.196,0.189,1
"GATAD2A",0.6730991062917,0.273722631888381,0.237,0.23,1
"ZDHHC1",0.67554643979749,0.252805569489882,0.102,0.11,1
"C20orf27",0.675797305271203,0.292124105561008,0.319,0.315,1
"EIF4G3",0.675995986256041,0.345464462781266,0.274,0.27,1
"UIMC1",0.677709192669147,0.314419765599387,0.234,0.25,1
"WIPF2",0.680141294468289,0.282365050177398,0.241,0.257,1
"ERN1",0.68320935076796,0.374801972398524,0.123,0.133,1
"YPEL5",0.683538877944186,-0.609829717939192,0.551,0.568,1
"CACUL1",0.683867582877051,0.381394052402226,0.317,0.312,1
"NUFIP2",0.683893778602153,0.286014894299299,0.39,0.404,1
"NDST2",0.684238667484863,0.346337900159003,0.137,0.148,1
"SH3GLB2",0.684293182653718,0.310941708158844,0.099,0.106,1
"CHMP6",0.685691174127705,0.559474743886288,0.142,0.137,1
"ARHGEF7",0.685814348256169,0.295163001335934,0.102,0.112,1
"GK5",0.687623462829106,0.486562622637364,0.133,0.129,1
"YLPM1",0.688806074207899,0.448331462377683,0.172,0.168,1
"SLC7A6OS",0.689627024949357,0.391537957515452,0.094,0.102,1
"ARIH2",0.689678884326993,0.254530483200865,0.25,0.251,1
"ARHGAP5",0.690137277926134,0.796347585490597,0.14,0.134,1
"IFI44",0.690851580040726,0.276384191332043,0.227,0.222,1
"FOLR3",0.691452426656982,-0.439375279099037,0.149,0.138,1
"LPIN2",0.691494799514536,0.273434796201681,0.192,0.208,1
"TMEM181",0.692351369075297,-0.385586729266521,0.101,0.106,1
"SETD1B",0.696834792582929,0.365504604534627,0.142,0.138,1
"LRRC47",0.697414218993643,0.418228660809298,0.116,0.112,1
"TAF7",0.698575333723119,0.365116469786278,0.277,0.271,1
"NOP14",0.699138793431646,0.323971378399456,0.13,0.126,1
"MSL2",0.700880616951209,-0.361145670081162,0.175,0.184,1
"ATP8A1",0.701848118614035,0.331217112398508,0.104,0.099,1
"MAPK14",0.704870351291564,0.300379147918295,0.288,0.285,1
"SBDS",0.707575514000915,0.25083100639138,0.269,0.287,1
"DST",0.708381182570668,0.313953003181075,0.154,0.164,1
"NDUFB9",0.711421167023573,0.298405598806355,0.407,0.417,1
"NOLC1",0.711622528767391,0.637695012242178,0.132,0.127,1
"SENP7",0.712396971205369,0.429615807057046,0.147,0.143,1
"SAP30BP",0.712893285547798,0.313506337596876,0.218,0.216,1
"IL16",0.71412376887517,0.349956059112949,0.196,0.209,1
"PCGF5",0.714605008256478,0.347738704727529,0.383,0.379,1
"DNAJB14",0.71488203658008,0.256529359466305,0.312,0.312,1
"TIA1",0.715026145308836,-0.313323484497013,0.201,0.215,1
"EXOSC6",0.715319455833257,0.295838445316862,0.243,0.24,1
"C15orf61",0.715786380912175,0.346407668987224,0.109,0.105,1
"C18orf21",0.716118116442667,-0.422088893311859,0.106,0.113,1
"CALU",0.717324997581435,0.343672923943723,0.21,0.209,1
"RAB13",0.718161115146184,0.55510498424804,0.111,0.106,1
"FKBP5",0.718497736854882,0.312018726732874,0.319,0.321,1
"LCOR",0.718609877070829,0.294102147311829,0.331,0.328,1
"THOC5",0.718838621773905,0.298739886836402,0.107,0.102,1
"VBP1",0.720541882438062,0.333989365858602,0.172,0.184,1
"CBR1",0.72072088196453,0.365103179691608,0.22,0.215,1
"DCUN1D5",0.720823896597119,0.384660190000754,0.128,0.124,1
"OAT",0.721203425163558,0.253775611852028,0.187,0.185,1
"ECD",0.72182469203258,0.283406391839157,0.116,0.124,1
"ATMIN",0.722002625686471,0.446617784803559,0.203,0.202,1
"CRYZL1",0.722956105885041,0.467812152523304,0.127,0.12,1
"GDAP2",0.726229889833918,0.331635209144138,0.18,0.177,1
"RAB11FIP4",0.728178706363041,0.280955050410391,0.139,0.134,1
"GPR183",0.730873581955498,0.383336192711838,0.26,0.26,1
"BCAP29",0.735590507957208,0.382334943859984,0.194,0.203,1
"THOC2",0.737600471642751,0.487913812507122,0.322,0.343,1
"NKIRAS2",0.740270355822823,0.250019862538062,0.191,0.199,1
"NAA15",0.740407876630289,0.261879186958145,0.133,0.143,1
"ZNF350",0.742060324166654,-0.257366706432889,0.133,0.14,1
"DNASE2",0.747704829999858,0.40637570522042,0.107,0.114,1
"PSMD10",0.750138338466507,0.656771531725746,0.116,0.113,1
"TOMM5",0.751063801588581,0.30410081206616,0.289,0.291,1
"EMC3",0.751423700883416,0.260527122613188,0.43,0.453,1
"ARPC4",0.751514665445772,0.288880948682693,0.633,0.629,1
"TRAFD1",0.751544777332889,-0.282277833462209,0.123,0.129,1
"BRD3",0.75321517321001,0.483609988229368,0.205,0.215,1
"ZNF276",0.753810613265766,0.38744632502834,0.165,0.162,1
"DCAF6",0.754536329719774,0.511392022790333,0.13,0.127,1
"CETN2",0.754636194442427,0.563592738367451,0.114,0.109,1
"FAM210B",0.754999164168643,-0.367158035834531,0.231,0.239,1
"THG1L",0.756641393195977,0.315116981511667,0.113,0.109,1
"WDR55",0.759818427048824,0.559313748950571,0.095,0.102,1
"DENND6B",0.76035817901825,-0.486449931346077,0.121,0.127,1
"SKA2",0.761363278749275,0.661094478983847,0.097,0.105,1
"TAPBPL",0.761387844020346,0.444034542408564,0.104,0.1,1
"RSPRY1",0.762311894390968,0.378514495727498,0.102,0.109,1
"NFX1",0.763321298296265,0.351780154290871,0.12,0.126,1
"PHYKPL",0.763455698810233,0.35573538065586,0.184,0.181,1
"TGS1",0.763972570805775,0.255243855511408,0.135,0.143,1
"PUS7L",0.764591338978416,0.299970663661827,0.154,0.151,1
"C8orf76",0.764597336438149,0.449406898856026,0.114,0.12,1
"SLC9A9",0.767889617224317,0.560738103639628,0.121,0.119,1
"GGA3",0.769997656010508,-0.427945835394766,0.192,0.194,1
"KLF16",0.773806186229951,0.28607813748435,0.121,0.116,1
"SP2",0.778272268978559,-0.591183473846703,0.104,0.109,1
"LY75",0.780833418141371,0.317086397303765,0.194,0.191,1
"BORCS6",0.781173371687461,0.307161607565843,0.097,0.103,1
"PPIE",0.782158761313502,0.766389698182403,0.132,0.129,1
"LRRC57",0.783068331104467,-0.303851338165824,0.107,0.113,1
"ITPRID2",0.784117264651136,-0.343984488040369,0.315,0.331,1
"CCDC82",0.784194346247361,0.40118294619882,0.163,0.174,1
"PITPNA",0.784627766226524,0.318008902250975,0.196,0.194,1
"MTMR9",0.786112312113043,0.30050855335023,0.125,0.123,1
"PPP6C",0.788542375655691,0.396115397477798,0.251,0.264,1
"ELMO1",0.789207805149548,0.421630392123149,0.192,0.189,1
"ANAPC13",0.790328128255049,-0.319917178948721,0.182,0.189,1
"VTI1A",0.791700784594741,0.464834150752079,0.154,0.153,1
"TMEM170A",0.793548380993478,0.295834785990959,0.203,0.203,1
"SECISBP2L",0.793596610171415,0.370570757741815,0.191,0.206,1
"FAM118A",0.793974258163679,0.312317535615077,0.156,0.169,1
"LEMD3",0.794866700212664,-0.367008536071028,0.114,0.112,1
"PPIL4",0.795346710631553,0.433246689994236,0.114,0.121,1
"TMEM243",0.796926672111295,0.328472572759566,0.187,0.201,1
"MTHFD2L",0.798268419268559,0.436459213395085,0.184,0.182,1
"GATAD2B",0.799069473867954,0.316380820215886,0.182,0.179,1
"MPHOSPH9",0.799112032962494,0.906771016024237,0.107,0.113,1
"MED15",0.799576612679923,0.258248474531187,0.177,0.186,1
"GOLT1B",0.800811223708854,-0.424500619400202,0.149,0.148,1
"DMAC2L",0.802057423597557,0.477202903561094,0.203,0.202,1
"PTAR1",0.8030915182798,0.301231760597161,0.258,0.258,1
"C5orf15",0.803497720752611,0.276384483507006,0.189,0.196,1
"RBBP5",0.807478121751923,0.321000836737991,0.101,0.095,1
"CPQ",0.810368118840199,0.817660094503775,0.276,0.28,1
"RAB11FIP2",0.812070624245525,0.281364303672817,0.128,0.127,1
"ZNF580",0.812432655693815,0.37496296045028,0.121,0.127,1
"PRCC",0.813587535439421,-0.253090450192897,0.12,0.124,1
"PEF1",0.815784655379201,-0.597031749412609,0.127,0.13,1
"OSBPL2",0.817419496276811,0.312629599556903,0.127,0.124,1
"PTPA",0.817862639766741,-0.311899508151441,0.118,0.121,1
"PACSIN2",0.821483368543242,0.641649398725321,0.191,0.202,1
"BTBD2",0.823404259347717,0.347546135727214,0.111,0.119,1
"COLGALT1",0.823554078615951,-0.272047771641282,0.255,0.26,1
"ATE1",0.82453063568383,-0.338679957777688,0.14,0.144,1
"TAF10",0.825221541006948,0.352842585736,0.499,0.516,1
"TMEM164",0.825701186013512,-0.261500262459202,0.156,0.16,1
"TNK2",0.826543421150613,0.284109750823983,0.159,0.171,1
"AGPAT1",0.829707983495938,0.571912998123661,0.18,0.178,1
"STRADB",0.830004230048767,0.361490705805111,0.102,0.106,1
"CCDC32",0.832451542332257,0.370403423449692,0.102,0.1,1
"NOSIP",0.835280457847995,-0.333945301962688,0.215,0.222,1
"KLHL2",0.836146157488962,0.303450100740124,0.12,0.117,1
"PCMTD1",0.836879231287912,0.290317780065816,0.343,0.359,1
"EPN1",0.838414520271902,0.254608093010143,0.345,0.35,1
"NR1H2",0.838645296257271,0.420484191774805,0.236,0.249,1
"IGF1R",0.838770735896294,-0.272737834292401,0.106,0.109,1
"BOLA2",0.839129259546272,0.353991591942234,0.116,0.121,1
"GK",0.839138365960174,0.354150456834931,0.18,0.177,1
"B3GNT2",0.839198406232577,-0.445009444589256,0.104,0.1,1
"NUDT2",0.839821866544521,0.488888107746867,0.104,0.103,1
"LNPEP",0.842477147476075,0.291857663498578,0.393,0.403,1
"BBX",0.844235185239614,0.351828309256797,0.288,0.294,1
"STAMBP",0.844966614198692,0.328730410480151,0.111,0.109,1
"PGM2",0.846475957307789,0.364615101453313,0.133,0.141,1
"DENND6A",0.847646240739793,0.277104761363706,0.205,0.213,1
"CASP8",0.848908522506064,0.266889173829933,0.251,0.254,1
"ULK1",0.853169475064518,0.457328746310067,0.199,0.196,1
"WDR44",0.855087350756541,0.442888197616757,0.106,0.11,1
"YTHDF2",0.85722075690351,0.272250699869193,0.307,0.321,1
"CDK5RAP3",0.858911267145601,0.275835813103987,0.182,0.182,1
"BFAR",0.86109263639353,0.265938285177341,0.251,0.258,1
"PDE4DIP",0.861693775218996,-0.399661378034174,0.116,0.12,1
"PPM1L",0.862666670893653,0.423948052598036,0.137,0.141,1
"CLEC1B",0.865276641944635,-0.42634113128034,0.12,0.121,1
"RNF10",0.86541173997817,-0.302552703968072,0.338,0.34,1
"PNPT1",0.866750421367307,0.312912525075862,0.149,0.15,1
"RRP12",0.871567518434239,0.308517918420919,0.14,0.141,1
"FAM117A",0.872090273984319,0.550899028352029,0.111,0.109,1
"MARF1",0.873660124265199,0.418357816843825,0.237,0.246,1
"CRISPLD2",0.874650442613944,0.343869756354016,0.225,0.225,1
"RNF167",0.874731758911272,0.285912791711284,0.22,0.23,1
"INSIG1",0.875014454042888,0.491438186118279,0.213,0.216,1
"APIP",0.875512405879798,0.519076040197915,0.137,0.137,1
"MT-ATP8",0.875619270953269,-0.338902978966466,0.461,0.472,1
"SMAD4",0.879032578481293,0.309055617115843,0.182,0.181,1
"RING1",0.879797825430016,0.340171712223705,0.118,0.123,1
"ATG9A",0.880625798961407,-0.339589686779484,0.113,0.11,1
"FAM104A",0.882286527743482,-0.286498320998561,0.161,0.158,1
"EBPL",0.882599381112823,0.699084422185508,0.14,0.141,1
"AHCTF1",0.885263212985307,0.335452121564419,0.205,0.212,1
"INSR",0.885468487820416,0.277833965042021,0.158,0.161,1
"GALNT10",0.8855311279379,-0.255962531101523,0.146,0.147,1
"ZFYVE21",0.885614236149228,0.756423745634926,0.101,0.105,1
"TMED8",0.891750581450103,0.52299262052612,0.149,0.157,1
"PPM1K",0.893380888180576,0.270822591341535,0.104,0.107,1
"UPF1",0.896445773155785,0.25865499576319,0.12,0.123,1
"ARMCX3",0.897518367324355,0.659103427829964,0.175,0.182,1
"ZNF445",0.898301211536111,0.381002908975728,0.12,0.12,1
"AASDHPPT",0.898423981342799,0.297248622001144,0.144,0.151,1
"SLC25A16",0.898747969156146,0.309276761001942,0.107,0.106,1
"KAT2B",0.898997061935688,-0.591607832005042,0.153,0.154,1
"ADAM8",0.903712160423823,-0.256210766347863,0.217,0.216,1
"CCT4",0.903732695132917,0.254050645429313,0.302,0.301,1
"SAR1B",0.905815150242328,0.275660354042743,0.222,0.223,1
"LNPK",0.911342548001484,0.290858732489118,0.139,0.14,1
"SNTB1",0.911966252492092,0.35079137579621,0.139,0.144,1
"ACOT8",0.914175137643835,0.288582874612652,0.106,0.105,1
"BRWD3",0.914868291717076,0.377622097788642,0.208,0.21,1
"ELK1",0.915353969503594,0.303048386175995,0.104,0.107,1
"ATL3",0.915504964656552,0.423666177157101,0.258,0.264,1
"TNNI2",0.916542442555999,0.390439498179602,0.12,0.126,1
"HMG20B",0.916971778235406,0.379356389623371,0.231,0.237,1
"STX8",0.918511146661411,-0.270537519692096,0.198,0.194,1
"HSPA13",0.921391420095116,0.353673136962442,0.116,0.116,1
"ESYT1",0.92279457059899,-0.401960795575712,0.116,0.116,1
"CPNE2",0.925391222162099,0.300022550107257,0.135,0.136,1
"SLC35E1",0.927355997484466,-0.280980903491129,0.25,0.247,1
"PTS",0.928822726062161,0.334295321510817,0.104,0.105,1
"NUTM2A-AS1",0.929278975472792,0.25098571224094,0.225,0.23,1
"ANGEL2",0.930841803510675,0.360964464650269,0.139,0.141,1
"IDH1",0.931261247866886,0.329795998416087,0.151,0.151,1
"TWISTNB",0.931987713104919,-0.32048351955815,0.156,0.157,1
"CEP57",0.932023035734413,-0.259436206491165,0.189,0.194,1
"RNF115",0.935332026941711,0.509770971789517,0.227,0.233,1
"PRKCA",0.935669222515835,-0.509528090428299,0.101,0.1,1
"SAMSN1",0.936736752540482,0.265017961800985,0.407,0.429,1
"ZNF264",0.936897526636894,0.342450029754484,0.113,0.116,1
"PPP6R1",0.93852612158338,0.266484101264421,0.246,0.25,1
"G0S2",0.940737138151239,-0.490508826819869,0.331,0.316,1
"F8A1",0.941809847237941,-0.277188459979363,0.121,0.124,1
"DNPH1",0.942897709554136,0.601426887830026,0.142,0.147,1
"USP48",0.942949520526769,0.258005275166379,0.265,0.27,1
"ACAP1",0.942977533765393,0.292005432903204,0.161,0.162,1
"C12orf75",0.943813025785767,-0.254536948063668,0.125,0.121,1
"MAPKAPK5-AS1",0.945866139870496,0.330915886456876,0.137,0.137,1
"CKAP2",0.946131718435042,0.432092978063348,0.116,0.119,1
"TDP2",0.946369415984784,-0.329018363001391,0.137,0.137,1
"PCGF3",0.947553458324105,-0.444561569851504,0.12,0.12,1
"JAK3",0.947802508683389,0.297694933215439,0.179,0.186,1
"MCTP1",0.948122210515684,0.298008111039662,0.298,0.314,1
"SRPK1",0.950077851145415,0.30702147820029,0.102,0.105,1
"USP12",0.95131850433376,0.459019057020628,0.258,0.266,1
"MSRA",0.955109123701858,-0.268235240375613,0.151,0.155,1
"IFIT2",0.955285282976007,0.414320709898759,0.132,0.134,1
"AMFR",0.955402565052893,-0.260396489641932,0.234,0.236,1
"CLPTM1L",0.956724231703902,0.539242550726531,0.232,0.24,1
"CHD6",0.957427631237623,0.362003899161616,0.165,0.172,1
"SMAD2",0.959091580111543,0.283268864128641,0.331,0.331,1
"RASA3",0.959340545347269,0.637585504101641,0.179,0.185,1
"PTMS",0.96170836728113,-0.388674281977992,0.113,0.113,1
"PIK3CA",0.962028038017898,0.286021336968322,0.173,0.172,1
"PRKRIP1",0.965844985663468,0.449969935912253,0.125,0.124,1
"CXCL8",0.967091199754741,0.258016680111013,0.291,0.298,1
"KIF22",0.967167644166453,0.27421487396389,0.14,0.144,1
"RAB34",0.969835237583711,0.279393487235739,0.179,0.181,1
"BMPR2",0.970532988855479,-0.310560689657401,0.173,0.172,1
"GLOD4",0.971826041810975,0.254543185415491,0.151,0.155,1
"HIST1H3H",0.97236175460956,0.273514487258307,0.139,0.14,1
"RNF2",0.97249448144326,0.435420545805353,0.107,0.109,1
"CEP104",0.972675029783639,0.520079926304234,0.111,0.114,1
"SHARPIN",0.975644614522392,-0.269038037889746,0.149,0.148,1
"TPP2",0.977495708440112,0.266980294921538,0.262,0.268,1
"PINK1",0.977788765945366,0.942185039558525,0.107,0.107,1
"GPD2",0.986776516175257,0.258421634435277,0.109,0.11,1
"C19orf25",0.986825702672261,-0.500662362020009,0.159,0.158,1
"FBXW11",0.989750740130452,0.301800375044482,0.179,0.182,1
"ITFG1",0.990010002095274,0.526923912172218,0.206,0.213,1
"WDR48",0.991093929517331,0.257194385913486,0.146,0.148,1
"CCDC18-AS1",0.995693699600349,0.286960741448063,0.146,0.148,1
"RAE1",0.996078789249511,0.367920604640644,0.128,0.131,1
"USP39",0.99643160245717,-0.583192655516511,0.118,0.116,1
"MINK1",0.997933298964153,0.394820960848741,0.114,0.116,1
"MED11",0.999894004776449,0.299450736321877,0.121,0.123,1
