"Gene","p_val","avg_log2FC","pct.1","pct.2","p_val_adj"
"AREG",2.16036883131067e-16,-1.25268236644589,0.331,0.498,7.90716595948017e-12
"SLA",9.47401669755498e-16,-0.949893963958121,0.47,0.592,3.4675848514721e-11
"TIPARP",3.25690550869612e-14,2.20051255454894,0.217,0.093,1.19205998523787e-09
"ATF3",7.63862667964347e-14,2.5093142119692,0.165,0.057,2.79581375101631e-09
"IL1R2",1.63793679097318e-12,-1.33704294714421,0.212,0.36,5.99501244864093e-08
"PLEKHO2",1.93770120454246e-12,-1.05648341141285,0.155,0.296,7.09218017874586e-08
"NAB2",1.48643592257223e-10,-1.465372400571,0.03,0.113,5.44050412020661e-06
"MT-ND3",3.46396037806141e-10,0.363877567635467,0.898,0.905,1.26784413797426e-05
"C3AR1",4.60572364900034e-10,-1.49283391820864,0.175,0.29,1.68574091277061e-05
"FKBP5",1.1987184738977e-09,-0.533136313374202,0.616,0.668,4.38742948631297e-05
"KLF4",1.62900699228415e-09,1.02930012952968,0.448,0.336,5.96232849245922e-05
"TMCC3",2.49767682767742e-09,-1.18991916742393,0.095,0.198,9.14174695698213e-05
"CRK",4.46903382446626e-09,-0.981644322872445,0.177,0.292,0.00016357110700929
"TAGAP",5.46492483495224e-09,1.08246623530705,0.241,0.137,0.000200021713884087
"B3GNT5",1.12866572500633e-08,-1.22539663873631,0.142,0.247,0.000413102942009567
"HSPA1A",1.71243329025055e-08,0.451441922240808,0.247,0.139,0.000626767708564605
"IFNGR2",1.942336309292e-08,-0.719317519318241,0.479,0.561,0.000710914512563964
"KLF2",3.11243562803089e-08,0.541684879041064,0.615,0.502,0.00113918256421559
"IL1RAP",3.55084894077204e-08,-0.836053947852322,0.198,0.311,0.00129964622081198
"SAMSN1",6.31681548086852e-08,-0.687191509533237,0.513,0.579,0.00231201763415269
"CCDC71L",7.07209001231585e-08,-1.11456258850977,0.119,0.218,0.00258845566540772
"AL118516.1",7.29818103046024e-08,1.51587399490618,0.152,0.073,0.00267120723895875
"IFNGR1",7.63536184123767e-08,-0.566988316399662,0.571,0.631,0.0027946187875114
"ASPH",8.40718591269525e-08,-1.13582482368487,0.218,0.324,0.00307711411590559
"BHLHE40",9.56306665611303e-08,1.11467180660446,0.242,0.148,0.00350017802680393
"METRNL",9.64416213598221e-08,-0.677602558647115,0.483,0.555,0.00352985978339085
"TUT7",9.9843607763763e-08,-0.667827748607918,0.358,0.465,0.00365437588776149
"TMEM176A",1.13765595069994e-07,0.78340153824389,0.253,0.149,0.00416393454515687
"FOSB",1.48773787652475e-07,1.92964689464949,0.341,0.261,0.00544526940186822
"LINC00877",1.9040320085838e-07,0.982882495189104,0.231,0.137,0.00696894755461758
"RPL38",2.08224566212242e-07,0.250038287726839,0.807,0.781,0.00762122734793426
"KLF10",2.41706700693055e-07,0.509885732881444,0.561,0.463,0.0088467069520665
"AL034397.3",2.51356905490467e-07,-0.567847874301009,0.402,0.505,0.0091999140978566
"XPO1",2.59675993084904e-07,0.680834320896978,0.34,0.231,0.00950440102290056
"FPR2",2.77271758034943e-07,-0.930745860983895,0.151,0.249,0.010148423615837
"JDP2",3.39044743426716e-07,-0.551271322986742,0.541,0.607,0.0124093766541612
"MAFF",6.13521700410207e-07,1.60383807155058,0.132,0.065,0.022455507756714
"AGO2",6.47633813899314e-07,-0.801860768662559,0.233,0.334,0.0237040452225288
"LDLR",6.74982212924842e-07,1.09016821231236,0.184,0.103,0.0247050239752621
"DNAJA1",7.22508661073925e-07,0.518521829395658,0.437,0.333,0.0264445395039667
"CCNL1",1.05052479412799e-06,0.629676257357607,0.611,0.534,0.0384502579898786
"CNEP1R1",1.10579353548998e-06,-0.935883051683969,0.111,0.196,0.0404731491924687
"TMEM176B",1.13236154265219e-06,0.528032656006967,0.337,0.233,0.0414455648226127
"CLEC5A",1.22868778347541e-06,-1.57704525916933,0.067,0.138,0.0449712015629835
"IRF1",1.27182079949888e-06,0.636022935798063,0.467,0.365,0.0465499130824586
"CCR1",1.51547947623175e-06,-0.701063783300204,0.343,0.43,0.0554680643095582
"RAB11FIP1",1.6117060393457e-06,0.521377129072204,0.569,0.493,0.0589900527460919
"ST3GAL1",1.62354327375897e-06,-0.753934175963363,0.194,0.296,0.059423307362852
"RNF7",1.71024032485011e-06,-0.538944817657655,0.478,0.558,0.062596506129839
"JUND",1.72077353850582e-06,0.595914081870073,0.79,0.756,0.0629820322828516
"HK2",2.1556806325347e-06,0.926841849791121,0.198,0.117,0.0789000668314027
"CSRNP1",2.19851795849391e-06,1.19357666544992,0.271,0.188,0.0804679557988357
"MNDA",2.19919603380186e-06,0.43459701069482,0.735,0.71,0.0804927740331821
"TNFSF10",2.20050007908416e-06,0.539016499016564,0.386,0.285,0.0805405033945594
"NR4A2",2.30989904241198e-06,1.04706113294424,0.325,0.242,0.0845446148513209
"JARID2",3.08945101802762e-06,-0.543941742630279,0.472,0.555,0.113076996710829
"ARPC1B",3.98816940678749e-06,-0.296087703989654,0.856,0.885,0.145970988457829
"PHC2",5.17399985776046e-06,-0.484790281060003,0.464,0.536,0.18937356879389
"TCOF1",5.23614292013405e-06,0.556325031225438,0.242,0.154,0.191648067019826
"TLR2",6.76081980775306e-06,-0.550584397599896,0.448,0.523,0.24745276578357
"STARD4",7.2895923447237e-06,-1.03391332714212,0.082,0.151,0.266806369409232
"E2F3",7.63805737816059e-06,-0.437698204654965,0.259,0.358,0.279560538098056
"MAFB",8.96220661470043e-06,-0.670930464505823,0.548,0.607,0.32802572430465
"RESF1",9.00222488048279e-06,-0.686469646205807,0.366,0.454,0.329490432850551
"SDC4",9.46782431843208e-06,-0.743353363720838,0.057,0.119,0.346531837878933
"FLVCR2",1.0385280235217e-05,-1.34173283904927,0.062,0.124,0.380111641889176
"DNAJC13",1.20700413673066e-05,0.804757130338079,0.25,0.167,0.441775584084791
"ZNF703",1.24225406608254e-05,1.4406157859179,0.101,0.047,0.454677410726869
"FGD4",1.29684485422038e-05,-0.498048931249245,0.307,0.401,0.474658185093203
"MIER1",1.3546609120591e-05,-0.559484524191697,0.369,0.459,0.495819440422751
"STX11",1.39764714291369e-05,0.299759239377407,0.595,0.525,0.511552830777838
"LONRF1",1.46002473908966e-05,-1.08947511652791,0.077,0.143,0.534383654754205
"ADGRE5",1.62260037502191e-05,0.415238439268076,0.59,0.508,0.59388796326177
"HDAC5",1.72073212888701e-05,0.917749068847425,0.175,0.103,0.629805166493933
"TOP1",1.82091680004712e-05,-0.36742400489629,0.403,0.495,0.666473757985247
"CX3CR1",1.90249106519969e-05,0.954502394754188,0.122,0.063,0.69633075477374
"PTPN1",1.95741115455926e-05,-0.609995864942702,0.254,0.345,0.716432056680233
"CD163",2.69880276428933e-05,-0.46748090078475,0.561,0.602,0.987788799757538
"TLE3",3.04359134139347e-05,-0.352522808277608,0.299,0.392,1
"C5AR2",3.15532813614887e-05,-0.774000217597537,0.122,0.194,1
"PNRC1",3.23094057741542e-05,0.363691227336585,0.755,0.725,1
"GFOD1",3.26115547215459e-05,-0.690364605277,0.11,0.181,1
"BCAT1",3.68534242645862e-05,-0.771555040578212,0.126,0.199,1
"HVCN1",4.15456194997425e-05,0.600306373653513,0.237,0.161,1
"RSRP1",4.41499635938381e-05,0.323590338709433,0.487,0.399,1
"CWC22",4.62064313684351e-05,-0.890554546968903,0.091,0.157,1
"RASA2",5.77297602426169e-05,-0.479644756570018,0.175,0.253,1
"PRR7",5.77326839489254e-05,0.619225065541165,0.101,0.049,1
"TLN1",6.26309185787701e-05,-0.405916366730867,0.765,0.807,1
"TLR1",6.55299760904648e-05,-0.578130968105924,0.114,0.186,1
"KMT2E-AS1",6.75368075065059e-05,1.26523125517936,0.124,0.069,1
"PTGER2",7.6828753780182e-05,0.690986255941128,0.237,0.165,1
"CHMP1B",7.89067922811365e-05,0.685988645642433,0.45,0.374,1
"GIMAP7",8.17919468046799e-05,-0.657787117299668,0.234,0.313,1
"NAMPT",8.44031442167008e-05,-0.411636105379528,0.688,0.718,1
"PPIF",8.59199050846773e-05,0.889086003631018,0.306,0.237,1
"NXT1",9.15614644865007e-05,0.790689555618576,0.183,0.117,1
"MT-ND4L",9.18972904505305e-05,0.293096583951064,0.712,0.651,1
"ZNF146",9.41930326972622e-05,-0.988263920868028,0.058,0.113,1
"FPR1",9.89413859456312e-05,-0.359968405983494,0.655,0.675,1
"CBX4",0.000100049509050245,0.540457071630062,0.245,0.174,1
"SLC15A4",0.000104440213646317,0.713647277861931,0.208,0.138,1
"ZBTB16",0.000104820759412934,-0.300540756740287,0.487,0.577,1
"PAK1",0.000109326179939968,0.465024298716047,0.364,0.283,1
"AC020916.1",0.000116068218024478,1.44591725164901,0.401,0.344,1
"SLC35A1",0.000116694276307156,0.793605707349223,0.164,0.101,1
"YPEL3",0.000122014888936966,0.360866919442217,0.57,0.485,1
"ATP9B",0.00013003235637073,-0.708446113828935,0.094,0.155,1
"ATP13A3",0.000154144447435355,-0.814129064183966,0.307,0.37,1
"SLC1A3",0.000158876082001557,-0.608440406833859,0.071,0.127,1
"HBB",0.000159125681452799,0.295237967137426,0.653,0.753,1
"GK",0.000160636551289406,-0.566858216945058,0.157,0.233,1
"RBM27",0.000163339874792653,-0.515062417948668,0.261,0.341,1
"UPP1",0.000164641758712053,-0.414816028759673,0.459,0.535,1
"SGMS2",0.000165401573930435,-0.407976997473577,0.296,0.383,1
"ZBTB20",0.00017294718007748,0.571641027665144,0.218,0.15,1
"PRMT9",0.000175142464953611,0.86924511238091,0.139,0.083,1
"LHFPL2",0.000175549537177967,-1.34019896195681,0.098,0.156,1
"PPP1R15B",0.000184957682438334,0.658664763841605,0.327,0.264,1
"HMGB1",0.000195104867962791,-0.272182430038556,0.841,0.874,1
"SOS1",0.000197418049871795,0.874158716769478,0.13,0.076,1
"NABP1",0.000201971182508091,-0.577893978602602,0.258,0.341,1
"LYSMD2",0.000253509186255448,0.669624785791295,0.196,0.132,1
"GLG1",0.000254571611085677,-0.334573570245775,0.374,0.459,1
"NARS",0.00026068657875441,0.368687188702224,0.376,0.296,1
"DGLUCY",0.00026331768984837,0.673036271683011,0.192,0.128,1
"LMBRD1",0.000267106304238633,0.361480908352415,0.31,0.233,1
"SRSF5",0.000276582743426008,0.29580156232689,0.718,0.685,1
"WASF2",0.000290219205888105,-0.327113733046077,0.655,0.7,1
"AL133330.1",0.000292564867542121,1.14613114882647,0.106,0.059,1
"PPP1R15A",0.000328902172557435,0.955446248127619,0.458,0.412,1
"NUP54",0.000332316819002617,-0.87054508146832,0.104,0.164,1
"IL7R",0.000333865475725247,-0.705417095926854,0.077,0.131,1
"RPGR",0.000345938335092444,0.835278623976753,0.131,0.079,1
"GCLC",0.000354304102509106,-0.535586373281254,0.108,0.17,1
"GLRX",0.000357300528570066,0.271399550407078,0.619,0.557,1
"CHAMP1",0.000368049092040543,-1.04412244172017,0.058,0.106,1
"RIPK1",0.0003786675263657,-0.677436871275721,0.077,0.132,1
"TRMT6",0.000379063615395012,-0.934860300582913,0.16,0.222,1
"GABPB1",0.000380818896370068,-0.493400967419736,0.066,0.118,1
"CARD6",0.000402046314876433,-1.10945320695342,0.056,0.102,1
"DDA1",0.000414955371930641,-0.53758123862274,0.156,0.226,1
"APBB1IP",0.000419541588798241,0.458366589251459,0.442,0.384,1
"CSGALNACT2",0.000428765279807551,-0.405651731794102,0.586,0.618,1
"RHOU",0.000430942741844484,-0.354603806973256,0.142,0.205,1
"TNFAIP3",0.000435004413828349,0.705470699198697,0.507,0.464,1
"MFSD4B",0.000440334714738291,0.708371675633501,0.13,0.078,1
"JUNB",0.000455018609523884,0.409750057732222,0.721,0.698,1
"CATSPER1",0.000477731417314711,-0.938543774657894,0.11,0.167,1
"KDM1B",0.000488416492903207,0.468259051349566,0.315,0.241,1
"ANKRD44",0.000498499798392971,0.389892613975267,0.472,0.408,1
"NRIP1",0.000502827066764377,-0.56149440804643,0.332,0.401,1
"PMAIP1",0.000511158782354111,0.909534036211894,0.189,0.131,1
"IL1B",0.000517175003771784,1.35662050817826,0.222,0.165,1
"PNPLA8",0.000548716410143365,0.588070722842797,0.323,0.251,1
"APOBEC3A",0.000565026518000012,-0.28565251118642,0.274,0.352,1
"NR4A1",0.000567927784532579,0.869564535684929,0.194,0.137,1
"EIF4E",0.00058311791941817,0.747681372001624,0.269,0.205,1
"CLEC12A",0.000584043982817719,0.264725427620536,0.644,0.579,1
"MT-ATP8",0.000605152557675597,0.36745306411046,0.415,0.345,1
"WIPF2",0.000611428163441724,-0.387872693143682,0.2,0.269,1
"SH3BP5",0.000612232204211672,-0.350000173259459,0.396,0.465,1
"TRAF3",0.000618644929994337,-0.562861356575131,0.073,0.124,1
"MAP7D3",0.00061984617490825,0.896032579471818,0.103,0.058,1
"HELZ",0.000624730455696025,0.375676966498429,0.439,0.365,1
"PTBP2",0.000670366156079523,-1.05052263654153,0.106,0.161,1
"WDFY2",0.000678017401573385,0.506548244072651,0.356,0.286,1
"GOSR1",0.00071199928087621,-0.451501131164638,0.161,0.229,1
"CD2BP2",0.000725752366452027,-0.612404928249613,0.165,0.231,1
"IGSF6",0.000730786596502174,0.393604177927054,0.569,0.527,1
"MOSPD2",0.000752200050613185,0.626669831656255,0.188,0.128,1
"AC104695.4",0.000756350440963924,0.699210093521551,0.225,0.167,1
"MSL3",0.000759996276947418,0.384884584544222,0.349,0.274,1
"EHMT2",0.000762102689255347,0.760868753157066,0.118,0.071,1
"SRBD1",0.000781260316024547,0.730592592849438,0.134,0.084,1
"AHSA1",0.000814781400829286,0.314176643459055,0.193,0.133,1
"NETO2",0.000864413901447743,-0.761280014237106,0.098,0.152,1
"YPEL5",0.000895921103004362,0.335737275464071,0.579,0.538,1
"EGR3",0.000915057880344801,-0.350015809121301,0.099,0.155,1
"PUM1",0.0009381425278904,0.466899974851812,0.394,0.324,1
"LRMP",0.000958219330830843,0.298113638620523,0.205,0.143,1
"RO60",0.000976386870374736,-0.258848032999886,0.27,0.351,1
"ZNF91",0.00102273781386208,-0.704983211156528,0.089,0.141,1
"CD83",0.00103131959719477,0.941930745874546,0.261,0.21,1
"KYAT3",0.00106335923035005,-0.552710662084103,0.093,0.144,1
"FBXO38",0.00106676717124963,-0.810956882726593,0.099,0.152,1
"THBS1",0.00108439568450419,-0.541680687659862,0.448,0.521,1
"NFKB2",0.00111740672022866,0.785650306563215,0.205,0.148,1
"SIPA1L1",0.00111936397659728,-0.511616554060842,0.303,0.373,1
"BAZ2B",0.00114977479533527,-0.341369370914274,0.339,0.417,1
"PHAX",0.00116501031067748,-0.687871637827016,0.12,0.175,1
"VPS35",0.00116990285836055,0.39106149431882,0.455,0.391,1
"NSUN3",0.00119752891346461,-0.719016563136483,0.095,0.147,1
"VCAN",0.00124496487114115,-0.256124065553062,0.716,0.717,1
"FEM1B",0.00128199934065518,-0.346540641379686,0.209,0.277,1
"MFAP1",0.00128717711667627,-0.727402354869743,0.062,0.106,1
"PCNX1",0.0013449165824183,-0.296593418982431,0.299,0.374,1
"MOAP1",0.00136953733111068,0.810155178166275,0.131,0.083,1
"SETDB2",0.00138600128419903,1.00007327408359,0.107,0.066,1
"ADNP2",0.00139360963139395,-0.803726650988127,0.091,0.141,1
"SGSH",0.00140154626584847,-0.695971892663254,0.078,0.125,1
"ELK3",0.00141209661145081,-0.371819061015874,0.212,0.277,1
"SAMHD1",0.00142376194437506,0.260702959974949,0.705,0.663,1
"IRF5",0.00146159144697782,0.467263581285816,0.209,0.152,1
"HNRNPU",0.001476797620447,0.262191977060596,0.71,0.677,1
"C16orf54",0.00148916280702057,0.372516499322367,0.224,0.163,1
"HIPK1",0.00151705465318227,0.515154486263321,0.411,0.359,1
"RNF19A",0.00152670591159417,-0.644740932669864,0.19,0.254,1
"DNAJC5",0.00153345156730863,-0.528860158679832,0.225,0.285,1
"ZFP36",0.00161110597522216,0.69582155971549,0.635,0.611,1
"ANGEL2",0.0016345628006813,-0.545523028292015,0.106,0.161,1
"AL133342.1",0.00171107453233596,-0.621452940151614,0.087,0.137,1
"SASH3",0.00174614674324192,-0.428678325006713,0.271,0.344,1
"PTPRE",0.00178605726640212,-0.335321028731663,0.624,0.654,1
"HOTAIRM1",0.00178997678618109,-0.307543147877836,0.336,0.403,1
"MYSM1",0.00179254293492799,-0.549851742105428,0.179,0.238,1
"OAS1",0.00184456011965072,0.626702909568408,0.202,0.147,1
"USP16",0.00184488639430805,-0.399924503078207,0.323,0.393,1
"MED4",0.00185436689326918,-0.359896210897297,0.25,0.314,1
"CREBRF",0.00190892505200397,0.271545266184646,0.478,0.406,1
"SLK",0.00192081010511533,-0.383153591357088,0.255,0.319,1
"SLC4A7",0.0020342342855049,-0.624744715824121,0.101,0.15,1
"THAP12",0.0021220064318576,-0.582603576091751,0.225,0.287,1
"CCDC112",0.0021672468945169,0.460411137621685,0.163,0.111,1
"PSMD12",0.00217247720916818,-0.503524941613298,0.221,0.284,1
"SERTAD2",0.0022481101328163,0.405939025294122,0.317,0.261,1
"GCA",0.00227071144999694,0.30846710506342,0.583,0.548,1
"KLF11",0.00228248366808073,0.374857284446553,0.284,0.224,1
"ARFGEF1",0.00233070724116333,0.625620256143676,0.308,0.244,1
"TAF12",0.00234823894606088,0.665650408644265,0.233,0.178,1
"CEP170",0.00235305478779359,-0.428496309690118,0.284,0.343,1
"PTPN7",0.00238246011492874,-0.702754621132516,0.094,0.142,1
"FURIN",0.00245389301244386,-0.597735771745253,0.251,0.313,1
"CLPB",0.00246552876937357,0.718551441561685,0.185,0.133,1
"MYADM",0.002509249247105,0.420541094112693,0.586,0.559,1
"RAB11FIP4",0.00255871520201686,-0.706556358261177,0.069,0.112,1
"ANXA7",0.00256453167473171,-0.553264144663799,0.421,0.487,1
"PPIL4",0.0025783037077799,-0.654257152309599,0.09,0.138,1
"RNF11",0.00263613578204247,-0.428781635542131,0.304,0.369,1
"TUBA1A",0.00267188987757166,0.312029405844231,0.504,0.46,1
"NFKBIZ",0.00267698397577583,0.473003763438841,0.484,0.429,1
"KLF3",0.00268123535071906,-0.443860277984842,0.501,0.554,1
"SLC20A1",0.00275001398987313,-0.391364248415856,0.261,0.327,1
"CREB5",0.00277677167022413,0.419578050177069,0.357,0.295,1
"CD55",0.00277826995978692,-0.300423318256082,0.575,0.625,1
"LIMS1",0.0028228058869002,-0.303909840738613,0.653,0.688,1
"ZBTB1",0.00290496937855045,0.477863843996549,0.272,0.219,1
"ETS2",0.00291728290693239,-0.367183878703967,0.549,0.572,1
"ZCCHC9",0.00295982381159139,-0.363759524648938,0.102,0.152,1
"DNAJB9",0.00297381265546683,0.909584899047744,0.148,0.103,1
"TASOR2",0.00303226918126748,-0.539227112478045,0.136,0.187,1
"FMN1",0.0030593950816433,-0.433163297454362,0.149,0.206,1
"GSTO1",0.00306467112911882,-0.258628473132615,0.664,0.698,1
"SFR1",0.00308491457959223,0.682431707690498,0.102,0.063,1
"RBM14",0.00319444646173211,0.774032594748674,0.151,0.105,1
"DHX36",0.00322399800029973,-0.568281603358131,0.332,0.391,1
"BCL2",0.00323657520259661,-0.818662058795979,0.073,0.115,1
"CTDSPL",0.003277939741404,-0.473739139664027,0.085,0.13,1
"TNFRSF1A",0.00332904656806534,-0.403224783894826,0.275,0.343,1
"SMURF2",0.00340086623924426,-0.716426605131304,0.089,0.132,1
"RPRD1B",0.00343651057961132,-0.575429778857329,0.101,0.149,1
"ZFHX3",0.00347863622000659,0.455012870382569,0.388,0.327,1
"ACAA2",0.00351844823386711,-0.427885237913703,0.16,0.216,1
"VEZF1",0.00370742152487622,-0.264820399180796,0.25,0.318,1
"MDM2",0.0037791108432396,-0.446167380919918,0.358,0.417,1
"N4BP1",0.00387277789081229,-0.574411597653822,0.18,0.234,1
"EMC6",0.00401827423314724,-0.4142349230637,0.229,0.291,1
"KRCC1",0.00402741586827408,0.481003746399443,0.139,0.094,1
"NIFK",0.00407591843958767,-0.386242165953585,0.224,0.284,1
"IRF2BPL",0.00419754615109367,0.718433955850192,0.146,0.101,1
"IL6R",0.00422100312539827,-0.324041383504507,0.321,0.393,1
"SDF2",0.00424999417667549,-0.653714097802104,0.155,0.209,1
"PARK7",0.00428063270104831,-0.252694206862975,0.647,0.678,1
"ERGIC1",0.00429993457768047,-0.482530751381242,0.377,0.432,1
"ABTB1",0.00430673056739827,-0.464841666592077,0.247,0.307,1
"STAT2",0.00432077498412653,0.519346531376132,0.323,0.265,1
"NAB1",0.00441131716627129,-0.528692868196081,0.079,0.121,1
"CISD2",0.00444243559445189,0.961319211923738,0.2,0.151,1
"MEF2C",0.00444671845232063,-0.415205815729504,0.505,0.551,1
"RGS19",0.00451026308434376,0.265558972230268,0.499,0.448,1
"CALHM6",0.00462137173432034,0.365829177916076,0.422,0.357,1
"DIAPH1",0.00462712337456953,-0.335921291324613,0.552,0.603,1
"LFNG",0.00463328832886322,-0.590667437030493,0.235,0.286,1
"MCMBP",0.00463607792819101,0.519562075133602,0.233,0.179,1
"FAM214B",0.00466209340885886,-0.689185334219526,0.172,0.225,1
"FNDC3A",0.00467788481257491,-0.354306872059773,0.164,0.218,1
"MAPRE1",0.0047302932494166,-0.287184284275514,0.36,0.425,1
"AL133453.1",0.00473270812313935,-0.574299534551078,0.073,0.114,1
"ADNP",0.00489002929776906,-0.455089259764154,0.208,0.265,1
"PDE4B",0.0050029555186078,0.392661544521925,0.312,0.258,1
"GABARAPL1",0.0050657464101842,0.510135043840852,0.38,0.326,1
"ANKRD13D",0.00508144025240764,0.299017792336548,0.37,0.307,1
"PRKAR2B",0.00509756305129238,-0.347713865938311,0.245,0.307,1
"ENDOD1",0.00516153409500624,-0.571100471035958,0.073,0.113,1
"HSPE1",0.00518809333308154,0.30831766337993,0.319,0.262,1
"PIK3CB",0.00533774179558494,-0.467314944138105,0.177,0.233,1
"TRAPPC4",0.00537249514286613,-0.506202567207413,0.091,0.135,1
"ITGAX",0.00539049133458268,-0.499757183213849,0.425,0.457,1
"POMP",0.0054061385065166,-0.333370898063817,0.524,0.574,1
"ITPR1",0.00541364862460821,0.257227378313417,0.259,0.204,1
"SLC44A1",0.00541739899549502,-0.656907326432633,0.225,0.282,1
"CAMK1",0.00549487268665389,0.507931991634555,0.254,0.201,1
"LARP1",0.00554072526867523,-0.376330322607654,0.34,0.391,1
"LACTB",0.00562905004178656,0.303766721928209,0.446,0.387,1
"HDAC2",0.00564303968615767,0.592464876387553,0.251,0.199,1
"AQP9",0.00565622169842827,-0.38705891566315,0.2,0.253,1
"GK5",0.00573397675520317,-0.897210254577775,0.123,0.169,1
"WDR20",0.00573893861758709,-0.443795990207101,0.067,0.105,1
"SREK1IP1",0.00574713247551568,0.40844225388878,0.266,0.216,1
"LCP2",0.00582890873884112,0.395538614292629,0.421,0.362,1
"STK17A",0.00587372242610344,-0.551945850755991,0.147,0.197,1
"RNF125",0.00595833631442324,0.256171922741484,0.187,0.138,1
"CENPC",0.00596699931401199,-0.402599728617662,0.189,0.239,1
"IKBIP",0.00602509653162496,0.416001123602936,0.218,0.167,1
"ZNHIT3",0.00603960623969227,-0.575247711899694,0.196,0.248,1
"SCAF11",0.00604438914012818,-0.325409939451134,0.554,0.602,1
"SDHAF2",0.00604483908986418,-0.606194685432151,0.176,0.229,1
"KPNA1",0.00604614819997753,-0.87310087218074,0.138,0.189,1
"PNKD",0.00604680320314312,-0.609452665626553,0.238,0.292,1
"PIM3",0.00612540496325389,0.43115917107411,0.361,0.311,1
"MTG2",0.00619710389057588,-0.642006206757442,0.067,0.104,1
"SOCS1",0.00623502617591744,-0.582456647124304,0.066,0.102,1
"CEP135",0.00624890103844788,-0.420747422094518,0.091,0.135,1
"AAMP",0.00625203231810674,0.363602678207487,0.181,0.132,1
"NIT2",0.00627377794225702,0.297533210227352,0.112,0.074,1
"DENND3",0.00628284885090528,0.385534405964943,0.331,0.277,1
"TCP11L2",0.00628342136099515,0.442364882871194,0.217,0.165,1
"ARL11",0.00629194069529268,0.348736095811976,0.142,0.099,1
"IDS",0.00635306550272023,0.322421061320902,0.532,0.503,1
"POLR2K",0.00640767813200938,0.34962855140051,0.259,0.206,1
"PTAFR",0.00641641760841101,0.283417201881139,0.403,0.341,1
"GPRIN3",0.00649421170397853,-0.833471832976478,0.082,0.122,1
"KLF6",0.0065469237759402,0.727314318458804,0.653,0.64,1
"THEMIS2",0.0065857528940662,-0.331788478088418,0.542,0.57,1
"GADD45B",0.00658622662535161,0.552786684078773,0.352,0.301,1
"CXXC5",0.00661175307599053,-0.492815897432495,0.206,0.261,1
"NDUFA3",0.00669723540421279,0.250439404258958,0.483,0.422,1
"VTA1",0.00675915487061175,0.524079506130888,0.157,0.114,1
"TMEM50A",0.00676938743015793,-0.366906105091223,0.562,0.589,1
"CMC1",0.00679733291596789,0.397801225865165,0.181,0.135,1
"NLN",0.0068014493819294,0.374128858944938,0.101,0.065,1
"ZNF430",0.00692966828555249,-0.553291038436219,0.159,0.209,1
"ADAM9",0.0070587590310307,-0.474399944047146,0.144,0.192,1
"ATF1",0.00707982079712127,-0.422114076106359,0.087,0.128,1
"CLU",0.00713760549833996,-0.527701561090991,0.155,0.204,1
"TLR5",0.00717075789497771,0.506894597830422,0.188,0.141,1
"EIF4EBP1",0.00717597327915955,0.373393855249274,0.378,0.33,1
"SOCS3",0.00725338681392121,0.374512772192875,0.294,0.243,1
"DHDDS",0.0073838999634114,-0.540235552188808,0.071,0.111,1
"CIITA",0.00739173425305103,0.5629942926971,0.189,0.142,1
"ZNF800",0.00744673842763169,-0.376467663191741,0.23,0.29,1
"RHOB",0.00751116789174133,-0.400291157452062,0.385,0.433,1
"ZDHHC2",0.00759215330488735,-0.510656979499637,0.175,0.225,1
"MBOAT1",0.00769740007016275,0.332973838092305,0.139,0.098,1
"SLC35F5",0.00772261690050698,-0.588244574930478,0.114,0.158,1
"RPS6KA4",0.00773514537389078,0.353462848223119,0.257,0.204,1
"FAM53B",0.00778559868183398,-0.408618728021238,0.152,0.2,1
"CXCL16",0.007794280826121,-0.37409148088876,0.287,0.346,1
"MED15",0.00785996876146679,0.408767554726844,0.229,0.178,1
"ANXA4",0.00792096715037735,0.383313619671203,0.27,0.215,1
"AL031595.3",0.00793193798032439,-0.692027317805127,0.07,0.107,1
"MPP7",0.00794496532214004,-0.481656976764311,0.276,0.327,1
"UBE3A",0.00807852595725427,-0.335957097316117,0.278,0.337,1
"MYO5A",0.00817065739986551,-0.355570488394621,0.22,0.276,1
"MSL1",0.00818590966399977,0.26625504527853,0.321,0.262,1
"SNX27",0.00822481790522884,0.310487903651892,0.462,0.421,1
"DRAM2",0.00847834308747501,0.436341169820767,0.299,0.25,1
"LPCAT1",0.00848033438752253,-0.449853690176517,0.164,0.215,1
"TSPAN31",0.00848061783769339,0.855471389437757,0.111,0.075,1
"SLC24A4",0.00853802264265402,0.323653486111004,0.323,0.271,1
"SLC2A6",0.00858757445675634,0.449802329647168,0.181,0.133,1
"FAM160A2",0.00866849969290056,-0.859402201287607,0.128,0.172,1
"CCL3",0.00868651678089836,1.04774601412513,0.173,0.131,1
"SART3",0.00869320756874514,-0.713077579944939,0.082,0.121,1
"IRF8",0.00870001560833695,0.340602514777664,0.337,0.283,1
"ROCK1",0.00874969369452991,-0.251749644280323,0.627,0.634,1
"NCF1",0.00875910059835054,0.271751320921727,0.614,0.566,1
"OTUD1",0.00892520210038955,0.417884444374073,0.249,0.195,1
"ADCY7",0.0089934366239196,0.328415312503247,0.249,0.199,1
"CCDC66",0.00908370324631917,-0.694929622179779,0.102,0.144,1
"MED1",0.00922546275411384,-0.534968297714578,0.172,0.22,1
"COMMD3",0.00922881097661294,0.378613642937284,0.239,0.192,1
"GOLGA7",0.00943677284686237,0.301256382300779,0.366,0.313,1
"AL121933.2",0.00948739780306348,0.668685937029655,0.122,0.083,1
"IRAK3",0.00980710902620032,-0.263527474771693,0.626,0.647,1
"RLF",0.00983262077820813,-0.339199872858513,0.136,0.181,1
"HSD17B12",0.00992158480327916,-0.524956250965302,0.172,0.224,1
"DENND6A",0.0100060478706454,-0.490827767184791,0.21,0.261,1
"STARD3",0.0100247635548366,0.346861772896117,0.159,0.117,1
"HIKESHI",0.0101234933007651,0.311589856851134,0.201,0.152,1
"PDK3",0.0101519375561508,-0.742349029075827,0.151,0.197,1
"MGAT2",0.0101534684875809,-0.45696893190055,0.087,0.127,1
"PF4V1",0.0101774232627914,-0.47696491475762,0.111,0.153,1
"UPF1",0.010233156537098,-0.554616375613803,0.115,0.158,1
"BACH1",0.0102675338116158,-0.378610266057598,0.456,0.502,1
"THBD",0.0103279164625325,-0.60377808491514,0.09,0.128,1
"NENF",0.0103641011913776,-0.848884138296458,0.239,0.291,1
"MAPK8",0.0105109323801689,-0.485298007839297,0.079,0.117,1
"VMP1",0.0106569533618772,0.277749065755708,0.64,0.6,1
"MLLT10",0.0107816620906144,0.71832504798679,0.185,0.141,1
"MAP2K3",0.0108231043952673,0.348609348627012,0.556,0.497,1
"HIST1H1E",0.0108460751649205,0.51559646612815,0.255,0.205,1
"ZMYM6",0.0108595139773249,-0.478285360492931,0.179,0.229,1
"AC087190.1",0.0109402476958178,0.65922563835185,0.124,0.089,1
"TPM4",0.0109813687795662,-0.305610846027699,0.665,0.697,1
"PRXL2C",0.0111933014031165,-0.685500144433684,0.167,0.213,1
"UNC50",0.0113017296987088,0.452064252353547,0.144,0.104,1
"GTPBP4",0.0113348354550655,-0.351727918171466,0.177,0.223,1
"HAVCR2",0.0114437103845683,-0.53005689964645,0.201,0.249,1
"C5AR1",0.0114450011002374,-0.325821349175097,0.594,0.613,1
"EBPL",0.0114456488192858,-0.570121302478912,0.126,0.167,1
"SBDS",0.0115282265806908,0.417108992867905,0.29,0.241,1
"ZNF217",0.0115289093749397,-0.320014164104997,0.212,0.267,1
"ZDHHC1",0.0116129025059504,0.834046490733583,0.131,0.094,1
"DDHD1",0.0116354852092755,0.570520618805375,0.222,0.176,1
"ELP4",0.0116671848485771,1.01521399740272,0.114,0.079,1
"CLEC7A",0.0116941993483284,-0.29114185443628,0.677,0.674,1
"SLC17A5",0.0117627337485195,-0.452563205876724,0.069,0.104,1
"CSDE1",0.0118197455071234,-0.25377621407475,0.702,0.705,1
"SUSD1",0.0118805138182904,-0.720431467984968,0.106,0.147,1
"RIOK2",0.0118911286874479,-0.595297356264025,0.071,0.106,1
"ERLIN1",0.0119369413198712,-0.485939606205494,0.077,0.114,1
"TRAPPC6B",0.0119510354013209,-0.87411367335203,0.071,0.106,1
"RTN1",0.0119763045268815,0.718524973007732,0.172,0.13,1
"GAB2",0.0119773885700135,-0.372507265006455,0.2,0.25,1
"ZNF121",0.0123090861760284,-0.651606534297921,0.087,0.124,1
"MRPS18C",0.0125082757739576,-0.338321742740767,0.225,0.277,1
"PPWD1",0.0125273350170578,-0.4325550950717,0.098,0.138,1
"DNTTIP2",0.012557175464857,0.381781839047446,0.339,0.294,1
"PGPEP1",0.0126300491764333,-0.643889848054503,0.151,0.196,1
"NIBAN2",0.0126649339459172,-0.678019597306547,0.095,0.132,1
"SH3BP2",0.0127874196068398,-0.316748426518869,0.406,0.464,1
"MYC",0.0128647571426306,-0.828302262555965,0.107,0.144,1
"SON",0.012925982170409,-0.260003834047566,0.671,0.685,1
"AREL1",0.0130017382520795,-0.416058702848373,0.069,0.104,1
"MIR29B2CHG",0.0130173127979006,0.548492616951977,0.122,0.086,1
"GOLGA3",0.0130303603750152,-0.543677474157912,0.151,0.196,1
"SSBP2",0.0130530656746841,-0.667384433498793,0.124,0.169,1
"GIT2",0.0132030508596723,0.427733142870066,0.337,0.29,1
"COMT",0.0133377726312085,0.268071710776563,0.493,0.444,1
"SLFN11",0.0134226709222532,-0.432852451527638,0.139,0.184,1
"ZFC3H1",0.0134998210694994,0.273562918962848,0.298,0.24,1
"LRRK1",0.0135640479840802,0.589460807703356,0.151,0.112,1
"TRPM7",0.0136019623261194,0.440365892636264,0.202,0.158,1
"CCDC186",0.0137473554790979,-0.542592577394134,0.189,0.235,1
"MPP1",0.0138145118522617,-0.357848786165201,0.47,0.522,1
"MLH3",0.0138981380450925,-0.321856372270755,0.136,0.18,1
"NFKBID",0.0140925336706295,-0.392673779697745,0.198,0.246,1
"PPTC7",0.0141368021941217,0.411672486433273,0.274,0.227,1
"SHISA5",0.0141529920792657,0.282519010877768,0.343,0.289,1
"MFN2",0.0141724833324621,-0.518162001957003,0.165,0.211,1
"MPHOSPH6",0.014256747743204,-0.462414866679766,0.189,0.238,1
"TMEM168",0.0143466212251318,-0.811048608026712,0.074,0.109,1
"LRBA",0.0144847147522342,-0.380154166382872,0.095,0.133,1
"ICAM1",0.0145051102084375,0.619865983644345,0.217,0.176,1
"CARD19",0.0145097718161871,-0.274910705842452,0.356,0.416,1
"ILK",0.0146207672892913,-0.713636251950129,0.32,0.367,1
"KCNK6",0.0146944199948015,0.296232019675705,0.22,0.175,1
"EDEM3",0.0147048411434534,0.316031906714753,0.255,0.213,1
"VPS18",0.0147590603633349,0.602269743077756,0.112,0.078,1
"NOP58",0.0148109724670915,-0.403714845773155,0.147,0.193,1
"UQCRH",0.0148394544718948,-0.359780432842427,0.762,0.784,1
"NRBF2",0.0151813446849702,-0.444699631910322,0.19,0.237,1
"UBAP2",0.0152627636356343,0.741555477201111,0.122,0.087,1
"WIPI1",0.0153140389247564,-0.420969454883546,0.13,0.172,1
"HLX",0.0155268522330466,-0.274068692488121,0.107,0.148,1
"TRIM56",0.0155962050282042,-0.403914279637526,0.241,0.29,1
"MID1IP1",0.0156520892683434,0.440774639804063,0.247,0.2,1
"EAPP",0.0157943946051726,-0.306042169775429,0.348,0.399,1
"NCK2",0.0158642402121454,-0.545995965061137,0.172,0.217,1
"MTPN",0.01599404356094,-0.285896902720133,0.782,0.818,1
"PAFAH1B1",0.0161409655346509,-0.258190846118684,0.376,0.426,1
"NUDT5",0.0161655983110699,0.334814720412134,0.187,0.143,1
"ALG5",0.0162827072000101,-0.52220684768227,0.119,0.158,1
"PPBP",0.0163327248453851,-0.391442787691814,0.425,0.481,1
"EGLN2",0.0164106820210447,-0.48545970085458,0.148,0.193,1
"MYOF",0.01644285617851,0.724865190868287,0.132,0.097,1
"PIP4P1",0.0165952617236682,-0.722446785883063,0.089,0.124,1
"MTFR1L",0.0167921040894994,-0.583781681853389,0.11,0.149,1
"HAUS4",0.0167970392781154,-0.416238317265374,0.163,0.206,1
"EEA1",0.0169770876083834,0.299443797904782,0.241,0.196,1
"FCAR",0.0169781374576525,0.582189148044544,0.265,0.224,1
"TRIM22",0.0171386449231431,0.340539693652415,0.377,0.332,1
"MS4A7",0.0172168339360984,0.278051533065833,0.533,0.488,1
"BCL11A",0.0173931335371248,0.406783864889361,0.159,0.12,1
"RBBP5",0.017431465611293,-0.797584974481042,0.069,0.101,1
"RHOT1",0.0178333286671391,0.39363077189375,0.267,0.223,1
"TLR4",0.01794835409634,-0.276182287573299,0.475,0.518,1
"MAPKAPK2",0.017975075790759,-0.497301396798128,0.255,0.299,1
"PATL1",0.0180333121805556,-0.54000234165768,0.136,0.178,1
"FLYWCH2",0.0180939751397155,0.395331350412001,0.107,0.074,1
"IKBKB",0.0181388298806168,-0.484350712761752,0.156,0.201,1
"TASOR",0.0181456828376673,0.421681942790331,0.312,0.262,1
"PTMS",0.0181554435203945,-0.419079137091029,0.087,0.122,1
"TIMM10B",0.0183680883042615,-0.586860923034577,0.081,0.115,1
"EXOSC8",0.018442106108626,0.457527653773573,0.124,0.09,1
"CACUL1",0.0185437487749085,0.486901862633039,0.32,0.272,1
"TLK2",0.0187523947325223,-0.515656174244024,0.163,0.206,1
"AP3D1",0.0189304672237223,0.381287064608309,0.226,0.181,1
"PTCD3",0.019088160434059,-0.313941967911238,0.128,0.173,1
"LRMDA",0.0193875297712256,0.644071655127969,0.155,0.118,1
"KHDC4",0.0194356984588,0.594646394855831,0.146,0.111,1
"UBE2L3",0.0194554622552123,-0.320462911306304,0.448,0.485,1
"PPP4R3A",0.019557930650911,0.297507070850658,0.38,0.33,1
"SVBP",0.0195830737490529,-0.552570962457958,0.247,0.297,1
"RSPRY1",0.0200702291780949,-0.489784045035225,0.114,0.151,1
"PCNT",0.0201253128269933,0.454477160057854,0.115,0.082,1
"GCH1",0.0203489397474872,0.613644738973699,0.171,0.132,1
"BEST1",0.0204053619013046,0.463040757412645,0.172,0.133,1
"PLPBP",0.0204778312820651,0.367368814196774,0.224,0.177,1
"MRPL52",0.0204812750963557,0.29666218349859,0.397,0.349,1
"PLEKHA2",0.0205582898641161,0.264066076668412,0.302,0.25,1
"ETFRF1",0.0206864840075571,0.527637443851869,0.127,0.093,1
"RSBN1",0.0209110692052502,-0.511912069527248,0.184,0.227,1
"CDH23",0.0210917235429537,-0.555024487743431,0.078,0.111,1
"RBSN",0.0212579360146699,-0.60803414691044,0.074,0.106,1
"PDE4A",0.0212817993871668,-0.324551693351926,0.153,0.197,1
"TANK",0.0214289848420562,-0.374906163621597,0.362,0.4,1
"CD84",0.0215823439905859,-0.375292549809375,0.171,0.216,1
"ABHD3",0.0216303076538103,0.45118727109932,0.146,0.109,1
"MEGF9",0.0216501574430335,0.313836128831074,0.601,0.564,1
"ZNF516",0.0217606007551045,0.389759754809574,0.184,0.146,1
"PAG1",0.0219265753821987,-0.675862107134116,0.303,0.344,1
"MRPL21",0.0219600117386457,-0.349981963730352,0.274,0.324,1
"BTK",0.0219710978272439,0.377140444542863,0.327,0.276,1
"UBR4",0.0220148709782979,-0.371597334802849,0.18,0.223,1
"ABHD2",0.0220298410671466,-0.482780263638481,0.315,0.358,1
"PBDC1",0.0223172064776084,-0.579876889095526,0.132,0.172,1
"TCHP",0.022350207144771,0.436198657538035,0.108,0.076,1
"AC020656.1",0.0223912443744392,0.344873889954758,0.735,0.706,1
"IFI16",0.0226006851097538,0.291590662083022,0.493,0.453,1
"PTPRA",0.0226480585743568,-0.376321533601107,0.304,0.353,1
"LARP4",0.0229090470469492,0.50976553821773,0.104,0.074,1
"LSG1",0.0229501955060997,-0.324541742191004,0.089,0.123,1
"ACSL1",0.0229511312809091,-0.262382572007687,0.446,0.488,1
"AC018755.4",0.0230857723616204,-0.694822778824861,0.098,0.132,1
"UBAP1",0.0233573897860762,-0.503663009648192,0.123,0.163,1
"HSPA13",0.0234904071517419,-0.444466340625766,0.081,0.114,1
"ING1",0.0235835906535572,0.446953234508975,0.176,0.138,1
"ARL8B",0.023810784945358,-0.387918145238708,0.332,0.38,1
"AIDA",0.0238436969483108,0.324989480830746,0.225,0.185,1
"SESTD1",0.023884471460836,-0.408275260557961,0.204,0.247,1
"PRKAG2",0.0239193769891848,-0.284777697111012,0.46,0.498,1
"NEK7",0.023944298781167,0.42226748923594,0.229,0.188,1
"PRRC1",0.0240910222365248,0.523782564056123,0.14,0.105,1
"XPC",0.0241013146338995,0.323837774820978,0.197,0.157,1
"PELI1",0.02434721903266,0.323640514668205,0.48,0.437,1
"TREML1",0.0243495328607979,-0.490603605477593,0.128,0.166,1
"POU2F1",0.0243539793863757,-0.379039017445737,0.142,0.184,1
"ZNF124",0.0244001344774981,-0.620392614215507,0.083,0.118,1
"PARP8",0.0244231890878847,0.442816183942794,0.282,0.241,1
"CTSA",0.0247199098649494,-0.380263504751107,0.509,0.548,1
"DDAH2",0.0248774451388234,-0.465918439065913,0.132,0.169,1
"ADIPOR1",0.0249820756795434,-0.34384257254863,0.43,0.472,1
"CTNND1",0.0251069333272208,-0.558168599230615,0.131,0.172,1
"CYSLTR1",0.0251262236070584,0.379854548375065,0.177,0.139,1
"UBXN11",0.0251997070029176,0.271367119302976,0.288,0.242,1
"DUSP2",0.0252280950756441,0.676872820673806,0.206,0.167,1
"ZCCHC2",0.0252455041007314,-0.515828614019523,0.171,0.211,1
"ACVR1B",0.0253378738136418,-0.36331607671926,0.126,0.165,1
"TNF",0.0254427807360572,-0.863348622314596,0.071,0.101,1
"DMXL2",0.0254878806832973,0.25608108199367,0.519,0.471,1
"NUP58",0.0255234282888448,0.35105138876704,0.278,0.235,1
"SMIM3",0.0257124040102506,-0.603889215093476,0.189,0.228,1
"CD300LF",0.0261732831667932,0.400367817069707,0.267,0.223,1
"METTL14",0.0262580479631555,-0.438180828280219,0.089,0.123,1
"WDR46",0.0262760973256194,0.457359844046143,0.159,0.123,1
"MSR1",0.026315986468649,-0.406167065114396,0.106,0.143,1
"SNIP1",0.026637563655125,-0.393685334382369,0.09,0.123,1
"UBE2Q2",0.0268155552384544,-0.33299856046867,0.168,0.21,1
"COX19",0.0268828841190509,0.442028683594685,0.303,0.255,1
"CDC14A",0.0269039877655221,0.490305055595238,0.118,0.087,1
"TNFSF8",0.027043812295374,-0.538784016515311,0.071,0.102,1
"ESYT2",0.0272616221243769,-0.549631712346201,0.197,0.239,1
"TSG101",0.0274729637310005,-0.365427219273588,0.228,0.269,1
"MED30",0.0276812269994489,-0.329655054630481,0.169,0.211,1
"AP001189.1",0.0278852051043083,-0.583587855383946,0.086,0.118,1
"PGGT1B",0.0279817900923628,-0.465516402682176,0.214,0.259,1
"ACBD3",0.0280174503684309,-0.370907710256484,0.272,0.318,1
"RALGDS",0.0280849487845676,0.752762702715799,0.11,0.08,1
"HSPH1",0.0282151016603695,0.382215469515567,0.114,0.081,1
"IGF2R",0.0282156977015451,-0.397332656874487,0.381,0.429,1
"WHAMM",0.0282271418475068,0.416619539945185,0.18,0.143,1
"IP6K1",0.0283727277871519,-0.370018906253794,0.144,0.184,1
"SMAD7",0.0287294178410988,0.656465878614652,0.131,0.098,1
"TUT4",0.0287764324412536,-0.270637908470884,0.16,0.201,1
"RBM7",0.0288058281526315,0.53610871582118,0.241,0.203,1
"SEC31A",0.0292179934290035,0.289170478966787,0.415,0.377,1
"TAP2",0.029231838526864,0.522569631777952,0.14,0.106,1
"GRPEL1",0.0294934458642038,0.396580986212481,0.246,0.202,1
"OLIG1",0.0298130023907734,0.609545042803464,0.119,0.089,1
"NUDCD2",0.0299597678614973,0.517374460867529,0.179,0.141,1
"MTMR12",0.0299737885973634,-0.891199310975854,0.11,0.142,1
"OXR1",0.0300540099072482,0.345670534848271,0.241,0.2,1
"ESD",0.0300887823647033,-0.264884958830441,0.319,0.364,1
"SKI",0.0301388322619536,-0.553829943327927,0.165,0.204,1
"AKIRIN1",0.0301820105518822,-0.355170453195672,0.286,0.333,1
"CTTN",0.0305603144190243,-0.466253698272857,0.077,0.107,1
"ZNF672",0.0307114083271013,-0.43335856982563,0.079,0.112,1
"GNB4",0.0308004247310107,0.383031007491732,0.351,0.309,1
"POLDIP2",0.0308754911404294,0.768929360059285,0.157,0.125,1
"ZC3H7A",0.0308841638086013,-0.387824198827784,0.292,0.336,1
"CNOT6L",0.0309376519058138,-0.681168436093474,0.262,0.3,1
"CLEC1B",0.0311294319578152,-0.601650610859965,0.082,0.113,1
"IDH1",0.0311847785128348,0.427690071457615,0.163,0.127,1
"ITGA5",0.0312288406731634,0.469128671375149,0.202,0.166,1
"TADA2B",0.0312816049460465,-0.451254462058662,0.108,0.145,1
"DSE",0.0313204024173104,-0.432889883571314,0.306,0.343,1
"DCAF15",0.031390347986683,-0.730055925035933,0.079,0.111,1
"RAB4B",0.0313953586616476,0.353078525313759,0.172,0.135,1
"C11orf21",0.0314234899989979,-0.488715612285688,0.139,0.176,1
"MAP3K12",0.0317727233618614,-0.329067318528122,0.115,0.148,1
"LINC01001",0.0317930659270899,0.429329479449818,0.115,0.084,1
"INTS10",0.0320104321040265,-0.280881472582825,0.228,0.274,1
"AC012181.1",0.0320217437780902,-0.512219191390545,0.078,0.109,1
"PHF20",0.0320735812062378,-0.35768197660023,0.357,0.395,1
"VNN1",0.0324332150818604,0.454434616282384,0.131,0.1,1
"CEBPA",0.0325228664337056,0.344354167707898,0.204,0.168,1
"CPD",0.0325329026833308,-0.272738857750379,0.373,0.414,1
"CRYL1",0.0327124117223679,-0.857110457525851,0.142,0.177,1
"COMMD8",0.0329243991647952,0.37889365909147,0.283,0.24,1
"CCL3L1",0.0329871183703519,0.571998195720417,0.171,0.136,1
"STAU1",0.0333353085506678,-0.505728009412637,0.302,0.351,1
"FBXO28",0.0333376660097403,-0.656228672729371,0.095,0.127,1
"GSE1",0.0334894061484318,0.332018400573533,0.196,0.16,1
"EEF1E1",0.0335019688697693,-0.469790660896914,0.124,0.161,1
"SUMO3",0.0340510314301656,-0.307548510607844,0.396,0.438,1
"MYLIP",0.034193323335535,0.37671725185542,0.225,0.188,1
"RSU1",0.0343394427022797,-0.385640521296937,0.292,0.343,1
"CCDC59",0.0343930827986064,0.354562939678885,0.376,0.339,1
"CDK9",0.0345201812229215,-0.580765747463583,0.161,0.2,1
"GALNT1",0.0347303650569351,-0.264632152640597,0.306,0.357,1
"ECE1",0.0347936647074758,-0.342887347922955,0.187,0.229,1
"YWHAE",0.0348007901228175,0.30485360862078,0.565,0.536,1
"SLC16A6",0.0349324026192958,-0.49636443018628,0.229,0.269,1
"GAPT",0.0351219977292459,-0.470111702117243,0.187,0.227,1
"MAP3K4",0.0352271153924715,0.455453687274338,0.126,0.094,1
"PARP14",0.0352449272788351,-0.260108834831946,0.295,0.343,1
"CNIH1",0.0352562159759185,0.344195277175425,0.362,0.318,1
"ICAM3",0.0356441993298696,-0.288668379682048,0.478,0.522,1
"SNRPA",0.0358211142565263,0.29934687318062,0.218,0.18,1
"P2RX4",0.0359037066346946,-0.415090678145586,0.172,0.211,1
"POLR2C",0.0359463467144472,-0.53998960972221,0.131,0.165,1
"ENTR1",0.0359807173601976,0.28174046452639,0.114,0.083,1
"SLC25A13",0.0360042499762071,-0.409977228574422,0.112,0.149,1
"NDUFAF8",0.0363080639746104,-0.306782838678582,0.246,0.292,1
"SLF2",0.0365049815492038,0.346760735971988,0.147,0.113,1
"AGO3",0.0366276846584337,0.341203765283606,0.271,0.228,1
"MSI2",0.0367506490772688,-0.358567295956924,0.135,0.169,1
"FRAT1",0.0368574045266341,0.348279393845639,0.206,0.169,1
"QRICH1",0.0370527433084857,-0.482897499120073,0.12,0.156,1
"FBP1",0.0374999338742292,-0.2945110682507,0.266,0.304,1
"MPDU1",0.0375468777879989,0.459814790551824,0.14,0.107,1
"NEDD9",0.0376516129869156,-0.400157270664559,0.237,0.278,1
"JUN",0.037798220434697,0.666190803225638,0.288,0.253,1
"ITGA2B",0.0379283966205624,-0.517322860524591,0.112,0.145,1
"YY1AP1",0.0384201157287702,-0.317246187759437,0.161,0.202,1
"ARL6IP6",0.0384447092798382,0.428175449177813,0.126,0.094,1
"BCL3",0.0385526616015998,0.37381496212228,0.224,0.182,1
"MRPS6",0.038653829087896,0.429693897338729,0.204,0.171,1
"PFDN1",0.0390075882686945,-0.448082167141748,0.237,0.279,1
"IL1RN",0.0392328840521851,0.418642151728311,0.161,0.126,1
"ECHDC3",0.0393566176362344,-0.496939219064023,0.074,0.103,1
"ZEB2-AS1",0.0393621052324029,0.596554329552567,0.127,0.097,1
"CASP3",0.0397407829963466,-0.406730757122962,0.103,0.137,1
"MED14",0.0400608331655033,-0.499398455910668,0.085,0.115,1
"RASSF3",0.0402177174142598,0.355769562232282,0.406,0.368,1
"ADAMTS2",0.0404565548672701,-0.626734909254017,0.128,0.162,1
"CREBL2",0.0404567081600023,0.447628186677922,0.164,0.13,1
"AMPD2",0.0404785376910262,0.384704089470142,0.258,0.214,1
"SERTAD1",0.0407627957955403,0.620119073746114,0.142,0.111,1
"RBM17",0.0412096217992619,0.279896167941498,0.437,0.391,1
"CBLB",0.0413519739358992,-0.760776455052793,0.078,0.106,1
"GNA13",0.0414018786032374,-0.264268384529898,0.389,0.416,1
"AIFM1",0.041809354953299,0.303318830243038,0.102,0.074,1
"NFKBIA",0.0419533166383516,0.608741091729842,0.687,0.677,1
"MITF",0.0420039380251404,-0.730024307704308,0.078,0.106,1
"SLC36A4",0.042075374824917,-0.405123711846298,0.308,0.352,1
"PARP4",0.0421015829496732,0.335614099107083,0.28,0.243,1
"REEP3",0.0422450430985551,-0.313897704487129,0.208,0.249,1
"RGCC",0.0424605210228203,0.818802068124139,0.22,0.186,1
"YWHAZ",0.0425215409340315,-0.2527768069206,0.816,0.835,1
"RRM2B",0.0425966833389536,0.355554330753098,0.152,0.119,1
"PSENEN",0.042842828640447,0.322308258013246,0.204,0.166,1
"CD81",0.0429849070530939,-0.281355246159634,0.258,0.307,1
"ARSD",0.0429968353725072,-0.496425042581961,0.209,0.25,1
"RNF2",0.0432326820021369,-0.568098729642649,0.082,0.112,1
"MEAF6",0.043242450412408,0.349765562114135,0.345,0.304,1
"XBP1",0.0433049907935914,0.269480449652178,0.378,0.34,1
"VPS26C",0.0436299962772559,-0.846211331553674,0.116,0.148,1
"C20orf194",0.0438776174786395,-0.360336675363374,0.116,0.15,1
"CSNK1G1",0.0448640159459487,0.414964398929765,0.14,0.108,1
"DCAF6",0.0448898551315563,-0.518435413910118,0.112,0.146,1
"IRF3",0.0449308439103949,0.351090089215031,0.201,0.164,1
"PSMB6",0.0452268527660898,-0.30302407553724,0.415,0.446,1
"MARCH5",0.0456569375135394,-0.5754719166641,0.126,0.156,1
"GCC2",0.0456707392072511,-0.352690738271541,0.279,0.321,1
"HGF",0.0459549762148199,0.633689544970273,0.108,0.081,1
"MTRNR2L8",0.0462918888071917,0.264063149975379,0.485,0.449,1
"SNRNP35",0.0464127876311026,-0.718047106486439,0.104,0.138,1
"RELL1",0.0467982454650883,0.253469902620205,0.317,0.276,1
"PPIL3",0.0470168994491753,0.339813582135135,0.108,0.079,1
"POLR2D",0.0471200840250856,-0.418519855352851,0.074,0.101,1
"DNTTIP1",0.0471919763956367,-0.675968139371355,0.165,0.199,1
"KIAA0513",0.0472665966612529,-0.443790697161175,0.187,0.226,1
"TBC1D20",0.0473071181340536,-0.318581386359881,0.11,0.142,1
"RUNX1",0.0473184410737796,0.254311318894311,0.339,0.295,1
"ITGB1",0.0473277935910165,-0.2847222979608,0.566,0.605,1
"TUBB",0.0476520719428495,-0.274898933951148,0.405,0.45,1
"STX5",0.0481271901299482,0.40096354328749,0.169,0.137,1
"TNNI2",0.0486560771886443,-0.515001793089403,0.091,0.12,1
"LINC00623",0.0489013051641496,-0.451422102056546,0.147,0.18,1
"PPM1B",0.0489432814419624,-0.516812269400595,0.276,0.311,1
"OCEL1",0.0491051094057443,0.487857840517785,0.153,0.122,1
"CDK11B",0.0493853907956156,0.415768246518213,0.146,0.113,1
"DDX56",0.0495081547595078,-0.33345246972397,0.081,0.109,1
"HMG20B",0.0495842646981354,-0.546574645215363,0.208,0.247,1
"AL592183.1",0.0497751044796798,-0.624883829233656,0.099,0.127,1
"SAR1A",0.0499921929426622,-0.285229683647698,0.201,0.241,1
"SRPK1",0.0500341429907972,-0.648446666927363,0.085,0.114,1
"ABCA1",0.0501163362535942,-0.524023022134929,0.12,0.151,1
"KLF9",0.0502033868151918,-0.298107868317331,0.401,0.445,1
"ERCC6L2",0.0502908694431344,0.325265907046908,0.126,0.097,1
"ZBED1",0.0504380080412427,-0.266949286954427,0.143,0.178,1
"CCNT1",0.05045063859488,-0.751630427822557,0.138,0.169,1
"TPGS2",0.0505291483524983,0.494746360539557,0.161,0.128,1
"RYBP",0.0505587563949461,-0.30785139519015,0.307,0.346,1
"SLC12A7",0.0505737170189543,0.457082509243103,0.147,0.115,1
"CHST15",0.0506327234382609,-0.37380481682021,0.257,0.291,1
"TMEM71",0.050685318405812,0.390530272390769,0.23,0.193,1
"PPP2R2A",0.0508100003275618,-0.400592886624596,0.2,0.237,1
"MED11",0.0508267052902886,-0.408492768435361,0.112,0.145,1
"PIGP",0.050837974477305,0.396440826910426,0.131,0.102,1
"MTURN",0.0514590032440457,-0.42733713605726,0.179,0.214,1
"CDK6",0.0517782496686144,-0.614499267796344,0.106,0.137,1
"NIBAN1",0.0517895589910258,-0.68909732330696,0.176,0.209,1
"ZMYM4",0.0520483328143896,0.451678825467008,0.155,0.124,1
"SAMD9L",0.0522456024080087,0.430908796866831,0.156,0.124,1
"GPAT4",0.0530081254984775,-0.295186541080661,0.131,0.166,1
"SOCS4",0.0530919262048876,-0.772396879268988,0.107,0.14,1
"BIRC3",0.0531018067016996,0.293458648645793,0.231,0.193,1
"RIN2",0.0533404672383739,-0.349264107554201,0.198,0.237,1
"HIF1A",0.0535157485655714,-0.315319270459999,0.548,0.574,1
"CERT1",0.0536710836261058,-0.316783253668217,0.406,0.447,1
"GSS",0.0540957002381191,-0.827287967606361,0.091,0.12,1
"PPID",0.054316542133865,0.446904445127992,0.124,0.096,1
"SLC25A46",0.0544498889489143,0.297467067033909,0.164,0.131,1
"SNHG30",0.0544568528214593,-0.405652996878108,0.103,0.133,1
"STIP1",0.054514484480478,0.433710489032378,0.155,0.124,1
"PSMD9",0.0546729271652201,-0.363066792390041,0.321,0.36,1
"LRRK2",0.0546880819663449,0.280428836828374,0.612,0.59,1
"TCEAL4",0.0549194827504255,-0.597256555939293,0.128,0.161,1
"DUSP6",0.0549784643597734,-0.418470671022392,0.444,0.455,1
"ZRSR2",0.0551781807273588,0.370260272587462,0.185,0.152,1
"STRN3",0.0552075605324984,-0.260846003839989,0.119,0.15,1
"SAV1",0.0555393707797625,-0.286606106050311,0.089,0.118,1
"DENND5A",0.0556519363134041,0.318903659326935,0.294,0.258,1
"TMEM140",0.0557187064209598,-0.537795990762443,0.075,0.102,1
"ZNF331",0.0558822427207254,0.414925274906657,0.123,0.096,1
"CHIC2",0.0559085266051055,-0.414547670071268,0.181,0.214,1
"SGTB",0.0566304700093769,0.551025472360657,0.184,0.152,1
"AP1G1",0.0566340414688944,-0.284176175352125,0.184,0.22,1
"PRPSAP1",0.0566870074993219,0.545989047293292,0.112,0.086,1
"WASHC5",0.0566999618876158,0.422554785310358,0.138,0.106,1
"TWISTNB",0.0567521570010527,-0.278641429853764,0.128,0.161,1
"UTP23",0.0568532320481748,-0.481169826594586,0.128,0.16,1
"WAC-AS1",0.0569960499412016,-0.29696083800132,0.217,0.257,1
"BAP1",0.057109470574886,0.538069434092041,0.115,0.088,1
"STK38",0.0572498574088977,0.280702591624542,0.253,0.218,1
"BUB3",0.0572740169409319,0.275574910752539,0.27,0.231,1
"PLSCR1",0.0573369590308649,-0.329162174617479,0.438,0.458,1
"TGIF1",0.0574234018391168,0.335453997314371,0.187,0.151,1
"DCTN6",0.0575615563050582,-0.545969408362107,0.159,0.19,1
"GOLIM4",0.057796560857663,-0.391217186995004,0.13,0.162,1
"LONP2",0.0581201384118178,-0.38810187833366,0.254,0.295,1
"UHRF1BP1L",0.0581238244887341,-0.393324659343276,0.238,0.274,1
"ZEB2",0.058250964974438,-0.296280038466872,0.729,0.709,1
"NCF4",0.0584020694238015,0.396823114076444,0.368,0.325,1
"TRPV2",0.0584046269251706,0.318579887174554,0.122,0.094,1
"KDM3B",0.0584152994394174,-0.290106458723156,0.196,0.235,1
"PDLIM7",0.0585160354299196,-0.271831879382936,0.13,0.164,1
"MARCH2",0.0585990147403384,-0.316375000329129,0.327,0.37,1
"PMPCB",0.0587201184351052,-0.360868623545193,0.247,0.287,1
"STXBP5",0.0587872733978361,-0.724335460021158,0.093,0.122,1
"RRP36",0.0588155465680846,-0.409948477573943,0.143,0.176,1
"RNF6",0.0590613302417487,-0.398470497850453,0.156,0.191,1
"CDK17",0.0591223903486898,-0.586200843717335,0.079,0.106,1
"ZNF593",0.059445259011452,-0.436536119963486,0.138,0.168,1
"SNHG15",0.0596786159435576,0.322141245140292,0.189,0.156,1
"FLI1",0.0599136068612929,0.307372888893184,0.39,0.35,1
"TP53",0.0603505388834363,0.417663722678654,0.143,0.113,1
"KDELR1",0.0604404215368365,-0.272652480346843,0.447,0.481,1
"KDM5A",0.0606456515254053,-0.289807984054587,0.347,0.38,1
"SEC14L1",0.0606483225542218,-0.36295238875922,0.43,0.475,1
"STX6",0.0606768461178427,-0.3251763163686,0.176,0.211,1
"TBC1D2B",0.0607430694355974,0.356809259483897,0.135,0.105,1
"MED17",0.0607677981498807,0.289468304759609,0.163,0.133,1
"ETFA",0.0608478040750468,-0.602568761795075,0.32,0.358,1
"PDIA4",0.0611654670222921,0.294951016943679,0.226,0.192,1
"SIAH1",0.0611936103106643,-0.744537022097257,0.083,0.111,1
"SRGAP2C",0.0612214512134677,-0.254849136712626,0.183,0.219,1
"MRPS7",0.0613881132123937,-0.344550062442365,0.206,0.245,1
"DYNLT3",0.0615983473793029,-0.435928009418487,0.104,0.132,1
"BRAF",0.0616021092411736,-0.337223980833492,0.214,0.25,1
"FAF2",0.0617933405850335,-0.252795643930735,0.134,0.169,1
"CTNNBIP1",0.0619099599259811,-0.5026504996956,0.173,0.204,1
"METTL16",0.0620263070081535,-0.480085571663108,0.085,0.112,1
"MROH1",0.0620301011585659,0.34609474087113,0.122,0.093,1
"SND1-IT1",0.0621164074607234,0.319523074816483,0.107,0.08,1
"FLT3",0.0622743549967944,-0.289806265689895,0.156,0.193,1
"AP3M1",0.0622958244695887,-0.36480179116139,0.103,0.132,1
"TAZ",0.0625218736752935,0.330548433018642,0.168,0.136,1
"AFF4",0.0632502576010996,-0.302684176065401,0.332,0.37,1
"PTGER4",0.0634468291221596,0.262633839718496,0.213,0.181,1
"G0S2",0.0636904382004651,0.978790935196891,0.279,0.252,1
"DHRS4L2",0.0637839824541653,-0.365290861030912,0.249,0.283,1
"SF3B4",0.0638384459837319,0.335475522168257,0.253,0.217,1
"ZNF655",0.0640128799319268,-0.431095037332062,0.311,0.349,1
"SP2",0.0641877891333837,-0.422709371507322,0.107,0.137,1
"UQCC2",0.0645579876688134,-0.255960373658922,0.135,0.165,1
"NFYC",0.0645614615017695,-0.332878435272266,0.189,0.226,1
"CAPN7",0.064612507926959,-0.308674603038252,0.147,0.18,1
"TRAK2",0.064655139896907,-0.296606674220825,0.123,0.154,1
"PRKDC",0.0647587639575149,-0.250057720631512,0.348,0.39,1
"EIF1B",0.0650954988420412,-0.371438805804868,0.501,0.523,1
"DOK1",0.065189203054903,-0.307974297919727,0.115,0.146,1
"SCAMP1",0.0654307693296715,0.337244964145899,0.206,0.174,1
"FGFR1OP2",0.065503239344622,-0.311683851901517,0.377,0.411,1
"ACER3",0.0657429869368668,0.264713425212296,0.262,0.227,1
"GFER",0.0658856569042502,-0.547730344485006,0.115,0.145,1
"FAM13A",0.0660454926566189,0.390649500445795,0.148,0.119,1
"CDC42BPB",0.0660612921824767,-0.265223014601725,0.091,0.119,1
"CLTC",0.0660684444880041,-0.258603890857193,0.463,0.501,1
"VEGFA",0.0664819543739096,0.354907723892905,0.212,0.181,1
"MRPS5",0.0665856149995891,0.295471739461232,0.306,0.272,1
"CMTM5",0.0666354670434936,-0.460001751042546,0.122,0.151,1
"LRRFIP2",0.0666397311928223,0.302547753650131,0.313,0.274,1
"XAF1",0.0667434502459029,0.340855251425009,0.259,0.221,1
"ARF5",0.0668046229581948,-0.343684949724655,0.491,0.535,1
"LMNB1",0.0671671704068347,0.517328307135777,0.101,0.076,1
"GRASP",0.0672019292300137,0.286757512942849,0.206,0.175,1
"IBTK",0.0673729542887872,0.304681455281675,0.228,0.193,1
"CAND1",0.067478808717446,0.418584263896146,0.212,0.177,1
"COMMD5",0.0677758799803932,-0.387916086161565,0.146,0.178,1
"ZNRF2",0.0683017470999506,-0.450328997434366,0.123,0.154,1
"MYCL",0.0683814753914073,0.304602810206575,0.14,0.112,1
"MR1",0.0684385016121163,-0.538324562012427,0.172,0.203,1
"SNHG3",0.0684495413222549,0.454421489534764,0.196,0.166,1
"TMEM91",0.068589170985212,-0.348796485198739,0.258,0.299,1
"RNF145",0.0686476891231996,-0.28743693059711,0.241,0.279,1
"MAML2",0.0688367982845927,-0.386605910576571,0.218,0.251,1
"ZBTB10",0.0689902252708449,0.601036997840395,0.107,0.082,1
"WDR73",0.0690693494239751,-0.508043918095272,0.101,0.127,1
"SLC30A7",0.0691054969748631,0.317437413571166,0.198,0.165,1
"C4orf3",0.0691833026360129,-0.263906651924904,0.587,0.606,1
"PARN",0.0697323228582602,0.630760578497482,0.104,0.08,1
"THOC6",0.0702509569043699,0.431391292929157,0.13,0.102,1
"UBL3",0.070345108361433,-0.255565960949897,0.366,0.404,1
"CLDND1",0.070519982132201,0.485501474316546,0.193,0.162,1
"MFSD14C",0.0707033806761074,0.287961838747289,0.194,0.166,1
"ZNF195",0.0707698804998166,-0.329261198193459,0.077,0.102,1
"DNM1L",0.0708608252792961,0.327779321276505,0.258,0.221,1
"CDC5L",0.0709408648940879,-0.332320592684789,0.247,0.284,1
"EGLN1",0.0710069491553169,0.27199110454304,0.197,0.163,1
"INSIG1",0.0713505903266796,0.254686303994633,0.218,0.187,1
"ACSS1",0.0715098693855295,0.687517055737393,0.104,0.08,1
"ANXA1",0.0715154033233647,0.253484315815784,0.739,0.735,1
"AZI2",0.0718942359042826,-0.270870010353384,0.345,0.383,1
"MIOS",0.0719761858191324,-0.369516201323145,0.095,0.123,1
"KLHL9",0.0721905215812548,-0.571028603491908,0.085,0.111,1
"RELT",0.0723184902206258,0.303801186941575,0.255,0.219,1
"SMAD4",0.0723320730641044,-0.461878768535221,0.163,0.196,1
"ANKH",0.0724546575373767,-0.463661746781493,0.095,0.122,1
"HAUS1",0.0728951011575466,0.401000568801077,0.156,0.125,1
"SNX13",0.0729404913139223,-0.486957976950493,0.202,0.236,1
"GALC",0.0732663374861411,0.512363544377862,0.116,0.091,1
"RNASE2",0.0743020639006041,0.364809301342691,0.169,0.139,1
"RSRC1",0.0743038702709372,-0.486620149908872,0.197,0.23,1
"GTF3C1",0.074319783888404,-0.357823767150332,0.131,0.162,1
"DUSP11",0.0746283953966539,-0.259886284687594,0.086,0.113,1
"STK40",0.0748259338101602,-0.36206436343103,0.198,0.229,1
"VBP1",0.0754293470265147,0.535763549733958,0.198,0.167,1
"DCTN4",0.0755426352219206,-0.349918069077435,0.204,0.239,1
"SNX19",0.0759346752100127,-0.421752036053725,0.075,0.101,1
"MRPS31",0.0759922705254406,0.793618573166211,0.112,0.089,1
"TMEM65",0.0760402201185879,-0.356902078410141,0.149,0.18,1
"SNX8",0.0761009007683566,-0.37265250710971,0.079,0.103,1
"MRE11",0.0762228568031093,0.330585239027158,0.175,0.146,1
"ABT1",0.0764399655774409,-0.402035367598546,0.155,0.186,1
"TPST2",0.0765435187984645,-0.597434439904497,0.239,0.268,1
"CEP85L",0.0765548072086027,0.293051824272152,0.18,0.148,1
"MTMR11",0.0767523141271315,-0.344512708140818,0.16,0.192,1
"ATP2A2",0.0768419073186072,-0.380394201052572,0.246,0.279,1
"TPPP3",0.0769789125587558,0.272140188238059,0.128,0.101,1
"NGDN",0.0771159289090239,-0.443653634197162,0.102,0.13,1
"MAEA",0.07812293229174,-0.619290313200933,0.101,0.127,1
"SPEN",0.0785089302530542,-0.280010601300091,0.332,0.374,1
"HNRNPM",0.0785639772706105,-0.250632871607741,0.504,0.538,1
"CEP104",0.0786320253395808,-0.596288298792691,0.082,0.106,1
"DOT1L",0.0787562305895738,-0.584616220236744,0.079,0.104,1
"ZFAND2B",0.0787924238244689,-0.428263340704285,0.136,0.167,1
"AP3S2",0.0792012194272154,0.289778991540924,0.175,0.145,1
"CIR1",0.0797390600636837,-0.258261912435951,0.376,0.407,1
"TMEM167A",0.0801831631766465,-0.261860180058189,0.507,0.532,1
"NIPA2",0.0802256059987092,-0.261479075973566,0.146,0.177,1
"SLC2A4RG",0.0806211069773801,0.603397852455484,0.14,0.113,1
"DMAC2L",0.0806485873744521,-0.341380645162937,0.21,0.241,1
"TBK1",0.0808726449538289,-0.453574554137158,0.177,0.21,1
"APIP",0.0814155742259008,0.337657993904061,0.159,0.129,1
"CCNC",0.0816374966093801,-0.382646766854573,0.14,0.172,1
"AMZ2",0.0817260175519521,0.320209990960862,0.127,0.101,1
"PPP1R8",0.0818506058942223,-0.428956838679546,0.082,0.107,1
"DDI2",0.0819264987579565,-0.405898824590831,0.127,0.157,1
"SLC12A6",0.0823958928391726,-0.346849486608,0.296,0.332,1
"C18orf21",0.0825466408227068,0.602559379772992,0.132,0.105,1
"MCM3AP",0.0825928441967238,0.454485474956448,0.138,0.112,1
"ATP2A3",0.0830879696822259,-0.41311832189426,0.077,0.101,1
"CD300E",0.0831744031287417,-0.346217382112375,0.39,0.422,1
"TMC6",0.0833520940900285,0.252147483736282,0.255,0.219,1
"PPM1L",0.0840179311879393,-0.755711047827487,0.114,0.142,1
"IREB2",0.0842295955040586,-0.276923417951182,0.292,0.331,1
"GRK6",0.0842853222102006,-0.422018618127613,0.317,0.348,1
"IRF7",0.084302173148557,0.264178640817196,0.163,0.132,1
"CLEC2D",0.0845085701302208,-0.505634462057644,0.098,0.126,1
"UBA2",0.0845361593513717,-0.333863302742426,0.253,0.287,1
"MARCH6",0.0845761647997728,0.411095773379744,0.34,0.307,1
"DUSP23",0.0849796920428794,-0.417816508514985,0.224,0.258,1
"AC096667.1",0.0850281234527319,0.288725300117647,0.257,0.221,1
"PARVB",0.0857303852954055,-0.481672997657618,0.27,0.301,1
"TRAFD1",0.0867491374510947,-0.285650136620703,0.094,0.121,1
"PLRG1",0.0868289490479981,-0.395045074260845,0.104,0.132,1
"PMVK",0.0873105582827922,0.413872183725333,0.138,0.112,1
"AL132709.8",0.0873225636850187,0.297963321815388,0.123,0.097,1
"ORAI1",0.0876052330760567,0.410866698122436,0.254,0.22,1
"JMJD6",0.0877381675956554,0.360711663461257,0.189,0.16,1
"ZNF438",0.0880195134972601,-0.452697399759856,0.081,0.104,1
"FAM117A",0.08810190560217,0.280410650647163,0.124,0.098,1
"EIF3J",0.0886588426143397,0.250006578024257,0.32,0.287,1
"PPP4R1",0.0886956500443415,-0.421429418450473,0.143,0.172,1
"PEPD",0.088998892987113,-0.323156874752602,0.29,0.321,1
"SLC31A1",0.0893417022007697,0.40039117040042,0.177,0.149,1
"SLC30A1",0.0894206649529753,-0.266139180974146,0.179,0.209,1
"AHCY",0.0896611104393556,0.689458078468708,0.104,0.081,1
"CLK4",0.0897694136228298,-0.650666007479331,0.093,0.118,1
"UBXN6",0.089824610616506,-0.617141860954106,0.225,0.254,1
"DTX3L",0.0902678640437305,0.251558563822901,0.217,0.188,1
"IFFO1",0.090354749360042,0.510326073923433,0.102,0.079,1
"KMT2D",0.0905548101910693,-0.404369914003446,0.13,0.157,1
"SMARCD1",0.0909455837064726,-0.536850299606339,0.126,0.154,1
"HGS",0.0911573576707932,0.373911142725589,0.2,0.171,1
"IMP3",0.0913011459457223,-0.297262289920013,0.204,0.237,1
"WDR74",0.0913091254499847,0.482053569257797,0.189,0.158,1
"PHF6",0.0914171195278353,0.40829265672231,0.114,0.089,1
"TMEM214",0.0914780446664085,-0.411370759876602,0.083,0.107,1
"DENND4A",0.0915046584649094,-0.415148991949018,0.259,0.29,1
"RAB9A",0.0920214895220488,0.535682477066385,0.148,0.122,1
"FABP5",0.0926236101484574,-1.08758871501286,0.112,0.138,1
"CXorf21",0.0930530961925184,0.507117845069944,0.116,0.093,1
"PHACTR1",0.0932923779854651,0.516709683459438,0.29,0.262,1
"UBE2K",0.0934396516279903,-0.396985557091291,0.356,0.382,1
"ZNF160",0.0938427952080781,-0.555480851418694,0.089,0.114,1
"ZCCHC10",0.0940073756188352,-0.38882291064255,0.169,0.199,1
"AASDHPPT",0.0948083100968063,0.440321135513071,0.165,0.138,1
"ECSIT",0.0950150063856466,0.311296031442907,0.135,0.109,1
"ACSL3",0.095365956898332,-0.408794098873884,0.201,0.225,1
"ARSA",0.0954844962348698,-0.321808177702883,0.082,0.106,1
"SLC39A1",0.0955558680429108,0.327765444394076,0.131,0.107,1
"UBLCP1",0.0956241715700784,-0.440965587028433,0.179,0.208,1
"VNN2",0.0957212315738158,0.261548196129259,0.266,0.236,1
"PLA2G7",0.0959904512945663,-0.344934842317313,0.122,0.151,1
"CHPF2",0.0960344166975067,-0.340702065933007,0.12,0.146,1
"RAB37",0.0968738600244765,-0.325920271674183,0.128,0.155,1
"PLGRKT",0.0971150279047431,0.307396314650594,0.104,0.081,1
"RHBDF2",0.0977843477585469,-0.278073185155268,0.214,0.246,1
"PARP9",0.0978677886473461,0.274125913562127,0.153,0.126,1
"STK16",0.098300918199964,-0.644905380530306,0.111,0.138,1
"BRIX1",0.0984060191261544,-0.32746910366073,0.089,0.113,1
"ZNF487",0.0984887656900306,0.289033882254235,0.126,0.1,1
"MTF1",0.0986070305452717,-0.37959121912805,0.187,0.218,1
"PDK1",0.0986877124463606,0.383257200991177,0.104,0.081,1
"TMEM126B",0.0988679913634817,-0.379100958321557,0.134,0.161,1
"IDH2",0.0993284541102917,-0.361865153496658,0.214,0.244,1
"MEFV",0.0994895820043202,0.250424234470638,0.274,0.243,1
"CDK5RAP3",0.0999602271896842,-0.368476346599613,0.185,0.216,1
"UFL1",0.100747879420417,-0.343576403089931,0.209,0.242,1
"SACM1L",0.101055424956501,-0.406395607382282,0.114,0.138,1
"STIM1",0.101505314064044,0.257062568222397,0.188,0.157,1
"SHC1",0.101641379795038,-0.620448684165617,0.11,0.133,1
"SPN",0.102491767517906,0.252055723313465,0.356,0.328,1
"LDLRAP1",0.103784505691762,-0.299229979428834,0.097,0.122,1
"SDF4",0.103856896168103,0.335883971119174,0.275,0.244,1
"GUCD1",0.103948005160872,0.432457178477103,0.164,0.137,1
"R3HCC1L",0.104389347071645,-0.717870325240987,0.083,0.105,1
"ACTR1B",0.104930955543913,-0.450785799687853,0.081,0.103,1
"FHOD1",0.105189589182308,-0.725375026267149,0.12,0.146,1
"HARS",0.105294374661936,-0.640464372263083,0.085,0.107,1
"RPS19BP1",0.105383366811535,-0.305203297087773,0.331,0.361,1
"SMIM4",0.10539154638451,0.303866675325554,0.185,0.156,1
"ELOVL1",0.105806630826567,0.294352039352026,0.183,0.153,1
"BAG6",0.105918046797402,-0.455501291712027,0.243,0.27,1
"MYO9A",0.10642319965093,0.319003115885935,0.128,0.104,1
"ADAM17",0.106608463332683,0.260653590055786,0.427,0.391,1
"APTX",0.106744730264836,-0.362557259716453,0.119,0.147,1
"MKNK1",0.106878268952299,-0.311777064097037,0.212,0.241,1
"POGLUT1",0.106985793534076,0.385843251588218,0.135,0.109,1
"GMPS",0.107910807877167,0.328422089202195,0.155,0.128,1
"MTAP",0.107919733359349,0.389877079570337,0.116,0.093,1
"CREB3L2",0.108477662629827,0.432993634400802,0.163,0.136,1
"ATP6V1H",0.108619111530084,0.395856318697808,0.165,0.139,1
"SDF2L1",0.109231964614035,0.356608577141043,0.217,0.19,1
"TAOK1",0.10937775482993,0.259190289962746,0.434,0.404,1
"PARP10",0.109632025621728,0.292824259234052,0.107,0.084,1
"USP34",0.109650922465058,-0.282561003459911,0.335,0.369,1
"COPRS",0.109807533004425,0.547003222116178,0.135,0.111,1
"PLAGL2",0.110404501773405,0.272686391751298,0.104,0.081,1
"GABPB2",0.110515292290158,0.528762831675727,0.101,0.079,1
"AL627171.2",0.110943766044109,-0.520059141851009,0.124,0.15,1
"CCDC57",0.111330785598555,0.284339741541866,0.156,0.129,1
"RPS6KB2",0.111601849124884,-0.461630193253842,0.16,0.186,1
"USP33",0.11195490353765,0.252870584616245,0.279,0.245,1
"STK19",0.112016997783577,-0.489592575170007,0.083,0.105,1
"FUBP1",0.112285751628148,-0.403519963603119,0.239,0.271,1
"BTAF1",0.112591368358753,0.35168238944611,0.159,0.132,1
"ZBTB8OS",0.113216756901949,-0.286031532384435,0.271,0.303,1
"PSD4",0.113405948803402,0.253288163226464,0.124,0.1,1
"SEPHS2",0.113705462052556,0.406422318197647,0.19,0.164,1
"MPPE1",0.113719245375512,0.285571793345244,0.185,0.161,1
"VPS39",0.11376478032338,-0.557557636549807,0.091,0.114,1
"DHRS7",0.115235489386489,-0.260215394989956,0.39,0.423,1
"P2RX7",0.1155628711929,0.359987023300606,0.152,0.127,1
"UTP18",0.115676089528041,0.398221765556757,0.143,0.119,1
"OSBPL11",0.116043680571791,-0.376383159657621,0.323,0.352,1
"NOD2",0.116181920510354,0.537919920775998,0.11,0.089,1
"PAPSS1",0.116320741403482,-0.388885206179398,0.214,0.245,1
"MPV17",0.116525634980406,0.335184543827276,0.151,0.124,1
"TMEM192",0.116589842303934,-0.349453630232757,0.132,0.16,1
"ZNF330",0.116753747055583,-0.341695661492423,0.218,0.248,1
"BTBD1",0.117243627850836,0.301303201110846,0.204,0.173,1
"MGAT4B",0.117388433712342,-0.260322006665749,0.212,0.242,1
"AVL9",0.117693287913759,-0.423653777446411,0.216,0.246,1
"BAG5",0.117731504449064,-0.268436349223456,0.194,0.222,1
"ATG4B",0.118177887786539,-0.36453023873101,0.142,0.169,1
"CWF19L2",0.118632948084469,-0.313338772255317,0.111,0.136,1
"FRMD4B",0.119282425344315,0.323269799011147,0.238,0.208,1
"PIEZO1",0.119527116778865,0.267347607239107,0.197,0.169,1
"TFG",0.119536714202736,0.598417423322244,0.19,0.162,1
"LINC-PINT",0.120084600758998,0.475924230060304,0.266,0.242,1
"EDRF1",0.120752315917604,-0.389017015762815,0.081,0.103,1
"TOB2",0.120982753763796,0.343652573118733,0.126,0.102,1
"KIF1B",0.121119860145288,0.371320669112228,0.212,0.181,1
"LINC02207",0.121581510520557,-0.336996937262529,0.082,0.104,1
"NRGN",0.122489261203934,-0.278321711356255,0.598,0.619,1
"DYRK2",0.123008968584888,0.405534956465632,0.104,0.083,1
"RNPEPL1",0.123563864434553,-0.301492807042379,0.409,0.443,1
"ALOX12-AS1",0.124223466114588,0.640442158878291,0.103,0.082,1
"LYSMD3",0.12524798071312,-0.337719198340088,0.104,0.129,1
"MTG1",0.125342898854291,0.481071586456085,0.108,0.087,1
"ZSWIM7",0.125586909577358,-0.313748858735714,0.274,0.303,1
"SAMD1",0.125736500106024,0.395372122596674,0.157,0.131,1
"AGAP3",0.1258642358266,0.35134827526563,0.108,0.087,1
"MRPL44",0.126146575513179,0.337510266149172,0.161,0.135,1
"NCOA2",0.126364417062005,-0.386373610810336,0.229,0.264,1
"RASA3",0.126448383284013,-0.746874815541376,0.138,0.166,1
"CSNK2B",0.126546718439733,-0.266966491931099,0.471,0.485,1
"PMM2",0.126780427595143,-0.40602963839189,0.083,0.105,1
"SRP68",0.127869055263783,-0.256484075363005,0.099,0.123,1
"GSN",0.128168580599535,-0.465331563086734,0.321,0.353,1
"CYTH4",0.128226451952612,-0.35274737581373,0.262,0.294,1
"TRMT10C",0.128286198518868,-0.309250935496761,0.156,0.184,1
"SNRK",0.128330550696639,-0.307001776564341,0.251,0.286,1
"CCL5",0.128933442569842,-0.426989089490454,0.311,0.339,1
"ISG20",0.129564267374083,-0.297911380047002,0.198,0.229,1
"SBNO2",0.129634367430928,0.290707134288213,0.111,0.089,1
"STK26",0.129710933627109,-0.520586566102782,0.136,0.158,1
"F8A1",0.130659072954143,0.26034202506312,0.128,0.104,1
"MARVELD1",0.131066498417408,-0.340587503865539,0.153,0.181,1
"BOLA2",0.131855060465213,-0.381173045693364,0.14,0.167,1
"TOR2A",0.133315863111995,-0.265327309289971,0.194,0.223,1
"RASGEF1B",0.133347900609082,0.274100737080884,0.306,0.276,1
"FOLR3",0.133845820990895,0.447500565654966,0.107,0.087,1
"NDUFB6",0.134392800635573,0.303606375253894,0.257,0.225,1
"PRPF31",0.134550175623704,-0.461218228422601,0.157,0.185,1
"MTHFD2",0.134643427984939,-0.294239059727923,0.222,0.255,1
"FAM49A",0.134733330325154,-0.258411004228487,0.405,0.428,1
"SSBP3",0.134842619417339,0.403857137462434,0.234,0.204,1
"CYB5R3",0.135184854611087,0.558865959688726,0.299,0.261,1
"IRGQ",0.135378766392887,0.589677915971443,0.102,0.081,1
"PTPN12",0.136483843214796,-0.370213271304461,0.467,0.492,1
"AC103591.3",0.136607680825062,0.41589793512728,0.149,0.126,1
"SETDB1",0.137771824801662,-0.471549120907047,0.104,0.127,1
"ZCCHC3",0.137802442425491,0.794825074099335,0.12,0.101,1
"SLC6A6",0.138212021312155,-0.35705668761846,0.345,0.372,1
"SUMF1",0.138283487015016,0.419533809749878,0.122,0.1,1
"TMEM251",0.138360790900566,0.360661533455623,0.103,0.082,1
"TMEM101",0.138709332539075,0.552154977205373,0.119,0.098,1
"KIN",0.139051927022299,-0.404392393559641,0.172,0.199,1
"INAFM2",0.139121692948705,-0.277868407754467,0.128,0.153,1
"CISD3",0.139225816035779,-0.351324329251713,0.175,0.202,1
"MORF4L2",0.140228370465238,-0.483364658262275,0.198,0.227,1
"TGS1",0.14033564138618,-0.446525742589522,0.123,0.146,1
"PHYKPL",0.14072282746773,0.341013796799271,0.193,0.17,1
"G2E3",0.140922848101931,-0.467435823279891,0.083,0.104,1
"JAZF1",0.140926276455399,0.287246279096548,0.272,0.244,1
"MTA1",0.1412486571952,-0.447356934346415,0.097,0.118,1
"LRRC47",0.141408557116425,0.505804724904868,0.101,0.08,1
"TDP2",0.141693354134091,0.480704589264724,0.149,0.128,1
"MT1X",0.141833775917447,-0.404846181736586,0.189,0.216,1
"CASP10",0.141887687574796,0.505483413439629,0.146,0.123,1
"PLAUR",0.142122286730426,0.370748066405717,0.522,0.515,1
"MECP2",0.142150673972483,-0.451042871468131,0.283,0.309,1
"SYNJ2BP",0.142807580626269,0.491445154558312,0.118,0.097,1
"RPA3",0.14308153477078,-0.468612059159965,0.116,0.139,1
"RABGGTB",0.143093683235276,0.276189497572919,0.221,0.195,1
"ACADM",0.143595156004862,0.463275546325502,0.138,0.118,1
"GPR108",0.143712589109042,0.297392162980957,0.194,0.171,1
"TSPAN33",0.143728745426257,-0.254688827006435,0.134,0.16,1
"MRPL42",0.145624675178772,0.428608735931649,0.16,0.133,1
"CLK1",0.146322249126406,0.254243858207276,0.34,0.313,1
"HPF1",0.146628109863752,0.525261421813179,0.119,0.098,1
"TUBB6",0.146653740341908,-0.309945182743345,0.094,0.116,1
"RAB11FIP2",0.147542145863016,-0.499776848381297,0.138,0.162,1
"MRPS11",0.147760983891103,-0.408671498716034,0.152,0.176,1
"DBP",0.148574871080904,0.312200434601117,0.128,0.106,1
"MSL2",0.148594096629471,-0.283514136759906,0.144,0.17,1
"ATG5",0.148902236458005,0.407858462536813,0.183,0.155,1
"PRR14",0.14890968016375,0.454708482459262,0.131,0.108,1
"FXN",0.149345467491696,0.392206509826022,0.112,0.092,1
"KXD1",0.150253709313387,-0.352626044406569,0.235,0.265,1
"TSPAN3",0.151157192563365,-0.348408083529315,0.156,0.18,1
"LATS2",0.151615059969741,0.445938616054757,0.157,0.133,1
"C19orf25",0.15202050911301,-0.275877123494787,0.161,0.187,1
"HCFC1",0.152030567202047,0.317775401716449,0.228,0.203,1
"RFXANK",0.152181309291802,0.32533314563541,0.177,0.151,1
"EIF2AK1",0.153114436814342,-0.273323715275125,0.36,0.39,1
"HEATR5B",0.153564499406469,0.428187127833334,0.102,0.082,1
"TMEM40",0.153669142778031,-0.429566396941357,0.104,0.126,1
"IGKC",0.154105638465208,-1.04600883097007,0.176,0.149,1
"MIB1",0.154259776153473,0.31057425846111,0.167,0.142,1
"TGFB1",0.155308345787507,-0.334372413063068,0.598,0.611,1
"MED25",0.155993021670091,0.343710010547694,0.114,0.094,1
"CERS5",0.15707650672933,-0.37597611520515,0.102,0.123,1
"SLC33A1",0.157597103393942,0.438396274206514,0.14,0.119,1
"GPBAR1",0.158223515138051,0.336421291529325,0.209,0.184,1
"WDR36",0.158263137303154,-0.425719958228436,0.083,0.103,1
"BFAR",0.15852383380154,-0.367475697383419,0.237,0.266,1
"RMND5B",0.158832802204342,-0.503669700391407,0.087,0.107,1
"HPRT1",0.159613033200924,-0.279488142757679,0.151,0.175,1
"ZNF654",0.159930054712139,-0.494310012748076,0.108,0.128,1
"FNTA",0.160899294609508,0.319840983952285,0.222,0.198,1
"FOXK1",0.161092125437524,-0.459330083410016,0.12,0.144,1
"ZC3H4",0.161200661389584,0.27789721981873,0.135,0.114,1
"TSSC4",0.161539771694475,-0.256820545646115,0.198,0.227,1
"B3GALT4",0.161749419181592,-0.273262138021357,0.099,0.121,1
"ENTPD1",0.162881693961824,-0.261743824226611,0.364,0.4,1
"ATP6V1D",0.162945409620029,0.388583085056583,0.246,0.216,1
"PFDN6",0.163754520809674,0.516483119139924,0.12,0.099,1
"VRK2",0.164079200645239,0.406993697312935,0.139,0.118,1
"ZNF433-AS1",0.164199963025618,0.65767372451753,0.112,0.093,1
"FAM160B1",0.16422509073983,-0.604305744530309,0.138,0.16,1
"MAPK7",0.165514393842781,-0.287518815745588,0.12,0.145,1
"FASTK",0.165757205246483,0.423327819951732,0.132,0.111,1
"ZNF524",0.166288620970937,0.490811514628985,0.23,0.206,1
"RBM23",0.166426312288488,-0.283389241474301,0.303,0.328,1
"KIAA1191",0.166748353985724,-0.297245946548208,0.082,0.1,1
"COA6",0.167849503493976,0.297600527225616,0.168,0.145,1
"TMEM138",0.168457410458571,0.378551475390947,0.157,0.136,1
"RDX",0.168519059304904,-0.378353820368214,0.171,0.196,1
"NFKB1",0.168776771010773,0.279032314672657,0.321,0.3,1
"ETNK1",0.169123840133358,-0.294270793926324,0.307,0.335,1
"RIPK2",0.169230543700736,0.368022901341219,0.263,0.242,1
"FUOM",0.169338672005662,-0.280609576677985,0.201,0.225,1
"DGKD",0.170102702670417,-0.294724522663168,0.312,0.346,1
"SPAG7",0.170209304965798,-0.315367568112746,0.263,0.288,1
"ITPA",0.170267859344785,-0.266124172509614,0.208,0.235,1
"SEH1L",0.171218446596422,-0.407000619164273,0.112,0.133,1
"SSH1",0.171671566383395,-0.606579468171388,0.122,0.143,1
"PICK1",0.172482078993809,-0.359182494787239,0.124,0.146,1
"R3HDM1",0.172984560626893,0.387527253132154,0.155,0.136,1
"FERMT3",0.172996570605945,-0.36217944450744,0.598,0.628,1
"MRPL47",0.173057172987728,-0.345000612969269,0.217,0.242,1
"KCTD5",0.173059781669006,-0.565986507533271,0.085,0.103,1
"REXO1",0.173571085504743,-0.263741343870859,0.103,0.124,1
"FOXO1",0.174167496252915,0.250439199703122,0.161,0.139,1
"DTD1",0.174235138834688,-0.375155763883344,0.161,0.186,1
"COASY",0.174417475585598,0.484755478397842,0.116,0.097,1
"TRNAU1AP",0.175357315929118,-0.44140721044844,0.115,0.138,1
"HDAC8",0.175599413632219,-0.314409333261779,0.107,0.128,1
"KLHL2",0.176178667015055,-0.322265693551008,0.16,0.185,1
"WDR82",0.176414478986938,-0.27750165800943,0.347,0.374,1
"ASCL2",0.176705957906912,0.367540178607916,0.138,0.116,1
"KLHL36",0.177230522021173,-0.301776743090343,0.172,0.2,1
"MRPS35",0.177567458612228,0.269704623130003,0.213,0.186,1
"VPS25",0.177760584819585,0.314432807196708,0.151,0.128,1
"DCAF12",0.178401270120806,0.261307097476196,0.237,0.215,1
"C12orf75",0.178810042224045,-0.297325636977621,0.102,0.122,1
"ALDH9A1",0.178886513527429,0.356456121383848,0.18,0.155,1
"MSH3",0.179264256244705,0.463822597584667,0.123,0.104,1
"ARHGAP24",0.179796991528168,0.319248417579439,0.206,0.184,1
"UBE4A",0.179911348362063,0.294956281190579,0.22,0.198,1
"HDHD5",0.179989280846426,0.258036621568052,0.135,0.115,1
"DYNLL2",0.180282620929091,0.361462215303408,0.251,0.224,1
"TRMT1",0.18060279764642,0.260019099507096,0.276,0.254,1
"SLC5A3",0.180635056634121,-0.411321628050349,0.093,0.113,1
"TAB3",0.180694480037012,-0.466205108411304,0.115,0.137,1
"CRLF3",0.180918268421631,0.265902734612995,0.208,0.187,1
"TIMM29",0.180982075460582,-0.355405951866912,0.09,0.109,1
"CBFA2T3",0.181583488992631,0.512962742852462,0.118,0.097,1
"PUS7L",0.181698862082839,-0.267874195128998,0.119,0.142,1
"TMEM80",0.182095980128487,0.51532138559332,0.131,0.108,1
"NOTCH1",0.182151754368627,0.459752433512459,0.124,0.104,1
"FAM177A1",0.182442644455824,0.259151524843256,0.23,0.265,1
"HMGXB4",0.182488229321081,-0.3233163031655,0.214,0.241,1
"RHBDD2",0.182524217998612,-0.566054705333867,0.091,0.111,1
"KCNQ1OT1",0.182619058395144,0.383141100083079,0.118,0.098,1
"SENP7",0.182718724946277,0.276000355089604,0.151,0.129,1
"PLEKHF2",0.182798714758499,-0.25639300989692,0.221,0.246,1
"AC027644.3",0.182938960977235,-0.308527150393654,0.131,0.155,1
"TRADD",0.182979145706177,0.361884556760822,0.179,0.158,1
"RBPJ",0.18356202412558,-0.276402197488223,0.519,0.509,1
"HLA-DQA1",0.184747264479375,0.265610579860747,0.299,0.275,1
"ATXN2L",0.18506862142076,0.311843132547338,0.249,0.226,1
"ORC4",0.185652448803428,-0.350283121487153,0.087,0.107,1
"RECQL",0.186471745321501,-0.259915563816549,0.202,0.228,1
"CHMP2A",0.18739428438205,-0.286955291284006,0.499,0.514,1
"RBM12",0.187804047574108,-0.448620959789598,0.163,0.187,1
"ZMIZ2",0.188271488742075,-0.251096438483233,0.101,0.081,1
"TMEM41B",0.188629429795895,-0.260782620219992,0.106,0.126,1
"POLL",0.188992749996747,-0.362353471887228,0.087,0.106,1
"EXOSC7",0.18911463145762,-0.444456625582437,0.091,0.109,1
"PHACTR2",0.19073946779497,-0.398792608712193,0.265,0.293,1
"EIF2B5",0.191513357430245,-0.27470481560043,0.094,0.114,1
"CDKN1A",0.191934903909132,0.54240301834985,0.31,0.301,1
"SEPTIN11",0.192538156176988,-0.510994860538561,0.102,0.121,1
"ACPP",0.19366867891493,-0.396828598153287,0.085,0.103,1
"SEMA4D",0.19476860940128,-0.278275196299483,0.349,0.384,1
"N4BP2",0.195517623513896,-0.342996738436667,0.132,0.154,1
"GALNT10",0.195683277399993,-0.444952794557977,0.119,0.139,1
"NRDE2",0.1961516813233,-0.322666760066653,0.14,0.164,1
"ACOX1",0.196214725689536,-0.337375095810401,0.201,0.226,1
"SUDS3",0.196341462879253,0.479755318729769,0.165,0.144,1
"ALDH3A2",0.197141086853104,0.30234717982441,0.167,0.146,1
"PAPSS2",0.197389385166324,-0.335819075127836,0.098,0.117,1
"LCMT1",0.197488893608983,-0.333018228369377,0.097,0.116,1
"FAM168B",0.197501893219083,-0.470064815045506,0.148,0.171,1
"PCED1B-AS1",0.197651327858358,-0.353950278836957,0.122,0.143,1
"UBE2J2",0.197771739432522,-0.323707630868003,0.239,0.262,1
"BAIAP2-DT",0.198195430758448,-0.570561488748589,0.083,0.101,1
"WDFY1",0.198528178890384,0.348035196564616,0.269,0.246,1
"LRRC8D",0.198937738014399,0.407509510612764,0.183,0.164,1
"IFI6",0.201236996071642,0.25022296642407,0.175,0.152,1
"STAU2",0.201564910101116,-0.370316797235077,0.106,0.126,1
"ACP1",0.20246187683077,-0.416902824923663,0.381,0.411,1
"CNST",0.202696994128616,-0.39253866526453,0.148,0.168,1
"PIK3IP1",0.202869089996421,-0.27078772588703,0.19,0.216,1
"PITPNB",0.204050977318884,-0.508419056227388,0.153,0.177,1
"CWC27",0.204333935403356,0.29446747128558,0.144,0.123,1
"SEC22B",0.20727173863926,0.417755753685514,0.249,0.231,1
"SLC49A4",0.207289997634583,0.325369320325124,0.127,0.108,1
"OSGIN2",0.207632251183018,-0.542764194163652,0.147,0.169,1
"RPL26L1",0.207835049465884,0.271455112554661,0.226,0.203,1
"ST3GAL6",0.208506897029796,-0.344700336020944,0.09,0.109,1
"MCPH1",0.20871841371306,-0.261592161091752,0.102,0.122,1
"KBTBD11",0.20897192778114,0.323064211655616,0.149,0.128,1
"ERVK3-1",0.209006290205935,-0.507194726907834,0.111,0.131,1
"NADSYN1",0.209847884441864,-0.304660221710127,0.155,0.176,1
"LEMD3",0.210448246755465,0.323828713815475,0.112,0.095,1
"SMARCD2",0.210897695731581,0.262671570874077,0.205,0.182,1
"HSPA4",0.211457491693131,-0.257935934014395,0.214,0.237,1
"CSAD",0.211529993267889,-0.392095213038138,0.094,0.112,1
"NFIX",0.21172720201047,0.358587688741782,0.102,0.084,1
"STARD3NL",0.212981247668647,-0.536944795221656,0.167,0.188,1
"MAD1L1",0.213522829238733,-0.487322161972338,0.093,0.109,1
"MSRA",0.213986041999931,-0.277180329949602,0.146,0.167,1
"SEPTIN1",0.214265696967804,-0.290406605641259,0.122,0.143,1
"USP6NL",0.214405882658764,-0.251389169115139,0.093,0.112,1
"TCF7L2",0.214508815876895,0.299584403201508,0.165,0.146,1
"CRTC3",0.214519730759555,-0.331160959163598,0.152,0.176,1
"MYL12A",0.215105114890887,-0.339715233403179,0.868,0.884,1
"AC016831.5",0.215249112326282,0.552826631247793,0.135,0.117,1
"FAM13B",0.216091328912506,-0.344919879721455,0.188,0.209,1
"TRAPPC12",0.216603098441761,0.33916226345357,0.151,0.129,1
"TMED3",0.217304823575124,0.418831160849438,0.172,0.147,1
"MAD2L2",0.217631576323998,0.256678696708883,0.123,0.104,1
"GINM1",0.217965555367886,-0.252928335263582,0.224,0.249,1
"DDX19A",0.218235127728788,-0.416135692398754,0.099,0.117,1
"PPP1R35",0.219865962484912,-0.73525560398114,0.142,0.162,1
"DENND6B",0.220675204995165,-0.561229836070247,0.111,0.128,1
"DLD",0.220678717858356,-0.386102030909049,0.172,0.193,1
"BX284668.5",0.223420071807883,0.393144190905097,0.168,0.15,1
"NDUFA9",0.224411969115718,-0.283280291737073,0.18,0.201,1
"LLPH",0.224702767101858,0.274451322754423,0.317,0.298,1
"GP9",0.224710126185067,-0.301658626600164,0.153,0.174,1
"UBP1",0.225319838724583,-0.275926995941771,0.153,0.174,1
"CCDC22",0.225542168586841,-0.348529168129836,0.091,0.108,1
"LSM14B",0.225810776185057,0.748617917550398,0.107,0.092,1
"UBL4A",0.225965760039036,0.661914715103492,0.127,0.111,1
"UBE2V2",0.226396129263636,-0.296154502739229,0.193,0.217,1
"SEC24B",0.227102662158502,-0.284794306626263,0.134,0.155,1
"CPNE8",0.227321550487938,0.324093953291183,0.168,0.148,1
"SEC23IP",0.227433059634331,-0.366926443953596,0.115,0.135,1
"GBF1",0.228155280403194,-0.329158139789018,0.089,0.105,1
"SCO1",0.228305474723311,-0.262963420728533,0.111,0.13,1
"BLOC1S6",0.228665848357684,-0.334077972049463,0.403,0.42,1
"NCLN",0.229117625183204,0.325531494924242,0.159,0.14,1
"HS1BP3",0.229252725612429,0.27504883568364,0.127,0.108,1
"PTGS1",0.229366313047766,-0.282498450641813,0.118,0.137,1
"SNHG1",0.229501475321201,0.554546870401448,0.102,0.086,1
"DIP2A",0.229504582571976,-0.269912331498292,0.153,0.175,1
"FIG4",0.229754923624821,0.265107150227871,0.136,0.12,1
"CSF2RB",0.229900761744973,0.316795329708953,0.221,0.199,1
"HMGN1",0.230269486262706,-0.263992380742912,0.422,0.446,1
"PF4",0.230536685598089,-0.336487421854088,0.312,0.336,1
"TMED8",0.231108404362262,-0.440377392116822,0.118,0.136,1
"AC010642.2",0.231413175131908,-0.487235303758107,0.106,0.123,1
"PIGT",0.232337105128456,-0.255423670877337,0.168,0.192,1
"CLCN3",0.232593641926806,-0.464856691515863,0.149,0.127,1
"KLHDC10",0.232594854100732,-0.299367812972666,0.102,0.12,1
"FEZ2",0.232855433155505,-0.484977400308091,0.202,0.223,1
"CCNYL1",0.232965757470741,-0.540273095586243,0.091,0.108,1
"RNF220",0.234711372601747,-0.387314618456394,0.167,0.186,1
"TRAPPC2",0.23619497946857,0.775799730527307,0.11,0.093,1
"DCUN1D1",0.23736079321631,-0.398680700818208,0.253,0.275,1
"AC025164.1",0.237382577055493,0.395607881722242,0.159,0.139,1
"THRA",0.237742573176748,-0.399698817346688,0.09,0.106,1
"NOL10",0.238150052398916,0.428388665816109,0.108,0.093,1
"SETD1B",0.23888918675932,0.411312806844028,0.143,0.125,1
"CA2",0.239837840513761,-0.46374614207157,0.103,0.121,1
"IFT20",0.240519474259265,0.273767429162755,0.311,0.291,1
"FCGR3A",0.240553948084798,0.294677167719482,0.155,0.136,1
"KBTBD2",0.240732221295791,-0.568656523758065,0.167,0.188,1
"TIMM17A",0.240893585733046,-0.252079456724123,0.171,0.192,1
"DAAM1",0.242228564650856,-0.264873205304299,0.135,0.153,1
"VSTM1",0.242507474985552,0.286698621511756,0.19,0.17,1
"TRAPPC3",0.242624139436334,-0.409557588736921,0.188,0.208,1
"CCDC43",0.243567401595197,-0.341214622611481,0.118,0.135,1
"NCEH1",0.243752883597619,0.39352927777057,0.176,0.158,1
"MRPS34",0.243878444632585,0.296352064872155,0.356,0.335,1
"PPP6R3",0.244363410862109,-0.285109778066809,0.246,0.27,1
"STAM2",0.245445580702735,0.308413370656929,0.114,0.097,1
"RAB13",0.245508437796921,-0.367646758322808,0.106,0.123,1
"GET3",0.245891315735556,-0.543891728982555,0.204,0.226,1
"MBD3",0.246052163420852,0.260888870765644,0.131,0.113,1
"PIK3CG",0.246236095442599,-0.453397601573583,0.197,0.219,1
"PNRC2",0.246613578265559,-0.272599701591013,0.394,0.414,1
"SNX20",0.246877780526436,0.289757537292051,0.114,0.097,1
"MAML1",0.248000967862843,-0.308795037881783,0.111,0.128,1
"BLCAP",0.250882411095798,0.294470278756868,0.198,0.177,1
"KCTD20",0.253268063646498,-0.312769043178483,0.377,0.395,1
"NARF",0.2534404149838,0.311789467264549,0.147,0.129,1
"PLAA",0.254091248139678,-0.297628864471153,0.119,0.138,1
"GPR183",0.254657975092767,0.279347714032896,0.255,0.284,1
"PMF1",0.255257893191026,0.275938346702265,0.28,0.254,1
"MCEMP1",0.25574486911106,0.30781694262244,0.192,0.171,1
"CMC2",0.255954569966897,-0.328356208442722,0.177,0.155,1
"GMPR",0.255957925184807,0.515802228963933,0.168,0.151,1
"NDE1",0.256407622233009,0.479955276941902,0.179,0.16,1
"ARNTL",0.257035464400499,-0.372082452331472,0.085,0.1,1
"NAT9",0.257781087802779,0.307252299094477,0.12,0.103,1
"FLOT1",0.258746637343792,-0.273316561498547,0.242,0.26,1
"POLR2J",0.2597628389255,-0.313484693731688,0.435,0.452,1
"NFAT5",0.26003836698871,-0.411166517758136,0.187,0.202,1
"CRYBG1",0.260753503310866,-0.33199957749827,0.226,0.247,1
"BDP1",0.260805971305221,0.309205011213116,0.279,0.258,1
"COMMD7",0.260972395095566,0.315573515573093,0.329,0.302,1
"MLLT6",0.261302800522689,-0.286761939650191,0.167,0.186,1
"REEP4",0.261345521265649,-0.401526383860073,0.116,0.132,1
"CAMSAP1",0.262562941411548,0.259637369062459,0.112,0.096,1
"AC253572.2",0.263183831839936,0.784133713628364,0.194,0.174,1
"CD300LB",0.263691141301971,-0.262154037777303,0.147,0.167,1
"YIF1B",0.264472345649481,0.275732858925895,0.138,0.158,1
"FAM104A",0.26468433459236,-0.311158580772295,0.153,0.175,1
"AIMP2",0.26628234104003,-0.331130147080675,0.093,0.107,1
"MGST2",0.266922357382407,0.269319874560568,0.251,0.233,1
"POLR2F",0.267526145869704,-0.309060220604822,0.247,0.269,1
"TNRC6A",0.268751184187894,-0.264595941682724,0.243,0.263,1
"TP53BP2",0.268904135472357,-0.387693605642706,0.175,0.195,1
"ACTR1A",0.268958204722439,-0.253825486458527,0.167,0.187,1
"SUCLG2",0.270167714266295,0.298474514782418,0.225,0.208,1
"LINC01678",0.270609632965068,-0.532696427236987,0.095,0.109,1
"FKBP4",0.271276286268858,0.293946497719946,0.114,0.097,1
"CEMIP2",0.271566231925046,-0.25011391882894,0.231,0.254,1
"ATXN1L",0.273054114128761,-0.270531297173248,0.095,0.112,1
"CD9",0.273518780372419,-0.439134019031686,0.156,0.175,1
"DDX24",0.275482979579728,-0.272291624454757,0.352,0.376,1
"NCOA6",0.276608131533734,-0.256947459410032,0.123,0.141,1
"MINDY2",0.278001888137573,-0.494016552764188,0.103,0.12,1
"QTRT2",0.278288920000764,0.276258401789042,0.16,0.144,1
"RPRD1A",0.279640303554587,0.297216816906927,0.14,0.123,1
"TSPAN4",0.280351136435884,-0.268377078550293,0.153,0.172,1
"DAGLB",0.281233720785079,-0.577617562724245,0.097,0.112,1
"NKIRAS2",0.281609690450303,-0.313955335841122,0.204,0.222,1
"BICRAL",0.281902355248054,-0.407606570464063,0.115,0.132,1
"DAXX",0.282014935256046,0.281493069947703,0.112,0.096,1
"ITPRID2",0.282128926765172,-0.305442826902716,0.295,0.322,1
"PRMT2",0.282279109288231,-0.279049255288229,0.411,0.422,1
"CLOCK",0.282303843260105,-0.344318631901721,0.091,0.106,1
"SYNJ1",0.282506171936964,-0.350215905270583,0.091,0.107,1
"MOB2",0.282930542505483,0.456112005269728,0.163,0.145,1
"TAF1",0.283032993745341,-0.29045206155058,0.157,0.176,1
"HMOX1",0.28429176019243,0.32570075102683,0.347,0.319,1
"DDX28",0.284333011793196,-0.303638306643769,0.089,0.103,1
"LRRC8C",0.284377953414228,0.446200281564419,0.114,0.098,1
"MLLT1",0.284626376406595,0.37785722709804,0.127,0.112,1
"NSFL1C",0.284974461246919,-0.32930113599542,0.249,0.272,1
"PIAS1",0.286256376590212,-0.259629116051287,0.417,0.449,1
"CYB561A3",0.286584729611063,0.341245407080987,0.169,0.15,1
"YIPF6",0.287176613836605,-0.253199730164555,0.126,0.143,1
"PYGL",0.289180683298112,-0.363193291521259,0.358,0.389,1
"SAP30L",0.289600953761341,0.297599405860598,0.114,0.098,1
"HDDC3",0.289608756622485,-0.2772609274433,0.128,0.144,1
"UBN2",0.292570166713072,0.325169725360638,0.13,0.115,1
"PLSCR3",0.297353213104863,-0.422299313211838,0.144,0.161,1
"ATP2B1",0.298325337401317,-0.454817239083701,0.542,0.523,1
"NDUFAF3",0.298366259570181,-0.301591642103207,0.306,0.324,1
"IKBKG",0.29865098945709,0.305734313721423,0.151,0.135,1
"GGCX",0.301608701809717,0.267233378516084,0.16,0.142,1
"FAM192A",0.301986357932188,0.286923117317647,0.201,0.184,1
"DCAF8",0.302245873696546,0.316665630801992,0.208,0.188,1
"RELCH",0.303462126397812,-0.263045062479253,0.167,0.186,1
"DDX50",0.303742312474857,0.364835153863198,0.16,0.144,1
"TRIM26",0.304219388371654,-0.353213372275075,0.131,0.147,1
"WDR6",0.304651717655808,0.412723909711891,0.104,0.091,1
"MED10",0.304958173651888,-0.303849070126319,0.274,0.294,1
"ORMDL2",0.305211559025295,0.253440608499093,0.175,0.157,1
"SEC24C",0.30528242166015,-0.349194805654157,0.114,0.129,1
"TMEM107",0.306503717352025,0.3795369305639,0.188,0.168,1
"HERC3",0.306521138504696,-0.359191709310155,0.136,0.153,1
"EIF4EBP2",0.307193320778833,-0.250262936625502,0.435,0.448,1
"FAM76A",0.30761223192404,0.291304216176617,0.139,0.124,1
"EPS15L1",0.308341327785406,0.719235527784964,0.114,0.1,1
"SCARB2",0.309127676011895,-0.251017362366876,0.302,0.314,1
"ELL2",0.309309411168695,0.264916524812291,0.168,0.152,1
"FAM110A",0.310799745664137,-0.550484796832502,0.189,0.168,1
"CSRP1",0.311396508739322,-0.494090701047395,0.127,0.142,1
"BRAP",0.312293851334008,-0.547944754417171,0.095,0.109,1
"PPP2CB",0.312380327834889,0.563937479538645,0.173,0.155,1
"TRIQK",0.312397857047074,0.337618238654992,0.208,0.194,1
"PRKAA1",0.312626980040175,-0.30713954751183,0.175,0.195,1
"CALCOCO1",0.313022083743279,-0.271149311041239,0.149,0.169,1
"FAM126B",0.313477320323114,-0.321121376698222,0.175,0.196,1
"NUDT22",0.313486847680443,0.302312405042827,0.193,0.175,1
"KDSR",0.313619258152695,0.273691841159524,0.148,0.131,1
"ASAP1",0.313762393632383,-0.288925975056677,0.392,0.411,1
"MAML3",0.314276796758266,0.285946232579262,0.253,0.227,1
"PHF11",0.315543567558086,0.311632381844606,0.259,0.244,1
"NEK9",0.315571449721768,0.494153788720743,0.11,0.096,1
"KDM6B",0.319121335601103,0.518843339155758,0.332,0.327,1
"ZNF830",0.319763585928041,-0.302791444869147,0.089,0.102,1
"ING2",0.320073616586643,0.429066247130649,0.118,0.105,1
"LINC02432",0.320213888640491,0.431406293961966,0.119,0.106,1
"DDX59",0.32043498967632,0.385642667750604,0.126,0.109,1
"PHF20L1",0.320447049956281,-0.288176316043358,0.382,0.407,1
"KDM1A",0.32222093103474,0.433381149539438,0.156,0.138,1
"OFD1",0.322244112058366,0.314335717532964,0.104,0.09,1
"TMEM141",0.323331544327316,-0.251526432763166,0.179,0.196,1
"MTCH1",0.323943980239168,-0.318882030978377,0.377,0.398,1
"NADK",0.3239710567126,0.254738139105528,0.261,0.247,1
"PPP6R2",0.324508365995775,-0.310896462072224,0.237,0.213,1
"ROCK2",0.325024121362011,0.371681351300516,0.197,0.182,1
"ZNF264",0.325319630835665,-0.466949467865091,0.102,0.116,1
"AKT2",0.326498551555135,0.380195638207084,0.193,0.176,1
"TMEM243",0.329078076892286,0.316530699061748,0.208,0.19,1
"MAP3K13",0.329087889830096,0.288440784010268,0.142,0.126,1
"SURF2",0.329595601248726,0.34882590800236,0.156,0.14,1
"SFXN3",0.33002035670785,-0.406042636205582,0.13,0.144,1
"PIP5K1C",0.33114489625304,0.257962711596712,0.115,0.101,1
"CCDC28A",0.33219273846923,-0.331992002244024,0.136,0.152,1
"TMED7",0.332587519971128,0.295768064399544,0.351,0.334,1
"HMGCR",0.333617081321361,-0.275844001851636,0.147,0.165,1
"TXNDC11",0.333853665885737,0.508469238336264,0.153,0.14,1
"ZMYND11",0.334292992980306,0.347491715945718,0.115,0.101,1
"HINT2",0.334859858155233,-0.369619345662227,0.148,0.164,1
"MFSD11",0.337707094422431,-0.373594503974781,0.11,0.124,1
"ABCC1",0.34108022908402,0.33037003387704,0.111,0.098,1
"TRRAP",0.341256493384818,-0.28196189672969,0.13,0.145,1
"GNA12",0.346589285378796,-0.279165439127782,0.11,0.125,1
"UBL7",0.347717572665939,0.333820754562276,0.127,0.113,1
"MOGS",0.348849207547957,-0.559405955257461,0.094,0.107,1
"C21orf91",0.34898646582255,-0.435796448889424,0.089,0.101,1
"BAD",0.348993685241051,-0.45811220302676,0.14,0.156,1
"OTUD4",0.34944204075223,0.323573855050242,0.165,0.153,1
"IDH3A",0.349798379016604,0.250450319872335,0.135,0.121,1
"YDJC",0.350414565605152,-0.375152540310075,0.102,0.116,1
"GTPBP6",0.351079946436237,-0.282442286052174,0.173,0.189,1
"SNN",0.352164136355104,-0.297096023879382,0.321,0.336,1
"PDLIM1",0.352341482039872,-0.38519672263145,0.146,0.161,1
"ZNF143",0.355855498417036,0.480292190033981,0.118,0.105,1
"JADE2",0.356298729617304,-0.310170959235096,0.124,0.138,1
"ERN1",0.357610802653567,-0.378021249402806,0.13,0.145,1
"TMEM106B",0.358123162770289,-0.54520255224853,0.12,0.135,1
"PUM2",0.358543145195814,0.31383998575177,0.291,0.279,1
"SENP5",0.358884003363759,-0.264896284221643,0.138,0.152,1
"AGGF1",0.359951901443001,-0.265067281811595,0.144,0.16,1
"STK25",0.360839518695268,0.300478928912111,0.144,0.13,1
"DUSP12",0.360976077645356,-0.456640424289708,0.091,0.103,1
"BORCS6",0.362478311200928,0.304989441071372,0.112,0.099,1
"C1orf174",0.362515541125416,-0.422697076384443,0.094,0.107,1
"RELA",0.364333969037924,-0.370297661393589,0.187,0.201,1
"AL139246.5",0.364547058540293,0.390793135726396,0.101,0.089,1
"U2SURP",0.36525871563296,-0.250062782287585,0.411,0.42,1
"RSBN1L",0.366448235469665,-0.450689202187984,0.226,0.242,1
"SLC25A1",0.367140636620134,0.281114072164708,0.119,0.104,1
"AC245014.3",0.36717141704648,0.672970399794266,0.13,0.118,1
"ZNF428",0.368402567334176,0.313566838509887,0.119,0.106,1
"ARHGEF2",0.368438473577453,-0.270163494737032,0.253,0.271,1
"SLC27A3",0.368571788813621,-0.294921148107306,0.175,0.19,1
"CAB39",0.368692205122299,-0.262455300538147,0.323,0.349,1
"CD226",0.370247238654935,-0.752590120285003,0.091,0.102,1
"AC127502.2",0.370424606202773,0.263573272759999,0.23,0.213,1
"EAF1",0.373508372248131,0.423709457486347,0.235,0.226,1
"PROSER1",0.373562639721677,-0.486073546461932,0.09,0.102,1
"TMCC1",0.374006010764232,-0.326331757086435,0.128,0.143,1
"BSCL2",0.374250794957776,0.496422247727714,0.138,0.124,1
"SENP2",0.374856449325903,0.341240924055422,0.143,0.13,1
"PUF60",0.374877657182068,-0.372272037340817,0.269,0.282,1
"SUCO",0.375681099177349,-0.257289980607435,0.156,0.168,1
"CSF1R",0.377204711655095,0.262340364864423,0.329,0.318,1
"NSUN2",0.377583994579283,-0.645653876476735,0.095,0.107,1
"SLC9A9",0.378801984868564,-0.633075793816097,0.087,0.1,1
"SREBF2",0.378899872912106,-0.389899453764027,0.095,0.108,1
"SRCAP",0.380054587593143,0.367303745220602,0.132,0.12,1
"TFDP2",0.38054434266965,-0.89472441463978,0.089,0.1,1
"NOM1",0.382343807093126,-0.307948960924192,0.104,0.117,1
"TMEM18",0.383413881669914,-0.354037610292648,0.188,0.204,1
"ARL4C",0.387791936834593,0.359009697333733,0.302,0.291,1
"SELENOO",0.388734103781916,0.351630877966741,0.132,0.118,1
"ST3GAL2",0.392310782909623,-0.252464322570553,0.122,0.137,1
"PBXIP1",0.392931786051754,-0.41526805293355,0.095,0.107,1
"SMAD3",0.392987745231506,-0.479792058049151,0.11,0.121,1
"CHM",0.393670609483874,-0.388878724657768,0.093,0.104,1
"TMCO3",0.394273667292397,-0.409071208677803,0.189,0.204,1
"PGM1",0.395083579842924,-0.52339432441666,0.102,0.114,1
"ZMPSTE24",0.395942912745394,0.271869233304431,0.147,0.135,1
"GAS2L1",0.396499638880408,-0.916699254798449,0.14,0.151,1
"DPF2",0.396929559904042,0.293876936685622,0.153,0.143,1
"ZNF506",0.3974002605133,-0.285255137230088,0.095,0.107,1
"NLRC4",0.397568543928471,-0.299762345825145,0.106,0.094,1
"MAPRE2",0.398770794218933,-0.381792512985696,0.226,0.209,1
"EXOC3",0.400174346576544,-0.359629178278989,0.19,0.204,1
"ARHGEF3",0.400287573419925,-0.289421053602,0.209,0.223,1
"ADM",0.403165424309711,0.515061290120691,0.119,0.108,1
"SPINT2",0.406058746247133,-0.306014006562214,0.294,0.312,1
"AC025159.1",0.407861263256713,0.424215718615991,0.111,0.125,1
"METTL22",0.407946970584078,-0.351597011545401,0.144,0.157,1
"STEAP4",0.410084304894536,0.2585919703598,0.104,0.092,1
"SNAP23",0.41091400344721,-0.37884254052176,0.433,0.432,1
"LNPK",0.412886503057247,-0.336702910942839,0.127,0.14,1
"VGLL4",0.415884505880968,-0.75799744885739,0.108,0.12,1
"AK3",0.416570608065851,-0.558068445815402,0.091,0.102,1
"MTF2",0.418343228851336,-0.278725211857768,0.21,0.228,1
"MAP4K5",0.419499825849539,-0.465281399721768,0.123,0.136,1
"ECI2",0.420321675841505,0.46292405453822,0.116,0.106,1
"SLC35F6",0.420743294916488,0.380519759911834,0.161,0.15,1
"USO1",0.421968608401837,-0.366899627726999,0.124,0.137,1
"DRAM1",0.424271406787626,-0.358759713524535,0.131,0.144,1
"NOL11",0.425674304109431,-0.271705309894229,0.114,0.126,1
"EGR1",0.425693407489037,-0.446715379171276,0.194,0.202,1
"C14orf119",0.426628129884201,-0.454801858241032,0.11,0.122,1
"RAB5A",0.426677784376719,-0.289115523503721,0.251,0.269,1
"MPZL1",0.427845534768233,0.271666323948444,0.127,0.116,1
"VRK3",0.429568991453116,-0.336447541202693,0.11,0.121,1
"ZBTB44",0.429727827443031,-0.303144094405029,0.222,0.237,1
"EID2",0.429892705935635,-0.318483669924261,0.098,0.109,1
"ILRUN",0.430852825647714,0.361845808163564,0.142,0.128,1
"AKT1",0.431075504828114,0.26552092095116,0.216,0.201,1
"SPAST",0.431467574712418,-0.481716032905479,0.196,0.209,1
"PHC3",0.432750762506517,-0.316845881357036,0.235,0.251,1
"ARHGAP25",0.432803421699963,-0.3016309640318,0.111,0.123,1
"CD47",0.433213876090934,-0.410574074033128,0.349,0.369,1
"ARHGAP27",0.433600515581854,-0.304327283256105,0.192,0.203,1
"FAM172A",0.433915050925188,-0.451759008782116,0.128,0.139,1
"ICE1",0.434985155864453,-0.275330813023513,0.168,0.178,1
"POC1B",0.435042047005442,-0.287143341628729,0.095,0.106,1
"XXYLT1",0.435136984718515,0.25916719284989,0.118,0.107,1
"POP4",0.435433391836527,-0.302521732977159,0.14,0.153,1
"NSF",0.435609343453603,0.320135425960426,0.197,0.186,1
"HNRNPF",0.436079224656284,-0.277475327490422,0.52,0.532,1
"MTMR9",0.43650209626816,-0.305506276635821,0.131,0.142,1
"PIK3C3",0.437463756648085,0.268114856935825,0.155,0.143,1
"FAM214A",0.438800811535369,-0.463850027598458,0.095,0.106,1
"CD82",0.44015577876434,-0.334853793445904,0.101,0.112,1
"TBCD",0.440355144118135,-0.38483717781704,0.09,0.1,1
"MT-ND6",0.44086168951643,-0.285268396726139,0.114,0.101,1
"CXCL2",0.444264913564414,0.458253883597113,0.136,0.127,1
"TAOK3",0.444483762264604,-0.323337018982368,0.503,0.514,1
"TIGAR",0.445171464054819,0.290401868743446,0.134,0.121,1
"SPG11",0.445223896305757,-0.306980413805206,0.295,0.311,1
"PEF1",0.446338540143453,-0.404066863757291,0.127,0.14,1
"GABARAPL2",0.448082268336763,-0.253543388334043,0.537,0.552,1
"LCORL",0.448635976822494,0.272614941467955,0.171,0.161,1
"SLC7A6OS",0.450836008341752,-0.277314239086956,0.093,0.103,1
"ZBED5",0.451873781317865,-0.257293929794655,0.12,0.132,1
"ACAP3",0.452258172304649,-0.34587925410737,0.093,0.102,1
"KPNA3",0.453039278604677,0.382178045435913,0.214,0.202,1
"MTMR10",0.453967112630498,0.366339644837337,0.159,0.149,1
"GRAMD1A",0.454790154629997,-0.494860461039062,0.142,0.129,1
"UTP11",0.457067792315315,-0.329253329571867,0.116,0.128,1
"KDM6A",0.460280008928467,0.275301632780696,0.188,0.178,1
"FAR2",0.460290997596285,0.3016398857017,0.119,0.107,1
"ZCCHC8",0.460579727984879,0.353433833005877,0.138,0.126,1
"ATG101",0.462489761285347,-0.305790535644817,0.128,0.139,1
"CCDC117",0.463456170502228,-0.368731900904095,0.103,0.113,1
"FBXO34",0.46720158288332,0.28828514747753,0.188,0.18,1
"XPR1",0.467648523247254,-0.376230694573997,0.155,0.165,1
"U2AF1",0.467800433406498,0.332475513749802,0.13,0.12,1
"UBXN2A",0.468531902714334,0.495981879592876,0.126,0.139,1
"MAGED2",0.469667872655148,-0.66685127404882,0.122,0.13,1
"WDR7",0.470699788908601,0.486858485892081,0.114,0.104,1
"HLA-DQA2",0.472132843698264,0.315154259769185,0.187,0.176,1
"COPG1",0.472766633958364,0.272013714553276,0.151,0.14,1
"CCDC174",0.472986409092822,-0.329050452667906,0.116,0.127,1
"ARL16",0.473697458198163,-0.267825998662008,0.115,0.126,1
"FEM1C",0.475876570455811,0.277389212074253,0.138,0.126,1
"VIRMA",0.476845533148603,0.281139431722909,0.159,0.147,1
"R3HDM4",0.477266651569479,-0.303132885421131,0.339,0.345,1
"BIN2",0.479732321283995,-0.303848193220865,0.552,0.56,1
"RCN2",0.481080224628008,-0.25741592408474,0.12,0.133,1
"ZBTB37",0.482899745042438,0.471528544580426,0.11,0.1,1
"LUC7L2",0.482927076686306,-0.495536300148734,0.274,0.288,1
"REV1",0.483574505028919,-0.619056549455418,0.131,0.142,1
"SLC25A16",0.485714206651615,0.405585384746239,0.114,0.104,1
"PDPR",0.485752351914347,0.264151372698401,0.131,0.121,1
"RHOC",0.486255663987248,-0.294988274349757,0.183,0.167,1
"UBTF",0.488357900414349,0.301938571874549,0.192,0.178,1
"LMAN1",0.488956281845168,0.372126509406085,0.176,0.164,1
"RABGEF1",0.489227354858874,-0.400356950321218,0.189,0.201,1
"XPNPEP1",0.491097724698043,-0.437039524591669,0.18,0.192,1
"LDLRAD4",0.497695475068098,0.354300692160844,0.11,0.101,1
"PDE4D",0.498621146238136,-0.465694192398439,0.122,0.135,1
"ZNF410",0.499471460095248,-0.430616796671544,0.104,0.115,1
"ITPRIP",0.499741753234663,0.254486365095139,0.184,0.175,1
"MCRS1",0.499819508403533,-0.36447243274351,0.13,0.141,1
"PUDP",0.500794820025157,0.418385106716906,0.111,0.103,1
"MRPS10",0.502988515992722,-0.307145480815868,0.176,0.189,1
"SINHCAF",0.504435088304273,-0.375622934276406,0.13,0.142,1
"ATG9A",0.509032591287978,0.412013811871756,0.108,0.099,1
"COPZ1",0.509079111817968,-0.305997302485644,0.295,0.302,1
"TTN-AS1",0.50968290429528,-0.396212815264763,0.095,0.105,1
"NDUFS2",0.509823650178559,0.276080042755218,0.279,0.268,1
"EIF2B2",0.510585011863716,0.325189467239887,0.102,0.094,1
"HPSE",0.514261008569624,-0.314224673480686,0.184,0.193,1
"SFT2D1",0.517280137479539,-0.315595939273857,0.328,0.338,1
"DCTN2",0.518137393503409,-0.296672847295321,0.269,0.276,1
"HBA1",0.518594623956639,0.530722459306896,0.237,0.265,1
"GNA15",0.519005818558609,-0.458277296874503,0.156,0.166,1
"CDIP1",0.519608375676489,-0.324896481683607,0.107,0.097,1
"MRPL40",0.521248751999186,0.267947846543565,0.188,0.178,1
"PDE8A",0.521471646272463,-0.427700309951625,0.103,0.111,1
"PTPA",0.521584320093216,0.295227660652253,0.115,0.106,1
"PTPRJ",0.523854334673156,-0.262515317618993,0.378,0.385,1
"WBP1",0.526231530260008,-0.485826643298996,0.116,0.125,1
"ZNF639",0.527121438645244,0.346944300498306,0.14,0.131,1
"TOMM70",0.530988320610006,-0.467731100009478,0.107,0.116,1
"SLC11A2",0.531044842185327,0.478296588435173,0.119,0.109,1
"CBX5",0.532205451364582,0.43571327519234,0.106,0.098,1
"ODR4",0.532502994404956,-0.287818437293443,0.095,0.105,1
"TCEAL8",0.534274266502838,-0.559419528574534,0.151,0.163,1
"NAA25",0.534669779108258,0.449785056535113,0.106,0.099,1
"BRPF1",0.534792636560337,-0.374879008656563,0.097,0.105,1
"MICAL1",0.535239138424201,-0.304267639798181,0.146,0.154,1
"LINC00909",0.536366563748841,-0.341089727839097,0.103,0.111,1
"TP53INP1",0.536507118893731,0.349917913786879,0.131,0.123,1
"PTGS2",0.537349200622045,0.50377056511753,0.175,0.167,1
"NUDT2",0.541990687823157,-0.593108363787005,0.123,0.131,1
"HSPB11",0.542323349577491,-0.296190917872274,0.149,0.161,1
"KRIT1",0.544211280750262,-0.277289627718178,0.106,0.116,1
"NCK1",0.545786116196464,-0.271446830574738,0.172,0.16,1
"RAP2A",0.546388393918765,0.310489903519932,0.116,0.106,1
"SECISBP2L",0.54640754400211,-0.297568898304447,0.187,0.196,1
"SOAT1",0.548735568807906,0.27313972397415,0.279,0.275,1
"ABL2",0.549356914928865,-0.358554498657166,0.108,0.117,1
"CDS2",0.549568068351381,-0.299953810835776,0.176,0.188,1
"IFT57",0.55203814213314,-0.405904438266619,0.102,0.111,1
"CGAS",0.552664563451386,-0.283858401902084,0.102,0.109,1
"EPSTI1",0.5575878695112,0.326537349707782,0.163,0.154,1
"YTHDC2",0.560124177495834,-0.495454791337992,0.143,0.151,1
"ING4",0.560399347273307,0.331521550683153,0.12,0.113,1
"PRKAG1",0.561539151514577,-0.326483315678826,0.147,0.155,1
"ABHD14B",0.56179839331193,-0.387288725444445,0.163,0.149,1
"CTBP1",0.562577757386269,-0.271838439265096,0.234,0.245,1
"BCL2L11",0.562625672733569,0.317868916125931,0.192,0.186,1
"ZNF131",0.56279348048706,-0.255413603359302,0.163,0.171,1
"FBH1",0.565876047036482,-0.327732303515422,0.114,0.121,1
"ZNF609",0.566836016330562,-0.292896350234094,0.16,0.167,1
"DERL1",0.568485063093478,-0.324946400167061,0.221,0.229,1
"RNF5",0.569497815619687,-0.307736660701934,0.12,0.131,1
"SMIM7",0.570056687565434,-0.323984919902187,0.328,0.337,1
"TCF4",0.570190476265,-0.330417011272282,0.122,0.13,1
"GNL1",0.570929749527848,-0.373746648727713,0.12,0.128,1
"CNOT8",0.572277850249808,-0.2762738526133,0.22,0.231,1
"ZNF592",0.572557940810815,-0.274807759605557,0.118,0.126,1
"IGF2BP2",0.572735679403656,-0.69283712319051,0.116,0.124,1
"CCDC124",0.573768303311776,-0.266337794224241,0.185,0.193,1
"MAPK3",0.5771337545928,0.263122470812305,0.151,0.14,1
"NHSL2",0.57722437437328,0.375869188887686,0.204,0.196,1
"TUBB4B",0.579907096075796,-0.319828987734457,0.351,0.33,1
"NDUFA8",0.580016225192451,-0.331526481507411,0.153,0.143,1
"UTP6",0.584089011137172,0.403232557279313,0.143,0.135,1
"DVL3",0.587422132090444,0.272113447468534,0.118,0.111,1
"TSC22D4",0.58957365959627,-0.474852738777723,0.263,0.269,1
"GOLGA5",0.590689606600774,-0.27170612743494,0.104,0.113,1
"NLRC5",0.591020146209059,-0.375061103757688,0.152,0.141,1
"PTGIR",0.591074753229229,-0.831089823315977,0.102,0.109,1
"SPTSSA",0.592857362274181,-0.494825555682245,0.269,0.278,1
"EAF2",0.594434255945682,0.28947317281899,0.123,0.133,1
"RGS14",0.594556904764622,0.311261115594428,0.127,0.121,1
"HBA2",0.594829782458808,0.494381399859942,0.358,0.379,1
"ANKRD17",0.596853731707724,-0.284143799040327,0.183,0.191,1
"PCNP",0.597271578312977,-0.255836628740551,0.435,0.444,1
"SORT1",0.59803479109014,-0.512376846960745,0.234,0.242,1
"CAMTA1",0.598480432656251,-0.26822606640654,0.312,0.322,1
"PCMTD1",0.600614226234549,-0.271084633531988,0.332,0.315,1
"UBAC2",0.600673607644617,-0.256531503583582,0.296,0.306,1
"SLC39A3",0.603147779351166,-0.367741024785359,0.146,0.152,1
"COPS7A",0.604938013480677,-0.319130738871628,0.152,0.158,1
"IER3",0.607226780707184,0.83761380996626,0.466,0.502,1
"BSDC1",0.608556510420082,-0.538790570611821,0.159,0.166,1
"RING1",0.608710610333878,-0.369435377819235,0.114,0.12,1
"TOLLIP",0.611203876445056,-0.320907020062551,0.2,0.205,1
"RPF1",0.61328973332382,-0.291627856485659,0.193,0.2,1
"CXXC1",0.614411247938089,-0.71686324903989,0.099,0.105,1
"DOK2",0.617356734454615,-0.461224671299086,0.521,0.512,1
"SMIM12",0.619610477592501,-0.323761327159407,0.189,0.196,1
"LETMD1",0.623640579282886,0.333581035943358,0.148,0.14,1
"VDAC3",0.624039980386813,-0.297254730102399,0.313,0.315,1
"GNL3",0.629588827099251,0.289537917075965,0.157,0.168,1
"IVD",0.629805042718205,-0.311071928427427,0.098,0.104,1
"POLDIP3",0.631952441934094,0.335873293610426,0.14,0.133,1
"ZYX",0.635360689305109,-0.334718765144744,0.549,0.543,1
"ZMYM2",0.635511392958146,0.261620518737292,0.331,0.328,1
"KHNYN",0.635875926982935,-0.479052029904466,0.098,0.104,1
"DGCR2",0.637020230201215,0.320453457095685,0.126,0.119,1
"SNTB1",0.639791932121534,0.270206473987113,0.115,0.109,1
"AC003681.1",0.639950886808217,0.270526372785312,0.119,0.112,1
"HMOX2",0.641260903202512,-0.317318711556108,0.114,0.12,1
"ASH2L",0.644753476659192,0.289998704485452,0.122,0.115,1
"PER2",0.64815405155877,-0.297177854941245,0.108,0.115,1
"NRROS",0.651787634145201,-0.444006407176119,0.147,0.151,1
"FUNDC2",0.651791435440744,0.295749138698392,0.275,0.262,1
"BCAP31",0.653753158520245,-0.27277021820624,0.417,0.429,1
"LUCAT1",0.654734598504405,0.28637726756684,0.225,0.244,1
"RARS2",0.657014705015821,0.253947383952825,0.115,0.109,1
"PPP2R2D",0.660799981271875,-0.295336900750284,0.209,0.198,1
"SFXN5",0.661911082565088,-0.350893810901976,0.106,0.112,1
"ADGRE1",0.662183002996742,-0.274954977630288,0.131,0.124,1
"NBDY",0.663999719764875,0.266308281622913,0.19,0.202,1
"HBD",0.664828911370383,0.37608002628217,0.103,0.097,1
"DCTD",0.665753159698283,0.36603590650474,0.123,0.118,1
"DNASE1L1",0.667277735163598,0.283226753252975,0.151,0.146,1
"SPECC1",0.667479031721061,0.252306707903267,0.286,0.282,1
"PITPNA",0.673274874456571,0.261941831665192,0.205,0.199,1
"DDX41",0.673313956323422,0.403126004380386,0.139,0.132,1
"HINT3",0.677895457944894,0.381599461352066,0.114,0.122,1
"NFE2",0.678424580525659,-0.422802487803284,0.184,0.19,1
"ABHD16A",0.68079897225071,-0.378262037976827,0.2,0.191,1
"GUSB",0.681566162070811,-0.40899183929968,0.229,0.234,1
"FBXO22",0.685840289762568,-0.607174389152028,0.098,0.103,1
"TCP1",0.690986872488918,-0.398842255002808,0.253,0.258,1
"PLEKHA3",0.691624776861504,-0.253820167396372,0.246,0.249,1
"STOM",0.69181674839431,-0.401438421463174,0.237,0.24,1
"GOPC",0.692692014794709,-0.285906786293198,0.115,0.121,1
"RCHY1",0.694070400075089,-0.907904140069437,0.103,0.108,1
"ICAM2",0.694385559538678,-0.313317242371041,0.231,0.222,1
"DERA",0.695236185440974,-0.330269460591025,0.163,0.169,1
"COQ7",0.70071244651211,0.291266614487461,0.123,0.117,1
"MCUR1",0.7029694271298,0.266005530880036,0.19,0.184,1
"MEX3C",0.706148816397023,-0.324031574546744,0.14,0.145,1
"PRDX4",0.707001250750516,-0.337084333646604,0.103,0.107,1
"ZBTB38",0.708420157635838,-0.446348750948737,0.122,0.128,1
"SYNE1",0.710945565457161,-0.471218662671526,0.171,0.175,1
"EFTUD2",0.711029861080803,-0.378257110486435,0.217,0.22,1
"MITD1",0.715055090539528,0.38411987314179,0.135,0.132,1
"UPF2",0.71571248412797,-0.45627730002797,0.179,0.185,1
"SMC3",0.716767470894615,-0.33840614219118,0.253,0.258,1
"TXNRD1",0.720742154667892,-0.32918473850909,0.2,0.206,1
"TAX1BP3",0.730006057782252,-0.310408542668526,0.185,0.19,1
"CXCL8",0.731458841377848,0.875108455940117,0.292,0.322,1
"TMEM189",0.734523801615066,0.277461903966001,0.155,0.15,1
"FBXL17",0.735708746833409,-0.407089591481556,0.098,0.102,1
"CEBPG",0.735995118002949,-0.275984882559094,0.185,0.193,1
"SPRTN",0.737194233340659,-0.353999015047823,0.111,0.115,1
"DSTN",0.737410374865357,-0.397579432442429,0.319,0.324,1
"FBXW11",0.739644966708209,-0.304924154363023,0.198,0.202,1
"BICD2",0.742075607444597,-0.273832361405182,0.291,0.282,1
"RABIF",0.745466083337748,-0.333754767821273,0.128,0.132,1
"TPRKB",0.749025302755711,0.314448224736211,0.192,0.186,1
"CERS2",0.751703648239608,0.298475326921157,0.319,0.318,1
"CSNK1G3",0.756297577824239,-0.285400266218478,0.201,0.191,1
"YOD1",0.758151585339092,-0.448175923291935,0.131,0.125,1
"NSMCE2",0.764379511423311,-0.446363203508255,0.114,0.117,1
"NIT1",0.766406147657204,0.375288240756366,0.104,0.1,1
"ISG15",0.771153512439415,0.330129016642768,0.261,0.254,1
"THUMPD3",0.772050205056085,-0.333097331146775,0.119,0.122,1
"PCM1",0.774495132291792,-0.296018916655374,0.348,0.355,1
"SYNRG",0.775455082720204,-0.312450276667983,0.2,0.205,1
"PHF2",0.784639173559529,0.330137566252958,0.107,0.105,1
"VCP",0.785533056521517,-0.319951984848247,0.344,0.347,1
"PRRG4",0.787171660258286,0.408960453114415,0.123,0.121,1
"CAMK2G",0.7904815138895,-0.29663642695554,0.102,0.106,1
"DNAJC19",0.793200075807133,-0.401268562111838,0.164,0.169,1
"ACAT1",0.794131635821892,-0.359081123431901,0.108,0.111,1
"CLN8",0.794237833338326,0.286302419614209,0.184,0.182,1
"CCAR2",0.795189553746578,-0.275719091947271,0.103,0.105,1
"PPP6R1",0.796985695053578,-0.421333250342389,0.213,0.219,1
"RHOF",0.79765584519044,-0.28956524768869,0.13,0.133,1
"CRLS1",0.798634157884483,0.31204018132749,0.152,0.158,1
"TPRG1L",0.799645834371663,-0.318727628017636,0.114,0.117,1
"PDZD8",0.809478921423305,-0.268139821324469,0.192,0.197,1
"OSBPL2",0.812567959145364,-0.448617082267534,0.102,0.103,1
"MARK4",0.813515774861719,-0.471231969492393,0.101,0.102,1
"MEF2D",0.814282259181509,-0.286080690709065,0.234,0.236,1
"GSK3A",0.816510706504535,-0.331893665574222,0.194,0.198,1
"USP10",0.81703620295144,-0.299939866751364,0.23,0.234,1
"MMADHC",0.819070706497761,0.263291221462636,0.221,0.228,1
"TSPAN32",0.821398708085449,-0.579717634686213,0.135,0.138,1
"PPIL2",0.822332396251576,-0.280647619078113,0.149,0.151,1
"RAB35",0.825020655414974,-0.260104169092228,0.123,0.127,1
"TLK1",0.826678882709551,-0.312687229614513,0.354,0.349,1
"SMIM10L1",0.83017250255617,-0.295047461850488,0.193,0.199,1
"SLC35E3",0.830674006002499,0.281970181023156,0.213,0.227,1
"CETN2",0.831813926470625,0.421098193536703,0.107,0.111,1
"EMC8",0.835303130936244,-0.365496062653387,0.157,0.152,1
"CRNKL1",0.836985344990473,0.33375920336124,0.124,0.128,1
"RAB30-DT",0.837469003805382,-0.266910108289567,0.111,0.114,1
"LRRC57",0.842195925029349,-0.326618625470766,0.104,0.106,1
"FAM228B",0.843061959769368,-0.430759058490492,0.111,0.113,1
"PSMC2",0.846244923834762,-0.304187556243555,0.149,0.151,1
"BORCS5",0.850629381909579,-0.444255019169205,0.103,0.106,1
"TADA3",0.852031016672901,-0.277896963047283,0.228,0.228,1
"GLA",0.853493844760679,-0.4057646617623,0.112,0.114,1
"UROD",0.856627458598252,-0.297542024954883,0.149,0.152,1
"TPCN1",0.866050030145459,-0.257629495153615,0.144,0.145,1
"PIP4P2",0.866396813515461,0.384154139712805,0.226,0.226,1
"EREG",0.866401321042834,0.595532162503843,0.243,0.245,1
"TSR2",0.873360150208413,-0.259550645451749,0.115,0.112,1
"C5orf15",0.874333777740552,0.25300847383019,0.169,0.167,1
"ABCC3",0.874609438564742,-0.344051737408933,0.106,0.102,1
"HSPB1",0.874817389139871,0.362336176771307,0.131,0.129,1
"VKORC1",0.87484463438159,-0.418553430124243,0.221,0.218,1
"IP6K2",0.87541907686841,-0.283068278368974,0.128,0.125,1
"TIA1",0.882757677870036,-0.366810265672742,0.209,0.201,1
"OSM",0.883678507179975,0.267455262561391,0.101,0.099,1
"LYL1",0.893903222822102,-0.365845677818223,0.356,0.346,1
"AC007952.4",0.896398317935922,0.385820917742278,0.282,0.281,1
"MADD",0.899876878291759,-0.306778101527324,0.114,0.113,1
"CCDC25",0.900307893947985,-0.299278169668407,0.146,0.142,1
"POGK",0.901179479366212,-0.254426611643387,0.172,0.173,1
"CREBZF",0.903255688784398,-0.274646274813616,0.131,0.132,1
"ABI3",0.905020621103487,0.278912313622508,0.142,0.143,1
"TBPL1",0.908615746806527,-0.439303312912051,0.122,0.118,1
"BUD23",0.908985428033909,-0.410767697648018,0.189,0.187,1
"KLHL6",0.91268343568965,-0.508969791303084,0.104,0.102,1
"YWHAH",0.912765326941353,-0.412537705406666,0.427,0.415,1
"HDAC3",0.912795547346826,-0.583899762599067,0.165,0.16,1
"UHRF2",0.913205704492821,-0.359425974147579,0.102,0.1,1
"CD151",0.915821445985235,-0.442438500852321,0.255,0.254,1
"CAPN1",0.919364458294523,-0.443983170569111,0.316,0.314,1
"SLC50A1",0.920189934112513,0.337295573489502,0.104,0.103,1
"ISCA1",0.921831728783602,-0.327893163678296,0.282,0.273,1
"MTRF1L",0.921943456870225,-0.266506961028268,0.156,0.156,1
"RANBP6",0.925370806615411,0.334845232690661,0.111,0.115,1
"PIK3C2A",0.928788925312978,-0.30459223539145,0.169,0.17,1
"ARHGAP35",0.930433606949343,0.342127682240246,0.106,0.108,1
"CCSER2",0.933571540601524,0.416205955754603,0.138,0.141,1
"SERINC3",0.934123258317818,-0.332324602616151,0.403,0.404,1
"POLR2M",0.93741737265359,-0.329629673216613,0.135,0.133,1
"NAA60",0.937983555865017,-0.394751796438334,0.155,0.153,1
"RNF113A",0.938385970878426,-0.388323790589578,0.12,0.118,1
"NPHP3",0.942586320206242,-0.272408961571728,0.111,0.112,1
"CCDC32",0.944142384501427,-0.628253871911496,0.106,0.104,1
"CTR9",0.94553698809153,-0.267856316459003,0.183,0.182,1
"HERC2",0.951212939183091,-0.286392114163261,0.12,0.119,1
"CIC",0.951549093075534,0.372502069828164,0.122,0.124,1
"SMIM15",0.952161105253146,-0.251961478341562,0.153,0.153,1
"HPS4",0.954363793812844,0.355222400227127,0.104,0.107,1
"INO80E",0.954465185546646,-0.259481091836199,0.112,0.113,1
"CD300C",0.954871549821451,0.278112647798,0.11,0.109,1
"CPSF3",0.955646960414705,0.32221364545781,0.11,0.114,1
"AL390728.6",0.956916383645491,-0.264188991439186,0.114,0.113,1
"DNMT1",0.958866301241802,-0.255122145070468,0.18,0.177,1
"ATF2",0.959559728803974,0.294885046011651,0.123,0.127,1
"RBM38",0.964351974830801,-0.440459417601075,0.238,0.234,1
"RPA1",0.971469572936001,0.296854132079585,0.146,0.146,1
"HK1",0.972501214020878,-0.251508062800072,0.384,0.379,1
"SERTAD3",0.975113279162153,0.253426060504081,0.176,0.18,1
"ABCD3",0.97865545312354,0.428001426269356,0.099,0.101,1
"TENT5C",0.984297710481293,-0.254452304753532,0.102,0.101,1
"HECTD4",0.987353582685609,-0.429375391453537,0.139,0.139,1
"GAB3",0.988064792011231,-0.339572421022397,0.155,0.152,1
"FBRSL1",0.992986916591854,-0.44333197234996,0.13,0.127,1
"TTL",0.99343299667421,0.267400997021065,0.127,0.127,1
"ZNF791",0.995612736820256,0.406526624915716,0.181,0.19,1
"TMEM183A",0.99950784454839,-0.308885619120048,0.286,0.284,1
