"Gene","p_val","avg_log2FC","pct.1","pct.2","p_val_adj"
"SAP30",1.39553248207015e-46,-2.51618362763142,0.206,0.557,5.10778843762495e-42
"ZBTB16",5.19667841942104e-42,-2.41622626465757,0.149,0.487,1.9020362682923e-37
"FKBP5",5.55648277454055e-42,-2.16270649218008,0.319,0.616,2.03372826030959e-37
"IFI44L",3.15038649249415e-31,2.38835122623787,0.302,0.063,1.15307296011779e-26
"CXCR4",5.39963177147525e-26,-1.22150316995722,0.378,0.636,1.97631922467766e-21
"CD163",3.6054322431528e-23,-1.71534279382973,0.348,0.561,1.31962425531636e-18
"ARL4A",3.80702507053852e-23,-1.68079118565193,0.236,0.468,1.3934092460678e-18
"TSC22D3",1.05721169953347e-22,-0.625161663908996,0.603,0.788,3.86950054146246e-18
"JDP2",1.82809474425769e-21,-1.35448478035645,0.319,0.541,6.69100957345756e-17
"ZFP36L2",2.49087792437967e-21,-0.954749327009958,0.567,0.734,9.11686229102202e-17
"IL1R2",6.22631877240969e-21,-3.65824062453353,0.036,0.212,2.27889493388967e-16
"IRS2",1.35600624918075e-20,-1.07286388574127,0.383,0.606,4.96311847262646e-16
"PHC2",4.40836464938194e-20,-1.54450760197829,0.244,0.464,1.61350554532028e-15
"IFI6",4.43715700571499e-20,1.79589177416669,0.378,0.175,1.62404383566174e-15
"SCO2",1.41032994814343e-18,1.39242031891966,0.511,0.331,5.16194864319978e-14
"SRGAP1",1.88304128932802e-18,-3.54438964014294,0.026,0.177,6.89211942306948e-14
"ADAMTS2",2.00491469746002e-18,-5.41451874608196,0.002,0.128,7.33818828417343e-14
"HMGB2",6.85602810508102e-17,-1.01753648226898,0.503,0.671,2.5093748467407e-12
"KLF9",9.58784153955524e-17,-0.455931694324376,0.185,0.401,3.50924588189261e-12
"PLIN2",1.1523164492707e-16,-1.56477011521864,0.213,0.409,4.21759343597568e-12
"SMAP2",1.19133002881504e-16,-0.848552782752252,0.6,0.72,4.36038703846593e-12
"RPLP1",1.7562722091678e-16,-0.424279730777204,0.868,0.925,6.42813191277508e-12
"CLEC4E",4.24367276674926e-16,-1.14720486476149,0.31,0.5,1.5532266693579e-11
"PDK4",1.4120664120053e-15,-2.33926360875188,0.078,0.241,5.16830427458059e-11
"TMSB4X",1.83528969765472e-15,0.599111408644201,0.988,0.97,6.71734382238603e-11
"RPS14",1.92464710795848e-15,-0.367352491658141,0.79,0.892,7.04440087983882e-11
"TNFAIP3",2.55731169261542e-15,-1.48391036387635,0.334,0.507,9.36001652614169e-11
"MX1",7.57622143320712e-15,1.6591885896109,0.307,0.139,2.77297280676814e-10
"DDIT4",3.84520354814655e-14,-1.56114411961946,0.21,0.377,1.40738295065712e-09
"PTP4A2",4.55953140905819e-14,0.652688131002668,0.795,0.776,1.66883409102939e-09
"EPSTI1",8.4213051316773e-14,1.23711457431297,0.331,0.163,3.08228189124521e-09
"LY6E",4.27214341788688e-13,1.45227595913935,0.423,0.275,1.56364721238078e-08
"XAF1",1.0704206655573e-12,1.24642918151516,0.411,0.259,3.91784667800629e-08
"FLT3",1.38943079571491e-12,-2.55563283540162,0.038,0.156,5.08545565539614e-08
"AREG",1.61407981937032e-12,-1.09041570251868,0.165,0.331,5.90769354687732e-08
"ACTB",2.48997222852029e-12,0.347894917386152,0.969,0.956,9.11354735360713e-08
"AP001189.1",3.33179653033843e-12,1.60457315216437,0.22,0.086,1.21947084806917e-07
"CEBPD",5.81507827994844e-12,-0.614302382574877,0.646,0.745,2.12837680124393e-07
"IFIT3",2.48539019240308e-11,2.11759893267052,0.149,0.045,9.09677664321451e-07
"B2M",3.01226775235205e-11,0.323068309714552,0.99,0.978,1.10252012003838e-06
"CLU",3.1239836671524e-11,1.21971212706074,0.305,0.155,1.14340926201445e-06
"C1orf162",3.54537053352693e-11,-0.584911291900775,0.614,0.702,1.29764106897619e-06
"RPS16",3.89288222266293e-11,-0.34076505624471,0.719,0.819,1.42483382231686e-06
"HBA2",4.24162917862132e-11,-0.834192820715997,0.194,0.358,1.55247869566719e-06
"OAS2",5.9590781381749e-11,1.24513553148125,0.293,0.151,2.18108218935339e-06
"TPT1",6.62672166804059e-11,-0.2807749976007,0.899,0.942,2.42544639771954e-06
"OAS3",6.63196984276399e-11,1.49446355899763,0.203,0.083,2.42736728215005e-06
"PF4",6.82587836073626e-11,1.03670994922349,0.473,0.312,2.49833973881308e-06
"MARCKS",7.39189269571282e-11,0.988108724810386,0.594,0.489,2.70550664555785e-06
"IFI44",7.93273289048163e-11,1.58463752047284,0.227,0.101,2.90345956524518e-06
"GNG11",8.15628959834884e-11,1.00576338200436,0.388,0.23,2.98528355589166e-06
"RPL29",9.92120580909204e-11,-0.364024207555628,0.744,0.82,3.63126053818578e-06
"CAVIN2",1.48865904554893e-10,0.948634634685583,0.395,0.238,5.44864097261364e-06
"CMPK2",1.84597198162411e-10,1.90888806100343,0.135,0.04,6.75644204994241e-06
"ACSL1",2.15146266905428e-10,-0.835316620741872,0.284,0.446,7.87456851500556e-06
"PPBP",2.50655670601313e-10,0.825536910884006,0.586,0.425,9.17424819967865e-06
"PLEKHO1",2.67850775968413e-10,0.853230087006903,0.704,0.591,9.80360625121988e-06
"BLVRB",3.17611449776975e-10,-0.661461764238996,0.548,0.693,1.16248966732871e-05
"AL118516.1",3.36925723287896e-10,-2.28061522250444,0.047,0.152,1.23318183980603e-05
"HLA-A",4.28978272397269e-10,0.349178688506627,0.894,0.896,1.57010337480125e-05
"JUN",7.03741270793193e-10,-2.80538224082618,0.165,0.288,2.57576342523017e-05
"ZFAND5",8.25590022161712e-10,-0.890453343702768,0.532,0.652,3.02174204011408e-05
"ANXA1",9.56989365887561e-10,-0.656661772972836,0.641,0.739,3.50267677808506e-05
"CCL5",1.1305745586523e-09,0.939111826788095,0.464,0.311,4.13801594212328e-05
"HBB",1.24186161736241e-09,-0.992380344875507,0.596,0.653,4.54533770570815e-05
"VCL",1.28802806487501e-09,1.02588038816939,0.641,0.511,4.71431152024904e-05
"CCR1",1.32563809855972e-09,1.14925396443438,0.464,0.343,4.85196800453844e-05
"PARP14",1.34758813301392e-09,1.16277859789658,0.416,0.295,4.93230732564426e-05
"PKP2",1.50817400939256e-09,-1.81156193424926,0.031,0.123,5.52006769177769e-05
"HLA-E",1.529910479132e-09,0.492885419002167,0.894,0.876,5.59962534467102e-05
"TLE3",1.68656070310282e-09,0.784265708131856,0.435,0.299,6.17298082942664e-05
"TUBB1",1.9674923695946e-09,0.758429445442468,0.343,0.194,7.2012188219532e-05
"PELI1",2.13488434771118e-09,-0.826696744619089,0.334,0.48,7.81389020105768e-05
"TPM4",2.68907377750967e-09,0.926133274179886,0.75,0.665,9.84227893306315e-05
"FOSB",2.74037113697116e-09,-2.6440911502486,0.236,0.341,0.000100300323984281
"CPM",3.31774673955905e-09,-1.45819974037745,0.168,0.295,0.000121432848414601
"NFIA",3.54654776458166e-09,-1.25598851018215,0.158,0.287,0.000129807194731453
"TIPARP",5.33923060247058e-09,-1.94604635851284,0.102,0.217,0.000195421179281026
"HERPUD1",5.85936302676349e-09,-0.67227714500736,0.464,0.59,0.00021445854614257
"CDKN2D",7.50267192963822e-09,0.782451733260237,0.733,0.644,0.000274605295296689
"GP1BB",7.66828254469178e-09,0.872701724638343,0.404,0.259,0.000280666809418264
"CSGALNACT2",8.39092318904112e-09,-0.726542053570267,0.466,0.586,0.000307116179642094
"NUDT16",1.07241969271515e-08,-0.972324287230312,0.279,0.407,0.000392516331730674
"C19orf33",1.2115073226925e-08,2.00850219824463,0.147,0.057,0.000443423795178683
"ISG15",1.3629833452469e-08,1.21406040391829,0.373,0.261,0.000498865534193819
"SLC31A2",1.37148320048596e-08,-0.806241511787402,0.241,0.381,0.000501976566209868
"S100A4",1.41635932423295e-08,-0.330913346115636,0.719,0.792,0.000518401676262503
"TGFB1",1.42330076718674e-08,0.900129360737985,0.692,0.598,0.000520942313798018
"PICK1",1.48427954480692e-08,-1.68780272089162,0.036,0.124,0.000543261156194782
"PLP2",1.60119755523215e-08,-0.596055361120563,0.438,0.567,0.000586054317190519
"NAP1L1",1.67522719403315e-08,0.707292643918739,0.861,0.807,0.000613149905288075
"SLA",1.96795962158688e-08,-0.459923952081101,0.308,0.47,0.000720292901097015
"RPL18",1.98634340304191e-08,-0.322960290888861,0.731,0.81,0.00072702154894737
"RNF144B",2.19861541856899e-08,-0.620027018285112,0.347,0.488,0.000804715229350434
"FMN1",2.27840875297188e-08,-1.90795145766951,0.055,0.149,0.000833920387675236
"RPL7A",2.80480630310709e-08,-0.310634739864522,0.738,0.819,0.00102658715500022
"APOBEC3A",3.19249080152389e-08,0.970452211269902,0.392,0.274,0.00116848355826576
"TYROBP",3.63858014285642e-08,-0.372174680601483,0.7,0.786,0.00133175671808688
"RPS8",3.76039046890885e-08,-0.299322522903021,0.737,0.811,0.00137634051552533
"VIM",3.77262998791759e-08,-0.416214168077569,0.707,0.792,0.00138082030187772
"SNHG29",4.43206732465031e-08,-0.498062956813552,0.563,0.683,0.00162218096149526
"FCGRT",4.87441971688981e-08,-0.486730419118443,0.548,0.661,0.00178408636057884
"CD300E",5.06283236312811e-08,0.911097862323954,0.49,0.39,0.00185304727322852
"KLF4",5.49094791986671e-08,-1.24963144089347,0.341,0.448,0.00200974184815041
"HMGB1",5.57108976077046e-08,0.581693851772167,0.879,0.841,0.0020390745633396
"PLEKHO2",6.31575982408968e-08,1.05654040433953,0.27,0.155,0.00231163125321506
"PLEK",7.09675633951475e-08,0.661398439705853,0.737,0.659,0.00259748378782579
"RHOU",7.95285577878133e-08,0.889691298456283,0.255,0.142,0.00291082474359176
"TSPO",8.11633043339457e-08,-0.385603138034373,0.681,0.77,0.00297065810192674
"MARCH2",9.38889532340679e-08,1.07827409521712,0.458,0.327,0.00343642957732012
"HBA1",1.01444405668647e-07,-1.20296689622003,0.123,0.237,0.00371296669187813
"LGALS3",1.07002758697041e-07,-0.425791431313585,0.65,0.77,0.00391640797107041
"HLA-C",1.08039491160955e-07,0.264001958865353,0.905,0.886,0.00395435341598212
"LYN",1.14998898158878e-07,0.629173584277951,0.69,0.663,0.00420907467151311
"TLN1",1.27888903733951e-07,0.874858556179777,0.839,0.765,0.00468086176556635
"BRI3",1.62946206222515e-07,-0.378830243398303,0.674,0.742,0.00596399409395026
"LDLR",1.76658941295634e-07,-1.5339673015835,0.087,0.184,0.00646589391036148
"SLC11A1",1.90909917933487e-07,-0.482649775298172,0.596,0.698,0.00698749390628357
"RPS23",2.03767395007499e-07,-0.286719814480842,0.724,0.823,0.00745809042466946
"KLF2",2.06379920386772e-07,-0.618785776566423,0.497,0.615,0.00755371146607623
"RPL6",2.07358804187255e-07,-0.279177287268784,0.735,0.813,0.00758953959205771
"RPS3",2.16926123203074e-07,-0.306498864959389,0.761,0.833,0.00793971303535571
"ETS2",2.51868537835056e-07,-0.565526260779033,0.421,0.549,0.00921864035330089
"DUSP1",2.55528377766205e-07,-0.415666554602075,0.662,0.757,0.00935259415462086
"AGFG1",2.79730571808171e-07,-0.691615034949016,0.373,0.495,0.0102384186587508
"RPS24",2.84146851231333e-07,-0.258547263603105,0.742,0.839,0.010400058901918
"MYL4",3.09784373037623e-07,3.75838555409617,0.111,0.041,0.01133841783755
"OST4",3.12873493608046e-07,0.724929050400774,0.922,0.874,0.0114514827395481
"TPM3",3.14764631602154e-07,0.394145969573269,0.842,0.845,0.0115207002812704
"TMEM40",3.31061646636942e-07,1.18817094138888,0.203,0.104,0.0121171873285587
"IRAK3",3.61525922465649e-07,-0.555233872588694,0.508,0.626,0.0132322102881652
"EGR1",4.39273900486621e-07,1.53645335310307,0.293,0.194,0.0160778640317108
"RGS18",5.02772254097171e-07,1.37283458389861,0.575,0.484,0.0184019672722106
"TXNIP",5.35147041343528e-07,-0.459069796385624,0.724,0.798,0.0195869168602145
"RAP1B",5.39370375998442e-07,0.754548384316711,0.858,0.755,0.019741495131919
"MAP3K8",5.56133130802297e-07,-0.734234555882161,0.354,0.468,0.0203550287204949
"CMTM5",5.5918916395291e-07,0.995109825846514,0.222,0.122,0.0204668825898405
"MYL9",6.53215962325292e-07,0.600067598387361,0.218,0.114,0.023908357437068
"PPDPF",6.75127192245739e-07,0.837652899089497,0.516,0.399,0.0247103303633863
"RPS3A",7.6322882058461e-07,-0.26511807821349,0.757,0.836,0.0279349380622173
"ITGB3",8.1388856495892e-07,1.39066298450494,0.146,0.065,0.0297891353660614
"ADAR",8.44914398689478e-07,0.546103167261862,0.542,0.456,0.0309247119064336
"F13A1",8.72332393889295e-07,0.781866691146116,0.475,0.357,0.0319282379487421
"NRGN",8.72732109558584e-07,0.877810816791207,0.674,0.598,0.0319428679419537
"SNHG7",9.9875901116391e-07,-0.285506589298321,0.267,0.392,0.0365555785676103
"C15orf39",1.04632097807907e-06,0.767861342614483,0.383,0.27,0.0382963941186721
"S100A6",1.14078644775261e-06,-0.326345891584423,0.709,0.794,0.0417539247741934
"FRAT1",1.1914310612773e-06,-0.865893733778399,0.107,0.206,0.0436075682738104
"TYMP",1.20059616545043e-06,0.537152798906357,0.69,0.718,0.0439430202516512
"CAPG",1.29421727511524e-06,-0.480927809208342,0.421,0.544,0.0473696464864929
"IAH1",1.34783942607975e-06,-0.727793247464525,0.21,0.325,0.0493322708339449
"KCNE1",1.51072143093744e-06,-1.36587006213495,0.061,0.143,0.0552939150937414
"KIF2A",1.55861346632903e-06,0.918350966387346,0.423,0.31,0.0570468114811088
"PER1",1.76685243825653e-06,-0.747307965470061,0.303,0.415,0.0646685660926273
"S100A10",1.88494377540898e-06,-0.352624624173794,0.678,0.763,0.0689908271237441
"BCL3",1.95288454963972e-06,0.751976552090055,0.333,0.224,0.0714775274013634
"GCA",1.96200112212442e-06,-0.519695915628092,0.464,0.583,0.0718112030708759
"MTPN",2.01622762070169e-06,0.636499849669705,0.82,0.782,0.0737959471453027
"PTCRA",2.06783799410638e-06,0.780453142163591,0.201,0.107,0.0756849384222877
"S100A9",2.13313419464043e-06,-0.369624968851281,0.697,0.8,0.0780748446580343
"RACK1",2.13445934988501e-06,-0.293168746244592,0.728,0.792,0.0781233466651412
"HIST1H2AC",2.15982282394372e-06,0.576237115879567,0.36,0.245,0.0790516751791641
"CHST2",2.25947331267904e-06,1.2524832424336,0.165,0.083,0.0826989827173654
"GP9",2.54238146371457e-06,1.02351763976148,0.251,0.153,0.0930537039534169
"FOXO3",2.59110859394131e-06,-0.611941316610589,0.393,0.505,0.094837165646846
"GRAP2",2.81004546907769e-06,1.05591533312408,0.217,0.122,0.102850474213713
"AGPAT2",2.84300566916937e-06,-0.679603202646885,0.182,0.291,0.104056850497268
"RNASE6",2.86716359658814e-06,-0.592572744108865,0.409,0.515,0.104941054798722
"ITGB2",2.98977557832996e-06,-0.328668357243763,0.645,0.73,0.109428775942455
"RPL8",3.04323877498829e-06,-0.258503429064492,0.728,0.829,0.111385582403346
"NCOA4",3.26180595169169e-06,0.941202701095451,0.811,0.774,0.119385359637867
"FGL2",3.37624586582977e-06,0.443212258386259,0.688,0.717,0.123573974935235
"ATF3",3.41964979658918e-06,-1.64703342739456,0.083,0.165,0.125162602204961
"PNRC1",3.59002876998787e-06,-0.445748772868996,0.669,0.755,0.131398643010326
"SPTLC2",3.60312044036762e-06,-0.73477786543498,0.421,0.525,0.131877811237895
"RGS10",3.67076302039833e-06,0.87413791770227,0.769,0.717,0.134353597309599
"RILPL2",3.83034067776798e-06,-0.430892748898444,0.515,0.603,0.140194299146986
"MX2",3.90541859087684e-06,0.950407754330691,0.366,0.27,0.142942225844683
"CEACAM4",3.9249768482487e-06,-1.50867614092558,0.064,0.142,0.143658077622751
"PDZK1IP1",4.13985899234819e-06,2.15243005754377,0.128,0.058,0.151522978978936
"ZNF281",4.72675045826316e-06,-0.585886549506224,0.269,0.385,0.17300379352289
"SPARC",5.19979320845332e-06,0.777574102971001,0.267,0.167,0.1903176312226
"NFKBIA",5.21090831991428e-06,-1.16530357028067,0.598,0.687,0.190724455417183
"LIMS1",5.40839678577405e-06,0.800890238985405,0.73,0.653,0.197952730756116
"NUP214",5.93263305520912e-06,-0.454657550337173,0.468,0.578,0.217140302453709
"YWHAZ",6.58392870982983e-06,0.655780864435621,0.846,0.816,0.240978374708482
"ERLEC1",7.15329742559338e-06,-0.873732541138887,0.13,0.224,0.261817839074143
"SLC25A37",7.76662287726811e-06,-0.509950369847415,0.451,0.565,0.28426616393089
"MTURN",8.09860096023695e-06,1.0686896267998,0.272,0.179,0.296416893745633
"HELZ2",8.36682378037194e-06,0.908973833466042,0.133,0.062,0.306234117185393
"MAD1L1",8.92876009655829e-06,1.17659300112519,0.172,0.093,0.32680154829413
"CALM3",9.23833200451912e-06,0.577054966888742,0.738,0.681,0.338132189697404
"MT2A",9.4505410447217e-06,-0.561329170697874,0.419,0.537,0.345899252777859
"CTTN",9.70730835423816e-06,1.02669480915866,0.153,0.077,0.355297193073471
"PTGS1",1.07799395518547e-05,1.13221062145201,0.203,0.118,0.394556567537433
"ITGB1",1.08528477737961e-05,0.903604178413739,0.643,0.566,0.397225081368712
"EGR2",1.09533478955495e-05,1.357826163461,0.149,0.075,0.400903486325006
"EGR3",1.14114835596666e-05,1.1330775813147,0.18,0.099,0.417671709767357
"MPIG6B",1.17114956209658e-05,0.898671307462954,0.189,0.104,0.428652451222971
"SLC9A3R1",1.21001198617703e-05,0.778808950824413,0.435,0.341,0.442876487060654
"MEF2C",1.22999411827124e-05,0.685501049062992,0.568,0.505,0.450190147228456
"PIM3",1.265818655568e-05,0.521649032650351,0.471,0.361,0.463302286124445
"ROCK1",1.31645926249559e-05,-0.437199499755886,0.527,0.627,0.481837254666012
"FLNA",1.36684032708981e-05,0.522202795427678,0.771,0.749,0.500277228118143
"TPST2",1.36956240342868e-05,0.759511240137123,0.343,0.239,0.501273535278931
"ZFP36L1",1.39439017765139e-05,0.682681574569617,0.638,0.624,0.510360748922184
"OASL",1.4190319384553e-05,1.33211996399049,0.118,0.053,0.519379879794025
"CD226",1.43462565807287e-05,1.3612659397716,0.168,0.091,0.525087337111251
"RPL5",1.46980195419883e-05,-0.266751822178595,0.716,0.798,0.537962213256314
"CXorf38",1.47220541022326e-05,-0.643794681973402,0.215,0.321,0.538841902195815
"RAP2B",1.50195879079455e-05,0.513060309677726,0.615,0.553,0.549731937018715
"ACRBP",1.68047585266514e-05,0.967230396610445,0.248,0.157,0.61507096683397
"MLH3",2.00698985620971e-05,1.38526593074172,0.22,0.136,0.734578357271316
"MMD",2.06580275510889e-05,0.713587538250351,0.232,0.143,0.756104466397404
"RAB11FIP4",2.07800893769507e-05,1.2823558799358,0.139,0.069,0.760572051285772
"SYTL3",2.13687737149525e-05,-1.18952145710534,0.08,0.155,0.782118486740977
"CITED2",2.21110287282627e-05,-0.632563793631154,0.201,0.303,0.809285762483144
"PSMF1",2.31466402814197e-05,-0.396645133782782,0.243,0.356,0.847190180940242
"SLC38A2",2.32879058516421e-05,-0.391888988641727,0.326,0.434,0.852360642075953
"KLF6",2.3936513659407e-05,-0.947510243896616,0.586,0.653,0.876100336447956
"NDUFA13",2.51636896731145e-05,-0.298665707212352,0.548,0.652,0.921016205725662
"SGMS2",2.53341097291267e-05,-0.905675157569837,0.203,0.296,0.927253750195767
"IFNGR1",2.58571854324355e-05,-0.315333631248421,0.475,0.571,0.946398844012573
"KRTCAP2",2.63432489961652e-05,-0.440045958174199,0.444,0.549,0.964189256508642
"COMT",2.70349117432788e-05,-0.313220230391529,0.385,0.493,0.989504804715746
"PRKAR2B",2.72313111440123e-05,0.805871431175027,0.341,0.245,0.996693219181994
"CLN8",2.74844903322563e-05,-0.94922241542893,0.104,0.184,1
"RPS4X",2.93286604660001e-05,-0.254564606253158,0.757,0.825,1
"POU2F2",3.07807369222815e-05,0.557189274082043,0.549,0.472,1
"SAMSN1",3.27149367113667e-05,-0.501202736337738,0.407,0.513,1
"USP15",3.36182167990128e-05,-0.310282490145369,0.568,0.683,1
"BTG1",3.4327487625561e-05,-0.286640048344396,0.676,0.761,1
"HBEGF",3.72761715821006e-05,0.86101322965267,0.303,0.216,1
"AKAP13",3.74435448966718e-05,-0.382470799616827,0.612,0.688,1
"MGAT1",3.8003010038087e-05,-0.47150255518429,0.461,0.571,1
"SIRPB2",3.83459095778374e-05,-1.07977564874354,0.09,0.167,1
"ITGA2B",3.85979769453161e-05,0.961036146998558,0.191,0.112,1
"RSRP1",3.92698402068561e-05,-0.51549974036535,0.38,0.487,1
"PLBD1",4.14537839832218e-05,-0.602617367419041,0.468,0.563,1
"PPIB",4.24024258186802e-05,-0.355597319682197,0.504,0.593,1
"FOS",4.37465027799044e-05,-0.497748837778566,0.66,0.743,1
"ELL2",4.40032529180902e-05,-0.970084438732526,0.09,0.168,1
"SLC25A39",4.43524366776e-05,-0.64687011792568,0.159,0.25,1
"CTSB",4.66197981347892e-05,-0.37851468137396,0.614,0.685,1
"GRASP",4.7389594865572e-05,-0.81991101177094,0.125,0.206,1
"PABPC4",4.86632303936533e-05,-0.525867310855495,0.399,0.488,1
"S100A12",4.90865880509401e-05,-0.330319141215968,0.549,0.664,1
"MYLK",4.99111143040974e-05,1.26436020878556,0.114,0.054,1
"CD84",5.22786437705847e-05,1.19084656299443,0.26,0.171,1
"CNTRL",5.27479061557985e-05,-0.708246046733998,0.227,0.325,1
"BTG2",5.48246433840967e-05,0.54982445592368,0.551,0.509,1
"EMP3",5.57784472340723e-05,0.383845597948014,0.75,0.758,1
"GIMAP8",5.88750406077383e-05,-1.0691554387499,0.071,0.14,1
"METTL7A",5.91953924827865e-05,-0.474203776745837,0.35,0.459,1
"ESAM",5.98387943946583e-05,1.1976165646327,0.116,0.056,1
"JAK3",6.24675732105375e-05,1.09071860460636,0.179,0.104,1
"CCNL1",6.33574684992564e-05,-0.674675935743544,0.532,0.611,1
"PCBP1-AS1",6.36119633080476e-05,-0.493664960334671,0.101,0.183,1
"MIS18BP1",6.53123769417201e-05,-0.441351480417466,0.406,0.507,1
"TREML1",6.62909140603034e-05,0.6957223939447,0.21,0.128,1
"SSNA1",6.64702691851673e-05,-0.480472197791518,0.26,0.356,1
"NEXN",6.99619990103429e-05,1.3933349348607,0.139,0.073,1
"IL13RA1",7.15399949917414e-05,-0.590687228413992,0.345,0.435,1
"UBALD2",7.21728440040668e-05,-0.255124947394337,0.354,0.458,1
"PTEN",7.21877099253075e-05,-0.325647282922776,0.534,0.63,1
"LRRK2",7.50983087040627e-05,-0.433785553213994,0.516,0.612,1
"S100A8",7.62758907569107e-05,-0.38235920778529,0.652,0.749,1
"MT-ND2",7.63422753373744e-05,0.29979361115482,0.979,0.963,1
"DAPP1",7.66136360845287e-05,1.03018844674118,0.425,0.339,1
"ARHGAP24",8.09557241485336e-05,-1.04747175834641,0.127,0.206,1
"AC253572.2",8.27535965740155e-05,-1.72872337823456,0.118,0.194,1
"TIMP1",8.56923962325207e-05,0.430263970463378,0.731,0.664,1
"PRKAG2-AS1",8.77553817428382e-05,-1.04096496902155,0.081,0.151,1
"NDUFA1",8.95408304553728e-05,-0.256035664821744,0.588,0.676,1
"HLA-DRB5",8.98193592288933e-05,-0.362647398401595,0.412,0.519,1
"PRMT9",9.16713105391462e-05,-1.47020337282061,0.073,0.139,1
"IER3",9.32110826803312e-05,-1.52560127919993,0.388,0.466,1
"TOMM7",9.66650698094287e-05,-0.264185894969223,0.667,0.747,1
"ALAS2",9.70497722551827e-05,-1.35000512997307,0.049,0.107,1
"ARPC1B",9.72681370511749e-05,0.376520702095136,0.877,0.856,1
"NFKBID",9.9307929713329e-05,0.781903917844983,0.281,0.198,1
"HSPA1A",0.000101481743884114,-0.374449480024399,0.156,0.247,1
"AC037198.1",0.000104289985371333,-1.05838143807352,0.092,0.165,1
"SNRPN",0.000104437491369984,1.15842266149759,0.196,0.123,1
"CD9",0.000105957152044947,1.01785683129795,0.236,0.156,1
"GNAS",0.000109121753000454,0.570282442324543,0.86,0.866,1
"CDA",0.000109279516558577,-0.515482196939237,0.39,0.479,1
"NID1",0.000109945306297455,1.333190728297,0.111,0.054,1
"NOL7",0.000112185051834179,-0.573711939969388,0.341,0.433,1
"FERMT3",0.000114409750160522,0.770027428523088,0.659,0.598,1
"EIF2AK2",0.000116871386606185,0.970069064628391,0.338,0.267,1
"PREX1",0.000117625150642253,-0.485599284582311,0.428,0.512,1
"STAT1",0.000117839778140488,0.459043153833256,0.456,0.362,1
"PRPF19",0.000120613784715996,-0.558704511345443,0.068,0.134,1
"WDR74",0.000125480615182679,-0.847124445052407,0.111,0.189,1
"COPE",0.000126078475692782,-0.301987333140727,0.459,0.552,1
"MGLL",0.000127437605479478,1.4781756178285,0.107,0.052,1
"MARCO",0.000130485878823397,-0.930532857281559,0.101,0.175,1
"DDT",0.00013063186518596,-0.428490690486008,0.445,0.532,1
"MS4A7",0.000134998790627254,-0.272073305908753,0.426,0.533,1
"MEGF9",0.000141792474026812,-0.545313066013623,0.518,0.601,1
"SH3BGRL2",0.000143150568512172,0.896546213693975,0.153,0.086,1
"CMC1",0.00014446831733958,-0.772809533110651,0.107,0.181,1
"EIF3K",0.00015003466968969,-0.292060026740325,0.641,0.722,1
"CDC42SE2",0.000150099101784445,0.611590154115513,0.511,0.431,1
"PPP1R15A",0.000152760276413561,-1.04671185329538,0.407,0.458,1
"PNKD",0.000152940884582227,0.961535047571622,0.324,0.238,1
"HEBP1",0.000156205048031,-0.703572260600721,0.206,0.296,1
"VPS25",0.000163415375419467,-0.974797819096326,0.083,0.151,1
"ANTKMT",0.00016463587576738,-0.698519557321396,0.18,0.266,1
"POLR1D",0.000165194425228109,-0.270125196487903,0.525,0.634,1
"RUFY1",0.000175203074610816,0.855362129850302,0.416,0.332,1
"AC009950.1",0.000179011116754631,1.18655189371912,0.132,0.071,1
"SNN",0.000179967052873477,0.757477240526786,0.407,0.321,1
"ATP2B1",0.00018262549819369,0.740111153864944,0.577,0.542,1
"CLIP4",0.000183413887310616,-0.593544484105704,0.132,0.209,1
"GAS5",0.000188665708280833,-0.323972241578315,0.497,0.567,1
"TRIM4",0.000188783341525541,-1.0249617683595,0.075,0.14,1
"RSU1",0.000202536110547186,1.14802280786749,0.374,0.292,1
"AC007952.4",0.000202986721801959,-1.13618996427255,0.199,0.282,1
"TSPAN33",0.000209266501999089,0.886122174569967,0.208,0.134,1
"SLC40A1",0.000210116947372059,0.711173448172278,0.293,0.21,1
"ALDH2",0.000213417514443614,-0.39482859182898,0.51,0.598,1
"C2orf88",0.00022314371099001,0.638403850407705,0.208,0.134,1
"SNX27",0.000227418064937282,-0.398079597224843,0.381,0.462,1
"HIST1H2BJ",0.000236466874311265,0.750475187990857,0.149,0.085,1
"CALM1",0.000243833651559159,0.369978893175935,0.844,0.835,1
"CKLF",0.000245809089057152,-0.354578946833987,0.503,0.616,1
"MIR181A1HG",0.000250747573407456,-0.87386578167446,0.158,0.235,1
"MRPS21",0.000261861220788547,-0.42899742687464,0.35,0.439,1
"DNAJB9",0.000272594798370498,-0.932935583168065,0.083,0.148,1
"ZBTB20",0.00028014368024822,-0.664357774942844,0.142,0.218,1
"GPAT3",0.000280568995114916,0.76169500840255,0.208,0.135,1
"PNPLA8",0.000283527266058248,-0.628330436728068,0.232,0.323,1
"NDUFS7",0.000283755799081838,-0.477757193445485,0.34,0.429,1
"IRF2BP2",0.000294432405143965,0.600586582569561,0.586,0.542,1
"TTC7A",0.000296329461412464,-0.66857536837154,0.218,0.3,1
"CYBC1",0.000296403609524847,-0.886603319672253,0.177,0.258,1
"SRBD1",0.000299285297037046,-0.708859816462718,0.071,0.134,1
"ATP2A3",0.000306678718602143,1.06145783052992,0.137,0.077,1
"HERC5",0.000309381274248991,0.969273583390204,0.149,0.087,1
"IFIT2",0.000319792753251708,1.45731921545802,0.132,0.074,1
"RBP7",0.000323616313360848,-0.398053409097619,0.393,0.479,1
"MPEG1",0.000324004742598673,0.449387875857777,0.659,0.684,1
"RCC2",0.000343977588944149,0.645011205987394,0.302,0.218,1
"UCP2",0.000359068842709226,0.707834712126595,0.586,0.537,1
"MFSD4B",0.000360595792016153,-0.949278249311267,0.071,0.13,1
"HRH2",0.000362123966021167,-0.440365401264911,0.262,0.356,1
"TMEM39A",0.000377169473840533,-1.38320143207758,0.049,0.101,1
"CDC34",0.000385541080966597,-0.516433846218215,0.121,0.194,1
"PTGIR",0.000388976939008806,0.956172222089026,0.168,0.102,1
"EREG",0.000398084199854726,-1.50212740465961,0.172,0.243,1
"CMTM7",0.000400129680029007,-0.434256315289958,0.298,0.386,1
"MAFF",0.000412945752728577,-1.23243634464117,0.075,0.132,1
"PYCARD",0.000414126293272047,-0.26309785005454,0.581,0.668,1
"MRPL43",0.000416385291709162,-0.729229112920714,0.177,0.253,1
"RNF11",0.000421366337013899,0.870362211423661,0.383,0.304,1
"TKT",0.000424782348218776,-0.284150934527212,0.678,0.745,1
"CCDC71L",0.000436016045340462,1.19296202674532,0.187,0.119,1
"C19orf38",0.000436914048597999,-0.41153646298261,0.4,0.495,1
"TPGS2",0.000438845730105659,-0.698299179788867,0.095,0.161,1
"AC147651.1",0.000456912829389899,0.72803095374727,0.175,0.108,1
"NBPF14",0.000476499950314748,0.635227832735197,0.237,0.161,1
"AGPAT4",0.000487169855656858,-1.07230033680443,0.09,0.153,1
"C20orf27",0.000490166088663964,-0.279297454896061,0.319,0.406,1
"CAT",0.000493547589257455,0.430810117801895,0.496,0.434,1
"CERT1",0.000498625612575966,0.439565205990773,0.482,0.406,1
"MTRNR2L12",0.000516007839661985,0.492339827539557,0.842,0.862,1
"EIF3M",0.000524075057979736,-0.326762929933377,0.523,0.594,1
"RNF19B",0.000527077488462781,0.773096129681679,0.256,0.184,1
"FNIP2",0.000548477450760662,-0.702392415677671,0.153,0.225,1
"ABHD5",0.000556029902674895,-0.716702252331623,0.276,0.358,1
"IL1RAP",0.000563668631460905,-0.763455748597228,0.13,0.198,1
"ZNHIT1",0.000578113075796755,-0.398620787282085,0.399,0.481,1
"CAP1",0.000588576734650735,0.405120491705307,0.787,0.766,1
"TSC22D1",0.000605806541699467,0.842527441853782,0.262,0.19,1
"PTK2B",0.00061324365862889,-0.55048032609639,0.336,0.413,1
"NRROS",0.000622730866980757,0.625696073331064,0.217,0.147,1
"IDS",0.000628314759300386,-0.254470519269365,0.447,0.532,1
"BRD1",0.000631667810535087,-0.854464202296662,0.088,0.149,1
"SPATA6",0.000641103763307657,-0.70332088966215,0.092,0.155,1
"CBX6",0.000661830946215297,0.553877489702909,0.357,0.275,1
"EIF4E",0.000667445218907447,-0.460227344877025,0.196,0.269,1
"AP003068.2",0.000682598055568969,0.540484675589495,0.165,0.102,1
"MAX",0.000683134161697657,0.955679476509502,0.492,0.43,1
"GLRX",0.000683743328420529,-0.317266882709099,0.539,0.619,1
"TSEN34",0.000689281018736938,-0.575789830145289,0.26,0.34,1
"ZBTB4",0.000710312566727771,0.70762978576794,0.146,0.087,1
"CHPT1",0.000716062439717591,-0.554364546814052,0.279,0.356,1
"CTSA",0.000732553911519823,0.467184195418084,0.582,0.509,1
"SLC25A6",0.00075186105293967,-0.25696920718853,0.65,0.716,1
"RAB27B",0.000763655371368586,1.09205166316813,0.14,0.083,1
"CNIH4",0.000780758180498481,-0.838087805360872,0.184,0.257,1
"CLDN5",0.000782450627418042,1.08419352187524,0.121,0.069,1
"ACAA1",0.000784743199607559,-0.455436282046323,0.26,0.348,1
"ATP5PD",0.000785812979865138,-0.254805548274722,0.513,0.595,1
"ARHGDIB",0.000785826801936469,0.252240582440521,0.844,0.839,1
"TMX4",0.000789714657346983,-0.272848720479088,0.321,0.406,1
"SSH1",0.000798642151944781,1.1315782447975,0.184,0.122,1
"MRGBP",0.000812301495420441,-0.969966817527408,0.061,0.114,1
"MYL12A",0.000813000493309501,0.698695645087299,0.901,0.868,1
"MT-ND6",0.000829960647273724,1.19567386907973,0.175,0.114,1
"TMPO",0.00083451433046124,-0.377485487855088,0.412,0.499,1
"FAM53B",0.000845892020694595,0.680358562290898,0.222,0.152,1
"MSL3",0.000852193296041069,-0.370843178155634,0.265,0.349,1
"PITHD1",0.000857895173552266,-0.462310584873539,0.182,0.258,1
"AL450998.2",0.000865310687593843,-0.580091435882507,0.059,0.112,1
"NUMA1",0.000874730367487996,-0.652177993972721,0.18,0.258,1
"RUNX1",0.000884649895547606,-0.641561084802807,0.262,0.339,1
"TOMM22",0.000894554537999909,-0.42795291297942,0.298,0.378,1
"CHMP1B",0.00089633925684295,-0.576036827811075,0.376,0.45,1
"ITM2B",0.000914696633578476,0.297892009201967,0.931,0.914,1
"MRPL51",0.000918737836196231,-0.356895133184843,0.293,0.376,1
"TGIF1",0.000936022751619472,-0.667316022156866,0.121,0.187,1
"MYH9",0.000949400909697399,0.516578795707616,0.747,0.729,1
"THAP9-AS1",0.000962868446856102,-0.810131297062528,0.106,0.165,1
"ICOSLG",0.00101224454060252,0.975995629901361,0.142,0.087,1
"HBD",0.00101390231479767,-1.86041068978404,0.054,0.103,1
"NOL4L",0.0010364833527554,0.586345809281683,0.106,0.057,1
"DUSP6",0.00103793830704527,0.86475664283066,0.484,0.444,1
"YWHAH",0.00104026154513836,0.843512850279751,0.489,0.427,1
"RPS26",0.00105779750376486,0.527653652765513,0.683,0.734,1
"PSMG2",0.00107647251590847,-0.37481363031673,0.31,0.39,1
"ZC3H18",0.00109448015008236,-0.597761149039592,0.166,0.238,1
"TSPOAP1-AS1",0.00109658142851948,1.41803259050683,0.104,0.057,1
"HS2ST1",0.00110782823756231,0.764849688814299,0.121,0.069,1
"CHD4",0.00113846207793163,0.691823133394248,0.425,0.354,1
"TK2",0.00115089158538614,-0.501791671649583,0.153,0.224,1
"JMJD1C",0.00115407868333612,-0.384454102705015,0.468,0.534,1
"SNRNP70",0.00117245867644041,-0.483239788520344,0.298,0.37,1
"LGALSL",0.00118922123403121,0.872568939241181,0.133,0.079,1
"RGS19",0.00120890245633582,-0.328800160686931,0.421,0.499,1
"ZNF581",0.00123368890130304,-0.355884528839896,0.168,0.243,1
"GABARAPL1",0.00123472214026542,-0.525599874005948,0.303,0.38,1
"CCL3",0.00124393413889317,-1.71053711596707,0.116,0.173,1
"BPGM",0.00124704415583301,-0.912567177319219,0.068,0.12,1
"RIN3",0.00124903204952676,-0.381574042679553,0.383,0.462,1
"TRAF3",0.00125012477162924,0.785409660098021,0.125,0.073,1
"CSNK1D",0.00125056145374123,-0.54045061831175,0.274,0.349,1
"INAFM2",0.00126014459308194,1.07547308979212,0.191,0.128,1
"DDX60",0.00128163300331672,0.803993864535465,0.13,0.078,1
"NLRC4",0.00129348351349806,-0.759473622834812,0.055,0.106,1
"ODC1",0.00132614940226396,0.900151193374376,0.395,0.329,1
"ITGA5",0.00133268343801818,-0.812521253129324,0.139,0.202,1
"CCNH",0.00134939956137504,-0.653157274693337,0.211,0.283,1
"ECSIT",0.00135208025571011,-0.685534990328637,0.08,0.135,1
"TMEM123",0.00136798196395938,0.468423326878754,0.581,0.579,1
"MYADM",0.00138727996111984,-0.495109691599836,0.537,0.586,1
"PARP9",0.00139547659176799,0.591332240679579,0.22,0.153,1
"CELF2",0.00139916979076815,-0.281826737736812,0.65,0.704,1
"APBB1IP",0.00140269643634104,-0.26468554345898,0.364,0.442,1
"CARD19",0.00141165202344876,0.781226800638339,0.428,0.356,1
"NPTN",0.00142196041917691,0.540154613922832,0.433,0.354,1
"MRPS5",0.00147394840187089,-0.5113493127019,0.231,0.306,1
"CITED4",0.00149667805165134,-0.781462041764753,0.097,0.156,1
"KMT2D",0.00150595907706909,0.659865393205254,0.194,0.13,1
"GBP5",0.00153396409856341,1.08136651188353,0.12,0.069,1
"EHD4",0.00154277734938675,0.705228412030503,0.291,0.221,1
"INSR",0.001546749159204,-0.589557294883539,0.158,0.231,1
"TRIM38",0.00156568766190573,0.375731257892384,0.48,0.419,1
"ZC3H15",0.00158593140176115,-0.299027321925332,0.435,0.52,1
"INTS6",0.00158864238957141,-0.719708673879737,0.133,0.201,1
"HNRNPAB",0.00159541991732472,-0.313150728325781,0.317,0.396,1
"LDHB",0.00160445646652827,-0.352561197279609,0.328,0.407,1
"ILK",0.00161204956952134,1.17396895082555,0.388,0.32,1
"POGLUT1",0.00161804784563204,-0.809894493362147,0.081,0.135,1
"NDUFB2",0.00164005019958524,-0.311261918774472,0.484,0.558,1
"ADAM10",0.00164701219741158,0.426604360914022,0.542,0.483,1
"SAMD9",0.00165534733487096,0.529518916472992,0.258,0.192,1
"ANKRD28",0.00167696471952581,0.49285810264047,0.128,0.198,1
"H3F3A",0.00174970344995483,0.314033153352476,0.972,0.935,1
"CX3CR1",0.00175218287743437,0.975918965818881,0.179,0.122,1
"DNAJB6",0.00175388163308868,0.755479912554259,0.586,0.525,1
"PTPRJ",0.00177829225270557,0.577239538238011,0.449,0.378,1
"SRC",0.00181007787034947,1.28953066153584,0.123,0.073,1
"PARK7",0.00182491479773906,0.644337891301725,0.681,0.647,1
"HEXA",0.00182792036040887,-0.675871824992291,0.217,0.283,1
"RAB37",0.0018294057036308,0.788588190910003,0.189,0.128,1
"ZNF524",0.00184878711557405,-0.502076530857046,0.159,0.23,1
"SMIM5",0.00186131559972888,1.23166781648721,0.101,0.056,1
"LY6G5B",0.00187014097421455,0.805826302945915,0.106,0.06,1
"ADM",0.00193075173157014,-1.18026697553778,0.069,0.119,1
"ARMC10",0.00194590996922065,-0.905239575412811,0.094,0.149,1
"LINC00877",0.0020065458568816,-0.666285625271828,0.163,0.231,1
"ACVR1B",0.00200723551464137,-0.908599801362258,0.075,0.126,1
"FAM13A",0.00201716301622949,-0.776011654297489,0.094,0.148,1
"LSM7",0.00207004332954014,-0.291249940639467,0.407,0.489,1
"ANP32E",0.00211350702521635,0.509809269527603,0.291,0.224,1
"ELP5",0.00212394713529192,-0.970866340095893,0.078,0.128,1
"CKAP4",0.00213109187703261,0.476711201172684,0.399,0.34,1
"FES",0.00215945170284087,-0.531863093624635,0.251,0.325,1
"HIF1A",0.00216321752724218,0.433279560520259,0.579,0.548,1
"STOML2",0.00218191644599072,-0.606736471941256,0.159,0.225,1
"IRAK1",0.00220280386592358,-0.431562085877534,0.194,0.267,1
"AGTRAP",0.00225108467149615,-0.271464925207858,0.456,0.528,1
"TNFSF13B",0.00226149840240705,0.436303152143306,0.605,0.603,1
"SMIM25",0.00228774060760958,-0.387723598315392,0.312,0.389,1
"ARRDC3",0.00235536811580379,0.570958597476525,0.385,0.324,1
"TECPR1",0.0023744868171506,-0.761428814611536,0.109,0.164,1
"SGK1",0.00238406066989983,0.751959630937274,0.459,0.418,1
"CD302",0.00238855023959596,-0.320332018094621,0.612,0.684,1
"PRMT1",0.00239656236561481,-0.308535971232535,0.163,0.231,1
"GRK3",0.00240952494872172,0.630139442387288,0.433,0.362,1
"FAM107B",0.00242690300900153,0.535419473186473,0.416,0.352,1
"ALDH1A1",0.00243412745845505,-0.405712564909525,0.244,0.319,1
"DCAF12",0.00245136877112466,-0.603657319626891,0.17,0.237,1
"ENDOD1",0.00245522558593949,1.22126094899936,0.12,0.073,1
"UBE2Q1",0.00248588991210803,0.597537240602132,0.281,0.21,1
"AC005280.2",0.00249351561360665,-1.10854488039318,0.076,0.126,1
"MAP3K7CL",0.00250452191711916,0.937916143839214,0.341,0.279,1
"RBX1",0.0025232351230205,0.451417887584457,0.714,0.696,1
"PLCB1",0.00253930412752628,-0.572702191983755,0.182,0.253,1
"SEC61B",0.00253990178253623,-0.316794914447035,0.574,0.64,1
"SDCCAG8",0.00254858122440912,-0.512534255983022,0.191,0.259,1
"PDLIM1",0.00255210100548146,0.730711954754081,0.205,0.146,1
"OSTC",0.00258237781919615,-0.258098661025933,0.314,0.389,1
"ANAPC16",0.00259220664364063,-0.26535406795641,0.494,0.561,1
"RPS6KA1",0.00260082095197046,-0.395047829887651,0.276,0.357,1
"PPP1R2",0.00260333571629489,-0.279900405915704,0.334,0.413,1
"TLR1",0.00260343259013911,0.406157065456963,0.173,0.114,1
"TIMM13",0.00262848913379774,-0.428684915193676,0.282,0.364,1
"PATL1",0.00263816640148379,0.589282187916212,0.198,0.136,1
"ZNF185",0.00264070773744338,0.998599242340235,0.166,0.111,1
"MARCH1",0.00265161778329652,-0.326412529208262,0.49,0.549,1
"MYO5A",0.00266650277757602,0.322110313101341,0.288,0.22,1
"KRCC1",0.00266839932397252,-0.687602455426652,0.087,0.139,1
"STK4",0.00267400378699838,0.372382860674434,0.641,0.612,1
"GPR160",0.00268155420010224,-0.564871035429492,0.069,0.119,1
"DAB2",0.00269287537029531,1.23373971362417,0.184,0.128,1
"UPP1",0.00271374723551896,-0.338938070857752,0.393,0.459,1
"MRPL21",0.00271500337627612,-0.441508776004322,0.205,0.274,1
"LYAR",0.00273947579372801,-0.522222174768427,0.14,0.205,1
"OAS1",0.00277118272684235,0.494764954691032,0.269,0.202,1
"MAP3K4",0.00281696263109912,-0.771679178879609,0.076,0.126,1
"IL27RA",0.00284792623789017,-0.649073742160316,0.205,0.267,1
"APOL6",0.00285992775312175,0.399470886281763,0.374,0.299,1
"RHOF",0.00286021262120351,0.829533456597202,0.187,0.13,1
"WAS",0.0029086139014792,-0.283756355550338,0.499,0.563,1
"TMEM50A",0.00291591326713718,0.616617443773854,0.591,0.562,1
"SAMD4A",0.00293918950488343,0.425024522473503,0.125,0.077,1
"SAMD9L",0.00294511222840434,0.629258520994726,0.218,0.156,1
"SPAG9",0.00297798589503758,-0.370841223280645,0.317,0.396,1
"JAGN1",0.00299949936251385,-0.549983910197,0.142,0.205,1
"ITPA",0.00302296130679185,-0.444165718541784,0.146,0.208,1
"EIF2AK1",0.00304614374731001,0.950046427702456,0.414,0.36,1
"CAPN2",0.00312043927002703,0.552393422029819,0.52,0.47,1
"ASAP1",0.00312085358763522,0.546749677766315,0.463,0.392,1
"NCK2",0.00313827932770876,1.02850941904425,0.231,0.172,1
"SEC11A",0.00314768706868035,-0.279007379899786,0.556,0.622,1
"UBE2I",0.00316751164726215,-0.26811303591275,0.47,0.557,1
"VNN1",0.00317059819041814,-0.939630175153592,0.081,0.131,1
"CRELD2",0.00317536431438269,-0.587929815095569,0.075,0.126,1
"ZNF487",0.00319917475302767,-0.392921335189462,0.075,0.126,1
"RMDN1",0.00328053210363281,-0.304012163676727,0.161,0.226,1
"PMVK",0.0032826254525354,-0.605327430595394,0.085,0.138,1
"ARMCX6",0.00329938912769933,0.610022704794295,0.13,0.081,1
"CMIP",0.00330833561114117,0.732015648014164,0.549,0.512,1
"PTGER2",0.00332666040424925,-0.406223982098993,0.17,0.237,1
"TRIP4",0.0033304775115971,-0.591490112686577,0.062,0.108,1
"SCAMP2",0.00333386642988922,-0.333635867835227,0.269,0.344,1
"ZNF136",0.00334689157188453,0.926896529675998,0.106,0.062,1
"SERTAD1",0.0033705814459859,-0.981976269246701,0.092,0.142,1
"NDUFB8",0.00337093431657063,-0.302118775219618,0.426,0.495,1
"SSBP2",0.00342810508900098,0.832791325612287,0.18,0.124,1
"LSM4",0.00344663438921909,-0.332928375602696,0.258,0.328,1
"LPIN1",0.00347672305435415,0.905175870677684,0.111,0.066,1
"ST3GAL5",0.00348452193267594,0.808701484122863,0.196,0.14,1
"MAML3",0.00350973606367087,-0.856161100244634,0.187,0.253,1
"GOLGA7",0.00353974820194424,-0.445327815772401,0.289,0.366,1
"LILRB1",0.00355824508425574,0.437681151891352,0.367,0.303,1
"GBP1",0.00358155687083459,1.03635534373691,0.17,0.116,1
"ACPP",0.00359474441283702,0.580154469070912,0.135,0.085,1
"FOSL2",0.00361899528939289,0.526933965901848,0.466,0.41,1
"SYAP1",0.00363171167738178,-0.299304397149387,0.315,0.384,1
"RAB32",0.00366632746298605,0.698620066399438,0.586,0.541,1
"PDE4B",0.00368575643544822,-0.52169014310857,0.248,0.312,1
"IFIT5",0.00371105144309582,1.03394198948772,0.114,0.07,1
"ENY2",0.00377059387690025,-0.289093491251598,0.487,0.567,1
"OAZ1",0.00377980401539298,0.472388516731755,0.979,0.991,1
"GNA13",0.00380177819194456,0.403467541362647,0.447,0.389,1
"UROS",0.00381035402624428,-0.619104883153087,0.113,0.169,1
"DDX60L",0.00385134012574872,0.330907133103218,0.296,0.229,1
"SEPTIN7",0.00390173405138599,0.557903938912621,0.679,0.653,1
"MKNK2",0.00401664533284578,-0.457800312601054,0.326,0.405,1
"MYLIP",0.00407575199755186,-0.774890525717022,0.168,0.225,1
"NIT2",0.00407674815731478,-0.494294095644415,0.066,0.112,1
"TXNL1",0.00407676979198072,-0.255444112405916,0.255,0.328,1
"ENKUR",0.00408032035925748,0.72421954014834,0.118,0.071,1
"HGS",0.0040815742844049,-0.668245280520143,0.142,0.2,1
"AC020916.1",0.00408203389548621,-1.59222930167201,0.366,0.401,1
"ARHGEF40",0.00409872856499656,-0.512421209805857,0.179,0.246,1
"STAT2",0.00411550002093415,0.525121532378873,0.385,0.323,1
"LYZ",0.00412321236840059,0.267761223136896,0.721,0.796,1
"RNF213",0.00414769864381725,0.332231865390218,0.582,0.579,1
"XPO7",0.00415734056273651,0.686457577800645,0.175,0.12,1
"CCL4",0.00417862023968794,-1.44327071255387,0.069,0.115,1
"GYPC",0.00420730304456305,-0.739677383512174,0.279,0.337,1
"PCGF5",0.00421871357286306,0.968826717505243,0.383,0.324,1
"MYDGF",0.00439415810627369,-0.571913316101527,0.246,0.306,1
"PIK3CG",0.00439597897128898,0.492963233500435,0.258,0.197,1
"AREL1",0.00440718887926559,0.542591113828141,0.114,0.069,1
"DHPS",0.00441108430548741,-0.63954391224439,0.133,0.189,1
"CTDSPL",0.00444254166358493,1.10314208785521,0.13,0.085,1
"ZBTB18",0.00451804201342474,0.491615052836385,0.25,0.184,1
"NDUFS8",0.0045285619694388,-0.40261844443344,0.3,0.364,1
"PBX2",0.00453841786833181,0.743914616436569,0.201,0.146,1
"NAPRT",0.00459919133509596,-0.403127335640743,0.251,0.324,1
"DAP3",0.00462315536647234,-0.576334412757385,0.182,0.246,1
"NCF2",0.00465121950621239,-0.264562016079541,0.643,0.709,1
"SESN1",0.00473571220245777,-0.888701944644175,0.061,0.103,1
"PARP12",0.00473944622296896,0.674632468165962,0.139,0.09,1
"KLF3",0.00474319680076669,0.5703556376852,0.527,0.501,1
"ATP6V0A2",0.00474961649037815,0.599933195636499,0.125,0.078,1
"FAXDC2",0.00475019559497428,0.788980635765442,0.104,0.062,1
"ITSN1",0.00482172088130838,-0.423559036560844,0.069,0.116,1
"SLC35F5",0.00483487710014957,0.705746359757705,0.166,0.114,1
"CCDC112",0.00484476123930995,-0.475695831182331,0.107,0.163,1
"MYL6",0.00484814291057533,0.371360164699643,0.934,0.962,1
"TMEM176A",0.00488165125315655,-0.42460543151686,0.187,0.253,1
"IFRD1",0.00488742054588729,0.271948132156277,0.267,0.347,1
"MPG",0.00488787082565147,-0.306204183843673,0.237,0.306,1
"NDUFA5",0.00489731838699681,0.686025940524661,0.376,0.312,1
"SLC3A2",0.00494266627839567,-0.282509077804673,0.27,0.345,1
"SNAP23",0.00496648985932211,0.948804312310779,0.48,0.433,1
"COMMD9",0.00498625544106337,-0.318797016589565,0.276,0.349,1
"TBL1XR1",0.00500045244905852,0.498414733340185,0.39,0.331,1
"RAB8A",0.00501077805995081,0.718590085157961,0.539,0.501,1
"SLC39A11",0.00502371462798059,0.770510289017451,0.107,0.065,1
"PPP1R15B",0.00502597160452381,-0.565645994699996,0.277,0.327,1
"ELOVL1",0.00505011575217388,-0.793116025109084,0.128,0.183,1
"ORMDL2",0.00507309019461893,-0.544726685985055,0.12,0.175,1
"UBXN1",0.00518473532690709,-0.285398375485873,0.468,0.536,1
"PWWP2B",0.00520345710554246,-0.831211728282087,0.083,0.131,1
"TUT7",0.00520534095945753,-0.408898258950474,0.289,0.358,1
"TSHZ1",0.00526215360076819,0.570363714624652,0.144,0.094,1
"UBXN2B",0.00535233173276205,-0.528328804145664,0.166,0.226,1
"RASSF5",0.005369540004966,0.458020807441108,0.458,0.392,1
"PDLIM5",0.00537847001309584,0.718254178642689,0.31,0.253,1
"ADGRE5",0.00539510471991565,-0.28677678201685,0.523,0.59,1
"PLSCR1",0.00539878599424734,0.534050846328781,0.466,0.438,1
"RSL1D1",0.00548938284374658,-0.297587071662918,0.432,0.499,1
"SUMO3",0.00562172247569557,0.556666628415533,0.456,0.396,1
"C15orf40",0.00563906452122367,-0.918686525104655,0.13,0.184,1
"EIF4EBP3",0.0056531530498734,-0.602577177004271,0.088,0.138,1
"IRF7",0.00565979067314794,0.534179758246334,0.22,0.163,1
"TMEM179B",0.00567133848446453,-0.29788071943327,0.244,0.312,1
"MARS",0.00568667528372574,0.512414043671564,0.161,0.108,1
"TES",0.00570901804568273,-0.314116703374404,0.385,0.448,1
"ESRRA",0.00571457721797285,-0.529968114836732,0.106,0.159,1
"TMEM154",0.0057277053951715,0.411910508608988,0.44,0.38,1
"DARS",0.00589424638800626,-0.383547573388571,0.22,0.287,1
"CASP10",0.0058980587153726,-0.997185098625163,0.099,0.146,1
"TOMM40",0.00591889300217888,-1.01161647902057,0.073,0.116,1
"TPGS1",0.00595590150190021,-0.552487500721949,0.18,0.239,1
"CHKA",0.00604147457068952,-1.246663874077,0.071,0.114,1
"AAGAB",0.00604649561230433,0.60585072249689,0.113,0.069,1
"TAGLN2",0.00605437830910729,0.514239098578592,0.877,0.815,1
"ADSS",0.00608230361440437,-0.430439930486764,0.253,0.325,1
"RASGRP2",0.00615835657322634,0.603512119907386,0.343,0.276,1
"C6orf62",0.00624832887551081,0.369033157035036,0.536,0.492,1
"DNAJA1",0.00630807394540745,-0.338885469072532,0.369,0.437,1
"COX5A",0.0063311650771331,-0.282929652920597,0.425,0.503,1
"LTB4R",0.00637159559840866,-0.456603007805103,0.189,0.251,1
"ACADVL",0.00637513551601268,-0.403809891958888,0.281,0.345,1
"TNFAIP8L1",0.00638730434264548,1.61807745800172,0.111,0.069,1
"NAXE",0.00647852848624087,-0.571598780733235,0.087,0.136,1
"ANO6",0.0065118815120117,0.681491313055285,0.442,0.389,1
"ZNF22",0.00652234335929991,-0.747585389020185,0.088,0.138,1
"HM13",0.00652573108108572,-0.459108453515418,0.392,0.45,1
"ATP2B1-AS1",0.00658175798840356,-0.544049877809824,0.485,0.541,1
"OXLD1",0.00660448263475674,-0.661104140530959,0.113,0.163,1
"RO60",0.00669321224254071,0.381812652021164,0.347,0.27,1
"PHB2",0.00673757669334165,-0.269831448599974,0.307,0.373,1
"CPEB4",0.0067598679880972,0.655910035835025,0.397,0.348,1
"KIF13B",0.00679394038075482,-0.532393505523919,0.116,0.169,1
"SSH2",0.00684238820885268,-0.280531668660096,0.43,0.497,1
"STARD3",0.00691774413117372,-0.420582554035114,0.106,0.159,1
"CCT5",0.00699457721474606,-0.307404030078976,0.343,0.413,1
"USP36",0.00700297871673854,-0.583576583573766,0.101,0.152,1
"AL121933.2",0.00702320394704487,-0.56273376732772,0.076,0.122,1
"SH2B3",0.00704209595531998,0.482875237757268,0.376,0.311,1
"AC012368.1",0.00708387831269427,-0.983621151514338,0.064,0.106,1
"ARF1",0.00709602510790118,0.486892426225747,0.745,0.738,1
"EIF2A",0.007158829424337,-0.264355485256614,0.366,0.439,1
"SLC35D2",0.00718019094690988,0.257343048157935,0.094,0.144,1
"SLC15A4",0.00732636351141369,-0.305085963036025,0.149,0.208,1
"KMT2B",0.00732756535732146,-0.744383412181578,0.102,0.151,1
"NCOA2",0.00734619493532457,0.457667490922994,0.293,0.229,1
"PTPN7",0.0073700562375568,0.928815121572162,0.139,0.094,1
"PFDN2",0.0073788615094878,-0.433665207528157,0.269,0.331,1
"RAE1",0.00739141749465612,-0.374974904853713,0.128,0.184,1
"DEGS1",0.00744180718602043,-0.469021374186037,0.172,0.228,1
"SLC36A4",0.00749696653215921,-0.375015526159535,0.25,0.308,1
"EPB41L4A-AS1",0.00753666829755871,-0.412852079067165,0.227,0.291,1
"UBA6",0.00767318654894839,0.328634014396326,0.26,0.196,1
"PNRC2",0.00767868463740456,0.43249988835285,0.449,0.394,1
"BLOC1S6",0.00776900179188525,0.791704145535868,0.452,0.403,1
"SSBP1",0.00794835421389541,-0.296448436393982,0.423,0.478,1
"PCBD1",0.00806664611157364,-0.846009156301541,0.087,0.131,1
"COPS3",0.00812210280765007,-0.424725718196573,0.22,0.282,1
"SHOC2",0.00818475575950298,0.515070499446688,0.438,0.388,1
"RPL26L1",0.00821306496091001,-0.459573376149457,0.168,0.226,1
"STRADA",0.00825754573373043,0.840300682350952,0.142,0.097,1
"MLKL",0.00833318639231473,-0.79239979146047,0.142,0.194,1
"MIEN1",0.00834712636016012,-0.490130254369948,0.184,0.241,1
"ACTN1",0.00839251611933798,0.66141486656961,0.468,0.403,1
"IL10RA",0.00839701065008079,0.317747610566513,0.594,0.56,1
"MRPS15",0.00847796158526392,-0.435842592036158,0.218,0.28,1
"SH3TC1",0.00851329582098944,-0.542671923959597,0.185,0.243,1
"SVIP",0.00857428913672973,0.855223947615645,0.194,0.143,1
"GALNT1",0.00858870087132824,0.348157920644045,0.371,0.306,1
"TSPAN14",0.00859037671306355,-0.499398603316401,0.343,0.405,1
"TUBA1B",0.0087263675866835,0.260196865769527,0.584,0.529,1
"VASP",0.00872664983398842,0.316582737726145,0.678,0.673,1
"AGO3",0.00883692544406995,-0.403721678217075,0.211,0.271,1
"RNF166",0.00891699805506773,-0.283831948016147,0.393,0.462,1
"POGK",0.00892333834386823,0.815962179499303,0.225,0.172,1
"ARPIN",0.00899523299738985,0.500371834735009,0.184,0.13,1
"TRIM56",0.00901598523340745,0.641076202500872,0.3,0.241,1
"LDHA",0.00902609461266337,-0.31278309191729,0.433,0.481,1
"SRFBP1",0.00905852950030363,-0.529870325393947,0.101,0.149,1
"TMEM259",0.00908134820092996,-0.419790502300626,0.21,0.269,1
"CYP27A1",0.00911753907084561,0.985828803986739,0.132,0.089,1
"PHF20",0.00917895900273122,-0.347207366691585,0.289,0.357,1
"EHMT2",0.00919097357879595,-0.5953225144715,0.075,0.118,1
"ARMH1",0.00927012268866732,-0.747788018637774,0.102,0.148,1
"FGD4",0.00930559842900894,-0.50306165178634,0.248,0.307,1
"CAMK2D",0.00932062556234755,0.648888959997362,0.199,0.148,1
"TNFSF12",0.00934480796953369,-0.682512097710253,0.191,0.241,1
"EIF3I",0.00943829351079102,-0.357989803660178,0.367,0.431,1
"CD300A",0.00945952459221803,-0.64575135223598,0.185,0.238,1
"IRF8",0.0094759321993767,-0.456228830797984,0.279,0.337,1
"UNC50",0.00966880653989803,-0.346978914059452,0.095,0.144,1
"FDPS",0.00969235195850949,-0.789135709982707,0.151,0.2,1
"UBAP1",0.00973974611516063,0.689229442845309,0.172,0.123,1
"PDK3",0.00976174054079817,0.936387378781376,0.203,0.151,1
"OS9",0.00981678025852094,-0.266482621197501,0.35,0.413,1
"CLK4",0.00981738831307687,0.54334593596764,0.137,0.093,1
"EXT1",0.00989066098639881,-0.504064474920248,0.087,0.13,1
"C12orf10",0.00991548449961052,-0.477589636373858,0.168,0.224,1
"SYTL1",0.00995342328585714,-0.266285058726962,0.121,0.172,1
"IMP4",0.0100325760919781,-0.632517405761623,0.116,0.165,1
"HADHB",0.0100722212473499,-0.307395109315097,0.345,0.406,1
"CLK3",0.0100825593372631,-0.696353156400798,0.104,0.151,1
"DRAM2",0.0100857484786993,-0.475551069024955,0.243,0.299,1
"PLA2G12A",0.0101067997225034,0.795675146257408,0.192,0.144,1
"MRPL37",0.010132438558114,-0.407197842466414,0.104,0.152,1
"GET1",0.0101922055222284,1.30684424545822,0.101,0.063,1
"TPP1",0.0102350523295548,0.452347263079091,0.582,0.567,1
"HIST1H3H",0.0104990376378502,0.540694802536631,0.139,0.094,1
"ARHGEF6",0.0105192222079581,0.25492141933963,0.36,0.29,1
"RHBDF2",0.0107474124847531,-0.306407069218896,0.163,0.214,1
"OSER1",0.0107544461958769,-0.426252937675411,0.163,0.221,1
"ST6GAL1",0.0107786364927039,1.14849980785141,0.139,0.098,1
"LAMTOR1",0.0109267916046598,0.543792603770464,0.744,0.726,1
"ANXA4",0.0109367905216323,-0.453554617690056,0.211,0.27,1
"SPINT2",0.0109434785732607,1.04677059261862,0.341,0.294,1
"TSPAN31",0.0109441821481289,-0.708911437545083,0.069,0.111,1
"HDHD5",0.0110372978370226,-0.447099988922389,0.09,0.135,1
"CBR1",0.0110629504500128,0.574800127303281,0.22,0.165,1
"SDF4",0.0111256527042368,-0.526376424768024,0.218,0.275,1
"SRSF2",0.0111488487719708,-0.292001361286447,0.449,0.512,1
"TBC1D1",0.0112094662575303,-0.384314893676158,0.269,0.324,1
"SLC27A1",0.0113087189824504,-0.565223384295995,0.062,0.102,1
"HIPK3",0.0113405475151392,-0.378698321664574,0.426,0.495,1
"BCAT1",0.0114121113727032,-0.718298466466237,0.083,0.126,1
"TXN2",0.0114179747365927,-0.423577624748797,0.262,0.327,1
"CCDC88B",0.0114218733313181,-0.313526738307883,0.255,0.319,1
"NCF4",0.0114644445096317,-0.475309759829811,0.307,0.368,1
"SLC66A2",0.0114701940445621,-0.266373821825557,0.262,0.328,1
"RGCC",0.0115123926561132,-0.606912886683849,0.166,0.22,1
"PECAM1",0.011566824383815,0.487346475111454,0.605,0.571,1
"PDLIM7",0.0116351861844138,0.999754410833015,0.179,0.13,1
"ALOX5AP",0.011640176941391,-0.371862277256405,0.253,0.317,1
"AL132709.8",0.0116658338069709,-0.768676468274332,0.081,0.123,1
"SLC39A1",0.0117659494074264,-0.418161719625775,0.088,0.131,1
"EIF4EBP1",0.0117777467607382,-0.417226838923964,0.331,0.378,1
"SASH3",0.0118491294368241,0.493298867309382,0.331,0.271,1
"SEPHS2",0.0118625263925119,-0.484779740260197,0.14,0.19,1
"MVB12A",0.0118646045035147,-0.396780465483403,0.104,0.153,1
"MRPS35",0.0118866772724359,-0.606644029713122,0.159,0.213,1
"TMEM138",0.0119472934796661,-0.589091802189851,0.111,0.157,1
"SLC24A4",0.0121204295879966,-0.254801433012327,0.255,0.323,1
"ZDHHC20",0.0121298052078742,-0.298746457351065,0.43,0.503,1
"USE1",0.0121810271042089,-0.630574534361364,0.111,0.157,1
"SLC15A3",0.0122070598623568,0.387026212627614,0.354,0.296,1
"CD47",0.0122674726573307,0.704008463693979,0.402,0.349,1
"NUDT5",0.0122928708316319,-0.524376630205868,0.137,0.187,1
"PTPN18",0.0124858558501827,0.784373036710437,0.555,0.513,1
"JPT1",0.0125106136598054,-0.315761370975885,0.326,0.397,1
"PHF11",0.0125414650051027,0.268859314206036,0.322,0.259,1
"URM1",0.0125631829668713,-0.440789191518571,0.128,0.179,1
"IFT20",0.0126758720360666,-0.39931973251028,0.253,0.311,1
"TBC1D7",0.0126813183699106,-0.430993010849575,0.066,0.104,1
"VPS18",0.012765714764248,-0.73886892273651,0.073,0.112,1
"MMP24OS",0.0128339826548372,0.255795987339282,0.333,0.399,1
"DDX27",0.0128542587875553,-0.408419619441655,0.22,0.278,1
"KMT5B",0.0130098350309479,-0.395551093570528,0.133,0.183,1
"LAP3",0.0130157380146421,0.416720914107679,0.381,0.332,1
"OAZ2",0.0131142019164127,-0.417872493980478,0.239,0.295,1
"METRNL",0.0131647128316063,0.415606534144591,0.508,0.483,1
"CNDP2",0.0131877680245078,0.383414474139869,0.286,0.225,1
"C9orf85",0.0132342387673389,-0.505110044101672,0.064,0.102,1
"COMMD1",0.0132459551238253,-0.424546428326116,0.163,0.216,1
"STK25",0.0132700317472015,-0.355630157141098,0.099,0.144,1
"LY86",0.0132842453275818,-0.261400950740365,0.409,0.468,1
"COA6",0.0133140103539219,-0.523725112281614,0.12,0.168,1
"RAB29",0.0134059533079359,0.477039650247435,0.166,0.119,1
"C1GALT1",0.0134464243333257,0.764565103384067,0.229,0.179,1
"COA1",0.0134631279429373,-0.286534342365063,0.133,0.183,1
"TNFAIP8L2",0.0134651596758969,-0.5639717710225,0.081,0.123,1
"CLEC4D",0.0135309203285158,-0.712029114405434,0.13,0.177,1
"NT5C3A",0.0135372804158281,0.872040204607458,0.407,0.36,1
"MEAF6",0.0135749597173042,-0.443605499297429,0.284,0.345,1
"SLC35E3",0.0137936965798024,-0.69919414008883,0.166,0.213,1
"C1QBP",0.0137995804025784,-0.323744060730898,0.312,0.377,1
"PIGP",0.0138204066284908,-0.464058059523595,0.088,0.131,1
"GYG1",0.0139154136121688,-0.475077826138316,0.208,0.262,1
"BZW2",0.0140243711609524,-0.265756455642589,0.128,0.181,1
"MRPL10",0.0141365851793841,-0.47413748845125,0.088,0.132,1
"FOXN3",0.0141920265299805,0.368590196633623,0.506,0.467,1
"SRGAP2",0.0141940568003108,-0.355571178781956,0.241,0.299,1
"CCDC90B",0.014203742608158,-0.544842405929086,0.107,0.153,1
"SAMD8",0.0142081166526127,0.396062479640311,0.244,0.192,1
"GPD2",0.0144011886036449,1.1578098897895,0.109,0.071,1
"OLIG1",0.0144230851366844,-0.674091472105549,0.078,0.119,1
"HAGH",0.0144516266382761,-0.421734512296149,0.22,0.279,1
"ZNF121",0.0145702996125131,0.829476845480276,0.128,0.087,1
"RPIA",0.0145979597203634,-0.583904611897257,0.156,0.208,1
"ZNF124",0.0146046101497996,0.447167965572546,0.127,0.083,1
"MRPL3",0.0146075625222719,-0.400209144885665,0.161,0.213,1
"ETFA",0.0147435863239302,0.936033973591582,0.371,0.32,1
"SIRT1",0.0147516186639365,-0.26619360917173,0.116,0.165,1
"THBS1",0.0147992401167903,-0.358365395487732,0.381,0.448,1
"FOLR3",0.0149167194813969,0.696761105579335,0.149,0.107,1
"MBNL1",0.0149310637750372,0.416277463876168,0.785,0.778,1
"PLPBP",0.0149660180257437,-0.363242156033298,0.17,0.224,1
"RAB1A",0.0151334864604238,-0.274685059834773,0.277,0.341,1
"ORAI2",0.0151910850746445,0.655154409494051,0.3,0.245,1
"MLX",0.0152492640867714,-0.403158936280062,0.253,0.317,1
"PALLD",0.0152653052726387,-0.766818950764747,0.069,0.107,1
"SLC2A3",0.0155218172561945,0.382890645415465,0.572,0.532,1
"ODF3B",0.0155528075513375,0.504811414287809,0.326,0.272,1
"ARPC5",0.0155793278729982,0.320337204090388,0.839,0.831,1
"LITAF",0.015623862785187,0.383315740872117,0.523,0.497,1
"MARC1",0.0156737738911098,-0.26571173306145,0.135,0.187,1
"EIF6",0.0157808073047324,-0.298277288377703,0.25,0.31,1
"UNC93B1",0.0158354466674052,-0.254007317231379,0.319,0.381,1
"PGPEP1",0.0158415949792467,0.589571254346212,0.199,0.151,1
"SCAF11",0.0159671310779996,0.303122328034186,0.582,0.554,1
"WDR44",0.0159810240151823,1.55122707367836,0.106,0.069,1
"VOPP1",0.0161950203950996,0.411260939428956,0.241,0.189,1
"TBRG1",0.0163103329576915,-0.303001372842631,0.225,0.278,1
"SELENON",0.0163782772424246,0.685542849275564,0.156,0.11,1
"GNA12",0.0164120216374796,0.657754733327814,0.154,0.11,1
"TMEM140",0.0164376414639171,0.856610172383199,0.113,0.075,1
"PHACTR2",0.0164679972219782,0.438167069944729,0.324,0.265,1
"MRPS22",0.0165174931838635,-0.280165920174652,0.12,0.168,1
"DDX59",0.0165356635726676,-1.09626363703383,0.085,0.126,1
"ID2",0.016577927084868,-0.360116583299059,0.515,0.577,1
"ASPH",0.0165840151564722,-0.71227281145336,0.173,0.218,1
"MCEMP1",0.0166564948797004,-0.263651919159217,0.14,0.192,1
"ILKAP",0.0168306252300041,-0.589012684796067,0.125,0.171,1
"TMEM70",0.0168341878824026,-0.586026892333313,0.142,0.192,1
"FAM210B",0.0169509154482326,-0.313554928774745,0.231,0.286,1
"TMEM107",0.0169680307344741,-0.4196469366523,0.139,0.188,1
"LACTB",0.0169759584541038,-0.263912535066828,0.374,0.446,1
"CFP",0.0171218343201876,-0.285215404531185,0.539,0.595,1
"CLEC1B",0.0173273067978098,0.877438792942109,0.12,0.082,1
"GAPT",0.0174964321899716,-0.61753666763183,0.139,0.187,1
"OXA1L",0.0175268387301258,-0.356940373102885,0.322,0.386,1
"SH3KBP1",0.017543022042109,-0.364356024414496,0.497,0.541,1
"RAB30-DT",0.0176806203026604,-0.64045947739759,0.073,0.111,1
"BTBD1",0.0177575395627879,-0.431997048302521,0.153,0.204,1
"CD4",0.0177713107714957,0.338931210141262,0.51,0.471,1
"DUT",0.0178550057201577,-0.513028501312384,0.26,0.315,1
"SLC35A1",0.0178682160930634,-0.569592691460961,0.118,0.164,1
"RBM43",0.0179648434039808,0.475026486248269,0.109,0.071,1
"NORAD",0.0180045177901656,0.46528045921447,0.614,0.575,1
"SHFL",0.0180556658114361,0.539441836132221,0.231,0.176,1
"MAPK1IP1L",0.0180959889256641,0.328667288609995,0.367,0.321,1
"WDFY2",0.0182144237835935,-0.405188156934241,0.298,0.356,1
"IRF5",0.018365437344936,-0.323112099152485,0.158,0.209,1
"ATG2A",0.0183785701957694,-0.562246070985157,0.114,0.159,1
"PSMG3",0.0183884496706569,-0.466686192978459,0.094,0.134,1
"DPYSL2",0.0184986638011614,0.30490244938015,0.562,0.521,1
"PXK",0.0185835944508625,-0.437617930174207,0.203,0.254,1
"ATG5",0.0186035553818757,-0.393482162834243,0.132,0.183,1
"C2CD5",0.0186788287799211,-0.362129100645129,0.121,0.168,1
"SYNGR1",0.0187018630717661,-0.432454363092798,0.087,0.128,1
"POR",0.018879465740907,-0.250434615491363,0.163,0.217,1
"CD69",0.019106376120835,0.348225189288911,0.073,0.11,1
"GMFB",0.0191129798752307,0.530770452071311,0.229,0.181,1
"UHMK1",0.0191812983402762,0.453044477981125,0.362,0.317,1
"MBD4",0.0192054325552021,-0.255075305910841,0.262,0.31,1
"CLASRP",0.0192512308604018,-0.255252033905868,0.094,0.135,1
"ABCF1",0.0193049561997949,-0.404993164852342,0.173,0.226,1
"LFNG",0.0193141419031399,0.590418304872945,0.282,0.235,1
"MRPL52",0.019383295309619,-0.324778297047066,0.334,0.397,1
"PCBD2",0.0194992993961769,-0.845297825505297,0.069,0.104,1
"FAM120A",0.0197501695355889,0.396634360822289,0.551,0.529,1
"DENND10",0.0199468473355217,0.321582366171769,0.376,0.327,1
"ESYT2",0.0199605245136361,0.471659779831412,0.243,0.197,1
"EIF4A3",0.0200908199143346,-0.435471462905725,0.133,0.18,1
"CAPZA2",0.0201543549244134,0.506189142452702,0.678,0.675,1
"LRPAP1",0.0201831137772568,-0.322774117452492,0.312,0.369,1
"SEC22B",0.0202759894106476,-0.428030907251047,0.198,0.249,1
"CRYBG1",0.0204915409598275,-0.284287008978662,0.173,0.226,1
"MGST2",0.0206746169467205,-0.562354540324706,0.203,0.251,1
"PHB",0.0207963063391206,-0.438860880314921,0.147,0.197,1
"SLC49A4",0.0208770161175297,-0.417650113580103,0.087,0.127,1
"CDC16",0.0209475602147451,0.702078156209958,0.139,0.098,1
"NLRP3",0.0211396265970357,-0.504675808747058,0.352,0.403,1
"PSIP1",0.0211752569537807,0.85735648229895,0.308,0.262,1
"FCAR",0.0212283694755306,-0.513591790129304,0.217,0.265,1
"PF4V1",0.0213070139099447,0.760390855244115,0.151,0.111,1
"PEA15",0.0213135898378125,0.626034857733001,0.246,0.2,1
"FH",0.0214686359438863,-0.551461901629148,0.068,0.104,1
"LTB",0.0216164669082092,0.667482521942373,0.243,0.192,1
"AZIN1",0.0220119660844589,-0.262248770926049,0.322,0.373,1
"DIAPH1",0.0220898300881301,0.47768815462392,0.591,0.552,1
"MTAP",0.0221092974623326,-0.777306643864186,0.08,0.116,1
"DDX39A",0.022285168460502,-0.50519136736824,0.116,0.16,1
"DSE",0.022292514888992,0.750318020395583,0.352,0.306,1
"RABGAP1L",0.0223069750349337,0.329349593777128,0.412,0.364,1
"BAZ1A",0.0226074465580475,-0.298310159658567,0.366,0.421,1
"COQ7",0.0226388417661972,-0.833851613621071,0.085,0.123,1
"ADAP1",0.0227758062145885,-0.371663794893957,0.163,0.21,1
"YBEY",0.0229224057922357,-0.748543433082095,0.097,0.136,1
"CPSF7",0.0231383877408355,-0.4999618798458,0.187,0.238,1
"NUP58",0.0232954648246843,-0.444746359814404,0.229,0.278,1
"TXNRD2",0.023718934353972,-0.413465874184809,0.104,0.146,1
"SARS",0.0238452315570753,-0.302265583462457,0.206,0.261,1
"CNPY2",0.024021333349007,-0.342206841179549,0.206,0.259,1
"SH3BP2",0.0240993658616415,0.380166182147044,0.458,0.406,1
"PIK3CB",0.024122654994973,0.519497231433691,0.227,0.177,1
"ELF4",0.0241778327570975,0.608695456803274,0.172,0.13,1
"ST3GAL1",0.0243072877619362,0.418363155335375,0.241,0.194,1
"PCSK5",0.0244867093854364,-0.681124713163226,0.08,0.116,1
"HSPA13",0.0244956839191569,0.865390201020001,0.116,0.081,1
"TBC1D14",0.0245063177569994,-0.417487140683339,0.144,0.189,1
"PLEKHF2",0.0248328402443913,0.614645422172811,0.267,0.221,1
"SAMM50",0.02486973454708,-0.54435623143251,0.107,0.148,1
"BEX3",0.0249420013610391,0.636949884397996,0.175,0.132,1
"MRPL15",0.0249815349082816,-0.550643861369065,0.097,0.136,1
"ITPK1",0.0249919108433457,-0.330429169899324,0.203,0.253,1
"CCND3",0.0255450473966008,0.491813796436787,0.487,0.577,1
"ZXDC",0.0255852081362023,-0.420965234121511,0.102,0.144,1
"RPL22L1",0.0255918904122227,-0.28384992206254,0.397,0.455,1
"SUGT1",0.0256240989170332,-0.269036580914687,0.258,0.313,1
"HSPE1",0.0256506245497288,-0.330233819099141,0.27,0.319,1
"SRA1",0.0257013476449058,-0.37951445269153,0.255,0.31,1
"PAM16",0.0257414555549665,-0.373674388253502,0.113,0.156,1
"STEAP4",0.0257549089760645,0.701385735941366,0.144,0.104,1
"ELP4",0.0258507533644625,-0.935086121776282,0.078,0.114,1
"CXCL16",0.0260678033537545,0.402232483627953,0.341,0.287,1
"SRXN1",0.0261045110977497,0.583963634002703,0.128,0.091,1
"IFIH1",0.0261188916731751,0.680548914350849,0.113,0.078,1
"GTF2H3",0.0262079975776472,0.576974751648711,0.116,0.079,1
"ADAM17",0.0262100597566883,-0.373047678418102,0.373,0.427,1
"KCNQ1",0.0263243044176011,-0.35246881885103,0.142,0.189,1
"MTHFD2L",0.0263299880325426,0.852457128027931,0.184,0.142,1
"MICU1",0.0263831127453779,0.709531515844328,0.334,0.286,1
"UTP6",0.0264189426863824,-0.925208996521055,0.104,0.143,1
"TMEM127",0.0266346278903396,0.364022766621357,0.322,0.267,1
"URI1",0.026759371037956,-0.331157924732064,0.255,0.311,1
"PAGR1",0.0267762589065279,-0.410457652953802,0.144,0.19,1
"PPT1",0.0267930858730102,0.339328364616924,0.565,0.541,1
"CAND1",0.0268096233486616,-0.700689029053724,0.165,0.212,1
"RASA3",0.0268290140033476,1.35187810048862,0.179,0.138,1
"ARHGAP25",0.0268893673390595,0.430726913428098,0.153,0.111,1
"MFSD14B",0.0269910448344977,0.399013410185384,0.328,0.279,1
"ARL4C",0.02723837440445,0.317786649002942,0.35,0.302,1
"CD36",0.0273551241202331,0.556406216318286,0.563,0.558,1
"MTR",0.0276596334935272,0.252287529076944,0.088,0.127,1
"IGF2BP2",0.0278008509639022,1.21979701356344,0.158,0.116,1
"MSR1",0.0278202658185024,-0.540722721383382,0.073,0.106,1
"AGGF1",0.0279079249036693,-0.280302706077083,0.102,0.144,1
"CCND2",0.0279674597241043,0.614706653145425,0.116,0.079,1
"JADE2",0.0282566204521506,-0.755213671715857,0.088,0.124,1
"ACSF3",0.0283488657135693,-0.259026457327645,0.083,0.12,1
"TLK1",0.0286003889977771,0.917662068285973,0.393,0.354,1
"G3BP1",0.0288594791152297,-0.306217839932,0.256,0.304,1
"ARNTL",0.0289489208535847,0.389564478109957,0.121,0.085,1
"FAM53C",0.0289506928918629,0.624805629955229,0.182,0.142,1
"ZBTB38",0.0289517051010535,1.23485915624819,0.161,0.122,1
"OTUD1",0.0289622655096978,0.288359716920234,0.295,0.249,1
"WSB1",0.02928543853634,-0.300395585279271,0.459,0.504,1
"EMSY",0.0294137526196134,-0.462354573752464,0.069,0.104,1
"PLOD3",0.0295181300497623,-0.570468732378,0.069,0.103,1
"MRPL11",0.0295344813779362,-0.333256364714006,0.215,0.265,1
"MRPS16",0.0295400909543737,-0.278359256632149,0.184,0.231,1
"ENTR1",0.029562641958674,-0.617867924024877,0.078,0.114,1
"TMEM120B",0.0297082221802033,0.70446385464653,0.125,0.09,1
"NBPF19",0.0297086447775302,0.644411153429398,0.255,0.213,1
"PNPT1",0.0297285604328173,0.611844118277924,0.149,0.111,1
"CXCL2",0.0297456880143816,-1.19474605195643,0.102,0.136,1
"ARHGEF7",0.0300765437652114,-0.299071023958176,0.102,0.143,1
"GSDMD",0.0302355707150853,-0.27236295822237,0.206,0.258,1
"GCLM",0.0304795863366632,1.00293809575974,0.102,0.07,1
"ARL3",0.0305442026384006,-0.52591338189484,0.107,0.148,1
"ZNF467",0.0306410348546632,-0.333539280941986,0.262,0.313,1
"DCTN4",0.0306664879413096,0.599397328994723,0.251,0.204,1
"CCDC6",0.030891204157268,-0.351795455062717,0.231,0.28,1
"MPP1",0.0310815467153456,0.789279290128216,0.496,0.47,1
"IL6ST",0.0311973725512043,0.446072643786917,0.274,0.224,1
"HS1BP3",0.0312804725129665,-0.387770806132296,0.09,0.127,1
"HMGN1",0.0313080822002294,0.663995146772659,0.471,0.422,1
"AL133453.1",0.0314846123352151,0.853845505811265,0.106,0.073,1
"RBBP6",0.0316031894085045,0.634924577670185,0.451,0.401,1
"RC3H2",0.031859296793481,0.630189758672201,0.21,0.165,1
"COX19",0.0318890668952122,-0.410503834147675,0.248,0.303,1
"RTF2",0.0320015311604123,-0.268038227446021,0.326,0.378,1
"SPPL3",0.0320148425229221,0.678317501164215,0.276,0.225,1
"B4GALT5",0.0322177606868959,0.318493118442857,0.213,0.172,1
"ABCC3",0.0324523314104983,0.978682579590421,0.142,0.106,1
"BCKDK",0.0324721391473197,-0.432363364809906,0.191,0.234,1
"RBM14",0.0325225574998456,-0.634937422359693,0.113,0.151,1
"PPID",0.0325672708363381,-0.663882393067197,0.088,0.124,1
"SLC9A9",0.0325808817709003,1.49881290913012,0.121,0.087,1
"NME4",0.032705632370185,0.384065343854232,0.101,0.14,1
"MOB2",0.0327862919358871,0.293298638274985,0.12,0.163,1
"KCNAB2",0.0328024671137708,-0.331991906584355,0.317,0.362,1
"CCNG1",0.0328347504948076,0.254119164533808,0.172,0.218,1
"MT-ATP8",0.0329344163610831,0.425410089712337,0.461,0.415,1
"RAB35",0.0330491121891663,-0.57445899042993,0.087,0.123,1
"CMTM6",0.0331694208486298,0.307987518214924,0.695,0.709,1
"YPEL5",0.0333246374943201,-0.406425883809076,0.551,0.579,1
"R3HDM4",0.0333685723667967,0.865819333887687,0.371,0.339,1
"NKAP",0.0334581038239578,-0.37596714342732,0.139,0.184,1
"TSC22D4",0.0335873540498283,0.923334472810944,0.31,0.263,1
"RAPGEF6",0.0336492454251584,-0.630804131060853,0.12,0.16,1
"TIMM17B",0.0338166139130634,-0.560013428685537,0.156,0.204,1
"HLA-DPB1",0.0339692806654598,0.373948655058644,0.622,0.616,1
"ECH1",0.0346432971820951,-0.288953463329789,0.225,0.279,1
"PLAGL2",0.0346441480796073,0.77879509924212,0.142,0.104,1
"KLHL2",0.0348517682446851,-0.273295507006106,0.12,0.16,1
"LETMD1",0.0349091323865186,-0.599686249959782,0.109,0.148,1
"ATXN7L3B",0.0349510463492831,-0.397509916395782,0.213,0.257,1
"ERAP1",0.0349619972736883,0.346818063380085,0.206,0.163,1
"SHARPIN",0.0351625543485408,-0.374016657042145,0.149,0.19,1
"NBEAL2",0.0351911844541715,0.615794222361767,0.253,0.21,1
"DPY19L1",0.0353747586476634,0.564722107413231,0.106,0.073,1
"CYTH4",0.0354154384458911,0.464250733327415,0.302,0.262,1
"SUPT5H",0.0354556479103939,0.432798163806178,0.321,0.272,1
"ECI1",0.0354934893406723,-0.369566715261656,0.153,0.194,1
"TAGAP",0.0355128565621676,-0.477982111570869,0.198,0.241,1
"CWC22",0.0355229519102933,0.399110763691112,0.128,0.091,1
"SLC25A29",0.0356041120444261,0.588239337262213,0.102,0.07,1
"PMF1",0.0356261058756046,-0.4290891403979,0.229,0.28,1
"STXBP5",0.0357307091071056,0.618109859184783,0.128,0.093,1
"MTIF2",0.0357952547020281,-0.74354600875178,0.094,0.128,1
"RASA4",0.0358467105640989,0.694277809712905,0.12,0.083,1
"ACTR3",0.0358711230303989,0.31075885071746,0.657,0.653,1
"SPTAN1",0.0360941311269671,-0.297034909725936,0.161,0.209,1
"DNAJB1",0.0361336146634275,-0.330962770754229,0.191,0.233,1
"PDCD2",0.0362025399856794,-0.300646825349101,0.243,0.298,1
"DNMBP",0.0362116985151541,-0.94811441482803,0.076,0.108,1
"PNP",0.0362362917579704,0.381125656811807,0.161,0.212,1
"RPS6KA4",0.0364154807936665,-0.324767491111281,0.206,0.257,1
"CCNC",0.0368390041994776,0.348461219499572,0.182,0.14,1
"STX12",0.0368617421421244,-0.262187033938129,0.262,0.312,1
"AP3M1",0.0369608663659399,0.550998875035056,0.14,0.103,1
"BICD2",0.0369657995257543,0.705699357757664,0.336,0.291,1
"MARVELD1",0.0372999529504792,-0.636059575709131,0.116,0.153,1
"MIEF1",0.0373042287274304,0.61069130315646,0.199,0.155,1
"PGRMC1",0.0379730976321648,0.490531270127271,0.345,0.304,1
"ZBTB7A",0.0380137275047303,0.26487354099778,0.536,0.511,1
"B3GAT3",0.0381087413620709,-0.391524047890454,0.076,0.111,1
"RUNX3",0.0381679107301721,0.41673414542881,0.263,0.218,1
"NUP62",0.0383040981496324,0.252372610730385,0.256,0.209,1
"HIKESHI",0.0383933948875147,-0.30173475853557,0.158,0.201,1
"SLC66A3",0.0384101394310796,0.367192062849191,0.31,0.263,1
"PPP1R11",0.0384584206089899,-0.316805562110184,0.18,0.225,1
"IL18",0.0385686526653185,-0.330318232259355,0.144,0.188,1
"IL1B",0.038617495576955,-1.71282100519189,0.192,0.222,1
"HNRNPA0",0.0387048931053094,-0.359970308028175,0.321,0.372,1
"ARL11",0.0388093344163679,-0.501968256959277,0.106,0.142,1
"MAPRE2",0.0388268359583159,0.773471461782302,0.27,0.226,1
"CYTH2",0.0391612158649304,-0.507327568541099,0.107,0.146,1
"ETHE1",0.0391826231701948,-0.350514241443589,0.215,0.259,1
"NCKAP5L",0.0393857151388451,-0.505706320701227,0.09,0.126,1
"NAMPT",0.0394471526647202,0.441985304180947,0.666,0.688,1
"INTS11",0.0394506071093437,-0.54704910266727,0.142,0.183,1
"CES1",0.0394764658567194,-0.630686388750613,0.146,0.187,1
"JMJD6",0.0394985072239052,-0.424573609625344,0.146,0.189,1
"NDUFS5",0.0395400505129561,0.308468579197705,0.607,0.664,1
"OTULINL",0.0395493116662142,-0.413304934829908,0.314,0.356,1
"FCHO2",0.0395910466023991,-0.475763293284305,0.116,0.156,1
"CA2",0.0398537514090843,1.17424925255359,0.139,0.103,1
"TFEC",0.0398649791437181,-0.489322981565048,0.234,0.278,1
"VEZF1",0.0398692573153339,0.332046915578625,0.302,0.25,1
"STARD4",0.0400555753828374,0.820091702478867,0.114,0.082,1
"TMEM205",0.0401351596527062,-0.322995976153387,0.256,0.307,1
"HDDC2",0.0405694113870373,-0.540375582993532,0.113,0.151,1
"ARID2",0.0407723729283318,-0.356684484402082,0.17,0.212,1
"CCNT1",0.0411274660741839,0.469522634147732,0.177,0.138,1
"UBE2R2",0.0412776649796101,0.383114311064619,0.516,0.505,1
"MOSPD2",0.0412861893072188,-0.303757120500648,0.147,0.188,1
"NEDD9",0.0413907820594855,-0.463994322175245,0.196,0.237,1
"GALK1",0.041689940201433,-0.357122479372491,0.147,0.19,1
"KDM7A",0.041870040593854,0.433136858899014,0.305,0.265,1
"SNRK",0.0420763917070158,0.320969507036612,0.303,0.251,1
"ADNP2",0.0423172512778023,0.779929586306736,0.123,0.091,1
"MLLT6",0.0423601641206658,0.430326064924266,0.208,0.167,1
"ADK",0.042397986808185,0.520212055097008,0.194,0.157,1
"ATF5",0.0424233686854914,0.278923816288789,0.13,0.097,1
"PGK1",0.0424460724947312,0.369952356790065,0.648,0.669,1
"BSCL2",0.0424607078553498,-0.394900936685838,0.101,0.138,1
"HLA-DRA",0.0426624352469739,0.277564639812796,0.693,0.737,1
"DESI1",0.0427153628440747,-0.70572707932979,0.156,0.197,1
"MPPE1",0.0427620317147467,-0.264612028487904,0.146,0.185,1
"RBBP5",0.0429695392414241,0.879570035547068,0.101,0.069,1
"GBP2",0.0429956137438079,0.27297334239936,0.366,0.321,1
"NABP1",0.0434576577162475,0.446348933596844,0.302,0.258,1
"LEPROT",0.0435717553526284,0.413717388056399,0.497,0.446,1
"RAB11A",0.043582665895697,0.72204352982795,0.423,0.381,1
"TPM1",0.0438634044829863,0.43952059827564,0.218,0.177,1
"CARHSP1",0.0441357547966059,-0.319529050613989,0.168,0.21,1
"COA3",0.0442582319865402,-0.280215900369807,0.154,0.196,1
"OSBPL8",0.0446355044436453,0.345716862153994,0.575,0.544,1
"PPA2",0.0446767311780217,0.296832009426271,0.159,0.122,1
"SMARCD2",0.0446846589591618,-0.257035853731197,0.161,0.205,1
"SDF2L1",0.0447631157998048,-0.284501881148271,0.175,0.217,1
"CPEB2",0.0448529290696405,0.587840904930228,0.187,0.148,1
"MFN1",0.0449500711697142,-0.578957940284593,0.078,0.111,1
"HSH2D",0.0450989403084307,0.26464853028939,0.133,0.098,1
"MLF2",0.0451986327684568,-0.336168291209702,0.272,0.324,1
"CCT7",0.0451996001806946,-0.260371724397463,0.21,0.261,1
"MALT1",0.0452848209334455,0.478973327374535,0.279,0.238,1
"MRPL12",0.045322628698936,-0.468691386043768,0.118,0.156,1
"ING1",0.045392743990006,0.569828340312078,0.213,0.176,1
"DPP7",0.0453988587796964,-0.259786533146348,0.352,0.394,1
"SLC35A4",0.0454589113124202,0.452215135568748,0.142,0.106,1
"SELENOS",0.0454927690395713,-0.278631949837623,0.302,0.349,1
"MRPL41",0.045785904449765,-0.333609153779982,0.317,0.369,1
"PIP4K2A",0.0459819086412828,0.441789234145408,0.442,0.501,1
"MRPL34",0.0460117100485794,-0.301039639341416,0.229,0.274,1
"KIAA0513",0.046221493508436,0.718604067843482,0.231,0.187,1
"SUSD1",0.0464712999921489,1.08527116227152,0.14,0.106,1
"LAMTOR3",0.0466188303450532,0.424306304359531,0.213,0.172,1
"UBE2O",0.0469035865298377,-0.31520412061399,0.076,0.108,1
"PPM1B",0.0470811598271129,-0.363793056243731,0.231,0.276,1
"AC025164.1",0.0471489096615401,-0.416585539399407,0.12,0.159,1
"ZDHHC24",0.0473438003822464,-0.429772763949033,0.083,0.118,1
"GGCT",0.0474618323429193,-0.475874204024505,0.123,0.161,1
"SCNM1",0.0477852429552381,-0.366659174800192,0.236,0.274,1
"SPEN",0.048075431837524,0.366886607866888,0.381,0.332,1
"DDIT3",0.0484499933574909,-0.656642149904989,0.12,0.155,1
"WARS",0.0485143479082589,0.32785314391771,0.449,0.419,1
"USF3",0.0485467069918961,0.466803523057905,0.224,0.185,1
"MRFAP1",0.0485687891029898,-0.303576938477069,0.348,0.405,1
"PRKAR1A",0.0490274811996987,0.35839259811648,0.6,0.577,1
"LMAN2",0.0491416144355301,-0.250944223597885,0.362,0.409,1
"WIPF2",0.0494844708430407,0.51056461074471,0.241,0.2,1
"TREM1",0.0497419253567348,-0.257538934534225,0.35,0.409,1
"MRPS14",0.0498196636960527,-0.608435719630688,0.081,0.114,1
"MT-ND4L",0.0499701290045598,0.320299671175357,0.693,0.712,1
"LPCAT1",0.0499727349412898,0.260309739621722,0.208,0.164,1
"SMOX",0.0501443415283363,0.839973222126334,0.13,0.098,1
"PTRHD1",0.0502340987032606,-0.259863552631391,0.288,0.333,1
"COA4",0.050507980481102,-0.389095099221965,0.172,0.214,1
"IER5",0.0507054017537688,0.341615083035968,0.426,0.393,1
"MOB1A",0.0507192847965537,0.316624506451939,0.683,0.69,1
"WRNIP1",0.0508129612740725,0.339320977698198,0.107,0.147,1
"RASSF4",0.0509299057407263,-0.297528324632388,0.331,0.382,1
"MAPRE1",0.0511978139498109,0.529134171550236,0.404,0.36,1
"EIF4E3",0.0513427918692933,0.28261579246078,0.374,0.328,1
"ILF3-DT",0.0515177515499725,-0.495827431124877,0.153,0.193,1
"EPRS",0.0515260215493941,-0.261754620457418,0.225,0.271,1
"ILRUN",0.0520841750941034,0.609319069070342,0.18,0.142,1
"NEU1",0.0521234500288479,-0.303578023611718,0.109,0.146,1
"ANAPC1",0.0522692809654139,0.751785469590884,0.113,0.082,1
"KLHL6",0.0523157922337896,1.17129798476829,0.137,0.104,1
"TAP1",0.0524384785511036,0.280231920630361,0.255,0.21,1
"CSRNP1",0.0524930668724317,-0.710173023319257,0.236,0.271,1
"LINC01001",0.0528396490173576,-0.637538571214997,0.083,0.115,1
"PTPRA",0.0532021829163239,0.640447955940187,0.345,0.304,1
"C12orf45",0.0532698644839264,-0.557908093963302,0.104,0.139,1
"ZCCHC2",0.0533479716523597,0.667992108182682,0.21,0.171,1
"TLR2",0.0534831200211997,-0.316885683445926,0.4,0.448,1
"TRADD",0.0535239797543269,-0.439442859717841,0.14,0.179,1
"BUB3",0.0535925951910398,-0.252531937925963,0.222,0.27,1
"CMPK1",0.0538129847935135,0.511104844780311,0.494,0.476,1
"CHRAC1",0.0538352904750461,-0.346448474599896,0.276,0.313,1
"BABAM1",0.0540013622214227,-0.252509023626473,0.185,0.229,1
"SAR1A",0.0540856523647675,0.280950485096584,0.244,0.201,1
"HDAC2",0.0541279334139755,-0.270397515576943,0.206,0.251,1
"TMED8",0.0541642075311565,0.989545695157093,0.149,0.118,1
"MLLT1",0.0541708530204388,-0.416706074483637,0.094,0.127,1
"SNRPA",0.0542328082765021,-0.418219638982755,0.179,0.218,1
"PUS7L",0.0542389812850622,0.517915767111454,0.154,0.119,1
"KLHL8",0.0543414283056654,-0.500834286399865,0.201,0.241,1
"STK24",0.055014674026255,0.451288388271786,0.416,0.374,1
"TRIM28",0.0552235606375961,-0.416244991607734,0.166,0.205,1
"AL627171.2",0.0553409466222868,0.853135426260233,0.159,0.124,1
"JPX",0.0555928506989516,-0.31392617401456,0.236,0.284,1
"TRIM13",0.0556302869116814,-0.566055618570609,0.099,0.134,1
"DBNDD2",0.0562485327395544,-0.542138675579561,0.076,0.106,1
"KRR1",0.0564826871462274,0.369984650951164,0.225,0.187,1
"FBN2",0.0567233370437102,-0.443603007103862,0.071,0.102,1
"SRP19",0.0567473232607605,-0.394406741109052,0.295,0.327,1
"TUBA1A",0.0567561966186692,0.465813248227513,0.537,0.504,1
"SNX14",0.0569896116465485,-0.364500460031875,0.191,0.235,1
"ZNF746",0.0571410211883386,-1.17045503116171,0.073,0.101,1
"AMZ2",0.0572340754394096,-0.452861230137866,0.094,0.127,1
"GABPB1-AS1",0.0573004889729342,-0.47064134598623,0.177,0.214,1
"RELL1",0.0573323117459441,-0.330952407042965,0.272,0.317,1
"INTS10",0.0574200709701787,-0.44936137175343,0.189,0.228,1
"TRIM25",0.0574388483441059,0.386477971736795,0.227,0.187,1
"NCK1",0.0574568481247939,0.830569398872561,0.206,0.172,1
"MRTO4",0.057866444832445,-0.502802993544637,0.076,0.106,1
"ATXN2",0.0580078185824502,-0.460789018259294,0.158,0.198,1
"ARF3",0.0583475236022811,0.601975601755884,0.407,0.365,1
"TNNI2",0.0588124408735458,0.861559145608405,0.12,0.091,1
"AL133330.1",0.0589663963410996,-0.55644276785257,0.076,0.106,1
"GSTO1",0.0592797458019934,0.603220717299733,0.679,0.664,1
"PCTP",0.0593525731159244,0.263345468458429,0.081,0.114,1
"PRDX5",0.0596958209751081,0.282754412399289,0.445,0.513,1
"ASCC2",0.060064190983003,-0.298861499018225,0.163,0.206,1
"ACAP2",0.0600700448291675,0.281001641090455,0.591,0.581,1
"ZYX",0.0601933710956186,0.585310157095136,0.567,0.549,1
"CNP",0.0602002226348391,0.296593720747617,0.111,0.079,1
"CCDC66",0.0602599975289399,0.526262861763548,0.135,0.102,1
"APPBP2",0.0602713968314937,-0.383217169836611,0.073,0.103,1
"TCP11L2",0.0602844563567515,-0.382798209616033,0.175,0.217,1
"ISG20",0.0603599459313461,-0.424111952802453,0.159,0.198,1
"TINF2",0.0604335034666301,-0.462317940141631,0.13,0.167,1
"CXXC5",0.0606005734389405,0.409010680698189,0.251,0.206,1
"NCOA1",0.0607845749931836,0.367090376823035,0.364,0.331,1
"PTPN22",0.0607861979208615,-0.491089689101401,0.128,0.164,1
"AC092821.3",0.0608503179531941,1.13091045650469,0.114,0.085,1
"PIK3AP1",0.0609164726516848,0.262875363563224,0.419,0.376,1
"TMOD3",0.0612002998389986,0.607100298290865,0.504,0.472,1
"DANCR",0.0615309897571975,-0.832477800108747,0.075,0.104,1
"POLD3",0.0617430326716622,-0.372668309366725,0.104,0.138,1
"ZNF12",0.0620122193817721,0.33898162887989,0.106,0.077,1
"DGCR6L",0.0620349088543738,-0.273934682283046,0.175,0.218,1
"ARHGAP5",0.0621093294111374,0.536294674865013,0.14,0.107,1
"MRPL32",0.0622962247224596,-0.503612630004235,0.099,0.13,1
"MYCBP",0.0624350303578303,0.837257988352464,0.203,0.167,1
"PKM",0.0627540337729142,0.370175653776574,0.738,0.722,1
"LNPEP",0.0629422775356292,0.337836017553101,0.393,0.349,1
"SFT2D2",0.0634093064354795,0.264783648211921,0.395,0.354,1
"AP5Z1",0.0636842967290242,-0.583878042839071,0.114,0.147,1
"CCT2",0.0637561566316277,-0.410275232592787,0.179,0.222,1
"GADD45B",0.0638852954970006,-0.470254154252231,0.317,0.352,1
"PPP1R21",0.0639362179891542,-0.560472704087648,0.081,0.112,1
"FAM136A",0.0640505455470045,-0.494728746424879,0.153,0.188,1
"MTRNR2L1",0.0641337821648228,-0.434972734281195,0.159,0.2,1
"SLC50A1",0.0641711478508733,0.506902576604665,0.137,0.104,1
"LGALS9",0.0643152245141723,0.275764851808911,0.447,0.422,1
"VPS39",0.0646091742351324,0.560346285110071,0.123,0.091,1
"ITGAX",0.0646565713928026,0.377506983452523,0.449,0.425,1
"BDP1",0.0650228397982036,-0.467485766084766,0.241,0.279,1
"EIF2B5",0.0651451386829826,0.426460917457208,0.127,0.094,1
"STOM",0.0651532583836581,0.86997485997375,0.274,0.237,1
"ZFYVE16",0.0653092026073102,0.361914906756497,0.324,0.287,1
"RASGEF1B",0.065574055782563,-0.3323269168697,0.263,0.306,1
"RTF1",0.0656926421080667,-0.251424235826316,0.347,0.401,1
"ROGDI",0.0658159261775446,0.442079805314713,0.236,0.197,1
"PCNT",0.0660441401075616,-0.533498618079546,0.085,0.115,1
"UBAP2",0.0671699094927612,-0.499841984827709,0.09,0.122,1
"MBD3",0.0671947656862616,-0.434143486001281,0.101,0.131,1
"C12orf76",0.0673536859018393,0.905314074351053,0.142,0.11,1
"PVT1",0.0678057088658705,-0.798904337460761,0.076,0.104,1
"LSM10",0.0679576192679685,-0.269161837401801,0.269,0.317,1
"TMEM126A",0.0679634448985059,-0.561372197359329,0.12,0.155,1
"FHL3",0.0681036649642457,-0.454567768148843,0.099,0.131,1
"UTP18",0.0683246706054297,-0.524233641988514,0.111,0.143,1
"NFATC1",0.0684570535697257,-0.254376546293222,0.12,0.087,1
"DNMT1",0.0684577514933148,0.7739525699171,0.213,0.18,1
"NCLN",0.0684869762434727,-0.507095780587083,0.125,0.159,1
"SCO1",0.068874638134533,0.323629665811066,0.144,0.111,1
"GIMAP6",0.0689361284001557,-0.391681515538882,0.092,0.123,1
"UBA3",0.0690313760536342,0.654026943042755,0.213,0.176,1
"EIF2D",0.0694349793586729,-0.385861447911733,0.087,0.116,1
"CEP104",0.0698497247522839,0.576104303942951,0.111,0.082,1
"LRMDA",0.0701870050188243,-0.48969620114864,0.118,0.155,1
"MAPK7",0.0702524541254048,-0.366940237182307,0.09,0.12,1
"SLC35B1",0.0703944270550203,0.470022977324101,0.177,0.142,1
"GBP4",0.0704203545324558,0.644363128133366,0.179,0.146,1
"CLCN3",0.0706739086892838,1.25967464821071,0.18,0.149,1
"GPRIN3",0.0707712651670572,0.551491704375609,0.111,0.082,1
"C1orf174",0.0709579475682558,1.18277657343403,0.123,0.094,1
"NDUFV1",0.0710663793302597,-0.304456031446148,0.177,0.214,1
"CYC1",0.0711810287423944,-0.306930572590771,0.282,0.321,1
"PDE3B",0.0712918996147533,-0.443056950731969,0.114,0.147,1
"POLDIP2",0.0717078616973001,-0.669946968378955,0.125,0.157,1
"TSTD1",0.0721103212105396,0.538220449978183,0.114,0.085,1
"SF3B3",0.0724071396080724,-0.440440739660609,0.113,0.147,1
"MCRS1",0.0725530769617295,-0.501193069382349,0.097,0.13,1
"ARL6IP5",0.072814176738016,0.29014849079043,0.693,0.704,1
"ABL2",0.0729091593590496,0.576323025674799,0.139,0.108,1
"TENT5A",0.072919377902449,0.26995661126603,0.315,0.283,1
"SUPT4H1",0.0730701808768921,0.660888307681983,0.516,0.492,1
"MRPS18C",0.0734668925202693,0.263961187135781,0.269,0.225,1
"NCOR1",0.073471915516235,0.513465073160052,0.44,0.405,1
"YWHAE",0.0735030651506319,0.495511716954545,0.593,0.565,1
"DNM1L",0.0741988694202042,0.684858611476764,0.289,0.258,1
"ZNF445",0.0745189302368937,-0.283682094773574,0.12,0.155,1
"SSX2IP",0.074573288324974,1.03204962677362,0.114,0.087,1
"AC004687.1",0.0746408775437645,0.380279215700326,0.367,0.332,1
"PHF14",0.0746494938566041,-0.371919094858447,0.144,0.179,1
"NELFE",0.0747788575025898,-0.276462909766758,0.224,0.259,1
"STX5",0.0748018007096161,-0.284771438627638,0.137,0.169,1
"PHF20L1",0.0748706827201341,0.427417870213686,0.416,0.382,1
"SESTD1",0.0749102978019307,0.533088920581691,0.244,0.204,1
"RNF113A",0.0749770056192576,-0.521928950726805,0.09,0.12,1
"DFFA",0.0752749558179002,-0.91104131868914,0.083,0.111,1
"TAF8",0.0754914122050754,-0.542861845690189,0.149,0.184,1
"AGO1",0.0756050046974903,0.285404348555306,0.282,0.235,1
"DYNLL2",0.0757896427792958,0.497937760978279,0.291,0.251,1
"DNAJC13",0.0757906116130387,-0.493717616568161,0.215,0.25,1
"PIK3IP1",0.0761743042954073,-0.593934445422758,0.156,0.19,1
"MTRNR2L8",0.0762108573636516,0.521738430676743,0.515,0.485,1
"RAPGEF2",0.0768156406339131,0.26341383981351,0.185,0.151,1
"TSC22D2",0.0770852090674476,-0.50261914324813,0.156,0.189,1
"NAT9",0.0773899688275164,-0.573232543306048,0.09,0.12,1
"ABCB7",0.0777339159951991,-0.403043283739002,0.118,0.151,1
"SH2D3C",0.0778100082892821,0.369611271382966,0.113,0.083,1
"BCL11A",0.0779965988042242,0.316770998801102,0.196,0.159,1
"CCDC47",0.0786394119727978,-0.437481159442644,0.205,0.239,1
"SLC4A7",0.0786541762941326,0.675857170167462,0.13,0.101,1
"MAN2C1",0.0796300371011525,-0.472821899675172,0.168,0.205,1
"GNB1",0.079815776885703,0.32461879452227,0.593,0.581,1
"CDADC1",0.0799036936432918,-0.62814098151639,0.075,0.102,1
"SNRNP40",0.0801238006978488,-0.582094611250379,0.099,0.128,1
"SNHG1",0.0803279230979229,-0.726896059497932,0.075,0.102,1
"MRPL40",0.0813271911785734,-0.343360992746458,0.151,0.188,1
"RPA1",0.0813358344686696,0.385534824175401,0.18,0.146,1
"PPFIA1",0.0814426940304803,-0.276292213680311,0.161,0.197,1
"SDAD1",0.0814906925647706,-0.439831630294186,0.12,0.152,1
"CHSY1",0.0814919880677621,0.313538260703647,0.227,0.187,1
"OFD1",0.0816230855249911,-0.715232398100272,0.076,0.104,1
"DYNC1LI1",0.0816979826255579,0.494124209995303,0.312,0.274,1
"ZNF433-AS1",0.0819228783501997,-0.541326017829185,0.083,0.112,1
"CUX1",0.0820790280070915,0.292953802347112,0.515,0.483,1
"NUP42",0.082153172269863,-0.433235340805861,0.085,0.114,1
"C2orf69",0.0824827690241949,0.385572295020276,0.127,0.097,1
"IRF3",0.082652275448552,-0.424608325985907,0.165,0.201,1
"CTNNBIP1",0.0837249764271522,1.09787381545883,0.205,0.173,1
"TNPO1",0.0837988499893209,-0.74053414220173,0.191,0.228,1
"AP1G1",0.0838813793209203,0.550945271313961,0.218,0.184,1
"NDUFB6",0.0844341722780583,-0.451011881404412,0.215,0.257,1
"CWC27",0.0845767553587631,-0.4057014266651,0.113,0.144,1
"ACSS2",0.0845816788348223,0.433387186047217,0.137,0.106,1
"CCDC43",0.0846613284538647,0.373311019343169,0.149,0.118,1
"SMIM27",0.0852327595668407,0.840259843863449,0.13,0.101,1
"CLK1",0.0853488443541153,-0.255093720831937,0.303,0.34,1
"ACIN1",0.0854640881311637,-0.404497199177249,0.236,0.275,1
"XPOT",0.0857310552013494,-0.27979750113515,0.107,0.139,1
"EDEM3",0.0859691952127366,-0.269309868898921,0.215,0.255,1
"NR1D2",0.0861778896097212,-0.500053381227956,0.175,0.21,1
"YTHDF2",0.0864247259646976,0.32822628873009,0.307,0.263,1
"YDJC",0.0868071320216508,-0.398352076337655,0.075,0.102,1
"TCF3",0.0868328158659035,0.37331512170426,0.101,0.074,1
"ABT1",0.0869261086805792,0.52970774278716,0.189,0.155,1
"INO80",0.0869820293724485,-0.260434799989362,0.132,0.167,1
"RHEB",0.0869977282023893,0.749355022908015,0.333,0.299,1
"IREB2",0.087470276869522,0.388787888409029,0.324,0.292,1
"WBP2",0.0875199909399243,0.620336615127242,0.392,0.358,1
"NMD3",0.0876158320281232,0.413616511154443,0.192,0.159,1
"SEC11C",0.0876923147438587,-0.435755874787651,0.21,0.243,1
"ELMSAN1",0.0880060538609981,0.376637838188922,0.291,0.255,1
"OLA1",0.0884004272735416,-0.252457550062909,0.253,0.291,1
"UBE2K",0.0890990767525643,0.341888832404306,0.381,0.356,1
"LSM6",0.0891541736997233,0.367871776919842,0.39,0.357,1
"SLC19A1",0.0895940741372484,0.317665231531535,0.101,0.074,1
"C11orf21",0.089671439248903,0.289623459248659,0.172,0.139,1
"NIPBL",0.0897337712674638,-0.275686940620187,0.399,0.45,1
"SLC39A3",0.0897564934819173,0.844132831454793,0.177,0.146,1
"YWHAG",0.0897781883337966,-0.257195202921146,0.243,0.278,1
"CDIPT",0.0898864875180242,-0.29895445191766,0.14,0.177,1
"CISD3",0.090275023717424,0.365607365812926,0.213,0.175,1
"STX3",0.0910043186048317,-0.446171673869753,0.147,0.183,1
"HOTAIRM1",0.0911518613816669,0.265453112192009,0.364,0.336,1
"DTD1",0.0913526701711987,-0.302511112000077,0.13,0.161,1
"NKG7",0.091478700365723,-0.292025146943106,0.166,0.202,1
"SLK",0.0915120444592942,0.300666748991365,0.289,0.255,1
"SMURF2",0.0915202131390733,0.545868349493616,0.116,0.089,1
"GTF2B",0.0916880057014671,0.868312457938497,0.229,0.194,1
"ANGEL2",0.0918679037708006,0.425798848264914,0.139,0.106,1
"NKAPD1",0.0920872784419341,-0.465711081781949,0.149,0.185,1
"SYNRG",0.0926727650674905,-0.27970885258428,0.166,0.2,1
"DPY30",0.092982620655134,-0.290729460165703,0.156,0.19,1
"CTNND1",0.0931792968915354,0.680441134680134,0.163,0.131,1
"CCDC117",0.0932013768111719,-0.298302176213594,0.076,0.103,1
"KIAA0319L",0.0933925718230919,-0.268954581159375,0.189,0.226,1
"CR1",0.094001655027284,0.429735803754241,0.265,0.235,1
"TUBB",0.0943726079686312,0.665273236965991,0.428,0.405,1
"MFSD10",0.0949578157915703,-0.262736868431718,0.224,0.263,1
"MRPL36",0.095168557758655,-0.343006765340357,0.125,0.157,1
"B3GNT5",0.0958849075315527,0.42668163625345,0.173,0.142,1
"CCAR2",0.0961487377723144,-0.289274750331073,0.076,0.103,1
"PAXX",0.0961816379774762,-0.297636574343485,0.239,0.276,1
"NOD2",0.096663042558085,0.301732411822014,0.14,0.11,1
"CNOT7",0.0974024463667802,0.399518398288816,0.34,0.306,1
"ISCA1",0.0975761139608846,0.740312601163289,0.227,0.282,1
"DNASE1L1",0.0975989769147622,-0.44362342954805,0.121,0.151,1
"WDR46",0.0980523460951289,-0.521875880378236,0.13,0.159,1
"ARHGAP1",0.0983240888338049,0.37471435050689,0.237,0.204,1
"ZNRD2",0.0989065010719202,-0.413470663253343,0.139,0.172,1
"CKAP5",0.0989513400187399,-0.719676627668147,0.078,0.103,1
"C1orf131",0.0994931212113047,-0.453272831367282,0.083,0.111,1
"MED4",0.099896791957132,0.305134887623062,0.286,0.25,1
"CPT1A",0.100291849116404,-0.271572017604744,0.215,0.25,1
"KMT2A",0.100774025778272,0.342776426773797,0.333,0.29,1
"FAM117B",0.100882101460174,-0.468161375739051,0.161,0.192,1
"TIMM17A",0.101551391776173,0.414055643153277,0.206,0.171,1
"DMAP1",0.101579696902692,-0.342594332487643,0.083,0.11,1
"TAF12",0.101697677518754,-0.453268752469896,0.194,0.233,1
"AKAP17A",0.101706773368855,-0.442376091167501,0.179,0.212,1
"ZDHHC1",0.101979417797262,-0.304835212053145,0.102,0.131,1
"LAT",0.102218562728491,0.371277570427038,0.132,0.103,1
"ACBD3",0.102719509344824,-0.260509954631409,0.234,0.272,1
"CCDC92",0.102915878822801,0.800067272388644,0.102,0.078,1
"LY75",0.103015832062824,0.455993009731253,0.194,0.16,1
"CDH23",0.10334718185237,0.80268296585452,0.102,0.078,1
"STK3",0.10335252474865,-0.388255839806614,0.085,0.112,1
"G2E3",0.104158855284442,0.378464705643268,0.109,0.083,1
"SMAD3",0.104176845078104,0.493125265303286,0.139,0.11,1
"RBBP8",0.104246116414019,-0.285393213715558,0.087,0.114,1
"VPS37A",0.104365635819522,-0.474523996970243,0.101,0.13,1
"NFIX",0.104544973487903,-0.483724708534986,0.076,0.102,1
"EIF4G2",0.104725448757062,0.267420218798287,0.664,0.69,1
"IFNGR2",0.104991796456451,0.329081346957023,0.489,0.479,1
"RNF2",0.105418368667256,0.709412275783667,0.107,0.082,1
"ZHX1",0.105531135579226,0.373897470433016,0.182,0.149,1
"SP110",0.105609079667085,0.395491183421246,0.393,0.38,1
"MED17",0.106275218210957,-0.484650074306564,0.133,0.163,1
"MIER1",0.106332637010894,0.511925585231943,0.395,0.369,1
"FGD6",0.106694693968011,0.39398044080615,0.12,0.091,1
"SNX15",0.107731543410281,-0.502760855994028,0.085,0.111,1
"PI4KA",0.107908704517444,0.317542267902575,0.165,0.134,1
"RPE",0.107954269185462,-0.614815676112836,0.083,0.107,1
"SORT1",0.107993262208879,0.625649350468194,0.269,0.234,1
"ZNF143",0.108047809332003,-0.820056794317876,0.092,0.118,1
"TM2D3",0.108423514169205,-0.480500650464571,0.158,0.192,1
"LINC00623",0.10920420685437,-0.264687169549518,0.118,0.147,1
"FPR2",0.109897816955761,-0.449378551808115,0.121,0.151,1
"PPP1R10",0.110017324275448,-0.289484386264171,0.199,0.231,1
"HSD17B4",0.110024709921133,-0.293444217329458,0.241,0.28,1
"WDR41",0.110030329451733,-0.304176121334941,0.106,0.135,1
"ATP6V0A1",0.110034941420789,0.352710287375596,0.25,0.212,1
"DUSP7",0.110040062688443,0.371467958497967,0.123,0.095,1
"HIVEP1",0.110043510881042,0.372815619063741,0.114,0.087,1
"POLG",0.110244315483775,-0.265515479892477,0.121,0.151,1
"PTMS",0.110312179520837,0.710141350650677,0.113,0.087,1
"CANT1",0.110327894155156,-0.650328735467855,0.083,0.108,1
"PLEKHB2",0.110351453009218,0.436504107540978,0.428,0.399,1
"G0S2",0.110599857163938,-0.283976578187915,0.331,0.279,1
"RPS6KC1",0.111261508168139,0.30679426712297,0.121,0.095,1
"MBD5",0.111397922868874,0.392219283437157,0.166,0.136,1
"TP53I3",0.111627373138978,-0.316897521875508,0.078,0.104,1
"SMIM10L1",0.1116850289301,-0.523493072035583,0.163,0.193,1
"NSD1",0.111833881523187,-0.331543522851394,0.321,0.365,1
"PIK3R5",0.111847483135617,-0.350563804161694,0.172,0.205,1
"AQP9",0.111913594281527,-0.333142960830662,0.165,0.2,1
"STX7",0.112153823944492,0.265240526746415,0.373,0.421,1
"TMEM147",0.112253821424955,-0.318771968288854,0.251,0.29,1
"MTMR12",0.113167244149147,0.822274303962297,0.135,0.11,1
"NR4A2",0.113182091472159,-0.356668785004079,0.295,0.325,1
"AC087190.1",0.113186434609172,-0.33105604442638,0.097,0.124,1
"GNG2",0.113387220793535,0.351833996713799,0.366,0.331,1
"CCNQ",0.114365734783984,-0.538240617728574,0.088,0.115,1
"C15orf61",0.114819827843952,-0.654358018921768,0.109,0.136,1
"BACH1",0.115103552293526,0.367661397627953,0.47,0.456,1
"KPNA1",0.115233437103321,0.546661035801652,0.168,0.138,1
"CD46",0.116195774237495,0.294361617196575,0.522,0.481,1
"SETDB2",0.116298031012983,-0.575498007320521,0.083,0.107,1
"JMJD8",0.116454167074221,0.322841669920364,0.107,0.082,1
"IFNAR2",0.116511978031334,0.392855131270582,0.269,0.239,1
"NAPG",0.116774103428265,0.836408741888238,0.199,0.168,1
"IVNS1ABP",0.117040969123474,0.408233167556311,0.445,0.442,1
"TTC1",0.117045342247838,-0.418206648614823,0.205,0.235,1
"PER2",0.117667625159119,-0.350275845173798,0.083,0.108,1
"SMNDC1",0.117804631229641,0.345446122520431,0.286,0.247,1
"CSNK1E",0.118338415218641,-0.375469119964977,0.09,0.118,1
"ALOX5",0.118505146148329,-0.273294665789496,0.348,0.382,1
"GNL1",0.118618304118464,0.552122648868785,0.149,0.12,1
"CCDC88C",0.118714608821702,0.491202614522588,0.234,0.204,1
"MRPS11",0.118803170464883,-0.368260900616796,0.123,0.152,1
"DBP",0.118938129253337,-0.254839635379099,0.101,0.128,1
"LINC00937",0.119659123927616,-0.25220713483213,0.191,0.221,1
"RPP30",0.11992073793918,-0.610852451183959,0.083,0.107,1
"HAX1",0.120336895128918,-0.379194484126828,0.194,0.228,1
"USO1",0.120543218980105,0.591962605692979,0.153,0.124,1
"NXT1",0.120666443913336,-0.339071825508034,0.151,0.183,1
"TLK2",0.120703235394217,-0.400303331354611,0.133,0.163,1
"CRKL",0.121045573744203,0.350007762270605,0.133,0.107,1
"APEX1",0.121160263717536,-0.288144663599637,0.333,0.369,1
"CCDC84",0.121285995510362,-0.485153532274898,0.116,0.146,1
"ANKRD50",0.121388308326365,-0.663420789129619,0.085,0.108,1
"SLC25A40",0.121606397432605,-0.743461441364263,0.092,0.116,1
"MARK2",0.122140191303257,-0.340059801183757,0.229,0.259,1
"TRIM14",0.1221817089488,0.297848800013374,0.175,0.143,1
"MRPL58",0.122391543798363,-0.390690183679073,0.092,0.119,1
"SRI",0.123214694527793,-0.294504432371771,0.317,0.352,1
"IFFO1",0.123540019658114,-0.458822842589559,0.078,0.102,1
"TERF1",0.123852026143694,0.264337114002644,0.173,0.142,1
"ZNF516",0.12458412879618,0.297239029541279,0.224,0.184,1
"C6orf89",0.124721992833772,-0.323173476515619,0.172,0.205,1
"AC114760.2",0.125017889065603,0.407733561088,0.189,0.163,1
"TLNRD1",0.125041188698608,0.274999291618213,0.198,0.169,1
"ANKRD49",0.125805420588263,0.26234368564939,0.192,0.165,1
"RBBP7",0.126101294801651,0.461577382839567,0.225,0.196,1
"MAP7D3",0.126881749631335,-0.579381680703463,0.08,0.103,1
"BLCAP",0.127250216034621,-0.343339915298267,0.163,0.198,1
"SNIP1",0.127312703699405,0.390116200294722,0.114,0.09,1
"ING4",0.127470566337735,-0.250726832138738,0.095,0.12,1
"RASSF1",0.127845119272522,0.402724037782162,0.097,0.124,1
"CEP135",0.128604750178175,0.428873818020109,0.116,0.091,1
"TCF7L2",0.12861238912694,0.375134640962686,0.196,0.165,1
"SECTM1",0.128772780422148,0.330211909428246,0.305,0.276,1
"TOPBP1",0.128861065080746,-0.39101099809247,0.132,0.161,1
"PPM1K",0.128934384705639,0.848623008830861,0.104,0.081,1
"OSBPL2",0.128962686489336,0.759155140266865,0.127,0.102,1
"ATP2C1",0.129440190649011,0.854754875426368,0.154,0.128,1
"DPH3",0.129489919777053,-0.289828342279203,0.154,0.185,1
"HIST1H1E",0.129622363871002,-0.261379937940171,0.217,0.255,1
"LRRK1",0.130401103244008,-0.575166129297281,0.123,0.151,1
"NIBAN1",0.130630390992084,0.589711741246689,0.206,0.176,1
"MAGED2",0.130706173905911,1.05423354678409,0.146,0.122,1
"ZNF428",0.130791517423153,-0.411390830303499,0.094,0.119,1
"SAE1",0.131261601222955,-0.35557269985433,0.076,0.101,1
"RALGDS",0.131317308787659,-0.628009436397358,0.087,0.11,1
"TRIM52",0.13139204942981,-0.442046373959109,0.083,0.107,1
"SPATA13",0.131972407339952,-0.343990750694172,0.211,0.245,1
"TMEM164",0.132051017541834,0.289312487026431,0.156,0.127,1
"LPXN",0.13247729099781,-0.31164234918011,0.173,0.202,1
"RABAC1",0.132506156637394,0.288756581924125,0.432,0.495,1
"CLIC4",0.132523542874486,0.514420487716629,0.159,0.131,1
"ATF6",0.133274565359264,-0.272549381625961,0.27,0.306,1
"PIAS2",0.134571194569489,-0.83658649186582,0.123,0.147,1
"ERAP2",0.134720641195086,-0.416511538271741,0.237,0.266,1
"PARVB",0.134923100898936,0.711575513837681,0.295,0.27,1
"ZBTB44",0.1350781335603,0.369605896589132,0.253,0.222,1
"PRR14",0.135295229762299,-0.751220789257047,0.106,0.131,1
"MPZL1",0.135488879742717,-0.28875340427058,0.101,0.127,1
"PPIL4",0.136050932413641,0.638451226175817,0.114,0.09,1
"PHACTR1",0.1363817293911,-0.611677572228947,0.265,0.29,1
"SRGAP2B",0.136445520748429,-0.565192607542736,0.198,0.23,1
"FAM241A",0.136745374687836,-0.302125104316315,0.099,0.126,1
"CLASP2",0.137192182265647,-0.379598863451605,0.125,0.152,1
"TMED3",0.1372831073016,-0.424882659884299,0.14,0.172,1
"MBOAT1",0.137781239842116,-0.396913326147018,0.113,0.139,1
"ING3",0.138232580349457,-0.391951705318692,0.215,0.247,1
"STK26",0.138442965885819,0.368889519729976,0.163,0.136,1
"GALNT10",0.139158273515644,0.412449962132335,0.146,0.119,1
"LMNB1",0.139493977873019,0.462733292129402,0.127,0.101,1
"ACBD6",0.140284693482004,-0.439379359364243,0.135,0.16,1
"SRP54",0.140830273004642,-0.341648036167401,0.18,0.212,1
"PACS1",0.140867459179229,0.5865849524801,0.224,0.196,1
"ETV6",0.140964587803312,0.258921549834234,0.352,0.319,1
"BHLHE40",0.141023286919938,-0.328634982993351,0.21,0.242,1
"NSUN3",0.141438766389185,0.306833443465965,0.12,0.095,1
"HSBP1",0.1420033257093,0.459504231097324,0.523,0.497,1
"TLR6",0.142531083981299,-0.374710717030529,0.081,0.106,1
"ZNF276",0.142691702337054,0.272338927557873,0.165,0.139,1
"USP12",0.143523012168826,0.357855454165231,0.258,0.295,1
"MGAT4B",0.143549952205608,0.908224182330462,0.232,0.212,1
"SMG7",0.143641214474002,-0.342904125155046,0.182,0.214,1
"OTUD4",0.143669628030501,-0.320596119519096,0.139,0.165,1
"MPHOSPH10",0.144346888041248,-0.388289274879417,0.151,0.181,1
"HSPD1",0.14531177398455,-0.25616997744725,0.302,0.327,1
"CCNYL1",0.145332467614176,0.532459635407867,0.114,0.091,1
"AZI2",0.145479697083521,-0.309660520497041,0.317,0.345,1
"C18orf21",0.145712246477558,-0.601488740917787,0.106,0.132,1
"SLC16A7",0.145901330028766,0.314865465124622,0.168,0.14,1
"FNTA",0.146079240085673,-0.445915766005683,0.196,0.222,1
"PPP6R1",0.146417845103068,0.738477331107345,0.246,0.213,1
"USB1",0.146768479032049,0.389758245611522,0.153,0.126,1
"HAUS2",0.147136485405557,0.276039886369901,0.113,0.087,1
"ALG3",0.147971938811714,-0.48953750500629,0.09,0.114,1
"AGAP3",0.148147404192757,-0.26002754704861,0.085,0.108,1
"KLHL5",0.148464678534621,0.859350749076975,0.182,0.153,1
"STARD3NL",0.148651656839874,0.742329926840238,0.194,0.167,1
"ST3GAL2",0.149084656946606,0.399677733162762,0.149,0.122,1
"STAT5B",0.149153790665,0.255098006291662,0.208,0.177,1
"MED23",0.149321656809154,0.360795198776396,0.192,0.167,1
"IL4R",0.149905247778591,0.373502635522972,0.208,0.181,1
"ATP6V1C1",0.150016138267204,-0.25426369600798,0.137,0.165,1
"ALDH9A1",0.150379033773066,-0.425235435561728,0.149,0.18,1
"C12orf75",0.150460297040898,0.825511946523201,0.125,0.102,1
"SELL",0.150781592267507,0.271364737555546,0.51,0.493,1
"UIMC1",0.151195548372686,0.385858330701002,0.234,0.201,1
"MAP3K11",0.151228601854428,0.409494586274521,0.267,0.237,1
"SEPTIN6",0.15149378417142,0.474146516508173,0.345,0.32,1
"SF3A1",0.151844716080639,0.420767199553478,0.282,0.25,1
"F11R",0.151934456389071,0.473335938546122,0.194,0.168,1
"FCHSD2",0.152459740686673,-0.408436294865031,0.175,0.202,1
"MIR29B2CHG",0.152707787307308,-0.396945044496496,0.099,0.122,1
"CCDC93",0.152928598944167,-0.635114308018381,0.087,0.11,1
"POP7",0.153004552945401,-0.587165664952808,0.088,0.112,1
"ATG14",0.153634153432887,-0.323074265764182,0.088,0.112,1
"ZMIZ1",0.153756474566466,0.313814422338576,0.291,0.263,1
"PEPD",0.153809122735259,-0.254058504841222,0.256,0.29,1
"DNAJC1",0.153872155240788,-0.277461011357557,0.161,0.19,1
"LINC00667",0.154054914149133,-0.416342833349053,0.13,0.157,1
"NUP210",0.154424904612885,0.317560683278312,0.163,0.135,1
"ARFGEF1",0.154491318266263,-0.395879451999373,0.272,0.308,1
"ZCRB1",0.154924734094807,0.334085171383308,0.229,0.204,1
"HDAC3",0.154925313680609,0.331335044975097,0.135,0.165,1
"BBX",0.15505449128937,0.341784470481946,0.288,0.261,1
"UQCRH",0.15547619775237,0.504113639126029,0.782,0.762,1
"AL592183.1",0.155606739662223,0.472979645916249,0.121,0.099,1
"DNAJB12",0.155642094520912,-0.405946796596135,0.231,0.257,1
"TTYH3",0.155724800752428,0.374776110140896,0.328,0.306,1
"NCOA7",0.155780246308813,0.781598420936583,0.187,0.161,1
"FGD2",0.155884477180101,-0.315619801872942,0.227,0.261,1
"SEC23IP",0.156329286098658,0.376669799596307,0.14,0.115,1
"TRIQK",0.157330257756686,-0.326749363840678,0.173,0.208,1
"WNK1",0.157378388051128,0.316066464917743,0.513,0.511,1
"GABPB1-IT1",0.157539182195905,-0.351099522786052,0.305,0.325,1
"SGK3",0.157593728285029,-0.297588617996594,0.336,0.362,1
"FAR2",0.157940421911104,-0.63168295248967,0.095,0.119,1
"KBTBD2",0.157968376742102,0.73218749551008,0.194,0.167,1
"MCM3AP",0.15886188012757,-0.47109617831201,0.113,0.138,1
"UCHL5",0.159086204683108,-0.541121621719965,0.111,0.135,1
"GNLY",0.159605292239612,-0.330683050485322,0.165,0.193,1
"SPOPL",0.159961020331346,0.303818258841745,0.31,0.275,1
"ICE2",0.160129294014621,-0.377488369979806,0.118,0.144,1
"MAP3K1",0.160182347362862,0.27378886133347,0.522,0.512,1
"MYSM1",0.160200501469707,0.41650095413166,0.205,0.179,1
"PLGRKT",0.160323596066142,-0.633386029559996,0.083,0.104,1
"TTC28-AS1",0.160334206349645,-0.451362651030151,0.085,0.107,1
"TLR5",0.160354961719278,-0.316999146831375,0.161,0.188,1
"BOD1",0.161421953678723,-0.417335037040147,0.081,0.103,1
"SQSTM1",0.161572817425636,0.346725494641751,0.577,0.545,1
"DYNC1LI2",0.161716465421424,-0.319416860216544,0.239,0.271,1
"SMIM30",0.161874186645581,0.514857206741633,0.128,0.157,1
"UBE2J1",0.162170010870918,0.579274691725029,0.345,0.324,1
"LEPROTL1",0.162372377228847,-0.295584044564545,0.31,0.341,1
"KLF16",0.162437341051282,0.590606027151984,0.121,0.098,1
"DELE1",0.162604004805555,-0.458788738503997,0.144,0.169,1
"SPN",0.162785117197315,0.272824140267663,0.374,0.356,1
"MRPS34",0.163231778883655,-0.285812076910151,0.321,0.356,1
"SRCAP",0.163438233303293,-0.443271557870644,0.107,0.132,1
"ITPKB",0.163921553242349,0.536447473766137,0.099,0.126,1
"MAP4K5",0.164459359029225,1.06420822115757,0.149,0.123,1
"USP16",0.164521371809955,0.278425430314692,0.354,0.323,1
"ZSWIM8",0.164645972261177,-0.362164208023409,0.137,0.164,1
"FRS2",0.164655440585205,0.527921068898722,0.116,0.093,1
"RWDD4",0.165170286869711,-0.30488733189564,0.13,0.157,1
"DENND1C",0.165366876613602,-0.320869677876195,0.102,0.126,1
"BRD3",0.165957546158828,0.495808597140388,0.205,0.241,1
"EEF1AKMT2",0.166154082316819,0.286570260243291,0.113,0.09,1
"LDLRAD3",0.16633572200389,-0.470406414885456,0.097,0.12,1
"NCBP2",0.166345739484805,-0.372966721815134,0.224,0.254,1
"RHOT1",0.166915844681685,-0.281299678824727,0.237,0.267,1
"DEF8",0.1669787051679,-0.302028164313538,0.159,0.187,1
"DMXL1",0.167584781225315,0.402256896935713,0.225,0.198,1
"BRAF",0.167675739187865,0.255552186498539,0.244,0.214,1
"MRPL42",0.167726263594666,-0.441123978368311,0.13,0.16,1
"CLPB",0.167877629906574,-0.412844117759602,0.156,0.185,1
"TFAM",0.168037316566152,0.290027520057835,0.236,0.205,1
"NAA20",0.168066088281267,-0.380076911297581,0.199,0.229,1
"LAT2",0.169246207507844,-0.328371964527407,0.303,0.336,1
"TPPP3",0.169551991063738,0.441133291736292,0.154,0.128,1
"PARP1",0.169625898900916,-0.338733097748642,0.187,0.21,1
"CES2",0.16986511235908,0.335968880841331,0.151,0.124,1
"TANK",0.170001911960497,0.306814886555396,0.38,0.362,1
"HMGA1",0.170349915018792,-0.326180382084945,0.265,0.296,1
"TANGO2",0.170364840216172,0.644275403919566,0.159,0.135,1
"DTX3L",0.170612642060149,0.285000503766592,0.244,0.217,1
"NUAK2",0.171528273422761,0.455166414234421,0.118,0.095,1
"NDUFA6",0.171682693603134,0.426246421697526,0.367,0.422,1
"CDK11B",0.171744612655538,-0.252176971972362,0.118,0.146,1
"RNF6",0.172016880118935,0.499462426271783,0.184,0.156,1
"SFXN3",0.172242166748294,0.385551874365678,0.154,0.13,1
"RCAN3",0.17234415136081,0.300866412533399,0.172,0.146,1
"CPSF2",0.17276295196682,0.499590396413315,0.185,0.161,1
"CLN3",0.173488241138386,0.325912498270018,0.198,0.171,1
"RNF145",0.173846620034669,0.300256851510251,0.269,0.241,1
"GATC",0.174581590625692,-0.35766382432981,0.094,0.116,1
"POLR2M",0.174823564331249,0.503568200013012,0.159,0.135,1
"NRIP1",0.174950831665107,0.333452366511565,0.355,0.332,1
"PRR7",0.175194621226852,0.594841793586207,0.076,0.101,1
"ARMCX3",0.176024623261952,0.776715513372921,0.175,0.151,1
"ZNF91",0.176554078393639,0.619100309967505,0.111,0.089,1
"CASP2",0.176580321939236,1.15309104037187,0.123,0.102,1
"ARPC4",0.176595786727716,0.421993384866181,0.633,0.61,1
"ZRANB1",0.176740871392579,-0.502387196816729,0.172,0.198,1
"PFDN6",0.177522483726358,-0.600541622174887,0.097,0.12,1
"GSPT1",0.178006420392718,-0.269415042214025,0.334,0.361,1
"ITFG1",0.178297070192721,0.893843808789423,0.206,0.184,1
"PLK3",0.178576342002726,-0.350279905619538,0.236,0.259,1
"KMT2C",0.179468242955957,0.41502358419062,0.475,0.463,1
"SYNGR2",0.179601726722797,0.310148880024447,0.4,0.376,1
"PPM1L",0.179896699638452,1.19822574617248,0.137,0.114,1
"ZMYND11",0.179965223968156,-0.319137715632556,0.092,0.115,1
"AFTPH",0.180395276005839,0.537397568330821,0.289,0.263,1
"ZNF331",0.180935967183814,-0.40172258328548,0.102,0.123,1
"SMIM4",0.181109344901168,-0.340030031024835,0.159,0.185,1
"SCP2",0.181211333926385,0.320533270727112,0.48,0.47,1
"FBXW5",0.181861066714053,0.29393965539012,0.302,0.351,1
"NHLRC3",0.182325026195819,-0.338625109552618,0.163,0.192,1
"ARHGAP18",0.182530549893984,0.648789889290906,0.262,0.238,1
"NR2C2",0.18276429327791,0.262585822787583,0.095,0.118,1
"GPX4",0.182959964101931,0.36972958482216,0.794,0.763,1
"WDR11",0.183802322297807,0.569563791541843,0.282,0.263,1
"PDE4D",0.18455331573057,0.33079146368911,0.099,0.122,1
"PHKB",0.184630345301681,0.509809545749354,0.354,0.327,1
"IFI35",0.184651964359633,0.293697511284072,0.198,0.172,1
"CNEP1R1",0.185078072121012,0.327827020979439,0.135,0.111,1
"NFE2L2",0.185816293688943,0.25430681239106,0.421,0.397,1
"PRDX2",0.18663238654011,-0.61084776166437,0.185,0.209,1
"BCAP31",0.187009824026658,0.559786293430416,0.43,0.417,1
"S1PR3",0.187018566654443,0.454664779778065,0.132,0.11,1
"FMC1",0.187179528465572,-0.628868447642464,0.106,0.127,1
"ACO2",0.187245770729046,0.367191980243916,0.215,0.19,1
"TMEM167A",0.18750853860957,0.276267041662284,0.513,0.507,1
"ULK1",0.187755857800551,0.498159862943654,0.199,0.169,1
"ACTR6",0.188093901954467,0.646734633323162,0.12,0.098,1
"RPGR",0.188154390689465,-0.262857598289075,0.107,0.131,1
"LPP",0.188349986205888,0.275202549126093,0.38,0.36,1
"C14orf119",0.188807225783556,0.285739131389769,0.087,0.11,1
"SLC16A6",0.188961729694492,0.398899875473788,0.255,0.229,1
"ANPEP",0.188967987881451,0.423253769099299,0.399,0.382,1
"OXR1",0.189001354139651,-0.331964501524509,0.213,0.241,1
"DNAJC5",0.189243815226421,0.303707343819219,0.248,0.225,1
"RFFL",0.18926254485454,0.446016994141464,0.168,0.143,1
"TBL1X",0.189928237930453,0.263842046221953,0.314,0.283,1
"PIP4P1",0.190548919027859,0.627941661381818,0.109,0.089,1
"NUDT16L1",0.190940122191771,-0.257471121096172,0.113,0.138,1
"NCEH1",0.191038431538108,-0.325021385868544,0.151,0.176,1
"TTBK2",0.191443012219663,0.384274778021862,0.156,0.132,1
"GOSR2",0.191570662230391,-0.449913947837859,0.113,0.136,1
"PIGS",0.191977417169484,-0.265705347971822,0.156,0.183,1
"UHRF1BP1L",0.192525994148635,0.391155485951069,0.267,0.238,1
"TRAPPC4",0.193305879045253,0.520507562977844,0.111,0.091,1
"CHM",0.19375535528516,0.378702408228187,0.114,0.093,1
"PCNX1",0.194464508906619,-0.314643666649819,0.272,0.299,1
"YIF1B",0.194823405261157,0.455958041622662,0.161,0.138,1
"C16orf72",0.195147814402522,-0.37369126227926,0.147,0.171,1
"MTMR3",0.195354102681913,-0.27634560968271,0.213,0.245,1
"MAP3K12",0.195756322639981,0.480040496591495,0.137,0.115,1
"PRR14L",0.196257665272713,-0.319517574120743,0.18,0.208,1
"THOC2",0.196575719355986,0.610455675623605,0.322,0.291,1
"CARD8-AS1",0.19749207987999,-0.629228383591249,0.113,0.134,1
"ORC4",0.197635726514732,0.625599519152705,0.109,0.087,1
"HERC3",0.198177619305053,0.294965825181768,0.161,0.136,1
"PSMD3",0.198197165327643,-0.313595635481139,0.159,0.185,1
"SNX4",0.198242388483257,0.304636885223053,0.17,0.143,1
"RIPOR2",0.198391920965719,0.334149720920759,0.655,0.704,1
"SYNJ1",0.199149347179498,0.356397351419465,0.113,0.091,1
"ARCN1",0.199733585481173,-0.336320727278663,0.198,0.229,1
"MRPS10",0.199951496534998,0.571565685139483,0.205,0.176,1
"RDH11",0.200563690073539,0.364614513533353,0.239,0.212,1
"PCMTD1",0.201227896449063,0.932456511285431,0.343,0.332,1
"VDAC3",0.201637920743403,0.551481098588976,0.334,0.313,1
"MAP3K13",0.201921909418978,-0.295623206664643,0.118,0.142,1
"MAP7D1",0.202039756793668,0.322038630219795,0.269,0.246,1
"CHPF2",0.202774176705741,-0.593086558612962,0.099,0.12,1
"RBM23",0.202789317689808,0.311752910004249,0.329,0.303,1
"UBR5",0.203717914698587,-0.250891622898832,0.222,0.25,1
"CRLS1",0.204015344846958,-0.426141567810909,0.128,0.152,1
"SZRD1",0.205136780377939,-0.276659837657554,0.267,0.295,1
"SCARB2",0.205176970044379,0.352268344725832,0.322,0.302,1
"HGF",0.205884158115391,-0.451692118359056,0.088,0.108,1
"PTBP2",0.205892423830541,0.288023159236681,0.085,0.106,1
"POLR2I",0.206359118971892,-0.328076844582319,0.21,0.237,1
"ASRGL1",0.207149711497373,0.445657104928441,0.107,0.089,1
"HMG20B",0.207386273642882,0.910212934152998,0.231,0.208,1
"PES1",0.207419239923148,-0.596048433609798,0.092,0.111,1
"KLHDC3",0.207743637026251,0.388105165373468,0.125,0.152,1
"SEC61A1",0.208185408069922,-0.35528562634049,0.192,0.221,1
"SNTB1",0.20919679546885,0.636741912097772,0.139,0.115,1
"AEBP2",0.20947085874598,-0.304085476919778,0.12,0.142,1
"TAF13",0.209672992031503,0.253193332998375,0.189,0.161,1
"SNRNP25",0.211557329573456,-0.394084593259174,0.097,0.118,1
"DYNLT3",0.211611480819645,0.361496382665051,0.127,0.104,1
"LPAR6",0.211718369129113,0.383494435724191,0.258,0.228,1
"SAV1",0.211724483598683,0.425300739532384,0.109,0.089,1
"LYRM4",0.211996092712526,-0.280073820308153,0.092,0.114,1
"VAV3",0.212098778850185,-0.339848021575021,0.168,0.19,1
"EXOSC6",0.212486113736427,0.266731397027244,0.243,0.216,1
"SBNO2",0.212578802840329,0.559120024842232,0.132,0.111,1
"WIPF1",0.212772100627783,0.384935363122049,0.56,0.536,1
"RBM38",0.212915611857543,0.350238206942803,0.205,0.238,1
"SFT2D1",0.213045734374805,0.666432727373639,0.347,0.328,1
"DCUN1D5",0.213095573375756,-0.27814411495954,0.128,0.152,1
"ZBTB10",0.214966527193603,-0.587189863685098,0.088,0.107,1
"ABR",0.215532873338316,0.26384442521405,0.215,0.187,1
"TMEM80",0.216050948157204,-0.490044191797523,0.109,0.131,1
"MRPS33",0.216186901697568,0.340805606308016,0.194,0.169,1
"SMIM15",0.216588264809405,0.871711388028772,0.175,0.153,1
"CARD16",0.216822187387288,0.397441518814034,0.548,0.528,1
"KIN",0.217081617946284,-0.362019872519583,0.149,0.172,1
"AHCTF1",0.217310039440096,0.793127763900465,0.205,0.18,1
"RPS6KB2",0.217321948570749,0.549915803287315,0.182,0.16,1
"METTL21A",0.217889290988561,-0.288527232379792,0.092,0.112,1
"P2RX1",0.218120365863904,0.899690090657148,0.177,0.156,1
"UBE2H",0.218241397987406,0.45615135700375,0.277,0.321,1
"ZNF593",0.218830404377516,0.262445274141905,0.159,0.138,1
"MECP2",0.218834237128549,0.626333038606066,0.302,0.283,1
"LPCAT3",0.219147302074523,-0.262754836142631,0.106,0.085,1
"MZT2A",0.219680210235344,0.277063660072028,0.218,0.188,1
"ZBTB37",0.220889471400428,-0.755565802610677,0.09,0.11,1
"NBDY",0.221030749340564,-0.319679195222768,0.165,0.19,1
"AIFM1",0.221111814685693,-0.281717758916144,0.081,0.102,1
"AP1AR",0.221586671514552,-0.463185271960777,0.118,0.139,1
"ZFP36",0.221901218412152,-0.588277591495922,0.619,0.635,1
"TSC1",0.221901568299289,-0.461796826101757,0.081,0.101,1
"HERC1",0.222735318974524,0.3072451471143,0.277,0.247,1
"COPS5",0.224506177996275,-0.312946017683146,0.208,0.233,1
"TPK1",0.224688281739194,-0.262120717521178,0.095,0.115,1
"RUFY3",0.226098460380312,-0.26217761622029,0.217,0.247,1
"RAB5A",0.226741062127911,0.281898956712598,0.22,0.251,1
"WDR1",0.227081123439648,0.37285607730625,0.51,0.499,1
"BIN2",0.228224905251658,0.618676470047886,0.556,0.552,1
"ENG",0.228278823265931,0.375405817312637,0.106,0.087,1
"FUCA1",0.228880155692122,0.707854635225161,0.109,0.093,1
"TMEM214",0.22907112109806,0.475248143444404,0.102,0.083,1
"DPF2",0.229461078272291,-0.424899158244786,0.132,0.153,1
"RAP1GAP2",0.229807548721868,0.537017454322553,0.149,0.127,1
"TRAPPC3",0.229975804926128,-0.336331321744363,0.161,0.188,1
"PURB",0.231542896312567,-0.445704091464604,0.243,0.274,1
"KBTBD11",0.232046426857053,-0.565670069360203,0.128,0.149,1
"ZNF592",0.232594907435795,0.291944298658706,0.14,0.118,1
"UBL7",0.232661742363675,-0.349453111066381,0.107,0.127,1
"GOLGA2",0.232698459632508,0.617216253827416,0.187,0.161,1
"DHX57",0.233194134813552,0.33961766555824,0.194,0.171,1
"APOBEC3C",0.233714068237247,0.352685147582915,0.276,0.254,1
"ELK3",0.233811089256448,0.560369598031207,0.237,0.212,1
"UBE2M",0.234380731420484,0.272714992756151,0.322,0.299,1
"VTI1B",0.23475096962465,0.421650899976064,0.4,0.373,1
"ITGAL",0.2352946529663,0.266552728132186,0.281,0.263,1
"ATXN7L3",0.235393559594146,0.311453957448692,0.158,0.134,1
"SART3",0.235485683052793,0.324580368665309,0.101,0.082,1
"RNF5",0.235722171235551,0.361299904516756,0.099,0.12,1
"TUT4",0.235974582680135,-0.360921428066222,0.137,0.16,1
"SLC39A6",0.236634179294199,-0.379120782461718,0.092,0.111,1
"RAP1GDS1",0.237331947645177,0.274541724836914,0.166,0.144,1
"TUBA4A",0.237435546127446,0.553835047821924,0.383,0.381,1
"SMAD7",0.237588702406575,-0.513914391341091,0.111,0.131,1
"TPMT",0.237733040042561,0.323013709011636,0.192,0.171,1
"PPP3CB",0.238089791535072,0.446394732209345,0.201,0.177,1
"TRIM58",0.238901106322753,0.546142388093998,0.187,0.169,1
"CPNE2",0.23914458232664,0.4771860671593,0.135,0.111,1
"CD151",0.239290982717031,0.495986532693918,0.222,0.255,1
"ZNF639",0.239540396196391,-0.341918079155989,0.12,0.14,1
"PGAM1",0.23973017726777,0.284714707145446,0.414,0.401,1
"TBPL1",0.24004638707243,0.738406697816474,0.099,0.122,1
"PELI2",0.240817296114289,0.453401609187504,0.282,0.266,1
"CYB5R3",0.241457484077554,0.320151489649794,0.315,0.299,1
"HDAC8",0.241771926211614,0.391240387107377,0.127,0.107,1
"VPS51",0.241949781748263,0.266580073281746,0.27,0.245,1
"SRPK1",0.242922214137425,0.781218487607021,0.102,0.085,1
"TST",0.242962952066303,0.58686668590513,0.166,0.144,1
"SELENOW",0.244114225046475,0.349932956788166,0.315,0.356,1
"AKIRIN2",0.244171095277872,0.302713929122942,0.466,0.499,1
"ASPSCR1",0.244596006962926,-0.335947629070443,0.107,0.128,1
"PUDP",0.244606613221538,-0.253842300191209,0.092,0.111,1
"GATAD1",0.2461385049661,-0.448922664921866,0.239,0.261,1
"UBE2S",0.246183460525159,-0.362470978916462,0.149,0.171,1
"MRPL22",0.246239736356688,-0.384692475289245,0.104,0.123,1
"SLC31A1",0.24633582889384,-0.302426967468383,0.154,0.177,1
"FOPNL",0.246831089631476,-0.290527069216779,0.137,0.159,1
"AKIRIN1",0.246942512669933,0.457646570718955,0.308,0.286,1
"EIF2B2",0.247715163713543,-0.620822017950327,0.085,0.102,1
"TATDN1",0.248317713159693,-0.297340397934379,0.144,0.164,1
"NDE1",0.249328885212904,-0.288673715393659,0.154,0.179,1
"MBP",0.249406189319915,0.639707163301255,0.464,0.458,1
"FAM3C",0.249685527383527,0.67925488495825,0.121,0.104,1
"ALG5",0.249851349914285,0.31649123711528,0.139,0.119,1
"DYM",0.249972040002941,-0.313702724229557,0.175,0.202,1
"DDX19B",0.250730459659851,-0.490916023698677,0.09,0.108,1
"RCOR3",0.25077804185966,-0.308209900501611,0.192,0.214,1
"CDKN1C",0.251230990204353,0.614666476251183,0.111,0.094,1
"CWC25",0.251637042140834,-0.255393541337758,0.227,0.249,1
"PDCL",0.25175373560624,-0.318504917174439,0.09,0.108,1
"CLPX",0.252123877305408,-0.539422611272622,0.14,0.161,1
"TACC1",0.252715364413221,0.259512679957218,0.51,0.5,1
"PSMD6",0.252844937626191,0.428349573895822,0.258,0.229,1
"YY1AP1",0.253454121501959,0.280999725697489,0.184,0.161,1
"FRYL",0.254103988300259,0.308886217388268,0.256,0.231,1
"WDFY4",0.254432732270433,-0.344938084585529,0.111,0.131,1
"SNRPA1",0.254662781182954,-0.409153496006527,0.192,0.213,1
"CAPN1",0.255419785686392,0.722508680902325,0.338,0.316,1
"PHTF2",0.255876724797231,0.871143884921596,0.153,0.134,1
"FXN",0.256065474299461,-0.311667726272929,0.094,0.112,1
"KLHL18",0.256967335020136,0.411388576340887,0.123,0.148,1
"ERBIN",0.257346191438726,0.358437796618771,0.49,0.472,1
"FBXW2",0.257367315629645,-0.301844042878703,0.166,0.189,1
"ITGB1BP1",0.257996384558752,0.339890223660757,0.213,0.188,1
"ARHGEF11",0.25828833357559,0.452400609997574,0.133,0.115,1
"ATF1",0.25843644960791,0.382686494539779,0.106,0.087,1
"DCAF5",0.258638223929213,-0.251785380683943,0.151,0.173,1
"MCFD2",0.25931818704711,0.402572415711764,0.166,0.193,1
"TAB3",0.259496983224525,0.271813089852961,0.135,0.115,1
"PSMC6",0.260206563854077,-0.263021788389364,0.246,0.27,1
"TNPO3",0.260513808748097,-0.322291340482218,0.151,0.172,1
"DUS1L",0.262626931920003,0.662315366243843,0.21,0.192,1
"CYSTM1",0.262674602574238,0.450031733693785,0.159,0.142,1
"AC003681.1",0.263195466927837,-0.458906631330886,0.101,0.119,1
"HK3",0.263281927421298,0.353089928554879,0.206,0.183,1
"ECE1",0.263791253694047,0.460255058473208,0.211,0.187,1
"NUTF2",0.263843526477139,0.256650160248105,0.229,0.263,1
"ZBED4",0.26440511312969,0.292197545748417,0.125,0.104,1
"SIGIRR",0.264629619186771,-0.342546056325445,0.218,0.239,1
"MROH1",0.265749013767557,-0.250895798502623,0.101,0.122,1
"ABCA1",0.265840069618013,0.44556486910642,0.139,0.12,1
"CCPG1",0.266036165207899,0.565248543781035,0.383,0.372,1
"PRKCE",0.26647720484608,-0.296177575714866,0.101,0.12,1
"SAP18",0.267038511597598,0.256260257015453,0.558,0.549,1
"FRAT2",0.267084706680481,-0.2550059239397,0.253,0.278,1
"C9orf72",0.267157180649346,0.299783783087917,0.402,0.388,1
"CNOT6L",0.267276348954986,0.363542513921745,0.279,0.262,1
"ELF1",0.267457619637306,0.274870137610813,0.57,0.598,1
"DCAF8",0.267786319104522,-0.383240502483089,0.184,0.208,1
"DMXL2",0.268410238979326,0.305733730859402,0.516,0.519,1
"VNN2",0.268771890224465,0.284360222517677,0.288,0.266,1
"HSPH1",0.269279278860897,-0.313843215912375,0.095,0.114,1
"C7orf50",0.270299317681282,0.675709835742407,0.237,0.212,1
"ATF2",0.271414917079486,-0.600456264621572,0.106,0.123,1
"PSTPIP2",0.271751555890867,0.384225639155176,0.295,0.331,1
"SYMPK",0.272098593478447,0.610565099210818,0.203,0.179,1
"SAFB",0.272416076430883,0.251518231122493,0.199,0.226,1
"SLC12A6",0.272494631890604,0.349577141918935,0.312,0.296,1
"UTP23",0.274260019178275,0.453536770999447,0.147,0.128,1
"NFATC3",0.274503609533491,0.389877320579728,0.166,0.146,1
"MTA1",0.27488563453025,0.321521829787997,0.114,0.097,1
"IRF1",0.27554097444338,-0.260448096123383,0.442,0.467,1
"ANKRD17",0.276261447831749,0.391419234262427,0.205,0.183,1
"PRCP",0.276644967065624,0.277432101828031,0.314,0.29,1
"NFYC",0.277746631292268,0.444797342101603,0.211,0.189,1
"QTRT2",0.277830910624999,-0.305183956325883,0.14,0.16,1
"CRYL1",0.278538331891577,0.890211415072057,0.159,0.142,1
"VIRMA",0.279040358796545,-0.266058430777373,0.139,0.159,1
"RAB1B",0.279359581455763,0.620589252193235,0.326,0.31,1
"WASHC2A",0.27939384107701,-0.295921249409516,0.191,0.21,1
"COG5",0.280219316540107,-0.357310031533743,0.127,0.148,1
"PRKCD",0.280430777117604,0.579945625706803,0.324,0.299,1
"MRPL2",0.281365211988713,-0.326962383495389,0.099,0.116,1
"JARID2",0.281692564969127,0.261344916667574,0.477,0.472,1
"NOM1",0.282983863260297,-0.321617002811222,0.088,0.104,1
"CHCHD3",0.283171699721652,-0.309779486886378,0.146,0.163,1
"CALHM2",0.283518204412327,0.274595171748393,0.106,0.089,1
"SLC44A2",0.2839354997227,1.04993126574406,0.179,0.161,1
"TXNDC15",0.28450485349269,-0.300195769184731,0.13,0.151,1
"AGO2",0.285269194231837,0.504807543608777,0.258,0.233,1
"FAM8A1",0.285701504260371,0.255827588648208,0.116,0.099,1
"MTERF4",0.285947852360454,0.484476986931015,0.192,0.171,1
"MKLN1",0.28614245651495,0.380125292403107,0.314,0.298,1
"ADD1",0.286152656403752,0.398122057898938,0.347,0.325,1
"HECTD4",0.286640411702435,0.280953664156666,0.158,0.139,1
"PSMB9",0.287147128186467,0.287042508401353,0.508,0.495,1
"TARS",0.287207844064682,-0.55324280776435,0.14,0.156,1
"ARHGAP17",0.287336371133757,0.252498891554936,0.185,0.163,1
"ZNF32",0.287343404119529,-0.330218415601442,0.095,0.114,1
"DCAF6",0.287633694111175,0.994560183273282,0.13,0.112,1
"TCEA2",0.287729660063144,0.829095967815257,0.104,0.087,1
"PTCD3",0.287920258144724,0.330156416443841,0.151,0.128,1
"KDM5B",0.290075235094191,-0.366817212293219,0.144,0.164,1
"AKAP8",0.290176534139945,-0.433713286676151,0.149,0.167,1
"PIGT",0.290670915068793,0.447226881546034,0.189,0.168,1
"CSDE1",0.291113501591728,0.258775996713135,0.662,0.702,1
"KIAA0040",0.291748774151877,-0.312864623018196,0.133,0.152,1
"R3HDM1",0.291915937806733,-0.336768994469306,0.135,0.155,1
"GNPTG",0.2920780494872,-0.296816445188666,0.142,0.163,1
"PAXBP1",0.292328407944631,-0.31405016169003,0.185,0.205,1
"NRDC",0.292596585363319,0.288890601392636,0.354,0.385,1
"DNAJC4",0.292674652449101,-0.440343759304243,0.246,0.272,1
"SNRNP48",0.292777537816512,-0.521526846091057,0.092,0.108,1
"PRKRIP1",0.292806615734575,0.59167378697091,0.125,0.107,1
"VCPIP1",0.292806677601755,0.272736948049512,0.232,0.208,1
"RCHY1",0.292987653714437,1.00054598769939,0.12,0.103,1
"TAOK3",0.292988336182747,0.521441121852964,0.52,0.503,1
"SLC2A4RG",0.293113224960065,-0.535513288509097,0.123,0.14,1
"GGNBP2",0.294287099124311,-0.278959144797111,0.437,0.458,1
"LARP1B",0.294583349248047,0.482506189536022,0.104,0.087,1
"SLC22A15",0.29460923440916,-0.628443137645741,0.085,0.101,1
"ARFGAP2",0.295441916903371,-0.279323991405331,0.185,0.208,1
"CDC42EP3",0.295451420634654,0.273876253426117,0.432,0.426,1
"LRRC25",0.295488563174459,0.289913306266628,0.428,0.41,1
"DST",0.296474159303537,0.553934916886614,0.154,0.135,1
"MINK1",0.296609233185367,0.875709924119208,0.114,0.098,1
"YWHAQ",0.297099330067134,0.279608364703321,0.404,0.385,1
"MICAL1",0.298483718344328,0.305298775698789,0.163,0.146,1
"ELK4",0.298915602451611,0.318596805370886,0.258,0.235,1
"AC008875.3",0.299691011649649,0.485131895590618,0.102,0.122,1
"SIN3A",0.300259706188554,-0.327812776968752,0.165,0.188,1
"GK",0.300290362374703,0.416906213597811,0.18,0.157,1
"GTF3C6",0.300346809299921,0.255043912624577,0.331,0.357,1
"FIG4",0.300512996219663,-0.326109325338063,0.118,0.136,1
"GZF1",0.301528498455426,0.528294683782612,0.113,0.095,1
"PRCC",0.301560178474237,-0.453097418307004,0.12,0.136,1
"MPHOSPH9",0.301681710826301,0.894534702654828,0.107,0.091,1
"NSF",0.301813648826851,-0.391175479330412,0.179,0.197,1
"CCDC25",0.302557752987531,-0.344779872361861,0.128,0.146,1
"OAF",0.302640393304748,0.337832361675741,0.17,0.152,1
"POP5",0.303315792233461,-0.299507871151165,0.132,0.151,1
"NTMT1",0.303514567837242,-0.307863869255113,0.139,0.156,1
"SLC39A10",0.304493271703024,-0.263849840412549,0.097,0.115,1
"EVL",0.305616806016067,0.695579267362716,0.222,0.204,1
"MBTD1",0.30608157805071,0.69599357565764,0.139,0.122,1
"SIKE1",0.306412629347084,0.264760716795722,0.144,0.126,1
"CYFIP2",0.306677657240431,0.353079720126404,0.142,0.126,1
"PINK1",0.306726522930537,0.749784452023095,0.107,0.128,1
"MED13",0.307183864560596,0.315396987532133,0.321,0.295,1
"SELENOO",0.307481481037296,-0.383251311942188,0.113,0.132,1
"MTM1",0.307495942260777,0.332609465312057,0.154,0.134,1
"MPND",0.307750944347824,-0.367621077436489,0.085,0.101,1
"TMEM41B",0.307775897872927,0.396501372080593,0.125,0.106,1
"BSDC1",0.307877853709868,0.557421120572196,0.179,0.159,1
"TFE3",0.308433771621071,0.341585074598216,0.151,0.132,1
"WDR7",0.3087304401723,-0.428120306055211,0.099,0.114,1
"DRAM1",0.309475764180459,0.503954005286242,0.109,0.131,1
"IP6K2",0.310279265491476,-0.407523302075988,0.111,0.128,1
"SDF2",0.310513355734461,0.453145552045693,0.173,0.155,1
"TENT5C",0.312328311597763,0.301547068475308,0.085,0.102,1
"KHDC4",0.312523612688552,-0.470704145434792,0.13,0.146,1
"TEN1",0.312644487181174,-0.374290228588092,0.111,0.128,1
"LRRC47",0.313134648640648,0.557445347914296,0.116,0.101,1
"REST",0.314302639421163,0.287650461487343,0.277,0.258,1
"BPTF",0.315679778466524,0.271880771808051,0.419,0.406,1
"COPZ1",0.315681746544595,0.281517389707289,0.315,0.295,1
"SELENOT",0.316074026512,0.364183745282394,0.499,0.5,1
"MARF1",0.316848641513309,0.335910808197804,0.237,0.216,1
"MPC2",0.316888486885913,0.669001401198493,0.27,0.253,1
"SPNS1",0.317174003182856,0.828358880516615,0.227,0.214,1
"HAT1",0.317183606957651,-0.267127256134745,0.142,0.161,1
"SERF2",0.318387091817237,0.293839501582577,0.96,0.967,1
"TMEM101",0.318691476443829,-0.37954551872631,0.102,0.119,1
"GABARAPL2",0.319037586012512,0.647933556149496,0.523,0.537,1
"RTN1",0.319496410630172,-0.603078746819394,0.153,0.172,1
"C3AR1",0.319742687158176,-0.267201706675145,0.154,0.175,1
"CHMP6",0.319766895400052,0.65841745219839,0.142,0.124,1
"ATXN7L1",0.320294336054578,0.325810839643519,0.107,0.09,1
"BCAP29",0.320686326105657,0.947748904011355,0.194,0.176,1
"APMAP",0.320957747949991,-0.467393336165411,0.127,0.144,1
"PDP1",0.321845595626145,0.250177908141544,0.227,0.206,1
"CRBN",0.321977914969959,0.629443024594171,0.359,0.345,1
"XAB2",0.322584079648383,0.394522861656186,0.101,0.085,1
"NOA1",0.323854933075063,-0.347489918129519,0.101,0.116,1
"SSR4",0.324378600539859,0.253762807375913,0.655,0.694,1
"ATMIN",0.325134649268175,0.358322957094996,0.203,0.183,1
"TMEM126B",0.325648889812239,-0.304288759716647,0.116,0.134,1
"CMC2",0.325797472387125,0.47777617206516,0.194,0.177,1
"EXOSC1",0.326824128026313,-0.262189469677415,0.147,0.164,1
"KIF1B",0.326860269197356,0.255960908462743,0.229,0.212,1
"TSTA3",0.327049592688409,-0.493347228064159,0.102,0.12,1
"ELK1",0.327371621867364,-0.254266989228504,0.104,0.12,1
"PRPF3",0.327521324067933,-0.30520684875576,0.095,0.111,1
"NRAS",0.327584136171395,-0.369967694456576,0.201,0.217,1
"SRP68",0.327662302923233,0.386789354761597,0.116,0.099,1
"LINC-PINT",0.329066290416894,-0.304502247980042,0.248,0.266,1
"ATP2A2",0.329277918653327,0.465624977867869,0.262,0.246,1
"HEIH",0.329462609582039,-0.291959542121488,0.132,0.149,1
"SDR39U1",0.329520106376192,0.670255583940334,0.113,0.097,1
"ARSG",0.329543904203949,-0.297628315045513,0.099,0.115,1
"CASP3",0.329885288725374,0.738784661031994,0.12,0.103,1
"CD99",0.330503181177666,0.477096802645727,0.594,0.618,1
"SECISBP2",0.331110094173654,0.492303492078869,0.345,0.332,1
"TP53TG1",0.331346115668655,0.325014856021966,0.092,0.108,1
"ATXN3",0.332559781421673,-0.26948580779862,0.244,0.263,1
"MAP3K7",0.332576953329015,-0.316072937954206,0.114,0.131,1
"TCF4",0.332916809079014,0.340723118092426,0.139,0.122,1
"TNFAIP8",0.333351321959757,0.408995091117054,0.326,0.356,1
"MRPL55",0.333494652808504,-0.27501058911737,0.192,0.214,1
"INTS3",0.333862407579039,0.394665514285549,0.116,0.099,1
"GSAP",0.334995181941421,0.668873585603113,0.213,0.193,1
"CSK",0.335067551500105,0.285909113473771,0.461,0.466,1
"COMMD3",0.335182480499088,-0.274405922443814,0.224,0.239,1
"STAMBP",0.335482004039501,-0.26471897322571,0.111,0.128,1
"C5orf15",0.335902297832702,0.27621716494596,0.189,0.169,1
"NOLC1",0.337872586302025,0.470301791487838,0.132,0.114,1
"REXO2",0.337908497696408,0.606379228882712,0.116,0.136,1
"GDAP2",0.338023969180455,0.285219513140792,0.18,0.161,1
"PHF10",0.338382919144521,0.342107810320393,0.159,0.142,1
"TNK2",0.338850630038643,0.328308026257511,0.159,0.142,1
"TM7SF3",0.338936656084899,0.573420665964662,0.158,0.142,1
"UBE2E3",0.339404009916233,0.34008523494256,0.298,0.336,1
"ECI2",0.339822582114459,-0.350371200163035,0.101,0.116,1
"IVD",0.340319517819719,0.562733856821882,0.113,0.098,1
"PYM1",0.341159061045862,-0.27382376842977,0.14,0.157,1
"TMEM242",0.341685369466035,-0.41652648807807,0.088,0.103,1
"CNN2",0.342368248359634,0.252428180903715,0.437,0.422,1
"ZC3HAV1",0.342954010458081,0.366213143806703,0.328,0.312,1
"CKAP2",0.343545787526293,0.797183303765229,0.116,0.102,1
"C6orf120",0.34401228970145,-0.580459260965556,0.085,0.101,1
"PSMD10",0.344570246127708,0.722376494516353,0.116,0.101,1
"MATR3.1",0.344959958365278,-0.300254620379986,0.101,0.115,1
"PHF2",0.34540085113724,-0.431722483939939,0.092,0.107,1
"FAM160B1",0.345986102968057,0.295716782294437,0.116,0.138,1
"RETREG3",0.347167981115406,0.270520609159346,0.158,0.139,1
"FAM126B",0.348306532804614,0.301497941789096,0.196,0.175,1
"NARF",0.348789956350007,-0.302932506851562,0.13,0.147,1
"HIST2H2AC",0.34955864448063,0.444444522614245,0.348,0.335,1
"RPAP3",0.350041784294122,0.30748093099727,0.17,0.155,1
"EZH1",0.351301522861909,-0.250399651045393,0.133,0.151,1
"TRIM52-AS1",0.351989437119047,0.47140553460715,0.116,0.101,1
"AFF4",0.352874812808557,0.253981270010184,0.35,0.332,1
"ERCC6L2",0.354211247529914,-0.449272576012524,0.113,0.126,1
"ZBTB11",0.354579437459694,0.265856944645589,0.189,0.168,1
"C6orf226",0.355847959527664,-0.291192119480626,0.14,0.155,1
"AC245014.3",0.357317002528418,-0.697307034526542,0.116,0.13,1
"RAB4A",0.358002710889461,0.375256656282551,0.314,0.349,1
"NBR1",0.35823556690775,0.385878367378655,0.224,0.255,1
"ELMO1",0.358551072301849,0.340750912015756,0.192,0.216,1
"MBD1",0.362090800332149,0.403276681912731,0.113,0.097,1
"USF2",0.362437731768028,0.692567078827263,0.452,0.451,1
"HAUS1",0.364088468501559,-0.252562971859787,0.137,0.156,1
"GNAQ",0.364110808838595,0.512580829082234,0.532,0.532,1
"COA8",0.364431972662976,-0.346764553190024,0.175,0.193,1
"IMPAD1",0.364817202925797,0.441898538193955,0.211,0.19,1
"GLRX2",0.365015143154874,0.94322635462844,0.109,0.095,1
"GAS2L1",0.365706832975089,0.783878845491686,0.156,0.14,1
"MRPS31",0.366344121657878,-0.588768500879968,0.099,0.112,1
"CLEC2D",0.366887375990059,0.337346380297362,0.114,0.098,1
"TMEM208",0.36698212138903,-0.251240203837836,0.215,0.228,1
"IRF2BPL",0.367182185528419,-0.290986140559596,0.128,0.146,1
"CTR9",0.367194934801928,0.346272985232462,0.199,0.183,1
"HDAC7",0.367370220151441,-0.435237320923962,0.095,0.108,1
"BTN3A2",0.367600209287991,0.413710035171918,0.189,0.216,1
"FAM207A",0.369388608928954,-0.28913399914653,0.111,0.126,1
"TDG",0.370791941169617,-0.28285102006735,0.205,0.224,1
"EBPL",0.371189619773225,0.79394327836061,0.14,0.126,1
"HPF1",0.372323050423381,-0.374882164559643,0.104,0.119,1
"TSPYL1",0.374291006001872,0.452831197950564,0.262,0.247,1
"PYCR2",0.374772429929687,0.744331652783536,0.132,0.116,1
"AP3S1",0.376279966976787,0.299630501867176,0.331,0.313,1
"AGPAT1",0.376563781721146,0.724790328718962,0.18,0.164,1
"KCNK6",0.37793328518514,0.3316563836427,0.241,0.22,1
"DERA",0.378360960474515,0.785931553782231,0.177,0.163,1
"MCM5",0.378574849460081,0.628287512919381,0.107,0.095,1
"SAP30BP",0.37914703081537,0.274552549305314,0.218,0.204,1
"JUND",0.379365641130641,-0.254859193253215,0.737,0.79,1
"CORO1B",0.380007078579421,0.721787696917564,0.269,0.25,1
"BICRAL",0.380105994720106,0.445669395755418,0.132,0.115,1
"SHC1",0.380808792989016,0.613503160011331,0.123,0.11,1
"TRAPPC2",0.382021477352643,-0.583618368651712,0.095,0.11,1
"FCGR3A",0.382630627096766,0.337479449843034,0.172,0.155,1
"CORO1C",0.382967137682378,0.340079067028139,0.456,0.435,1
"EFCAB14",0.383252445253466,0.309342736189583,0.381,0.368,1
"SIGLEC7",0.383288902122147,0.386180099203168,0.133,0.119,1
"AIDA",0.383415779018756,0.456723692750256,0.203,0.225,1
"N4BP2L1",0.383934018038499,0.387249709261658,0.241,0.23,1
"AC127502.2",0.386297044502969,0.306793989145754,0.243,0.23,1
"CYFIP1",0.386612493862795,0.282845087789828,0.291,0.269,1
"JMY",0.386673139243585,-0.253230192103014,0.094,0.107,1
"UBXN11",0.387663268875735,0.289135985510996,0.263,0.288,1
"BRPF1",0.387769280131536,0.427890680977028,0.111,0.097,1
"MIR4435-2HG",0.387795580617617,1.26620082810592,0.147,0.136,1
"FBXO25",0.388590466087602,-0.298232705759584,0.09,0.103,1
"SMAD2",0.389310980702537,0.536651744144052,0.331,0.311,1
"DTWD1",0.389493470375891,-0.322284383712097,0.087,0.101,1
"ATP9B",0.390161141687578,0.524512078106279,0.107,0.094,1
"STXBP3",0.391389773695904,0.570468049033327,0.302,0.295,1
"FAM177A1",0.391946865489648,0.410288512967,0.251,0.23,1
"KCMF1",0.392116189973617,0.344813375584812,0.25,0.229,1
"CEPT1",0.392376653890453,-0.32827626314732,0.144,0.159,1
"DOK1",0.392401704687326,0.302431619944858,0.101,0.115,1
"BCL2L1",0.392448051511537,0.305258425346238,0.177,0.202,1
"TMBIM1",0.392536700824463,0.689075338075388,0.218,0.206,1
"TAF11",0.392540640608707,0.305240104175786,0.198,0.179,1
"ARMC8",0.394648813758244,0.306321809664753,0.199,0.177,1
"ARL14EP",0.395179618004,-0.308515028493599,0.144,0.159,1
"TBC1D5",0.397023427736069,0.304446636026351,0.262,0.251,1
"CBLL1",0.397505836628887,-0.320560875063489,0.127,0.14,1
"SESN3",0.398212549096254,0.393153602507783,0.189,0.171,1
"CYB5B",0.398493875037131,-0.375257367117771,0.163,0.179,1
"TMEM35B",0.399714154177847,-0.35096931682132,0.111,0.126,1
"PPP3R1",0.400336109853164,0.508406176487866,0.359,0.337,1
"DDX41",0.40142360168514,-0.315948319129358,0.123,0.139,1
"TMEM65",0.401762529413012,0.263906145714173,0.166,0.149,1
"HPRT1",0.402591112781027,0.317840519277699,0.165,0.151,1
"RIT1",0.404524772802948,0.473870804829567,0.329,0.311,1
"BORCS6",0.404760250218302,0.652299152197697,0.097,0.112,1
"ZFPM1",0.404974654855767,-0.316608880225618,0.153,0.169,1
"WBP4",0.405863551017433,-0.692156138273993,0.114,0.126,1
"PDS5A",0.406865145279922,-0.256413882785529,0.279,0.294,1
"CXCL8",0.406973891841697,-0.888241465102173,0.291,0.292,1
"C12orf57",0.40769608315892,0.687481455025178,0.276,0.267,1
"MORF4L2",0.407765827098833,0.336253544155681,0.215,0.198,1
"MFSD11",0.407801855636683,0.482620599586619,0.123,0.11,1
"GFOD1",0.408794332097769,-0.429170550201015,0.097,0.11,1
"TRPC4AP",0.408847531176944,-0.425314258929117,0.175,0.189,1
"A1BG",0.408948029235261,-0.28722686102161,0.236,0.257,1
"EI24",0.409384932707909,0.371429002817568,0.132,0.118,1
"MAZ",0.409904303913445,0.255999708833602,0.295,0.321,1
"FECH",0.410344103008936,-0.324200498956368,0.094,0.107,1
"VPS26A",0.410481719482964,0.497696040975271,0.282,0.269,1
"ZNRF2",0.410534068711648,0.680846154996333,0.139,0.123,1
"PIK3C3",0.412079903422115,-0.265346492511809,0.14,0.155,1
"ADGRE1",0.415246772203267,0.368808128409391,0.146,0.131,1
"SREBF2",0.415273810675637,0.310792376792858,0.109,0.095,1
"SNX18",0.415845970615712,0.379105615926741,0.347,0.34,1
"SPRTN",0.416409021925581,0.423272304300736,0.125,0.111,1
"SMAD4",0.416535617682476,0.332935740078312,0.182,0.163,1
"LMO2",0.416612337289459,0.365359429863699,0.402,0.397,1
"YIPF3",0.416925903887867,0.315041812077691,0.239,0.262,1
"TBC1D10C",0.417971555217999,0.307142813309027,0.133,0.152,1
"DUSP12",0.418649011224102,0.360857661384538,0.104,0.091,1
"ITPRIPL2",0.419141413894503,0.320809373713844,0.182,0.165,1
"MFSD14A",0.419703658025799,0.274227488782345,0.211,0.193,1
"HCCS",0.420020131711948,-0.288836759616384,0.102,0.116,1
"SPOP",0.421727586749188,0.376053053876338,0.224,0.21,1
"BIN3",0.422184766781766,-0.41861010720738,0.111,0.124,1
"NUDT19",0.422623481703617,0.489835373403188,0.101,0.089,1
"CAMTA1",0.423764616294147,0.647970945248511,0.321,0.312,1
"RNF126",0.424306794719979,-0.268437952430759,0.175,0.187,1
"RBM42",0.424755327790104,0.286563678923606,0.147,0.167,1
"DIPK2A",0.424838463910421,0.412582599140906,0.21,0.193,1
"FAM20B",0.425412587993037,0.384280593513504,0.13,0.115,1
"GCHFR",0.425528075357581,-0.501486640252351,0.123,0.136,1
"MID1IP1",0.426201201378328,-0.269480686964188,0.232,0.247,1
"NUTM2B-AS1",0.426680664478689,0.314237791853487,0.21,0.234,1
"LNPK",0.428804797562282,0.649488251152754,0.139,0.127,1
"TMEM109",0.428915730971575,0.337357884632071,0.113,0.101,1
"BX284668.5",0.430335055324196,-0.270650356367706,0.156,0.168,1
"LIN7C",0.430659372503671,0.264307185466548,0.17,0.155,1
"PMAIP1",0.431258243184564,-0.48860302636395,0.177,0.189,1
"UHRF2",0.432603893273682,0.484639653685761,0.116,0.102,1
"ALPK1",0.432998414423081,0.382854137949099,0.118,0.104,1
"MLEC",0.433959457782615,0.317357197957109,0.246,0.226,1
"TBC1D20",0.434229272394065,0.719550030856226,0.123,0.11,1
"TUBB4B",0.434702450003144,0.390390243898878,0.321,0.351,1
"CEP350",0.434891043704274,0.277126376383207,0.392,0.377,1
"VAMP4",0.436719779079105,0.336197215639505,0.132,0.119,1
"SLC4A1AP",0.436872549697909,-0.311278354281282,0.133,0.147,1
"AL390728.6",0.4375371812662,-0.391375445353974,0.102,0.114,1
"MGST3",0.441322292628315,0.421759797800228,0.367,0.354,1
"SEPTIN11",0.441741480119857,0.868435020460625,0.113,0.102,1
"NENF",0.442102221546223,0.799817004143571,0.248,0.239,1
"GSN",0.442450349225375,0.323511111925452,0.293,0.321,1
"ZGPAT",0.44267322789222,-0.391957991185675,0.101,0.114,1
"ARL6IP6",0.444100732411101,0.321496394164221,0.109,0.126,1
"PTOV1",0.444244565878301,-0.328352368827495,0.123,0.138,1
"MRPL45",0.444938601111582,-0.278315193138105,0.092,0.104,1
"ERC1",0.446094242949931,-0.378966302092311,0.133,0.147,1
"TXNDC11",0.447950743543454,-0.329388846286034,0.14,0.153,1
"NFKB2",0.448261678247703,-0.471732554316799,0.196,0.205,1
"LYPLAL1",0.448518735020924,0.61525486743367,0.127,0.143,1
"LINC00909",0.449132055741453,-0.419821992217115,0.09,0.103,1
"SGMS1",0.449268723452595,-0.284791849504409,0.14,0.155,1
"KDSR",0.450193767984543,-0.318044860907751,0.135,0.148,1
"SLBP",0.451320928973698,0.554214486834388,0.22,0.208,1
"CERS2",0.451884181417598,0.302528140390143,0.333,0.319,1
"ZCCHC17",0.453517775044985,0.5863990825846,0.185,0.176,1
"ARL8B",0.453807820660832,0.511278147873441,0.338,0.332,1
"TADA3",0.454051101911742,0.396945026170062,0.206,0.228,1
"DERL1",0.454196653893429,0.273675355750294,0.199,0.221,1
"LDLRAP1",0.456696399247042,1.27886932491137,0.106,0.097,1
"KCTD20",0.457671988819999,0.691747537915334,0.378,0.377,1
"ISCU",0.45797061283703,0.438466156840059,0.406,0.45,1
"CCDC50",0.458119204587708,0.397833545225017,0.175,0.16,1
"CDC27",0.458281676722671,0.301512355341376,0.121,0.136,1
"IFITM3",0.458300462208419,0.551618438452713,0.487,0.519,1
"GTPBP1",0.458722013505022,0.34417976249253,0.111,0.098,1
"PDE4DIP",0.458843186532275,0.341078293315883,0.116,0.104,1
"TGS1",0.458860386674358,0.577617766189894,0.135,0.123,1
"NAPA",0.460669904452585,0.527630242003795,0.35,0.348,1
"RAB8B",0.461299681596614,0.329054555546299,0.388,0.376,1
"NME1",0.461637570818017,0.306276249191949,0.109,0.122,1
"RFLNB",0.462686890835185,0.362703606038755,0.348,0.341,1
"ADD3",0.46423493547309,0.37334864840949,0.438,0.438,1
"BTN2A1",0.464553523255832,0.33761447601637,0.12,0.108,1
"PFDN1",0.464553819263597,0.281834903512243,0.253,0.237,1
"PITPNB",0.465043002675189,0.312847224609145,0.168,0.153,1
"NIT1",0.465766116628326,-0.545669057592205,0.092,0.104,1
"DNPH1",0.467880838718992,0.751061690241885,0.142,0.131,1
"SAP30L",0.46815864447808,-0.407452403385486,0.102,0.114,1
"NNT",0.46834947691705,0.310478377881341,0.194,0.212,1
"TNRC6A",0.468456982873444,0.319444573442128,0.262,0.243,1
"LUC7L2",0.47080305002317,0.799285723589741,0.281,0.274,1
"CRYZL1",0.470882780800905,0.262308768141807,0.127,0.14,1
"PSMB5",0.471092998581463,-0.300866453816261,0.116,0.128,1
"ATP13A3",0.473181571523934,0.491531941938661,0.305,0.307,1
"CIR1",0.473291002697374,0.287048932813797,0.385,0.376,1
"PID1",0.474221979514879,-0.296689373792613,0.156,0.165,1
"PFKFB3",0.475109907324782,0.387588828750053,0.203,0.187,1
"DMTN",0.475806446739413,1.10464384455587,0.102,0.094,1
"USP33",0.476027137683042,0.429652430850107,0.291,0.279,1
"ABHD16A",0.476080550410678,0.764262557737805,0.213,0.2,1
"DYNLL1",0.476627809042414,0.50984743760482,0.615,0.64,1
"ERVK3-1",0.477004466531272,0.337908044846998,0.123,0.111,1
"BFAR",0.477486679714943,0.489096542480226,0.251,0.237,1
"MAPKAPK5",0.478087088694783,0.254234965905156,0.147,0.136,1
"RYBP",0.478105195055837,0.577816428067617,0.317,0.307,1
"RPA2",0.47836183871926,-0.405377050206698,0.13,0.142,1
"HERC4",0.478761442195144,-0.323462579880993,0.172,0.187,1
"PPP3CA",0.479093551160966,0.265234511031338,0.369,0.397,1
"CYTOR",0.480427334581244,0.57067722099576,0.317,0.313,1
"DGKD",0.481280259039055,0.262843174680288,0.3,0.312,1
"DCTN1",0.482002442923208,-0.312838528565304,0.161,0.175,1
"ANAPC5",0.483952217480782,0.375519892505175,0.378,0.36,1
"ATF7",0.483989292376201,0.342803565491407,0.182,0.167,1
"DSTN",0.484879251365463,0.267139930190287,0.298,0.319,1
"CSNK1G1",0.485314740092942,-0.329823032269633,0.127,0.14,1
"ZNF506",0.485828386395112,0.864289801806949,0.106,0.095,1
"ICAM2",0.485898915566312,0.421955511480705,0.241,0.231,1
"NR1H2",0.486960794839891,0.415587814149487,0.236,0.257,1
"ATL3",0.487159717768511,0.439636111721164,0.258,0.245,1
"UBE4B",0.487209613828019,-0.370344448639468,0.121,0.134,1
"EFTUD2",0.489367624412583,0.422283609382246,0.227,0.217,1
"TBC1D2B",0.489478368033235,0.254600582700628,0.147,0.135,1
"TPRG1L",0.492724116285926,0.447369238598249,0.125,0.114,1
"NUP54",0.492782565996472,0.366038672330551,0.114,0.104,1
"CHN2",0.493114131583577,-0.295124379009905,0.113,0.124,1
"DDAH2",0.493221670462937,0.289210554504197,0.144,0.132,1
"TFG",0.493374800886171,-0.324482574121952,0.173,0.19,1
"MTMR10",0.494822562174811,0.300998729699251,0.146,0.159,1
"OTUD5",0.494904841507497,0.278880011361614,0.189,0.176,1
"NDST2",0.495042468434495,0.307621739595201,0.137,0.126,1
"MTHFD2",0.49539567617156,0.452973542094638,0.237,0.222,1
"LRMP",0.49627403805029,0.394797869657938,0.187,0.205,1
"HIF1AN",0.49848720803262,-0.254375389100236,0.094,0.106,1
"CHIC2",0.498862390541277,0.27226544204988,0.165,0.181,1
"DPP9",0.498902671509396,-0.275508793428208,0.149,0.16,1
"AP2S1",0.499634828131008,0.265726355499139,0.669,0.688,1
"GK5",0.504353889572808,0.532054659317011,0.133,0.123,1
"SLC11A2",0.505237130375428,-0.511318131352451,0.107,0.119,1
"YARS",0.505589828286387,-0.347356093057814,0.113,0.124,1
"GOPC",0.506419055476302,-0.308075088332784,0.106,0.115,1
"ADIPOR1",0.508002791787472,0.333101139517835,0.442,0.43,1
"STX17",0.508563413444912,0.259343312959885,0.135,0.124,1
"KLHDC2",0.510555179480471,-0.274981680530163,0.144,0.156,1
"SCFD1",0.51092386974846,0.276472132506731,0.262,0.249,1
"FBXL17",0.512155926668643,0.494619981225711,0.109,0.098,1
"DHX38",0.51246987198752,-0.310349687849629,0.106,0.118,1
"SNX1",0.513277527961073,0.458647111787089,0.232,0.255,1
"CD58",0.514106662719546,-0.388639519246982,0.236,0.25,1
"BAZ1B",0.515201500561362,0.254849878337314,0.172,0.159,1
"KIAA0355",0.516691814829942,0.347848626154354,0.106,0.118,1
"ACYP2",0.51850992225732,0.341555951154925,0.113,0.101,1
"MALSU1",0.518593312595887,0.450841887419202,0.123,0.136,1
"FLOT1",0.518643034287305,0.317140006936358,0.256,0.242,1
"HIGD1A",0.518755232080794,0.626369895515717,0.165,0.155,1
"HERPUD2",0.51879057557346,0.366091543371485,0.203,0.19,1
"PADI4",0.519502030920634,0.460763188812183,0.236,0.258,1
"POLR2C",0.519934202034749,0.250213612552139,0.12,0.131,1
"PPP2CB",0.520246072539879,-0.363649072070658,0.161,0.173,1
"ZNF264",0.520955417528483,0.315100914473559,0.113,0.102,1
"NOL11",0.521249265582926,-0.350357779305802,0.104,0.114,1
"HPS4",0.522422228838638,-0.328539004246893,0.118,0.104,1
"MYO9A",0.522468187463205,-0.469468132789633,0.12,0.128,1
"MRPL38",0.528687342070409,-0.324306354991754,0.12,0.13,1
"NAA38",0.53018008215481,0.372307029611258,0.544,0.549,1
"PACSIN2",0.53047622262652,0.681917253203232,0.191,0.183,1
"VPS26C",0.531608312233867,0.257873290189457,0.127,0.116,1
"HPCAL1",0.531939943695635,0.323602315825047,0.282,0.265,1
"P2RX7",0.533450203846917,-0.297526613623082,0.142,0.152,1
"PPP1R35",0.533729933458673,0.501496483400466,0.13,0.142,1
"MYO15B",0.534844835125894,-0.384748492793936,0.104,0.114,1
"STIM1",0.536084779815093,0.45225757973809,0.198,0.188,1
"PTPN12",0.536423892176342,0.537152055282461,0.473,0.467,1
"PYGL",0.538404184360846,0.320432225091302,0.369,0.358,1
"PLSCR3",0.540373328425257,0.309152744026604,0.154,0.144,1
"PTTG1IP",0.54037510681894,0.345220160937993,0.402,0.429,1
"NRDE2",0.540778680813411,0.411640598922909,0.151,0.14,1
"YIF1A",0.541955195675939,-0.313144503133015,0.132,0.144,1
"RSPRY1",0.542367325507546,0.43767484390935,0.102,0.114,1
"ZFAND2B",0.544565522434388,0.536019783144305,0.147,0.136,1
"GTF2E2",0.545355635815568,-0.412414228305729,0.097,0.106,1
"HDGFL2",0.545632488968311,0.391086339867039,0.101,0.112,1
"COX20",0.546315027952668,-0.25886149848189,0.224,0.233,1
"DOK2",0.54710605949956,0.570225297760762,0.518,0.521,1
"ADH5",0.548913604912,0.527236299640191,0.208,0.194,1
"TERF2IP",0.549095692978637,0.321496947819381,0.414,0.402,1
"FAM13B",0.549105459895669,0.337827268681507,0.196,0.188,1
"PPP4R3B",0.549252012932579,0.438340815713224,0.248,0.271,1
"MINDY2",0.550262490546148,0.565213616290913,0.113,0.103,1
"RILP",0.550268085162934,0.463833295149316,0.121,0.112,1
"NFAT5",0.550850692436519,0.384573748137271,0.198,0.187,1
"SEPTIN1",0.551221957618705,-0.286192945011658,0.111,0.122,1
"TAP2",0.552240065197242,0.312477474251569,0.149,0.14,1
"HEXD",0.55264797176641,-0.259096985084499,0.127,0.139,1
"PDPR",0.554444331616138,-0.281442515498241,0.121,0.131,1
"HSD17B12",0.556202616133847,0.273057439693319,0.184,0.172,1
"ZFAND1",0.558238097342925,0.330194729076992,0.192,0.205,1
"PPIE",0.560866196387912,0.699025223530104,0.132,0.122,1
"MT1X",0.561971789917423,0.312212929958468,0.201,0.189,1
"MTFR1L",0.563047670079216,0.334197224705745,0.12,0.11,1
"CDK19",0.563087990369661,0.369175800050577,0.218,0.212,1
"COQ2",0.563210234020393,0.470635554926226,0.137,0.151,1
"RPA3",0.563501133588181,0.253266821529025,0.125,0.116,1
"ANKH",0.564315903173972,0.418548024486971,0.104,0.095,1
"PIM1",0.566435102064524,0.262497377073667,0.218,0.209,1
"MOB1B",0.56748093127539,0.479592255057332,0.224,0.241,1
"HTATSF1",0.568445460788387,-0.320593899460413,0.191,0.201,1
"RBM18",0.570243909572044,0.670442318140504,0.113,0.103,1
"METAP1",0.571980008498471,-0.542804495823415,0.095,0.104,1
"NBAS",0.572023906753844,0.370430086592159,0.102,0.093,1
"PML",0.573872459688967,0.402182264108368,0.135,0.127,1
"KDM2B",0.574474478099236,-0.27313569290074,0.109,0.098,1
"RNF7",0.575247091968739,0.252614226380593,0.484,0.478,1
"GADD45A",0.575857548926979,0.659835421003219,0.158,0.179,1
"IKZF5",0.576294274353756,-0.405004205430656,0.106,0.114,1
"ZSCAN16-AS1",0.577574493702966,0.273843021554514,0.229,0.22,1
"TCEAL4",0.578676236716778,0.485154914153378,0.137,0.128,1
"RAB22A",0.579619392481725,0.491062456378908,0.182,0.172,1
"GTF2A2",0.581573967126778,0.477346625593917,0.34,0.365,1
"MAEA",0.582374207916983,0.304826734800948,0.09,0.101,1
"HUS1",0.582641664451731,-0.326972157412177,0.133,0.143,1
"INPPL1",0.58301074733646,0.384937759739326,0.182,0.173,1
"VPS11",0.583526082948397,0.34966666258655,0.109,0.101,1
"PIGX",0.585794104055235,0.332045127062231,0.135,0.127,1
"SUPT20H",0.586128383684685,-0.380780761003995,0.151,0.16,1
"CCR2",0.586261068885038,-0.294234414529093,0.153,0.163,1
"HPSE",0.586608604367668,0.326353534209212,0.192,0.184,1
"RBM28",0.586736265376483,0.303650200111288,0.116,0.107,1
"PDK1",0.587804420483302,0.284078880551245,0.095,0.104,1
"ARHGAP21",0.588245406446404,0.438756624758834,0.22,0.214,1
"BID",0.589335610244453,0.309301670882082,0.411,0.414,1
"ABCD3",0.589692125385222,-0.2908714699177,0.109,0.099,1
"LUCAT1",0.594102153172973,-0.554689789331507,0.22,0.225,1
"OSM",0.594623932128766,-0.311311765221196,0.094,0.101,1
"SNHG30",0.596182111091224,-0.356716068781114,0.095,0.103,1
"MAPK3",0.59756979740215,-0.339455120728317,0.14,0.151,1
"CTBP1",0.598104332751191,0.39566935181462,0.246,0.234,1
"TCF7",0.598469389488533,0.581918241149423,0.101,0.093,1
"CLPTM1",0.600972389806591,0.481366116729335,0.13,0.12,1
"EIF1B",0.601246125874487,0.510200575602925,0.468,0.501,1
"DRAP1",0.603011870435087,0.337097346440754,0.464,0.466,1
"CAB39",0.604434167189351,0.455288787472638,0.333,0.323,1
"AP2M1",0.605538538389922,0.250591154665455,0.525,0.536,1
"IDH2",0.606021438269079,0.417617076538984,0.217,0.214,1
"CPSF3",0.606627755919037,-0.416163429808835,0.104,0.11,1
"SMAD5",0.607102487151841,0.413729994697669,0.163,0.151,1
"STAM2",0.609809068728255,-0.284805134139826,0.106,0.114,1
"PYGB",0.609912964511649,0.358168315207367,0.128,0.12,1
"SDHA",0.60999139466898,0.643639957760712,0.231,0.243,1
"METTL22",0.613369044809132,0.554014251898056,0.153,0.144,1
"PARN",0.615892247763441,-0.381418796047039,0.097,0.104,1
"CD2AP",0.616428876794607,-0.557226459204804,0.116,0.107,1
"RNGTT",0.617213026202757,-0.281405152135619,0.101,0.108,1
"TUBA1C",0.618825055836232,0.262623185906255,0.258,0.253,1
"TRANK1",0.619710540146799,0.294963613590272,0.102,0.095,1
"MPST",0.619864895211963,0.483977599701411,0.215,0.209,1
"STRN4",0.620241619866799,0.678970413336218,0.184,0.176,1
"H2AFJ",0.620566965027766,0.405601761317263,0.44,0.442,1
"GGCX",0.621161659488228,-0.322107949531556,0.151,0.16,1
"MED11",0.621462630796485,0.255953892455416,0.121,0.112,1
"TTC14",0.621920575003009,-0.26524919952231,0.246,0.255,1
"RIC1",0.622001024236313,0.285100463574925,0.189,0.18,1
"APP",0.622082847576362,0.610023384566326,0.348,0.354,1
"YAF2",0.625278209424529,0.716028924054848,0.237,0.226,1
"NHSL2",0.626104354518823,-0.280597911901235,0.192,0.204,1
"AC103591.3",0.62682918659306,-0.367524448730607,0.142,0.149,1
"ARPC1A",0.627604877715372,0.325004563306766,0.211,0.221,1
"LCORL",0.628476935358826,-0.480506373716244,0.168,0.171,1
"DAP",0.628579832066748,0.576470494145581,0.263,0.262,1
"RHOC",0.62902232631538,0.54260922688614,0.166,0.183,1
"GPN3",0.630347776911898,0.587809788571982,0.111,0.103,1
"DDX52",0.630491169854854,0.41499100632553,0.205,0.194,1
"FGD5-AS1",0.631143174835435,0.264060833009122,0.315,0.316,1
"ATG13",0.63125847957013,0.255989817594516,0.166,0.156,1
"TYW5",0.633018240267884,0.35608934417004,0.111,0.103,1
"INTS1",0.633182688648155,0.289660225408585,0.125,0.118,1
"ABRACL",0.635248147600999,0.286650634479174,0.395,0.41,1
"NTAN1",0.63659607165725,0.285026177889708,0.147,0.16,1
"CBX1",0.636810150713296,-0.326393861646803,0.158,0.148,1
"CLPTM1L",0.637390947645786,0.414209576385459,0.232,0.225,1
"KAT6A",0.638246849593148,0.398325796704468,0.35,0.37,1
"SLC6A6",0.640409473699103,0.379480305955505,0.338,0.345,1
"EGLN2",0.641402159811523,0.618948470281192,0.137,0.148,1
"MCRIP1",0.642014516827651,0.447292831570205,0.243,0.238,1
"SHMT2",0.643851388337017,0.256204954737841,0.14,0.134,1
"OIP5-AS1",0.646461349360241,0.363748865372794,0.338,0.333,1
"PEX16",0.646625793167404,-0.304104578758445,0.142,0.148,1
"CAMK2G",0.646680430150767,0.281933911628523,0.109,0.102,1
"LINC01089",0.647446234303276,0.330765977589074,0.118,0.127,1
"RIPK2",0.649065273584425,-0.316661400507391,0.26,0.263,1
"GLA",0.649826924355302,0.513541313436251,0.102,0.112,1
"ZC3H7A",0.653561975415224,0.284897197569852,0.298,0.292,1
"STAU1",0.655482815446189,0.63746144583315,0.307,0.302,1
"PPM1M",0.657313908431496,0.253796138337814,0.205,0.198,1
"NSD3",0.657572184368258,0.276762586504932,0.397,0.418,1
"TRAPPC5",0.660916195471435,0.260597585396902,0.697,0.729,1
"DNAJC8",0.662642324848769,0.310158299037297,0.466,0.488,1
"ANXA7",0.664968335258101,0.386073563982934,0.421,0.421,1
"CETN2",0.670321735271374,0.951157372094912,0.114,0.107,1
"ZNF410",0.670601064410386,0.528290887731432,0.109,0.104,1
"MCUR1",0.672253178013027,0.312636313565916,0.198,0.19,1
"PAIP2",0.673513813199279,0.443864013188736,0.6,0.646,1
"RNF41",0.674120992341366,0.278869319397207,0.213,0.209,1
"CNST",0.675160744078375,1.20339828709852,0.153,0.148,1
"ZMYM6",0.676050384468697,0.309218061614334,0.187,0.179,1
"BCCIP",0.679464365025464,-0.312315914280027,0.151,0.155,1
"CYBRD1",0.680108908296553,0.321564136647942,0.135,0.128,1
"RUBCN",0.681608226817612,0.315088596360697,0.133,0.128,1
"RING1",0.683369970015643,0.573464641051307,0.118,0.114,1
"USP48",0.683562330275975,0.252377548782899,0.265,0.262,1
"PABPN1",0.687965573420481,0.43461940684746,0.357,0.358,1
"AKT2",0.688981940135072,-0.272890385845713,0.185,0.193,1
"TOLLIP",0.689742989144518,0.854177703997432,0.184,0.2,1
"CARD9",0.689986752732881,-0.303740090831246,0.099,0.104,1
"FADS1",0.692395048609427,0.343824536825085,0.113,0.107,1
"CBL",0.694618939985122,0.537782018775643,0.317,0.315,1
"UPF1",0.695682320544248,0.751859218435785,0.12,0.115,1
"UXS1",0.696363242374326,0.69056696244982,0.17,0.163,1
"EIF4EBP2",0.697061158678987,0.292560140150759,0.418,0.435,1
"MARCH5",0.698179567592195,0.25705614026122,0.116,0.126,1
"KCNQ1OT1",0.699150725669205,-0.284988297521091,0.111,0.118,1
"GRSF1",0.700308540292571,0.322434552813634,0.281,0.27,1
"STAU2",0.701819493548641,0.42625318566538,0.113,0.106,1
"GOLIM4",0.702209834213291,0.877087924286611,0.133,0.13,1
"PPP2R5A",0.70304175058248,0.412262410444293,0.296,0.286,1
"GINM1",0.703555112968343,0.271377585117419,0.227,0.224,1
"QSER1",0.703905156103059,0.404660893321237,0.128,0.123,1
"AC016831.5",0.704138300629396,-0.429596785811617,0.13,0.135,1
"RAB13",0.704999895077887,0.928281608631071,0.111,0.106,1
"FRMD4B",0.706094100261016,1.02537939445075,0.231,0.238,1
"EGLN1",0.706191106427701,0.289652356492822,0.182,0.197,1
"ZDHHC5",0.706232659619559,-0.334778452138868,0.151,0.157,1
"LMNA",0.71101627133413,0.878545857272711,0.175,0.179,1
"IFT57",0.711982428787759,0.614658065543628,0.095,0.102,1
"ECHS1",0.712679363678353,-0.25568485813935,0.234,0.237,1
"STK32C",0.713038172029557,0.259985365658062,0.114,0.11,1
"TXNRD1",0.713863788517984,0.541344390528688,0.205,0.2,1
"SNX13",0.714235301156753,0.259902966542254,0.21,0.202,1
"BMT2",0.715254202150794,0.510216951408321,0.097,0.104,1
"DCPS",0.715497672240974,0.259781612572209,0.101,0.095,1
"PDHB",0.715570658225781,0.314987696839234,0.173,0.183,1
"GLRX3",0.715999191929161,0.445816655938859,0.215,0.209,1
"CCSER2",0.71621226083281,0.26390387878644,0.144,0.138,1
"TRIM26",0.716763139339295,0.310372618195272,0.137,0.131,1
"NFE2",0.717401847466566,0.62920921044989,0.187,0.184,1
"RALGAPA1",0.717820468350399,0.292037235659109,0.149,0.142,1
"SECISBP2L",0.724815435894442,0.449093411067874,0.191,0.187,1
"BTBD2",0.725091642832617,0.341933087081541,0.111,0.106,1
"DYNLRB1",0.725251845018982,0.381834624118431,0.43,0.45,1
"MTF2",0.725564473245545,0.371385933979176,0.201,0.21,1
"AC093673.1",0.725619267411795,0.67854496400783,0.142,0.135,1
"SUDS3",0.726158133312987,0.276702076789614,0.17,0.165,1
"XPNPEP1",0.727838429057592,0.537112963509471,0.185,0.18,1
"ERN1",0.729213306936308,0.308831365367737,0.123,0.13,1
"CALU",0.732566152265876,0.487415939689143,0.21,0.205,1
"HMOX2",0.732953779813799,0.296458479546458,0.106,0.114,1
"DCK",0.734664717305936,0.433679780288789,0.198,0.189,1
"CDK6",0.736314787984752,0.479395280741977,0.111,0.106,1
"TMEM189",0.737423018403039,0.453835802282632,0.158,0.155,1
"COX17",0.738596488813189,0.35512586467184,0.355,0.38,1
"IKBKG",0.740357438162295,0.2757479555915,0.144,0.151,1
"LPIN2",0.740722253486042,0.506878876685666,0.192,0.193,1
"TRAPPC6A",0.741508036368464,0.267223410893961,0.158,0.167,1
"SMARCA2",0.744591017647305,0.352239878188045,0.341,0.336,1
"TMEM219",0.746955515414488,0.52353936735863,0.541,0.558,1
"AMD1",0.747209832094753,0.422064131534823,0.43,0.435,1
"C9orf16",0.747433929513468,0.291850101309621,0.541,0.567,1
"TMEM181",0.74793187104031,-0.438718844669229,0.101,0.103,1
"CYB5R1",0.748128344277205,0.519520206597095,0.125,0.132,1
"HNRNPH3",0.748663512944046,0.250368245826466,0.461,0.476,1
"GNL3",0.749576166884328,-0.250622687023185,0.153,0.157,1
"SERINC3",0.751167041174921,0.54247726757071,0.395,0.403,1
"TXNDC5",0.752027935848999,0.433848759106629,0.095,0.101,1
"WASF2",0.75218655010627,0.309560900835457,0.629,0.655,1
"FURIN",0.752855995048905,0.70294488271528,0.255,0.251,1
"CYP20A1",0.753293608802082,0.39053087349773,0.135,0.143,1
"RAMAC",0.753638240156231,0.358432882891638,0.106,0.102,1
"AC008124.1",0.755498933128735,0.659600204023092,0.104,0.098,1
"CCDC85B",0.755568899024904,0.514458267089626,0.501,0.524,1
"RHOT2",0.755827988893129,-0.341415166929519,0.111,0.118,1
"MRPS26",0.755967521211589,0.295674327681566,0.109,0.106,1
"SACM1L",0.757488984680971,0.25927199131886,0.118,0.114,1
"DEDD",0.760008990228643,-0.324286118929843,0.102,0.097,1
"SMIM3",0.761361617555354,0.580537909735473,0.191,0.189,1
"VPS4A",0.761522338984191,0.289557999194983,0.199,0.193,1
"DYRK2",0.763910176061913,0.303610915820599,0.097,0.104,1
"UBP1",0.764939130585545,0.316858645026547,0.159,0.153,1
"YLPM1",0.765442325090537,0.517275159639517,0.172,0.168,1
"GART",0.766346724299643,0.266960357364552,0.102,0.097,1
"DAAM1",0.766792666467279,0.614143801765079,0.127,0.135,1
"STMP1",0.767727332179181,0.271323598911055,0.646,0.661,1
"HEMGN",0.768801206303632,1.0678824675551,0.095,0.103,1
"ZDHHC12",0.769265903676262,0.254192274250601,0.159,0.169,1
"HERC2",0.76964733185673,0.480385742223623,0.127,0.12,1
"SMC3",0.771364503487391,0.308859354908144,0.244,0.253,1
"PPP6R3",0.771958619142789,0.327837985476071,0.237,0.246,1
"ZFAND3",0.772264650274812,0.349156780050951,0.329,0.325,1
"SLC30A9",0.773112597827107,0.427447783714181,0.127,0.12,1
"NIN",0.773121942020906,0.283324496661728,0.466,0.478,1
"C1orf56",0.773258314447322,0.600828322901055,0.231,0.229,1
"TMEM245",0.774651769627283,0.310707257975192,0.133,0.13,1
"PSMD1",0.774775479569965,0.429211701252043,0.196,0.192,1
"MARK4",0.775562476372203,0.281720063676395,0.095,0.101,1
"CCDC170",0.77562210784373,0.348355406843868,0.104,0.102,1
"POLDIP3",0.77607198692083,-0.2652308620029,0.137,0.14,1
"ARRB1",0.778201713788516,0.505878127903918,0.277,0.28,1
"PDCD10",0.778300800442901,0.562988509199862,0.333,0.354,1
"DBNL",0.779713664565381,0.285409454752867,0.44,0.45,1
"PPM1A",0.782421257431653,0.310658697195809,0.277,0.275,1
"ETFRF1",0.786572035056904,0.36200621314404,0.121,0.127,1
"PIP5K1C",0.789586845059376,-0.44826203430607,0.113,0.115,1
"SLMAP",0.789589133285428,0.419196881801867,0.229,0.228,1
"SUMF1",0.789756525560319,-0.308823602480518,0.118,0.122,1
"NDUFAF3",0.790922276409655,0.416932388762616,0.303,0.306,1
"ABHD14B",0.79228919908458,0.684637117290439,0.165,0.163,1
"TMA16",0.794167731068423,0.355337022987705,0.121,0.119,1
"HLA-F",0.794806977927122,0.315767350031989,0.485,0.492,1
"QRICH1",0.796281726773286,0.278987091692965,0.125,0.12,1
"TRPV2",0.796424900537488,-0.251552328207163,0.118,0.122,1
"SNAP29",0.797523320002838,0.256270109114032,0.291,0.306,1
"CHD9",0.797535737814607,0.423709824161534,0.279,0.287,1
"CCSAP",0.800471647279827,0.687564150247585,0.142,0.142,1
"MED8",0.800502846085249,0.308845587218749,0.14,0.147,1
"C2orf68",0.800545077244393,0.393604893767553,0.205,0.216,1
"SEMA4D",0.801119205308332,0.473361830162057,0.34,0.349,1
"UBAC2",0.802979768209253,0.451372038577381,0.293,0.296,1
"USP38",0.804311069202961,-0.280022813169122,0.154,0.156,1
"CBX3",0.806827677489701,0.346585448758221,0.492,0.528,1
"NDUFC1",0.810097877730359,0.47213038819018,0.362,0.358,1
"GNPAT",0.81014469978662,-0.364138458908461,0.132,0.135,1
"BRWD3",0.81062136348024,0.324024924363141,0.208,0.214,1
"EXOC6",0.814499422933245,-0.305049804770926,0.137,0.14,1
"CD83",0.816019281943509,-0.391679146708523,0.289,0.261,1
"HSPB1",0.818764256400214,0.486166016735765,0.135,0.131,1
"RNF115",0.819244540221564,0.63092626470277,0.227,0.237,1
"BAG4",0.822371958116277,-0.255042307638327,0.173,0.177,1
"EIF3J",0.823510333267999,0.278000402814185,0.308,0.32,1
"RAB2B",0.826449741266039,0.318560144218477,0.104,0.101,1
"EXOC5",0.826478888525853,0.274235698403708,0.166,0.163,1
"FHOD1",0.826481614517871,0.620720070478661,0.121,0.12,1
"CATSPER1",0.827217806288905,0.270243952819553,0.113,0.11,1
"TRAPPC1",0.827497203437952,0.354650030588635,0.577,0.597,1
"ZFYVE21",0.827666254857596,1.0326352221008,0.101,0.106,1
"VPS37B",0.832493005183761,0.478620712049669,0.194,0.19,1
"SLC44A1",0.833863049076663,0.339989425790541,0.231,0.225,1
"SOS1",0.834209456187469,-0.263394440393599,0.128,0.13,1
"FAM162A",0.834549880357983,0.310130182961973,0.137,0.134,1
"ORAI1",0.837771768822425,0.305784673597316,0.251,0.254,1
"TBC1D15",0.83805944626698,0.90219725862968,0.229,0.233,1
"SATB1",0.839910263483449,0.252439301523663,0.215,0.226,1
"FBXO11",0.845821627455379,-0.286463024124199,0.256,0.259,1
"HLA-DQA2",0.845927934926165,0.450395367660388,0.184,0.187,1
"NUP153",0.845999749024521,-0.353253307561051,0.133,0.135,1
"UBXN6",0.848766846306305,0.469919392135938,0.215,0.225,1
"DESI2",0.848881623333231,-0.33027734005956,0.12,0.122,1
"RSRC1",0.852197952591973,0.297848093132423,0.198,0.197,1
"DLGAP4",0.85371777193322,0.37528857404797,0.137,0.135,1
"CCDC32",0.854890185500821,0.351329278474625,0.102,0.106,1
"TRNAU1AP",0.85497017595937,0.417872250533351,0.118,0.115,1
"WWP1",0.855788064750729,0.270777850510455,0.179,0.176,1
"CPQ",0.856072642067304,0.801612286930465,0.276,0.276,1
"UNC13D",0.856432908471868,0.477408212674995,0.175,0.183,1
"ABCC1",0.857196413218643,0.490500939968634,0.114,0.111,1
"HINT2",0.857811761899169,0.266955672941474,0.146,0.148,1
"ERV3-1",0.859000331066803,0.345990797039991,0.172,0.172,1
"MGAT4A",0.860755359530827,-0.280204640444505,0.18,0.183,1
"TTLL3",0.861529677860238,-0.301867407532894,0.113,0.107,1
"GUCD1",0.861666511276935,0.334964999833316,0.158,0.164,1
"JOSD1",0.86186512644774,0.251595345971872,0.256,0.257,1
"CLINT1",0.861950019894994,0.290513067796009,0.383,0.392,1
"TRIP11",0.862404477447315,0.614593852269608,0.154,0.151,1
"STIP1",0.863245679720083,0.402596770335931,0.156,0.155,1
"C5orf24",0.863746159205176,-0.273279626091028,0.184,0.177,1
"RABGEF1",0.864618946872574,0.495346649912353,0.185,0.189,1
"C3orf38",0.865558563687169,-0.317594392901243,0.163,0.157,1
"PPA1",0.865809053063258,0.336685587734379,0.322,0.345,1
"REEP3",0.866696437887948,0.31428376406492,0.199,0.208,1
"DNASE2",0.870373882253476,0.471544460496743,0.107,0.106,1
"MADD",0.872427659833994,0.44414470870165,0.111,0.114,1
"TMEM134",0.872701503822545,0.435648293800398,0.154,0.16,1
"ACSS1",0.873196812998731,-0.443665249447267,0.104,0.104,1
"FBH1",0.873294005688315,0.283620390407952,0.109,0.114,1
"HK1",0.873500774970742,0.454158773275999,0.381,0.384,1
"EIF2S1",0.874246936353787,0.382717465294666,0.184,0.19,1
"SPTSSA",0.874514476895911,0.464952868740698,0.256,0.269,1
"SEC14L1",0.875402213390906,0.673001969639961,0.414,0.43,1
"TOP1",0.876452604552524,0.487987904921676,0.392,0.403,1
"PRRG4",0.876862475737422,-0.251056595518984,0.121,0.123,1
"PTGES3",0.878502018572156,0.252779167681469,0.562,0.614,1
"RASA2",0.880149519513862,-0.279629654017216,0.172,0.175,1
"HSDL2",0.880822867167247,-0.354104131134282,0.142,0.136,1
"RABIF",0.881708989114626,0.275132435338243,0.125,0.128,1
"TCEAL8",0.883243058441682,0.552990784347287,0.147,0.151,1
"PIK3CA",0.885762992126869,0.280722412360569,0.173,0.175,1
"GRK6",0.887524602052829,0.317434799796577,0.307,0.317,1
"STK17A",0.889087262906078,0.441185655595354,0.14,0.147,1
"PIP4P2",0.88992392800921,0.364360289113204,0.218,0.226,1
"MARCH8",0.890546312263293,0.508098578103394,0.156,0.155,1
"RIOK3",0.893233944145942,0.473872896018303,0.65,0.689,1
"ASB8",0.894037802456938,0.407504620965206,0.243,0.243,1
"HTT",0.895970006844328,0.318545184863077,0.198,0.201,1
"CWF19L1",0.898065340759937,-0.253930437376693,0.114,0.11,1
"RAB11B",0.899056295390747,0.487708667645597,0.243,0.253,1
"PCNP",0.899500109754882,0.384260750551032,0.426,0.435,1
"SVBP",0.900555032597443,0.565455274014844,0.25,0.247,1
"LMBRD1",0.903028116716395,0.300377307460395,0.307,0.31,1
"ANKRD9",0.905859978327445,0.62668660823109,0.114,0.12,1
"GCC2",0.906925471642426,0.262491024773205,0.274,0.279,1
"MRPS7",0.908922637305618,0.297097212745337,0.205,0.206,1
"FAM110A",0.912373151991487,0.311484160515323,0.184,0.189,1
"STRAP",0.914211310050122,0.381818049084382,0.333,0.348,1
"ESF1",0.914833384106513,0.337215433537452,0.12,0.122,1
"PPP2R2D",0.915696693710099,0.555568320086314,0.201,0.209,1
"IFI27L2",0.915865159359687,0.459051513204453,0.419,0.431,1
"EIF4G3",0.918091012661395,0.35943925027425,0.274,0.272,1
"METTL26",0.918945037526041,0.34789972082651,0.262,0.265,1
"CRNKL1",0.919323048435997,-0.279388133862601,0.123,0.124,1
"PGM1",0.919549651736627,0.529734666654705,0.099,0.102,1
"CRK",0.921152953380206,0.251476807274659,0.173,0.177,1
"IL32",0.921205701543117,0.296110471874987,0.107,0.107,1
"PTPA",0.922725270209812,-0.273992198302221,0.118,0.115,1
"LINC01003",0.925941777468656,0.986687027133171,0.132,0.138,1
"MRPL18",0.927611811312494,0.676810462767892,0.185,0.19,1
"PLRG1",0.92849967248286,0.275666940156905,0.106,0.104,1
"EMD",0.931113427407657,0.45309027745736,0.258,0.258,1
"EPB41",0.931767454391608,0.560205188120289,0.385,0.405,1
"FKBP3",0.934632804119856,0.308258295800129,0.206,0.209,1
"TPP2",0.936055202677241,0.318316852761049,0.262,0.261,1
"PSMC2",0.937842387216541,0.425485871430192,0.144,0.149,1
"THG1L",0.937853485289553,0.370054255270572,0.113,0.116,1
"TAX1BP3",0.938112867628159,0.770352172421424,0.179,0.185,1
"ERICH1",0.93826604572955,0.274347816812048,0.367,0.372,1
"WIPI1",0.939428885180398,0.499314508976487,0.13,0.13,1
"EMC3",0.940755481403912,1.01162386523147,0.43,0.448,1
"GDI1",0.940932764566907,0.372929292705106,0.17,0.172,1
"VIM-AS1",0.941225021623273,0.844534372151644,0.201,0.206,1
"CSRP1",0.941925413359742,0.390555624998078,0.125,0.127,1
"SPART",0.945124960646114,0.565077073157874,0.205,0.201,1
"ARHGAP35",0.945843640776761,-0.343408279510899,0.106,0.106,1
"MBNL3",0.946513126243498,0.358640296552884,0.163,0.167,1
"RAB6A",0.946666574096154,0.503257078416639,0.267,0.274,1
"MAPKAPK2",0.94801493897032,0.251868865298034,0.251,0.255,1
"DMAC2L",0.948257413159805,0.635212285237162,0.203,0.21,1
"KDM6B",0.948853067035675,-0.359263217490244,0.35,0.332,1
"PRKACB",0.949254509765879,0.537808730782541,0.163,0.167,1
"IRGQ",0.950133894923203,-0.343032074860694,0.101,0.102,1
"MAT2B",0.951831759713266,0.26585478463415,0.284,0.29,1
"EMC6",0.952647427936395,0.408077329877839,0.232,0.229,1
"VTA1",0.953322083955272,-0.324407205456257,0.163,0.157,1
"BBIP1",0.954205425034448,0.540253494823711,0.165,0.167,1
"PSMD9",0.954546142562921,0.309343249169662,0.31,0.321,1
"VKORC1",0.954940670199836,0.699890275981652,0.213,0.221,1
"PIH1D1",0.95518894236743,0.317438748845153,0.18,0.183,1
"WBP1",0.955307093967529,0.346076478362518,0.113,0.116,1
"STX4",0.955717627886858,0.820348331377619,0.163,0.165,1
"BAX",0.957497511184972,0.303690173116559,0.338,0.34,1
"DHRS1",0.95784039340292,-0.397929841613327,0.104,0.102,1
"OTUD6B-AS1",0.958926331187217,0.377344811785212,0.156,0.156,1
"LSM14A",0.95946960886576,0.360518737739408,0.385,0.397,1
"PRDX6",0.960743765309105,0.407632386295697,0.627,0.646,1
"ANAPC13",0.961508708014367,-0.277434543085144,0.182,0.18,1
"NUDT21",0.962748955459487,0.412948729207559,0.222,0.226,1
"MAP2K4",0.963136299264311,0.322480822038639,0.102,0.101,1
"FGFR1OP2",0.963182751635055,0.443596296969739,0.357,0.377,1
"C16orf87",0.967657141582715,0.377869660744647,0.208,0.209,1
"DDX49",0.969525101191186,0.275768653385092,0.142,0.14,1
"ZNF131",0.969914267318587,0.35668758094956,0.161,0.163,1
"MCTP1",0.970565708286296,0.417560073341683,0.298,0.311,1
"CALML4",0.971322510699263,0.381019975016663,0.139,0.143,1
"MTRF1L",0.971941836922644,-0.415620536693322,0.158,0.156,1
"LYL1",0.973053693619341,0.686306249978134,0.338,0.356,1
"TMX2",0.973066810690291,0.327933000874582,0.123,0.124,1
"TAF10",0.974069560932367,0.37412091974597,0.499,0.516,1
"INSIG1",0.974219536218504,0.649194767916012,0.213,0.218,1
"CDIP1",0.979951450451656,0.316624783999254,0.107,0.107,1
"TACC3",0.981599413971048,0.68316813831048,0.241,0.246,1
"C22orf39",0.98255219133895,0.296665266602941,0.166,0.168,1
"TMED9",0.983041536298077,0.298881750542107,0.224,0.229,1
"ARPP19",0.983048361665522,0.287268952659431,0.276,0.282,1
"SMS",0.98375236872876,0.333679371219604,0.364,0.369,1
"AL445524.1",0.984243567737639,0.532146747796418,0.101,0.102,1
"PTPN1",0.984559306350057,0.453726728945462,0.253,0.254,1
"UBE2V2",0.984583671015218,0.596288388809729,0.191,0.193,1
"BTK",0.98563558711656,0.284279804187441,0.315,0.327,1
"MEPCE",0.988126199311786,0.528358987254937,0.142,0.143,1
"TBC1D23",0.988764881579636,-0.398002510958601,0.121,0.12,1
"STAT3",0.989038990222972,0.295443448979628,0.471,0.5,1
"CHORDC1",0.989328634138413,-0.307587001327994,0.123,0.122,1
"ACOX1",0.990001005519438,0.280628122571638,0.199,0.201,1
"RAB10",0.994257589746391,0.280148041217583,0.449,0.468,1
"EHD1",0.995619095665147,0.250438145559649,0.248,0.249,1
"ACOT9",0.997164339051961,0.291254468888116,0.201,0.21,1
