"Gene","p_val","avg_log2FC","pct.1","pct.2","p_val_adj"
"RPS26",9.75681005708094e-65,1.52409212586677,0.942,0.865,3.57109004899219e-60
"RPS29",1.21631434105533e-20,0.332119234123351,0.998,1,4.45183211969663e-16
"RPL37A",2.05044500702075e-20,0.351098811468954,0.997,0.996,7.50483377019666e-16
"PLEK",7.4650601934968e-19,-0.756462484274038,0.565,0.781,2.73228668142176e-14
"AREG",3.67244788464469e-15,2.04789775564416,0.348,0.178,1.3441526502588e-10
"RPS21",4.62104040561444e-15,0.323815551376068,0.99,0.994,1.69134699885894e-10
"GIMAP7",5.90528972349706e-14,-0.582718781544169,0.608,0.768,2.16139509169716e-09
"KLRC2",1.22296564791212e-13,-1.79886768581299,0.17,0.331,4.47617656792315e-09
"GIMAP4",2.29102614125021e-13,-0.64016939194737,0.455,0.654,8.3853847795899e-09
"TIGIT",2.52141752360784e-12,-1.34513433092557,0.149,0.309,9.22864027815706e-08
"MRPS6",3.0052395879698e-11,-0.885844152964507,0.262,0.434,1.09994774159283e-06
"KLRD1",4.34084474249384e-11,-0.41803640211248,0.767,0.872,1.58879258420017e-06
"RPL12",7.29018376599105e-11,0.253839559924039,0.997,0.997,2.66828016019039e-06
"MTRNR2L1",1.31922957231334e-10,-1.19553839742706,0.057,0.177,4.82851215762406e-06
"FTH1",4.2053908094337e-09,0.288450138074511,0.988,0.993,0.000153921509016083
"LBR",4.22019942789533e-09,-0.660440705200495,0.272,0.439,0.000154463519260397
"KLF2",5.63827478486821e-09,-0.320775800823391,0.906,0.97,0.000206366495400961
"MAP3K8",5.82475576192477e-09,0.820169531114196,0.587,0.483,0.000213191885642208
"KLRK1",6.78160081248766e-09,-0.452321579801853,0.603,0.748,0.000248213371337861
"PSMB8",7.4083047597829e-09,-0.445961782763909,0.531,0.695,0.000271151362512814
"TAP1",7.75511954861634e-09,-0.670798861919754,0.216,0.368,0.000283845130598907
"PSMB9",7.90960092531369e-09,-0.431826799888688,0.676,0.806,0.000289499303467407
"CX3CR1",1.16846590827347e-08,-0.607251213015051,0.286,0.439,0.000427670207087174
"PYHIN1",1.37754017069691e-08,-0.484557871602534,0.454,0.617,0.000504193477876777
"DYNLL1",1.67845595932828e-08,-0.523680156254882,0.408,0.571,0.000614331665673745
"HLA-F",1.69563196088159e-08,-0.384574715597929,0.743,0.859,0.00062061825400227
"FCGR3A",1.89868652120442e-08,-0.465790993553531,0.664,0.763,0.000694938253626029
"TRAF3IP3",2.05572387793267e-08,-0.55274941031878,0.49,0.64,0.000752415496562136
"CCL5",2.0985233656493e-08,-0.363451444112807,0.812,0.905,0.000768080537061301
"ZFPM1",2.3666322685102e-08,-1.19551260635418,0.111,0.226,0.000866211076597417
"FCMR",3.19822017586191e-08,-0.59551537962891,0.271,0.43,0.00117058056656722
"RPL38",3.20382635348302e-08,0.264154106193442,0.973,0.978,0.00117263248363832
"ACTR3",3.87606981304155e-08,-0.371389262768295,0.558,0.705,0.00141868031227134
"PLAAT4",5.92440949735785e-08,-0.350134370900263,0.75,0.87,0.00216839312012795
"APBB1IP",6.13841344061444e-08,-0.47595694005922,0.378,0.534,0.00224672070339929
"HSPA8",8.51134523876844e-08,-0.387682720715702,0.572,0.721,0.00311523747084164
"LCK",1.2955876203313e-07,-0.50916680514563,0.493,0.623,0.00474198024917459
"GIMAP1",2.03021388103732e-07,-0.700000882047064,0.192,0.313,0.0074307858259847
"GBP2",2.3021853722377e-07,-0.676345939597145,0.274,0.4,0.00842622868092719
"RPL36",2.56589083500456e-07,0.255811536673638,0.978,0.988,0.00939141704520018
"HLA-DRB5",2.62656448700235e-07,-0.835518871821763,0.175,0.295,0.00961348867887729
"TRBC1",3.04039410086901e-07,-0.462561012211112,0.512,0.658,0.0111281464485906
"PPP4C",5.01801648644287e-07,-0.639883313643857,0.238,0.368,0.0183664421420296
"TRMT112",5.1362719798275e-07,-0.55711574584153,0.428,0.563,0.0187992690733666
"H3F3B",6.56749833770132e-07,0.250136904717719,0.997,0.988,0.0240377006658206
"KLF6",7.30633302717855e-07,-0.543496169088866,0.341,0.488,0.0267419095127762
"KLRG1",7.92834520922852e-07,-0.665553729419117,0.202,0.332,0.0290185363002973
"PYCARD",9.42396245772137e-07,-0.55481206479983,0.209,0.339,0.034492644991506
"USP28",1.05751708442252e-06,-0.593875991551996,0.187,0.308,0.0387061828069488
"ID2",1.12833559457219e-06,-0.340282755236165,0.801,0.883,0.0412982110969366
"S100A11",1.23491193795522e-06,-0.43341230873621,0.509,0.658,0.0451990118410991
"TRDC",1.49815649077873e-06,-0.446136656520527,0.592,0.706,0.0548340257189924
"HADHA",1.63954656392651e-06,-0.567180885149038,0.307,0.432,0.0600090437862742
"YWHAB",1.65245856359037e-06,-0.291603358017521,0.779,0.861,0.0604816358859713
"ARPC1B",1.71513950597567e-06,-0.312675180966324,0.729,0.817,0.0627758210582153
"SPN",1.85737181313295e-06,-0.443385756624994,0.426,0.554,0.067981665732479
"HLA-DPA1",2.3453852702287e-06,-0.387196506918044,0.408,0.549,0.0858434462756407
"ARL6IP5",2.65709933511724e-06,-0.299566130089301,0.729,0.822,0.0972524927646261
"IFNGR1",3.52589990356537e-06,1.0352514845734,0.339,0.248,0.129051462370396
"TMEM35B",3.56983689492022e-06,-0.843239857239555,0.118,0.217,0.130659600190975
"CBR4",3.67838166496207e-06,-1.18828816876072,0.053,0.13,0.134632447319277
"GLRX",4.06773250184255e-06,-0.447348079738849,0.42,0.548,0.148883077299939
"LEPROTL1",4.43739915235357e-06,0.607412132612278,0.548,0.472,0.162413246375293
"IRF2",5.63199068153147e-06,-0.493289833684,0.253,0.374,0.206136490934733
"TBC1D10C",5.89187764088154e-06,-0.45266292576717,0.414,0.534,0.215648613533905
"CD2",6.31913863162617e-06,-0.458077745568314,0.49,0.608,0.23128679305615
"AKT3",6.34933931343547e-06,-0.83242199218327,0.115,0.21,0.232392168211052
"CD53",6.48497597949347e-06,-0.318822751848665,0.603,0.737,0.237356605825441
"LYST",6.61711503648514e-06,-0.5704761607642,0.26,0.383,0.242193027450393
"IRF9",7.06354462892637e-06,-0.549070774614593,0.223,0.337,0.258532796963334
"DENND2D",7.56284835620029e-06,-0.656646788916494,0.205,0.32,0.276807812685287
"IFI16",8.65315260685301e-06,-0.378931859437336,0.443,0.577,0.316714038563427
"HNRNPF",8.65578716412345e-06,-0.396131549820951,0.45,0.579,0.316810465994082
"C14orf119",1.00325008216311e-05,-0.918996196226723,0.087,0.171,0.36719956257252
"PSMA7",1.14150547679082e-05,-0.280496853599907,0.67,0.778,0.417802419560209
"REEP5",1.14706966681961e-05,-0.400530538467596,0.305,0.44,0.419838968752646
"TMBIM6",1.20910853466729e-05,-0.291532458122025,0.67,0.786,0.442545814773576
"CCT6A",1.39549550277234e-05,-0.412140038719169,0.276,0.394,0.510765308969704
"IGFLR1",1.45774667227497e-05,-0.759685801628947,0.127,0.219,0.533549859519363
"SLAMF7",1.45938681649839e-05,-0.582239923953607,0.217,0.332,0.534150168706576
"PCM1",1.49455145159281e-05,-0.697517739393471,0.272,0.374,0.547020776797483
"CD300A",1.50207265022705e-05,-0.459525058641614,0.298,0.415,0.549773610709604
"PCID2",1.54693232001961e-05,-0.924445296767529,0.099,0.185,0.566192698450378
"FBXW5",1.81147505830706e-05,-0.622275539865533,0.211,0.319,0.663017986090966
"SLAMF6",1.83001108901082e-05,-0.561215089478276,0.125,0.221,0.66980235868885
"CCND2",1.9206172876357e-05,-0.4432947028449,0.259,0.382,0.702965133447541
"DTNBP1",2.16599582617391e-05,-0.691693178311033,0.142,0.239,0.792776132337913
"B3GNT7",2.29669140597256e-05,1.09703457939309,0.159,0.086,0.840612021500018
"TRG-AS1",2.40268192040585e-05,-0.610737710501764,0.252,0.361,0.879405609687746
"SELENOK",2.4484664871786e-05,0.492814313655514,0.644,0.574,0.89616321897224
"RAB4B",2.664211558873e-05,-0.780350512128043,0.099,0.183,0.975128072663106
"AIDA",2.70430221352898e-05,-0.806942528899508,0.128,0.217,0.989801653173742
"PIK3R1",2.89386242241728e-05,0.537703050478131,0.717,0.67,1
"OSTF1",2.97234774353115e-05,-0.34141020717679,0.606,0.714,1
"BTN3A2",3.08357943596334e-05,-0.420725358020968,0.36,0.477,1
"AC090152.1",3.2470016072399e-05,-1.18960429107398,0.048,0.112,1
"RAB27A",3.54339350845395e-05,-0.44990678619914,0.324,0.439,1
"ATP6V0E1",3.76605408845266e-05,-0.25463710329495,0.705,0.806,1
"KLRC1",3.82989546484823e-05,0.468734000158702,0.296,0.194,1
"TRGC1",3.89878691053846e-05,-0.53168148101768,0.231,0.337,1
"S1PR4",4.08976586059571e-05,-0.56327254764653,0.235,0.338,1
"SNX6",4.37406880960833e-05,-0.382589753413359,0.435,0.566,1
"ARID5B",4.56522757378041e-05,-0.547791502371951,0.224,0.327,1
"OSTC",4.5931649352458e-05,-0.427605978352593,0.308,0.425,1
"MRPS31",4.67154426218709e-05,-0.724195068516452,0.156,0.244,1
"SYTL1",4.74544252742476e-05,-0.572281186759658,0.265,0.368,1
"SLFN5",4.84502561869033e-05,-0.384119638560717,0.426,0.53,1
"HIBCH",4.89433456734677e-05,-0.750870736315535,0.065,0.137,1
"ERAP2",4.96488798332923e-05,-0.55994435271374,0.205,0.302,1
"ZNF706",5.18431273660225e-05,-0.556550063727952,0.279,0.382,1
"CD46",5.31796001513444e-05,-0.506839028106715,0.229,0.337,1
"NCOA3",5.41234197316574e-05,-0.704722022972405,0.144,0.234,1
"PSMA5",5.5116301317165e-05,-0.358536239098255,0.348,0.469,1
"RAB10",5.87464838184202e-05,-0.505231066866522,0.115,0.201,1
"UBE2D1",6.08237374941212e-05,-0.934470120766923,0.068,0.137,1
"UCP2",6.27388508518987e-05,-0.288179055282943,0.586,0.697,1
"DDX39B",6.27988035306467e-05,-0.442988378838716,0.276,0.385,1
"EPSTI1",6.32045317685473e-05,-0.525449983892669,0.18,0.277,1
"CLNS1A",6.65917231996688e-05,-0.460402537231606,0.211,0.314,1
"NOP10",6.81980734774601e-05,-0.395513071045747,0.33,0.455,1
"ARID1A",7.01560368126845e-05,-0.589594327832852,0.248,0.346,1
"NEK7",8.72637591106819e-05,-1.05548769007422,0.072,0.139,1
"MAGED2",9.18528588048421e-05,-0.841685358793989,0.128,0.211,1
"ZNF720",9.50511927144271e-05,-0.805766879435145,0.082,0.154,1
"GIMAP5",9.74762888719257e-05,-0.519211809341667,0.175,0.269,1
"BTN3A3",9.83737702137622e-05,-0.744753430480627,0.12,0.203,1
"ATPAF1",9.98519535057824e-05,-0.955264016431057,0.05,0.11,1
"NUCB1",0.000100395103904637,-0.646516248827391,0.197,0.286,1
"EGLN2",0.000101639607617685,-0.768080204153714,0.077,0.146,1
"AKAP13",0.000103739370600295,-0.389405757134698,0.587,0.683,1
"RNF34",0.00010427820048151,-1.19457199367069,0.05,0.109,1
"SF3B1",0.000104965018601401,-0.263798459891021,0.49,0.601,1
"CD244",0.000107916673223764,-0.651826940297816,0.125,0.206,1
"RPL23",0.000109044547356217,0.250656348143122,0.909,0.901,1
"MXD4",0.000110655020278852,-0.448808202676102,0.298,0.408,1
"IWS1",0.000111012452239617,-0.713735676962773,0.07,0.138,1
"FAM78A",0.000118410863597188,-0.719501339426051,0.087,0.16,1
"THRAP3",0.000119420288104977,-0.378478481010312,0.503,0.597,1
"BCL9L",0.000120242817710494,-0.524210214847949,0.199,0.299,1
"ACTN4",0.000121422859906543,-0.374325561909731,0.411,0.521,1
"AC245407.2",0.000123758666605878,-1.05971997530514,0.091,0.16,1
"TAGAP",0.00012652712767047,-0.530399585072015,0.183,0.276,1
"SDF2",0.000132300602441377,-0.497160524716135,0.193,0.29,1
"APOBEC3C",0.000134758202049399,-0.413640140882913,0.255,0.363,1
"TMEM208",0.000135828817752839,-0.435136039803286,0.2,0.298,1
"SSB",0.000137054271049997,-0.367826739431596,0.377,0.488,1
"SNX18",0.00014484195276282,-0.970265558613904,0.062,0.124,1
"PNPT1",0.000153325329020532,-0.879129358359839,0.06,0.121,1
"SLC52A2",0.00015370898708109,-0.843711323701426,0.086,0.156,1
"CDC26",0.0001544151513124,-0.543289853767645,0.212,0.306,1
"PIM1",0.000154578865925359,-0.724884331570981,0.175,0.259,1
"KDM4C",0.000161009297062129,-0.786298310513301,0.111,0.186,1
"ZNF91",0.000165116587645088,-0.640932373281804,0.132,0.215,1
"GZMH",0.000165615655169446,-0.286019801450006,0.625,0.713,1
"CDC42EP3",0.00016760292999035,-0.487865883652861,0.176,0.268,1
"ASH2L",0.000167856280174831,-1.23042874438721,0.046,0.102,1
"ACAP1",0.000168804189442054,-0.420187478066364,0.366,0.468,1
"BANF1",0.000170949394753047,-0.465203918775426,0.354,0.459,1
"ATIC",0.000172981572518343,-0.986942335035344,0.074,0.138,1
"PPP1R10",0.000174509175966259,-0.506369778657376,0.202,0.295,1
"ATRX",0.000179578058431322,-0.366291108063123,0.447,0.554,1
"GBP5",0.000180317016039997,-0.590771567172486,0.26,0.354,1
"ZEB2",0.000180576428370049,-0.323923442862318,0.521,0.629,1
"FBRS",0.000185088024281272,-0.862209598541757,0.079,0.146,1
"AFF1",0.000186280636523009,-0.794539115287712,0.096,0.167,1
"ANXA6",0.000194684086859939,-0.300720429609932,0.433,0.539,1
"VPS28",0.000201335679825813,-0.325242774933083,0.447,0.57,1
"C1orf35",0.000206286430213987,-0.706742870906942,0.099,0.171,1
"HLA-DQA2",0.000206312224612857,-0.555016747339663,0.104,0.181,1
"EIF2S2",0.000211513323088583,-0.399735927598924,0.372,0.487,1
"GSDMD",0.000211930326437515,-0.662471549996125,0.193,0.277,1
"SAFB",0.000219075957613933,-0.599747582282424,0.166,0.25,1
"MGAT4A",0.00022211140539653,0.471687351622374,0.543,0.472,1
"RBM38",0.00022515737371135,0.554270269437747,0.416,0.334,1
"RER1",0.000245238838851715,-0.421608421093704,0.288,0.382,1
"NAP1L4",0.00024612445416958,-0.447037299688415,0.373,0.468,1
"LAMTOR5",0.000248181560266946,-0.358327101659822,0.334,0.428,1
"OSER1",0.000251311476431247,0.683346903496027,0.245,0.168,1
"IGF2R",0.000252004177781949,-0.387512569017342,0.346,0.457,1
"GRIPAP1",0.000254229084124613,-0.731325971042913,0.068,0.132,1
"MBP",0.000256303840007379,-0.280383181360218,0.676,0.757,1
"SLC25A45",0.000258140904377161,-0.67485645192328,0.127,0.204,1
"STAT1",0.000269911242020432,-0.57484547417904,0.233,0.326,1
"CHST12",0.000270631471273294,-0.387743338149259,0.353,0.45,1
"FGL2",0.000275084983345117,-0.683358121572343,0.134,0.211,1
"NSG1",0.000288637817741867,-1.17512291012627,0.048,0.102,1
"CCDC107",0.000289512933672064,-0.393976846546751,0.255,0.353,1
"SEC22B",0.000297053269237338,-0.584997816451287,0.158,0.239,1
"LINC00299",0.000302628869863561,-0.529219230395012,0.163,0.251,1
"IL18RAP",0.000311771900950242,-0.574782166038834,0.127,0.206,1
"VPS4B",0.000312630427768109,-0.348773771044394,0.317,0.423,1
"SYK",0.000313006627598598,-0.77285414769286,0.096,0.161,1
"LRP10",0.000316579183562048,-0.413474725950272,0.269,0.371,1
"SMG6",0.000318366493248041,-0.608607177940921,0.074,0.138,1
"MRPL41",0.000322693405166923,-0.376813784852629,0.267,0.363,1
"CHM",0.000332336464563223,-0.973320711090825,0.058,0.116,1
"DNAJA1",0.00034053046789692,-0.419126479953916,0.289,0.392,1
"NFATC2",0.000341134023912012,-0.494384458622977,0.209,0.298,1
"CCDC71L",0.00035510835268215,-0.517756733760833,0.077,0.142,1
"FNTA",0.000361258643638199,-0.527731476242544,0.152,0.232,1
"CD59",0.000366723183749401,-0.546834538635498,0.065,0.126,1
"C1orf56",0.000366969862932148,0.578242536083561,0.546,0.477,1
"VCP",0.000372392236986878,-0.305251601140032,0.224,0.323,1
"MLEC",0.000381378922987173,-0.531050495273262,0.176,0.263,1
"STOM",0.000389408890117091,-0.356436227296069,0.293,0.389,1
"VPS36",0.000391585190250243,-0.425342814297824,0.233,0.331,1
"PCMTD1",0.000391717010186328,-0.49553491002315,0.289,0.372,1
"NDUFV2",0.000401975426632948,-0.256914041901408,0.298,0.399,1
"TMBIM4",0.000406276805587608,-0.2865785098918,0.459,0.56,1
"SEPTIN9",0.000412053517593648,-0.324027333165473,0.425,0.523,1
"ATP6V1D",0.000412348781138545,-0.676058371567731,0.14,0.218,1
"IL16",0.000413162741812014,-0.448499770502166,0.238,0.324,1
"H2AFJ",0.000420655877130717,0.641514969794254,0.336,0.255,1
"TRGC2",0.000421282872674408,-0.598220430801342,0.149,0.229,1
"PDE4D",0.000423026122217391,0.638060015715216,0.349,0.27,1
"ECHS1",0.000427245670460777,-0.580813494847931,0.152,0.232,1
"CASP2",0.000428785861576226,-0.86409740449311,0.067,0.126,1
"ADGRG1",0.000429530699457005,-0.283484003452793,0.322,0.432,1
"ARPC5L",0.000430978816696145,-0.255956454937184,0.483,0.593,1
"BST2",0.000451879724489538,-0.284974891399312,0.498,0.599,1
"SMG1",0.000458122335544909,-0.380705010122893,0.281,0.385,1
"NRGN",0.000462401296996832,0.306455544339089,0.216,0.142,1
"SH2D2A",0.000466109321139006,-0.493417283350193,0.271,0.359,1
"SPG7",0.000466128635983703,-0.602468440448655,0.125,0.199,1
"SMIM14",0.000479485832833343,-0.571758423356354,0.11,0.181,1
"SH2D3C",0.00048946694297838,-1.17598196814706,0.051,0.103,1
"LINC01871",0.000489467252991607,-0.291445675212287,0.334,0.44,1
"RAC1",0.000489798273387144,-0.277688163540262,0.495,0.601,1
"DECR1",0.000494550718459731,-0.361944187931204,0.238,0.334,1
"PSMC4",0.000500413573227161,-0.423696737290508,0.207,0.295,1
"PLEKHG3",0.000502636185006394,-0.532847961417582,0.103,0.172,1
"UQCRC1",0.000506381290366765,-0.593177085349945,0.125,0.199,1
"UPF3B",0.000507582047268048,-0.639370580990266,0.089,0.154,1
"CEP350",0.000511079703549931,-0.490531020014389,0.224,0.309,1
"OXR1",0.000519340798811873,-0.781635644331474,0.077,0.137,1
"DDX17",0.000550225627867656,-0.308713935130646,0.558,0.641,1
"NOL7",0.000550686367673476,-0.298553720629373,0.32,0.425,1
"ZC3H6",0.000559933243191773,-0.832037787501882,0.067,0.124,1
"CHI3L2",0.000563181648892634,-0.970688509980762,0.055,0.108,1
"SNX2",0.000577795071064719,-0.665674210735482,0.17,0.251,1
"CGRRF1",0.000578892001266331,1.08139290998098,0.123,0.069,1
"ING4",0.000586298125555286,-0.583378521842511,0.087,0.152,1
"PDCD7",0.000590694409945178,-0.571955071467735,0.166,0.244,1
"NBN",0.000591518298693266,-0.601353515728927,0.12,0.189,1
"ICAM2",0.000604924227000424,-0.574411124629701,0.204,0.283,1
"DIAPH1",0.000614620894871496,-0.27240899018685,0.437,0.542,1
"HNRNPR",0.000620733782865048,-0.317000306944214,0.495,0.586,1
"EHMT1",0.000621517723351975,-0.603275041045922,0.137,0.21,1
"CGGBP1",0.000624089102909433,-0.308957227260914,0.281,0.382,1
"GLRX3",0.000633902947700168,-0.484599407387886,0.132,0.206,1
"CFAP298",0.00063783894159023,-0.357475083359234,0.135,0.214,1
"IDS",0.000644086109095761,-0.30754427324207,0.413,0.509,1
"SMARCB1",0.000650232608000454,-0.576139719015738,0.125,0.196,1
"GMCL1",0.00066223480988917,-0.618306257156492,0.142,0.217,1
"MACF1",0.000668851448183372,-0.278306712207843,0.466,0.55,1
"GBP1",0.000670736517415135,-0.822609846080421,0.074,0.132,1
"TRABD",0.000686042645557082,-0.608060538025327,0.187,0.268,1
"TBL1XR1",0.000687920256505487,-0.36967278425591,0.175,0.251,1
"VPS37B",0.000695139680796091,0.657936009466936,0.271,0.197,1
"RAP1A",0.000706310530343076,-0.373982763896295,0.399,0.484,1
"FAM13B",0.000706433649954467,-0.510378099546148,0.116,0.19,1
"ORAI1",0.000712029048622946,-0.365018076066315,0.241,0.335,1
"GABPB1",0.000721039218228859,-0.78614048573208,0.05,0.101,1
"IPO8",0.00073757090478905,-0.839997547675409,0.06,0.114,1
"SNAPC5",0.000739819801177098,-0.484928284518338,0.091,0.156,1
"LUC7L2",0.000740921680653247,-0.41140394305141,0.229,0.321,1
"GBP4",0.000744193403771307,-0.423920051672878,0.216,0.299,1
"ZAP70",0.000747695151294267,-0.365322980175066,0.265,0.357,1
"HIGD1A",0.000749816463742345,-0.684807831710815,0.11,0.175,1
"GPR174",0.000763642556905365,-0.640727581849243,0.13,0.2,1
"BAZ1A",0.000768262480878572,-0.478707297963494,0.255,0.337,1
"POGLUT1",0.000769020181828331,-0.855831849138711,0.065,0.121,1
"SYNE1",0.000781304285412247,-0.255154621130203,0.565,0.673,1
"PDCD4",0.000785875618622578,-0.288035670515115,0.469,0.567,1
"CEP78",0.000788382370220313,-0.303861571092529,0.384,0.483,1
"ADNP",0.000791929737286816,-0.564777860295026,0.125,0.196,1
"RINL",0.000810754723657365,-0.807856510108487,0.087,0.149,1
"FBXO6",0.000835526861300993,-0.823564756241915,0.084,0.142,1
"SIPA1",0.000846780838510154,-0.320320499836842,0.301,0.4,1
"FXYD5",0.00085249393193669,0.328495490274125,0.668,0.607,1
"WBP1L",0.000859538851687359,-0.634333261162507,0.05,0.101,1
"CARHSP1",0.00086818431276032,-0.423343766726883,0.192,0.279,1
"LPCAT1",0.000869154803124664,-0.300500207496596,0.226,0.321,1
"CASP8AP2",0.000890672131301085,-0.593038847847618,0.104,0.171,1
"LARP4B",0.000904379845519933,-0.702008987748332,0.067,0.123,1
"CAP1",0.000917363248231274,-0.258480050925243,0.611,0.684,1
"RAD50",0.000924095004818481,-0.556466880300622,0.132,0.203,1
"DR1",0.000928233777689332,-0.379751770089982,0.216,0.299,1
"AAMP",0.000928822172174267,-0.548749798304498,0.091,0.153,1
"TUBGCP2",0.000935572596696887,-0.598846020904293,0.164,0.24,1
"TBCB",0.000952969293791091,-0.296707206979915,0.354,0.458,1
"CREB3",0.000958804285567396,-0.926768774272812,0.053,0.103,1
"AP2M1",0.000974480358935716,-0.254809756374233,0.341,0.441,1
"MPLKIP",0.000981037963454888,-0.600464502168113,0.151,0.223,1
"FOSL2",0.000988105040694393,0.614449717144305,0.344,0.274,1
"PSMA2",0.000998754188854151,-0.265532991284058,0.491,0.583,1
"MCRS1",0.0010044958128394,-0.838155839371476,0.072,0.127,1
"ZC3H18",0.00100536082332545,-0.511892963233025,0.183,0.262,1
"HLA-DMA",0.00102022296181019,-0.441818915061059,0.127,0.199,1
"ERP44",0.00103070346872894,-0.380731113924414,0.209,0.294,1
"TRA2B",0.00103853966994017,0.349942827075811,0.635,0.578,1
"SLC25A24",0.00104196367349533,-0.953018631886825,0.063,0.116,1
"STX4",0.0010435973552291,-0.529000592486263,0.142,0.215,1
"DGKZ",0.00104583576966912,-0.357177394272844,0.344,0.451,1
"TMEM173",0.00106415703364207,-0.615446279570849,0.127,0.193,1
"SLC50A1",0.00106742309829663,-0.69864293058146,0.075,0.132,1
"NDUFA10",0.00106896979374121,-0.408728915226194,0.247,0.334,1
"IKZF2",0.00107930908213915,-0.856262575342823,0.072,0.127,1
"ORC2",0.00108600800588255,-0.856257995140594,0.057,0.108,1
"RABAC1",0.0011331240840011,-0.26744595494363,0.519,0.621,1
"PITPNB",0.00114608389764768,-0.578117643938099,0.171,0.246,1
"MIS18BP1",0.00115119531389452,-0.525069532823757,0.192,0.268,1
"NDUFB5",0.00117981100792232,-0.462265645208047,0.178,0.254,1
"MFSD10",0.00118807102859585,-0.355820366233718,0.243,0.331,1
"SSR3",0.00120040149427051,-0.364677850280957,0.224,0.313,1
"MRPL34",0.00121743124803841,-0.308425552345608,0.283,0.366,1
"UBE2R2",0.0012215342325973,-0.514822395010408,0.171,0.247,1
"DAXX",0.00122864197105986,-0.430131751860273,0.125,0.196,1
"NASP",0.0012541374580505,-0.409226840885303,0.295,0.385,1
"FCRL3",0.00125534052017373,-0.450818977522968,0.166,0.246,1
"CCDC85B",0.00127277087069865,-0.295504015017221,0.543,0.637,1
"DCK",0.0012764302723694,-0.427901914161927,0.19,0.266,1
"HLTF",0.00128712018454884,-0.678934485128388,0.057,0.108,1
"C1orf21",0.00130926640798912,-0.288737589657425,0.387,0.483,1
"ATP5F1B",0.00132417111231748,-0.259029656765996,0.353,0.447,1
"BAZ2B",0.00132590796639752,-0.595599738595559,0.08,0.138,1
"CEMIP2",0.00135386804832258,0.483422506752787,0.551,0.497,1
"CCDC115",0.00138030310782689,-0.593342429815349,0.199,0.272,1
"FMC1",0.00139487052791004,-0.517706380095784,0.104,0.167,1
"MED15",0.0014060485636977,-0.546092292939351,0.111,0.175,1
"PDHB",0.0014370890989536,-0.519421030820028,0.17,0.24,1
"SCAMP2",0.00145142694087284,-0.555108725824995,0.183,0.258,1
"COA8",0.00145178229653793,-0.386044349988754,0.142,0.212,1
"PRPF31",0.00145356677969798,-0.440891177683582,0.185,0.262,1
"ZNF195",0.00145424867791991,-0.886169921383322,0.06,0.11,1
"BRD2",0.00147202632572749,-0.347805038672464,0.301,0.386,1
"EHD1",0.00147267587148385,-0.442873255096334,0.214,0.297,1
"RAB11B",0.00147921533614404,-0.684288792918272,0.147,0.214,1
"GIT2",0.00148130531437734,-0.543098535207671,0.156,0.225,1
"PDPK1",0.00149773949551895,-0.778173857116969,0.065,0.117,1
"TCHP",0.00150505504018217,-0.599042274980781,0.089,0.149,1
"TMPO",0.00152303420150594,-0.291035686639474,0.293,0.392,1
"SEC11A",0.00154363083181363,-0.250001427882841,0.474,0.578,1
"TWF2",0.00157820742005788,-0.37784027118669,0.238,0.323,1
"UBXN4",0.00158667804480927,-0.276485194467696,0.324,0.417,1
"HMOX2",0.00159202253038607,-0.319903600804263,0.267,0.36,1
"CD58",0.00160882016004792,-0.551252306798239,0.096,0.157,1
"EPS15",0.0016263530470094,-0.329753519959126,0.229,0.316,1
"OGFR",0.00162794741883752,-0.454663280622607,0.142,0.212,1
"R3HCC1",0.00163605810190507,-0.71613876720852,0.092,0.15,1
"TSPYL1",0.00166299287836287,-0.417324328568308,0.163,0.239,1
"KLHDC2",0.00167950787083116,-0.555844775704162,0.17,0.24,1
"IQSEC1",0.001735592901108,-0.612252263997959,0.135,0.2,1
"DBP",0.00178295762590684,-0.890100950235668,0.087,0.142,1
"KMT5B",0.00184394334754158,-0.781675163130027,0.106,0.166,1
"NCR3",0.00185253906784108,-0.275279653775022,0.329,0.423,1
"RNF13",0.00185552052765398,-0.493710014734229,0.154,0.223,1
"MTF2",0.00190655150503893,-0.503382757900009,0.188,0.258,1
"TTC1",0.00190980801543983,-0.418881669671926,0.214,0.29,1
"SIGIRR",0.00192342191793856,-0.339359979348621,0.356,0.446,1
"ROCK2",0.0019365926434472,-0.487827635377518,0.086,0.142,1
"AHCTF1",0.00194554410296382,-0.526467614795016,0.077,0.131,1
"EIF3A",0.00199235580685273,-0.323335875119178,0.356,0.448,1
"WAS",0.00201889033305314,-0.356223254808011,0.351,0.443,1
"SRSF1",0.0020212469748764,-0.414928891535426,0.17,0.246,1
"BAZ1B",0.00204189254802252,-0.48269955319027,0.147,0.214,1
"ZC3H13",0.00205283713348527,-0.486330360953827,0.26,0.338,1
"DTWD1",0.00207191174991778,-0.847088837626115,0.072,0.123,1
"UFL1",0.00210542867045101,-0.512102091530036,0.135,0.203,1
"CCDC186",0.00212336751757659,-0.367178397449133,0.224,0.303,1
"PDZD11",0.00218661851495889,-0.842400212489311,0.057,0.103,1
"PNKD",0.00218776015354053,-0.360336082395344,0.19,0.268,1
"SNHG8",0.0021993610453453,0.388963739942591,0.42,0.36,1
"IVD",0.00220101519507904,-0.837015627995307,0.06,0.108,1
"OCIAD1",0.00223822825783211,-0.299920298521271,0.36,0.446,1
"STK26",0.0022591499664614,-0.352560539578578,0.243,0.324,1
"C16orf72",0.00227472328350372,-0.840051051950549,0.058,0.105,1
"VGLL4",0.00228299885847414,-0.587716397946386,0.077,0.131,1
"ARHGAP25",0.00229325406781324,-0.449710450307775,0.224,0.295,1
"TRIM38",0.00232904652967773,-0.50777381529636,0.195,0.266,1
"PCF11",0.00233201668025215,-0.435405244975744,0.176,0.248,1
"SRSF8",0.00239002762525389,-0.299459117989485,0.221,0.299,1
"TUBA1A",0.00239013732501712,-0.322769312979325,0.24,0.321,1
"ILK",0.00241917826103133,-0.550971197658174,0.127,0.19,1
"COMMD8",0.0024491640676247,-0.369492302644789,0.19,0.265,1
"MTCH2",0.00250339388641167,-0.569675928420503,0.094,0.152,1
"KIF2A",0.00250548853332411,-0.301369430483927,0.397,0.487,1
"RBIS",0.00251543647988713,-0.313328542324122,0.372,0.461,1
"PPP2R5A",0.00251820142505569,-0.502154076964097,0.231,0.303,1
"CXorf38",0.00255363215328723,-0.443245339389399,0.187,0.258,1
"TTC17",0.002563486797064,-0.319956075182461,0.168,0.24,1
"CDK2AP2",0.00257682239954746,-0.344262439359816,0.348,0.437,1
"DTHD1",0.00258743645703154,-0.551225808979802,0.122,0.183,1
"ETNK1",0.00259343475996493,-0.459659353904949,0.229,0.305,1
"DDRGK1",0.00260236439174907,-0.378839055919756,0.156,0.229,1
"METTL17",0.00262962170766101,-0.634404279949193,0.089,0.143,1
"EIF5B",0.00268018924323299,-0.342174828125256,0.288,0.37,1
"POU2F2",0.00271057868874422,-0.804632785075925,0.103,0.157,1
"SNRPA",0.00271863576325825,-0.479265010024437,0.106,0.166,1
"PRDX3",0.00272575770321607,-0.306888862101061,0.06,0.109,1
"GSTO1",0.00273081990518724,-0.418329710680681,0.269,0.35,1
"PI4KB",0.00277156008406878,-0.585047965899888,0.067,0.117,1
"MITD1",0.00277158744279181,-0.432492916365498,0.156,0.226,1
"STK38",0.00277249890279179,-0.449830692449669,0.269,0.345,1
"PCYT1A",0.00277689351673575,-0.664368220768116,0.089,0.143,1
"TTC19",0.00281831404512727,-0.467594576254678,0.228,0.303,1
"ARL8A",0.00282912006683472,-0.458073143966901,0.135,0.2,1
"CXXC5",0.00283342746996988,-0.352642265943131,0.337,0.425,1
"CLN3",0.00290015712840803,-0.478885298430072,0.091,0.146,1
"MBD5",0.00291728181467037,-0.538694829201545,0.151,0.215,1
"SLC39A3",0.00293576143821388,-0.679207090023897,0.063,0.11,1
"RSRP1",0.00301475743913829,-0.335763761379841,0.443,0.527,1
"SERPINB1",0.00302445047480385,-0.276692348984112,0.512,0.611,1
"ATP6AP2",0.00304876143191978,-0.275806396314427,0.37,0.466,1
"SPOP",0.00311408323285486,-0.64501212765843,0.12,0.178,1
"MRPL52",0.00316655583584475,-0.326268511842321,0.247,0.324,1
"VBP1",0.00319865417607398,-0.375697043444581,0.158,0.223,1
"CNDP2",0.00324681699107323,-0.50806811868912,0.111,0.171,1
"KRI1",0.00325363776525506,-0.529432678207815,0.06,0.108,1
"LAMTOR2",0.00326739873533119,-0.359607119441662,0.221,0.302,1
"MARCH7",0.0032720910702841,-0.324871171924071,0.253,0.334,1
"SDHC",0.003303421806627,-0.373320590397879,0.197,0.27,1
"IRAK4",0.00330471720505575,-0.438315526224601,0.176,0.244,1
"IL32",0.00334171587974615,-0.287568948966405,0.676,0.716,1
"DYRK2",0.00339089623342914,-0.386382064233879,0.233,0.306,1
"CTR9",0.00341347831268256,-0.3643421093577,0.187,0.261,1
"VPS41",0.00342828408541844,-0.564447881570606,0.092,0.148,1
"KIF5B",0.00343303515676107,-0.288935075936007,0.295,0.386,1
"C19orf25",0.00347605410883491,-0.403170508673589,0.161,0.226,1
"METRNL",0.00348404627151714,0.355061715914807,0.579,0.527,1
"NLRC3",0.00351524443123904,-0.530119843447098,0.104,0.163,1
"PRR5",0.00363873042444836,-0.351587118413205,0.137,0.2,1
"ST6GAL1",0.00365688277821181,-0.375244733351463,0.171,0.24,1
"FGR",0.00366320615912922,-0.39655903784144,0.243,0.32,1
"PLIN2",0.003673403513603,-0.624182037100356,0.103,0.157,1
"HSPH1",0.00372042183342486,-0.752922384690107,0.091,0.143,1
"IL10RA",0.00373398695198041,-0.256588101855843,0.286,0.372,1
"RTCB",0.00376575204578307,-0.367769367523278,0.132,0.194,1
"UBR5",0.00377586952443771,-0.479517675462712,0.122,0.182,1
"APEH",0.00378287959946328,-0.736483813430465,0.075,0.124,1
"SH3GLB2",0.00382536981839412,-0.552499936542437,0.072,0.121,1
"RAB37",0.0038316661716576,-0.370116966345112,0.173,0.24,1
"ARHGAP45",0.00387169555048157,-0.428449624426298,0.248,0.324,1
"LAIR1",0.00387994254995599,-0.471400265680891,0.151,0.212,1
"FAM50A",0.00391761620648058,-0.493660378235761,0.176,0.241,1
"GPATCH4",0.00395588955180928,-0.668895075349793,0.079,0.128,1
"COPB1",0.00396171282316909,-0.355150236968136,0.205,0.281,1
"ANKRD28",0.0039623543536166,-0.679500770132045,0.08,0.131,1
"PRDX4",0.00396908113067714,-0.785210066830413,0.082,0.131,1
"CCT7",0.00398827676219209,-0.275001921357714,0.286,0.364,1
"RAP1GAP2",0.00398901717151824,0.657369060756434,0.209,0.153,1
"VTA1",0.00402309675300085,-0.765230194748987,0.063,0.109,1
"RPA3",0.00405142062361807,-0.432357285364212,0.159,0.223,1
"LGALS9",0.00408005101766044,-0.800700183469071,0.068,0.114,1
"ARF4",0.00410105801531649,-0.34436760350072,0.159,0.228,1
"UPK3BL1",0.00411753416237756,-0.485908558092685,0.108,0.166,1
"SPG11",0.00413105550242626,-0.322740058145552,0.116,0.177,1
"DGUOK",0.00415110493754129,-0.30018958526745,0.354,0.429,1
"CHCHD10",0.00415836703296276,-0.463812059101361,0.151,0.215,1
"C5orf56",0.00416416755189317,-0.320977135525471,0.351,0.443,1
"TMEM205",0.00419461798473306,-0.602533089083323,0.07,0.117,1
"MYCBP2",0.004354249134764,-0.313235040764847,0.38,0.461,1
"CUL3",0.0043550328894794,-0.258023824253453,0.219,0.298,1
"DHX29",0.00439058263255029,-0.422470362277468,0.123,0.183,1
"WSB1",0.00446461927319785,-0.415163619920712,0.284,0.353,1
"AHSA1",0.00446526669407745,-0.488165351537723,0.185,0.248,1
"MARF1",0.00447243685111822,-0.738588830647242,0.086,0.135,1
"PPP1R12A",0.00451499175895917,-0.272491535762091,0.421,0.508,1
"TSPAN32",0.00452335449976105,-0.459623918904824,0.163,0.226,1
"HSD17B10",0.0045306893623175,-0.451921670280622,0.197,0.266,1
"MIA3",0.0045479562234744,-0.383537477632842,0.207,0.279,1
"CPT1A",0.00462256610909242,-0.543807521025711,0.116,0.171,1
"ZNF644",0.00462802477416842,-0.275902769718723,0.199,0.266,1
"TBXAS1",0.00462975426714974,-0.706153113813404,0.062,0.106,1
"PPP4R3B",0.00465773694934916,-0.394342589438835,0.214,0.287,1
"TBC1D31",0.00466188979045695,-0.336125713667436,0.07,0.12,1
"CHMP1A",0.00466758088770183,-0.980969829420269,0.063,0.108,1
"C16orf91",0.00467385738314865,-0.595218685734215,0.118,0.174,1
"MYCBP",0.00469421447540567,-0.396199105581008,0.091,0.143,1
"VSIR",0.00469867572055071,-0.372572400462844,0.166,0.232,1
"EBAG9",0.00473500668406525,-0.398072407653962,0.074,0.121,1
"GLS",0.00478969190905645,-0.357821742491023,0.303,0.381,1
"RANBP1",0.00482644051899682,-0.250624854850361,0.288,0.371,1
"SMAD7",0.00487382973468346,-0.370923780772323,0.207,0.277,1
"CSK",0.00490990134589625,-0.301818244656041,0.315,0.396,1
"DDX18",0.00497954805372936,-0.281687049593276,0.42,0.502,1
"TRANK1",0.00498048672314965,-0.409394236805085,0.173,0.239,1
"NDUFB6",0.00504111808111609,-0.44439117802511,0.214,0.284,1
"FAM3C",0.00508592696854593,-0.414658313395804,0.137,0.197,1
"SMAD3",0.00511012767529416,-0.702844405275972,0.079,0.127,1
"TXNDC9",0.00513564274149634,-0.576643837278997,0.146,0.204,1
"ASH1L",0.00521233171696045,-0.313208069225676,0.245,0.317,1
"KLC1",0.00522203382681178,-0.455865157226601,0.146,0.207,1
"EMC4",0.00522210650997768,-0.367700582526917,0.195,0.265,1
"ITGA6",0.00523927567923808,1.05137930235554,0.137,0.091,1
"SLC16A7",0.00527897289485265,-0.353374484141293,0.135,0.197,1
"SND1",0.00528901231241808,-0.456415951702027,0.106,0.161,1
"FHL3",0.00531417722417419,-0.616911476057137,0.08,0.128,1
"DCAF8",0.00531893154155558,-0.457057536144369,0.115,0.168,1
"GLIPR1",0.00534713317037207,-0.298462098997689,0.312,0.392,1
"ANKRD13D",0.0053480127128457,-0.330822877493548,0.207,0.277,1
"GABARAPL2",0.00542600767131049,-0.306873544523169,0.365,0.44,1
"RNF20",0.00545239293469876,-0.792117900128662,0.089,0.137,1
"JUNB",0.00547467439485582,0.324537303569226,0.705,0.701,1
"SRSF4",0.00548786767136278,-0.297882717039977,0.281,0.36,1
"COMT",0.00549738496180884,-0.326079055962283,0.176,0.244,1
"PILRB",0.00551882063126109,-0.301697104465684,0.149,0.215,1
"KAT6B",0.00552108227550982,-0.371459560284613,0.296,0.366,1
"FCER1G",0.00563028476496666,-0.310425341730198,0.673,0.713,1
"KDM6A",0.00564410930824115,-0.674046583527898,0.113,0.167,1
"CASP1",0.00568589807296087,-0.363843963351295,0.175,0.241,1
"ECHDC1",0.00569297355449749,-0.587488278951834,0.173,0.236,1
"ARID4B",0.0057071836993725,-0.263432020566956,0.461,0.53,1
"GOLGA3",0.00574259176332285,-0.557835248172908,0.094,0.145,1
"CCL4L2",0.00574363656457599,-0.299674772794644,0.116,0.17,1
"PHF21A",0.00578070602400864,-0.474061206333356,0.101,0.153,1
"FLI1",0.00579215000004768,-0.425337143466984,0.178,0.244,1
"CCPG1",0.0058244845099558,-0.476622386376822,0.171,0.236,1
"IGKC",0.00583402068233919,-0.476854932877355,0.12,0.175,1
"JKAMP",0.00587217684120642,-0.695880457620085,0.079,0.126,1
"BNIP2",0.0059305809397231,0.420630444355266,0.377,0.313,1
"THEMIS2",0.00594059851543261,0.60105445939122,0.209,0.154,1
"INPP4A",0.00597060294015712,-0.436369940041352,0.163,0.226,1
"PTPN6",0.00600099159655859,-0.412515465627366,0.24,0.308,1
"EIF2A",0.00605125808245485,-0.325224878431834,0.255,0.33,1
"ITGB7",0.00605380353233477,-0.369018303826269,0.212,0.28,1
"PSMD3",0.00605496895578434,-0.469354706363549,0.12,0.175,1
"EDEM2",0.00606970090749214,-0.517725970661534,0.077,0.126,1
"FOXN3",0.00608723728561399,0.403008023928785,0.455,0.403,1
"TXNRD1",0.00615835775565118,-0.32790004616342,0.132,0.192,1
"EVI2B",0.00615961759834421,-0.259370103523917,0.389,0.47,1
"MIEN1",0.00620478932863172,-0.339125284476249,0.221,0.295,1
"SLC4A1AP",0.00626813171706596,-0.370601030011602,0.092,0.143,1
"PSMA6",0.00628249125217528,-0.251447796052335,0.457,0.543,1
"ZNF331",0.00628591739710587,0.838859194517039,0.199,0.148,1
"TENT5C",0.00628804424918066,0.643412503336688,0.223,0.168,1
"YTHDC1",0.00631059921052167,-0.260877603723553,0.312,0.39,1
"DYNC1I2",0.00633265863208602,-0.380890769566348,0.197,0.263,1
"ZCCHC7",0.00636422698202525,-0.349485803660778,0.176,0.239,1
"TOR1AIP1",0.00642836482473021,-0.37288494076504,0.134,0.193,1
"FKBP1A",0.00648906120546222,-0.364886861866408,0.289,0.354,1
"RBCK1",0.0065337730052174,-0.389835924005011,0.253,0.326,1
"DDX39A",0.00658725481662501,-0.290887220919793,0.137,0.194,1
"MRPL4",0.00666836537814438,-0.550650397505785,0.104,0.156,1
"DIP2A",0.006770591242098,0.533262664487228,0.317,0.262,1
"FBXO9",0.00683458987451637,-0.40332660781144,0.178,0.241,1
"TMEM165",0.00685392209208365,-0.271695524403012,0.264,0.338,1
"ACADM",0.00692994040828613,-0.444348649526472,0.087,0.137,1
"DNAJA2",0.00694181876119205,-0.268582986696886,0.259,0.334,1
"PMVK",0.00695951410693751,-0.459616856727529,0.089,0.138,1
"ZFAND6",0.00697775042824394,-0.338379797085087,0.289,0.366,1
"MDH1",0.00700379018295844,-0.364012250461558,0.252,0.313,1
"RABL6",0.00706125785495971,-0.368426543858953,0.149,0.211,1
"NSF",0.00707784881055417,-0.518129864783154,0.08,0.128,1
"C2orf74",0.00709481896209542,-0.414232409149082,0.068,0.113,1
"HIKESHI",0.0071333547259632,-0.51330164286482,0.149,0.206,1
"DDX1",0.00719632000587268,-0.275948099158016,0.146,0.206,1
"ZNF276",0.00721106579254872,-0.38196734946811,0.2,0.266,1
"ORMDL2",0.00722818801079105,-0.379938152300132,0.14,0.2,1
"GPKOW",0.0073203740459872,-0.748315457233348,0.068,0.112,1
"PAN3",0.00738809991549139,-0.290594977835649,0.144,0.203,1
"DENND1C",0.00764096802144214,-0.500251666773449,0.106,0.157,1
"PTGER2",0.00768035713341921,-0.258556684251629,0.171,0.237,1
"PRPSAP1",0.00768684477466725,-0.431387375478457,0.116,0.17,1
"TNFSF12",0.00768748938230082,-0.428156507366681,0.151,0.21,1
"WDR37",0.00771630955188317,-0.558753665156552,0.072,0.116,1
"RUFY2",0.00774635106178073,-0.641285496289901,0.062,0.103,1
"NOL8",0.00776983725743543,-0.406504917988234,0.118,0.171,1
"TEX264",0.00783771765220763,-0.416322818249446,0.178,0.24,1
"IL27RA",0.00786006815751168,-0.415882976247398,0.123,0.179,1
"STARD3NL",0.00786694842522397,-0.415010074608149,0.164,0.225,1
"SMYD3",0.00786936180716779,-0.695115891408248,0.065,0.108,1
"EPB41L4A-AS1",0.00788440382009454,0.527384176358345,0.363,0.306,1
"GLCCI1",0.00792289153609387,-0.467260675529376,0.163,0.222,1
"MRPL51",0.00805443917604852,-0.253564950153768,0.295,0.375,1
"GID8",0.00806241643570888,-0.40503513777712,0.171,0.23,1
"LPGAT1",0.00806372998228997,-0.255184336648677,0.317,0.4,1
"NMRAL1",0.00806406930255496,-0.628946835528035,0.103,0.15,1
"CYTOR",0.00807141178789704,-0.316398795501766,0.253,0.321,1
"PATL2",0.00808710128036718,-0.598947882820633,0.077,0.123,1
"CD160",0.00811128930317462,-0.282324006920867,0.375,0.448,1
"DDX50",0.00812341594265058,-0.402819280543975,0.161,0.225,1
"RCSD1",0.00815199959238234,-0.283391695504476,0.373,0.433,1
"RAB29",0.00815965122819689,-0.299769338538334,0.253,0.326,1
"CNPY2",0.00818087509220779,-0.313156638803919,0.307,0.382,1
"SEPTIN11",0.00820761866087879,-0.326476225625121,0.154,0.215,1
"MFNG",0.00820904163670683,-0.369685857481018,0.164,0.225,1
"XIAP",0.00821763608793562,-0.416031763922005,0.132,0.189,1
"ARRDC1",0.00822128313693828,-0.514696250528531,0.07,0.114,1
"AEBP2",0.00832023203633535,-0.504391304882082,0.111,0.164,1
"FKBP3",0.00834734319296359,-0.30147472276853,0.207,0.274,1
"B3GALT4",0.00834981514601569,-0.707009055099864,0.08,0.124,1
"KIR2DL3",0.00838745208387402,-0.401488291451316,0.103,0.153,1
"TERF1",0.00844068246741171,-0.339960552434775,0.219,0.287,1
"RFC1",0.00846994101115329,-0.284139115612146,0.259,0.33,1
"SYPL1",0.00850056305934699,-0.631126672870514,0.094,0.142,1
"TNFAIP3",0.00856056249686877,0.382832307581162,0.533,0.484,1
"DMAC2",0.00857393260738989,-0.56773897649213,0.08,0.127,1
"NDUFAF3",0.00863249271982055,-0.27246217910835,0.202,0.268,1
"DGCR6L",0.00869059869026905,-0.380888267118071,0.2,0.268,1
"KATNBL1",0.00869388179629905,-0.487874956548768,0.152,0.208,1
"ARHGAP4",0.00871801675339018,-0.483263332843191,0.182,0.24,1
"PSMB10",0.00874171165556371,-0.268351885449866,0.568,0.621,1
"RSL24D1",0.00882076327824225,0.259790115197222,0.618,0.577,1
"FMNL1",0.00888416992863937,-0.29615856409101,0.401,0.487,1
"TRAF5",0.00893928942386475,-0.327227314776322,0.13,0.189,1
"NPLOC4",0.0090245875447806,-0.732900880194541,0.084,0.128,1
"BCL2L1",0.00906129164408583,-0.579048128694687,0.086,0.132,1
"MCUR1",0.00907331667203464,-0.650645641788076,0.091,0.138,1
"ADAP1",0.00915226280460327,-0.606626091455028,0.06,0.101,1
"GOLIM4",0.00918648807874987,-0.38514948863568,0.067,0.11,1
"WDR54",0.00920257714823157,-0.653583678494139,0.096,0.142,1
"PDS5B",0.00920303247128023,-0.331194550440426,0.171,0.23,1
"KIAA0040",0.00923628782384523,-0.553633880723616,0.099,0.148,1
"ILF3-DT",0.0093293097064036,-0.38720176762838,0.178,0.24,1
"SELPLG",0.00934267584242851,-0.276073246488284,0.339,0.415,1
"ATP6V1G1",0.00935104424695255,0.25480975782629,0.753,0.753,1
"IARS",0.00938504759210374,-0.648587339042453,0.067,0.109,1
"SNHG5",0.00942003749861989,0.340953765890294,0.579,0.548,1
"TCIRG1",0.00946127370642646,-0.477019141628521,0.132,0.183,1
"PSMA4",0.00948282775907788,-0.321411879565928,0.404,0.468,1
"KDM5A",0.00961037190854455,-0.285007984285718,0.318,0.394,1
"PHB2",0.00969305322183057,-0.319976768670325,0.243,0.314,1
"PARP9",0.00970395704591564,-0.599366666530309,0.104,0.152,1
"IFI35",0.00973892091562185,-0.498057717259413,0.144,0.199,1
"CYP51A1",0.0099331802564573,0.694411930446889,0.14,0.095,1
"UNC50",0.00994868476690509,-0.455588399380031,0.127,0.182,1
"TXLNA",0.0100053265383353,-0.61076106479271,0.094,0.139,1
"DPY30",0.0100938399780848,-0.30595611122243,0.161,0.223,1
"TADA3",0.0101257427650948,-0.259122035516455,0.243,0.312,1
"SIN3A",0.0101618202050781,-0.307660624930456,0.134,0.19,1
"MRPL3",0.0102025649724729,-0.490094068724948,0.106,0.156,1
"CPSF2",0.0102097563245805,-0.633850422273425,0.062,0.102,1
"OFD1",0.0102431776631412,-0.261529483281051,0.229,0.295,1
"KPNA6",0.0105152238494237,-0.429354774234187,0.11,0.16,1
"HTT",0.0105730416745898,-0.385889639300746,0.115,0.167,1
"MTSS1",0.0105803721346981,-0.417621883589641,0.151,0.206,1
"PMS2",0.0106010305669234,-0.452954621362272,0.101,0.15,1
"SLC25A42",0.0106463025974141,-0.37132320344477,0.087,0.134,1
"HERPUD2",0.0106940180395155,-0.348098365420362,0.182,0.241,1
"HBA1",0.0107120410610259,1.40828848854269,0.067,0.109,1
"AL662844.4",0.0107372977403437,-0.440411859664933,0.086,0.131,1
"TMEM230",0.0107505716022945,-0.250419818947324,0.346,0.422,1
"CHKB",0.0108150157594479,-0.479599865017494,0.062,0.102,1
"TOP2B",0.0108186871569034,-0.336236473888685,0.262,0.33,1
"HAGH",0.0109012544417665,-0.339991108046273,0.171,0.232,1
"CCDC137",0.0109511714627079,-0.333914697927897,0.091,0.139,1
"DENR",0.0109588037996685,-0.273511833543926,0.267,0.331,1
"TRNAU1AP",0.0110696921626138,-0.315277961235825,0.122,0.174,1
"LINC02384",0.0110822944380314,-0.392112014590092,0.111,0.164,1
"AARSD1",0.0111329798379277,0.737543112306041,0.111,0.072,1
"UBE3C",0.0111433260457247,-0.347437940061489,0.079,0.124,1
"ARL16",0.0111517453901236,-0.639190585759018,0.099,0.145,1
"RGS18",0.0111980913481775,0.482520563936343,0.132,0.087,1
"MAP4K4",0.0112476817035609,-0.264978082291722,0.163,0.223,1
"THOC3",0.0112497212308074,-0.444640542258317,0.091,0.137,1
"ZFP90",0.0114699010699434,-0.651278217274028,0.065,0.105,1
"KPNA1",0.0114703114725668,-0.454160703498673,0.098,0.146,1
"ARHGEF6",0.0114918545044389,-0.465505418682724,0.187,0.244,1
"YTHDF1",0.0116387403963969,-0.569115955515494,0.07,0.112,1
"MATR3.1",0.0116643816437935,-0.453014731353213,0.082,0.126,1
"AC008875.3",0.0117171220528953,-0.465661429407059,0.207,0.263,1
"HENMT1",0.0117412225895402,-0.425648191543285,0.125,0.177,1
"ZADH2",0.0117712691734101,-0.906298106858615,0.07,0.109,1
"MYBL1",0.011848919047053,-0.255341482334962,0.396,0.466,1
"ARFGEF1",0.0118558084062918,-0.429034112403924,0.166,0.222,1
"SDHAF3",0.012036599391796,-0.275657304680741,0.101,0.149,1
"UBE4A",0.0121631676071923,-0.556702361842039,0.098,0.143,1
"SYTL2",0.0122054891525911,-0.674015644365619,0.149,0.197,1
"RB1",0.0122308713302677,-0.538752332989024,0.111,0.16,1
"ATP2B4",0.0122381206779011,-0.318857957952867,0.325,0.39,1
"TUT7",0.0122453299757933,-0.326509206582819,0.142,0.199,1
"MYOM2",0.0122989388472404,-0.466884324417208,0.368,0.41,1
"KLF10",0.0123116402900251,-0.64699268128425,0.065,0.105,1
"APPL1",0.0125338598408404,-0.292147813424702,0.229,0.294,1
"USP9X",0.0125819317667837,-0.346721484669644,0.142,0.196,1
"KMT2B",0.0125977787889669,-0.529410322852753,0.087,0.132,1
"PRKD2",0.0126719553983287,-0.568724485444274,0.065,0.105,1
"AQR",0.0128000508981369,-0.52361985040669,0.113,0.161,1
"SYAP1",0.012900527262817,0.456733106074097,0.425,0.378,1
"SLC25A46",0.0129405120919628,-0.530764914735486,0.079,0.121,1
"CEP57",0.0129479424058106,-0.323385513158924,0.161,0.219,1
"ZNF518A",0.012948229318695,-0.473171566920728,0.098,0.145,1
"JAK3",0.0130556925498148,-0.472652025270604,0.147,0.2,1
"C1orf162",0.0131202410972646,-0.270464599761397,0.336,0.411,1
"HUWE1",0.013515934882531,-0.394827195925306,0.207,0.269,1
"NUDC",0.0135515914162286,-0.266433236945613,0.313,0.382,1
"LAGE3",0.0136573641448192,-0.552452521271568,0.111,0.159,1
"RPAP2",0.0137834808763011,-0.60977917744898,0.13,0.178,1
"TNFSF10",0.0138058424131061,-0.452999703891598,0.075,0.117,1
"LPIN2",0.013807642780077,-0.356714932272037,0.199,0.255,1
"NIT2",0.0138092824027508,-0.488395884012218,0.072,0.113,1
"RGS19",0.0138367460798197,-0.310558867756149,0.24,0.305,1
"NIPBL",0.0138579474043329,-0.260397019578681,0.272,0.342,1
"AKIRIN2",0.0139791337548386,-0.260265032975495,0.221,0.29,1
"DNMT1",0.0139908159571212,-0.420538385101904,0.24,0.297,1
"UBE2B",0.0140616064042057,-0.257013972408668,0.433,0.503,1
"PPP2R3C",0.0140956669442151,-0.372671330695887,0.139,0.192,1
"POR",0.0141083287932147,-0.552267348590595,0.072,0.112,1
"MOB4",0.0141709620459382,0.51094095394885,0.25,0.2,1
"SLC35C2",0.0141814277728714,-0.685922400950881,0.08,0.121,1
"VAV3",0.0143163642531219,-0.265100977266529,0.233,0.301,1
"SLC33A1",0.0143742485584769,-0.641125508355069,0.067,0.105,1
"DAB2",0.0143840605231542,-0.353563078667367,0.101,0.148,1
"NDUFA9",0.0144393921565084,-0.358704000921483,0.192,0.252,1
"BTAF1",0.0144993932025551,-0.543854866686495,0.063,0.102,1
"BPGM",0.0146279309011191,-0.536341900804214,0.144,0.194,1
"KDELR1",0.0147051170788203,-0.293999211904464,0.19,0.248,1
"PRR5L",0.0148535638388041,-0.290176644035436,0.139,0.193,1
"CWC27",0.0148633106865361,-0.533402794959045,0.142,0.192,1
"TOX",0.0149665137122498,-0.426054571465867,0.13,0.182,1
"MLC1",0.0149825169555364,-0.577778170517841,0.12,0.166,1
"IKBIP",0.0150316679534106,-0.560628649872721,0.065,0.103,1
"APOL6",0.0150337960726738,-0.398083139118078,0.322,0.381,1
"ARMC1",0.0150952134214812,-0.395348875929666,0.082,0.124,1
"LRCH4",0.0151980165772933,-0.720236911938999,0.111,0.156,1
"CBX7",0.0152107374822457,-0.615192789483488,0.074,0.113,1
"PURA",0.0152348754289261,-0.412784110391291,0.2,0.257,1
"MCTS1",0.0152654557876084,-0.265428020266615,0.152,0.21,1
"ASAP1",0.0152801022367467,-0.442057254872332,0.082,0.124,1
"ADD1",0.0152841800988049,-0.260716384587501,0.406,0.483,1
"KCTD10",0.0153038504007526,-0.466334244464717,0.103,0.149,1
"GNPDA2",0.0153593551374857,-0.441380489847986,0.063,0.102,1
"PECAM1",0.0153799667043705,-0.506573130565047,0.068,0.108,1
"HOXB2",0.0154359201552378,-0.51106089309238,0.106,0.152,1
"GTF2H3",0.0154805479836747,-0.5807467997352,0.068,0.108,1
"SP140",0.0154940090569898,-0.355540233796964,0.144,0.196,1
"SLBP",0.0155330132502352,-0.41470564355799,0.152,0.206,1
"EFTUD2",0.0155374731090757,-0.338893959693364,0.094,0.141,1
"KDM3B",0.0156698258350713,-0.496828770118154,0.084,0.127,1
"ZNF350",0.0156948964386029,0.475042284679152,0.197,0.149,1
"HRAS",0.0157041990072141,-0.694686366586685,0.067,0.105,1
"TMEM106B",0.0158227727443519,-0.423430489017189,0.125,0.172,1
"ASCL2",0.0159132699874241,-0.396070141209547,0.183,0.24,1
"IDH3G",0.0159901051508551,-0.261700419287501,0.229,0.297,1
"KCNAB2",0.0160070869376339,-0.28713235171223,0.193,0.255,1
"LST1",0.0161428692318479,-0.550780973185304,0.072,0.11,1
"HERC5",0.0162876215686989,-0.600302386067911,0.086,0.127,1
"IFNAR2",0.0163380038810261,-0.313990791171666,0.209,0.27,1
"COL6A2",0.0163848597877752,-0.452816047385074,0.074,0.114,1
"CREM",0.0164119363260696,0.567651737330633,0.32,0.277,1
"ARPC1A",0.0164460774401769,-0.788022079051715,0.075,0.114,1
"OSBPL11",0.0164573874120689,-0.620058461962045,0.089,0.131,1
"AGL",0.016575920026085,-0.460423516219543,0.075,0.116,1
"ME2",0.0166622555717859,-0.417892254223163,0.146,0.199,1
"PTMS",0.0167390451822689,-0.503688380221252,0.123,0.171,1
"SMC1A",0.016863532868888,-0.365935262681643,0.214,0.272,1
"VKORC1",0.0169856998580279,-0.272057966505693,0.158,0.214,1
"SUPT20H",0.0169893975259164,-0.451291293592335,0.122,0.17,1
"NDUFA8",0.0170869524123217,-0.30369786787867,0.116,0.167,1
"CYBC1",0.0171109355965626,-0.42060589340938,0.19,0.243,1
"REXO1",0.0172004787592017,-0.422293894456847,0.065,0.103,1
"DHX36",0.0172471551176857,-0.360477119849949,0.318,0.378,1
"HEG1",0.0173761372935932,-0.621979149728603,0.063,0.101,1
"AXIN1",0.0174959715092376,-0.354465430094054,0.111,0.16,1
"SFI1",0.0175314502637504,-0.478095213998976,0.098,0.142,1
"TAF12",0.0175467739915781,-0.300888827719778,0.159,0.215,1
"IFIT2",0.0175861668025448,-0.670740155428116,0.063,0.101,1
"LMO4",0.0176271771640896,-0.521047811431371,0.156,0.207,1
"IMPA1",0.0176812615078904,-0.63272176927742,0.075,0.114,1
"THYN1",0.0177101097805122,-0.319976372959958,0.137,0.188,1
"NUDT5",0.017734366812832,-0.353397693409887,0.163,0.217,1
"REXO2",0.0178880228775935,-0.340445149783975,0.173,0.228,1
"TAZ",0.0178994291025357,-0.448118160819612,0.108,0.153,1
"ZNF160",0.0179265267723214,-0.362583062077886,0.104,0.149,1
"NNT",0.0179993595763724,-0.449633916297386,0.123,0.172,1
"MED27",0.0181253665214883,-0.582815707850471,0.087,0.128,1
"EED",0.0181915741107702,-0.316119799473746,0.074,0.113,1
"JAKMIP2",0.0182351108632235,-0.418095722226855,0.089,0.132,1
"MTCH1",0.0182991956891188,0.427308957182977,0.289,0.237,1
"DNAJC7",0.0184755608123377,-0.25030832107198,0.313,0.386,1
"ANKRD17",0.0185656589739636,-0.384706667983087,0.132,0.181,1
"DUSP1",0.01864278150493,0.291260662537473,0.366,0.306,1
"ADI1",0.0186743342939207,-0.29983937304953,0.147,0.2,1
"E2F3",0.0188539166169022,-0.630451871030497,0.074,0.112,1
"HDAC8",0.0188652196380088,-0.648793826477041,0.086,0.126,1
"CSNK1G2",0.0191272287125951,-0.256608649700949,0.217,0.276,1
"TSTA3",0.0191695720954966,-0.262115458705801,0.151,0.206,1
"RETREG2",0.0193960625608224,-0.437842410830981,0.123,0.17,1
"OSGEP",0.0194102984958548,-0.352660101820454,0.104,0.15,1
"GON4L",0.0194473322220479,-0.406616105098629,0.182,0.236,1
"RDH14",0.0197268987537796,-0.258717582790579,0.127,0.177,1
"DKC1",0.0199009388236133,-0.271597364366156,0.127,0.174,1
"RBM28",0.0199254117006745,-0.399645559273672,0.104,0.149,1
"NEPRO",0.0200871277435327,-0.30731805738853,0.079,0.12,1
"CRYBG1",0.0200952980815761,0.714767039126752,0.156,0.114,1
"GAR1",0.02013790889609,-0.564594571275602,0.077,0.116,1
"TMED5",0.0201639016189032,-0.255924765883271,0.188,0.247,1
"MMP25-AS1",0.0202358355451816,-0.318441999354961,0.108,0.153,1
"CCDC66",0.0202994424498973,-0.374863149891782,0.216,0.272,1
"NCOR2",0.0203240888452689,-0.419032386037357,0.098,0.141,1
"GLMN",0.0204388837940605,-0.585597278130736,0.07,0.108,1
"TSFM",0.0204626395392104,0.66784606214715,0.14,0.101,1
"PMM2",0.020693061670919,-0.573071526223376,0.065,0.102,1
"PPIL4",0.0208603444779135,-0.724508409425776,0.077,0.114,1
"B4GALT5",0.0212137241377434,-0.593668367619802,0.082,0.121,1
"ZNF33A",0.0212795178584516,-0.376626414264766,0.146,0.197,1
"PRPS1",0.0214601677261477,-0.581245259672842,0.094,0.134,1
"OTUD6B-AS1",0.0214814882616989,-0.307978905281825,0.231,0.287,1
"SLC2A4RG",0.0215312751208271,-0.403730988027514,0.156,0.206,1
"TRPV2",0.0215462300961991,-0.667064677050276,0.108,0.148,1
"RAF1",0.0216891971195649,-0.428581214627263,0.116,0.161,1
"REV3L",0.0218100760754905,-0.316571530165265,0.079,0.117,1
"CBR1",0.0218367795286726,-0.301867365965339,0.067,0.105,1
"CYC1",0.0218499078442629,-0.309704511805639,0.182,0.237,1
"FAM199X",0.0218611130383355,-0.439542734178382,0.146,0.193,1
"ARFGAP2",0.0218714993256672,-0.324924917798353,0.17,0.225,1
"EOMES",0.0220468516618596,-0.412951575465102,0.146,0.192,1
"PDLIM2",0.022203222246982,-0.281148158758695,0.197,0.251,1
"USP24",0.0222062180050514,-0.569997508672467,0.099,0.141,1
"SRCAP",0.022287895662652,-0.559525580109174,0.065,0.101,1
"C17orf49",0.0223797789902455,-0.267078787785892,0.402,0.469,1
"TIFA",0.0224200102552361,-0.278396682080789,0.068,0.106,1
"HMG20A",0.0224878992136387,-0.543136964051238,0.067,0.103,1
"C8orf82",0.022526348108181,-0.507634669048099,0.075,0.113,1
"HK1",0.0225972358524111,-0.526614536533436,0.087,0.127,1
"TAF15",0.0226653190196594,-0.273839574735449,0.318,0.385,1
"ADRM1",0.0226790794920082,-0.338317458848384,0.212,0.268,1
"SZRD1",0.0228085739634255,-0.36813941883236,0.211,0.263,1
"FLYWCH2",0.0230156927356756,-0.555967555327595,0.074,0.11,1
"CAT",0.0230615648778847,-0.34812238951043,0.106,0.152,1
"MRPS25",0.0230850645459709,-0.529853434822613,0.067,0.102,1
"DNPEP",0.023143851349388,-0.432146882805748,0.099,0.141,1
"BLVRB",0.0231463454142365,-0.459182225197954,0.077,0.116,1
"LRBA",0.0231643028919735,-0.298829576700523,0.163,0.215,1
"PIEZO1",0.0231888991755654,-0.620255753419702,0.094,0.134,1
"SRP19",0.0232308650659123,0.330597862969033,0.447,0.396,1
"RUVBL1",0.023253618485407,-0.443527175348106,0.099,0.141,1
"CISD1",0.023317180941902,-0.350954291727228,0.07,0.108,1
"ZNF831",0.0234548875264777,-0.465827952794416,0.08,0.119,1
"FAR1",0.0235513913003178,-0.421281225998288,0.096,0.139,1
"TRIP12",0.0235910628896153,-0.310665050113018,0.221,0.283,1
"TANK",0.0236487176535343,-0.271716268392619,0.154,0.207,1
"LDLRAP1",0.0239646459889713,-0.345567335953255,0.089,0.13,1
"HNRNPL",0.0239819036069703,0.432700174838721,0.37,0.326,1
"NFYC",0.0240853005905088,-0.498279330663524,0.094,0.134,1
"TRIM56",0.0241412293162524,-0.297218201716881,0.156,0.21,1
"RNF41",0.0241582142405164,-0.506061311392945,0.074,0.112,1
"MED11",0.0241685409271584,-0.411765885709826,0.084,0.123,1
"ACP1",0.0242237658847877,-0.291530852594046,0.387,0.451,1
"NUP50",0.0245864444131162,-0.336975796633242,0.142,0.189,1
"NUDT4",0.0246131958957189,-0.373759584350659,0.122,0.167,1
"CPNE3",0.0247203282641431,-0.268748344235966,0.264,0.327,1
"CDC37L1",0.0247768195800644,0.566330859720575,0.13,0.092,1
"ESF1",0.0248272004286233,-0.380444210341544,0.13,0.177,1
"RPL22L1",0.0249011627711003,0.39068241741264,0.414,0.372,1
"CHD8",0.0249155173263357,-0.281235824806027,0.17,0.223,1
"MARCH8",0.0250532144456269,-0.37989405369358,0.092,0.134,1
"RANBP2",0.0251334334983431,-0.518459659187541,0.146,0.192,1
"CERS2",0.0251612011107634,-0.475562321636527,0.132,0.177,1
"FLII",0.0251795281090517,-0.411314324766102,0.11,0.153,1
"NUDT2",0.0252343027345935,0.508930002536697,0.137,0.098,1
"LLGL2",0.0252621809945437,-0.360481104607395,0.149,0.197,1
"ZDHHC17",0.0252775856064327,-0.37569484908474,0.092,0.134,1
"PLRG1",0.0253857514100725,-0.337299400063477,0.116,0.16,1
"TPGS2",0.025847283681651,-0.609434376780329,0.086,0.123,1
"HPCAL1",0.0258814490262629,-0.322179820224172,0.142,0.19,1
"CCDC130",0.0259442860414269,-0.317789583472298,0.091,0.131,1
"TSPOAP1-AS1",0.0259649211279699,-0.37074704724598,0.077,0.114,1
"GNG10",0.0259943244171422,-0.25454824259653,0.164,0.215,1
"SNTB2",0.0261016413753889,-0.357174919794942,0.111,0.156,1
"ADA",0.0264177005929604,-0.452495468206362,0.089,0.13,1
"XRRA1",0.0266594492123706,-0.420601696240937,0.086,0.124,1
"ANAPC15",0.0270141977449509,-0.356069014361917,0.149,0.197,1
"MPHOSPH6",0.027105284612006,-0.603734579991476,0.084,0.12,1
"ANXA2R",0.027146644064145,-0.298946666003161,0.152,0.199,1
"GGA2",0.027167951842429,-0.389538759626123,0.106,0.148,1
"MAGEF1",0.0271912567328551,-0.430794519340282,0.067,0.102,1
"GALNT1",0.0273490670619781,-0.31950970974992,0.193,0.25,1
"LINC00909",0.0274400527653613,-0.435417301574483,0.132,0.177,1
"FAM136A",0.0275212416126905,-0.32922886361596,0.134,0.178,1
"REXO4",0.0275368235485741,-0.355734105543622,0.118,0.163,1
"HARS",0.0275749425214459,-0.305453777437841,0.108,0.153,1
"CD69",0.0276379414889371,0.510367151712258,0.467,0.434,1
"DUS1L",0.0276509839364841,-0.360331172936567,0.163,0.215,1
"ECI2",0.0280739976736797,-0.388990701846977,0.098,0.135,1
"ZDHHC12",0.0282805961610694,-0.309508633101094,0.152,0.203,1
"FAM126A",0.0285785961747955,-0.404779582694356,0.089,0.128,1
"UBE2Z",0.0286278647079747,-0.290242041893635,0.132,0.177,1
"CDK9",0.028670659943468,-0.327706796308756,0.091,0.131,1
"DOCK10",0.0286832537236837,-0.276742539867682,0.216,0.272,1
"ALOX12-AS1",0.0289469092774032,-0.632167246550891,0.08,0.116,1
"GTF2A1",0.0290812807178875,-0.536352636292672,0.087,0.126,1
"TWISTNB",0.0290844339733407,0.646151737994398,0.154,0.116,1
"KIAA0586",0.0290940473710597,-0.465255987038473,0.108,0.146,1
"HCG18",0.0290989222724251,-0.382763893622351,0.142,0.188,1
"PHC2",0.0291118277504519,-0.412919359837018,0.07,0.105,1
"AFG3L2",0.0292740435989425,-0.474969773290773,0.127,0.17,1
"MRPL49",0.0293032137729343,-0.412061715719815,0.075,0.112,1
"RPUSD3",0.0293137869134636,-0.312104574645718,0.084,0.123,1
"MRPS18B",0.0294094673227473,-0.399175756519806,0.128,0.172,1
"SNRPN",0.0294246122783755,-0.267994936713641,0.3,0.363,1
"NIP7",0.029628960996621,-0.555075523118297,0.104,0.143,1
"ZC3H4",0.0296470554475718,-0.319655480922555,0.098,0.139,1
"PPP6C",0.0298931213504637,-0.288707574308214,0.137,0.182,1
"NSRP1",0.0299424963103762,-0.519652279301424,0.197,0.244,1
"ITGAX",0.0300297393741449,-0.336163368157291,0.183,0.234,1
"CEP63",0.0302303747376087,-0.540375056440322,0.079,0.114,1
"TBC1D20",0.0302651924975874,-0.379899566820096,0.101,0.142,1
"VPS25",0.0303245474178328,0.701532354788787,0.115,0.08,1
"TRADD",0.0303785992523836,-0.2561128378795,0.175,0.225,1
"HIRIP3",0.0303970307205937,-0.702230956458945,0.068,0.102,1
"GIMAP6",0.0304235988246222,-0.49559195880146,0.116,0.16,1
"ZNF433-AS1",0.0304303718131307,-0.272783978305123,0.091,0.131,1
"SNRNP40",0.030675702757266,-0.377225137147964,0.154,0.203,1
"S100PBP",0.0308064664407074,-0.351476589579584,0.077,0.113,1
"SP1",0.0309811052182411,-0.392815479110362,0.087,0.126,1
"AKT1",0.0310947995158884,-0.28543361480037,0.175,0.226,1
"NUP62",0.0311020669551832,-0.694306791667833,0.077,0.112,1
"MED13L",0.031118663442463,-0.398396452458826,0.229,0.283,1
"NPTN",0.0311612847713193,-0.374915477993508,0.122,0.164,1
"NQO2",0.0312647108939559,-0.345558387505832,0.072,0.108,1
"NLRC5",0.0314022370620952,-0.30743157602839,0.137,0.183,1
"NRDC",0.0314584541850992,-0.374504686073912,0.238,0.29,1
"FEZ2",0.03153619287216,-0.475811724359062,0.086,0.123,1
"PIK3AP1",0.0315699858617862,-0.274801152085499,0.134,0.179,1
"UNC119",0.0315965045631916,-0.439597860747895,0.106,0.146,1
"DYNLT1",0.0316113002264046,0.369397065389649,0.455,0.43,1
"ZBTB37",0.0316796161372692,0.651986888132243,0.118,0.083,1
"ACTR10",0.0317182289763217,-0.416250254709699,0.14,0.185,1
"ACADVL",0.0317476244623145,-0.377443757669587,0.183,0.233,1
"EEF1AKMT2",0.0318711570869101,-0.390773540194157,0.108,0.149,1
"ANTKMT",0.0318947745116242,-0.342837224083788,0.223,0.277,1
"SNX20",0.0321376474584023,-0.548956013139013,0.072,0.106,1
"DPH5",0.032145097947004,-0.518541600494066,0.074,0.109,1
"CIAO1",0.0322855082748096,-0.289145445286896,0.182,0.228,1
"ST8SIA4",0.0323727437337461,-0.28620120772108,0.142,0.189,1
"DNAJC1",0.0326246615295578,-0.262859457948567,0.279,0.339,1
"RNF166",0.0329354567540396,0.319966018039113,0.408,0.361,1
"LPXN",0.0329556732494654,-0.368139613138437,0.154,0.2,1
"KIAA0100",0.0330707623815177,-0.53824606547057,0.079,0.114,1
"C15orf61",0.0334847110283309,0.461447239259628,0.211,0.167,1
"SMARCA4",0.0337651225189754,-0.401926395792786,0.134,0.177,1
"GABPB2",0.0341819947482752,-0.272506154511092,0.072,0.106,1
"DCXR",0.0341960686790961,-0.292463691134711,0.219,0.273,1
"PIH1D1",0.0342718214718876,-0.253002809337963,0.125,0.168,1
"CWC22",0.0343152384410376,-0.358599094922441,0.104,0.146,1
"JADE2",0.0344949540606403,-0.390028227403536,0.18,0.226,1
"TRIP4",0.03453545778313,-0.376436528646036,0.082,0.12,1
"POLR3K",0.0347951636946103,-0.369870921489637,0.084,0.121,1
"ERG28",0.0349532971980016,-0.553632042332176,0.104,0.142,1
"ATXN10",0.0350136326505283,-0.319653204991557,0.159,0.204,1
"CDIPT",0.0351322829252792,-0.396789322877227,0.106,0.146,1
"TPGS1",0.0352526600197759,-0.256181509903643,0.182,0.232,1
"NUP54",0.0353001485181181,-0.250121717205827,0.118,0.16,1
"NUDT22",0.0354412035629776,-0.295298938049065,0.122,0.167,1
"SPTY2D1",0.0357408471216939,0.548006618887434,0.243,0.2,1
"UPF3A",0.0359824046806161,-0.272357419451411,0.279,0.341,1
"GIMAP2",0.0360876622031042,-0.344165541088231,0.168,0.215,1
"DDX60",0.0361704985821816,-0.495244031931148,0.084,0.12,1
"ARHGAP26",0.036300099680188,-0.408588421854875,0.197,0.243,1
"RFTN1",0.0364706132324347,-0.273359874334488,0.188,0.241,1
"CEBPB",0.0364790953001755,0.282403098157331,0.546,0.502,1
"LY9",0.0366538786055496,-0.505323418077697,0.079,0.113,1
"PWWP2A",0.0367600088297899,-0.289528255968104,0.079,0.114,1
"MRPL42",0.0368259142636109,-0.406793148851732,0.139,0.181,1
"SRFBP1",0.0372651776488606,-0.520820494541464,0.075,0.109,1
"LLPH",0.0375188631710467,0.428253597297731,0.324,0.281,1
"FAM214A",0.0375806947979162,-0.340420164950774,0.146,0.19,1
"USP4",0.0376206354502539,-0.392897218634885,0.101,0.139,1
"MRPL16",0.0376513587248643,-0.255721572102889,0.135,0.179,1
"CTBP2",0.0377920293042936,-0.309519663908869,0.207,0.255,1
"PANK2",0.0378492142319681,-0.353269516031688,0.123,0.167,1
"MAN1A2",0.0380171961017579,-0.279919603040038,0.207,0.257,1
"TMEM50B",0.0380371564592488,-0.270577677836411,0.125,0.167,1
"SUGT1",0.0380377535389606,-0.396446030628078,0.217,0.265,1
"HLA-DMB",0.0381128198907489,-0.28528368534507,0.077,0.113,1
"PAXBP1",0.0381940407383618,-0.385353148023096,0.111,0.152,1
"PMPCB",0.0382485469428833,-0.398844469833255,0.176,0.223,1
"MVD",0.0385647434966205,0.399224007947174,0.205,0.161,1
"RB1CC1",0.0386514046162767,-0.283803750149476,0.236,0.287,1
"NMI",0.0386743588564264,-0.395362254690981,0.19,0.236,1
"CYREN",0.0386775157942069,-0.574254221922668,0.077,0.11,1
"KBTBD4",0.0387927327103571,-0.354376771003667,0.068,0.102,1
"CYB561D2",0.0389743939928319,-0.319031471365736,0.164,0.21,1
"AKR1C3",0.0390718227627658,0.299864589816089,0.332,0.286,1
"CCDC167",0.0390885253061869,-0.311116560438265,0.159,0.207,1
"DERL1",0.039144039405137,-0.264115822522081,0.238,0.29,1
"PRKAG2",0.0391550999605704,-0.398485777563558,0.154,0.196,1
"NMUR1",0.0392098883442995,-0.271296619855145,0.101,0.141,1
"IDH2",0.0392100559857304,-0.268100640974773,0.269,0.317,1
"CLCN3",0.0393297563437801,-0.4449717241596,0.074,0.108,1
"MRPL27",0.0394795540300022,-0.332419044602739,0.104,0.145,1
"CERS5",0.0395210235000371,-0.457295162315456,0.094,0.131,1
"RARS",0.0396142364784391,-0.416700019071475,0.077,0.112,1
"POLR2H",0.0397553627674173,-0.31864192459409,0.134,0.178,1
"USB1",0.0398196651364368,-0.416358377702287,0.113,0.153,1
"PHPT1",0.0398450468218588,-0.317577064394537,0.289,0.338,1
"MAP4",0.0401602390853018,-0.351134104953138,0.211,0.262,1
"USE1",0.0402279276048144,-0.543960297461382,0.108,0.145,1
"C7orf26",0.0402965890431638,-0.431443327886003,0.07,0.103,1
"PSMA3",0.040506347903812,-0.299714620512135,0.305,0.366,1
"JPT1",0.0405332554011567,-0.251380955944635,0.271,0.328,1
"MSMO1",0.0407212226142098,0.591688989469803,0.111,0.079,1
"NOP56",0.0407489933526657,-0.2903979480674,0.204,0.254,1
"MLX",0.0410106177345799,-0.290345399744441,0.137,0.181,1
"BAG6",0.0412982398233729,-0.3987727718145,0.092,0.128,1
"LTN1",0.0414318518364569,-0.269501549385857,0.094,0.132,1
"STYX",0.0414983054262499,-0.436719368351454,0.089,0.124,1
"RGS3",0.0416615916980027,-0.308989500910397,0.104,0.143,1
"HSPA14.1",0.0417939196388712,-0.599242690398269,0.075,0.108,1
"MRPS35",0.0420238012301338,-0.273270190310266,0.12,0.161,1
"GCLM",0.0420563417482625,-0.268259659403112,0.091,0.128,1
"GTPBP6",0.0424740429875403,-0.275444030105323,0.176,0.225,1
"ARL1",0.0426907200473273,-0.361329560775431,0.108,0.145,1
"DDX54",0.0431556166639393,-0.394302606607245,0.099,0.137,1
"TIA1",0.0432061427877503,-0.450299718673186,0.14,0.181,1
"BZW2",0.0435478008317069,-0.390933119747998,0.077,0.11,1
"MAP3K2",0.0437330803310718,0.424238193002157,0.247,0.204,1
"GLTP",0.0437482473603864,-0.319950161579879,0.219,0.266,1
"ARMCX6",0.0438740311517708,-0.339967228414092,0.099,0.138,1
"RASA3",0.0439148942038116,-0.29508084667037,0.267,0.316,1
"CNOT1",0.0441299986500283,0.467434808462458,0.32,0.283,1
"ELP5",0.0441713807017518,-0.420501831591092,0.135,0.172,1
"MIEF1",0.0442304342555834,0.772528925199397,0.104,0.074,1
"N4BP2",0.0443662966381019,-0.41361742128182,0.099,0.135,1
"RCOR3",0.0451180649733256,-0.286117810754452,0.106,0.145,1
"C18orf25",0.0453476226676,-0.538562466528753,0.07,0.102,1
"SCAMP1",0.0454268819926481,-0.55240463014786,0.099,0.135,1
"AKAP8",0.0455301819631275,-0.407504939460492,0.103,0.141,1
"MRPL47",0.0455809181689371,0.269942633788063,0.289,0.248,1
"PRKCA",0.0457086061769895,-0.672933102666304,0.087,0.12,1
"USF3",0.0459303232588907,-0.354537671560963,0.134,0.174,1
"GPATCH11",0.0460549329227707,-0.367377356969356,0.08,0.114,1
"CRTC3",0.0460829688319076,0.389956592729062,0.173,0.134,1
"EXOC3",0.0461114506301366,-0.377923630776112,0.082,0.116,1
"OIP5-AS1",0.0462164066832911,-0.310415138269674,0.204,0.25,1
"UAP1",0.0467199360000006,-0.334865406237271,0.108,0.146,1
"MON1B",0.0467504805998601,-0.365601966185737,0.086,0.121,1
"TSPYL2",0.0468404728400263,0.765123281193892,0.135,0.102,1
"IRF8",0.0468907748265039,-0.433169105690282,0.079,0.112,1
"TXNDC12",0.0470157753489725,-0.312296772240073,0.183,0.228,1
"CCSER2",0.0470582489112791,-0.286680867656384,0.303,0.354,1
"TPMT",0.0470666157399813,-0.416966332416738,0.091,0.127,1
"MRPS22",0.0471561093561054,-0.509655444353322,0.11,0.146,1
"CHTOP",0.0472500155328664,-0.341222725430991,0.134,0.175,1
"ABRAXAS1",0.0474620629029211,-0.591618623496657,0.079,0.11,1
"UBL3",0.0474641493382618,-0.273666296598184,0.204,0.251,1
"CCDC90B",0.0474973418119049,-0.311258607339634,0.149,0.192,1
"SLC38A10",0.0484327036090272,-0.537395445064909,0.092,0.126,1
"SEPHS2",0.048476504264888,-0.363257486563279,0.164,0.207,1
"PANK3",0.0485175518983845,-0.512197760537745,0.08,0.113,1
"PWWP3A",0.048522462836038,-0.486674597292457,0.089,0.123,1
"THOC2",0.0489449176700546,-0.266930535029412,0.259,0.31,1
"CCNG1",0.0490323553686497,-0.405707684812795,0.142,0.182,1
"GRK6",0.0491299235112683,-0.286612253263314,0.257,0.31,1
"MAPK13",0.0493059492375573,-0.482968966474374,0.094,0.128,1
"GRHPR",0.0493394261614283,-0.296202388294582,0.151,0.194,1
"NDUFB3",0.049374319274678,-0.255850665743044,0.322,0.381,1
"MARK2",0.0495589299391211,-0.3782086560987,0.115,0.153,1
"UBE2E1",0.0497302464302683,-0.271844006913225,0.096,0.132,1
"LRRFIP2",0.0499094365554484,-0.364926326382636,0.111,0.148,1
"ATP2A2",0.0502567202030453,-0.409471584345428,0.086,0.12,1
"TRIP11",0.0503357845156977,-0.424124665298674,0.123,0.161,1
"HCP5",0.0505961475503769,-0.53667328307189,0.08,0.113,1
"NFKBIZ",0.0506470541711152,0.532920953121809,0.127,0.094,1
"MPV17",0.0507298338728878,-0.343876408488652,0.086,0.12,1
"LTBP3",0.0507975207413438,-0.276937116995356,0.074,0.105,1
"NELFCD",0.0508138555293133,0.618754238154675,0.183,0.15,1
"CCS",0.0509058000028377,-0.348501536988088,0.134,0.172,1
"WDTC1",0.051100245424542,-0.264877073919316,0.101,0.138,1
"KIFAP3",0.0511347401556029,-0.26043950317111,0.132,0.172,1
"SRRT",0.05114202666524,-0.395926736749944,0.108,0.145,1
"DNAJC17",0.0512664605695573,-0.421413786430848,0.072,0.102,1
"NOB1",0.0515256629249909,-0.486925332596488,0.094,0.128,1
"CDC25B",0.0519113963502193,-0.251904180291337,0.149,0.192,1
"UTP18",0.0519955697825476,-0.39168307010351,0.099,0.135,1
"HPF1",0.0520994761222727,-0.577841660194494,0.137,0.172,1
"XPO6",0.0525797446542957,-0.284775034992628,0.161,0.203,1
"CCL28",0.0529969021774236,-0.497533941892489,0.07,0.101,1
"TERF2",0.0530107180543413,-0.473709944882792,0.077,0.109,1
"EEFSEC",0.0531708447708867,-0.367880300243649,0.077,0.109,1
"IL18R1",0.0534380066475835,-0.298359706636363,0.146,0.189,1
"CYTH4",0.0539215393266528,-0.442787317668689,0.128,0.167,1
"NPC1",0.054067812775417,-0.477730694470426,0.077,0.109,1
"SCAF8",0.0541518427435364,-0.465742600584432,0.101,0.135,1
"MTRF1L",0.0545757957659811,-0.518419291266325,0.072,0.102,1
"HDAC3",0.0547926118012191,-0.41450845465388,0.096,0.131,1
"RBM26",0.0548688884609241,-0.319018585193558,0.176,0.219,1
"HBS1L",0.0549021183148172,-0.276220013651182,0.147,0.192,1
"PYM1",0.0550798221434438,-0.388781321754453,0.099,0.134,1
"ETF1",0.0551246825743045,0.448199686973788,0.185,0.149,1
"ERCC6L2",0.0553266483536634,-0.511667396889773,0.082,0.114,1
"TESC",0.0555855772193044,-0.465280214969663,0.092,0.127,1
"IMPDH1",0.0556849484254806,-0.395732952523105,0.087,0.12,1
"MTG1",0.0556978402684469,-0.41587029928178,0.098,0.132,1
"PCBP1-AS1",0.0558652173850015,-0.280619960540743,0.08,0.113,1
"AC008555.4",0.0561971654873277,-0.296015103430765,0.111,0.148,1
"RELA",0.0563478958195481,-0.328358552612849,0.132,0.171,1
"PIGP",0.0564852427175704,-0.295521618101884,0.092,0.127,1
"COPG1",0.0566973710309032,-0.266646556638132,0.075,0.108,1
"PSME3",0.0568007040123285,-0.39526511727095,0.089,0.123,1
"RABGGTB",0.0570936962628973,0.638267394426903,0.175,0.141,1
"R3HDM1",0.05732854866652,-0.445348986026853,0.092,0.126,1
"PHF6",0.0573537542637814,-0.397252203142653,0.13,0.168,1
"PPP3CB",0.0573912225199686,-0.251515202951271,0.103,0.139,1
"OAS2",0.057692141820001,-0.453407321218114,0.074,0.105,1
"DENND4A",0.0577089606186093,-0.333852899904899,0.118,0.154,1
"EEA1",0.0578410350675308,-0.252471747954893,0.123,0.163,1
"YWHAH",0.0579389654792351,-0.357590807791546,0.152,0.192,1
"YIF1A",0.0580331254943571,-0.378202062688268,0.08,0.113,1
"SRPK1",0.0582760944771937,-0.349422572566308,0.139,0.179,1
"GIGYF2",0.0584422333588698,-0.401805375150537,0.094,0.128,1
"ELOF1",0.058574836941292,-0.353471374335658,0.14,0.181,1
"UCHL5",0.0589784379618356,-0.279271315947013,0.182,0.229,1
"ZNF688",0.0590462440634667,-0.398271057952661,0.11,0.145,1
"MORF4L2",0.0597917642607537,-0.320969484807022,0.122,0.16,1
"ZNF43",0.0598594525949253,-0.527470336460734,0.079,0.109,1
"RGS10",0.0598831115083321,0.289264850928599,0.293,0.255,1
"PPIE",0.0600434232185337,-0.346178000016265,0.212,0.258,1
"MAF",0.0602915220811933,-0.259333520973334,0.221,0.268,1
"COPB2",0.0610156353242478,-0.391484386731481,0.123,0.159,1
"ANAPC10",0.0611111888686803,-0.291429072199151,0.08,0.112,1
"KDM5C",0.0612638621189236,-0.458251218276889,0.098,0.131,1
"KIF21A",0.0616416160118243,-0.417863327550259,0.106,0.141,1
"TRIM73",0.0616741569247585,-0.309289537899247,0.086,0.119,1
"FRAT1",0.0617327783539653,-0.639917734773397,0.087,0.119,1
"DYNLT3",0.0621524611503139,-0.289426795051059,0.142,0.181,1
"LENG8",0.0621558932331212,-0.276702210887827,0.182,0.223,1
"NPRL2",0.0621574890314761,-0.533000659157871,0.132,0.166,1
"C4orf48",0.0631037127613823,-0.399098636796,0.116,0.152,1
"CDK5RAP1",0.0635969465932961,-0.386782400211729,0.08,0.112,1
"MDN1",0.0638491127638741,-0.59789364374273,0.074,0.102,1
"TMEM8A",0.0639347278798287,-0.40010753954521,0.091,0.124,1
"PRMT2",0.0640442539093324,0.333292027403943,0.695,0.684,1
"NFE2L2",0.0643393693357405,0.41190770707776,0.346,0.314,1
"KRCC1",0.0650499658505394,-0.356050986318233,0.118,0.153,1
"MFSD8",0.0651001996772184,-0.526606457309116,0.075,0.105,1
"FASLG",0.0654466301680587,-0.561366523783402,0.072,0.101,1
"PLEKHM1",0.0655901817843423,-0.474010602574303,0.08,0.11,1
"ARHGEF2",0.0658512984844811,-0.288878107766202,0.072,0.102,1
"BLVRA",0.0661588664804307,-0.286500935701494,0.072,0.102,1
"DNAJC21",0.0663317155502481,-0.282971658058965,0.255,0.303,1
"CHCHD7",0.0663674213666669,-0.322157017697146,0.175,0.214,1
"SMIM20",0.0664127977662179,-0.266997309422775,0.098,0.131,1
"SKA2",0.0664492122706008,-0.327803253439095,0.139,0.177,1
"IDI1",0.0665899259125379,0.27911521249711,0.437,0.403,1
"UQCC2",0.0666532812070252,-0.352782168489292,0.116,0.15,1
"PTS",0.0667104413506186,0.407117429480009,0.14,0.108,1
"DCTPP1",0.0669981238288234,-0.309244665989279,0.104,0.139,1
"ERICH1",0.0669988710029565,-0.388116320540696,0.193,0.233,1
"RBM42",0.0686990368514634,-0.454646142753932,0.116,0.15,1
"MRPS23",0.0689975569591648,-0.258160909368625,0.175,0.214,1
"LINC00342",0.069027156477324,-0.342461958765156,0.111,0.146,1
"TXLNG",0.0693108844772717,-0.26854137674286,0.101,0.134,1
"AC026979.2",0.0693340738409754,0.605442700496364,0.127,0.095,1
"PIGBOS1",0.0694014672398485,-0.32268939502034,0.12,0.154,1
"MGAT2",0.0694502464429965,-0.388159580712763,0.079,0.109,1
"AKR1B1",0.0703121259134795,-0.346495037207467,0.171,0.21,1
"NIPA2",0.0704093824908199,-0.310000388031355,0.113,0.148,1
"ERGIC3",0.070993995319917,-0.384917936172117,0.132,0.167,1
"PIK3C2A",0.0715818646631352,-0.39960488067881,0.125,0.16,1
"ATF1",0.0720228245379103,-0.370645108804014,0.086,0.116,1
"CRLF3",0.0723870488358766,-0.374040980499322,0.152,0.189,1
"BPTF",0.0724544781999528,-0.262626808362362,0.406,0.448,1
"TENT4B",0.0724627467205099,0.456667895117677,0.235,0.201,1
"CSTB",0.0731807603128506,-0.271193538158105,0.42,0.463,1
"MPST",0.0736455999933529,0.455782446857401,0.14,0.109,1
"RARS2",0.0748125401049126,-0.657989011441154,0.084,0.112,1
"NFYB",0.074824109298805,-0.290518534148318,0.116,0.15,1
"SENP7",0.0750720373350994,-0.256387462892271,0.146,0.186,1
"ATP11B",0.0753794043017015,-0.286174150704639,0.19,0.233,1
"BORCS6",0.0755368216140751,-0.399055428479425,0.098,0.13,1
"TMEM30A",0.0757531950096647,-0.269241644123871,0.188,0.232,1
"GCH1",0.0760487484714811,-0.452151184657236,0.084,0.113,1
"RNF220",0.0766004462775008,0.405042082531489,0.183,0.149,1
"MAP3K7",0.076727297474935,-0.42190269655674,0.072,0.101,1
"STRAP",0.0770534673275776,0.367946171566158,0.366,0.337,1
"TGS1",0.0770751304076971,-0.282962737041504,0.146,0.183,1
"BAG5",0.0772539026090606,0.324649309235012,0.247,0.211,1
"HPS1",0.0774463866427372,0.404421041895518,0.209,0.172,1
"FABP5",0.0779831899040494,-0.273209564776989,0.072,0.101,1
"TOPBP1",0.0780074198521459,-0.310916502878553,0.12,0.154,1
"DNAJB6",0.0788282220437459,0.260937757377755,0.586,0.572,1
"DENND10",0.0788883328547041,0.59716215084851,0.118,0.09,1
"YES1",0.0793932717141253,0.809700726794274,0.161,0.134,1
"ATG14",0.080209004239645,0.506423090186233,0.111,0.084,1
"STX17",0.0802271103003204,-0.277605448039738,0.116,0.15,1
"UTP3",0.0804939313760404,-0.31178740825528,0.156,0.192,1
"PPP1R15A",0.0805708356635339,-0.279151849590168,0.096,0.128,1
"PATL1",0.0805774457167054,0.452837376059546,0.108,0.08,1
"PYCR2",0.0807778502766439,-0.258617271583961,0.115,0.15,1
"RNPC3",0.0809167066995743,-0.416274230576945,0.118,0.152,1
"CUL4B",0.0821408543690888,-0.342450170861678,0.079,0.108,1
"HSPB11",0.0823533547292281,-0.298680369201363,0.216,0.261,1
"IRS2",0.0823776957855944,0.521794476320192,0.13,0.102,1
"MKRN1",0.0829617091929146,0.266989645387912,0.305,0.27,1
"KNOP1",0.0848378663233626,0.590579945123154,0.113,0.086,1
"LYZ",0.0849222737766381,0.638820479834011,0.137,0.106,1
"RNF145",0.0850529804495063,0.318233794523468,0.223,0.188,1
"TMEM179B",0.0857094328882587,-0.267214106045894,0.241,0.284,1
"AGO2",0.0857146979664138,-0.338728841079343,0.132,0.166,1
"SMC5",0.0867671888709249,-0.277107289577753,0.226,0.269,1
"PSPC1",0.0868579527709973,-0.334119909760924,0.137,0.172,1
"HEXA",0.0870444764038805,-0.350008728309088,0.159,0.196,1
"DCAF7",0.087371166069267,-0.30254633666127,0.166,0.206,1
"MSL3",0.0874184028052208,-0.34856518951407,0.128,0.163,1
"RILPL2",0.0874922543475951,-0.289612066027712,0.106,0.138,1
"KDM1A",0.0875285926468209,-0.417211281488295,0.099,0.13,1
"TNFRSF1A",0.0876143250530717,-0.496659198686059,0.077,0.105,1
"MAP3K7CL",0.0878351888710405,0.490695006930415,0.115,0.087,1
"SLC5A3",0.0882909413980936,-0.269774158398729,0.099,0.13,1
"PSMC6",0.0887799384128889,-0.267871469282951,0.202,0.241,1
"LPIN1",0.0888155198669191,-0.310589925202527,0.113,0.146,1
"IRF7",0.0899653410102458,-0.283451786979394,0.08,0.109,1
"STAM",0.0904100747453125,0.61825394107783,0.12,0.092,1
"DNAJB12",0.0907681546480826,-0.261759862939741,0.101,0.132,1
"AP3M1",0.0907917927269945,-0.446312111496987,0.098,0.127,1
"PIGK",0.0908887963946599,-0.292014350640605,0.115,0.148,1
"SUPV3L1",0.0914193946286519,0.579024816194692,0.132,0.103,1
"MAD1L1",0.0920148745989087,-0.326338099650812,0.173,0.21,1
"HSD17B4",0.0920632865797579,-0.368383227291235,0.079,0.106,1
"REV1",0.092321858758617,-0.326932270890492,0.092,0.123,1
"PBRM1",0.0928617380196556,-0.256960297479144,0.204,0.243,1
"SLC4A7",0.0942191020827831,-0.334805049863139,0.106,0.138,1
"PDK3",0.0944438277581418,-0.30582925573044,0.123,0.156,1
"GTF2B",0.0948335484387285,0.439428855725129,0.24,0.208,1
"SAFB2",0.0950011692416593,-0.267424414680575,0.192,0.23,1
"BAD",0.0961959781067645,-0.375998394729638,0.092,0.123,1
"PPP2R2A",0.0963125839507506,-0.309341580842184,0.171,0.208,1
"KRIT1",0.0965213909161153,-0.306866588132255,0.092,0.121,1
"ELAVL1",0.0967202505744582,-0.344650464732985,0.161,0.194,1
"URM1",0.0976379453641535,-0.357891408084284,0.106,0.137,1
"STX12",0.0977250296537339,-0.343540331289883,0.113,0.145,1
"TTC39C",0.0977542348400633,0.320772213223652,0.202,0.168,1
"FTX",0.0978710091838481,-0.303540741459175,0.221,0.261,1
"VPS35",0.0979651331912404,-0.282029129014579,0.154,0.19,1
"CUL4A",0.0993068597633756,-0.326817738445673,0.096,0.126,1
"PIK3IP1",0.0993185918557241,0.31285505473927,0.313,0.279,1
"NR4A2",0.0993206942040112,0.540012116537961,0.163,0.134,1
"TIMP1",0.0993795434932005,0.378315424988305,0.303,0.272,1
"PLEKHF1",0.0999358488738326,-0.269017188118057,0.192,0.229,1
"MAP2K3",0.0999538681636173,-0.270443174516815,0.183,0.221,1
"CCNC",0.100256642694724,-0.308855857305973,0.132,0.166,1
"NUTM2B-AS1",0.100398210448866,0.305213868533014,0.259,0.226,1
"DCAF13",0.100748826920336,-0.424548562495991,0.135,0.166,1
"COTL1",0.101195575037034,-0.402982176552587,0.192,0.23,1
"KLHL36",0.101453650915705,-0.375213320406831,0.103,0.132,1
"CAMK2G",0.101506980665103,-0.443995128499106,0.075,0.101,1
"NOL12",0.10180667565257,-0.528456313655747,0.092,0.12,1
"CLASP1",0.102036094961757,0.695692266327211,0.128,0.103,1
"EIF5A2",0.102230165511966,-0.481018592583793,0.082,0.109,1
"LIX1L",0.102329084317519,-0.319060590214226,0.137,0.17,1
"C12orf49",0.102338679973389,-0.347464084308109,0.113,0.143,1
"NIPAL3",0.102482498233593,-0.422193728346933,0.086,0.113,1
"RYK",0.102808562922696,-0.31143429465877,0.086,0.113,1
"ATAD1",0.102903068181602,-0.284184184331501,0.098,0.128,1
"UXS1",0.103220570903883,-0.296328737397098,0.11,0.141,1
"KAT2B",0.104718423913405,-0.520452578602114,0.089,0.116,1
"DEXI",0.104774377677528,-0.608929124739663,0.075,0.101,1
"TMEM170A",0.106756792580737,0.527138725907832,0.185,0.159,1
"GMEB1",0.107238175489972,-0.352319823936228,0.092,0.121,1
"AC114760.2",0.107327847570938,0.342238712206496,0.12,0.092,1
"PRKRA",0.107589939399794,-0.293405347788599,0.094,0.121,1
"DCAF16",0.107770715944381,0.550396750096094,0.125,0.099,1
"RCC2",0.108392711533127,-0.354673699305335,0.137,0.168,1
"RASSF3",0.108636991787246,0.534780840426714,0.205,0.172,1
"CLK3",0.108970073771937,0.478069740343921,0.13,0.103,1
"BTG3",0.109333481229688,0.603973895205755,0.12,0.095,1
"TOMM22",0.11040401884775,0.420720416259472,0.336,0.31,1
"DYNC1LI2",0.110465524972255,-0.313771565659138,0.128,0.16,1
"MDFIC",0.110598493679557,-0.304902054214693,0.14,0.172,1
"UBA5",0.110926124942246,-0.367498514272762,0.091,0.119,1
"NUBP2",0.111152008423815,-0.279227252063299,0.173,0.208,1
"EMC6",0.111330325075298,0.342388585989431,0.303,0.272,1
"SMAP2",0.111723762467995,0.272482328377942,0.526,0.51,1
"STX5",0.111794957703604,-0.252305194868138,0.113,0.145,1
"MICU2",0.112253650314399,-0.328848625548095,0.197,0.232,1
"GATAD1",0.112739059262275,-0.271008007762464,0.099,0.128,1
"NXPE3",0.112846875061653,-0.325659555409224,0.077,0.102,1
"TTC21B",0.113223091895228,-0.338862150782453,0.082,0.109,1
"ZBTB14",0.113286479849284,-0.477298188475228,0.084,0.11,1
"CAB39",0.113737129877955,-0.427013261686762,0.147,0.177,1
"CLN5",0.113760190774907,0.526501551783794,0.12,0.094,1
"RPF1",0.114672670970576,0.448739074166484,0.243,0.217,1
"ZBED4",0.115269819045337,0.696702857985852,0.116,0.092,1
"AZI2",0.115696727722921,-0.334101705134354,0.099,0.127,1
"BCAP29",0.116497622471273,-0.346335282210108,0.142,0.177,1
"TMEM245",0.116693321263785,-0.632749495767085,0.077,0.101,1
"CLASP2",0.116871944494051,-0.340754281295109,0.075,0.101,1
"SREK1IP1",0.118530376689779,0.420186886399567,0.259,0.236,1
"MAP3K5",0.119037753973553,-0.263053109192033,0.075,0.101,1
"HMBOX1",0.119086901126792,-0.490392263997043,0.082,0.108,1
"NTMT1",0.119251926256517,-0.284922021874163,0.091,0.117,1
"TCF12",0.120903481627007,-0.393769149535867,0.094,0.121,1
"LAMP2",0.121003313468941,-0.25922351191934,0.168,0.201,1
"FAM98C",0.121856786031757,0.611980539431491,0.125,0.101,1
"LEO1",0.121958294877387,-0.485788442592624,0.092,0.119,1
"BRCC3",0.122256131594332,-0.284766761830638,0.087,0.114,1
"MAPK1IP1L",0.122515880559362,0.398864538294164,0.257,0.226,1
"MLXIP",0.122639220125559,0.409477806363518,0.104,0.08,1
"CARS2",0.123511596502568,-0.291234896288435,0.087,0.114,1
"CBX1",0.123722549517534,-0.280370739409588,0.135,0.167,1
"PPID",0.123959782551696,-0.284594137489168,0.144,0.177,1
"CUEDC2",0.123987497434617,-0.263557217985148,0.106,0.135,1
"SCOC",0.125045038747463,-0.454351833585795,0.104,0.131,1
"VAMP7",0.125082538331613,-0.267198071505965,0.096,0.123,1
"APTX",0.125187429795415,-0.354238905983168,0.123,0.152,1
"SLC39A10",0.125830564682808,-0.261290337653219,0.154,0.186,1
"GPALPP1",0.1262095276886,-0.271434788639765,0.091,0.117,1
"TMEM167B",0.12679483763247,-0.316543898529827,0.122,0.15,1
"STX10",0.127071331252337,0.494842390326067,0.178,0.15,1
"RNF169",0.127421599206041,-0.418137287303366,0.164,0.197,1
"JUN",0.127469434471,-0.412194531374104,0.127,0.153,1
"API5",0.127955143712193,-0.263492606117185,0.154,0.189,1
"ATG16L2",0.128575679937637,-0.354942826564729,0.079,0.103,1
"CORO1B",0.128792759288325,0.726764519194278,0.164,0.139,1
"ZPR1",0.129227136560216,-0.269354443275134,0.098,0.126,1
"RUNX1",0.129287021226645,-0.350109877974978,0.151,0.183,1
"RNGTT",0.129555189381631,-0.252921682036516,0.113,0.142,1
"YLPM1",0.129719053795269,-0.304614053590479,0.087,0.113,1
"PTPMT1",0.129882537755747,0.303870288214553,0.158,0.128,1
"YIPF3",0.129970723795783,-0.332085266314017,0.113,0.142,1
"MAPKAPK3",0.130055883679721,-0.497311453479699,0.077,0.101,1
"SUMO3",0.130632085521597,0.36068244452194,0.303,0.276,1
"AC092338.3",0.131134317235722,0.538977356331911,0.122,0.098,1
"MFSD1",0.132223030797279,-0.357075380345935,0.091,0.116,1
"RABEP2",0.13264728063795,0.70015866331922,0.101,0.079,1
"TYW5",0.133124418127926,0.352629333167943,0.116,0.091,1
"DCTN4",0.13340367562458,0.53847056536179,0.116,0.092,1
"ROMO1",0.134083730589968,0.313001037082099,0.33,0.297,1
"TRIM28",0.134098212620532,-0.251554182724977,0.152,0.183,1
"SDHAF1",0.134256911302418,-0.310880818462346,0.084,0.109,1
"CAMK1D",0.13561943332954,-0.300319361700616,0.111,0.139,1
"PHACTR4",0.135638926039839,-0.325490898414845,0.214,0.248,1
"MMP23B",0.136424925597266,-0.358412323067563,0.098,0.124,1
"TRIM52",0.13662961151635,-0.299711669577433,0.152,0.183,1
"CAPN7",0.136643234365042,-0.405132123066736,0.086,0.11,1
"MAP3K12",0.137575237811619,0.330577392701834,0.188,0.159,1
"NAAA",0.137746294302705,-0.284816455610572,0.122,0.15,1
"SNHG32",0.137879431942584,0.279341900218884,0.341,0.314,1
"TARS",0.138238401287306,-0.281802171504383,0.101,0.128,1
"STAT2",0.138646018831224,-0.445478431593732,0.092,0.117,1
"ARIH1",0.139174259542693,0.264237456763173,0.207,0.177,1
"MTHFS",0.139262037684474,-0.334265873206831,0.084,0.109,1
"SPTSSA",0.139284796142395,0.44165013763413,0.115,0.091,1
"DNAJC3",0.140129585667236,-0.265725363059134,0.281,0.316,1
"TUBB1",0.140129749060626,0.254140125569658,0.106,0.083,1
"USP10",0.140348443970736,-0.304244995045856,0.094,0.12,1
"NSFL1C",0.140795297923691,-0.318012262555025,0.14,0.171,1
"TUBA4A",0.141700314707016,0.315159407595107,0.31,0.283,1
"DCUN1D5",0.143290548781534,-0.351694656221807,0.122,0.149,1
"RIN3",0.144037282551983,0.295169579693173,0.259,0.228,1
"KDM2B",0.14408121051142,0.6147540378162,0.103,0.081,1
"MRPL23",0.144120043702804,0.426176277068737,0.132,0.106,1
"GALNT10",0.144712181747195,-0.266003081186692,0.147,0.175,1
"PARN",0.145117946524994,-0.33471108392086,0.101,0.127,1
"CASP3",0.145219144405833,-0.271844132475405,0.132,0.161,1
"TRAC",0.146047638868297,-0.292191298394991,0.235,0.268,1
"OGFRL1",0.146217155917561,-0.252162633414935,0.12,0.148,1
"ARRB1",0.146831390938761,-0.354528790316466,0.128,0.156,1
"INO80",0.146932992563288,-0.308430834352704,0.123,0.15,1
"EZH1",0.147293003749383,-0.402659970419781,0.118,0.145,1
"BID",0.147690311802082,0.349392589655365,0.24,0.21,1
"DEGS1",0.148194704807693,-0.396769721673697,0.125,0.15,1
"COG3",0.148289439897961,0.504823584265481,0.156,0.13,1
"CEP95",0.149573971693832,-0.360252876202645,0.099,0.126,1
"RFFL",0.152198672350655,-0.501752972495581,0.092,0.116,1
"XPA",0.153143211303665,0.403585273129001,0.284,0.257,1
"KAT7",0.153770061980011,0.410682155772925,0.192,0.166,1
"PTGDS",0.153912362431632,-0.35860844752362,0.151,0.179,1
"SCLT1",0.154284099495884,-0.251702804168576,0.187,0.221,1
"RGS2",0.154357086131162,0.346206804837158,0.265,0.24,1
"PSMB5",0.154477993083411,-0.470727475661774,0.079,0.101,1
"ADAM17",0.154709034360193,0.548619060989481,0.125,0.102,1
"FOXK1",0.155074545554878,-0.453005803522154,0.096,0.12,1
"NAGK",0.155693040733129,-0.323956369000948,0.091,0.116,1
"AC108863.2",0.155839615831874,0.389224512699632,0.111,0.088,1
"HECTD4",0.156159910038894,0.325586593806832,0.101,0.079,1
"GOLT1B",0.156305405253841,-0.409058507239769,0.084,0.108,1
"ZNF37A",0.157073907454061,0.386139811536246,0.116,0.092,1
"LIPA",0.157357756491019,0.617497089549068,0.134,0.112,1
"ZC3H8",0.157470043938149,0.505207724298771,0.166,0.142,1
"MRE11",0.158394219803428,0.298011509590612,0.159,0.132,1
"RMND5A",0.160344857554374,-0.259883986433697,0.134,0.16,1
"GET3",0.160508447576195,-0.324749295685933,0.168,0.197,1
"DDHD1",0.16094602263304,0.359125589920577,0.241,0.218,1
"DBF4",0.161324568931315,0.324334995693184,0.209,0.182,1
"EIF4E3",0.161434975117971,-0.330971193476591,0.154,0.182,1
"TRIM44",0.162597082579651,0.329853023313656,0.224,0.197,1
"LINC02084",0.162722756402277,-0.336189961723644,0.101,0.126,1
"HMGA1",0.162775880115396,-0.265163677669372,0.122,0.149,1
"C1orf43",0.162822617753805,0.542008850055849,0.188,0.167,1
"RALY",0.164037329925909,0.292981118356181,0.361,0.334,1
"SART3",0.166165190747359,-0.381004539103326,0.098,0.121,1
"POLR2E",0.166500513024785,-0.258990328017274,0.214,0.247,1
"TMEM156",0.166707478241471,0.465325311919887,0.137,0.113,1
"NBEAL1",0.167985622479496,0.348057789900763,0.14,0.116,1
"CREB1",0.168676776987517,-0.311168140729585,0.139,0.168,1
"ACLY",0.169977345483265,-0.344170192198715,0.135,0.163,1
"CCL3L1",0.170178189385092,0.676131546585167,0.158,0.137,1
"GGCX",0.171231442586753,0.541470131702389,0.103,0.083,1
"BABAM2",0.173309704951784,-0.271905988317822,0.099,0.123,1
"ACO2",0.173377897634007,-0.270787718463734,0.111,0.137,1
"KAT5",0.173417969442102,-0.288795944228003,0.082,0.105,1
"ITPRIP",0.174340793685221,0.565538907608915,0.113,0.092,1
"RNF126",0.174842055450499,0.277710003914737,0.322,0.295,1
"ATXN3",0.175191751077835,-0.433623581295874,0.098,0.12,1
"AK6",0.175201792374111,0.530184643410287,0.11,0.088,1
"VPS33A",0.176485222259225,-0.26917306916118,0.086,0.109,1
"ZFYVE28",0.176506899207333,0.622201059813497,0.149,0.127,1
"SNHG17",0.177479460288969,0.310740439648442,0.14,0.116,1
"SGK3",0.177729539702063,-0.312915065996334,0.108,0.132,1
"HAUS6",0.177774142146065,-0.267607108891821,0.084,0.106,1
"GNA13",0.177803971028579,0.461489720325684,0.216,0.19,1
"RNF139",0.177999455186874,0.510773212708958,0.164,0.141,1
"MAP3K1",0.178414369986533,-0.3337701642362,0.149,0.175,1
"EIF1AX",0.178460849917743,0.252174227542116,0.55,0.545,1
"USP39",0.178614364034813,-0.304857638432371,0.091,0.113,1
"PRRC2A",0.179728389277298,-0.260970530513179,0.111,0.135,1
"LCORL",0.180556615218122,-0.481360262798482,0.087,0.109,1
"USO1",0.181851429150066,-0.297603901284778,0.108,0.132,1
"NOP14",0.181978283501368,-0.293894742980513,0.098,0.121,1
"BEX2",0.185650352432441,0.303308563695159,0.144,0.12,1
"DMAC2L",0.185664961457311,-0.253058526091356,0.139,0.167,1
"EMG1",0.185828210166548,-0.282285524724218,0.108,0.132,1
"ZNF326",0.186201177271081,0.326844368835133,0.219,0.193,1
"C3orf38",0.186472360138928,-0.299800876489179,0.144,0.172,1
"RPAP3",0.186899478700933,-0.282763451640768,0.113,0.138,1
"CENPK",0.187740223323111,-0.412084438366456,0.084,0.105,1
"STK39",0.188926702001643,-0.327530120111119,0.116,0.142,1
"HLA-DQA1",0.189009752826054,-0.476933502062175,0.128,0.153,1
"TAB2",0.189160945231476,-0.305377509565244,0.116,0.141,1
"DENND3",0.189230339936971,0.433399245871663,0.104,0.084,1
"PRH1",0.189529451226365,-0.342675664428547,0.111,0.135,1
"MLH3",0.190180840940657,-0.523674025672717,0.104,0.127,1
"TMEM138",0.190723300164656,-0.262585199886589,0.147,0.175,1
"RAB5IF",0.191037460092921,0.277487696654278,0.493,0.495,1
"ARHGEF18",0.191258764786681,-0.440721615794039,0.082,0.103,1
"PLEKHF2",0.191276853990299,-0.291522037764853,0.149,0.177,1
"RLF",0.191974725728636,0.420201674789115,0.125,0.102,1
"FRG1",0.192112691305492,0.251421768899651,0.423,0.415,1
"NELFB",0.192579978322907,-0.266273895492795,0.103,0.127,1
"KIAA0355",0.192721148564092,0.29912945300159,0.168,0.143,1
"HBA2",0.195259763391763,1.35378060210258,0.116,0.143,1
"ZBTB1",0.195643772628669,0.316789730800305,0.402,0.385,1
"ASNSD1",0.196593248556479,-0.287255309441963,0.086,0.108,1
"DNAJC2",0.196628229012338,0.327712496235255,0.163,0.139,1
"CDYL",0.196795466399797,0.484195273880696,0.152,0.131,1
"SLMAP",0.200804016703644,-0.279542675733652,0.094,0.117,1
"TSPAN3",0.201379346976826,-0.272253061743183,0.147,0.174,1
"ZC3H7A",0.202162224456859,0.265111794171708,0.182,0.156,1
"ATF7",0.205295975251345,-0.349140278365616,0.092,0.114,1
"AGPAT1",0.206139094460598,-0.266932607142527,0.092,0.114,1
"MTERF4",0.209579489427207,0.379896702084178,0.235,0.211,1
"MT-ND6",0.211916422701487,0.464647302694168,0.226,0.203,1
"C1D",0.212098038568164,0.309522334947109,0.305,0.288,1
"GPANK1",0.214610777680565,-0.379097143588023,0.103,0.123,1
"FKBP5",0.215311108511257,0.413066303660473,0.176,0.153,1
"SVIP",0.215482561880553,0.351355900785535,0.228,0.2,1
"ACSL3",0.216766952756913,-0.279940296824035,0.108,0.131,1
"RNF114",0.217067383440477,0.306746205933627,0.182,0.159,1
"ZSWIM7",0.217719476123788,0.41312587062073,0.183,0.16,1
"TPRG1L",0.217963412361988,0.328699489814896,0.144,0.123,1
"MAFF",0.218184109663608,0.427370412555908,0.123,0.103,1
"SNX5",0.21827672476363,-0.311620476159815,0.176,0.201,1
"ATE1",0.218571950118428,-0.253243742522175,0.116,0.138,1
"PSMG4",0.22148467372122,0.481537574066232,0.144,0.123,1
"LRRC75A",0.222303995846438,0.369401442199905,0.116,0.097,1
"COG5",0.224331236702184,-0.305370880837817,0.096,0.117,1
"AL354733.3",0.22653066808185,0.522044855918122,0.116,0.099,1
"TNIP2",0.226846092478554,-0.256543519378908,0.144,0.167,1
"HAUS2",0.227109883002735,0.4013240935838,0.101,0.083,1
"BRD1",0.227381002074071,0.418502373692136,0.151,0.131,1
"FAM120AOS",0.227493901349105,0.380829101154539,0.176,0.154,1
"TAF9",0.227579636632106,-0.308084463888391,0.173,0.197,1
"RBMX2",0.227701598272795,-0.253516918842384,0.104,0.127,1
"SBDS",0.228519208016713,0.264132429794326,0.38,0.36,1
"TSPAN2",0.231019755243182,-0.276787800141925,0.118,0.139,1
"TTF1",0.231237877400369,-0.260485536206395,0.115,0.137,1
"INO80D",0.231919926687214,0.401532973385199,0.187,0.166,1
"RPP30",0.233653866455421,-0.420790270850855,0.082,0.101,1
"PTAR1",0.23444204537613,0.43638367526235,0.212,0.193,1
"ZNF585A",0.236511153879108,-0.274576448565549,0.098,0.119,1
"CBLL1",0.237791020311929,0.362506010589764,0.214,0.193,1
"TESPA1",0.238012782161254,-0.490608267736571,0.098,0.116,1
"SACM1L",0.240433300777391,0.300803784517899,0.205,0.185,1
"FAM219B",0.241736741804917,-0.255734716721246,0.084,0.103,1
"EIF2B2",0.245287470072322,-0.256354583864588,0.082,0.101,1
"SCNM1",0.245538649869075,0.474181659923072,0.197,0.178,1
"WDR43",0.245686608208045,0.360388956725334,0.2,0.182,1
"TFCP2",0.246120949564673,-0.354838703527118,0.082,0.101,1
"WDR36",0.247488075835661,-0.444096889320074,0.086,0.103,1
"FAM133B",0.248757124797832,0.279139914143254,0.467,0.459,1
"MGRN1",0.250881859495075,0.314924586218579,0.104,0.086,1
"CHP1",0.253253967229448,-0.279582268476071,0.086,0.103,1
"VAMP3",0.253729387804443,-0.296290506005817,0.087,0.106,1
"CEPT1",0.254085731435848,-0.270549838871671,0.087,0.106,1
"WHAMM",0.255239340145021,0.409339501583518,0.229,0.212,1
"TFAM",0.25732539599604,0.293034663280498,0.291,0.272,1
"CDC27",0.257505176290159,-0.308827026652358,0.099,0.119,1
"SH3YL1",0.258242454330269,0.272894446486543,0.147,0.127,1
"HGSNAT",0.258528791467399,-0.270326731556808,0.089,0.108,1
"ANAPC13",0.259606651782581,-0.256508577752245,0.116,0.138,1
"NKAPD1",0.259907154982895,0.441905523849895,0.158,0.139,1
"CLIP4",0.260227176731512,0.313962262842157,0.113,0.095,1
"LRRC58",0.261054142725951,0.329985214540548,0.137,0.119,1
"WDR70",0.264556591644953,-0.264896902151847,0.108,0.128,1
"PARVG",0.267585508017664,-0.262148331429045,0.151,0.172,1
"ECHDC2",0.267645857437782,0.527316369141512,0.134,0.116,1
"MAN2B1",0.268793244541623,-0.356772337339162,0.086,0.103,1
"ANKRD36C",0.270110413057937,-0.30448625459721,0.101,0.12,1
"AL118516.1",0.271325879016683,0.380387785554353,0.116,0.098,1
"EDRF1",0.271364352161815,0.315163933903265,0.13,0.112,1
"PDE12",0.271866373734319,0.355546568524179,0.14,0.121,1
"SLF2",0.27375338222831,-0.282283526786703,0.13,0.15,1
"DNAJB11",0.27523957897545,0.435214264834984,0.229,0.211,1
"MLLT3",0.27679864654158,-0.384499822984145,0.101,0.119,1
"HBB",0.27798012434465,1.10503639471647,0.474,0.469,1
"AC005332.4",0.28030301626352,-0.264468325519864,0.099,0.119,1
"SC5D",0.281152209680392,0.633460221416968,0.111,0.095,1
"SART1",0.281388325696143,-0.253664623044768,0.116,0.137,1
"CTBP1",0.285236989393293,0.311815706728632,0.296,0.277,1
"NEIL1",0.288326978752938,0.383626428899312,0.104,0.087,1
"DHX15",0.290049202183421,0.377264171197574,0.144,0.124,1
"DNAJC5",0.290300191470231,0.458588413089424,0.111,0.095,1
"AP1G1",0.292035934134585,0.423223972754804,0.125,0.108,1
"UBE2G1",0.29212801920118,0.308129727773934,0.202,0.183,1
"RNMT",0.293515477425143,0.263157914081744,0.384,0.37,1
"GNL3L",0.297061310975728,-0.301058627662342,0.146,0.164,1
"ST3GAL5",0.298994543566182,0.449119341917226,0.139,0.123,1
"OSBP",0.301129720440522,0.361372797182546,0.103,0.087,1
"GRPEL1",0.301384998690029,0.360316325112223,0.163,0.145,1
"INIP",0.302652868060886,-0.358283959577774,0.092,0.11,1
"ZNF675",0.303168371440789,-0.281205882983345,0.086,0.102,1
"MRPL22",0.305032354373444,0.276391639101323,0.204,0.186,1
"TECR",0.305226433912587,0.264503231616514,0.284,0.262,1
"ABHD16A",0.307618186691044,-0.250449757696856,0.099,0.117,1
"PYROXD1",0.311901292359134,0.431340403184827,0.185,0.168,1
"TLE1",0.31590684601316,0.345078172683155,0.247,0.232,1
"ANKRD49",0.316700581678233,0.389350285471814,0.283,0.266,1
"ANAPC1",0.319836874170915,0.319243852680569,0.11,0.094,1
"DESI1",0.319864241688473,0.422683086923476,0.111,0.097,1
"PGRMC2",0.319914971435409,0.494318409690891,0.205,0.193,1
"GAPVD1",0.320108270419588,0.299090487118239,0.146,0.13,1
"NCAPD3",0.321133858045882,-0.347524956362734,0.091,0.106,1
"KCTD20",0.322583326818443,0.261339101225312,0.147,0.13,1
"ARHGAP10",0.326420345660283,-0.269721560371827,0.098,0.114,1
"C1orf174",0.332845498147706,0.278453780508629,0.209,0.194,1
"GBP3",0.334250170957431,-0.252918229200237,0.118,0.137,1
"LINC01138",0.335386091457062,0.513857838897567,0.219,0.207,1
"RIOK2",0.338152189156031,0.306012595601146,0.12,0.103,1
"KBTBD2",0.338728980925254,0.440852654366678,0.166,0.153,1
"PIGS",0.339187578883303,0.646325575318868,0.127,0.114,1
"ZNF44",0.345228871455111,-0.251322159155757,0.106,0.123,1
"ING3",0.348185500864873,0.32728989663043,0.178,0.16,1
"POLK",0.348793190013451,-0.28406663052289,0.101,0.117,1
"DNAJB1",0.350671692875026,0.330387531541509,0.291,0.274,1
"HIST1H4E",0.351936381947421,0.372711680500603,0.118,0.103,1
"SLCO3A1",0.352193935272618,0.325065150697437,0.187,0.17,1
"PHF12",0.352648893445746,0.410113795781102,0.146,0.13,1
"NAA16",0.354161502155559,0.382969186132107,0.104,0.09,1
"SNRNP27",0.360650719361742,0.272827993340509,0.252,0.234,1
"CNOT6",0.364867628715903,-0.406673740006682,0.091,0.105,1
"GABARAPL1",0.36561925962961,0.278131464781496,0.24,0.228,1
"SPG21",0.366253832030258,0.395377379756177,0.113,0.098,1
"TIMM17B",0.369399284226173,-0.26181929637562,0.12,0.137,1
"LMF2",0.371684844420516,0.347123385790425,0.101,0.087,1
"TMEM242",0.373013789669833,0.329129831303388,0.159,0.145,1
"TAF11",0.373247925309284,0.292303213356042,0.183,0.168,1
"ZNF267",0.373377999692798,0.504877318586936,0.135,0.123,1
"GLO1",0.376685682417463,0.309094342124734,0.276,0.266,1
"ZSWIM8",0.377156424959327,0.312760416487009,0.103,0.09,1
"SMIM4",0.377358708591915,0.522402538368526,0.118,0.105,1
"ATF6",0.380512740210322,0.328564922724728,0.132,0.117,1
"DRG1",0.381500340940607,0.504445831746354,0.111,0.099,1
"UBE2W",0.384078883481117,0.513922247547352,0.12,0.108,1
"SIGLEC7",0.385836727677847,0.368183584935681,0.103,0.091,1
"ICE1",0.388494205031349,0.259109289166921,0.139,0.163,1
"DLG1",0.388762055666345,0.29011436851552,0.187,0.174,1
"WWP1",0.388929209144756,0.310129528029801,0.168,0.15,1
"KDM7A",0.390693296528642,0.411089854202111,0.101,0.088,1
"FAM76A",0.391070489293255,0.282715270811488,0.113,0.099,1
"MAN1A1",0.392402700523169,0.299984303611831,0.223,0.212,1
"FAM160B1",0.39366497391081,0.376185644908998,0.146,0.132,1
"INTS11",0.394607504048894,-0.298538366948022,0.118,0.134,1
"HIST3H2A",0.394615438046377,0.533835127860255,0.12,0.108,1
"FOS",0.394862645632302,-0.499632692431877,0.099,0.113,1
"RAB11FIP2",0.397674734456489,0.340497061344598,0.087,0.105,1
"ZNF430",0.397698166193884,0.297156580724836,0.192,0.177,1
"SYNJ2BP",0.400295125821245,0.447878096428353,0.116,0.103,1
"DHX30",0.400347249444842,0.390768322060506,0.14,0.127,1
"THAP7",0.40248421460848,-0.311661967745661,0.104,0.119,1
"ELMO1",0.402533989593195,0.466634977545914,0.123,0.11,1
"APOL3",0.403637126976794,-0.254530976764945,0.089,0.102,1
"CHRAC1",0.406297502507504,0.43111253283399,0.197,0.19,1
"PAM16",0.413943237817541,-0.26172914248207,0.091,0.103,1
"LINC02256",0.416069929639338,0.341462949346307,0.118,0.105,1
"RBM18",0.425169730498682,-0.256431116577635,0.091,0.105,1
"MEF2D",0.431119788985846,0.357524334896624,0.135,0.124,1
"RRAS2",0.431854189111244,0.275365719615245,0.182,0.167,1
"VPS51",0.432817861280292,0.287800508786701,0.26,0.248,1
"TFG",0.433065816828599,-0.273167893415936,0.099,0.112,1
"MRPL24",0.434471513426453,-0.261092930869502,0.094,0.106,1
"NME1",0.440459274689139,0.364356306404323,0.137,0.127,1
"CCL3",0.441256693575192,0.517520560865286,0.199,0.192,1
"STK25",0.443357991056461,-0.253744222150236,0.096,0.108,1
"LINC01278",0.443996197984401,0.783739219826971,0.113,0.103,1
"NEDD9",0.443997496244947,0.38777822357881,0.17,0.16,1
"CCR7",0.444962633410072,0.264049545476089,0.111,0.099,1
"TIMM9",0.448487575763957,0.352541340722156,0.147,0.135,1
"PDXDC1",0.453793845383052,0.344449992477932,0.113,0.102,1
"FAM177A1",0.453925167682596,0.357747900246172,0.224,0.219,1
"TMEM41B",0.456105155525147,0.257037668477326,0.17,0.156,1
"RNF187",0.456269219703722,0.314113411447803,0.178,0.168,1
"ATF7IP2",0.459538791619136,0.304749096575493,0.175,0.163,1
"PF4",0.461985749702208,-0.672754420487514,0.235,0.251,1
"MTURN",0.464086612696428,0.341736730721646,0.101,0.091,1
"HIST1H2AK",0.464250934908269,0.360397126992688,0.116,0.106,1
"GALC",0.464709260702552,0.330438260324889,0.142,0.131,1
"POLR2M",0.466627870623274,0.270679110393277,0.125,0.113,1
"GLRX2",0.469249934349354,0.332139035814012,0.111,0.101,1
"SQOR",0.47209679126177,0.306435096667583,0.092,0.108,1
"PAGR1",0.472714423487273,0.269219956191891,0.164,0.185,1
"PIGC",0.473761369756652,0.355707242188735,0.178,0.167,1
"SEC16A",0.477496659838613,-0.35020886789526,0.096,0.108,1
"GABPA",0.48314072700616,0.361395475319353,0.123,0.113,1
"NDE1",0.485953406327883,0.285880582329079,0.135,0.126,1
"THAP5",0.48932253818233,0.297964272982935,0.099,0.113,1
"GLUL",0.489921343139987,0.476978306199087,0.132,0.12,1
"PFDN4",0.492548748004424,0.260721655936582,0.236,0.226,1
"FAM53B",0.494632555648763,0.315826264466824,0.173,0.163,1
"ENC1",0.510278504457057,0.442881173349984,0.137,0.128,1
"COPS2",0.511385606961282,0.260899575501196,0.269,0.261,1
"TUG1",0.511774489919255,0.278811945043346,0.147,0.135,1
"DCTN1",0.515544583889244,0.29529638941429,0.144,0.132,1
"RSRC2",0.516730565886077,0.261348782991887,0.385,0.392,1
"RAD51C",0.517014976369574,0.339651736406235,0.144,0.134,1
"MFSD14A",0.521136172091109,0.374764550920728,0.146,0.137,1
"PQBP1",0.523927676620935,0.32886475003265,0.183,0.177,1
"B3GALT6",0.524125797112874,0.271766262936226,0.104,0.095,1
"COPS3",0.526577797144084,0.31113713730594,0.173,0.164,1
"HOTAIRM1",0.528171243667687,0.39935538781092,0.18,0.174,1
"TMEM223",0.528710449472601,-0.392488331096353,0.118,0.128,1
"PPM1M",0.530147541410976,0.364154773718248,0.113,0.105,1
"KIN",0.537133181542437,0.259174875311458,0.183,0.175,1
"PXK",0.542948028343648,0.299321607451554,0.12,0.11,1
"DHRS1",0.547095074348963,0.322751229903741,0.161,0.152,1
"OXA1L",0.550374577228122,0.267910024287635,0.171,0.161,1
"DNAJC19",0.557180277133867,0.288453623040529,0.284,0.28,1
"JOSD1",0.558183420164525,0.254863972976674,0.308,0.299,1
"MGAT4B",0.558649314191872,0.394873726045062,0.128,0.12,1
"IMMP1L",0.559111316341301,0.452380516000249,0.132,0.126,1
"PDE3B",0.559290741666104,0.351695012054977,0.132,0.123,1
"OXNAD1",0.560051160117613,0.296348278582696,0.154,0.145,1
"VPS13B",0.568175744552502,0.291706861448985,0.099,0.113,1
"CCDC28A",0.569257347886437,0.307248731389121,0.147,0.139,1
"SF3A3",0.570835065060638,0.257000657620644,0.195,0.189,1
"TMEM263",0.571747992049168,0.354754368547995,0.118,0.11,1
"MSI2",0.573084846017644,0.291939929168618,0.163,0.156,1
"RPL26L1",0.578843273840299,0.251854299573905,0.137,0.127,1
"TRIAP1",0.580294452432403,0.281307572822631,0.171,0.166,1
"TNPO1",0.580688992755813,0.403341177548405,0.152,0.145,1
"SNHG3",0.583361441466756,0.371043930160149,0.219,0.214,1
"SYNC",0.583708559522732,0.328210953773805,0.152,0.145,1
"LY75",0.586572355307802,0.275362027115563,0.173,0.166,1
"EID2",0.588169985782839,0.335688966118417,0.127,0.119,1
"MAT2A",0.589183616513518,0.383269685170999,0.159,0.153,1
"HIST1H3D",0.590151371617123,0.374159562212277,0.284,0.288,1
"GPR183",0.590643397616227,0.332604146566531,0.12,0.112,1
"MNAT1",0.59241290772365,0.369590782159582,0.214,0.204,1
"NUMB",0.594006885848076,-0.290503485368366,0.106,0.114,1
"C16orf87",0.60079985023158,0.426971847431468,0.149,0.145,1
"ATG2A",0.607849297733711,0.356587073312986,0.154,0.146,1
"BRD9",0.608884737484035,0.280622552180191,0.185,0.177,1
"IFRD1",0.619376729431955,0.253812366426297,0.128,0.121,1
"INSIG1",0.619760729986748,0.319608279384009,0.127,0.12,1
"PIM3",0.62368099376774,0.3486304077714,0.171,0.164,1
"MED8",0.626719049043798,0.361820009960914,0.116,0.109,1
"CWC25",0.628608088596763,0.29798865827707,0.137,0.131,1
"FAM217B",0.632993887235333,0.277616162590071,0.17,0.166,1
"SAMD1",0.638765192408987,0.308157695674105,0.152,0.148,1
"BIRC3",0.650781554765273,0.391720071200406,0.154,0.149,1
"NAPA",0.656608952046423,0.365082152187252,0.2,0.199,1
"BCAS2",0.656949476907436,0.288988419029279,0.291,0.295,1
"RERE",0.665405000178011,0.295992604283168,0.123,0.117,1
"RNASEH1",0.665518365256008,0.325242287365359,0.176,0.171,1
"ZFAND2A",0.675532948676756,0.337222152981878,0.182,0.178,1
"RAP2C",0.675953293090966,0.258732741250272,0.154,0.149,1
"TRIM52-AS1",0.678221863687635,0.33628308143278,0.147,0.143,1
"YY1AP1",0.679128715674397,0.293197785546917,0.103,0.098,1
"FBXL20",0.682123908537443,0.304195677964323,0.13,0.126,1
"DCTD",0.682980663352659,0.385398246572515,0.125,0.121,1
"ZBTB43",0.684606906782246,0.290072081116926,0.113,0.108,1
"RAB4A",0.684959823129413,0.360050208680804,0.241,0.24,1
"WIPI2",0.687257733771863,0.250693854362214,0.209,0.206,1
"NPC2",0.692398912112379,0.298413432774418,0.26,0.268,1
"NF1",0.693797617065274,0.274657856817833,0.122,0.132,1
"TEN1",0.695013990828247,0.332779601616809,0.125,0.12,1
"SSH1",0.695015354957491,0.258176572305555,0.123,0.117,1
"DNAJB9",0.695640414773829,0.282922067108909,0.128,0.139,1
"RAB22A",0.704489431724516,0.26323655190555,0.192,0.188,1
"ZNF7",0.707876438769403,0.420065434919215,0.101,0.097,1
"PDZD8",0.708353149905026,0.255486588467797,0.14,0.135,1
"GTPBP4",0.717121428610001,0.283183361413591,0.161,0.157,1
"PIGT",0.722864629274848,0.3639800708662,0.154,0.153,1
"ZNF277",0.722958151451785,-0.265855135934548,0.118,0.124,1
"MTMR6",0.727371082317166,0.295863459665955,0.106,0.101,1
"MED30",0.728322129138758,0.333222223965476,0.247,0.246,1
"AKT2",0.734689731500611,0.31869425773669,0.168,0.166,1
"ZNF791",0.741234019980989,0.291280940718623,0.149,0.146,1
"RC3H1",0.748381846696831,0.28082803586022,0.205,0.204,1
"ATMIN",0.748901478213847,0.349711921076661,0.18,0.177,1
"THEM4",0.751720002883785,0.27741017152086,0.104,0.101,1
"ZNFX1",0.774637054148338,0.287452896486992,0.104,0.101,1
"OSBPL9",0.780228370548339,0.277736228522379,0.135,0.132,1
"DUSP12",0.783158069259081,0.399875163899843,0.144,0.142,1
"DDX27",0.787325887211145,0.25943874665732,0.265,0.283,1
"VEGFB",0.799747569274144,0.332237748879524,0.159,0.159,1
"POLDIP2",0.802266924294878,0.254322025279077,0.106,0.103,1
"MOGS",0.806549713881835,0.406655768951709,0.101,0.098,1
"IGHM",0.811932029932162,-0.256171401604871,0.106,0.109,1
"CBX4",0.812186138076741,0.296159539837892,0.188,0.19,1
"ASL",0.821782841457628,0.289585374731758,0.108,0.106,1
"TMED7",0.83088131353369,0.254592297477498,0.154,0.163,1
"BCCIP",0.832563999521468,0.297372626210006,0.151,0.152,1
"MIGA1",0.842509171751929,0.280139760240034,0.14,0.138,1
"CHST11",0.845999712260644,0.285466234489695,0.173,0.171,1
"SLA2",0.857153266411381,0.329866645234714,0.163,0.164,1
"JMJD6",0.876348505999965,0.44505508947066,0.099,0.105,1
"UBE2S",0.889408533140488,0.345605990954381,0.156,0.164,1
"DPYD",0.890225695686227,0.259580808125242,0.13,0.137,1
"ETFRF1",0.890504116938026,0.262709250988128,0.101,0.105,1
"ZDHHC6",0.901789175614543,0.301668287215562,0.111,0.112,1
"DCTN6",0.903327292082237,0.262660960414071,0.132,0.132,1
"GAS7",0.905052861896977,0.330184977437437,0.134,0.137,1
"DPH3",0.910113120397325,0.317917303666364,0.111,0.117,1
"VPS26C",0.911404809310252,0.292146280053436,0.106,0.106,1
"SNRNP48",0.916849694754445,0.266480173552722,0.116,0.117,1
"STAT5B",0.916960336948747,0.265646227303962,0.128,0.13,1
"NPEPPS",0.918023847935885,0.309240227664959,0.156,0.159,1
"NAA15",0.924626225321433,0.288369101536706,0.13,0.135,1
"NDUFS1",0.925130081434339,0.361083541064142,0.146,0.149,1
"VIPR2",0.93837655043745,0.257009078346788,0.11,0.11,1
"TCP11L2",0.948540399606045,0.28728469359881,0.144,0.149,1
"S100A9",0.9567140375895,0.325763581613725,0.13,0.128,1
"RASGRP2",0.95724396593902,0.255829593222638,0.291,0.302,1
"SUCO",0.963711498358939,0.366814612933659,0.132,0.134,1
"CPQ",0.973581635560898,0.282812088230992,0.14,0.145,1
"TARDBP",0.974337766434381,0.270671231913428,0.168,0.174,1
"ZYX",0.976746030773514,0.326337352174685,0.132,0.137,1
"CCDC84",0.986740228897256,0.274997116811116,0.13,0.134,1
"MED6",0.987692072468965,0.276391325071136,0.207,0.217,1
