"Gene","p_val","avg_log2FC","pct.1","pct.2","p_val_adj"
"RPS26",4.11592589996958e-09,1.25324048912792,1,0.991,0.000150647003864786
"LSM2",6.88024554166241e-05,-0.659388574541874,0.732,0.953,1
"RAB32",0.000119396531521651,-1.78590632437014,0.268,0.514,1
"STK17B",0.000137523366541196,1.88160747805358,0.75,0.533,1
"NBEAL1",0.000144208933802755,-1.31804185678785,0.143,0.486,1
"YWHAZ",0.000161754003976615,0.577343583279656,0.982,1,1
"METTL21A",0.000236055673616989,-1.60705624432387,0.107,0.383,1
"NSMCE3",0.000277570412282192,-1.15367849520778,0.196,0.523,1
"GAPT",0.000296818427908786,-1.05458045081729,0.304,0.636,1
"HIST1H4C",0.000316857199735902,-0.585874595813426,0.946,0.981,1
"PAGR1",0.000446421212025768,-1.22139241699664,0.196,0.467,1
"TSSC4",0.000489539349819628,-1.13720458934097,0.232,0.514,1
"CBX5",0.000498781134775612,-0.700655478526029,0.339,0.692,1
"FXYD7",0.000549423518531704,3.4489058426768,0.161,0.019,1
"ATPAF2",0.000588131198954801,-1.70515335397095,0.071,0.308,1
"CPPED1",0.000591550385393499,-1.71857355219525,0.268,0.533,1
"MTRNR2L1",0.000631838684703825,-0.815478405705067,0.214,0.486,1
"MAP3K8",0.000731102549604758,0.866224519290375,0.518,0.262,1
"SGK3",0.00078629277520473,-1.20704676098824,0.304,0.542,1
"NUDCD2",0.000839163180143893,-0.925675267051651,0.482,0.692,1
"CHD4",0.000856108453185229,-0.634092394380765,0.625,0.822,1
"BSPRY",0.000914465545582297,-1.38996500136703,0.054,0.28,1
"KDELR1",0.000939466482684188,-0.517891247651309,0.714,0.897,1
"CORO1B",0.00095328602484398,-1.13389675091015,0.268,0.505,1
"NFE2",0.00100213260252459,-0.832959543744193,0.321,0.589,1
"RSPRY1",0.0011681836030228,-1.47778315655609,0.125,0.374,1
"ZNF281",0.00117756285157626,-1.34038514493825,0.179,0.439,1
"MAT2B",0.00120985795464004,-0.793310395862245,0.375,0.617,1
"ITGB7",0.00122536967402499,1.50964310747222,0.268,0.075,1
"AC114760.2",0.00127761233577135,2.22441290851724,0.286,0.093,1
"BTN3A2",0.00128001582714651,-1.29174888970604,0.161,0.411,1
"DENND2D",0.00135635903504087,-2.74735941993403,0.018,0.196,1
"HAGH",0.00137678919206128,-1.31662088230055,0.143,0.374,1
"SYPL1",0.00142394039566901,-0.583742060539352,0.625,0.841,1
"ATP5MPL",0.0014589402769493,-0.485158758837974,0.857,0.944,1
"TNIP1",0.0014931874219207,-1.55012002588539,0.125,0.355,1
"SUV39H2",0.0014939548066826,2.31494462509002,0.214,0.056,1
"ZBTB43",0.00151594134834787,1.73440409356391,0.375,0.159,1
"STARD3NL",0.00159640110126741,-0.839393596449566,0.232,0.495,1
"XYLT1",0.00162597773693506,1.64223837992922,0.357,0.159,1
"ST8SIA6",0.00167201879358671,-1.25416401353795,0.25,0.505,1
"HCCS",0.00190345672040729,-1.74778415430554,0.054,0.252,1
"H3F3B",0.00192638691027487,0.375889475525562,1,1,1
"LRIF1",0.00209121071938812,-2.34735173416914,0.054,0.243,1
"AREG",0.00210458124263253,3.06977517882469,0.232,0.065,1
"CALM1",0.00213435736131639,0.501624778441967,0.929,0.907,1
"HADH",0.00217436925149143,1.3518808109057,0.518,0.29,1
"TCEA1",0.00227591292837164,0.493347611545908,0.911,0.916,1
"MOSPD1",0.00239880190203339,2.05091601025005,0.196,0.047,1
"DDIT4",0.00244647172350617,1.19762069662247,0.554,0.346,1
"TRAM2",0.0024512255943166,2.06289092810299,0.161,0.028,1
"MXD1",0.00258876199369871,1.13790677744536,0.429,0.215,1
"HDAC9",0.00264137996603247,1.48959708160369,0.304,0.121,1
"AC020910.5",0.00285356872285413,1.45957157334495,0.232,0.065,1
"AL121944.1",0.00286135061783913,-1.6056823562729,0.107,0.318,1
"TMEM173",0.00290995667996714,-0.634773378335615,0.446,0.738,1
"PEMT",0.00292027830671847,1.93036900635174,0.25,0.084,1
"RGPD5",0.00313969528370791,2.04620575943662,0.268,0.093,1
"PSMB8",0.00316988030161302,-0.554798394668282,0.768,0.832,1
"PSAP",0.00328565665193395,-0.780607623984903,0.446,0.664,1
"SLK",0.00333149467450034,1.16595922914016,0.661,0.458,1
"CKB",0.00340716741610928,-2.58509068138107,0.036,0.206,1
"MYB",0.00341678298420195,-0.985997257496008,0.339,0.57,1
"SPART",0.00349611945992817,-0.663088749966264,0.429,0.682,1
"AL590617.2",0.00350190430897163,3.09728569198719,0.107,0.009,1
"CATSPERG",0.00350190430897163,2.75777237816363,0.107,0.009,1
"PRDM10",0.00361532826177822,2.70595916849099,0.107,0.009,1
"UBXN2A",0.00369488127770541,0.939626843729616,0.429,0.206,1
"DDX39B",0.00375228956145761,-0.395577449266873,0.714,0.897,1
"RASD1",0.00380976706524911,1.81756709660713,0.232,0.075,1
"MALAT1",0.00383183407627582,0.49876792538768,1,1,1
"DGKZ",0.0038551244752284,-0.99713404423151,0.321,0.542,1
"AL662844.4",0.00387457425579094,-1.33721956200689,0.196,0.411,1
"METRNL",0.00391833326357973,1.80518311742855,0.286,0.112,1
"PCNA",0.00396324138407264,1.31957621543163,0.339,0.14,1
"CASP8",0.00397895695265445,0.731197556020489,0.607,0.383,1
"MTFR1",0.00399716775056866,-2.36769846575354,0.018,0.168,1
"CD79B",0.00410425976929493,-1.39777964544092,0.071,0.271,1
"POLD3",0.00426218469096824,-1.86175301581515,0.054,0.234,1
"SKIV2L",0.00427998020477862,2.55178753413255,0.143,0.028,1
"HOXA3",0.00430172421833397,-2.24635887876607,0.071,0.252,1
"IMMP1L",0.00435227614310821,-0.679710076814208,0.232,0.449,1
"HNRNPDL",0.00437207547402102,0.369858430361158,0.946,0.944,1
"IKBIP",0.00440316133104501,-1.21881230819976,0.161,0.374,1
"HEMGN",0.00442998529302021,-0.850146601413805,0.411,0.598,1
"ZKSCAN4",0.00448140831442167,-1.68978575197422,0.054,0.234,1
"ATP6V1D",0.00454032827136971,-0.908161679870958,0.25,0.486,1
"PPP4R2",0.00459374111187799,-0.683054483788268,0.393,0.579,1
"CACNB4",0.00459743900571266,2.91762415665196,0.125,0.019,1
"SMKR1",0.00459743900571266,2.92404596388244,0.125,0.019,1
"POP5",0.00460130296319056,-0.965281759766394,0.339,0.542,1
"TMEM251",0.00469943977879576,-1.48781505434451,0.089,0.271,1
"FGD6",0.00472605090961516,2.74332258946933,0.125,0.019,1
"SPACA6",0.00473381895008252,2.67387179524963,0.143,0.028,1
"EGLN3",0.00487600839557981,-2.79432017696062,0,0.131,1
"ARMC7",0.00487600839557981,-2.80026167366915,0,0.131,1
"ANAPC10",0.00493008863210453,-1.52114853207376,0.125,0.327,1
"GNG5",0.00496740672788124,0.470053487628764,0.929,0.888,1
"GLI4",0.00497591376832894,-1.95714234884426,0.036,0.196,1
"TNFRSF1A",0.00498030714347869,-0.734867732472008,0.393,0.617,1
"BIVM",0.0050434756541888,-1.53856115843223,0.071,0.262,1
"CNIH4",0.00511683406386873,-1.43053526050937,0.054,0.234,1
"CUL3",0.00534095880642521,-0.820827251315022,0.339,0.551,1
"POLA2",0.00536913284935131,1.99855784377567,0.179,0.047,1
"MICAL1",0.00546415153515596,1.35390762180025,0.286,0.112,1
"USP12",0.00567296125761278,1.24922894226365,0.393,0.187,1
"TAFA2",0.00572770057897553,-1.69683561775218,0.089,0.271,1
"TMEM62",0.00577424432716273,2.07567949898748,0.143,0.028,1
"GCSAML",0.00585991281785209,-1.93578747873181,0.125,0.308,1
"LRCH3",0.00591183730941376,-1.09637222655651,0.161,0.364,1
"ZNF347",0.00591857652122133,1.8942670073187,0.161,0.037,1
"RAB37",0.00596114891007477,-0.822831863660472,0.429,0.654,1
"ZNF793-AS1",0.00606490908699482,1.99810937916604,0.143,0.028,1
"ARHGAP9",0.00609095119171407,-0.946606210553338,0.232,0.449,1
"CMBL",0.00614337346866094,-1.17702776138916,0.161,0.374,1
"ERMAP",0.0061601071986361,-2.24507673095132,0.018,0.159,1
"AEBP1",0.00616352342165256,-2.06974712832343,0.036,0.187,1
"LMBRD2",0.00623368642454629,1.77558945997458,0.179,0.047,1
"TAGAP",0.0062727286885641,-0.850113246608283,0.214,0.43,1
"B4GALT1",0.00648740041120744,1.6528789783507,0.339,0.159,1
"PAX8-AS1",0.00652228771036194,1.58707579250329,0.268,0.112,1
"CRK",0.00661923350021329,-2.13332678687245,0.036,0.187,1
"PKNOX1",0.0067062361844579,0.994719805722101,0.268,0.103,1
"CREG1",0.00679121576643155,-0.752391826427509,0.393,0.626,1
"AC104530.1",0.00685292387092354,-2.80860776127482,0,0.121,1
"ERP44",0.0069217691415029,-0.867170291301982,0.375,0.589,1
"NXT2",0.00694099734275134,1.28047083237889,0.214,0.065,1
"DYNLL1",0.00695746019002005,-0.489215306845241,0.786,0.916,1
"RARS",0.00698241953091436,-0.894103985802012,0.179,0.402,1
"NDUFA9",0.00702598007080624,-0.931645557878775,0.25,0.458,1
"CTSC",0.00704838887954663,0.994104651295833,0.696,0.57,1
"TAF8",0.00712325403058951,-1.23059312812628,0.125,0.336,1
"RCSD1",0.00714076789162769,-0.750081174595557,0.518,0.757,1
"CHST12",0.00733708175156782,-0.689473043622328,0.375,0.598,1
"MRPS18A",0.00738686256993977,-1.06499999945798,0.161,0.364,1
"WDR74",0.00738975641032775,1.22448227976024,0.339,0.159,1
"MRPL32",0.00748945031435328,-0.803937474201221,0.321,0.533,1
"WARS",0.00757679916780079,2.20941447369977,0.214,0.075,1
"FAM168A",0.00763102431674889,1.14772632680461,0.196,0.056,1
"ULK1",0.00764792246962444,-1.75876812679098,0.054,0.215,1
"TMEM91",0.00767902340661455,-1.16918577159897,0.161,0.364,1
"DOCK8",0.00779244030424402,-0.615262893820905,0.536,0.738,1
"TMEM35B",0.00792700250433669,-1.09029786217235,0.179,0.393,1
"ZNF490",0.0080919031338786,-2.04141130985583,0.018,0.15,1
"TRMT112",0.00840081068063421,-0.417473623820755,0.821,0.907,1
"AL450998.2",0.00849212489258802,-1.04275383623263,0.232,0.43,1
"KLF3",0.00850967749143736,0.902308416328717,0.643,0.458,1
"SNHG29",0.00863686383148642,-0.267735100111171,1,1,1
"ALPK1",0.00870202977599214,-1.74758754607659,0.071,0.234,1
"TPSB2",0.00870645403203207,-2.70393432224598,0.054,0.215,1
"HRAS",0.00891348390526488,1.16964808668924,0.321,0.15,1
"NAA25",0.00904048127293291,1.62525287798241,0.321,0.159,1
"MECOM",0.00910224694104305,-1.61957774695923,0.054,0.206,1
"DNAL4",0.00925153111769585,-1.6771882499632,0.054,0.206,1
"GUCY1B1",0.00931583605754048,-1.20868148411533,0.196,0.383,1
"CDKN1C",0.00933965772437767,-0.805073801563251,0.143,0.355,1
"EPS15L1",0.00960858676756483,-1.25106361927813,0.143,0.327,1
"FANK1",0.00961504117936514,-2.24611600530518,0,0.112,1
"ZNF74",0.00961504117936514,-2.28321242203186,0,0.112,1
"PTPN18",0.00968686620379187,1.02536618193401,0.357,0.168,1
"GLA",0.00975705493001623,-1.18058104365943,0.107,0.29,1
"SH2B1",0.00981411225525466,2.05387707957755,0.179,0.056,1
"NIPBL",0.00990091986250821,-0.706656339171946,0.482,0.701,1
"HMGA2-AS1",0.0101512778480579,3.15779637807862,0.161,0.047,1
"ZKSCAN8",0.0102390679659665,1.23938281211663,0.339,0.168,1
"TOP3A",0.0104672893566122,1.8369846602342,0.214,0.075,1
"FERMT3",0.0105357316895943,-0.604585546194282,0.571,0.654,1
"DPY30",0.0109145346339043,-0.71565693563486,0.304,0.533,1
"SUMO2",0.011014534864546,-0.297418026254792,0.982,1,1
"IRF8",0.0110315473374399,1.97597763714864,0.179,0.056,1
"MRPS14",0.0110505437598117,-1.05317808947658,0.196,0.383,1
"MAEA",0.0111120112088679,-1.4289531368771,0.107,0.28,1
"ZDHHC14",0.0111201498029316,1.2303573856567,0.232,0.084,1
"RALA",0.0111826321693523,-0.672189796536245,0.411,0.636,1
"ZNRF1",0.0112515578665906,-0.515304054818192,0.571,0.738,1
"ABCC1",0.0113114875465632,-0.589709771857789,0.25,0.467,1
"NUDT4",0.0114484203912364,-0.724443936430375,0.286,0.477,1
"RFX1",0.0114576336338298,-1.17380791606336,0.196,0.383,1
"PIGBOS1",0.0114630934552398,-0.748161487619587,0.25,0.458,1
"APLP2",0.0114787547308351,-0.464149844086814,0.625,0.822,1
"TMEM44",0.011583203196715,-1.51267802576767,0.054,0.206,1
"AMOTL1",0.0116891751302538,1.72685840142481,0.179,0.056,1
"C4orf46",0.0116891751302538,-2.3278613363146,0.018,0.14,1
"MICU3",0.0116891751302538,-2.29090879575318,0.018,0.14,1
"CHEK2",0.0116891751302538,-2.21071091593207,0.018,0.14,1
"AGGF1",0.0117900553801401,-1.3195617898946,0.196,0.364,1
"SERINC5",0.0118101941710198,-1.67125533727844,0.071,0.224,1
"UBXN1",0.0119106759945902,-0.365076385156188,0.893,0.944,1
"SEPTIN5",0.0119159876278143,-1.95365705261792,0.018,0.14,1
"LTB4R",0.0121445357152924,3.09470490199087,0.125,0.028,1
"CLINT1",0.0122352086299061,-0.699195249731,0.554,0.738,1
"RC3H2",0.0122457510970624,0.756971547657596,0.554,0.383,1
"SKIL",0.0122754841083196,2.03820265393443,0.304,0.15,1
"ENDOG",0.0123529009037121,-1.02760420813728,0.089,0.252,1
"MPP7",0.012355903292159,1.51536908652213,0.268,0.121,1
"ZNF197",0.0123813495683211,1.6376021492085,0.179,0.056,1
"NDUFB2",0.0125144798374637,0.403268272006324,0.893,0.832,1
"PRR4",0.0125217307185867,2.38266908207834,0.107,0.019,1
"AL353807.5",0.0125334034787403,2.17507608284768,0.143,0.037,1
"RNF8",0.0126830438680421,-1.30138046511085,0.161,0.327,1
"INPP4B",0.0127089965777569,-1.16480318786991,0.089,0.252,1
"PIM3",0.0128308883745954,1.54590628827881,0.393,0.234,1
"CHD1L",0.0128552365506435,2.12396955665499,0.107,0.019,1
"SBF2",0.0128562557931749,1.49555519987968,0.286,0.14,1
"TTC33",0.0129036735849085,-1.94252761356345,0.036,0.168,1
"PEF1",0.0129548298094748,-0.918078410551367,0.214,0.421,1
"PDCD7",0.0129714347332114,-0.538480290071053,0.446,0.645,1
"LY86",0.012978955250644,1.91369715576921,0.161,0.047,1
"JARID2",0.0130196202699318,-0.645222499084899,0.464,0.654,1
"CCDC88A",0.0130831342784695,-0.639579714328836,0.536,0.757,1
"BAZ1A",0.0130952023488363,-0.747286437644864,0.375,0.598,1
"TNFSF4",0.0131277378969661,-2.10504720248918,0.036,0.168,1
"LLGL2",0.0131965779546934,2.6071626321456,0.107,0.019,1
"PGM3",0.0132434138240212,2.07849788223986,0.161,0.047,1
"ARHGAP19",0.0133606126060085,1.74363842463557,0.179,0.056,1
"TMED1",0.0133750588882409,-1.23051730034281,0.125,0.29,1
"COMMD1",0.0134212779599569,0.786768852000775,0.607,0.402,1
"AC016394.1",0.0134723933035517,-2.06528255288976,0,0.103,1
"IPO4",0.0134723933035517,-2.29349487581163,0,0.103,1
"ZNF839",0.0134723933035517,-2.08377368993097,0,0.103,1
"ABHD15",0.0134723933035517,-2.1473982495996,0,0.103,1
"CDH26",0.0134723933035517,-2.22716323212608,0,0.103,1
"USP27X",0.0134723933035517,-2.52203484258735,0,0.103,1
"FAM117A",0.0134865038537979,-0.377334248858001,0.589,0.813,1
"AP3M1",0.013487420081299,-1.06213554749524,0.143,0.318,1
"ARHGAP1",0.0135885082644273,0.955586483957579,0.429,0.252,1
"VPS8",0.0136268252660138,-1.10209153165761,0.107,0.28,1
"NAE1",0.0136439985184994,-0.516288204366676,0.411,0.617,1
"BCAS3",0.0137282135374982,1.29635412771994,0.304,0.15,1
"ST7-OT4",0.0139033842716537,2.2520187866933,0.107,0.019,1
"PARP15",0.0139647281466072,2.20937553338257,0.143,0.037,1
"ABCD1",0.0139647281466072,1.90008588358034,0.143,0.037,1
"MTMR4",0.0140279146225985,-0.909361764053707,0.089,0.252,1
"NDUFA8",0.0140856817521138,-0.694966520224206,0.393,0.598,1
"Z97192.1",0.0142691630600762,2.06346447607166,0.107,0.019,1
"NCAPH2",0.0142805055440783,1.39722993741889,0.196,0.065,1
"TRIM73",0.0142976342510108,0.812878698775013,0.411,0.215,1
"MBD4",0.014304398448519,0.653592338171976,0.643,0.477,1
"MOB2",0.0143226866332099,-0.996666687996978,0.214,0.411,1
"PGRMC1",0.01450176260615,1.09184542247847,0.518,0.364,1
"EID2B",0.014545783582239,-1.63160494367661,0.036,0.168,1
"DLEU2L",0.0146434051907588,1.82227559266247,0.107,0.019,1
"ATG16L1",0.014658718105261,2.67746692349806,0.125,0.028,1
"FAM89B",0.0147128578367149,0.719923073971078,0.679,0.551,1
"UBP1",0.0148774111133409,1.12164927206905,0.321,0.159,1
"PINX1",0.0149222615554198,1.77441137598671,0.214,0.084,1
"E4F1",0.0149579097863457,-1.45545929508309,0.018,0.14,1
"TMEM80",0.0150425751008486,-1.33269905312546,0.089,0.252,1
"TRIM56",0.0150716326125152,-0.977826337397779,0.393,0.561,1
"PTGER2",0.0151007318420961,-1.31919046736546,0.161,0.327,1
"HOOK2",0.0151212343800736,-1.52727364454312,0.054,0.196,1
"VPS35L",0.0152468516082295,-1.35062338046343,0.125,0.29,1
"ATL1",0.0153041916087449,-1.66844278725738,0.036,0.168,1
"RNPS1",0.0153444469203874,-0.365203424275464,0.464,0.757,1
"RABGGTB",0.0153967275815418,0.984259303669124,0.464,0.299,1
"TESC",0.0154330938602406,1.45903657385453,0.268,0.121,1
"HIST1H2BH",0.0155265321793454,1.39323908355126,0.179,0.056,1
"LINC02021",0.0155384584965822,1.70315821152313,0.143,0.037,1
"TMTC3",0.0157137312365493,1.69539786477671,0.125,0.028,1
"AC005632.3",0.015870947275801,1.65607364532498,0.143,0.037,1
"SAMHD1",0.0159160182867694,0.921311031247994,0.393,0.215,1
"MRPL15",0.0160087445465863,-0.768908781642994,0.25,0.458,1
"MREG",0.0160799533750261,1.63927306560828,0.125,0.028,1
"PAIP2B",0.0162072756599494,-2.24706064105115,0.018,0.131,1
"STK19",0.0163028655655811,-1.03560498532156,0.196,0.374,1
"SMCR8",0.0163240426002683,1.27411518707878,0.232,0.093,1
"AC091729.3",0.0164739950050373,1.66370680805468,0.214,0.084,1
"SLC4A1AP",0.0165508961009582,-1.69198196798722,0.089,0.234,1
"ATP13A3",0.0165559780786246,1.33158327862188,0.321,0.159,1
"CD3E",0.0167064141817603,1.93550321920218,0.25,0.112,1
"CLPP",0.0167263551083009,-0.620945481595789,0.393,0.617,1
"MRPL46",0.0167839071091989,-1.19662717774207,0.143,0.308,1
"WDR43",0.0168975617374321,1.05079572817988,0.482,0.318,1
"AASDHPPT",0.0169143989648139,-1.00256034297096,0.232,0.411,1
"MTFR1L",0.0169238514983588,-1.65321537453355,0.071,0.215,1
"GNAI1",0.0170259407458646,-0.984077203035062,0.268,0.458,1
"OTUB1",0.0170387362330239,-0.733682453540568,0.357,0.542,1
"HNRNPA3",0.0171261508343595,0.359175965099869,0.875,0.935,1
"RTKN",0.0171578347507232,-1.86174887279718,0.018,0.131,1
"LEO1",0.0172187469480559,-0.775396264060353,0.161,0.336,1
"RELA-DT",0.0173017279501287,1.51036206924726,0.214,0.084,1
"SEC24D",0.0173200940218017,-2.24048437152245,0.036,0.159,1
"GALK2",0.0173471632627504,-1.00955429867352,0.161,0.346,1
"DAB2",0.0173833931330637,-1.74590913273355,0.054,0.187,1
"RALBP1",0.0176783438010178,-0.42633182483985,0.696,0.832,1
"GBP4",0.0179850358969689,-0.601491987074494,0.321,0.523,1
"ANKRD40",0.0182243370439153,-1.8543339903973,0.036,0.159,1
"CDC7",0.0183818135275325,1.28308236973846,0.143,0.037,1
"NCF4",0.0184036402606015,-0.880987734328162,0.411,0.533,1
"SENP6",0.0184509249908938,-0.452005533876894,0.446,0.664,1
"CMAS",0.018521238490738,-0.899806323392698,0.321,0.505,1
"BAK1",0.018534803705834,-1.6948810558961,0.036,0.159,1
"DAAM1",0.0186582630982391,1.06322822902424,0.411,0.243,1
"CAVIN2",0.0187275447961032,-0.36203437148676,0.357,0.523,1
"EIF4E2",0.018728837718955,-0.61305995601226,0.429,0.607,1
"UBN2",0.0189153703314609,-1.04009809780672,0.196,0.364,1
"IDI1",0.0189856131670292,0.913264762047591,0.536,0.364,1
"HDDC3",0.0190355341167433,-1.14852869555365,0.196,0.346,1
"RPP25L",0.0190811044361933,-1.09594563176484,0.161,0.318,1
"IGBP1",0.0192710783379792,-0.365800451155655,0.732,0.879,1
"SIPA1L1",0.0193763296493653,1.30156899664908,0.214,0.084,1
"LAPTM4B",0.0195403717459664,-0.443883780241673,0.429,0.617,1
"CHCHD2",0.0196708996819765,0.313433924373518,0.982,1,1
"ASL",0.0196962658752168,-0.968816553723336,0.089,0.243,1
"GNL3",0.019878941627704,-0.65539989572865,0.321,0.551,1
"THEM6",0.0199355831063878,-1.64856333662235,0.018,0.131,1
"SHFL",0.0199461374658597,1.20673098267051,0.321,0.168,1
"FLNB",0.019989801905914,1.25522559289194,0.232,0.093,1
"CD47",0.020085259966894,-0.417713281853377,0.643,0.879,1
"MMGT1",0.0201101847382382,-1.01248236622339,0.179,0.364,1
"ZC3H7A",0.0201966096493597,-0.614673083810648,0.25,0.467,1
"PATL1",0.020203556147309,1.08198732730102,0.321,0.168,1
"RPL22L1",0.0202630992047773,0.611041478977749,0.893,0.85,1
"OARD1",0.020288160335029,-0.710105641921956,0.482,0.626,1
"EMC8",0.0203347980675628,1.38583705028544,0.304,0.159,1
"SEPTIN1",0.0204906853884982,-1.23165091709767,0.196,0.364,1
"EXOC2",0.0204965741905452,-1.77390539181019,0.036,0.159,1
"SLC38A1",0.0206874783981511,0.767638264353932,0.482,0.308,1
"ZSCAN26",0.020688543910123,-1.30374924297472,0.018,0.131,1
"NCKAP5L",0.020688543910123,-1.40818347644715,0.018,0.131,1
"CTSW",0.0207152191196766,0.922592130240008,0.607,0.495,1
"CHMP5",0.0207181669534348,-0.406701425435139,0.393,0.636,1
"BEX5",0.0207967675503685,-1.60830588988882,0.089,0.224,1
"SOCS5",0.0209525802875311,-1.01586768234262,0.107,0.271,1
"ZBTB14",0.0210742370217322,-1.2367645612621,0.018,0.131,1
"BRWD3",0.021146963773858,1.4167548076985,0.304,0.159,1
"CRYZ",0.0211895784215831,-1.59247612377481,0.036,0.159,1
"MAP3K20",0.0211895784215831,-0.94770795047946,0.036,0.159,1
"BLOC1S5",0.0212932156708924,-0.883370482144346,0.179,0.364,1
"LYSMD2",0.0214540511862222,-0.275372332069572,0.411,0.589,1
"DSE",0.0215803513332251,-0.810780990380958,0.054,0.187,1
"ALDH6A1",0.0215946785591466,-1.03797980177391,0.143,0.299,1
"TIMMDC1",0.0216059005702056,-0.648099720094182,0.304,0.486,1
"MDK",0.0216537624111368,-1.14772355063471,0.232,0.402,1
"UTP15",0.0217226422180117,1.82664197141908,0.196,0.075,1
"ACADVL",0.0218117908985626,-0.532344291157001,0.357,0.561,1
"DRAM2",0.0219080439609156,0.791408423642857,0.518,0.393,1
"HAX1",0.0219306069456626,-0.664437303724393,0.339,0.551,1
"SRD5A3",0.021987244151335,-1.27356687640154,0.107,0.262,1
"EPN1",0.0222421862721538,-0.941992356585075,0.214,0.383,1
"SNHG8",0.022288881097042,-0.369198525477287,0.946,0.991,1
"PIBF1",0.0223710856951871,-0.433374890654183,0.214,0.411,1
"SLC25A30",0.0226803310750517,2.02196520550946,0.161,0.056,1
"TRMT2B",0.0226803310750517,1.86091504520827,0.161,0.056,1
"EGLN1",0.0228238755162917,1.59993945204678,0.196,0.075,1
"LANCL2",0.022845286180224,2.1067807992724,0.179,0.065,1
"RXFP1",0.0228568253368463,-2.87008265750064,0.018,0.121,1
"COQ9",0.0229413286118228,-0.77150350373871,0.107,0.28,1
"MITD1",0.0229498834550544,-0.611539905124687,0.339,0.514,1
"C9orf85",0.0230597717724217,-1.36984167560051,0.089,0.234,1
"ATP5IF1",0.0230786880082364,0.330621400712222,0.911,0.916,1
"TBC1D25",0.0232909119242949,-1.88725627229068,0.018,0.121,1
"IFFO2",0.0233145096461056,1.84430667046605,0.214,0.093,1
"PUS3",0.0233145096461056,1.5309729195734,0.214,0.093,1
"POLR3E",0.0233145096461056,1.43770223137034,0.214,0.093,1
"CCDC91",0.0233512854032225,-0.427730131671143,0.25,0.449,1
"EIF4G2",0.0234199614358227,0.499099782649771,0.875,0.879,1
"AC244502.1",0.0235240644487945,-1.41033261174938,0.179,0.336,1
"GVQW3",0.02358145750951,-1.8864738572007,0.036,0.15,1
"PCTP",0.02358145750951,-1.70181084452187,0.036,0.15,1
"DNAJC27",0.0235846965401572,1.39628889367425,0.196,0.075,1
"RBM4B",0.0236908972853707,-1.18897441315016,0.089,0.234,1
"KIAA1841",0.0237321377038021,-1.81541339960804,0.018,0.121,1
"MALRD1",0.0237321377038021,-2.08611584079392,0.018,0.121,1
"GLMP",0.0237783058459116,-0.971039147388596,0.036,0.159,1
"GBF1",0.0237783058459116,-1.1381640687294,0.036,0.159,1
"DDX23",0.023842211098562,-0.843519703529585,0.179,0.364,1
"KPNA6",0.0239580106275078,-0.527474257885117,0.161,0.336,1
"ZNF699",0.0239732924046532,1.16634268928139,0.196,0.075,1
"MRPS16",0.0242417313815781,-0.793801917813781,0.429,0.551,1
"GPN1",0.024255990041563,-1.05006220392755,0.214,0.355,1
"NDUFAF3",0.0243265325546495,-0.323774888670836,0.518,0.72,1
"PPP1R15A",0.0243493271328878,-0.293912608523747,0.375,0.57,1
"ZNF689",0.0243832624998742,-1.71502612643627,0.036,0.15,1
"COA5",0.0244129725669853,-0.566378284034236,0.286,0.477,1
"PRPF4B",0.0244968324874645,0.938590353972432,0.679,0.673,1
"RETREG2",0.0246000806886123,-0.715815933884713,0.268,0.439,1
"CLEC12A",0.0246363845362728,-2.23956168687989,0.018,0.121,1
"ANKRD27",0.0247467861946822,-1.00889107409574,0.089,0.243,1
"ACADSB",0.024767168929142,1.62464536802353,0.196,0.075,1
"ELMOD2",0.0247825253012047,-0.946203411660837,0.161,0.318,1
"TRIM21",0.0248639559824328,-0.888532568280571,0.089,0.224,1
"SPATC1L",0.0249052600676797,-0.55676943764156,0.214,0.421,1
"ARHGEF12",0.0249208395392193,1.50855184157132,0.25,0.121,1
"DDX54",0.0249526705434369,-0.961042050098674,0.286,0.421,1
"AP3B1",0.0250327657694708,1.11850871601954,0.464,0.318,1
"LTC4S",0.0250444644217899,-1.07818382908566,0.107,0.271,1
"SARS2",0.0252085888933082,-1.96719390296491,0.036,0.15,1
"TRIB2",0.0253561659487194,0.683052282616908,0.429,0.243,1
"URM1",0.0254908740358074,-0.860785522228372,0.321,0.467,1
"CLTA",0.0255462907050972,-0.25190331140594,0.768,0.897,1
"SKAP1",0.0255472199559633,-1.58348962736158,0.089,0.224,1
"PKD2",0.0256454005723207,-1.11031607727053,0.107,0.262,1
"LSP1",0.0256502996223766,0.606584760996403,0.768,0.626,1
"NAT10",0.0256759115536893,-0.974590280752839,0.089,0.234,1
"ZNF518A",0.0257057436770068,-0.915178755624521,0.179,0.346,1
"RCN1",0.0258468690112263,-0.908054807243853,0.232,0.411,1
"FAM13A-AS1",0.0258910695532694,1.97411636827484,0.143,0.047,1
"ST6GAL1",0.025964285600915,-1.00272124200528,0.161,0.318,1
"RTRAF",0.0260947471938228,0.311373641153982,0.929,0.916,1
"YPEL3",0.0261839349132028,-0.352050722700777,0.75,0.925,1
"UBR1",0.0263197488291505,-1.23823794414202,0.125,0.271,1
"PROSER1",0.0264191874351436,0.677807501654593,0.268,0.121,1
"DUS3L",0.0264918861264865,-1.5321457787785,0.036,0.15,1
"CYHR1",0.0265535426779716,-0.813991223187564,0.214,0.402,1
"METTL15",0.0265775884743505,-1.29238407267742,0.071,0.206,1
"OTUD6B-AS1",0.0266033560972019,-0.929129498522725,0.393,0.533,1
"ERLEC1",0.0266047259235333,-0.421010368488865,0.268,0.486,1
"IQGAP1",0.0270433498539279,0.695136924388784,0.714,0.598,1
"DENND6A",0.0270442676841555,-0.705530322639653,0.161,0.327,1
"ZNF654",0.0270442676841555,-1.00302891527969,0.161,0.327,1
"DNAL1",0.0270957115497249,1.35992446998669,0.179,0.065,1
"HLA-DMA",0.0271287786465833,-0.415373607603934,0.679,0.766,1
"NFKBIZ",0.0271430334205085,0.787754538634956,0.482,0.299,1
"NPTX2",0.0273268522791689,1.52266718305362,0.268,0.131,1
"SDCBP2-AS1",0.0273784391276727,-1.53479496264364,0.036,0.15,1
"DYRK3",0.0275142676982859,-1.63130510218374,0.071,0.196,1
"EIF3M",0.0275627640135841,-0.356360205113966,0.911,0.963,1
"HSD17B11",0.0276309434237518,-0.483293721795098,0.75,0.86,1
"KLHL15",0.0276567772251826,1.6958896909482,0.161,0.056,1
"ACSS2",0.0278312349880607,-1.44457456089732,0.036,0.15,1
"MGST2",0.0278919592844057,-0.446061100225421,0.429,0.626,1
"UBXN6",0.0278932181756415,-1.01790265490658,0.179,0.336,1
"ZWILCH",0.0280200845907695,1.39994748051552,0.232,0.103,1
"WDR92",0.0281983337188567,-1.49092660475628,0.107,0.243,1
"NFIX",0.0282828819206452,-1.14123761868481,0.161,0.308,1
"TAF12",0.0282843674621451,-0.663390826096997,0.214,0.393,1
"RASSF7",0.0282904728610773,-1.67643963514855,0.036,0.15,1
"ZNF528-AS1",0.0282904728610773,-1.58000276225074,0.036,0.15,1
"OLA1",0.0282943852942535,-0.370366158397537,0.696,0.832,1
"LGALS3BP",0.0284451799107173,-1.26575770337684,0.089,0.224,1
"BMP2",0.0284771974134514,2.12623476110448,0.143,0.047,1
"FAM124B",0.0284971655781418,1.30128157430856,0.179,0.065,1
"MPLKIP",0.028509309659291,-0.461693799638036,0.464,0.682,1
"GEMIN7",0.0285449398041215,-1.01904734383635,0.089,0.234,1
"LRRC8B",0.0285581705903229,-1.20471795888607,0.018,0.121,1
"EIF3F",0.028575116201507,-0.2649586444341,0.964,0.991,1
"ADGRG5",0.0286562517852936,1.51097078311897,0.161,0.056,1
"DPY19L1",0.0287562251873997,-1.37291687661364,0.036,0.15,1
"NECAP2",0.0287987755630169,-0.93700782260339,0.214,0.374,1
"GOT2",0.0288266148874344,0.939895657326821,0.268,0.131,1
"RPP30",0.0288464189365746,-1.0590947188806,0.179,0.336,1
"CCDC115",0.0290036320150682,-0.374733660817881,0.357,0.551,1
"DUSP7",0.0292285648941046,-1.5943070267306,0.036,0.15,1
"NOG",0.0292587375340914,-1.37163516133046,0.054,0.178,1
"ACAD8",0.0292587375340914,1.72375715847199,0.214,0.093,1
"IGF2BP2",0.029306956652372,-0.441344042010277,0.429,0.598,1
"TMCO1",0.0294122222052823,-0.390833511579363,0.661,0.776,1
"MRC2",0.0294267316559553,2.50600917868089,0.125,0.037,1
"RELT",0.0295723137516881,1.80341589680552,0.143,0.047,1
"TGFBRAP1",0.0295873234113688,-0.631514462200681,0.25,0.449,1
"ANAPC7",0.0297139004938873,-0.711190970528616,0.25,0.411,1
"ZNF580",0.02979230153297,-0.809004347094929,0.214,0.383,1
"KLRG1",0.0298186293410616,-0.672929889100249,0.107,0.262,1
"PACC1",0.0301197652943112,-0.953882948442462,0.125,0.271,1
"UBA5",0.030395964541934,-0.863275757781136,0.25,0.402,1
"VDAC1",0.0304150372465798,-0.443084189392811,0.625,0.813,1
"BHLHE40",0.0304749396850711,1.63322344498502,0.268,0.14,1
"HS2ST1",0.030561763483622,-0.923155797077827,0.125,0.28,1
"SVIP",0.0305990545076318,1.15020842498983,0.554,0.411,1
"NADSYN1",0.0306414644723606,1.12112565105712,0.375,0.215,1
"RGS18",0.0306552201403312,-0.811509705398153,0.161,0.308,1
"MDM4",0.0306859252455605,0.398354762846478,0.839,0.701,1
"ZNF264",0.0307394012622968,1.27805956061485,0.304,0.168,1
"MAN2B1",0.0309557514152957,-1.32300462736855,0.143,0.28,1
"FIG4",0.0310234078347294,1.62931830444125,0.232,0.112,1
"DSN1",0.0312919960431782,1.26548553074943,0.161,0.056,1
"CBFB",0.0313476789240223,-0.353147162404398,0.286,0.477,1
"SLC25A37",0.0314490822670005,1.12805410216494,0.375,0.224,1
"NAA35",0.0314901624312445,1.20578330190978,0.321,0.178,1
"TMEM159",0.0315107134353697,-0.706621303734929,0.25,0.421,1
"TNFRSF14",0.0315277800905263,-0.69049536231058,0.196,0.364,1
"HIST1H2BC",0.0317002217215666,-0.904441175327601,0.107,0.252,1
"AL450384.2",0.0318715547793423,1.64052890803059,0.143,0.047,1
"DDX59",0.0318863489285891,-1.2958241872486,0.125,0.262,1
"TMEM203",0.0321555059121686,0.909702876188675,0.375,0.224,1
"PUS1",0.032169463088188,-2.02558593730995,0.018,0.112,1
"ACBD4",0.032169463088188,-2.04283376845592,0.018,0.112,1
"ATR",0.0322264485123788,1.11904828588079,0.464,0.327,1
"FNIP1",0.03225087366587,-0.57384043218071,0.446,0.636,1
"BCL3",0.0323358963979002,1.48174726172148,0.25,0.131,1
"BTF3L4",0.0323419843533268,-0.459873630658898,0.518,0.664,1
"RBM6",0.0323729377056198,0.721652394357993,0.625,0.449,1
"TMEM223",0.0324196518948957,-0.845593299831557,0.143,0.308,1
"ZNF302",0.0326523585064279,-0.681497059817477,0.304,0.477,1
"CLP1",0.0327724440261173,-1.74257390098128,0.018,0.112,1
"ALG10",0.0327724440261173,-1.80532492514403,0.018,0.112,1
"SIGLEC10",0.0327724440261173,-1.89004434473379,0.018,0.112,1
"SELENOW",0.0327930258422275,-0.261833143659746,0.589,0.757,1
"SQLE",0.0328611359138204,-1.1759036047624,0.286,0.439,1
"ARMC1",0.0329855455377959,-0.86108865466584,0.196,0.346,1
"TLE5",0.0330169051910896,0.311299286725049,0.982,0.916,1
"CD34",0.0330847814581625,-0.620099077113803,0.589,0.766,1
"TMEM242",0.0331384875969108,-0.811026936794186,0.161,0.327,1
"SYT2",0.0332123477422421,1.31267424280109,0.125,0.037,1
"KDM4A",0.0332258011420039,-1.2902279503876,0.143,0.28,1
"DYRK1B",0.0332568436802682,1.28099149415529,0.232,0.103,1
"ZNF608",0.0333850768325822,-1.80045643985451,0.018,0.112,1
"SEC13",0.0334583988408616,-0.800603585460316,0.232,0.383,1
"ETNK1",0.03368149894158,-0.761208316198961,0.482,0.598,1
"LINC01252",0.0337315268895925,2.311278793081,0.107,0.028,1
"AC104532.2",0.0337315268895925,1.94619414079834,0.107,0.028,1
"TMSB4X",0.0337624201578076,0.343146501199397,1,1,1
"CLEC4A",0.0338821869480636,2.08345543662528,0.125,0.037,1
"NDUFA13",0.0339048111396893,0.302147518084483,0.946,0.972,1
"PRKAR1A",0.0339293893583432,0.491520723074255,0.732,0.654,1
"TUBD1",0.0340074815646983,-1.74728466356896,0.018,0.112,1
"DNAJA1",0.0342322053096525,-0.495066349296357,0.607,0.785,1
"HIST1H2AE",0.0344124443270119,-1.44601442209926,0.107,0.234,1
"TRAF7",0.0344221443503825,-0.856167903694066,0.214,0.364,1
"EVI2B",0.034537964047942,-0.34841374706663,0.464,0.654,1
"PRKG1",0.034639779104591,-1.82723063136932,0.018,0.112,1
"LRRC57",0.0351257474020267,1.16053965766496,0.304,0.168,1
"SLC25A46",0.0351745229707336,1.19420589439526,0.375,0.234,1
"GSTZ1",0.0352877553422469,-0.995920765396434,0.161,0.318,1
"CIAO3",0.0353947872345421,-1.12189222600284,0.107,0.243,1
"TCAF1",0.0354417643415812,-0.783038521378659,0.196,0.364,1
"TIFA",0.0356332626618691,-1.07625321129539,0.054,0.168,1
"AZIN1",0.035644314062593,0.625613619451128,0.536,0.383,1
"CCDC28A",0.0356541920031927,-0.809327666863858,0.339,0.477,1
"B9D2",0.0358450597826886,0.901278275848622,0.304,0.159,1
"ZNF620",0.0359345402184285,-1.76204028429169,0.018,0.112,1
"GSTM4",0.0359414021467949,1.10513704879467,0.161,0.056,1
"AC123912.4",0.0359890041826177,0.686217486059777,0.25,0.112,1
"AL096799.1",0.036012980501576,2.16396095116712,0.107,0.028,1
"LINC01122",0.0362431097251266,-0.79529291338967,0.232,0.402,1
"TFG",0.0364823092704243,-0.855059704699924,0.286,0.43,1
"RAB3D",0.0364855257007401,-0.729258182207073,0.089,0.234,1
"TMEM220-AS1",0.0365972496163971,-1.57470133769192,0.018,0.112,1
"FAM160B1",0.0366227621716852,0.846333694602968,0.5,0.327,1
"PRKAR1B",0.0366782536642745,1.36117472662388,0.125,0.037,1
"ACP2",0.0367003828874231,-1.08750228575612,0.054,0.168,1
"GCN1",0.0367351424013303,1.13038774434385,0.286,0.15,1
"TRIM35",0.0368021387494421,1.63304504673243,0.107,0.028,1
"AC107375.1",0.0368021387494421,1.7564050433852,0.107,0.028,1
"KIFAP3",0.0370167774321495,-0.794413496546686,0.25,0.421,1
"PBDC1",0.0370433676459817,-0.266545900542373,0.25,0.439,1
"KDM1B",0.0370718423301283,-1.57383754409408,0.036,0.14,1
"FMC1",0.0370966033923317,-0.54974937161044,0.464,0.636,1
"NME8",0.0372703434545271,-1.46028707857655,0.018,0.112,1
"ACTR5",0.0372703434545271,-1.41653769851008,0.018,0.112,1
"ELAVL1",0.0373381260887629,0.688887249348277,0.679,0.57,1
"DYRK2",0.0374136727758776,0.89872488349393,0.357,0.224,1
"BCLAF1",0.0374523821418375,0.537254779702108,0.804,0.776,1
"AC092620.1",0.0376059788276582,1.58325922687343,0.107,0.028,1
"CTU2",0.0376059788276582,1.5959547487885,0.107,0.028,1
"PPIL4",0.0376634141618297,-0.582046052486464,0.339,0.523,1
"LFNG",0.0376739674978319,-1.53170561439594,0.036,0.14,1
"LUZP1",0.0376952099302806,-0.533955641054398,0.179,0.327,1
"IMMP2L",0.0377102033965483,1.01720518815345,0.464,0.346,1
"CTR9",0.0377387437606972,-0.903420243681106,0.393,0.505,1
"SHISA5",0.0379471417109027,-0.880860272247955,0.268,0.411,1
"AC099343.3",0.0379539466277238,-1.23889624783064,0.018,0.112,1
"RRP1",0.0380725603206032,-0.892908148113652,0.054,0.178,1
"SP100",0.0380860415934728,0.721292915929117,0.679,0.607,1
"SLC9A6",0.0381484856225597,1.11023156588487,0.125,0.037,1
"RRAS",0.0382843933529631,-1.29952540705062,0.036,0.14,1
"ABCA7",0.0383391811449719,1.85749098587197,0.179,0.075,1
"DXO",0.0383520469142472,-1.02170162254233,0.054,0.168,1
"NDUFS3",0.0384049346054456,-0.520204292059842,0.446,0.626,1
"FAM49A",0.0384247100664451,1.8573075966973,0.107,0.028,1
"PTDSS2",0.0384862098230464,1.43126984607518,0.214,0.103,1
"PIK3R3",0.0386481848088933,-1.46817661619186,0.018,0.112,1
"PREB",0.0386481848088933,-1.15727376115908,0.018,0.112,1
"EGLN2",0.0386910276691907,-0.462464056194182,0.125,0.28,1
"CDK6",0.0387057869234743,-0.383073308258384,0.857,0.972,1
"DDX3X",0.0387693576559706,0.258751803524342,0.946,0.86,1
"PGM1",0.0391018665174028,-1.06531412378811,0.125,0.262,1
"WIZ",0.0392254425121493,-1.43814652478299,0.089,0.206,1
"RNF43",0.0392585433311445,1.59189140684409,0.107,0.028,1
"NDUFV2",0.0393378441417312,-0.385191177583856,0.679,0.832,1
"EXD2",0.0393531844400452,-1.25001077063558,0.018,0.112,1
"LILRB2",0.0393531844400452,-1.44843265985964,0.018,0.112,1
"CISD2",0.0393975622249592,-0.44610592731822,0.357,0.533,1
"ZMYM1",0.0394879153752808,-1.27591721980173,0.054,0.168,1
"FAM162A",0.0395150992058507,-0.493325981379315,0.429,0.589,1
"AL109811.2",0.039554625142847,1.60313419727812,0.179,0.075,1
"IMPDH2",0.0396276020302903,-0.343014111952554,0.625,0.785,1
"BANF1",0.0396536806637871,-0.375051033395238,0.625,0.841,1
"TCEANC2",0.039667409207888,1.0002351588947,0.196,0.084,1
"FAM169A",0.0397384541208641,1.33722680557682,0.232,0.112,1
"CST3",0.0397774486714502,-0.64687720061551,0.429,0.579,1
"TALDO1",0.0398400642688557,-0.276906529329428,0.875,0.935,1
"ATP6V1C1",0.0400664772897609,-1.39603374592017,0.054,0.168,1
"ZG16B",0.0400690727230858,-0.806606085070239,0.018,0.112,1
"HIST1H3B",0.0401076910008373,1.04649047084145,0.107,0.028,1
"NEDD4",0.0401520250176569,1.43949146579556,0.321,0.206,1
"ZNF623",0.0401663531462041,-1.42378685062283,0.036,0.14,1
"GBGT1",0.0401663531462041,-1.20827812712613,0.036,0.14,1
"UNC93B1",0.0401663531462041,-0.464577543568118,0.036,0.14,1
"GTPBP3",0.0401663531462041,-1.12633911910124,0.036,0.14,1
"PRKCQ",0.0402144774240198,-0.91367075293495,0.179,0.327,1
"GRB10",0.0402650754336893,-1.32761977553262,0.089,0.206,1
"AC015813.1",0.0404476340280835,1.46447922702572,0.125,0.037,1
"SETDB2",0.0406039374094952,-0.660930767768456,0.143,0.299,1
"CSF3R",0.0406664627134007,-0.614557521825505,0.25,0.43,1
"PML",0.0407754580547977,-0.808578878065302,0.232,0.393,1
"ZRANB1",0.0408828730839834,0.729662054410448,0.375,0.234,1
"WDR26",0.0409349329954072,1.18913130092657,0.357,0.215,1
"FAM83D",0.0409723669460908,1.42449550776473,0.107,0.028,1
"MRPS11",0.0410467728988506,-0.819806434119811,0.268,0.43,1
"CYFIP1",0.0414415219299495,0.88548240680449,0.411,0.252,1
"ZNF585A",0.0414716372208794,-0.821734558908602,0.161,0.308,1
"ZCCHC2",0.0414954062758088,1.61322600354446,0.304,0.178,1
"RIOK1",0.0415130319177114,-0.997146725902103,0.232,0.364,1
"SIK3",0.0415130841050178,0.899853080879813,0.589,0.533,1
"XPA",0.0417605067086869,0.588768464501826,0.554,0.383,1
"ZBTB8OS",0.041871927188588,-1.00717981828094,0.268,0.421,1
"ALG11",0.0419630354171884,1.60018968023085,0.25,0.131,1
"SFR1",0.0419786276153826,-0.256265904953956,0.125,0.271,1
"RAD51C",0.0420606563257834,-0.593526375945141,0.161,0.318,1
"KLHL13",0.0424351595179336,1.4778673842334,0.214,0.103,1
"RGL4",0.0425021884309193,-1.65575241454375,0.089,0.215,1
"CHSY1",0.042513941887162,-1.16683385667853,0.107,0.234,1
"SNHG15",0.0425433377064239,0.892113722617175,0.446,0.29,1
"ETV6",0.0427088345816079,-0.481287164242761,0.643,0.72,1
"CD3G",0.0427388193853124,1.46929163750639,0.179,0.075,1
"ERP29",0.0428498990508931,0.30000779541179,0.929,0.963,1
"PLD4",0.0430263514073949,1.15953301352235,0.214,0.103,1
"SNHG4",0.0430682646343153,-0.867989716383901,0.054,0.168,1
"DCTN4",0.0431796535787725,0.779958581109183,0.393,0.262,1
"ANGPT1",0.0433217053599185,-0.37960641599367,0.25,0.421,1
"TEC",0.043388637400307,-1.18844548297202,0.125,0.252,1
"GADD45A",0.0434421147218322,-0.425846657260395,0.196,0.374,1
"ARRDC2",0.043844439528002,1.67735201871271,0.214,0.112,1
"SCAF8",0.0438619073944971,1.13493892624401,0.321,0.196,1
"TTC27",0.0441549215946823,-0.984276774264254,0.089,0.215,1
"ERCC5",0.0441558456294188,-0.578773749884558,0.232,0.393,1
"SSR3",0.0442043012760799,0.5696474395879,0.786,0.71,1
"ACTB",0.0443176051284625,0.266775248070246,0.982,1,1
"BCL2L12",0.0443532026309766,-0.931549605204339,0.143,0.29,1
"ELMSAN1",0.0443532026309766,1.03564425545245,0.321,0.196,1
"POLR2B",0.0444925029793997,0.709644493674009,0.679,0.561,1
"PLA2G12A",0.0445586742562137,-0.988033921762713,0.232,0.364,1
"YEATS2",0.0446282243739424,-1.46452984533489,0.054,0.159,1
"DRG2",0.0446358175656587,-0.977030998248253,0.107,0.243,1
"USP49",0.0447511137173778,1.01780611046179,0.179,0.075,1
"VAT1",0.0448024499406416,-0.631533806505497,0.25,0.411,1
"DNTTIP1",0.0448024499406416,-0.54854581062788,0.25,0.411,1
"DNAJB2",0.0448646850360346,-1.00108131393365,0.036,0.14,1
"DYNC1I2",0.0449219541358735,-0.286553176687433,0.607,0.757,1
"CDK5RAP2",0.0449430298987998,1.4738035828279,0.304,0.159,1
"RIPOR2",0.045014862854489,0.709089832231844,0.679,0.654,1
"GPANK1",0.0450784560433021,-1.01228332547507,0.161,0.299,1
"LINC01355",0.0451976938713496,-2.33984593659092,0.018,0.103,1
"DENND1A",0.0451976938713496,-1.49685089309124,0.018,0.103,1
"TGDS",0.0451976938713496,-2.00518972886013,0.018,0.103,1
"MLKL",0.0451976938713496,-2.00631165796992,0.018,0.103,1
"BCORL1",0.0451976938713496,-1.69714371715656,0.018,0.103,1
"BTN2A1",0.0452836474409236,-1.51881467868933,0.054,0.159,1
"KIAA0319L",0.0452866194247404,-1.11020032246228,0.089,0.215,1
"BNIP2",0.045301450071736,0.579135027145255,0.75,0.682,1
"FAM219B",0.0454199591919218,-0.979049891767889,0.179,0.318,1
"SPNS3",0.0454251389275117,0.924693450930681,0.375,0.234,1
"PLEKHA2",0.0454432964746189,0.602540521525867,0.375,0.224,1
"MPPE1",0.0454584629473776,1.13853551324617,0.268,0.15,1
"NFKBID",0.0454611995724525,1.47390889229824,0.214,0.103,1
"FAM118A",0.0456727227421923,1.44934306406913,0.268,0.14,1
"CRHBP",0.0456843630100636,-0.830703320338818,0.286,0.439,1
"CD37",0.0460031533350365,-0.292949911834567,0.946,0.991,1
"D2HGDH",0.0460328499669669,-1.83349678067968,0.018,0.103,1
"TXK",0.0460328499669669,-1.95413601823496,0.018,0.103,1
"RASSF2",0.0461694710525333,1.13119562595086,0.286,0.159,1
"GPATCH2L",0.0465469460121211,-0.386757413561551,0.357,0.523,1
"AC118549.1",0.0465470509831808,-0.770517659986888,0.196,0.355,1
"CLK3",0.046621873426111,-1.13109551741999,0.161,0.28,1
"CCNDBP1",0.0466627422336389,-0.51584517592771,0.589,0.757,1
"PEX13",0.0467215384171202,1.23571704165054,0.214,0.103,1
"JUND",0.046771714221599,0.405652011873866,0.982,0.991,1
"ZFP36",0.0467740981107484,0.941683753322606,0.5,0.355,1
"THAP1",0.0468211965491407,-0.833913101233705,0.107,0.243,1
"MCUB",0.0468437586894249,0.740290569423468,0.446,0.28,1
"GIHCG",0.0469386909992565,-0.361390619535766,0.714,0.813,1
"CD27-AS1",0.0469608238814668,1.68057849773952,0.161,0.065,1
"MSH3",0.0469806590960614,1.07868101455926,0.304,0.187,1
"OSBPL11",0.0470055505890359,-1.24779833239821,0.089,0.206,1
"FAIM",0.047185576092175,-1.01193935997518,0.25,0.374,1
"PRPS2",0.0472835004786116,-0.843662587694494,0.196,0.336,1
"MTREX",0.0472835004786116,0.905633709634702,0.375,0.243,1
"MBP",0.0473312511455461,-0.306565041142538,0.464,0.654,1
"INTU",0.0473626548289293,1.55094854260196,0.214,0.103,1
"ABRAXAS2",0.0473792843622831,-1.21643213172758,0.107,0.224,1
"TAL1",0.047511618407933,-0.52678025102072,0.125,0.28,1
"FANCG",0.0475579822467867,1.4058193164463,0.179,0.075,1
"MRPS6",0.0477308137388072,-0.47227929793034,0.375,0.579,1
"ZNF585B",0.0477421895923256,-1.91973907243613,0.018,0.103,1
"POC5",0.0477518025671101,-0.882305536954661,0.036,0.14,1
"MAGED1",0.0477907094578632,-0.861413442419797,0.214,0.374,1
"GTF2H2",0.0478389061606172,1.50773745744898,0.25,0.14,1
"ZNF706",0.0478474020774965,-0.538770691518749,0.625,0.738,1
"PDE4B",0.0479113295270127,0.713335358109372,0.25,0.121,1
"SLC25A6",0.0479393643722974,-0.277384097046814,0.946,0.981,1
"MTDH",0.0480836936584893,-0.26431433061631,0.839,0.963,1
"RECQL",0.0481227192490213,0.814347185450448,0.429,0.28,1
"AOAH",0.0481675616551641,-1.24325643172233,0.071,0.187,1
"BAALC-AS1",0.048402797529406,1.99534137356727,0.143,0.056,1
"PLA2G4A",0.0484823835366609,-1.71293956311036,0.036,0.131,1
"HLA-DQA1",0.0484892101469313,0.709873861076096,0.518,0.383,1
"SC5D",0.0489014485752642,0.830457252270506,0.357,0.224,1
"PYGL",0.0489874287567221,-0.601834098248488,0.143,0.29,1
"WDSUB1",0.0491581328436129,-0.925126362519331,0.107,0.234,1
"PSMD13",0.0492203647468057,0.493523564797017,0.661,0.505,1
"SPG11",0.049288350865829,-0.722987979214963,0.268,0.421,1
"ANKRD44-IT1",0.0493301179831189,1.43696113207953,0.214,0.103,1
"VPS41",0.0493355411006588,1.13480864468335,0.446,0.308,1
"SCCPDH",0.0493446806332605,-0.598206744277994,0.464,0.664,1
"RTN3",0.0494742273206874,-0.442456504056429,0.696,0.785,1
"RNF181",0.049637644667179,-0.316648310006991,0.464,0.682,1
"TMLHE",0.0496442819385001,1.67551475710422,0.196,0.093,1
"EXOSC6",0.0496532340059408,0.61056109668745,0.607,0.495,1
"TIPIN",0.0497590055189575,1.07271226110605,0.179,0.075,1
"MRPS25",0.0497999055855863,-0.701139932039832,0.304,0.439,1
"MRPS17",0.049887097603108,-0.979576670653334,0.125,0.262,1
"SPNS1",0.049887097603108,-0.302969335059688,0.125,0.262,1
"PWWP3A",0.0499017599162582,-0.822369639398142,0.232,0.374,1
"UBE2N",0.0500564902520351,-0.472342540420201,0.446,0.654,1
"MCAT",0.0501024860103079,0.906108993054467,0.196,0.084,1
"PSMD14",0.050229280331759,0.70117639739477,0.464,0.318,1
"MACF1",0.0502565401211003,0.523601286688564,0.857,0.794,1
"G3BP1",0.0502691465586485,0.637911927578442,0.643,0.551,1
"HLA-DMB",0.0503937620564339,1.11236915948921,0.411,0.28,1
"RBM38",0.0504916866927683,1.92033380360327,0.321,0.215,1
"GABPB1-IT1",0.0505993469336381,0.449615998121041,0.804,0.682,1
"FAM120B",0.0506802296679583,1.22897269420049,0.214,0.103,1
"ANAPC16",0.0507303659128148,0.377100374767115,0.911,0.85,1
"NDN",0.0509056218152406,-1.08352401527982,0.196,0.327,1
"VCP",0.0509485324445206,-0.441900315145561,0.536,0.71,1
"SYT11",0.0509639703738295,-0.497445847953569,0.161,0.318,1
"SNHG12",0.0511975104738633,-0.470554550820182,0.304,0.495,1
"MIR155HG",0.0512733155958823,1.23662857563799,0.179,0.075,1
"ADIPOR1",0.0512912155741131,1.15789011815589,0.286,0.159,1
"EIF3L",0.0513748157393873,-0.281280245821721,0.893,0.972,1
"GAB2",0.0515557782332411,-1.41700407057749,0.054,0.159,1
"AC138649.1",0.0516844644142598,1.24355066707635,0.321,0.206,1
"MRPL38",0.0517987228801666,-0.486214090493216,0.411,0.533,1
"DPM2",0.0518582721256434,0.952511029125062,0.339,0.206,1
"WDR55",0.0518945573304887,-1.64798896303485,0.054,0.15,1
"C1D",0.0520244921607249,-0.522556371728395,0.464,0.636,1
"CCDC85B",0.0520934402937006,-0.570039865472899,0.536,0.692,1
"ZNF195",0.0521245441680558,2.21195184471849,0.25,0.14,1
"ZBTB48",0.0522016036270906,1.22526009351641,0.304,0.168,1
"TM4SF1",0.0522955535419391,-1.21199419895935,0.054,0.159,1
"CHST14",0.0522955535419391,-1.26269152607572,0.054,0.159,1
"HIPK3",0.0524026031811278,-0.74489791143207,0.232,0.374,1
"FO393401.1",0.0524682865704497,1.22102854496088,0.161,0.065,1
"CLDN10",0.0524682865704497,-1.48139362001792,0.036,0.131,1
"SMIM10L1",0.0526273928978014,-0.506507987833146,0.446,0.598,1
"TMEM106B",0.0526382655789894,-0.586931296888431,0.268,0.458,1
"LMNB1",0.0526890617387056,0.641226015670531,0.321,0.168,1
"PSMD3",0.0527048641660028,-0.407763139164599,0.304,0.477,1
"CIAO2B",0.0527238266498944,-0.412526418236565,0.589,0.692,1
"SMIM8",0.0527408107978158,-0.797268268811668,0.214,0.336,1
"MAML3",0.0529530548234498,0.642825802114455,0.464,0.308,1
"FLI1",0.0529825111185324,-0.554549793364983,0.339,0.505,1
"YWHAG",0.0531485340948364,0.499190751176511,0.661,0.523,1
"C14orf93",0.0531933040919083,-1.30827754682464,0.018,0.103,1
"NPDC1",0.0532335969419224,-0.850907456318602,0.25,0.411,1
"RASGEF1B",0.053236106099976,1.73009596951263,0.196,0.093,1
"TBCA",0.0532652414215882,-0.258552451955379,0.786,0.916,1
"ANXA7",0.0533408947294141,-0.412126618209367,0.643,0.804,1
"TSPAN32",0.0534213843965046,-1.14179035118426,0.179,0.308,1
"SKA2",0.0534213843965046,-0.884012493193601,0.179,0.308,1
"KEAP1",0.0534597215826738,-1.03594166533497,0.107,0.224,1
"SDSL",0.0535412499710931,-0.892567775311528,0.071,0.187,1
"MTG2",0.0539678522431085,1.23861866384416,0.232,0.121,1
"CTSZ",0.0539860523656923,1.01299840601464,0.375,0.243,1
"ZNF14",0.0541505457502483,-1.18846404997053,0.018,0.103,1
"NDUFB1",0.0542250182838512,0.358929585612005,0.839,0.86,1
"CRLF3",0.0544311332520342,-0.878577256367122,0.25,0.383,1
"CAVIN1",0.0544923535643366,-0.773206696746721,0.179,0.327,1
"SLC25A33",0.0546052394532888,1.08315669882826,0.304,0.168,1
"FNTA",0.0547418847409533,0.500229679270856,0.625,0.533,1
"PSMD9",0.0549074053869124,-0.403648593070566,0.518,0.673,1
"HIVEP1",0.0549634585799805,0.970649416891349,0.286,0.159,1
"HOXB5",0.0549887636762445,-1.17234660461308,0.036,0.131,1
"INF2",0.0551221200402441,-0.649768940239288,0.018,0.103,1
"DEXI",0.0553544374423902,-1.22795718066609,0.089,0.206,1
"UBAC1",0.0554930035380337,-0.438672721695283,0.25,0.421,1
"CDC42",0.0554953841206066,0.270936541330779,0.982,0.991,1
"ITGB1",0.0555105758711422,-0.366864729776296,0.554,0.748,1
"MAPKAPK3",0.0555559844760286,-0.391834608591765,0.357,0.523,1
"C16orf58",0.0556500431129182,-1.10220312336238,0.071,0.178,1
"CLEC16A",0.0558510381851982,1.11494282848645,0.161,0.065,1
"EEFSEC",0.0558510381851982,-1.11067989163069,0.036,0.131,1
"POLR3F",0.0558510381851982,-1.25975600988324,0.036,0.131,1
"CYFIP2",0.0559420186571954,0.618014509697754,0.589,0.449,1
"SLC39A1",0.0559627636272054,-0.782673888509404,0.179,0.318,1
"NOL10",0.056068014817147,-1.01576779930743,0.107,0.224,1
"IDH2",0.0561938550806737,-0.375022930927612,0.607,0.738,1
"PAXIP1-AS1",0.0563935511439266,0.873926191882384,0.321,0.196,1
"TIAL1",0.0564957789978613,-0.339543850934792,0.518,0.654,1
"CYBA",0.0566095000865781,0.403245647272815,0.964,0.953,1
"IRF2BP1",0.0567425271087519,-1.03767378001278,0.089,0.206,1
"ATAD2B",0.0568618485391938,0.856844425392028,0.429,0.299,1
"HADHB",0.0571140220467551,-0.433758212924355,0.571,0.757,1
"CEP57L1",0.0571175687337259,-1.02060426226184,0.179,0.299,1
"GOLPH3L",0.057142393388373,-1.12189751812963,0.071,0.178,1
"FAM78A",0.057142393388373,-1.31150414699979,0.071,0.178,1
"ERCC4",0.057142393388373,-1.25597845863595,0.071,0.178,1
"EFCAB2",0.0572050687428324,-1.00630642354779,0.125,0.243,1
"ANP32A",0.0572651292301157,0.335272774764802,0.911,0.85,1
"GSN",0.057310222003125,0.901781797608967,0.625,0.542,1
"ZNF268",0.0579009627282911,1.22284312422334,0.214,0.103,1
"ILF3",0.0579844158228214,-0.312473719852691,0.518,0.701,1
"TBCB",0.0580154434407063,0.425668578098488,0.75,0.626,1
"MANBAL",0.0581985229428224,1.09620355922133,0.232,0.121,1
"YDJC",0.05827089883436,-0.412107436174195,0.179,0.355,1
"SNRK",0.0583832583325055,0.99469307460356,0.304,0.168,1
"SAMD1",0.0584521925839378,0.687736087557102,0.571,0.449,1
"BCL2A1",0.0584895070686908,-0.617587952990811,0.125,0.252,1
"SYNGAP1",0.058539105651466,-0.926273365606063,0.054,0.159,1
"TMEM50A",0.0585877134350423,0.281151407014871,0.804,0.738,1
"PPP3CA",0.0586284476186488,0.724989843912894,0.679,0.57,1
"TNFAIP8L1",0.0586678827065393,-0.771282590178509,0.071,0.178,1
"ARID4B",0.058761773277139,-0.275223444682223,0.536,0.766,1
"PAPOLG",0.0587814295910985,-0.925613804314317,0.107,0.224,1
"CYTH1",0.058785922085825,0.86811331503455,0.5,0.411,1
"VPS53",0.0588000646245018,1.57878034107324,0.25,0.14,1
"LARP1",0.0588009083999814,-0.576510040057422,0.393,0.561,1
"STRN3",0.05889573893397,-0.423036660532093,0.179,0.318,1
"PPM1L",0.0590893600678598,1.39216216555792,0.143,0.056,1
"MED13L",0.0591364380962345,0.437658610076871,0.839,0.785,1
"BICD2",0.0591651982312181,-1.22051200748168,0.161,0.28,1
"CHUK",0.0594135279465912,-1.11566684685545,0.036,0.131,1
"TTN",0.059605670998353,1.55720219514203,0.232,0.131,1
"BID",0.0596653321010395,0.947885703635802,0.5,0.383,1
"TRIQK",0.0598129848624596,-0.844946521046387,0.125,0.252,1
"HIST1H2AC",0.0598504467418436,-0.595308606772417,0.5,0.636,1
"NELFE",0.0600192512834402,-0.416763638491896,0.375,0.542,1
"C1orf162",0.0600690732158059,0.333069626253603,0.214,0.393,1
"RNF2",0.0601041331664591,-0.78986697338277,0.179,0.318,1
"TMEM50B",0.0602169734389198,1.26188613259122,0.25,0.14,1
"DUSP6",0.060227039084577,-1.83586601259658,0.071,0.178,1
"IVD",0.0603461349571231,-0.587512041689535,0.339,0.495,1
"SLC25A51",0.0603709693473603,-1.97415359364081,0.036,0.121,1
"DECR1",0.0604036177745639,-0.594149454875594,0.464,0.645,1
"CLN8",0.0605305971594894,0.855574646584865,0.304,0.187,1
"TSR1",0.0607427938855896,-0.672032022607824,0.107,0.234,1
"HMGA1",0.0609860737738098,-0.25895116204006,0.786,0.907,1
"IFT88",0.0610750595311386,-1.0710408843349,0.161,0.28,1
"KLF3-AS1",0.06121482609378,0.684832909236955,0.429,0.28,1
"PIM1",0.06124578946294,-0.909774294193512,0.161,0.29,1
"HPF1",0.061436945737152,-0.536801986008486,0.304,0.458,1
"HSPG2",0.0614477174245934,-0.955028628779639,0.107,0.234,1
"NUP43",0.0614740016339535,-1.06705211873787,0.143,0.262,1
"ZFAND2A",0.0616952017522708,0.664043328188969,0.304,0.168,1
"MYLK-AS1",0.0618308243253006,-1.05450757779888,0.089,0.206,1
"ZNF282",0.062207436704433,1.11217534319245,0.161,0.065,1
"CUL9",0.062207436704433,-0.877743749044843,0.036,0.131,1
"RNF167",0.0623092580925505,-0.518032658315885,0.286,0.421,1
"KRIT1",0.0624472908127324,-0.283839041655284,0.232,0.402,1
"LSM7",0.0624723983731308,-0.287453072099948,0.911,0.935,1
"VTI1B",0.0626304091786194,-0.666638468907124,0.357,0.505,1
"FNBP1",0.0627307229283729,0.364392379637751,0.911,0.944,1
"CTDSPL2",0.0627420273719203,0.584685102183004,0.464,0.318,1
"GSPT2",0.0629091422731346,-0.876088083715164,0.196,0.327,1
"TYK2",0.0629776822748611,1.31281013417502,0.179,0.084,1
"ENDOV",0.0630357058860656,-1.03506377150853,0.161,0.28,1
"PPP1R3E",0.0630552890980524,-1.17537913820619,0.107,0.224,1
"PPP2R3C",0.0631610641394216,-0.554428691208252,0.268,0.43,1
"ZNF724",0.063162556853208,-1.04037172716024,0.036,0.131,1
"NCOA7",0.0632113774296123,-0.516617170807817,0.536,0.701,1
"GABPB1-AS1",0.0633513230796258,0.536529679648632,0.696,0.561,1
"PPIE",0.0633522310559873,-0.758899722954724,0.232,0.364,1
"SCAF1",0.0634484778228493,-1.2052797377529,0.071,0.178,1
"INTS1",0.0636018900309534,1.06553664222605,0.196,0.093,1
"LYL1",0.0636457344996459,-0.341154470045316,0.607,0.822,1
"AIP",0.063804017148854,-0.452484655133988,0.446,0.598,1
"SNHG19",0.0639040308590178,-0.633721078800066,0.446,0.57,1
"C1orf21",0.0639519293702458,-0.494146556162802,0.304,0.449,1
"GATA2",0.063972652514755,-0.818937392888688,0.411,0.551,1
"NUDCD1",0.0641653581890806,-0.828747482814682,0.196,0.327,1
"INTS11",0.0642267109655548,-0.477955555448976,0.268,0.458,1
"WDR35",0.0643218321689984,-1.23401187698752,0.054,0.15,1
"DPP9",0.0645357683993005,-0.964884797531611,0.107,0.224,1
"MAP7",0.0646752060582921,-0.355516000997078,0.339,0.495,1
"NHLRC2",0.0648011910026341,0.763135130473281,0.375,0.234,1
"TSC22D3",0.0648464525264493,0.425499557939589,0.821,0.757,1
"RIPK1",0.0649042151069423,-1.086511434078,0.089,0.206,1
"ADD1",0.0651180947278685,0.79947767344254,0.696,0.542,1
"TMEM214",0.0652310223142314,-1.33625607474362,0.054,0.15,1
"TAPBPL",0.0652468982265176,1.08839696453103,0.304,0.187,1
"ITGAL",0.0652866981356823,0.645733869036356,0.268,0.14,1
"HIGD1A",0.0652938614115377,0.764966506750315,0.411,0.28,1
"TUT1",0.0652953121655186,-1.29315680356311,0.036,0.121,1
"ZFYVE16",0.0653885880066328,0.900326624853026,0.321,0.196,1
"MTAP",0.0655706853733261,-0.533018313718782,0.179,0.308,1
"TRAF3IP2-AS1",0.0655950647912831,-0.534291277240421,0.143,0.271,1
"GLO1",0.0656305743306126,-0.470433223522132,0.464,0.579,1
"KIAA1109",0.0656355356049675,-0.284306829327676,0.268,0.449,1
"BDH1",0.0656607213296696,1.57518982191378,0.125,0.047,1
"NACA2",0.0656607213296696,1.66126382412129,0.125,0.047,1
"QSOX1",0.0656919490008965,-0.938855157546578,0.089,0.206,1
"GBP3",0.0656919490008965,1.31569968948758,0.232,0.131,1
"NOSIP",0.0656936894143849,-0.301120355268285,0.411,0.579,1
"GPI",0.0658002718322133,0.569912843254797,0.518,0.364,1
"ATG12",0.0659119995118155,-0.577673111921642,0.5,0.645,1
"EXOC5",0.0660884553065283,-0.874221150713104,0.196,0.327,1
"PLGLB2",0.0668003602927741,1.47797259764645,0.125,0.047,1
"HLA-DRB1",0.0671702785506957,0.620161263428782,0.911,0.822,1
"QSOX2",0.0672494572313957,1.12731238734594,0.143,0.056,1
"TTC7B",0.0672494572313957,1.21076707941858,0.143,0.056,1
"AC090825.1",0.0672494572313957,1.17826551635013,0.143,0.056,1
"TSPAN2",0.0672961997061392,-0.321129538138593,0.464,0.589,1
"FAM114A2",0.0672981738645566,-0.591273402970994,0.179,0.299,1
"SAT2",0.067365376090317,-0.4428368518605,0.357,0.533,1
"LGALS8",0.0674956990387781,-0.650692316432369,0.25,0.402,1
"ICMT",0.0675504422056338,1.53761494277997,0.179,0.084,1
"THRAP3",0.0675753262818101,-0.312600689812158,0.768,0.879,1
"KDM6B",0.0676270378164548,-0.673913560365189,0.286,0.477,1
"TTLL3",0.0677323833806261,0.998018296902133,0.25,0.14,1
"RILPL2",0.0678374398612989,-0.345733561721775,0.571,0.748,1
"ATP6AP1",0.0680875605694701,-0.60491522939658,0.339,0.495,1
"SOCS2",0.0681715807482088,-0.633485917510123,0.286,0.421,1
"PHRF1",0.0683144110742095,0.840759720100077,0.232,0.121,1
"PACS2",0.0683328557530683,1.22472644073385,0.214,0.112,1
"DCBLD2",0.0684057413518001,-1.33025117292204,0.036,0.121,1
"SPTAN1",0.0686307329062096,0.973537582524537,0.375,0.271,1
"SLC7A6OS",0.0686834577000659,-0.475421632589015,0.161,0.299,1
"UQCRC2",0.0687345927636972,-0.26690126606525,0.75,0.813,1
"FES",0.0688127869499312,-0.566206253503728,0.25,0.383,1
"ZNF579",0.0689743742830713,-1.47860416215843,0.054,0.15,1
"DBF4",0.0691490400537633,-0.958948110663342,0.089,0.196,1
"ZNF720",0.0693642095848563,-0.254785837284339,0.161,0.308,1
"KDM5B",0.0693849883786334,-0.293517231019686,0.643,0.804,1
"CFAP298",0.0694686299608933,-0.456066468859621,0.518,0.673,1
"BACE2",0.0694692327897808,-2.76654389073868,0.036,0.121,1
"PSMB5",0.0695064444779784,-0.522704524547601,0.482,0.607,1
"SND1",0.0696341009160297,-0.500084356224465,0.321,0.486,1
"ADAT1",0.0698412939997099,1.03157635088834,0.196,0.093,1
"CSKMT",0.0699372930516653,-1.13203137989755,0.054,0.15,1
"REXO5",0.0699372930516653,-1.5902886577617,0.054,0.15,1
"EXD3",0.0699449869373609,-0.615250446175635,0.107,0.224,1
"UQCC3",0.0699502737719133,-0.633408958624003,0.161,0.28,1
"RAD23B",0.0699797873486072,-0.657967619411107,0.357,0.523,1
"MYSM1",0.0700162278510067,0.718325080340535,0.464,0.327,1
"UQCRQ",0.0701201521666418,0.338773234433565,0.821,0.804,1
"DNMBP",0.0702069913118184,1.83306354625498,0.107,0.037,1
"NHSL2",0.0702093248562078,0.574689620413106,0.25,0.131,1
"PNP",0.0706322271717606,-0.807500247778298,0.143,0.271,1
"THAP12",0.0706687595389438,-0.478259475488407,0.393,0.561,1
"PDCD4-AS1",0.0707472735148212,-0.725793462853725,0.107,0.224,1
"PILRB",0.0708434297921027,0.935750189129715,0.232,0.121,1
"EHD2",0.0708434297921027,-0.881775525477728,0.089,0.196,1
"NOC4L",0.0709112178005004,-0.76431460194453,0.054,0.15,1
"CARS",0.0709471247491207,-0.92014186064966,0.107,0.215,1
"SLC12A2",0.0710392485167101,1.28561301968046,0.321,0.196,1
"MAP4",0.0711628076079119,0.673041861512677,0.446,0.327,1
"ARHGEF2",0.0712396075572763,-0.537374495254142,0.5,0.579,1
"RABAC1",0.0712909669235912,0.416755345253474,0.893,0.85,1
"EWSR1",0.0712929232308106,0.496697236150784,0.714,0.701,1
"ACY3",0.0714210118876162,0.960320075233991,0.286,0.178,1
"AC016727.1",0.0715229040779771,1.47470456969595,0.125,0.047,1
"ZNF717",0.0716369531378904,-1.22786555181219,0.036,0.121,1
"SS18L1",0.0716649198281124,0.873338341240679,0.143,0.056,1
"CMC4",0.0717033068297017,1.042402287555,0.232,0.121,1
"Z83843.1",0.0717729243056237,0.854753673723034,0.321,0.196,1
"SH3GLB2",0.0718040825551636,0.546048242041298,0.304,0.168,1
"GAMT",0.0719483839656647,-0.389962941541525,0.196,0.364,1
"ACTR6",0.0719712972146002,-0.521561317063258,0.268,0.439,1
"ZBTB16",0.0719712972146002,-0.440216014522894,0.286,0.43,1
"PPWD1",0.072144448674346,0.994869418427435,0.357,0.243,1
"PCCB",0.0722275641737839,0.693233896799049,0.339,0.196,1
"TMEM19",0.0725717162802928,-0.992408951209264,0.089,0.196,1
"RFC4",0.0727402498431899,1.61246207762469,0.214,0.112,1
"DAGLB",0.0727414210304694,-1.28733782155164,0.036,0.121,1
"SLC4A8",0.0727414210304694,-1.42931582510225,0.036,0.121,1
"FRMD4A",0.0727453468744641,1.83898616275651,0.125,0.047,1
"RBBP9",0.0728499777446432,1.70435933946391,0.107,0.037,1
"ACSL5",0.0728775218464218,-0.824951375580973,0.125,0.252,1
"BRPF1",0.073142080280982,1.12538526873873,0.232,0.131,1
"EFHC2",0.0731897261821099,-1.45382388289968,0.071,0.168,1
"DMAC2",0.0733112954324936,0.904789923528362,0.393,0.262,1
"ZPR1",0.0733323440341094,-0.657137654318698,0.25,0.364,1
"P2RY8",0.0734891365453212,-0.639405479293193,0.143,0.28,1
"OXLD1",0.0735707257576958,-0.411371019035968,0.375,0.514,1
"THAP4",0.0736343006618379,-0.740749308612287,0.161,0.28,1
"ZCRB1",0.0738205708544531,-0.342487268140979,0.661,0.794,1
"PLD1",0.0738597870071557,-1.33041986903537,0.036,0.121,1
"NAV1",0.0738998990852605,-1.12847039286658,0.054,0.15,1
"FBXL6",0.0739764420811812,-0.639250125495103,0.071,0.178,1
"RTP4",0.0741378216743866,-1.50227940831901,0.071,0.168,1
"ZNF879",0.0742016938534022,1.67404197261066,0.107,0.037,1
"SGF29",0.0742292601029018,-0.487929305816419,0.196,0.346,1
"DHX9",0.0743595094367199,0.506001237660248,0.661,0.636,1
"NDUFV3",0.0743766493878612,-0.65313827170222,0.25,0.374,1
"HSPA1A",0.0744557526250404,-0.565696667705146,0.321,0.449,1
"ATL2",0.0744562744162996,0.961221032521422,0.321,0.206,1
"WBP2",0.0745083283703008,-0.468049314428668,0.214,0.364,1
"PMS1",0.0745329467752384,-0.771924648537683,0.143,0.252,1
"FGFR1OP2",0.074568499433281,-0.393810921583156,0.643,0.757,1
"ZNF267",0.0746261865615634,0.927490809541918,0.375,0.243,1
"FSCN1",0.0747069138099565,-0.694792783437908,0.125,0.243,1
"NYNRIN",0.0748088996612147,0.947380257339668,0.304,0.187,1
"EFR3A",0.0749147394799251,0.627871700973444,0.214,0.103,1
"UBQLN4",0.0749921709612425,-0.926540871985527,0.036,0.121,1
"STMP1",0.0750215834416373,-0.352622273230728,0.839,0.897,1
"SIAH2",0.0750570377955017,1.18439260956148,0.411,0.29,1
"FNDC10",0.0751301230699432,0.876632402354223,0.143,0.056,1
"ZNF480",0.0751516630692577,-0.877513794618998,0.161,0.28,1
"ARMC6",0.0752287224419101,-1.12566121177801,0.089,0.196,1
"DTX2",0.0752415383403252,1.16378386464929,0.125,0.047,1
"GNG2",0.0752824253218863,-0.972088540049036,0.196,0.318,1
"GFM2",0.0752973091753053,1.15371584639831,0.161,0.075,1
"NBAS",0.0753774922634227,-0.599989600522581,0.25,0.364,1
"AC104162.2",0.0754945646063531,1.10610907616818,0.214,0.112,1
"MGST3",0.0756359427428892,-0.591545932454042,0.482,0.598,1
"LINC02591",0.0759489821362901,-0.974483459075952,0.054,0.15,1
"CC2D1A",0.0759489821362901,-0.950661877406946,0.054,0.15,1
"RBM4",0.0759764038485266,-0.252287159695926,0.643,0.869,1
"ZNF891",0.0760641279717398,-1.37358685047367,0.071,0.168,1
"ZNF345",0.0760641279717398,-1.11307675757994,0.071,0.168,1
"VPS45",0.0760641279717398,1.60265181259062,0.196,0.103,1
"APIP",0.0765318719538496,-0.355839563888397,0.286,0.439,1
"RCOR1",0.0765318719538496,-0.449486690955572,0.286,0.439,1
"PUS7L",0.0766137433754647,-0.405289716668406,0.304,0.467,1
"KRT18",0.0767408604338755,-0.295635300940631,0.161,0.29,1
"AC004556.3",0.0768204937273126,-0.77038615545153,0.071,0.178,1
"KATNB1",0.076873378742066,-1.01649764308383,0.107,0.215,1
"AC009950.1",0.0769907746934012,-1.17959420227936,0.054,0.15,1
"BRMS1",0.0770181956238307,-0.624688350851793,0.179,0.318,1
"ZMAT2",0.077193979393211,-0.252022156304731,0.661,0.748,1
"IK",0.0772598820165115,0.44904295830737,0.821,0.785,1
"TPP2",0.0772610578473455,-0.726340681499589,0.411,0.505,1
"COPB2",0.0773406724021489,-0.287815482771131,0.375,0.495,1
"TSPAN14",0.0777029876800204,-0.480606822958017,0.143,0.262,1
"NASP",0.0777266270729694,0.345549701241878,0.875,0.841,1
"ATP2B1",0.0780629649480434,0.613653456718419,0.625,0.486,1
"RAP1A",0.0781642556107106,0.827599827099597,0.661,0.598,1
"EIF3I",0.078248880272406,-0.271365640144806,0.732,0.869,1
"CDV3",0.0782556539998171,0.40809797652695,0.839,0.785,1
"RAB35",0.0783334193100482,0.979131960344457,0.214,0.112,1
"ICAM2",0.0783585772490859,-0.506311505750747,0.411,0.523,1
"CDK13",0.0783842814263457,0.415601981928396,0.643,0.514,1
"MYL12A",0.0784726103044509,0.32408801028922,0.911,0.963,1
"BET1L",0.0785516900463368,-0.706028837308266,0.125,0.252,1
"TUBA1B",0.0786717092931145,0.427376242458887,0.893,0.841,1
"RAB33B",0.0787655827855145,-0.640243154301955,0.071,0.178,1
"ANKMY2",0.0788943942819829,-0.581789249090525,0.089,0.196,1
"BTRC",0.0790299604065314,-1.0689231432439,0.071,0.168,1
"PICK1",0.0790299604065314,-0.888369798286899,0.071,0.168,1
"TXNDC16",0.0791092998940491,-0.702300975723339,0.054,0.15,1
"GALC",0.0791717076519845,-1.48517119599759,0.089,0.187,1
"CHD3",0.0793194559433689,0.787280302419608,0.571,0.439,1
"ZNF394",0.0793331314915948,0.83514934389913,0.446,0.318,1
"GON7",0.0794028943403897,-0.361818912319118,0.089,0.206,1
"LAPTM5",0.0794530745921738,-0.333670402842752,0.857,0.897,1
"PTPN6",0.079559561494852,-0.302889181419406,0.696,0.785,1
"PLEKHO1",0.0795863883343141,0.634722433429353,0.607,0.542,1
"MAN1B1-DT",0.0798149505940712,1.23483669857537,0.107,0.037,1
"UNC50",0.0799632740432703,-0.635661696477227,0.25,0.374,1
"NR1H3",0.0801287867867629,-1.134338728181,0.089,0.187,1
"TMEM167A",0.0802219645347953,-0.503721771409114,0.446,0.57,1
"PRORP",0.0802734044180044,-0.34348864336024,0.25,0.383,1
"ZNF451",0.0802898942155013,-0.532308159913391,0.411,0.523,1
"ANAPC13",0.080406942309751,-0.865024197582145,0.268,0.393,1
"UGGT1",0.080437113728028,-1.26215294544799,0.107,0.215,1
"FBRS",0.0805918945625958,0.343334861855126,0.482,0.327,1
"FAM120C",0.0806539225739081,0.567935500388626,0.196,0.093,1
"PREP",0.080750553889886,-0.885194558049506,0.071,0.178,1
"METTL5",0.0807818457702986,-0.419106164380659,0.464,0.626,1
"HPGDS",0.080937320852086,-1.17095834292503,0.304,0.43,1
"REEP5",0.080998495671026,0.532021632920182,0.286,0.159,1
"MYL5",0.0810589421238081,-0.778289393520764,0.071,0.168,1
"SELENOO",0.0810758806811522,1.5527955769332,0.179,0.093,1
"STRADA",0.0810833967811782,1.0206403021604,0.339,0.224,1
"FANCM",0.0812085835287642,0.715242822119587,0.143,0.056,1
"AKNA",0.0812570509343297,1.14249226870168,0.411,0.308,1
"PPM1M",0.0812709165087655,1.49339799067155,0.107,0.037,1
"AC132872.1",0.0812709165087655,2.04967688909097,0.107,0.037,1
"PAQR8",0.0812749965401242,-1.00352404659238,0.054,0.15,1
"MADD",0.0812798893834445,-0.866173425685487,0.179,0.299,1
"NARS",0.0815066237863621,-0.533878250163651,0.446,0.57,1
"TFEC",0.0816772908010982,-0.626158702209361,0.179,0.327,1
"MZT1",0.0816897466246216,0.528566166897141,0.393,0.271,1
"EAF2",0.0817651150143196,-0.506237549514161,0.321,0.449,1
"TNPO2",0.0818238735092026,1.10455584326524,0.179,0.084,1
"HADHA",0.0818746886348575,-0.34372398506139,0.714,0.879,1
"AFF4",0.0819421074159139,0.72220763702198,0.482,0.346,1
"BACE1",0.0820875809383983,1.67499545908535,0.143,0.065,1
"G3BP2",0.0823436156499721,0.696635437528122,0.696,0.645,1
"B3GNTL1",0.0825435160731444,-1.07508910515906,0.107,0.206,1
"TESPA1",0.0825622556679028,-0.332606192341822,0.393,0.57,1
"CRPPA",0.0827040698202274,-0.621192920291103,0.089,0.196,1
"NFE2L3",0.0827040698202274,-0.835036696485678,0.089,0.196,1
"HMGA1P4",0.0827483651155239,1.23669088199659,0.107,0.037,1
"CD82",0.0829106906346849,-0.356225251331798,0.536,0.71,1
"GLS",0.0830039850496474,-0.406371935529756,0.679,0.766,1
"IFNAR1",0.0830624255798093,-0.772889479882414,0.161,0.271,1
"ZSCAN12",0.0831523085160984,1.10374273201936,0.125,0.047,1
"ADGRE2",0.0831970460207889,0.918850488252044,0.25,0.14,1
"ASPH",0.083244304131797,0.846297445112806,0.357,0.234,1
"MRPS12",0.0832811880414745,-0.484594634512474,0.339,0.514,1
"LXN",0.0833280847131672,-0.51561436588945,0.268,0.421,1
"C16orf87",0.0834560780581819,0.842444905913326,0.393,0.262,1
"RAB13",0.0834705814501034,-0.35823176161124,0.464,0.607,1
"LINC02802",0.0837491439633524,-1.57050879403024,0.036,0.112,1
"TTC17",0.0838867573931128,-0.570355299646367,0.429,0.551,1
"EEF1E1",0.0839716963495362,-0.642836648299945,0.321,0.439,1
"SIRT1",0.0840495218418052,1.27246204790874,0.179,0.084,1
"USPL1",0.0840495218418052,0.984491686486447,0.179,0.084,1
"SLC25A36",0.0841841425207437,0.744300847329542,0.607,0.589,1
"KYAT3",0.0842221813800192,-0.585566065053345,0.214,0.355,1
"CELSR1",0.0842475075640251,1.22458411049511,0.107,0.037,1
"KBTBD3",0.084570313326194,-1.0127934292909,0.036,0.121,1
"MOK",0.084570313326194,-0.650046747882669,0.036,0.121,1
"ST3GAL5",0.084570313326194,1.94750948567986,0.143,0.065,1
"ITGA4",0.0845946813703234,0.376811084926848,0.929,0.963,1
"CARMIL1",0.0846135239180578,-0.804768212670274,0.054,0.15,1
"SCLY",0.0846351716119669,-1.13025057142151,0.054,0.14,1
"YBEY",0.0846502723549965,0.636522331717106,0.554,0.402,1
"UNC13D",0.0846807438103633,-0.421215458638003,0.179,0.308,1
"HEXA",0.0849671027001227,-0.408481800074563,0.357,0.514,1
"BLVRA",0.0849974361899966,-0.50365045657046,0.357,0.495,1
"RNF214",0.0850866928719899,0.783331273613433,0.321,0.215,1
"EFL1",0.0851805839429312,0.959258232339959,0.179,0.084,1
"DDX24",0.0854166673488635,0.419659920160642,0.75,0.673,1
"USP3",0.0855029236768333,0.705098302000936,0.339,0.206,1
"CEP95",0.0855106367851828,0.824939637592272,0.464,0.318,1
"FXR2",0.0857507128910889,-0.713638338597439,0.054,0.15,1
"ZBTB2",0.0857685550192702,0.818877598514244,0.107,0.037,1
"AC124283.1",0.0857685550192702,1.31625360180383,0.107,0.037,1
"ARGLU1",0.0858765993365943,0.337713162077879,0.964,0.972,1
"MT1F",0.0860332002102293,-0.729821506424478,0.107,0.215,1
"B4GALT7",0.0860703890634891,-1.1448033993971,0.089,0.187,1
"C3orf80",0.086156010670166,-0.64688812419437,0.179,0.299,1
"DOCK5",0.0863070049500667,1.12105519190631,0.286,0.178,1
"AC000065.1",0.0863167856419451,-1.22269625426636,0.071,0.168,1
"AC006504.5",0.0863167856419451,-0.800282208874475,0.071,0.168,1
"SUPV3L1",0.0865237831137418,0.960595361469816,0.25,0.15,1
"CCDC61",0.0869781574477288,-1.31159106660697,0.054,0.14,1
"AC245297.3",0.0871553774057558,-0.503896225791927,0.411,0.551,1
"ARHGEF6",0.0871913844804676,-0.549713929461244,0.482,0.579,1
"GOLGA5",0.0873387022467127,-0.837864054859077,0.161,0.271,1
"PCBD2",0.0873747186086908,0.52670557097264,0.214,0.112,1
"B3GNT2",0.0873747626985957,0.419719117879563,0.482,0.336,1
"CNTRL",0.0873939049870586,-0.573213209748934,0.482,0.607,1
"LLPH",0.0874534090485,0.551116152357531,0.518,0.411,1
"STX18",0.0874775533487365,-0.623728576190861,0.107,0.224,1
"DDX49",0.0875485036482785,-0.594265620679067,0.196,0.336,1
"PHACTR1",0.0876623772512145,0.894724157888063,0.429,0.327,1
"ASPSCR1",0.0876741195800391,-0.434758421363078,0.143,0.271,1
"SPEF2",0.0876743878101209,-0.590752282417021,0.089,0.196,1
"CPOX",0.0876802676648211,-1.57681078170207,0.036,0.112,1
"AHCYL1",0.0877046167931528,-0.540683416035082,0.375,0.542,1
"WAC-AS1",0.0878007447222217,-0.625134957831476,0.321,0.467,1
"TPM4",0.087885209258516,0.555632277669176,0.714,0.71,1
"CNNM3",0.0879665038718919,1.14921782277496,0.25,0.14,1
"AC008764.8",0.0879735258326239,0.932521781615075,0.161,0.075,1
"AC068587.4",0.0880591069203822,1.21045612043951,0.268,0.159,1
"LUC7L2",0.0880601241411894,-0.401645399792851,0.464,0.701,1
"PPP1R9B",0.0880854857603213,1.15775169221415,0.232,0.131,1
"SLC39A13",0.0881691328488514,-1.20725649668285,0.054,0.14,1
"ECSIT",0.0882305411750679,-0.80668261923282,0.161,0.28,1
"PANK3",0.0885059720546937,0.389309085725489,0.375,0.224,1
"TAF7",0.0885571327168244,-0.365504014519186,0.714,0.804,1
"ELOB",0.0887272597974625,0.344703078740848,0.911,0.935,1
"LINC00665",0.0888280848030629,-0.591936630597546,0.179,0.308,1
"RIC8A",0.089016487910084,-0.835070816470773,0.143,0.252,1
"CYB5B",0.0890226097031683,-0.757788119447858,0.232,0.355,1
"PPIB",0.0890820673035256,0.251815913782934,0.964,0.925,1
"INTS9",0.0892365483683225,-0.512094613774932,0.054,0.15,1
"TIMP3",0.089339257472932,-1.59028990535967,0.107,0.206,1
"MEGF8",0.0893732222375594,-1.1635634189106,0.054,0.14,1
"LINC-PINT",0.089457005457588,1.26713155201498,0.286,0.196,1
"TRMT1L",0.0896015164933872,-0.83709724809208,0.071,0.168,1
"ZNF286A",0.0896975518771893,1.49824079613721,0.214,0.121,1
"PPP6R2",0.089745221781145,0.464688382346745,0.393,0.262,1
"MRPL2",0.0898401852133433,1.22244659329034,0.429,0.318,1
"CCDC186",0.0898401852133433,1.07016596963309,0.429,0.318,1
"PRR14L",0.0899082524117276,0.753336280139332,0.321,0.206,1
"CASP2",0.0899473024846007,0.916085837821228,0.554,0.477,1
"GXYLT1",0.0902256212402262,-1.26353373357993,0.089,0.187,1
"FAM53C",0.0902299417911473,-0.563841389201614,0.25,0.364,1
"TBXAS1",0.0905425131753176,-0.674419510838329,0.321,0.439,1
"GTF2I",0.0907099722101685,-0.256917590141026,0.911,0.935,1
"ZNF747",0.0907185324355946,-0.751878204340123,0.071,0.168,1
"BFAR",0.0908929119187414,-0.48038100618861,0.393,0.533,1
"ASH2L",0.0909193581240271,-0.476621855405094,0.304,0.449,1
"NAP1L4",0.0909960126434365,-0.427212406915903,0.571,0.636,1
"CTBP1",0.0913965418144255,0.528865176564955,0.446,0.308,1
"STK11",0.0914327451959942,-0.417849941422635,0.232,0.374,1
"ZNF775",0.0918467218664485,-0.253195006207499,0.071,0.168,1
"AAR2",0.0918467218664485,-0.924380427381303,0.071,0.168,1
"TDP2",0.0919461075711173,1.00421709714698,0.321,0.215,1
"SUGP2",0.0919845497624495,0.664217533613621,0.5,0.383,1
"CCNL1",0.0920665277941572,0.510573646191223,0.821,0.72,1
"AC074117.1",0.0920760162161443,0.829523866010784,0.107,0.037,1
"CIR1",0.0922216684797765,-0.367097994974345,0.571,0.71,1
"GCHFR",0.0922778001720589,-0.674784526325895,0.232,0.364,1
"MCRIP2",0.0924347334213899,-0.270819729386194,0.125,0.243,1
"GGA1",0.0925026209932156,0.51267707279843,0.304,0.178,1
"CEP350",0.0925213408551929,0.475142460302007,0.589,0.439,1
"JUNB",0.0928110341811823,0.762153343904484,0.554,0.477,1
"KPNB1",0.0928384593016201,-0.448306177106063,0.696,0.757,1
"HACD2",0.0928541188441114,-0.770579107510983,0.125,0.234,1
"TUBGCP4",0.0928829076523083,-0.708990610684343,0.089,0.196,1
"BACH2",0.0929893727777551,1.11290814563897,0.161,0.075,1
"EDARADD",0.0930651159004214,-0.945993425006241,0.054,0.14,1
"ZNF599",0.0930651159004214,-1.03902230434234,0.054,0.14,1
"LPGAT1",0.0931149572383397,0.878569946982926,0.482,0.393,1
"ZNF550",0.0931518507450135,-1.31168261752376,0.036,0.112,1
"FBXO28",0.0933796497861231,1.16799791657355,0.25,0.15,1
"RAB27B",0.0934467829365905,-1.21702774824725,0.089,0.187,1
"ZMAT1",0.0934695785321984,-0.498117950372594,0.161,0.29,1
"TFDP1",0.0935931502975118,0.875314438220252,0.375,0.252,1
"NNT",0.0937274023301276,0.436791384528964,0.482,0.346,1
"RWDD3",0.0937830118676606,-0.692194480661433,0.25,0.374,1
"CCDC90B",0.0938279404979119,-0.308653532518248,0.286,0.439,1
"MANBA",0.0938665711704607,0.735991547032797,0.393,0.262,1
"C8orf33",0.0939596060244646,-0.486413546616974,0.357,0.467,1
"MRPL45",0.093998834235074,-0.535829408475254,0.357,0.505,1
"CCAR1",0.0940026799267767,-0.529016052099102,0.536,0.645,1
"NXT1",0.0940506045274281,-0.62558485690076,0.25,0.383,1
"FAM174A",0.0941369104129818,1.10280989788787,0.196,0.103,1
"PDRG1",0.0942879526291466,0.934785927094845,0.232,0.131,1
"SURF1",0.0943680049251504,-0.3891616036492,0.321,0.439,1
"EPSTI1",0.0944442913669563,-0.306111045142986,0.464,0.607,1
"RNF113A",0.0944449448600168,0.69855433877753,0.375,0.252,1
"PTRH1",0.0944638555145411,-1.0198730318803,0.107,0.206,1
"MDH2",0.0945112214418949,-0.313644443938366,0.696,0.85,1
"TLE4",0.0947220424860383,-0.754857275309271,0.339,0.477,1
"IKBKG",0.0950916170745951,1.22018074992677,0.214,0.121,1
"DIPK1B",0.0952922792100343,-0.459337764396917,0.446,0.57,1
"CTSO",0.0953549458336321,1.27915188815762,0.232,0.131,1
"MED24",0.0953549458336321,0.948605599115349,0.232,0.131,1
"STAT2",0.0955387451081424,-0.774455983845437,0.179,0.29,1
"MDFIC",0.0955387451081424,0.9668922052642,0.321,0.215,1
"SGMS1",0.0955936731856479,-0.866223873039921,0.054,0.14,1
"TMEM59",0.0957009284813928,0.326985387806503,0.893,0.897,1
"DYNLT1",0.095704951732835,0.623408929618135,0.679,0.673,1
"AAGAB",0.0957814257919392,1.1499265760482,0.268,0.178,1
"CENPX",0.0959057067744463,-0.456427264135215,0.25,0.393,1
"LINC02805",0.0959886274517986,-1.05671474981328,0.036,0.112,1
"CTF1",0.0959886274517986,-1.10382816812748,0.036,0.112,1
"ZNF326",0.0960663606086721,0.374509536518415,0.661,0.523,1
"C17orf80",0.0963402849471229,0.381216018784428,0.196,0.093,1
"ATXN10",0.0963484746789953,-0.308007706808873,0.571,0.748,1
"SMARCA5",0.0963484746789953,-0.358317146458294,0.643,0.71,1
"PPCS",0.0964306449772802,-0.301783412042682,0.464,0.626,1
"SLC2A4RG",0.096448283526615,0.873731968252212,0.25,0.15,1
"CEP97",0.0964726599053409,1.54425152483964,0.196,0.103,1
"CCDC137",0.0964726599053409,1.3086924057378,0.196,0.103,1
"ANKH",0.0965040130596529,2.04871732383935,0.143,0.065,1
"CACYBP",0.0967293863480649,0.577420086885819,0.607,0.579,1
"DPF2",0.0967679063303668,-0.369195452557249,0.429,0.579,1
"PHKG2",0.096839167673048,0.898492487803074,0.268,0.159,1
"IFITM3",0.0970151518706098,-0.581067461466242,0.268,0.402,1
"ERLIN2",0.0971069109528608,-0.886039132544016,0.107,0.215,1
"RIC1",0.0971897356596407,1.0730953714937,0.179,0.093,1
"CNOT7",0.097278768499383,-0.32440665994111,0.661,0.804,1
"CCDC97",0.0973722626401806,-0.784552268694878,0.161,0.271,1
"MNS1",0.0974327232128494,-1.47056332930595,0.036,0.112,1
"EDC3",0.0974327232128494,-1.1044283375266,0.036,0.112,1
"CARD8-AS1",0.0974889080345177,-0.406130489432194,0.107,0.224,1
"METTL7A",0.0977241674729496,-0.496617839989874,0.25,0.402,1
"PALM2-AKAP2",0.0977241674729496,-1.33166407976098,0.286,0.383,1
"EIF3J",0.097866822513728,-0.259957999637132,0.589,0.701,1
"HEATR6",0.0979092931310204,1.270772079389,0.143,0.065,1
"KIF2A",0.0979389045364894,-0.385372686517982,0.607,0.757,1
"C1orf52",0.0981379849270974,-0.800018890805019,0.232,0.346,1
"SLC40A1",0.0981533024885845,-0.608581347181191,0.571,0.682,1
"MTMR14",0.0981660654079528,-0.589622328997043,0.232,0.355,1
"BLMH",0.0981660654079528,-0.691500739754439,0.232,0.355,1
"GMDS",0.0981677025594684,-0.70590903369967,0.107,0.215,1
"RFC2",0.098328335093072,0.892253614106024,0.304,0.196,1
"TMEM209",0.0984323740928231,1.35274374848391,0.179,0.093,1
"CCT7",0.0984539990923128,-0.403841932751035,0.607,0.804,1
"NDUFA10",0.0985914777221402,-0.384395404033715,0.571,0.71,1
"DGCR6L",0.0986477893206853,-0.318880885400363,0.339,0.486,1
"SLC26A2",0.0987197170301883,1.60126014512332,0.196,0.112,1
"NBR1",0.0987597070458949,-1.12910078022161,0.143,0.243,1
"IMPDH1",0.0987682531458636,1.00270567110985,0.196,0.093,1
"ZNF678",0.0988545468669415,-0.832183634368469,0.071,0.168,1
"MIER1",0.0988821764465316,-0.436241850144267,0.571,0.682,1
"ETV3",0.0988941324264333,-1.00909139564749,0.036,0.112,1
"TBC1D24",0.0988941324264333,-1.49839593072186,0.036,0.112,1
"PTPN7",0.0992939695553847,-0.798132774566311,0.321,0.43,1
"PAPOLA",0.0993182413996352,0.420016664513857,0.893,0.925,1
"MCRIP1",0.0993997783462757,0.604353968395138,0.571,0.458,1
"WDR13",0.0994286494032069,-0.513098063766685,0.393,0.514,1
"STUB1",0.0994726809708683,-0.259916864566008,0.482,0.636,1
"MTRNR2L8",0.0996802913665635,-0.416342617598491,0.518,0.673,1
"CHCHD1",0.0998521878693521,-0.59827202361489,0.429,0.514,1
"ST3GAL2",0.0999734644130132,-0.915043863832615,0.179,0.28,1
"HDLBP",0.10019883935752,-0.615842842920375,0.375,0.458,1
"TMEM163",0.100372986200786,-1.2479677466762,0.036,0.112,1
"AC004812.2",0.100372986200786,-0.979897796782093,0.036,0.112,1
"ZNF181",0.100372986200786,-0.955230133031667,0.036,0.112,1
"MYPOP",0.100372986200786,-0.980427106079015,0.036,0.112,1
"UBE2A",0.100460806392074,-0.312548127680239,0.393,0.579,1
"DCK",0.100486542311357,-0.670919993046317,0.464,0.589,1
"AC009318.1",0.100621091735441,-1.11461722107774,0.071,0.159,1
"ABCG1",0.100719514032383,0.706576345721906,0.214,0.112,1
"SAMD13",0.100719514032383,-0.930304983600138,0.089,0.178,1
"KLHL18",0.100768878424151,1.17636425337267,0.143,0.065,1
"LINC00174",0.100815671098177,-0.732232869741615,0.054,0.14,1
"TMEM60",0.100815671098177,-0.894420116869422,0.054,0.14,1
"LACC1",0.100815671098177,-0.935443398450693,0.054,0.14,1
"BAD",0.100829594931177,-0.79444292411266,0.304,0.393,1
"AKT1S1",0.100921481840006,1.20580774516868,0.232,0.14,1
"ISYNA1",0.101094155472486,-0.3473482402873,0.25,0.402,1
"TFR2",0.101241595399269,-0.780080054263741,0.161,0.271,1
"SCML4",0.101283146305649,0.984914835136582,0.196,0.103,1
"MED11",0.101283146305649,0.810296952681908,0.196,0.103,1
"ZBTB4",0.101283146305649,1.26695661055032,0.196,0.103,1
"SURF6",0.101405695920488,0.554269413146123,0.25,0.14,1
"NPTN",0.101811461497411,-0.943024054191839,0.143,0.243,1
"SLC10A7",0.101869415394523,-0.940791417474717,0.036,0.112,1
"INPP5K",0.101869415394523,-1.23407590287113,0.036,0.112,1
"MIR181A1HG",0.10195337241716,-0.6149585887344,0.464,0.598,1
"RETREG1",0.101961461226888,1.01637775300708,0.232,0.131,1
"XPO4",0.102031174580426,-0.848853075169303,0.107,0.206,1
"BCKDHA",0.102102337770079,-0.621905142223803,0.161,0.28,1
"ST7L",0.102156066356246,-0.780044182784379,0.054,0.14,1
"YKT6",0.102317208407185,0.960599068153749,0.161,0.075,1
"MTRNR2L12",0.102323344042009,-0.286746515831228,0.929,0.991,1
"CAMKMT",0.102515142412857,-0.673344084028267,0.071,0.168,1
"PUS10",0.102515142412857,0.796583177568606,0.196,0.103,1
"S100A11",0.102564190692572,-0.404422052355918,0.339,0.467,1
"TMEM33",0.102961755105383,-0.493460457209778,0.286,0.411,1
"PRSS57",0.103029802863799,-0.458862213625014,0.589,0.701,1
"DDHD2",0.10306039933744,1.37960181141379,0.321,0.215,1
"TNRC6C",0.103071516783213,-1.13470868750496,0.214,0.308,1
"ZNF709",0.10313451498277,-1.11999383938443,0.071,0.159,1
"BRCC3",0.103229986374577,0.303631702476041,0.143,0.262,1
"PIP5K1C",0.103383550593245,-1.0671561706436,0.036,0.112,1
"MIEN1",0.103429257511559,-0.385758559134895,0.304,0.439,1
"SRSF7",0.103435964579213,0.35438377237646,0.839,0.888,1
"PCNX3",0.103510606173669,-0.559610298886364,0.054,0.14,1
"TTLL5",0.10353029161679,1.07567435645013,0.179,0.093,1
"RILP",0.103539766836025,-0.328824943082983,0.125,0.243,1
"TSGA10",0.103668764869489,-1.41101657335808,0.107,0.196,1
"HIST1H2AH",0.103708525464983,-1.3717793571428,0.054,0.131,1
"NVL",0.104141074030499,-0.457798675231831,0.125,0.234,1
"ANKRD54",0.10422319476981,-0.731596090126969,0.161,0.271,1
"ZNF43",0.104248028792545,-0.418677519274576,0.268,0.411,1
"NRROS",0.104279682948561,-0.821858913343552,0.107,0.206,1
"ZNF789",0.1044098139043,-0.810195793027384,0.071,0.159,1
"PSEN1",0.104574636740598,0.357341929173252,0.321,0.196,1
"LYPLA1",0.104616966853144,-0.330833211393666,0.625,0.776,1
"USP10",0.104638362067224,-0.420939304473741,0.357,0.495,1
"STYX",0.104641708349323,0.949596294309816,0.286,0.178,1
"BAZ1B",0.104689042752884,0.634430871041248,0.482,0.364,1
"SRP19",0.104852708424448,0.427871457905787,0.679,0.579,1
"HSPA14",0.105114836062212,0.889894451654631,0.161,0.075,1
"TMEM267",0.105182604855148,0.982742684798776,0.143,0.065,1
"SMN1",0.105182604855148,1.3809719525908,0.143,0.065,1
"ZNF66",0.105216126303914,-0.574687246191719,0.089,0.196,1
"AC092821.3",0.105219009213345,0.987872244286466,0.268,0.159,1
"TRAPPC4",0.105308764459389,-0.30727815483359,0.25,0.393,1
"METTL2B",0.105418603861819,1.2285539686875,0.232,0.14,1
"ITSN2",0.105533518640288,-0.321801143987673,0.304,0.458,1
"BSDC1",0.105603794606492,0.427679008345449,0.589,0.505,1
"GNPNAT1",0.105697605308078,-1.11512987745069,0.071,0.159,1
"SWSAP1",0.105697605308078,-1.02466206802018,0.071,0.159,1
"RPAP2",0.105713321720068,0.681223483484988,0.446,0.355,1
"ARIH2",0.105798611371033,0.740251153411139,0.482,0.383,1
"RAMP1",0.105805263628306,0.691962576825771,0.411,0.29,1
"INSIG2",0.105831044364524,0.869262042947638,0.304,0.215,1
"UBE2E3",0.105976441648304,-0.494962735925707,0.571,0.673,1
"NDUFAF1",0.105980423363066,-1.16769391802207,0.107,0.196,1
"S100Z",0.1061560565142,1.26825702867774,0.179,0.093,1
"INTS8",0.106216572557,-0.676569841362997,0.232,0.346,1
"SQOR",0.106262490491007,-0.800078311429356,0.054,0.14,1
"AC027644.3",0.106321164996536,-0.603952133590938,0.143,0.262,1
"CMPK2",0.106398927037238,-0.516579001124424,0.089,0.196,1
"GSTO1",0.106487403793367,-0.318774233954595,0.679,0.794,1
"RAB40B",0.106536240092035,-1.48366734663805,0.054,0.131,1
"MARK4",0.106536240092035,-1.17481512890702,0.054,0.131,1
"SNHG17",0.106589395016835,-0.951815055078245,0.196,0.299,1
"ARHGAP35",0.106739356715212,-0.925744667739166,0.143,0.252,1
"TMEM183A",0.106775011306745,0.49471575424327,0.518,0.393,1
"TANK",0.107011403462028,-0.857192608651277,0.196,0.308,1
"CIC",0.10756276861143,-0.648907541405809,0.071,0.168,1
"OGFR",0.107592244356263,-0.61606562045463,0.089,0.196,1
"USF3",0.107633680708213,-0.794024175916606,0.214,0.318,1
"C17orf75",0.10795480182051,-0.637400161600588,0.125,0.224,1
"GGPS1",0.108068809177218,-0.498185068950684,0.179,0.299,1
"NPIPB4",0.108114940782533,1.82087869713835,0.125,0.056,1
"UBE2E2",0.108208399054967,1.03808890968918,0.143,0.065,1
"ZSCAN32",0.108209370914902,1.10640807457906,0.143,0.065,1
"GK",0.108209370914902,0.871372617685971,0.143,0.065,1
"RBM22",0.10824450321096,-0.372603526570136,0.393,0.561,1
"BCL2L13",0.108306680204742,-0.714078429583955,0.161,0.271,1
"RCAN3",0.108306680204742,0.744656509994119,0.304,0.196,1
"PJA2",0.108407073021344,0.403744289292567,0.696,0.645,1
"XXYLT1",0.108485029429006,-0.37191741274526,0.089,0.187,1
"PIGN",0.108515255755526,0.989127102293258,0.25,0.159,1
"GDE1",0.108563207178838,-0.596819593586829,0.304,0.411,1
"EHMT1",0.108862994624402,-0.688021385006631,0.393,0.505,1
"RABL2B",0.108926280221373,0.909788136471858,0.268,0.168,1
"ARSA",0.109099597333144,1.28834693475113,0.214,0.121,1
"ARMC5",0.10942472678205,-1.43757394786459,0.054,0.131,1
"KIF22",0.109619553951642,1.04793661987101,0.268,0.159,1
"NLRC5",0.109619752266229,-1.10321228038957,0.036,0.112,1
"DUSP10",0.109818202143113,-0.346170191209814,0.232,0.364,1
"CCNB1IP1",0.109835351451057,-0.380527939425655,0.607,0.729,1
"GOT1",0.110484803253665,-0.951922924794645,0.089,0.178,1
"GLIPR2",0.110552484362844,0.965812315408868,0.357,0.243,1
"CTDSPL",0.110742113487175,-0.691818665629936,0.125,0.234,1
"SAE1",0.110742113487175,-0.434531844906391,0.125,0.234,1
"SNRNP48",0.110865760542276,-0.839148193265704,0.232,0.327,1
"AC008915.2",0.110892007941393,1.0485498588115,0.161,0.075,1
"AC103706.1",0.111304662326299,1.64922632020431,0.143,0.065,1
"SCYL3",0.111331102696953,0.676565892403971,0.232,0.131,1
"FLYWCH2",0.111347769718288,0.591145497380038,0.393,0.271,1
"AC012360.3",0.111418848899136,-0.930353635061553,0.143,0.243,1
"LYPLAL1",0.111569868491312,0.892604920343464,0.339,0.224,1
"TMEM41B",0.111594868821511,0.692681846607493,0.482,0.364,1
"NUCB2",0.111596599848602,-0.398878118479083,0.839,0.916,1
"HCG18",0.111812564143748,0.518587677981457,0.446,0.308,1
"ZNF787",0.111863619309337,-0.258028373218685,0.304,0.43,1
"ARMH3",0.111940062627016,-0.278479726014678,0.054,0.14,1
"NUP210",0.112263096630816,1.05947831892001,0.268,0.168,1
"XPO1",0.112308169585445,0.490862741320393,0.714,0.598,1
"FLYWCH1",0.112374779499939,-1.15532104806918,0.054,0.131,1
"KDM3B",0.112515758817251,1.00694386291617,0.304,0.196,1
"NAA15",0.112606266217313,-0.592679889965271,0.286,0.421,1
"SAP30BP",0.112611964540086,-0.447942741090211,0.339,0.449,1
"MRPL36",0.112730183428953,-0.388670614408138,0.339,0.495,1
"SRRM1",0.112739183319501,0.321681642701773,0.929,0.86,1
"PDAP1",0.113026179490619,0.472243503998697,0.714,0.673,1
"SEC61A1",0.113147016908606,0.768089660797014,0.321,0.224,1
"BACH1",0.113395575517106,-0.409856085544583,0.25,0.383,1
"C8orf82",0.114163998172334,-0.704220170994237,0.179,0.29,1
"NMRK1",0.114200004758269,-1.03409484812944,0.125,0.215,1
"RUVBL2",0.114478516316335,-0.38684137119982,0.25,0.393,1
"SUPT4H1",0.1144806197602,-0.252407530810765,0.625,0.738,1
"C5orf63",0.114489165973589,-0.710393044197427,0.036,0.112,1
"MAD2L1BP",0.114489165973589,-0.724456459160685,0.036,0.112,1
"ACSL4",0.114645184720094,-1.43918712627955,0.196,0.299,1
"HDAC2",0.114648757555249,-0.265298260128435,0.571,0.748,1
"AL096803.2",0.11480247700764,1.3424159919927,0.125,0.056,1
"SLC33A1",0.114804554581679,0.42644543383674,0.375,0.252,1
"GBP2",0.11481367914022,-0.812647580490369,0.232,0.346,1
"CEP192",0.114888297522003,-0.991480698748048,0.107,0.206,1
"SLC45A3",0.114888879769945,-0.509083487737211,0.107,0.206,1
"SHMT2",0.115057832053741,-0.260626847921797,0.268,0.411,1
"TMEM25",0.11506825446067,-0.895971438192153,0.071,0.159,1
"EBPL",0.115383528917935,-0.269216684961541,0.768,0.916,1
"AKAP10",0.115387187533891,0.829768973670434,0.161,0.075,1
"COG2",0.115465015776369,-0.268002822163273,0.143,0.252,1
"FAM216A",0.115748430363392,-1.20935863937047,0.196,0.28,1
"CCDC22",0.116036488616178,-0.5876816777583,0.143,0.262,1
"DNAJC25",0.116078131565622,0.819712635107448,0.143,0.065,1
"ARFGAP1",0.116078131565622,1.00607900907537,0.143,0.065,1
"FASTKD1",0.116118307355505,-0.502729971268927,0.107,0.206,1
"ZNF131",0.116162847898736,-0.374181805753814,0.411,0.542,1
"STK3",0.116257352939707,-0.911049422279681,0.143,0.234,1
"NSUN6",0.11635484401852,0.809917309737455,0.339,0.243,1
"RAB8A",0.116408775412796,0.438935033361802,0.696,0.664,1
"ZBTB17",0.116458688302145,-0.812608790041821,0.071,0.159,1
"CCDC50",0.116594074164101,-0.429361441949634,0.143,0.252,1
"PNKD",0.116670997848154,-0.387078081154873,0.518,0.645,1
"LRRC34",0.116917020041672,-1.05976103925084,0.054,0.131,1
"RBAK",0.117194840296466,0.662396985888464,0.179,0.093,1
"AGA",0.117358049852793,-0.591137107217862,0.107,0.206,1
"CCDC138",0.117392640178708,-1.51387262933884,0.036,0.103,1
"CTNNA1",0.117417158061324,-0.821049996389605,0.286,0.402,1
"SYVN1",0.1175242292575,-0.332307640264702,0.089,0.196,1
"AGTRAP",0.117704561282169,0.997023476952781,0.143,0.065,1
"SCAMP4",0.117786814238428,0.802336880660298,0.339,0.224,1
"LPP",0.1177976457147,1.0311886191621,0.375,0.271,1
"MRPS9",0.117798027249945,-0.665013145031283,0.232,0.346,1
"AC078846.1",0.11785425914436,1.19810651840331,0.161,0.084,1
"UNK",0.118148490221506,0.827010471706071,0.339,0.234,1
"MTX3",0.118266149026992,2.22110697224679,0.125,0.056,1
"DPM1",0.118305389980687,-0.663169326063313,0.268,0.355,1
"SCRN3",0.118462734980787,-1.13893113501229,0.054,0.131,1
"LRWD1",0.118462734980787,-0.965508658805559,0.054,0.131,1
"EED",0.118462734980787,-1.0467705106278,0.054,0.131,1
"RFXAP",0.118462734980787,-1.4124815698753,0.054,0.131,1
"ZC4H2",0.118462734980787,-0.84761700118445,0.054,0.131,1
"IDH1",0.11858942625307,-1.04239916042181,0.143,0.234,1
"USP51",0.118635756304201,-2.01061955389928,0.071,0.15,1
"ALS2",0.118652293521649,-0.378826625431936,0.089,0.187,1
"PLXND1",0.118652293521649,-0.821271339434263,0.089,0.187,1
"AGPAT5",0.119283880136467,-0.513062678095802,0.357,0.523,1
"EXOSC4",0.119433599570338,-1.01470335931429,0.107,0.196,1
"NKTR",0.119470101177459,0.358194083448958,0.821,0.729,1
"ARL2",0.119649778237732,-0.285204366787122,0.446,0.598,1
"SQSTM1",0.119890899529257,-0.299803448682899,0.679,0.785,1
"GRPEL1",0.120214892903703,1.03591199265821,0.25,0.159,1
"MAPKAPK5",0.120533018763823,0.355482478467118,0.411,0.271,1
"ZBTB10",0.120557559506625,0.620119990440563,0.321,0.206,1
"GATA2-AS1",0.120639290328567,0.899789737378505,0.214,0.121,1
"PTGES3",0.120652832810644,0.270036581636243,0.911,0.916,1
"MPRIP",0.120821456814628,0.603623180856855,0.411,0.318,1
"CARD8",0.120851049214672,-0.497349285420114,0.482,0.589,1
"RCL1",0.120901906601959,1.40739234197382,0.161,0.084,1
"C19orf81",0.120901906601959,1.32123676879199,0.161,0.084,1
"PRKAR2B",0.120911294383425,1.12198601532607,0.375,0.262,1
"SHF",0.120983101705165,-1.0733036589988,0.089,0.178,1
"LARP1B",0.121007659258842,-0.402391056833812,0.268,0.364,1
"MRPL47",0.121100478169329,0.7848190085069,0.536,0.486,1
"MTFMT",0.121139677966288,-0.720045417786043,0.107,0.206,1
"FHOD1",0.121307379290574,-0.517989074458469,0.089,0.187,1
"TXNRD1",0.121468075976457,-0.665790601085906,0.393,0.486,1
"LZTS2",0.121559227870056,1.01796517104765,0.179,0.093,1
"CHERP",0.121667967387927,-0.779288522812652,0.179,0.28,1
"TGFB1",0.121695019926149,0.454641970596024,0.625,0.542,1
"AC010623.1",0.121811255673017,1.22043380793717,0.125,0.056,1
"ZNF668",0.121811255673017,1.23417606297962,0.125,0.056,1
"PPP1R16B",0.121811255673017,1.25321221834796,0.125,0.056,1
"ANKRD50",0.121820460419653,-1.5398900045939,0.089,0.168,1
"TIMM17B",0.122011817489238,-0.427881257818659,0.25,0.374,1
"XIST",0.122015660863321,0.33858678644812,0.929,0.972,1
"MAN2A2",0.122080263845336,0.768976991914611,0.339,0.224,1
"HDAC3",0.12225742914774,-0.560012647648337,0.268,0.383,1
"YAF2",0.12225742914774,0.94860989600516,0.393,0.318,1
"PTMS",0.122379550031648,-0.449793435022453,0.5,0.664,1
"CEP120",0.122448682125243,1.65616816506377,0.161,0.084,1
"ZSCAN30",0.122473138082464,-1.22822577928475,0.143,0.224,1
"APOBEC3F",0.122670277528432,0.796884333992184,0.232,0.131,1
"PRKAG2-AS1",0.122710387001277,-1.61205157181307,0.036,0.103,1
"ZNF26",0.123172513144673,0.711142987171848,0.339,0.224,1
"LINC02767",0.123196143572683,-1.09186262644781,0.054,0.131,1
"SUGP1",0.123196143572683,-1.08929626430283,0.054,0.131,1
"TRAPPC11",0.123258170373763,-0.585023258989857,0.268,0.383,1
"ACOT13",0.12331613170245,-0.55536812584961,0.375,0.495,1
"KMT5A",0.123372117005066,0.927231554383801,0.304,0.224,1
"FUT11",0.123609800323395,-0.396670426103086,0.071,0.159,1
"KHNYN",0.12361351624783,1.04095730319242,0.125,0.056,1
"TAZ",0.123697742343165,-0.514626597211723,0.125,0.234,1
"ABI2",0.123723260995036,-0.56302061370393,0.339,0.477,1
"CCDC25",0.123723834862997,0.755046848290269,0.482,0.383,1
"C1orf43",0.12380940701829,-0.310574296980837,0.482,0.598,1
"KDM4C",0.123930896340598,-0.621834258002746,0.107,0.215,1
"AC090114.2",0.124088261540459,1.22200783036466,0.214,0.131,1
"RMND1",0.12411701717214,-0.810439208836363,0.143,0.243,1
"MGST1",0.124265296489147,-0.764576146964684,0.268,0.383,1
"FEM1B",0.124376323330464,0.715868930108345,0.304,0.206,1
"TMEM53",0.124524196260715,-1.11402750017678,0.036,0.103,1
"MCM9",0.12453873715055,0.832679111482319,0.179,0.093,1
"FASN",0.12453873715055,0.736808248601768,0.179,0.093,1
"EIF2S1",0.124568199926037,0.827829714578303,0.357,0.252,1
"AP002748.4",0.124628819266051,1.0906772970245,0.196,0.112,1
"BMI1",0.124678806241172,-0.349014976361149,0.321,0.467,1
"AC016773.1",0.124806355406527,-1.01545735022822,0.054,0.131,1
"STAU1",0.124872423571288,-0.34398356720109,0.357,0.495,1
"FEZ2",0.124895417584454,-0.554362318179221,0.321,0.439,1
"FRA10AC1",0.125063401942338,-0.645772689489386,0.25,0.374,1
"VASP",0.125233916500952,-0.255585333389479,0.5,0.682,1
"USP5",0.125261376911222,-0.988223028736481,0.125,0.215,1
"NMI",0.12532500927189,-0.260311261641705,0.589,0.766,1
"SF3B3",0.125363535692065,-0.427342128328865,0.214,0.364,1
"ZNF512B",0.125438908587994,0.808703139400966,0.125,0.056,1
"SCOC-AS1",0.125588581942428,1.3410151948986,0.161,0.084,1
"FUBP1",0.125692640723034,-0.260812790533925,0.5,0.607,1
"BIRC6",0.125714415053697,0.875294682432043,0.5,0.449,1
"CMTM6",0.125903385401394,-0.281929080597273,0.571,0.692,1
"LINC01578",0.125955754012104,0.556911710791151,0.929,0.85,1
"MINDY3",0.126106431976108,0.788831148971679,0.143,0.065,1
"RNF123",0.12635884890141,-1.52635436889368,0.036,0.103,1
"HOMER2",0.12635884890141,-1.20711722416964,0.036,0.103,1
"CCNY",0.126470298128062,-0.34175476092658,0.464,0.692,1
"ZNF83",0.126482899725233,0.625166141508702,0.357,0.234,1
"MED25",0.126542609555675,-0.778294560026745,0.143,0.243,1
"ZNF548",0.126756758270197,-0.45180215958285,0.089,0.187,1
"PET117",0.126793207802183,0.337344533786389,0.196,0.103,1
"CERK",0.127231196491705,-0.552572125623717,0.179,0.299,1
"MCM2",0.127284034283096,0.838413059681375,0.125,0.056,1
"FAM160A2",0.127284034283096,1.05195506315237,0.125,0.056,1
"JAM3",0.127809174578861,1.62870323761055,0.107,0.047,1
"SPATA2L",0.127809174578861,1.49831260273293,0.107,0.047,1
"ZSCAN2",0.12782934130878,-0.827657956293751,0.125,0.215,1
"ZNF121",0.127901331686294,1.02995014542037,0.304,0.224,1
"APAF1",0.127991002066203,1.12837874709043,0.232,0.131,1
"SSBP4",0.128034721013799,0.474404050060232,0.732,0.738,1
"DTD2",0.128062246047203,-0.686255495336607,0.071,0.159,1
"SCHIP1",0.128075965891869,-1.17011863307952,0.054,0.131,1
"TYMSOS",0.128075965891869,-0.911984729580514,0.054,0.131,1
"ZSWIM1",0.128214481767058,-1.19004658345246,0.036,0.103,1
"CXCR4",0.128335714196386,0.692143467301898,0.429,0.318,1
"E2F4",0.128827093124121,-0.585875405904901,0.25,0.355,1
"MPC2",0.129098150261404,0.307273592904979,0.821,0.785,1
"SLC18A2",0.129114421079943,-1.50306199099487,0.071,0.15,1
"CCDC106",0.129114421079943,-1.20227996459693,0.071,0.15,1
"UQCC1",0.129114421079943,-0.981714537415736,0.071,0.15,1
"ZBTB21",0.129128584249328,0.808308828936307,0.25,0.15,1
"DDRGK1",0.129309306639692,-0.417635576037101,0.339,0.495,1
"SMC6",0.129348825873485,0.488121121170556,0.232,0.131,1
"FAM98A",0.129357043483418,-0.724407589212383,0.089,0.178,1
"NMRAL1",0.129397519674353,-0.461338882445396,0.268,0.383,1
"PRSS21",0.129542637808515,0.946254513912296,0.214,0.131,1
"HDAC10",0.129735554063359,-0.862009499313352,0.054,0.131,1
"GFI1B",0.130091230931291,-1.22400461170822,0.036,0.103,1
"PDE3A",0.130091230931291,-1.19583637787656,0.036,0.103,1
"ENGASE",0.130091230931291,-1.35618603549812,0.036,0.103,1
"RNF103",0.130171202039503,0.579220665418289,0.268,0.168,1
"HEATR5B",0.130398352611516,-0.282758833892277,0.268,0.402,1
"GATD1",0.130668333386383,0.915495301463629,0.179,0.093,1
"TMEM181",0.130841338931092,-0.659663005389322,0.179,0.28,1
"MALT1",0.130934903722576,1.57662274263735,0.214,0.131,1
"CTSH",0.131037566430072,1.38729629522033,0.125,0.056,1
"HIVEP2",0.131099152075665,-0.54928306017933,0.071,0.159,1
"U2SURP",0.131112641558635,0.378362353948233,0.786,0.766,1
"EML4",0.131313813263647,1.03974973409247,0.321,0.243,1
"FKTN",0.13136741445597,0.949516919346773,0.143,0.065,1
"CEBPZ",0.131418880545081,0.531381503569851,0.589,0.523,1
"MECP2",0.131464196297364,0.390605777445333,0.5,0.393,1
"NFX1",0.131504351962821,-0.614343782814517,0.143,0.243,1
"RTCB",0.131644761550601,-0.296311979607476,0.393,0.514,1
"GATD3B",0.131690521382423,-0.712951591897032,0.107,0.206,1
"FKRP",0.131880762346719,1.66341488467585,0.107,0.047,1
"ZNF175",0.131880762346719,1.03583485704904,0.107,0.047,1
"APBA3",0.13198923166617,-1.16290881332806,0.036,0.103,1
"ATP10A",0.132056244307315,1.06091442704581,0.161,0.084,1
"ZNF569",0.132236714151635,0.950912775552476,0.179,0.093,1
"ACER3",0.132236714151635,-0.566079154795545,0.071,0.15,1
"DGLUCY",0.132249035494183,-0.724116662482173,0.214,0.327,1
"IP6K1",0.132458020339126,0.710725247127725,0.5,0.393,1
"PARP4",0.132529265829817,0.464468394076006,0.464,0.346,1
"INTS12",0.132768049152773,-0.593925473482008,0.143,0.243,1
"ALDH1A1",0.132832693686598,-0.264683174823136,0.429,0.607,1
"FNBP4",0.132832693686598,0.409913960620829,0.607,0.514,1
"FUBP3",0.132850353760578,0.919276495605751,0.286,0.196,1
"PSMC6",0.133027724006383,-0.278383277548013,0.518,0.617,1
"SLC1A4",0.133104766402541,-1.24912490814564,0.054,0.131,1
"ZNF141",0.133216471306909,1.64075284448554,0.304,0.215,1
"FBXW4",0.133539183347305,-0.788523643021631,0.125,0.224,1
"PDSS2",0.133819638575429,0.50685871262258,0.179,0.093,1
"CCAR2",0.133819638575429,-0.858139502734024,0.071,0.15,1
"MR1",0.133834248608429,-0.381379483952995,0.089,0.187,1
"ORAI1",0.133852158069823,-0.517510353120161,0.304,0.421,1
"USP45",0.133908618410511,-1.02022828301552,0.036,0.103,1
"ARRDC5",0.133953896044156,1.81743820828753,0.107,0.047,1
"RAB11FIP1",0.134074694807432,0.83388194268915,0.446,0.355,1
"MRPL54",0.134078893831269,0.37617402690108,0.75,0.72,1
"ANKHD1",0.134148790974495,0.328805473337504,0.589,0.458,1
"DCAF5",0.134480906885153,-0.61035485784162,0.286,0.402,1
"ORMDL1",0.13458949206088,0.540939632737303,0.768,0.748,1
"TXNDC15",0.134703030959629,-0.650237762552639,0.161,0.262,1
"GLCCI1",0.134703030959629,-0.676562245175205,0.161,0.262,1
"RING1",0.134754153843349,-0.59054125665641,0.25,0.336,1
"SPRYD4",0.134814577088664,-0.675282822820943,0.054,0.131,1
"PEX6",0.13485703432056,-0.919815904026229,0.089,0.168,1
"MIR222HG",0.134865536618266,-0.849110206401895,0.125,0.224,1
"SAT1",0.135062451094506,-0.511192130483376,0.625,0.757,1
"CRTC2",0.135417181456147,-0.914239078252398,0.071,0.15,1
"ZNF561-AS1",0.135597891163459,-1.30906304568469,0.107,0.196,1
"MGAT4A",0.135667469990464,0.763217204729741,0.411,0.327,1
"MGAT2",0.13577174937192,-0.347621332715358,0.25,0.393,1
"DENND6B",0.135825863021397,0.451228810374811,0.107,0.206,1
"AC046134.2",0.135849524738026,-0.93212352911153,0.036,0.103,1
"LIMCH1",0.135849524738026,-1.08330443345857,0.036,0.103,1
"NAIP",0.135881430841583,-0.756507716595718,0.107,0.215,1
"COPS3",0.136119105874331,-0.319014701461015,0.429,0.551,1
"MCMBP",0.136575616529879,0.886899821164817,0.286,0.196,1
"MRPL19",0.136577524838468,-0.280726737059701,0.357,0.495,1
"CHP1",0.136763740032286,0.666124811827947,0.411,0.29,1
"MED8",0.137346556678368,-0.957771026483803,0.196,0.28,1
"PLCB1",0.137377225888394,0.99873934182196,0.339,0.262,1
"NPAT",0.137548762114071,-0.657686229691606,0.125,0.224,1
"RUNX3",0.137682329552915,1.38746213154466,0.429,0.327,1
"AL031595.3",0.138175685138231,1.78573279566849,0.107,0.047,1
"FAHD2B",0.138512378446497,-0.613290337835738,0.125,0.215,1
"LINC00685",0.138656419701981,-1.06848373680541,0.071,0.15,1
"TCEA2",0.138680662261667,-0.425522833614863,0.25,0.355,1
"MAP3K2-DT",0.138926793809757,0.382584633074228,0.196,0.103,1
"FCER1G",0.13917595828565,-0.46462545205824,0.179,0.29,1
"FRAT2",0.139253012226373,0.721195313149957,0.268,0.168,1
"FAM53B",0.139434317707077,0.715248062774612,0.196,0.112,1
"UBLCP1",0.139576085538137,-0.353685748094033,0.357,0.467,1
"TDG",0.139667954669273,0.434814001260434,0.518,0.43,1
"GIGYF2",0.139709572670693,-0.473994455671288,0.339,0.449,1
"ORAI3",0.139709572670693,-0.527213956642426,0.339,0.449,1
"YME1L1",0.139730113548645,0.719128659070094,0.554,0.533,1
"U91328.1",0.139796425919656,-0.559820118948085,0.036,0.103,1
"PRMT7",0.139891794645688,-0.700741274691149,0.107,0.196,1
"RGS12",0.140045934907719,-0.522077611662741,0.054,0.131,1
"HOMEZ",0.140045934907719,-0.773979825287544,0.054,0.131,1
"OXSR1",0.140145399298254,-0.49736598715785,0.232,0.355,1
"IWS1",0.140291747474878,-0.408788019624502,0.214,0.327,1
"NIPAL2",0.140298262547185,-0.976956302293435,0.071,0.15,1
"PLTP",0.140298262547185,-0.701893185893928,0.071,0.15,1
"CEP76",0.140324673666449,1.35220979565664,0.107,0.047,1
"AL133342.1",0.140324673666449,1.29064148949025,0.107,0.047,1
"LSM8",0.140326047623477,0.28951810106704,0.786,0.766,1
"MEF2A",0.1403961088686,1.33320034112134,0.411,0.374,1
"ELP5",0.140494234531065,-0.389523415829474,0.339,0.486,1
"MATR3.1",0.140500797904124,1.09723977164571,0.25,0.168,1
"ECHDC2",0.140545416363873,1.20076894147887,0.179,0.103,1
"RAD54L2",0.140548608418071,0.935916779852299,0.268,0.178,1
"PIAS2",0.140654606797931,-0.472603678217732,0.268,0.393,1
"UXS1",0.14094721805951,0.82873497996836,0.375,0.29,1
"SETX",0.140950930450397,0.721102087305083,0.518,0.421,1
"TRMT10A",0.140960985885577,-1.30921407948741,0.054,0.121,1
"RUFY1",0.141208467648433,-0.340819365904995,0.286,0.383,1
"GOLT1B",0.141214144348023,-0.799491604214547,0.089,0.178,1
"TMEM106A",0.141221413085798,-0.314096068117765,0.214,0.346,1
"POLR3A",0.141287725662908,0.72533090812926,0.25,0.15,1
"TMEM106C",0.141346112002238,-0.733690098972636,0.107,0.196,1
"PTGS1",0.141650535665552,-0.620069373613211,0.125,0.224,1
"CPEB2",0.141802683306729,-0.522511784624232,0.036,0.103,1
"FAM27C",0.141802683306729,-0.937220684030094,0.036,0.103,1
"C17orf100",0.141802683306729,-0.887543507112298,0.036,0.103,1
"STXBP4",0.141802683306729,1.51394027974458,0.036,0.103,1
"HTATIP2",0.141810449490468,-0.396460473423383,0.161,0.271,1
"CLEC2D",0.141810449490468,1.11226079874464,0.304,0.196,1
"ATP13A2",0.142169458377534,1.307737069862,0.179,0.103,1
"KTN1",0.142440121460823,0.293849440460499,0.893,0.897,1
"THAP3",0.142691330187066,-0.816485967517603,0.125,0.215,1
"KRCC1",0.142721562514815,-0.877488956943311,0.161,0.252,1
"TAMM41",0.142753205000089,-0.690737505326761,0.089,0.178,1
"TNFAIP2",0.142812020384408,-0.534245596322449,0.107,0.196,1
"AC064836.4",0.142814070647122,0.607678635591148,0.125,0.056,1
"DHX40",0.143426734072602,0.587904625684097,0.554,0.449,1
"DOCK7",0.143517478096599,-0.880804139199689,0.196,0.28,1
"MON1B",0.143549336639048,0.532192422519294,0.232,0.131,1
"C6orf47",0.143619356496484,-0.525534528310884,0.054,0.131,1
"CYTH3",0.143626761022871,-0.929977708488932,0.071,0.15,1
"DDX6",0.143950185594624,0.30419668429768,0.75,0.776,1
"GEMIN5",0.143991819443254,1.09087801792408,0.161,0.084,1
"SAR1A",0.14409855520921,-0.362476580290143,0.268,0.374,1
"TTC5",0.14409855520921,-0.536358849322234,0.268,0.374,1
"GTF2H2C",0.144130270466951,0.682330940827436,0.196,0.112,1
"HIRIP3",0.144130270466951,0.863465196872033,0.196,0.112,1
"HMGA2",0.144319522556613,1.10939766108962,0.304,0.215,1
"NEK5",0.144699661701203,1.17127020129844,0.107,0.047,1
"SRP14-AS1",0.144699661701203,2.08923009417091,0.107,0.047,1
"CATSPER2",0.144699661701203,0.904799843624203,0.107,0.047,1
"SLC7A5",0.144853443262882,0.39792516330136,0.125,0.056,1
"PNPT1",0.145147860872634,0.672764422274421,0.429,0.336,1
"SSU72",0.145150733017251,0.300104542110963,0.75,0.71,1
"SPON2",0.145313561393838,0.389052281161457,0.179,0.093,1
"SNX20",0.145313561393838,-0.728380589863156,0.071,0.15,1
"SMIM10",0.145313561393838,-0.682632854868867,0.071,0.15,1
"SFXN5",0.145460728483577,1.32506597396301,0.179,0.103,1
"TMEM128",0.145503075683237,-1.12007078372218,0.107,0.187,1
"CRBN",0.145524029853653,-0.295280536930759,0.643,0.748,1
"PAFAH1B3",0.145656211160333,-0.620922725475715,0.446,0.542,1
"EXOSC2",0.145722241937278,-0.903001003555807,0.089,0.168,1
"MIR99AHG",0.145722241937278,-1.08276203175507,0.089,0.168,1
"ZNF101",0.145778807283417,-0.760431816519211,0.107,0.196,1
"SOS2",0.145784249643506,-0.276187371033735,0.268,0.383,1
"CCL28",0.14586443917765,0.849406912133892,0.232,0.14,1
"TACC3",0.146017261090792,-0.344272439931357,0.393,0.533,1
"GPR108",0.146504057102866,-1.15520894946058,0.125,0.206,1
"AC116407.2",0.146525153303016,1.17431497871284,0.143,0.075,1
"NR2C2AP",0.146525153303016,1.13347008257736,0.143,0.075,1
"PPID",0.146737829014101,-0.500035483447152,0.214,0.336,1
"TSPAN5",0.146925986288047,1.19665423621796,0.107,0.047,1
"IFFO1",0.146925986288047,1.19917384024467,0.107,0.047,1
"SOCS6",0.147015491542754,-0.548750683422468,0.071,0.15,1
"SNRPD3",0.147069965197852,0.402977919671206,0.804,0.813,1
"SH3TC1",0.147262297260917,-0.706050758859605,0.054,0.131,1
"ZNF567",0.14727978359974,-0.877184381875539,0.107,0.196,1
"AC147067.1",0.147549558742253,0.879417370115105,0.161,0.084,1
"DNAJC24",0.147568597419562,-0.416010282705392,0.161,0.262,1
"AC015871.1",0.147967140975107,-0.884485173786183,0.125,0.206,1
"IL3RA",0.148115785624021,-0.864712191001333,0.143,0.234,1
"INAFM1",0.148416745668203,1.32492058869444,0.143,0.075,1
"PLPP6",0.148416745668203,-1.1246356981042,0.054,0.121,1
"ZNF350",0.148547309371832,1.0276706609617,0.321,0.234,1
"PA2G4",0.14862483048239,0.520015185501196,0.786,0.748,1
"SLC44A1",0.148665041267482,0.670168081571903,0.375,0.271,1
"BTAF1",0.148810028666751,0.95150411330147,0.179,0.103,1
"UBE3B",0.148946524359013,0.855920358353388,0.196,0.112,1
"HDHD5",0.148946524359013,0.79689531255185,0.196,0.112,1
"ELP3",0.148946524359013,-0.927363517087198,0.089,0.168,1
"ZNF211",0.148999027666612,0.605550749905248,0.125,0.056,1
"IAH1",0.149172589583749,0.428274433718865,0.536,0.458,1
"UMAD1",0.149353437988971,0.634150186104391,0.161,0.084,1
"TDRD3",0.149397395873682,0.720173075611361,0.286,0.187,1
"ARHGAP17",0.149413663506442,0.819683073071588,0.25,0.159,1
"KLF10",0.149416468325224,0.707613845494287,0.482,0.364,1
"STRAP",0.149555149161336,0.349301897712002,0.661,0.636,1
"MARCKS",0.149870390052598,-0.607289190277014,0.125,0.215,1
"PDZK1IP1",0.150049441016062,-0.465671133292414,0.036,0.103,1
"CXorf21",0.150063785902312,-0.507733873902377,0.143,0.243,1
"SEPSECS",0.150095966023548,-1.24385980492853,0.071,0.14,1
"ATP2B1-AS1",0.150250898119623,-0.448555835810295,0.161,0.262,1
"TAF3",0.150475564901379,0.624390055092603,0.286,0.178,1
"ZFAND1",0.150530573075999,0.333283239804369,0.643,0.542,1
"GIT2",0.150531580079466,-0.601573117148924,0.411,0.505,1
"SH3D21",0.15076070978713,-0.394293102488383,0.143,0.262,1
"BANK1",0.150926765637011,0.956552534380496,0.232,0.15,1
"NUDT16",0.150926765637011,-0.801787792639688,0.125,0.206,1
"TTC9C",0.150933778472869,-0.767220866453776,0.179,0.271,1
"PDZD11",0.150975465064632,-0.295519761111316,0.054,0.131,1
"SAMD9L",0.151296473365962,-0.491085056538588,0.286,0.393,1
"XAF1",0.15130488034186,-0.298264036519946,0.393,0.533,1
"PIGH",0.151338707944214,-0.559898821549221,0.125,0.215,1
"PCNX1",0.151390306900018,-0.580132419361398,0.232,0.336,1
"MRPL53",0.151457098408518,0.828362536430139,0.107,0.047,1
"IQCN",0.151457098408518,1.32399770702558,0.107,0.047,1
"CD300A",0.151462283516915,-0.656336500254,0.143,0.243,1
"DNAJC7",0.151486076903649,-0.254201062206547,0.643,0.748,1
"FYN",0.151500109881723,0.938829939128917,0.375,0.29,1
"RUNX2",0.151552808110664,1.09177402283432,0.482,0.439,1
"ARIH1",0.151984327790837,0.511939339591333,0.554,0.421,1
"MDH1",0.152169060657302,0.437725496024876,0.714,0.701,1
"TPX2",0.152212769529413,-0.467639734819822,0.071,0.15,1
"GPAT4",0.152224985965135,-0.914268061822221,0.089,0.168,1
"BNIP3",0.152266837583419,-0.662650301486186,0.179,0.271,1
"CD7",0.152308449292829,-0.457895811942035,0.232,0.346,1
"CHD1",0.152484738630977,-0.553718461292479,0.429,0.533,1
"LRBA",0.152597249175198,-0.304436388173779,0.518,0.692,1
"EMC3",0.152645541445815,0.536282632682995,0.518,0.421,1
"MTCH1",0.152753513494599,0.493269124193604,0.482,0.355,1
"COQ10A",0.152817959412991,-0.738059036798514,0.125,0.215,1
"ERGIC2",0.15283756713436,0.565423584011491,0.5,0.402,1
"APH1B",0.152936718951866,-0.302023306385856,0.161,0.28,1
"CHRNB1",0.152970216972163,-0.535321507934867,0.161,0.262,1
"NAGK",0.153165292290366,-0.49985009508892,0.214,0.318,1
"CYTH2",0.153435956051126,-0.307492123031847,0.268,0.374,1
"MRPL9",0.153540400721926,0.387648808308938,0.607,0.458,1
"ANKRD10",0.15356469725736,0.564392167148523,0.589,0.458,1
"MRPS18C",0.153574893937671,-0.415569317306098,0.554,0.71,1
"AL050309.1",0.153780181345441,-0.590045766724293,0.143,0.234,1
"SNAP23",0.15388380279809,-0.426513187978439,0.464,0.589,1
"VPS13B-DT",0.153884679863574,0.926197493328079,0.196,0.112,1
"DUSP12",0.154127468395106,0.900240271333402,0.321,0.224,1
"TBCC",0.154166841267956,-0.428440035419569,0.375,0.514,1
"WAC",0.154187505396962,-0.265630748046871,0.643,0.804,1
"UBXN4",0.154187505396962,0.369631494159526,0.75,0.748,1
"SLC25A15",0.154203464802783,-0.860271536142483,0.054,0.121,1
"WDR36",0.154308186033382,-0.653478036821689,0.125,0.215,1
"FAHD1",0.154308186033382,-0.427911364022457,0.125,0.215,1
"FUNDC1",0.154379177385893,0.597320663040766,0.375,0.28,1
"AC002454.1",0.154728082954381,-0.417025239943671,0.304,0.421,1
"AL354733.3",0.154821509850785,-1.04346016288589,0.107,0.187,1
"BDP1",0.155013940785667,0.262748823196935,0.589,0.486,1
"NDUFB9",0.15536547412793,-0.306874469923758,0.625,0.766,1
"THOC1",0.155379831872923,0.917801400786167,0.339,0.271,1
"RASA3",0.155558092785536,-0.80260660414584,0.089,0.168,1
"MTLN",0.155825146694934,-0.351960356515543,0.179,0.29,1
"AC083799.1",0.156093879019314,0.977223154062379,0.107,0.047,1
"PTGR2",0.15616999719024,-1.15756447285067,0.054,0.121,1
"TMED3",0.156206640832173,-0.43831754707443,0.464,0.579,1
"PPP6C",0.156483778054006,-0.312473697643173,0.25,0.374,1
"VBP1",0.156648485529971,-0.351328772273112,0.393,0.523,1
"PIK3R2",0.156737567051457,0.851432154245335,0.161,0.084,1
"ZNF248",0.157245281900815,-0.873322113817868,0.089,0.168,1
"DLEU1",0.157321729618731,-0.961224281392986,0.125,0.215,1
"CYTOR",0.157468860936898,-0.544081675186046,0.536,0.636,1
"ISG20L2",0.15754874528985,-0.776531700621325,0.071,0.15,1
"MESD",0.157599931812417,-0.520614780659998,0.464,0.561,1
"INO80C",0.157717591602219,-0.66705135226698,0.214,0.308,1
"MYH9",0.157777514659531,0.727414569000161,0.661,0.607,1
"LRRC8C-DT",0.15811931633877,-0.472093348068874,0.107,0.196,1
"NARS2",0.15811931633877,-0.481670284042326,0.107,0.196,1
"SOCS2-AS1",0.158155496525154,-0.869091475558216,0.054,0.121,1
"ING1",0.158248316711433,1.03606059041162,0.25,0.159,1
"PLEKHM1",0.158248316711433,0.695688077673376,0.25,0.159,1
"PRKACB",0.158255846220628,0.370007649647845,0.768,0.701,1
"ESD",0.158336590231736,-0.267284643451622,0.857,0.925,1
"LTV1",0.158400169948312,0.642837888511837,0.411,0.327,1
"TTLL7",0.158452283189524,0.562792650831288,0.107,0.047,1
"TOMM40L",0.158452283189524,0.721109285762271,0.107,0.047,1
"MRPL44",0.158503298424493,-0.666403450615747,0.339,0.43,1
"LRCH1",0.158523024421746,0.644540339301476,0.232,0.15,1
"NME6",0.158604070865215,-0.56319584541271,0.143,0.243,1
"CDK7",0.1588451283083,0.852082403771095,0.25,0.15,1
"SLC39A8",0.158938823077792,-0.26434878400066,0.25,0.374,1
"SMAD3",0.159140462156467,-0.672813211077179,0.161,0.252,1
"GAS6-AS1",0.159358546346804,-0.724033494749168,0.071,0.15,1
"MAP3K7",0.159451190855807,0.541432275342183,0.321,0.224,1
"BBX",0.159580138868087,0.278356071185414,0.625,0.533,1
"MLC1",0.159596476040574,0.442922632987716,0.357,0.243,1
"GIMAP2",0.159608280083859,-0.454627839049389,0.286,0.393,1
"FAM122B",0.159758450221018,-0.996292063305044,0.143,0.215,1
"FBXL15",0.160117600461817,0.682654411473864,0.393,0.308,1
"PUS7",0.160160053896413,0.975415305255904,0.143,0.075,1
"NOC3L",0.160285558170859,-0.294956523594331,0.179,0.308,1
"ACP6",0.160661215124163,-0.391080560929406,0.089,0.168,1
"LINC01138",0.160661215124163,-0.808556073274233,0.089,0.168,1
"GMPR",0.160803607398411,-0.696365503592945,0.196,0.29,1
"CTNNBL1",0.160863708469889,-0.454973056244224,0.536,0.654,1
"FAM214A",0.161073598759466,-0.383744645593101,0.232,0.346,1
"HECTD1",0.161187881356066,0.440708590835871,0.536,0.495,1
"AKR7A2",0.16124865962402,-0.252638226119925,0.393,0.551,1
"IFI6",0.161422906652814,-0.839299576487541,0.268,0.364,1
"TCEAL3",0.161438940905511,-0.661790880216154,0.357,0.421,1
"PSME3",0.161531117591074,-0.415327685798383,0.143,0.243,1
"INO80B",0.161531117591074,0.912135043944629,0.268,0.178,1
"TASOR",0.161604261312394,-0.316026382056713,0.393,0.486,1
"DYNC1LI1",0.161715465265595,0.286238025876627,0.482,0.393,1
"ING2",0.161809834692831,-0.386309759726751,0.304,0.421,1
"RPUSD2",0.161925381575117,-0.485409934278693,0.125,0.215,1
"EXOSC10",0.161927544111845,-0.839242294295325,0.196,0.28,1
"HPS6",0.162044049437592,-0.304828512040372,0.125,0.224,1
"ABCB10",0.162183759512525,-0.874632056595212,0.054,0.121,1
"BAHCC1",0.162183759512525,-0.780807168798694,0.054,0.121,1
"SLC1A6",0.162183759512525,-1.0703085293986,0.054,0.121,1
"KIAA1328",0.162811374742088,1.52972878907836,0.25,0.159,1
"ZNF354C",0.16324988086704,0.833579504342106,0.107,0.047,1
"RANBP2",0.163497961795109,0.30989709574258,0.571,0.458,1
"NCF1",0.164132927694885,0.37672384949779,0.196,0.112,1
"UTP25",0.164226702680732,-0.844160424879588,0.054,0.121,1
"EMILIN1",0.164226702680732,-1.07880218283659,0.054,0.121,1
"HERC6",0.164226702680732,-0.948503804691936,0.054,0.121,1
"PROSER3",0.164226702680732,-1.01871227296766,0.054,0.121,1
"AC139887.2",0.16438100042149,0.485078440980031,0.232,0.14,1
"OSGEP",0.165394873474115,0.678808667752595,0.464,0.393,1
"SUPT3H",0.165790032643927,-0.273443290503484,0.179,0.28,1
"MRPS33",0.166129152165712,-0.411760520915247,0.536,0.636,1
"MLH3",0.166229844219019,-0.481686336869104,0.214,0.318,1
"ARRDC4",0.166288971786091,1.42295642935005,0.143,0.075,1
"ARF4",0.166298840857062,-0.256859856493092,0.429,0.589,1
"ATP10D",0.166388939473718,1.08937814956582,0.268,0.196,1
"MTPAP",0.166405249500551,1.29062604816528,0.232,0.15,1
"GCFC2",0.166629998312456,-0.270316972659447,0.125,0.215,1
"CALM3",0.1672035557272,-0.312503577136743,0.607,0.766,1
"CRKL",0.16763208163787,0.352527130092649,0.232,0.14,1
"ZBTB18",0.167656492640787,1.32549851647132,0.179,0.112,1
"NUDT9",0.1678822512162,-0.279572381668752,0.107,0.196,1
"MEF2C-AS1",0.1678822512162,-0.484708606288001,0.107,0.196,1
"YTHDF2",0.16823106525317,-0.266799813711845,0.518,0.636,1
"CHMP4A",0.168362214106846,-0.515637014521704,0.5,0.561,1
"HAUS5",0.168370654270521,-0.920549616546434,0.054,0.121,1
"RNF13",0.168371641463563,-0.693659461170783,0.321,0.402,1
"MATK",0.168559352509057,-0.341404265502621,0.268,0.411,1
"ARFIP1",0.168635141925059,0.850510558197088,0.304,0.215,1
"DLC1",0.168672249865409,-1.43930120018278,0.071,0.14,1
"OS9",0.168790131534039,-0.274637220738088,0.536,0.626,1
"NAPRT",0.168885380064664,-0.551739789948428,0.232,0.346,1
"FCMR",0.169026978488039,0.785248845006376,0.268,0.178,1
"OSBPL3",0.169026978488039,0.77442651894594,0.268,0.178,1
"HAUS2",0.169048918379936,1.03588558881572,0.25,0.159,1
"NLK",0.169098260594571,-0.961434592716927,0.268,0.346,1
"LUC7L",0.169206877151379,0.736826539394553,0.536,0.458,1
"FUNDC2",0.169215890742491,0.836714231367499,0.429,0.393,1
"PLEK",0.169292679193816,-0.519486601877257,0.482,0.598,1
"UBQLN2",0.169337553018354,0.909781714442263,0.286,0.196,1
"RRAGD",0.169644444565228,1.85565042103093,0.161,0.093,1
"WDR12",0.169706583579524,0.733288046959013,0.25,0.168,1
"STX16",0.169734524570089,0.435260746076112,0.696,0.598,1
"CRLS1",0.169793455635043,-0.475457078110751,0.214,0.308,1
"NTAN1",0.169889568315401,0.886032401539311,0.321,0.234,1
"TRBC2",0.1701467806242,0.722669011710174,0.571,0.542,1
"IGF2R",0.170321004233974,0.423145686451028,0.161,0.084,1
"MAST3",0.170471836611827,0.890686640629988,0.143,0.075,1
"CCNB1",0.170549026436663,-0.351715081057407,0.071,0.15,1
"CASP7",0.170620834679358,-0.799870289373052,0.071,0.14,1
"GTF2H3",0.170820619116042,0.80278224947325,0.286,0.196,1
"FBXO38",0.170927312303914,-0.350588037727036,0.089,0.178,1
"RPGR",0.171176888238569,0.622241655408426,0.321,0.252,1
"ZNF92",0.171273999302882,1.2346306889765,0.232,0.15,1
"BCL2",0.171296065646624,0.697464828911905,0.321,0.234,1
"AMPD3",0.171310388212127,-1.1690293511486,0.089,0.159,1
"FARSB",0.171433652678337,-0.700997729623708,0.125,0.224,1
"WASF1",0.171436637501658,-0.631881473658671,0.125,0.215,1
"FLAD1",0.171761711756249,-0.624205369431491,0.143,0.234,1
"NEMF",0.17187818908354,-0.280268145822312,0.5,0.626,1
"ICE1",0.171979391320634,-0.831340966029885,0.214,0.299,1
"MBD2",0.17215106218186,0.410398666857959,0.518,0.421,1
"EIF4EBP1",0.172347644372831,0.465595744033476,0.464,0.364,1
"LTN1",0.17256874385247,-0.54256432991312,0.214,0.308,1
"SLC25A4",0.172592604302707,0.921148375434914,0.143,0.075,1
"TMEM115",0.172705911582846,0.9019758544679,0.196,0.121,1
"RAD18",0.172930326871091,-0.521863632950496,0.107,0.196,1
"OAS2",0.173072233936747,-0.953907991462625,0.107,0.187,1
"MAD2L1",0.173328397619928,-0.610083169483482,0.143,0.234,1
"CHST13",0.173480336772796,-0.350496187500727,0.268,0.374,1
"LRRC37B",0.173843482434504,1.09896317648238,0.25,0.159,1
"ZEB1",0.174248983153723,1.14201148738503,0.357,0.28,1
"STK16",0.174461046222782,-0.561396404311966,0.214,0.318,1
"ARID5A",0.174498314404581,0.9407500831801,0.196,0.121,1
"TMTC4",0.174498314404581,1.06020757393933,0.196,0.121,1
"LGMN",0.174498314404581,1.38128552584843,0.196,0.121,1
"PCED1A",0.174498314404581,0.950145413307659,0.196,0.121,1
"CDK5",0.174568517866941,-0.990674924522895,0.071,0.14,1
"STAMBP",0.174653324772341,-0.272334120998432,0.286,0.393,1
"RALGAPB",0.174698253035191,-0.699924194973562,0.125,0.215,1
"PRIM2",0.174807976164618,-0.781510791305821,0.107,0.187,1
"CCDC59",0.174889267681099,0.489868655499774,0.643,0.692,1
"ANAPC11",0.175288085786838,-0.423661062169177,0.482,0.607,1
"PSMG3",0.175707923683357,-0.382763057079443,0.25,0.364,1
"PAWR",0.175951643869375,0.596501181030363,0.429,0.346,1
"DHRS4L2",0.175953773860836,0.389639595354132,0.429,0.318,1
"PDE4D",0.176346330129592,-0.516123548250944,0.125,0.215,1
"ALG8",0.176346330129592,-0.340444267165212,0.125,0.215,1
"KANSL1",0.176495854924055,0.417108530351472,0.75,0.673,1
"SNAPC3",0.176556679172277,-0.52284092875921,0.107,0.187,1
"KMT2E",0.176858997764282,0.464408654847294,0.839,0.785,1
"XXYLT1-AS2",0.176893232652363,-1.17759601916778,0.054,0.121,1
"AL121933.2",0.176893232652363,-0.822120491539841,0.054,0.121,1
"SELL",0.177602532582448,-0.419665557583383,0.536,0.654,1
"AARS",0.177673866779457,-0.620076438945663,0.143,0.224,1
"FUCA1",0.177755624438188,0.839139733066431,0.179,0.103,1
"KLHL12",0.177755624438188,1.36878911127558,0.179,0.103,1
"TNIP2",0.178092522306161,-0.690108661291124,0.143,0.234,1
"RPIA",0.178177925819309,-0.378819166174802,0.286,0.402,1
"KDM6A",0.178459548324552,0.89252164807922,0.321,0.234,1
"TULP4",0.178738912264838,0.566876737053624,0.25,0.159,1
"PPHLN1",0.178774652504512,0.569245530656247,0.661,0.72,1
"EFHD2",0.179035383075534,0.441583456557896,0.429,0.336,1
"NUDT14",0.179073259181849,0.643350545911685,0.143,0.075,1
"KANSL1-AS1",0.179073259181849,-0.70622822251782,0.054,0.121,1
"SNAPC2",0.179073259181849,-0.446090184567077,0.054,0.121,1
"CBLL1",0.179124641865806,0.675281404092415,0.375,0.28,1
"SCRN2",0.179281681286252,-0.635665833796666,0.321,0.411,1
"ZFP90",0.179300215491777,-0.821074896027157,0.143,0.224,1
"UBE2S",0.179303118670603,0.468465310708674,0.554,0.467,1
"UBE3A",0.179456731308547,0.520440613549818,0.589,0.533,1
"RPA1",0.17965519097556,-0.544945070616116,0.214,0.308,1
"GSR",0.179923895601755,0.833548803684379,0.286,0.196,1
"NELFA",0.180057391203484,0.300325009786803,0.286,0.187,1
"BCAS4",0.180291832457851,-0.520752331829413,0.232,0.336,1
"P2RX1",0.180346644066436,-0.588496412666076,0.304,0.402,1
"TPD52",0.18038039106209,-0.736688641139054,0.196,0.271,1
"WASHC4",0.180562749766144,-0.364193573536858,0.411,0.523,1
"ZNF516",0.180617322439834,-0.872334612830333,0.071,0.14,1
"PSTK",0.180705511803035,-1.05945949945319,0.089,0.159,1
"HEATR1",0.180845510364806,-0.562755223030263,0.179,0.271,1
"KLHL9",0.180862493500084,-0.775486944507157,0.161,0.243,1
"SFXN4",0.180862493500084,0.821118331618479,0.268,0.187,1
"OGDH",0.180937607060491,-0.724354493683244,0.143,0.224,1
"COMMD10",0.181098076282171,-0.501882382252215,0.214,0.308,1
"GLRX2",0.181212837802173,-0.590938223873425,0.179,0.262,1
"SLC17A5",0.181273202760276,0.47748523097091,0.143,0.075,1
"ESRRA",0.181273202760276,0.825559532499358,0.143,0.075,1
"ZNF804A",0.181273202760276,-0.339268652250347,0.054,0.121,1
"PCGF6",0.181273202760276,-0.870377613344675,0.054,0.121,1
"TCF20",0.18132232197985,0.885611778803358,0.25,0.178,1
"CCDC124",0.18147323139454,-0.344417089275404,0.304,0.393,1
"CCDC159",0.181626167970486,-0.764091108810426,0.161,0.252,1
"ZNF275",0.181649233213343,0.693643741432469,0.179,0.103,1
"AC010642.2",0.181903577385207,-0.420497699217132,0.268,0.383,1
"ZYX",0.181951030940587,-0.328685537407917,0.375,0.495,1
"PARL",0.182034878147501,-0.367562178282,0.429,0.561,1
"CSNK2A2",0.182034878147501,-0.3765778351243,0.446,0.551,1
"TFRC",0.182113877997609,-0.479178961907292,0.393,0.495,1
"ANXA5",0.182372518120584,-0.554424508612523,0.179,0.271,1
"USP4",0.182577405778683,-0.561603000037227,0.25,0.355,1
"MTHFD1",0.182586074607502,-0.644659503503325,0.143,0.224,1
"ZFYVE27",0.182667792042661,-0.862380728817755,0.071,0.14,1
"CNPPD1",0.183037060338674,0.452308286784315,0.286,0.196,1
"ZNF487",0.183047978857002,0.63452710605766,0.232,0.15,1
"ACBD3",0.183089491546426,-0.382659597867406,0.357,0.458,1
"CWF19L2",0.183121693625135,0.767345748858006,0.411,0.355,1
"DCTN5",0.183172330913137,0.701381643465871,0.268,0.178,1
"AC004130.2",0.183493143639502,0.841302232272744,0.143,0.075,1
"NBR2",0.183493143639502,-0.547862224869059,0.054,0.121,1
"C2orf49",0.183636440984545,0.491875119368361,0.321,0.224,1
"CNPY3",0.18378216897123,-0.315503114464042,0.518,0.598,1
"CXXC5",0.184119081325146,-0.380389487378451,0.768,0.813,1
"IP6K2",0.184307011514916,-0.31080770341965,0.429,0.57,1
"MSL3",0.184961364212023,-0.469094472511071,0.214,0.299,1
"RETREG3",0.185149141750582,-0.473714205307517,0.107,0.196,1
"THOC6",0.185244711807398,0.815710289378175,0.357,0.271,1
"TAF15",0.185493994948061,0.557234364421127,0.607,0.579,1
"ASB3",0.185517063290247,0.867802522006078,0.339,0.262,1
"ZNF256",0.185733160960149,0.794372885590133,0.143,0.075,1
"PRPF4",0.186248236690378,-0.599208905815276,0.143,0.234,1
"NFATC3",0.186248236690378,-0.586483905945916,0.143,0.234,1
"CRIP1",0.186343066816841,-0.297933953654988,0.5,0.589,1
"PPP3R1",0.186474809462882,0.423912269615054,0.554,0.486,1
"SMAD1",0.186478858263245,-0.454458138258969,0.125,0.215,1
"ATG14",0.186519688213899,-0.860262711239026,0.125,0.206,1
"LINC02245",0.186820413936523,-0.87356368133199,0.071,0.14,1
"MORN2",0.186972513542936,-0.547926206375152,0.232,0.318,1
"ADAL",0.187323495247376,-0.901635585979803,0.107,0.187,1
"THOP1",0.187494429929468,-0.306484839004703,0.107,0.178,1
"ADCY7",0.187598259203538,0.950289511452235,0.25,0.168,1
"FADS3",0.18780804548489,-1.11104781210489,0.054,0.112,1
"AC073389.1",0.187869381906731,0.989248823219402,0.161,0.093,1
"NSRP1",0.187975903291944,-0.263337316630447,0.375,0.523,1
"CEP19",0.187993332730603,-0.521650332164914,0.054,0.121,1
"DAPK1",0.188097724092551,-0.272269970149704,0.393,0.477,1
"GTF2H4",0.188273679385726,-0.603087360357347,0.125,0.206,1
"CACUL1",0.188361826000892,0.484720515716028,0.429,0.336,1
"SCPEP1",0.188428916707759,1.93298262539845,0.196,0.131,1
"ARPP19",0.188577067311809,0.468127064799199,0.732,0.71,1
"PHKG1",0.188754846497429,1.63910012382737,0.214,0.14,1
"EIF1B-AS1",0.188770815326061,1.87203286458328,0.143,0.084,1
"TMEM43",0.188881727613861,-0.37763403319136,0.286,0.402,1
"AC091271.1",0.188922690185038,-0.956424914490858,0.071,0.14,1
"COPB1",0.189122163705124,-0.49998625472842,0.589,0.701,1
"PEPD",0.18914700793608,1.00325586172721,0.429,0.346,1
"KLC1",0.189177880570247,-0.447973085557632,0.357,0.449,1
"FBXO32",0.18942524334191,1.36877524206833,0.125,0.065,1
"ZNF688",0.189580431097143,0.83693795208591,0.304,0.215,1
"AIMP2",0.189580431097143,-0.6106379051193,0.196,0.271,1
"NOA1",0.189589965119811,-0.393731132677701,0.321,0.449,1
"MYO1F",0.189619224845947,-0.335321888333219,0.196,0.299,1
"TOGARAM1",0.189622407390494,-0.481560532099265,0.161,0.252,1
"TRAPPC9",0.189628439384731,0.697748378309281,0.179,0.103,1
"SMAD4",0.189774219161576,-0.436781603897019,0.286,0.383,1
"TP53TG1",0.189826813326305,-0.502261276418374,0.339,0.421,1
"BTBD7",0.189936449396679,-0.650222100768088,0.214,0.308,1
"LINC00539",0.190032695053782,-0.500176344378851,0.089,0.168,1
"TSPAN13",0.190039809113081,-0.4064749316533,0.125,0.206,1
"NAALADL1",0.190151175726671,-0.583887892091628,0.179,0.271,1
"CYP4V2",0.190273735806031,-0.49457523527897,0.054,0.121,1
"ZMIZ2",0.190477973869386,-0.868243348023513,0.089,0.159,1
"WWP2",0.190576999503205,0.580666099961508,0.214,0.14,1
"POLR2L",0.190786409256543,0.305149789508805,0.768,0.766,1
"MX2",0.190995687191435,-0.536778128256089,0.143,0.224,1
"SLC25A39",0.191231731188616,0.796531591687327,0.429,0.355,1
"NUB1",0.191255401684152,0.380840110595093,0.679,0.673,1
"DUSP14",0.19125821142934,1.26247426289837,0.196,0.121,1
"CD38",0.19182741656869,-0.377567593103181,0.232,0.355,1
"AHCYL2",0.191861963246232,1.13208369388653,0.125,0.065,1
"AP5M1",0.192129567686972,-0.615884686752592,0.268,0.364,1
"AKAP7",0.19213300190316,0.424377393102508,0.357,0.252,1
"TMEM208",0.192158879926219,-0.317482601757515,0.375,0.495,1
"FAAP20",0.192390854362479,-0.251421598578022,0.446,0.561,1
"VPS26C",0.192479837839908,-0.31500263981095,0.214,0.299,1
"GON4L",0.192552073295346,-0.446780031060462,0.25,0.346,1
"KMT5B",0.192594867967997,0.859933560993543,0.429,0.355,1
"LPCAT2",0.192831249114279,-0.263896534980935,0.357,0.477,1
"DHX57",0.192885317613864,0.865699740159948,0.214,0.131,1
"MHENCR",0.19294887984658,0.511733435710346,0.393,0.318,1
"MAP4K2",0.192952072033457,-0.700847735621273,0.214,0.308,1
"NHLRC3",0.193153240629264,0.449417610767177,0.625,0.617,1
"PPP1R12B",0.193192069950269,0.990702730986797,0.196,0.121,1
"SUSD3",0.193192069950269,0.992424253203203,0.196,0.121,1
"UTP20",0.193192069950269,1.15892431740674,0.196,0.121,1
"TMEM238",0.193330132943503,-0.6028342313532,0.179,0.271,1
"POGZ",0.19351613126651,-0.345585468684524,0.286,0.393,1
"NAA30",0.193608624374854,-0.63029445536426,0.125,0.206,1
"GADD45GIP1",0.193887824631717,-0.291398871728448,0.625,0.748,1
"VKORC1L1",0.194308088010836,-0.451112974377197,0.179,0.28,1
"PTPRJ",0.194321657746223,0.396569776954883,0.125,0.065,1
"MCRS1",0.194378706044686,-0.513998673422361,0.196,0.28,1
"DDB1",0.194491139274156,0.520131839936207,0.464,0.393,1
"FABP5",0.194620532156076,0.358975177743181,0.607,0.542,1
"PRKCQ-AS1",0.194780879396743,-0.755103915768332,0.464,0.579,1
"ATP2A3",0.194844355348301,0.688909541106599,0.339,0.252,1
"ZUP1",0.194911748329408,-0.998836660914458,0.054,0.112,1
"LINC00641",0.194911748329408,-1.10691156719699,0.054,0.112,1
"HDC",0.194911748329408,-3.30681837905129,0.054,0.112,1
"FKBP4",0.194955015557731,-0.305563226239032,0.321,0.449,1
"DBNDD2",0.195334105884454,-0.786724064349352,0.071,0.14,1
"HEXD",0.195342540866418,0.684441238841488,0.429,0.355,1
"UROS",0.1954193796582,-0.319121883358432,0.321,0.458,1
"RRN3",0.195463559763253,-0.531115688291536,0.179,0.262,1
"MYO5A",0.195557799305907,-0.613350756218202,0.161,0.243,1
"CARD19",0.195605076702195,0.577572401287293,0.625,0.607,1
"NKAP",0.195803468987035,-0.462399010267075,0.321,0.439,1
"ASMTL",0.195915905757909,0.535967018646614,0.321,0.224,1
"EIF2B3",0.19602877166592,0.984615655610031,0.196,0.131,1
"RBMXL1",0.196203884425265,1.02504569491444,0.268,0.196,1
"TNFAIP8",0.196208561739876,-0.331197925618589,0.446,0.561,1
"TMEM164",0.196395496409957,-0.359218019949072,0.143,0.234,1
"WASHC2C",0.196432027616641,0.585108472192083,0.393,0.299,1
"ZNF652",0.196432027616641,0.872235784109748,0.375,0.308,1
"HOXB3",0.196660020115333,-0.613816741589649,0.107,0.187,1
"CHEK1",0.19680441508526,1.21752025341167,0.125,0.065,1
"PIK3C3",0.196941717002622,-0.569293676535647,0.25,0.327,1
"NUP62",0.196978387210096,0.914077263542356,0.357,0.28,1
"SPECC1L",0.197096330570106,0.944362625583527,0.286,0.206,1
"IDNK",0.197243147126125,1.01689207383729,0.268,0.187,1
"GAPVD1",0.197492182695998,-0.557655117218909,0.196,0.29,1
"SWI5",0.19755009550163,-0.472368897765437,0.196,0.28,1
"HSPA9",0.197797916805338,0.312001621804287,0.75,0.673,1
"YIPF3",0.197889950583703,-0.278125892079013,0.446,0.542,1
"AGAP2",0.197995168749601,1.05091393865236,0.214,0.14,1
"HACL1",0.198176436303646,-0.842554362193333,0.161,0.234,1
"DIAPH1",0.19827851451294,0.470280725406549,0.607,0.514,1
"PLEKHF2",0.198306825687106,-0.936042071165103,0.268,0.346,1
"DHRS7B",0.19856753435743,-0.442221710012234,0.107,0.187,1
"RITA1",0.198571916408993,-0.774538280765469,0.089,0.159,1
"UNC119B",0.198571916408993,-0.925129945493195,0.089,0.159,1
"PARG",0.199053750927064,0.667235036807184,0.232,0.15,1
"CETN3",0.199092927103309,-0.851729461967143,0.125,0.196,1
"DENND4A",0.199660679581346,-0.550958108975508,0.286,0.383,1
"AL391069.2",0.199686966188963,-0.353696111495735,0.143,0.224,1
"NT5C3B",0.199686966188963,-0.584580757918554,0.143,0.224,1
"FREM1",0.199755821001432,-1.13483252715429,0.054,0.112,1
"C9orf78",0.200139828368059,0.36717079451405,0.696,0.748,1
"PRKRIP1",0.2002205701693,0.538033122750329,0.339,0.234,1
"N4BP1",0.20045272100027,-0.682030827082793,0.232,0.318,1
"PTK7",0.200488541222439,-0.68301894897983,0.107,0.187,1
"TRAPPC8",0.200644749356272,0.869040337060885,0.321,0.252,1
"BLOC1S2",0.200871965613411,0.610248815085682,0.446,0.355,1
"RAB33A",0.20089136843674,-0.713407278186696,0.107,0.178,1
"PRNP",0.200893434757102,-0.743231329970051,0.125,0.206,1
"SGSM2",0.201085216721002,1.24874421337582,0.161,0.103,1
"MSRB3",0.201092724166473,-0.647142095668564,0.393,0.467,1
"FAM228B",0.201481895405154,-0.310928509425405,0.286,0.402,1
"LYN",0.201523878217436,0.502890174439316,0.768,0.664,1
"TYW3",0.201574788692964,-0.432575378865027,0.321,0.421,1
"GHDC",0.201781758731315,0.946262741645451,0.214,0.14,1
"WAS",0.201815351020798,0.46780817757722,0.607,0.551,1
"SLC25A12",0.201903630229086,-0.335700979407725,0.071,0.14,1
"CEMIP2",0.201903630229086,-0.562326606844021,0.071,0.14,1
"GALNT6",0.202210574267837,-1.44025320093181,0.054,0.112,1
"CDIPT",0.202277851065728,-0.463488346548525,0.268,0.364,1
"ARMC8",0.202636332857154,-0.573199763020675,0.393,0.477,1
"DOK1",0.202711942774472,-0.66247770874357,0.089,0.159,1
"ZNF354A",0.202838745447095,-1.07515241792841,0.125,0.196,1
"MAP4K1",0.203014030263331,0.687784056134016,0.161,0.093,1
"POLR2H",0.203210103526305,-0.28546995966808,0.339,0.439,1
"HSPB11",0.203457177428717,0.523529179370533,0.554,0.523,1
"DCAF16",0.204051398177207,0.380693434847877,0.5,0.374,1
"MCM7",0.20409571676286,0.891769786853003,0.339,0.252,1
"TRIM38",0.204119934686268,0.941559793346191,0.429,0.383,1
"SPOUT1",0.204128871337051,-0.628412156815049,0.071,0.14,1
"KCTD6",0.20422573059324,1.46671996924363,0.107,0.056,1
"TMEM175",0.204391922872179,0.997643539082703,0.125,0.065,1
"MYEF2",0.204482316287183,0.923374495693854,0.321,0.234,1
"AC092164.1",0.204687240265617,-1.19217337945936,0.054,0.112,1
"ENPP4",0.204687240265617,-0.964538644157576,0.054,0.112,1
"UBE2G1",0.204742715117777,-0.497969167522383,0.304,0.374,1
"ANTKMT",0.204792484622569,-0.47572034910426,0.268,0.355,1
"BST1",0.204805381588374,-0.909597944643969,0.089,0.159,1
"FOXO1",0.204844364492271,-0.692850181989446,0.107,0.178,1
"PCBP1-AS1",0.204972776966766,-0.417494903858295,0.214,0.299,1
"AC087190.1",0.205248160208014,0.846476250845309,0.161,0.093,1
"DSTN",0.205300764998006,-0.292253772599351,0.643,0.729,1
"TRNAU1AP",0.205410102053652,-0.257333617642658,0.161,0.271,1
"ATP8B4",0.205502975227366,-0.551245296558819,0.411,0.477,1
"UFD1",0.205601650658533,0.355991975449336,0.536,0.421,1
"SEC23B",0.205643891741163,-0.483674175474377,0.196,0.28,1
"PKN1",0.205688197614772,0.438869269139814,0.571,0.542,1
"FCHSD2",0.205941777788662,-0.530609469299435,0.25,0.346,1
"AL355001.2",0.206332887683873,-0.453852706414787,0.107,0.187,1
"DNMT1",0.206407434531701,0.634832685406151,0.411,0.327,1
"TBC1D15",0.206407434531701,-0.637969960066702,0.304,0.383,1
"FTSJ3",0.2064868658771,0.657771064003839,0.232,0.15,1
"DBT",0.2064868658771,-0.50193192477669,0.125,0.206,1
"RPA2",0.206543999132956,-0.429899318697734,0.304,0.393,1
"EDEM3",0.206702867474075,0.309447633643102,0.143,0.252,1
"TMED2",0.206950955332727,0.423311766041265,0.714,0.701,1
"PDCD4",0.206967063958147,-0.265942716809829,0.732,0.86,1
"CD99L2",0.206967782206649,0.868647470714582,0.125,0.065,1
"TATDN1",0.207010292692874,-0.332936659738688,0.5,0.607,1
"RNF24",0.207045013423182,-0.377036009664995,0.393,0.514,1
"RMDN3",0.207126551683669,1.16272617682603,0.196,0.121,1
"RRP7A",0.207249429994778,-0.559040726748472,0.232,0.308,1
"DTNBP1",0.207274629243911,0.752765077054754,0.429,0.327,1
"TM2D2",0.207291164347375,0.657492498688489,0.304,0.224,1
"AGK",0.207500108068957,1.05846200773678,0.161,0.093,1
"MAP3K12",0.207573014620898,0.557796433320046,0.357,0.262,1
"PPP2CB",0.207578901589545,0.829056246658325,0.268,0.187,1
"RYK",0.208391464498217,-0.40446462604315,0.232,0.336,1
"UROD",0.208591010313949,0.643959733607692,0.464,0.402,1
"CCDC30",0.208632780269372,-0.540541674735934,0.071,0.14,1
"PPIL1",0.208632780269372,-0.543422665109242,0.071,0.14,1
"DNAJB9",0.208663645602695,0.848136419351458,0.25,0.168,1
"MEN1",0.208666699625624,-0.351250543530034,0.143,0.243,1
"PRKCI",0.208819449920168,-0.3986307256695,0.25,0.355,1
"FAM110A",0.209039333410353,-0.734390368718024,0.089,0.159,1
"TRAM2-AS1",0.209039333410353,0.9314627408424,0.179,0.112,1
"DPP3",0.209502083752149,1.32076816602681,0.143,0.084,1
"MOB1B",0.209543624932141,1.09513402175959,0.429,0.336,1
"CCNYL1",0.209567121505416,1.36922075713607,0.125,0.065,1
"LINC00672",0.209567121505416,0.982128177375157,0.125,0.065,1
"GAB1",0.209706606017987,-1.1251688649875,0.054,0.112,1
"SPTBN2",0.209706606017987,-1.44378500190511,0.054,0.112,1
"DNASE1",0.209769926687022,0.627660400795566,0.161,0.093,1
"TBC1D23",0.209806464900798,-0.282412478685251,0.196,0.308,1
"NR2C1",0.209865942819329,0.419895153229294,0.286,0.187,1
"CWF19L1",0.209896255675928,1.0923710217539,0.232,0.159,1
"YWHAH",0.210011977830219,0.355857930090636,0.714,0.654,1
"CD84",0.210168496609297,-0.337789166001367,0.214,0.308,1
"NPRL2",0.210278117247638,-0.46016613611609,0.125,0.206,1
"TRIM58",0.210353620565087,-0.463640910793991,0.268,0.346,1
"PPP2R2A",0.210708057939581,-0.321434998649827,0.357,0.439,1
"TRAPPC6A",0.210943392845285,-0.256120542635533,0.518,0.664,1
"CPA3",0.211018662236968,-0.582256973433267,0.304,0.411,1
"WRAP73",0.211179933318228,-0.679890608793437,0.089,0.159,1
"PLEC",0.211179933318228,-0.808623859669359,0.089,0.159,1
"ARHGEF3",0.211238639412468,0.779391086593239,0.196,0.121,1
"NUDT16L1",0.211620806858718,0.546448023542751,0.393,0.29,1
"RAD50",0.211716845098276,-0.29541266099156,0.321,0.449,1
"ACAP3",0.212057667911305,0.785915162036191,0.161,0.093,1
"PLXNC1",0.212105138405071,0.802546035030353,0.357,0.29,1
"TCAIM",0.212144413048754,-0.73930255965801,0.143,0.215,1
"WDR91",0.212249449815953,-1.20760920699048,0.054,0.112,1
"PHB",0.212256047363321,0.281630499860907,0.661,0.598,1
"ZNF507",0.212299976602865,-0.489184314004938,0.107,0.187,1
"RNF34",0.212335019487091,-0.497934731127204,0.143,0.224,1
"P2RY1",0.212599194623594,1.2278622155298,0.107,0.056,1
"CCND2",0.212841643297277,0.545279784755601,0.643,0.626,1
"PDE6D",0.21289170444544,-0.525859873219482,0.161,0.243,1
"COMMD5",0.212919429221299,-0.798240677383833,0.107,0.178,1
"FCHO2",0.213208275428992,-0.553530867086072,0.071,0.14,1
"UBR7",0.213208275428992,-0.459913975803387,0.071,0.14,1
"SCP2",0.213557729952405,0.484171477644737,0.786,0.748,1
"SMARCA2",0.213912989752379,-0.286603747896137,0.643,0.72,1
"UCK2",0.213944751968777,0.937412705874566,0.196,0.131,1
"MED6",0.214073492841302,-0.362953881523442,0.375,0.467,1
"PHGDH",0.214119490806226,-0.479284463778112,0.125,0.206,1
"PELI2",0.214119490806226,-0.34579857591951,0.125,0.206,1
"CNST",0.214551468699822,-0.322460707169458,0.357,0.467,1
"ARPC1A",0.214608836753216,-0.265602459427938,0.321,0.449,1
"UTP3",0.214628899080706,-0.582530343407701,0.232,0.318,1
"BTBD1",0.214722146628937,0.660568961044096,0.339,0.234,1
"YES1",0.214814494384525,-0.726564797398631,0.054,0.112,1
"TEPSIN",0.214836551901697,0.943650558373894,0.125,0.065,1
"TMEM260",0.214973631636028,-0.88495373466545,0.107,0.178,1
"DNAJA3",0.214973631636028,-0.633271155212773,0.107,0.178,1
"ACTR10",0.21523641662771,-0.270240490010615,0.375,0.495,1
"TMEM222",0.215409435091524,0.594147323680853,0.196,0.121,1
"TTL",0.215522995575758,-0.558386413169336,0.071,0.14,1
"SLC25A17",0.215522995575758,-0.486078750054142,0.071,0.14,1
"RPRD1B",0.215590313353156,0.305635293377727,0.125,0.215,1
"PRR5",0.216052830303992,-0.58553075131397,0.143,0.224,1
"CHFR",0.216059047121548,-0.396097196382331,0.125,0.206,1
"FAM222B",0.216669492286382,-0.389247899867268,0.089,0.168,1
"SERAC1",0.216687120532201,0.906431508828691,0.161,0.093,1
"GYG1",0.216949667476228,-0.349011839622184,0.161,0.252,1
"FOPNL",0.217002449492747,-0.553618133657952,0.286,0.364,1
"SDF2",0.217095645752375,-0.269082704291945,0.446,0.551,1
"WDR18",0.217135840605621,-0.406168231328815,0.196,0.29,1
"SNAPC4",0.217401807900657,-0.936345054254369,0.054,0.112,1
"SLC2A3",0.217401807900657,-0.87460143450704,0.054,0.112,1
"IDH3A",0.217460039199018,0.670682396519925,0.214,0.14,1
"CDT1",0.217696734132275,1.02550917240441,0.179,0.112,1
"HBS1L",0.217835098665991,-0.386909322160414,0.393,0.467,1
"FAM227B",0.217855763520825,-0.451210417585188,0.071,0.14,1
"TMOD2",0.217855763520825,-0.454077640404269,0.071,0.14,1
"IL10RB",0.218164454408152,0.313280575985909,0.286,0.196,1
"ADAM8",0.218390737953053,0.398306618459972,0.214,0.131,1
"YIF1B",0.21842383184942,-0.33639702808548,0.179,0.271,1
"FRY",0.218747171412941,-0.992210257235618,0.179,0.243,1
"THADA",0.219182216733832,0.277825954208748,0.196,0.318,1
"AL157938.3",0.219227293797598,1.58923525081739,0.143,0.084,1
"TMEM218",0.219328326647399,-0.510876828671378,0.214,0.29,1
"C5orf51",0.219817283037486,-0.310573065487282,0.143,0.224,1
"C19orf38",0.219900803785507,0.938400293554203,0.179,0.112,1
"CCDC175",0.220011456960961,-0.738266879430336,0.054,0.112,1
"FDFT1",0.220014021824214,-0.263983145103565,0.518,0.617,1
"NAB1",0.220170720760158,1.44120666983465,0.196,0.131,1
"CLUAP1",0.220188121736371,-0.515964322919213,0.268,0.355,1
"C1RL-AS1",0.220206627532259,-0.534287108597216,0.071,0.14,1
"TSPAN31",0.220541904567274,-0.562431873358701,0.196,0.29,1
"AP2B1",0.220846441494433,0.439327929746547,0.679,0.607,1
"FASTKD2",0.221011725994146,0.674959038016155,0.286,0.206,1
"AC017100.1",0.221156420622816,-0.852810612960446,0.071,0.131,1
"SLC38A7",0.221217827891663,1.18437416238529,0.107,0.056,1
"TRIT1",0.221221844173955,-0.701283511149184,0.107,0.178,1
"COPS9",0.221396395931124,0.250798034600197,0.821,0.888,1
"FAHD2A",0.221598322396217,-0.456214461185506,0.25,0.346,1
"SUZ12",0.221635838919223,0.459788906393458,0.625,0.598,1
"PYGO2",0.22170845645207,1.0174800506931,0.143,0.084,1
"ROMO1",0.221886390974457,0.34435559023334,0.75,0.636,1
"SLC25A45",0.221953535980343,-0.388841288733684,0.125,0.206,1
"IL17RA",0.222120840617989,-1.02045216964151,0.089,0.159,1
"SPTLC1",0.22215054419589,0.305548378899564,0.268,0.364,1
"RNFT1",0.222259233386187,-0.264846917805084,0.196,0.29,1
"CMIP",0.222266828960651,0.550619166582225,0.482,0.393,1
"NDUFS7",0.222311530200874,0.507893904361316,0.571,0.533,1
"ARPC5L",0.222358237715673,0.789312595591845,0.429,0.402,1
"SLF2",0.222374219038229,-0.392430704775801,0.161,0.252,1
"SUMO4",0.222643506558283,-0.614326271283854,0.054,0.112,1
"CCDC102B",0.222918700478276,0.3163756995777,0.125,0.065,1
"RALGPS2",0.222920829836352,0.513211019078002,0.375,0.29,1
"GOLGA4",0.223160149550182,0.766400293087378,0.482,0.449,1
"FAR2",0.223271675391912,-0.799585750636724,0.161,0.234,1
"LCP1",0.223527485308949,0.543653769909484,0.911,0.86,1
"PDPR",0.223590314356057,-0.653773914152427,0.071,0.131,1
"TCF3",0.223659796176337,0.552071939566983,0.393,0.327,1
"TP53I11",0.223927471569278,1.1499629973741,0.196,0.121,1
"SERTAD3",0.224356882889107,-0.669442624877172,0.089,0.159,1
"ITM2C",0.224365842502936,0.605545905318287,0.696,0.72,1
"ID2",0.224550376911285,0.646289517709382,0.411,0.327,1
"RDX",0.224550376911285,-0.452172758431126,0.304,0.383,1
"NCSTN",0.224591205022037,-0.467122052031386,0.179,0.262,1
"GALNT2",0.224801436210838,-0.504745959922865,0.214,0.299,1
"LAMTOR3",0.225060693677919,-0.332040790922044,0.232,0.346,1
"SPAG16",0.225147494055751,-0.773540101956008,0.161,0.234,1
"CSE1L",0.225147494055751,-0.369499483710436,0.161,0.234,1
"LYRM1",0.225228001379691,-0.67536421265662,0.232,0.308,1
"IFT172",0.225298020058384,-0.810674807959578,0.054,0.112,1
"PHF1",0.225326165061696,1.13255065688228,0.232,0.159,1
"DYM",0.225327910876481,0.668515023066773,0.375,0.308,1
"SUN2",0.225544246806749,0.483240138323013,0.446,0.364,1
"TXNIP",0.225954289761102,0.367781245964902,0.929,1,1
"CHMP1A",0.226376366873318,-0.831172040056031,0.161,0.224,1
"THAP9-AS1",0.226608968021884,1.10766747354611,0.179,0.112,1
"SLC39A9",0.226608968021884,0.921889672574658,0.179,0.112,1
"SNX19",0.226730996262093,0.955902629318686,0.143,0.084,1
"HSD17B4",0.226793065928978,-0.386139177164457,0.411,0.495,1
"CEP41",0.227333251944325,0.863767465342698,0.25,0.178,1
"MTMR9",0.227486899233018,-0.41789977067555,0.143,0.224,1
"C6orf120",0.227975059176749,-0.711164467508125,0.054,0.112,1
"SSRP1",0.228163207694422,0.347071472073018,0.5,0.421,1
"PSMD12",0.228380255414687,-0.487050355495206,0.286,0.383,1
"CSNK1D",0.228380255414687,-0.291651750187568,0.286,0.383,1
"OSGEPL1",0.228515444853198,-1.03790079532693,0.071,0.131,1
"MTMR1",0.228577830068638,0.69487725622146,0.161,0.093,1
"CEP126",0.228877132593063,-0.338801586423565,0.089,0.159,1
"ZFAND5",0.228903592520146,0.51435140621096,0.482,0.43,1
"GNB4",0.229173846725055,0.503203144026492,0.411,0.318,1
"TCP11L2",0.22925904018369,0.514525428996408,0.411,0.327,1
"ZIK1",0.229272477423794,0.981293001260206,0.143,0.084,1
"LMBR1",0.22930713218709,0.757884522172109,0.232,0.159,1
"TRIP11",0.229402864577355,-0.616489979649605,0.268,0.346,1
"SARS",0.229619161549621,-0.486598421129104,0.286,0.364,1
"TUT7",0.230037790275813,-0.441489904037449,0.179,0.262,1
"CENPH",0.230221197039941,0.280546961564443,0.268,0.168,1
"ABHD16A",0.230361912343609,-0.709333520634574,0.25,0.308,1
"STAM2",0.230503633294343,-0.768884290430813,0.125,0.196,1
"SNHG9",0.230627927301668,0.895182327459861,0.375,0.327,1
"IKBKE",0.230674683955506,-0.4539226637141,0.054,0.112,1
"UBTD2",0.230674683955506,-0.442139342294115,0.054,0.112,1
"CFP",0.230674683955506,-0.619264309018439,0.054,0.112,1
"MYH10",0.230828650736534,-0.920416977427446,0.125,0.187,1
"RBM41",0.230886824127707,-0.827078257760459,0.179,0.252,1
"METAP1",0.230903325952222,-0.307983782047364,0.179,0.271,1
"VPS50",0.231006776190857,-0.961638950272484,0.071,0.131,1
"JRKL",0.231006776190857,-0.610270583216841,0.071,0.131,1
"TMPRSS9",0.231010695105191,0.850114603491528,0.161,0.093,1
"SOCS3",0.23116141232324,-0.420966671002385,0.089,0.159,1
"CNOT2",0.231663372177605,0.4080510326839,0.732,0.636,1
"EID2",0.231706078176968,0.384919932900464,0.321,0.243,1
"AC099791.2",0.231880683654649,0.732935302878149,0.214,0.14,1
"WDR77",0.231922848822811,-0.57156820060297,0.107,0.178,1
"ADSL",0.232029603597481,-0.308239996799996,0.429,0.533,1
"DCAF7",0.232298233826586,-0.294059736223344,0.482,0.617,1
"ZNF738",0.232367833157291,0.621755281792532,0.411,0.318,1
"WRNIP1",0.233089455684712,-0.423381789800921,0.268,0.355,1
"IL2RA",0.233094874565832,1.10187180999536,0.107,0.056,1
"KLRK1",0.233094874565832,0.801007959734205,0.107,0.056,1
"ALG2",0.233135132839679,0.881937788353946,0.25,0.178,1
"AIG1",0.233157515969347,-0.635570475198862,0.196,0.28,1
"PLD3",0.233157515969347,0.97095382920896,0.304,0.224,1
"NRF1",0.233396952740493,-0.612042555718935,0.054,0.112,1
"SLC17A9",0.233396952740493,-0.4906663645966,0.054,0.112,1
"AC097534.2",0.233517345935601,-0.454216438440965,0.071,0.131,1
"TRNT1",0.233710582234635,0.545034184276859,0.357,0.262,1
"PHYKPL",0.234271886184414,0.410045032921206,0.482,0.393,1
"EBAG9",0.234351265419614,-0.573813121309992,0.268,0.346,1
"HARS2",0.234416112206648,1.02174877314505,0.143,0.084,1
"AC103769.1",0.234416112206648,1.03001441787711,0.143,0.084,1
"ZNF12",0.234549014664726,-0.385247501460038,0.196,0.29,1
"SSX2IP",0.234664898654861,0.792335979315483,0.214,0.15,1
"UHRF2",0.235123777841064,-0.394334993647818,0.161,0.243,1
"JAKMIP2",0.23521431474511,-0.6392194395778,0.214,0.299,1
"NUP214",0.235246369560332,-0.561449854071647,0.357,0.421,1
"BTN3A1",0.235428890053376,0.829497822237187,0.161,0.103,1
"SLC5A3",0.235478340772141,-0.542065093718728,0.286,0.374,1
"SNX29",0.235479443330055,1.52361158771928,0.179,0.121,1
"EVL",0.235561414841281,0.473084995388901,0.625,0.589,1
"STARD10",0.235778455803353,-0.608592474134567,0.089,0.159,1
"ATAT1",0.235778455803353,0.707875330331411,0.179,0.112,1
"FBXO30",0.236047198299328,-0.649506922431066,0.071,0.131,1
"SERPINI1",0.236304532790326,-0.789874134916797,0.107,0.178,1
"DNAJC14",0.236304532790326,-0.534089876867241,0.107,0.178,1
"THUMPD1",0.236531198380918,-0.326652489245337,0.5,0.57,1
"MRPS31",0.236693064680209,-0.361885799764952,0.482,0.561,1
"FTO",0.236765366345719,-0.488230240091795,0.125,0.196,1
"HMGN5",0.236765366345719,-0.54024722641821,0.125,0.196,1
"LUC7L3",0.2367840755597,0.324796341001048,0.946,0.925,1
"ZDHHC24",0.236866868147298,-0.371190471465103,0.321,0.411,1
"RIPOR3",0.236868281533916,0.544708420617502,0.125,0.065,1
"ELOC",0.236994763925975,0.340125290711121,0.661,0.579,1
"BOD1",0.237048026318352,-0.452523845868037,0.161,0.243,1
"ZNF330",0.237174724494066,-0.407392681139152,0.304,0.402,1
"MLLT11",0.237463255421154,-0.674098622448953,0.143,0.215,1
"OGFOD3",0.23826438898124,0.579009564294548,0.214,0.14,1
"PCED1B-AS1",0.238419507721515,0.875194078586977,0.161,0.093,1
"WDFY1",0.238594269713757,-0.579179024272051,0.196,0.28,1
"MRPS34",0.238718824287798,-0.403880159766257,0.482,0.579,1
"LAS1L",0.238759986884127,0.673854658928611,0.321,0.243,1
"WWOX",0.238879089727103,0.860247389805414,0.214,0.15,1
"NUSAP1",0.238909647094325,-0.367726229994065,0.054,0.112,1
"RMC1",0.238909647094325,-0.316366453438078,0.054,0.112,1
"NUDT8",0.239041254088435,0.948707411843266,0.25,0.178,1
"PDCD5",0.239080650358728,-0.326296861285011,0.607,0.626,1
"POP7",0.239188717911036,-0.747269666971482,0.196,0.262,1
"PROCA1",0.239200099076739,0.839624825392569,0.107,0.056,1
"KLHL8",0.239477820034642,0.681551774572291,0.232,0.159,1
"CPT2",0.239477820034642,-0.738884648562005,0.143,0.206,1
"GCA",0.239509447770594,-0.274499549260119,0.339,0.421,1
"NAP1L5",0.239640960878198,0.886135859687336,0.143,0.084,1
"MTMR10",0.239640960878198,1.09416089245481,0.143,0.084,1
"SETD4",0.239640960878198,0.924009306622354,0.143,0.084,1
"FIS1",0.23990269553325,-0.321122565054722,0.804,0.916,1
"NTHL1",0.239960783491725,-0.478505999590336,0.214,0.28,1
"TTC28-AS1",0.240127907599495,-0.281265302258883,0.25,0.336,1
"ZNF414",0.240419607833166,0.49095869110814,0.214,0.14,1
"TARS2",0.240744438023174,-0.362426000162832,0.107,0.178,1
"FOXJ2",0.240744438023174,-0.569281909500719,0.107,0.178,1
"RNASEH1",0.240745483564589,0.627121593566405,0.339,0.252,1
"ING5",0.241155500817484,0.6944967103448,0.268,0.196,1
"KCTD3",0.241502353014259,-0.898686441636048,0.125,0.187,1
"DDB2",0.241502353014259,-0.847582908821944,0.125,0.187,1
"FECH",0.241549556551931,0.824815196031574,0.232,0.159,1
"SNRPA1",0.24177930750096,-0.259226865505763,0.375,0.495,1
"FAM153CP",0.241844922761379,-0.335579170927152,0.25,0.336,1
"KLF13",0.242268876932557,0.782181953246397,0.589,0.551,1
"WDYHV1",0.242294650275092,1.53341656349835,0.107,0.056,1
"RTL10",0.242294650275092,0.931797610589864,0.107,0.056,1
"SLC39A4",0.24234320754673,-0.423943523524012,0.214,0.299,1
"RNF44",0.242515040912377,-0.556668472545216,0.232,0.308,1
"AC005921.2",0.242617378607483,-1.254412011648,0.054,0.103,1
"GFOD1",0.242768567131264,1.3312373806441,0.161,0.103,1
"NIPSNAP3B",0.242768567131264,0.969130026792445,0.161,0.103,1
"ZNF224",0.243110057814604,-0.444255418960988,0.179,0.262,1
"RCE1",0.243450961403339,0.463851476028903,0.161,0.093,1
"MT-ND6",0.243617173050969,0.467227519109904,0.304,0.234,1
"DLST",0.243633876107647,0.676847911939714,0.232,0.159,1
"HIF1A",0.243657810483601,0.283035731766778,0.554,0.477,1
"MTX1",0.243723199148133,1.04412000319512,0.375,0.327,1
"ST7",0.243752874275908,-0.702946949802021,0.071,0.131,1
"PIGC",0.244061639915846,-0.54853606221365,0.268,0.336,1
"SLC30A7",0.244525431887608,0.480826775426637,0.304,0.215,1
"PCSK7",0.244923266880753,-0.415711297713359,0.25,0.346,1
"USB1",0.245300026124429,-0.405584450214695,0.125,0.196,1
"EIF2B1",0.24539612255761,-0.319340233462257,0.268,0.383,1
"ALG1",0.245417254128994,0.886194759379685,0.107,0.056,1
"SOGA1",0.245417254128994,0.763796175173399,0.107,0.056,1
"CHKB-DT",0.245417254128994,0.841010776966268,0.107,0.056,1
"PIGQ",0.245528433326497,-1.41198848795702,0.054,0.103,1
"LMBRD1",0.245707801824933,0.437654687837622,0.464,0.393,1
"USP39",0.245730799066667,0.803228655900698,0.232,0.159,1
"ZC3H14",0.245787026180809,-0.348786665006242,0.268,0.336,1
"EIF5A",0.245967945814849,0.468090866844407,0.75,0.813,1
"S100A9",0.245981571013472,-0.301160078530561,0.196,0.28,1
"PEAK1",0.245994474920888,0.376077731474534,0.161,0.093,1
"LTO1",0.24627211168619,0.506016534810731,0.196,0.121,1
"MKKS",0.246360273866946,-0.474419741762958,0.071,0.131,1
"AMD1",0.246446234863811,-0.250567272157484,0.768,0.879,1
"WBP4",0.246517974567278,-0.471965512415652,0.268,0.355,1
"DCTD",0.246517974567278,0.524151602278678,0.375,0.299,1
"CCDC6",0.246667502789923,-0.290480428285556,0.411,0.523,1
"ZFP36L1",0.246688179563291,-0.305045586864048,0.393,0.561,1
"SCLT1",0.246836163225531,-0.406216354306333,0.161,0.243,1
"TRIM11",0.247349877261246,-0.373579617180281,0.054,0.112,1
"PLXNB2",0.247349877261246,-0.367510835584736,0.054,0.112,1
"GRAMD4",0.24751392724207,-0.681573666683109,0.107,0.178,1
"PARVG",0.247590584436496,0.423877299585185,0.607,0.551,1
"SRSF11",0.247712526985918,0.460801624616642,0.768,0.785,1
"RAD17",0.247788677176759,-0.603080122925552,0.232,0.29,1
"SP3",0.247866400079889,0.562302275976824,0.446,0.355,1
"WTAP",0.248078124889529,-0.394989871286751,0.625,0.654,1
"EBLN3P",0.248158357090996,0.253071370527999,0.446,0.346,1
"RBM26",0.248196647882672,0.480223474689446,0.589,0.551,1
"ETFA",0.248213225836451,0.493235304508047,0.536,0.486,1
"AL357079.1",0.248567977257385,0.901091819207274,0.107,0.056,1
"RAVER2",0.248567977257385,0.806225272369232,0.107,0.056,1
"AC124248.1",0.248589549879519,-0.985170293952007,0.107,0.168,1
"ERAL1",0.248825844268412,-0.387261803670319,0.125,0.206,1
"CIITA",0.248827289351262,0.380490658201827,0.268,0.187,1
"ZFP62",0.248987157980846,-0.728680225440508,0.071,0.131,1
"ME3",0.248987157980846,-0.514779397803103,0.071,0.131,1
"SUPT5H",0.249501287021949,0.418803149083333,0.446,0.355,1
"KBTBD2",0.249647343679749,0.763192966946295,0.214,0.15,1
"PIK3R1",0.249910243113769,0.54988668759982,0.768,0.71,1
"CGRRF1",0.249962533885342,0.882791757955907,0.232,0.159,1
"CAT",0.250083811456039,-0.289882164602575,0.732,0.813,1
"BRIX1",0.250247789020071,-0.346665005176071,0.304,0.402,1
"CEP170",0.250321335880344,0.66819777521249,0.429,0.364,1
"HEATR5A",0.250335721461142,-0.937810032373778,0.071,0.121,1
"STAT6",0.250559542047822,0.900455065225431,0.357,0.28,1
"BICD1",0.250562326486683,-0.403369662480405,0.161,0.234,1
"ZNF493",0.250883068968208,0.521236406149202,0.464,0.411,1
"TBC1D10C",0.250910300140403,-0.619775531246332,0.25,0.327,1
"TMEM216",0.250983364739728,-0.38628763338338,0.125,0.206,1
"AMMECR1",0.251137251928779,0.59711443906099,0.161,0.093,1
"ATF2",0.251307388271144,-0.503345752993252,0.214,0.29,1
"MAFG",0.251307388271144,-0.520200827122823,0.214,0.29,1
"UBE2D3",0.251493069657152,0.281903552604343,0.875,0.916,1
"SOD2",0.251739695843999,0.469736217707576,0.696,0.701,1
"RNF25",0.251746883514192,0.981738190584475,0.107,0.056,1
"BBS7",0.251746883514192,0.809826249054244,0.107,0.056,1
"ASB13",0.251746883514192,0.862612178478571,0.107,0.056,1
"SMARCA1",0.251746883514192,0.878315021672325,0.107,0.056,1
"SYNGR2",0.251803759146952,-0.39807239574859,0.375,0.467,1
"TMCC1",0.251815647856719,1.04553276523195,0.179,0.121,1
"SMARCAL1",0.251929008988528,-0.493370717230381,0.179,0.252,1
"PTEN",0.252076692597823,0.420840633878362,0.804,0.738,1
"AC004148.1",0.252450569605423,0.801078579088846,0.179,0.112,1
"AVEN",0.252597135237158,-0.536211158729377,0.161,0.234,1
"SENP7",0.252937070666316,0.640238614390533,0.393,0.308,1
"ZNF606",0.252946384822378,0.556881263363733,0.268,0.196,1
"FAM41C",0.253060706672637,0.707796418051396,0.143,0.084,1
"AACS",0.253060706672637,0.760223702671103,0.143,0.084,1
"CLPB",0.253060706672637,-1.251639596354,0.071,0.121,1
"ACIN1",0.25307937726079,0.301198451377526,0.643,0.561,1
"FAM193B",0.253091400770528,1.37370820125017,0.125,0.075,1
"TAF2",0.253230500171089,0.762915548394887,0.25,0.178,1
"GRN",0.253620344852616,0.665319954070211,0.429,0.364,1
"ZNF468",0.253736582435106,0.506514004508543,0.161,0.093,1
"CDC73",0.253753088291881,0.646671522075353,0.411,0.336,1
"TSPAN33",0.254040371862417,-0.730092736248397,0.089,0.15,1
"DNASE1L1",0.254040371862417,-0.676586482663953,0.089,0.15,1
"P3H1",0.254048210917674,0.739897094314916,0.214,0.15,1
"ATF6",0.254073530788967,-0.26969105994743,0.321,0.43,1
"SLC43A1",0.254299524216967,-0.544742311106365,0.071,0.131,1
"FBXO46",0.254408260525885,-0.953939304214067,0.054,0.103,1
"SDK2",0.254415569407405,-0.50277469418399,0.107,0.178,1
"PLBD2",0.254954033952056,0.576925328365936,0.107,0.056,1
"FANCA",0.254954033952056,0.654777888470566,0.107,0.056,1
"RAB5A",0.25505181315371,0.432538102174529,0.321,0.234,1
"NDE1",0.25505181315371,0.419833759737875,0.321,0.234,1
"TMEM69",0.25505181315371,-0.533154206115845,0.214,0.29,1
"TIPARP",0.255890989729962,0.496870293153038,0.214,0.14,1
"SH3KBP1",0.255917333972593,-0.352323071744555,0.446,0.57,1
"TNFSF13",0.255996711043803,1.65003041112673,0.125,0.075,1
"TAF11",0.256378726531388,0.583363826778549,0.518,0.449,1
"RBM7",0.256450880729703,-0.383136289614585,0.321,0.411,1
"SCML2",0.256548237633689,-0.485706491910354,0.089,0.15,1
"AC008124.1",0.256618866433897,0.29488468285788,0.518,0.43,1
"C11orf49",0.256701230091218,-0.632527820274985,0.161,0.234,1
"TIMM44",0.256701230091218,-0.529261365812371,0.161,0.234,1
"ABCF3",0.256745591923625,-0.405551213466686,0.107,0.178,1
"LPCAT1",0.256745591923625,-0.599557480334284,0.107,0.178,1
"GNS",0.256985075181091,-0.914867218379151,0.071,0.131,1
"TRDC",0.257417255668899,-3.07193639625797,0.054,0.103,1
"PLEKHA1",0.257927027663282,1.01143673931806,0.161,0.103,1
"C18orf32",0.258168408071818,0.313855001062754,0.607,0.551,1
"CRIM1",0.258189486786394,0.477948515750269,0.107,0.056,1
"RPUSD4",0.258633432195139,-0.660559001941687,0.214,0.28,1
"CALCRL",0.25899005700485,-0.625690741419244,0.179,0.243,1
"SLC30A6",0.258991285759504,0.604615172080277,0.161,0.093,1
"TBCE",0.259073242856599,-0.744144742771176,0.089,0.15,1
"ICAM4",0.259294340342395,-0.608414799183782,0.125,0.187,1
"AGO3",0.25946576810333,0.740232985484954,0.411,0.374,1
"SBDS",0.259502195758672,0.532059426537831,0.554,0.486,1
"METTL4",0.259690248323344,0.597331875634976,0.071,0.131,1
"MBOAT2",0.259902485126761,-0.588131600512594,0.179,0.252,1
"ARSD",0.260226606848754,-0.325634481248428,0.25,0.355,1
"CCDC167",0.260268332404065,0.658203675158044,0.196,0.131,1
"KATNBL1",0.260354817195314,-0.251289640886241,0.5,0.598,1
"IPO8",0.260496737690573,-0.803644159285539,0.143,0.215,1
"USP36",0.260750255416067,1.61959387820336,0.214,0.15,1
"MARS",0.260763748404493,0.705643301534882,0.232,0.159,1
"MTIF2",0.260763748404493,-0.749578610921567,0.143,0.206,1
"TFCP2",0.261009856034857,0.457955881997226,0.268,0.187,1
"CHMP3",0.261107996503416,-0.262461037492709,0.589,0.692,1
"UMPS",0.261233651641694,-0.342294129588077,0.196,0.28,1
"CARD11",0.261359370125058,0.671883393961589,0.143,0.084,1
"SORD",0.261449977828373,-0.396130763721737,0.107,0.178,1
"FAM122C",0.261453297359834,1.39180306426157,0.107,0.056,1
"TATDN3",0.261597052756697,0.526447491166586,0.25,0.178,1
"PDPK1",0.261922857597965,-0.484599519971487,0.179,0.252,1
"GALNT1",0.262147534419535,0.374986158696854,0.732,0.636,1
"LYRM9",0.262205462288995,-0.405537596501571,0.143,0.224,1
"MPDU1",0.262208155536305,0.854554134625135,0.286,0.234,1
"USO1",0.262372253154983,-0.270641907573387,0.375,0.477,1
"RAB21",0.262446944812786,0.57557786728737,0.554,0.523,1
"MBNL2",0.262485664483919,-0.475530234944515,0.214,0.28,1
"NIT1",0.262676741918261,-0.268833722707399,0.179,0.262,1
"PRIM1",0.262943784000201,-0.554288456216852,0.161,0.234,1
"CDK5RAP1",0.262962164365759,1.37238086045464,0.232,0.159,1
"AC012615.1",0.263122709505212,1.11991360211827,0.161,0.103,1
"NF2",0.263122709505212,0.952608979048126,0.161,0.103,1
"NBPF19",0.263509099660872,-1.04274289162969,0.054,0.103,1
"BEND4",0.263509099660872,-0.909904401896923,0.054,0.103,1
"CHRAC1",0.26364012692746,0.496691065393517,0.446,0.374,1
"IGSF8",0.263880723326368,-0.816715256941943,0.125,0.187,1
"ZNF827",0.263949752884539,0.698183984266525,0.339,0.271,1
"ILF3-DT",0.263958525019476,-0.307853402744059,0.375,0.495,1
"IQSEC1",0.264166940768434,0.828670513778748,0.143,0.084,1
"TIMM23B",0.264166940768434,0.743492326339023,0.143,0.084,1
"LMBR1L",0.264174772675246,-0.300783888093756,0.089,0.15,1
"CENPC",0.264279481930761,0.550720361266724,0.554,0.533,1
"BTG3",0.264420814122115,0.704597970176476,0.357,0.29,1
"TSEN15",0.264426007296534,0.836080653383335,0.304,0.234,1
"RMI2",0.264745518107013,0.882811540735674,0.107,0.056,1
"TUSC2",0.26484537518285,-0.56246991714119,0.143,0.215,1
"RRP9",0.264851334982967,0.92106007429976,0.125,0.075,1
"NT5C3A",0.265007898140169,-0.330249156397596,0.589,0.645,1
"CDC37L1",0.265159583656136,-0.521455727679108,0.071,0.131,1
"PTGDR2",0.265159583656136,-0.769520561380382,0.071,0.131,1
"OGFRL1",0.265548366761799,0.747969261380034,0.304,0.243,1
"NUDT3",0.265856574901636,0.271931658672993,0.554,0.533,1
"C2orf76",0.265996092840222,-0.513188905401914,0.179,0.252,1
"ZCCHC8",0.265996092840222,-0.442558945451973,0.179,0.252,1
"TAX1BP3",0.265996092840222,-0.315729220340516,0.179,0.252,1
"HSPBP1",0.265996092840222,-0.511671089952616,0.179,0.252,1
"DFFA",0.266052000587574,-0.440253259610826,0.304,0.374,1
"PRKCH",0.266377341391613,0.630771117189384,0.304,0.234,1
"SDF2L1",0.266377341391613,0.628264097445604,0.304,0.234,1
"HSPA5",0.266672853712496,0.251053197536388,0.768,0.701,1
"SELENOI",0.266751345100439,-0.872240051326472,0.089,0.15,1
"TTC7A",0.266751345100439,-0.844290572789086,0.089,0.15,1
"ATXN7L1",0.266751345100439,-0.680298274882829,0.089,0.15,1
"MBLAC2",0.26699523906283,0.377641994491198,0.143,0.084,1
"CMSS1",0.267160255227951,-0.441762964999222,0.268,0.336,1
"PELP1",0.267202842160489,-0.762547025134681,0.179,0.243,1
"LIG3",0.267253362210919,0.277064092084406,0.268,0.187,1
"TXLNA",0.267304311533207,-0.294301346066884,0.179,0.271,1
"LTB",0.267642174301377,-0.290647668900496,0.554,0.43,1
"TBC1D17",0.267678533158819,0.44649627459802,0.196,0.121,1
"NPC1",0.26784923470313,1.04298389841294,0.125,0.075,1
"TSC2",0.268048978524137,0.306261092985601,0.286,0.196,1
"ZNF557",0.268713801210014,-0.27012059032497,0.125,0.206,1
"ATRAID",0.268904472292415,0.372890716675248,0.696,0.682,1
"CCDC88C",0.269554339551763,0.885202110756486,0.339,0.271,1
"NLE1",0.269699691168423,-0.748864237017935,0.054,0.103,1
"ZNF90",0.269699691168423,-0.648125588159248,0.054,0.103,1
"CENPS",0.269844294394958,0.490601429418079,0.143,0.084,1
"LY6G5B",0.269844294394958,0.717962844710535,0.143,0.084,1
"FAM102A",0.269844294394958,-1.09613223204295,0.071,0.121,1
"KBTBD7",0.269844294394958,-0.813068383822689,0.071,0.121,1
"FAM92A",0.269875105710869,0.689838304053736,0.214,0.15,1
"KPNA4",0.269977143360966,0.31283973822001,0.589,0.579,1
"RAB29",0.270707761139894,1.3607343804297,0.143,0.093,1
"SLCO3A1",0.270799937284851,-0.431320652587251,0.179,0.262,1
"MSANTD3",0.271148672674984,0.808745595160423,0.268,0.206,1
"AL499604.1",0.271353725570185,0.481179948803185,0.286,0.215,1
"KIAA0930",0.271353725570185,0.587268375633906,0.286,0.215,1
"CSTF2",0.271415385112729,0.420854050235506,0.107,0.056,1
"AK9",0.271461682155838,-0.547369907892278,0.143,0.215,1
"RFNG",0.271883583670991,0.521328717830026,0.232,0.159,1
"CROT",0.271956216414457,-0.637736275163406,0.089,0.15,1
"INTS14",0.271956216414457,-0.734856064813016,0.089,0.15,1
"ZNF681",0.271956216414457,-0.788466599582152,0.089,0.15,1
"MTA2",0.272190136768566,0.729864108233599,0.214,0.15,1
"NABP1",0.272714134559078,0.41212290570561,0.143,0.084,1
"PSMB7",0.272824339029414,0.268881795571636,0.839,0.776,1
"PDLIM7",0.272832112330659,-0.668899733062088,0.054,0.103,1
"NEMP1",0.272832112330659,-0.856928602734426,0.054,0.103,1
"TTLL12",0.272832112330659,-0.729827564053436,0.054,0.103,1
"NT5C2",0.272885180644338,1.05765486484023,0.357,0.271,1
"CCDC93",0.273220565180239,-0.737295287825343,0.125,0.187,1
"ZNF814",0.273228727488145,1.08943401285877,0.268,0.206,1
"ZFAND3",0.273262237243691,0.308325452474646,0.393,0.318,1
"PON2",0.27369206388124,-0.458455977520717,0.143,0.215,1
"CCDC189",0.27414594593307,0.612212686479282,0.232,0.159,1
"UCKL1",0.27414594593307,-0.596831753976798,0.143,0.206,1
"SAFB",0.274294399983374,-0.261203236447923,0.446,0.551,1
"ASCC1",0.274501772056938,0.559271400503763,0.25,0.178,1
"TRAF3IP1",0.274692997844189,0.600312251331788,0.196,0.131,1
"TK2",0.274811938992149,0.769661016111656,0.232,0.168,1
"RSBN1L",0.275450541187991,-0.258291205499204,0.536,0.645,1
"TRUB2",0.275741270653832,-0.443674327153042,0.161,0.234,1
"C1QTNF4",0.275741270653832,-1.24949330509543,0.161,0.234,1
"CDIP1",0.275741270653832,-0.595519981887315,0.161,0.234,1
"COMMD9",0.275801428812938,0.777159276487126,0.429,0.364,1
"PRUNE1",0.275989329946112,-0.886285374335194,0.054,0.103,1
"C4orf3",0.276079868907272,0.380992591976063,0.804,0.766,1
"GID4",0.276334988827216,-0.356963517350033,0.071,0.131,1
"H2AFJ",0.276345785723993,0.598158764152898,0.607,0.579,1
"CREB1",0.276644660876622,-0.410965760063767,0.321,0.402,1
"HMGCL",0.276735108145911,-0.831081617246546,0.143,0.196,1
"NCBP3",0.276776785939727,0.851766525667263,0.429,0.393,1
"MAN2C1",0.276780596413852,0.289519452615125,0.214,0.14,1
"XPO5",0.276982488832473,1.45733171711193,0.125,0.075,1
"C10orf95",0.276982488832473,1.37118160514328,0.125,0.075,1
"SS18",0.277153336096258,0.901735302671967,0.339,0.271,1
"CNPY4",0.277230192076586,-0.571486724166316,0.089,0.15,1
"MAP2K4",0.277230192076586,-0.48023002678761,0.089,0.15,1
"ANGEL2",0.277421501463098,0.836918682374951,0.268,0.206,1
"ADH5",0.277521277600474,0.380995243818554,0.714,0.692,1
"IRF5",0.277591503460914,-0.556315528141252,0.107,0.168,1
"KRT8",0.277914814256692,-0.387495925492411,0.161,0.234,1
"ZNF410",0.277914814256692,0.79301117778519,0.25,0.187,1
"TTF1",0.278009403160556,0.579143315277774,0.357,0.28,1
"ENTR1",0.278289800319672,0.597310214088147,0.304,0.234,1
"TRUB1",0.278382879682426,-0.329910895722449,0.107,0.178,1
"HEMK1",0.278516272506533,0.840771361716727,0.143,0.084,1
"SVOPL",0.278709166843112,-0.644668587239082,0.143,0.206,1
"TLCD5",0.279053991567273,1.60123261708098,0.179,0.121,1
"YARS",0.279128371964917,0.415462503236324,0.446,0.374,1
"ADGRA3",0.279141246990986,0.895543914274318,0.161,0.103,1
"MAFK",0.279171375775594,-0.68019838480181,0.054,0.103,1
"AL161421.1",0.279171375775594,-0.736090173790205,0.054,0.103,1
"STARD9",0.279171439618878,0.841921305544267,0.214,0.14,1
"NMNAT3",0.279216618498079,-0.264095180657777,0.125,0.196,1
"RNF141",0.279216618498079,-0.503327941018978,0.125,0.196,1
"WEE1",0.279332655208945,0.49433635634441,0.304,0.243,1
"SNHG5",0.279427707571787,0.302939081228964,0.929,0.963,1
"CEP57",0.279501248786535,-0.388154068351979,0.571,0.617,1
"CFDP1",0.279687001595192,0.283912725900689,0.732,0.738,1
"PHC3",0.279694039537614,0.447550636080713,0.446,0.364,1
"PARP16",0.279893140750548,-0.409662822644308,0.089,0.15,1
"KNTC1",0.280073526037589,0.79657566817063,0.125,0.075,1
"CPVL",0.280099993508225,-0.283408950521521,0.161,0.234,1
"MTMR2",0.280108321490093,-0.4524244038511,0.107,0.168,1
"AC009107.2",0.280261874172538,-0.412990845366465,0.214,0.299,1
"RIT1",0.280416090474469,0.710199703967939,0.357,0.299,1
"NFKBIL1",0.280494302767046,-0.498643660119651,0.25,0.327,1
"A1BG",0.280807400002487,0.358289305536017,0.482,0.421,1
"IFIT3",0.281448617779416,-1.15117228698389,0.071,0.121,1
"C12orf43",0.281596856536497,0.555214839549842,0.232,0.168,1
"INPP5B",0.281657887424598,1.13072087101599,0.268,0.206,1
"SURF4",0.281818456295666,-0.277951927256952,0.25,0.336,1
"ARF6",0.281848895270668,0.409952085543336,0.679,0.57,1
"RBBP4",0.281854368256818,0.321945717325559,0.768,0.841,1
"SPOPL",0.282002319934576,0.729802080530351,0.268,0.196,1
"DCUN1D4",0.282041451467275,1.10114174479879,0.143,0.093,1
"DYNC1LI2",0.282054726638281,0.790940869515058,0.393,0.336,1
"C1GALT1",0.282258199542053,0.57885865134959,0.321,0.243,1
"EOGT",0.282378279252203,-0.896288085830497,0.054,0.103,1
"MTRR",0.282378279252203,-0.667162216925764,0.054,0.103,1
"A2M-AS1",0.282378279252203,-0.806496899012383,0.054,0.103,1
"MRPS28",0.282418886666582,-0.412560600313431,0.25,0.327,1
"RXRB",0.282573419307297,-0.528661206905396,0.089,0.15,1
"THAP2",0.282573419307297,-0.430233625648594,0.089,0.15,1
"SLC8A3",0.282573419307297,-0.523400746253107,0.089,0.15,1
"ARHGAP5",0.282724635532136,0.292616214840458,0.607,0.598,1
"HSBP1L1",0.282907540292891,0.279730724390403,0.089,0.159,1
"SLA2",0.282907540292891,0.440580826195407,0.179,0.112,1
"MRPS2",0.282947494343234,-0.307293941753431,0.232,0.327,1
"CPNE3",0.283143125450111,0.515276995547383,0.571,0.505,1
"TNPO1",0.283238831987263,0.862423633178387,0.446,0.364,1
"NF1",0.283287193989561,-0.315504069938554,0.304,0.402,1
"RANBP6",0.283308706289914,0.979197344273073,0.25,0.196,1
"NIPBL-DT",0.283358829266731,0.952079583159585,0.304,0.243,1
"S1PR4",0.283538323426493,-0.403497809795658,0.357,0.421,1
"ADGRE5",0.283538323426493,0.670621851730305,0.429,0.383,1
"CLASRP",0.283883542524854,0.799159499546738,0.232,0.168,1
"DENR",0.283947535634962,-0.307129809405949,0.589,0.71,1
"UBE2J2",0.284226747737785,-0.401872461077641,0.393,0.439,1
"C14orf119",0.284249481811312,-0.291589673981516,0.286,0.374,1
"HERC2",0.28427938970751,-0.383908296928633,0.375,0.458,1
"VPS4B",0.284393280108163,-0.251668893789706,0.554,0.617,1
"DMWD",0.284401842833681,-1.01735687274069,0.071,0.121,1
"PIGM",0.284461160523073,-0.677335577245866,0.161,0.224,1
"DCAKD",0.284505294825315,-0.418835454504529,0.161,0.234,1
"SNHG30",0.284713929747902,-0.302339723201477,0.304,0.411,1
"DEGS1",0.284803514519879,-0.457477382861189,0.196,0.262,1
"ITGB2",0.284861997983541,0.592213249376954,0.446,0.393,1
"CALCOCO1",0.285021117966653,-0.267858216116255,0.286,0.383,1
"CLK2",0.285188349034615,-0.691707995775304,0.107,0.168,1
"UHRF1BP1L",0.285188349034615,-0.635716566586341,0.107,0.168,1
"HBA2",0.285188349034615,-0.612286255516661,0.107,0.168,1
"TRG-AS1",0.285209051704855,-0.814065170950982,0.125,0.187,1
"CCDC28B",0.285260852252628,-0.505746914780272,0.286,0.346,1
"POLR1C",0.285271043309331,-0.463956133293662,0.089,0.15,1
"CHML",0.285272576671275,-0.437935114786334,0.286,0.364,1
"C4orf48",0.28555592711092,-0.558686397988587,0.357,0.43,1
"LRRN1",0.285610067458499,-0.923697944919199,0.054,0.103,1
"ZNF721",0.285755965335997,0.423529882794621,0.339,0.252,1
"ARL4C",0.286062012148481,0.519383271975843,0.321,0.252,1
"HIVEP3",0.286100306037242,1.44806240814226,0.214,0.159,1
"CKMT2-AS1",0.286325689197882,0.832379128805865,0.125,0.075,1
"FLII",0.286352482581711,0.47647213307754,0.339,0.262,1
"TPGS2",0.286470218028425,-0.443745504453678,0.411,0.486,1
"MEF2C",0.286801003654762,0.535185138224009,0.643,0.636,1
"HPGD",0.286813499598284,-1.26247941368673,0.357,0.411,1
"ANXA2R",0.286818116814538,0.765048244117332,0.179,0.121,1
"MEST",0.286855555451275,-0.644155732905521,0.25,0.318,1
"ZRANB3",0.287375967275505,-0.826089037209108,0.071,0.121,1
"NQO2",0.287558431377155,0.514494069263147,0.286,0.206,1
"WARS2",0.287827310083675,-0.283517671118443,0.071,0.131,1
"IL1B",0.288194740011599,-0.345227934607871,0.375,0.505,1
"RPAP1",0.288216211915609,0.268592622074875,0.089,0.159,1
"CRELD1",0.288386885025136,-0.322320884377539,0.107,0.178,1
"FAM76A",0.288494540582224,0.632124580733187,0.232,0.168,1
"TFAP4",0.288590326141141,0.328884388010716,0.107,0.056,1
"TMEM127",0.288775613076099,0.701632338363362,0.214,0.15,1
"PRELID2",0.288802784809763,-0.314496190164363,0.161,0.243,1
"GTF2A1",0.288802784809763,-0.355830463197039,0.161,0.243,1
"PARP12",0.288866765103986,-0.613668011104959,0.054,0.103,1
"DET1",0.288866765103986,-0.313548420933117,0.054,0.103,1
"TUBB1",0.288866765103986,0.487545133653009,0.054,0.103,1
"OXCT1",0.288874981733986,0.349834319299401,0.214,0.14,1
"TRA2B",0.288908499867414,0.25329775199784,0.839,0.86,1
"CBR1",0.289031130864184,-0.8390996008518,0.196,0.262,1
"CD2",0.289486861211684,1.26747040680838,0.125,0.075,1
"AC016831.5",0.289486861211684,0.886866950759792,0.125,0.075,1
"MFSD3",0.289486861211684,0.89643848795175,0.125,0.075,1
"NSDHL",0.289486861211684,0.719055715258411,0.125,0.075,1
"MEX3C",0.289669190161768,-0.375485271902571,0.304,0.374,1
"PDE6G",0.290103715286387,-0.616946046056318,0.125,0.187,1
"CHKA",0.290181495869797,0.986396097178309,0.161,0.103,1
"TIA1",0.290574169211875,-0.31129005092679,0.446,0.542,1
"ZNF506",0.29074714527263,1.13341186589794,0.357,0.29,1
"TSIX",0.290818869158615,0.930185725649397,0.232,0.168,1
"PAICS",0.290912821207295,-0.369827549562274,0.339,0.439,1
"NFAT5",0.291099068602257,-0.362482637692106,0.321,0.402,1
"EIF4EBP3",0.291190138361795,-0.595596508522688,0.268,0.318,1
"MRPS27",0.291303574860688,0.352782171806708,0.482,0.402,1
"NUS1",0.291855125700069,0.294608088729467,0.286,0.206,1
"POM121C",0.291855125700069,0.693124375300655,0.286,0.206,1
"TENT2",0.291865258091274,0.640488969954846,0.357,0.299,1
"PPP2R1B",0.292148394502911,-0.543405181583981,0.054,0.103,1
"DDX28",0.292374410313005,0.548078283643153,0.25,0.178,1
"AVL9",0.292480288654635,0.720194362168535,0.286,0.224,1
"CD59",0.292531923122727,0.292933995209488,0.589,0.551,1
"SMAGP",0.292671454037381,1.00778308201249,0.125,0.075,1
"AL080276.2",0.292707554680658,-0.377586522618711,0.143,0.206,1
"TGIF2",0.292907683230028,0.73447573991346,0.268,0.196,1
"TRBC1",0.292986863111624,1.10224938368353,0.161,0.103,1
"GTPBP8",0.293320970603185,-0.672439282547046,0.25,0.308,1
"ZSWIM6",0.29338698432465,-0.75282959761405,0.071,0.121,1
"PPP1R16A",0.29338698432465,-0.5407379759669,0.071,0.121,1
"WBP1",0.293471025083188,-0.265141287676933,0.411,0.514,1
"FAM104A",0.293533328590051,-0.352743635673131,0.179,0.252,1
"RFX5",0.293636873005088,1.18484587439175,0.214,0.15,1
"ETHE1",0.29384158372559,0.352921992996462,0.589,0.523,1
"USP34",0.294115689544527,0.401624187803101,0.625,0.598,1
"RBM12",0.294151754653583,0.437322310307789,0.321,0.252,1
"CYTH4",0.294438377266148,0.762629696635524,0.304,0.252,1
"MED29",0.29460687212296,-0.270533307504613,0.196,0.271,1
"AC004951.1",0.294726793283938,0.716898327615402,0.179,0.121,1
"HNRNPUL2",0.294754823091423,0.290866080540963,0.5,0.411,1
"DIS3L",0.294761010642057,0.926413313960056,0.196,0.131,1
"VAMP4",0.295173653620144,-0.513996074282079,0.232,0.299,1
"AHSA1",0.295327784145936,-0.258177875667105,0.446,0.533,1
"NCOA2",0.295427478740755,-0.434991710706561,0.25,0.336,1
"NAAA",0.295722744959213,-0.473854611807921,0.161,0.234,1
"EHBP1",0.295722744959213,0.960491369761251,0.25,0.187,1
"PDS5B",0.295726072642522,0.826314569976458,0.518,0.467,1
"PNKP",0.295751150629769,-0.612026666719248,0.268,0.346,1
"FAM210A",0.295810377968724,-0.874519179144918,0.089,0.14,1
"METTL26",0.295979521190891,0.333551516784254,0.643,0.561,1
"AL121603.2",0.296087972959512,0.532274315841663,0.214,0.15,1
"ARL17A",0.296087972959512,0.976776022524675,0.214,0.15,1
"BOLA1",0.296304427103306,0.280877598588727,0.179,0.112,1
"PPP2CA",0.296340881481791,0.30775739931617,0.554,0.505,1
"SMARCC2",0.296345919395481,0.360706445271508,0.75,0.664,1
"SOAT1",0.296423907680019,-0.584686510388146,0.071,0.121,1
"APC",0.296829224127822,-0.373262072455251,0.214,0.28,1
"MTMR12",0.296829556643643,0.855010274727518,0.268,0.206,1
"HECA",0.296962034363306,0.787575267494414,0.25,0.178,1
"SMC4",0.297328399483812,-0.251750688812995,0.554,0.645,1
"SAFB2",0.298013902831172,-0.341389803247528,0.393,0.486,1
"AC093673.1",0.29815957972268,-0.57444001181207,0.107,0.168,1
"ELP6",0.298571398413808,-0.360854169594637,0.286,0.364,1
"RAD51B",0.298652050992803,-0.649109348132633,0.089,0.14,1
"STK32B",0.298786525710881,-0.379055108211037,0.054,0.103,1
"AC025181.2",0.298786525710881,-0.342879665473084,0.054,0.103,1
"SNX14",0.298817138522295,-0.386483188807204,0.304,0.383,1
"MSRA",0.299040743367052,0.676888744307629,0.268,0.206,1
"GZMM",0.299110970877209,0.948650011884706,0.125,0.075,1
"TINF2",0.299138515851164,0.685161812613796,0.339,0.28,1
"SPNS2",0.299420980524774,1.39012193631709,0.107,0.065,1
"NUDT1",0.299482280305766,0.311480869025792,0.571,0.486,1
"HMOX2",0.299585051885735,-0.560492517605603,0.179,0.243,1
"COQ8B",0.299585051885735,-0.629445612921899,0.179,0.243,1
"LINC00954",0.29963773824843,1.33914803733495,0.143,0.093,1
"SWAP70",0.299926257898748,-0.487678895871458,0.321,0.393,1
"RP2",0.300060132604944,-0.469382678460187,0.125,0.187,1
"PKIG",0.300090497532797,-0.522131082009029,0.429,0.514,1
"MAF1",0.300209220428203,-0.298767950431983,0.536,0.607,1
"C2orf69",0.300241877748813,0.702924423458644,0.232,0.168,1
"FNIP2",0.3004341771131,-0.639912767045319,0.161,0.224,1
"LCK",0.300800387355138,-0.506091372077987,0.107,0.168,1
"ALG13",0.30099658573506,0.426968489051044,0.536,0.477,1
"AGO1",0.301393202493901,-0.294547564138389,0.25,0.336,1
"ABLIM1",0.301415804281304,0.427540865664866,0.429,0.374,1
"BMPR2",0.301597546891116,0.396119631842154,0.25,0.178,1
"COG6",0.301821766709464,-0.701538725446774,0.089,0.15,1
"PLSCR3",0.301821766709464,-0.253445204444936,0.089,0.15,1
"AC004069.1",0.302143059976958,-0.598156813460396,0.054,0.103,1
"ZNF316",0.302143059976958,-0.745525622324019,0.054,0.103,1
"COX10",0.302143059976958,-0.384215618964781,0.054,0.103,1
"MT2A",0.302267492730747,-0.298144265343769,0.321,0.402,1
"LTBR",0.302297756351766,0.268724899988122,0.232,0.159,1
"IL1RAP",0.30236592386376,0.668765276586373,0.125,0.075,1
"MOV10",0.302560648016683,-0.55818038990548,0.071,0.121,1
"IGLL1",0.302593489347393,-0.821088002454967,0.161,0.234,1
"GOLGA3",0.302763911966858,-0.527801004627451,0.161,0.224,1
"ORC5",0.302898606357462,1.35682159418291,0.107,0.065,1
"ACBD6",0.302953691456131,0.349137173856339,0.536,0.505,1
"GNL3L",0.303256703181201,-0.92729516996502,0.214,0.271,1
"CTSD",0.303309739039772,0.550361440755655,0.643,0.636,1
"ABT1",0.304157378895485,0.366431048533122,0.411,0.336,1
"DHX32",0.304159422060747,-0.301441221684763,0.196,0.262,1
"HUWE1",0.304220063385856,0.596173653942273,0.571,0.542,1
"RANBP1",0.304559691158326,0.473057619803453,0.661,0.692,1
"ANKRD13C",0.304641146566044,-0.285292496177204,0.089,0.15,1
"SULT1A1",0.30472760735351,-0.567653078246681,0.143,0.206,1
"PATZ1",0.30472760735351,-0.493031514929552,0.143,0.206,1
"CCL5",0.304853873384043,0.283749029015181,0.321,0.243,1
"PLEKHJ1",0.305114062505849,0.648397646348646,0.393,0.346,1
"AC004540.1",0.305122794230253,-0.424057065031652,0.125,0.187,1
"RNF4",0.305394942355765,0.718390432067167,0.286,0.224,1
"METAP1D",0.305524590868497,-0.482717381814183,0.054,0.103,1
"ZNF778",0.305644355571179,0.638733029522503,0.125,0.075,1
"HIST2H2BF",0.305660485364262,-1.15522347888761,0.071,0.121,1
"CLOCK",0.305660485364262,-0.860734435846829,0.071,0.121,1
"TBL1X",0.305660485364262,-0.744483114583004,0.071,0.121,1
"DAXX",0.305810237801026,-0.371661331168748,0.339,0.411,1
"COMMD7",0.305864283194617,-0.254798779125096,0.679,0.776,1
"SLC25A29",0.306353702679978,-0.62737246255706,0.286,0.364,1
"AFTPH",0.306431399019389,-0.456829194656387,0.339,0.402,1
"MBNL3",0.307170387215733,0.446281648069539,0.232,0.159,1
"CBLB",0.307232512045274,0.621171258247013,0.25,0.187,1
"MDC1",0.307286104998822,-0.874584729660538,0.089,0.14,1
"AP002381.2",0.307286104998822,-0.433744546393465,0.089,0.14,1
"STYXL1",0.307468410660031,0.452775805974607,0.286,0.215,1
"HSCB",0.307995185288247,0.904503911545623,0.268,0.206,1
"FOSL2",0.308548420094615,0.56285755235466,0.214,0.15,1
"TRAF3",0.308781311478076,-0.883605239724962,0.071,0.121,1
"RNF40",0.308816058672346,-0.444716094769591,0.107,0.168,1
"JOSD2",0.308816058672346,-0.495987911850862,0.107,0.168,1
"FBXO34",0.308899448868382,-0.347343949067097,0.339,0.421,1
"ESYT1",0.309446049222379,0.517175021058054,0.411,0.346,1
"MEMO1",0.309626099078523,-0.502402637465056,0.143,0.206,1
"BRF2",0.309934127128282,1.41349884823122,0.107,0.065,1
"DICER1",0.309976476141276,0.530517936920899,0.554,0.495,1
"DNAJC3-DT",0.310200490029225,-0.645964837970312,0.089,0.14,1
"TNFSF10",0.310241811394296,-0.290524235611477,0.125,0.187,1
"SDHA",0.310550601338736,-0.272445750819362,0.464,0.533,1
"SLX4IP",0.310978818295442,0.848882742247133,0.179,0.121,1
"DIMT1",0.311035687949397,-0.255345496898813,0.286,0.374,1
"SEC22C",0.311066945030404,0.549644164267924,0.321,0.28,1
"FBXO9",0.311130038407186,0.488409451638897,0.464,0.374,1
"FBXL20",0.311266464621537,-0.32825329548294,0.393,0.439,1
"SPINK2",0.311364323458203,0.295263541280788,0.804,0.794,1
"TIMM23",0.311722024436033,0.805592364840216,0.268,0.215,1
"MAP2K6",0.311767071592052,0.950584009949995,0.143,0.093,1
"NCOA6",0.312335291929198,0.771439747364467,0.232,0.178,1
"NOD1",0.312362680073335,-0.347704307985923,0.054,0.103,1
"ALG3",0.312538263340625,-0.586637845925579,0.196,0.243,1
"POLM",0.31282246137501,-0.388864076709256,0.125,0.187,1
"PPP3CB-AS1",0.312948140731882,1.11754209476946,0.214,0.159,1
"MRTO4",0.313036159002279,-0.405019195395592,0.196,0.262,1
"EIF3B",0.313069667449265,-0.299055201047304,0.5,0.598,1
"OCEL1",0.313107508884679,0.777474477204446,0.196,0.131,1
"AP5Z1",0.313133066270405,0.572545972806539,0.161,0.103,1
"RCOR3",0.313309267188561,0.789822733007297,0.429,0.336,1
"DCTN1",0.313601250420907,0.39784585715834,0.375,0.299,1
"PGM2L1",0.313650680047494,-0.507245579137293,0.268,0.336,1
"LIX1L",0.313974391861818,-0.605222895145968,0.232,0.299,1
"KDM2B",0.314576327979114,-0.262592162190556,0.143,0.206,1
"TTC3",0.314676409291298,0.393425758682435,0.893,0.879,1
"MFHAS1",0.314849289027168,1.10510931994554,0.143,0.093,1
"TANGO2",0.314849289027168,1.07349613871655,0.143,0.093,1
"FARS2",0.314995784643365,-0.508909152944366,0.179,0.234,1
"SPAG1",0.315085951284567,-0.701713787445733,0.071,0.121,1
"SYTL4",0.315085951284567,-0.908922795930593,0.071,0.121,1
"COPS7A",0.315417208313888,-0.480569944078553,0.125,0.187,1
"GNA13",0.315467449570568,0.699928630490497,0.339,0.28,1
"CAAP1",0.315557628687686,-0.535034114064972,0.179,0.243,1
"LINC00899",0.315819250836274,-0.299754211899636,0.054,0.103,1
"ZNF263",0.316083836324376,0.583736098288352,0.161,0.103,1
"RELL1",0.316092985277134,1.32287349366766,0.161,0.112,1
"BCL7A",0.31609683597789,0.528240943213494,0.464,0.449,1
"UBE4B",0.316255218743617,-0.306158169687917,0.179,0.262,1
"SLC25A28",0.316255218743617,-0.495274816619331,0.196,0.252,1
"SERPING1",0.316441875916894,-0.398098239477368,0.196,0.271,1
"PXN",0.31652512286363,-0.710727821361948,0.107,0.159,1
"PDCD10",0.316699334994704,-0.283655811306283,0.589,0.673,1
"PAF1",0.316971688094521,0.784462654506771,0.179,0.131,1
"GNG7",0.316979427331674,0.770421789940747,0.304,0.243,1
"FBXL12",0.31721681122546,0.56830641364123,0.232,0.168,1
"AL390728.6",0.317345001897308,-0.568694141352899,0.179,0.234,1
"TMC8",0.317494706883439,0.554717883377135,0.375,0.308,1
"ZNF146",0.317596649196732,0.301407626013349,0.429,0.346,1
"DCAF15",0.318002286292795,1.00197449986964,0.214,0.159,1
"ZNF134",0.318002286292795,0.718336428920604,0.214,0.159,1
"DNAAF4",0.318269771131169,-0.503644460804402,0.071,0.121,1
"CBR4",0.318278879110545,-0.455875105650314,0.179,0.252,1
"MZF1",0.318484582975991,0.392589190196785,0.196,0.131,1
"MAN2B2",0.318993016176532,0.345509514853467,0.125,0.075,1
"CHMP4C",0.318993016176532,1.03772749178836,0.125,0.075,1
"RRP8",0.318999539845529,0.316212330272358,0.089,0.15,1
"FGGY",0.319300843084847,-0.450751819465403,0.054,0.103,1
"NBPF11",0.319300843084847,-0.382732354896222,0.054,0.103,1
"RAB11B",0.31949456298777,0.376992925438395,0.482,0.411,1
"ARHGEF7",0.319578305575439,-0.627367077687719,0.143,0.206,1
"ZNF429",0.319578305575439,-0.641019850279101,0.143,0.206,1
"GIMAP1",0.319701460124103,-1.12568210065421,0.125,0.178,1
"SNHG10",0.319705677064805,0.816846116485341,0.25,0.196,1
"LONRF1",0.319721342866562,1.35709937484409,0.179,0.131,1
"R3HDM2",0.319725832436462,0.378756565397492,0.554,0.467,1
"ALKBH5",0.319767073747294,0.395541410713834,0.357,0.28,1
"TASOR2",0.320193308267573,0.643845517842682,0.321,0.271,1
"PTCD3",0.320512069329815,0.593308293570778,0.429,0.383,1
"SNTB1",0.320549304705966,-0.596585481640653,0.143,0.196,1
"BCAT1",0.320692341135229,0.759142338029209,0.393,0.346,1
"TXNL4A",0.321465301572042,0.3645886431153,0.661,0.579,1
"CENPF",0.321474592027045,-0.516509348672437,0.071,0.121,1
"ZBTB26",0.321474592027045,-0.44347170274771,0.071,0.121,1
"RAI1",0.321474592027045,-0.516361492428745,0.071,0.121,1
"CALM2",0.321839114132334,0.695539393540766,1,1,1
"U2AF1",0.322039961489326,0.373095911697084,0.161,0.103,1
"TMEM185A",0.322039961489326,0.360326260153235,0.161,0.103,1
"PPP3CB",0.322180193229492,0.468246191893159,0.232,0.168,1
"PKN2",0.322288958243316,-0.3095908322371,0.357,0.411,1
"TUSC1",0.322571181854309,-0.395979325735186,0.179,0.243,1
"NBL1",0.322807456633506,-0.334850396728239,0.054,0.103,1
"ISCA1",0.323105620409826,-0.384643770385159,0.321,0.393,1
"QRICH1",0.323135737410592,0.425764711563727,0.286,0.206,1
"NSUN5",0.323915323268087,0.379114463708254,0.375,0.29,1
"TMEM30A",0.323915323268087,0.33577415289945,0.357,0.299,1
"E2F5",0.324215703500579,0.693056991900628,0.143,0.093,1
"RAB3IP",0.324271035187047,-0.304176471963916,0.161,0.224,1
"STRBP",0.324542570832884,0.617982642776287,0.536,0.57,1
"HS1BP3",0.324690075912415,-1.02227775594182,0.071,0.112,1
"SMUG1",0.324690075912415,-1.01810621073593,0.071,0.112,1
"CRAMP1",0.324700412507592,-0.58889368299082,0.071,0.121,1
"ATAD5",0.324864966503884,1.18934829583785,0.161,0.112,1
"AC018521.5",0.325045314989481,0.549500625483152,0.161,0.103,1
"TWSG1",0.3250631084907,-0.417996788727366,0.125,0.178,1
"PLXDC2",0.325346003486132,0.426036670798234,0.446,0.374,1
"SEC23A",0.325778306084183,0.737720212670045,0.304,0.243,1
"H6PD",0.32593717341901,-0.405397514062271,0.125,0.187,1
"PCNP",0.326214564507548,0.307716226227351,0.696,0.645,1
"MBTPS1",0.326392599267145,-0.295824433864249,0.286,0.364,1
"METTL8",0.326567513801905,0.980528601367422,0.214,0.15,1
"SAYSD1",0.326567513801905,0.577378416949433,0.214,0.15,1
"ZC2HC1A",0.326567513801905,0.526651316597907,0.214,0.15,1
"FMNL3",0.327376626586161,0.772231172731668,0.143,0.093,1
"INTS6L",0.327377758481948,0.700419320684605,0.143,0.093,1
"RGP1",0.327747831085167,-0.269796829228276,0.196,0.271,1
"MAN1A1",0.327905624493234,0.719906501049565,0.482,0.449,1
"CDK2",0.327947229270073,-0.563353023299502,0.071,0.121,1
"ALG9",0.327991447817368,0.954954638658773,0.107,0.065,1
"SPOP",0.327995748406434,-0.348245411860484,0.5,0.57,1
"ZNF174",0.328068859064185,0.493006428841718,0.161,0.103,1
"DTX3",0.328068859064185,-0.501808052211856,0.089,0.14,1
"RGS19",0.328163621890914,-0.488853013859945,0.268,0.327,1
"CCDC69",0.328348857587275,0.406498152723509,0.446,0.402,1
"IRF2BP2",0.328591889574714,0.351724070103121,0.875,0.944,1
"SOCS4",0.32877577388119,0.683953864463748,0.321,0.271,1
"TAX1BP1",0.328779832400787,0.28128932668444,0.821,0.804,1
"IFT81",0.328784943176364,0.518069621699954,0.268,0.206,1
"CAMK2D",0.329251255444788,0.998475793157944,0.125,0.075,1
"DHX37",0.329251255444788,0.445782042201489,0.125,0.075,1
"RASSF5",0.329769752629352,0.407163334310823,0.393,0.299,1
"SLC29A3",0.329895733880836,0.372923962481338,0.054,0.103,1
"OSTM1",0.330559765772487,0.69552493147024,0.143,0.093,1
"METRN",0.330559765772487,0.679958149326332,0.143,0.093,1
"ZNF467",0.330800134418101,1.15141047310214,0.161,0.112,1
"DBR1",0.331110589450819,-0.823168965559934,0.089,0.14,1
"INTS4",0.331110589450819,-0.491708816738433,0.089,0.14,1
"EIF3C",0.331215037162049,-0.27967761830906,0.071,0.121,1
"PTTG1IP",0.331281112076475,0.256608711057862,0.696,0.598,1
"TAF1C",0.331683224870989,1.20325603740954,0.107,0.065,1
"DHX30",0.331916739959104,0.385078573343518,0.429,0.364,1
"TMEM120B",0.332309626103866,-0.354733523638606,0.143,0.206,1
"ZNF33B",0.333178417078108,0.461506655396205,0.446,0.374,1
"RAB10",0.333523973339308,-0.280864619413437,0.5,0.626,1
"BX284668.5",0.333551077197408,-0.36574869969213,0.107,0.159,1
"CAMSAP1",0.333702914154313,1.04369209562275,0.179,0.131,1
"NR2F6",0.333761719197482,0.959503784464016,0.143,0.093,1
"MNAT1",0.333929485244255,0.590427240581307,0.393,0.299,1
"GNL1",0.334110290271077,-0.572465318829988,0.179,0.234,1
"LAMP1",0.334125148947379,-0.413807189136646,0.446,0.514,1
"TMEM64",0.334170500489502,-0.488632614408348,0.089,0.14,1
"LRCH4",0.334384096227085,0.556592490024454,0.357,0.299,1
"TM7SF3",0.334388302989821,-0.273880710975527,0.482,0.579,1
"FDPS",0.334492629565585,0.311850232319154,0.607,0.561,1
"PRDX2",0.334599562865909,0.332769719039364,0.732,0.794,1
"CLASP1",0.334894679989843,-0.250716367446377,0.143,0.206,1
"CASC3",0.335122000331213,0.707025261346013,0.411,0.346,1
"SEM1",0.335237139178966,-0.257587406903177,0.821,0.907,1
"MPHOSPH9",0.335279881954602,0.610128699925064,0.375,0.327,1
"NDUFS1",0.335396301916479,-0.335459143265828,0.464,0.542,1
"RABGGTA",0.335401755874741,0.94265643339451,0.107,0.065,1
"ZDHHC7",0.335401755874741,0.88590962231549,0.107,0.065,1
"PPP2R3B",0.335401755874741,0.980865084943474,0.107,0.065,1
"AASDH",0.335960883622718,0.920620155135407,0.196,0.14,1
"ZNF544",0.335966879585839,-0.356757805400396,0.196,0.262,1
"TOR3A",0.336050034365915,0.423980810680419,0.161,0.234,1
"SEMA4D",0.336051554534914,0.344561149121702,0.446,0.364,1
"MAN1A2",0.33616198950927,0.324014159700978,0.607,0.579,1
"POGK",0.336296656733337,0.479915072007615,0.375,0.299,1
"DVL3",0.336445151523575,0.744588714255121,0.179,0.121,1
"DRG1",0.336589090257289,-0.311180981799664,0.25,0.318,1
"UBE2J1",0.336649539412184,0.283458162131946,0.643,0.589,1
"GBE1",0.336682621799532,-0.325140366983162,0.125,0.187,1
"PARP9",0.336686186283528,-0.393225702082975,0.268,0.318,1
"ABCF2",0.337083758888506,-0.758476067975175,0.161,0.215,1
"AKIP1",0.337165065504967,0.455892021886277,0.214,0.15,1
"TIMM8A",0.337165065504967,1.18975570854204,0.214,0.15,1
"VPS54",0.33724858511535,-0.473894262952783,0.089,0.14,1
"C5orf30",0.33724858511535,-0.617477113905731,0.089,0.14,1
"AC135050.6",0.337813596408496,-0.53874555580824,0.071,0.121,1
"FAAP100",0.337813596408496,-0.352395390277931,0.071,0.121,1
"ZMYM4",0.338095439338504,0.340352273325307,0.464,0.393,1
"SPINDOC",0.338168516422994,1.70994171081,0.125,0.084,1
"ZGPAT",0.338528332698218,-0.257988928129003,0.161,0.234,1
"KLHL6",0.338632005505618,-0.36459494327307,0.286,0.336,1
"GCH1",0.3391470274744,0.938028418073079,0.107,0.065,1
"DERA",0.339190626828024,-0.386486607272824,0.321,0.393,1
"RBM10",0.339513254943286,-0.394890873519139,0.179,0.252,1
"RBM27",0.339546474612013,-0.338757111454785,0.536,0.636,1
"USP47",0.339878628722617,-0.334722873684438,0.393,0.505,1
"FMR1",0.340241373638441,0.708826512823971,0.304,0.262,1
"ZMYND19",0.340344834850905,0.338624096392698,0.161,0.103,1
"SDE2",0.340576439469557,0.473775371055742,0.321,0.262,1
"PDXDC1",0.340576439469557,0.267668260041247,0.321,0.262,1
"HEXIM1",0.341017663155011,0.823440414139828,0.25,0.187,1
"ACP1",0.341043681718418,0.366821611764201,0.679,0.701,1
"TYROBP",0.341095537090904,0.790826120311811,0.5,0.495,1
"MYO5C",0.341144328108889,-0.44344818248596,0.071,0.121,1
"MMAB",0.341403925860933,0.537270263944724,0.214,0.159,1
"TOMM34",0.34149694088069,0.703477707664798,0.196,0.14,1
"TTC8",0.341593485098862,-0.795221978236859,0.071,0.112,1
"RHOB",0.341593485098862,0.94026879009419,0.125,0.084,1
"GALK1",0.341670207573251,-0.33855951132176,0.161,0.224,1
"YIPF2",0.341670207573251,-0.408601521850156,0.161,0.224,1
"BTD",0.341767129061771,0.571353001325978,0.268,0.196,1
"MRPL18",0.34182574478439,-0.283711835840758,0.554,0.589,1
"ZFPM1",0.341927476801889,-0.251905952180694,0.179,0.252,1
"EXOC3",0.342074612282534,-0.495364665656958,0.232,0.29,1
"AL096870.8",0.342139822688333,0.735434083822007,0.196,0.15,1
"RPUSD1",0.342281604832892,-0.56470272450054,0.107,0.159,1
"TCEAL1",0.342698931814624,-0.357026784437472,0.214,0.29,1
"IFT22",0.342727346541981,-0.432443750705323,0.143,0.206,1
"MYL6B",0.342833518618507,0.322677706731037,0.661,0.589,1
"OSBPL10",0.342919023249954,0.791643013193157,0.107,0.065,1
"GSTCD",0.342919023249954,0.912155602873426,0.107,0.065,1
"JCHAIN",0.343198498809972,0.433373385398916,0.357,0.28,1
"FHL3",0.343233477225993,-0.415522640372517,0.214,0.28,1
"ZBTB7A",0.343298273363106,0.468416512477496,0.571,0.505,1
"ACSL1",0.343459239798732,-0.27499191752833,0.089,0.14,1
"ZNF808",0.343487169136109,0.711125743085899,0.143,0.093,1
"PSME4",0.343624749958506,0.498559027630727,0.393,0.318,1
"OGT",0.343632274247516,0.318152556987697,0.643,0.636,1
"ATP6V0C",0.343850027656861,0.347911095214227,0.857,0.86,1
"PHF5A",0.343968829673421,-0.547802238907324,0.357,0.402,1
"COPS2",0.344058492197961,0.349053181795284,0.536,0.514,1
"IKZF1",0.344136341143311,0.461433456552442,0.732,0.785,1
"DDX56",0.344203701688051,-0.386103525605407,0.161,0.224,1
"ANO10",0.344286739630717,-0.378905423433618,0.125,0.178,1
"BMT2",0.344286739630717,-0.605941969568956,0.125,0.178,1
"RBM5",0.344594871708166,0.495350040998301,0.571,0.533,1
"ZNF76",0.345040572385097,-1.26037523217339,0.071,0.112,1
"CNEP1R1",0.345040572385097,-1.08466620910367,0.071,0.112,1
"CPQ",0.345364050571702,-0.479185980223838,0.143,0.206,1
"SLC25A1",0.345474933547246,0.379042082191826,0.25,0.178,1
"CCSAP",0.345942882408866,0.694106787413094,0.089,0.15,1
"TRIP6",0.346031389790786,-0.78841883831163,0.179,0.224,1
"AL691432.2",0.346591788634184,-0.339842883646447,0.089,0.14,1
"NLRC3",0.346591788634184,-0.570400388094709,0.089,0.14,1
"ARHGAP18",0.346678055659834,-0.512731895112299,0.179,0.243,1
"MYLK",0.346717723696376,0.882020770285211,0.107,0.065,1
"LINC01410",0.346717723696376,0.607833032063539,0.107,0.065,1
"ENG",0.34675034020984,0.567921828390932,0.214,0.159,1
"GPATCH4",0.346769957136688,-0.509670225219937,0.196,0.252,1
"RNASEH2B",0.347009851894218,-0.367479233899136,0.821,0.841,1
"SMARCD2",0.347022083028424,-0.338236630864624,0.232,0.299,1
"GTF2IRD2",0.347326829830622,0.544848498612207,0.232,0.178,1
"SRPRB",0.347653271860472,-0.26750005617314,0.125,0.187,1
"ARRDC3",0.347728601653719,-0.4016895771164,0.625,0.682,1
"ZNF148",0.347836954259253,0.339192716700767,0.482,0.43,1
"MDM2",0.347882677286063,0.715239674770563,0.304,0.234,1
"NAA16",0.347882677286063,0.685334405104843,0.304,0.234,1
"EMC1",0.348182405973676,-0.58348899127184,0.107,0.159,1
"TMEM9B-AS1",0.348509762173345,1.10716454174496,0.125,0.084,1
"CEBPZOS",0.34859584493586,-0.336645883074855,0.5,0.523,1
"MRFAP1L1",0.348626248350155,0.491881843865718,0.321,0.271,1
"BOLA3-AS1",0.34902361817802,0.862242749343378,0.161,0.112,1
"SACS",0.34902361817802,0.538953816070994,0.161,0.112,1
"TMEM161B",0.349443426227019,-0.562378316280158,0.143,0.196,1
"WDR11",0.349500176300955,0.350216146708538,0.429,0.336,1
"SLC2A11",0.349742468598344,-0.32104030294343,0.089,0.14,1
"STXBP2",0.349774647356845,0.36873295867734,0.357,0.28,1
"CLIC2",0.349909835269579,-0.670487757762086,0.125,0.178,1
"DENND3",0.35007034344691,0.75405749759902,0.143,0.093,1
"CARS2",0.350186299998041,0.3703342153414,0.429,0.374,1
"BIRC2",0.350186730131728,0.498796336303599,0.411,0.383,1
"MYO9B",0.350222775063683,0.645090193211828,0.429,0.383,1
"TRIM34",0.350379077464487,0.287315419923068,0.232,0.168,1
"ELP2",0.35042347592225,-0.326957166928946,0.393,0.486,1
"CLEC9A",0.350543106204946,0.875522016449047,0.107,0.065,1
"ZDHHC8",0.350543106204946,1.05835317635918,0.107,0.065,1
"RHBDD3",0.350543106204946,1.63951833865738,0.107,0.065,1
"AP2A2",0.350728364264409,-0.333620190966522,0.214,0.271,1
"GOSR2",0.351136049379511,-0.380557007178435,0.196,0.271,1
"TNS3",0.351156910870864,-0.687282215261781,0.107,0.159,1
"MROH1",0.351156910870864,-0.529840594666885,0.107,0.159,1
"PCYT1B",0.351156910870864,-0.409630869176118,0.107,0.159,1
"DDOST",0.351183986724385,-0.279747927919928,0.643,0.794,1
"CBWD2",0.351262173832899,-0.334346409885261,0.071,0.121,1
"NCOA4",0.351476093685208,0.285801776711375,0.768,0.738,1
"SPSB3",0.352397833419105,-0.264518633038861,0.411,0.477,1
"PDHX",0.352521849776175,1.11455108216479,0.232,0.178,1
"SLC38A10",0.352521849776175,-0.660960919339328,0.161,0.215,1
"UBA2",0.352623760826943,-0.364270676204617,0.482,0.542,1
"NIBAN1",0.352743112561263,-0.633926393910494,0.125,0.178,1
"SPI1",0.352778383865387,0.268043136883603,0.393,0.477,1
"TNKS2",0.353138804145708,-0.386043675336297,0.25,0.308,1
"MIOS",0.353222900024347,0.252076683631455,0.125,0.187,1
"TNFAIP3",0.35335150485092,-0.875044599970211,0.143,0.206,1
"AL353622.1",0.353391748753903,0.495250491590168,0.143,0.093,1
"C12orf4",0.353391748753903,0.313844390037739,0.143,0.093,1
"NBN",0.353489982703604,-0.301891342116479,0.393,0.505,1
"NECAP1",0.353957050338817,1.11850568584231,0.25,0.196,1
"XAB2",0.354069587618324,-0.332469237980428,0.196,0.252,1
"LRMDA",0.354126426153552,-0.340327055078304,0.232,0.308,1
"GUCD1",0.35412822757007,-0.254067413820729,0.179,0.243,1
"SMIM4",0.354202873557246,0.84519054903778,0.321,0.299,1
"RABGAP1",0.35430686841732,0.338168362233872,0.375,0.262,1
"ADA2",0.354395145045133,0.857688975993532,0.107,0.065,1
"CYBC1",0.354539987745272,-0.412220080670729,0.286,0.346,1
"STAT5B",0.355139745996554,0.533410950777537,0.375,0.346,1
"EMD",0.355339275239383,0.535732436012487,0.446,0.374,1
"PITRM1",0.355590861562935,0.943418756086696,0.196,0.14,1
"SNX15",0.355669510177887,0.552248831316063,0.232,0.168,1
"TPD52L2",0.355937629076195,-0.287312524392228,0.196,0.271,1
"SPON1",0.356098163664623,-0.666614400828102,0.089,0.14,1
"POLR2E",0.356488196351712,0.313579399718719,0.536,0.477,1
"SLC4A7",0.356489250778498,0.850941112947379,0.25,0.196,1
"YOD1",0.356733009152801,0.441167811310309,0.143,0.093,1
"AL136038.5",0.356880927080543,0.459248344425813,0.107,0.168,1
"SKP2",0.356880927080543,0.722288452513403,0.179,0.131,1
"ZBTB37",0.357050399375096,0.906946706891787,0.232,0.187,1
"BPGM",0.357154067184624,-0.457647468747339,0.107,0.159,1
"TPT1-AS1",0.357674469133378,0.658758115470356,0.321,0.29,1
"C1orf174",0.357765774048612,0.784883048292005,0.232,0.178,1
"FASTK",0.357765774048612,-0.447329233136617,0.161,0.215,1
"UBE3D",0.358273811347039,0.851235143819816,0.107,0.065,1
"ARHGAP12",0.358369975087906,0.902731567173555,0.161,0.112,1
"CCDC144A",0.358369975087906,0.964352832079522,0.161,0.112,1
"AL356599.1",0.358453070160252,0.47501693756464,0.196,0.14,1
"GTF3C3",0.358666351690617,0.379385520556756,0.357,0.28,1
"PLOD2",0.358740835973677,-0.403810523119701,0.143,0.206,1
"ARFIP2",0.358989543065441,0.527703425956878,0.268,0.215,1
"TRIM52",0.359032837855905,0.610283011661418,0.25,0.196,1
"AC004918.1",0.359049753374132,1.4046021290459,0.125,0.084,1
"ZNF562",0.359150777602354,1.00287957078409,0.268,0.196,1
"ATP6V1H",0.359162188894986,0.30334244826504,0.411,0.355,1
"PYURF",0.359598160796673,0.305754138093938,0.786,0.757,1
"OCIAD1",0.359834677525431,-0.262508795924824,0.768,0.776,1
"FAM104B",0.36040605158891,-0.495331713297844,0.161,0.215,1
"SAR1B",0.36068549285542,0.693681206462585,0.339,0.299,1
"POU2F1",0.360780404635287,-0.908615062044598,0.214,0.262,1
"ZNF667",0.361027391179399,-0.580541330936974,0.232,0.308,1
"FBXW2",0.36135259257524,0.950897591124872,0.25,0.187,1
"SH3BP5",0.361454779092534,1.1388098496486,0.214,0.168,1
"NFYA",0.361520091605397,0.945948716425198,0.089,0.15,1
"PYCARD-AS1",0.362179073084418,0.764596472940493,0.107,0.065,1
"SATB1",0.362185326098334,0.466355608934287,0.643,0.636,1
"AC103591.3",0.362272561822408,1.11424253961995,0.232,0.187,1
"ALDH2",0.36231178776318,0.300414743129529,0.5,0.467,1
"TTI1",0.362526193983611,0.446117416626315,0.089,0.14,1
"ABHD4",0.362607149220536,-0.619980132574453,0.071,0.112,1
"CDK11B",0.362611001435379,-0.408396649765665,0.286,0.336,1
"CCNG1",0.362647193612166,-0.277312431973156,0.571,0.626,1
"HDGFL3",0.362940947280295,-0.482225771883585,0.339,0.374,1
"RRP1B",0.363331741135424,0.499118227989741,0.339,0.28,1
"RAB9A",0.363346332910205,0.54983400092991,0.321,0.262,1
"RHOBTB3",0.363346332910205,-0.302706676477176,0.25,0.299,1
"STRIP1",0.363475013689935,0.421609858535362,0.143,0.093,1
"WDR27",0.363475013689935,0.580201099561719,0.143,0.093,1
"NPIPB5",0.363662708384433,0.297940963284662,0.196,0.131,1
"IGF1R",0.36395225124541,0.432891385733462,0.268,0.215,1
"CTU1",0.364181558448263,-0.360670059369126,0.143,0.206,1
"TLNRD1",0.364220813016187,-0.373560560960239,0.125,0.178,1
"ABCE1",0.364302777794989,0.384307956672605,0.5,0.467,1
"MRPL37",0.364446536591265,-0.275554460250314,0.268,0.355,1
"CRNKL1",0.36458933438899,0.563997353815725,0.411,0.364,1
"RNF20",0.364874315655346,-0.391188042071638,0.196,0.262,1
"RB1CC1",0.365262881673363,0.449908628957307,0.643,0.598,1
"BCCIP",0.365860382618261,0.656105877560476,0.393,0.336,1
"PUM1",0.365921533706654,0.271841504848304,0.714,0.664,1
"SRSF6",0.366089691568335,0.320853476876166,0.768,0.766,1
"PIK3R5",0.366186534783493,-0.654183573460582,0.071,0.112,1
"WDR76",0.366186534783493,1.20036655089799,0.125,0.084,1
"FAM98C",0.366269947266883,0.294923252339298,0.179,0.121,1
"OXR1",0.366362290865357,0.501247344109789,0.446,0.402,1
"ZC3H4",0.366400610427723,0.398484677876272,0.232,0.168,1
"TP53BP1",0.366404430445581,0.303447455319602,0.411,0.346,1
"GART",0.366582524270113,0.472794013413905,0.375,0.336,1
"RUFY3",0.366896852840269,0.605688387167209,0.321,0.271,1
"CHD2",0.367230427721838,0.467021764573608,0.714,0.692,1
"NFIC",0.367547439927816,-0.512792682208394,0.214,0.271,1
"RABEP1",0.367654449846236,0.549139450021497,0.411,0.355,1
"NIPSNAP1",0.367698862572697,-0.405132789185254,0.268,0.327,1
"DALRD3",0.367861336218482,-0.505700811490124,0.304,0.355,1
"GFPT1",0.368400015963332,0.490059873824622,0.232,0.178,1
"TRMT13",0.368512793762333,-0.275992947339933,0.214,0.29,1
"PCBD1",0.368764930095334,-0.369472081348483,0.304,0.374,1
"THRA",0.36895763832668,-0.450435613065474,0.196,0.252,1
"PRKACA",0.36911461793188,0.398647940117307,0.232,0.168,1
"ZDHHC3",0.369320215011158,-0.805258438023034,0.179,0.234,1
"ATP9B",0.369329402802817,0.956264516288024,0.25,0.206,1
"CMTR1",0.369340545882735,-0.488119441205187,0.107,0.159,1
"NFS1",0.369787880983889,-0.880542933959976,0.071,0.112,1
"AC090204.1",0.369990448337251,0.616025483759901,0.286,0.234,1
"ERO1A",0.370026974190701,0.52638469925043,0.304,0.252,1
"PXN-AS1",0.3700462254923,0.519055649389188,0.196,0.14,1
"CPSF1",0.370266888966936,0.276751818523703,0.214,0.15,1
"TOM1",0.370296176344707,0.501962512480444,0.143,0.093,1
"NCK2",0.370358911503062,0.568830217636339,0.321,0.262,1
"EIF2AK4",0.370413382616748,-0.264557896247285,0.5,0.598,1
"PPIL3",0.370955400983369,0.559232552623487,0.411,0.318,1
"RAB5IF",0.371314739463183,0.564144135673525,0.446,0.411,1
"CASD1",0.371345405277341,-0.269902175403677,0.25,0.327,1
"ATXN2",0.371791004671822,0.263529583088806,0.446,0.542,1
"SPPL2A",0.371869890579032,1.37219750275733,0.179,0.131,1
"AF117829.1",0.371921227264263,0.763068218864852,0.25,0.196,1
"ZBED3-AS1",0.372061592214242,1.22720657709076,0.071,0.121,1
"CPT1A",0.372135847812378,-0.28462666069409,0.482,0.542,1
"ZKSCAN2-DT",0.372303523906914,-0.351071706104032,0.089,0.14,1
"ZNF566",0.372303523906914,-0.266295401621746,0.089,0.14,1
"FOXP1-IT1",0.372427099202889,-0.505511529288315,0.107,0.159,1
"AFMID",0.372427099202889,-0.399672254142166,0.107,0.159,1
"TMUB2",0.372438784902678,-0.283782708936228,0.143,0.206,1
"INIP",0.372980517577597,-0.368624395363192,0.125,0.178,1
"NRBP1",0.373085792450646,-0.366884989691281,0.357,0.421,1
"VPS33B",0.373411156545729,-0.56371311140465,0.071,0.112,1
"AP1B1",0.373590037708857,0.368230598960754,0.286,0.215,1
"PPP2R1A",0.373794647506815,-0.352779133351847,0.393,0.458,1
"UQCRFS1",0.374050714092896,0.272840183583681,0.804,0.813,1
"GNA12",0.374520575683078,0.508796516266324,0.375,0.318,1
"JAK2",0.374819468551899,0.471825164728292,0.304,0.252,1
"RNPEPL1",0.375186884701456,-0.39953279305196,0.321,0.402,1
"GDAP2",0.375216776431264,0.776026452539256,0.214,0.168,1
"ABHD18",0.375535947205295,0.891922852309952,0.232,0.187,1
"CD244",0.375929176859946,-0.386750376170996,0.125,0.178,1
"ANKRD46",0.375929176859946,-0.376235428982654,0.125,0.178,1
"NADK2",0.376503418946701,0.610103213208516,0.232,0.178,1
"PIGF",0.376534511021033,-0.313862691986276,0.268,0.336,1
"AKT2",0.376871721817039,-0.393134679769913,0.268,0.327,1
"ENTPD3-AS1",0.377056327987033,-0.606355901849202,0.071,0.112,1
"SLMAP",0.377155919384331,0.698521290371481,0.25,0.196,1
"SFI1",0.37719628801087,0.488924898557634,0.143,0.093,1
"GNA15",0.377613017855215,-0.402542108570691,0.446,0.477,1
"IL17RC",0.378065322490116,0.74914238251204,0.107,0.065,1
"SPICE1",0.378065322490116,0.507010464808356,0.107,0.065,1
"CUX1",0.378216943847718,0.547825387119225,0.732,0.748,1
"LRRC8C",0.378277591780268,0.986065855532115,0.143,0.103,1
"VTA1",0.378315749342069,0.421600886920655,0.393,0.318,1
"VPS52",0.378647986779479,-0.474988568275574,0.107,0.159,1
"GPR180",0.378647986779479,-0.265449042762063,0.107,0.159,1
"QTRT2",0.378892184623329,-0.559429202151311,0.125,0.178,1
"USP19",0.378978883039305,0.663617975370831,0.196,0.15,1
"FBXL3",0.379096112511458,0.690957035017566,0.268,0.215,1
"C21orf91",0.379651233473963,-0.357501617561322,0.232,0.29,1
"SNF8",0.379694910525346,0.337948222889618,0.625,0.57,1
"FAM189B",0.379790216042465,0.504928362501163,0.25,0.196,1
"POLB",0.379863014391799,0.642245817393685,0.286,0.234,1
"PPP6R3",0.380625140916383,0.276559449242615,0.411,0.355,1
"CHD8",0.380625140916383,-0.386038279055911,0.339,0.393,1
"MTHFS",0.380636183091426,0.377359572474705,0.214,0.29,1
"AMN1",0.380723359611057,-0.769937224498386,0.071,0.112,1
"SMCR5",0.380723359611057,0.97701913410997,0.125,0.084,1
"ILVBL",0.380783406956292,0.602818196601371,0.161,0.112,1
"FAM207A",0.380912124362271,-0.304317430905954,0.321,0.364,1
"TFPT",0.380984217570562,-0.288531270686126,0.25,0.308,1
"NME4",0.381362843617522,-0.272200616736446,0.5,0.57,1
"AK6",0.381623752539761,-0.313345334064326,0.357,0.421,1
"NUDT2",0.381725054796773,0.58453092568769,0.429,0.374,1
"TPRG1L",0.381869521196004,0.315122466050761,0.196,0.14,1
"TMEM98",0.381869521196004,-0.426792390852476,0.125,0.178,1
"PSMB6",0.381908855394449,0.270896274206381,0.75,0.766,1
"RHEX",0.381966302065285,-0.389191173941772,0.161,0.215,1
"CTNND1",0.382081139070241,1.1394609534399,0.286,0.262,1
"SNRPN",0.382092045335052,0.324705591686719,0.696,0.636,1
"PDE6B",0.382249903397355,-0.49993955587255,0.107,0.15,1
"ZNF280D",0.382307577872699,0.808101331249946,0.446,0.449,1
"SLBP",0.382342525781215,0.482469978624735,0.446,0.393,1
"LRRC59",0.382356233819284,-0.275248339361605,0.214,0.271,1
"CLTC",0.382418618307307,0.365913066464036,0.5,0.495,1
"CYP20A1",0.38243579464075,0.61169428118857,0.25,0.196,1
"GCSH",0.382527766833346,0.378431698311768,0.5,0.467,1
"TFB1M",0.383389609905281,-0.878892898393389,0.089,0.131,1
"HLA-DQA2",0.383617191332438,0.801648138385292,0.429,0.393,1
"ATG4D",0.383627281724698,0.948789402014336,0.214,0.168,1
"TGFB1I1",0.384412213497893,-0.793792699511312,0.071,0.112,1
"GIT1",0.384860355470144,0.519890225988188,0.196,0.14,1
"GTF3C2",0.384932431913695,-0.263246995502632,0.107,0.159,1
"YPEL5",0.384971236390798,0.273152127011699,0.696,0.692,1
"MBD5",0.385424619331777,0.417475007008908,0.482,0.449,1
"MOSMO",0.385654191375177,-0.33909781286907,0.143,0.196,1
"B4GALT3",0.385659960541737,-0.5368544328604,0.161,0.206,1
"NUBP2",0.385661476590916,0.364177103658651,0.411,0.327,1
"PLRG1",0.386128521110769,0.427457736968801,0.429,0.364,1
"AL121658.1",0.386166952477843,0.51768134188797,0.107,0.065,1
"SH3BP4",0.386166952477843,0.439361642224815,0.107,0.065,1
"HGSNAT",0.386184381249819,0.256616702057831,0.357,0.28,1
"NSL1",0.386283384543291,0.47292078698891,0.482,0.467,1
"GCAT",0.387243109478998,0.67953087768978,0.179,0.131,1
"PPP1R21",0.387477531523212,-0.284621736213728,0.161,0.215,1
"TAF1B",0.387684831968345,-0.577550452619206,0.125,0.168,1
"RELB",0.387684831968345,-0.83858066001807,0.125,0.168,1
"PNO1",0.387693957003548,0.857773941186269,0.143,0.093,1
"KCTD5",0.387693957003548,0.517698655722151,0.143,0.093,1
"JADE2",0.38776073871033,-0.514993284051849,0.179,0.234,1
"HIST1H2BN",0.387867097286619,0.392793046518484,0.196,0.14,1
"ERVK13-1",0.387867097286619,0.462286575865547,0.196,0.14,1
"ZNF251",0.387867097286619,-0.413174518132173,0.125,0.178,1
"PDZD2",0.388122849496407,-0.757888596611103,0.071,0.112,1
"AL133338.1",0.388122849496407,-0.424442501929647,0.071,0.112,1
"SLC38A6",0.388122849496407,-0.546710478358717,0.071,0.112,1
"PRKD2",0.388122849496407,-0.574910176843325,0.071,0.112,1
"HACE1",0.388122849496407,0.902800558818074,0.125,0.084,1
"TSC22D2",0.388148763216379,-0.598325605584885,0.214,0.262,1
"NGDN",0.388883236780809,0.33748267625654,0.339,0.28,1
"KCMF1",0.388885976925342,0.327137202600712,0.482,0.402,1
"PAK1",0.389157425234905,0.596950567981602,0.321,0.28,1
"INAFM2",0.389297888513681,0.996747855710286,0.214,0.168,1
"RFC1",0.389809718268173,0.707756421029409,0.536,0.486,1
"TMX3",0.389870145181921,0.629159249409955,0.25,0.215,1
"BDH2",0.389895885614217,-0.280154868821357,0.214,0.271,1
"PAFAH1B1",0.389923083097239,0.617644882048752,0.607,0.636,1
"LINC00863",0.389951159313763,-0.395623208037746,0.286,0.336,1
"ALMS1",0.390251233801322,-0.315907008725386,0.161,0.215,1
"SLC9A8",0.390257217103406,0.556171814617195,0.107,0.065,1
"VPS13D",0.390363628320311,0.68811743553,0.179,0.131,1
"PIM2",0.390477300333566,-0.697134507489609,0.143,0.187,1
"AC005838.2",0.390754162102557,-0.545702334460654,0.125,0.168,1
"THOC5",0.390754162102557,-0.608630992333639,0.125,0.168,1
"SRGN",0.390830777586406,-0.383632266913148,0.875,0.944,1
"HMBS",0.390887292657255,-0.320620213698014,0.125,0.178,1
"VAV1",0.390887292657255,-0.528191371819307,0.125,0.178,1
"CCNQ",0.391280237671876,-0.381045704600734,0.107,0.159,1
"SEC16A",0.391421824486529,-0.349252384349116,0.143,0.196,1
"RNF38",0.391511189018613,0.720012164614916,0.286,0.243,1
"BATF",0.391855225216553,-0.618287767228452,0.071,0.112,1
"COPG2",0.391855225216553,0.834676544825654,0.125,0.084,1
"CRELD2",0.392007634985448,0.528724388352532,0.268,0.215,1
"FCF1",0.392501794199554,0.31893546708163,0.179,0.252,1
"TRPM7",0.392878907849326,0.695731208160558,0.25,0.206,1
"PACSIN2",0.392878907849326,0.633936132592061,0.25,0.206,1
"ZNF766",0.393260238703406,1.05091305835381,0.339,0.29,1
"TSC1",0.393921728537378,-0.413855203583769,0.125,0.178,1
"MAP4K3",0.393969193630822,0.42810880265519,0.161,0.112,1
"NUDT21",0.394133996111263,0.296131193097104,0.589,0.561,1
"ZSWIM7",0.394249027920564,0.378158455341598,0.554,0.495,1
"SLC35F2",0.394373705484948,0.39743419582318,0.107,0.065,1
"AL096865.1",0.395019202858493,1.23815564067653,0.214,0.168,1
"GIMAP7",0.395201280027114,-1.0237010012089,0.107,0.15,1
"CALN1",0.395609296022046,-0.618214403711273,0.071,0.112,1
"PRMT6",0.395609296022046,0.682835675310068,0.125,0.084,1
"BCL11B",0.395609296022046,0.803306842739656,0.125,0.084,1
"SLC16A3",0.395609296022046,0.700784625777029,0.125,0.084,1
"TMEM126B",0.396368405649722,0.40712700212886,0.429,0.402,1
"AP000873.2",0.396650341185557,0.639294450461819,0.179,0.131,1
"ZNF765",0.396936944595062,-0.632443912234969,0.125,0.168,1
"MAP2K5",0.396970380435814,-0.349365523222173,0.125,0.178,1
"SLFN13",0.39730832795221,0.492823233216946,0.161,0.112,1
"ZNF790-AS1",0.397528575438641,-0.394249827906844,0.286,0.346,1
"ZNF395",0.398227270275946,0.319722837519978,0.411,0.336,1
"ZNF3",0.398361435139352,0.279727083562227,0.143,0.215,1
"AC073896.2",0.398367795475988,0.331337604732747,0.143,0.093,1
"PWWP2A",0.398545328208844,-0.418753205358131,0.179,0.234,1
"RNF41",0.398784915410745,-0.304313850554243,0.25,0.318,1
"PFKL",0.399343420941066,0.519749055490809,0.304,0.262,1
"TOR4A",0.399385015023405,-0.392061702817128,0.071,0.112,1
"ENO2",0.399385015023405,-0.460030042122353,0.071,0.112,1
"KCTD12",0.399385015023405,0.828605194702772,0.125,0.084,1
"AC027279.1",0.399385015023405,0.743477566725522,0.125,0.084,1
"SESN3",0.400600563246937,0.376410527419683,0.411,0.355,1
"CXorf56",0.400920269994687,0.607231598932004,0.179,0.121,1
"CDK17",0.401269438414152,-0.530516839414803,0.179,0.234,1
"CPSF3",0.40148042206765,-0.257217343473605,0.179,0.224,1
"ADAM10",0.401703384825031,-0.793228570951156,0.286,0.336,1
"KCTD13",0.401775256993812,-0.659493703222981,0.107,0.15,1
"USP11",0.401867746320643,0.412194229570585,0.464,0.449,1
"IFITM2",0.402458438448183,-0.303385152358658,0.75,0.813,1
"CD63",0.402593692336606,-0.281953503510673,0.893,0.972,1
"TBRG4",0.403113080118101,-0.304121055655681,0.143,0.196,1
"SCMH1",0.403182333071375,-0.492095586333029,0.071,0.112,1
"ABAT",0.403182333071375,-0.406658362719153,0.071,0.112,1
"TBC1D2B",0.403182333071375,0.841504662501737,0.125,0.084,1
"AGPAT1",0.404183129349708,-0.490608442011676,0.25,0.299,1
"GATC",0.404247460045092,-0.460428271672318,0.179,0.224,1
"SNHG3",0.404463969793413,0.513872292112533,0.589,0.551,1
"TTF2",0.405243923014677,-0.376813553042588,0.214,0.271,1
"GOSR1",0.405455941081894,0.829698386465924,0.411,0.402,1
"NEK3",0.406194177976061,0.550767589022027,0.179,0.131,1
"PPIF",0.406201372746102,0.328232838082464,0.196,0.14,1
"P4HA1",0.406346426478408,0.600342091151939,0.25,0.206,1
"SEL1L",0.406463169335254,-0.369896989086897,0.268,0.346,1
"ABHD14A",0.406667878519462,-0.443928548820741,0.25,0.299,1
"NEK9",0.406751084777051,0.258501428675123,0.179,0.234,1
"RYR3",0.407001198750721,-0.262290428178062,0.071,0.112,1
"HIST1H2AL",0.407001198750721,0.648916453853829,0.125,0.084,1
"LHPP",0.40742765071327,0.781151433602359,0.161,0.112,1
"SYNE1",0.407745971506582,0.690334463543425,0.393,0.308,1
"VWA5A",0.407800258952034,-1.49301329544272,0.089,0.131,1
"CRYL1",0.407836589522439,0.524524174968862,0.214,0.271,1
"CBX2",0.408323222193881,-0.51379424341035,0.143,0.187,1
"RASGRP1",0.408414418110561,0.745997578155977,0.161,0.121,1
"CBX4",0.40930662434668,0.589126894546365,0.196,0.14,1
"EIPR1",0.409337780824424,-0.459960198298911,0.232,0.271,1
"FARSA",0.409357680428833,-0.54522084747253,0.286,0.308,1
"ZDHHC13",0.409405674981134,0.972663547227198,0.179,0.131,1
"LINC01278",0.409405674981134,0.387979297509481,0.179,0.131,1
"BCKDHB",0.409508581527904,0.88093730506506,0.25,0.196,1
"IFI27L1",0.410003010422964,-0.32023507628701,0.161,0.215,1
"CANT1",0.410841558374402,-0.433693126900898,0.071,0.112,1
"ZNF768",0.410841558374402,0.637503254472548,0.125,0.084,1
"CSTF1",0.411311634807809,-0.535361039289533,0.161,0.206,1
"CBX6",0.411381133485449,0.257069640354176,0.232,0.318,1
"ZBTB41",0.411399969302284,0.884814527122422,0.232,0.187,1
"RUBCN",0.411758355379524,-0.599690567604864,0.107,0.15,1
"ARL11",0.411758355379524,0.662134832977082,0.161,0.121,1
"LINC01409",0.411983735092129,0.600707848512557,0.196,0.15,1
"ZDHHC16",0.41242595489674,-0.292046476008107,0.125,0.178,1
"PPP1R11",0.412438789452582,-0.401096269850141,0.357,0.421,1
"MAP2K7",0.412616768428618,-0.62907338791002,0.179,0.224,1
"TRAF3IP2",0.41265000893578,-0.276624507227856,0.125,0.168,1
"DCUN1D1",0.412675316807059,0.505575111388739,0.482,0.439,1
"OGA",0.412700128590023,0.426605485327952,0.607,0.589,1
"LMNA",0.412725595876319,1.15648470344087,0.357,0.336,1
"ALKBH2",0.41287242194737,0.351886385221665,0.232,0.178,1
"HLA-DRA",0.414494981582947,0.312758575704199,0.964,0.944,1
"EPGN",0.414703355978139,-0.339605477820265,0.071,0.112,1
"MRPS23",0.414899183657136,0.307828142034237,0.5,0.458,1
"ANXA2",0.414941289847464,-0.559924498490887,0.089,0.131,1
"PNPLA6",0.415118481271745,0.844239511246118,0.161,0.121,1
"VPS25",0.415461397872308,-0.342966846189524,0.339,0.383,1
"SPRY2",0.415976654033258,-1.27353672409595,0.107,0.14,1
"NOP14",0.416083135927355,0.727941118975721,0.339,0.308,1
"OFD1",0.416278729883481,0.397923312156254,0.5,0.467,1
"G2E3",0.416738029253947,1.20083984275153,0.143,0.103,1
"DTD1",0.416838616490087,0.26487245396168,0.643,0.57,1
"TRIP4",0.417092529363727,0.961668310594149,0.232,0.187,1
"ZDHHC6",0.417316283972484,0.631140896131679,0.25,0.206,1
"ASB8",0.417449727273549,0.366779740258905,0.393,0.318,1
"PHF23",0.41830567175683,0.48912086089938,0.214,0.271,1
"CLN6",0.418539349551844,-0.515211380598193,0.089,0.131,1
"ASB9",0.418539349551844,-0.439009415372995,0.089,0.131,1
"IGFBP6",0.418586533315358,0.388464659206505,0.125,0.084,1
"P2RX7",0.418586533315358,0.95336003879519,0.125,0.084,1
"GAB3",0.418874734967326,0.36880559119111,0.411,0.355,1
"BECN1",0.419228947913035,0.519937590532551,0.429,0.383,1
"STARD3",0.419405757556158,0.515491734516705,0.286,0.224,1
"ALYREF",0.419671184980751,0.401483915169782,0.411,0.411,1
"PPT1",0.419869560023874,-0.314061446102614,0.268,0.327,1
"PPP1R18",0.420294815856839,0.428426019836668,0.625,0.626,1
"TRIM4",0.420947455554321,-0.388073491950102,0.214,0.271,1
"POLL",0.421087912670932,-0.450869214821374,0.179,0.224,1
"PIGT",0.421364597654523,0.483495587587439,0.357,0.308,1
"LPIN1",0.421791913023447,0.432678047940079,0.429,0.374,1
"NDRG3",0.421887143552205,0.757175232664806,0.161,0.121,1
"GRAP2",0.422155708415651,-0.661230747465714,0.089,0.131,1
"DHX33",0.422252259920535,-0.454908417818965,0.125,0.168,1
"ODF2",0.422361722711453,0.809269086736192,0.286,0.243,1
"ERCC3",0.422401879260179,0.426007063399133,0.179,0.131,1
"NECTIN2",0.422401879260179,0.517101931838951,0.179,0.131,1
"DCAF1",0.422491029852532,-0.392237378872117,0.071,0.112,1
"ABHD3",0.422491029852532,0.431558024848202,0.125,0.084,1
"CNNM2",0.422697622773789,1.31687524395758,0.107,0.075,1
"POC1B-AS1",0.422697622773789,1.19635716533266,0.107,0.075,1
"CWC22",0.423116904597676,-0.625855649552321,0.214,0.252,1
"E2F3",0.423290857344144,0.525466512481842,0.446,0.411,1
"SUPT7L",0.423461958086181,0.633746691360596,0.25,0.196,1
"DCAF12",0.423559452828302,0.383206490232164,0.125,0.196,1
"C5orf22",0.424380222626658,0.632822320516976,0.214,0.168,1
"KLHL42",0.424380222626658,0.630578748697812,0.214,0.168,1
"ABHD13",0.424468463637174,0.553940541731459,0.232,0.178,1
"UBE2D1",0.424470121453569,0.615731332657322,0.268,0.224,1
"UBIAD1",0.424630658112361,0.383837071979939,0.161,0.112,1
"MED31",0.425295598986374,-0.503829100197157,0.107,0.15,1
"CDC42SE1",0.42542181447231,0.481241895412297,0.5,0.486,1
"HNRNPR",0.425442507681055,0.257307513213687,0.786,0.85,1
"PHF3",0.425564359700081,0.316755006390489,0.696,0.682,1
"PIP5K1A",0.425688307852279,0.518577275004488,0.179,0.131,1
"EYA3",0.425790316570969,-0.398871703859284,0.089,0.131,1
"TBC1D31",0.425790316570969,-0.499580156116416,0.089,0.131,1
"ZNF408",0.426416782764916,-0.484329500015038,0.071,0.112,1
"C1orf216",0.426416782764916,0.875701110235761,0.125,0.084,1
"F2RL1",0.426416782764916,0.623556893555381,0.125,0.084,1
"CNOT10",0.426552314957175,0.387855771620366,0.375,0.308,1
"ZNF561",0.426791609089202,0.591024545494426,0.232,0.196,1
"TRAPPC10",0.426861395642797,0.636616555648009,0.393,0.374,1
"TBL2",0.427532817579092,0.575890815448323,0.196,0.15,1
"ZNF519",0.427614448087028,0.60941820688706,0.143,0.103,1
"TRPV2",0.427638545398029,0.345137456685729,0.214,0.28,1
"CREBRF",0.427745162510688,0.369096892978527,0.643,0.636,1
"LSM14B",0.428232695180478,0.36831909482582,0.196,0.14,1
"IQCB1",0.428295167830628,-0.272626693705774,0.268,0.346,1
"KIF3A",0.428972227949162,-1.07025393819324,0.071,0.103,1
"POLR2J3",0.429399685920053,0.537749994318845,0.607,0.589,1
"POLA1",0.429443122459327,-0.397068289211146,0.089,0.131,1
"NIPAL3",0.429660263631151,-0.557845870940459,0.179,0.224,1
"NUFIP1",0.429745902364329,-0.285891636999151,0.143,0.187,1
"CLK4",0.430144922413037,0.892293173876287,0.268,0.234,1
"CDC34",0.430353256021722,0.682301912883518,0.179,0.14,1
"PFKM",0.430363726932684,0.773231588694141,0.071,0.112,1
"KANK2",0.430363726932684,0.368442389529819,0.125,0.084,1
"RHOF",0.430459586703512,0.302767961609857,0.339,0.28,1
"MIF4GD",0.430459586703512,-0.412534501584302,0.268,0.318,1
"PRR7",0.430683151707049,0.28735420588314,0.125,0.187,1
"AC044849.1",0.43127404748219,-0.558468455616153,0.214,0.252,1
"ARL15",0.431276332978516,0.842496729068501,0.143,0.103,1
"STXBP3",0.431289112905918,0.266119685885889,0.607,0.561,1
"SPIN4",0.431435827605032,-0.250301012140404,0.125,0.178,1
"KIZ",0.431525528665131,0.594834873824451,0.232,0.187,1
"P2RX4",0.431858641617879,-0.336494025167513,0.196,0.243,1
"RDH14",0.431926209430565,0.417338465520423,0.393,0.346,1
"CYCS",0.43209793281987,0.294260383446726,0.607,0.57,1
"EPB41L2",0.432159642077462,0.656131583780514,0.161,0.121,1
"TM7SF2",0.432540088122962,-0.596935178000298,0.179,0.224,1
"ROCK1",0.432596615932711,0.304739244360757,0.696,0.757,1
"SYNJ2BP",0.43295606183109,0.89155498824003,0.268,0.243,1
"CD300LF",0.433114072829296,-0.27377795984442,0.089,0.131,1
"AAK1",0.433232063119111,0.374409767525613,0.536,0.477,1
"SNUPN",0.433237322068726,-0.451598393323512,0.286,0.336,1
"STXBP5",0.433237787755656,0.372137032372307,0.339,0.308,1
"HELQ",0.433242051165369,0.547430205470896,0.214,0.159,1
"OTUD1",0.433242051165369,0.727683539439047,0.143,0.196,1
"AC127502.2",0.433242051165369,-0.330731483711342,0.143,0.196,1
"ARV1",0.433289087461811,-0.27079353650109,0.161,0.215,1
"TAF1D",0.43345655911732,0.354170776115189,0.875,0.897,1
"MYC",0.433590450666109,-0.26305914286657,0.286,0.346,1
"FAM76B",0.433592830610222,0.41343931166247,0.339,0.271,1
"GFER",0.434094340824092,-0.453777130467945,0.196,0.234,1
"USP6NL",0.434941666961739,-0.385051128688601,0.161,0.206,1
"ZNF675",0.43525685031404,-0.434157953784717,0.125,0.168,1
"GPR137",0.435285997807122,1.02532367177446,0.107,0.075,1
"ARHGAP45",0.435515569983491,0.511776501158024,0.339,0.28,1
"TJP2",0.436803112734345,-0.276797753507751,0.089,0.131,1
"EIF2B4",0.437024068013908,0.576999215626456,0.196,0.15,1
"CLNK",0.437378824828825,0.936925204176483,0.232,0.187,1
"AMFR",0.437689709031798,-0.407350970576426,0.179,0.234,1
"AGL",0.437689709031798,0.324632117955005,0.25,0.196,1
"CEP135",0.437921684901182,0.770896553327974,0.304,0.252,1
"ATPSCKMT",0.438320917059226,0.547148243225466,0.125,0.084,1
"LINS1",0.438320917059226,0.656898658734018,0.125,0.084,1
"TES",0.438355713868213,0.554693833939257,0.554,0.561,1
"IFI44",0.438705024096225,0.717827862141423,0.321,0.28,1
"AHNAK",0.438709927449054,0.395757157955973,0.804,0.776,1
"PIKFYVE",0.438791524460262,0.870157416576156,0.357,0.318,1
"IGHM",0.438821217655973,0.74030588082838,0.411,0.393,1
"ABCA2",0.439089243734953,-0.452587453234937,0.107,0.15,1
"SFSWAP",0.439306006152953,0.280356541191064,0.482,0.439,1
"PBRM1",0.439436533293921,-0.300140509785617,0.571,0.551,1
"RNF19A",0.43957235854211,0.77480100375761,0.411,0.402,1
"POGLUT1",0.439772483767579,-0.625314045143945,0.196,0.234,1
"FGD5-AS1",0.439965050531539,0.44444184279736,0.5,0.449,1
"SLC35C2",0.440322526236741,0.539466963761994,0.232,0.187,1
"C12orf45",0.440362992109082,0.580832438552016,0.393,0.393,1
"MIIP",0.440510185530953,-0.288153961090458,0.089,0.131,1
"SGO2",0.440510185530953,-0.50637218281751,0.089,0.131,1
"AARSD1",0.440904990274148,0.673910214043415,0.268,0.224,1
"TP53I3",0.44124631300879,-0.279058969202409,0.179,0.224,1
"FOXO3",0.441576204618206,0.438197061046508,0.393,0.336,1
"PIK3CG",0.441590195850515,-0.441811105613014,0.268,0.336,1
"MRTFB",0.441844866273036,-0.54256980033116,0.125,0.168,1
"COPA",0.442005036474088,0.42459894476384,0.571,0.579,1
"FLVCR1-DT",0.442370466098065,0.736542720050101,0.143,0.103,1
"FBXO25",0.442528562612527,-0.28192401888271,0.143,0.196,1
"YPEL1",0.442592935773268,0.828120163800669,0.214,0.168,1
"MFSD14B",0.442627464676167,0.506967542674052,0.25,0.206,1
"EIF3J-DT",0.442711175561579,0.311141159488913,0.411,0.336,1
"CYLD",0.4430551649993,0.427117379837574,0.482,0.495,1
"SH3YL1",0.443453065642445,0.50194111793589,0.268,0.215,1
"SCRN1",0.443517135626655,0.383262354228244,0.357,0.308,1
"FLOT1",0.443679160903467,0.560184346563164,0.268,0.224,1
"INKA1",0.444029059901801,-0.522607281896598,0.321,0.364,1
"DDIT3",0.444170545793083,-0.485461728786933,0.179,0.224,1
"CAMK1D",0.445428237421007,-0.263040318497864,0.357,0.402,1
"HAGHL",0.44543966595641,-0.57778744666573,0.143,0.187,1
"PCYT1A",0.445493016188969,0.430304874800315,0.25,0.206,1
"NCBP1",0.445671266672444,0.45560641352621,0.214,0.168,1
"SDHAF2",0.445859774119288,0.402442767865504,0.411,0.393,1
"TET3",0.446081315169359,0.72172092344894,0.161,0.121,1
"PTPN12",0.446190503759113,0.639491134789447,0.304,0.243,1
"CNTROB",0.446362033250197,0.516863928679695,0.071,0.112,1
"ATXN1",0.446548849192202,0.411939064179307,0.286,0.224,1
"RAB6A",0.447307569759542,0.29964397779338,0.464,0.402,1
"SMCHD1",0.447759823271985,0.393721602166426,0.518,0.505,1
"WDFY2",0.447772727609876,0.554502076765594,0.536,0.505,1
"CSTF3",0.448262094825205,-0.319340669295966,0.286,0.336,1
"B4GALT6",0.448369110802807,0.664046248473304,0.179,0.243,1
"HPS3",0.448489598632558,-0.620845126326812,0.125,0.168,1
"SCN9A",0.448556474809397,-0.283060220216593,0.232,0.29,1
"PMS2",0.44903312977291,-0.556131415842575,0.268,0.308,1
"RALGDS",0.449084059210265,0.505726032762783,0.196,0.252,1
"ARHGAP10",0.449414445413087,0.432974642275143,0.161,0.112,1
"RFC5",0.44958448795638,-0.786303886304862,0.071,0.103,1
"TENT4B",0.449600992751463,0.519883263468542,0.161,0.121,1
"PXMP4",0.450413876349466,0.42953461938141,0.125,0.084,1
"TSR2",0.451392770192492,0.687632994222459,0.357,0.346,1
"AC015982.2",0.451739009347679,-0.274118010648379,0.089,0.131,1
"MBTD1",0.451747461864078,-0.325888866479329,0.268,0.336,1
"RHOT1",0.452061229044116,1.16418158297786,0.268,0.224,1
"ATP1A1",0.45218052718471,0.758200393317892,0.321,0.29,1
"AC003102.1",0.452402420274414,0.700593403887067,0.107,0.075,1
"HNRNPM",0.452487892848224,0.348865074273547,0.804,0.85,1
"ATG3",0.453025745206129,0.346370057763982,0.5,0.477,1
"ZFAND2B",0.453026344316232,1.14152475345916,0.321,0.308,1
"NABP2",0.453109425354406,0.37608137679147,0.196,0.15,1
"CEP162",0.453136363147973,0.345786686458144,0.161,0.121,1
"RGL2",0.453510161568414,0.855692153696205,0.179,0.14,1
"RRM2B",0.453510161568414,0.886347383439147,0.179,0.14,1
"COQ7",0.453510161568414,0.637726764641428,0.179,0.14,1
"ZNF346",0.453626091682775,0.578647373469001,0.143,0.103,1
"UBTF",0.453696732353722,-0.27164214849752,0.661,0.617,1
"LITAF",0.453800170561151,0.284132245593801,0.411,0.505,1
"PIK3C2A",0.453928377125809,-0.25092130613758,0.232,0.29,1
"CITED4",0.454486471622626,0.423627457381595,0.125,0.084,1
"SAC3D1",0.454517295156301,-0.285989535291854,0.196,0.243,1
"ZNF512",0.454755400063097,-0.260954377623902,0.196,0.252,1
"AKT1",0.454838281844584,-0.330940103056689,0.304,0.336,1
"RPE",0.45501060073181,-0.302152162522615,0.143,0.187,1
"NFATC1",0.45501060073181,-0.415611749130251,0.143,0.187,1
"GEMIN6",0.455190703105578,-0.464500297652795,0.125,0.168,1
"CNOT9",0.455586335112012,0.459506217405152,0.339,0.252,1
"RAB22A",0.455586335112012,0.496991005285858,0.232,0.308,1
"KIF13B",0.455930655926164,-0.635846129071381,0.125,0.159,1
"PDLIM5",0.456171757236198,0.392519974778391,0.286,0.234,1
"GSKIP",0.456366140518952,0.556131635082669,0.196,0.15,1
"SPIN1",0.456656713572746,0.669102416001698,0.429,0.421,1
"MN1",0.456687373388285,0.791715506342167,0.161,0.121,1
"AC144521.1",0.456740197537127,0.943902312645491,0.107,0.075,1
"EMC4",0.457284035559002,0.459890330075925,0.464,0.393,1
"SLF1",0.457322362065036,0.280453752947246,0.232,0.178,1
"ZNF672",0.457999420408415,-0.284163580519691,0.143,0.178,1
"C1orf56",0.458343551973456,0.797919106167834,0.393,0.355,1
"NSD1",0.458453875246878,0.287195741428769,0.554,0.617,1
"MAP7D1",0.458787237249165,0.332778726716712,0.357,0.318,1
"ELAC2",0.458917901893055,0.351168444506696,0.321,0.271,1
"LRRC8A",0.459313941391407,0.300892893075962,0.089,0.131,1
"NFE2L1",0.459978349527845,0.738715639758263,0.25,0.206,1
"CBWD1",0.460095451834633,-0.39565100137184,0.232,0.271,1
"INTS2",0.460253969182183,-0.25077406794918,0.107,0.15,1
"SIN3B",0.460253969182183,0.742020605410554,0.161,0.121,1
"AC011139.1",0.4602848890012,-0.740178091294979,0.196,0.243,1
"CYB561A3",0.461005255268981,0.784320736973592,0.339,0.308,1
"B3GALT4",0.461101250160495,0.765311724840605,0.107,0.075,1
"NPM3",0.461198370428738,-0.28881617371384,0.321,0.374,1
"CD3D",0.46121873118506,0.61044180980649,0.143,0.103,1
"STX2",0.46121873118506,0.548646931584178,0.143,0.103,1
"SLC43A3",0.461275798203028,-0.748467366083874,0.143,0.178,1
"BICRAL",0.461691809755017,0.466200801498656,0.107,0.159,1
"MAPK9",0.462053844850433,0.578274486463485,0.304,0.252,1
"FLVCR1",0.462120392779358,-0.668156957987792,0.089,0.121,1
"DNAJC5",0.462216651816073,-0.98937169935087,0.071,0.103,1
"KDELR2",0.462310710069205,0.278210217238704,0.464,0.421,1
"GMEB1",0.462861039982686,0.493334209479843,0.286,0.243,1
"LRP10",0.463183969792423,-0.262365719619764,0.196,0.243,1
"ISG20",0.463375305116277,0.714773909534914,0.268,0.224,1
"GGCX",0.463602154245257,-0.255436354333865,0.25,0.299,1
"ACTR3",0.463622401220956,0.467884257584769,0.768,0.776,1
"TMEM161A",0.463836094919669,0.538549198849416,0.161,0.121,1
"QARS",0.463887012411477,0.551422187386616,0.589,0.57,1
"CTDNEP1",0.46395267381232,0.329661285039339,0.607,0.589,1
"BCL10",0.464192097919084,0.492428039150037,0.411,0.355,1
"TLK1",0.46456760090001,0.27479956504576,0.589,0.692,1
"ZNF358",0.464780181500147,0.58988587507014,0.321,0.28,1
"AC097448.1",0.465041519672385,0.623260741432911,0.143,0.103,1
"ZNF568",0.465041519672385,0.664169659970164,0.143,0.103,1
"PPARA",0.465347262596206,-0.424210395460407,0.125,0.168,1
"POLR1A",0.465485476344924,1.21991812161804,0.107,0.075,1
"URGCP",0.465485476344924,0.798204246652682,0.107,0.075,1
"ZNF69",0.465485476344924,0.781356487225097,0.107,0.075,1
"SUSD1",0.465770709857288,-0.75573539762794,0.107,0.14,1
"GSTM3",0.46603992428598,-0.675613176069912,0.089,0.121,1
"ERBIN",0.466107571243178,0.502536386760355,0.589,0.57,1
"CLDND1",0.4661146851532,0.327298331966821,0.464,0.402,1
"ADPRM",0.466130362108872,-0.340547005636017,0.214,0.262,1
"NXF1",0.46622828160482,0.869537893629596,0.268,0.224,1
"ARHGAP32",0.46647097856394,-0.773487183222317,0.071,0.103,1
"TBCK",0.467114720373809,0.634115519089046,0.214,0.178,1
"SCAF11",0.467841078138217,0.296495360481634,0.857,0.869,1
"CHPF2",0.46795014394708,-0.261161253823849,0.143,0.187,1
"RAVER1",0.467958944773957,0.678916732518266,0.232,0.196,1
"SLC16A4",0.468676092823725,0.784620595306142,0.125,0.093,1
"PPM1B",0.468747310711361,-0.346240816301155,0.286,0.336,1
"C11orf54",0.468747310711361,-0.297461931897258,0.286,0.336,1
"ZNF496",0.468760566305656,-0.389160625261666,0.125,0.168,1
"AC006141.1",0.468760566305656,-0.55078626937491,0.125,0.168,1
"NUP88",0.4687945455817,0.509961780359999,0.25,0.206,1
"CHPT1",0.469116129540433,-0.343863262057736,0.339,0.393,1
"TNPO3",0.469200020084935,0.259247157120331,0.339,0.28,1
"MRPL50",0.469523759379146,0.391240584917006,0.196,0.15,1
"RNGTT",0.469614219522894,0.492652181064138,0.161,0.215,1
"NANOS3",0.469892771347232,0.638547036028713,0.107,0.075,1
"KCNH2",0.469977848018855,-0.992986476570509,0.089,0.121,1
"CCNH",0.470101051573088,0.538120221564292,0.375,0.336,1
"ITGAE",0.470111898959755,0.388376170562059,0.536,0.523,1
"CCNT2",0.470182818981786,0.334246258989498,0.375,0.299,1
"QRSL1",0.470472399920623,0.606518165338044,0.179,0.14,1
"WDR48",0.470673384268178,-0.267702646932513,0.429,0.477,1
"AC048341.1",0.4707469502295,-0.633772308584916,0.071,0.103,1
"ZNF324",0.4707469502295,-0.469193067346677,0.071,0.103,1
"FKBP11",0.471343895755181,0.289160116851623,0.357,0.299,1
"MTCH2",0.471474792830298,0.511136126941369,0.357,0.308,1
"TTC32",0.471588938172399,-0.251573783359355,0.339,0.393,1
"ABTB1",0.471753923979857,0.665088098563087,0.25,0.206,1
"MRS2",0.472187679608724,-0.350173114981057,0.125,0.168,1
"RNF10",0.472627565961788,0.323477158826194,0.554,0.467,1
"SNAPC1",0.472845632678693,0.390136843362502,0.125,0.187,1
"TRAM1",0.47298713516948,0.27065399373011,0.661,0.692,1
"NAA50",0.473170853376087,-0.267186703051283,0.321,0.393,1
"ITFG2",0.473403208535599,-0.561448865569155,0.214,0.252,1
"ATP8A1",0.473444115441702,0.368076359424268,0.232,0.187,1
"FAM102B",0.473555803546299,0.376980113487279,0.304,0.243,1
"WSB2",0.473905619905673,0.554961930451673,0.179,0.14,1
"MGAT4B",0.474411070798911,-0.358906438348412,0.25,0.299,1
"PSD4",0.474495579015627,-0.328062272458706,0.143,0.187,1
"NEU3",0.47451140818961,-0.42462296571592,0.143,0.178,1
"IRAK1",0.474723571356985,0.424265745052379,0.25,0.206,1
"CEP85L",0.474919586560792,-0.304782931423704,0.196,0.252,1
"ZNF226",0.475941944957823,0.387507062889232,0.179,0.234,1
"NAT14",0.475941944957823,-0.256056329969625,0.179,0.234,1
"SLC38A2",0.476013071313518,0.496032013216344,0.732,0.701,1
"CCDC92",0.476502234920664,0.67076143902248,0.286,0.271,1
"C22orf39",0.476694619940102,-0.270420418291348,0.304,0.346,1
"DHRS1",0.477117509183423,0.469817552820016,0.214,0.168,1
"DESI1",0.477354130698319,0.594426971459686,0.179,0.14,1
"APTR",0.477536685713563,0.291774033782903,0.143,0.196,1
"BRD1",0.477677242131602,0.254164405081493,0.321,0.271,1
"MINCR",0.477787058983835,0.916863827661688,0.196,0.159,1
"ADNP2",0.477908562772383,-0.646371563601815,0.089,0.121,1
"DTYMK",0.478125303936819,-0.284605484122854,0.161,0.206,1
"MLXIP",0.478395709364895,-0.321262401534292,0.411,0.467,1
"CIAO1",0.478760139990517,-0.268661008806166,0.321,0.374,1
"GPR89A",0.478776134119796,0.62160921159731,0.107,0.075,1
"ANKRD52",0.478776134119796,0.512605728756569,0.107,0.075,1
"AC009061.2",0.478811815809236,1.20309083006018,0.143,0.112,1
"FOXK2",0.478951673605864,0.299908504095765,0.161,0.215,1
"FKBP2",0.479163173711976,0.757495470180176,0.196,0.168,1
"IFT27",0.479186601906252,-0.362060469530412,0.214,0.252,1
"CCDC191",0.479363431390696,-1.01814116733664,0.071,0.103,1
"AGAP3",0.479363431390696,-0.27985188949852,0.071,0.103,1
"ZFYVE21",0.479363431390696,-0.621294438351961,0.071,0.103,1
"CLIC4",0.479527293009533,0.696611841031745,0.196,0.15,1
"PIK3CB",0.479528019148951,0.319640892724904,0.196,0.15,1
"KIAA0087",0.479709744732674,0.510306091986568,0.214,0.178,1
"CISD1",0.479709744732674,0.935455384594011,0.214,0.178,1
"STT3A",0.480470630411899,-0.698029248804773,0.196,0.224,1
"CDKN2AIPNL",0.480634981105527,-0.282743256299858,0.375,0.393,1
"USP38",0.480769099862493,0.852798764717319,0.25,0.224,1
"USP8",0.480771892171166,-0.354224162142147,0.357,0.421,1
"TRIM37",0.481090986446164,0.816131328920054,0.196,0.159,1
"PPP1R12A",0.481151921745879,0.306586305786457,0.696,0.71,1
"PTK2B",0.48170364195635,0.578533482105861,0.375,0.327,1
"TTC39C",0.48187713798998,0.283446271346721,0.357,0.308,1
"DTWD2",0.481901194418795,-0.726215038206012,0.089,0.121,1
"BLCAP",0.482607754798183,-0.254595008126373,0.25,0.299,1
"AGPAT2",0.482805019700642,-0.461645729452253,0.357,0.383,1
"SWT1",0.483251977695357,0.597279482835333,0.107,0.075,1
"TJAP1",0.483703735939889,-0.659733934457407,0.071,0.103,1
"POLR2A",0.483719366637509,0.349998289142367,0.589,0.579,1
"UPF2",0.483846550509495,0.278413100763892,0.518,0.533,1
"PDE4DIP",0.484573429711762,-0.474002101936323,0.143,0.178,1
"FAM215B",0.484840129602182,1.16300279578361,0.161,0.131,1
"ZBTB44",0.48501471828419,0.353700998621606,0.679,0.636,1
"ATXN2L",0.485370907485898,0.618338028486258,0.375,0.336,1
"PTGER4",0.485651697751217,-0.293355639070897,0.107,0.15,1
"LRRC42",0.485651697751217,0.702525986794015,0.161,0.121,1
"AC005332.6",0.485651697751217,0.497214458400685,0.161,0.121,1
"USP9X",0.485725843289201,-0.39954748580225,0.357,0.374,1
"SMG1",0.485790777645905,0.441403561975839,0.536,0.542,1
"CRIP2",0.48591189954549,-0.970514854630998,0.089,0.121,1
"WWC3",0.48591189954549,-0.399822455555241,0.089,0.121,1
"NSUN2",0.486261604370469,0.45679866982799,0.196,0.15,1
"CDC16",0.486910748316674,0.297012568232182,0.304,0.252,1
"CSTB",0.487003449230137,-0.274082695577175,0.571,0.617,1
"PPAN",0.487345452538586,0.323940857022872,0.179,0.131,1
"ACAT1",0.487559006834188,0.678273821609627,0.286,0.271,1
"TMEM199",0.487735298147143,-0.27232303829481,0.143,0.187,1
"RABEP2",0.487735996196962,-0.416937991125018,0.143,0.187,1
"AC008393.1",0.487750441703934,0.648952949492263,0.107,0.075,1
"POMT1",0.487750441703934,0.600973639965396,0.107,0.075,1
"PSTPIP1",0.487750441703934,0.470637141504032,0.107,0.075,1
"OTUD3",0.487804075566467,0.259435536131943,0.071,0.112,1
"NMD3",0.487918206511492,-0.25805043660597,0.268,0.318,1
"UQCC2",0.48830877778021,-0.278379343749674,0.304,0.355,1
"CASC4",0.488472340901329,0.54052443233709,0.536,0.523,1
"BLZF1",0.488966282763344,-0.353373054100426,0.268,0.308,1
"CD74",0.48899246138679,0.275437017687694,0.982,0.972,1
"AP3S2",0.489126642374868,0.831395959942246,0.125,0.093,1
"LMO4",0.489455075977295,-2.01426550573744,0.5,0.551,1
"MBIP",0.489880204840819,0.280174901406177,0.393,0.374,1
"PPP2R5E",0.489914568546708,0.319059907815035,0.571,0.542,1
"THAP5",0.49088079129946,0.644393758353509,0.304,0.271,1
"AC003681.1",0.491281316869694,0.483006773585255,0.179,0.14,1
"FBXO3",0.491329437171318,0.646251498457927,0.321,0.271,1
"IBTK",0.491524524814362,0.421249212125234,0.375,0.346,1
"NMT2",0.491740721469478,0.623423384362291,0.304,0.262,1
"ITGB3BP",0.492045430066766,0.424745476658499,0.375,0.327,1
"AL133243.3",0.492072484720633,0.54236291492795,0.232,0.187,1
"SMIM14",0.492072484720633,0.485828816777605,0.232,0.187,1
"SRRT",0.492223473059701,0.551413204086689,0.357,0.327,1
"CD83",0.492271406707611,0.568336317367208,0.107,0.075,1
"SGMS1-AS1",0.492288445861234,0.373768768592325,0.143,0.103,1
"SAMD8",0.492288445861234,0.429008887339054,0.143,0.103,1
"GALNS",0.492288445861234,0.439601148356545,0.143,0.103,1
"TPM1",0.492400478575462,-0.275308678266148,0.339,0.402,1
"NDUFA6",0.49242964184606,0.331598293504527,0.571,0.57,1
"MFSD6",0.492436732251747,0.605347110153926,0.232,0.196,1
"MLYCD",0.492447941176671,-0.611002498450735,0.071,0.103,1
"DSTYK",0.49299557264294,0.368757643706781,0.286,0.234,1
"C9orf139",0.493036668741232,-0.33514084942955,0.125,0.168,1
"UCHL3",0.493117766473158,0.333918368840073,0.411,0.374,1
"DOP1B",0.493274963217557,0.775354415736767,0.125,0.093,1
"CDKN2D",0.493483400386586,0.598113394523685,0.446,0.486,1
"FBXO21",0.493812324295938,-0.382606920351475,0.214,0.252,1
"FKBP14",0.49398719093542,-0.431129027733662,0.089,0.121,1
"SF3A2",0.494649364856108,-0.450772734808281,0.321,0.355,1
"OTUD6B",0.494736828013677,0.491330936424182,0.232,0.178,1
"IRF1",0.495456340877022,0.4427494224717,0.464,0.561,1
"LARP4",0.495565010872859,-0.448814843191709,0.214,0.243,1
"PCNX4",0.495698106925486,0.257890081871641,0.304,0.374,1
"HNRNPH2",0.49594655961455,-0.28499646894691,0.5,0.505,1
"NRM",0.496249578935963,0.304476586973677,0.143,0.103,1
"HSPA14.1",0.496249578935963,0.260200629685865,0.143,0.103,1
"ZNF75A",0.496553093999397,0.399603216023422,0.214,0.168,1
"NDUFV2-AS1",0.496764245418052,0.723893357149171,0.161,0.121,1
"SEC24B-AS1",0.496814750338494,0.414667366008507,0.107,0.075,1
"HBA1",0.496851621383409,-0.385277100353405,0.071,0.103,1
"AC004687.1",0.497298909672833,0.459366138955807,0.804,0.748,1
"EMG1",0.497601375658534,0.379590238910094,0.339,0.29,1
"ISOC2",0.497601375658534,0.28369485726061,0.339,0.29,1
"TMEM205",0.498144497305129,0.424001203709701,0.429,0.383,1
"ZNF740",0.498167368970846,-0.533715129726875,0.143,0.178,1
"PBX3",0.498246175385578,0.277394625449998,0.268,0.224,1
"CXorf38",0.498246175385578,0.450727652701045,0.268,0.224,1
"S100A10",0.498344457616013,0.379138404931487,0.429,0.505,1
"CD109",0.49845853511733,0.583325130720232,0.375,0.364,1
"RESF1",0.499258619047248,0.262199147859031,0.411,0.355,1
"UAP1",0.499453653512015,-0.4009475356063,0.107,0.14,1
"LRRC61",0.49983291122379,0.379101165896557,0.214,0.168,1
"INSR",0.49983291122379,-0.435320302803083,0.161,0.196,1
"CST7",0.49983291122379,-1.18988315234168,0.161,0.196,1
"ZNF639",0.500058924325376,0.286520887659688,0.357,0.458,1
"KLHDC4",0.50009538873505,-0.296664032860325,0.125,0.168,1
"CDC42SE2",0.500244274115131,0.313726616467334,0.696,0.748,1
"G6PD",0.500318086422784,0.556055527222369,0.339,0.29,1
"C16orf91",0.501127883758971,0.310128180924349,0.161,0.215,1
"AREL1",0.501276202024759,-0.456119314411057,0.071,0.103,1
"SFMBT2",0.501380347303169,0.476960610073261,0.107,0.075,1
"PDK2",0.501380347303169,0.463410435646329,0.107,0.075,1
"KCNN4",0.501532055340349,0.419385478461261,0.232,0.187,1
"IGHD",0.501625647986771,1.0175814663597,0.125,0.093,1
"AK3",0.501657202263095,-0.301313288483147,0.393,0.449,1
"PSPH",0.501673895185981,-0.392814944915918,0.125,0.159,1
"ZNF776",0.50186821716961,0.882868962282501,0.179,0.14,1
"ZNF880",0.501906794095427,0.537084602838416,0.25,0.206,1
"CLHC1",0.501950132827051,0.592646085872138,0.143,0.112,1
"SUCLG2",0.501950132827051,0.916282615544318,0.143,0.112,1
"CASP3",0.501957983374395,-0.3208516029577,0.429,0.364,1
"RAD51D",0.502133739691543,-0.656488770633448,0.089,0.121,1
"BCAT2",0.502133739691543,-0.404326721662118,0.089,0.121,1
"MCM4",0.502189775022235,0.469062280682658,0.214,0.178,1
"CAMKK2",0.502400263357192,0.421406742452049,0.321,0.271,1
"DUS1L",0.502505164573002,0.417137294335139,0.357,0.336,1
"POLR2C",0.502532717927248,0.315292516575677,0.464,0.402,1
"UBL7-AS1",0.503064934090178,0.840333619578033,0.161,0.131,1
"PIAS1",0.503142647755841,0.341501595646362,0.5,0.467,1
"MAP4K5",0.503301725060966,0.719656709110024,0.25,0.215,1
"RIDA",0.503727985607323,0.593015967132336,0.268,0.234,1
"ANTXR2",0.504059331185166,0.348225072046677,0.393,0.346,1
"KCNMB4",0.504247229728553,0.515042746670895,0.161,0.121,1
"JUN",0.504437972108276,0.512419608137796,0.446,0.43,1
"TSR3",0.504437972108276,0.323066883605095,0.446,0.43,1
"DUSP18",0.505290538119362,-0.616764405834089,0.125,0.159,1
"AC005670.3",0.505392703915431,0.320982727510453,0.357,0.327,1
"AC004540.2",0.505690868068641,0.343025744799412,0.429,0.383,1
"CPTP",0.505721566410991,-0.261930634941599,0.071,0.103,1
"FKBP7",0.505721566410991,-0.427553308063482,0.071,0.103,1
"AC002310.1",0.505721566410991,-0.452148470993235,0.071,0.103,1
"TBC1D1",0.505817687252909,0.350922674581643,0.304,0.262,1
"PI4K2B",0.505828885978768,0.553954818938329,0.125,0.093,1
"TRAK2",0.505968069387769,0.635651751086635,0.107,0.075,1
"PGM2",0.506103717233317,-0.462804656673017,0.232,0.262,1
"ACADM",0.506306218011925,0.413104394467017,0.536,0.589,1
"FBN1",0.506426885400816,-0.327688497934587,0.161,0.196,1
"ACTN4",0.506586585863014,0.393802553417537,0.625,0.645,1
"CNRIP1",0.5067324758401,-0.914121189344993,0.25,0.28,1
"CDK10",0.506753820668864,-0.770104650212009,0.125,0.15,1
"TIGD5",0.507110631918885,-0.404823590161129,0.107,0.14,1
"SDCCAG8",0.507728466042522,0.331538983035298,0.518,0.43,1
"RICTOR",0.507825700248512,0.529907402950724,0.518,0.495,1
"HDAC6",0.507891523623569,0.414678557830168,0.232,0.187,1
"ZNF37A",0.507955779492071,0.424110427561938,0.375,0.355,1
"ORC2",0.50796472845354,-0.251729049321827,0.143,0.187,1
"ANKRD36B",0.508010897388994,0.418621201658199,0.161,0.121,1
"NAA40",0.508010897388994,0.59434194166069,0.161,0.121,1
"TMOD3",0.508112676967405,0.304553938631953,0.679,0.645,1
"NOL12",0.508263788561335,0.436179587911506,0.357,0.318,1
"CABIN1",0.508323396730665,0.529589754974611,0.411,0.374,1
"SCO1",0.508412203842418,0.751717522387511,0.321,0.29,1
"NEK1",0.508673629740734,-0.432629539095824,0.214,0.252,1
"TRIM22",0.50877179828082,-0.258251845981478,0.321,0.393,1
"INO80E",0.509487977043472,-0.49614912687884,0.179,0.215,1
"GADD45B",0.50979235423906,0.589811581673945,0.143,0.112,1
"PLEKHA3",0.510028721700127,0.26210814483384,0.5,0.43,1
"COG1",0.510050587253317,0.643640267819037,0.125,0.093,1
"AC099568.2",0.510187595280902,-0.394887788209162,0.071,0.103,1
"AUXG01000058.1",0.510187595280902,-0.386210126430911,0.071,0.103,1
"TAF5L",0.510350818796108,-0.463863885319932,0.089,0.121,1
"TRIM41",0.510350818796108,-0.360515442442563,0.089,0.121,1
"ANKRD39",0.510456062440004,0.983411272778588,0.161,0.131,1
"AC058791.1",0.510456062440004,0.859292884642638,0.161,0.131,1
"APOBEC3G",0.510562165011459,-0.361108260031696,0.339,0.374,1
"ZFP1",0.510577785463689,0.453812519278504,0.107,0.075,1
"SLC12A5",0.510577785463689,0.450850225052465,0.107,0.075,1
"TPP1",0.510870389625587,0.297534648282537,0.429,0.411,1
"AL391840.3",0.510962119379946,-0.495240027568747,0.107,0.14,1
"ANKRD16",0.510962119379946,-0.488435185967941,0.107,0.14,1
"MYDGF",0.511181060734843,-0.269752300956666,0.518,0.561,1
"EXOC6",0.51122902784612,-0.352232896993624,0.304,0.327,1
"EDEM1",0.511236142719971,0.655432228541138,0.232,0.196,1
"TTBK2",0.511253266707535,0.996020048683113,0.232,0.206,1
"LEMD2",0.511789252223855,0.521317679184751,0.161,0.121,1
"COX18",0.511961563437135,-0.300866784523468,0.143,0.178,1
"PEX3",0.512319245485439,0.822673310290797,0.196,0.168,1
"HOTAIRM1",0.512574652170018,0.581624049863311,0.179,0.14,1
"CNOT3",0.512688748648591,-0.306714138114128,0.179,0.215,1
"SEPTIN9",0.512975340560917,0.363490272395003,0.446,0.393,1
"MFSD14C",0.513410138800974,0.34732463018253,0.393,0.364,1
"SUMF2",0.513506664780322,0.405076730056916,0.607,0.617,1
"SH2B3",0.513699742830717,0.732614222242341,0.196,0.15,1
"DNAH14",0.513737375540879,0.645374571471113,0.143,0.112,1
"LIN37",0.513737375540879,0.612256855123171,0.143,0.112,1
"ZMYND11",0.514247457115355,-0.494283063535231,0.196,0.234,1
"LY96",0.514674166807222,-0.430894534136235,0.071,0.103,1
"MCU",0.514674166807222,-0.280324439709382,0.071,0.103,1
"PFAS",0.514674166807222,-0.333620563060409,0.071,0.103,1
"AC008771.1",0.515209361493922,0.397346140384432,0.107,0.075,1
"ZNF875",0.515582220232484,0.52495499706243,0.107,0.15,1
"DDX41",0.515610439839737,0.434397116028756,0.268,0.234,1
"ITGA9",0.515899968978652,-0.385205718325362,0.179,0.215,1
"ANAPC15",0.516005397684993,-0.273803895252465,0.357,0.383,1
"ASXL2",0.516169739795301,0.485328193248489,0.179,0.14,1
"TSTD2",0.516169739795301,0.982981141074884,0.179,0.14,1
"TMEM14A",0.516191251743042,0.347857207683312,0.268,0.224,1
"C15orf39",0.516422146938039,-0.274882596721301,0.25,0.308,1
"TAF6",0.517070982418694,0.489422282277529,0.268,0.206,1
"FAM126B",0.517357093911965,0.499143075354319,0.25,0.206,1
"LINC02573",0.517435436486082,0.335769944324215,0.482,0.514,1
"SEC63",0.51828673430339,0.389352081093842,0.554,0.542,1
"TSEN2",0.518548965989474,0.795460053098217,0.125,0.093,1
"AMT",0.518637671565437,-0.358086988121629,0.089,0.121,1
"TUBE1",0.518710699449134,-0.301326870794216,0.107,0.14,1
"TEX9",0.518710699449134,-0.562928089469521,0.107,0.14,1
"CPSF4",0.518932649155405,-0.459363637637048,0.143,0.178,1
"IFI27L2",0.519162728215852,-0.387435286298423,0.375,0.402,1
"CARHSP1",0.519424395464173,0.308880707548049,0.321,0.28,1
"NIP7",0.519450721244366,0.81414267037322,0.179,0.15,1
"DNTTIP2",0.519517643606902,-0.284129926027146,0.571,0.589,1
"PCGF3",0.519777859295785,0.578977199601535,0.179,0.14,1
"RB1",0.519852494175127,0.259852245520805,0.554,0.477,1
"SLC10A5",0.51986266054003,0.723017398494156,0.107,0.075,1
"SLC25A19",0.51986266054003,0.574333001972353,0.107,0.075,1
"WASHC1",0.519911006229595,-0.287911466156952,0.339,0.393,1
"RFX3",0.520076006931204,0.756864687088079,0.268,0.252,1
"PPBP",0.520237357940109,0.35134551004613,0.321,0.374,1
"ARHGAP25",0.520658652843054,0.365747764963622,0.214,0.29,1
"DHX29",0.520687850182421,0.512146349585636,0.393,0.327,1
"MYNN",0.520736290601269,0.374818938809694,0.232,0.187,1
"MKLN1",0.521180103251306,0.397885425553648,0.411,0.374,1
"STX7",0.521235831537996,0.319143106714572,0.464,0.458,1
"PRAF2",0.521893016006673,0.408602076820237,0.214,0.178,1
"DUSP22",0.522122768226786,-0.298370074093094,0.232,0.28,1
"TSC22D1",0.522224679441315,-0.374021247870079,0.839,0.916,1
"RANBP9",0.522331913469755,0.334522578124945,0.339,0.29,1
"PI4KA",0.522370382208784,0.303130529454134,0.286,0.234,1
"C21orf58",0.522494369926632,-0.654115924458569,0.161,0.187,1
"NBEA",0.52260763128431,-0.810512008294383,0.107,0.14,1
"NUDT18",0.522807018528496,-0.408123256477475,0.089,0.121,1
"C7orf25",0.522825431514361,0.561526253775924,0.125,0.093,1
"CCDC107",0.522985927116519,0.454513991454609,0.304,0.262,1
"SNX5",0.523506081353086,-0.356689386315665,0.536,0.598,1
"SNX9",0.523577721370579,-0.575967079539794,0.125,0.159,1
"MED22",0.523708437725724,-0.302602104787161,0.071,0.103,1
"ZNF821",0.523708437725724,0.647997754077775,0.071,0.103,1
"AC010618.3",0.523708437725724,1.19939919110566,0.107,0.084,1
"DNAJC9",0.524104168565323,0.276261230397992,0.446,0.421,1
"CCSER2",0.524804012011363,0.568536806080241,0.25,0.215,1
"GKAP1",0.525057335551213,-0.342116711947747,0.232,0.28,1
"ATG5",0.525118229751115,0.649575758072937,0.339,0.29,1
"CBWD5",0.525152323961245,0.487142285322237,0.143,0.187,1
"ABL2",0.525152323961245,0.924789333966839,0.196,0.159,1
"LMNB2",0.525214505908967,0.283439966085784,0.214,0.178,1
"NFATC2",0.525549243583477,-0.2783052565383,0.321,0.374,1
"ZNF559",0.525595861625252,-0.461822772000031,0.179,0.215,1
"TENT5C",0.525667063524147,1.12130447712105,0.143,0.112,1
"HIST2H2AA4",0.525667063524147,0.581319529531056,0.143,0.112,1
"DPPA4",0.525761178314339,0.565412158665451,0.5,0.514,1
"MRNIP",0.526357693777336,-0.250880704959023,0.196,0.243,1
"NCAPD2",0.526519548131007,-0.443770534456626,0.107,0.14,1
"MRPL17",0.526744071130244,-0.321334498446141,0.196,0.234,1
"IPO5",0.526906324300987,0.354369998202845,0.411,0.383,1
"LIN54",0.526993511771655,-0.300525728976512,0.089,0.121,1
"LENG8-AS1",0.527118919377716,0.678051173911516,0.125,0.093,1
"EXTL2",0.52718394582438,0.587627702111936,0.232,0.196,1
"COIL",0.527436126073249,0.457016133840501,0.446,0.467,1
"RMDN1",0.527594065225507,0.466922230283029,0.304,0.271,1
"MYCT1",0.527897908854392,-0.483742666628644,0.268,0.308,1
"DPYSL3",0.529177235104099,0.465054790662924,0.161,0.131,1
"SORBS3",0.529177235104099,1.36568801127468,0.161,0.131,1
"IER5L",0.529177235104099,0.631449480537094,0.161,0.131,1
"TRAP1",0.529480450302048,-0.374836976167139,0.143,0.178,1
"CDC42BPA",0.529861134291147,-0.450950209477008,0.161,0.196,1
"OAT",0.530665505166968,-0.254875872171166,0.214,0.262,1
"TRMT1",0.530888732838434,0.571535117461104,0.375,0.346,1
"ASB16-AS1",0.530898698553775,0.590778247062389,0.107,0.15,1
"MAP3K13",0.530917596497071,-0.282111555545148,0.304,0.355,1
"TRIM26",0.530986513169981,-0.484666006338435,0.125,0.159,1
"SCO2",0.530986513169981,-0.275028449003284,0.125,0.159,1
"EIF4ENIF1",0.53103279635086,0.917041714478252,0.25,0.215,1
"CLSTN3",0.531432369770208,0.334305530219572,0.125,0.093,1
"ABCD3",0.532109762129562,0.630802839698203,0.143,0.187,1
"CSF2RB",0.532595831860592,-0.701027113006816,0.196,0.243,1
"YAE1",0.532823353465178,-0.54853894975016,0.071,0.103,1
"PHLPP1",0.533020454104862,-0.28617385714902,0.143,0.178,1
"TFB2M",0.533050015673652,0.365103732306978,0.25,0.206,1
"RTCA-AS1",0.533253314324214,0.767465094485829,0.161,0.196,1
"HOXA10",0.533400788513278,0.732926785957119,0.5,0.495,1
"ERVK3-1",0.533512300818047,0.281037726946429,0.321,0.271,1
"STK39",0.533698163085879,0.620134956902431,0.143,0.112,1
"STAMBPL1",0.533951483031977,0.252144028959778,0.107,0.075,1
"PSMC4",0.534626743468856,0.327531069761955,0.393,0.467,1
"SCAP",0.534710752954965,-0.278229193233184,0.125,0.159,1
"KATNAL1",0.534710752954965,-0.258386776372589,0.125,0.159,1
"TRIM59",0.53539438645208,0.57734771571457,0.286,0.252,1
"UBE2D4",0.535762618375357,0.326353694413095,0.125,0.093,1
"TRAFD1",0.535762618375357,0.478134840981937,0.125,0.093,1
"LDLRAD4",0.537298866731811,0.813675013346146,0.25,0.215,1
"DECR2",0.537736833402962,0.450729828100951,0.143,0.112,1
"SF3B4",0.538551212762186,0.346179234867394,0.464,0.439,1
"TSPOAP1-AS1",0.538642597474362,0.640088156817594,0.161,0.121,1
"ZCCHC10",0.538717313037717,0.293076305016989,0.304,0.252,1
"AL135925.1",0.538949253311086,-0.273445599338866,0.321,0.374,1
"AL356055.1",0.54011056718302,0.962022401601634,0.125,0.093,1
"ZNF117",0.54011056718302,0.448783640715286,0.125,0.093,1
"TSTD3",0.540575257278752,1.11282699050518,0.161,0.131,1
"HMGCR",0.541346978822349,0.382894796526894,0.286,0.252,1
"PHF7",0.541423322720652,0.560763295631896,0.25,0.196,1
"ASB7",0.541790793105254,0.737621080040468,0.143,0.112,1
"OTUD4",0.542078377176655,0.306833275213159,0.304,0.271,1
"ARMCX1",0.542175323782959,-0.48944379967101,0.268,0.308,1
"STAM",0.542568435690047,-0.3531235963707,0.375,0.402,1
"RLF",0.543495302432777,0.444826806155829,0.214,0.168,1
"RNASEH1-AS1",0.543908862736989,-0.25269637919375,0.089,0.121,1
"EMSY",0.544637662043619,0.886467085779095,0.179,0.15,1
"TSPYL1",0.545794467369193,0.418825476130884,0.643,0.626,1
"NBEAL2",0.54585994707956,0.461096167537234,0.143,0.112,1
"CIZ1",0.545988248225412,0.440853992033116,0.357,0.327,1
"TNRC6A",0.545988248225412,0.400683499551407,0.357,0.327,1
"NSFL1C",0.545988248225412,0.298648662897571,0.357,0.327,1
"CCDC102A",0.546633614090303,-0.641032672410819,0.161,0.187,1
"RO60",0.546816988030769,0.501021169704888,0.554,0.551,1
"GTDC1",0.546930925417047,-0.307192287684844,0.161,0.196,1
"EPHB6",0.546963677185573,0.353507989621471,0.286,0.243,1
"SMIM29",0.547633665111803,0.269252612345289,0.268,0.215,1
"POLDIP3",0.547633665111803,0.330587793435811,0.268,0.215,1
"SRGAP3",0.548179507843294,1.37667125045745,0.125,0.103,1
"RABIF",0.548284709504683,0.570132621880714,0.179,0.15,1
"PM20D2",0.5483531548652,-0.280982138226836,0.196,0.243,1
"ATP8B2",0.548859095000606,0.27555124555855,0.125,0.093,1
"RBM12B",0.549425529309856,0.374307989828453,0.304,0.28,1
"DUSP28",0.549944198711533,0.574282389043583,0.143,0.112,1
"CARM1",0.549944198711533,0.490111464507833,0.143,0.112,1
"COQ5",0.549993130032989,-0.357688640080055,0.232,0.271,1
"MED15",0.550363673958992,0.255468935397974,0.161,0.121,1
"ERN1",0.550377265448774,-0.362774763451747,0.161,0.196,1
"TMUB1",0.55086316966775,-0.278939105223823,0.25,0.299,1
"ANKMY1",0.551290813750794,0.895274321069986,0.107,0.084,1
"EAF1",0.551943780294231,0.81619078775226,0.179,0.15,1
"COP1",0.55200181077674,0.277049196577851,0.375,0.308,1
"GSS",0.552194126181027,0.303958241939693,0.25,0.206,1
"TMEM170A",0.552808990359148,-0.42666071549833,0.304,0.327,1
"STK24",0.553137219462672,0.998694882646306,0.375,0.402,1
"ABCB7",0.553195448810866,-0.428250692844163,0.339,0.374,1
"MANEA-DT",0.553258401095235,0.489170925919496,0.196,0.159,1
"KHDC4",0.553393524252518,0.456267051186277,0.321,0.299,1
"TTC21B",0.553630612941039,0.798861002283159,0.196,0.168,1
"TRRAP",0.553806920478496,0.595204560684713,0.304,0.271,1
"RUFY2",0.553806920478496,0.271688882304278,0.304,0.271,1
"AHCY",0.553817536495737,0.40827321552244,0.375,0.364,1
"H2AFZ",0.554178314869161,0.282629856794754,0.768,0.897,1
"ARL8A",0.55483856100844,0.414959756134126,0.482,0.486,1
"TMEM14B",0.554866396200115,0.353030815533856,0.804,0.832,1
"MAP3K1",0.555251796667785,0.264984719296334,0.375,0.346,1
"CHORDC1",0.555638857099807,0.399985295602094,0.357,0.299,1
"COX14",0.5557084362986,0.293542279366361,0.571,0.561,1
"GSE1",0.555795827318428,0.377162256302161,0.464,0.589,1
"CLCN7",0.555961148894607,1.1405376355019,0.161,0.131,1
"WDTC1",0.556076724867417,0.337654052758452,0.286,0.243,1
"DPEP2",0.556822815284278,0.485968253347796,0.196,0.159,1
"BAG5",0.557279641168122,0.423357739267776,0.393,0.346,1
"LAP3",0.557670893450752,0.502386371473059,0.429,0.486,1
"ETS1",0.557992565023878,0.618934686258331,0.375,0.346,1
"TUBGCP5",0.558157601017486,1.1242136588802,0.143,0.112,1
"TAB3",0.558157601017486,0.751421630725097,0.143,0.112,1
"POLR3K",0.559020652066399,0.655958159832435,0.214,0.178,1
"PAXIP1-AS2",0.559297708083522,0.677426047894546,0.179,0.15,1
"MTMR3",0.559297708083522,0.755373153416298,0.179,0.15,1
"MGME1",0.559585521682483,-0.582358839237197,0.25,0.28,1
"C16orf72",0.559840745012852,1.48179202750378,0.161,0.131,1
"PHF20L1",0.560272661842598,0.673061961990708,0.482,0.449,1
"IVNS1ABP",0.560403815414342,0.472269079792868,0.357,0.318,1
"N4BP2",0.560613217939887,0.590895196169625,0.518,0.589,1
"DUBR",0.560641104873571,0.960373416427694,0.071,0.103,1
"SPINT1",0.562111645802083,-0.659911128544056,0.089,0.112,1
"SBF1",0.562286551006108,-0.726914238915737,0.107,0.131,1
"ASAP1",0.562476428392302,0.273536619318506,0.268,0.224,1
"LPCAT3",0.562566129087044,0.683498140422939,0.232,0.206,1
"SPPL3",0.562598402440963,-0.258239365491862,0.25,0.28,1
"PREPL",0.56299242082236,-0.615197976110531,0.143,0.168,1
"NUMB",0.564567757361918,0.669687906545671,0.321,0.308,1
"C1orf122",0.565191458209551,-0.366840404667351,0.286,0.308,1
"CA5B",0.565191458209551,-0.500803557860709,0.286,0.308,1
"DNAJC10",0.565248997701794,0.609843805050658,0.482,0.467,1
"USP32",0.565409574379859,-0.33061772125297,0.143,0.178,1
"FAM133B",0.566474020833815,0.312888157799811,0.643,0.654,1
"ZNF624",0.566563266886965,0.322531468047552,0.125,0.093,1
"NAGPA",0.566698868374757,0.619514176733405,0.179,0.15,1
"MIR762HG",0.566698868374757,0.475927345479826,0.179,0.15,1
"ITGA5",0.567366205008955,-0.446955247473771,0.179,0.206,1
"FAM234A",0.567366205008955,0.433454794727359,0.214,0.187,1
"AL021368.2",0.567582713124728,0.301280208905473,0.196,0.159,1
"TIMM50",0.567582713124728,-0.709643831685642,0.161,0.178,1
"SGPL1",0.567754253984138,0.645527757143708,0.196,0.168,1
"ZNF790",0.567838220863809,0.626437003475412,0.179,0.14,1
"GATAD2A",0.5688672973972,0.5735686144532,0.339,0.327,1
"SNHG21",0.569364485195061,0.438009659042595,0.214,0.178,1
"CYSTM1",0.569777957958786,1.0006935535279,0.125,0.103,1
"NOM1",0.570416976252696,1.62638792312168,0.179,0.15,1
"UBE2Z",0.570492620335703,0.362829930330216,0.393,0.449,1
"LNPK",0.570514658807224,-0.305102560237914,0.107,0.14,1
"PPFIA1",0.570514658807224,-0.287671304975242,0.107,0.14,1
"RINL",0.570514658807224,-0.354748366242237,0.107,0.14,1
"ACADS",0.570785085383901,0.882179659674429,0.214,0.187,1
"HIPK1",0.570980882009137,0.355071698231732,0.554,0.561,1
"AC090630.1",0.571031726688455,0.292694386742253,0.125,0.093,1
"PEX11A",0.571031726688455,0.290443954271118,0.125,0.093,1
"COL24A1",0.571277007576969,-0.327884605303864,0.161,0.196,1
"RGCC",0.571277007576969,1.70623655304221,0.196,0.178,1
"LRRC8D",0.572042491163126,0.400119044054002,0.179,0.215,1
"DOCK10",0.57283262081366,0.944020148752646,0.214,0.178,1
"RBBP8",0.57283262081366,0.704332337284351,0.214,0.178,1
"MIB2",0.573039623121669,0.864681894454712,0.25,0.224,1
"PIGX",0.573130025991497,0.643265895641906,0.232,0.28,1
"TMEM131",0.573219831906535,0.603669935739075,0.321,0.308,1
"MCTP2",0.573219831906535,0.396013055199101,0.321,0.308,1
"FAM171B",0.574145871718074,-0.257355283691386,0.089,0.121,1
"PYGB",0.574145871718074,0.305007397701171,0.089,0.121,1
"ZNF85",0.574146669031768,-0.276073657352228,0.143,0.168,1
"SIPA1",0.574228763248651,-0.26807992439881,0.375,0.393,1
"TGFBR2",0.574626160762604,0.568562653097392,0.232,0.308,1
"USP20",0.574761161157619,0.439680024348409,0.143,0.112,1
"TET2",0.574772732986971,0.687757575102511,0.393,0.364,1
"SIK2",0.574808919901258,0.72781246618481,0.071,0.103,1
"AL157392.3",0.574808919901258,1.5476443352551,0.107,0.084,1
"NAA60",0.574881076565257,0.642697678979602,0.196,0.168,1
"ZNF397",0.576226022349739,0.415461098596029,0.304,0.262,1
"TCF12",0.57728411162223,-0.272867589140904,0.268,0.206,1
"RPF2",0.577624195140864,0.300658100645983,0.286,0.243,1
"TAPT1",0.577624195140864,-0.530159791314491,0.25,0.262,1
"MED17",0.578431186159476,0.383528041807145,0.375,0.364,1
"ZMPSTE24",0.578441170973699,0.479568060730394,0.196,0.159,1
"CES2",0.578441170973699,0.453931639013118,0.196,0.159,1
"SELENOT",0.579036674720023,0.268799676755423,0.5,0.477,1
"BCS1L",0.579433205460697,-0.594126939329959,0.125,0.15,1
"TP53RK",0.579477394861782,-0.268664043924819,0.214,0.243,1
"ARL17B",0.579568877113401,0.336490945174647,0.071,0.103,1
"TADA2B",0.579568877113401,1.05960928750296,0.107,0.084,1
"CASTOR2",0.579568877113401,0.862306701330876,0.107,0.084,1
"ZNF107",0.579866789544121,0.437255287480451,0.232,0.196,1
"ZNF664",0.579866789544121,0.326115091879838,0.232,0.196,1
"ABCB8",0.58001863670222,-0.571636680802205,0.089,0.112,1
"ANKFY1",0.58001863670222,-0.53127348865397,0.089,0.112,1
"SLC20A2",0.580102197793332,-0.392953231222877,0.143,0.178,1
"IFI35",0.580246035244357,0.699657580022641,0.321,0.336,1
"FOXN2",0.580837827815208,0.510240336002165,0.286,0.262,1
"AC009403.1",0.581640502937128,-0.35742345430078,0.143,0.168,1
"GIGYF1",0.582243350425965,0.808309487395054,0.214,0.196,1
"ZNF317",0.583149642780572,0.409015726627864,0.143,0.112,1
"PRDM2",0.583203766792455,0.275993728588145,0.393,0.411,1
"AGO4",0.583660664887987,0.317295625666754,0.304,0.271,1
"TESK1",0.58434724692703,0.655944680813667,0.107,0.084,1
"KIAA0232",0.584936852096773,0.604795279112641,0.304,0.28,1
"OBSCN",0.585404488568186,-0.498802297814806,0.143,0.168,1
"CCDC34",0.585404488568186,-0.529521987030539,0.143,0.168,1
"ZCCHC3",0.585466457002316,1.09243085135645,0.268,0.262,1
"CSRNP1",0.585649033513395,-0.735458815251739,0.161,0.187,1
"CLN5",0.586400280342085,0.535802234181084,0.446,0.439,1
"PGAP2",0.586621848385002,0.49433227621858,0.232,0.196,1
"DHX38",0.586647799917898,0.318781439395343,0.268,0.234,1
"RAB2B",0.587017140971788,0.5784269859121,0.286,0.252,1
"CPED1",0.587343869343255,1.26641630736155,0.125,0.103,1
"PKIA",0.587359292109581,0.498083866767392,0.161,0.131,1
"ULK2",0.587365180822806,0.457878974655468,0.143,0.112,1
"FGFR1OP",0.588024996912188,0.563997051811169,0.214,0.187,1
"HOXA9",0.588498767482031,0.265911903660735,0.411,0.505,1
"IST1",0.589046103349919,0.478823730274222,0.429,0.43,1
"PDIK1L",0.589122907931435,-0.275082508571334,0.196,0.224,1
"MFN2",0.589143867621892,0.847565004580001,0.107,0.084,1
"NUP58",0.589197184845213,0.30117373070718,0.25,0.224,1
"ASH1L-AS1",0.589259047013735,-0.602635977150629,0.161,0.187,1
"LSM10",0.589533235822843,0.327342799259914,0.393,0.355,1
"NSD2",0.590110957135279,0.490129582295232,0.286,0.243,1
"TAOK1",0.590122411703072,-0.394735123252808,0.429,0.477,1
"ZNF431",0.590965825183697,0.428499885693087,0.339,0.318,1
"SLFN11",0.5912377812133,0.82865742841335,0.179,0.159,1
"ZNF680",0.591501656594792,-0.323947681932603,0.179,0.206,1
"SDF4",0.591556310669043,0.58847355077305,0.429,0.467,1
"SETD5",0.592324023748225,0.550466175807436,0.375,0.364,1
"AL627171.2",0.59248276670753,-0.486167559451795,0.196,0.224,1
"RAP2B",0.592836553347021,0.26520548991676,0.429,0.402,1
"MBOAT1",0.592879291751747,0.670141640741765,0.196,0.168,1
"MTOR",0.592966201541788,0.483114917918247,0.179,0.15,1
"IDE",0.592966201541788,-0.603039334846347,0.143,0.168,1
"IMP3",0.593000795970406,0.485721815355696,0.5,0.486,1
"RAD1",0.593849112622772,0.414963367647035,0.214,0.178,1
"MAP10",0.593958575084068,0.747516361292563,0.107,0.084,1
"ANKRD44",0.594362415380988,0.385180643701586,0.446,0.439,1
"YTHDF3",0.594524310871184,0.314173427762558,0.304,0.262,1
"SH2D3C",0.59498773082419,-0.322849587697764,0.179,0.206,1
"CHAMP1",0.595838294911896,0.351513621506074,0.143,0.112,1
"MLLT1",0.595838294911896,0.350621735681517,0.143,0.112,1
"ISCA2",0.595846345565219,0.287594953816609,0.411,0.364,1
"GMFB",0.595982143690112,0.533127204000017,0.339,0.308,1
"RXRA",0.596509696970478,0.815937455701167,0.196,0.168,1
"ERCC6",0.596509696970478,-0.28905797927725,0.161,0.187,1
"GATAD2B",0.596604324342684,0.434580385614419,0.411,0.393,1
"DHX15",0.596604324342684,0.323526788285295,0.411,0.393,1
"HTATSF1",0.596815822075367,0.266046758683245,0.625,0.589,1
"FGD3",0.59682224847672,0.380669858354112,0.232,0.196,1
"DLD",0.597082088713658,0.293764564367038,0.446,0.421,1
"DIDO1",0.59751133250598,0.307942521672984,0.357,0.318,1
"PPOX",0.598188630001395,-0.48971014361412,0.089,0.112,1
"AP1G2",0.598483156336646,0.657200469607619,0.161,0.215,1
"PRKX",0.598483156336646,0.520719216436886,0.214,0.187,1
"WDR49",0.598791202820839,0.642866826776715,0.107,0.084,1
"POLG",0.600239730348839,0.301385514972574,0.232,0.196,1
"KTI12",0.600370922359009,0.318853077827214,0.125,0.168,1
"COG8",0.600370922359009,0.314285756869221,0.125,0.168,1
"ARAP1",0.600537439864463,-0.336054140239439,0.143,0.103,1
"SCN3A",0.600572365274557,0.281179015168497,0.179,0.15,1
"PAG1",0.600572365274557,-0.524886931979561,0.143,0.168,1
"UBE2F",0.602279002654394,0.310069796566025,0.446,0.449,1
"RHBDD2",0.602614684770188,0.429982410507991,0.232,0.206,1
"F11R",0.602670523346389,0.611070985625735,0.268,0.234,1
"MMS19",0.602771186196514,0.275162900868732,0.125,0.093,1
"CLCN6",0.602771186196514,-0.473686454745718,0.089,0.112,1
"TPCN1",0.602771186196514,-0.679634668427309,0.089,0.112,1
"RFWD3",0.602771186196514,-0.470405869598475,0.089,0.112,1
"LRRC75A",0.602931266793118,0.395130000837856,0.571,0.636,1
"WRAP53",0.603360161776023,0.65765161866011,0.161,0.131,1
"C16orf74",0.60364158197608,0.638705180056454,0.107,0.084,1
"ZCCHC9",0.603662597493335,0.284153399016967,0.321,0.29,1
"TEX10",0.603800702037497,-0.264677054954998,0.161,0.187,1
"ARG2",0.604366701095203,0.393662332977003,0.107,0.131,1
"ZNF169",0.604391910954844,0.457813599809222,0.179,0.15,1
"IREB2",0.604567051117342,0.493893699508716,0.5,0.523,1
"WDR46",0.604569255941731,0.348753754724261,0.393,0.346,1
"ZNF184",0.605156375002486,0.899264378712965,0.125,0.103,1
"TNRC6B",0.606581056648249,0.456619838245342,0.768,0.776,1
"AC015871.4",0.607369479719869,-0.543048409326086,0.089,0.112,1
"DLAT",0.607390800926516,0.288659936860595,0.161,0.131,1
"PECAM1",0.607823593395972,0.528752596000405,0.446,0.43,1
"NADK",0.608053182216745,0.258120618437268,0.214,0.178,1
"JADE1",0.608199765917952,0.856095700059011,0.232,0.215,1
"NUFIP2",0.608241574713368,0.332982419297431,0.589,0.589,1
"KCTD10",0.608509541346163,0.720623591898515,0.071,0.103,1
"ATP13A1",0.608509541346163,0.782797923173818,0.107,0.084,1
"TOP1MT",0.608580502400445,0.567432947833846,0.25,0.215,1
"DNTT",0.608651348956845,-0.317353619583246,0.143,0.112,1
"PRXL2A",0.609041651882841,0.817673982036074,0.25,0.234,1
"QTRT1",0.609149679473685,-0.335256569512605,0.321,0.336,1
"TRAK1",0.60985264132223,0.883024034256047,0.214,0.196,1
"MTR",0.609930379068144,0.450157604654059,0.339,0.299,1
"SCAI",0.610585312505049,0.660762092303344,0.429,0.43,1
"ZNF609",0.610819867157309,-0.262639792312831,0.339,0.355,1
"B3GNT5",0.611433413481352,0.718368319976832,0.161,0.131,1
"ZNF805",0.611433413481352,0.513019138020569,0.161,0.131,1
"SLC35E2A",0.611433413481352,-0.264686729173936,0.125,0.15,1
"TMEM129",0.611433413481352,-0.398119846286205,0.125,0.15,1
"SLC7A1",0.611983364387002,-0.54638720861378,0.089,0.112,1
"CLN3",0.612256725361874,0.491762185307138,0.268,0.252,1
"ALG6",0.612949469321689,0.468165708621733,0.143,0.112,1
"TIPARP-AS1",0.612949469321689,-0.324923200297281,0.107,0.131,1
"LINC00173",0.613671495223068,0.371236634172196,0.339,0.308,1
"TLE3",0.614524434625023,1.05584979604289,0.375,0.355,1
"AMZ2",0.61495180802156,0.73011400541331,0.232,0.215,1
"CENPT",0.615487899878451,-0.347862489538459,0.125,0.15,1
"ENOPH1",0.615578318247485,0.305476983383627,0.214,0.271,1
"SFXN3",0.615915396640922,0.486226131258555,0.179,0.15,1
"DHODH",0.616612692162343,-0.36327995279029,0.089,0.112,1
"ZNF385A",0.617260942446392,0.356197819599684,0.143,0.112,1
"GATB",0.617260942446392,-0.376033351427324,0.107,0.131,1
"MRPL20-AS1",0.618297504277874,0.788652866480687,0.107,0.084,1
"FAM221A",0.618297504277874,0.486513684843647,0.107,0.084,1
"PTK2",0.618297504277874,0.412262546029211,0.107,0.084,1
"NOC2L",0.618397538311093,0.357079073959591,0.304,0.28,1
"NUP160",0.618397538311093,0.516138528838904,0.304,0.28,1
"IFIT5",0.618501441001368,-0.276812458410584,0.161,0.187,1
"LRRC41",0.618584284239861,-0.305214367157137,0.393,0.393,1
"ZMYM2",0.618733174168189,0.316172616244533,0.518,0.542,1
"TSPYL4",0.619377825007211,0.649562050781263,0.304,0.29,1
"DGKD",0.619554159470687,0.509625136207615,0.161,0.131,1
"CEP89",0.619554159470687,-0.554074336488893,0.125,0.15,1
"MTRF1L",0.619618991293161,0.273578889457137,0.339,0.308,1
"SLC30A5",0.619648462690319,0.680346937975876,0.214,0.187,1
"PPM1F",0.619672193551098,-0.324640837073878,0.196,0.224,1
"SATB1-AS1",0.619672193551098,0.440930779032524,0.232,0.206,1
"GCLC",0.619672193551098,0.555068550728591,0.232,0.206,1
"AC093323.1",0.619777889951956,1.03626323167826,0.179,0.15,1
"ZNF793",0.620354016020195,0.594079549668212,0.179,0.215,1
"SASH3",0.620393095747956,0.440857159736855,0.321,0.308,1
"ELOVL6",0.620419141903416,1.04930170697965,0.143,0.121,1
"IMMT",0.620684308935805,0.467479301520191,0.446,0.467,1
"PTP4A2",0.620777349458054,0.272740946979886,0.857,0.916,1
"SLC35A4",0.620931324937902,0.258640332828818,0.232,0.196,1
"TMEM167B",0.621123379424324,0.5805828884135,0.321,0.299,1
"TMEM120A",0.621257313172275,-0.281012996950206,0.089,0.112,1
"VAMP1",0.621257313172275,-0.700702103054082,0.089,0.112,1
"PSMD5",0.62140234518618,-0.359982455501966,0.143,0.178,1
"SLC9A7",0.621602663010999,0.469060127047602,0.286,0.252,1
"DCAF17",0.621860412818203,-0.579065519798388,0.143,0.159,1
"LDAH",0.623207020944897,0.428920444641084,0.089,0.121,1
"ALKBH6",0.623207020944897,0.345142431703358,0.089,0.121,1
"ZDHHC20",0.623553861875994,0.656959670976919,0.304,0.271,1
"HYAL3",0.623632090532802,0.302719585865709,0.161,0.131,1
"METTL6",0.623650904369666,0.461549703364655,0.179,0.15,1
"ATAD2",0.623830906579029,1.06003866869941,0.161,0.14,1
"SDR39U1",0.624570046959234,0.52758814425688,0.304,0.28,1
"DYNLT3",0.624853597699643,0.408802786296192,0.321,0.29,1
"UTP4",0.625219506402625,0.705092416196511,0.143,0.178,1
"PAK1IP1",0.625350033784554,-0.32954462009901,0.214,0.234,1
"RPS6KA1",0.625427049311267,0.782263669359684,0.268,0.234,1
"LENG1",0.625463378688299,0.489433679324623,0.196,0.252,1
"MMRN1",0.625591483996661,1.07689577264434,0.321,0.318,1
"SACM1L",0.625839792846828,0.282217814437228,0.357,0.327,1
"RBMS2",0.625917075718564,-0.543226231128868,0.089,0.112,1
"ZFYVE1",0.625917075718564,-0.69161288693657,0.089,0.112,1
"SMIM20",0.626221313177991,0.508365258295433,0.339,0.318,1
"TGS1",0.627111771909266,0.545207175445793,0.429,0.411,1
"MED9",0.627755860102204,0.358494314446765,0.089,0.121,1
"TRMU",0.627755860102204,1.37072820860252,0.125,0.103,1
"GPATCH1",0.628153675673744,0.392405462990565,0.107,0.084,1
"DENND1B",0.62870759796792,-0.292441679847201,0.268,0.234,1
"DPY19L4",0.6287277132665,0.551146857197968,0.25,0.215,1
"NAPG",0.6287277132665,-0.417799599117326,0.214,0.234,1
"POMGNT1",0.628780355498962,0.693685489096028,0.196,0.178,1
"ZNF407",0.628918105152175,0.640950194818367,0.143,0.121,1
"MED14",0.629046744657548,0.569814524852681,0.179,0.159,1
"EPM2A",0.630274260338801,-0.290177211470571,0.107,0.131,1
"BRI3BP",0.630352038343837,-0.416050273915515,0.179,0.206,1
"AC073111.4",0.630591826292157,-0.297564499086176,0.089,0.112,1
"TRIM69",0.630591826292157,-0.354907441331628,0.089,0.112,1
"NPEPL1",0.631428143378845,0.780158798251029,0.179,0.15,1
"MAPK6",0.631526019776326,0.999251534163025,0.268,0.252,1
"MFSD11",0.632455932334154,0.841522719505434,0.196,0.178,1
"KDM2A",0.632466676475891,0.327122863221412,0.446,0.421,1
"ASXL1",0.632655826493363,0.464540326311276,0.411,0.421,1
"ZNF836",0.632883974765575,0.640331523517058,0.143,0.178,1
"HIST1H2AD",0.633106887079234,0.536480132355445,0.107,0.084,1
"GPSM1",0.633186190953073,0.894338064599417,0.143,0.121,1
"MAD2L2",0.633267284791552,0.470216478254871,0.214,0.178,1
"KLF1",0.633356472334237,-0.333073864683883,0.161,0.187,1
"BOLA3",0.634395070986355,0.358697808294325,0.286,0.252,1
"FRMD8",0.634637919660039,-0.337288628095822,0.107,0.131,1
"DCAF11",0.63569700585114,0.666003411322634,0.339,0.327,1
"HNRNPAB",0.635843707841473,0.334150289497229,0.75,0.757,1
"HOOK3",0.636000328469012,0.29740144424005,0.518,0.514,1
"ALAS1",0.636895956901556,0.452070677526839,0.125,0.103,1
"ERI1",0.636895956901556,0.639322083647961,0.125,0.103,1
"SIRT6",0.636895956901556,0.710318638068669,0.125,0.103,1
"C22orf34",0.636895956901556,0.72032819323133,0.125,0.103,1
"PSMB8-AS1",0.636950375667,0.357872346442176,0.375,0.336,1
"ADA",0.63696006148187,0.390094568422294,0.5,0.505,1
"REV1",0.636994065608357,0.628642919969033,0.304,0.28,1
"AL158152.1",0.63709375900257,-0.345414591959315,0.161,0.187,1
"ZNF714",0.63709375900257,-0.473341954440565,0.161,0.187,1
"STRADB",0.637531288879604,0.707340204259328,0.214,0.187,1
"LIAS",0.637531288879604,-0.285624835825451,0.179,0.206,1
"AFF3",0.637545252123536,0.865191164045899,0.375,0.355,1
"PIK3IP1",0.637610511164704,0.383035816245323,0.286,0.252,1
"RFX2",0.637646550734346,0.316454606720437,0.357,0.327,1
"RBPJ",0.637834604578834,0.411902406303852,0.518,0.477,1
"DNAJB14",0.637834604578834,0.311909886021576,0.482,0.495,1
"AL451085.2",0.63807660313566,0.922650838238812,0.107,0.084,1
"CEBPA",0.63807660313566,0.373458579413102,0.107,0.084,1
"ZNF649",0.63807660313566,0.50284579523879,0.107,0.084,1
"RNF185",0.63807660313566,0.457660416547146,0.107,0.084,1
"SOX4",0.638344780212633,0.296585804832778,0.946,0.981,1
"DCLRE1C",0.638509235458758,0.269281986004598,0.286,0.327,1
"FKBP15",0.63901431255228,0.474561958252532,0.107,0.131,1
"ULK3",0.63901431255228,-0.327865388609782,0.107,0.131,1
"NFKBIB",0.639246398757713,0.306400383206824,0.179,0.15,1
"NET1",0.639671626941501,0.376332509260225,0.357,0.308,1
"IRGQ",0.639963763003643,0.686521507138642,0.161,0.14,1
"ZNF398",0.639985668516206,-0.291687787367166,0.089,0.112,1
"KPNA1",0.64041403408663,-0.494021390007845,0.196,0.224,1
"HELZ",0.640515559159227,0.543233168282769,0.5,0.486,1
"PPM1A",0.640664949892687,0.460117142248729,0.375,0.364,1
"RMND5A",0.640974417992079,0.300414370307274,0.393,0.374,1
"USP15",0.641142615080242,0.420608541852589,0.571,0.692,1
"GEMIN2",0.641486923856099,0.532630851701083,0.125,0.103,1
"ENTPD4",0.641588429389425,0.41554554361235,0.214,0.196,1
"DENND1C",0.641758979243801,0.758996018293594,0.143,0.121,1
"CASP8AP2",0.642259980941781,0.543200210832626,0.25,0.224,1
"RDH5",0.643062636695255,0.465926708023887,0.107,0.084,1
"BRCA1",0.643062636695255,0.893246673094925,0.107,0.084,1
"AC093157.1",0.643170680436211,0.406778497434356,0.179,0.15,1
"SPOCK3",0.643403311152601,-0.296794146057048,0.107,0.131,1
"JHY",0.643403311152601,-0.380895249006356,0.107,0.131,1
"PLCB4",0.643403311152601,-0.378931176771193,0.107,0.131,1
"MICU2",0.643805830235574,0.468233707665025,0.411,0.421,1
"DNAJC17",0.644744709788554,0.387120737538295,0.214,0.187,1
"NREP",0.645144730975647,0.259358580279134,0.661,0.682,1
"MIS12",0.64567625949242,0.433565038100251,0.179,0.14,1
"SPG7",0.646727212331114,0.281463956641407,0.482,0.477,1
"MCM5",0.647778032146387,0.517039874392887,0.268,0.252,1
"ACD",0.647871543704743,-0.335320075532406,0.179,0.196,1
"GALM",0.648064798408352,0.520602536521813,0.107,0.084,1
"GPR27",0.648064798408352,0.471030756744536,0.107,0.084,1
"CEPT1",0.649456460534523,-0.289411581339869,0.286,0.308,1
"IFT80",0.64984489948828,0.340704053624035,0.268,0.243,1
"SMURF2",0.65096617007986,1.10547357828341,0.196,0.178,1
"MRPL55",0.651077067743582,0.315870271474512,0.429,0.383,1
"L3MBTL3",0.65213463377011,0.644276906885441,0.196,0.168,1
"BTN3A3",0.652176665805647,0.256491930656009,0.125,0.159,1
"SLC25A26",0.652189360026894,0.47022214790604,0.25,0.234,1
"PLEKHA5",0.652239896358852,0.342326659848565,0.339,0.299,1
"SLC27A2",0.652318762122109,0.427734447495146,0.214,0.196,1
"ANXA4",0.652346239541809,-0.27887250401607,0.411,0.411,1
"NISCH",0.652495641137046,-0.380428173945714,0.125,0.15,1
"GRK4",0.652495641137046,-0.343773987350699,0.125,0.15,1
"COPS8",0.652559608376552,0.501819920837893,0.321,0.29,1
"SLC3A2",0.652751465463465,0.294467493805293,0.536,0.514,1
"SPTLC2",0.654209480126514,0.33927690717621,0.554,0.579,1
"HECTD4",0.654326708388337,0.338886812578477,0.286,0.243,1
"SIAH1",0.654756408099561,0.379882549781714,0.321,0.327,1
"ANO6",0.655215715857579,0.425947352524247,0.268,0.234,1
"TOPORS",0.656294711064416,0.352056456115409,0.536,0.561,1
"FAM210B",0.656422219888129,0.306007757092087,0.286,0.262,1
"REEP3",0.656662547378982,0.289116840314511,0.161,0.131,1
"COX19",0.657679179301255,0.434572161514422,0.446,0.411,1
"ATPAF1",0.657746428217911,0.698651565267754,0.232,0.224,1
"MSH6",0.657808063418192,0.339813459554439,0.321,0.374,1
"SYAP1",0.657856646720407,0.262975598175937,0.375,0.439,1
"KIAA0355",0.657917042215011,0.580618028779241,0.232,0.206,1
"BRAF",0.658257758685059,0.324777148476707,0.393,0.393,1
"TOB1",0.658936921362616,0.931071753401649,0.25,0.234,1
"ZNF726",0.659047632674921,0.687772443142555,0.143,0.121,1
"DST",0.65991967172332,0.358183949388264,0.321,0.308,1
"PAXIP1",0.659986783197732,0.595676228647211,0.125,0.103,1
"GPR107",0.659986783197732,0.663302924319175,0.125,0.103,1
"ZNF260",0.660370992878624,0.838340755269229,0.161,0.14,1
"PARVB",0.660681579658129,0.345343879504667,0.429,0.411,1
"GOLGA2",0.660830456822552,-0.292130808634561,0.321,0.327,1
"AC026369.3",0.661082759491135,-0.35964691494943,0.107,0.131,1
"PHF11",0.662132299897916,0.283915745674656,0.5,0.486,1
"TUBB6",0.662408774031088,0.929396122890009,0.107,0.093,1
"AHI1",0.663106802244942,1.05739556393156,0.232,0.215,1
"SEC24A",0.663166126376499,0.2774235544056,0.107,0.084,1
"MFSD5",0.663166126376499,0.740967443832687,0.107,0.084,1
"POLR1E",0.663212318677347,-0.38502679377712,0.196,0.215,1
"STX12",0.663575734294894,0.277142425195021,0.286,0.252,1
"AC245407.2",0.663721476742123,-0.297672156608902,0.089,0.112,1
"MCM6",0.66393103690335,0.621259224699905,0.179,0.159,1
"ST3GAL1",0.66403525128996,-0.28170915174029,0.304,0.308,1
"UTP23",0.66521247549428,0.370810040156405,0.268,0.262,1
"ECHDC1",0.665387776234301,0.459504575653112,0.286,0.271,1
"PDCD11",0.666432375735836,-0.259768258451235,0.232,0.262,1
"GET3",0.666528015043775,0.357786504838962,0.375,0.43,1
"RAB31",0.666584212671022,0.474024934573942,0.214,0.187,1
"CCR7",0.666737602695145,0.459498883726347,0.214,0.196,1
"BEND7",0.667761517734865,0.692913012118956,0.143,0.121,1
"INPPL1",0.667854229313444,0.656436410912487,0.143,0.178,1
"NDRG1",0.668174740729866,0.473802716720769,0.161,0.206,1
"LINC01128",0.668230863895159,0.253628863889709,0.107,0.084,1
"AP000766.1",0.668510392744511,-0.301476164789921,0.089,0.112,1
"WAKMAR2",0.668606249921261,0.407772188939262,0.161,0.14,1
"PIGL",0.668606249921261,0.674351446863901,0.161,0.14,1
"CHST11",0.668713050634034,0.3739784122128,0.429,0.43,1
"COQ2",0.669229498643322,-0.256911184753005,0.125,0.15,1
"ZNF586",0.669316179289487,0.51918302936469,0.125,0.103,1
"AGTPBP1",0.669516227252386,0.671043822851206,0.25,0.224,1
"CIAPIN1",0.669769868793519,0.347989039838478,0.268,0.243,1
"PSMC3",0.670312881530621,0.275446194143625,0.482,0.495,1
"PTER",0.670369474460989,0.699940962163346,0.214,0.206,1
"FEN1",0.670914811795916,-0.300711126387072,0.143,0.168,1
"TMBIM1",0.671135963798872,0.65740763606134,0.196,0.168,1
"AC092747.4",0.672135407463965,0.478362683598369,0.143,0.121,1
"RRP36",0.672308961975262,-0.268511016394478,0.286,0.299,1
"PDCL3",0.672622143702368,0.526705373156437,0.446,0.467,1
"TARSL2",0.672638623945129,0.385665688928323,0.375,0.346,1
"APP",0.673382127950406,0.92097150343902,0.304,0.308,1
"RNF217",0.673618468540457,0.272395257297283,0.25,0.206,1
"COG5",0.673618468540457,0.706610441383159,0.232,0.215,1
"IFT43",0.673928485974298,0.298006662621855,0.214,0.187,1
"DNAAF5",0.674000201086977,0.774922200369071,0.125,0.103,1
"LINC01003",0.67549813297875,-0.255735702779472,0.339,0.355,1
"PLPBP",0.675746958426069,0.433859092694281,0.393,0.355,1
"ELK3",0.675807719193193,0.394080869924149,0.464,0.449,1
"CCDC130",0.676400670163381,0.474918769870681,0.25,0.224,1
"IL7R",0.676520423723178,1.13815259278864,0.107,0.14,1
"CHMP4B",0.676794088169167,0.461010619708081,0.464,0.458,1
"U2AF1L4",0.677244089596232,0.779045942888897,0.196,0.178,1
"G6PC3",0.677244089596232,-0.527227196768699,0.179,0.187,1
"GOLGA8B",0.677556673545137,0.37996258565327,0.232,0.196,1
"BAALC",0.677592031880029,0.252650340854395,0.464,0.439,1
"TM9SF1",0.677612364630589,0.329307475607122,0.214,0.187,1
"TMEM150A",0.677659096673874,-0.27262803606424,0.125,0.15,1
"DNAJC21",0.678418575796016,0.293073945723225,0.607,0.636,1
"TRAPPC6B",0.679195157659973,0.284325258247528,0.286,0.262,1
"HELLS",0.679353625243435,0.736734745804344,0.196,0.187,1
"MLH1",0.679678010728086,0.452480267982452,0.179,0.159,1
"GTF3C1",0.679954149718539,0.406377082169263,0.232,0.299,1
"CD151",0.680916436393928,0.364178651275614,0.143,0.121,1
"UBL3",0.680986464591006,0.630273238463403,0.339,0.327,1
"CPEB4",0.681223730671209,0.55130101108204,0.214,0.178,1
"UPRT",0.682085052266761,-0.422095558317218,0.143,0.159,1
"GSK3A",0.682473084988837,0.304458820586406,0.286,0.262,1
"TNNT3",0.682590559595807,-0.324960126722464,0.125,0.14,1
"ITPKB",0.68276977078168,0.762260340744635,0.214,0.252,1
"PTPN1",0.682835379984991,0.598328376860661,0.482,0.467,1
"CLDN15",0.68295762046125,0.327935116456716,0.089,0.112,1
"LINC00426",0.683556748591977,1.27647503692233,0.125,0.112,1
"RAP2C",0.68447537086509,-0.262174192706037,0.268,0.299,1
"PICALM",0.684632292626825,0.679677057057999,0.339,0.374,1
"FAM120AOS",0.685923299653902,0.455533545159894,0.321,0.299,1
"RERE",0.686049029082367,0.277061737866963,0.518,0.598,1
"CNKSR3",0.686975543665846,-1.11767733673662,0.179,0.15,1
"FLOT2",0.687109763816992,-0.611647095432756,0.286,0.28,1
"WDR37",0.688127655272581,0.273714285050901,0.125,0.103,1
"TSPAN3",0.688360773224342,0.399794761134763,0.518,0.57,1
"NFIL3",0.68907232418073,0.726257174603646,0.304,0.308,1
"LIPE-AS1",0.689740924907953,0.383055699648263,0.143,0.121,1
"SERPINB9",0.690810066112715,0.47774775023281,0.268,0.252,1
"BAG2",0.691247371105402,-0.541011995192368,0.125,0.14,1
"NEURL1B",0.692122066248014,0.792189264228342,0.107,0.093,1
"ABR",0.692122066248014,1.15063457742158,0.107,0.093,1
"STK33",0.692336010519453,1.15591113334424,0.161,0.15,1
"ARHGEF19",0.692654443885712,0.274969733771289,0.089,0.112,1
"BPHL",0.692861398210826,0.31076902789856,0.125,0.103,1
"SLC25A42",0.692861398210826,0.832684307943292,0.125,0.103,1
"HHEX",0.693239306980787,0.259398377548725,0.518,0.505,1
"PRKRA",0.693561826041706,0.433181631495457,0.375,0.364,1
"H2AFX",0.693729468266703,0.284850794925475,0.25,0.224,1
"ZNF626",0.694169134960735,0.317434689311195,0.107,0.14,1
"SLC20A1",0.695059773973508,0.604537610023288,0.179,0.15,1
"AC026124.2",0.695565981930415,0.465198684619418,0.179,0.159,1
"AC092329.4",0.695565981930415,0.457651323970255,0.179,0.159,1
"CARNMT1",0.695926403343255,-0.310601768666795,0.161,0.178,1
"SPATS2",0.696180506992401,0.26185856402214,0.339,0.318,1
"ST3GAL3",0.697739431381092,0.789128000518571,0.161,0.14,1
"AMDHD2",0.698930275108344,-0.326562328788369,0.107,0.084,1
"SELENOP",0.699114999166085,0.251833946640048,0.143,0.168,1
"MYD88",0.699626762874446,0.391154421423588,0.179,0.215,1
"TMEM147-AS1",0.699744056437044,-0.364820188906592,0.107,0.121,1
"CBFA2T2",0.699861148605259,-0.413189490056121,0.161,0.178,1
"MYLPF",0.699944736427887,0.747860451568541,0.143,0.131,1
"SLC6A6",0.700086550271749,0.462051287026753,0.196,0.178,1
"PITPNA-AS1",0.701025289532288,0.290156989614638,0.268,0.308,1
"RASA2",0.701205811749168,-0.315531671124401,0.25,0.29,1
"SLC9B2",0.701939168334359,0.427255027283857,0.161,0.14,1
"SLC35D1",0.702135594673819,-0.441463753778325,0.089,0.103,1
"METTL14",0.702649076274121,0.25455799285276,0.232,0.252,1
"HSD17B12",0.703442573881829,0.276924067578971,0.446,0.467,1
"ZBTB1",0.703951871131981,0.397466590081972,0.411,0.411,1
"SMG7",0.704262515702416,0.332395002347204,0.268,0.252,1
"DYRK4",0.70553089002414,0.3602534753068,0.214,0.224,1
"SEC14L1",0.705748564895309,0.412690480135164,0.429,0.43,1
"MTA1",0.706011723941309,0.546688109729863,0.393,0.402,1
"AP4M1",0.706148027804053,0.329049502744662,0.161,0.14,1
"KLF7",0.706594325167989,0.757011350954721,0.214,0.206,1
"TECPR1",0.707134101686966,0.334399756013503,0.125,0.103,1
"ANPEP",0.707134101686966,0.340926992081019,0.125,0.103,1
"PABPC1L",0.707161948669359,0.76745313467306,0.107,0.093,1
"FAM117B",0.707354905908473,0.273430699115714,0.214,0.187,1
"DHX16",0.707570762511637,0.381681804008355,0.179,0.159,1
"TMEM68",0.707570762511637,0.513505037048458,0.179,0.159,1
"FAM199X",0.70760646559036,-0.286308552479562,0.179,0.196,1
"CEP44",0.707906532931015,0.303140552066944,0.196,0.224,1
"AKAP8",0.707906532931015,0.896381709080297,0.232,0.206,1
"FAM13B",0.708627682212372,0.270984808233762,0.446,0.421,1
"ATAD3A",0.708681635579222,-0.393273504534132,0.125,0.14,1
"TMEM161B-AS1",0.709034272830857,0.451166597225519,0.411,0.43,1
"KHDRBS2",0.709056154634492,-0.467872746418886,0.107,0.121,1
"UVRAG",0.709472946399576,0.407562208702781,0.393,0.383,1
"PUM2",0.709623905089764,0.290265861705267,0.464,0.449,1
"NPLOC4",0.709716965423921,0.991513185367065,0.214,0.215,1
"ACOT7",0.710365894019002,0.425915357833903,0.161,0.14,1
"ZNF33A",0.711138681337246,0.519099680046367,0.411,0.542,1
"TACC1",0.711138681337246,0.314187843516848,0.518,0.486,1
"CUL2",0.711475400028719,-0.346395985919215,0.304,0.318,1
"TCERG1",0.711547708575097,0.270725643882438,0.375,0.364,1
"UBE2Q1",0.71168332761347,0.481456929079305,0.375,0.355,1
"ZC3H6",0.711773544991846,1.25624202397075,0.125,0.15,1
"CORO1C",0.711786298108501,0.57119191024888,0.339,0.364,1
"ZNF770",0.711845090422583,0.464626426820506,0.321,0.336,1
"CREBL2",0.711985262401976,0.296767826194854,0.143,0.121,1
"SLC35E3",0.71198692147187,0.390625080465372,0.214,0.234,1
"GCNT2",0.712201100150951,-0.406510716551727,0.089,0.103,1
"TIMM22",0.712695883592696,0.318404518700229,0.232,0.215,1
"PPTC7",0.712973722524905,0.47169107627314,0.25,0.243,1
"NUTF2",0.713334850721473,0.274075457655058,0.536,0.57,1
"TADA2A",0.713728662694984,-0.481440774163633,0.107,0.121,1
"GOLIM4",0.71415594563273,0.322250461544048,0.429,0.402,1
"MINPP1",0.714167678512183,-0.335360539094189,0.357,0.393,1
"LIMA1",0.714413202229924,0.257615548591359,0.232,0.271,1
"ADPRHL2",0.71459265038063,0.372087739517098,0.161,0.14,1
"TCTN1",0.715232354048511,0.26578137962544,0.107,0.131,1
"MMS22L",0.715468576476094,0.339553754628489,0.196,0.178,1
"DBP",0.715468576476094,0.474791504235311,0.196,0.178,1
"CENPU",0.715573257758898,0.422097370895862,0.25,0.28,1
"MAP3K5",0.715573257758898,0.252421777842869,0.25,0.28,1
"CCDC58",0.715614749771764,0.311796181748032,0.179,0.159,1
"C4orf33",0.715614749771764,0.479857990783985,0.179,0.159,1
"BANP",0.715614749771764,0.311452914495152,0.179,0.159,1
"TARBP1",0.716345390241488,0.382224823068268,0.464,0.43,1
"ZFP14",0.716427102747802,0.529508031883927,0.25,0.243,1
"KIN",0.716463095773379,0.593591700488507,0.321,0.327,1
"MYBBP1A",0.716707125221142,0.603346569780904,0.125,0.103,1
"MOCS2",0.716975005816353,-0.442425197968094,0.214,0.215,1
"NKIRAS1",0.717114850233568,0.916892148561213,0.089,0.112,1
"GCC1",0.717252850240824,1.58668686079562,0.107,0.093,1
"BAP1",0.717457032965681,-0.560237136315719,0.125,0.14,1
"FAM193A",0.718793547066345,0.795941128021528,0.232,0.206,1
"RPP40",0.718828179472456,0.513412129728215,0.161,0.14,1
"CEBPG",0.719113310858928,1.05079520947318,0.232,0.243,1
"SP4",0.71933249460457,0.596994427956561,0.196,0.178,1
"FBXO33",0.71933249460457,0.430297908373522,0.196,0.178,1
"MYO18A",0.719648681022816,0.607934556249055,0.179,0.159,1
"ASCC2",0.719886292240523,0.43169980512676,0.25,0.243,1
"FAF2",0.720412771792541,0.255378232713327,0.268,0.308,1
"DENND4C",0.720583269148598,0.32825307383276,0.232,0.262,1
"ATF1",0.72088250763415,0.4792923463891,0.232,0.224,1
"HERPUD1",0.721185471103921,0.474618857680327,0.339,0.336,1
"NELFB",0.721208640093823,0.378567711973914,0.268,0.252,1
"ZNF667-AS1",0.721208640093823,0.988035038754999,0.268,0.252,1
"ZNF274",0.721278139254706,-0.339654850397916,0.196,0.215,1
"CISD3",0.721788350572517,0.4755633095593,0.25,0.224,1
"LACTB2",0.721858840694472,-0.321014293333954,0.125,0.14,1
"ARF3",0.722257546311193,0.445603333123239,0.464,0.495,1
"SYNJ2",0.722316998408105,-0.289738604636227,0.089,0.103,1
"RBL1",0.722316998408105,-0.47045308802774,0.089,0.103,1
"LRRFIP1",0.722754872423458,0.346975005445123,0.911,0.925,1
"EFCAB7",0.723105803792089,-0.345181925159593,0.107,0.121,1
"AL359504.2",0.723203598671432,0.34115873084763,0.196,0.178,1
"AC008014.1",0.723203598671432,0.658798912578536,0.196,0.178,1
"ARL16",0.724056924593279,0.294685025240177,0.286,0.318,1
"PDE12",0.724359821482647,0.275299707907361,0.25,0.234,1
"CKAP5",0.724614670457982,-0.306225494133985,0.25,0.262,1
"RINT1",0.725456664917417,0.492393433356318,0.125,0.112,1
"SPATA7",0.725511472845656,0.615146372131991,0.161,0.15,1
"C7orf26",0.725606581875325,0.293883159973076,0.214,0.196,1
"ZMAT3",0.726083555906095,0.350564029566887,0.196,0.224,1
"ACBD5",0.726821841013834,0.448137037879107,0.25,0.243,1
"ABHD12",0.726982533695199,0.494641948885246,0.089,0.112,1
"ENTPD6",0.727393342492324,-0.356257653090648,0.089,0.103,1
"ZC3H7B",0.727393342492324,0.860948887013648,0.107,0.093,1
"PRR12",0.727625065257518,-0.262064371643122,0.161,0.178,1
"NDUFAF7",0.727810116021606,-0.423903274448989,0.107,0.121,1
"HIPK2",0.727864719191036,0.599617546239462,0.214,0.252,1
"AP3D1",0.728026159841159,0.542495661477226,0.268,0.252,1
"SLC25A38",0.728528350446183,0.384252061380215,0.268,0.262,1
"CITED2",0.728843864599541,0.261878290275979,0.375,0.393,1
"CYREN",0.728863735303239,0.517064102463846,0.232,0.234,1
"ATN1",0.72934473093896,0.606649047155889,0.214,0.196,1
"SRRD",0.729371424802908,0.262312981323176,0.161,0.187,1
"TCP11L1",0.729960027478432,0.301026729375867,0.143,0.121,1
"NCLN",0.729960027478432,0.299313379324509,0.143,0.121,1
"PIK3CD-AS2",0.730166136795154,0.623807944530601,0.125,0.112,1
"APOM",0.730166136795154,1.10545353415547,0.125,0.112,1
"KLHDC10",0.730690010440773,-0.284504509376395,0.125,0.14,1
"EMP1",0.730718423750521,0.811488296224178,0.232,0.215,1
"TBC1D20",0.730718423750521,0.660761607358994,0.232,0.215,1
"TCHP",0.730967002803491,0.359782793671888,0.196,0.178,1
"EXOC3-AS1",0.732481678727268,0.618378791413733,0.107,0.093,1
"MSANTD4",0.732481678727268,0.54881159039906,0.107,0.093,1
"PHACTR2",0.732735318401155,0.445793889454588,0.321,0.393,1
"MAML1",0.73434121604715,0.267719640697308,0.196,0.234,1
"FBXL4",0.73434121604715,0.658200338628255,0.232,0.215,1
"AC010332.3",0.734885805749186,0.669274277937213,0.125,0.112,1
"RNF111",0.73496401244441,-0.317635625674373,0.196,0.206,1
"C12orf73",0.735119104198407,-0.287710049467111,0.125,0.14,1
"KPNA2",0.735193879600739,0.441594988688294,0.196,0.243,1
"TRDMT1",0.735311452167841,0.438799528710637,0.268,0.262,1
"ATP2B4",0.73572421922059,-0.29680148563798,0.411,0.421,1
"AUP1",0.73572421922059,0.443239618467391,0.411,0.421,1
"YIPF1",0.735855646727868,0.607201001965465,0.161,0.14,1
"TMEM185B",0.735861599152683,0.362340760056945,0.179,0.159,1
"VPS37B",0.736192658022098,0.301931102109099,0.411,0.411,1
"STX8",0.736341364045989,0.267639957062514,0.357,0.402,1
"STAU2",0.736775591461264,0.298343967573609,0.339,0.336,1
"SCARB2",0.736973587208427,0.457128033500516,0.304,0.318,1
"GLRX5",0.73756312835103,0.364585478679232,0.571,0.598,1
"CROCC",0.737581801765199,0.73007676694176,0.107,0.093,1
"MIR4458HG",0.737581801765199,0.575871480005987,0.107,0.093,1
"C12orf66",0.737581801765199,0.847988060977531,0.107,0.093,1
"USP46",0.73789668429382,-0.569573915147419,0.161,0.168,1
"GPS1",0.738292761920874,0.311704793655904,0.25,0.262,1
"NTMT1",0.738718119182908,-0.296953333417318,0.196,0.206,1
"OGFOD1",0.738758059823671,1.10439390192127,0.196,0.178,1
"LRIG2",0.739004083862486,0.431529384379959,0.143,0.121,1
"POGLUT3",0.73955702354114,0.497511284879167,0.125,0.14,1
"SENP1",0.73955702354114,0.694639155117098,0.143,0.131,1
"LBH",0.739615507858324,0.624165147539311,0.125,0.112,1
"AC104083.1",0.739615507858324,0.582158424706708,0.125,0.112,1
"TTN-AS1",0.739636764500679,1.45800112947727,0.179,0.168,1
"SERINC1",0.739710388970826,0.588082472884855,0.464,0.542,1
"OSBPL1A",0.740028539890125,0.263560509204332,0.339,0.327,1
"NUBP1",0.740193751403736,-0.381414132958243,0.143,0.159,1
"HLA-DPA1",0.741164345647724,0.28791488687007,0.929,0.916,1
"POGLUT2",0.74198406980894,-0.253742759143397,0.107,0.121,1
"AL035530.2",0.742107418397388,0.265171425406457,0.125,0.15,1
"DCAF6",0.742384553475567,0.607172953537272,0.232,0.224,1
"TLR1",0.742693504701402,0.265224404621029,0.089,0.103,1
"SERPINH1",0.742693504701402,0.842320608059786,0.107,0.093,1
"ZNF253",0.742693504701402,0.695936954679153,0.107,0.093,1
"FAF1",0.743390886693213,0.4416495796489,0.321,0.299,1
"MARCH6",0.743834923209039,0.467027121305401,0.589,0.607,1
"NOL11",0.744217959647762,0.364650602996748,0.357,0.346,1
"FUOM",0.744266964042505,0.408947601670218,0.143,0.168,1
"CEP250",0.744355078062981,0.640924408735427,0.125,0.112,1
"TMEM94",0.744360951555506,0.428613390023366,0.214,0.196,1
"GOPC",0.744564310534599,0.512930536158955,0.393,0.43,1
"SETD3",0.745520469872618,0.443438850189636,0.339,0.364,1
"ZNF671",0.746852867902889,0.68046777135587,0.089,0.112,1
"KIF5B",0.746907551097497,0.287836917786937,0.696,0.757,1
"CRY1",0.747516435603943,0.329614431480826,0.107,0.131,1
"OXNAD1",0.747816579099094,1.08420178353316,0.107,0.093,1
"HERC5",0.747816579099094,-0.408233802452899,0.089,0.103,1
"NEIL2",0.747816579099094,0.329328266825694,0.089,0.103,1
"TELO2",0.747816579099094,0.713828375145417,0.107,0.093,1
"PIK3R6",0.748084389763258,0.741538022205837,0.143,0.121,1
"AC092279.1",0.748458792678535,0.41500213301667,0.143,0.131,1
"ISY1",0.748464325019096,0.289613178821168,0.482,0.458,1
"PRRC2A",0.748606249193637,-0.294762575960015,0.286,0.243,1
"THUMPD2",0.749011453083699,0.575155306338144,0.25,0.234,1
"EEF1AKNMT",0.749104350182261,0.706663209107075,0.125,0.112,1
"RAB1A",0.749927319750344,0.343157673535173,0.446,0.411,1
"DHFR",0.750494878806009,0.700528931102916,0.161,0.196,1
"ZFR",0.750638378443971,0.309806170993379,0.482,0.467,1
"ADGRG6",0.751240698748862,0.543570410716584,0.321,0.327,1
"AKAP1",0.751482572226003,-0.357318416772677,0.107,0.121,1
"SLC12A7",0.752637771621478,0.260136065194532,0.143,0.121,1
"JPT1",0.752704786238717,0.336187690171656,0.446,0.458,1
"ZFPL1",0.752807989960123,0.598849312036698,0.268,0.28,1
"PCYOX1L",0.752950815014655,0.693961224055744,0.107,0.093,1
"ZNF500",0.752950815014655,0.533173391113142,0.107,0.093,1
"TCF4",0.752976785347249,0.39974852610527,0.643,0.692,1
"IPO11",0.753062469664309,0.250605560090123,0.304,0.28,1
"PKM",0.753151768851878,0.297330003763944,0.536,0.542,1
"TAF13",0.75386315693127,1.21403919950538,0.125,0.112,1
"HSD17B7",0.75386315693127,0.755220866614804,0.125,0.112,1
"SNHG11",0.75386315693127,0.505316999471683,0.125,0.112,1
"SNX27",0.754420173934935,0.57938898334957,0.161,0.196,1
"ZNF780B",0.754971300057967,0.500564213016538,0.161,0.15,1
"SYNC",0.755489673092641,0.450004328807741,0.393,0.393,1
"UIMC1",0.755627223425224,0.268379936050679,0.304,0.355,1
"CARF",0.755751206770085,0.616875450695872,0.179,0.168,1
"SELPLG",0.755751206770085,0.54060001569607,0.179,0.168,1
"GORASP2",0.756025230225114,0.380110683858306,0.357,0.364,1
"MUTYH",0.7573229481722,0.57328416713979,0.161,0.14,1
"PPP3CC",0.757394216629789,0.409131016853252,0.143,0.131,1
"PACSIN1",0.758096001023204,0.27314082446311,0.107,0.093,1
"VPS18",0.758096001023204,0.393834168902285,0.107,0.093,1
"ZNF529",0.758346476136527,-0.320541142666235,0.161,0.168,1
"VSIG10",0.758631329938635,0.871715601549106,0.125,0.112,1
"PPP1CC",0.759130740850624,0.430698787764931,0.536,0.607,1
"KNOP1",0.759474993643208,0.293414577688174,0.179,0.215,1
"MON2",0.759652581031718,0.343625914463236,0.268,0.29,1
"TERF2",0.76027659647944,0.330214664563931,0.357,0.374,1
"AC015871.7",0.760401055506281,0.336326678452465,0.179,0.159,1
"LTA4H",0.760635842666028,0.44552347768313,0.607,0.607,1
"FOS",0.76101801387638,-0.925834763966266,0.375,0.411,1
"AP4E1",0.761018875880418,-0.510642266186112,0.107,0.121,1
"ALOX5AP",0.76104060255439,-1.37660974400724,0.214,0.215,1
"DLEU2",0.761107294865977,0.40564345220956,0.161,0.187,1
"CFLAR",0.761632277526692,0.376686987384583,0.571,0.654,1
"NFRKB",0.761639573758968,0.299382455090063,0.161,0.14,1
"ZC3HC1",0.761874201325344,-0.281400802624756,0.125,0.14,1
"AHDC1",0.761874201325344,0.447829510345574,0.143,0.131,1
"NAGLU",0.761874201325344,0.392371624444808,0.143,0.131,1
"APMAP",0.762813498294252,0.349762846749743,0.25,0.28,1
"CHIC2",0.762888034088555,0.454298878372695,0.304,0.308,1
"CAPRIN2",0.763251924244493,0.716360361551017,0.089,0.103,1
"AC007952.4",0.763251924244493,0.487969187754073,0.107,0.093,1
"BUD13",0.763408699764221,0.371632593470632,0.125,0.112,1
"BEND5",0.763903362166525,-0.310188699697844,0.25,0.252,1
"ABHD17B",0.764703075339679,-0.267593966059279,0.286,0.29,1
"ZNF677",0.764997306325172,-0.251228552704192,0.232,0.243,1
"CYP7B1",0.765215067903921,-0.306939872603691,0.125,0.103,1
"AIDA",0.765354618242767,0.377559048017035,0.25,0.243,1
"UBE2V2",0.765535762550614,0.38063607477446,0.393,0.402,1
"ZC3HAV1",0.766148616519259,0.364795604804766,0.518,0.533,1
"GALNT4",0.766362180670389,0.755464967265603,0.143,0.131,1
"ESF1",0.766439576149011,0.577271369442364,0.375,0.364,1
"SEC24B",0.767709780264373,0.472790890632829,0.161,0.15,1
"HBD",0.767725663038488,1.1252262420511,0.232,0.224,1
"MIEF1",0.768157565283646,0.418052380908041,0.179,0.206,1
"TUBA4A",0.770120549150624,-0.384789148186133,0.125,0.103,1
"PPAT",0.770183941949756,-0.424237988485062,0.179,0.187,1
"HDGFL2",0.770402086100259,0.250648457075996,0.393,0.421,1
"APOBR",0.7705916253049,-0.339829095924336,0.107,0.121,1
"DCUN1D5",0.771591769028521,0.389112233472071,0.411,0.458,1
"OPN3",0.771970115101638,0.732179565184951,0.161,0.15,1
"AC026124.1",0.771970115101638,0.48388294829658,0.161,0.15,1
"LARP4B",0.77305937571319,-0.273186301431437,0.268,0.271,1
"LONP2",0.773083026571088,0.262701663692134,0.375,0.411,1
"JKAMP",0.773085518072612,0.263563498441896,0.429,0.467,1
"ME2",0.773797253015965,0.320747015040472,0.464,0.458,1
"DDX55",0.774633524090613,-0.769504108718195,0.143,0.15,1
"MAPKBP1",0.775361127646347,-0.272709619210888,0.125,0.14,1
"C1orf54",0.775361556988297,0.395465077328371,0.143,0.131,1
"SLFN5",0.775361556988297,0.558745488952565,0.143,0.131,1
"ELMOD3",0.775391239024031,0.842558782886008,0.107,0.121,1
"PTDSS1",0.775719294756696,0.280107767289389,0.357,0.402,1
"TSEN54",0.776324998127997,0.28362492631978,0.268,0.252,1
"ATP6V0A2",0.776600389013271,-0.339425153131958,0.446,0.411,1
"SLC41A3",0.777222420561082,-0.392629423648059,0.232,0.196,1
"CHAF1A",0.777676584177217,0.756600648186196,0.161,0.159,1
"MAN1B1",0.777776106844083,0.429648292180101,0.196,0.224,1
"TBCD",0.778102036776722,0.250074712568935,0.196,0.178,1
"SNRNP200",0.778663997403691,0.272953149853276,0.625,0.645,1
"DDX51",0.778781967104673,0.378494345668928,0.107,0.093,1
"LPCAT4",0.778781967104673,0.318359578651867,0.107,0.093,1
"PDXK",0.778781967104673,0.328800452138621,0.107,0.093,1
"TOPBP1",0.779008594895139,0.414313523146579,0.214,0.243,1
"DHRS4",0.779749816087847,0.393070138033282,0.357,0.355,1
"GNPDA2",0.781152220765999,0.322682483945652,0.161,0.187,1
"FAM241A",0.781152220765999,0.566550317518479,0.161,0.187,1
"RAB11FIP2",0.781509456150285,0.352443294285689,0.232,0.206,1
"HIF1AN",0.781883275758813,0.27989324411136,0.143,0.168,1
"AGFG1",0.782069798179171,-0.265888955192854,0.179,0.187,1
"GPR171",0.782606722049038,0.350063653224693,0.125,0.112,1
"SUN1",0.783300987044165,0.455623209807545,0.232,0.271,1
"ZNF430",0.783968518864278,0.354770445627284,0.357,0.364,1
"HSD11B1L",0.783978682191454,0.291823176508435,0.107,0.093,1
"NUDT11",0.783978682191454,0.349262431838251,0.107,0.093,1
"SMIM1",0.78420485545929,0.261553667070387,0.161,0.178,1
"TYW5",0.78420485545929,0.571030185296344,0.179,0.168,1
"TCTEX1D2",0.78420485545929,0.301785588327963,0.179,0.168,1
"POLR3C",0.784391205106536,-0.313063999435541,0.125,0.14,1
"SIRT7",0.784391205106536,0.556482872858427,0.143,0.131,1
"TMEM165",0.784429701095334,0.266501109659306,0.696,0.673,1
"TOR1A",0.784781263393418,0.345302397495446,0.286,0.29,1
"NOL9",0.784843962889071,0.315740304509168,0.179,0.196,1
"NSUN3",0.786143666308932,0.308828803723413,0.214,0.196,1
"NPHP3",0.786281966892533,0.416035532760866,0.304,0.29,1
"SS18L2",0.786436479908999,0.290829850951319,0.536,0.533,1
"ELOA",0.786805984045144,0.491642785193906,0.196,0.187,1
"C20orf96",0.789079097824549,0.33546574670611,0.161,0.15,1
"ABRAXAS1",0.789751782485723,0.404873738035423,0.482,0.542,1
"ACY1",0.789832759341196,-0.413646356320995,0.107,0.112,1
"RPUSD3",0.789993087684298,0.356397322826017,0.286,0.28,1
"NUP153",0.789993313131958,0.337086913713148,0.286,0.28,1
"ZNF213-AS1",0.790022259943892,0.35224399399562,0.196,0.178,1
"CCDC18",0.790022259943892,-0.31986752983949,0.179,0.187,1
"ROCK2",0.790127068788105,0.39224899112556,0.268,0.28,1
"TMCC1-AS1",0.790315712471315,0.299707968273123,0.143,0.168,1
"PTS",0.790315712471315,0.862290813945894,0.161,0.159,1
"EXOSC9",0.791751060681156,0.302759874835415,0.304,0.327,1
"EPS8L2",0.792256433148478,0.293152369374659,0.125,0.112,1
"ATP23",0.792256433148478,0.964433478693004,0.125,0.112,1
"CTPS2",0.792256433148478,0.514260624601652,0.125,0.112,1
"C2orf74",0.792700126619182,0.369125296331649,0.179,0.196,1
"CD58",0.793753399877121,0.539397730750453,0.232,0.28,1
"KDM5A",0.793806762559674,0.432759395205009,0.536,0.57,1
"TRIM52-AS1",0.794097091936951,0.453394489826782,0.357,0.402,1
"FCHO1",0.794400847043197,0.287445508816424,0.107,0.093,1
"IER5",0.794667494241359,0.405456308562387,0.196,0.187,1
"GRB2",0.796085315533725,0.28125644290103,0.661,0.729,1
"SENP2",0.796492450817391,0.357048743182866,0.232,0.206,1
"TMEM131L",0.797093350416471,0.517319509281138,0.125,0.112,1
"TACO1",0.797093350416471,0.303137353991077,0.125,0.112,1
"DPYD",0.797155257182761,0.515901729976994,0.214,0.243,1
"ECPAS",0.797336683271705,0.627189456806611,0.232,0.262,1
"PEX19",0.797672457750941,1.29550335345169,0.161,0.15,1
"ATXN1L",0.797989523958938,-0.310744669333685,0.125,0.14,1
"ACACA",0.797989912117334,0.329727335642526,0.143,0.131,1
"CCP110",0.79867968471569,0.349341552769371,0.286,0.271,1
"AATF",0.798900620832475,0.321599450181451,0.429,0.383,1
"LINC02256",0.799018002526669,0.356831165057335,0.321,0.299,1
"SEMA3C",0.799130041027201,1.34803698224011,0.179,0.206,1
"SYTL3",0.799134930637259,0.86824077101484,0.125,0.121,1
"BIN1",0.799765241588938,0.388304050546847,0.393,0.449,1
"MMP28",0.799824678916864,-0.263444384367307,0.143,0.159,1
"RTCA",0.799935279706634,0.319611650148756,0.268,0.299,1
"UBE2W",0.800298583124002,0.373484259870488,0.286,0.327,1
"AC026979.2",0.800808240083762,-0.493007794576956,0.143,0.15,1
"ZDHHC12",0.801532966135035,0.40282972572177,0.321,0.318,1
"UFSP2",0.801623832749216,0.481408921953305,0.286,0.29,1
"AC007383.2",0.802536694106168,0.339787072909703,0.143,0.131,1
"MAGI2-AS3",0.802678155850735,0.250613500116826,0.25,0.234,1
"UBFD1",0.804028412517016,0.325087607767402,0.286,0.262,1
"PRKAB1",0.804881449106325,0.658335476056486,0.107,0.103,1
"AC142472.1",0.805349315542151,0.270631436187625,0.214,0.196,1
"RBM48",0.805895445508094,0.613380998809997,0.214,0.215,1
"MARCH8",0.805895445508094,-0.38948864267602,0.214,0.215,1
"DROSHA",0.806005387832187,0.340011764133215,0.179,0.159,1
"MZB1",0.806016159381654,0.29398601388119,0.304,0.299,1
"MOGS",0.808096575197771,0.466608926036402,0.232,0.234,1
"ABCC4",0.80809681261471,0.510390009930324,0.232,0.234,1
"RPP21",0.809224378212704,0.381747278606323,0.321,0.327,1
"AL118516.1",0.809584688059314,-0.297141693306142,0.143,0.15,1
"FBXO4",0.809664598369157,0.954120672340904,0.214,0.215,1
"POLK",0.809800766968111,0.413348963035437,0.339,0.336,1
"ZNF189",0.810102596442235,0.262080922237109,0.089,0.103,1
"UBXN2B",0.810452474346486,0.328920206665349,0.196,0.187,1
"MGAT5",0.810829593720127,0.393558574441655,0.196,0.196,1
"MUL1",0.81165019462963,0.432103115291011,0.143,0.131,1
"ZNF436-AS1",0.811650218509078,0.338762315116114,0.125,0.112,1
"FAM13A",0.811650218509078,0.25885323445202,0.125,0.112,1
"MRPL13",0.811747669336292,0.412855385589571,0.375,0.383,1
"ZNF524",0.812949977353801,0.548609616608504,0.179,0.168,1
"ZDHHC9",0.813981983494061,-0.367613347242165,0.143,0.15,1
"ZBED4",0.81410887003277,0.398759031733446,0.339,0.318,1
"NOP2",0.814662031732223,-0.417896566981912,0.125,0.103,1
"PRR34-AS1",0.815094118984081,0.521623971765904,0.107,0.103,1
"OLMALINC",0.815353882342642,0.418106731171781,0.107,0.093,1
"KLRB1",0.815353882342642,-0.679283399140993,0.089,0.103,1
"PDHA1",0.815589894304156,0.482063338226354,0.411,0.43,1
"MAP4K3-DT",0.815856600700628,0.308077471917758,0.286,0.271,1
"REXO4",0.816922222981174,0.259803347334064,0.339,0.374,1
"CHM",0.817159609150654,0.411825044630915,0.214,0.252,1
"UNC45A",0.818650013931405,0.41256122530359,0.232,0.262,1
"LHFPL2",0.81895348409789,1.03449210547782,0.107,0.121,1
"EPDR1",0.81895348409789,0.801831652789325,0.107,0.121,1
"CASK",0.81895348409789,0.682201920586171,0.107,0.121,1
"SPPL2B",0.819076031739763,0.658884691030287,0.214,0.243,1
"ZNF138",0.819134012135799,0.897201297349057,0.232,0.224,1
"P4HB",0.819415466716605,-0.250908315488582,0.482,0.533,1
"PLOD3",0.819618320242649,0.530421021343175,0.143,0.14,1
"CENPJ",0.819618655417844,1.27903042913266,0.143,0.14,1
"RBM42",0.820329897152768,0.32402850728317,0.393,0.402,1
"NFYC",0.820357820042967,0.480383508483891,0.179,0.196,1
"ARL5B",0.820357820042967,0.338920838226937,0.179,0.196,1
"FAM229B",0.820432424276193,0.352555728364865,0.25,0.252,1
"C18orf21",0.821060140532114,0.325602556559831,0.321,0.29,1
"ZNF800",0.821074369292852,0.358967590513136,0.375,0.383,1
"VCPIP1",0.821370735707288,0.389998561014483,0.286,0.262,1
"LINC00623",0.821966433782901,0.472717390472999,0.268,0.252,1
"RPARP-AS1",0.822241360492733,0.313388576425158,0.286,0.318,1
"REXO2",0.822290683459363,0.264005339150109,0.446,0.467,1
"TMEM101",0.822735873261242,0.284984809318198,0.304,0.299,1
"RASSF3",0.822794050589101,-0.330692693183574,0.143,0.15,1
"CSPP1",0.823013082568928,-0.414737522417761,0.357,0.346,1
"QSER1",0.823596054131107,0.693928780303316,0.161,0.15,1
"SAP30L",0.823707956153572,0.864387186447867,0.179,0.178,1
"SLC39A10",0.824840620382596,0.452603101890416,0.464,0.477,1
"MYLIP",0.825349357953109,0.26730873027756,0.179,0.168,1
"MYOM2",0.825881147513454,-0.304172176555441,0.107,0.093,1
"SYCE1L",0.825881147513454,0.386705839908754,0.089,0.103,1
"RRM1",0.826314919592885,0.293126758365161,0.196,0.187,1
"POM121",0.826585719235998,0.337502516889064,0.286,0.299,1
"STAP1",0.827936256420921,0.27104149261972,0.161,0.15,1
"MAP3K3",0.829952774461929,0.886290596377822,0.143,0.131,1
"ARHGDIA",0.830331875941595,0.275439610399058,0.536,0.561,1
"TTLL1",0.830471687560607,0.63337219707102,0.107,0.103,1
"PHF6",0.83073671377441,0.279979030091058,0.464,0.477,1
"CNDP2",0.831126521941171,0.671226752207934,0.286,0.308,1
"ARMT1",0.831156669266784,0.268620410786454,0.089,0.103,1
"COASY",0.832118042126154,0.293512564210839,0.214,0.234,1
"RELCH",0.83228203327352,0.928950032570025,0.179,0.196,1
"BCOR",0.832369374692388,-0.282988237475121,0.214,0.215,1
"TENT5A",0.832636806196835,-0.751734594509927,0.393,0.402,1
"ZNF24",0.832705510304054,0.324981226874034,0.571,0.617,1
"WASHC2A",0.83293477826664,0.465344253253933,0.232,0.262,1
"KIF3B",0.833606623866485,0.359022260229381,0.107,0.121,1
"SLC16A7",0.833640088486743,0.396382428473478,0.179,0.168,1
"SLC37A1",0.834346786105549,0.526648902078185,0.196,0.215,1
"ZNF143",0.834661686913321,-0.358140022196494,0.107,0.112,1
"HIBCH",0.83502034027156,0.492472634769382,0.393,0.393,1
"ODR4",0.835836359872471,0.287317269187698,0.214,0.234,1
"IFT122",0.836054589354584,0.298566395248428,0.125,0.112,1
"NRBF2",0.836140196168489,0.295942806238191,0.268,0.252,1
"TOE1",0.836632313610344,0.279630952217586,0.161,0.15,1
"TCTA",0.836632313610344,0.288189972014173,0.161,0.15,1
"IGSF10",0.837118250339544,0.436865854410388,0.429,0.505,1
"LATS1",0.837172978092241,0.295394487642846,0.232,0.243,1
"ZNF426",0.838015948070118,0.37768645520701,0.161,0.187,1
"CRISPLD1",0.838270924630865,-0.531878073664058,0.125,0.131,1
"ELAC1",0.838270924630865,-0.414725343428298,0.125,0.131,1
"SFXN1",0.83880080827908,0.298105720909154,0.268,0.271,1
"TAP1",0.83880080827908,-0.413048130779539,0.268,0.271,1
"BCL9L",0.838809494858186,0.465385540496756,0.143,0.159,1
"DCTN6",0.838965625269383,0.275238273958165,0.375,0.393,1
"SAV1",0.838997818692486,0.250436933545208,0.25,0.234,1
"SLC35B3",0.839139449460718,0.303909391757058,0.125,0.14,1
"SPATS2L",0.839139449460718,0.322334165020314,0.143,0.131,1
"FBXO42",0.840064443597595,0.444202183177548,0.179,0.178,1
"PEX16",0.840701004024986,0.341146930496241,0.268,0.299,1
"MMP24OS",0.841087830919164,0.372154795476229,0.446,0.458,1
"SLC35E2B",0.841393919050464,1.10640731991641,0.161,0.159,1
"ARAP2",0.841711692126194,-0.435812412217437,0.161,0.168,1
"ZNF746",0.84173033931063,0.801737450088606,0.107,0.093,1
"HIST1H1B",0.84178622555663,0.315172766002964,0.268,0.28,1
"MYO9A",0.841891168959374,-0.36672307289144,0.25,0.252,1
"BASP1",0.841921984679521,-0.286264789557451,0.446,0.421,1
"TMEM63A",0.841949358241611,0.302355451794662,0.161,0.178,1
"DUSP2",0.842042746618675,0.922245697212818,0.125,0.121,1
"SLC43A2",0.842042746618675,1.36882456807992,0.125,0.121,1
"AC020915.2",0.842042746618675,0.496074397876801,0.125,0.121,1
"TDP1",0.843741102502575,0.42063045780157,0.143,0.131,1
"HOXA7",0.844095370807803,0.361097011968639,0.25,0.243,1
"BARD1",0.844164672536818,-0.39860302391827,0.179,0.178,1
"MTM1",0.845348380264062,0.336791526529955,0.161,0.15,1
"TRMO",0.845914456536033,1.19037754850868,0.107,0.103,1
"LAT",0.845914456536033,0.647073999957677,0.107,0.103,1
"ABCB1",0.846242366622014,0.471478478907728,0.196,0.187,1
"TBC1D5",0.847772444372644,0.490237102731592,0.375,0.364,1
"LCORL",0.848002603630376,0.541039898823807,0.214,0.196,1
"ARID4A",0.84863506784656,0.485299455977358,0.554,0.542,1
"RIMKLB",0.84897302643685,0.62735255566425,0.286,0.318,1
"VPS13C",0.84939967045486,0.271524034814212,0.625,0.72,1
"CD247",0.849732683663951,-0.646771567463947,0.107,0.112,1
"TMEM70",0.849843238981079,0.381008451310099,0.268,0.262,1
"MPHOSPH10",0.851446075564262,0.321411917111631,0.429,0.495,1
"ZNF362",0.851897936576164,0.364969089749968,0.143,0.159,1
"DLG1",0.852068454119713,0.297076495653902,0.446,0.439,1
"HARS",0.852327572895173,0.426583996780078,0.286,0.318,1
"RNASE6",0.852332630448551,0.366261183057988,0.089,0.103,1
"ZNF154",0.852332630448551,0.480270745233075,0.089,0.103,1
"SLC10A3",0.852332630448551,0.347377014720728,0.089,0.103,1
"TMEM97",0.852377702831384,0.687613734226851,0.179,0.178,1
"C12orf29",0.853600489992063,0.414307530144227,0.214,0.206,1
"PEX26",0.855918641506268,0.703883197298179,0.232,0.234,1
"CCDC152",0.856243937161013,0.270653207082699,0.179,0.196,1
"PPM1K",0.857607154600825,0.279909472011758,0.429,0.439,1
"CREB3",0.858422284449562,0.497438196926956,0.161,0.196,1
"STRN",0.858621933321297,0.493679288569046,0.339,0.402,1
"POC1B",0.858632798220712,-0.304822694772779,0.161,0.168,1
"TIMM10",0.859541605409331,0.342714068897438,0.339,0.393,1
"KRBA2",0.859810642671044,-0.295352761228962,0.107,0.112,1
"SLC8B1",0.859810967304472,-0.419709678174356,0.107,0.112,1
"LINC00205",0.859810967304472,-0.629183118931304,0.107,0.112,1
"EPC1",0.860107437732925,0.269133493354323,0.696,0.766,1
"TBC1D10B",0.860617814168816,0.452848534802117,0.125,0.112,1
"PRPF38A",0.860713840523622,0.416392981310484,0.554,0.561,1
"ANKRD26",0.861416646728822,1.11606827001327,0.107,0.103,1
"C16orf86",0.861416646728822,0.261985872068121,0.107,0.103,1
"CACNB2",0.86296167203497,0.811544756417635,0.089,0.103,1
"PRCP",0.862969658478068,-0.388270516616515,0.286,0.29,1
"CKS2",0.863148865535122,0.460475761421269,0.411,0.411,1
"RSAD1",0.864261931126967,0.664813098921811,0.179,0.196,1
"BRAP",0.864727046314847,-0.339342866382339,0.179,0.178,1
"TMEM154",0.864770294034272,0.811271231157195,0.143,0.14,1
"KRBOX4",0.865027295741777,0.753790715107244,0.143,0.159,1
"SERPINE2",0.865898203459594,0.362325215761317,0.429,0.486,1
"GPCPD1",0.866636859603749,0.336381961166631,0.321,0.308,1
"IL32",0.866826389802188,0.270206776724734,0.125,0.14,1
"MCOLN1",0.866826389802188,0.258649567121502,0.125,0.14,1
"DTX3L",0.867542734429801,0.707772579955159,0.268,0.262,1
"GPX7",0.867888596704172,0.35404360088648,0.286,0.271,1
"WDR82",0.868054329769068,0.524004968574237,0.429,0.467,1
"RARA",0.8682190679802,0.450677798124822,0.25,0.262,1
"HOOK1",0.868285635667579,-0.286792504660147,0.107,0.093,1
"GID8",0.868552503875604,0.287519538284709,0.482,0.486,1
"ANKRD11",0.869252605315185,0.276005392965625,0.679,0.72,1
"BEX1",0.869312411936248,1.46191418468523,0.143,0.14,1
"AC083798.2",0.869412228383942,0.574700664984305,0.143,0.159,1
"SOS1",0.869989086777362,0.555560099425353,0.357,0.374,1
"TOMM70",0.870683803896809,0.314099269689773,0.25,0.252,1
"LRR1",0.870919322093979,0.501472517564046,0.125,0.121,1
"PLPP5",0.871213643262578,0.300539542077689,0.339,0.402,1
"NUDT19",0.871457770064315,0.617101599507749,0.143,0.131,1
"RPS6KC1",0.871580726400371,0.309165571571183,0.321,0.327,1
"EXOC8",0.872951744877408,1.42665265066639,0.107,0.121,1
"BOLA2B",0.872951744877408,0.380911199222099,0.107,0.121,1
"AL117379.1",0.873615578888172,0.368078327608883,0.089,0.103,1
"ATL3",0.87412390837394,0.443455157423986,0.321,0.318,1
"MSMO1",0.874304017811692,0.281539090877531,0.196,0.187,1
"YTHDC2",0.874346813124005,0.446791358645099,0.214,0.215,1
"PHIP",0.874358762271636,0.442813008981037,0.554,0.589,1
"HTRA2",0.875047744655443,0.419439728769743,0.286,0.308,1
"HERC1",0.875096775526031,0.476010968552069,0.554,0.561,1
"LARP7",0.8751891717375,0.288651701261503,0.554,0.626,1
"HPS4",0.875372837511477,0.341400908731262,0.429,0.43,1
"SEC24C",0.875835251807134,0.280342259323799,0.161,0.159,1
"POT1",0.875997122393678,0.554771623200109,0.161,0.15,1
"DUS4L",0.877109517385947,0.419255519179476,0.179,0.178,1
"KAT5",0.877349750186729,0.5435635719881,0.196,0.206,1
"ZBTB33",0.877504727333086,0.529034209632099,0.232,0.243,1
"SMG6",0.87818137819044,0.290711079041567,0.232,0.234,1
"MT1X",0.878326622178269,0.283237187248301,0.196,0.187,1
"NRDE2",0.878357385238142,0.317606059592243,0.304,0.318,1
"FBXO45",0.878409449296921,-0.389496165346882,0.143,0.14,1
"SELENOS",0.878571763652961,0.372131645881293,0.375,0.43,1
"DBI",0.878906064614475,0.850861169958803,0.768,0.869,1
"CALHM2",0.8789512639422,-0.627795005511702,0.107,0.093,1
"VPS11",0.879480857899293,0.422893257566172,0.214,0.224,1
"ETF1",0.879507504502892,0.413550631902734,0.411,0.43,1
"C2CD5",0.880158399716836,0.666856791499948,0.161,0.159,1
"CNOT6",0.88046074901038,0.398207559151625,0.25,0.243,1
"GOLGA8A",0.880585207050988,0.333897215077946,0.125,0.121,1
"MIATNB",0.880585207050988,0.462438142128578,0.125,0.121,1
"SNX10",0.880679074970465,0.462662377028077,0.339,0.402,1
"OTULIN",0.880700314262509,0.353908846034722,0.196,0.215,1
"STX4",0.881711126066353,0.420673646664419,0.304,0.318,1
"NDST2",0.882168262109723,0.656864995769128,0.107,0.103,1
"NFKB1",0.882209346828122,0.322113203963059,0.304,0.346,1
"ZHX1",0.88263023055771,0.328848185125062,0.321,0.299,1
"ADD3",0.88310443169961,0.291871061237374,0.464,0.449,1
"IFT52",0.883622733077378,0.385259993374713,0.286,0.29,1
"SLC1A5",0.88429245229257,-0.412578765653826,0.107,0.093,1
"XRCC1",0.884485122548575,0.378767981954436,0.161,0.159,1
"RSF1",0.884558692738557,-0.250409159004955,0.643,0.626,1
"PIP5K1B",0.885103272629355,0.660099863341873,0.107,0.112,1
"L3MBTL2",0.885103272629355,-0.271175356020315,0.107,0.112,1
"BAZ2A",0.885163943414976,0.339843083354851,0.518,0.523,1
"CENPV",0.885308882611927,0.276766181503049,0.268,0.262,1
"ZXDC",0.885862080459242,0.501129578040958,0.214,0.215,1
"SLC25A11",0.885922251859921,0.279765825724339,0.375,0.364,1
"RAP1GDS1",0.88600866421836,0.564106246920307,0.304,0.308,1
"CKLF",0.886405338230593,0.525857082021023,0.536,0.626,1
"RABGEF1",0.886990824389725,0.259392820495068,0.143,0.159,1
"TRPC4AP",0.887123981770239,0.491887616831665,0.268,0.28,1
"TNFAIP8L2",0.887369765988605,0.72860355036855,0.107,0.103,1
"ZNF420",0.887369765988605,1.22046800355138,0.107,0.103,1
"NFIA",0.887766700537571,0.72929609837013,0.25,0.243,1
"ERCC6L2",0.888000679121968,0.548422925237019,0.25,0.28,1
"SLC35D2",0.888947482017535,0.37786498534091,0.375,0.421,1
"MOSPD3",0.889138337215962,0.455496233853865,0.196,0.206,1
"PRKG2",0.889350124191652,0.265673822475303,0.232,0.234,1
"COPS7B",0.889523309945651,0.983199597200603,0.143,0.15,1
"PPP5C",0.890025838731876,0.903329004788116,0.125,0.14,1
"MARVELD1",0.890268915734758,0.490138243085196,0.125,0.121,1
"RASSF1",0.891681931637374,0.291976227056871,0.5,0.505,1
"GLG1",0.892155148237537,0.410789309091531,0.429,0.467,1
"P2RY14",0.892749195101792,1.15843103691232,0.107,0.121,1
"HELB",0.892749195101792,1.00811120592637,0.107,0.121,1
"VIRMA",0.894733401292076,0.331591483292553,0.286,0.299,1
"MEGF9",0.894990381013265,0.416824382464108,0.089,0.103,1
"PSMC5",0.895024401890041,0.296475540789102,0.75,0.766,1
"PMAIP1",0.895069212524587,1.41385473307109,0.25,0.28,1
"PADI4",0.895082200460382,0.342981056265911,0.232,0.252,1
"EZR",0.896343716977301,0.261829122589747,0.446,0.449,1
"RYBP",0.896456924204898,0.523993131056485,0.429,0.505,1
"PNPLA4",0.896808316104785,0.372178924212458,0.232,0.234,1
"SMU1",0.896872347729096,0.254884218883563,0.518,0.523,1
"CDK5RAP3",0.897162477867783,0.455281848047753,0.304,0.299,1
"LTBP4",0.897485467040873,0.334980877877286,0.161,0.159,1
"VGLL4",0.897641764118984,0.367696558434336,0.339,0.336,1
"ANKZF1",0.897756190151668,0.397994524373517,0.196,0.196,1
"PAM",0.897786541489716,0.549443967981269,0.107,0.103,1
"HIST1H2AG",0.897812479388783,0.310853739215438,0.179,0.178,1
"PARN",0.898743339021691,0.306332071426415,0.25,0.243,1
"AP1S1",0.899563877383327,0.255425553546736,0.268,0.262,1
"COBLL1",0.899680261835506,1.1253096225825,0.125,0.131,1
"AOPEP",0.899680261835506,0.494318959888236,0.125,0.131,1
"SPRYD7",0.899969022097407,1.07875780972735,0.125,0.121,1
"BIN3",0.901203761067924,0.467863915487002,0.161,0.168,1
"BRWD1",0.901217853878013,0.693588820875038,0.482,0.486,1
"WIPF2",0.902406633932686,-0.322680322284049,0.25,0.243,1
"AC244090.1",0.902673836014842,0.53990021245219,0.107,0.121,1
"SCARB1",0.903001657284021,0.700376850574953,0.107,0.103,1
"TECPR2",0.903001657284021,0.328300661086824,0.107,0.103,1
"ZNF700",0.903001657284021,0.253985967194211,0.107,0.103,1
"MYCBP",0.903314767080284,0.399156340961975,0.214,0.234,1
"LRMP",0.90355951474746,0.325638011622175,0.286,0.327,1
"POLR2I",0.903867838641045,0.286208325808006,0.571,0.626,1
"DACH1",0.904116197264151,0.440184038217504,0.25,0.262,1
"ITGA2B",0.904433909005591,1.13533325881272,0.125,0.131,1
"CCZ1B",0.904625195594414,0.348331393035464,0.143,0.159,1
"NFU1",0.904849205433488,0.27710565609097,0.446,0.477,1
"TIGD2",0.905423038975388,0.455520786516716,0.107,0.112,1
"PEX1",0.90708880935445,0.56523969565634,0.214,0.234,1
"LYST",0.907385725758732,-0.330372337237599,0.179,0.187,1
"PDP1",0.90747132727254,0.404779739035201,0.143,0.15,1
"SLC11A2",0.90747132727254,0.435989838416825,0.143,0.15,1
"RASA4",0.908220961606897,0.398050052829641,0.107,0.103,1
"PYROXD2",0.908220961606897,0.526183852459662,0.107,0.103,1
"BDNF-AS",0.908220961606897,0.291019189876299,0.107,0.103,1
"SESN1",0.908839298825754,0.329258376343794,0.196,0.206,1
"SLC35E1",0.909739383826426,-0.350529387149593,0.25,0.243,1
"NOTCH1",0.911250709068145,0.848632985892207,0.161,0.15,1
"C12orf75",0.911281564285265,0.309462714494439,0.286,0.29,1
"IMPAD1",0.911484593799558,0.91385828582799,0.179,0.187,1
"AKAP17A",0.911508862345195,0.52990458797396,0.321,0.393,1
"C20orf27",0.911751433706938,0.400191942525077,0.232,0.234,1
"SGSM3",0.911751433706938,-0.296568559204172,0.232,0.234,1
"GPATCH8",0.912118163720862,0.358769871455274,0.446,0.421,1
"REL",0.913332170458888,0.303980953995127,0.411,0.43,1
"PLEKHM3",0.91344423114753,0.481311515258192,0.107,0.103,1
"GLE1",0.91344423114753,0.324029296547996,0.107,0.103,1
"AKT3",0.913459379557726,0.400306485043333,0.25,0.29,1
"AGPAT3",0.913460608663424,0.484649451540696,0.143,0.159,1
"KCTD20",0.913529447883454,0.484136353289981,0.375,0.374,1
"APEH",0.913753556250632,0.337028530387669,0.214,0.224,1
"RECK",0.91454678987619,0.309612564335105,0.125,0.121,1
"SLC9A3R1",0.915744127119493,0.459619231047684,0.518,0.514,1
"GDPD1",0.916463670131871,0.938663692048568,0.143,0.15,1
"NUDT22",0.916500557741875,0.416562162774803,0.286,0.318,1
"LZTFL1",0.917088837142628,0.685989889497352,0.357,0.355,1
"REV3L",0.917373540122987,0.396092427625121,0.339,0.336,1
"IKZF2",0.917822697780586,-0.656900144930845,0.25,0.252,1
"PLIN2",0.918214411576296,-0.270525756562955,0.286,0.29,1
"MIGA2",0.918671242081176,0.375592006023992,0.107,0.103,1
"PWWP2B",0.919412687549666,0.378731961378752,0.125,0.121,1
"MTG1",0.919871109331492,0.266626594746265,0.268,0.271,1
"KMT2E-AS1",0.920704350326466,0.393710962343286,0.107,0.112,1
"MYH11",0.920704350326466,0.69802752713056,0.107,0.112,1
"ATG101",0.921637714766701,0.660478784860931,0.161,0.178,1
"CCPG1",0.921876045265067,0.256611548367396,0.375,0.383,1
"TP53I13",0.921895668571757,0.336829094289337,0.446,0.439,1
"FYTTD1",0.922515688140882,0.506303196904768,0.5,0.57,1
"USP42",0.923901770097934,0.291707033689154,0.107,0.103,1
"UBAP2",0.923961222121626,0.463141147606452,0.357,0.364,1
"GLMN",0.924112023955448,0.79687426528386,0.143,0.14,1
"PKP4",0.924112023955448,0.832048906220771,0.143,0.14,1
"TRIM23",0.924112023955448,0.398812844035857,0.143,0.14,1
"SLC35B4",0.924281604802317,0.324733197481081,0.125,0.121,1
"AC064807.1",0.924281604802317,0.299299046682343,0.125,0.121,1
"EREG",0.924702843027825,0.292050547206366,0.357,0.383,1
"SYNRG",0.925094487422162,0.252868741726546,0.411,0.411,1
"FHIT",0.925153482796191,0.538114765602704,0.286,0.29,1
"EZH1",0.925574630437736,0.347776063610346,0.232,0.243,1
"GANAB",0.925725317439938,0.325337965540475,0.393,0.393,1
"GEMIN4",0.92580491771572,0.474006317581772,0.107,0.112,1
"TWISTNB",0.925874980034738,0.307159684197511,0.5,0.598,1
"CAPN7",0.925988810408877,0.571960682162282,0.214,0.234,1
"YTHDC1",0.926257677682021,0.287211179407263,0.625,0.692,1
"STK25",0.92661858424629,-0.351671386143574,0.214,0.196,1
"CDKN2AIP",0.926926338205275,-0.738187937218943,0.268,0.243,1
"TRIM24",0.927170001054247,0.263825758035331,0.482,0.514,1
"RNF146",0.927902548043116,0.327898230712691,0.179,0.187,1
"SLC25A32",0.927920843666456,-0.35663959300083,0.161,0.159,1
"RUNDC1",0.928698636969455,-0.274215871438613,0.143,0.14,1
"VTI1A",0.928748253461738,0.616810488913208,0.25,0.252,1
"MKNK1",0.92884110779549,0.92936467018882,0.179,0.196,1
"PTCD2",0.92913559043162,1.16343440551941,0.107,0.103,1
"LAIR1",0.929182592783183,0.395943243321167,0.393,0.402,1
"MCM3AP",0.931667458264189,-0.268810938831447,0.232,0.224,1
"NCOR2",0.931781329808161,0.415214954349013,0.232,0.252,1
"DYRK1A",0.932162500311055,0.422599368337193,0.429,0.495,1
"COA8",0.933312860115893,0.300052748470331,0.375,0.393,1
"RAD51-AS1",0.933736488082011,0.28145930595839,0.196,0.196,1
"YIF1A",0.933973596668709,0.373022726586133,0.357,0.374,1
"CIAO2A",0.934116850526352,0.479088063420921,0.411,0.458,1
"FRMD4B",0.935361780118474,0.54723776181424,0.429,0.505,1
"ARRB2",0.935732209485731,0.300784867264443,0.393,0.411,1
"MRRF",0.936014997987331,1.30920051021969,0.107,0.112,1
"C2CD2",0.936014997987331,0.270611493835637,0.107,0.112,1
"SPATA13",0.93612339661094,0.279269541343706,0.179,0.187,1
"DIAPH2",0.936474184514221,0.754021210273407,0.286,0.308,1
"KANSL1L",0.937349586556672,0.639498880844374,0.214,0.234,1
"WASL",0.937973971796806,0.430553363888342,0.232,0.234,1
"COTL1",0.938340033490602,0.376090846530889,0.375,0.402,1
"PSMD1",0.938488055290156,0.369004930411795,0.411,0.449,1
"NAT9",0.939203555312421,0.376396576592041,0.196,0.215,1
"FAM214B",0.940026747376878,0.641421413494502,0.143,0.159,1
"SESTD1",0.940472758205231,0.326310910586835,0.196,0.206,1
"FAM217B",0.941753160212063,-0.419654012167434,0.196,0.196,1
"COMMD4",0.942225835560246,0.367683165901705,0.393,0.421,1
"ACAA2",0.942453438982615,0.27839822121588,0.429,0.411,1
"MTF1",0.94257222795994,0.821131401822164,0.125,0.131,1
"MIR4435-2HG",0.943419910361252,0.524772982165056,0.268,0.28,1
"TMEM87B",0.943783838981063,-0.43045793411986,0.125,0.121,1
"CEP78",0.943783838981063,-0.272716887399691,0.125,0.121,1
"KAT6B",0.943866552878112,0.28750843400549,0.554,0.626,1
"TRPS1",0.944200691652717,0.638844724709745,0.429,0.495,1
"NPRL3",0.944355459254628,0.366632696184584,0.214,0.224,1
"MAF",0.944434589806945,0.407682805990306,0.196,0.206,1
"EVI2A",0.944767555505317,0.586332593610171,0.321,0.327,1
"FER",0.945362864536018,-0.354093250766562,0.161,0.159,1
"UBN1",0.945602097452301,0.390376244480369,0.268,0.29,1
"SLC25A13",0.945763761454459,0.456059698632794,0.196,0.196,1
"IRF3",0.945993470745133,0.471879087100439,0.375,0.393,1
"RPAP3",0.94600278562188,0.393153373083239,0.286,0.29,1
"PGAP1",0.946235611837303,0.549208881425354,0.107,0.112,1
"ITGAM",0.946235611837303,0.289550737514613,0.107,0.112,1
"PGAM1",0.946353535026156,0.307561753161464,0.411,0.458,1
"NEPRO",0.947863618235872,0.305609777001493,0.232,0.243,1
"ARCN1",0.94825258065638,0.690325792446543,0.357,0.43,1
"FAM3C",0.94831048232017,-0.254655897526248,0.286,0.262,1
"DUSP3",0.948467417761763,0.678092239374653,0.179,0.187,1
"BUD23",0.94866557678932,0.394927190619466,0.411,0.421,1
"MTX2",0.949481657257004,0.330268967945561,0.286,0.29,1
"VPS33A",0.949681978151716,0.550214393568131,0.268,0.262,1
"MKRN2",0.949775737745189,0.496877955347286,0.196,0.196,1
"LIMD1",0.949775737745189,0.471992795382037,0.196,0.196,1
"SNAPC5",0.949775737745189,0.323175748795485,0.196,0.196,1
"GLIPR1",0.949916380659604,0.491546691778907,0.429,0.477,1
"NBPF9",0.950099285267149,0.383843349753803,0.107,0.103,1
"GDAP1",0.950099285267149,0.297906201922741,0.107,0.103,1
"INVS",0.950099285267149,0.530483795941052,0.107,0.103,1
"CASTOR3",0.951349344980232,0.291049401919222,0.107,0.112,1
"FOCAD",0.951349344980232,0.92162944151264,0.107,0.112,1
"TSPYL2",0.95166421270204,-0.347556798028868,0.143,0.14,1
"B4GALT4",0.952528577387507,1.21448581939444,0.143,0.15,1
"SBNO1-AS1",0.952528577387507,0.326693379656654,0.143,0.15,1
"YEATS4",0.952753881125452,0.407494447244017,0.375,0.411,1
"TEX30",0.953297289913521,0.48366295376809,0.286,0.299,1
"AZIN1-AS1",0.95354834559556,-0.281586836806582,0.125,0.121,1
"RHOQ",0.953931424190849,0.347253304321499,0.286,0.318,1
"CCDC174",0.95412984581719,0.318525649574605,0.375,0.402,1
"RNF114",0.95525402823152,0.504908355407891,0.446,0.523,1
"RAB3GAP1",0.955336322151986,0.262024796141608,0.304,0.299,1
"AC092683.1",0.956327942856254,0.470407057178441,0.196,0.206,1
"SNAP47",0.956703761929718,0.627048060101434,0.179,0.187,1
"PHKA2",0.956703761929718,0.479497581413415,0.179,0.187,1
"ZNF791",0.957268355883241,1.21078300510832,0.179,0.196,1
"ZNF644",0.957372628670642,0.499051014486078,0.5,0.551,1
"GMDS-DT",0.957549352334753,0.558538553093225,0.268,0.28,1
"ZDHHC17",0.957562030204175,0.323970881168462,0.25,0.243,1
"GOLPH3",0.95772771879623,0.397589326552195,0.5,0.589,1
"ACSF3",0.958308377466715,0.861322431445492,0.25,0.262,1
"KIF27",0.958433307112479,1.04781404769378,0.125,0.121,1
"CLIP4",0.958462052222839,0.667129554502848,0.161,0.159,1
"ZNF660",0.958462052222839,0.562422986451992,0.161,0.159,1
"VMAC",0.958462052222839,0.690885502136147,0.161,0.159,1
"REXO1",0.96059501401136,0.348585959713857,0.107,0.103,1
"ZNF525",0.96059501401136,-0.299519293913054,0.107,0.103,1
"NRSN2-AS1",0.96059501401136,0.255276251797785,0.107,0.103,1
"C6orf226",0.960721080837329,0.251140989793859,0.339,0.355,1
"TXNDC5",0.961251704876907,0.358415307096445,0.304,0.327,1
"LIPT1",0.961582613470096,0.373866126533226,0.107,0.112,1
"USP37",0.961582613470096,0.259332400744711,0.107,0.112,1
"WDFY4",0.961696427485275,0.293067894801768,0.125,0.131,1
"PPP1R8",0.962746732019891,1.17557421756411,0.232,0.243,1
"TIMP2",0.963526341478359,0.26283421058645,0.214,0.224,1
"MRPL14",0.963612781825915,0.317855106449805,0.375,0.402,1
"TMEM248",0.964618807247004,0.529509475834599,0.304,0.327,1
"ECD",0.965835363282646,-0.337906104714243,0.214,0.187,1
"RAB27A",0.965835363282646,0.319539637891401,0.196,0.196,1
"TMEM138",0.965843403144106,0.454088720367831,0.25,0.271,1
"OBI1",0.967009233852077,0.514786582809488,0.214,0.215,1
"UBXN7",0.967189803543798,0.312636693883678,0.393,0.421,1
"FOSB",0.967363405991254,0.60367644355143,0.214,0.224,1
"PMM2",0.969852691466631,0.270253173785974,0.196,0.196,1
"LARS",0.970048555853259,0.275842182707896,0.643,0.645,1
"CLEC11A",0.97065319132636,-0.334141510258091,0.464,0.411,1
"MAP3K2",0.970759371462567,0.427105339708999,0.429,0.439,1
"GNG10",0.971058019083718,0.296766094353769,0.411,0.477,1
"ZCWPW1",0.9710975770228,0.326547429972295,0.107,0.103,1
"ATG2A",0.9710975770228,0.272264555024406,0.107,0.103,1
"NINJ1",0.971822215154316,1.01665920824075,0.107,0.112,1
"PTBP1",0.972000933531642,0.549100433841129,0.482,0.551,1
"TARDBP",0.972350467981281,-0.254186977842982,0.607,0.542,1
"IRF7",0.972819697718036,-0.320197325320282,0.179,0.178,1
"ZNF384",0.972819740069085,0.407785414774767,0.179,0.178,1
"C6orf89",0.973031161323451,0.574881806864836,0.25,0.271,1
"MYADM",0.973102183725528,0.275308293107905,0.661,0.701,1
"PCID2",0.975027640285576,0.266333091499531,0.321,0.336,1
"PI4KB",0.975039713558163,0.546329956818107,0.232,0.215,1
"FAM3A",0.975039713558163,0.335058459798183,0.214,0.224,1
"MIR29B2CHG",0.975944486748794,0.427069476140055,0.161,0.159,1
"ZNF514",0.975944486748794,0.412236598392276,0.161,0.159,1
"CSNK1E",0.976049759210561,0.392420404554803,0.375,0.383,1
"MACO1",0.976221283387728,0.516711166478791,0.25,0.252,1
"GNL2",0.977809356674201,0.427492873982413,0.304,0.308,1
"AL354740.1",0.978470027022352,0.279746944784642,0.161,0.168,1
"HAUS3",0.978649467353007,0.435895086204358,0.214,0.215,1
"PURA",0.978830087289543,0.265756099063844,0.357,0.355,1
"SMPD2",0.978876460783491,1.16554019569271,0.125,0.14,1
"BBS2",0.979274306956206,0.328528509900289,0.143,0.14,1
"FBXL17",0.97964529505466,0.254162483829441,0.143,0.15,1
"IFRD1",0.979696192292127,0.33365615553335,0.232,0.252,1
"AFF1",0.979865972411515,0.286911554418031,0.589,0.617,1
"MAPK3",0.979878701363166,0.265331897316247,0.25,0.252,1
"RNF14",0.98031723052485,0.298231545198143,0.161,0.159,1
"VPS37A",0.980684406271584,0.266496695191218,0.268,0.29,1
"TOX4",0.980702041160273,0.319799920218575,0.5,0.514,1
"WDR44",0.980842692578067,0.287442157038845,0.125,0.131,1
"BCL11A",0.981709746490676,0.381253693622899,0.661,0.776,1
"DLGAP1-AS1",0.98206646367199,0.277216532402702,0.107,0.112,1
"HOXA10-AS",0.982775269004558,0.765189946730515,0.161,0.168,1
"CTDP1",0.982775269004558,0.270646830527809,0.161,0.168,1
"ABCC5",0.984112364144806,0.341494993785747,0.196,0.206,1
"LACTB",0.984112364144806,0.597075172363294,0.196,0.206,1
"CYSLTR1",0.984424519223912,0.319405878717694,0.286,0.299,1
"CHROMR",0.985561618737204,0.361017139728915,0.179,0.187,1
"KLHL28",0.986558288732547,0.429243839948145,0.214,0.224,1
"REPIN1",0.98679410196911,0.279434145348317,0.518,0.551,1
"TBC1D14",0.987081012698285,0.294291209529946,0.161,0.168,1
"FIRRE",0.987189802854184,0.450508670821123,0.107,0.112,1
"TYMS",0.988083928575052,0.255219808060622,0.196,0.206,1
"KCNK17",0.990398555205482,0.286251116317447,0.214,0.224,1
"BAALC-AS2",0.990420655919607,0.408007460967905,0.125,0.131,1
"PRKAB2",0.991106874860574,-0.571729699093705,0.161,0.15,1
"BAG6",0.991938924807656,0.357467530769105,0.357,0.374,1
"APOO",0.99211592466486,-0.264722806444792,0.107,0.103,1
"ATF6B",0.992216806740309,0.252881563230904,0.411,0.421,1
"AL359513.1",0.992313670363397,0.905896234714373,0.107,0.112,1
"CDCA4",0.992313670363397,0.266350230250674,0.107,0.112,1
"CCDC14",0.99251829629273,0.520792164283772,0.446,0.514,1
"SNHG20",0.993438485223347,0.281035341461355,0.161,0.159,1
"PDXP",0.993438485223347,0.410037907650761,0.161,0.159,1
"SHC1",0.993636119725231,-0.265832094458256,0.179,0.168,1
"KLHL20",0.993969160357935,0.270017373439852,0.196,0.196,1
"GPATCH2",0.994843840231774,0.299300915112057,0.286,0.308,1
"MRPL40",0.995209261071027,0.582009457708421,0.375,0.383,1
"RHNO1",0.995210241656628,0.403589987114877,0.125,0.131,1
"GUF1",0.995693503629366,0.81682194480147,0.161,0.168,1
"HLA-DQB1",0.99699891802116,0.634255926707599,0.446,0.505,1
"NFKB2",0.997437854894972,0.340356735306107,0.107,0.112,1
"TCF7L2",0.997878686582441,1.08352325754204,0.161,0.178,1
"FLT3",0.998099549337013,0.714335073169741,0.214,0.234,1
"MIDN",0.998466089412823,0.307614934400072,0.411,0.458,1
"TMEM87A",1,0.426977128953559,0.357,0.393,1
"RC3H1",1,0.346730701397494,0.339,0.374,1
"ATG13",1,0.483702245081082,0.268,0.28,1
"INTS3",1,0.344162956007414,0.161,0.168,1
"C9orf72",1,0.474660560610422,0.143,0.15,1
"CNBD2",1,0.261120604475752,0.161,0.168,1
"ANKS3",1,0.516878487906707,0.107,0.112,1
"SMIM3",1,0.306658267488162,0.411,0.411,1
