"Gene","p_val","avg_log2FC","pct.1","pct.2","p_val_adj"
"RNF139",1.38555018219267e-05,1.08909072163621,0.5,0.261,0.507125222184338
"ID1",8.64162518275747e-05,4.74851875131392,0.159,0.022,1
"KLF4",9.28824489416684e-05,3.28434719212975,0.144,0.015,1
"TSPAN5",0.000102186781682467,2.56692708637447,0.205,0.052,1
"PCMTD1",0.000102309996027715,0.724505787443035,0.712,0.463,1
"DDX5",0.000118707143900197,0.352160594171498,0.992,0.985,1
"TIPARP",0.00022985033626694,1.95526288940789,0.333,0.157,1
"VCAN",0.000236439212960253,-3.00027390936136,0.015,0.134,1
"HIST1H2AL",0.000286257899237481,2.86639365572705,0.144,0.022,1
"SPCS2",0.000314124887837037,0.488080201014718,0.909,0.813,1
"HIST1H1E",0.000350347000978251,0.686392900823763,0.864,0.784,1
"MRPL46",0.00036596931328794,-0.980719252985944,0.144,0.336,1
"JUND",0.000375012193258415,0.607779712993326,1,0.985,1
"SRSF5",0.000457516726662266,0.25891610341374,0.985,0.993,1
"SNHG32",0.000479708688927514,0.36398289977897,0.955,0.963,1
"DYNLL1",0.000530752941722324,0.348277429377774,0.939,0.813,1
"SENP6",0.000536067306341521,0.931709058790311,0.667,0.5,1
"RRAS",0.00063376571195684,-1.20716667579362,0.061,0.209,1
"HOXA3",0.000905696921759226,-1.49708916952594,0.076,0.224,1
"IQCB1",0.000930264501637427,1.24416951655623,0.341,0.179,1
"SDHAF1",0.000976734187877529,-1.45704552006768,0.114,0.276,1
"ARPP19",0.00132236477792435,0.522971676575995,0.727,0.567,1
"SNAP29",0.00136099559002691,0.78958735197303,0.523,0.328,1
"ZNF141",0.0013650338874689,-1.09881781156833,0.22,0.396,1
"COPS9",0.00139394829808065,0.376201884215919,0.909,0.806,1
"SAMSN1",0.00158988518843278,-1.03741039613597,0.227,0.41,1
"RNF40",0.00173147112999852,1.2405295219959,0.28,0.127,1
"NUBPL",0.00195628600398655,-1.85182994711524,0.061,0.187,1
"YY1",0.0019635488432424,0.360710972782863,0.902,0.791,1
"POGK",0.0019678994949239,1.04281427006628,0.386,0.239,1
"C20orf27",0.00198034101839688,-0.761601471160704,0.189,0.381,1
"PRKAR1B",0.00227489746520142,-1.5353173076254,0.03,0.134,1
"TUT1",0.00232599472137492,-1.47005187295778,0.03,0.134,1
"MALAT1",0.00233614865587875,0.367178273673745,1,1,1
"SIGLEC10",0.00234048080361534,-1.45719604272779,0.068,0.194,1
"MECOM",0.00238468415510826,-1.42255773903588,0.083,0.216,1
"SLC39A6",0.00256694029552682,-1.1888239595787,0.144,0.299,1
"LAMTOR5",0.00267848785221272,0.383914174538074,0.871,0.769,1
"FRMD4B",0.00273167995639178,-0.760909829080833,0.333,0.515,1
"KLF6",0.00273916898033446,1.00598967066583,0.78,0.731,1
"COX17",0.00291310115727399,0.894238940908527,0.485,0.358,1
"SEPTIN7",0.00296558761770183,0.325189126962659,0.977,0.978,1
"FAM111A",0.00299857440467626,0.569266989044004,0.5,0.343,1
"AC090204.1",0.00301569120796363,0.949196841251238,0.386,0.231,1
"SMAD7",0.00305139697023244,1.71576577131879,0.167,0.052,1
"ARRDC3",0.00352413475513905,0.619728335087369,0.636,0.5,1
"PPP2CA",0.00354659627101862,0.470808283097363,0.689,0.552,1
"PET117",0.00366405361779403,1.06479663229357,0.265,0.127,1
"ARL9",0.00382585749494774,-1.93202905520265,0.023,0.112,1
"C16orf54",0.00404885019298524,0.78837884925793,0.523,0.373,1
"MAFF",0.00412866746755627,2.22019749718354,0.197,0.082,1
"HIPK3",0.00429870980052944,0.948153181647182,0.394,0.246,1
"ARHGAP12",0.00436894614888028,2.07108376738569,0.121,0.03,1
"ASCC3",0.00437705258904695,1.02771287017698,0.303,0.164,1
"PTPN6",0.00447819685729042,-0.544746578650506,0.697,0.784,1
"DPF1",0.00448731391571201,2.20720428955987,0.144,0.045,1
"ILF3",0.00464436069269742,0.460722135649365,0.758,0.672,1
"GTPBP1",0.00475591742342418,1.39657161468672,0.197,0.082,1
"CKS1B",0.00476331562886419,0.955190235375257,0.341,0.194,1
"UTP11",0.00482077081171615,0.842278293786051,0.394,0.246,1
"CLEC9A",0.00494084085563029,-1.48021345014644,0.076,0.194,1
"TMEM222",0.00496776550469307,-1.22148158030688,0.098,0.224,1
"KIF1B",0.00514803019366531,1.32687094961202,0.144,0.045,1
"WBP4",0.00519090492399176,-0.759806580183395,0.205,0.351,1
"MAP3K1",0.00521103238047356,0.947693176669687,0.364,0.216,1
"CRELD2",0.00535139230544828,0.906983567590314,0.303,0.164,1
"KCTD15",0.00536604012310548,1.87454042049327,0.106,0.022,1
"LAP3",0.00555210598597851,0.71723865010852,0.553,0.418,1
"KDM4A",0.00558128711276106,-0.801087388255609,0.144,0.291,1
"SERBP1",0.00558349259240007,0.258515962053394,0.97,0.955,1
"NR4A1",0.0056686524272859,2.55587645321913,0.152,0.052,1
"AKAP10",0.00569510960335928,-1.72094367103991,0.038,0.134,1
"CCNY",0.00577788842609999,0.482757652984563,0.652,0.493,1
"CENPC",0.00580775328193878,-0.593678487438842,0.447,0.619,1
"CXADR",0.00595301524422719,1.30212362308423,0.106,0.022,1
"IFFO2",0.00596369114131588,2.18820454867831,0.129,0.037,1
"ZNF875",0.00599644213804677,-1.65519081871523,0.136,0.261,1
"ESCO1",0.00600037254062016,0.896225254490547,0.371,0.224,1
"TAF13",0.00602548473828855,1.66926329971497,0.182,0.075,1
"STX6",0.00607242845555339,-1.23543508248119,0.076,0.194,1
"ATP8B4",0.00614828235736883,-0.635371828958129,0.417,0.567,1
"CHCHD1",0.00619651362201022,-0.55291390178726,0.477,0.634,1
"MBTD1",0.00619738306593488,-1.09481775958887,0.258,0.388,1
"LACTB2",0.0063089089890188,-1.27708188811513,0.091,0.209,1
"NT5C",0.00648506233170559,-0.426673795044426,0.667,0.769,1
"MICOS10",0.00662894725917374,0.417109292000446,0.78,0.672,1
"TRPV2",0.00672342147330443,-0.740716723408189,0.265,0.41,1
"RBM42",0.00688609459134276,-0.754039710534674,0.311,0.485,1
"RASGEF1B",0.00703787446223782,1.32408773647706,0.258,0.134,1
"ATP2C1",0.00717298416158521,-0.25930482646046,0.508,0.694,1
"YRDC",0.00728816932610876,0.919917680464735,0.333,0.201,1
"RANBP2",0.00733104374337563,0.653552183577391,0.614,0.448,1
"DUS2",0.00746934984095156,-0.403293564926114,0.023,0.104,1
"MS4A3",0.00754695561438438,-1.43811793294311,0.061,0.164,1
"EBP",0.00777232809344825,0.529136155142087,0.545,0.396,1
"LAMP2",0.00779542289395334,-0.589053819564198,0.523,0.672,1
"PRKCI",0.00797693138206151,0.90209203406991,0.356,0.239,1
"PAPOLG",0.00797769389341991,-1.13039418500354,0.136,0.269,1
"SPTY2D1",0.00804021952014334,0.938307208422003,0.348,0.216,1
"RASSF1",0.00805177131794249,0.75796809714137,0.561,0.433,1
"LY75",0.00808154523208932,0.602105191531197,0.402,0.254,1
"MLC1",0.00826556075250876,0.600569587435633,0.455,0.299,1
"CNPPD1",0.00831040239362598,-0.626099395131288,0.235,0.396,1
"KYAT3",0.00831261066528893,-0.789307983095322,0.258,0.41,1
"WDR45B",0.0083252211799294,0.815325882757428,0.5,0.351,1
"TELO2",0.0083770964585193,-1.45767956705995,0.076,0.179,1
"S100A9",0.0084843652149305,-2.37670583507943,0.288,0.418,1
"TMEM14C",0.0085426261668986,-0.269015111467125,0.735,0.851,1
"ANAPC10",0.00855403904323992,-0.760509048693297,0.197,0.343,1
"WASHC3",0.00858537518762585,0.704457056336105,0.477,0.343,1
"CAPN15",0.0085974399363377,1.60262431211591,0.167,0.067,1
"HAUS6",0.00861894751823303,1.28668911766457,0.235,0.119,1
"CMC2",0.00866527532764884,0.544574823574215,0.53,0.388,1
"CLK3",0.00897124565398369,-0.74137365174959,0.129,0.269,1
"MRPL20",0.00897878388290857,0.504156093130199,0.758,0.709,1
"IDH1",0.00917241306640606,-1.14743065784784,0.106,0.231,1
"E2F6",0.0091833918484406,-1.43096136407169,0.053,0.149,1
"ITPR1",0.00936489354638392,0.559812521841762,0.591,0.5,1
"TESMIN",0.00936575996786489,-0.806874192319346,0.205,0.343,1
"SLF1",0.009378798354669,-1.13666351174885,0.114,0.231,1
"DTYMK",0.00938419147102577,0.693014170007072,0.326,0.179,1
"NUDT12",0.00948047585148969,-1.27264757948725,0.061,0.157,1
"ZNF248",0.00952011830610961,-1.03006128071594,0.076,0.187,1
"SPAST",0.00956138233559946,0.965175090219582,0.356,0.216,1
"TNFRSF1B",0.00994384740848226,-1.36152271443925,0.053,0.149,1
"JMJD6",0.00995879643171148,0.907791180418921,0.25,0.127,1
"JAK1",0.0102104101001894,0.357321743050766,0.902,0.761,1
"PTGER4",0.010213845773277,1.70060609347266,0.205,0.097,1
"PSPC1",0.0102175596186049,-0.721717509426748,0.348,0.493,1
"ARPC1A",0.0104697474880821,0.654943916573975,0.447,0.291,1
"C9orf43",0.0105017226346247,1.01510804570151,0.318,0.194,1
"SNW1",0.01058879081827,0.317147098403563,0.773,0.687,1
"TMBIM1",0.0106668028298109,-0.886844333364094,0.152,0.276,1
"SMIM3",0.0108266990164968,-0.772626025732576,0.341,0.507,1
"ELOA",0.0108726634200684,0.714694142345449,0.28,0.149,1
"PRF1",0.0109372810880791,1.26117306127299,0.167,0.067,1
"MTMR10",0.0109491352139111,-0.764932953534974,0.053,0.149,1
"CHMP1B",0.0109790498966322,0.681168907622855,0.636,0.53,1
"SF3B2",0.0111354150915928,0.425837565004858,0.841,0.769,1
"SAT1",0.0113582791429973,-0.446759645910727,0.727,0.813,1
"IDE",0.011360557795823,1.22829793167484,0.227,0.119,1
"ALKBH3",0.0113706621353324,-0.904895155036975,0.167,0.306,1
"HIST1H1C",0.0114635749808296,0.656873894698357,0.765,0.769,1
"GABBR1",0.0115397854541158,-1.34190251832216,0.03,0.112,1
"RAP2C",0.0115562827691946,0.917736017406529,0.341,0.209,1
"GPSM3",0.0115861360577072,-0.286807095342432,0.742,0.821,1
"MLLT10",0.0115893599358048,0.427363752432847,0.492,0.328,1
"SLA",0.011616688898598,-0.700530490919248,0.333,0.493,1
"POLR3D",0.0116250446173778,0.633635487984254,0.402,0.269,1
"INTU",0.0118068805033868,-0.507447608116374,0.061,0.164,1
"SNHG3",0.0118419963401705,0.603727661988711,0.742,0.612,1
"ACY1",0.0118814677031274,-1.07742189463601,0.106,0.216,1
"RAB5IF",0.011887855807438,0.569822930821481,0.591,0.493,1
"FAM120AOS",0.0118969624923288,-0.586655110452642,0.311,0.463,1
"BSPRY",0.0121544749767343,-1.01076219428702,0.242,0.366,1
"AC026124.2",0.0121788628246283,1.03625219614287,0.235,0.119,1
"TTC28",0.0122182857248559,1.39434138739397,0.144,0.052,1
"ATMIN",0.0122404530492059,0.858812382039392,0.341,0.209,1
"BCL2L12",0.0123981153289704,0.715704485261354,0.227,0.112,1
"SELL",0.0124748624162179,-0.530945280116617,0.538,0.657,1
"LRIG2",0.0124962665212029,-1.56140139401234,0.091,0.194,1
"PSMD8",0.0126873382789611,0.418042759222706,0.902,0.821,1
"TBC1D25",0.0127347190567956,-1.23951408960119,0.061,0.157,1
"DDX50",0.0128171227660571,0.521290100372328,0.561,0.44,1
"CALM1",0.012851700331768,0.607401074340081,0.924,0.843,1
"CCNT1",0.013077317249154,0.448676015110005,0.379,0.246,1
"AASS",0.0130818336802077,1.36748413086804,0.182,0.082,1
"LINC02591",0.013245459630717,-0.959333009231435,0.083,0.187,1
"EIF3J",0.0136079393447434,0.484673608353868,0.697,0.604,1
"HCG11",0.0136211629313502,0.82662173030149,0.258,0.134,1
"EIF4E",0.0136670612909172,0.497167987706188,0.598,0.478,1
"CTR9",0.0136962839265961,0.696433795190819,0.538,0.396,1
"YIF1A",0.013854052183833,-0.753886577623331,0.28,0.418,1
"TMEM59",0.0139173271456978,-0.306656257986255,0.864,0.978,1
"DYRK1B",0.0139575978720068,-0.702827944100307,0.129,0.254,1
"CPSF1",0.013984847556651,0.820220425279854,0.318,0.187,1
"KLF10",0.0140201860111279,0.935810197887257,0.409,0.299,1
"RNPEP",0.0140398011622639,-0.744366587740882,0.167,0.306,1
"CYSLTR2",0.0140408377993812,1.22371042988645,0.121,0.037,1
"AC027097.1",0.0142449618861606,1.4673772627332,0.106,0.03,1
"SCD",0.0143669557217661,-0.777650931162718,0.114,0.231,1
"MANEA",0.0143840957443822,1.75030292018452,0.114,0.037,1
"LIN7C",0.01439714380627,1.06102323277655,0.311,0.194,1
"CSRNP1",0.0147087707644966,1.11615845946298,0.258,0.142,1
"BRD3",0.0147453415585139,0.465413960434424,0.447,0.306,1
"ERG",0.0148814116383609,-0.705484380511745,0.326,0.448,1
"LDLR",0.0149176821302248,1.08670694860389,0.242,0.127,1
"TRBC2",0.0149565804764298,0.565645869174858,0.515,0.396,1
"ODF2",0.0149612028942494,0.956804520561416,0.295,0.172,1
"AC012146.1",0.0149923139356177,-1.14986436000714,0.136,0.254,1
"TAF1",0.0150066620825925,-1.00666834658925,0.159,0.284,1
"WDR89",0.0150878426457689,-1.0995434184526,0.068,0.164,1
"ANXA6",0.0151607119513364,-0.598656442436859,0.333,0.478,1
"SURF2",0.015166325412874,0.950168457410476,0.311,0.194,1
"TP53RK",0.0152027257436499,-0.75227425956016,0.189,0.328,1
"HSPH1",0.0153540989182006,0.537993369434204,0.455,0.299,1
"SLC18A2",0.0154247125874468,-1.22469606841022,0.053,0.142,1
"C19orf73",0.0154464710066845,-1.54524717281025,0.03,0.104,1
"FOXRED1",0.0157960371004066,1.31615819110443,0.167,0.075,1
"EIF5A",0.0159664030056973,0.256662291026051,0.894,0.784,1
"ANXA2",0.0161026891054009,-1.04798134050603,0.144,0.269,1
"PEX2",0.0161555446383519,-0.689174085657774,0.348,0.485,1
"ZNF32",0.0161706953636642,-0.44305852866703,0.394,0.56,1
"PIN1",0.0162439214318475,0.43662902491614,0.659,0.56,1
"PSMB8",0.0162488684857271,-0.329822919669131,0.727,0.858,1
"HRAS",0.0163130395856671,1.01706694404386,0.189,0.09,1
"N4BP2",0.0163629200329011,0.617918469367681,0.659,0.575,1
"RP9",0.0163948959433452,-0.470269168435047,0.227,0.381,1
"HSPA5",0.0164284632449257,0.501872186779764,0.758,0.672,1
"BRCC3",0.0164750042058879,1.11241192761865,0.28,0.172,1
"CUL5",0.0165110272341496,-0.685802815226008,0.364,0.5,1
"NUMA1",0.0165945044846061,-0.708411967468553,0.394,0.56,1
"ACP6",0.0166339517001455,-1.3208050812678,0.083,0.179,1
"USP38",0.0166468726698376,0.612365791337925,0.326,0.194,1
"CDK11B",0.0167099374251732,0.796747848848869,0.288,0.172,1
"NLRC3",0.0167292046994148,1.14807944455465,0.152,0.06,1
"GCC2",0.016780410596614,0.252092308330142,0.765,0.642,1
"AIMP1",0.0168686348538882,0.454905425825767,0.78,0.672,1
"AC004687.1",0.0171869211135521,-0.378576061729632,0.614,0.716,1
"PIP4K2B",0.0171954871998792,0.848266765305099,0.242,0.127,1
"UBTF",0.0172038749487573,0.536920641909146,0.644,0.582,1
"CYB5B",0.0172230534411711,-0.691676557236481,0.295,0.433,1
"MTMR4",0.017253992864199,-0.424708005335647,0.205,0.351,1
"UBE2E1",0.017394260154568,-0.501971747938825,0.561,0.716,1
"CCNL1",0.0174330633131747,0.335941215648428,0.795,0.739,1
"PRR14",0.0174871068233729,-0.448650800468268,0.167,0.299,1
"SFI1",0.0174895638349705,-1.19938237088646,0.098,0.201,1
"LMBRD1",0.0175443617355992,0.66644152002044,0.508,0.403,1
"SIRT3",0.0175896160644533,-1.37400096559175,0.03,0.104,1
"ZC3H18",0.0178077083473319,0.670704156053133,0.394,0.276,1
"TES",0.0181760221150739,0.541586474957988,0.591,0.493,1
"SAP18",0.0182252557030151,0.276140837833526,0.962,0.918,1
"SMPD4",0.0182448597805769,1.09385217473823,0.205,0.104,1
"RUFY2",0.0183043003651131,0.777891142620115,0.394,0.284,1
"NAB1",0.0183480117701667,1.73533150196138,0.152,0.067,1
"TIMM8B",0.0183593447857474,0.419336426031592,0.652,0.545,1
"SNRPB2",0.0184223821737235,0.287634987904957,0.879,0.836,1
"SLC41A3",0.0184716745050827,-0.737236181039361,0.212,0.343,1
"GBP3",0.0186356251056994,-0.645151126199005,0.129,0.246,1
"CEPT1",0.0188197145562456,-0.636859725605144,0.212,0.351,1
"PHTF1",0.0190297224189383,0.794346776675738,0.417,0.284,1
"CDK2AP1",0.0191317433305616,0.356980436738061,0.803,0.731,1
"RABEP1",0.019136447871171,0.611757211514231,0.417,0.299,1
"LYRM7",0.0191758253037292,-0.616174212500747,0.197,0.343,1
"SELENOI",0.0192375537215671,-1.2894038450279,0.091,0.187,1
"KAT8",0.0193370640904666,-0.555419444170165,0.311,0.463,1
"NUCB2",0.019376585329614,-0.27089960058739,0.871,0.918,1
"SLC11A1",0.0195044907187148,-1.54314169014287,0.061,0.149,1
"IRF2BPL",0.019572582323945,0.66162664964124,0.212,0.104,1
"ZNF414",0.0195774173062262,-0.906642458307554,0.174,0.291,1
"LRP10",0.0196782505442761,-0.679353247758263,0.182,0.313,1
"MAN1B1",0.0196819000786821,-0.753688133618276,0.197,0.321,1
"SECISBP2L",0.0197119183725889,0.738671489985307,0.364,0.254,1
"NSF",0.0198004067889602,0.641618533392382,0.28,0.157,1
"POLR2B",0.0199382720417786,-0.381846730731411,0.5,0.642,1
"MORF4L2",0.0200325807065565,-0.345227761328148,0.583,0.739,1
"HIST2H2AC",0.0200479685440768,0.524516961871201,0.758,0.716,1
"MXD1",0.0201421039664146,0.499513631090282,0.371,0.239,1
"HIP1",0.0201519412665137,0.867465711772827,0.242,0.134,1
"PTPMT1",0.0201601477889747,-0.637717557161806,0.364,0.5,1
"PAPOLA",0.0202080701031028,0.260068075297648,0.879,0.821,1
"SAMD4B",0.0203066840798742,0.740545129989565,0.402,0.276,1
"WDR5",0.0203324072760373,-0.906006960707925,0.076,0.172,1
"ANTXR2",0.0203487963274571,0.77423590889224,0.424,0.321,1
"TMEM160",0.0204424655526848,0.326288196923208,0.735,0.642,1
"SPATS2L",0.0206523997121803,1.34714273355204,0.121,0.045,1
"TACO1",0.0207937964425321,-1.09465771253816,0.114,0.209,1
"RAB32",0.0208177336342624,-0.430642810160222,0.348,0.478,1
"MAP1LC3B",0.0209176378671034,0.364827569124131,0.697,0.597,1
"TOB2",0.0210046960758161,1.21351189097527,0.227,0.127,1
"YIPF4",0.0211170070628428,-0.498898264794273,0.492,0.619,1
"ASXL1",0.0211649172766884,0.762139712721568,0.462,0.366,1
"RWDD4",0.0213125311365269,0.689778599474401,0.5,0.373,1
"MTX2",0.0213141742212641,-0.638341454998726,0.205,0.343,1
"GSTZ1",0.0213955153745105,-0.765184894607477,0.265,0.396,1
"STX3",0.0214410183833569,-1.45901505905952,0.053,0.134,1
"PEAK1",0.0215442210437503,-0.884792284268946,0.121,0.231,1
"SDHA",0.0215506357563444,-0.503618993811837,0.447,0.575,1
"S100A10",0.0216233794549193,-0.458479612444983,0.523,0.657,1
"OXSR1",0.0216593273580469,0.608133309058367,0.333,0.216,1
"KLF13",0.0216647216559459,0.510861285052218,0.674,0.537,1
"PXK",0.0216797615871938,1.09301975833358,0.242,0.142,1
"YTHDF2",0.0217136689540071,0.511414264273169,0.689,0.575,1
"IMPDH2",0.0217779816622178,-0.286933296077715,0.788,0.881,1
"SCFD2",0.0219135348714361,1.27775153781453,0.144,0.06,1
"SMG5",0.0219819979840391,-1.20288764129157,0.045,0.127,1
"RHNO1",0.0219892448083645,-1.19506572301753,0.091,0.187,1
"SDE2",0.0220161155819848,0.655648235819557,0.348,0.231,1
"ST7L",0.0220605164248745,-0.502246861773223,0.106,0.216,1
"ELP6",0.0221386615781012,-0.614367419818308,0.273,0.396,1
"COQ10B",0.0223773389736946,0.642309542188401,0.447,0.343,1
"SMOX",0.0223915319647996,-1.28272546488713,0.038,0.112,1
"CERS2",0.0225276175808003,0.442299647477594,0.598,0.455,1
"HSH2D",0.0225466414047565,-0.698459521042642,0.371,0.493,1
"HBB",0.0225592242720676,2.49106593124503,0.773,0.836,1
"ZBTB26",0.0225643319101734,-0.897305831181924,0.083,0.179,1
"FAM122A",0.0227407036001293,-0.730020001420419,0.091,0.194,1
"XPO4",0.0227641531151341,1.10051399544045,0.242,0.142,1
"ZNF585A",0.0228272430229414,-0.858176966451883,0.22,0.336,1
"AC020656.1",0.0228848071908856,-1.24516192517135,0.076,0.164,1
"CENPX",0.0231015215467571,0.639408752224456,0.447,0.328,1
"TATDN3",0.0231827853077078,-0.909465673567881,0.136,0.246,1
"USP1",0.0232156853036617,-0.598518795717897,0.311,0.455,1
"ANAPC16",0.0232700273530894,0.388058711459355,0.894,0.888,1
"MIR29B2CHG",0.0234081016260747,-1.08007279405449,0.091,0.187,1
"MPHOSPH9",0.0234616500831724,0.36663623909168,0.47,0.321,1
"ZNF429",0.0235408601884384,-0.798777678874217,0.152,0.269,1
"STK35",0.0236516730480222,-1.36140725479471,0.038,0.112,1
"ARSD",0.0237339359546305,-0.548597907623552,0.265,0.403,1
"KANTR",0.0237593442914335,-1.07010225562527,0.068,0.157,1
"CHST12",0.0237937062402334,-0.431305221034731,0.508,0.619,1
"LPAR2",0.0238675719956105,-1.30002819268463,0.038,0.112,1
"DNAAF4",0.0238713196964992,-1.11223388729355,0.053,0.134,1
"LRBA",0.0238973118328012,-0.407453606582556,0.561,0.672,1
"MYO9B",0.0241664989941819,0.654361827125509,0.462,0.336,1
"AC020916.1",0.0241912858716059,1.50491594590474,0.485,0.425,1
"BCAS2",0.0242257026058888,0.409188250788738,0.591,0.463,1
"CWF19L2",0.0242344342744425,0.894411826596292,0.341,0.231,1
"NTPCR",0.024344445777849,-0.550037734321343,0.326,0.44,1
"SAE1",0.0243897992587145,0.907545443071569,0.288,0.187,1
"ARSA",0.024408002559848,-0.682541497514654,0.098,0.201,1
"OS9",0.0244877448395303,-0.361879995248977,0.576,0.694,1
"MAVS",0.0246148731596837,-0.907599353250275,0.227,0.343,1
"RERE",0.0246424145010522,0.543371568813468,0.621,0.522,1
"NEDD4",0.0247095902910259,-0.670339204383976,0.235,0.366,1
"MTMR2",0.024817156426234,1.09466735950541,0.197,0.104,1
"MFSD14C",0.0248421408821124,0.669829839746666,0.409,0.291,1
"BCL3",0.0248677790700067,-1.11044972849553,0.053,0.134,1
"ACOX1",0.0249509032295486,-0.966009591606732,0.152,0.261,1
"ESRRA",0.0249969559782765,1.23618611582767,0.159,0.075,1
"SRSF2",0.0251798248676302,0.32093307378434,0.871,0.828,1
"AASDHPPT",0.0252175897780924,-0.553474244904073,0.235,0.366,1
"GTPBP2",0.0252763363567016,-1.16739262721965,0.053,0.134,1
"SRSF7",0.0254409372197437,0.4383237250621,0.879,0.821,1
"TNFSF4",0.0254827846289034,-1.01057858128693,0.053,0.134,1
"HIST1H1D",0.0255267275869902,0.529344942342226,0.886,0.806,1
"TMEM259",0.0255562855103034,-0.353158751306483,0.333,0.485,1
"PDHA1",0.0256652287569522,0.447300219991486,0.568,0.448,1
"GTF3C5",0.0257501987037719,-0.99934943112659,0.136,0.239,1
"NUP133",0.0258023066369594,-0.880072234357343,0.083,0.179,1
"AKR1C3",0.0258253644099062,-0.485433868004709,0.667,0.746,1
"KIAA1586",0.0260727465300599,-0.651550009200295,0.28,0.418,1
"SNX18",0.0261222667147887,-1.14783019152996,0.038,0.112,1
"TRIM24",0.0262266459791719,-0.517771263848649,0.47,0.567,1
"MVP",0.0262851369006481,-0.578047490528652,0.197,0.313,1
"AUP1",0.0263175174037015,-0.261376732933493,0.455,0.597,1
"ODF2L",0.0265605121586936,0.616876215270812,0.591,0.455,1
"PTBP2",0.0266982046415515,-0.704832500343367,0.295,0.425,1
"SLC25A11",0.0268675009392635,0.487586616411285,0.492,0.358,1
"ZBTB7A",0.0270089112644892,-0.635752298914465,0.311,0.44,1
"AHDC1",0.0270730387100336,0.699681261110461,0.167,0.075,1
"HOXA10-AS",0.0272006360799938,-0.88576619210831,0.152,0.269,1
"LIX1L",0.0272276569096833,0.782101604946592,0.364,0.246,1
"ARMCX6",0.0272563946046779,-0.45412703356317,0.341,0.493,1
"MMS22L",0.0272609434095061,-0.786064130009203,0.136,0.246,1
"MAML2",0.0273497553257765,1.076486353901,0.22,0.119,1
"PHPT1",0.0273997500433583,-0.253418938608816,0.477,0.634,1
"SEC62",0.0274220493123035,0.325932208793176,0.856,0.881,1
"HSPA14",0.0276287842907496,-0.810248398065128,0.053,0.134,1
"NUDT9",0.0280238575884973,1.08151694972421,0.182,0.09,1
"ELK4",0.0280314083063665,-0.759437813728627,0.311,0.425,1
"HDC",0.0281972355605104,-1.65475642536295,0.061,0.142,1
"VPS28",0.0282697799192812,0.278243840819552,0.924,0.843,1
"ZNF609",0.028357983380976,0.733851229633655,0.455,0.343,1
"BZW1",0.0284204009274118,0.570281267048076,0.795,0.776,1
"TRIM34",0.028523832781109,-1.28589236512244,0.098,0.187,1
"FBXO46",0.0285298543027318,-1.12200588791727,0.053,0.134,1
"TMEM161A",0.0285824111849194,-0.938044043164629,0.144,0.239,1
"HPS4",0.0286378379345654,-0.545735802409098,0.333,0.47,1
"PGAP2",0.0286618180830208,1.03200221003621,0.258,0.157,1
"U2AF2",0.0287007565887138,0.713318027390075,0.364,0.254,1
"DOP1A",0.0287264412109279,-1.03628844436197,0.091,0.187,1
"XPOT",0.0288462586947855,0.517649958084187,0.311,0.201,1
"SLC14A1",0.0289525137580467,1.03752948799006,0.121,0.045,1
"PRG2",0.0289525137580467,-1.27136342222651,0.045,0.119,1
"SGPL1",0.0289954772126186,0.900640576884826,0.182,0.09,1
"SMARCD1",0.0291500072087712,0.511974629944708,0.515,0.425,1
"PSMD11",0.0291584784199098,0.518352252593559,0.576,0.485,1
"YIPF3",0.0292005434377061,-0.357506768856691,0.439,0.604,1
"TLK1",0.0292081151763614,0.343845547135122,0.712,0.582,1
"WAKMAR2",0.0292221632263035,-0.79836503435412,0.053,0.134,1
"USP24",0.0293897327427437,0.704907402666425,0.28,0.172,1
"SRSF11",0.0294094837056123,0.437069095777624,0.856,0.761,1
"S1PR4",0.0294236450128747,-0.432115914463768,0.402,0.53,1
"ACOT8",0.0295537613059218,0.922860886629161,0.227,0.127,1
"PEX26",0.029556872084618,-1.1713522106829,0.121,0.216,1
"ERICH6-AS1",0.0295990127408073,-1.10657926279123,0.106,0.201,1
"NYNRIN",0.029702515412103,0.861665688676283,0.212,0.119,1
"NNT-AS1",0.0297399804916663,-0.758808269635541,0.144,0.246,1
"MTHFD1L",0.0298206660962529,1.2881624629606,0.106,0.037,1
"ZNF518A",0.0298950526774102,0.35308310666291,0.402,0.291,1
"METTL14",0.0299293181510007,-0.465056112871254,0.189,0.321,1
"KRBOX4",0.0300102176328523,0.980942888731204,0.152,0.067,1
"MIDN",0.0300354702317023,0.683568005355512,0.53,0.433,1
"CRY1",0.0301495118463224,-0.676372446213674,0.068,0.157,1
"RPUSD3",0.0303379369163389,0.802695771214823,0.348,0.246,1
"HIST2H2BE",0.0304050823890594,0.95524968458425,0.273,0.172,1
"HMGN5",0.0308751518943638,-0.331114649933489,0.189,0.313,1
"CUX1",0.0309063489742095,0.414048055285264,0.75,0.634,1
"AP000547.3",0.0309135731827213,1.24371609279921,0.106,0.037,1
"GCDH",0.0312043570711176,-0.476733155433424,0.197,0.321,1
"FCGRT",0.0312302676624038,-0.722405513627159,0.394,0.493,1
"TCAIM",0.0312608001796705,-0.983927552045244,0.197,0.299,1
"AL356599.1",0.0313371951397446,1.04068906876074,0.159,0.075,1
"FBXO38",0.0313514733856392,-0.889755670341307,0.106,0.201,1
"IARS",0.0314996714001005,-0.523324379439847,0.28,0.425,1
"CCT5",0.0315680934157869,0.419496577357069,0.727,0.634,1
"LAMP1",0.0317384173753577,0.44998742601225,0.598,0.5,1
"FBXO42",0.0319621400172666,-1.08913720171705,0.159,0.261,1
"PPHLN1",0.0321048217603599,0.398754807050475,0.803,0.724,1
"CHMP3",0.0323704091455417,-0.287581831051267,0.553,0.679,1
"ZNF738",0.03243408140491,-0.639227860613305,0.318,0.433,1
"IMMP2L",0.0325106444725043,0.67231092143597,0.379,0.284,1
"GABPB1-IT1",0.0327980773127513,-0.375665527922982,0.644,0.791,1
"INKA1",0.032922597761351,-0.302446092368122,0.318,0.47,1
"DTNBP1",0.0329466488672808,0.657383181521473,0.379,0.269,1
"POLR2C",0.0329913520912641,0.381401682479186,0.508,0.403,1
"CIAO3",0.0331715596133658,-0.585448681467131,0.205,0.321,1
"CPQ",0.0332518221730134,-0.426818977106227,0.174,0.299,1
"PCNA",0.0333379100486625,0.893840884962216,0.333,0.224,1
"OPA1",0.0333698227280832,0.502660131474677,0.455,0.336,1
"GMPS",0.0334291107598156,0.504241313426037,0.568,0.455,1
"CSE1L",0.0335443478461132,-0.97089596984181,0.136,0.231,1
"KCMF1",0.0335979187642087,-0.494613427726984,0.356,0.493,1
"LYRM9",0.0337796415820164,-0.787593702799689,0.114,0.209,1
"AC008443.1",0.0338986896675413,-0.914745089762349,0.083,0.172,1
"EPC1",0.0339073372881373,0.372803956672249,0.788,0.716,1
"CCS",0.0340689633104719,-0.346263523021433,0.477,0.619,1
"FAM200B",0.0341461975347171,-0.393350796771049,0.326,0.485,1
"TULP4",0.0343384638035664,0.714372984933871,0.227,0.127,1
"CLPP",0.0343561373394388,0.341670168199505,0.576,0.448,1
"SQSTM1",0.0343561678915003,-0.326926863521675,0.636,0.754,1
"CWC27",0.0344089871449595,0.330173679933795,0.409,0.299,1
"PLAA",0.034416880697537,0.709752619689234,0.311,0.209,1
"CMTR1",0.0345121518109465,0.799494842976974,0.189,0.097,1
"SREBF1",0.0348253951064871,1.20089832992432,0.182,0.097,1
"C11orf58",0.0349428375817265,-0.27358092077023,0.939,0.963,1
"SLC35A2",0.0350136338858327,-1.43140168787721,0.038,0.104,1
"ISY1",0.0350485190028719,0.631918517607226,0.492,0.388,1
"UBOX5",0.0350942422961929,-1.32090859144686,0.053,0.127,1
"PSMF1",0.0352446721929986,0.559522945722577,0.561,0.455,1
"SNX8",0.0353747772178896,-0.716635954743182,0.045,0.119,1
"GADD45A",0.0354742895272704,-0.375287292757434,0.303,0.41,1
"SLC25A28",0.0355166250694942,-0.516596157574583,0.189,0.299,1
"CSAD",0.0356551070180799,-0.607260752571574,0.121,0.224,1
"TANC2",0.0358815492536367,1.28100314641074,0.114,0.045,1
"NCSTN",0.0359420869931958,-0.529798134439533,0.212,0.336,1
"RFK",0.0360302341963824,-0.844989888572194,0.242,0.351,1
"S100A8",0.0360404674199518,-3.45888577201527,0.182,0.276,1
"NUDT22",0.0360670438983286,0.725521566336906,0.379,0.284,1
"PAQR8",0.0361836045958179,1.39275107574663,0.114,0.045,1
"SFSWAP",0.0363803005276707,0.389534272002241,0.598,0.493,1
"DNAJC11",0.0364028119903964,-1.01317683422638,0.091,0.179,1
"SEMA3C",0.0364825695822773,-0.454755337620078,0.114,0.216,1
"PCF11",0.0366084449337876,0.277793587571339,0.644,0.53,1
"WDFY4",0.0367955941869991,-1.2589712201558,0.053,0.127,1
"AC097534.2",0.036809475027084,0.822119963537856,0.197,0.104,1
"ARID3A",0.0368386651526038,0.61274094670841,0.25,0.149,1
"MRPS6",0.0369016615476374,0.352563426860592,0.561,0.455,1
"MYADM",0.0369115494379428,0.708771434642973,0.667,0.657,1
"GRK6",0.0369810014452482,0.466593732022264,0.5,0.373,1
"TMCO3",0.0370941345250015,-0.843885961031938,0.159,0.269,1
"RARA-AS1",0.0371506304581982,-1.08701678790976,0.076,0.157,1
"YTHDF3-AS1",0.037204463922397,-0.828686966699182,0.061,0.142,1
"SCRIB",0.0372321483445606,-1.1566166635391,0.038,0.104,1
"ANAPC5",0.0372886156649364,-0.336210362186475,0.621,0.754,1
"MEF2C",0.0373163437487935,0.674486820452263,0.72,0.59,1
"HNRNPAB",0.0375163755990114,0.311322849540544,0.818,0.754,1
"AC008915.2",0.037558646004341,-1.30330682690498,0.038,0.104,1
"PBDC1",0.0375774364023252,0.481261170068354,0.402,0.291,1
"RBM5",0.0375941122331657,0.446811984083436,0.583,0.507,1
"LNPEP",0.0379028942517161,0.42419590673499,0.591,0.5,1
"FAM214A",0.037948565179125,0.698972038278256,0.386,0.284,1
"EEF2K",0.0379684480077231,-0.928766865970163,0.053,0.127,1
"RAB27B",0.037981522223317,-1.40975128901845,0.106,0.194,1
"SKI",0.0380270800854488,-0.876467920996871,0.083,0.172,1
"C8orf76",0.0380388909424043,-0.566178205757394,0.205,0.321,1
"HHLA3",0.038041817841395,1.28394667027874,0.114,0.045,1
"SOCS2",0.0380431470212788,-0.39233075998941,0.447,0.597,1
"AC092338.3",0.0380764569655042,1.15019976896532,0.189,0.104,1
"METAP1D",0.0382029525012368,-0.767294321915738,0.106,0.201,1
"UNC119",0.0382663675698677,-1.07230355951443,0.114,0.201,1
"OPA3",0.0383041968207123,1.20838377164735,0.121,0.052,1
"BHLHE40",0.0383177137278599,1.38793256108783,0.189,0.104,1
"INIP",0.0385852355347221,-0.845633347042471,0.121,0.216,1
"SLC39A1",0.0386317467966107,-0.462790254308698,0.197,0.313,1
"S100PBP",0.0386571353493761,-0.462851583693092,0.265,0.403,1
"PAXIP1",0.0386789899950169,0.808765682064998,0.114,0.045,1
"C2CD2",0.0386789899950169,1.10418971535703,0.114,0.045,1
"ZDHHC3",0.0387637540003717,-0.341583495345743,0.182,0.321,1
"PPP6C",0.0387779642160691,-0.418141913991407,0.265,0.388,1
"AC092747.4",0.0389150455439779,1.41584268555253,0.152,0.075,1
"AC020915.2",0.038928169369447,0.887756020193075,0.136,0.06,1
"CCDC125",0.0391019593231638,-0.550494258777076,0.212,0.336,1
"SCO2",0.0391420381144024,1.14352550084472,0.182,0.097,1
"TCF4",0.0391597244016544,0.325665539942644,0.765,0.627,1
"SLAIN2",0.0391845230159875,0.35793267973684,0.402,0.299,1
"CCNDBP1",0.0392132798743327,-0.36139384638534,0.652,0.701,1
"RGCC",0.0392222392703676,1.20896009152977,0.227,0.142,1
"NFYC",0.0392592032106452,-0.75169439741529,0.197,0.306,1
"VPS37B",0.0392958315611474,0.522404257084345,0.53,0.448,1
"PNPO",0.03930905551381,1.22906618345812,0.159,0.082,1
"BAHD1",0.0393252079297862,1.31784306548885,0.114,0.045,1
"AFMID",0.0393766388168989,-0.982110220806485,0.091,0.179,1
"MRPS35",0.0394316428701651,-0.570710886683869,0.402,0.522,1
"CAPN1",0.0395596845516588,-0.36796381697198,0.576,0.672,1
"GID8",0.0399504618769984,0.467001436508296,0.5,0.388,1
"USP32",0.0401291820170857,-0.415959470220728,0.129,0.239,1
"ABO",0.0402508319118861,0.447861190053971,0.189,0.097,1
"NEK6",0.0402609594136891,1.28034753501996,0.159,0.082,1
"CBR1",0.0404700455299552,-0.798696486675207,0.22,0.328,1
"LSS",0.0404920298684628,1.52049040356255,0.121,0.052,1
"PPFIA1",0.0405520626099498,1.19806110240725,0.205,0.119,1
"POLR2A",0.0405777249686506,0.54605003281902,0.568,0.47,1
"NIP7",0.0406687609752599,0.611284142954361,0.326,0.224,1
"TSPYL1",0.0407090947427324,0.445614875509966,0.629,0.53,1
"ARHGAP26",0.0407532271039073,-0.914017365411527,0.106,0.201,1
"SETDB1",0.0407736120059455,-0.678081372138589,0.25,0.358,1
"SMUG1",0.0408965676973761,-1.1327108385228,0.083,0.164,1
"NLRC5",0.0409597554429452,-0.833791908518979,0.038,0.104,1
"GLB1",0.0410736741670348,-0.399599502993232,0.152,0.254,1
"RNF111",0.0410998731705345,-0.631545016180223,0.159,0.269,1
"UTP15",0.0412536062578157,1.12713025403525,0.144,0.067,1
"UBQLN1",0.0413361012218716,0.466040804392323,0.477,0.366,1
"TFIP11",0.0415431942892644,-0.980774947977052,0.098,0.187,1
"TMEM223",0.0415872768055222,1.19068566502671,0.265,0.179,1
"PHF12",0.0416618393249235,-0.819421262016742,0.189,0.291,1
"ZNF672",0.0417135274339441,-0.63919456111287,0.061,0.142,1
"SELENOT",0.0417662308293037,0.438224246963199,0.598,0.485,1
"PRKCA",0.0419506012177107,-1.17514830773593,0.061,0.134,1
"PEX1",0.0420280414055603,-0.690185689365477,0.167,0.276,1
"LYL1",0.0420807915734195,-0.292304506068664,0.697,0.843,1
"CSF1",0.0420919244214815,-1.03294209874113,0.076,0.157,1
"PHF3",0.042201534264529,0.45283440468358,0.705,0.657,1
"HTATIP2",0.0422903682168745,0.667269965238682,0.288,0.187,1
"KDELR1",0.0422949204274194,-0.284056126335047,0.803,0.866,1
"ZNF155",0.0423914799922348,-0.860622989589839,0.038,0.104,1
"DUSP2",0.0425414057117828,1.65057000078823,0.205,0.119,1
"DPP8",0.0426532498877419,-0.74513122905928,0.227,0.328,1
"RPS6KA1",0.0428279279073641,0.675907346397234,0.341,0.246,1
"KCTD18",0.0428635768050106,-0.481753979331502,0.167,0.291,1
"MED15",0.0429214375152447,-0.394502550454271,0.167,0.276,1
"GUF1",0.0430212875913089,0.692143418948121,0.25,0.157,1
"FBXL17",0.0431382439717548,-0.825324397781851,0.152,0.254,1
"ATG16L2",0.0433756295106733,0.286234448578827,0.417,0.291,1
"AC091563.1",0.0433979991466857,-1.25920155225397,0.045,0.112,1
"RASSF5",0.0434670427435852,0.556972114731997,0.303,0.194,1
"ORAI3",0.0437324901680567,-0.457422345701265,0.447,0.575,1
"DDX18",0.0437455897545845,0.36300281311237,0.758,0.657,1
"TM7SF3",0.0438329291811428,-0.269720075147529,0.545,0.709,1
"PAX8-AS1",0.0438861674860049,0.63993309515926,0.242,0.142,1
"METTL25",0.0439828334239315,-0.803560267575517,0.053,0.127,1
"EXOC4",0.0440335148241596,-0.656605443883492,0.333,0.455,1
"BST2",0.0440892596221201,-0.389541218646187,0.826,0.881,1
"TMEM129",0.0441825281704477,-0.849521301723469,0.061,0.134,1
"DYRK2",0.0442491600692465,0.529242987307609,0.311,0.209,1
"MOGS",0.0443583418194459,-0.838754098584994,0.159,0.261,1
"PACC1",0.0443895096262084,-0.538839475117823,0.212,0.336,1
"ZNRF1",0.04487065313124,-0.386043025959705,0.576,0.679,1
"PRKCQ-AS1",0.0451008582829548,0.845784534061137,0.492,0.425,1
"CAMKK2",0.0453352364677383,0.825804109425579,0.311,0.224,1
"TWF1",0.045462652043716,0.806212402505743,0.311,0.216,1
"ERICH1",0.04555546844006,-0.515025984216421,0.47,0.59,1
"OSGEPL1",0.0456811092899673,1.089776831038,0.152,0.075,1
"FCMR",0.0457972717172085,1.01160706227535,0.235,0.142,1
"SHOC2",0.045887400609686,0.422904536922011,0.636,0.56,1
"AL121933.2",0.0458933192455771,0.977995853154946,0.121,0.052,1
"SVIL",0.0458971710037345,0.764322174302034,0.273,0.179,1
"ANKRD36B",0.0459009345707446,0.809233081731945,0.189,0.104,1
"DAZAP1",0.0459450315817046,-0.551319633656756,0.477,0.59,1
"SCMH1",0.0459971412241213,-0.728302274041881,0.076,0.157,1
"NUDT16L1",0.0460168099950127,0.860383112033315,0.402,0.321,1
"TIFA",0.0460789870662064,-0.56166250297614,0.129,0.231,1
"UBA5",0.0461107565003485,0.564569134073194,0.364,0.269,1
"TATDN2",0.0461756469618432,1.40111941220741,0.136,0.067,1
"RAD51B",0.0462515929713922,0.603166449467189,0.144,0.067,1
"DST",0.0463231172391987,0.53603692747474,0.356,0.246,1
"JMJD1C",0.0463485310248173,0.300555044921635,0.598,0.515,1
"DDAH2",0.0464014507691361,-0.421684513476008,0.735,0.828,1
"VAMP2",0.046408727165961,0.366940323071483,0.78,0.701,1
"BARD1",0.0464184359153924,-0.512483095861007,0.144,0.254,1
"ELL2",0.0466242230965955,-0.630428297501956,0.076,0.157,1
"EIF2B1",0.0467105194186044,0.463153693303869,0.47,0.336,1
"UBE2M",0.0467678289989602,0.46039087712729,0.735,0.649,1
"MAD2L1BP",0.0469668564738966,-0.888110966129299,0.114,0.201,1
"DGAT1",0.0469675830075081,-0.711514212005086,0.129,0.224,1
"PSME4",0.0471052406804559,0.624810539121316,0.47,0.366,1
"TTC5",0.0472732758957793,-0.438364817145694,0.333,0.448,1
"IDI1",0.0473267221134659,0.551449529087073,0.538,0.455,1
"HNRNPUL1",0.0473828817063502,0.375639781074266,0.773,0.716,1
"SPOPL",0.0474730408469436,-0.54154988426569,0.136,0.239,1
"CWC15",0.0474783369247103,-0.287176708179873,0.667,0.813,1
"ATXN7L3B",0.0475288227079891,0.340480238061286,0.841,0.858,1
"ARHGEF9",0.0477792437409071,0.823190544591466,0.227,0.142,1
"AVL9",0.0479762685849283,-0.5469064866991,0.235,0.343,1
"RAB11FIP1",0.0481477546916222,0.589622321443974,0.477,0.373,1
"LRPPRC",0.0481952626295759,-0.393934678577844,0.492,0.627,1
"CD36",0.0482529169052282,-1.70862389072092,0.068,0.142,1
"RPIA",0.0483051540690824,0.432273546281258,0.47,0.366,1
"GMPR2",0.0483364794550445,-0.349866148060396,0.5,0.657,1
"CYFIP1",0.0483443840032967,-0.641418796905211,0.212,0.328,1
"WIPF1",0.0483773177532725,-0.323691318489307,0.477,0.59,1
"AC005921.2",0.0488759517483731,-0.807774931198781,0.076,0.157,1
"SNHG15",0.0489206427423558,0.58244190698507,0.439,0.328,1
"SNX11",0.0489848535590987,-1.21092698265566,0.045,0.112,1
"ADK",0.0490152764328021,-0.5416726298526,0.326,0.433,1
"ABHD14A",0.0491605117824753,-0.424376419916876,0.212,0.328,1
"ZFYVE21",0.0495472798153582,-1.07377876206913,0.083,0.164,1
"MARCH5",0.0495965869776957,0.520396171404683,0.455,0.343,1
"KAT6B",0.0496070180313765,0.443255855951291,0.667,0.575,1
"NKAP",0.049660853529957,0.550732751556957,0.5,0.418,1
"NAA40",0.0497616835774009,-1.14697268141231,0.098,0.179,1
"MMP24OS",0.0498021266798485,-0.455990909430488,0.5,0.627,1
"AP006621.3",0.0499037023456757,1.03745117288397,0.182,0.104,1
"NEDD4L",0.0499879280468296,1.2255201113844,0.129,0.06,1
"NCBP2",0.0500496061028756,0.35185914614225,0.591,0.493,1
"RELA-DT",0.050070956810867,-1.11238419913318,0.098,0.179,1
"FAAP100",0.0502347467134442,1.00336828783544,0.159,0.082,1
"TANK",0.0502571005172188,-0.704668823712205,0.25,0.358,1
"NFIL3",0.0503991162004707,0.622919383105644,0.447,0.358,1
"CAMKMT",0.050661518802285,0.948526193741058,0.174,0.097,1
"PEX11B",0.0506713475268071,-0.542259037129916,0.129,0.231,1
"CEP83",0.05074192768921,0.776184974284799,0.258,0.164,1
"TRADD",0.0508177456948797,0.732332667342354,0.311,0.216,1
"GMIP",0.0508780057430658,-0.721870657692005,0.076,0.157,1
"ATP9A",0.0509764159232407,-0.98261926543029,0.045,0.112,1
"EXTL2",0.0509950723023559,0.689977477241121,0.288,0.187,1
"ZNF775",0.0510340661827943,-0.891614134161765,0.068,0.142,1
"PTGR2",0.0510928956924772,1.63133520587948,0.106,0.045,1
"APOO",0.0511021277296161,1.09129937602776,0.129,0.06,1
"CEP295",0.0512171410086331,-0.855444239858639,0.129,0.216,1
"PTPN7",0.0514176911666592,-0.569939845428397,0.356,0.478,1
"SDHC",0.0514910212012652,-0.359949529829068,0.545,0.664,1
"LACC1",0.0514961152567478,0.855039177865876,0.121,0.052,1
"AC074032.1",0.0514961152567478,-1.276180616628,0.053,0.119,1
"HDAC10",0.0515167514170642,-1.10793521501819,0.083,0.164,1
"TRAPPC2B",0.0516128116400322,0.437741015919433,0.394,0.276,1
"UBE2Z",0.0516226884615001,0.447924624278171,0.477,0.403,1
"PAXIP1-AS1",0.0516347302262399,-0.424788767116804,0.28,0.418,1
"DDX1",0.0517761860249237,0.283016776091294,0.682,0.634,1
"STK11IP",0.0517918105943259,-0.77927258898153,0.045,0.112,1
"AC026471.4",0.0517918105943259,-0.94074482090213,0.045,0.112,1
"LRWD1",0.0518891605809309,-1.25168561844993,0.053,0.119,1
"STX17",0.0519277513195236,0.69254994591103,0.371,0.276,1
"PYGB",0.0521278320456401,1.11508539035249,0.136,0.067,1
"TMCO1",0.0521596670052273,0.454065762569282,0.742,0.657,1
"ABHD12",0.0521852144282575,-0.679893021221706,0.136,0.231,1
"HIST1H2BD",0.0522370475592662,1.27948866805086,0.129,0.06,1
"HYI",0.0522498765358048,0.458974711354877,0.417,0.299,1
"SEPSECS-AS1",0.0522505115366369,-0.738960395250552,0.076,0.157,1
"SHKBP1",0.0523028281874181,-0.544973187806749,0.371,0.478,1
"RIDA",0.0523820927038753,0.532690824084792,0.22,0.127,1
"MRPL33",0.0524002268653974,0.380968676481406,0.697,0.612,1
"EWSR1",0.0524248725112441,-0.310703870799587,0.621,0.746,1
"UBAP1",0.0525159028782029,-0.620985487247721,0.114,0.201,1
"HUS1",0.0525292574539155,0.926817363263769,0.212,0.134,1
"CROCC",0.0527805558000236,-0.862503782204578,0.106,0.187,1
"IL1B",0.0528576917813737,-0.436692607124711,0.455,0.567,1
"PDRG1",0.0529317370845052,-0.643199127097575,0.235,0.336,1
"AC044849.1",0.0529447006509324,0.643551254170309,0.326,0.224,1
"DIS3L2",0.0530480614126647,0.826254199485684,0.227,0.142,1
"CTBP2",0.0530800916052792,0.532291408615206,0.447,0.343,1
"VAV3",0.0531549977808635,0.257701316513432,0.689,0.604,1
"EXD2",0.0532894068676445,-1.1913911168411,0.083,0.157,1
"ZBTB6",0.0534865254066511,-1.22118692174871,0.053,0.119,1
"XRCC1",0.0537018971306034,-0.834441722831766,0.167,0.261,1
"ENO1",0.0537583134794132,-0.305702614489911,0.977,0.985,1
"RALGPS2",0.053798917848693,-0.589569985048954,0.258,0.366,1
"CABIN1",0.053892325080312,0.496260253439888,0.402,0.306,1
"TRMT10A",0.053948208594167,-1.06539660107156,0.068,0.142,1
"FAM168A",0.0539776050617861,0.821737169165699,0.212,0.127,1
"TAP2",0.0540774294409312,0.822531707889519,0.205,0.119,1
"NUP214",0.0541505854897276,0.493852094975618,0.356,0.246,1
"PRMT1",0.0542010782044356,-0.261186471255033,0.735,0.828,1
"ABHD10",0.0542973848272658,-0.4409255001121,0.167,0.284,1
"CPSF6",0.0547129345122327,0.420649439640675,0.614,0.522,1
"DTWD2",0.0549067058251855,-1.55272300329724,0.098,0.179,1
"PGGT1B",0.0550746285106123,-0.657127016611584,0.197,0.299,1
"POLR2K",0.0550958200390917,0.432278228867356,0.636,0.56,1
"FDXR",0.0551247490704617,-1.03071432906684,0.053,0.119,1
"C12orf65",0.0551283767600253,-0.591490278562824,0.235,0.343,1
"ARF5",0.0552777563531067,-0.351636894823869,0.78,0.769,1
"DCAF11",0.0555768590923086,-0.555563396088438,0.288,0.41,1
"ETAA1",0.0556762332681018,-0.720289434762939,0.106,0.194,1
"FAM204A",0.0556764250945382,-0.309463908680521,0.614,0.739,1
"ZFP36",0.0557244275954878,1.38671209431494,0.553,0.47,1
"RAB5A",0.0557578416422162,-0.557290427240155,0.258,0.366,1
"TIMP1",0.0558166656607309,-0.254035584110819,0.568,0.724,1
"UQCC1",0.0559159688303318,-0.912068731488934,0.091,0.172,1
"SLC43A3",0.0562351220875352,1.07184379660312,0.205,0.127,1
"AC090559.1",0.0564976912564589,-1.04197657355501,0.083,0.157,1
"NKAIN2",0.0566027498318832,-0.844004938498661,0.098,0.179,1
"B4GALT5",0.0566161040024785,-0.684931206879094,0.091,0.172,1
"RICTOR",0.0566225189687989,-0.430125627940581,0.371,0.515,1
"NCF4",0.0567626414894421,0.336642890209384,0.667,0.575,1
"MSH6",0.0568148788996722,0.548869985841778,0.424,0.313,1
"LINC02328",0.0571011875412845,1.0838463778124,0.136,0.067,1
"RANBP6",0.0574360241418707,0.677043780597515,0.258,0.164,1
"RIC1",0.0576456631204771,0.499161060596694,0.227,0.134,1
"ULK2",0.0576603536728203,-0.980850054466742,0.053,0.119,1
"RNF115",0.0577046896317309,-0.316984982383782,0.485,0.627,1
"PLAG1",0.057784936790868,-0.870972479402474,0.068,0.142,1
"PHF2",0.057784936790868,-0.771018450777702,0.068,0.142,1
"MAP3K7",0.0578955524452065,-0.537901364312977,0.227,0.343,1
"CSNK1E",0.0580460918025432,0.469348961618819,0.47,0.41,1
"TCIRG1",0.0580922387960405,-1.03241695274356,0.053,0.119,1
"UCP2",0.0581157657717954,-0.324550193869981,0.727,0.784,1
"RBMX2",0.0581480516484093,0.520199947997655,0.515,0.433,1
"ZNF525",0.0583032881819205,1.00853176367578,0.136,0.067,1
"ITPK1",0.0583984149983882,-0.759561746919143,0.091,0.172,1
"LRRC42",0.0585212859972287,1.17586863793349,0.189,0.112,1
"RANBP17",0.0585672124000055,-1.46579807736825,0.045,0.104,1
"UNC50",0.0588540548129304,0.42548751233911,0.356,0.254,1
"CYREN",0.0590794360570831,-0.299890222446549,0.273,0.388,1
"PGAM5",0.0591242723700093,0.304002154563171,0.174,0.09,1
"SPATA33",0.0594069793771385,-0.975261061573141,0.098,0.179,1
"SLK",0.0596450166548913,0.397500336793888,0.538,0.47,1
"DPY30",0.0597357126712804,0.309722138872573,0.576,0.47,1
"DNAJC16",0.0597465822238108,0.47898316281866,0.227,0.142,1
"KCTD9",0.0599598936705716,0.797637152462289,0.22,0.134,1
"EPC2",0.0600210280639769,0.532227543712417,0.402,0.299,1
"SETX",0.0601068631084964,0.384501403119618,0.523,0.41,1
"CYB561D2",0.0601705052047922,0.68117845590203,0.25,0.164,1
"MLLT6",0.0602355523702934,0.767283134612128,0.326,0.239,1
"CCDC69",0.0602539966000278,0.514022715801245,0.424,0.313,1
"PRDM8",0.0603536723944659,0.781997158259532,0.129,0.06,1
"COG8",0.0603678269025874,0.797498806918816,0.167,0.09,1
"PPIP5K2",0.0603710401722608,0.305415618076303,0.667,0.567,1
"P3H4",0.0603894570364464,1.27506185380268,0.121,0.06,1
"WBP1L",0.0607775037463432,-0.509536820402454,0.106,0.194,1
"MRPL32",0.0609210241335847,0.433548181982901,0.523,0.403,1
"PLOD3",0.0609540043208569,0.843864778370621,0.189,0.112,1
"MZB1",0.0612083212839183,-0.760579239538293,0.197,0.291,1
"PBX3",0.0612446299493404,0.529269341962643,0.318,0.209,1
"AP4M1",0.0614097630947826,-0.751428266683251,0.159,0.254,1
"PSMB5",0.0615085126929693,-0.340199932659785,0.462,0.619,1
"CES2",0.0615096423442351,0.898812084619971,0.197,0.119,1
"RETREG2",0.061510559393011,-0.459153516462531,0.318,0.44,1
"AGPAT1",0.0618055450173603,-0.670324343980228,0.242,0.351,1
"ZMYM3",0.0618346942107875,0.68246229021387,0.28,0.187,1
"PSMA5",0.06201007077614,0.258422775818957,0.788,0.694,1
"CBL",0.0620196992816819,-0.411013115488978,0.136,0.231,1
"CXCL3",0.0623868738883905,0.831509352195053,0.106,0.045,1
"SLC30A9",0.0624421325105971,-0.751381463782669,0.28,0.366,1
"NUDT15",0.0625583115978414,1.54481113998388,0.129,0.067,1
"TUBB1",0.0625607303686595,-0.496240741262611,0.053,0.119,1
"RAP1A",0.0628299765466251,-0.318262535910616,0.492,0.619,1
"LMBR1",0.0628948979626186,0.75949550656161,0.182,0.104,1
"EIF4H",0.0629244203488974,-0.276789500664733,0.689,0.739,1
"NEURL1B",0.0633733342632651,-1.33629329874642,0.045,0.104,1
"EIF4A3",0.0636098518245843,0.367737568095037,0.485,0.373,1
"ARL4A",0.063726353540475,0.588040152799146,0.492,0.388,1
"TMCC1",0.0638273530914364,0.847377134646906,0.182,0.104,1
"METTL22",0.0638528147407862,-0.732212344882999,0.076,0.149,1
"ZBTB17",0.0638807264170664,-0.773426476256328,0.061,0.127,1
"C12orf57",0.063964096520863,-0.293835748932912,0.902,0.896,1
"JAK3",0.0640398772499275,-0.491653235957691,0.242,0.351,1
"MTRNR2L8",0.0641246988536856,-0.576547605588139,0.477,0.597,1
"PTPN11",0.0642082087613037,-0.534227583821683,0.455,0.56,1
"RBM17",0.0642765163699337,0.425661762674065,0.682,0.604,1
"FZD6",0.0643333432046694,-1.18584055002862,0.061,0.127,1
"RHOC",0.0643832592985481,-0.321816296274886,0.303,0.425,1
"DTX3L",0.064496364607226,-0.814455014786478,0.197,0.291,1
"DNAJA1",0.0645251156417719,0.293317232339132,0.758,0.724,1
"FAM3A",0.0645443857007982,-0.633956042587514,0.265,0.366,1
"PPM1M",0.0646332724653252,-1.27496939735481,0.068,0.134,1
"BACE2",0.0646332724653252,-2.1396446549808,0.068,0.134,1
"ZNF627",0.0652128371378474,0.959114343570055,0.152,0.082,1
"PIGO",0.0653757123247741,-0.909341608121722,0.053,0.119,1
"TMEM156",0.0654179857643332,-0.700832158773565,0.197,0.291,1
"ZBTB11-AS1",0.0658959780901392,0.864291332491982,0.106,0.045,1
"SPTLC1",0.0659063080091591,-0.521051590367506,0.288,0.418,1
"KMT2E",0.0661143971558393,0.460853704493381,0.811,0.813,1
"UBA1",0.0661758867153009,-0.41941665202092,0.379,0.478,1
"JHY",0.0664456360338017,1.24379067234078,0.114,0.052,1
"ZNF562",0.0664750056199764,-0.830258012926523,0.189,0.276,1
"PLP2",0.0665222955020335,0.473877164461183,0.742,0.672,1
"COASY",0.0665571170036448,-0.999157735583843,0.121,0.194,1
"MOV10",0.0665826650155822,-0.535427225930456,0.068,0.142,1
"ALKBH8",0.0666363059067087,-0.92599501389206,0.061,0.127,1
"SLC39A9",0.0667435131455915,-0.649763827848541,0.114,0.201,1
"CYTH2",0.0667756867114091,0.633855495657344,0.402,0.313,1
"MYPOP",0.0669412374062259,0.963476418934671,0.114,0.052,1
"DNASE2",0.0669703300284372,0.897495459342676,0.235,0.149,1
"HERC1",0.0671601018294312,0.524091799207066,0.545,0.448,1
"USP12",0.0671743460970964,0.466355104377559,0.333,0.239,1
"AC002558.3",0.0671775469594438,-0.782521955695358,0.106,0.187,1
"CELF2",0.0673375204735196,0.254793462204759,0.917,0.873,1
"ZNF675",0.0674990791371562,-0.874191507829003,0.136,0.216,1
"COIL",0.0675123007360158,0.393993153945487,0.492,0.396,1
"MBOAT2",0.0675886868178107,-0.960972700005042,0.167,0.246,1
"SP110",0.0676055373397659,-0.313359489811201,0.439,0.56,1
"MGAT5",0.0676819522473649,0.812273818521699,0.197,0.119,1
"ERF",0.0677552139638239,1.07389167781661,0.152,0.082,1
"LTO1",0.0677890580322505,-0.599027948016751,0.106,0.194,1
"SPATA13",0.06783923288456,-0.327278627052835,0.136,0.231,1
"KAT5",0.0678768806610553,-0.586025346854961,0.205,0.306,1
"PHF11",0.0679117092635583,0.465153058055171,0.515,0.433,1
"U2AF1",0.0679822013652512,0.81834845102378,0.189,0.112,1
"TMEM161B",0.0679887842045994,0.986348787059387,0.212,0.134,1
"SF3B3",0.0680152659577676,0.627995744924203,0.394,0.299,1
"SMG7",0.0681744338706589,0.301678748963152,0.333,0.216,1
"INTS11",0.0682205686921342,-0.502263350707172,0.348,0.455,1
"AL035587.2",0.068234771358228,-1.38622716388629,0.068,0.134,1
"DNTTIP2",0.0682870429067407,0.466547711192445,0.629,0.522,1
"USP7",0.0683515889590053,0.445584366858937,0.492,0.403,1
"RAD18",0.0683732695635775,-0.676166373647959,0.083,0.157,1
"TRAPPC13",0.0684395695845854,1.49189666630964,0.129,0.067,1
"TDP2",0.0685687896061014,-0.430682229610293,0.189,0.299,1
"SPN",0.068628529790734,-0.439894912219166,0.818,0.888,1
"RALGAPA2",0.0686816090365589,0.550506008557523,0.333,0.239,1
"CD58",0.0687572181973555,-0.372098343068467,0.189,0.291,1
"AC244502.1",0.0687967461955296,1.31711011986246,0.356,0.269,1
"ZNF503",0.069031799781768,-1.18600232999551,0.045,0.104,1
"ID2",0.0691879994770399,0.895458025075236,0.417,0.321,1
"IER3IP1",0.069225288054973,0.38214233277248,0.538,0.455,1
"SLC35A5",0.0692329961813813,-0.97102689830789,0.083,0.157,1
"POLR2D",0.0692443026366319,-0.730367936054292,0.197,0.284,1
"POLR2F",0.0695635621551208,0.465934753309057,0.614,0.522,1
"PTRH2",0.0695640013583308,0.476180092155158,0.212,0.127,1
"TFPT",0.0697804428411833,-0.522338170677847,0.235,0.351,1
"CD84",0.0703023168308233,-1.03478434059567,0.341,0.47,1
"ZSWIM6",0.0708159922182775,-1.2301679983295,0.091,0.164,1
"PRDX3",0.0709121686047735,0.381999234275554,0.606,0.537,1
"SHMT1",0.0710165603823087,1.48362698508719,0.114,0.052,1
"C22orf39",0.0713951327589628,0.394659273430214,0.508,0.418,1
"FLYWCH1",0.0714460045787724,-1.05568015852703,0.061,0.127,1
"PEX13",0.0715516352609366,-0.908393483929716,0.136,0.216,1
"RIOK2",0.0717230852819809,-0.785707688116262,0.174,0.269,1
"NECAP2",0.0717336327508028,-0.354104139809783,0.295,0.41,1
"PAK1IP1",0.0717370032509349,0.583134167640474,0.28,0.187,1
"PCK2",0.0717377092239364,-0.900464758606175,0.045,0.104,1
"IMPACT",0.0717455661627203,-0.70290453459071,0.235,0.328,1
"FBXO3",0.0717780356757001,-0.730580585104822,0.295,0.381,1
"TMEM9",0.0717893568906787,-0.368218836663633,0.242,0.343,1
"PIK3R2",0.0717920116620416,0.921214248005145,0.167,0.097,1
"GCNT1",0.0718685345581781,-0.409845873892799,0.114,0.194,1
"SCYL3",0.0719264203343824,-0.446804587241801,0.121,0.209,1
"KEAP1",0.0720519878326497,-0.444856893751315,0.205,0.306,1
"SOGA1",0.0720665689663744,0.492007762097983,0.114,0.052,1
"ZZEF1",0.0722993158408973,-0.576160404989609,0.167,0.269,1
"IRAK3",0.072525739159126,-0.328854206661378,0.477,0.59,1
"SLC10A5",0.0725963221087073,0.989697204439564,0.114,0.052,1
"PCYT1B",0.0725963221087073,-1.11994163045333,0.053,0.112,1
"FAM120C",0.0728051397027903,0.83512688797739,0.159,0.09,1
"CIPC",0.0728441290727921,-1.16433964540686,0.045,0.104,1
"FBXL5",0.0729190472724269,0.459097010316643,0.477,0.366,1
"NSMCE2",0.0729198770721778,-0.516857707852562,0.341,0.448,1
"NAPG",0.0729312185992922,0.833394882293905,0.28,0.194,1
"GATA2-AS1",0.0730004098834601,-1.07202257391458,0.076,0.142,1
"TTC31",0.0730738558882629,1.07132660123133,0.212,0.142,1
"DUSP22",0.0736762013254982,0.438458353735755,0.295,0.209,1
"LYRM1",0.0736986860592437,-0.690876695939749,0.242,0.336,1
"DYRK4",0.0738103008670144,0.56124744945138,0.235,0.149,1
"UGGT1",0.0739539782534516,0.562789590499044,0.295,0.201,1
"LMF2",0.0739826776899704,0.895482587551957,0.235,0.157,1
"TSC22D2",0.0740596940192504,0.932953538075114,0.295,0.224,1
"KPNA5",0.0742869471666752,0.548565637741745,0.318,0.224,1
"TRAM1",0.0743050870836538,0.352640713380178,0.712,0.664,1
"PIEZO1",0.0743510148767415,0.427581774718488,0.379,0.299,1
"RNF44",0.0743972319584009,-0.692450583428349,0.258,0.358,1
"TNFAIP8L2",0.0744254187107576,-0.770852436755152,0.076,0.142,1
"ZNF16",0.0744379418891667,-1.25076639033087,0.068,0.134,1
"BACE1",0.0744659338745836,-0.368132378790421,0.061,0.127,1
"COQ2",0.0745737340259635,0.911944030893034,0.22,0.142,1
"ZNF397",0.0746646816404638,-0.717924242331553,0.242,0.328,1
"PDZD2",0.0746939531847936,-0.651337447423953,0.121,0.209,1
"PRKAA1",0.0748076456103487,0.948224412543897,0.288,0.209,1
"BCL7B",0.0748717158962102,0.464753440211902,0.432,0.343,1
"AC091271.1",0.0749054425041255,0.549128430775808,0.144,0.075,1
"ZNF432",0.0749054425041255,-1.08042633618947,0.076,0.142,1
"MBD5",0.0749580667492002,-0.5257758740403,0.394,0.5,1
"HOMEZ",0.0750399956287194,-0.722487466698726,0.083,0.157,1
"LMBRD2",0.0752205619294228,1.14325335041335,0.136,0.075,1
"FAM174C",0.0752599649050674,-0.493704365746747,0.348,0.44,1
"HIST1H2AH",0.0752931026176563,0.702664774109771,0.114,0.052,1
"CARS",0.0753191708993066,-0.676940698961301,0.182,0.269,1
"NOP2",0.0755109153591129,1.00745347921313,0.159,0.09,1
"ANXA2R",0.0755693627928101,-0.794100136126237,0.121,0.201,1
"HTATSF1",0.0759592899979234,0.500925072789694,0.652,0.575,1
"PRPSAP2",0.0763080433619863,-0.446548737328625,0.227,0.343,1
"RNF25",0.0763607034567367,-1.0667612406176,0.076,0.142,1
"WDR27",0.0763607034567367,-0.998258653081741,0.076,0.142,1
"RBFA",0.076425517190184,0.488929019380232,0.515,0.418,1
"ACSF3",0.0764746491993057,-0.813636493722757,0.174,0.254,1
"CCT3",0.0765488109933507,-0.261590526624147,0.795,0.851,1
"HAUS4",0.0766206920783036,-0.509592618737083,0.424,0.53,1
"SOS1",0.076630718017412,0.677752552766206,0.311,0.231,1
"TGDS",0.0769500571388179,0.812202021423271,0.114,0.052,1
"FAR1",0.0769881563736652,-0.361567847570212,0.25,0.351,1
"NPC2",0.0770482838251959,-0.256408852080578,0.788,0.836,1
"ING2",0.0777574618780304,0.636018778871559,0.424,0.336,1
"IRAK1",0.077775774015802,-0.596483887570665,0.227,0.328,1
"EDEM1",0.0778001372478541,1.12054215857046,0.212,0.142,1
"SLC27A3",0.0778512204002061,-0.712266195232568,0.083,0.157,1
"KLC1",0.0778855198743538,0.686510280687612,0.409,0.336,1
"ZNF148",0.0780983478591153,-0.411704231281529,0.432,0.552,1
"FCER1G",0.0781627150533302,0.640153687908063,0.371,0.276,1
"ZNF787",0.0781792983081848,0.651013087386061,0.379,0.306,1
"TXLNG",0.0782231545648536,0.618614330602984,0.273,0.179,1
"STK17B",0.07830795476628,0.583486549280743,0.697,0.649,1
"SLC3A2",0.07855967368726,0.386296922182783,0.659,0.575,1
"DBR1",0.0786366117702322,-1.09800568771043,0.053,0.112,1
"C16orf58",0.0786521647193285,-0.565536701320507,0.129,0.216,1
"KLHDC2",0.078655876928508,-0.369226986023756,0.576,0.672,1
"CHM",0.0789481150884001,-0.66614422581901,0.114,0.194,1
"NFIC",0.0789938554277283,0.490688521183396,0.379,0.291,1
"EMP3",0.0793631827704495,-0.266185773103735,0.856,0.858,1
"ERVK13-1",0.0795169206153686,-0.605965226029878,0.068,0.134,1
"MTMR6",0.0795445910302319,-0.618368404333332,0.152,0.239,1
"JAKMIP2",0.0795573120070175,0.559027560408605,0.318,0.224,1
"NBAS",0.0797628521926838,0.557976952608327,0.417,0.328,1
"OSER1-DT",0.0797776021829061,-1.10339260963359,0.053,0.112,1
"RAB11FIP3",0.0797793071465195,-0.697291175676428,0.045,0.104,1
"HLA-DQA1",0.0798250555840575,0.457644920656329,0.538,0.418,1
"JUN",0.0798366845293462,0.670707410509455,0.652,0.575,1
"AL080276.2",0.0798935853200879,-0.610278007277218,0.129,0.216,1
"ABHD18",0.0799490398475556,-0.666936569698153,0.136,0.224,1
"NEIL2",0.0800399552822671,0.387006764216133,0.136,0.067,1
"TAF5L",0.0802580356930315,1.2897673675719,0.136,0.075,1
"RBBP5",0.080299222501156,-0.639297448228009,0.091,0.164,1
"SPATA5",0.0803531232466072,0.592749649901349,0.114,0.052,1
"ENTR1",0.0804212816737358,0.63630845814233,0.303,0.224,1
"CACYBP",0.0807979042046808,0.485334619520173,0.659,0.612,1
"ABCF3",0.0808653186319018,-0.88024510228464,0.076,0.142,1
"ENO2",0.0809320125153261,0.796137740196852,0.114,0.052,1
"ACAD11",0.0809320125153261,-0.95348404837851,0.053,0.112,1
"ZNF671",0.0810944111635557,-0.831139135629532,0.068,0.134,1
"ANKRD40",0.0811351005787069,-0.678267084835716,0.114,0.194,1
"NQO2",0.081268411508128,0.524785444630653,0.341,0.254,1
"ARF6",0.0814301056891668,0.364068018688026,0.674,0.627,1
"KDM3A",0.0814890866890325,0.253218195735396,0.371,0.269,1
"ZIK1",0.0815142832169578,-0.999257253660104,0.053,0.112,1
"HSPA4",0.0815181753361156,0.397216253328774,0.523,0.425,1
"LINC01122",0.0815639122209757,-0.556901467879263,0.174,0.269,1
"RNF2",0.0816758643653485,-0.735809484253782,0.22,0.306,1
"TRAPPC6A",0.0817329742632616,-0.288937798241984,0.652,0.739,1
"MPP5",0.0817412677703168,0.82611830024549,0.235,0.157,1
"SIVA1",0.0817885614711646,0.389475823610247,0.727,0.642,1
"HIBCH",0.081811397048731,-0.584140896730717,0.303,0.418,1
"IRF2",0.0818286835623286,0.70022866266934,0.394,0.321,1
"RNF125",0.0818467959891086,0.549442020277224,0.462,0.381,1
"NABP1",0.0818937617159833,-0.785928326603513,0.106,0.187,1
"HLA-DQA2",0.0821557424262111,0.466309163253728,0.409,0.306,1
"HPRT1",0.0822699191924196,-0.342969883145523,0.553,0.634,1
"SEC23A",0.0822706763243088,-0.596996224159619,0.144,0.231,1
"DNAJC30",0.0823089218930769,0.462073586946161,0.303,0.209,1
"NDUFA3",0.0823588810825101,-0.280177731480618,0.689,0.754,1
"TMEM147",0.0824143668830784,-0.329383644039772,0.508,0.642,1
"GNPAT",0.0824308791183656,0.314849642676547,0.417,0.313,1
"SCAF1",0.0827267206477071,-0.370400640370794,0.083,0.157,1
"ATP13A3",0.0828522147759919,-0.554959712752896,0.129,0.216,1
"ZNF337",0.0832043915609835,1.17584711766331,0.129,0.067,1
"HIST1H4C",0.0832854312908031,0.281406826602943,0.985,0.955,1
"SLC10A7",0.0835591080374494,0.916282701382325,0.121,0.06,1
"SS18L2",0.0836338149562619,0.476966084812201,0.614,0.545,1
"YTHDC2",0.0836607770142064,-0.486388605797054,0.22,0.321,1
"ZNF385A",0.083676857949312,-0.662916713906843,0.121,0.201,1
"LINC01128",0.0836806372243288,-0.82481867732269,0.091,0.164,1
"HSDL1",0.083877444962123,-0.825485594549463,0.053,0.112,1
"EXOSC6",0.0839527716197528,0.283085288732934,0.598,0.507,1
"SLC38A1",0.0839541901725937,0.465787584691926,0.545,0.448,1
"HDAC7",0.0842616041272468,0.260888036730172,0.439,0.351,1
"ZNF555",0.0842780071088031,0.282461818293319,0.25,0.164,1
"SNX17",0.0846752729524669,0.323043847555396,0.621,0.537,1
"ZMAT3",0.0846815448531839,0.688123935564269,0.265,0.179,1
"TSHZ1",0.0846837235298193,0.554553863833673,0.25,0.164,1
"DPY19L4",0.0847726156010608,0.658658976005977,0.22,0.142,1
"RABL3",0.0847899169302234,1.02107169749894,0.174,0.104,1
"TMCC1-AS1",0.0848365011712055,-0.606764145676966,0.167,0.254,1
"SFR1",0.0849842920762607,-0.278970791983184,0.227,0.321,1
"PCCB",0.085362594505738,-0.601304729578514,0.242,0.321,1
"FAM53B",0.0854298199869422,1.09371938683053,0.129,0.067,1
"RCL1",0.0859103604554801,-0.829106217195496,0.167,0.246,1
"MYO18A",0.0859936308460718,1.17183135597044,0.129,0.067,1
"KIF22",0.0862639571246191,-0.539441463538795,0.205,0.299,1
"KLHDC8B",0.0863343147867183,0.661145572693288,0.152,0.082,1
"NFRKB",0.086406455647885,-0.987684579025168,0.129,0.209,1
"NDUFA5",0.0864091929404878,0.290361464549745,0.758,0.694,1
"SLC39A7",0.0866681876065489,0.928662900806299,0.212,0.142,1
"LSG1",0.0866785436318023,0.769182759634291,0.258,0.187,1
"ALDH6A1",0.08668140147692,-0.626944134782974,0.182,0.269,1
"RAB11B-AS1",0.0868159890319659,1.151944521396,0.144,0.082,1
"TMEM208",0.0868770500954577,-0.383328810399419,0.432,0.522,1
"COPS8",0.0869333744419117,-0.41699301910674,0.25,0.343,1
"ARL5B",0.0870327616505604,0.433362196775052,0.295,0.209,1
"ANKRD33B",0.0870971404676173,-0.585053715712446,0.068,0.134,1
"AC009403.1",0.087129340265835,0.442564112018798,0.235,0.157,1
"AP002748.4",0.0872108387812115,-1.05299875095774,0.106,0.172,1
"MMGT1",0.0873324483606593,0.509240850165685,0.371,0.276,1
"CGREF1",0.0873331930570887,1.3655776274205,0.106,0.052,1
"MIS12",0.087430584720351,1.0944570330028,0.159,0.097,1
"SNAPIN",0.0877099585316777,0.552456581798389,0.379,0.284,1
"TGFBR2",0.0877445893303171,-0.464484220711866,0.22,0.321,1
"BEND7",0.0877559156589127,-0.565101885815566,0.121,0.201,1
"CCNH",0.0877683396885104,-0.302075653845254,0.386,0.507,1
"MED24",0.0879050407846429,0.68169717140607,0.212,0.134,1
"DHX33",0.0879925006775323,0.665727459721976,0.189,0.119,1
"PGP",0.0881367473130799,0.674438378789065,0.371,0.299,1
"ISYNA1",0.0881697255525715,-0.418974945878531,0.326,0.44,1
"FBXO7",0.0884433487109836,-0.309984350153383,0.705,0.769,1
"ZNF576",0.088770099412162,-0.807237813518128,0.053,0.112,1
"PECAM1",0.088784797453125,0.904050508707449,0.386,0.313,1
"TET3",0.0888431789309556,0.339556309015842,0.121,0.06,1
"ZNF69",0.0888431789309556,-0.976749750016907,0.061,0.119,1
"AL355001.2",0.0889218157052546,0.979326940766568,0.22,0.149,1
"C19orf25",0.0890306801188071,-0.4035112275782,0.212,0.321,1
"EMG1",0.0890387114833765,-0.413226399683998,0.265,0.366,1
"HSPE1",0.0890475204749817,0.32719211581567,0.795,0.776,1
"RNF24",0.0891258900686724,-0.394608465585916,0.432,0.56,1
"DESI2",0.0891286637748638,0.488017329359535,0.303,0.209,1
"ARAP2",0.0892765276340388,0.653341595456732,0.235,0.157,1
"C12orf4",0.0894399188962099,-1.27304914135274,0.068,0.127,1
"SCAF4",0.0895610874914538,0.567519387710068,0.379,0.291,1
"CCDC127",0.0897197341037646,0.580354061671036,0.212,0.134,1
"GBP2",0.0898528306453776,-0.618648983848576,0.288,0.373,1
"TCERG1",0.089899937688934,-0.419454854243075,0.341,0.463,1
"ZNF709",0.0900249690144495,0.47088480569608,0.129,0.067,1
"HCST",0.0900312243086228,0.459415410650732,0.75,0.664,1
"AKT1S1",0.0900904628631734,-0.818110845906429,0.121,0.201,1
"CCDC159",0.0901500607531,0.802325192311104,0.167,0.097,1
"SMAP1",0.090155413526624,0.518643105264669,0.576,0.507,1
"TMX3",0.0901622482818351,0.718785719260691,0.333,0.239,1
"SP4",0.0902636016490707,-0.840390210526965,0.121,0.194,1
"GOLT1B",0.0904126656635972,-0.550605570621136,0.144,0.231,1
"PPP1R8",0.0905041727686826,0.792981760069836,0.273,0.201,1
"CHMP4A",0.0905073741462105,0.316252091476444,0.583,0.515,1
"NOMO1",0.0905333766882965,1.00472663573103,0.106,0.052,1
"PPP1CB",0.0905720462003724,0.368799139653334,0.818,0.784,1
"SLC35F6",0.0906631122097648,-0.800126320600871,0.053,0.112,1
"SAMD1",0.0908072479550148,0.507705716501666,0.47,0.396,1
"TST",0.090843063429037,-0.8959340547747,0.106,0.179,1
"UHRF1BP1L",0.0908585400118117,-0.633343645497687,0.144,0.231,1
"LIG3",0.0913934605794696,0.309994230506734,0.295,0.201,1
"PHB2",0.0915742137666088,-0.265830480059877,0.864,0.896,1
"COQ9",0.0916127465990489,-0.554151386008846,0.212,0.306,1
"SNUPN",0.0916222724444888,0.647470954384153,0.258,0.179,1
"FYB1",0.0916774770797232,0.338401736657498,0.371,0.276,1
"C15orf39",0.0917624389755722,0.415521762894044,0.303,0.201,1
"SEC13",0.0918154430165823,-0.406523689804362,0.348,0.448,1
"WBP2",0.0920576777420256,-0.350921520067841,0.303,0.418,1
"MIGA2",0.092306768410959,-1.16257587515836,0.076,0.134,1
"RFLNB",0.0924159658352747,0.535337032053515,0.462,0.373,1
"EID2B",0.0925720300607302,-0.775765875202334,0.114,0.194,1
"NFE2L1",0.0926224768724389,-0.730135523194713,0.205,0.284,1
"AC144652.1",0.0927884703371211,0.40625691256198,0.144,0.075,1
"FECH",0.0928711897933788,0.507796199682994,0.258,0.172,1
"MED19",0.0929074142622026,0.785349622583226,0.295,0.216,1
"CLDND2",0.0929726042078255,-0.942061035411799,0.091,0.157,1
"MCL1",0.0930054373177552,0.688045857538151,0.636,0.649,1
"RPUSD4",0.093018884475391,-0.601945650610616,0.205,0.291,1
"ERO1B",0.0933521510076846,0.669066843388669,0.318,0.239,1
"ZNF677",0.0934288448407403,-0.696893707344633,0.205,0.291,1
"DRG1",0.0935184761879179,-0.372093982275524,0.311,0.425,1
"ACAA2",0.0935645136325191,-0.320584469393695,0.348,0.448,1
"PPP3CC",0.0937877996241785,-0.893838201754857,0.091,0.157,1
"MEF2B",0.093890169649499,-0.568407932357551,0.053,0.112,1
"HMG20A",0.0939243342936828,0.823890217783414,0.265,0.187,1
"ZNF808",0.0939918759135796,0.958223050988346,0.144,0.082,1
"BLVRA",0.0940846012503695,-0.505699280651843,0.424,0.485,1
"ETF1",0.094277475526571,0.425887807535488,0.477,0.425,1
"GALNT1",0.0943208360025343,0.310594207024038,0.705,0.672,1
"TMEM101",0.0943620791265413,-0.356988626592071,0.295,0.403,1
"FAN1",0.0943627714225521,-0.500708318113774,0.144,0.224,1
"TFAM",0.094423013281732,0.449821662471504,0.621,0.56,1
"IGF2BP2",0.0944272448993231,-0.355741666929788,0.394,0.515,1
"DHRS4L2",0.0946542859448766,-0.536757453145585,0.333,0.44,1
"ZNF431",0.0947708251282161,-0.50418409168971,0.409,0.5,1
"ACBD4",0.095026717219394,-0.968205597467439,0.061,0.119,1
"ADAM15",0.0950606230285872,-0.820383757803131,0.083,0.149,1
"ACSS2",0.0950606230285872,-1.21336387976956,0.083,0.149,1
"MTG1",0.0954446937911458,-0.462563472594172,0.288,0.381,1
"ZNF664",0.0957724292805589,-0.463428144262596,0.182,0.276,1
"NFATC1",0.0958559563351813,0.393243880392631,0.22,0.134,1
"ALYREF",0.0960372184886974,0.569286297781532,0.515,0.47,1
"BCCIP",0.0961981772218008,0.438112909109895,0.439,0.366,1
"MAPRE2",0.09650430464235,0.296960777517589,0.606,0.522,1
"SORBS3",0.0965309355007228,1.13218865084326,0.106,0.052,1
"ING5",0.0968146795845559,0.525949361199317,0.341,0.254,1
"CPNE2",0.0968653175339833,-0.806973410222201,0.076,0.142,1
"ACADS",0.0968939163000445,0.699991475060836,0.197,0.127,1
"CNOT9",0.0969522698787263,-0.518584127824378,0.227,0.328,1
"ATG10",0.0970572561024372,0.597098122746161,0.356,0.284,1
"NELFA",0.0972323381108601,-0.455129952802444,0.189,0.291,1
"TFR2",0.097359045455985,-0.569423617590809,0.227,0.328,1
"SUCO",0.0973719472045639,0.391557387818748,0.386,0.291,1
"NCLN",0.0973876511489681,0.547973742120231,0.159,0.09,1
"INTS14",0.0975675967849192,-0.571887650272124,0.098,0.172,1
"FABP5",0.0975936131280815,0.275783375262718,0.689,0.701,1
"PVT1",0.0975969149720046,-1.06016511338722,0.098,0.164,1
"CCDC43",0.0977293173015175,-0.499212822227569,0.28,0.388,1
"ARRB2",0.098132983014918,0.473266580891294,0.455,0.358,1
"BCLAF1",0.0982061730487202,0.326885837635051,0.818,0.791,1
"SSH2",0.0982532426274314,-0.447052166670628,0.311,0.396,1
"IKBIP",0.0983055663104444,0.531808866531042,0.333,0.246,1
"METTL18",0.0985172008407154,-0.795472630807021,0.091,0.157,1
"TYK2",0.0986568556884764,-0.560375413848571,0.098,0.172,1
"ANXA11",0.0990283595906978,-0.285277675224181,0.598,0.701,1
"PRKCSH",0.0990348235875599,-0.369395404919562,0.462,0.537,1
"THOC6",0.0991793792400666,0.675478700872989,0.326,0.261,1
"DAPP1",0.0992501028111401,-0.549434243949413,0.136,0.216,1
"SHARPIN",0.0993396989277519,-0.358871453204652,0.364,0.455,1
"USP46",0.0996607973545133,-0.477913931418152,0.159,0.239,1
"DIS3L",0.0997377932422399,-0.599470667533363,0.167,0.254,1
"EXOC6B",0.0998112866443907,-1.1841029521324,0.068,0.127,1
"RIPOR2",0.0999709565598183,-0.328933097806497,0.636,0.724,1
"CPD",0.100190832027087,-0.806656913631934,0.152,0.231,1
"TNFSF13",0.100237276244577,-0.594829008522817,0.136,0.216,1
"MAP9",0.100394794570099,0.61708627017175,0.227,0.149,1
"WAC-AS1",0.100642717421035,0.320835324308956,0.447,0.351,1
"ZNF655",0.10067610230466,0.474105743430254,0.394,0.321,1
"CPED1",0.100807672104419,-0.674645574579661,0.091,0.157,1
"PSMA3-AS1",0.100940737544513,0.260578674764506,0.697,0.657,1
"RNF149",0.101015862403105,-0.830972734445181,0.273,0.343,1
"ATG13",0.101087463446193,0.336176561173986,0.364,0.284,1
"MYL5",0.101422064361266,-0.609146851118776,0.114,0.187,1
"SSBP4",0.101582585218792,-0.302809323665615,0.659,0.731,1
"RAB13",0.101735529459737,-0.397367256341659,0.598,0.649,1
"ARHGAP19",0.101737381748708,0.532753235815232,0.129,0.067,1
"UROD",0.101826063098372,-0.316194291586121,0.492,0.575,1
"SYCE1L",0.102243701271394,0.867553450436498,0.144,0.082,1
"IGSF8",0.102345422716741,0.592156455747183,0.227,0.149,1
"AP001816.1",0.10239845549342,-0.589466975993101,0.106,0.179,1
"PPP1R11",0.102430589279522,0.480704446225594,0.386,0.299,1
"FOSB",0.102496223847433,1.75648392943436,0.326,0.269,1
"NGLY1",0.102731613611199,0.532322225590452,0.523,0.47,1
"RBM19",0.103106599532319,-0.330619546435543,0.114,0.194,1
"UBL7",0.103198348944615,-0.520755647470178,0.227,0.328,1
"ZNF66",0.103227086998633,1.07213317363764,0.174,0.112,1
"LIMD1",0.103520078072511,0.797062378772711,0.22,0.149,1
"NLE1",0.10375415885281,-0.422232800774975,0.136,0.216,1
"WDR20",0.103844796936064,0.470000291799182,0.136,0.075,1
"NUDT7",0.103844796936064,-1.08494671762853,0.076,0.134,1
"AL132709.8",0.103851682030279,0.814477043355895,0.152,0.09,1
"CCNB1",0.10387007411603,-0.614156047761426,0.083,0.149,1
"MIR181A1HG",0.10392304212863,0.55130033123669,0.682,0.657,1
"PLAGL1",0.103987379646736,-0.372816019447937,0.485,0.597,1
"NAPRT",0.104140134114743,-0.457242475251933,0.326,0.425,1
"SEC24B-AS1",0.104351408512413,0.585632254442246,0.129,0.067,1
"ZCCHC10",0.10444032239177,0.577076428968569,0.386,0.284,1
"RETSAT",0.104943352857145,-0.805155488799128,0.061,0.119,1
"EMC8",0.104971810877465,0.813424590264575,0.273,0.209,1
"SLC9A7",0.105056004484152,0.414609522529178,0.295,0.201,1
"GRB10",0.105076366299277,-0.738218560083101,0.152,0.231,1
"ZNF169",0.105092169952593,-0.502972635737318,0.083,0.149,1
"UBE2S",0.105212791839044,0.400073770012099,0.576,0.493,1
"ZNF345",0.105291101305911,-0.770556933780673,0.136,0.216,1
"ZBTB20",0.105304121367028,0.279291608029395,0.621,0.552,1
"ZNF639",0.105432520179079,0.621920929492227,0.409,0.328,1
"RAD1",0.105538574166526,0.566419265101109,0.242,0.164,1
"MUS81",0.105609735772366,-0.41771455613202,0.167,0.261,1
"ANKHD1",0.105923358691504,-0.339873214643067,0.5,0.545,1
"SUPT20H",0.106000453558127,-0.466896599880947,0.424,0.515,1
"TRMU",0.106116387641248,-0.817951675843316,0.091,0.157,1
"AL662844.4",0.106122051697039,-0.275838129904202,0.318,0.44,1
"GNL2",0.10618865683021,0.707628596078299,0.326,0.246,1
"LMO2",0.106192507074375,-0.277319918864929,0.72,0.769,1
"FAM228B",0.106357327732725,-0.454733006948782,0.303,0.396,1
"DIP2A",0.106486554129881,0.409416876881269,0.348,0.254,1
"MEI1",0.106487526272064,-1.01825444863533,0.053,0.104,1
"TRAM2",0.106576054039292,1.00919016146741,0.114,0.06,1
"TIMM10B",0.10659236499767,0.488208218537461,0.371,0.276,1
"VPS11",0.107368399354297,0.77225701038169,0.212,0.142,1
"SQLE",0.107497811016599,0.388590021082108,0.402,0.321,1
"MTA2",0.107581203619499,0.854201968519144,0.22,0.149,1
"ZBTB18",0.10765646726573,-0.418035684819814,0.091,0.164,1
"NHEJ1",0.107693642363272,-1.15148719813233,0.068,0.127,1
"ZNF586",0.10771754315811,-1.19031370834124,0.076,0.134,1
"ATP2B1",0.10787885387414,0.606566393398981,0.523,0.478,1
"HEXA",0.10796270580333,-0.346093999696605,0.417,0.53,1
"COQ7",0.108230161254441,-0.813156079655555,0.129,0.201,1
"PDK3",0.10832473486787,-0.586448276155678,0.182,0.261,1
"ICAM3",0.108422621461136,-0.259531488528008,0.864,0.925,1
"NOC2L",0.108479920837853,0.283836714352222,0.409,0.336,1
"MRPS36",0.108714460868365,-0.330202866182831,0.538,0.649,1
"AC002454.1",0.108720908698001,-0.407609813296365,0.432,0.515,1
"PPP1CC",0.108772546118164,0.356385967609623,0.644,0.604,1
"TKFC",0.108803411719008,-0.660473009976263,0.121,0.194,1
"PPT1",0.108909051749638,-0.283207768924098,0.326,0.44,1
"JCHAIN",0.10894521657775,0.361424722592595,0.288,0.209,1
"NOM1",0.109177722717829,-0.650988420316202,0.106,0.179,1
"LINC01089",0.109326465194507,-0.37955453640265,0.447,0.582,1
"RASA1",0.109422010383941,0.641936281432927,0.235,0.164,1
"TTC14",0.109470138805864,0.271950500862497,0.72,0.634,1
"ZNF419",0.109477373118105,-1.15167062100915,0.053,0.104,1
"YIPF6",0.109493331370986,-0.540489752155606,0.167,0.261,1
"PSMD1",0.109523966257518,0.267798730532818,0.477,0.388,1
"TMEM209",0.109670230789162,-0.653571814038139,0.152,0.224,1
"ATF6",0.109864786495196,-0.56658445097683,0.311,0.403,1
"PHC2",0.110105373421848,0.350083268505111,0.348,0.261,1
"PRIM1",0.110161141263267,0.587978736853048,0.273,0.194,1
"MARK2",0.110318628971341,0.47147171749792,0.28,0.201,1
"SEC22C",0.110548870940497,0.457505019644307,0.356,0.284,1
"SNHG4",0.110555231385846,1.06905133733938,0.182,0.119,1
"SLC25A1",0.11062296777111,-0.488706565106551,0.242,0.336,1
"NDUFAF2",0.11062296777111,0.574251537529814,0.333,0.246,1
"MAP3K3",0.110641186884235,0.496324650605962,0.273,0.194,1
"ZBED3-AS1",0.110901215699548,0.968167556524225,0.114,0.06,1
"ZNF510",0.111019186500609,-0.729910883065817,0.091,0.157,1
"GOLGA1",0.111120079744908,-1.02649647297388,0.068,0.127,1
"ODR4",0.111122882988508,0.67942157612418,0.273,0.194,1
"LARP4B",0.111186511572873,-0.664840049534257,0.152,0.231,1
"IVNS1ABP",0.111307175635734,0.475172047957257,0.402,0.336,1
"FADS1",0.111473735415198,-0.474801844073725,0.348,0.433,1
"ZNF514",0.111601199448578,-0.676134362326058,0.121,0.194,1
"PARP6",0.111635365450426,0.993385940012762,0.114,0.06,1
"TAF1B",0.111650205808941,-0.518100357223586,0.197,0.291,1
"SMC6",0.111787246673325,0.533798251585974,0.25,0.172,1
"DPYSL2",0.112007974390538,0.44427126301019,0.553,0.47,1
"SRCAP",0.112231606041308,-0.534010959151855,0.152,0.231,1
"ZNF844",0.112239248928754,1.05771021028776,0.159,0.097,1
"MINDY2",0.112375187878752,0.824756718854117,0.258,0.179,1
"C7orf50",0.112426189048431,0.38355473782413,0.356,0.276,1
"ANKRD10",0.11258943831422,-0.38573376776762,0.477,0.575,1
"DPF2",0.112814746173088,-0.291220686783333,0.432,0.56,1
"INTS1",0.11299531651663,0.905667467453497,0.174,0.112,1
"TNPO3",0.113162608941011,-0.641160820751502,0.235,0.321,1
"PDLIM1",0.113304178307102,-0.40354936343093,0.508,0.582,1
"GEMIN4",0.113307228732096,-0.984120784119642,0.053,0.104,1
"AL450998.2",0.113478408690574,-0.37412331435577,0.432,0.53,1
"MAST4",0.113905770762301,-0.26646543803761,0.205,0.291,1
"AC024560.5",0.114085718749623,-1.3447932375216,0.053,0.104,1
"ZNF544",0.114227103867089,0.528960658327827,0.326,0.254,1
"AL499604.1",0.114230094063345,0.85683235372244,0.258,0.187,1
"NXT1",0.114234207005831,0.495967266321912,0.417,0.321,1
"PLEKHG2",0.114319021382778,1.1365279628124,0.121,0.067,1
"IFT88",0.114723100729374,-0.502162899889302,0.212,0.306,1
"PKD1",0.11481230630752,1.18774118772537,0.152,0.097,1
"MYSM1",0.115201622877446,-0.32645040173699,0.303,0.418,1
"BMT2",0.115320602914943,0.850884143362066,0.205,0.142,1
"DNAJB12",0.115325949868791,-0.374119349309154,0.341,0.448,1
"ZNF433-AS1",0.11535403793016,0.302152382196403,0.545,0.5,1
"RPL7L1",0.115406585435888,-0.27622468509226,0.689,0.791,1
"CDC37L1",0.115448690752113,-0.546386719291642,0.136,0.216,1
"TJP2",0.115655326537656,-1.20528591803211,0.053,0.104,1
"CCL28",0.115950545007443,0.744288030612978,0.227,0.157,1
"RFTN1",0.116031375022453,0.417692516187027,0.273,0.194,1
"POMGNT1",0.116037190616961,0.770138590245047,0.189,0.119,1
"IER2",0.116084352090954,0.528506211018741,0.545,0.478,1
"MAN2C1",0.116091523937759,0.45522120715195,0.182,0.112,1
"SH3YL1",0.116140121522455,0.730185472826567,0.288,0.216,1
"BSDC1",0.116184024911202,0.344128460969412,0.508,0.41,1
"IL2RG",0.11668645038234,0.417772524170299,0.523,0.448,1
"METRN",0.116694196940466,-0.809610612152174,0.114,0.179,1
"TP53I3",0.116702404740032,-0.462849104204581,0.28,0.358,1
"YARS",0.116808118796309,-0.526475944054159,0.341,0.403,1
"HADH",0.116999367598284,0.643564021822932,0.508,0.448,1
"PWWP2A",0.117033221457166,0.693259437775159,0.273,0.194,1
"RASGRP4",0.117040824727326,-0.891403641678383,0.083,0.142,1
"TYMP",0.117724985832996,-0.96202409233311,0.205,0.284,1
"PPP1R7",0.117739653037322,0.377004597202893,0.53,0.463,1
"TTF2",0.117826662926614,0.685168348708705,0.265,0.187,1
"EGLN1",0.117855869047776,0.386667031356873,0.212,0.134,1
"CAND1",0.117933887404711,-0.413749283209534,0.424,0.56,1
"ZCCHC8",0.118220553922396,0.758497725993445,0.265,0.209,1
"TVP23C",0.118587320991845,0.79068804910015,0.159,0.097,1
"Z83843.1",0.118846025673077,-0.289599502084264,0.182,0.276,1
"AC017100.1",0.118960937586667,-0.674538428084635,0.068,0.127,1
"ADNP",0.119066767038743,0.407525985283807,0.553,0.47,1
"PRC1",0.119365662915491,-0.516628539105299,0.091,0.157,1
"PRPF3",0.11938105977032,-0.329296123402142,0.159,0.239,1
"EHMT2",0.119420633641014,0.386231684371077,0.364,0.276,1
"TBC1D24",0.119462565623285,0.879855637407561,0.121,0.067,1
"DDX21",0.119485127673613,0.269928658988447,0.674,0.59,1
"PEX16",0.119908384603144,0.439066889002884,0.371,0.284,1
"BDP1",0.120090284203283,0.324550299872004,0.53,0.433,1
"TMEM39A",0.120190848440625,-0.784703238309911,0.106,0.172,1
"ATP13A1",0.120466145359392,-0.915747490310142,0.053,0.104,1
"MMAB",0.120478889658223,0.398775167220658,0.288,0.201,1
"SREK1",0.120629773452618,0.434268564352448,0.621,0.575,1
"TMEM71",0.120692281297165,-0.690030716218516,0.091,0.157,1
"IFT52",0.120754951008423,-0.512174604123873,0.273,0.358,1
"FLOT1",0.120759627139647,-0.290866016012385,0.189,0.284,1
"NDUFA9",0.1207995151208,-0.335253685044855,0.394,0.493,1
"VMAC",0.120824186003391,-0.83997915976833,0.106,0.172,1
"RNF14",0.120964974666643,1.05236828694347,0.121,0.067,1
"ALG12",0.121282964089727,-1.30067940760844,0.053,0.104,1
"SMG8",0.12153213234844,-0.946151697746775,0.061,0.112,1
"PITPNA-AS1",0.12153701774045,-0.423051728089627,0.22,0.299,1
"EMD",0.121736686728442,-0.2697150244489,0.364,0.47,1
"NEPRO",0.122002074751229,-0.414589097930452,0.197,0.291,1
"POLB",0.122471373857647,0.606306825916333,0.265,0.194,1
"TIPIN",0.12248212747911,0.921795919491851,0.121,0.067,1
"ALOX5AP",0.122665284648744,-1.26663218871291,0.197,0.269,1
"REXO5",0.122753477881136,-0.924077258724407,0.121,0.194,1
"AC097382.3",0.122929592435735,-0.868750983575896,0.053,0.104,1
"BICD2",0.123070749654105,0.81446184333871,0.311,0.239,1
"C11orf54",0.123115230308193,0.285543538004701,0.341,0.246,1
"PPTC7",0.123208102821131,0.289750249936365,0.242,0.164,1
"GIMAP7",0.12336372665614,-0.763364966634984,0.121,0.194,1
"EXOSC2",0.123380109708924,-0.426300642316514,0.091,0.157,1
"DYNC2LI1",0.123522903667216,-0.331525283563421,0.189,0.269,1
"MAPKAPK5",0.123529288611301,0.563667206641856,0.341,0.254,1
"PHF21A",0.124218682255341,-0.375747456179174,0.22,0.306,1
"ATP2B4",0.124267164558978,0.450242832819549,0.492,0.425,1
"ACSL4",0.124278817723846,-0.625922895434376,0.258,0.351,1
"ATP2A1",0.124593630582285,-0.74930391989265,0.053,0.104,1
"FOXJ2",0.124741435620971,-0.579266392176987,0.091,0.157,1
"HDAC6",0.124899711769594,0.621529825887141,0.189,0.127,1
"HIST1H2BC",0.124982245120778,0.944173428487951,0.22,0.157,1
"SVOPL",0.125176155902469,-0.758708170362861,0.144,0.209,1
"CDC34",0.125570457512355,-0.464718777141595,0.22,0.299,1
"DNTTIP1",0.125595796290343,-0.549505384583361,0.25,0.328,1
"LY96",0.125693337686575,-0.555028467057299,0.068,0.127,1
"ARHGAP18",0.125710469931336,0.996652291360764,0.235,0.172,1
"RWDD2B",0.125836375858115,-0.752941433619303,0.076,0.134,1
"AK4",0.126119630076509,-0.601992120179043,0.083,0.142,1
"NSL1",0.126181118502118,-0.443992825018567,0.333,0.433,1
"ARHGEF18",0.126244454386806,-0.517420688629361,0.098,0.164,1
"SLC20A2",0.126250889139246,0.871251421107739,0.182,0.119,1
"UBAC2",0.126312336242941,0.547444412788544,0.402,0.343,1
"RFXAP",0.12640933995631,0.94079284680177,0.129,0.075,1
"RWDD1",0.126446384009682,0.277692216289962,0.788,0.799,1
"C9orf78",0.126481369966301,0.42845171138396,0.742,0.724,1
"TMEM248",0.126621023278237,-0.382793064208162,0.394,0.507,1
"ACY3",0.126887554932889,1.53688707011936,0.182,0.119,1
"PUS7",0.126948703784576,1.14350828325301,0.144,0.09,1
"RNF6",0.127062004284743,0.544938945713316,0.311,0.239,1
"RNF19B",0.127165801516845,0.772879387571834,0.129,0.075,1
"SPIDR",0.127176337564992,0.605594695205167,0.288,0.224,1
"IQSEC1",0.12722899455529,-0.628356694457574,0.068,0.127,1
"HSPA13",0.127271792152731,-0.5018633558847,0.174,0.254,1
"PTGES2",0.127398873988433,0.580508391629799,0.303,0.231,1
"ACYP1",0.127467668827498,0.267321550158674,0.417,0.313,1
"TMEM44",0.127643394394825,-0.80076693662932,0.114,0.179,1
"PSMG1",0.128116892900952,0.380806903422913,0.447,0.358,1
"PPCS",0.128247811036493,-0.303461066312162,0.492,0.612,1
"CKS2",0.128477875470271,0.650858150382012,0.485,0.425,1
"ITPRID2",0.128502184150682,-0.333832837439895,0.371,0.455,1
"GALK2",0.128571648644478,0.731715581720395,0.242,0.179,1
"EDC4",0.128618065184749,-0.789885560539432,0.114,0.179,1
"CREBZF",0.128979040542718,-0.364938723297726,0.371,0.478,1
"DNAJB1",0.129002484529323,0.629922806607611,0.326,0.261,1
"LINC02482",0.129020785834422,0.406897664568703,0.144,0.082,1
"EPM2AIP1",0.129182067469712,0.354085221261065,0.523,0.455,1
"TLNRD1",0.129276566506962,-0.345940186274824,0.129,0.209,1
"NDN",0.129326533739824,0.324150051436233,0.364,0.276,1
"MED12",0.129546011125972,0.89757120154855,0.25,0.187,1
"LPIN1",0.129590827542397,0.643421084867217,0.447,0.373,1
"ALG10",0.129601810883656,-1.15905903908771,0.061,0.112,1
"SRFBP1",0.12970176905942,0.399476651031186,0.439,0.366,1
"NDUFAF7",0.12992639458223,-0.709766305871133,0.114,0.179,1
"FAM234A",0.130121002084945,0.547899258991546,0.311,0.239,1
"PSPH",0.130194120312617,0.741955438911417,0.167,0.104,1
"TBC1D22A",0.130255305044467,-0.608751499587711,0.189,0.269,1
"AVP",0.130617235904529,-1.07461345127163,0.159,0.224,1
"IL1RAP",0.130640765638449,-0.611402104851162,0.106,0.172,1
"EFHC2",0.130854638134552,0.481472730679622,0.189,0.119,1
"ABL1",0.13123047429967,-0.697983521579271,0.083,0.142,1
"PCGF6",0.131865003990274,-0.66197040022947,0.076,0.134,1
"PDHB",0.132009211640975,-0.366186610485778,0.402,0.493,1
"L3HYPDH",0.132102143756925,-0.855088869022542,0.061,0.112,1
"ISG20L2",0.132154277071666,0.481891975247005,0.242,0.172,1
"CENPK",0.132248429377544,0.570778639175087,0.167,0.104,1
"EIF4E3",0.132418986038639,-0.831599424344241,0.144,0.209,1
"TMEM263",0.132598516663491,-0.326848602363575,0.311,0.403,1
"MAP4K5",0.132623717180113,0.581565052334955,0.326,0.254,1
"LPP",0.13272220395987,-0.32011821499251,0.235,0.328,1
"ZDHHC12",0.132849352763983,-0.276738520620677,0.318,0.418,1
"DDX46",0.132918360549816,0.313755419200725,0.795,0.649,1
"GSTK1",0.132946216440245,-0.273061163432222,0.788,0.836,1
"LCP2",0.133082122867321,0.478853068970076,0.462,0.418,1
"NET1",0.133442927220822,0.251150519227055,0.341,0.254,1
"ATG2B",0.133460976820236,0.374397692888177,0.189,0.119,1
"PDPR",0.133544779390901,-0.255385343287204,0.129,0.201,1
"TIMP3",0.133550617172359,0.666360833959771,0.235,0.164,1
"RTCA-AS1",0.133682972627662,0.958299500235846,0.205,0.142,1
"ERCC4",0.133778357022639,0.720565508544984,0.189,0.127,1
"NADK2",0.133898567710861,0.441640015399108,0.242,0.172,1
"TOX4",0.134097272495636,-0.457927402839935,0.485,0.567,1
"GCHFR",0.134686629859045,-0.677827373120476,0.258,0.321,1
"ELMSAN1",0.134773087356802,0.507694034626859,0.348,0.284,1
"BTBD11",0.134949358144173,-0.607124330885434,0.053,0.104,1
"PYM1",0.134981649214157,0.626790859292548,0.333,0.261,1
"RAB33A",0.135095612525888,-0.591253473983359,0.159,0.231,1
"EIF4EBP2",0.135220494273159,-0.423793327331004,0.303,0.403,1
"MAPKAP1",0.13531393121089,0.388483561086763,0.417,0.343,1
"ZNF93",0.135314169802482,-0.745920359527467,0.129,0.194,1
"TCEA1",0.135344497307466,-0.269920106426786,0.902,0.918,1
"GSS",0.135567635249815,-0.352803204382938,0.22,0.299,1
"GMFB",0.135727344743394,0.460381579403246,0.326,0.254,1
"MRPL30",0.135856109340161,-0.623601984055795,0.25,0.313,1
"ARAF",0.135890860454094,-0.274696980141183,0.136,0.209,1
"PROK2",0.135984966184806,-1.00897804530166,0.068,0.119,1
"FKBP15",0.136123468657709,-0.639788366876143,0.106,0.172,1
"SLC9A3R1",0.136145678879484,0.471946776788733,0.508,0.433,1
"BORCS6",0.13632149362879,-0.401096409355889,0.22,0.313,1
"SNRNP25",0.136408362025703,0.646861755970525,0.402,0.343,1
"ZFHX3",0.136432279932178,0.896664630532543,0.167,0.104,1
"CSF3R",0.136476555205057,-0.453191658550569,0.318,0.41,1
"SLC25A13",0.136627146711965,0.596720499786607,0.227,0.157,1
"PDCD11",0.136636723278273,0.520307459399576,0.333,0.269,1
"GLRX2",0.13681838938869,0.3626793296614,0.273,0.194,1
"SUPT6H",0.136889628899824,-0.319724002205349,0.303,0.396,1
"DNAJC17",0.137269275545203,0.635444694842303,0.265,0.194,1
"ZNF467",0.13732154864615,-0.64479294254719,0.076,0.134,1
"EIF4G3",0.137355369473756,0.258761216130958,0.492,0.373,1
"TBC1D5",0.137379610524838,0.388901550830423,0.439,0.366,1
"TRA2B",0.13764737256974,0.284980832780493,0.871,0.843,1
"JUP",0.137714825157244,-0.433765245591315,0.356,0.433,1
"ICE2",0.137817255984609,-0.636566678669702,0.295,0.396,1
"RAB18",0.137934935284496,-0.51790333644042,0.379,0.44,1
"STAT4",0.138035779395813,-0.488264684123497,0.083,0.142,1
"PRORP",0.138066523000775,0.656444901325792,0.379,0.313,1
"CDC5L",0.138169971096564,-0.313304269544171,0.583,0.694,1
"SCAI",0.138287461903057,0.387261849565255,0.417,0.336,1
"CDK2AP2",0.13834181474433,0.424165386471609,0.432,0.351,1
"HAUS5",0.138390595031663,-0.534855451288004,0.068,0.127,1
"DNAJB4",0.138545282128753,-0.502461539747795,0.053,0.104,1
"CNTRL",0.138760457567308,-0.315237252057367,0.568,0.627,1
"MAPRE1",0.138959195439572,-0.289513255114967,0.523,0.567,1
"STARD9",0.139315480743828,0.509735560454895,0.152,0.09,1
"PPM1D",0.139323271314945,-1.27396447629739,0.068,0.119,1
"IFNAR2",0.139509987447014,-0.320287209594285,0.333,0.418,1
"ZDHHC20",0.13968013634618,-0.552029506192389,0.25,0.343,1
"DDB2",0.13971270443493,-0.430356681036589,0.076,0.134,1
"DHRS11",0.139720538784479,-0.458103500337558,0.189,0.261,1
"HLA-DMB",0.1399565198861,0.519771575277106,0.295,0.224,1
"STK24",0.140057385826098,-0.265800807744242,0.341,0.47,1
"ZDHHC24",0.140101358688382,-0.383436763305259,0.402,0.515,1
"DENND10",0.140139535228279,0.539125097756543,0.341,0.276,1
"SNX19",0.140279517779512,0.857267682749037,0.144,0.09,1
"ANO10",0.140363670963966,-0.763068137725648,0.083,0.142,1
"GNB4",0.14040840789242,0.624964248382764,0.371,0.291,1
"RBM27",0.140463620401708,0.258470636723193,0.644,0.582,1
"EXOSC1",0.140612551238106,-0.335182059248126,0.356,0.433,1
"AL158152.1",0.140743929989486,-0.789745102370915,0.136,0.201,1
"AC092683.1",0.140895925459592,0.487617326068781,0.273,0.201,1
"ARPC4",0.141057329576205,-0.373271299897762,0.568,0.679,1
"SPOCK3",0.14110714594134,0.895179312136986,0.136,0.082,1
"TRIAP1",0.141173453250951,0.416613943151358,0.386,0.321,1
"LINC00960",0.141250802348123,1.07206386261776,0.152,0.097,1
"ADIPOR2",0.141257810664271,0.284401523945854,0.242,0.164,1
"AC099343.3",0.141290329503687,-0.551854470185562,0.053,0.104,1
"DSE",0.141467910799999,-0.53220036901506,0.114,0.179,1
"ZNF765",0.141467910799999,-0.585222404442741,0.114,0.179,1
"RBM41",0.141547188142607,0.339780034298673,0.22,0.149,1
"TOP3B",0.141563672980456,1.62763805402602,0.106,0.06,1
"ZNF717",0.14159070809412,-0.941133267067621,0.061,0.112,1
"ISCA2",0.141669725827121,0.377440019726207,0.523,0.47,1
"KRT18",0.141780797103515,-0.78571454307818,0.205,0.276,1
"ZBTB10",0.141790970888951,0.884658568417144,0.303,0.231,1
"GALNT4",0.141932296303085,-0.513356962833707,0.083,0.142,1
"APOOL",0.142000800768535,0.433139786476274,0.273,0.194,1
"MRPL16",0.142186119445434,-0.268357213580474,0.652,0.694,1
"SSBP3",0.142256500174253,0.270283460063767,0.545,0.485,1
"FH",0.142614586388934,0.370689492829984,0.386,0.306,1
"AL627171.2",0.142797662530133,0.878672373992334,0.235,0.172,1
"DCLRE1C",0.142845577290902,-0.747320666945559,0.227,0.299,1
"ZNF776",0.143092947619514,0.626534541505568,0.174,0.112,1
"ZBED4",0.143420754280981,0.534435299428255,0.333,0.261,1
"RNF145",0.143430345696281,-0.463419892910217,0.311,0.388,1
"KCTD5",0.143629749417514,0.500476717442885,0.182,0.119,1
"TOE1",0.143825419204887,0.426935528802284,0.22,0.157,1
"PHACTR1",0.144040802517637,0.317177116328949,0.364,0.276,1
"ITPKB",0.14411898444069,0.660649746441524,0.22,0.149,1
"IFNAR1",0.144131974155691,-0.405546081703462,0.25,0.336,1
"GTPBP4",0.144197421649923,0.397268568988113,0.439,0.373,1
"ETV3",0.14428844129847,-0.753157587443657,0.091,0.149,1
"SLC24A3",0.144448559185666,-1.03382169764958,0.068,0.119,1
"RGS19",0.144453922045501,0.416302225658834,0.295,0.224,1
"LETMD1",0.14451090926723,-0.365717960888424,0.432,0.507,1
"EID2",0.144869024348968,-0.44684864000806,0.189,0.269,1
"CCDC32",0.144988051971009,0.346826788839376,0.409,0.343,1
"POLR1C",0.144988122674493,-0.662562982481818,0.121,0.187,1
"ZNF570",0.145347071152556,1.17638329656606,0.114,0.067,1
"AL391069.2",0.14538849023337,0.487001848516362,0.303,0.224,1
"DCTN1",0.145490367314131,0.699682233780174,0.371,0.328,1
"TNFSF13B",0.14556643331734,-0.285339719930996,0.197,0.284,1
"MFSD10",0.145602427205675,-0.453299081545062,0.462,0.56,1
"ASCC1",0.145697582442372,-0.268945238219781,0.167,0.254,1
"GPAT4",0.145845580030476,-0.52406086356807,0.091,0.149,1
"DEAF1",0.145926173967035,-0.338445776444743,0.242,0.336,1
"HIST1H2AK",0.145957059938962,0.626274420075062,0.258,0.194,1
"MED12L",0.145997744390296,0.305168484218592,0.545,0.463,1
"MPPED2",0.146035763543313,0.315374938123227,0.197,0.127,1
"PTPN12",0.146298562509838,-0.562321942796037,0.235,0.306,1
"PIGX",0.146349153768644,-0.525952672172144,0.212,0.299,1
"AACS",0.146718996933947,-0.461167484569474,0.083,0.142,1
"SLC35D1",0.146950369566003,-0.312494374541564,0.098,0.164,1
"PTGS2",0.147244450950593,0.930192355092238,0.129,0.075,1
"STAT2",0.147332671845358,-0.666135807636683,0.197,0.269,1
"LPGAT1",0.147356445121564,0.368426888828302,0.477,0.41,1
"SLC44A2",0.147383923517623,-0.696331481541455,0.152,0.216,1
"TBCD",0.147420452060152,-0.793368545697089,0.129,0.194,1
"IFT22",0.147444209371039,0.353329962385151,0.205,0.134,1
"MYO15B",0.147878895472388,0.773621949814314,0.273,0.216,1
"ARL17A",0.14811654922893,-0.791122350540326,0.129,0.194,1
"INO80D",0.148118053350403,-0.477067522079376,0.379,0.463,1
"TXNDC11",0.148205363339486,-0.476813535410487,0.091,0.149,1
"SFPQ",0.148718368020792,0.290650223720982,0.864,0.843,1
"INTS13",0.148836966898932,-0.452071157124374,0.159,0.231,1
"NPTX2",0.1489323825336,0.923602636990065,0.152,0.097,1
"KIAA0100",0.149066596445788,0.548495615474195,0.28,0.209,1
"ACADM",0.14911475978634,0.298728634223649,0.576,0.522,1
"CITED4",0.149139743308948,0.423904895576301,0.159,0.097,1
"TMEM9B",0.149151399931346,0.414013997807143,0.311,0.224,1
"C4orf33",0.149354923150091,-0.493484989627325,0.152,0.224,1
"IRF3",0.149401951015557,-0.369042248603517,0.273,0.366,1
"LZIC",0.149434651862441,0.346376641971418,0.432,0.343,1
"ST3GAL2",0.149501111733793,-0.740763678329414,0.136,0.201,1
"SLC26A2",0.149632548252261,-1.01487480737863,0.159,0.239,1
"ABCC5",0.149689165933596,0.523482735004649,0.318,0.231,1
"BCR",0.149946331888404,-0.612519973971841,0.28,0.358,1
"TENT5C",0.150073691479489,0.593881742811741,0.136,0.082,1
"XPO1",0.150082839254431,0.276254029907414,0.659,0.56,1
"MAGEH1",0.150230440180724,-0.590958949427624,0.227,0.291,1
"CALM2",0.150261273745592,0.322540456549596,0.992,1,1
"NUP85",0.150356557193206,-0.547907982417636,0.106,0.164,1
"SGF29",0.150492224408733,-0.330167558649302,0.28,0.358,1
"LRRC8B",0.150597864995553,-0.675394069354578,0.159,0.224,1
"PWWP3A",0.150739488567137,0.581520510454419,0.371,0.328,1
"GRASP",0.150740635729949,1.44107131133732,0.114,0.067,1
"SAP25",0.151360525969392,0.734463856682796,0.167,0.112,1
"HAGHL",0.151446218777272,-0.421626375708415,0.159,0.231,1
"ACCS",0.151505508073164,-0.880144113546898,0.068,0.119,1
"NAAA",0.1516081614517,0.717750352777068,0.242,0.187,1
"B3GALNT2",0.151628207545034,-0.764748577652242,0.083,0.142,1
"AC107464.3",0.151634752360017,-0.749640354253103,0.129,0.194,1
"PRDX4",0.151660713327128,0.398812039846328,0.462,0.403,1
"EMC9",0.151776462453888,1.36921288589391,0.106,0.06,1
"TMF1",0.15193946764115,-0.460947362748273,0.455,0.53,1
"TMEM199",0.151944619596916,-0.401147393698429,0.144,0.209,1
"PPP4R1",0.151997300279887,0.730674828821167,0.288,0.231,1
"NR4A2",0.152116486377358,1.58083067245786,0.182,0.127,1
"TRAF3IP3",0.152152887263335,0.453805552991183,0.492,0.425,1
"XACT",0.152405781049868,-0.881030507828229,0.068,0.119,1
"VILL",0.152592981913308,0.759445391771532,0.136,0.082,1
"SOCS2-AS1",0.152592981913308,-1.11206868357382,0.083,0.134,1
"C20orf194",0.152592981913308,-0.878974493870527,0.083,0.134,1
"ANXA5",0.152686488660087,-0.295969257404186,0.295,0.373,1
"HOMER2",0.152732028876,0.906249667097125,0.106,0.06,1
"CCDC18",0.152991222304914,0.629079548429408,0.189,0.127,1
"ATG4B",0.153029615818198,-0.618993148735796,0.189,0.261,1
"DEDD2",0.153059722164111,-0.466015400839866,0.129,0.194,1
"BCL7C",0.153280960612959,-0.339571828161486,0.568,0.612,1
"RAC3",0.153310119862328,-0.873881028361879,0.068,0.119,1
"CUL2",0.153327437656113,0.378864174755636,0.333,0.254,1
"MFGE8",0.153354759776005,-0.398800896852149,0.152,0.224,1
"CDIPT",0.153412465546087,-0.446725048593445,0.311,0.396,1
"SRGAP3",0.15369216603869,1.48006119907978,0.106,0.06,1
"ZNF480",0.153708366547245,0.375062252295056,0.295,0.216,1
"LTC4S",0.153709465885514,0.737246612922181,0.341,0.276,1
"GLA",0.154029246425748,-0.440644613909899,0.152,0.224,1
"APOC1",0.154218533866423,-0.989306202952593,0.068,0.119,1
"TNPO2",0.154640669881871,-0.832240035055608,0.091,0.149,1
"CNST",0.154702156728627,-0.512043747882567,0.523,0.552,1
"LDOC1",0.154893982352681,-0.682177156911008,0.114,0.172,1
"ASPSCR1",0.154979756088814,0.375397294752952,0.288,0.209,1
"TLE3",0.154990209485363,0.582484641337449,0.265,0.201,1
"DUSP19",0.1550381660795,0.537739659036585,0.129,0.075,1
"POLR3F",0.155131032379207,-0.893122169561603,0.068,0.119,1
"HPS3",0.155282132421361,0.81720416625254,0.174,0.119,1
"ZNF521",0.155347908841134,-0.491637279696451,0.364,0.448,1
"SKIL",0.155897024843332,0.748502159223254,0.28,0.216,1
"HMBOX1",0.155981050713702,-0.447624467330345,0.295,0.373,1
"SLC25A39",0.156034764313012,0.688040689124332,0.348,0.291,1
"ATXN2",0.156175418419803,-0.520792102051881,0.386,0.463,1
"SAAL1",0.156184750830013,-0.447502480416897,0.189,0.261,1
"UBE2O",0.156245255467982,0.802573324119686,0.235,0.172,1
"PPP6R2",0.15648856030593,0.332920286188145,0.356,0.269,1
"LIG4",0.15660011292081,0.949711445997781,0.106,0.06,1
"SURF4",0.156649591061183,0.434537446008935,0.379,0.306,1
"ERLIN2",0.15674520236322,-0.477529087523752,0.174,0.254,1
"ZNF439",0.156843802485285,-0.521901752725885,0.318,0.403,1
"EIF3J-DT",0.157121966660194,-0.296688640824309,0.379,0.478,1
"SIDT2",0.157224407831717,0.83890699322177,0.114,0.067,1
"PTRHD1",0.15726160919933,-0.277053314812451,0.689,0.791,1
"PM20D2",0.157284907635299,0.339482330137724,0.326,0.254,1
"DHX40",0.157427823650228,0.465236712791105,0.439,0.358,1
"SARS2",0.1574953031477,-0.452819828811915,0.106,0.172,1
"GMPPA",0.157553908244169,-0.522790679247205,0.114,0.179,1
"RGPD5",0.157553908244169,0.9277582370078,0.174,0.119,1
"SCHIP1",0.15757864374783,1.05913455331529,0.106,0.06,1
"HLA-DOA",0.157746059989118,0.884090029037091,0.152,0.097,1
"VCL",0.157835319566437,-0.288599792937106,0.538,0.597,1
"URGCP",0.15784654548044,-0.788163953386716,0.098,0.157,1
"STAP1",0.157889289016545,1.25938303702945,0.121,0.075,1
"CLCN7",0.157948133896865,-0.601492005322124,0.136,0.201,1
"GPANK1",0.158001181792124,0.250848375137865,0.303,0.216,1
"BLCAP",0.158049853075707,0.47418545851827,0.25,0.179,1
"CTSA",0.158126646674414,-0.374297422106101,0.326,0.403,1
"ACOT7",0.158127393123672,-0.684093655637162,0.129,0.194,1
"ANKRD39",0.1582422904917,0.540368432671533,0.235,0.172,1
"LINC00641",0.158561800415753,0.880929510591501,0.106,0.06,1
"FAM172A",0.158706656942993,0.271356811542144,0.409,0.351,1
"DHCR7",0.158849317435349,0.612881504291601,0.144,0.09,1
"BTRC",0.158899079297071,-0.846417862825581,0.106,0.164,1
"PIGF",0.159044999657197,0.514708490985379,0.326,0.254,1
"NIT1",0.159075348698635,-0.492054219535459,0.235,0.313,1
"GFM1",0.159154995655098,0.337010112596633,0.326,0.269,1
"DANCR",0.15920427419845,0.393588000178999,0.72,0.687,1
"USP11",0.159256368868366,0.255692949296762,0.515,0.455,1
"MYCBP",0.159261110217481,0.311446048652117,0.318,0.239,1
"SUPT16H",0.159264617401397,0.27174296614843,0.72,0.657,1
"ZBTB1",0.159450560152233,0.520702126270206,0.447,0.388,1
"ENDOD1",0.159468359520208,0.55741282082385,0.136,0.082,1
"LRRC8C-DT",0.159505084841532,-0.767964377535684,0.114,0.172,1
"MACROD1",0.159508579918518,0.950728094546275,0.182,0.127,1
"BUB3",0.159565098392355,0.366632052598581,0.598,0.53,1
"ETS1",0.159633718676206,0.895173297425057,0.341,0.284,1
"FOXO1",0.15985077834249,0.635073101991632,0.174,0.119,1
"ZSCAN30",0.159895159437,0.488183801702645,0.197,0.134,1
"CPNE8",0.160596525088682,-0.525120312680269,0.167,0.239,1
"EEF1AKMT3",0.161023136528108,0.716072462045362,0.114,0.067,1
"SIN3B",0.161057208744798,-0.83549213529417,0.144,0.209,1
"CS",0.161972629432353,0.393699564443282,0.47,0.41,1
"CRYZ",0.162013154609103,0.495335914256204,0.25,0.179,1
"NISCH",0.16228988345477,-0.264634321808737,0.159,0.239,1
"KBTBD2",0.162490621035721,0.708972533447587,0.212,0.149,1
"SLC12A7",0.162492273175909,0.828248751977498,0.121,0.075,1
"AMPD3",0.162540902059563,0.931295676168689,0.106,0.06,1
"ZNF746",0.162692723962012,-0.722035618988828,0.083,0.142,1
"RUNX3",0.162701081492195,0.441334362762405,0.386,0.328,1
"GOLGA8B",0.162923841220839,-0.753707066538031,0.235,0.291,1
"PELI2",0.162923952963903,0.558102004943439,0.295,0.231,1
"NPHP3",0.1632615339115,-0.601496715370628,0.258,0.328,1
"ZNF267",0.163285476088084,-0.577380065919035,0.265,0.328,1
"FAM117A",0.163429709732004,-0.260456061729401,0.765,0.791,1
"ZNF714",0.163501387594174,-0.48177843334773,0.174,0.246,1
"MS4A2",0.163528839396484,-0.613651307237142,0.068,0.119,1
"PTPN23",0.163557078457248,0.539506779494679,0.152,0.097,1
"AC003681.1",0.163816666776285,0.69790743542507,0.167,0.112,1
"TECR",0.163854691059486,-0.342004986051742,0.576,0.619,1
"KDM2B",0.164073464665568,-0.481289683370144,0.129,0.194,1
"NAALADL1",0.164110108604867,-0.31267288657858,0.22,0.284,1
"MPIG6B",0.164220272387783,0.260534151698544,0.227,0.157,1
"ARL4C",0.164472205121787,0.890752249672351,0.333,0.269,1
"ZNF888",0.164558487971729,0.833324366885323,0.106,0.06,1
"SCARB2",0.164771600450974,0.589468687198428,0.348,0.284,1
"SELENOK",0.165691405779241,0.305944346155645,0.712,0.709,1
"RIN3",0.16575525396487,-0.425503968509569,0.356,0.425,1
"SOCS1",0.165873175127506,1.19390326891129,0.129,0.082,1
"AP003307.1",0.165912015521898,-0.910057055171999,0.076,0.127,1
"CALHM6",0.166070402837456,-0.678781080268439,0.364,0.433,1
"PIM2",0.166096344284745,0.599713628978046,0.152,0.097,1
"AC087190.1",0.166099484538703,0.716246380191131,0.174,0.119,1
"EDRF1",0.166131973447092,0.723277844032177,0.205,0.149,1
"REPIN1",0.166325555111541,0.403212350347961,0.477,0.41,1
"KLHDC3",0.166392798040964,0.412114934021132,0.462,0.396,1
"MTX1",0.167141097266153,-0.319550432941963,0.364,0.448,1
"GDI1",0.167227727033252,0.750026486389618,0.28,0.216,1
"TTC37",0.167366999437906,0.300390679458449,0.545,0.493,1
"ARHGEF40",0.167603765818994,0.868167854410223,0.205,0.149,1
"CARD11",0.16762014888316,0.485801893394945,0.106,0.06,1
"FAAP20",0.167737880468975,-0.283316114066514,0.636,0.687,1
"DOT1L",0.167837131957786,0.741977071482736,0.114,0.067,1
"BANK1",0.167950244901038,0.8761129822971,0.182,0.127,1
"PPWD1",0.168104405144786,0.32823179149028,0.333,0.261,1
"CCDC189",0.168144886252254,-0.556146485919808,0.091,0.149,1
"GYG1",0.168540047256557,0.567708503244685,0.311,0.254,1
"TOPORS",0.168593834891289,0.297981606079272,0.561,0.493,1
"GPATCH4",0.168625675298641,0.544130915944741,0.341,0.291,1
"AC090825.1",0.168826641515529,-0.545493005059758,0.068,0.119,1
"TMEM184C",0.169017410893353,-0.618376242906011,0.091,0.149,1
"PCYT2",0.169122908881595,-0.65643133025133,0.174,0.239,1
"PTGER2",0.169216699609572,0.604917267117953,0.295,0.231,1
"TIMM22",0.169444413036139,-0.303143384936745,0.152,0.224,1
"GLTP",0.169556852315762,-0.463997040306273,0.25,0.321,1
"THUMPD3-AS1",0.169819512829259,-0.317385583511991,0.667,0.769,1
"PRPF39",0.169829786777888,0.710713219094502,0.205,0.149,1
"CASP8AP2",0.170336376703018,0.483938047909169,0.227,0.164,1
"MPP6",0.170536134313195,0.429166090923117,0.22,0.157,1
"KBTBD3",0.170608451136671,-0.747412854784692,0.076,0.127,1
"TMEM141",0.170740656972815,-0.443746824721441,0.386,0.485,1
"FBXW11",0.17090236628006,0.414359555688068,0.379,0.306,1
"PLEKHA5",0.17101689779766,-0.481013422889436,0.333,0.41,1
"RPS6KA5",0.171035985269683,-1.08560962663421,0.311,0.418,1
"ING3",0.171143914901099,0.354125706232354,0.485,0.433,1
"UPF2",0.171233491118782,-0.489547039350117,0.553,0.575,1
"EGFL8",0.1712772678019,-1.02187637729306,0.068,0.119,1
"CERS5",0.171337852069575,0.372638923688955,0.258,0.187,1
"ARMC6",0.171404877546482,-0.264569390985053,0.159,0.239,1
"STK19",0.171427689960595,-0.386449401423917,0.25,0.321,1
"MANF",0.171538982393173,0.447171988117065,0.432,0.388,1
"TMEM260",0.171640046460427,-0.356713726009479,0.182,0.254,1
"CCDC28A",0.171917195306206,-0.250592723567109,0.417,0.537,1
"GPS2",0.171995127139397,0.476365026478495,0.545,0.455,1
"DAB2",0.172097916083103,0.758245576438813,0.227,0.157,1
"DLC1",0.172136441789819,-0.834785582441121,0.098,0.149,1
"SLC66A2",0.172309501074803,-0.335137671529372,0.379,0.448,1
"USP53",0.172530147277919,-0.280611416263252,0.114,0.179,1
"TMEM91",0.172674559727817,-0.49926109475591,0.265,0.336,1
"STRBP",0.172680183069095,0.28036438064992,0.545,0.463,1
"HEXIM2",0.172835286855537,0.996090351063735,0.114,0.067,1
"AC025159.1",0.173112734150903,-0.433782367280489,0.386,0.478,1
"VAPB",0.173439535912848,-0.699663069357191,0.129,0.187,1
"VPS13B-DT",0.173473145174572,0.560482697697959,0.22,0.157,1
"DBT",0.173662680845932,-0.730169226259613,0.106,0.164,1
"ZNF146",0.173918804993894,0.413610394610053,0.341,0.284,1
"PPP1R3E",0.173961351373844,-0.313355034075886,0.114,0.172,1
"UBAP2",0.174080866266005,0.363540563478047,0.455,0.388,1
"CFAP298",0.174115614544489,0.402554290254783,0.644,0.582,1
"ALG13",0.1742408201074,0.379587651759429,0.47,0.418,1
"PAAF1",0.174423451600605,0.394413397555446,0.258,0.179,1
"FBXO28",0.174423451600605,-0.518025843746762,0.182,0.254,1
"STARD3",0.174423451600605,-0.419185531165449,0.182,0.254,1
"SGTB",0.174436757100248,-0.854723344630306,0.076,0.127,1
"VIPAS39",0.174559500935204,-0.469116306719545,0.167,0.239,1
"XAB2",0.17458863765115,-0.494567279601239,0.174,0.246,1
"ATP6V1C1",0.174792276302476,-0.915969781901756,0.114,0.172,1
"PFDN6",0.174850210222873,0.499429108857653,0.333,0.269,1
"AC015871.4",0.174852835117077,-1.030892817214,0.083,0.134,1
"XYLT1",0.174938840742697,-0.531444939158596,0.205,0.276,1
"CPLANE1",0.175267907065486,-0.422351737091744,0.235,0.313,1
"NBL1",0.17552965595769,-0.519088307449396,0.098,0.157,1
"SH3BP5",0.175673970144446,-0.514665981873357,0.129,0.194,1
"ITGAL",0.175911667168967,0.813595303379636,0.182,0.127,1
"EMILIN1",0.175918741050257,0.954776610243328,0.121,0.075,1
"ARHGAP30",0.17628443520069,-0.444890206416594,0.303,0.373,1
"TSEN15",0.176396970614678,-0.390509161864081,0.205,0.284,1
"KLRG1",0.176533022700973,-0.550943393667613,0.182,0.254,1
"PINK1",0.176622616679882,-0.597780429790294,0.136,0.194,1
"TEX264",0.176705428741153,0.394376804128621,0.424,0.388,1
"TMEM131L",0.177120235935732,0.867297421433035,0.129,0.082,1
"ATG12",0.177152114006098,-0.399361292336046,0.439,0.507,1
"FHL2",0.177197360319918,-0.968088731654053,0.159,0.216,1
"HIST3H2A",0.177322812827,0.477628924635365,0.553,0.537,1
"TAF4B",0.177443205800503,0.822156930744065,0.152,0.097,1
"PIR",0.177474034036135,-0.361803488588262,0.114,0.179,1
"CLSTN1",0.177718859043607,0.350917478938775,0.409,0.336,1
"NDUFAF4",0.177753535025745,0.528735994823747,0.28,0.209,1
"TNFSF12",0.177940150056277,-0.531071054527279,0.106,0.164,1
"NQO1",0.177943906643229,-1.09537382357885,0.068,0.112,1
"GTF2H2",0.178002331278544,-0.615689237833337,0.159,0.224,1
"XPO7",0.178434723011368,-0.327964294456003,0.205,0.284,1
"GSE1",0.178564515190831,0.30670193882705,0.614,0.53,1
"WDR91",0.178628661966881,-0.843807849080182,0.083,0.134,1
"ANP32E",0.178648040289507,0.298909046724869,0.629,0.537,1
"SPI1",0.178780489500586,-0.434327241680665,0.485,0.53,1
"NME6",0.178806073928737,-0.764195888098646,0.152,0.209,1
"GARS",0.179136451163387,0.376384778901723,0.356,0.284,1
"MLF2",0.179693879604483,-0.261732590153339,0.697,0.776,1
"PDK2",0.179840131317621,-0.516816488734201,0.114,0.172,1
"MORC2",0.179985192209599,-0.437399591314764,0.114,0.179,1
"TNFRSF18",0.18015025156966,0.85178500357103,0.144,0.09,1
"OXCT1",0.18018906929828,0.350546610085748,0.288,0.209,1
"TP53I13",0.180273042905346,-0.464292250899138,0.409,0.463,1
"AC093690.1",0.180295422806437,0.675367015413014,0.106,0.06,1
"AC092279.1",0.180527465893055,0.606910251336082,0.159,0.104,1
"ZBTB33",0.180641642736861,0.642159015486987,0.197,0.142,1
"SBF2",0.180821731172782,0.450217516421236,0.182,0.127,1
"CDC42SE2",0.180916716717191,-0.296272757462352,0.697,0.731,1
"ATR",0.181093664521248,0.367562674400905,0.356,0.291,1
"NRDE2",0.181093664521248,0.41944071642343,0.356,0.291,1
"MGAT2",0.181316029700415,-0.380230523669237,0.258,0.328,1
"FOXO3",0.181627916156607,-0.488496865637437,0.424,0.47,1
"CFLAR",0.181675015903074,-0.298795736017469,0.508,0.597,1
"USP19",0.182404324828001,-0.33508821570051,0.114,0.172,1
"NLN",0.182475437695173,0.628057164316019,0.106,0.06,1
"INTS6-AS1",0.18258497208154,-0.355138947744882,0.197,0.269,1
"WDR35",0.182870859274993,-0.734548748564386,0.098,0.149,1
"DROSHA",0.182952446949296,0.557348944546095,0.129,0.082,1
"ABHD2",0.183497801069225,-0.254304479485309,0.326,0.403,1
"PGS1",0.183787306583545,-0.748426015438431,0.098,0.149,1
"LIG1",0.183829532352455,-0.766123950014664,0.136,0.194,1
"DCAF7",0.18413280770661,-0.295880735234441,0.523,0.59,1
"MDFIC",0.184372288097735,0.668570527138638,0.242,0.179,1
"SGPP1",0.184405647492873,-0.393102797217769,0.083,0.134,1
"ARL17B",0.184405647492873,-0.901275532491633,0.083,0.134,1
"LINC-PINT",0.18446940797181,0.353863817780802,0.379,0.313,1
"MAN1A2",0.184568544999589,0.279566700453351,0.568,0.493,1
"TMC8",0.184609744327488,0.407914569504567,0.318,0.246,1
"COMTD1",0.184976649031598,0.850619730934295,0.121,0.075,1
"E2F4",0.185057073164579,-0.40102307240413,0.258,0.343,1
"MACF1",0.185128731224203,0.292385909776021,0.788,0.731,1
"PRKD3",0.185309298328698,-0.271426610564224,0.386,0.455,1
"ZYG11B",0.18535373339111,0.604763639566024,0.273,0.216,1
"PITPNA",0.185386464708103,1.00818001320823,0.189,0.134,1
"HOXA10",0.185424031560597,0.365805517669085,0.492,0.418,1
"ZSWIM8",0.185457484929381,0.702541483438864,0.197,0.142,1
"EML2-AS1",0.185508199299376,-0.613304316265356,0.121,0.179,1
"ZNF804A",0.185792929720904,-0.697306090861972,0.091,0.142,1
"AGPAT5",0.185899229901549,-0.482036615875318,0.371,0.47,1
"CCDC171",0.185945888700385,-0.252080678919433,0.318,0.41,1
"MEF2C-AS1",0.185947075757878,-0.969472973652223,0.121,0.172,1
"IL7R",0.186729529871302,-0.384739503854457,0.106,0.164,1
"WDR61",0.186826989184524,-0.296083881540511,0.394,0.5,1
"SLC44A1",0.186974510700558,-0.418784024084025,0.326,0.41,1
"DPY19L2",0.187083681937393,-0.516624688454265,0.136,0.201,1
"LRIF1",0.187116254043973,0.583921797660643,0.212,0.157,1
"MAIP1",0.187503874837808,-0.765679112565906,0.174,0.231,1
"HOXB4",0.187702563855901,-0.808273786771911,0.091,0.142,1
"NSUN3",0.187883856286601,-0.544649790245639,0.167,0.239,1
"LINC01534",0.188010881567307,-0.58751072105338,0.061,0.104,1
"EIF4E2",0.188191897056295,-0.296974770623974,0.402,0.478,1
"BABAM2",0.188322062357812,-0.411029179820519,0.371,0.425,1
"ZNF333",0.188607095347725,-0.903936503132436,0.106,0.157,1
"SPAG7",0.188632723900398,0.299927961813917,0.735,0.657,1
"CHST14",0.188925794943808,0.872012676660268,0.129,0.082,1
"ARHGEF12",0.189009090263424,-0.723068822047629,0.129,0.187,1
"AC007336.1",0.189111369835457,0.996051834783158,0.121,0.075,1
"ABCB1",0.189306239752564,0.250312550744312,0.318,0.246,1
"SEH1L",0.189532548957917,-0.394903294040942,0.174,0.239,1
"PDGFC",0.189542686349719,-0.476469051824445,0.136,0.201,1
"LIAS",0.18959119761275,-0.475973871417387,0.182,0.254,1
"ZNF626",0.18985620139523,0.286170884702639,0.189,0.127,1
"EMP1",0.190293651367683,0.955949913739841,0.235,0.179,1
"ROMO1",0.190354860903267,0.273040132219855,0.742,0.679,1
"C19orf38",0.190389127440639,-0.298386580994804,0.129,0.194,1
"TXNL4B",0.190392496152066,-0.596040591995326,0.076,0.127,1
"OCLN",0.191318903428796,-0.735970212763514,0.083,0.134,1
"TAF15",0.191392669777031,0.417792730914592,0.606,0.604,1
"SLC25A35",0.191424292827939,-0.496179940106825,0.076,0.127,1
"WDR7",0.191424292827939,-0.565162659011446,0.076,0.127,1
"UBXN6",0.191656386068989,-0.445752828588098,0.258,0.343,1
"HPGD",0.191808000951651,-0.259680551675437,0.371,0.44,1
"PARP15",0.191965848613007,0.742326681019061,0.129,0.082,1
"ACSL1",0.192321877345253,-0.614879012818746,0.083,0.134,1
"TNKS",0.1926712702567,-0.332801878063791,0.197,0.269,1
"TGFBRAP1",0.192891127702372,0.347855509499166,0.394,0.343,1
"MRTFB",0.193004223600744,1.02055625766967,0.136,0.09,1
"TUSC1",0.193127305526215,-0.395839426606492,0.144,0.201,1
"CBX5",0.193217736354868,0.350147614948308,0.621,0.582,1
"SMCHD1",0.193269750246567,-0.254517989375935,0.583,0.657,1
"NIPAL3",0.193341746591504,-0.394834795708336,0.182,0.254,1
"SPATS2",0.193352986676032,-0.572396189916154,0.242,0.306,1
"RABEPK",0.193540895864308,0.294905269011622,0.182,0.127,1
"APAF1",0.193726991754774,0.951581892809174,0.174,0.127,1
"A1BG",0.193947196361096,0.414745528276049,0.53,0.478,1
"UMPS",0.194098351559397,-0.350272148622625,0.182,0.254,1
"C9orf139",0.194339411415611,-0.303169201981067,0.083,0.134,1
"CCDC88B",0.194361892910366,0.864316580761473,0.144,0.097,1
"ABCE1",0.194401038050055,0.273704558935937,0.583,0.552,1
"MEN1",0.19453199850661,0.899570218621533,0.197,0.142,1
"GCLC",0.194577635097907,-0.433431124730462,0.227,0.306,1
"SEPTIN1",0.195043456621807,0.559523181362607,0.371,0.313,1
"ANAPC11",0.195197358285222,0.251466362329043,0.682,0.612,1
"PIAS4",0.195353983689968,-0.70815937077418,0.083,0.134,1
"YTHDF1",0.195378444262183,0.500431677483135,0.326,0.254,1
"SH3BGRL2",0.195440600959969,0.749940265990471,0.121,0.075,1
"GGA3",0.195466337351522,-0.545954224515167,0.167,0.231,1
"RNF19A",0.19552451517543,0.660907273998075,0.53,0.485,1
"POLG",0.196099133984904,0.802642379326946,0.235,0.187,1
"NRDC",0.196151978818879,0.258196657900082,0.674,0.642,1
"CD55",0.196311248146279,-0.305134890717221,0.47,0.507,1
"TFB1M",0.196350381194738,-0.322322053229489,0.129,0.194,1
"ZSCAN9",0.196372434130596,-0.747921730660268,0.083,0.134,1
"CREB3L4",0.196741250399027,0.48708191608501,0.394,0.306,1
"WASHC2A",0.196929781523983,0.447440137254311,0.295,0.231,1
"ESF1",0.196936376306383,0.414612020316617,0.432,0.366,1
"LZTFL1",0.197247383745259,0.341403470313005,0.364,0.291,1
"LINC00685",0.197569378627567,-0.448262936200054,0.152,0.216,1
"KANSL2",0.197636509345323,0.491897805782938,0.235,0.179,1
"FBXO34",0.197797880476738,-0.405365162086226,0.394,0.455,1
"DNPEP",0.198380688422156,-0.325394582483908,0.25,0.336,1
"CCDC6",0.199078250670006,0.441500674474438,0.47,0.425,1
"CAD",0.199098356910279,0.748716000770497,0.159,0.112,1
"IPO9",0.199457719673508,-0.374039666154518,0.265,0.336,1
"TMEM87B",0.199567693940831,-0.358105486384585,0.106,0.164,1
"ANKLE2",0.199724541262892,0.525503830505881,0.447,0.388,1
"RAB35",0.199745514645932,0.627096857190325,0.121,0.075,1
"AHCYL1",0.199753987999801,-0.282143112398057,0.515,0.597,1
"INPP5K",0.199901423677662,0.746492320774247,0.152,0.104,1
"ZNF280D",0.200055773102031,0.274758663751825,0.545,0.478,1
"ACIN1",0.200068306516591,0.308473057017916,0.568,0.493,1
"TMED2",0.200094772504691,0.366880086896222,0.644,0.664,1
"STAT6",0.200524610954158,-0.342543245539099,0.22,0.306,1
"SRD5A1",0.200623164368925,-0.752080939756334,0.061,0.104,1
"ZNF135",0.200630555129151,-0.649555235896878,0.068,0.112,1
"ANKIB1",0.200899591196038,-0.406505454502537,0.273,0.358,1
"GAS2L1",0.201064871172652,1.10309215160585,0.136,0.09,1
"CLN6",0.20112425375843,-0.554572466081922,0.129,0.187,1
"RHOH",0.20115457400187,0.398244338694156,0.492,0.463,1
"WDR54",0.201211580957713,-0.332509928200972,0.379,0.47,1
"ZBED5",0.201220081405502,0.535976436345179,0.356,0.306,1
"MAPK14",0.201253705211493,-0.637141218421052,0.462,0.522,1
"NFE2",0.201330795694652,-0.277910799383916,0.432,0.507,1
"AC083798.2",0.201333398384666,0.631356738800998,0.197,0.142,1
"SMIM6",0.201359690714394,0.300970999707644,0.152,0.097,1
"WDR26",0.20151033193786,0.461587542922822,0.318,0.269,1
"ARHGAP5",0.201548424069394,0.30763076722972,0.538,0.485,1
"CTPS1",0.201578719178725,0.632055640588387,0.167,0.119,1
"GORASP2",0.20186026795514,-0.318576321866044,0.25,0.336,1
"TM2D3",0.201975874567421,0.312326404242778,0.295,0.231,1
"ULK4",0.202089471637889,0.775544753430463,0.136,0.09,1
"AC090114.2",0.202134244314457,0.333731948549212,0.212,0.149,1
"ZFYVE19",0.202359022768095,0.674287837653813,0.129,0.082,1
"CENPW",0.202361376842776,-0.415454368729096,0.174,0.246,1
"RNF11",0.202362618246612,0.55196034188216,0.341,0.269,1
"ZNF43",0.202463456372993,-0.36870156906197,0.379,0.47,1
"TEX10",0.202535515019112,0.44799102860966,0.212,0.157,1
"DRAM2",0.202554293765201,0.477882487258987,0.447,0.41,1
"NGDN",0.202572742160632,0.571837003803275,0.333,0.269,1
"TRRAP",0.203165544602297,0.500006943817964,0.295,0.239,1
"TARBP2",0.203398554062328,0.652119491880065,0.205,0.157,1
"FCF1",0.203466880994901,-0.423920847281722,0.197,0.261,1
"NUFIP2",0.20358365925508,0.408114227034898,0.576,0.537,1
"ACTL6A",0.203751549341226,0.48277698819856,0.341,0.269,1
"RC3H2",0.20387377196415,-0.444412084955169,0.333,0.425,1
"LYZ",0.203904544975132,-0.832167031179893,0.371,0.425,1
"PRKAG2",0.20392326232533,-0.380392272059168,0.242,0.321,1
"CEP290",0.204615702945905,0.711184842922532,0.28,0.231,1
"NECAP1",0.204675715855816,0.33140578412692,0.326,0.261,1
"SUSD6",0.20473607713716,-0.455601157445841,0.182,0.261,1
"TOMM5",0.204758375700178,0.298244689819178,0.674,0.672,1
"WDTC1",0.204788181673569,0.287610327751718,0.28,0.224,1
"NT5M",0.205029645020854,-0.34732673686692,0.258,0.328,1
"ZMYM6",0.205057404515342,-0.604121286953838,0.182,0.246,1
"PTS",0.205186097715216,0.529378083656567,0.136,0.09,1
"SP2",0.205302591680969,0.811197512156431,0.167,0.119,1
"PRXL2B",0.205359260417189,-0.543327905529027,0.061,0.104,1
"CDYL",0.20537824131645,-0.373251126611211,0.273,0.366,1
"RASD1",0.205555515836114,0.992911301842665,0.129,0.082,1
"BLZF1",0.205738837801224,0.288983941878751,0.333,0.254,1
"MCTP1",0.205771568833945,-0.394554421619054,0.114,0.172,1
"AEBP2",0.206276185177656,0.395767860504008,0.326,0.269,1
"TRIM52",0.206634163393027,0.514245143751543,0.265,0.209,1
"SERTAD3",0.206742944173209,0.485902641151133,0.212,0.157,1
"SKAP1",0.206782081172494,-0.371844179238976,0.121,0.179,1
"FAM110A",0.20681325208002,-0.843811503286271,0.098,0.149,1
"METTL2B",0.207093924808237,-0.493787573255184,0.189,0.254,1
"SEC24D",0.207269589129853,0.702781937035815,0.136,0.09,1
"SYK",0.207397559641817,0.43925457044937,0.508,0.44,1
"PEX7",0.207397882733449,-0.361643639695719,0.076,0.127,1
"RAB5B",0.207408180832241,0.440080812812962,0.341,0.284,1
"SCARF1",0.207445039159676,-0.928239468273937,0.076,0.119,1
"ADAM17",0.207472961377762,0.574511221327935,0.402,0.358,1
"SOCS6",0.207484472846689,-1.24017287878294,0.068,0.112,1
"MCM4",0.207510668859244,0.515032877082997,0.159,0.104,1
"WDR41",0.207565383348103,-0.355963277624782,0.212,0.284,1
"UBL4A",0.207600941272082,-0.375470857040547,0.091,0.142,1
"MBIP",0.207601630123555,0.393189574163112,0.303,0.239,1
"ZRANB3",0.20770542357667,-0.686990898810263,0.121,0.179,1
"SDCBP2-AS1",0.207757554796399,-0.401167109151614,0.061,0.104,1
"SLC35E2B",0.207816179957509,-0.820571133828991,0.098,0.149,1
"ACBD5",0.208061290766214,-0.290162802208106,0.212,0.276,1
"MT1X",0.208339802008513,-0.427676382634665,0.242,0.306,1
"ZNF362",0.208513369534144,0.685394731246372,0.205,0.157,1
"ACAD9",0.208631752825866,-0.493892606470057,0.121,0.179,1
"CGRRF1",0.208698715735463,-0.569290638130294,0.167,0.224,1
"LRCH4",0.208782393824021,0.342740621444331,0.402,0.336,1
"ANKRD44-IT1",0.208788543812161,0.655103168281257,0.129,0.082,1
"NR1H3",0.208788543812161,0.346444943429887,0.129,0.082,1
"FUZ",0.209190439406844,-0.284307424287227,0.136,0.201,1
"IFI6",0.209311544996317,-0.403427975387899,0.258,0.328,1
"NT5C2",0.209362768723489,0.274240416387174,0.394,0.306,1
"MAT2B",0.209676208415495,0.312038721142742,0.508,0.47,1
"ZNF623",0.209683945294425,0.778235968722043,0.121,0.075,1
"TPX2",0.210809936939949,0.456273070048835,0.121,0.075,1
"SART1",0.210861574190265,0.406499736491974,0.356,0.299,1
"MYOM2",0.211364756531512,0.774954132043012,0.144,0.097,1
"ZG16B",0.21139298363645,-0.588401348079328,0.061,0.104,1
"BET1",0.21142869705813,-0.484131688851861,0.121,0.179,1
"RAB1A",0.211885749128827,0.342522740374205,0.477,0.425,1
"ZNF346",0.211951583066228,-0.442365663340578,0.129,0.187,1
"CCDC126",0.212147152931719,0.98655703152647,0.114,0.067,1
"ACTN4",0.212299679681992,0.337416402948774,0.606,0.56,1
"GRIPAP1",0.212349535314673,0.36795726398768,0.295,0.231,1
"MAPK6",0.212400418337607,0.584517659414723,0.303,0.246,1
"TRG-AS1",0.212545381417083,1.02777800812343,0.136,0.09,1
"PIAS3",0.212806394826479,-0.580294295579947,0.091,0.142,1
"ST6GALNAC6",0.213308325207318,-0.441133267429444,0.121,0.179,1
"BBS9",0.213324561891294,-0.780439509387773,0.068,0.112,1
"ZSCAN25",0.213324561891294,-0.948856175357929,0.068,0.112,1
"SLC37A4",0.213612077292563,0.620614186058847,0.136,0.09,1
"FGD3",0.213650277649964,0.613441767992306,0.197,0.142,1
"SCOC-AS1",0.21384201813949,-0.678161553151882,0.061,0.104,1
"SLC22A18",0.21384201813949,-0.473426197333232,0.061,0.104,1
"VBP1",0.214016101720283,0.306130658980241,0.545,0.47,1
"NDUFAF1",0.214045465713597,0.546348649947196,0.22,0.164,1
"TMEM251",0.214162751606762,0.277050999661917,0.295,0.224,1
"ATF2",0.214205470918555,-0.401781535485676,0.242,0.313,1
"PIK3IP1",0.214484160384331,-0.295357540495627,0.348,0.44,1
"MAP4K4",0.214593064587081,0.40721448245139,0.417,0.366,1
"EP400",0.214746996674484,-0.595309661214311,0.182,0.246,1
"UBE2D4",0.214914750511015,-0.522123487434782,0.091,0.142,1
"ALG6",0.215066107188959,-0.760546591267441,0.121,0.172,1
"LRRC37B",0.215199984352,-0.688297844172365,0.121,0.179,1
"TTC9C",0.215435449022077,-0.346648558028343,0.22,0.284,1
"DDI2",0.215512100334929,1.06284634707442,0.159,0.112,1
"BTG2",0.215646860371162,0.592244114945693,0.508,0.47,1
"SLC30A6",0.215693513642519,-0.720180818343983,0.068,0.112,1
"MSL2",0.21583837797194,0.421630010488221,0.333,0.276,1
"CCHCR1",0.215974556112973,-0.598752855269664,0.091,0.142,1
"ARID4B",0.216337858266613,-0.255054631132792,0.682,0.791,1
"CD109",0.216432017476744,0.329429880964491,0.394,0.321,1
"LINC00526",0.216467481790911,-0.358071186476362,0.083,0.134,1
"FIBP",0.21647483340019,-0.268175558874237,0.644,0.731,1
"NUP54",0.216561167042124,0.268182402800172,0.402,0.343,1
"TAMM41",0.216665657836763,-0.382042447921779,0.136,0.194,1
"MDC1",0.216665657836763,-0.529280279358863,0.136,0.194,1
"MRTFA",0.216727150510475,0.346008804225109,0.227,0.164,1
"STK17A",0.216932913341009,0.318745601384686,0.485,0.433,1
"FAM126A",0.216994142396226,0.798175999064207,0.242,0.194,1
"SUPV3L1",0.217212269607056,-0.394198507436066,0.265,0.336,1
"CCDC141",0.217553843762997,-0.545180915712512,0.061,0.104,1
"SUMF1",0.217564683336931,-0.530527061486735,0.083,0.134,1
"SNIP1",0.217583390939071,-0.3901830494645,0.136,0.194,1
"RBSN",0.217681364568371,1.31944031706475,0.114,0.075,1
"JAML",0.217809897907755,0.655157184840507,0.152,0.104,1
"PI4KB",0.21781691715529,0.784058143267041,0.242,0.194,1
"MGAT4A",0.218029596054811,0.556938810484794,0.303,0.246,1
"GPATCH1",0.218105446014685,-0.387416737959803,0.091,0.142,1
"RSRC2",0.218356143275633,0.330536658015336,0.75,0.687,1
"MBOAT7",0.218684180976404,-0.339207422119342,0.598,0.657,1
"PAIP2B",0.218801354783061,-0.302466511118021,0.061,0.104,1
"DIDO1",0.218974957208386,0.418439420913107,0.417,0.366,1
"MON1B",0.219071986530508,-0.540883735317212,0.22,0.291,1
"EMSY",0.219116108575271,0.647548049628722,0.205,0.149,1
"GATAD2A",0.219295509403364,0.455104198686664,0.371,0.306,1
"CSGALNACT2",0.219306608866121,0.488237209343368,0.394,0.351,1
"UBE2Q2",0.219553684764143,-0.381072670469483,0.258,0.328,1
"TWNK",0.219831112960449,0.371820824024608,0.129,0.082,1
"STX12",0.219841564180927,-0.284927700613169,0.242,0.313,1
"ZBTB25",0.219981943666984,-0.279463619504086,0.121,0.179,1
"SCAMP3",0.220378563368178,-0.496373795145816,0.227,0.299,1
"NUFIP1",0.22039320899274,0.477196239713196,0.22,0.157,1
"ZDHHC7",0.220488135469152,-0.807010357809888,0.068,0.112,1
"PIAS2",0.220527135977898,-0.529346092304476,0.311,0.358,1
"CNIH1",0.220581533303284,-0.367857646203344,0.5,0.552,1
"FBXW7",0.220827847990497,0.790194102746346,0.242,0.201,1
"CNKSR3",0.220926775227912,-1.94978542698105,0.129,0.179,1
"PEPD",0.221101736821669,0.290657822121074,0.447,0.388,1
"RPF1",0.221346001826418,-0.391549731759135,0.394,0.47,1
"BECN1",0.221552457365701,0.320475592788744,0.439,0.381,1
"VPS72",0.221572776111886,0.412521680515522,0.417,0.373,1
"NUDT5",0.221865528419102,0.397017445056817,0.553,0.507,1
"EIF4EBP3",0.222040828009639,0.3049147933553,0.402,0.351,1
"TRAPPC2L",0.222110884475259,0.348607532441309,0.439,0.396,1
"ORC5",0.222229066682911,-0.556584055952147,0.098,0.149,1
"DIAPH1",0.222229183303086,0.545532037140451,0.432,0.388,1
"C20orf96",0.222321922257688,0.463256506880353,0.295,0.231,1
"CBX6",0.22280068538039,0.543131487034576,0.242,0.194,1
"PEA15",0.222924831367795,0.700573220732612,0.144,0.097,1
"KLRD1",0.223186624357498,1.39246287492372,0.106,0.067,1
"E4F1",0.223186624357498,0.656787767988058,0.106,0.067,1
"NPEPPS",0.22330173865006,0.443327529462748,0.424,0.381,1
"AC026471.1",0.224028314455631,0.603484810062262,0.152,0.104,1
"SNHG20",0.224381717402837,0.854969603468462,0.212,0.164,1
"POLR3A",0.224431689311144,-0.776678027074575,0.114,0.164,1
"ARHGAP32",0.224491988520385,0.491497369274222,0.136,0.09,1
"CD82",0.224614904754299,-0.298480592300731,0.508,0.59,1
"AC091729.3",0.224806692286999,-0.443153128098519,0.121,0.172,1
"ZNF160",0.224965001116548,-0.524481051440784,0.205,0.261,1
"ELAC2",0.225018809789878,-0.436067943313176,0.197,0.261,1
"PDE7A",0.225635017938097,-0.294712780358383,0.371,0.448,1
"SRF",0.225820345414822,-0.329705522429144,0.121,0.179,1
"GRAMD1A",0.226167158429763,-0.564204962273277,0.22,0.269,1
"CSF2RB",0.226180466080275,-0.506299888850739,0.28,0.343,1
"TYW3",0.226188752730327,0.626945378471436,0.402,0.381,1
"CNNM3",0.226463518845867,-0.403208629385469,0.182,0.246,1
"RGS1",0.226501790943915,1.97279199478513,0.189,0.149,1
"ITPRIPL2",0.226588280962516,-0.621360264369279,0.068,0.112,1
"RDH14",0.226736725061148,0.258332410959064,0.432,0.373,1
"IMMT",0.226985360265824,0.368110135325754,0.53,0.515,1
"UBR7",0.227034570542286,-0.379838013925964,0.129,0.187,1
"GFOD2",0.227229104461953,1.18523790382026,0.114,0.075,1
"ZNF649",0.2276197754549,-0.26533804921813,0.083,0.134,1
"IRGQ",0.22775225724681,-0.51024888390904,0.106,0.157,1
"EXOC2",0.227806334632326,0.566327919694445,0.129,0.082,1
"TYMSOS",0.227881435299067,-0.55497516042118,0.091,0.142,1
"INPP5D",0.228057144950704,-0.364424687216539,0.402,0.455,1
"FAHD2B",0.22834766575932,-0.453520312029065,0.144,0.201,1
"PARVG",0.228368454598607,0.354063842698276,0.492,0.433,1
"DCAF13",0.229115931431657,0.268691413842291,0.553,0.545,1
"TRDMT1",0.229225674627622,0.337523930965067,0.273,0.209,1
"RGS2",0.229405425643387,1.11217343190356,0.22,0.172,1
"PRMT5",0.229703098261865,0.488322575201634,0.28,0.224,1
"TAF11",0.229743602171391,0.407767346221673,0.47,0.418,1
"CD3E",0.229744052961989,0.997805993664773,0.159,0.112,1
"NEURL2",0.230122377630941,-0.548196509613128,0.083,0.127,1
"FRAT2",0.230167629040984,0.369913894572836,0.242,0.179,1
"EFTUD2",0.230623647778049,0.398026017341713,0.326,0.269,1
"CHD6",0.230717882378892,0.262852580048153,0.477,0.418,1
"ANKRD54",0.231070063878367,0.315601412825602,0.273,0.216,1
"HIST1H3D",0.231303353075159,0.495566170836185,0.394,0.321,1
"STARD4-AS1",0.231610945686632,0.390020961791895,0.265,0.201,1
"AC108863.2",0.232005832094616,0.728433293774323,0.106,0.067,1
"KIAA1191",0.232392027489122,0.500554327007818,0.182,0.134,1
"METTL21A",0.232934336439039,0.363234032573656,0.326,0.269,1
"RALGAPA1",0.232975927623433,-0.360749989295287,0.235,0.299,1
"KPNA6",0.233266543651999,0.281455449456747,0.348,0.284,1
"NKG7",0.233720261058932,0.761803429973066,0.409,0.366,1
"TIMM8A",0.23384334857055,-0.522272891306489,0.152,0.201,1
"GLIDR",0.234311284002817,0.537294263543054,0.25,0.187,1
"AGO3",0.234405717895284,-0.266349041340621,0.28,0.351,1
"GOLPH3",0.234419157832927,0.304249154578549,0.583,0.537,1
"DDIT4",0.234450733333816,0.388845826429784,0.591,0.597,1
"AL109811.2",0.234617564957473,0.534079295830852,0.136,0.09,1
"HSPBAP1",0.234617564957473,-0.927393573692066,0.091,0.134,1
"TRA2A",0.23493208562433,0.301075176831467,0.652,0.642,1
"SLC27A2",0.235213131123822,-0.294672065583764,0.212,0.276,1
"FCER1A",0.235260683984562,0.295544501379058,0.447,0.366,1
"PAQR7",0.235329313065929,-0.514564498280843,0.068,0.112,1
"CRLF3",0.235456219739374,-0.321244515530775,0.227,0.299,1
"RRM1",0.23546048222781,0.416029726222544,0.273,0.209,1
"PGD",0.235482521454073,0.286189309091892,0.644,0.567,1
"ABCA5",0.235486641471997,0.555485258411947,0.144,0.097,1
"LDLRAD4",0.23571134706527,1.17844259608664,0.22,0.172,1
"RUNX1",0.235932999651068,0.293761758242114,0.614,0.567,1
"MYCT1",0.236587160617303,0.359292516867227,0.402,0.351,1
"ZNF440",0.236597256652816,-0.577845217862239,0.068,0.112,1
"TM4SF1",0.23669688778152,-0.546258005770643,0.076,0.119,1
"ACP2",0.23669688778152,-0.656171711958349,0.076,0.119,1
"MYC",0.236776817312589,-0.328084540361082,0.28,0.343,1
"WDPCP",0.236843662232357,0.660493154352825,0.152,0.104,1
"SCAP",0.236863476526692,-0.651612310175643,0.189,0.239,1
"TNFAIP8L1",0.237346069497612,0.731312958395585,0.197,0.149,1
"CARMIL2",0.237870022602035,-0.574508324880285,0.068,0.112,1
"FAM50B",0.237965683521547,-0.478742178306997,0.091,0.142,1
"TCF7L2",0.237979854965197,0.303575659735252,0.212,0.157,1
"SH2D3C",0.238170615790532,0.66662620749856,0.159,0.112,1
"STAT1",0.238204127732151,-0.534903073618917,0.379,0.44,1
"MAP4K3-DT",0.238246385050956,-0.418501419712476,0.258,0.321,1
"HIST1H2BF",0.238679577019966,0.438968550513317,0.25,0.187,1
"RPRD2",0.238683531448028,0.358442182820917,0.371,0.306,1
"MEMO1",0.238789462383498,-0.58053027413938,0.144,0.201,1
"PICALM",0.238917833321229,-0.305626722547848,0.364,0.433,1
"VCPKMT",0.239028954007459,0.561220713061501,0.152,0.104,1
"REXO4",0.239092396342908,0.496046125392138,0.341,0.284,1
"MOB1A",0.23911353413304,0.250668363904192,0.727,0.694,1
"UTP23",0.2391762013296,0.52876850258273,0.318,0.276,1
"PRKRIP1",0.239252925605432,-0.49554936592383,0.205,0.261,1
"ZNF789",0.239271966916251,0.564943612932964,0.197,0.149,1
"ZUP1",0.239553856372983,-0.63110589121984,0.083,0.127,1
"EML4",0.239741990244878,0.575251096713089,0.295,0.246,1
"USP3",0.239773961459735,-0.396969757896822,0.28,0.351,1
"ITGB1",0.240024955536789,0.265967188200131,0.644,0.59,1
"BAG2",0.240248780638366,-0.40747764862029,0.091,0.142,1
"BTBD1",0.240606586645835,-0.278997786901766,0.242,0.313,1
"MCM5",0.240867741185616,0.269819046898406,0.356,0.299,1
"MED21",0.24093080295129,-0.349553125962918,0.356,0.418,1
"C12orf29",0.240939639091155,1.02963313288479,0.182,0.142,1
"ZNF274",0.241011228180349,-0.577233604549057,0.25,0.306,1
"NCOA4",0.24101727866163,-0.302460140112785,0.697,0.769,1
"TRIM23",0.241320364578148,-0.412493004685881,0.159,0.216,1
"RUVBL1",0.241499262594812,0.370867422050739,0.455,0.373,1
"ARHGAP45",0.24170517124709,0.360531716061064,0.402,0.351,1
"DAP",0.241839339259252,0.304299522339436,0.265,0.201,1
"POLI",0.241855944674656,-0.263716492546423,0.129,0.187,1
"MAU2",0.242081971076574,-0.448295535175514,0.227,0.291,1
"FBXL6",0.242136989351429,0.551725279809468,0.167,0.119,1
"C1GALT1C1",0.242181435606417,0.666463586989105,0.197,0.149,1
"PTPN2",0.24257389444985,0.408367402011793,0.644,0.582,1
"TADA3",0.242647770684349,0.374630684507133,0.477,0.433,1
"SNTB1",0.242668756461944,-0.281820871896099,0.144,0.201,1
"LONP1",0.242914365402605,-0.402993928501536,0.098,0.149,1
"RC3H1",0.242994192811645,0.399372750459459,0.394,0.343,1
"ITCH",0.243337605214435,0.38949288031787,0.318,0.254,1
"FAM13A",0.243396762652279,-0.588947291279533,0.152,0.201,1
"ATE1",0.243449141379894,0.363265035283233,0.311,0.246,1
"WDR44",0.243704502297894,0.846278063867111,0.106,0.067,1
"TRMO",0.243946030538062,-0.619969334127944,0.136,0.187,1
"SZT2",0.244173601674575,-0.571877045784554,0.121,0.172,1
"WDR77",0.244227037327686,-0.489699816776857,0.114,0.164,1
"CBY1",0.244370462956836,-0.516215339169776,0.083,0.127,1
"DAXX",0.244630393071021,0.489682683231707,0.28,0.224,1
"CCDC61",0.244648776629271,0.729453131846688,0.114,0.075,1
"STAM2",0.245098159764465,-0.368028527200945,0.159,0.216,1
"CENPB",0.245098159764465,-0.553665444589004,0.159,0.216,1
"RCOR1",0.245106778119164,-0.468392411649311,0.258,0.328,1
"TMEM154",0.245168032476276,-0.552178741347599,0.098,0.149,1
"FUS",0.245651423243862,0.36994303255607,0.879,0.858,1
"PIGV",0.246032930301073,-0.677880158038021,0.106,0.157,1
"SDSL",0.246049057395366,-0.387308219073311,0.159,0.216,1
"SNAPC2",0.246461291027315,-0.341417659963871,0.159,0.224,1
"ZNF687",0.246645820281141,-0.34092742764475,0.076,0.119,1
"TNIP1",0.246668951470216,-0.370858658817872,0.371,0.433,1
"LINC02384",0.246804097076746,-0.816451458423979,0.083,0.127,1
"ARRB1",0.247143480626775,-0.375874812907921,0.265,0.328,1
"CD69",0.247149184431494,0.430041876303752,0.621,0.575,1
"MORC3",0.247353517758693,0.369502686201546,0.371,0.299,1
"C1QTNF4",0.247587836093333,-0.351120463461514,0.189,0.246,1
"KIAA0930",0.247647105301877,0.657420609604102,0.174,0.127,1
"SPTBN1",0.247652483834202,0.462341037105957,0.424,0.373,1
"ESYT2",0.247995045937172,-0.311071540528547,0.568,0.664,1
"HARS2",0.248027260289372,-0.614907573217955,0.083,0.127,1
"CMAS",0.248178426339086,0.31255632507901,0.462,0.455,1
"NAIP",0.248274964480098,-0.869350677648245,0.152,0.201,1
"SLC35A3",0.248383855668514,-0.462129499301539,0.28,0.351,1
"PDLIM2",0.248466044497336,0.331741327200876,0.28,0.224,1
"KMT5B",0.248470919455754,-0.332744883582495,0.356,0.425,1
"LARP4",0.248506104639958,-0.36038134718665,0.182,0.246,1
"LEMD2",0.248541819168097,0.26184447967173,0.144,0.097,1
"PLXDC2",0.24881188511469,0.597052501714437,0.439,0.403,1
"GCA",0.249075722419209,-0.34844927408883,0.333,0.396,1
"UNC119B",0.249178185345839,-0.498543801784489,0.076,0.119,1
"TPM4",0.24965028995989,-0.294460365492457,0.72,0.739,1
"APOBR",0.249807794398187,-0.887789435970913,0.091,0.134,1
"RNF167",0.249906448207983,-0.303020104219682,0.386,0.455,1
"ARL11",0.249939402743517,-0.558252065053892,0.129,0.179,1
"RAPGEF2",0.250170293055416,0.370140937838497,0.318,0.246,1
"BBS2",0.250451160685567,-0.36317576960652,0.076,0.119,1
"TOM1L2",0.250451160685567,-0.563653444182898,0.076,0.119,1
"SAMD13",0.250551631709693,-0.571487876313869,0.197,0.254,1
"PARG",0.250806312309396,0.569541757126228,0.174,0.127,1
"AJ009632.2",0.251161397842168,-0.467448655195169,0.258,0.321,1
"MRM3",0.251325216311253,0.490220995231817,0.212,0.164,1
"SPPL3",0.25177156707058,0.338191459872229,0.356,0.299,1
"IP6K1",0.251838271806422,0.286633570050044,0.432,0.373,1
"WDR74",0.251946982250368,0.368663179045329,0.295,0.239,1
"USPL1",0.25202916733057,-0.648088847922142,0.098,0.142,1
"MCM2",0.252190152817282,-0.280904997055069,0.068,0.112,1
"HAUS2",0.252310322158088,0.336377153218147,0.273,0.216,1
"LCMT1",0.252324213696123,-0.384003065311778,0.447,0.493,1
"OGFOD1",0.252339657832651,0.543172676010923,0.212,0.157,1
"TXK",0.252439465226519,0.253702708737499,0.152,0.104,1
"CARD16",0.252790957939474,0.518210512213552,0.394,0.381,1
"DCUN1D4",0.253122938538991,0.266050133281221,0.189,0.134,1
"BRD8",0.253610657591409,-0.3543118894725,0.265,0.336,1
"ATXN2L",0.253701713590774,0.370125076651265,0.47,0.44,1
"CHD2",0.253827989918456,-0.342401205438557,0.667,0.701,1
"ZNF701",0.253921409750463,-0.489157867152647,0.167,0.224,1
"GATD3B",0.254066508335703,-0.542488472790733,0.212,0.276,1
"FASTKD1",0.254109235893219,0.41930273269453,0.22,0.164,1
"NAA15",0.254559918735565,0.260343375213831,0.394,0.321,1
"IFRD2",0.254617509796012,0.46695932338523,0.258,0.209,1
"ARFIP1",0.254791708924906,-0.360176131651413,0.174,0.231,1
"NCOA7",0.255089340368181,-0.305510137751836,0.629,0.694,1
"POU2F1",0.25516887198392,-0.753796901159276,0.25,0.313,1
"NCBP3",0.255218295048074,0.493703727483866,0.402,0.381,1
"C11orf68",0.255329157297176,-0.527568780008273,0.22,0.291,1
"RIPOR3",0.255455314853079,-0.616897003917694,0.083,0.127,1
"GCFC2",0.255581704215595,-0.583456465632163,0.144,0.201,1
"SNAPC5",0.255687650736385,-0.519153272773477,0.197,0.246,1
"CERS6",0.255793104179381,0.425133376005575,0.447,0.403,1
"ENTPD7",0.255811482744733,0.698857800322955,0.106,0.067,1
"KLHL42",0.255837718994255,-0.441930464950093,0.174,0.239,1
"NUP88",0.255837718994255,-0.480874815432956,0.182,0.231,1
"TTC28-AS1",0.256054617498244,-0.657814421809701,0.333,0.388,1
"ST6GAL1",0.256605584356982,-0.271756050731725,0.189,0.254,1
"BAD",0.256608152899347,0.439393510041441,0.424,0.373,1
"SP140L",0.256716707814645,0.254355870148113,0.273,0.216,1
"IRF9",0.256949242293629,-0.472825540110463,0.295,0.358,1
"MTRES1",0.257045586717541,-0.587985481143471,0.091,0.134,1
"YWHAG",0.257192720382397,0.252011441598848,0.606,0.56,1
"LTN1",0.25729084945998,0.39235635438732,0.22,0.172,1
"KLHL6",0.257306203542984,-0.329768220905615,0.273,0.328,1
"MAP3K5",0.25731885897066,-0.277851931495407,0.197,0.269,1
"CCZ1B",0.257609929737592,-0.512916491705208,0.144,0.201,1
"CHMP2B",0.25817118868988,0.296020725078971,0.591,0.53,1
"SMG6",0.258953196071214,0.349731257264185,0.258,0.201,1
"WBP1",0.259017009555507,-0.277672013920145,0.424,0.493,1
"CDK5RAP3",0.259068111512197,-0.403331838029597,0.348,0.403,1
"LY6G5B",0.259069932760553,0.732744988148934,0.136,0.097,1
"FREM1",0.259069932760553,1.0916870611341,0.136,0.097,1
"RBM45",0.259368024590115,0.427596617418551,0.174,0.127,1
"WASL",0.259423154722724,-0.305798124612854,0.167,0.231,1
"HCCS",0.259490214054523,-0.912457331768984,0.091,0.134,1
"DIAPH2",0.259855739968992,0.620315530462336,0.295,0.246,1
"TBC1D13",0.259992377559973,0.518384930852199,0.182,0.134,1
"OTUD4",0.26001404329909,0.440646976192444,0.28,0.239,1
"FAM189B",0.260240418948929,-0.453119729116788,0.159,0.209,1
"CLEC2D",0.260280073188123,0.726729492550041,0.273,0.216,1
"NDUFAF6",0.260622245982725,0.469881111998436,0.326,0.276,1
"UTP20",0.261056451690932,0.309822066638011,0.182,0.134,1
"CNP",0.261239921001969,-0.565570343643379,0.159,0.209,1
"CNOT1",0.261344895847105,-0.347577231657672,0.492,0.575,1
"STRN",0.261502653088075,0.353054203747582,0.364,0.299,1
"SREBF2",0.261597192768333,0.553595421676118,0.265,0.216,1
"COQ8A",0.261785411907286,-0.388523748984708,0.356,0.41,1
"CEACAM4",0.26211241106165,-0.336795654177812,0.076,0.119,1
"IMPAD1",0.262880684296728,0.487483931818473,0.333,0.284,1
"TPD52",0.262974960338391,-0.289916210816976,0.212,0.276,1
"STIM1",0.263128803390784,0.644368918062317,0.318,0.284,1
"FAHD1",0.263346898762824,-0.354889681638838,0.197,0.254,1
"GALNT11",0.263732019589572,0.65134620414256,0.242,0.194,1
"COA3",0.265115709299303,-0.362175023304472,0.432,0.493,1
"ZNF518B",0.265260193853724,0.692041992602462,0.227,0.172,1
"RAD54L2",0.265315083724692,0.352914056829814,0.197,0.149,1
"ZNF620",0.265512512054919,-0.824011552696831,0.068,0.104,1
"DHX16",0.265901507094005,0.280410521800016,0.159,0.112,1
"ARHGAP17",0.266114133562768,0.437101818289491,0.212,0.164,1
"MAML1",0.266241761363487,0.463250954946856,0.227,0.172,1
"MIGA1",0.266644155240565,-0.387878580984362,0.235,0.299,1
"MPI",0.266798575486276,-0.451349094569429,0.136,0.187,1
"RNF168",0.266930614193526,0.274646965537466,0.371,0.321,1
"CENPS",0.267034530735862,-1.03081331061655,0.076,0.112,1
"NIBAN1",0.267084096931537,-0.34909175651579,0.197,0.254,1
"MMADHC",0.267391405285675,0.267306310785856,0.682,0.664,1
"RTL6",0.267571816021193,0.672808088725418,0.121,0.082,1
"C5orf63",0.267653835757352,-0.29365159203216,0.106,0.157,1
"EIF1B",0.268145403803677,0.277228181399392,0.811,0.851,1
"CMC1",0.268416418989205,0.562468331412079,0.379,0.358,1
"CENPJ",0.268469884632184,-0.605959454832409,0.152,0.201,1
"CYFIP2",0.268666876482866,0.388942341029422,0.447,0.388,1
"BOD1",0.268868453709252,0.363403582514702,0.288,0.231,1
"HACD4",0.269229974499749,-0.333280222720574,0.417,0.493,1
"ZNF654",0.269353970828699,-0.627698541356033,0.212,0.269,1
"RMDN1",0.269361514381415,-0.352046065561707,0.341,0.388,1
"PREP",0.269372826998398,0.3731553605544,0.159,0.112,1
"AREL1",0.269429477232368,-0.458598728347978,0.091,0.134,1
"YY1AP1",0.269467528216984,-0.297009206770501,0.265,0.336,1
"P4HTM",0.269720672769798,0.256569110659076,0.265,0.201,1
"NAIF1",0.269746685271664,0.426232766838874,0.106,0.067,1
"DICER1-AS1",0.269746685271664,-0.89886709076612,0.068,0.104,1
"PRADC1",0.269795131198268,0.559290174641748,0.174,0.127,1
"TAB3",0.270072883545507,0.584250154026447,0.235,0.194,1
"BRMS1",0.270312281505662,-0.271658257138049,0.288,0.358,1
"TIGD1",0.270351989276783,0.812493848508972,0.174,0.127,1
"ZBTB41",0.270351989276783,-0.722333275966551,0.129,0.172,1
"SDHAF2",0.270914630652064,-0.383934944503186,0.371,0.433,1
"ZNF316",0.271137905545225,0.875405585058906,0.129,0.09,1
"SLC24A1",0.271168314629103,0.401849467245941,0.106,0.067,1
"BORCS8",0.27118353931976,-0.254206708804396,0.106,0.157,1
"RFT1",0.27118353931976,0.65794787486895,0.152,0.112,1
"CNRIP1",0.271364448250026,-0.251385922280742,0.318,0.381,1
"ARMCX3",0.271420430434648,0.265738104193275,0.5,0.44,1
"ECPAS",0.271882345306837,0.342794834153309,0.326,0.284,1
"ZNF85",0.271954584204773,-0.412022524764944,0.091,0.134,1
"UFL1",0.272028997518558,-0.398434861348498,0.364,0.433,1
"PRMT9",0.272082024243255,0.551484828101676,0.22,0.172,1
"LMNA",0.272406526881335,0.912006215475722,0.477,0.455,1
"OAS2",0.272500306781511,0.281271990294293,0.114,0.075,1
"NPEPL1",0.272530271132713,-0.521581864720116,0.121,0.172,1
"NR2C2",0.272559720580705,-0.26864699501738,0.152,0.209,1
"MAPKBP1",0.272595068643162,-1.00179970459186,0.068,0.104,1
"OTUD6B-AS1",0.273308989884445,0.329384033666461,0.545,0.522,1
"EXOC3",0.273520382935067,-0.326674659738784,0.189,0.254,1
"BDH2",0.273534850183079,0.349560283135138,0.341,0.299,1
"PARP10",0.273655023794923,-0.414511444186963,0.129,0.179,1
"IDS",0.273873681921071,0.385886455380298,0.689,0.754,1
"TRIM27",0.273996321810042,-0.345547300864754,0.242,0.306,1
"TCAF1",0.273996321810042,0.382044629414842,0.303,0.246,1
"BOLA2",0.274886680686233,0.301960126078735,0.303,0.246,1
"MEST",0.274897692316309,-0.327186146745624,0.379,0.44,1
"GDF11",0.274923471650242,-0.513101120790087,0.212,0.269,1
"PIP5K1A",0.274926279445464,0.412657028828227,0.242,0.187,1
"KIAA1841",0.275005904691539,0.745203460328678,0.129,0.09,1
"PGRMC2",0.275045201640195,0.569154935879615,0.318,0.284,1
"RRP1",0.275269589476582,0.521745770554121,0.212,0.164,1
"GPSM1",0.275333038580878,0.400688300601046,0.152,0.104,1
"VPS33A",0.275445804795503,-0.569107516531486,0.197,0.246,1
"BTBD8",0.27546396318912,-0.749930975249776,0.068,0.104,1
"SIPA1L1",0.275527294057575,0.748913188786933,0.121,0.082,1
"JOSD1",0.275669869255432,0.328689732442029,0.447,0.366,1
"ZNF720",0.275779012931829,0.440495889770333,0.303,0.246,1
"THAP1",0.275797557789257,-0.469070492587312,0.152,0.201,1
"ZNF138",0.276299975941842,0.374443283245493,0.212,0.164,1
"DLEU1",0.276673319243807,0.454667932801545,0.303,0.246,1
"IL32",0.276900660840938,1.04185100731291,0.197,0.149,1
"NT5DC2",0.277004375477317,-0.278141316983384,0.129,0.179,1
"INPP4A",0.277053277933895,-0.65014178184419,0.091,0.134,1
"PIBF1",0.27721130063537,0.383837973823504,0.326,0.276,1
"BRWD1",0.277231588298235,-0.337080759753767,0.447,0.5,1
"CRTC2",0.277605401292631,0.716185223649617,0.129,0.09,1
"GLYR1",0.277612034888602,0.300064312426269,0.394,0.328,1
"FLVCR1",0.277658278968405,-0.361037227803367,0.136,0.187,1
"POLR3K",0.2777363346225,0.615451467504542,0.258,0.209,1
"PIGG",0.277970735047294,0.281461575430361,0.197,0.149,1
"AL592295.5",0.278042146382955,-0.911367453823762,0.076,0.112,1
"TRIM8",0.278255564410942,0.350027019488184,0.492,0.448,1
"RB1CC1",0.278634311456305,-0.339893541820397,0.561,0.604,1
"FSD1L",0.278661441270274,-0.484275884916117,0.083,0.127,1
"BCKDHA",0.279182431766865,-0.41541464680886,0.235,0.299,1
"MYD88",0.279219125668079,-0.427132036123958,0.174,0.231,1
"SAMHD1",0.279324341288434,0.325151979993394,0.25,0.194,1
"ULK3",0.279543103457797,0.739691091025508,0.152,0.112,1
"SLC35D2",0.279714616980885,-0.401666067493581,0.356,0.396,1
"TOR3A",0.279738317929483,-0.551608367213036,0.227,0.276,1
"LINC02256",0.279861027345454,0.507650687885064,0.333,0.284,1
"AC127502.2",0.279965588347219,0.52904677475307,0.25,0.201,1
"NAGPA",0.279991438894545,-0.308310807129618,0.083,0.127,1
"MPV17",0.280122327201513,-0.273397316340143,0.348,0.403,1
"COQ10A",0.280381552764245,-0.478817819812713,0.129,0.179,1
"E2F3",0.280474870142693,-0.324568492903053,0.417,0.47,1
"MRPS28",0.280821599163108,0.314617790566397,0.439,0.388,1
"TMEM170A",0.28091602402683,0.434210572751047,0.333,0.291,1
"RMI2",0.280919746190792,0.652773079837099,0.121,0.082,1
"MAP2K5",0.281133223535137,-0.540008898377049,0.167,0.216,1
"MAP4K1",0.281197833107986,0.453389875968627,0.197,0.149,1
"DERL2",0.28130173968985,0.563236198611285,0.341,0.306,1
"ZKSCAN4",0.281325743424298,-0.297002421237871,0.083,0.127,1
"GK5",0.281513467943721,-0.437731629921182,0.129,0.179,1
"DPP9",0.281513467943721,0.693560357304219,0.174,0.134,1
"CUL4A",0.281743060376866,-0.275560705220249,0.265,0.328,1
"PLSCR1",0.281846599450606,-0.272383815121902,0.295,0.366,1
"LONP2",0.2819802907937,0.286459969235488,0.432,0.403,1
"SELENOP",0.282186069349845,-0.34651325747556,0.152,0.201,1
"GALK1",0.282257501075154,0.651036638956175,0.25,0.194,1
"BMS1",0.282577065791443,0.422701599677652,0.394,0.358,1
"PATL1",0.28264847983525,-0.485495146830657,0.129,0.179,1
"MED13",0.282812226349547,0.351866305202484,0.402,0.343,1
"METTL2A",0.282851383930056,-0.280815130970298,0.121,0.172,1
"CDK10",0.28285446231884,0.807858381391587,0.129,0.09,1
"CTSZ",0.283236183834289,-0.457466075798127,0.28,0.351,1
"AC025171.2",0.283363305252164,-0.865447043353189,0.152,0.194,1
"NUBP2",0.283636578205842,0.407606210622918,0.394,0.351,1
"GPAA1",0.283654616950314,-0.504574074146476,0.265,0.321,1
"LINC00539",0.28368335705249,-0.293915671651074,0.098,0.142,1
"ZNF592",0.28368335705249,-0.579223074467891,0.098,0.142,1
"RIOK1",0.283789276320278,0.502773992593621,0.341,0.299,1
"PLA2G4A",0.284193946990075,0.261208856588578,0.106,0.067,1
"ZNF354B",0.284193946990075,-0.579812483631372,0.068,0.104,1
"ERAL1",0.284337698587919,-0.502258156249028,0.152,0.201,1
"ACER3",0.284397852075835,0.615555868124887,0.152,0.112,1
"ANKAR",0.284481506765245,0.860657665740356,0.144,0.104,1
"MAP4",0.284813992208032,0.477653070317308,0.424,0.373,1
"MLH1",0.284942409859826,0.492830561527505,0.25,0.216,1
"HSD17B4",0.285176672682398,0.272438261884,0.462,0.455,1
"PDE6D",0.285363416630181,0.356994309336697,0.22,0.172,1
"DCTN6",0.285581423703359,-0.312408929563562,0.409,0.478,1
"ABLIM1",0.28566587980813,-0.364872938992673,0.295,0.358,1
"AL022162.1",0.286225184745371,-0.411631784580445,0.098,0.142,1
"TBL2",0.286363343033186,0.270349128777904,0.152,0.104,1
"HMOX2",0.28677339551008,0.535106303853107,0.273,0.231,1
"PSMC4",0.287222600107479,-0.32999257593439,0.492,0.522,1
"FERMT1",0.287224470863418,0.613616349565234,0.189,0.142,1
"MAFG",0.287359822457135,0.385982233696369,0.318,0.261,1
"MCM9",0.287500168036545,-0.699778933206509,0.136,0.179,1
"CRK",0.287522502798641,-0.34924181957695,0.121,0.172,1
"OBI1",0.287686070291349,-0.278565665090126,0.136,0.187,1
"PTPA",0.288031238541643,0.567792208372214,0.242,0.194,1
"BOLA3-AS1",0.288118808549103,-0.450504934001472,0.121,0.164,1
"SLC6A6",0.288161257770838,0.624669275164929,0.205,0.164,1
"AC015802.6",0.288628423353598,-0.487793435188382,0.068,0.104,1
"ATP6V0A2",0.288780942635149,-0.494006303678472,0.485,0.522,1
"MMUT",0.288836911876882,-0.495426146930112,0.205,0.261,1
"ALMS1",0.289309337898762,0.703320312803736,0.152,0.112,1
"KCNH2",0.289354663311675,-1.03688512437239,0.076,0.112,1
"PPP5C",0.289479800957451,0.275635548761215,0.152,0.104,1
"CHD1",0.290311376959843,0.374489990135224,0.515,0.47,1
"KLHL20",0.290503263393875,-0.542539942488933,0.121,0.164,1
"MAGEF1",0.290573256743088,0.349027737224608,0.379,0.321,1
"GIGYF1",0.290609353515215,-0.567399840158228,0.182,0.239,1
"SUOX",0.290786624025333,-0.267307197594842,0.083,0.127,1
"MPRIP",0.290953286955505,-0.309328871017989,0.371,0.44,1
"NMD3",0.291438577494569,0.41840256027961,0.333,0.291,1
"PROSER3",0.291610517319333,0.279728034808555,0.106,0.067,1
"SMAD5",0.291738032387623,-0.3349141432916,0.348,0.44,1
"INO80B",0.292071517270696,0.449301482323428,0.212,0.164,1
"ZSCAN26",0.292089837082752,-0.742956674510064,0.129,0.172,1
"SLF2",0.292209564440027,-0.451516927319407,0.205,0.269,1
"PCIF1",0.292280450194173,0.328140933176019,0.462,0.388,1
"NCOA6",0.292463388047181,0.672413250340218,0.205,0.164,1
"GLUD1",0.292585822591914,-0.312693158448614,0.455,0.515,1
"IFT140",0.293109303069868,-0.714626012298452,0.068,0.104,1
"DVL2",0.293397905430414,-0.562242018612697,0.182,0.231,1
"TMEM246",0.293404995574697,-0.357433778703057,0.144,0.187,1
"CYB5D2",0.293572780035063,-0.305896711079156,0.174,0.231,1
"MPDU1",0.293688204176625,0.390562893723632,0.273,0.224,1
"C3orf80",0.293748643443771,-0.50639488691431,0.167,0.216,1
"HEATR1",0.294053509157582,-0.35221377748088,0.212,0.269,1
"VPS16",0.294433898260388,0.498480187922721,0.227,0.187,1
"MKNK1",0.29450539057739,-0.450545015967121,0.136,0.187,1
"EEFSEC",0.29450539057739,-0.401018882941767,0.136,0.187,1
"RXRB",0.295311905436996,-0.674559546358423,0.121,0.164,1
"PRAF2",0.295958306508037,0.531017684273802,0.235,0.194,1
"NFU1",0.296093336844288,-0.261153750027256,0.409,0.455,1
"ZNF699",0.296287858050159,-0.2984703179523,0.083,0.127,1
"DEF6",0.297010093139745,0.340290874641378,0.318,0.276,1
"PIGK",0.297136583292337,0.405823514684724,0.265,0.209,1
"MFSD3",0.297636635986954,-0.399814437329484,0.068,0.104,1
"TTN",0.297685906577806,1.35990354744336,0.174,0.134,1
"ZNF436-AS1",0.297901419160539,-0.335986756852234,0.159,0.209,1
"CNBD2",0.297967234055306,0.521438372888986,0.273,0.239,1
"POLD1",0.298039800594879,-0.96089992057689,0.076,0.112,1
"IL16",0.298128613923538,-0.428817009317204,0.212,0.261,1
"PIGT",0.298677826320809,0.394810715123291,0.364,0.313,1
"BCS1L",0.298832799745171,0.429272556717513,0.205,0.157,1
"SLC17A5",0.298937580126694,0.687848721225646,0.121,0.082,1
"ABHD17B",0.298997080493511,-0.382124220270731,0.159,0.209,1
"REXO1",0.299003180390785,0.421045645129123,0.129,0.09,1
"PIGZ",0.299003180390785,-0.658441364604514,0.091,0.127,1
"MALT1",0.299076352157723,0.497152065869775,0.22,0.172,1
"DNAAF5",0.299156077290456,-0.941216526667592,0.068,0.104,1
"PLA2G6",0.299156077290456,-0.572383251499524,0.068,0.104,1
"METTL6",0.29942693221286,0.593160029949988,0.167,0.127,1
"GOLPH3L",0.299634648497573,-0.552919408659848,0.167,0.209,1
"BOP1",0.29965061164221,0.572411472216726,0.227,0.187,1
"CENPV",0.300458525312276,0.461263187230828,0.265,0.216,1
"APOL2",0.300479728063949,-0.585027807166449,0.098,0.142,1
"IGLL1",0.300510569137199,-0.731919266892953,0.235,0.284,1
"TRIM5",0.300620109843147,0.672757345730853,0.288,0.261,1
"ZNF727",0.30068068605049,-0.496741767039325,0.068,0.104,1
"YEATS2",0.30072566510649,0.292008941462369,0.212,0.164,1
"TYW1",0.300932080404398,-0.430055197710009,0.174,0.231,1
"GUCY1B1",0.301075042142636,-0.516692875225617,0.242,0.284,1
"TRIQK",0.301224432711662,0.44545978463655,0.22,0.172,1
"SORD",0.301224432711662,-0.659559515901127,0.174,0.216,1
"ATP9B",0.301272164795206,-0.503711253806056,0.159,0.216,1
"METAP1",0.301462742555348,0.341963133896205,0.235,0.187,1
"THYN1",0.301667187608932,-0.272127918749684,0.53,0.567,1
"PHRF1",0.301836756843502,0.597120376900719,0.152,0.112,1
"FOXK1",0.301949982209482,-0.456341383571971,0.152,0.201,1
"CLOCK",0.302068525019349,0.612027507296281,0.159,0.119,1
"SLC4A8",0.302210463482564,-0.692027320164001,0.068,0.104,1
"SNX9",0.302510295552817,0.348917270763352,0.235,0.187,1
"PPP2R3C",0.302607957089124,-0.287205273474862,0.379,0.425,1
"GON7",0.302624299351103,0.254075421323126,0.167,0.119,1
"DEXI",0.302810055290076,-0.542964424552773,0.182,0.231,1
"PACRGL",0.303134664433724,0.523084919574419,0.129,0.09,1
"RFX3",0.303158270746845,-0.632247426881361,0.227,0.276,1
"CHML",0.303283032446997,0.492258668507571,0.303,0.261,1
"SNX5",0.30361534607118,-0.296409072112709,0.606,0.649,1
"ADCY3",0.30373182852803,0.272944546979015,0.136,0.097,1
"CRYL1",0.304423295096467,-0.363175835757696,0.25,0.299,1
"FTSJ1",0.304531829748387,-0.416662968968047,0.114,0.157,1
"AC114760.2",0.304557732457709,0.78102250318108,0.159,0.119,1
"DERA",0.304761617978609,0.433693406192386,0.364,0.321,1
"UBXN2B",0.304935807096255,-0.392619102748564,0.136,0.187,1
"HAUS3",0.305088300676406,-0.576157009692182,0.121,0.164,1
"CFP",0.305197599409853,-0.446191490786539,0.129,0.172,1
"NUDT6",0.305285528691439,-0.496981818894697,0.068,0.104,1
"PDE6G",0.305293421215825,-0.614718768527042,0.189,0.239,1
"PHF7",0.305445940843489,0.267314854044046,0.295,0.239,1
"WDYHV1",0.306109901482227,-0.292768862351901,0.136,0.187,1
"SOCS4",0.30634214657536,-0.399235915197084,0.227,0.291,1
"ACADVL",0.306402940014356,-0.266177724097282,0.523,0.59,1
"AHCY",0.30662366123709,-0.26703180377751,0.341,0.41,1
"TRIM13",0.306837964858475,0.387934397339116,0.394,0.381,1
"MAN2A2",0.306876858271156,-0.340298921311183,0.295,0.358,1
"CCNJ",0.306897373001675,-0.900289328438718,0.076,0.112,1
"EIF1B-AS1",0.307303923587099,0.307937232413107,0.129,0.09,1
"NAA16",0.30732729712249,0.485977462805599,0.212,0.164,1
"PIK3CG",0.307493463977228,-0.431026885160581,0.197,0.254,1
"ZNF487",0.307599639983065,0.548127271298534,0.197,0.157,1
"CKAP2",0.307653285599795,0.260919197504342,0.485,0.463,1
"HARS",0.307724262904294,-0.409483623739288,0.371,0.425,1
"PELP1",0.307963643300627,-0.35087876195574,0.212,0.269,1
"PCSK7",0.30855027160374,0.565380748213432,0.333,0.284,1
"DNAJC9",0.308573994277907,-0.270353221293993,0.439,0.522,1
"C8orf33",0.308592973237616,0.321241764891779,0.417,0.373,1
"CERK",0.308839150016012,-0.457238092585046,0.129,0.172,1
"TBL1X",0.308839150016012,-0.424152162932368,0.129,0.172,1
"GNPNAT1",0.309183998842493,0.467470246802882,0.167,0.127,1
"RNFT1",0.309327465501892,-0.321254790623685,0.235,0.299,1
"NRM",0.309345823406042,-0.343776411480799,0.144,0.194,1
"MYH11",0.310036372169398,0.847483124573435,0.106,0.075,1
"C5orf22",0.310280530309234,0.868590538729183,0.144,0.104,1
"AC073896.2",0.310506666287478,0.444556476651643,0.136,0.097,1
"MRPL55",0.310604219979456,-0.33488380828156,0.417,0.463,1
"MBD4",0.310872077402892,0.379293965941119,0.553,0.522,1
"DPH3",0.310888572855272,-0.601536542357374,0.114,0.157,1
"CCDC107",0.310932187873532,0.366006542427824,0.318,0.276,1
"LINC01765",0.311497724774255,-0.463865624664054,0.068,0.104,1
"TRIM14",0.312114934314767,0.478346259033122,0.152,0.112,1
"SOX12",0.312338919938409,-0.295678567818118,0.28,0.343,1
"NUP43",0.312420861480642,0.456268468614356,0.227,0.187,1
"USP6NL",0.312436536720397,0.456203892585658,0.273,0.224,1
"ZNF528-AS1",0.31289832227726,-0.940955936710635,0.076,0.112,1
"C6orf226",0.313089077746778,0.316581526622836,0.356,0.313,1
"WDR6",0.313259076288122,-0.397807958864419,0.341,0.388,1
"CAMK2G",0.313359981324933,0.414712637122266,0.311,0.269,1
"TRIM58",0.313675837084999,-0.321332251959287,0.242,0.299,1
"ERMAP",0.31390789103187,-0.522661389405302,0.106,0.149,1
"ZNF100",0.314015308086786,-0.250609537980439,0.144,0.194,1
"PMAIP1",0.314138727648592,0.417809731885668,0.333,0.284,1
"ARMC1",0.314248133903213,-0.323979913713917,0.235,0.291,1
"NKIRAS2",0.31454621275444,-0.410145452799375,0.265,0.306,1
"MREG",0.314773333178407,-0.650051632112922,0.083,0.119,1
"CLEC12A",0.314773333178407,-1.10421364431246,0.083,0.119,1
"PARP8",0.315047973291371,-0.579212672484254,0.152,0.201,1
"NKAPD1",0.315118930601712,-0.262331435538939,0.439,0.515,1
"ZNF880",0.315210607551151,0.32070882549364,0.295,0.239,1
"FUOM",0.315230092824347,-0.371218931224182,0.106,0.149,1
"SCO1",0.315340885720914,0.335265995420071,0.326,0.276,1
"ENTPD3-AS1",0.315620136781994,0.566651461771557,0.144,0.104,1
"EXOG",0.315754559115549,-0.254173887817107,0.159,0.209,1
"TRAFD1",0.315755828218693,-0.516616289685495,0.091,0.127,1
"RAD51-AS1",0.316099751895225,0.563572446540077,0.28,0.224,1
"OTUD1",0.316239521119752,0.530474987446679,0.121,0.082,1
"CCDC30",0.316239801981802,-0.840132142227935,0.083,0.119,1
"MED7",0.316481883007516,0.309688803409125,0.273,0.224,1
"PRRC2A",0.317068157279476,-0.427366203659449,0.311,0.366,1
"NPIPB5",0.317339523347862,0.574522320177268,0.152,0.112,1
"CENPN",0.317449406500838,-0.425608623876331,0.076,0.112,1
"SH3GLB1",0.317564670562658,0.292729915240875,0.727,0.724,1
"ADO",0.317710747927678,-0.570167595298338,0.083,0.119,1
"USP9X",0.317715195400779,0.364371203216656,0.386,0.343,1
"TSEN54",0.318593911963401,0.535493033225541,0.288,0.254,1
"NFKBIL1",0.318628321702386,0.317796648832475,0.311,0.254,1
"CCDC102A",0.318631418437926,-0.526498085405652,0.114,0.157,1
"ZNF92",0.318666825225163,0.349848220929604,0.326,0.276,1
"DENND5A",0.318814881221138,0.543629486589699,0.295,0.261,1
"INSIG1",0.320108912152792,0.432161399012601,0.364,0.321,1
"NUDCD3",0.320288405466755,0.405468760954987,0.311,0.276,1
"ALG8",0.320325424393527,0.596178153902909,0.205,0.164,1
"RBMS2",0.320564030675667,-0.695738609113294,0.136,0.179,1
"FXN",0.320575204912633,0.554462796146445,0.288,0.254,1
"FASN",0.320609049206066,0.309897613600857,0.174,0.134,1
"HDGF",0.320749744880819,0.469358291882401,0.598,0.619,1
"DGKZ",0.320871474643899,-0.411690619899336,0.455,0.485,1
"MAN1B1-DT",0.320971244839931,-0.485074439126357,0.068,0.104,1
"PRKD2",0.321170180424565,0.862303130127472,0.121,0.09,1
"ACSF2",0.321295380332179,-0.770210387989263,0.114,0.149,1
"CALCRL",0.321428001738572,-0.753956883293582,0.121,0.164,1
"MBD3",0.322230485448702,0.408618166297177,0.227,0.187,1
"SUMF2",0.322267591693029,-0.288077706054236,0.523,0.582,1
"RTCB",0.322641348523253,0.274686976092857,0.477,0.478,1
"BCL2",0.322675532011209,0.349652128366449,0.341,0.284,1
"FBN1",0.322977727807306,0.520033142827413,0.22,0.179,1
"SFXN4",0.323009710072545,0.34830794669294,0.318,0.261,1
"ASTE1",0.324098370079707,0.944366337358982,0.121,0.09,1
"CBX1",0.324172492597896,0.275998413919363,0.424,0.381,1
"GIGYF2",0.324270165738239,0.524333599008097,0.371,0.328,1
"TPRG1L",0.324809600410737,-0.292264614759977,0.098,0.142,1
"VPS39",0.324855178051206,-0.261242540938821,0.174,0.231,1
"LRRC8A",0.325108812251428,0.548858735520012,0.144,0.104,1
"MSH5",0.325130502805927,-0.506755394055693,0.076,0.112,1
"ZNF785",0.325572199679618,0.818426047608312,0.106,0.075,1
"ABCC4",0.325720565709741,0.624129873729437,0.295,0.261,1
"ETFA",0.326061318602824,0.253728134351158,0.568,0.56,1
"LINC00476",0.326488996737839,0.408651611435499,0.333,0.291,1
"TDP1",0.326581015402961,0.856793703314716,0.129,0.097,1
"MIA3",0.326611517874456,0.300899630745725,0.455,0.418,1
"GMDS",0.326714850130827,-0.357062898192032,0.25,0.306,1
"TMEM65",0.326816512815204,0.286744759923231,0.371,0.321,1
"NMNAT1",0.327043892621066,0.888522063568522,0.121,0.09,1
"PRPF40A",0.327085845377529,0.279748453989207,0.742,0.776,1
"RAD9A",0.327170204769691,0.522366331597635,0.136,0.097,1
"MBLAC2",0.327260271238987,0.282181163488263,0.129,0.09,1
"SLC25A26",0.327395317710561,0.475427891119863,0.326,0.284,1
"COQ5",0.327859750861392,-0.250226138283337,0.212,0.261,1
"CTSB",0.328170660119962,0.589587735312755,0.356,0.321,1
"NTAN1",0.328199867141418,-0.405862638083781,0.22,0.269,1
"TFEC",0.328199867141418,-0.432459276505692,0.227,0.261,1
"MRNIP",0.328236520677575,-0.508512104025601,0.076,0.112,1
"SELPLG",0.32832254297005,0.637363666523614,0.235,0.201,1
"TTC27",0.328506620597426,-0.380475633557901,0.159,0.201,1
"TMEM120A",0.328717226832028,-0.608120349980434,0.091,0.127,1
"KANSL1L",0.328760288148217,-0.447294623685722,0.197,0.246,1
"FBXL3",0.328881804919529,-0.505475520306961,0.28,0.336,1
"MYCN",0.329541316931499,-0.506588300359956,0.265,0.321,1
"UBA6-AS1",0.329702586235442,-0.263503529124673,0.152,0.201,1
"SNHG21",0.329702586235442,0.428175909405352,0.197,0.157,1
"SCRN2",0.329735936741598,-0.352804398051843,0.364,0.41,1
"SLC18B1",0.330330013038876,1.22426047136061,0.106,0.075,1
"INPPL1",0.33038569308547,-0.393642408397407,0.098,0.142,1
"SATB1",0.330418705307061,0.280371255095356,0.621,0.59,1
"PARP14",0.330515047896,0.460829727948585,0.364,0.313,1
"ATXN7",0.330544099750804,-0.458516575498098,0.402,0.44,1
"TMEM170B",0.330631039931706,-0.270253577183453,0.068,0.104,1
"NINJ2",0.330631039931706,-0.580249721062459,0.068,0.104,1
"TBP",0.330651836878534,0.837392905923834,0.167,0.134,1
"NUP62",0.331108809896701,0.282488882756413,0.295,0.246,1
"AC010745.5",0.3311507084907,-0.481947915830891,0.083,0.119,1
"PDGFD",0.3311507084907,-0.393054336606657,0.083,0.119,1
"ADCY7",0.331353903485112,0.425328987484312,0.258,0.209,1
"MICAL3",0.33136154750186,0.905541059484572,0.114,0.082,1
"PXN-AS1",0.33144890375464,0.305739440203165,0.197,0.149,1
"LINC01473",0.331925901851908,0.79769247378873,0.106,0.075,1
"NSMCE4A",0.332170598630659,0.32085765802892,0.455,0.433,1
"ATP2A2",0.332252574549312,0.399721828116764,0.386,0.343,1
"SGTA",0.332693012477932,-0.42429727485773,0.136,0.187,1
"RBM15",0.332851428121817,-0.616923241756961,0.098,0.134,1
"BCL10",0.332939780613527,-0.260058237900389,0.333,0.381,1
"TSGA10",0.332952259824007,-0.342219803025833,0.136,0.179,1
"ZNF37A",0.333213585086135,-0.256086656293665,0.402,0.455,1
"PDE4B",0.33335533017192,0.956705072851269,0.152,0.112,1
"NUDT4",0.333509471801389,0.56378142738201,0.341,0.306,1
"RFC5",0.333788248767177,0.675597224161756,0.129,0.097,1
"HIST1H2BN",0.334033561595071,0.541935321477076,0.152,0.112,1
"AKT2",0.334038314949652,-0.378488808204737,0.205,0.261,1
"PPP6R3",0.334154668963966,0.264432041840691,0.432,0.358,1
"STYX",0.334420934731873,0.274234779378573,0.227,0.179,1
"FAM199X",0.334501801658707,0.675671229116796,0.227,0.194,1
"ZNF408",0.334506096328847,-0.394829176472369,0.076,0.112,1
"PTAR1",0.334573522479598,-0.306208774701486,0.439,0.515,1
"CCDC88A",0.334901865829353,-0.422452119482799,0.629,0.657,1
"AC142472.1",0.335074606928221,-0.558891817747556,0.152,0.194,1
"FAM98B",0.335194295024296,0.291489065908809,0.394,0.358,1
"ATAD3A",0.335487888898038,0.441023656355851,0.159,0.119,1
"KLF12",0.335572423773756,0.507257533815771,0.235,0.194,1
"ATF5",0.335837039585084,-0.669046696512279,0.114,0.157,1
"ZNF519",0.336085472748299,-0.293734772934263,0.076,0.112,1
"APEH",0.336179937632039,-0.282615995895359,0.265,0.306,1
"LATS1",0.336376727113975,0.332804967513784,0.288,0.246,1
"SLU7",0.336906090403805,0.251541156121086,0.598,0.597,1
"HELLS",0.336940969364885,0.417500415738723,0.174,0.134,1
"KIAA1143",0.33713632949657,-0.275833728899325,0.432,0.507,1
"ZNF678",0.337708293194405,-0.285438306038245,0.129,0.172,1
"UBR1",0.337760589565893,-0.343862613129525,0.227,0.276,1
"ETFDH",0.337844006440557,-0.353369091143299,0.265,0.313,1
"NEDD1",0.337911606461692,-0.3435636407406,0.189,0.142,1
"PSMD10",0.338697655784109,0.517408305118928,0.303,0.269,1
"AIDA",0.338929187506134,0.366911651084163,0.348,0.291,1
"GGA2",0.338999221780807,0.884701943598996,0.121,0.09,1
"ZBTB20-AS2",0.339119072601157,0.664296881272021,0.114,0.082,1
"C17orf67",0.339119072601157,0.937586062679872,0.114,0.082,1
"PIAS1",0.340197770515671,0.472580100463829,0.492,0.47,1
"AGA",0.340231617918634,0.278123024150122,0.205,0.164,1
"TBL3",0.340523961756267,-0.633128470923487,0.091,0.127,1
"EEA1",0.340543875165594,0.429731078103049,0.311,0.254,1
"DDX10",0.341047927667275,0.25570678218981,0.318,0.276,1
"WIZ",0.341173996158772,-0.620161368558653,0.152,0.194,1
"PPP4R3A",0.341350217620547,0.301620064541378,0.538,0.507,1
"INPP5F",0.341605651152576,0.588732926993957,0.106,0.075,1
"ZNF587",0.341759789144768,-0.844658314646448,0.152,0.187,1
"APC",0.342049518066051,-0.506604190220907,0.273,0.321,1
"CD151",0.342071953658108,0.418627996203698,0.174,0.134,1
"TRMT2A",0.342177810732687,0.382468255187425,0.159,0.119,1
"ZCCHC3",0.342517773985927,-0.412694001701283,0.205,0.254,1
"EMC1",0.343236333476396,0.693069589054176,0.106,0.075,1
"ZNF217",0.343361473026998,0.573194652345,0.356,0.321,1
"AC009061.2",0.34384003942753,-0.390507139207005,0.106,0.149,1
"TMEM80",0.344401942089614,-0.401365737170468,0.197,0.239,1
"COX19",0.344416897395926,0.415987844307952,0.402,0.366,1
"SPAG16",0.344741211011602,0.421875967497625,0.227,0.187,1
"TBC1D23",0.344741211011602,0.342976573003521,0.227,0.187,1
"ZC3H8",0.344881912184678,0.292671229845415,0.394,0.373,1
"ATP2A3",0.344914056674098,0.301593240864479,0.311,0.269,1
"C10orf143",0.345020676207024,-0.525645052953554,0.091,0.127,1
"DHRSX",0.345219565865589,-0.301987383577607,0.22,0.276,1
"GNPDA2",0.345344782251676,-0.29278598936181,0.114,0.157,1
"HERPUD1",0.345467105982486,0.289316736261566,0.356,0.299,1
"LRPAP1",0.345487744899142,0.260231965304585,0.568,0.53,1
"PLCB1",0.345810995003396,0.270464002780091,0.311,0.261,1
"NPRL2",0.34604550011337,0.81420357678128,0.182,0.149,1
"MCTP2",0.346265470182917,-0.592667306595475,0.333,0.396,1
"IGLC2",0.346508901890498,-3.948715786523,0.083,0.119,1
"FKTN",0.346611912827944,0.433471148961789,0.121,0.09,1
"FAM193B",0.346648707209854,-0.359945900312258,0.106,0.149,1
"SNX12",0.346759840143207,0.772391988252505,0.136,0.104,1
"TRAPPC10",0.347105693506534,0.421235727611122,0.318,0.284,1
"DDA1",0.347130232537777,0.290751626482584,0.439,0.403,1
"MIPEP",0.347353150120342,0.695073478717514,0.144,0.112,1
"TUBB6",0.347492538790534,0.302920682850258,0.288,0.239,1
"PCCA",0.347590748819137,0.285188070541337,0.159,0.119,1
"PLEKHA8",0.347590748819137,-0.933402584542356,0.121,0.157,1
"ZNF426",0.348020742491193,-0.343402296150577,0.235,0.291,1
"TUBGCP6",0.348158161703177,0.768693005624685,0.106,0.075,1
"SLC25A32",0.348296513554407,0.669398599734508,0.197,0.164,1
"CLIC2",0.34865389262323,-0.620687783798654,0.167,0.201,1
"WARS",0.348801037899245,-0.693831941834614,0.098,0.134,1
"TMEM203",0.348847966926156,0.409688460822268,0.273,0.239,1
"NIPSNAP1",0.348896823188344,0.263655280924057,0.447,0.41,1
"DALRD3",0.349132188203867,-0.293188465440882,0.348,0.41,1
"IL6ST",0.349207115324751,-0.536273328519766,0.144,0.187,1
"FAM216A",0.349401564212503,0.514847173546973,0.295,0.254,1
"OPTN",0.349630735067103,-0.260139267767825,0.348,0.403,1
"ASF1A",0.349659037854037,-0.328272983359534,0.318,0.358,1
"ZDHHC8",0.349808691963837,0.517331319318066,0.106,0.075,1
"ATP7A",0.349867798396879,-0.273525642756895,0.159,0.209,1
"KLHL28",0.350068737597004,-0.497745227719911,0.205,0.246,1
"ADNP2",0.350476807038142,-0.315183487140542,0.144,0.187,1
"LINC00909",0.350556369956522,-0.287526267860446,0.227,0.276,1
"RBM48",0.351193002457404,0.42994497842985,0.25,0.201,1
"ASB7",0.351203422665559,-0.559970606663365,0.083,0.119,1
"HS2ST1",0.351359767805936,-0.345279341486165,0.159,0.201,1
"PTER",0.351647672246145,-0.279521921525744,0.136,0.187,1
"EDEM3",0.351671990606898,0.447277300932688,0.212,0.179,1
"PPIH",0.351933646501783,-0.281724380072021,0.417,0.485,1
"NOL4L",0.352311884991409,0.398738565869086,0.288,0.254,1
"OSTF1",0.352778928629309,0.314038481068414,0.508,0.478,1
"LCP1",0.352902675685145,0.269787871867015,0.856,0.866,1
"TOLLIP",0.352919387649824,-0.284749558788233,0.174,0.224,1
"METTL4",0.353003158438316,0.680592914238316,0.129,0.097,1
"DNAJC12",0.353230710590219,0.455224857883168,0.144,0.104,1
"CRADD",0.353774495468144,-0.374255255770171,0.076,0.112,1
"RWDD3",0.35384904276471,-0.380492313121773,0.303,0.366,1
"MTOR",0.354297455660375,-0.277847995059953,0.144,0.194,1
"NXF1",0.354698601186823,0.321795925211688,0.22,0.179,1
"PLD4",0.35551913370695,0.320626318870874,0.182,0.142,1
"TMEM42",0.355702468731573,-0.299442374797353,0.242,0.306,1
"FKBP4",0.355821586434647,-0.26799454141537,0.386,0.425,1
"ENG",0.356438285891861,0.417192812810507,0.174,0.134,1
"FANCG",0.356460360912611,0.661373251195057,0.106,0.075,1
"ZNF668",0.356460360912611,0.555171554991178,0.106,0.075,1
"JKAMP",0.356784130033071,-0.259344813625207,0.341,0.403,1
"NF1",0.357030974480581,0.365486967219731,0.333,0.291,1
"PPP2R5E",0.357522362735642,0.322470477421914,0.47,0.463,1
"WDR34",0.357577927217981,-0.560931275036578,0.106,0.142,1
"BLOC1S1",0.357699651515094,0.252387143209345,0.72,0.716,1
"SIPA1",0.357733459138798,-0.320261490192053,0.394,0.433,1
"IFNGR2",0.357903797263889,0.483968572708971,0.333,0.299,1
"DOK2",0.358135653338359,0.443121943826918,0.106,0.075,1
"BCL2L2",0.358135653338359,0.593509832576618,0.106,0.075,1
"RPP38",0.358302790302694,-0.481355335164735,0.273,0.328,1
"RAD51C",0.358327165232102,0.296500223493774,0.318,0.269,1
"GFOD1",0.358367197481273,0.390697564686763,0.167,0.127,1
"USP42",0.358747892420807,0.944317664508536,0.144,0.112,1
"BEND5",0.35945032632197,0.452390263331214,0.25,0.224,1
"ZNF551",0.359675395616498,-0.378769358859202,0.159,0.209,1
"NRROS",0.360004521006771,0.373851083451496,0.212,0.172,1
"CYTIP",0.360054174556033,0.395338878236665,0.341,0.306,1
"IKBKG",0.360125608775702,-0.324296278319324,0.129,0.172,1
"CHCHD7",0.360557933192038,0.279276546134618,0.333,0.313,1
"NDUFS1",0.360883523226631,0.284174022726083,0.417,0.381,1
"THAP7",0.361085319393479,1.04766008001754,0.159,0.134,1
"QPRT",0.361289006746462,0.275824001760141,0.28,0.231,1
"ARAP1",0.36135983668509,0.266364697336117,0.159,0.119,1
"PRMT3",0.361410843521083,0.900225965432394,0.136,0.104,1
"PLAGL2",0.361454227423944,0.63058853226105,0.114,0.082,1
"ZNF587B",0.361501070384618,0.490334475180433,0.106,0.075,1
"CIAO2B",0.361705451335235,0.283966747373325,0.727,0.701,1
"MFSD6",0.361842636588753,0.310921818215733,0.235,0.194,1
"SREK1IP1",0.362076530935345,0.312205368981034,0.439,0.41,1
"MYLPF",0.362205770941434,-0.318133834980879,0.098,0.134,1
"RING1",0.3624754303199,0.637253865285029,0.311,0.284,1
"GTDC1",0.362601118590663,-0.320054987769109,0.136,0.179,1
"RPA1",0.362767146794188,-0.396218897794415,0.318,0.373,1
"SLC1A4",0.363191189414843,0.430370573841766,0.106,0.075,1
"DGLUCY",0.363236257629048,-0.306282321519805,0.227,0.269,1
"SPIN1",0.363487488881992,0.306335101374111,0.402,0.351,1
"AL162390.1",0.363633733569054,0.740293852354208,0.129,0.097,1
"KAT2A",0.363714854501114,0.410169861000655,0.136,0.097,1
"SEC24C",0.363715806793393,-0.515229569634045,0.152,0.194,1
"NBR2",0.363918061516727,-0.259534415681641,0.083,0.119,1
"FOPNL",0.3645772017084,-0.357000031211452,0.409,0.478,1
"ZNF260",0.364656632032015,0.509627055929161,0.182,0.142,1
"RPRD1B",0.364886244872882,0.561110501721886,0.106,0.075,1
"KCNQ1OT1",0.364940299915817,0.356426517403602,0.394,0.358,1
"ST3GAL3",0.364941114497266,-0.700231263754973,0.091,0.127,1
"PDXDC1",0.365287272463374,0.500115129456495,0.288,0.261,1
"ASB16-AS1",0.365322441438409,0.511517978893043,0.121,0.09,1
"FAM160B2",0.365556361951145,0.261027065138703,0.159,0.119,1
"BLOC1S6",0.365668865310267,-0.311645141450763,0.515,0.537,1
"ALDH18A1",0.365867917098012,0.432873679223872,0.273,0.231,1
"FEN1",0.365880750778688,0.823060127138561,0.136,0.104,1
"SDHAF4",0.366117244276097,0.666757066299538,0.159,0.127,1
"ENDOG",0.366130942214438,0.318436238736329,0.25,0.209,1
"CLIP2",0.366276717903328,-0.34230471977004,0.152,0.194,1
"TOP1MT",0.366299956645846,-0.421522450691014,0.159,0.201,1
"AL590652.1",0.366357715378203,0.717395837647663,0.114,0.082,1
"PTMS",0.366651924816519,-0.354806238395991,0.614,0.649,1
"UCHL1",0.367141150946568,-0.448974113151154,0.083,0.119,1
"NOLC1",0.367396448302072,0.366916000130447,0.341,0.313,1
"GMPR",0.367438932152016,0.475703860645552,0.295,0.254,1
"SPTAN1",0.367469600000595,0.31808397361171,0.394,0.343,1
"SHLD1",0.368291152679489,0.369784138250987,0.106,0.075,1
"SUGT1",0.368534624263359,0.331503592879777,0.598,0.627,1
"DHDDS",0.368589750760831,0.63830096730351,0.174,0.142,1
"DDX23",0.369347662490365,0.578316007849784,0.242,0.201,1
"NIPA2",0.369585294068509,0.293763633727973,0.25,0.209,1
"ZNHIT2",0.369812055824896,-0.60231543590255,0.114,0.149,1
"SEC24A",0.370000998554909,0.285242397534674,0.106,0.075,1
"RYR3",0.370000998554909,-1.18117287883465,0.076,0.104,1
"CKLF",0.370220348492409,0.4685752874067,0.598,0.59,1
"NAXE",0.370367566340576,0.285118543707193,0.394,0.351,1
"PARP11",0.370492628059325,-0.314110460969416,0.22,0.276,1
"CEP57L1",0.370919185757148,0.351910360517643,0.242,0.194,1
"DUSP1",0.37121411227681,0.389761886564057,0.659,0.664,1
"ADIPOR1",0.371395574807082,-0.309579560436969,0.288,0.336,1
"CHMP6",0.371581338567121,0.288913425224466,0.227,0.194,1
"SETD1A",0.371676697611737,0.362652736726265,0.167,0.134,1
"RABL2A",0.371700956940925,0.578337220325353,0.159,0.127,1
"RFC4",0.371847981889991,0.558564252826736,0.182,0.149,1
"POP5",0.372636397404793,0.344181231904191,0.424,0.396,1
"ZNF579",0.372715483871836,-0.277007002862779,0.114,0.149,1
"CLPB",0.372724879783277,0.444013558047889,0.152,0.119,1
"ZNF154",0.372851732095081,-0.296288078650157,0.098,0.134,1
"IKBKB",0.372874601387291,0.4930992170082,0.28,0.246,1
"TTYH3",0.373258224815122,-0.319804421417525,0.182,0.224,1
"E2F5",0.373939478808822,1.01280663864947,0.174,0.149,1
"CRELD1",0.374512512557763,0.601848264583867,0.159,0.127,1
"URB1",0.374794613365727,0.618172855475021,0.144,0.112,1
"NCF1",0.374923523110384,0.474426063882478,0.136,0.104,1
"CCDC57",0.375609425224051,-0.263038324857892,0.402,0.44,1
"RUFY3",0.376000481461336,0.490662732246349,0.288,0.254,1
"NAMPT",0.376442734535309,-1.02089242469652,0.28,0.328,1
"SLC15A4",0.376629784824435,-0.282612075436731,0.121,0.164,1
"GABPB1-AS1",0.377297399272073,0.318914153529187,0.629,0.612,1
"PIP5K1B",0.377347937605337,-0.331574879752808,0.136,0.179,1
"ATP11B",0.377644846770503,-0.335093385252069,0.364,0.291,1
"NAA35",0.377928905517879,-0.406774356042376,0.235,0.276,1
"NEGR1",0.377959578852089,0.589834166589791,0.114,0.082,1
"PREX1",0.37867928740023,-0.365910932855199,0.303,0.351,1
"ARL16",0.37943267477887,-0.407894660988906,0.326,0.381,1
"GKAP1",0.379482007696301,0.479520025326694,0.25,0.209,1
"PCBD2",0.379817965553289,-0.645624261563305,0.167,0.216,1
"PKM",0.379847954007902,-0.255655591743544,0.485,0.507,1
"APOA1",0.380363340005878,-0.723843266166807,0.076,0.104,1
"ZW10",0.380738693117098,0.611533298767116,0.129,0.097,1
"KSR1",0.381028096113072,0.63348041628923,0.136,0.104,1
"IFITM3",0.381069877819515,-0.264379573470394,0.303,0.343,1
"PRKACA",0.381078172228738,0.351192342057247,0.212,0.172,1
"ITGA2B",0.381083239425988,-1.09615134194756,0.167,0.201,1
"ABCA1",0.381433087366264,-0.536405332427913,0.136,0.179,1
"CTU1",0.381564372340577,-0.256438216508321,0.182,0.231,1
"IGHD",0.382011479087838,0.337451323769932,0.182,0.142,1
"PBX2",0.382116574954284,0.57812432478446,0.174,0.142,1
"SULT1C4",0.382129441961717,-0.364841067861907,0.098,0.134,1
"NSUN4",0.382133779495535,0.30002315307311,0.174,0.134,1
"VPS54",0.38256372259711,0.45202932973806,0.136,0.104,1
"YAE1",0.382755723698044,0.864974051313902,0.167,0.134,1
"SPSB2",0.382887626496443,-0.436980097281348,0.152,0.187,1
"FBXO25",0.383078119946354,-0.413718219833616,0.182,0.224,1
"AUTS2",0.383336798067495,-0.340292208506836,0.265,0.306,1
"MRPL43",0.383473433891198,0.318188798618109,0.598,0.567,1
"OXNAD1",0.383963734047841,0.973100198410914,0.106,0.082,1
"ZNF598",0.384090656016244,-0.251843345314384,0.121,0.157,1
"LINC01278",0.384516520938486,-0.449158442757792,0.152,0.194,1
"PMS1",0.38472571979035,-0.556651209637844,0.144,0.179,1
"RNF113A",0.385086052960078,0.268715762737237,0.356,0.306,1
"OSBPL9",0.385095580811325,0.280039731149503,0.508,0.5,1
"NCKAP5L",0.385252962175739,-0.521292608998749,0.098,0.134,1
"PCGF3",0.385523406241183,-0.422386503699434,0.159,0.201,1
"GTF3C2",0.385840283332633,-0.31397194996503,0.152,0.194,1
"SCML2",0.386045413498726,0.347821046130618,0.197,0.157,1
"CKB",0.386174626317095,0.377673394163891,0.197,0.164,1
"PSMG3",0.386347909486965,-0.313865038812125,0.288,0.328,1
"MRPL37",0.386516414445632,-0.31658392912015,0.455,0.5,1
"GPR137",0.386820923705968,-0.266283230453025,0.098,0.134,1
"TMEM11",0.386833888845681,0.336829402082764,0.341,0.306,1
"BPNT1",0.386921989241132,-0.260218347131936,0.136,0.179,1
"TP53INP1",0.387022599302126,-0.719165888909286,0.538,0.552,1
"ADSS",0.387894710533387,0.302914963667995,0.515,0.493,1
"FASTKD2",0.388943012395513,0.332976577477934,0.341,0.306,1
"JUNB",0.389106992004058,0.935775613226536,0.47,0.463,1
"HECA",0.389161846319601,0.475319937181349,0.189,0.157,1
"EBAG9",0.389489096033647,0.483218301703177,0.356,0.321,1
"TIMP2",0.390189466330835,-0.558549137537982,0.144,0.179,1
"C1orf174",0.390426591258869,-0.324250090892702,0.235,0.276,1
"PLOD2",0.390600852640547,0.513542999411054,0.182,0.149,1
"PPP3CB",0.390837389510205,0.657844284140666,0.212,0.187,1
"RGS12",0.390902095556809,-0.529284817955967,0.076,0.104,1
"MRPL36",0.39097327405126,0.414579304337976,0.394,0.388,1
"DNAJC6",0.391230591319896,0.387945210788923,0.121,0.09,1
"KIAA0319L",0.391251984933314,0.286695240235719,0.212,0.172,1
"ALPK1",0.391251984933314,0.330686115227661,0.212,0.172,1
"CEP164",0.391281055621029,-0.387442299310147,0.144,0.187,1
"RTN2",0.391281055621029,-0.442870846299912,0.144,0.187,1
"DCAF16",0.391473735387864,-0.422082268252858,0.371,0.41,1
"HEMK1",0.391492602820226,0.435124955699465,0.114,0.082,1
"OSBP",0.391542981788284,0.399419047503944,0.371,0.358,1
"RPGR",0.391817417987207,0.325821191990095,0.235,0.194,1
"SLC7A6",0.391876666732848,0.580336516765042,0.129,0.097,1
"CAPN2",0.392015874572121,0.476952398988992,0.205,0.172,1
"DDX51",0.392016258173736,-0.455635110517058,0.106,0.142,1
"TERF1",0.392091820503164,0.326364349372388,0.455,0.44,1
"PAXBP1",0.392251935411722,-0.287320012006664,0.28,0.336,1
"ADCK2",0.392531687566745,-0.313069518969666,0.197,0.239,1
"CPXM1",0.392734704675349,-0.300069847783002,0.258,0.306,1
"AL118516.1",0.39329226985095,0.468554532687409,0.258,0.224,1
"DSG2",0.393325975392204,0.763635895135812,0.182,0.149,1
"STRADB",0.393516973044548,0.356794915214317,0.227,0.194,1
"ZNF561-AS1",0.395103108177375,-0.346538730094681,0.106,0.142,1
"CHMP1A",0.395998488739046,-0.286366656228711,0.22,0.269,1
"BTN3A1",0.396237332711363,-0.590398555678243,0.076,0.104,1
"ARFIP2",0.397378701366299,-0.315128381711434,0.28,0.328,1
"ATP6V1A",0.397420110206941,-0.36355075305964,0.318,0.373,1
"ZNF286A",0.397475476350018,0.369771073072878,0.159,0.127,1
"MAFK",0.398025469799007,-0.50001783297745,0.076,0.104,1
"MRPS9",0.398150944809503,0.289653428808862,0.288,0.343,1
"ZNF768",0.3983290540107,0.256390428772725,0.129,0.097,1
"GTF3C4",0.398472987471548,-0.488196268649404,0.144,0.179,1
"ARFGEF1",0.398742509153043,-0.456249923902138,0.386,0.44,1
"APPL2",0.399158169132174,0.596400556645573,0.152,0.119,1
"METTL15",0.39933965572683,0.612295224926766,0.197,0.164,1
"AP3B1",0.399862508465202,-0.3119276366122,0.348,0.403,1
"KLHL15",0.399952095145743,0.361732300816136,0.129,0.097,1
"MGAT4B",0.400000853144812,-0.253546972786588,0.326,0.381,1
"STX11",0.400342959370238,-0.254092500702209,0.083,0.119,1
"H1F0",0.400735113096751,0.461723657136624,0.5,0.485,1
"MFNG",0.40081637536158,-0.272924229013675,0.424,0.485,1
"MITD1",0.40130245536195,-0.33548340561723,0.371,0.418,1
"CDKN2C",0.40157018051464,0.407027010846271,0.182,0.149,1
"KIAA0232",0.401586768174125,0.254478571203404,0.265,0.231,1
"ZNF254",0.401876148655425,-0.464695045289612,0.311,0.343,1
"GCAT",0.402731651092915,-0.290543115892422,0.235,0.284,1
"TMEM106C",0.402954228655274,0.784893124842088,0.182,0.149,1
"HYMAI",0.403255906086216,0.318443813069073,0.205,0.164,1
"CREB3",0.403301405322682,-0.325076290870907,0.152,0.194,1
"MYEF2",0.403385878468873,-0.331323436768495,0.22,0.261,1
"TTC7B",0.403418982285445,0.268107620685436,0.106,0.075,1
"TTLL1",0.403537211105919,0.421376509032426,0.144,0.112,1
"MIR3936HG",0.403572007984612,0.258902587682122,0.114,0.082,1
"CD300A",0.403579001571405,0.327046639433371,0.273,0.231,1
"KIT",0.404193513788479,-0.316096494493253,0.326,0.381,1
"FRS2",0.404382968406128,0.594541121231273,0.174,0.142,1
"CIITA",0.404622953308793,0.57798162824799,0.242,0.216,1
"RBM14",0.404719439110379,0.341704506459704,0.364,0.343,1
"PDHX",0.405081528407761,0.549177930630288,0.205,0.172,1
"PLA2G12A",0.405231275009407,0.271347247935159,0.288,0.254,1
"INSIG2",0.40528259200672,0.355138056927904,0.227,0.187,1
"ZNF621",0.40574157292076,-0.264750118818833,0.167,0.209,1
"WDR33",0.405908262101316,-0.347076301392897,0.485,0.522,1
"CCP110",0.406672800308824,0.434381593038526,0.265,0.224,1
"SNX4",0.406723795129621,-0.263169203666324,0.303,0.351,1
"ITGA6",0.407038853665483,-0.571848974996468,0.076,0.104,1
"CPSF7",0.407890576018934,0.368203859146331,0.356,0.306,1
"NFKB1",0.40810233548598,-0.271513520976636,0.295,0.343,1
"MTO1",0.408126768122627,-0.761664336234252,0.098,0.127,1
"AL121944.1",0.408567195598416,-0.802880828701562,0.197,0.224,1
"PACS2",0.408642710623291,0.277626586143851,0.174,0.142,1
"MAP4K3",0.408649025537038,-0.440085198452917,0.114,0.149,1
"INAFM1",0.408649025537038,-0.376531444472327,0.114,0.149,1
"ACLY",0.409194666571274,0.28618185633698,0.333,0.306,1
"TGS1",0.409294085474733,-0.405782228949039,0.394,0.433,1
"CETN2",0.409590797208244,-0.437118442225094,0.409,0.44,1
"EYA3",0.409735179458545,0.414885365584804,0.152,0.119,1
"FAM98C",0.409752327960644,0.298072707332015,0.144,0.112,1
"BPGM",0.40986804399349,0.533798187768245,0.167,0.134,1
"CHUK",0.410573622255413,-0.493274780937244,0.083,0.112,1
"ANAPC15",0.41070575516614,-0.265547275567958,0.409,0.455,1
"ANAPC7",0.411155592477906,0.267400159674309,0.311,0.284,1
"MAD2L1",0.411538860137037,-0.287576700107674,0.205,0.246,1
"BMI1",0.411719193333158,0.352252242003114,0.485,0.485,1
"KIAA0040",0.411819440935465,0.669301417843057,0.167,0.142,1
"ADPGK",0.411901918431046,-0.266324003758681,0.371,0.433,1
"TOB1",0.412382626903675,0.777001685202328,0.227,0.194,1
"FUT4",0.412504840903366,-0.567114687968588,0.076,0.104,1
"PLEKHM1",0.412929055094377,0.317526594359907,0.174,0.142,1
"AGBL5",0.413266352701514,-0.508658112775606,0.136,0.172,1
"NSMAF",0.41398980423788,0.284952112146567,0.333,0.299,1
"ARHGEF2",0.414055279375662,-0.250800191314305,0.439,0.478,1
"MYNN",0.414298237135383,-0.391819290674939,0.189,0.231,1
"ELP3",0.414370127509299,0.440040385819751,0.212,0.179,1
"ZNF107",0.415457256961515,-0.328444654009916,0.22,0.261,1
"YPEL5",0.41554882286954,0.774640002777248,0.697,0.694,1
"DENND4B",0.415700918299324,-0.34491697151562,0.098,0.134,1
"RPP40",0.415719122186959,0.518410861613297,0.205,0.172,1
"VPS35",0.416723023713795,0.267886681943935,0.689,0.709,1
"GNL1",0.416826116135322,0.379906546347482,0.288,0.254,1
"FBRSL1",0.417704246406871,0.292550763317319,0.273,0.224,1
"Z99127.4",0.417744292654113,0.750695967419838,0.189,0.157,1
"USP39",0.417935041451095,0.499894827228345,0.235,0.209,1
"BTN2A1",0.417944693351467,-0.28185834289103,0.114,0.149,1
"JRKL",0.418014099463047,-0.398342373927223,0.076,0.104,1
"TXNDC16",0.418224283697136,-0.602346598729169,0.091,0.119,1
"FUNDC1",0.418647847691526,0.395284687127812,0.341,0.306,1
"UBLCP1",0.419072670079344,0.369272690395431,0.402,0.381,1
"AP2A1",0.41946966685449,-0.315054916204969,0.212,0.261,1
"AC078846.1",0.419505991422282,-0.38736736590625,0.114,0.149,1
"PDE4D",0.419743783131316,-0.556803627993398,0.159,0.194,1
"C5orf15",0.419949717727197,-0.312177992202314,0.227,0.261,1
"BAG4",0.420049808720119,0.405825839068799,0.25,0.209,1
"CFAP20",0.420250691773687,0.260914666454177,0.386,0.343,1
"SYVN1",0.42054742913689,0.35040117061543,0.136,0.104,1
"DFFA",0.421066060436964,-0.368332186335775,0.288,0.336,1
"PIP4P2",0.421070713394346,-0.321554372171315,0.114,0.149,1
"ASRGL1",0.421074301391674,-0.499137595291803,0.144,0.179,1
"TMEM167B",0.421579696805023,0.417217190085336,0.28,0.254,1
"TAX1BP3",0.422522084828238,0.260141617789073,0.341,0.306,1
"WDR60",0.422678194694085,0.536302456842045,0.295,0.276,1
"USP30",0.42308957604112,0.361548334899594,0.129,0.097,1
"IBTK",0.423686669871031,-0.464383468405599,0.311,0.343,1
"AC139530.1",0.42370656025055,0.397704650565934,0.197,0.164,1
"PIK3AP1",0.423882326774761,0.727061221467053,0.265,0.239,1
"ZNF660",0.424672318050273,-0.300617880608174,0.144,0.179,1
"C16orf86",0.424771708131305,-0.598865982694936,0.098,0.127,1
"LINC01410",0.424791462701224,-0.4688299752986,0.083,0.112,1
"BRD1",0.425136988772929,0.444374274303021,0.28,0.254,1
"USP45",0.425426790648298,-0.410476170237075,0.076,0.104,1
"AC018521.5",0.425650672888333,-0.267326384741283,0.174,0.216,1
"TRAP1",0.425775663535238,-0.294694077863477,0.159,0.201,1
"SPINT1",0.425785382039916,-0.257765921757866,0.114,0.149,1
"ETV6",0.426432442065815,0.289039704452479,0.667,0.664,1
"VPS45",0.427459585730759,-0.317300767802922,0.121,0.157,1
"APOM",0.427459585730759,-0.380767713257003,0.121,0.157,1
"DNAJC13",0.427555835558397,-0.494000622253798,0.167,0.201,1
"CDKN2AIPNL",0.428085082037096,0.317034112446831,0.417,0.396,1
"VPS13D",0.428288599123598,-0.465909612614487,0.144,0.179,1
"TMEM25",0.428623106904072,-0.61028419248569,0.091,0.119,1
"DGKD",0.428945538362558,0.766947476078695,0.144,0.119,1
"ACTR1B",0.429152461119784,-0.267298423105929,0.303,0.336,1
"HIST1H1B",0.429492263334869,0.430154044628036,0.212,0.172,1
"ZMAT5",0.429766739669483,0.540331471746664,0.25,0.216,1
"MKNK2",0.430925857859367,-0.356464083880167,0.28,0.328,1
"SNRK",0.431831982015807,0.376213937073794,0.265,0.246,1
"SELENON",0.431933593604918,0.350880715031554,0.159,0.127,1
"MRPS17",0.432087668870176,-0.461236791464535,0.227,0.254,1
"ZMIZ2",0.432122521510483,-0.693415326946233,0.091,0.119,1
"GBGT1",0.432348607501838,-0.486692405316251,0.136,0.172,1
"ATL1",0.432651482855377,-0.516199239876339,0.144,0.179,1
"LINC00653",0.433196993668901,0.271699528949392,0.189,0.157,1
"POLRMT",0.433240784774411,-0.669367641360454,0.098,0.127,1
"TMEM94",0.43328132957163,0.377962771923452,0.174,0.142,1
"SRSF1",0.43342492818338,-0.298744676718981,0.53,0.545,1
"DDX58",0.433948656696154,0.792545918817797,0.106,0.082,1
"ERCC6L2",0.434866295256123,0.61825748630823,0.242,0.209,1
"P2RX1",0.435001595433566,-0.325415811410649,0.394,0.425,1
"AL121603.2",0.435306600830896,0.684362990164032,0.144,0.119,1
"FZD3",0.435638428376011,-0.655649606241028,0.091,0.119,1
"UBE3D",0.435641145313949,-0.315092708764119,0.083,0.112,1
"JADE2",0.435751347081527,0.269487132197135,0.212,0.179,1
"ARHGEF19",0.435800744499529,0.583028116618837,0.106,0.082,1
"NPTN",0.436103483454317,0.43945458226061,0.205,0.172,1
"NCK1-DT",0.436232357974873,-0.268358368408753,0.129,0.164,1
"GABARAPL1",0.436499996326164,0.283566237214979,0.22,0.179,1
"ABHD14B",0.436922796212363,-0.288828313394083,0.697,0.687,1
"DHTKD1",0.437084398500237,-0.276656509164185,0.197,0.246,1
"HMGXB4",0.43709428219007,-0.404380978183826,0.303,0.343,1
"AC007952.4",0.43761145427796,0.273128969021962,0.197,0.164,1
"AL451165.2",0.437716830142427,0.336694345784257,0.174,0.142,1
"DENND11",0.437729641517441,-0.311687692310448,0.326,0.373,1
"EXOSC4",0.437787943314882,-0.279129213683297,0.174,0.216,1
"VPS8",0.438076174052985,-0.370137216980868,0.205,0.246,1
"PPP1R15A",0.438394735250234,0.883323927570897,0.591,0.612,1
"KIAA1211",0.438468023669617,0.335291301464375,0.212,0.179,1
"TCF7",0.438623869213205,1.22519630045974,0.197,0.172,1
"CDK7",0.439148710898647,-0.356637759494993,0.174,0.216,1
"OSBPL1A",0.43920263620806,0.43732200866047,0.288,0.261,1
"SLC25A40",0.440112912081433,-0.292232118549813,0.114,0.149,1
"FEM1A",0.440676381851216,0.956282917407016,0.114,0.09,1
"GAR1",0.440871751369735,0.272848481421532,0.432,0.396,1
"HBA1",0.440941435371095,0.835109481745196,0.167,0.209,1
"PIGH",0.440962023433185,0.349785805517821,0.258,0.231,1
"AP1AR",0.441124957689848,0.411457402736501,0.167,0.134,1
"AC073389.1",0.441125379040185,-0.25165012020738,0.083,0.112,1
"DHRS1",0.441207224029736,-0.367040869629362,0.182,0.224,1
"MAP3K2",0.44126360333869,-0.428091866822629,0.394,0.418,1
"ERI1",0.441325122963567,-0.404523739889831,0.136,0.172,1
"SPATA6",0.441575381650293,-0.502942981902536,0.212,0.246,1
"RBM10",0.441967860917985,0.486168251838695,0.28,0.254,1
"NELFB",0.442269821122275,-0.327807761600357,0.227,0.269,1
"NPLOC4",0.442274903915121,-0.302493995951215,0.205,0.239,1
"MEF2D",0.442274903915121,0.479493667571767,0.235,0.209,1
"TMTC4",0.442476500245035,-0.34544378663724,0.174,0.209,1
"RMND1",0.442560423202019,0.360733544770659,0.235,0.201,1
"DUSP11",0.442674393167004,-0.252530979466476,0.341,0.381,1
"TTC33",0.443024222378703,0.371497050219374,0.205,0.172,1
"MAPK8IP3",0.443146685043688,0.650997630563769,0.136,0.112,1
"MTREX",0.443276738453863,-0.267951764762858,0.326,0.373,1
"RGL4",0.443902753271814,0.335358359147068,0.22,0.187,1
"DBN1",0.444477038200562,0.620234402914788,0.227,0.187,1
"CD2AP",0.444638224739141,-0.252766829067257,0.402,0.448,1
"CWF19L1",0.444640086562467,0.25679249718322,0.189,0.157,1
"KLF2",0.445219949473742,0.409748592534387,0.424,0.366,1
"BCKDHB",0.445352580511697,-0.255842809271918,0.235,0.276,1
"GOLGA3",0.44589132996699,-0.52655821799218,0.242,0.276,1
"CUL1",0.445897748550799,0.274295335506906,0.303,0.261,1
"UTP6",0.446663938044709,0.2528600977572,0.424,0.396,1
"SLC4A1AP",0.446776873830601,0.433147544395998,0.333,0.313,1
"FOCAD",0.446992487206408,-0.630476958968423,0.098,0.127,1
"SQOR",0.447068687925563,-0.255959817701962,0.152,0.187,1
"GCLM",0.447206622852034,0.39384015933867,0.205,0.172,1
"TEX9",0.447242944389508,-0.7370045023276,0.121,0.149,1
"CMTM3",0.447743092546745,0.481135918322612,0.356,0.343,1
"KCNN4",0.448975305088692,0.59423808011911,0.189,0.157,1
"GNPTG",0.449097332716803,-0.34084745104925,0.22,0.261,1
"SF3A2",0.449664822882293,-0.257283500862591,0.303,0.336,1
"GALNT6",0.44981236408218,0.714263248702974,0.121,0.097,1
"POLR1B",0.449816304902586,0.680981336431624,0.144,0.119,1
"NUP155",0.449816304902586,0.618932651270042,0.144,0.119,1
"CCDC97",0.449861611341135,0.347968512288264,0.22,0.194,1
"TCHP",0.450212137651778,0.339150786216448,0.182,0.149,1
"PPP1R15B",0.450466530923378,0.27543158943813,0.235,0.201,1
"CXorf21",0.450468811685408,-0.512423864344383,0.098,0.127,1
"TCP11L2",0.450587652003059,0.365706627771407,0.348,0.321,1
"SP3",0.451033639160355,0.290658367154974,0.492,0.455,1
"UTP18",0.451539795029955,0.332615035016923,0.371,0.351,1
"FAM122C",0.451569024422827,0.680260286061699,0.114,0.09,1
"ABHD8",0.451662759011504,-0.477643761313648,0.091,0.119,1
"FBXO4",0.452196582141496,0.464953599673415,0.212,0.179,1
"XXYLT1-AS2",0.452211687831699,-0.565222660445994,0.083,0.112,1
"RINL",0.453170452150464,-0.710312007712305,0.114,0.142,1
"CPEB4",0.453211898566096,-0.35895188084619,0.129,0.164,1
"HEXIM1",0.453348745885381,0.461927041153557,0.174,0.149,1
"CHKA",0.453598300813738,0.296749056558548,0.311,0.269,1
"TMEM185A",0.45382916347431,-0.460078449139335,0.106,0.134,1
"LINC00630",0.453899055040177,-0.387414937917038,0.076,0.104,1
"RRP36",0.454668187537967,0.296464280248462,0.318,0.284,1
"ASNSD1",0.454786321052685,-0.27938433572437,0.22,0.254,1
"AGTPBP1",0.455111622546186,-0.481193864408241,0.159,0.194,1
"C14orf119",0.455261158503281,-0.270189437994773,0.28,0.321,1
"DNAJA3",0.455309390813527,0.272077643480805,0.159,0.127,1
"DIPK2A",0.455309390813527,-0.689584713783178,0.129,0.157,1
"RNPEPL1",0.455499016615393,-0.335475558213467,0.356,0.403,1
"RFX5",0.455530796687921,-0.427862893628317,0.167,0.201,1
"NMNAT3",0.455592358651156,0.278104319012414,0.22,0.179,1
"NOC4L",0.455869082737562,0.59022955019375,0.182,0.157,1
"TIMM17B",0.456277084276407,-0.250823969625608,0.333,0.381,1
"CYB5R1",0.456448240187777,-0.310423357332864,0.197,0.239,1
"GBP1",0.456892698136285,-0.686755535078597,0.129,0.157,1
"RRNAD1",0.456911170879373,0.327488954221716,0.121,0.097,1
"TRIM65",0.456911170879373,0.710496538042382,0.121,0.097,1
"ZNF350",0.457325274896783,0.479085492245796,0.22,0.194,1
"TMEM150A",0.457357881940691,0.507134127591135,0.152,0.127,1
"FMNL3",0.457813361026845,-0.398162602661628,0.083,0.112,1
"CLEC16A",0.457813361026845,-0.369218329623426,0.083,0.112,1
"IL6R",0.45790661020541,-0.441144998659138,0.129,0.164,1
"NMB",0.458149984546353,-0.467224696184946,0.114,0.142,1
"ZFP82",0.458378558012164,0.66429114830567,0.106,0.082,1
"PNPT1",0.458718797441929,0.460036106104154,0.311,0.284,1
"MFAP1",0.459192570871592,-0.287010281966491,0.265,0.299,1
"CASC15",0.459603031287362,-0.373072906890501,0.311,0.366,1
"BCL11B",0.459719790015849,0.376525649388584,0.076,0.104,1
"RIC8A",0.459767066875834,-0.277499939637928,0.212,0.246,1
"RNF146",0.459898475132473,-0.380320055691759,0.174,0.209,1
"SLC9B2",0.46028240144376,0.380888660882348,0.174,0.142,1
"IL17RA",0.4604840440655,0.744734553167584,0.121,0.097,1
"SLC16A7",0.46065238507797,-0.696670874477061,0.159,0.187,1
"RPE",0.460740768186309,-0.431855654984437,0.189,0.224,1
"CCL4",0.460761394820407,2.17915309448018,0.114,0.09,1
"LRRC61",0.460873880247277,-0.258983217273362,0.144,0.179,1
"MTHFS",0.461343918393597,-0.253796693270632,0.288,0.336,1
"SV2A",0.461486652464915,-0.482703390001325,0.114,0.142,1
"BTD",0.461915125116806,0.319465732327591,0.25,0.224,1
"UBIAD1",0.46212426831933,0.308641884968556,0.182,0.149,1
"RAB3D",0.46212426831933,0.433728645917806,0.182,0.149,1
"CARM1",0.462387242716104,0.705553430294076,0.174,0.149,1
"PDIK1L",0.462855809691843,-0.366710514520474,0.197,0.231,1
"SPRY1",0.462912281385103,0.432374403916088,0.205,0.246,1
"YKT6",0.462940828726956,0.569580093705637,0.144,0.119,1
"IFT43",0.463255530028379,-0.569323327795669,0.258,0.284,1
"PNO1",0.463339554586953,0.525507547631832,0.174,0.142,1
"AC147067.1",0.464095986169432,0.255004307175486,0.136,0.104,1
"DEPDC5",0.46426362073813,0.538614352060732,0.167,0.134,1
"ELOA-AS1",0.46435325047424,-0.287024174255412,0.091,0.119,1
"ZNF628",0.464467431969579,0.511348042348795,0.114,0.09,1
"DNAJB11",0.464489455424119,0.352852172342796,0.439,0.448,1
"AKAP8",0.465166794223285,0.387415735866723,0.235,0.201,1
"SPNS3",0.465312267083189,-0.310267470583236,0.182,0.216,1
"PUS3",0.465416686746309,-0.349233573710626,0.121,0.157,1
"ZNF445",0.46553548354636,-0.438920830535253,0.311,0.358,1
"EMC3",0.466799305529242,0.25092280558841,0.538,0.552,1
"TM9SF1",0.46690430736702,-0.375635039773974,0.205,0.246,1
"BRD2",0.466999960951986,0.38330016578217,0.53,0.5,1
"SUPT5H",0.467388708112328,0.300365143655714,0.379,0.366,1
"C6orf47",0.467546778727659,-0.366162872930725,0.106,0.134,1
"ALDH16A1",0.467989365074706,-0.299065385571493,0.235,0.276,1
"TMEM63A",0.46824346177034,0.446890279938061,0.189,0.164,1
"CCDC58",0.468452267080054,0.26197030738322,0.205,0.172,1
"CPVL",0.468527310239381,0.316991186201583,0.295,0.254,1
"VMP1",0.468714394684241,-0.325327154565862,0.523,0.552,1
"EFL1",0.46888601218387,0.534561489212174,0.167,0.142,1
"CTSS",0.469053495616256,-0.320973324932922,0.689,0.679,1
"PACS1",0.469210089427436,0.307015788510177,0.348,0.336,1
"INSR",0.46935136200452,-0.9535281222149,0.197,0.224,1
"LMNB2",0.469669935528214,-0.521710051966242,0.129,0.157,1
"ZNF667-AS1",0.470134236346795,0.27859587959015,0.364,0.328,1
"CCND3",0.470242232729492,-0.253101863762751,0.667,0.679,1
"ELOVL6",0.470389325693436,0.452044642517357,0.121,0.097,1
"ADPRHL2",0.470673626284084,-0.601877953536216,0.189,0.216,1
"SETD9",0.470750706703215,-0.474565975689347,0.152,0.187,1
"TFE3",0.47101174566002,-0.279879614512518,0.106,0.134,1
"GHDC",0.471818496986179,-0.492626651402565,0.182,0.209,1
"SCML4",0.471920144836833,0.258384779980265,0.121,0.157,1
"BAZ1B",0.472070895032076,0.388030507458013,0.379,0.373,1
"DNAJB9",0.472655226210048,0.25214693112584,0.273,0.231,1
"THAP9-AS1",0.472767467403757,0.309726246175877,0.205,0.172,1
"S1PR1",0.47293990292164,0.479850404638259,0.083,0.112,1
"TARSL2",0.473658716466994,0.257608629934204,0.409,0.373,1
"GDPD1",0.473704881647094,-0.473869402307076,0.167,0.134,1
"CIC",0.473758884266902,-0.326041173799474,0.152,0.187,1
"DGCR8",0.473804694789158,-0.913173855461773,0.091,0.112,1
"IRAK1BP1",0.474210715376024,-0.310096467845333,0.174,0.201,1
"HNRNPLL",0.474371773909444,-0.272374168638055,0.258,0.299,1
"UBR4",0.474464561887139,-0.281530767268531,0.28,0.321,1
"GMNN",0.475227454522875,-0.537530145478652,0.098,0.127,1
"UBA7",0.475474016673455,-0.25035639168563,0.303,0.336,1
"RBM38",0.475542185601037,0.616810996268877,0.258,0.231,1
"CCDC137",0.475628632044962,-0.296950334888615,0.159,0.194,1
"DXO",0.475684453748149,0.563835856178434,0.114,0.09,1
"AIMP2",0.475696693520083,-0.303426455154042,0.22,0.254,1
"PDZD11",0.476131564654223,0.535826179086432,0.174,0.149,1
"PPM1A",0.476935149705943,0.328619433515464,0.439,0.41,1
"DCTN4",0.477003010765459,-0.524914350764185,0.326,0.351,1
"AOAH",0.477113294640738,0.441072043337177,0.189,0.164,1
"EXOC8",0.477568295212346,0.309782554744155,0.114,0.09,1
"CYB561A3",0.477674540221175,0.258665670163557,0.295,0.269,1
"PRR7",0.477678747017655,0.300286205802929,0.22,0.187,1
"IER5L",0.477684043884124,0.883016859587568,0.106,0.082,1
"PDAP1",0.477800210743368,-0.290164108732965,0.682,0.694,1
"RUVBL2",0.478257816736881,-0.286925474670019,0.379,0.425,1
"AEBP1",0.478473374067521,0.485899994695321,0.152,0.127,1
"SERPINI1",0.478562574510318,0.335101349451298,0.129,0.164,1
"SPART",0.478715763597399,0.302418879471863,0.545,0.552,1
"WDR59",0.479047808910154,0.250158818071056,0.25,0.216,1
"MSRA",0.479364687828344,-0.297769541109649,0.318,0.336,1
"PDXK",0.479381028562584,-0.371934121253038,0.129,0.157,1
"LINC02352",0.480078908117876,-0.49344333777409,0.114,0.142,1
"FUT11",0.480411636174259,0.499798936189788,0.121,0.097,1
"DNMT3B",0.481491161654936,-0.47301108737715,0.106,0.134,1
"ENTPD1-AS1",0.481703868778458,-0.29584862318807,0.205,0.246,1
"FAM174A",0.481789130900917,-0.700720813915299,0.114,0.142,1
"NOC3L",0.481933164298694,0.31557292126157,0.258,0.239,1
"RLF",0.482105457531618,0.368378167102706,0.258,0.231,1
"AC004540.2",0.482339118865903,0.309057460233548,0.341,0.313,1
"MMP28",0.482821875720881,-0.293826385117608,0.091,0.119,1
"EFCAB7",0.483244228170079,0.684042985245306,0.114,0.09,1
"SLFN11",0.483250752897895,-0.510487774133715,0.136,0.164,1
"EED",0.48327749694562,-0.317753210271509,0.121,0.149,1
"PELI1",0.483387578259544,-0.717538571020259,0.152,0.179,1
"NDUFV2-AS1",0.483561234581536,0.384352266492762,0.106,0.082,1
"FAM8A1",0.483760807322293,-0.521326936276806,0.212,0.246,1
"RNASEH1-AS1",0.483862995380659,0.531658040298994,0.174,0.149,1
"AFF3",0.484902804503333,0.348704742573896,0.341,0.306,1
"CCDC117",0.485053461562345,0.473902436663865,0.174,0.142,1
"NPRL3",0.485081366571766,-0.351485842393115,0.212,0.254,1
"PES1",0.485093139819549,0.366654410081885,0.212,0.187,1
"MTHFD1",0.485641196569889,0.258211255864838,0.265,0.239,1
"CALN1",0.485926882975465,0.66642873748347,0.121,0.097,1
"UBE3C",0.486027482369263,-0.293199450894877,0.235,0.276,1
"YES1",0.48652327878952,-0.271809563808029,0.182,0.216,1
"LMF1",0.486939625784192,-0.584483024179907,0.114,0.142,1
"TSPAN33",0.487556585335662,-0.291431223436663,0.129,0.157,1
"CCSER2",0.487576619882912,0.750161839323188,0.189,0.164,1
"QTRT1",0.487898379421447,-0.2601065256828,0.333,0.366,1
"CACNA1C-AS2",0.488062568642584,-0.441221776468181,0.136,0.164,1
"DUSP6",0.488295318798919,0.31449403665185,0.197,0.164,1
"IGSF10",0.488403079156715,0.272875747667189,0.53,0.493,1
"CWC22",0.488427126638273,0.258167449358191,0.326,0.291,1
"FBXO30",0.488439280407081,-0.267041582250144,0.091,0.119,1
"MED31",0.488534342360431,-0.290727353834669,0.144,0.179,1
"TSTA3",0.488664044440664,0.257294639549062,0.288,0.261,1
"SDF4",0.488725469618727,-0.277185018105321,0.394,0.44,1
"GOLGA4",0.48880630129557,-0.306736064230911,0.477,0.493,1
"NAT10",0.489166927748532,0.285004961975077,0.265,0.231,1
"PARN",0.489987227842961,-0.451276110458605,0.189,0.224,1
"SBNO1-AS1",0.490202943206283,-0.280397203998305,0.197,0.224,1
"INTS7",0.490389744760926,-0.277259107663736,0.114,0.142,1
"MMS19",0.490588731388164,-0.296440367262679,0.159,0.194,1
"C11orf49",0.49059506633062,0.343113952170098,0.273,0.239,1
"ZNF516",0.490847758374263,-0.69489176194354,0.129,0.157,1
"EIF3C",0.490868761396352,0.5108449785195,0.114,0.09,1
"CC2D1A",0.491436169211047,0.400947901398522,0.129,0.104,1
"SLC38A6",0.49145814423386,-0.740709275591629,0.083,0.104,1
"PRKX",0.491764949286652,0.399521858833634,0.227,0.201,1
"HEIH",0.492205874355683,-0.308454408875097,0.235,0.269,1
"GARS-DT",0.494017697726413,-0.359990318217895,0.333,0.373,1
"FAM98A",0.494150832795237,-0.376234820090137,0.129,0.157,1
"CASC3",0.494301736078864,-0.294744257882634,0.303,0.328,1
"SLC35E2A",0.495071794243783,0.28498558177942,0.152,0.127,1
"PIGS",0.495128683548113,0.466002298366303,0.258,0.239,1
"MTIF3",0.496026804963738,-0.253523526862022,0.523,0.582,1
"COPS4",0.498589162512864,0.281783059455115,0.402,0.373,1
"HLX",0.498670495947156,0.762782056152528,0.129,0.104,1
"LIPE-AS1",0.498927906721915,0.486804042306364,0.121,0.097,1
"TRAK1",0.498982773022961,0.266119913439073,0.167,0.142,1
"ASH1L-AS1",0.499547466321352,-0.311326160752833,0.205,0.231,1
"BOLA1",0.499750211361505,0.407689610475544,0.182,0.157,1
"UROS",0.499944145804981,-0.283497246890441,0.508,0.537,1
"GOT1",0.500110646604535,0.691330836995516,0.152,0.127,1
"ATN1",0.500949198344249,0.299542810154469,0.212,0.187,1
"ZNF770",0.50162659484017,-0.305135326705441,0.326,0.358,1
"COPS7B",0.50228967314257,-0.311725441951781,0.205,0.246,1
"INTS9",0.502425701155317,0.453747589808304,0.114,0.09,1
"UCK2",0.50265177018561,-0.548442371013656,0.136,0.164,1
"TEC",0.502807584513957,0.302038315095619,0.265,0.239,1
"RAD51D",0.503199982340026,0.31974248539832,0.136,0.112,1
"C21orf91",0.503428143618273,-0.260032580511418,0.318,0.366,1
"DEPTOR",0.50357005774917,0.560972047102879,0.424,0.396,1
"MFSD12",0.503577927613803,-0.375784937890416,0.121,0.149,1
"PNMT",0.503598146684378,-0.324068059118613,0.152,0.179,1
"TFB2M",0.504375468765371,0.454279119755371,0.25,0.231,1
"ZNF236",0.504414140608414,-0.713504509456238,0.098,0.127,1
"SIRT6",0.504414140608414,-0.350037728159799,0.098,0.127,1
"ATP10A",0.504555840469668,0.593913183800551,0.121,0.097,1
"SLFN13",0.504555840469668,0.372076655573862,0.121,0.097,1
"COX10",0.5049767663138,0.867619482517738,0.136,0.112,1
"ZBED1",0.505171076602628,-0.273662292260797,0.152,0.179,1
"IL10RB",0.50528932025486,-0.329690898760814,0.22,0.254,1
"NUDT16",0.505864399026002,0.291091518028456,0.227,0.201,1
"THOP1",0.505924843336914,-0.47836826534996,0.136,0.164,1
"LDAH",0.505961049930973,0.617325306998607,0.129,0.104,1
"PSTK",0.505961049930973,0.623244711388887,0.129,0.104,1
"RAB22A",0.506165310624765,0.565321838205726,0.288,0.284,1
"ZBTB40",0.506269184632296,-0.256182483934369,0.098,0.127,1
"ACADSB",0.507331920367139,0.82141764242897,0.129,0.112,1
"STX18",0.50768652597548,0.260796772986298,0.205,0.179,1
"NOP16",0.507792412819198,0.506088939708887,0.129,0.104,1
"SLC35B4",0.507792412819198,0.609078667928705,0.129,0.104,1
"MIATNB",0.507835741650753,-0.401911275406252,0.114,0.142,1
"SDAD1",0.508081651602074,0.46133544577626,0.348,0.351,1
"ARMCX5",0.508235791905618,-0.272342036737607,0.106,0.134,1
"DUSP12",0.508418146720309,0.262384939668244,0.242,0.216,1
"ZNF385D",0.509022063595091,-0.351821730345007,0.379,0.396,1
"AUXG01000058.1",0.509476430396151,0.54883462162052,0.106,0.082,1
"GOSR2",0.509952753842233,0.281850515547561,0.242,0.209,1
"CCDC122",0.51021706877413,0.436225459623753,0.121,0.097,1
"DNAJC14",0.510269416026881,0.4202802915638,0.152,0.127,1
"TSTD2",0.510408914054499,0.381768932191119,0.189,0.164,1
"LBH",0.510516402527049,0.278746002254672,0.144,0.119,1
"MSH2",0.5111475647656,0.386144936405628,0.318,0.306,1
"DAPK1",0.511253313632782,-0.2805707355361,0.409,0.455,1
"VPS52",0.511465549420782,-0.779956058181279,0.106,0.127,1
"ZNF273",0.51148858538152,-0.277126623190392,0.152,0.179,1
"NUDT2",0.511492725870696,-0.314796545783841,0.439,0.455,1
"PLXNC1",0.51191885054316,0.30374797359556,0.295,0.261,1
"ENTPD4",0.511950700577579,0.358109192739794,0.189,0.164,1
"TK2",0.512167428533271,-0.28914914432594,0.121,0.149,1
"USP51",0.512167428533271,-0.514750125604557,0.121,0.149,1
"KIAA1328",0.513074382895797,-0.296046880659915,0.152,0.179,1
"OSGIN2",0.513104884905989,0.335514308929068,0.273,0.239,1
"PRAM1",0.513243900630799,0.860720690386499,0.189,0.172,1
"TEX30",0.513985702851739,0.408006030113423,0.242,0.216,1
"NSUN6",0.514283035686333,0.251452185300438,0.258,0.231,1
"ANGEL2",0.516330456820206,-0.282746222422778,0.227,0.261,1
"EHBP1",0.516590597980236,0.328499527536516,0.189,0.164,1
"FER",0.516590597980236,0.358930987495822,0.189,0.164,1
"AKAP1",0.517506230164196,0.483605040728564,0.136,0.112,1
"BTBD10",0.517921813159759,0.405008115251931,0.083,0.112,1
"VPS13C",0.518137856999021,0.303202105931722,0.727,0.761,1
"COA5",0.518236822479843,-0.254699201344673,0.394,0.403,1
"UBE2J2",0.518488425842035,-0.258211887040081,0.341,0.366,1
"WDR55",0.518507328049516,0.60718354033321,0.167,0.142,1
"HPS5",0.518816771635046,0.341433544990502,0.152,0.127,1
"YTHDF3",0.519334304084101,-0.368391842447555,0.242,0.276,1
"ZNF667",0.519424273791209,0.456862201775619,0.25,0.231,1
"NSMF",0.519634024003699,0.563437271262508,0.106,0.082,1
"NT5C3B",0.51969592658897,0.539549899898564,0.189,0.164,1
"CTDP1",0.51969592658897,0.516815207502978,0.189,0.164,1
"TRIM11",0.519962812832741,0.799827229922003,0.144,0.127,1
"HMGCL",0.520035517258304,0.268430297002222,0.25,0.216,1
"IRF7",0.520238988165508,-0.320757870799337,0.114,0.142,1
"AC058791.1",0.52103385237033,0.284319708646439,0.144,0.119,1
"HIST1H2AC",0.521336896183321,0.293407878227903,0.576,0.582,1
"CHRM3",0.52164851942731,0.648044103863813,0.197,0.179,1
"RANBP10",0.521799386121414,0.329176922676861,0.167,0.142,1
"ING1",0.522456947297742,-0.407510798697696,0.136,0.164,1
"PKNOX1",0.522700488741774,-0.384097658338385,0.129,0.157,1
"TRMT61B",0.522810549904857,0.3978672966313,0.235,0.209,1
"SF3A1",0.523743890710414,0.252029156274157,0.424,0.396,1
"GGCX",0.523767971653489,0.407837569849976,0.326,0.328,1
"RABGAP1L",0.52417951727827,0.257844237943377,0.417,0.41,1
"AP1G2",0.524371911028463,-0.564693944987681,0.167,0.187,1
"PFKM",0.524737492609274,0.305544234992578,0.136,0.112,1
"ARRDC4",0.525474544574242,0.295427569281153,0.121,0.097,1
"LINC01023",0.525852352745689,-0.397284073278321,0.152,0.179,1
"SERAC1",0.525979974978308,0.561567598789973,0.167,0.149,1
"B3GALT6",0.525984058061417,0.329820583458144,0.212,0.187,1
"ERAP1",0.526631301299294,-0.473822106176102,0.227,0.261,1
"RANGAP1",0.526969302379912,0.612525159843887,0.152,0.134,1
"GPKOW",0.527470158893628,-0.324693392927457,0.136,0.164,1
"CUL4B",0.527729315064957,0.26860001277153,0.25,0.231,1
"SH3GL1",0.528074314893212,0.500790635966599,0.182,0.157,1
"BX284668.5",0.528164731987268,0.396595210601431,0.129,0.104,1
"GRAMD4",0.528238862926979,0.368557654350572,0.197,0.172,1
"PSKH1",0.528372430440394,-0.745356567867647,0.114,0.134,1
"KMT2E-AS1",0.528441230446743,-0.332697795673934,0.144,0.172,1
"SMIM12",0.52891596979953,0.315838591608824,0.364,0.351,1
"DHX30",0.529680159181423,0.397125110231495,0.386,0.381,1
"ZFP90",0.529965841895322,0.35096815316082,0.235,0.209,1
"AL353147.1",0.530037197776297,0.432220729313154,0.129,0.104,1
"CTSD",0.530709015689992,-0.250868412150792,0.545,0.597,1
"OSBPL3",0.530985500391441,-0.52565124586545,0.159,0.187,1
"ZNF444",0.530993289575797,-0.276854509729273,0.114,0.142,1
"AL035530.2",0.531255839157776,-0.35105217849657,0.129,0.157,1
"LIMCH1",0.531959615168953,-0.424773893180988,0.083,0.104,1
"SUCLA2",0.53273820773825,0.644361677423558,0.295,0.276,1
"PGBD1",0.533189869910158,0.461436520278133,0.121,0.097,1
"TJAP1",0.533792220450833,0.383475095219441,0.129,0.104,1
"TMEM135",0.533792220450833,0.330171236749468,0.129,0.104,1
"CRIP2",0.53388302695678,-0.303360236027377,0.106,0.134,1
"BMERB1",0.533933981986916,0.301899789993455,0.114,0.09,1
"UBN2",0.53423991406029,-0.544506921434706,0.265,0.291,1
"IWS1",0.534313741541106,0.397139899426038,0.28,0.261,1
"EPDR1",0.534970142621434,0.644445861260093,0.212,0.187,1
"CCDC112",0.535227486439976,0.342465585421471,0.303,0.276,1
"CNIH4",0.535365755243514,0.265345218751115,0.189,0.164,1
"MIOS",0.535365755243514,0.25690070147551,0.189,0.164,1
"TRAC",0.535604198604624,1.50074040740442,0.114,0.097,1
"EAF2",0.535806762296565,-0.256819190352395,0.462,0.485,1
"HDAC9",0.537349084137153,0.282265414188625,0.189,0.157,1
"GRK4",0.537531435322533,-0.604852071951201,0.174,0.194,1
"STXBP4",0.537941548153451,-0.29521458927113,0.114,0.09,1
"CHSY1",0.538736929293999,0.269403128933624,0.212,0.187,1
"SURF1",0.539569951385052,0.349397226435126,0.432,0.41,1
"FUT8",0.539839029511006,0.389595219283942,0.174,0.149,1
"PITRM1",0.540112710555317,0.39605514472683,0.189,0.164,1
"GXYLT1",0.540419557801135,-0.382219198936428,0.152,0.179,1
"VTI1A",0.540843246195123,-0.41256394404183,0.242,0.261,1
"ZFP36L1",0.541030334196955,-0.49643724975748,0.53,0.552,1
"UBE2W",0.541473991995334,-0.283967541526084,0.22,0.254,1
"COG6",0.542369647321543,0.376600008096531,0.197,0.179,1
"VAMP3",0.54241739950339,0.409676128917019,0.273,0.261,1
"SLC7A1",0.542913919986199,0.286660289658785,0.121,0.097,1
"AC004130.2",0.543136800087835,-0.426403728084771,0.129,0.149,1
"ZNF335",0.543147284631293,0.7522456082643,0.121,0.104,1
"KIF3B",0.543198649428716,-0.398107595711913,0.106,0.134,1
"SDF2L1",0.543327972014132,0.271368901676536,0.258,0.231,1
"SMARCAD1",0.54344747601424,-0.397774918604844,0.273,0.291,1
"CASP9",0.544198364980305,0.33330278760749,0.144,0.119,1
"PNPLA4",0.544969828819483,-0.330367631460962,0.205,0.224,1
"ZXDC",0.545141000354006,0.337086710288311,0.167,0.142,1
"CNOT6",0.54524626762333,-0.419334348083769,0.227,0.254,1
"MATR3.1",0.545357087866813,-0.308737427970832,0.159,0.187,1
"COG4",0.545357087866813,-0.262991314088112,0.159,0.187,1
"RIPK1",0.545961122525702,0.767805956991875,0.152,0.134,1
"ZNF451",0.546309557742435,-0.516140171246604,0.455,0.478,1
"NXPE3",0.546656873242634,0.296408256432537,0.152,0.127,1
"TRMT2B",0.54673745561071,0.461919340974112,0.136,0.112,1
"CSKMT",0.54682812776921,-0.53413350302807,0.098,0.119,1
"ZNF331",0.548092310397279,0.589039815618014,0.174,0.149,1
"TWSG1",0.548576790953161,-0.364235767615114,0.159,0.187,1
"GLMP",0.548598753428807,-0.301340492444532,0.152,0.179,1
"PEX14",0.549060331647153,-0.31858331553298,0.121,0.149,1
"TRNAU1AP",0.549946189086101,0.304579109552916,0.273,0.254,1
"KDM4B",0.550619538438421,0.325074467137687,0.235,0.216,1
"TMEM50B",0.551203128291585,-0.307334133207177,0.22,0.246,1
"CCR7",0.551270205343996,-0.947874894547653,0.167,0.187,1
"KBTBD7",0.551487315768589,0.701709499130404,0.114,0.097,1
"C9orf72",0.551692254357392,-0.332855177879497,0.144,0.172,1
"EFHC1",0.551950833038756,-0.515071178610734,0.273,0.299,1
"PTTG1",0.552027130460141,0.334146564183242,0.273,0.246,1
"KLHL24",0.552703837839471,-0.367796092971096,0.538,0.552,1
"COTL1",0.552716182400844,-0.261058716141604,0.492,0.522,1
"AC246817.2",0.552826237282548,0.284230488717021,0.106,0.082,1
"TENT4A",0.552826237282548,-0.252537251509378,0.083,0.104,1
"ERV3-1",0.55288442230842,0.338468379602471,0.386,0.351,1
"CEBPD",0.554483204725118,-0.297914247221898,0.106,0.134,1
"SMAP2",0.554786942894477,-0.26783465504669,0.697,0.746,1
"HEATR6",0.555185821694283,-0.312100236948586,0.152,0.179,1
"CHRAC1",0.557203584041915,0.347016947261854,0.402,0.381,1
"NARS2",0.557284408721666,0.273894912807476,0.152,0.127,1
"FAM50A",0.557981816221113,0.342710334355413,0.295,0.276,1
"MRPL24",0.558024390527264,0.303661048140575,0.288,0.254,1
"NPAT",0.558600361356965,-0.334466542803537,0.22,0.254,1
"UTP4",0.559065397323222,-0.332648813781564,0.129,0.149,1
"CCDC186",0.56203320750801,0.422349130998813,0.348,0.321,1
"ME3",0.5626232962474,-0.559636198319937,0.098,0.119,1
"SLC35B3",0.563021200893096,0.50719069034052,0.129,0.112,1
"TM7SF2",0.563047091536994,-0.284638110714964,0.22,0.261,1
"PPOX",0.563158200518496,-0.327081405929821,0.197,0.224,1
"FYN",0.563474194159204,0.448459137699598,0.311,0.291,1
"PARP16",0.563531861418627,0.34885138651576,0.136,0.112,1
"WRAP73",0.563997336491453,0.389675813043356,0.182,0.164,1
"SUGP2",0.564299689582949,-0.300704813358009,0.447,0.485,1
"LATS2",0.564542333891707,-0.37742383746909,0.242,0.276,1
"STIP1",0.565714164747167,0.395012005645619,0.379,0.373,1
"TRIOBP",0.565778125373554,-0.296321439492563,0.318,0.343,1
"MED27",0.565783027980422,0.343584930417913,0.205,0.179,1
"ALDH5A1",0.56690018010517,-0.378614648444672,0.144,0.172,1
"DENND3",0.567986138302007,0.35953473543999,0.144,0.127,1
"EIF2AK2",0.568189740264003,-0.288299632674533,0.591,0.59,1
"ST3GAL1",0.568485700714154,0.258206349102266,0.303,0.276,1
"CASD1",0.568503357590174,0.428782905917715,0.28,0.254,1
"SETD5",0.568541539978522,-0.279255608943259,0.348,0.373,1
"TMEM131",0.568817077378325,-0.327748952165759,0.356,0.396,1
"PCNT",0.568946124497884,-0.278371357445713,0.212,0.239,1
"ITFG1",0.569054717076998,-0.368880854174466,0.273,0.291,1
"RASSF2",0.56931034086785,0.625161372576855,0.174,0.157,1
"AL590226.1",0.570121828072539,-0.390634873428381,0.106,0.127,1
"BACH2",0.570424262633543,0.748423089175548,0.121,0.104,1
"AC010642.2",0.570547764965504,-0.265566862232695,0.356,0.403,1
"ALDH7A1",0.57060262879009,-0.278075756751647,0.098,0.119,1
"KTI12",0.571920911762337,-0.287776431511499,0.136,0.164,1
"MYBBP1A",0.57260585287095,-0.25601505633236,0.098,0.119,1
"MTRNR2L1",0.573533458271103,0.329597062160976,0.273,0.254,1
"XPO6",0.573660778260388,-0.303220308013686,0.205,0.231,1
"CBFA2T2",0.574164107946501,0.292905767749667,0.167,0.142,1
"ANAPC4",0.574249660863159,0.424196710522684,0.205,0.187,1
"OXR1",0.574308149059165,0.36005167231281,0.356,0.321,1
"BRF2",0.574502913550114,1.02270709376287,0.129,0.112,1
"EXOC3-AS1",0.574675159941787,-0.366207772621624,0.091,0.112,1
"HOXA9",0.574734089528325,0.567242410966463,0.47,0.455,1
"CEP44",0.575243237888689,0.272675364734589,0.144,0.119,1
"GM2A",0.575243237888689,0.273629144537322,0.144,0.119,1
"ZNF569",0.576580846342155,0.379887328052575,0.106,0.09,1
"PROM1",0.576603651666782,-0.322357843876888,0.242,0.269,1
"DHX57",0.576611244043754,0.254043652033711,0.174,0.149,1
"VRK3",0.576743505556219,0.312950197143652,0.371,0.351,1
"ZNF197",0.576750221549823,-0.45770639300851,0.091,0.112,1
"ZBTB38",0.577391533121725,0.455588335517201,0.205,0.187,1
"MAD2L2",0.577584072499391,0.416475656277717,0.212,0.194,1
"ZMYND11",0.577904282776005,-0.268881784705378,0.311,0.336,1
"MCAT",0.577917547226094,0.285394341127052,0.129,0.104,1
"CACNB2",0.577922094021664,0.269891675596173,0.136,0.119,1
"ZC3H6",0.578865804682421,-0.38966925230726,0.144,0.172,1
"PROSER1",0.579623670171005,-0.484777541266516,0.159,0.187,1
"TMEM121",0.579801502141065,0.410130236108228,0.136,0.119,1
"TADA1",0.579874529557324,-0.318396493916131,0.106,0.127,1
"AGO4",0.580337969700929,-0.317889685843339,0.174,0.194,1
"MNT",0.580451704188881,0.452396115692539,0.182,0.164,1
"NAPEPLD",0.580584817494761,-0.367626421381821,0.144,0.172,1
"WIPF2",0.581698609254342,-0.486653779274348,0.212,0.246,1
"TTC39B",0.581834417970742,-0.950267944721782,0.106,0.127,1
"VSTM1",0.581878094548822,0.527172860594283,0.114,0.097,1
"NFKBIB",0.582182481722751,0.498671026253512,0.22,0.201,1
"RFX1",0.58231916151224,-0.418733419796618,0.212,0.239,1
"ATP1A1",0.582397036511491,0.536033910750507,0.318,0.321,1
"PCYOX1L",0.582479084962372,-0.390240081254666,0.114,0.134,1
"INTS12",0.583183465439081,0.555778938034157,0.235,0.224,1
"AP4S1",0.583692544366495,-0.261692761248482,0.167,0.194,1
"PPFIBP1",0.583717301459466,0.368517912773886,0.22,0.201,1
"DYNLT3",0.584010850923952,0.271499430701288,0.341,0.343,1
"GNA13",0.584138725430877,-0.286180532071565,0.273,0.291,1
"CLDN15",0.584390047235167,-0.493264797328227,0.114,0.134,1
"AC243960.1",0.585431506987934,0.333412515532032,0.182,0.164,1
"ERCC6",0.585456855609676,0.653604739941691,0.136,0.119,1
"FNDC3B",0.585809183403456,-0.517639120777039,0.174,0.201,1
"FAM169A",0.585988599414024,0.66940595018592,0.114,0.097,1
"BLM",0.585988599414024,0.56513304187028,0.114,0.097,1
"PCED1A",0.586143864125339,0.454033958804083,0.174,0.157,1
"TNFAIP3",0.586921454706192,0.656792082348327,0.303,0.299,1
"RAB3IP",0.586959662711677,0.279015490707054,0.242,0.224,1
"DDX20",0.58718610955252,0.83015172439585,0.106,0.09,1
"GLIPR2",0.587805981576303,0.29560109534414,0.303,0.284,1
"PCYOX1",0.588220696904237,0.444989173681652,0.136,0.112,1
"LIPT1",0.588265308612192,-0.475829286765588,0.121,0.142,1
"RSAD1",0.588451348381358,0.305245603890186,0.205,0.187,1
"LDB1",0.589200531373391,-0.256224007970309,0.318,0.343,1
"TIMM50",0.589245066130297,-0.254153468474524,0.182,0.209,1
"RIOX1",0.59014036340887,-0.348474361123113,0.114,0.134,1
"RRAGD",0.590644058883888,-0.268213904155025,0.174,0.201,1
"PKP4",0.590783403162986,-0.310276305860984,0.098,0.119,1
"SCYL1",0.590829175657873,-0.308915971657707,0.189,0.216,1
"CCDC106",0.591137693511793,0.406752311513896,0.136,0.119,1
"SOAT1",0.591368628881215,-0.394186834828023,0.083,0.104,1
"RARA",0.591645284136765,0.457914501352176,0.22,0.209,1
"SBDS",0.591691002954389,0.27180674819239,0.53,0.537,1
"MFSD11",0.592089664647687,-0.26985772676119,0.152,0.179,1
"TESC",0.593068362681657,0.391633686226811,0.197,0.179,1
"TMIGD2",0.593364355637745,-0.371640501848961,0.235,0.261,1
"SYTL3",0.593418724232202,0.588967934502288,0.152,0.127,1
"NDRG1",0.595429891113171,-0.628552646492955,0.152,0.172,1
"LINC00467",0.595767135782005,-0.419950773927051,0.121,0.142,1
"SLC2A5",0.597090388852847,-0.397850206922423,0.152,0.127,1
"QSOX2",0.597880806070839,0.532767707935137,0.106,0.09,1
"FAM135A",0.598337792636296,0.675759552045838,0.121,0.104,1
"AK9",0.598751314136149,0.481341652146138,0.136,0.119,1
"AP000873.2",0.598751314136149,0.437010113390438,0.136,0.119,1
"EIF2B3",0.598807033971182,0.430457133952255,0.182,0.164,1
"ELF4",0.599611111388207,-0.312895887422755,0.106,0.127,1
"MGMT",0.600458819236539,-0.271310362575537,0.629,0.642,1
"HIVEP1",0.600523112098879,0.592820048420666,0.167,0.149,1
"TMED7",0.600892066158049,0.288922059838344,0.318,0.306,1
"DGKA",0.600949211955226,0.424557124156355,0.189,0.172,1
"TRMT6",0.601008678357921,-0.346545998676507,0.205,0.231,1
"SLC25A12",0.601137995222508,0.471190294758601,0.144,0.127,1
"HELB",0.601421970208781,-0.369523080614056,0.121,0.142,1
"SPRTN",0.601501639078338,-0.286298463874019,0.197,0.224,1
"LRCH1",0.601501639078338,-0.394565326071057,0.197,0.224,1
"TEP1",0.601718478195923,-0.310983100727668,0.114,0.134,1
"PHF23",0.601996233190295,0.628472577601371,0.189,0.187,1
"STK3",0.603005118169532,0.450308646817349,0.144,0.127,1
"NUSAP1",0.603312283448403,-0.547035115217039,0.121,0.142,1
"AC048341.1",0.60365808297539,-0.407654774392931,0.114,0.134,1
"RPAP1",0.60365808297539,-0.25341350668256,0.114,0.134,1
"CLCN3",0.604021998172461,0.675725476418752,0.167,0.149,1
"MAP2K6",0.604398935329513,0.764816334424416,0.121,0.104,1
"COMMD5",0.604596244607496,0.313586730688495,0.159,0.142,1
"HOXB-AS1",0.605590856167145,-0.268138162409808,0.106,0.127,1
"GTF2H2C",0.60565051371911,0.44084873584647,0.129,0.112,1
"ANKS3",0.6064254227086,0.458426856608646,0.121,0.104,1
"ZNF418",0.606499730283186,0.469820814170025,0.106,0.09,1
"ABHD3",0.607044051939508,-0.335744500193593,0.136,0.157,1
"NEK1",0.608637991909274,0.290398676911258,0.227,0.201,1
"BCL9L",0.608663110141603,0.36319751173438,0.106,0.09,1
"ARNT",0.608691989688493,0.414714489867444,0.235,0.224,1
"LSM14B",0.60910681624552,0.289615409681417,0.182,0.157,1
"CST7",0.609246436482263,0.480539324511541,0.205,0.187,1
"SNHG26",0.60959656354957,0.477941763309822,0.129,0.112,1
"HIC2",0.60959656354957,0.405023303188561,0.129,0.112,1
"CEP63",0.609782764262013,0.346114051585846,0.364,0.343,1
"LENG1",0.61011292465417,-0.325295498235078,0.25,0.269,1
"MAN2B2",0.610929786425702,0.905487760067859,0.114,0.097,1
"MORN2",0.611778204403709,-0.293653112661537,0.303,0.328,1
"RGS14",0.61214775556899,0.462130846362491,0.212,0.194,1
"IKZF2",0.612491547952875,-0.71500879587348,0.265,0.291,1
"HTT",0.613137038365248,-0.261401039770365,0.303,0.343,1
"PRIM2",0.613794699014435,-0.398011455566617,0.182,0.201,1
"HDHD2",0.614065430085556,-0.344050425645478,0.258,0.284,1
"RNF170",0.614765445078077,-0.343877629234573,0.212,0.246,1
"AREG",0.614969127908261,0.381149639379565,0.606,0.575,1
"KIF3A",0.615132006329061,0.50276010685654,0.114,0.097,1
"BGLAP",0.615173763311888,0.656232381971397,0.106,0.09,1
"KPNA1",0.615607108592112,-0.517802325260915,0.235,0.254,1
"KDM1B",0.616275299191728,0.404462157921663,0.22,0.194,1
"PI4KA",0.617162067878799,-0.273712446229194,0.197,0.224,1
"LIME1",0.617330671357492,0.406212974301669,0.205,0.187,1
"CTC1",0.617350767489891,0.414722503534673,0.106,0.09,1
"TTPAL",0.617522728742735,0.468749316244609,0.129,0.112,1
"KANSL3",0.618016820660127,-0.615827251998808,0.174,0.194,1
"TTC4",0.618747593223624,0.282268012661593,0.174,0.157,1
"CASP7",0.619574967627176,-0.325406041429442,0.121,0.097,1
"SAMD9",0.619684991413855,0.298377943840275,0.417,0.403,1
"COPS7A",0.619780820579539,-0.399908329423359,0.136,0.157,1
"C1orf109",0.619950406916476,0.40603199151338,0.083,0.104,1
"BRI3BP",0.621239415546891,-0.421050724571539,0.114,0.134,1
"ADGRE2",0.621609831161457,-0.450320736025129,0.136,0.157,1
"AGGF1",0.621930204502708,-0.358543670020771,0.273,0.291,1
"ZFYVE1",0.622173744885793,0.311934642345964,0.083,0.104,1
"GNG2",0.622203648399189,0.324262909061088,0.205,0.187,1
"SRRD",0.62254132046091,0.333531621512488,0.182,0.164,1
"ZNF195",0.622661368854324,-0.393670293025691,0.303,0.313,1
"SH3BP2",0.622745423754581,0.391449795114104,0.121,0.104,1
"NDRG3",0.623299511515875,0.260957619203856,0.152,0.134,1
"PPP2R5D",0.623496789381003,0.314083462190244,0.129,0.112,1
"CHEK1",0.623574325279147,0.285851856742005,0.114,0.097,1
"INO80E",0.623608622846766,-0.394308743967835,0.182,0.201,1
"ATM",0.625281557963107,0.28817750809838,0.402,0.396,1
"TC2N",0.625713314570533,-0.267091901427566,0.106,0.127,1
"PIKFYVE",0.62635149125554,-0.404081004408242,0.273,0.299,1
"ACTR6",0.626577332223327,0.299736147542085,0.371,0.366,1
"REXO2",0.626848843138726,0.257502762595262,0.508,0.53,1
"CAAP1",0.62761810146165,0.263795076966348,0.295,0.269,1
"TMEM268",0.62781419653362,0.255272997817631,0.114,0.097,1
"PRXL2A",0.628202925315903,0.545600804679598,0.273,0.261,1
"ZNF599",0.628285982742741,0.493097567442798,0.106,0.09,1
"H6PD",0.628305927203067,-0.257496523289421,0.174,0.201,1
"TEX2",0.628766067538932,0.260698320263873,0.167,0.149,1
"HGS",0.628829777401905,-0.344008788002179,0.212,0.231,1
"SNAP47",0.628981868245137,-0.280419597093414,0.167,0.187,1
"DNASE1",0.629124129068158,-0.407443040242123,0.114,0.134,1
"ELK3",0.629573602144832,0.287174901193549,0.394,0.381,1
"NUP160",0.629713955633721,0.376098238434305,0.227,0.209,1
"NAA25",0.630104092313914,0.350909793270429,0.25,0.231,1
"UAP1",0.630343747487763,-0.475228503779721,0.152,0.172,1
"ST7-AS1",0.630976152918384,0.689245977595788,0.121,0.104,1
"TMEM218",0.631621236014925,0.338569507843707,0.341,0.336,1
"HSPBP1",0.632466687143434,0.261943087197266,0.227,0.269,1
"UBALD1",0.633512938283605,0.35513705110048,0.159,0.142,1
"SLC1A5",0.63379990740554,-0.285143492596432,0.189,0.216,1
"PEX3",0.633882755103426,0.603483260231734,0.167,0.157,1
"TP53BP1",0.634337372559791,-0.311561236692009,0.348,0.373,1
"DDX28",0.6353174779064,-0.26583763948153,0.205,0.224,1
"SSH1",0.635391573728817,0.324825229932685,0.129,0.157,1
"DLAT",0.635519201780409,0.422173087408846,0.129,0.112,1
"BMPR2",0.635655410843886,0.859122345557657,0.167,0.157,1
"RABGGTA",0.63584723353652,-0.267974861886053,0.121,0.142,1
"WDR36",0.635996787106058,0.269639384553338,0.227,0.209,1
"PPAN",0.636115468746476,0.489037799684381,0.159,0.149,1
"CEP162",0.63709343228064,0.425044147996886,0.106,0.09,1
"ZNF7",0.63751737247434,0.497919079194139,0.235,0.231,1
"GUCD1",0.637782941441816,0.69557156201965,0.212,0.209,1
"B4GALT7",0.637926383606742,-0.318478433053319,0.144,0.164,1
"ITGB3BP",0.638170277962694,-0.333271067607047,0.333,0.351,1
"CDIP1",0.638806087931838,-0.355150409941112,0.242,0.261,1
"ZNF143",0.638963977454129,0.449827419000463,0.144,0.127,1
"ZC3H3",0.639303392867377,0.439479565767412,0.106,0.09,1
"TRAPPC8",0.639530778654486,0.344971386692395,0.189,0.172,1
"HYOU1",0.640068616304532,0.542559902919912,0.152,0.134,1
"FASTKD5",0.640507216314396,-0.316376530739477,0.121,0.097,1
"YIPF5",0.640659990679106,-0.392482434847527,0.28,0.299,1
"UBR3",0.640980950690171,-0.55767673417352,0.197,0.224,1
"PTPN4",0.641416320942137,0.424670299905558,0.295,0.291,1
"NOL8",0.641742432307065,0.384538564628639,0.409,0.403,1
"AL021368.2",0.643456443108721,-0.281656850450077,0.212,0.239,1
"PIK3R3",0.643732916872459,0.386616689902743,0.106,0.09,1
"GSTA4",0.645699988521252,0.283957939004621,0.152,0.134,1
"CNOT11",0.64869427415886,-0.333903595344396,0.235,0.254,1
"ADAT2",0.649228283802226,0.26855720771227,0.212,0.194,1
"YIPF2",0.649495005277534,-0.278632453986434,0.227,0.246,1
"PUS10",0.649662267558239,0.320684183186235,0.121,0.104,1
"TNIK",0.649769674694815,-0.276979972985619,0.235,0.261,1
"DPY19L3",0.649911175343422,-0.380189951590701,0.174,0.149,1
"CASP1",0.649925389262549,-0.300616163186744,0.174,0.194,1
"INTS6L",0.649925389262549,-0.309093458207213,0.174,0.194,1
"SLC35B2",0.650031940854381,0.434532321441559,0.159,0.142,1
"FBXO11",0.650580520150281,0.370548052313748,0.417,0.418,1
"SNX30",0.65135055480287,-0.71745620569913,0.098,0.112,1
"RBBP8",0.651351743970494,0.31020394712871,0.152,0.134,1
"TAF6L",0.651699263595991,0.317429767529872,0.129,0.112,1
"MSL1",0.653239333178438,-0.34444513178339,0.258,0.284,1
"SMPD2",0.653495372895807,-0.399637228114393,0.152,0.172,1
"CCL5",0.654873811944611,1.12936906511232,0.212,0.246,1
"METRNL",0.655024808046484,-0.293036055445984,0.174,0.194,1
"FKBP5",0.65623623400869,-0.275607135777286,0.727,0.769,1
"TBC1D10C",0.656269454173812,0.371859499426852,0.333,0.336,1
"MON2",0.657379332945623,-0.279140047611094,0.295,0.328,1
"MRPS27",0.658228534861783,0.271319204976407,0.394,0.381,1
"DLG1",0.65852108240539,0.314448461965215,0.409,0.403,1
"ATPAF2",0.659373319469679,-0.516390663713357,0.235,0.254,1
"HCFC1R1",0.661301863246175,-0.331177707315481,0.356,0.373,1
"ZNF468",0.661576594203142,-0.756293643949362,0.091,0.104,1
"SPOCK2",0.662070834645932,0.511361602002609,0.136,0.164,1
"MECR",0.662423320214606,0.665679608269124,0.152,0.142,1
"NTMT1",0.662479018847684,0.498464584677902,0.22,0.209,1
"TEPSIN",0.66263756360965,0.609463106885308,0.121,0.112,1
"RYBP",0.663719037655905,-0.267828948107633,0.394,0.418,1
"PYCR2",0.664221424785375,-0.253743966420496,0.386,0.418,1
"ARHGAP21",0.665271862839508,-0.334989249900178,0.174,0.194,1
"PRKCQ",0.665826166823921,0.340634477394919,0.295,0.276,1
"RPAP2",0.666071877986533,0.400585838278862,0.348,0.351,1
"SMIM14",0.666103259486025,0.375700565336119,0.167,0.157,1
"NCAPD2",0.666791829735211,-0.260215294383013,0.129,0.149,1
"IFI27L1",0.667789689931534,-0.309758552428219,0.273,0.321,1
"OTUD6B",0.668643435500134,0.641680267643377,0.182,0.172,1
"C5orf56",0.66948550608509,-0.44352535434446,0.258,0.284,1
"VPS13B",0.670577791627559,-0.335840769231736,0.22,0.239,1
"HTRA2",0.67089268739219,-0.253133898868709,0.386,0.425,1
"ADAM10",0.671120483835813,0.620047755048996,0.402,0.425,1
"UMAD1",0.672244730960622,-0.338084029657598,0.136,0.149,1
"EIF4ENIF1",0.673300180857522,0.360466038713846,0.205,0.194,1
"CFAP410",0.674969354885844,-0.266165620132999,0.189,0.209,1
"KLHL12",0.675136017169273,0.926314514130845,0.121,0.112,1
"SYTL4",0.675239615908466,0.2724982393927,0.114,0.097,1
"CCDC174",0.675430902669508,-0.335456174254781,0.364,0.366,1
"SLC12A2",0.675770808495467,0.273658012040218,0.22,0.201,1
"TMEM106A",0.676232758619328,-0.338873407977836,0.212,0.231,1
"AC104162.2",0.676267013625944,0.88246192131568,0.167,0.164,1
"SLC12A9",0.677428121420195,0.344808524356038,0.114,0.097,1
"AMFR",0.677433354499246,-0.35978543233161,0.227,0.246,1
"ECHDC1",0.67770659866129,0.375396738274195,0.364,0.373,1
"PLCB4",0.67775327805493,0.305080029282164,0.144,0.127,1
"KLHL13",0.678342258715836,0.485006336459984,0.129,0.112,1
"ZNF317",0.679614618444432,-0.334269184770374,0.091,0.104,1
"FOS",0.679688389809219,0.820861034828754,0.455,0.53,1
"ZNF3",0.679766312275685,-0.327867405052,0.197,0.179,1
"PFKFB2",0.679873675735011,0.39810396354244,0.152,0.179,1
"MIS18A",0.68029665336149,0.426322825164913,0.22,0.209,1
"FUCA2",0.680447607441576,0.331450515846854,0.197,0.187,1
"PTPRE",0.680447607441576,0.359520890603264,0.197,0.187,1
"TMEM115",0.680628352731988,-0.284990227789756,0.152,0.172,1
"SERGEF",0.681922938637631,0.329789059454405,0.205,0.187,1
"SNHG25",0.683856271913067,-0.275474760847028,0.333,0.366,1
"ZNF227",0.684009929326047,-0.299630582158215,0.114,0.097,1
"SYNGAP1",0.685125571171414,0.392962543547892,0.152,0.142,1
"RAB11FIP2",0.685608518083813,0.358205620942329,0.22,0.201,1
"TRIM22",0.686608275247933,0.367526539034717,0.348,0.351,1
"HOXA6",0.687693185611768,-0.622036620090637,0.106,0.119,1
"VIM-AS1",0.688015391046799,0.271989857823704,0.174,0.157,1
"SLC5A3",0.688880576393172,-0.402990720773252,0.242,0.261,1
"CDC23",0.688971706500176,0.274586369390371,0.197,0.187,1
"FAM214B",0.68917604838621,0.479615904384053,0.091,0.112,1
"MARCH9",0.689613767462475,0.313202356895813,0.235,0.224,1
"AMOTL1",0.690615830820869,-0.254515595819129,0.114,0.097,1
"TCTN1",0.690973844169661,0.41737157973827,0.136,0.127,1
"CEMIP2",0.690976312635075,0.536461740347112,0.189,0.224,1
"ZNF512B",0.690983068749725,-0.275551328284986,0.091,0.104,1
"L3MBTL3",0.692023310503634,0.527877081532124,0.144,0.134,1
"MTLN",0.692756092412663,0.269126857638078,0.295,0.284,1
"PRPF38B",0.692935570953044,0.285471284412815,0.652,0.701,1
"SPON2",0.693217676309824,-0.281676101514311,0.144,0.164,1
"ZNF496",0.694641176574639,-0.263421990610413,0.174,0.194,1
"TOGARAM1",0.694730992684983,-0.320522939888133,0.227,0.246,1
"TBC1D20",0.695009224327894,0.323813356853596,0.22,0.209,1
"FRY",0.695057088664332,-0.3216175994291,0.25,0.269,1
"MUTYH",0.695819596997151,0.338602665446452,0.197,0.187,1
"UBE2D1",0.696891407975192,0.254506551282677,0.333,0.328,1
"EHD1",0.698040446696762,-0.292080934844519,0.182,0.209,1
"ANKRD13D",0.698091432048439,0.271591712002481,0.348,0.343,1
"AL009179.2",0.698502737227838,0.435061219391904,0.152,0.142,1
"INTS4",0.698502737227838,0.364604044786648,0.152,0.142,1
"MCM6",0.698927367861419,0.297846677593841,0.174,0.157,1
"EPSTI1",0.699510244330895,-0.39634591802635,0.348,0.366,1
"CERS4",0.700128423123372,-0.372920621219198,0.091,0.104,1
"IGFLR1",0.700439892638643,0.417908895600857,0.227,0.216,1
"MBD1",0.700810454836837,0.34278454537141,0.235,0.224,1
"SCPEP1",0.701821404392934,0.570250289701742,0.144,0.134,1
"MFSD14B",0.702126119434856,-0.541418987296569,0.167,0.187,1
"MAP2K3",0.702137096199711,0.303316704937448,0.333,0.336,1
"SHC1",0.702503460642618,-0.436419846048488,0.144,0.157,1
"SLC7A6OS",0.702660293187767,-0.392122868170741,0.235,0.201,1
"CD247",0.702666288092092,0.967364633497649,0.106,0.097,1
"CDC42BPA",0.703122935059818,-0.424150280904496,0.189,0.216,1
"NANS",0.704322808814459,-0.250397259563337,0.439,0.463,1
"CNEP1R1",0.704717558631122,-0.372174322804198,0.091,0.104,1
"MTFMT",0.705393564161964,-0.289122400868393,0.114,0.127,1
"TTLL5",0.70677016589095,0.562212146095313,0.121,0.112,1
"CTSO",0.706872089863592,0.348944715879592,0.189,0.179,1
"CNNM2",0.70701680117935,-0.278994229945547,0.106,0.119,1
"RPP14",0.707046629969345,0.515659077544299,0.136,0.127,1
"ILRUN",0.707323857929926,-0.259896558435271,0.25,0.269,1
"TRIM41",0.708107936150507,0.411754232928303,0.129,0.119,1
"CNTROB",0.708345948743476,-0.564256531139447,0.098,0.112,1
"CD79A",0.708956805899322,-0.484182391195558,0.174,0.187,1
"CD7",0.708996425083698,1.39195241671752,0.318,0.328,1
"AC083862.3",0.709317466710979,-0.293470366208735,0.091,0.104,1
"CETN3",0.709695822593575,-0.334297072553238,0.152,0.127,1
"SATB1-AS1",0.709822026370245,0.47587693336014,0.25,0.246,1
"BISPR",0.710123866579129,-0.351616098597827,0.144,0.157,1
"ABCB8",0.711621413258765,-0.433311004907944,0.091,0.104,1
"SETD6",0.712803742641087,-0.595674898483563,0.098,0.112,1
"CLIP1",0.713353218401777,-0.277460212494788,0.303,0.313,1
"WWOX",0.713895555956243,0.375391806294771,0.189,0.179,1
"EIF1AD",0.713980356030198,0.58362016753722,0.106,0.097,1
"SLC46A3",0.713980356030198,0.290091212913112,0.106,0.097,1
"COL18A1",0.713980356030198,0.6544431481416,0.106,0.097,1
"ZNF564",0.715036335199917,-0.347424429753162,0.098,0.112,1
"INTS5",0.716250831131154,0.583810366516783,0.106,0.097,1
"AP000787.1",0.717601369326938,0.406701692147891,0.144,0.134,1
"MAP2K4",0.720570371221867,0.365317098133963,0.114,0.134,1
"ATPSCKMT",0.720863371756395,-0.25085268914358,0.091,0.104,1
"SAYSD1",0.721218545852593,0.299058273739211,0.136,0.127,1
"N4BP1",0.721489097539362,0.283650117639617,0.235,0.269,1
"INAFM2",0.72165232093097,0.367208778766257,0.152,0.142,1
"TCP11L1",0.721748687439701,-0.411990641914783,0.098,0.112,1
"CSTF2T",0.722471578097498,-0.338733479196373,0.303,0.306,1
"MED23",0.722784753307147,0.328678691158996,0.295,0.291,1
"GZMA",0.723077252347206,0.433844202232727,0.106,0.097,1
"LRRC47",0.723311698676199,-0.340010001708219,0.212,0.231,1
"DBI",0.72389239332051,0.317668115262587,0.902,0.896,1
"SCN3A",0.723990938266383,-0.27989347155936,0.098,0.112,1
"LTBP3",0.725013139083464,-0.369408432530125,0.288,0.299,1
"AC139887.2",0.725285563155962,0.509433914150903,0.121,0.142,1
"WDR73",0.725343612523995,0.328737573867458,0.288,0.291,1
"TMEM234",0.72535766359177,0.597343193864377,0.106,0.097,1
"FASTKD3",0.727640512859162,0.271363906328993,0.106,0.097,1
"RNF4",0.727900603533948,-0.327421856486269,0.242,0.254,1
"TMEM254",0.727979244785583,0.36393334445362,0.174,0.164,1
"PARP12",0.728148710237703,0.29387024195617,0.121,0.112,1
"DENND2D",0.729360344035921,0.340599816634966,0.136,0.127,1
"AMT",0.72942711404211,0.461063101370868,0.152,0.142,1
"WRN",0.729608400370754,-0.318760512817021,0.235,0.254,1
"GPM6B",0.729925781613724,0.440016999276222,0.106,0.097,1
"ATG4A",0.729925781613724,0.563032042913019,0.106,0.097,1
"UBA3",0.730863789846796,-0.2559196926209,0.333,0.351,1
"CFH",0.731031550111463,0.727347716771305,0.159,0.149,1
"SLC27A1",0.731414283695051,0.403236619930083,0.114,0.104,1
"CLIP4",0.732455562791455,-0.322227771206553,0.136,0.149,1
"CASP3",0.732769267365001,-0.38382004034972,0.538,0.515,1
"NCBP1",0.73348572914652,0.375801857176392,0.174,0.164,1
"CEP70",0.733660068585014,0.254856580006985,0.28,0.261,1
"NUDT21",0.734932787195016,-0.33318091834527,0.508,0.5,1
"NEK3",0.735276571618343,0.664857150168777,0.152,0.142,1
"MINDY3",0.736760813417766,0.432212942629386,0.121,0.112,1
"SKA2",0.736823782235653,0.284980952688688,0.326,0.373,1
"HIVEP2",0.739090678544725,0.381696798421547,0.106,0.097,1
"AHCTF1",0.739816319283431,0.261057194863072,0.189,0.187,1
"POC1B",0.740387558869322,0.267029422847178,0.152,0.179,1
"PLSCR3",0.740914863035008,-0.335244041822405,0.189,0.194,1
"KLF7",0.741083954295894,-0.402852707548682,0.273,0.291,1
"UTP25",0.741505524466061,0.561884193484671,0.129,0.119,1
"TUBGCP3",0.743115687290079,0.295378922397033,0.227,0.216,1
"DHODH",0.743241727212619,0.364174941820802,0.106,0.127,1
"PTDSS2",0.743681687403885,0.342131357914252,0.136,0.127,1
"SIRT1",0.745446773320653,-0.350457112487072,0.189,0.201,1
"MAN2A1",0.745603420087888,0.419421422754703,0.227,0.216,1
"DPY19L1",0.745988838123328,0.306700282799718,0.106,0.097,1
"TTL",0.746298775132745,-0.304174087042197,0.136,0.149,1
"LEMD3",0.747510668711152,-0.262775390354792,0.265,0.276,1
"NFE2L3",0.747511177757119,0.272419706271092,0.144,0.134,1
"KIF13A",0.748093956495111,-0.270129867798639,0.227,0.216,1
"LHPP",0.748984623307181,0.259148392163005,0.152,0.142,1
"BRWD3",0.749352050443175,-0.484137966933153,0.227,0.239,1
"LUZP1",0.750179976590906,0.263416476817098,0.273,0.261,1
"TRPC4AP",0.750897188612213,0.277156009901565,0.341,0.351,1
"FBXW2",0.751298513846848,0.291790043650968,0.265,0.261,1
"KRT8",0.751529179058481,-0.532972750890751,0.136,0.142,1
"MOCS2",0.752517413072684,0.462492508305127,0.205,0.201,1
"NUBP1",0.752949463824281,0.276699452325877,0.227,0.224,1
"COA8",0.754046178867771,0.261815231008836,0.371,0.366,1
"PIK3CD",0.754083583772619,0.322624527017129,0.106,0.127,1
"AC123912.4",0.754158578811173,-0.346740935322145,0.114,0.127,1
"CST3",0.755527807647141,0.307344302629178,0.674,0.679,1
"LPXN",0.75592572283591,0.387275460430634,0.114,0.104,1
"AL157938.3",0.757530893094463,0.273988644852425,0.106,0.097,1
"SNX29",0.75823010267608,-0.27786925508779,0.136,0.149,1
"ANGPT1",0.75826986030486,-0.269787165391849,0.424,0.403,1
"NAPA",0.759648792220247,0.340188618402958,0.364,0.366,1
"NVL",0.760529964662423,0.531784655660517,0.174,0.172,1
"TADA2A",0.761411276049041,-0.26265451184428,0.136,0.119,1
"MED11",0.761603478219735,0.400077938029016,0.144,0.134,1
"ZC3H7B",0.761603478219735,0.300239892895218,0.144,0.134,1
"ARV1",0.761611276048469,0.341946660862282,0.227,0.261,1
"ZNF384",0.761642952460756,0.368142070363678,0.182,0.172,1
"TMC6",0.762179884242915,0.316632564167116,0.242,0.231,1
"ENDOV",0.762179884242915,0.371005560252982,0.235,0.239,1
"LMBR1L",0.762373073716597,0.370104557858072,0.174,0.172,1
"KATNAL1",0.762633778968931,0.27974298366637,0.129,0.119,1
"TIMM23",0.763812396638026,0.307581366680579,0.197,0.187,1
"LINC00623",0.764162157299311,0.474905017152984,0.25,0.254,1
"SLC35E1",0.76466943804356,0.667535991708218,0.174,0.201,1
"TMEM192",0.765327424746037,0.29976311497707,0.273,0.269,1
"VWA5A",0.765602019421045,-0.672191032693881,0.121,0.134,1
"PILRB",0.765998460816358,-0.273689122895779,0.167,0.149,1
"FBXW4",0.766216632452812,-0.396641288200468,0.136,0.149,1
"TUT7",0.76654027531429,0.352828416747743,0.235,0.231,1
"FAM107B",0.767477014072136,0.827390570178903,0.22,0.216,1
"TMEM168",0.769024872416039,-0.499313622061973,0.197,0.201,1
"OSBPL2",0.769835472320188,-0.366673190301898,0.152,0.164,1
"MPPE1",0.770452362439661,-0.258429395659422,0.258,0.276,1
"POLD3",0.770511641566345,0.25130094828777,0.136,0.127,1
"SART3",0.770850131327063,0.301429216076144,0.197,0.194,1
"RFX2",0.771800139003961,0.366516496822246,0.311,0.321,1
"TCTA",0.77240236820868,-0.288623555174398,0.197,0.209,1
"AC124248.1",0.772716939226094,0.613135877890908,0.159,0.157,1
"PUM2",0.772774380943889,-0.339402691344867,0.417,0.433,1
"GNLY",0.773748422026778,1.05180389545699,0.242,0.261,1
"ZDHHC9",0.77378047875904,0.33649623090185,0.106,0.097,1
"MAP2K7",0.77453102542144,0.271367475402057,0.242,0.246,1
"SDHD",0.774936765176596,0.252042369715702,0.515,0.567,1
"KMT2B",0.777278481076951,0.365971691245044,0.159,0.149,1
"TNPO1",0.778450442540488,-0.289519661788183,0.371,0.388,1
"VAMP7",0.779293365074392,-0.262898146842382,0.311,0.328,1
"CEP250",0.780775517505542,0.33934412678756,0.106,0.097,1
"STK33",0.782615952941857,0.460452303838748,0.167,0.164,1
"HINT2",0.783487247896434,0.255585268827633,0.432,0.448,1
"ANKH",0.785368972194301,0.320462610555188,0.098,0.112,1
"ADD3",0.785734265023803,0.274604547602941,0.439,0.433,1
"TERF2",0.788261443435379,0.337717918949143,0.326,0.336,1
"CLPTM1",0.791143676766536,0.273030338508327,0.167,0.164,1
"RRP12",0.79194524017146,0.679309613698305,0.129,0.127,1
"ATG14",0.792949759158518,0.2607462916273,0.189,0.201,1
"PPT2",0.795042635142591,0.416661933140793,0.106,0.119,1
"PDCD4-AS1",0.795164230621692,0.328608113525442,0.25,0.269,1
"TUBA4A",0.795205808332351,0.314204332072488,0.114,0.127,1
"ZNF669",0.795331107789219,0.42370253762303,0.235,0.246,1
"LTB",0.795484269521677,-0.855351668989195,0.326,0.291,1
"SWSAP1",0.79570939078617,0.338713199392669,0.121,0.112,1
"RELL1",0.796248640860069,0.26887938279134,0.235,0.269,1
"STRIP1",0.797917571832763,-0.398754294087308,0.114,0.119,1
"HBA2",0.798031934311947,0.277290735445758,0.341,0.381,1
"GPS1",0.798308491798649,0.456284475346713,0.288,0.306,1
"AC092171.5",0.798403876930324,0.321641387740377,0.136,0.149,1
"CHAF1A",0.799207138999722,0.43034440835885,0.098,0.112,1
"ZNF726",0.800473803279732,-0.287606833701582,0.205,0.216,1
"TRBC1",0.801519772010251,0.401530968688373,0.098,0.112,1
"DOCK5",0.801646523724627,-0.338614804639799,0.242,0.254,1
"FOSL2",0.802290090699742,0.890887207381313,0.129,0.149,1
"POR",0.802627596940592,0.270696551154741,0.167,0.157,1
"LMO4",0.803222600283121,-0.426412610049292,0.47,0.507,1
"ATP2B1-AS1",0.803690459735237,-0.298395907250241,0.265,0.276,1
"EHBP1L1",0.805632182139344,0.259810610408847,0.167,0.194,1
"AC245060.5",0.806029708229654,-0.309860010284849,0.311,0.321,1
"ERCC5",0.807432013895044,-0.457087927778145,0.326,0.328,1
"SMAD3",0.807714269124753,0.38998703742384,0.197,0.201,1
"ASL",0.8087350297463,0.500560485090291,0.242,0.246,1
"PTPN22",0.809305833065519,0.430898511601502,0.242,0.239,1
"PRKAR2B",0.810259825471532,-0.262944024386601,0.333,0.336,1
"VPS13A",0.810786078617086,-0.274575590183901,0.394,0.396,1
"GNS",0.813564021394575,-0.275111522622352,0.159,0.142,1
"ZNF76",0.81460693997421,0.262037432879082,0.144,0.134,1
"TIGD5",0.81460693997421,-0.293309674378236,0.144,0.134,1
"UPF1",0.814960070816439,-0.31949931070515,0.159,0.172,1
"SLC11A2",0.815430199585877,-0.321216939568045,0.167,0.179,1
"NMRK1",0.815614125462335,0.741207072686583,0.189,0.194,1
"GAS6-AS1",0.815647627587745,0.323393918779938,0.144,0.142,1
"COLGALT1",0.815647627587745,0.51957447102328,0.144,0.142,1
"NSD2",0.816503920682302,-0.760654292434365,0.235,0.239,1
"ANKRD36C",0.8195297181538,-0.376023820724389,0.326,0.306,1
"HACL1",0.820017586071537,0.270371568561248,0.174,0.194,1
"RASSF3",0.823870980690255,0.388107119963883,0.129,0.127,1
"CARD19",0.824278888542841,0.295780628162248,0.508,0.537,1
"PDS5A",0.826121098574482,0.403172347072905,0.553,0.552,1
"FSCN1",0.826625406692035,0.31345552852303,0.295,0.299,1
"TLCD5",0.827357914137846,-0.3507516277358,0.182,0.187,1
"AL392172.1",0.82783734957127,-0.610590029153964,0.098,0.104,1
"TPRA1",0.829401531474298,0.303626523227818,0.098,0.112,1
"TPST2",0.83019291208519,-0.288789813245274,0.402,0.396,1
"GNG11",0.831933834054545,0.53491926001641,0.152,0.164,1
"GPR183",0.833353063999144,0.859843986821292,0.182,0.179,1
"SLC39A11",0.833539554655534,0.253376018423679,0.129,0.119,1
"LNPK",0.834003365570195,0.309587500508013,0.144,0.142,1
"APOL6",0.834354111259069,0.255000351231006,0.212,0.209,1
"LYST",0.834372094696562,0.290420331297606,0.189,0.209,1
"BUD13",0.834580830207984,0.629389972885593,0.129,0.127,1
"PSMC2",0.837003267286195,0.313552503394403,0.447,0.507,1
"MFN1",0.837596838029491,0.269691521863874,0.22,0.224,1
"NRGN",0.837765429582964,0.44060190241801,0.22,0.231,1
"KPTN",0.839707247554426,-0.380966637451501,0.098,0.104,1
"FAM3C",0.842579817927952,-0.45195084137283,0.258,0.254,1
"TCOF1",0.844084313389002,0.386103722567981,0.235,0.246,1
"METTL1",0.844665385709387,-0.477451334051199,0.106,0.112,1
"AC015871.7",0.844729215772546,0.346294289175851,0.167,0.164,1
"PPP1R12B",0.845266142485674,-0.527266600465127,0.136,0.149,1
"EIPR1",0.846607041459124,0.434458993127997,0.258,0.269,1
"FUBP3",0.846618155383204,0.277006821629446,0.242,0.246,1
"CASK",0.847473096605346,0.656350818799432,0.129,0.127,1
"MOB2",0.848022797429956,0.309780917545645,0.318,0.321,1
"MHENCR",0.848508425217236,-0.291104516391651,0.341,0.336,1
"ZNF662",0.849229622208937,-0.277572586552243,0.098,0.104,1
"DCK",0.851004401938095,-0.466625270311905,0.386,0.418,1
"CRTC3",0.851322743353029,-0.283153969313764,0.22,0.224,1
"PLD1",0.85158965454539,-0.347702982905953,0.106,0.112,1
"TUBE1",0.854497993361082,0.689950101706628,0.114,0.127,1
"NAPB",0.855848106346876,-0.52784583310667,0.114,0.119,1
"OBSL1",0.856212232666518,-0.277188180438625,0.114,0.104,1
"ZNF791",0.856365103632012,0.443999665567309,0.295,0.313,1
"MICAL2",0.856560633000875,0.288136478338032,0.144,0.142,1
"ZNF891",0.859113634114643,0.396962328708424,0.189,0.194,1
"ZBED5-AS1",0.860614991504311,0.416590804189084,0.152,0.149,1
"PDIA5",0.860675142124622,0.445103553789119,0.144,0.142,1
"ZMAT1",0.86155337951282,-0.332475012858962,0.288,0.299,1
"RCHY1",0.862633867062255,-0.2732734781764,0.273,0.261,1
"BBS7",0.864056328655427,0.270751241980498,0.167,0.164,1
"AC020910.5",0.8640717609284,-0.256036958098119,0.121,0.127,1
"SMNDC1",0.864266423039456,0.327364798728258,0.409,0.44,1
"PRKAB1",0.864793436540615,0.356291296354102,0.144,0.142,1
"ZNF263",0.864793436540615,0.658349523366299,0.144,0.142,1
"GSKIP",0.864826397838994,0.304204075444234,0.136,0.134,1
"KLHL36",0.865541046052785,0.327969587626782,0.174,0.172,1
"LCLAT1",0.865880635015286,0.482704098118099,0.129,0.142,1
"ZNF226",0.866608160609803,-0.254872909899602,0.235,0.246,1
"SFXN5",0.866689157000271,0.320018289491003,0.121,0.119,1
"ACYP2",0.867664500077193,0.255551064335047,0.288,0.328,1
"PRDM4",0.870883400077488,0.310710619106912,0.114,0.112,1
"HDAC4-AS1",0.873129035955274,-0.356504342960629,0.098,0.104,1
"GET1",0.873265811060001,0.319001163926319,0.311,0.321,1
"SIRT5",0.873724493208335,0.324176718754361,0.144,0.157,1
"GPR141",0.873845895117659,-0.401318396023301,0.114,0.119,1
"ROGDI",0.874463905578621,0.320723940134366,0.114,0.127,1
"ACACA",0.875410339582745,0.290726696343474,0.174,0.194,1
"LRFN4",0.875456374029381,0.323118444178517,0.114,0.112,1
"SLC2A11",0.876600273768504,0.376399994274257,0.106,0.119,1
"EMILIN2",0.877222188006539,-0.36852580952179,0.129,0.119,1
"KLRB1",0.87726890797182,1.16659534182257,0.174,0.194,1
"TMEM70",0.878146806737784,0.408419083290019,0.258,0.269,1
"GSTM3",0.878235838339681,0.412444163675801,0.212,0.209,1
"ADGRE5",0.879065678713971,0.29221133669124,0.341,0.351,1
"PLEKHM3",0.879396078769766,-0.4048386293074,0.106,0.112,1
"MAML3",0.879402481734132,0.37516772564938,0.333,0.351,1
"CBLB",0.880414580960315,-0.258785769647086,0.227,0.231,1
"SNHG14",0.882296224522264,-0.280826703212504,0.386,0.388,1
"CLN5",0.883477520582245,0.260744259013306,0.432,0.47,1
"AC025181.2",0.883837681138126,0.322817984235219,0.136,0.134,1
"ARHGAP1",0.884202855872417,-0.502163431536065,0.242,0.239,1
"USP36",0.884477743432078,0.553719613526037,0.121,0.119,1
"CNPY4",0.886372384714845,-0.328875731642045,0.106,0.112,1
"NFYA",0.887275886818279,-0.3332858311831,0.144,0.134,1
"DDX59",0.887560986087575,0.564781807535947,0.227,0.254,1
"YOD1",0.888268801223278,-0.35483895087747,0.227,0.224,1
"RHOB",0.888859583858727,0.914527576898751,0.129,0.134,1
"PIK3CD-AS2",0.889199667592846,0.408163418748167,0.114,0.112,1
"XRRA1",0.889361544544323,0.257989553094174,0.318,0.328,1
"SIAH1",0.891416654713992,-0.372111787390826,0.28,0.261,1
"MCOLN1",0.891493572629494,0.343941668383181,0.114,0.112,1
"ZNF181",0.8916911936027,0.53054580780777,0.106,0.104,1
"SLC48A1",0.893113627288188,-0.281986667681913,0.167,0.149,1
"AC093157.1",0.89378838608185,0.54548122331758,0.114,0.112,1
"HSDL2",0.894944851533072,0.413855518840534,0.242,0.269,1
"GOLGA5",0.896050793986658,-0.363588671215572,0.159,0.149,1
"RAVER2",0.897144803079443,-0.825080527600186,0.106,0.097,1
"IRF1",0.897319019306828,0.319828133305721,0.424,0.455,1
"LGALS8",0.898060561473639,-0.251489925723651,0.348,0.321,1
"MTSS1",0.898380662292739,0.353342098569045,0.114,0.112,1
"PDXP",0.900090990112102,0.258968381328493,0.121,0.119,1
"CEBPG",0.900435497192081,0.33721646250873,0.235,0.239,1
"BIN1",0.900661144586735,-0.270236571832466,0.341,0.336,1
"SAMD8",0.90116163598173,0.291282432346229,0.106,0.104,1
"DNAH14",0.905039593229076,0.414236096769991,0.136,0.134,1
"YEATS4",0.906409314169014,0.266367634053824,0.318,0.336,1
"TYROBP",0.907151612917463,0.292375199129816,0.47,0.47,1
"ARID5A",0.907657840987916,0.27869923958683,0.205,0.209,1
"ITGB7",0.910115172358301,0.518972477330238,0.152,0.157,1
"CBX4",0.91075279896172,0.462541826571902,0.167,0.164,1
"PISD",0.910829059598344,-0.303767483873461,0.182,0.187,1
"ZC3H14",0.910847377425758,0.392261883137,0.28,0.291,1
"RIOX2",0.911319610838581,0.585248112478083,0.189,0.194,1
"NCOR2",0.911850406908014,0.272151413531713,0.22,0.224,1
"FOXP1-IT1",0.912297205966028,-0.250390859793587,0.114,0.119,1
"SYNJ2",0.914360415563157,0.282036674499214,0.106,0.112,1
"DCAF1",0.914373966954128,-0.286357094264317,0.144,0.149,1
"ZNF490",0.914479447062266,0.32742481848538,0.114,0.112,1
"GPHN",0.915393299181533,0.623708591281552,0.106,0.104,1
"MAP3K7CL",0.916426585950867,0.512681806700072,0.098,0.104,1
"TFAP4",0.91664716574023,0.69786267435382,0.136,0.142,1
"RETREG3",0.919768530645766,-0.263791875327791,0.167,0.157,1
"WASF1",0.920178692769331,-0.397142380696325,0.152,0.157,1
"HOXA5",0.921255273691136,-0.359920282337691,0.174,0.164,1
"TSC1",0.921282055969324,0.348758419283406,0.121,0.127,1
"STK11",0.921691591915316,0.308225538042517,0.235,0.254,1
"NCOA1",0.921955120897272,-0.330394714815117,0.364,0.343,1
"IGKC",0.92267286591628,-0.869021633517417,0.348,0.336,1
"HLA-F",0.923792044211648,0.294579129647931,0.25,0.261,1
"PHKA2",0.925922200557642,-0.295502013239244,0.114,0.119,1
"STT3A",0.926241754158966,-0.408969980208924,0.227,0.224,1
"HBD",0.92665582867065,-0.459183585965124,0.258,0.261,1
"LRRC8D",0.928352231010532,0.262085782202885,0.174,0.179,1
"ERLIN1",0.929363820336247,-0.251305705370105,0.197,0.194,1
"LYSMD2",0.929953754063054,-0.262999963224264,0.515,0.478,1
"GGPS1",0.93014006129016,0.295810162247768,0.22,0.239,1
"HSBP1L1",0.932030892887555,0.399617518614332,0.106,0.104,1
"SYTL1",0.932080210921871,0.262694278563905,0.402,0.44,1
"ZNF48",0.933338970071104,0.410505729444539,0.098,0.104,1
"RAD17",0.933914280186537,0.326762065092118,0.235,0.246,1
"PDLIM7",0.93542329781394,0.25471966743052,0.106,0.112,1
"ZNF213-AS1",0.936715485161433,0.265432311672139,0.212,0.209,1
"UNC93B1",0.936790322043482,-0.289594379050567,0.106,0.104,1
"NFATC2IP",0.937863600983942,0.366209943288826,0.333,0.358,1
"SENP5",0.938485175349747,-0.330764541648342,0.273,0.254,1
"GBP4",0.938849015419021,-0.319717742925017,0.371,0.358,1
"EDC3",0.939568956552447,0.260287020325301,0.114,0.119,1
"FTO",0.93994014412905,-0.339875375435074,0.159,0.157,1
"ARHGAP22",0.940122497987096,0.388370350827451,0.311,0.328,1
"RRP9",0.940741482772507,0.441570273956054,0.144,0.157,1
"PUS1",0.940741482772507,0.466934330313649,0.144,0.157,1
"GMDS-DT",0.941182622350225,0.269353123778384,0.235,0.239,1
"PSTPIP1",0.941845251538827,0.568250912595664,0.114,0.119,1
"MOSPD2",0.944122021634762,0.305373527478224,0.114,0.119,1
"PPM1L",0.945697893981464,-0.368647505704846,0.144,0.142,1
"ATP23",0.946252155096757,0.306422756961399,0.197,0.201,1
"FAM24B",0.946775907584105,-0.266364765277682,0.114,0.112,1
"PTPN9",0.946963422030237,0.338443967431856,0.167,0.179,1
"STK39",0.949491295653167,0.597627475556617,0.106,0.112,1
"GGH",0.949491295653167,0.35294275259614,0.106,0.112,1
"SIRT7",0.949632445605047,0.36532684422836,0.22,0.231,1
"CD48",0.949692772181294,0.498687650601139,0.25,0.269,1
"MIR99AHG",0.950815546485332,0.284588829868792,0.167,0.179,1
"MID1IP1",0.95337157249513,0.409366903415854,0.212,0.224,1
"FNDC3A",0.95383822579915,0.25739851657524,0.326,0.343,1
"FAM104A",0.955409845540189,0.324805534432645,0.205,0.216,1
"UBFD1",0.958307774729256,0.26748781182844,0.22,0.231,1
"SHF",0.958374552697719,0.427559169413829,0.121,0.119,1
"RALGDS",0.958992897619762,0.361134993448706,0.197,0.201,1
"SGSM3",0.961908483984273,0.297332782283352,0.205,0.224,1
"DPYSL3",0.962256790838128,0.530883511722998,0.121,0.127,1
"GEMIN5",0.962960356144358,-0.542007812597877,0.114,0.112,1
"NPW",0.963662096831637,0.387183032317627,0.174,0.179,1
"CRPPA",0.963983835033734,0.444686483954335,0.167,0.172,1
"ANAPC1",0.964146619887324,0.28467994602385,0.242,0.261,1
"POLA1",0.964631270118479,0.363527065155873,0.114,0.119,1
"MDM2",0.966174649004835,-0.251955658762982,0.258,0.261,1
"VEGFB",0.966969003411255,-0.256226137803386,0.318,0.321,1
"CYTH4",0.969127303166186,-0.53680175407145,0.174,0.172,1
"COBLL1",0.969249814940122,0.319691507295603,0.159,0.164,1
"BCL2L13",0.972329459857908,0.286646823554213,0.242,0.254,1
"PIP5K1C",0.972970818983535,0.319440418553379,0.106,0.112,1
"TAF3",0.973181297387551,0.291449552836844,0.258,0.284,1
"EEF1AKMT1",0.974462673567526,0.256409717045505,0.121,0.127,1
"CEP41",0.974607978971141,0.414700308353191,0.182,0.187,1
"DCPS",0.975745485126239,-0.442745899029751,0.189,0.187,1
"CBWD3",0.978617624986871,-0.318821483519938,0.121,0.119,1
"MUL1",0.978902803575698,0.29366346811775,0.121,0.127,1
"TRMT10B",0.980139865036764,0.295667445914889,0.227,0.231,1
"KIAA2013",0.981826341278423,0.362621839800545,0.174,0.179,1
"HBS1L",0.983711238508742,-0.259999973421863,0.508,0.5,1
"MBD6",0.985973495646104,-0.299257515733768,0.159,0.157,1
"TMLHE",0.986706299445546,-0.254187836707021,0.152,0.149,1
"WDR75",0.989289174375882,-0.349464745163526,0.174,0.164,1
"NHLRC2",0.991340795805494,-0.313630781899283,0.303,0.291,1
"CYP7B1",0.9930526582579,-0.446651427208737,0.114,0.112,1
"ZNF10",0.9930526582579,-0.460040111078069,0.114,0.112,1
"MRI1",0.994752728309169,0.316789713237006,0.212,0.231,1
"PDE12",0.995441672358343,0.621272984113901,0.189,0.209,1
"WASHC5",0.996139964501209,-0.301732635955817,0.174,0.172,1
"SNRNP27",0.996323775731606,0.250715932839648,0.348,0.388,1
"MSMO1",0.999059396194517,0.285650591233972,0.182,0.187,1
"PNPLA6",1,0.26446243333211,0.121,0.127,1
