"Gene","p_val","avg_log2FC","pct.1","pct.2","p_val_adj"
"AREG",3.28100938024766e-06,-1.93286752658651,0.232,0.606,0.120088224326445
"FKBP5",1.0749142744452e-05,-1.44277852325646,0.464,0.727,0.393429373589688
"B2M",1.13978977604881e-05,0.539834308226134,1,1,0.417174455931627
"RPS26",1.35703600602866e-05,0.826529111051457,1,0.985,0.49668874856655
"H3F3B",2.52053731561634e-05,0.506337806675759,1,1,0.922541862888738
"HLA-B",3.02030626393611e-05,0.6397269183898,1,0.977,1
"TSC22D3",3.34761659764168e-05,-1.05952380213047,0.821,0.917,1
"GLUL",4.33520833622224e-05,-1.02983496750775,0.571,0.818,1
"BCL3",4.91779368951998e-05,2.77720820098488,0.25,0.053,1
"CCND3",8.56194048564825e-05,-1.08585233511953,0.321,0.667,1
"NCF4",0.00010525400043558,-1.09675875732918,0.411,0.667,1
"ZBTB7A",0.00018675509473364,1.19897218137872,0.571,0.311,1
"FIG4",0.00022334766348304,2.55633508750876,0.232,0.053,1
"FRMD4A",0.000275829335567912,4.44021911530799,0.125,0.008,1
"TLE5",0.000309900365912086,0.577568196056005,0.982,0.909,1
"SLC4A1AP",0.000312092056815515,-2.18724320070808,0.089,0.333,1
"ST8SIA6",0.000328174799477363,-1.1056920776161,0.25,0.545,1
"SPACA6",0.000402877138730316,2.59338008217232,0.143,0.015,1
"BCAS3",0.000459270606111338,1.76983825334922,0.304,0.106,1
"KLF9",0.000510571489158642,-1.13728380735073,0.286,0.576,1
"HLA-C",0.000517599061984074,0.554297980459023,1,0.977,1
"CRYZ",0.000634296222492545,-2.14903288769776,0.036,0.25,1
"CST3",0.000645947398893149,-1.17107127525936,0.429,0.674,1
"TCEA1",0.000649734221948471,0.565037116218484,0.911,0.902,1
"YWHAZ",0.000685385471097367,0.49759038094837,0.982,0.955,1
"HBA2",0.00069088611264332,-4.29676114499735,0.107,0.341,1
"LTB",0.000853909938382942,1.6087033601436,0.554,0.326,1
"KLF3-AS1",0.000858277464778523,1.61926834405741,0.429,0.205,1
"TNIP1",0.000924097066227139,-1.45024859329651,0.125,0.371,1
"TP53I11",0.00100112153830766,2.73097971874879,0.196,0.045,1
"PER1",0.00102977664753583,-1.86533778447551,0.143,0.371,1
"TAFA2",0.00105653815383826,-1.88341221786035,0.089,0.311,1
"ST7-OT4",0.00105825363789904,3.04983728895315,0.107,0.008,1
"TMSB4X",0.00110087955219318,0.503115692431201,1,1,1
"MYB",0.0011457467657139,-0.778270100054689,0.339,0.598,1
"LY86",0.00124432164679742,2.8092717427989,0.161,0.03,1
"ZBTB16",0.00152525601666426,-1.20375562238421,0.286,0.553,1
"RC3H2",0.00153350915961615,0.980826812306432,0.554,0.333,1
"RPP30",0.00158470901806641,-1.30842146121512,0.179,0.417,1
"ID1",0.00164134875542449,-5.26275590596912,0,0.159,1
"PATL1",0.00171306381680567,1.40667117843904,0.321,0.129,1
"TMEM251",0.00180754939481846,-1.47988779467316,0.089,0.295,1
"FAM89B",0.00182652839611709,0.907528295443567,0.679,0.515,1
"METTL21A",0.00186159555921775,-1.54005410845536,0.107,0.326,1
"GLI4",0.00187792978144336,-2.14934539323287,0.036,0.22,1
"KDM1B",0.00193639955124936,-2.23130591267247,0.036,0.22,1
"TMEM41B",0.00196261305746169,1.37758573664436,0.482,0.28,1
"SLC25A6",0.00196865536382712,-0.359253591439648,0.946,0.977,1
"MX1",0.00199113682969251,1.8311705583868,0.25,0.083,1
"ARHGAP1",0.00205253545129342,1.39015893182242,0.429,0.242,1
"SPNS3",0.00206698148722759,1.55485709353655,0.375,0.182,1
"INTU",0.00214439350361461,1.47734701662927,0.214,0.061,1
"ATP13A3",0.00225870145384443,1.39233323443365,0.321,0.129,1
"LTC4S",0.00226910930646552,-1.43559638591365,0.107,0.341,1
"JUP",0.00235537620529038,0.925085175001962,0.554,0.356,1
"RCSD1",0.00239118066478519,-0.833602297558573,0.518,0.727,1
"COMMD1",0.00239994836866328,0.99737050245446,0.607,0.394,1
"DUS3L",0.00258238564418094,-1.92400732606696,0.036,0.212,1
"PRSS57",0.00259965917366822,-0.590172829981231,0.589,0.826,1
"ZWILCH",0.00270530837908935,1.89195286067217,0.232,0.076,1
"CREG1",0.00279298417058557,-0.769766081334968,0.393,0.667,1
"ATP5MPL",0.00283151523300477,-0.409135096282253,0.857,0.962,1
"AC004687.1",0.00289394419708475,0.968054499816434,0.804,0.614,1
"FNTA",0.00289884893992634,0.828143283863253,0.625,0.417,1
"SNHG8",0.00294512581391058,-0.447234397598815,0.946,0.955,1
"NME2",0.00296033204360884,-0.368350559553494,0.946,0.977,1
"TRIM73",0.00297449379622102,1.26333853210399,0.411,0.205,1
"TTC33",0.00309087299483946,-2.24073859421663,0.036,0.205,1
"NEGR1",0.00312979463054675,2.02868623852689,0.286,0.114,1
"AMD1",0.00319358590327512,-0.550897394549852,0.768,0.871,1
"ANAPC13",0.00321615035854075,-1.23835885832818,0.268,0.477,1
"CD69",0.00323466965495861,-1.33847255191138,0.411,0.621,1
"ADGRG5",0.00325574821673901,2.18574618836269,0.161,0.038,1
"CYFIP1",0.00335960889042545,1.2842037059766,0.411,0.212,1
"AKAP10",0.00339375045039102,2.2916021709571,0.161,0.038,1
"DAB2",0.00340588589823115,-2.56408606169192,0.054,0.227,1
"ENPP4",0.00340588589823115,-1.94348173286609,0.054,0.227,1
"ARFGAP1",0.00347365260718099,2.32098106551284,0.143,0.03,1
"ZNF518A",0.00348853256728975,-1.30829971253533,0.179,0.402,1
"BSPRY",0.00349906274368791,-0.834931263390772,0.054,0.242,1
"FNBP1",0.00356732130641585,0.577116911399197,0.911,0.841,1
"MIR181A1HG",0.00361897407400734,-0.891660299214112,0.464,0.682,1
"C22orf39",0.00365115565566235,-0.959138489788077,0.304,0.508,1
"TEN1",0.00367965603204483,-0.386869485811906,0.107,0.333,1
"AC008915.2",0.00384031335401544,2.201064966289,0.161,0.038,1
"RAP1A",0.00395630435418185,1.09748006370472,0.661,0.492,1
"MAFF",0.00398320676103386,-2.83512986259807,0.036,0.197,1
"LINC00426",0.00399211063919467,3.13948475419671,0.125,0.023,1
"AL096799.1",0.00399450650584713,3.20493254218092,0.107,0.015,1
"NBEAL1",0.0039986125099159,-1.06990571086545,0.143,0.379,1
"GNAI1",0.00400349487959463,-1.19240890338268,0.268,0.492,1
"DPY30",0.00402057162990699,-0.725351945373477,0.304,0.576,1
"NR2C2AP",0.00405355424036783,2.00253059540905,0.143,0.03,1
"ERP29",0.00408839971702011,0.421856279151356,0.929,0.924,1
"ZBTB43",0.00414250857001004,1.42090823585076,0.375,0.189,1
"ZBTB14",0.00415664491887192,-1.51872318767076,0.018,0.174,1
"AL121658.1",0.00421196308460622,2.45780066457758,0.107,0.015,1
"PRR4",0.00421196308460622,2.49600569243236,0.107,0.015,1
"ZNF580",0.00428522826953377,-0.863927480762716,0.214,0.455,1
"CUL3",0.00428842097415846,-0.77567656727509,0.339,0.561,1
"CKB",0.00429247507034351,-2.08811308423623,0.036,0.197,1
"ILF3",0.00432325981014261,-0.584252480576527,0.518,0.758,1
"BTG1",0.00444285532103371,-0.441245423941099,0.857,0.955,1
"SNHG29",0.0044715113750902,-0.285368808763865,1,1,1
"UQCC3",0.00459327522356834,-1.07345724879986,0.161,0.356,1
"PSAP",0.00469777210077904,-0.76875188166021,0.446,0.667,1
"DDX49",0.00473643398780282,-0.905623768622154,0.196,0.432,1
"HSP90AB1",0.00501306689205429,-0.371923436320683,1,1,1
"IBA57",0.00509066137062008,-2.59100526114433,0,0.129,1
"AL162390.1",0.00509066137062008,-2.59402494337364,0,0.129,1
"CD99L2",0.00517574083005759,1.97300893130601,0.125,0.023,1
"IFI44",0.00522313733457929,1.36058035181786,0.321,0.152,1
"CRYZL1",0.00524176690807541,-0.457387902627625,0.232,0.455,1
"CBX5",0.005479431255456,-0.458237247752226,0.339,0.621,1
"SLC25A30",0.00577930533753997,2.3804891751396,0.161,0.045,1
"LRIF1",0.00586667891359564,-2.01729230820165,0.054,0.212,1
"GATA2-AS1",0.00589075670958969,1.67425189087494,0.214,0.076,1
"ARHGAP9",0.00600568437512212,-0.877540538918013,0.232,0.447,1
"CD38",0.00608992138825421,-1.03632659752545,0.232,0.462,1
"SEC23A",0.00614090438998128,1.62941731366168,0.304,0.144,1
"UGGT1",0.00622338352847413,-1.3891681434928,0.107,0.295,1
"RPL12",0.00644707480499871,-0.277665191389004,1,1,1
"SYPL1",0.00648961304558455,-0.416050377416444,0.625,0.795,1
"YEATS2",0.00655074018415873,-1.69770609208116,0.054,0.212,1
"ST7-AS1",0.0067284095717541,-2.74804245607546,0,0.121,1
"PPP1R15A",0.00677601557950726,-1.22408676575878,0.375,0.591,1
"LAPTM4B",0.00684328132340853,-0.562702783872647,0.429,0.636,1
"ATP10D",0.00691898145143127,1.73782743149807,0.268,0.121,1
"LRRC8B",0.00696166451030506,-1.65796331710252,0.018,0.159,1
"PIM3",0.00705626255799002,1.79541805429306,0.393,0.235,1
"TXK",0.00708259582548544,-2.33966185845419,0.018,0.152,1
"DICER1",0.00710656477640696,1.16122424487925,0.554,0.379,1
"ZNF281",0.00720794156968304,-1.1321389658036,0.179,0.379,1
"SUV39H2",0.00747331821935654,1.87603220703973,0.214,0.083,1
"NAT10",0.0074896892280908,-1.29430644272113,0.089,0.265,1
"CCDC85B",0.00762581864346238,-0.689202523914701,0.536,0.742,1
"GLIDR",0.00767129616490217,-0.825920655898098,0.071,0.25,1
"NFKBID",0.00770606818052465,2.12571245704625,0.214,0.083,1
"IFI44L",0.00782608238686158,2.44115708357159,0.232,0.091,1
"RBFA",0.00794472306029795,-0.566439362417744,0.286,0.515,1
"IRS2",0.00814276943991676,-1.6980094023998,0.125,0.303,1
"EIF4E",0.00824204496141794,-0.403766714885583,0.375,0.598,1
"AC244502.1",0.00826757895713819,-1.60307284204672,0.179,0.356,1
"HDDC3",0.00830882562927908,-1.31016485544466,0.196,0.371,1
"HNRNPA1",0.00852975207212812,-0.260947108441637,1,1,1
"TLE4",0.00853702343118466,-0.918037178344001,0.339,0.545,1
"TAF8",0.00854937338712775,-0.991213794367208,0.125,0.333,1
"MMGT1",0.00856830471267632,-1.17172815139037,0.179,0.371,1
"ABCD1",0.00856878328829098,2.07361205727095,0.143,0.038,1
"ISG20L2",0.00861274301799251,-1.23566940748227,0.071,0.242,1
"ECHDC2",0.00892345345995481,2.2715517153647,0.179,0.061,1
"CCDC189",0.00892844727796209,1.51341393213074,0.232,0.091,1
"ERVK13-1",0.00899621636519195,1.62019537287562,0.196,0.068,1
"TMPRSS9",0.00904497617168442,1.46405870860121,0.161,0.045,1
"IDH2",0.00918373894764823,-0.433187268706443,0.607,0.788,1
"TNFRSF14",0.00925520024810433,-0.874550955243287,0.196,0.417,1
"PUS1",0.00928860156732962,-2.36429646077055,0.018,0.144,1
"HLA-A",0.00957562773281214,0.354002821565928,1,0.977,1
"ZBTB48",0.00969540971071532,1.49350455537909,0.304,0.144,1
"ATPAF2",0.00978248744706967,-0.981334667235925,0.071,0.235,1
"APOBEC3F",0.00987953443058807,1.437437576825,0.232,0.091,1
"RTN2",0.00989892872760747,-1.80051564163617,0.018,0.144,1
"TXNDC9",0.00991822169869949,-0.879126212892774,0.25,0.462,1
"NBAS",0.00998224638896943,-1.04396870032968,0.25,0.417,1
"STUB1",0.0100243338818741,-0.413441426029152,0.482,0.712,1
"CYFIP2",0.0100274317876687,1.00848306519328,0.589,0.447,1
"ANXA6",0.0100282262699852,0.829312458456001,0.518,0.333,1
"PKD2",0.010077991540672,-1.14807962420538,0.107,0.288,1
"LUC7L3",0.0102524801507505,0.587419658640354,0.946,0.879,1
"CASP8",0.0103665444173927,0.761852953538639,0.607,0.462,1
"POLR2B",0.0105725280377059,0.741513726466354,0.679,0.5,1
"SLC7A5",0.0108678180891044,2.05994518145193,0.125,0.03,1
"PDAP1",0.0109312710672053,0.753581978187826,0.714,0.682,1
"CORO1B",0.0109774311185284,-0.919459511350846,0.268,0.447,1
"PRKAR1B",0.0110942624081547,2.0712851405927,0.125,0.03,1
"CYTH1",0.0111745829749518,1.05964463381099,0.5,0.371,1
"FSCN1",0.0113092781523227,-1.25021039449715,0.125,0.295,1
"AC016727.1",0.0113248884004368,1.96580463433394,0.125,0.03,1
"KTN1",0.0113264029207596,0.455207657389859,0.893,0.886,1
"IQGAP1",0.0114251411142496,0.586514123771157,0.714,0.583,1
"ECSIT",0.0114429476297552,-1.00990196496489,0.161,0.348,1
"TSPAN32",0.0114894658100555,-1.19301453738085,0.179,0.356,1
"SMCR5",0.0115597610950123,2.1198594804876,0.125,0.03,1
"IRF9",0.0116303514545714,1.09856253612556,0.464,0.295,1
"TFG",0.0116886906225256,-0.844562873357238,0.286,0.485,1
"LINC02232",0.0117100930845968,-2.00250558094488,0,0.106,1
"ARMCX5",0.0117100930845968,-2.13998431773859,0,0.106,1
"RRP1",0.0117584982905329,-0.936022827260045,0.054,0.212,1
"DLEU1",0.0117723936691096,-1.22338704833075,0.125,0.303,1
"TMEM59",0.0117800484103861,0.440689582341652,0.893,0.864,1
"CENPC",0.0120159896385737,1.09886499710623,0.554,0.447,1
"C7orf25",0.0120425104732549,1.79758800909678,0.125,0.03,1
"MTG2",0.0120698141291192,1.62324921671422,0.232,0.098,1
"MTIF2",0.0121492701799408,-1.15116363389956,0.143,0.311,1
"PABPC1L",0.0121622716540685,2.44441595196894,0.107,0.023,1
"ENDOG",0.0121846801636769,-1.07033960091033,0.089,0.25,1
"RNF40",0.0122857585849325,-1.08373606644321,0.107,0.28,1
"KCTD12",0.012290520991411,1.57518280522084,0.125,0.03,1
"DENND2D",0.0123563823689651,-2.29412866013025,0.018,0.136,1
"TIGD2",0.012437623950856,2.555417829976,0.107,0.023,1
"IL2RA",0.012437623950856,2.84256413242133,0.107,0.023,1
"STX16",0.0124412855247782,0.623080353641413,0.696,0.515,1
"INF2",0.0125179933342093,-1.15832816268417,0.018,0.144,1
"OGFR",0.0126293232458996,-1.03617813069303,0.089,0.265,1
"CFDP1",0.0126648085474176,0.636709071417835,0.732,0.636,1
"FGD6",0.0128001539872307,1.88108732006726,0.125,0.03,1
"POLA2",0.0128220678081593,1.44028572715449,0.179,0.061,1
"SMIM10",0.0128785218779593,-1.1383817762539,0.071,0.227,1
"CDK2AP1",0.0129739998995484,-0.343303946998222,0.643,0.803,1
"SLC33A1",0.012988116006306,1.08774015615861,0.375,0.22,1
"CATSPERG",0.0130049408460335,2.13745673311627,0.107,0.023,1
"NFKBIA",0.0130513744488193,-0.653855818436903,0.589,0.78,1
"TMED1",0.0130944588594708,-1.3110789402929,0.125,0.288,1
"INPP4B",0.0131221851828421,-0.909994855524504,0.089,0.242,1
"RNF139",0.0133482726264866,-0.654006466255865,0.321,0.5,1
"JUN",0.0133770338568004,-1.12125482179996,0.446,0.652,1
"TUBGCP4",0.0136265205429093,-1.05988516630151,0.089,0.258,1
"MTFR1L",0.0137254133064672,-1.48733421143291,0.071,0.22,1
"SNRPD3",0.0137746883168133,0.676626061180958,0.804,0.697,1
"PKNOX1",0.0138171345210626,1.30195893564879,0.268,0.129,1
"TRIM34",0.0138449210097317,1.38489003103474,0.232,0.098,1
"NHSL2",0.013958450519964,1.13358735064281,0.25,0.106,1
"RAD21",0.0140455095843773,0.500045428884792,0.857,0.758,1
"NUDCD2",0.0140880672453245,-0.808955316802746,0.482,0.621,1
"SENP6",0.0141057422473472,-0.667688752039281,0.446,0.667,1
"EVL",0.01415927143566,1.04161399622082,0.625,0.5,1
"ICAM4",0.0141796404059805,-1.62859724950072,0.125,0.28,1
"CENPX",0.0142314829520475,-0.827106736725125,0.25,0.447,1
"XYLT1",0.0143049129354677,1.0760414376548,0.357,0.205,1
"AL450998.2",0.0144590255138538,-0.708679090031529,0.232,0.432,1
"TMEM60",0.0144593808989945,-1.35688472450592,0.054,0.197,1
"FAM50A",0.0145399174871051,-1.12568888072645,0.125,0.295,1
"ADA",0.0146322850829326,1.1253888585574,0.5,0.341,1
"ZNF347",0.0146665388218228,1.70318756969595,0.161,0.053,1
"ZNF302",0.0147560179165948,-0.678999773670084,0.304,0.515,1
"OLA1",0.0148204369311029,-0.336526582100885,0.696,0.841,1
"UBE3A",0.0149110311524424,0.837153079910919,0.589,0.477,1
"MRPS28",0.0149250685164932,-0.922045186197359,0.25,0.439,1
"SMAP2",0.0150152324540005,-0.781166067158547,0.554,0.697,1
"MRPL32",0.0150532435783878,-0.770251979034788,0.321,0.523,1
"CLDN10",0.0151493073076091,-1.88366478440935,0.036,0.167,1
"WAKMAR2",0.0151656772295195,2.01290242812132,0.161,0.053,1
"HNRNPA3",0.0152072185805486,0.336093389997855,0.875,0.932,1
"FCER1G",0.0153508816775985,-0.797783988661552,0.179,0.371,1
"BLMH",0.0155012902375303,-0.658394193163812,0.232,0.439,1
"JARID2",0.015502293833152,-0.527638252600973,0.464,0.644,1
"HIST1H2AD",0.0155095949467976,0.939772609635695,0.107,0.023,1
"FAM83D",0.0155095949467976,1.315084560391,0.107,0.023,1
"MRNIP",0.0155366185736193,1.49061292040706,0.196,0.076,1
"GRK6",0.0155538010287796,-0.544723641772158,0.268,0.5,1
"SMARCC2",0.0155791455405234,0.783901390392981,0.75,0.591,1
"HIST2H2AA4",0.0156171186130383,2.14570192230554,0.143,0.045,1
"CALM1",0.0156533271347111,0.292023983542937,0.929,0.924,1
"RPP25L",0.015669361584901,-1.03569158910314,0.161,0.326,1
"PELI2",0.0156728717324574,-0.829803059338155,0.125,0.295,1
"IMMP1L",0.0157951943736363,-0.447868224183075,0.232,0.424,1
"TSSC4",0.0160916926622808,-0.69218767347053,0.232,0.424,1
"EXD3",0.016322093586119,-0.694689502609535,0.107,0.273,1
"NFIA",0.016336718227571,-0.319733538953626,0.25,0.447,1
"GABPB1-IT1",0.0165011306589539,0.40634705631659,0.804,0.644,1
"ST13",0.0165783965462526,0.327496661808457,1,0.955,1
"SEPTIN1",0.0166288394978283,-0.93073757532173,0.196,0.371,1
"C4orf46",0.0166680731530876,-1.80412633757152,0.018,0.129,1
"GPN1",0.0167093381520318,-1.02012207218899,0.214,0.364,1
"POLR3A",0.0167557404626615,1.35500330461275,0.25,0.114,1
"AC007383.2",0.0167574034378892,1.91420348343157,0.143,0.045,1
"ASL",0.0167671853676633,-1.15782897800194,0.089,0.242,1
"IMPDH2",0.0168134217088764,-0.451734792322849,0.625,0.788,1
"BIVM",0.0168840127040369,-1.36711489742531,0.071,0.22,1
"KIAA1841",0.016930758188257,-2.15901776093811,0.018,0.129,1
"N4BP2L1",0.0169592316578897,-0.320753818454741,0.321,0.561,1
"MRPL15",0.017019430442086,-0.750001672021926,0.25,0.447,1
"VTI1B",0.0173691787019996,-0.688608072229518,0.357,0.553,1
"TNFAIP3",0.0174400348104593,-2.10906607979992,0.143,0.303,1
"PGM1",0.0175280089677442,-1.1915626843216,0.125,0.288,1
"FAM117B",0.0176352815516482,1.44047442440559,0.214,0.091,1
"TMEM242",0.0176503787665812,-0.937218168028919,0.161,0.333,1
"TRIB2",0.0177023382675884,1.10006050867572,0.429,0.273,1
"ARHGDIB",0.0177406415570743,-0.298064081025591,0.982,0.977,1
"PRDM8",0.0177407361646213,-1.71552616654985,0.018,0.129,1
"IKBIP",0.0178277131521547,-1.00549431499859,0.161,0.333,1
"TPM1",0.0178769554408438,-0.741775311936931,0.339,0.545,1
"TWNK",0.0180181747341429,-1.70588047273148,0.018,0.129,1
"HYI",0.0180552476705276,-0.868340165909454,0.232,0.417,1
"SNRPA1",0.0180956885784168,-0.568129599574095,0.375,0.606,1
"TALDO1",0.0181485321204734,-0.275853499741189,0.875,0.955,1
"GNL3",0.0183395426743438,-0.63880201225074,0.321,0.553,1
"ALG5",0.0183853693583699,-0.606710509722293,0.321,0.523,1
"PLP2",0.0184539697136981,-0.625812028295331,0.554,0.742,1
"LSM2",0.0186058665949833,-0.391414211843304,0.732,0.871,1
"ALPK1",0.0186570918950493,-1.34022424386988,0.071,0.212,1
"CCDC90B",0.018763445295108,-0.55311566198392,0.286,0.5,1
"TEC",0.0189064825119759,-1.53022984164942,0.125,0.265,1
"PGRMC1",0.0189485639436207,0.919958172865118,0.518,0.371,1
"PPP1R18",0.0190206104791653,0.976707779886568,0.625,0.5,1
"BNIP2",0.0193565957102107,0.624575363800908,0.75,0.606,1
"CNIH4",0.0194047846413257,-1.28361112705134,0.054,0.189,1
"TUBB6",0.0194824948239364,-0.647589218659661,0.107,0.288,1
"COPS3",0.019571849776091,-0.505565840092975,0.429,0.614,1
"YTHDF2",0.0198035423579194,-0.615963027323099,0.518,0.689,1
"SMAD4",0.0198057995992675,-0.702046902185173,0.286,0.462,1
"MDM4",0.0200340863901542,0.466388384140033,0.839,0.697,1
"CALM2",0.0200425720213719,0.714434249259336,1,0.992,1
"RAB4A",0.0200847089787712,0.577489243468223,0.679,0.553,1
"OTUD6B-AS1",0.0201693119697953,-0.820550613395533,0.393,0.545,1
"SVIP",0.020280401902954,1.18947419446163,0.554,0.417,1
"KPNA6",0.0202857493780264,-0.273133540309345,0.161,0.348,1
"RNPS1",0.0203535466178773,-0.317969003320145,0.464,0.735,1
"FES",0.020366408668371,-0.715845061992925,0.25,0.432,1
"ABLIM1",0.0204679482305006,1.07943864922629,0.429,0.295,1
"NDN",0.0206913716169905,-0.920553915646478,0.196,0.364,1
"HSPA14",0.0207041153271297,1.10963314537595,0.161,0.053,1
"NSL1",0.020733629508103,0.952732626993503,0.482,0.333,1
"SAE1",0.020735040984837,-0.846267579764809,0.125,0.288,1
"NOA1",0.0208130365616112,-0.621811485688311,0.321,0.553,1
"SOCS2",0.0208678561200339,-0.973121791051685,0.286,0.447,1
"MCPH1",0.0209426764616197,-0.372007777132374,0.214,0.402,1
"IRF2BP2",0.0209491856268792,0.575058283136336,0.875,0.871,1
"LINC00954",0.0209833325192446,1.83334768572485,0.143,0.045,1
"CD68",0.0210257088131015,-1.83003345296386,0.036,0.152,1
"SSBP4",0.0211002731248481,0.674476607825686,0.732,0.659,1
"MAP3K8",0.021226206081486,1.03441135836506,0.518,0.371,1
"AP2B1",0.0212652356252948,0.696426897776485,0.679,0.591,1
"ZSCAN26",0.0213298324804514,-0.924480913725086,0.018,0.129,1
"HLA-DRB5",0.0213838388060716,-0.802917327952125,0.589,0.674,1
"YES1",0.0214797042555948,-1.20622076101622,0.054,0.182,1
"MALAT1",0.0214951058244425,0.389771895902406,1,1,1
"NIPSNAP1",0.0215020826691534,-0.774524491141099,0.268,0.447,1
"MPIG6B",0.0215313248965707,-0.434885306152478,0.089,0.227,1
"PPIE",0.0216576360951862,-0.78320996275063,0.232,0.409,1
"EPCAM",0.021755967269855,-2.3166816451488,0.018,0.121,1
"P3H4",0.021755967269855,-1.74444324077991,0.018,0.121,1
"PDCD4-AS1",0.0218330142400735,-1.40557928999153,0.107,0.25,1
"PSMA7",0.021892713927979,-0.302344390933956,0.857,0.962,1
"CHD4",0.0219578005940986,-0.323738409145543,0.625,0.811,1
"GPATCH4",0.0219865907839556,-1.30843998224552,0.196,0.341,1
"Z99127.4",0.0220015575539453,-1.11874193118323,0.054,0.189,1
"BTN3A2",0.0220141234390984,-0.849175677421917,0.161,0.326,1
"AL391069.2",0.0220607726480104,-0.853798417789463,0.143,0.303,1
"KDM4C",0.0220742720233839,-0.86316560785627,0.107,0.273,1
"HSP90B1",0.0221112334679821,0.346701414768332,0.929,0.894,1
"DDX3X",0.0221748890184758,0.396192394300988,0.946,0.871,1
"PAFAH1B3",0.0222446824434011,-0.578681496667229,0.446,0.614,1
"PLEK",0.0222914495687096,-0.785516052334838,0.482,0.682,1
"CLNK",0.0223111832527317,1.54596161463597,0.232,0.106,1
"NHLRC3",0.022387625193564,0.662618887763381,0.625,0.508,1
"ZNF688",0.022540007190503,0.941005754710815,0.304,0.159,1
"RIPOR2",0.0226869374230423,0.819743504843117,0.679,0.636,1
"HBB",0.0227030387714975,-3.71323035040562,0.661,0.773,1
"ZNF706",0.0228646882341447,-0.45438075402135,0.625,0.795,1
"AC123912.4",0.023018964353019,1.03476954533617,0.25,0.114,1
"LAMP2",0.0231553685211913,0.472349513496871,0.661,0.523,1
"NFIC",0.0232182910471684,-0.796779164614478,0.214,0.379,1
"ULK1",0.0234632675916024,-1.3732368524421,0.054,0.182,1
"AEBP1",0.0234807988341376,-1.54716273891872,0.036,0.152,1
"GADD45GIP1",0.0236404515120739,-0.499574862118019,0.625,0.833,1
"MOSPD1",0.0236421838187329,1.66233431762781,0.196,0.083,1
"VPS28",0.0236706977007338,-0.258636804134778,0.821,0.924,1
"CLEC4A",0.0237085338117213,2.49712975293545,0.125,0.038,1
"ZFP36L2",0.0237540133020299,-0.418177481564462,0.982,0.977,1
"EID2",0.0237706738598146,1.14928625930826,0.321,0.189,1
"PLTP",0.0237714458050026,-1.29471186251246,0.071,0.205,1
"AP3B1",0.023823589603728,1.25336928281694,0.464,0.348,1
"SCOC-AS1",0.0238675455619967,2.07736431731868,0.161,0.061,1
"FXYD7",0.0238675455619967,1.87808783882729,0.161,0.061,1
"RBMX2",0.0238979852041999,-0.436218633176175,0.304,0.515,1
"PHYKPL",0.0239276872655336,0.979377994906033,0.482,0.341,1
"TAF4B",0.024132126541039,-1.48283849788178,0.036,0.152,1
"ALG11",0.0241354744572572,1.47802326515843,0.25,0.121,1
"PTPRJ",0.0241394177417053,1.83189667922666,0.125,0.038,1
"GNAS",0.0243045068152453,0.285686842834936,0.982,1,1
"C9orf85",0.0243821110778749,-1.3270557321965,0.089,0.227,1
"BICD2",0.0244244211330957,-1.43965252837751,0.161,0.311,1
"TTC3",0.0244648304831129,0.619657803140416,0.893,0.841,1
"LRRC37B",0.0247186632478664,1.61938975680387,0.25,0.121,1
"SOX4",0.0247603274088336,0.486294187065105,0.946,0.947,1
"LGMN",0.0249682682077233,1.76919839827375,0.196,0.083,1
"LPP",0.0249746121469689,1.50294804916667,0.375,0.235,1
"DHX9",0.0250798412577699,0.617275175050731,0.661,0.606,1
"ARHGEF12",0.0252127646951439,1.46069299318265,0.25,0.129,1
"SNHG4",0.0252881192853965,-1.30683670912642,0.054,0.182,1
"EPHB6",0.0254578279766328,1.27720108714825,0.286,0.152,1
"ETNK1",0.025545321553,-0.646813975107884,0.482,0.614,1
"NSMCE3",0.0255479155538641,-0.665786044881116,0.196,0.386,1
"GIHCG",0.0256015168692323,-0.398199398101639,0.714,0.833,1
"METTL7A",0.0256748856355387,-0.776131700876076,0.25,0.447,1
"FUBP1",0.0256993202396104,-0.364117824507897,0.5,0.712,1
"CYTH4",0.0258899854446579,1.42745677424316,0.304,0.174,1
"WARS",0.025920103515052,1.86290086534313,0.214,0.098,1
"SMIM26",0.0259747425264224,-0.320828162667357,0.875,0.932,1
"GLMP",0.0261809489168768,-1.03256092600598,0.036,0.152,1
"RAB37",0.0262577866933595,-0.625447225860318,0.429,0.636,1
"NDUFC1",0.0262690091184802,0.492856713459929,0.786,0.72,1
"SUSD3",0.0263582790822433,1.54190981188252,0.196,0.083,1
"AC007336.1",0.0265536950528357,-1.43790525798907,0.018,0.121,1
"NOC4L",0.0265718372928699,-0.847777830752752,0.054,0.182,1
"EID1",0.0266151509098921,0.275944950833338,0.964,0.992,1
"GSTM3",0.0266348203493558,-2.36992800320177,0.089,0.212,1
"CTR9",0.0267256017493209,-0.834958086569201,0.393,0.538,1
"RELA-DT",0.0269316060464613,1.42518476607187,0.214,0.098,1
"SRM",0.0269417385875497,-0.456211302685035,0.321,0.568,1
"PREB",0.0269579922363341,-1.47263796277967,0.018,0.121,1
"RREB1",0.0271549893936157,-0.450792584625108,0.25,0.455,1
"PNRC2",0.0275210764494677,0.422791217088075,0.804,0.697,1
"LGALS9",0.0275807331147823,0.742624024771077,0.696,0.561,1
"XIST",0.0276010178005831,0.471878168179019,0.929,0.924,1
"WDR55",0.0276247185019994,-2.08294894016413,0.054,0.167,1
"CMIP",0.0277381819404705,0.907989952996943,0.482,0.356,1
"NCAPH2",0.0278146556810046,1.42332847743085,0.196,0.083,1
"CACNB4",0.0278375624296387,1.49011688354658,0.125,0.038,1
"ZNF789",0.0281491698249022,-1.21444272667698,0.071,0.197,1
"ATP5F1D",0.0282334811238845,0.402704474554647,0.893,0.947,1
"TARDBP",0.0283486100192497,0.412163599417455,0.607,0.439,1
"XPO4",0.0284288293246171,-1.33181261187533,0.107,0.242,1
"AGO4",0.0284517881959092,1.17267118822592,0.304,0.174,1
"VAPA",0.028466494520704,-0.250818801792765,0.839,0.909,1
"FERMT3",0.0285041681788538,-0.641465455131055,0.571,0.682,1
"NKAP",0.0286580430749428,-0.645403836572626,0.321,0.5,1
"ZNF595",0.0286850141638509,-1.50800787460329,0.054,0.174,1
"TRAM2-AS1",0.0286853261980994,1.85912424721818,0.179,0.076,1
"RICTOR",0.0288189697559213,1.02790752470479,0.518,0.371,1
"POGLUT3",0.0288350572381886,2.21608100890748,0.125,0.038,1
"STAT6",0.0288850515397799,1.46091107142427,0.357,0.22,1
"RPIA",0.0289390821524602,-0.612649988189096,0.286,0.47,1
"INPP5K",0.0291453864728205,-1.11172555336013,0.036,0.152,1
"CHD3",0.0292314062462853,0.873803818805157,0.571,0.432,1
"DHCR7",0.029371488585827,-1.79648831547928,0.036,0.144,1
"FAM160B1",0.0293883794365791,0.752411797370238,0.5,0.326,1
"ARSA",0.0294251569574447,1.436211438354,0.214,0.098,1
"AGO3",0.0296172365240807,1.05193248203171,0.411,0.28,1
"TSIX",0.0296675357938254,1.2311114497522,0.232,0.106,1
"DUSP6",0.0298394665171561,-1.75432254432378,0.071,0.197,1
"EEF1E1",0.0300213165868077,-0.743414683884203,0.321,0.47,1
"HRAS",0.0300684215453011,1.05590100639075,0.321,0.189,1
"ZNF26",0.0301350067288834,0.904904882875142,0.339,0.189,1
"TGDS",0.0301589528612294,-1.64762443859756,0.018,0.114,1
"ZNF490",0.0301589528612294,-1.80288945528865,0.018,0.114,1
"NUCB1",0.0302444712244833,-0.46030218022182,0.339,0.538,1
"PTGER2",0.0303873577099725,-1.29353680288363,0.161,0.295,1
"MGST2",0.030403064193285,-0.474602697072368,0.429,0.629,1
"ZBED1",0.0307411276034642,1.22343208002886,0.268,0.152,1
"AC097534.2",0.0308949638964078,-0.894100057154261,0.071,0.197,1
"METTL15",0.0308949638964078,-1.2525548904339,0.071,0.197,1
"TNFAIP8L1",0.0308949638964078,-0.724450888337471,0.071,0.197,1
"ARFIP1",0.0309093757885363,1.1861059657908,0.304,0.174,1
"ASB1",0.031003484425312,-1.366705684389,0.036,0.144,1
"SERGEF",0.0310451639041799,-0.421769986615578,0.071,0.205,1
"EFR3A",0.0310965212245908,0.848929766846199,0.214,0.091,1
"AC092821.3",0.0311663061488232,1.15225331581076,0.268,0.136,1
"AC092329.4",0.0311675978108622,1.49114038851093,0.179,0.076,1
"DEPTOR",0.0312827095749725,-0.949867812557945,0.25,0.424,1
"SAMHD1",0.0312967098714575,0.753543863662675,0.393,0.25,1
"ATP5IF1",0.0313885255987199,0.304387436103878,0.911,0.902,1
"IFRD2",0.0313899161664643,-0.828310090122682,0.107,0.258,1
"EIF4G2",0.0315923496812303,0.447200633089849,0.875,0.902,1
"TMEM214",0.0316565373896652,-1.2360420631866,0.054,0.174,1
"KLF4",0.0318482679962265,-1.90532500153352,0.036,0.144,1
"PALLD",0.0319726490212388,0.819513344165097,0.286,0.152,1
"TRAF7",0.0320153306031341,-0.738431139190422,0.214,0.371,1
"MEPCE",0.0320405959985911,-0.532396335362177,0.107,0.258,1
"MECP2",0.0322753278385237,0.560830846994446,0.5,0.341,1
"CHMP2B",0.0323227064761377,-0.498987640580246,0.375,0.591,1
"ZNF331",0.0324394016570198,-1.07794173358901,0.054,0.174,1
"TAX1BP3",0.0324605017940193,-0.61549490295508,0.179,0.341,1
"AC144652.1",0.0327127104344677,-1.2762968596236,0.036,0.144,1
"RBM45",0.0328370144203911,-1.23567560455206,0.054,0.174,1
"YTHDF1",0.0328444770480325,-0.800777092256692,0.161,0.326,1
"PAWR",0.0329157292453407,0.838536461161271,0.429,0.288,1
"DDX21",0.0329455431498466,-0.514347123181899,0.536,0.674,1
"AC027644.3",0.0329665066817288,-0.775923750792273,0.143,0.303,1
"RAD51C",0.0330292871222837,-0.679143698527088,0.161,0.318,1
"RGL4",0.0330738611366556,-1.32439789071467,0.089,0.22,1
"FRMD4B",0.0330806999351084,1.56561868955801,0.429,0.333,1
"MIPEP",0.0331524147973049,-1.11079587685274,0.036,0.144,1
"ST3GAL5",0.0331658230926092,1.89698993854949,0.143,0.053,1
"ARF1",0.0332020278401609,-0.335434425179892,0.679,0.879,1
"YBX1",0.0332385671623621,-0.259377263550316,1,1,1
"SDK2",0.0332588929762414,1.78983778597163,0.107,0.03,1
"TAF7",0.0332889316009568,-0.367584828187383,0.714,0.879,1
"LRCH3",0.0335038192656514,-0.656203497405858,0.161,0.311,1
"TMX4",0.0335256467525566,0.62365561367974,0.607,0.47,1
"MRPS11",0.0335970465833675,-0.65354114263519,0.268,0.455,1
"FAM169A",0.0336102210755872,1.33336533235448,0.232,0.114,1
"PDZD11",0.0336447702121349,-1.04637428488944,0.054,0.174,1
"AC005632.3",0.0336837684286338,1.88436956533509,0.143,0.053,1
"ZIK1",0.0336841317492414,1.62866179601253,0.143,0.053,1
"SLC39A4",0.0338116249241591,-0.633684545754826,0.214,0.394,1
"ZBTB44",0.03386232896561,0.668037439182884,0.679,0.53,1
"TRAPPC8",0.0338896600183772,1.10235364947841,0.321,0.189,1
"CHKA",0.0341366118204183,-0.682311829385238,0.161,0.311,1
"SRPRB",0.0342260593789657,-0.83536649275113,0.125,0.273,1
"GMDS",0.0343936461790172,-0.799279217258625,0.107,0.25,1
"ASB13",0.0345262149374881,1.65020377016744,0.107,0.03,1
"RNF43",0.0345262149374881,1.78825119549424,0.107,0.03,1
"SNX3",0.0346646020606673,0.327828856421293,0.911,0.917,1
"AC099791.2",0.0346783107499846,1.35479988408321,0.214,0.106,1
"SEC24D",0.0347623505818697,-1.60728816433336,0.036,0.136,1
"SKA2",0.0351209507434891,-1.04008866314652,0.179,0.326,1
"PLBD2",0.0351751975288551,1.44755608998555,0.107,0.03,1
"CSTF2",0.0351751975288551,1.51233039420387,0.107,0.03,1
"HIPK3",0.0352712834900158,-0.88290548345051,0.232,0.394,1
"FAM13A-AS1",0.0352808147008588,1.51919492799479,0.143,0.053,1
"ATL1",0.0354275675428666,-1.09967624767926,0.036,0.144,1
"KLHL8",0.0356359973187316,1.19477162340136,0.232,0.114,1
"CPOX",0.0357144790447666,-1.74420724970482,0.036,0.136,1
"MRPL38",0.035755080525184,-0.470239593533268,0.411,0.568,1
"MICAL2",0.0358982426711154,-1.31353572767354,0.036,0.144,1
"HSPA1A",0.0359090358498253,-0.576161146706006,0.321,0.477,1
"DBF4",0.0360601919727472,-0.879294733744081,0.089,0.22,1
"DRG2",0.0361936153370397,-0.793340664973503,0.107,0.25,1
"RNF8",0.0362663198217354,-0.807494645872504,0.161,0.303,1
"SUN2",0.0364456486102556,0.936265176248979,0.446,0.326,1
"CTDSPL",0.0366066852249133,-0.982043605447385,0.125,0.265,1
"NDUFV3",0.0366831773850448,-0.825818246900508,0.25,0.402,1
"FKBP8",0.0367216866414842,-0.288405269287314,0.643,0.773,1
"ABCG1",0.0367663642817537,1.11970142767856,0.214,0.098,1
"DPM1",0.0368019811868917,-0.67167754474928,0.268,0.409,1
"MOK",0.0368556053064351,-1.09911642447146,0.036,0.144,1
"EFHC2",0.0369236411324135,-1.30574723716345,0.071,0.189,1
"AC020916.1",0.0370667789861448,-1.06815336295772,0.339,0.485,1
"ZNF699",0.0371253205682921,1.07313254193539,0.196,0.083,1
"FAAP20",0.0372140512033608,-0.278535191850825,0.446,0.636,1
"ZC2HC1A",0.0372163581004668,1.16177739484205,0.214,0.098,1
"AC008875.3",0.0374626163074532,-0.407499724255357,0.196,0.348,1
"ULK2",0.0375098524464518,1.54223766853078,0.143,0.053,1
"TOP3A",0.0376710320769147,1.29176970179035,0.214,0.098,1
"DTYMK",0.0376897204253685,-0.690812159251203,0.161,0.326,1
"NSD1",0.0377225805816228,0.556703331885525,0.554,0.455,1
"BEX5",0.037799888524166,-1.43411149972318,0.089,0.205,1
"AC083799.1",0.0378762509261764,1.1855300735362,0.107,0.03,1
"Z97192.1",0.0378762509261764,1.53677691490502,0.107,0.03,1
"ANGPT1",0.0379157358403122,-0.382751160989453,0.25,0.424,1
"CREBZF",0.0379210906336907,0.642829874790372,0.536,0.371,1
"GPR108",0.0379906963997797,-0.957588587970005,0.125,0.258,1
"D2HGDH",0.0380854787674958,-1.67517746331144,0.018,0.106,1
"PPID",0.0381051583627579,-0.582157850266623,0.214,0.394,1
"CCDC125",0.0383317566690476,0.818386823713479,0.357,0.212,1
"HMG20B",0.0383521086254893,-0.275242429995588,0.411,0.598,1
"NNT",0.0383594886577613,0.543580379511186,0.482,0.318,1
"SLC38A2",0.0383775292994373,0.820854385050419,0.732,0.659,1
"CARD19",0.0386409997458319,0.593195822946179,0.625,0.508,1
"EVI5",0.0386685997030837,-1.72839411266369,0.018,0.106,1
"KCTD15",0.0386685997030837,-1.55881071635126,0.018,0.106,1
"NKTR",0.038908436927911,0.476953103005026,0.821,0.78,1
"PLEKHO1",0.0390039811715678,0.71017079044996,0.607,0.508,1
"RECQL",0.0390832058450753,1.02211219574071,0.429,0.303,1
"MANBAL",0.0390847688541951,1.28898310244029,0.232,0.121,1
"RAN",0.0390918742699499,-0.252177265482076,0.804,0.924,1
"NDUFV1",0.0392023413756458,-0.358084563905096,0.375,0.576,1
"MRPL37",0.0392134246103324,-0.539554760606037,0.268,0.455,1
"COX6B1",0.0392177220600589,-0.251014694574439,0.911,0.97,1
"NEMP2",0.0392240044477612,-1.43016535982169,0.036,0.136,1
"PIK3R6",0.0392592898513499,1.83469649175103,0.143,0.053,1
"ZNF891",0.0395296481894512,-1.35617677377522,0.071,0.189,1
"SPRYD4",0.039537278758758,-1.1359410259112,0.054,0.167,1
"SEPTIN9",0.0395449040611084,1.09078264818157,0.446,0.318,1
"FAM214A",0.0395801722519162,-0.679952717742925,0.232,0.386,1
"ATAD2B",0.0397756940921436,1.01428390225714,0.429,0.295,1
"VDAC1",0.0397800595051837,-0.420762585844334,0.625,0.773,1
"KLHL9",0.0397862799471996,-0.849844193582454,0.161,0.303,1
"MTMR10",0.0398576241859804,1.19044232335262,0.143,0.053,1
"LSM14A",0.0399185549872446,0.649582469258477,0.661,0.621,1
"GRN",0.039962362567619,1.18538640815664,0.429,0.318,1
"CEMIP2",0.0399788184762155,-1.41833405486919,0.071,0.189,1
"PIK3R4",0.0400160533540194,0.674547517434887,0.107,0.03,1
"GABARAPL1",0.0401136956632379,-0.868711892687898,0.089,0.22,1
"ADGRE2",0.0401309720223051,1.41533522679151,0.25,0.136,1
"Z83843.1",0.0401756113087911,0.845248370717868,0.321,0.182,1
"HAGH",0.0401891852100088,-0.763839869971662,0.143,0.273,1
"RNASEK",0.0403477901205731,0.25929989070882,0.946,0.955,1
"SLC30A6",0.0404136603941536,1.56090034945908,0.161,0.068,1
"ERMAP",0.0404636780522733,-1.70921137399644,0.018,0.106,1
"SPOPL",0.0404764559443125,0.892727751463182,0.268,0.136,1
"EIF2B1",0.0406401220638884,-0.547922818615957,0.268,0.47,1
"GAS2L1",0.0408154157280564,-1.71381166425243,0.036,0.136,1
"ELP3",0.0409107933204265,-1.09321083570294,0.089,0.212,1
"SIK3",0.0410767074607204,0.760535021240725,0.589,0.5,1
"TIMP3",0.0412164500359824,-1.39979708653758,0.107,0.235,1
"NDUFA9",0.0413118765916759,-0.802068010220827,0.25,0.394,1
"PSMD3",0.041372574271989,-0.470824323087295,0.304,0.47,1
"CPPED1",0.0414388058361793,-1.22993886899955,0.268,0.402,1
"DIAPH1",0.0416665026286143,0.430180838803498,0.607,0.432,1
"ERCC4",0.0418190413957858,-1.09361807684453,0.071,0.189,1
"MAP3K20",0.0419064843117047,-0.883951443444245,0.036,0.136,1
"EEFSEC",0.0419064843117047,-1.20178922454614,0.036,0.136,1
"PSMD12",0.0419330546906476,-0.79438881681998,0.286,0.432,1
"YARS",0.0419980117936497,0.828895890290074,0.446,0.341,1
"DHX40",0.0420643722958155,0.628371412784681,0.554,0.439,1
"PRKAR1A",0.0420909091186888,0.568329439193894,0.732,0.644,1
"TXNRD1",0.0423338831940286,-0.607615447311216,0.393,0.538,1
"TPR",0.0423568947973282,0.276248894290289,0.821,0.75,1
"LINC00672",0.0424511189795539,2.36246638006641,0.125,0.045,1
"FAM200B",0.0426733741165433,0.816947868860463,0.464,0.326,1
"HMGA2-AS1",0.0427102725089814,1.90955003140375,0.161,0.068,1
"ZNF793-AS1",0.0429666085166542,1.01800459910274,0.143,0.053,1
"GBGT1",0.0430221372853562,-1.28957008983247,0.036,0.136,1
"HDLBP",0.0430741432814146,-0.702659662314916,0.375,0.5,1
"ZMYM4",0.0431684983751469,0.715897443436806,0.464,0.318,1
"AOAH",0.0432458197231746,-1.25180816479211,0.071,0.189,1
"LSM8",0.0432659747282083,0.358830235499046,0.786,0.72,1
"GPANK1",0.0435919831099855,-0.783702951381932,0.161,0.303,1
"MZB1",0.043611794412814,1.69546865490601,0.304,0.197,1
"PEX26",0.0437304620994661,1.53449835659145,0.232,0.121,1
"ARF4",0.0437431526689755,-0.494253595099796,0.429,0.598,1
"SMAD7",0.044024886033878,-0.39345234340062,0.054,0.167,1
"XXYLT1",0.0440630851960837,-0.652252456467982,0.089,0.212,1
"CDK6",0.0441967952116718,-0.323628241928589,0.857,0.97,1
"PIK3R3",0.0442663765313763,-1.34038325435455,0.018,0.106,1
"SND1",0.0443048726849723,-0.373186682038987,0.321,0.53,1
"USP1",0.0443081217406514,0.876829357544463,0.446,0.311,1
"CHM",0.0443135209915657,1.79480412417424,0.214,0.114,1
"ASPSCR1",0.0443817720541715,-0.549442217390035,0.143,0.288,1
"RWDD4",0.0445116765312716,-0.623930371368944,0.304,0.5,1
"RILPL2",0.0446487104545701,-0.425696175547142,0.571,0.742,1
"CBL",0.0446820973380566,1.12489422327491,0.25,0.136,1
"LYSMD3",0.0447051559410375,-0.823349048859075,0.196,0.333,1
"MRPL23",0.0448909860352678,-0.377530986890647,0.304,0.492,1
"TESPA1",0.044966602807265,-0.582579322414665,0.393,0.576,1
"XBP1",0.0449716317118819,0.41011847831616,0.768,0.667,1
"NXT1",0.0451615335499707,-0.75784660174144,0.25,0.417,1
"RRP12",0.0451643378727828,-1.90908092054563,0.036,0.129,1
"AC004918.1",0.045240013653592,1.88329488718506,0.125,0.045,1
"RETREG1",0.045318910238371,0.932454002456379,0.232,0.114,1
"SLF1",0.045318910238371,0.987646774888057,0.232,0.114,1
"MRPL51",0.0454099892332309,0.326692449337853,0.821,0.811,1
"TBC1D17",0.0454523434800315,1.05134391287523,0.196,0.091,1
"SGK3",0.0455002064868788,-0.592039319075937,0.304,0.447,1
"SSR3",0.0455750492254171,0.562992448780611,0.786,0.689,1
"SRD5A3",0.045593937887809,-1.14665759586826,0.107,0.242,1
"COL18A1",0.0455991728817788,-1.16630140764816,0.018,0.106,1
"FCHO2",0.0457151447034052,-1.02416826343616,0.071,0.189,1
"FERMT1",0.0457151447034052,-0.924261834821495,0.071,0.189,1
"ELOVL5",0.0457582648731117,-0.617675054992633,0.429,0.606,1
"MRPS14",0.0458818572637066,-0.823038747405196,0.196,0.333,1
"GNL3L",0.0459047576041185,-0.706487314553209,0.214,0.364,1
"ZNF684",0.0459608864570053,1.65273183975918,0.125,0.045,1
"PLGLB2",0.0459608864570053,1.63642915481947,0.125,0.045,1
"ADAT1",0.0460107333477949,1.1900460313928,0.196,0.091,1
"AC020910.5",0.0462230070191944,1.10595601492467,0.232,0.121,1
"E4F1",0.0462781522958543,-1.08736372047367,0.018,0.106,1
"A2M-AS1",0.0464196642102886,-1.3945446840805,0.054,0.159,1
"SNAPC2",0.0464196642102886,-1.20615917931959,0.054,0.159,1
"METRNL",0.0464421573918932,1.39382973901173,0.286,0.174,1
"NFE2L2",0.0464842016115206,-0.402823796714399,0.357,0.553,1
"PAPOLA",0.0465791966094525,0.488783278851757,0.893,0.879,1
"AKT1S1",0.0467356117174135,1.07779576664223,0.232,0.121,1
"ZNF888",0.0469656241877202,-0.771861802583428,0.018,0.106,1
"EFCAB11",0.0469987724951611,-1.7864440494756,0.036,0.129,1
"UQCR11",0.047011911454248,0.275868860221977,0.929,0.909,1
"NR4A2",0.0471311303533586,-2.07397592030476,0.071,0.182,1
"SF3B3",0.0473133364088156,-0.649107677329434,0.214,0.394,1
"WDR45B",0.0473638040831871,-0.667794128348869,0.339,0.5,1
"GYG1",0.0473950714306033,-0.595244800969326,0.161,0.311,1
"ZNF551",0.0481102779746249,-1.32752128462354,0.054,0.159,1
"RARS",0.0481540927583793,-0.759247700335583,0.179,0.333,1
"PCTP",0.0482562339744119,-1.34956728762911,0.036,0.129,1
"ACADVL",0.0483579490368517,-0.484331840912168,0.357,0.523,1
"VILL",0.0483580672002702,-0.883003896366974,0.036,0.136,1
"LEO1",0.0484102356075622,-0.5963788528057,0.161,0.295,1
"ZNF480",0.0484102356075622,-0.831239120881617,0.161,0.295,1
"TAPBP",0.0484120426690348,0.551692475172428,0.786,0.667,1
"PIGH",0.0484340840757306,-0.804219513796727,0.125,0.258,1
"UBP1",0.0486106746465429,1.13571107753064,0.321,0.189,1
"DUSP14",0.048684886384762,1.77980186602819,0.196,0.098,1
"ITGB7",0.0487831924546689,1.17720253652661,0.268,0.152,1
"PRMT2",0.0489212559188058,0.447459342183553,0.768,0.674,1
"GBF1",0.0489838798855707,-0.615967796311251,0.036,0.136,1
"RFLNB",0.049135348284162,0.554835048691271,0.571,0.462,1
"ING1",0.0491431088692668,1.5505173790256,0.25,0.136,1
"CDKN2D",0.0492074957539528,0.965116737420715,0.446,0.356,1
"CPVL",0.0492871423281483,-0.92989371376606,0.161,0.295,1
"MANEA-DT",0.049483729430657,1.06900402131912,0.196,0.091,1
"HEMGN",0.049680362164843,-0.614922998197067,0.411,0.53,1
"DDX60",0.0497801037996336,1.02748277083777,0.268,0.152,1
"BAD",0.0499070576127817,-0.917985466691875,0.304,0.424,1
"TK2",0.0499126867757781,1.1534149369957,0.232,0.121,1
"KIAA0319L",0.049943747967218,-0.712159044215654,0.089,0.212,1
"IP6K2",0.0499929482809954,-0.290314857175037,0.429,0.636,1
"USP49",0.0501429882581505,1.30140196468028,0.179,0.083,1
"ELAC2",0.0503463407205775,0.860010027977108,0.321,0.197,1
"ZNF446",0.0504921765512424,1.43132927702264,0.125,0.045,1
"MATK",0.0506911888852568,-0.683433131310387,0.268,0.439,1
"OTUB1",0.0507490023961115,-0.478873597766448,0.357,0.523,1
"C12orf57",0.0507833253406741,-0.285350103353116,0.75,0.902,1
"PYGO2",0.0508179829225603,1.99772033001544,0.143,0.061,1
"SNHG19",0.0510043842414669,-0.537411000371824,0.446,0.576,1
"ZDHHC14",0.0512659703500768,1.24809184846764,0.232,0.129,1
"P2RX7",0.0512826423145697,2.08487733915959,0.125,0.045,1
"ZNF211",0.0512826423145697,1.4419780886912,0.125,0.045,1
"UBAC1",0.0513109305692251,-0.496388765462998,0.25,0.417,1
"TMEM218",0.0514893870869414,-0.88136333480844,0.214,0.341,1
"LAMP1",0.0515410160724422,-0.587204292724327,0.446,0.598,1
"PCIF1",0.0515693114586809,-0.54424154976265,0.304,0.462,1
"IRAK3",0.0517224837116232,-0.847234908218362,0.321,0.477,1
"MRPS16",0.0517343754691578,-0.641112766503004,0.429,0.553,1
"EPSTI1",0.0517739744641522,1.03420516196454,0.464,0.348,1
"CKS1B",0.0520572168066582,-0.764992332870631,0.196,0.341,1
"SNX20",0.0520728580108726,-0.788855888935205,0.071,0.182,1
"HNRNPUL2",0.052161833569343,0.661706856517307,0.5,0.379,1
"NDUFAF1",0.0523473481066718,-1.0454928143363,0.107,0.22,1
"CBFA2T3",0.0525386940239245,0.696958313982477,0.464,0.326,1
"SERTAD3",0.0525813320137767,-0.871509325889886,0.089,0.212,1
"NUB1",0.0525976879745301,0.500785637661114,0.679,0.568,1
"MSL1",0.0526068787141623,0.89243080857058,0.375,0.258,1
"NUP133",0.0527079645464894,1.25074751491741,0.179,0.083,1
"ANP32A",0.0527630311451336,0.270811311674996,0.911,0.841,1
"EPN1",0.0527979736509008,-0.853570869072903,0.214,0.341,1
"ABRACL",0.0529213536012223,-0.390353815681364,0.696,0.818,1
"GLRX3",0.0529588286645559,-0.373151840519161,0.304,0.47,1
"FCER1A",0.0531138762000385,-0.327789754104345,0.304,0.447,1
"POU2F2",0.0531892195370636,0.839055735213775,0.375,0.242,1
"PARVG",0.0532717184843211,0.645716265425896,0.607,0.492,1
"ATP13A2",0.053366072642484,1.35516846731621,0.179,0.083,1
"NAGPA",0.053366072642484,1.28363882003813,0.179,0.083,1
"PPP1R9B",0.0535006672634726,1.37674732512234,0.232,0.129,1
"TUBA1C",0.0535998092619655,-0.324787881009492,0.429,0.606,1
"MPP1",0.0536394658427332,-0.346281295709797,0.429,0.652,1
"ARL2",0.0536653260166374,-0.430573395076774,0.446,0.621,1
"ATG4D",0.0536788599791997,1.36566323769712,0.214,0.114,1
"DDX56",0.0537108848055444,-0.980784776654219,0.161,0.288,1
"CCS",0.0538970161182552,0.544876022642405,0.589,0.477,1
"AP2S1",0.0540220799887224,-0.434450727822061,0.554,0.72,1
"CCNB1IP1",0.0540446900642549,-0.337753561402249,0.607,0.758,1
"NIP7",0.0541049825405456,-0.657885384259921,0.179,0.326,1
"ITGA4",0.054135326765861,0.302204876756833,0.929,0.939,1
"HDAC9",0.0541886461230931,0.947561787779644,0.304,0.189,1
"TIMM9",0.0542046906491182,-0.440397918385891,0.411,0.591,1
"DUSP19",0.0542698067354358,-0.977017002611582,0.036,0.129,1
"ZKSCAN8",0.054470837695877,0.911498008852778,0.339,0.227,1
"NBEAL2",0.0545134236265384,1.6646610193209,0.143,0.061,1
"POLR2J3",0.0545159840451766,0.794875847697515,0.607,0.5,1
"BDH2",0.0545858865300286,-0.6689350063117,0.214,0.341,1
"SLIRP",0.0546224690122739,-0.42474379453101,0.625,0.742,1
"HLA-DMB",0.0547286300934008,1.16140276161828,0.411,0.295,1
"MRPS25",0.0547578610611221,-0.535921555852004,0.304,0.447,1
"OSBPL3",0.054772846023109,1.32461328456622,0.268,0.159,1
"LSP1",0.0548239259894749,0.509037463537416,0.768,0.674,1
"AL157392.3",0.0548456373064324,2.94796081324995,0.107,0.038,1
"ZNF544",0.0549679645619425,-0.841672331581884,0.196,0.326,1
"EXOC2",0.0549750138173539,-1.0895202106042,0.036,0.129,1
"KCMF1",0.0550642636370483,0.688676484147156,0.482,0.356,1
"DENND11",0.0550905811803041,0.810641565728785,0.429,0.326,1
"RB1",0.0551394564517845,0.67487962098977,0.554,0.424,1
"HCG11",0.0552700329915427,-0.59610082716741,0.125,0.258,1
"MRPL1",0.055390398256107,-0.429771337284333,0.357,0.515,1
"AL118516.1",0.055457205738059,-1.16836615902198,0.143,0.258,1
"TATDN3",0.0556671958838201,0.924451779510729,0.25,0.136,1
"TAL1",0.0557138647271919,-0.717502354325742,0.125,0.265,1
"TIPARP",0.0563616490220854,-1.5172188444674,0.214,0.333,1
"CXCR4",0.0564023956823741,-0.841629126631134,0.429,0.568,1
"HIVEP1",0.0564922234686873,0.810533924059635,0.286,0.167,1
"ITGB1BP1",0.0565859918243439,-0.528737759648164,0.339,0.47,1
"DDAH2",0.056675006288129,0.536589784087217,0.75,0.735,1
"ARRDC5",0.0566907812614458,2.42882081992835,0.107,0.038,1
"TPSB2",0.0566986088115473,-1.47563327662482,0.054,0.159,1
"PWWP3A",0.0567474768353737,-0.734184118562031,0.232,0.371,1
"VPS72",0.0567570838833808,-0.684019089861786,0.268,0.417,1
"TAF12",0.0568893729927313,-0.531214327315944,0.214,0.364,1
"AC015813.1",0.0571108148529809,1.35985594652837,0.125,0.045,1
"SBF2",0.0571346255236792,1.24761577413448,0.286,0.182,1
"HIC2",0.0571366176175215,-0.875466551583651,0.036,0.129,1
"RUFY1",0.0572429811068683,-0.427644692822583,0.286,0.424,1
"NDUFS5",0.0572637959919002,-0.312513252942727,0.821,0.947,1
"ZCCHC2",0.0572746801932322,1.40763245375292,0.304,0.189,1
"EWSR1",0.0572842802804191,0.335714201552376,0.714,0.621,1
"AAGAB",0.0575207106408751,1.10017361169827,0.268,0.159,1
"C16orf74",0.0576325529311138,1.76893314903454,0.107,0.038,1
"NUDT21",0.0577007435878465,0.661441274394931,0.589,0.508,1
"SYT2",0.0579867424486436,0.669031665682027,0.125,0.045,1
"ZNF169",0.0581675239854705,1.0829240447692,0.179,0.083,1
"ZBTB41",0.0582144794336168,1.36015084115625,0.232,0.129,1
"PPOX",0.058297914308483,-1.03544467552897,0.089,0.197,1
"UBE2E2",0.0584298922478436,1.49392086488124,0.143,0.061,1
"KANSL1",0.0584463869124277,0.519694201571263,0.75,0.636,1
"BID",0.0586277644303792,0.806397111308773,0.5,0.371,1
"NDUFS3",0.0586934990238413,-0.456214021419759,0.446,0.652,1
"RNF214",0.0587535002547584,0.890636546408689,0.321,0.212,1
"PCBD1",0.0588209925970342,-0.52934326077359,0.304,0.47,1
"AL662844.4",0.0588833484596669,-0.9726317432738,0.196,0.318,1
"ZBTB18",0.0590936895661164,1.63233352286895,0.179,0.091,1
"SCAMP4",0.0593256483084987,1.01179783140065,0.339,0.22,1
"IRF2BPL",0.0593895182209924,-0.477678106454375,0.089,0.212,1
"HOOK3",0.0594201826204891,0.743911377102008,0.518,0.409,1
"ANKMY1",0.0595551355471424,1.83587345984587,0.107,0.038,1
"PNMT",0.0598341723736488,-1.49179862963017,0.054,0.152,1
"PIGBOS1",0.0600378649106903,-0.548240603891874,0.25,0.402,1
"SNU13",0.0600687860268168,-0.304507156441392,0.75,0.841,1
"CRK",0.0600890434126491,-1.60264757925441,0.036,0.121,1
"SAMD13",0.0601291514573266,-0.769955704725678,0.089,0.197,1
"THRAP3",0.060470628992718,-0.297677568790839,0.768,0.833,1
"AC114760.2",0.0605609706414799,1.08846370725306,0.286,0.159,1
"UBE2E3",0.0605658780013697,-0.462265948761004,0.571,0.667,1
"AP002748.4",0.060820783902921,1.57976147740566,0.196,0.106,1
"TMED3",0.0608574461852764,-0.453604191542855,0.464,0.614,1
"PRKRIP1",0.0608622316512945,0.750615647550227,0.339,0.205,1
"ZNF335",0.0608754789744294,-1.60714906820431,0.036,0.121,1
"GCN1",0.0609585828932142,0.884461306418953,0.286,0.167,1
"MEST",0.0611480704625242,-0.742902976945244,0.25,0.379,1
"BNIP1",0.0613321998310438,-1.18940673666033,0.089,0.189,1
"OXR1",0.0615362408460219,0.808171043928323,0.446,0.356,1
"PMF1",0.0616025393772403,-0.317141141464187,0.536,0.682,1
"RSAD2",0.0617297930956278,1.46335368564792,0.143,0.061,1
"PUS3",0.0619271212368724,1.38754413621168,0.214,0.121,1
"RAB4B",0.0620243642542889,0.945031830325773,0.357,0.22,1
"RBM17",0.062137503286583,0.560798350194644,0.661,0.682,1
"TMEM222",0.0621548678288083,1.1433684181453,0.196,0.098,1
"MBD2",0.0625803037923972,0.632852059548455,0.518,0.386,1
"RASD1",0.0626174152745138,1.06696691001901,0.232,0.129,1
"VAPB",0.0626174152745138,1.18975022183143,0.232,0.129,1
"RUNX2",0.0626733085206633,1.09550965239053,0.482,0.386,1
"TSPOAP1-AS1",0.0628789350461908,1.10752942679556,0.161,0.068,1
"JMJD6",0.0629876651338081,-0.53759515635265,0.125,0.25,1
"TKT",0.0630400629802562,-0.267959795176905,0.875,0.917,1
"RALBP1",0.0631307579317678,-0.313587926038488,0.696,0.826,1
"CISD2",0.0631701782992646,-0.462187588640311,0.357,0.492,1
"CD27-AS1",0.0632486985131735,1.51503000171566,0.161,0.076,1
"FAM160B2",0.0635848144021384,-0.709465830533259,0.054,0.159,1
"CTSC",0.0636399308743544,0.691093959276924,0.696,0.629,1
"TDP2",0.0636724597780057,0.713424566317148,0.321,0.189,1
"TDG",0.0637357413573031,0.457046368128046,0.518,0.386,1
"CMAS",0.0637963934953077,-0.598330111667302,0.321,0.462,1
"GBP3",0.0639248220050114,1.00303590107699,0.232,0.129,1
"NME4",0.0640068288058334,-0.385682150416601,0.5,0.705,1
"GAMT",0.0640286469627692,-0.49028119945997,0.196,0.356,1
"HLA-E",0.064192763735485,0.31749507421922,0.964,0.955,1
"TMEM223",0.0642440228368608,-1.03156443251406,0.143,0.265,1
"AC103769.1",0.0643043183251219,1.19722112650491,0.143,0.061,1
"BCL7A",0.0643331339345121,0.902324915714839,0.464,0.386,1
"MTMR4",0.0644975081840332,-0.586168146534128,0.089,0.205,1
"DOK1",0.0645880351511901,-0.807122604090305,0.089,0.197,1
"ATP6V1E1",0.0649476438067594,0.507414229064101,0.482,0.348,1
"SURF2",0.0649825097698098,-0.853501024034758,0.179,0.311,1
"LARP4B",0.0649934427651049,0.73938869530967,0.268,0.152,1
"TMEM35B",0.0650744357526795,-0.694452368447721,0.179,0.326,1
"PLAGL1",0.065156923807679,0.498984022820946,0.589,0.485,1
"BACE1",0.0651819457437302,0.996981253051323,0.143,0.061,1
"TIMM10B",0.0651972788894588,-0.527356234903888,0.232,0.371,1
"MBD5",0.0652120986058775,0.816616952612849,0.482,0.394,1
"JAK2",0.0652224949004583,0.714199098676361,0.304,0.182,1
"ASB9",0.0652467503214328,-0.903185362675432,0.089,0.197,1
"AC044849.1",0.0652817132632221,-1.04291976129147,0.214,0.326,1
"EIF4EBP3",0.0652988485266739,-0.542010696054555,0.268,0.402,1
"ABHD17B",0.0653419906391484,0.590984066495425,0.286,0.159,1
"MAEA",0.0656235050637276,-0.991196992111673,0.107,0.22,1
"DLEU2L",0.0656444890832743,1.33675137323182,0.107,0.038,1
"NANOS3",0.0656444890832743,1.38679538506028,0.107,0.038,1
"UROS",0.0657157373394716,-0.461771490410361,0.321,0.508,1
"IDH3B",0.0659649315232454,-0.364525257687647,0.411,0.53,1
"CASP2",0.0660559096710808,0.845403789563658,0.554,0.455,1
"HSD17B11",0.0662222023694542,-0.35061852270498,0.75,0.879,1
"NUDT15",0.0665017441582818,0.494720827913761,0.036,0.129,1
"HIRIP3",0.0665262774735934,1.06971944370967,0.196,0.098,1
"POGLUT2",0.0667076464356651,1.30296607876436,0.107,0.038,1
"KLF3",0.0667394787331124,0.626262890700398,0.643,0.545,1
"PCNX1",0.0667449473608216,-0.684620315621914,0.232,0.371,1
"ARGLU1",0.0667648780352707,0.340946994247551,0.964,0.955,1
"G3BP2",0.0668868894952284,0.684170884248822,0.696,0.674,1
"NFX1",0.0671657170161339,-0.83634255362906,0.143,0.265,1
"CTDSPL2",0.067210708663625,0.68139123199303,0.464,0.364,1
"GNA15",0.0672240006047544,-0.608291809258558,0.446,0.545,1
"CD3G",0.0672313450274627,0.857477733593775,0.179,0.083,1
"RALGPS2",0.0674386910742361,0.775898613331902,0.375,0.258,1
"MARCH5",0.067440039092719,-0.54103389247649,0.321,0.455,1
"OPA3",0.0674787858313168,-1.3640592870928,0.036,0.121,1
"CTNNBL1",0.0678158403213463,-0.515068181430224,0.536,0.697,1
"DNAJC25",0.0678742715980123,1.24587471136259,0.143,0.061,1
"TMEM173",0.0679041666854228,-0.344751343075175,0.446,0.621,1
"BTN3A1",0.0681792350587842,1.3305302119668,0.161,0.076,1
"ZNF467",0.0681792350587842,1.65041824761256,0.161,0.076,1
"AGFG1",0.0683714889985268,-0.826517358394061,0.179,0.303,1
"CNST",0.0684578515692695,-0.459248850914338,0.357,0.523,1
"SEH1L",0.0684872177782136,0.756412672119738,0.286,0.174,1
"EIF3L",0.0685093320884917,-0.250014707279924,0.893,0.962,1
"CARD16",0.068597602191753,-0.769106737376519,0.286,0.394,1
"CA5B",0.068669771597356,-0.72184418369589,0.286,0.432,1
"PFDN5",0.0687595472840351,0.258339462087048,1,1,1
"UNC13D",0.0687847816363829,-0.473100447706632,0.179,0.318,1
"GTF2E1",0.0688765083896617,1.25604114047128,0.107,0.038,1
"PINX1",0.0689279183083192,1.21006166698393,0.214,0.114,1
"FAR2",0.0692292794596371,-0.681800929458717,0.161,0.295,1
"CD44",0.069267552314002,0.257069142938552,0.893,0.765,1
"MYSM1",0.069492305868004,0.432777365949896,0.464,0.303,1
"AP3M1",0.0695507700649931,-0.601676371146084,0.143,0.273,1
"MTHFD1",0.0695810565589895,-0.624936545688668,0.143,0.265,1
"DDX17",0.0695995928925221,0.319176397193451,0.911,0.932,1
"ANKRD10",0.0697065721959527,0.739347586954734,0.589,0.477,1
"YBEY",0.0698156235459876,0.482534595480653,0.554,0.409,1
"MED30",0.0699077793303805,-0.558623069623182,0.339,0.485,1
"FCGRT",0.0699262153802042,0.605225203650912,0.518,0.394,1
"USP6NL",0.0700720139694917,-1.11056030753149,0.161,0.273,1
"ABCB10",0.0700842473772184,-1.20891028918437,0.054,0.144,1
"MAP7",0.070243763675331,-0.423189001649612,0.339,0.492,1
"PEF1",0.070379536251193,-0.477621285997416,0.214,0.371,1
"ICAM3",0.0704996006479798,0.432600657109172,0.893,0.864,1
"LIN7C",0.0709070047415774,-0.637651476431539,0.179,0.311,1
"DDIT3",0.0709070047415774,-0.776537526680551,0.179,0.311,1
"HLA-DPB1",0.0709496914837219,0.420032131116791,0.946,0.909,1
"SLC10A7",0.0709951959825547,-1.06354188419019,0.036,0.121,1
"SNX9",0.071096574184636,-1.07774326444865,0.125,0.235,1
"SQOR",0.0711096856070011,-0.969770266108507,0.054,0.152,1
"ACY3",0.0712326179666338,1.14744665539704,0.286,0.182,1
"C1orf21",0.0712590473821478,-0.395459786352612,0.304,0.455,1
"ISCA1",0.0713922750239165,-0.632303185565663,0.321,0.462,1
"NAP1L1",0.0714794678624527,0.261372038343203,0.982,0.977,1
"STRADA",0.0714935932859968,1.24838074667895,0.339,0.242,1
"AIMP1",0.0715149080573163,-0.282602203943087,0.571,0.78,1
"CASP6",0.0715450543158875,-0.508886913632345,0.304,0.432,1
"NOL10",0.0716299067647835,-1.04106706937017,0.107,0.212,1
"MDH2",0.0716924831245126,-0.395180806747998,0.696,0.841,1
"AC091729.3",0.0717710508741219,1.47013420853519,0.214,0.121,1
"ZNF623",0.0718973893726949,-1.33141562674165,0.036,0.121,1
"LIX1L",0.0720362606000335,-0.808343220310701,0.232,0.364,1
"PTGS1",0.0722009959625326,-0.602870268242789,0.125,0.25,1
"TRIM35",0.0722381434870821,1.23728039919137,0.107,0.038,1
"PRDM10",0.0722381434870821,1.22739436220655,0.107,0.038,1
"XPA",0.0724054182483558,0.568387397024165,0.554,0.432,1
"SLC16A4",0.0724300804959148,1.67549215748124,0.125,0.053,1
"CAMLG",0.0724658202103544,-0.294815757394233,0.786,0.856,1
"DNAL4",0.0725558026389161,-1.26350145214306,0.054,0.144,1
"FNDC10",0.0725643079334416,0.977717801828349,0.143,0.061,1
"SRRM1",0.0725679783151877,0.361256107845906,0.929,0.917,1
"UQCRC2",0.0725687103017647,-0.274965236435648,0.75,0.833,1
"FAM53C",0.072735923316513,-0.571968327265836,0.25,0.371,1
"ANAPC11",0.072774099466996,-0.455366260289196,0.482,0.682,1
"TBC1D24",0.0728089527536059,-0.891052136133208,0.036,0.121,1
"CCNY",0.0728459069815409,-0.378436919708894,0.464,0.652,1
"SLC39A3",0.0730274618133822,-0.473384712472227,0.518,0.652,1
"ASB3",0.0731413350003342,1.16259586832711,0.339,0.25,1
"COASY",0.0732766976505169,1.44490380067525,0.214,0.121,1
"EREG",0.0733395970666036,-0.49318227354018,0.357,0.538,1
"MRC2",0.0734592844835447,1.57086829909657,0.125,0.053,1
"CDKN1B",0.0735087669612259,0.550755006722065,0.607,0.462,1
"CTSD",0.0735843002229992,0.719263552106405,0.643,0.545,1
"AL355001.2",0.0735844255292804,-0.90445211028819,0.107,0.22,1
"SCML2",0.0735920856115471,-0.814453104663488,0.089,0.197,1
"CRHBP",0.0736733280895553,-0.723401209448988,0.286,0.409,1
"SCYL3",0.0737457559565617,0.674199120568533,0.232,0.121,1
"MAT2B",0.0739340538806521,-0.258553563246227,0.375,0.508,1
"RTF2",0.0739980439017826,0.422655130778911,0.732,0.727,1
"MRTFA",0.0740625719477803,-0.70196368158041,0.107,0.227,1
"RAB31",0.0742202484698944,1.27860870668061,0.214,0.114,1
"SERINC5",0.0742770006770854,-1.36511165143611,0.071,0.167,1
"NIPAL2",0.0742770006770854,-1.33772002084343,0.071,0.167,1
"TMEM159",0.0743111283463327,-0.511755729840948,0.25,0.402,1
"TPRKB",0.0743634674625132,-0.34196247989218,0.464,0.682,1
"SYNGAP1",0.0743944592694829,-0.803469984200003,0.054,0.152,1
"SMIM6",0.0743944592694829,-0.846699285184618,0.054,0.152,1
"SRRM2",0.0744384488518493,0.271182550669731,0.929,0.909,1
"ANKRD50",0.074500926085513,-1.36464941544082,0.089,0.182,1
"ISG20",0.0746436206399281,-0.614846211961357,0.268,0.409,1
"GFI1B",0.0746604573966275,-0.947297434898108,0.036,0.121,1
"FTX",0.0747515616004904,0.536174430618006,0.714,0.689,1
"FOSB",0.0748580788262594,-1.53299016986767,0.214,0.326,1
"MCRIP2",0.0750055589402142,-0.371380092202887,0.125,0.242,1
"CHSY1",0.0751369825647946,-1.03499016775326,0.107,0.212,1
"C6orf120",0.0752347425338388,-0.809033810007659,0.054,0.152,1
"AC139887.2",0.0752624025626246,0.411341783366746,0.232,0.121,1
"WSB2",0.0755285656167454,1.21708655594641,0.179,0.091,1
"TNFSF10",0.0755535778810292,1.65063105995108,0.125,0.053,1
"DTX2",0.0755535778810292,1.53309844698121,0.125,0.053,1
"WDFY4",0.0755535778810292,1.77695459813138,0.125,0.053,1
"TMEM9B-AS1",0.0755535778810292,1.63422763556049,0.125,0.053,1
"PPP4C",0.0756519144698931,-0.281359593515969,0.536,0.705,1
"DDX59",0.0758386609321004,-1.24267626380682,0.125,0.227,1
"HMGA1",0.0758573470471288,-0.342445625935687,0.786,0.864,1
"HBA1",0.0758753674566734,-3.72032116135337,0.071,0.167,1
"VTA1",0.0759038739160176,0.757397328410112,0.393,0.273,1
"C20orf96",0.075923567025999,-0.695244971606017,0.161,0.295,1
"LTBR",0.0759722090341908,0.835364351884305,0.232,0.129,1
"BPTF",0.0764781240366326,0.404471077422252,0.839,0.803,1
"IFI35",0.0765394550875198,1.08356423975656,0.321,0.22,1
"SH3BGRL2",0.0765502463731296,-0.884312000786659,0.036,0.121,1
"DDX24",0.0766451595611146,0.453259900844593,0.75,0.689,1
"SNHG17",0.0769470645197135,-0.788971901157576,0.196,0.326,1
"AZIN1",0.077049709684053,0.626344445997881,0.536,0.447,1
"STAU2",0.0770790318486131,0.857470729269805,0.339,0.235,1
"NUDT16",0.0772425029277303,-1.0030181286516,0.125,0.227,1
"ZNF385D",0.077298325361579,-0.627464220668048,0.232,0.379,1
"GALC",0.0775040369354547,-1.11836241417237,0.089,0.189,1
"TPRG1L",0.0777159733133225,0.826319653205042,0.196,0.098,1
"CD302",0.0777807173170892,-0.328852408136619,0.321,0.5,1
"FASTKD1",0.0778516347223787,-0.459569897501681,0.107,0.22,1
"HSPA14.1",0.0779786035619839,-0.789065496359854,0.143,0.258,1
"CTCF",0.0780314698762027,0.582060606990145,0.589,0.5,1
"TNPO2",0.0781559091586403,1.30750902228142,0.179,0.091,1
"ATG10",0.0781627547738707,-0.538169636663509,0.214,0.356,1
"HSPA9",0.0783900590477609,0.454236957266449,0.75,0.689,1
"CD300A",0.0784873040148064,-0.547890027516336,0.143,0.273,1
"SCP2",0.0787167512460985,0.569139812722828,0.786,0.742,1
"KIAA1211",0.0787830196014035,-0.763192845358355,0.107,0.212,1
"RPAP2",0.0787937817668793,0.799444423896244,0.446,0.348,1
"ITGA9",0.0788476864483847,-0.733786403646297,0.179,0.311,1
"MCFD2",0.0791546086719307,-0.3239129548492,0.321,0.462,1
"YAE1",0.0791562917763042,-1.40375663483807,0.071,0.167,1
"RDX",0.0791813320720463,-0.464001383846527,0.304,0.432,1
"FREM1",0.0792426660447433,-1.9958661238831,0.054,0.136,1
"MME",0.0793068386145904,1.43815815837201,0.232,0.144,1
"TECR",0.0793669806551152,0.512630221864802,0.643,0.576,1
"ZNF672",0.0795727701630211,1.30153639517001,0.143,0.061,1
"TMEM80",0.0796261339707174,-0.775724901660565,0.089,0.197,1
"AGPS",0.0797143011201775,-0.609595101343209,0.339,0.455,1
"NDUFB1",0.079753100421693,0.334193253765961,0.839,0.833,1
"HSPG2",0.0800596204275372,-0.744844093875035,0.107,0.22,1
"RNASET2",0.0801391782286934,0.382230554437595,0.661,0.545,1
"ABRAXAS2",0.0802811719329436,-1.14847348903817,0.107,0.212,1
"NEDD4",0.0803909096097802,1.34685794634713,0.321,0.235,1
"BOD1",0.0804636218269969,-0.571082110981117,0.161,0.288,1
"BMERB1",0.0806850592714178,-1.53188523929443,0.036,0.114,1
"SAR1B",0.0807793175219334,1.14283600541897,0.339,0.242,1
"MIEN1",0.0808326659190204,-0.560378695009344,0.304,0.447,1
"ZPR1",0.0808544742080796,-0.664799746107283,0.25,0.364,1
"EXOC5",0.0809797966807846,-0.71239436702847,0.196,0.318,1
"RIOK1",0.0810692716582646,-0.980808755020419,0.232,0.341,1
"PNPT1",0.0811095511566692,0.704115360005134,0.429,0.311,1
"TMEM50A",0.0812601075955461,0.385410358819195,0.804,0.735,1
"OAZ1",0.0814505861735738,0.256700836587457,1,0.992,1
"GNPNAT1",0.0816919560765447,-0.948128669363285,0.071,0.167,1
"SKIV2L",0.0817127137208784,1.42346817191016,0.143,0.068,1
"SLC4A7",0.0818023869639956,1.27921177541027,0.25,0.152,1
"KLF6",0.0819220219464469,-0.560118401095824,0.714,0.78,1
"COG6",0.0819901258940789,-0.707531687310307,0.089,0.197,1
"MACF1",0.082178663508604,0.35228693546807,0.857,0.788,1
"NPTX2",0.082318223159749,0.82083554774998,0.268,0.152,1
"CAMKMT",0.0823522315659288,-0.666167077378181,0.071,0.174,1
"RANBP10",0.0825516787287115,-0.907671179636839,0.071,0.167,1
"NAP1L4",0.0826361318618169,-0.344355184986895,0.571,0.72,1
"ZSCAN12",0.082698097876121,1.32720057958765,0.125,0.053,1
"FANCM",0.0827403118572019,0.809616809289723,0.143,0.061,1
"PRMT5",0.0828052459055075,-0.781914391615318,0.161,0.28,1
"FAM174A",0.0829842823552627,1.46985676327227,0.196,0.114,1
"OSBPL8",0.0830356917049147,0.374711656534925,0.732,0.727,1
"PRR14L",0.083075740943075,0.545538183256469,0.321,0.205,1
"MATR3.1",0.0830824725591074,1.28480383413834,0.25,0.159,1
"RNF103",0.0831179643337845,0.760345425035243,0.268,0.159,1
"KIAA0930",0.0834871516528546,0.698027045327557,0.286,0.174,1
"STX6",0.0838866079428262,0.947918794750565,0.161,0.076,1
"HADHA",0.0839419611110922,-0.362450241514027,0.714,0.894,1
"HMGCL",0.0843317994844362,-1.08164542773728,0.143,0.25,1
"DOK3",0.0844231276427487,1.42687089379186,0.125,0.053,1
"PRIM1",0.0844772308885238,-0.807204251770318,0.161,0.273,1
"ANKRD54",0.0844772308885238,-0.665294198386968,0.161,0.273,1
"RAB35",0.0845538044019747,1.07282534716882,0.214,0.121,1
"HOXB4",0.0845751944404285,1.00843532681187,0.179,0.091,1
"HNRNPA1P48",0.0848243312680068,-0.447662415445118,0.429,0.545,1
"ANTKMT",0.0850004145840886,-0.609479727386578,0.268,0.386,1
"CPSF3",0.0852920367974228,-0.476374710176329,0.179,0.303,1
"FAM216A",0.0856347344613612,-0.999713880065107,0.196,0.295,1
"NRROS",0.08570788056207,-0.676234620875166,0.107,0.212,1
"LDLR",0.0857246925810804,-0.685292788229274,0.125,0.242,1
"ZYG11B",0.0858977898547531,-0.812315791139946,0.161,0.273,1
"CD48",0.0859227516412592,0.448142479320104,0.375,0.25,1
"LINC02805",0.0859299926165847,-1.11165222769433,0.036,0.114,1
"SCN3A",0.0859351760757342,1.77626123482024,0.179,0.098,1
"TRIM11",0.0860048003294628,-1.00915787070388,0.054,0.144,1
"GOLPH3L",0.0860641811277088,-0.665067212415587,0.071,0.167,1
"HIST1H2BC",0.0861971428721414,-0.550109585065522,0.107,0.22,1
"GTF2H2",0.0861971428721414,1.28150775940989,0.25,0.159,1
"HAUS3",0.0862734351958037,1.44234206443662,0.214,0.121,1
"DYRK1B",0.0863845751197367,1.00715659038816,0.232,0.129,1
"NRIP1",0.0864573822987994,0.34935485614263,0.839,0.856,1
"MAGED1",0.0865164390971923,-0.895219536788324,0.214,0.348,1
"CNBD2",0.0866152736942392,-0.786132554039354,0.161,0.273,1
"PINK1",0.0868888272686141,0.915615903884448,0.232,0.136,1
"RNF187",0.0869355083790859,-0.320145380655127,0.321,0.477,1
"GNL1",0.0869463610725635,-0.798088866475415,0.179,0.288,1
"CDK5",0.0869609169936484,-0.821217891504307,0.071,0.167,1
"TMUB2",0.0870717968425944,-0.516283509135563,0.143,0.265,1
"SMC3",0.087221043106067,0.548720799579818,0.679,0.674,1
"SH3BP5",0.0874658111973506,1.94578533782033,0.214,0.129,1
"CYTL1",0.0874914671503365,-0.392421341960687,0.571,0.727,1
"SNRPG",0.0875688149504957,-0.260385050904449,0.643,0.864,1
"CLPP",0.0875736190743446,-0.384587904820412,0.393,0.576,1
"MTURN",0.0876039518097255,-0.335188589368195,0.643,0.765,1
"VSIG10",0.0879591041400355,1.56986236662018,0.125,0.053,1
"OSER1-DT",0.0879591041400355,1.18882387699565,0.125,0.053,1
"AC008764.8",0.087979312315039,0.867746561029964,0.161,0.076,1
"PIM1",0.0881016376187408,-0.931841942191453,0.161,0.28,1
"S100A13",0.0881036477965541,-1.13087365267967,0.036,0.114,1
"ANKRD40",0.0881036477965541,-1.13080953480894,0.036,0.114,1
"TTC32",0.0881386584608978,-0.405454490865547,0.339,0.47,1
"FIRRE",0.0881699003567127,-0.509370026572501,0.107,0.227,1
"UBA2",0.0883189628135166,-0.372030841037044,0.482,0.644,1
"ANKHD1",0.0885065150815305,0.363347031129754,0.589,0.5,1
"CIAO2B",0.0888646410425363,-0.415137173707154,0.589,0.727,1
"MYCT1",0.0891100301563499,-0.72241335216747,0.268,0.402,1
"CCDC126",0.0892069839959952,-1.822541940454,0.036,0.114,1
"EDC3",0.0892069839959952,-1.2881744714236,0.036,0.114,1
"C12orf4",0.0892069839959952,1.38012496672884,0.143,0.068,1
"ZNF197",0.0894165297473878,0.995057910978375,0.179,0.091,1
"CYTH2",0.0894304715528449,-0.424877436015422,0.268,0.402,1
"MRPL27",0.0895731367567887,-0.540301188989105,0.25,0.386,1
"DEPDC5",0.0896964523926152,-1.18440554605501,0.071,0.167,1
"PRKACB",0.0899721097086523,0.439731827350078,0.768,0.742,1
"PCLAF",0.0900210514333277,-0.783144390199829,0.196,0.311,1
"VCP",0.0901103984101728,-0.478426843993173,0.536,0.659,1
"DDHD1",0.0903012547769734,-0.367528595890864,0.268,0.424,1
"ZNF460",0.0903214228823442,-1.00251127327873,0.036,0.114,1
"PAICS",0.0907288566483216,-0.550416794661489,0.339,0.485,1
"CBR4",0.0909099766778825,-0.700296920766207,0.179,0.303,1
"SEC13",0.0909886305353929,-0.540084646929018,0.232,0.348,1
"MRPS34",0.091311486025651,-0.493221855488345,0.482,0.614,1
"STXBP4",0.0914470371143839,1.08251346894573,0.036,0.114,1
"MAPK12",0.0914470371143839,-0.941684433205015,0.036,0.114,1
"PRKCQ",0.0914741187006962,-0.916402898882005,0.179,0.295,1
"ZNF624",0.0916135591316201,1.10101593509849,0.125,0.053,1
"MGAT4A",0.091726153399502,0.694251130068682,0.411,0.303,1
"TTC39C",0.09180770202764,0.794645963424045,0.357,0.25,1
"FAM219B",0.0919973036028687,-0.845905105847167,0.179,0.288,1
"VAV3",0.0921496622635861,-0.250439638612133,0.536,0.689,1
"KMT5B",0.0922360824260007,1.05183295509332,0.429,0.356,1
"RABL2B",0.0922395596711786,1.0990544103608,0.268,0.174,1
"NADSYN1",0.0923987840861168,0.813562153435739,0.375,0.258,1
"NPDC1",0.0924049278445351,-0.63168823161254,0.25,0.394,1
"KCTD3",0.0924768850986444,-1.00184640233982,0.125,0.227,1
"EID2B",0.0925838992999359,-0.971895547223203,0.036,0.114,1
"BMP2",0.0925838992999359,1.58889874217147,0.143,0.068,1
"SOCS5",0.0927092660002477,-0.622206341384012,0.107,0.22,1
"ALKBH4",0.0927418358433659,1.07448727927252,0.196,0.106,1
"EEF2K",0.0928584821452548,0.941831829728383,0.125,0.053,1
"TSPAN5",0.0934369087172593,-1.0415012469813,0.107,0.205,1
"DTD2",0.0934511434806205,-0.804784143472332,0.071,0.167,1
"DDX1",0.0936569522316107,-0.402654082625493,0.571,0.682,1
"SLAIN2",0.093686915181228,-0.371694904904324,0.268,0.402,1
"GTPBP3",0.0937320819877523,-1.31423068097448,0.036,0.114,1
"CDV3",0.0937872256106746,0.321053886261959,0.839,0.833,1
"AC002454.1",0.0938041101034856,-0.740781138203054,0.304,0.432,1
"MAML3",0.0945050535101472,0.384324850786386,0.464,0.333,1
"LMNB2",0.0945994350450206,1.0369860187187,0.214,0.129,1
"SNHG14",0.0947829684730436,0.587263385705377,0.5,0.386,1
"CLPB",0.0948040977329798,-1.33613652504518,0.071,0.152,1
"MIR3936HG",0.0948916576593361,-0.621192532562227,0.036,0.114,1
"GRASP",0.0948916576593361,-0.950365775711241,0.036,0.114,1
"SLC27A1",0.0948916576593361,-1.14856181954605,0.036,0.114,1
"NHEJ1",0.0948916576593361,1.28991396819254,0.143,0.068,1
"AIP",0.0949562931986657,-0.344000432991937,0.446,0.621,1
"WDR36",0.0949572890482803,-0.887621726522471,0.125,0.227,1
"TRBC2",0.0951109534673563,0.801762934666805,0.571,0.515,1
"AC090630.1",0.0953890535143711,1.00941861988047,0.125,0.053,1
"SPINK2",0.0954187662294301,0.493949617808609,0.804,0.727,1
"TLE3",0.0954729610205126,1.25990333332498,0.375,0.265,1
"CYBA",0.0956839793525619,0.306022985215035,0.964,0.977,1
"IGSF8",0.0957958366896429,-1.03870526111889,0.125,0.227,1
"UBR1",0.0957958366896429,-0.975953942043359,0.125,0.227,1
"PDCD2",0.0957974224591758,-0.334555043638014,0.625,0.705,1
"C19orf81",0.0959532668502534,1.4964278943172,0.161,0.083,1
"ROGDI",0.096062698720689,-0.928720405018078,0.036,0.114,1
"MYPOP",0.096062698720689,-0.855755093047876,0.036,0.114,1
"IRF2BP1",0.0960694029544848,-0.710477768922035,0.089,0.189,1
"SMIM8",0.0961565808723514,-0.61940935380656,0.214,0.311,1
"PRF1",0.0963490914380898,-0.668328806203082,0.071,0.167,1
"LMF2",0.09635028581404,-0.820892650510776,0.125,0.235,1
"SIPA1L1",0.0967189936144321,1.32771973852952,0.214,0.121,1
"SCD",0.0968521958632062,0.546900446203494,0.214,0.114,1
"FH",0.0969829835772256,-0.316408440161047,0.25,0.386,1
"INSIG2",0.0970456425587113,0.898973925865371,0.304,0.227,1
"POLR2H",0.0970524447686123,-0.338583455218078,0.339,0.485,1
"SMIM20",0.0970740437015394,-0.251021170112887,0.339,0.492,1
"FAM91A1",0.0971966974983562,0.518105685771394,0.375,0.25,1
"PIKFYVE",0.0972876893607498,1.29639469534631,0.357,0.273,1
"FBXL6",0.0973308997183836,-0.604505401942556,0.071,0.167,1
"RAB21",0.0974383077950576,0.699159110716721,0.554,0.477,1
"ANXA5",0.0974592080566798,-0.54942403731033,0.179,0.295,1
"GCSAML",0.0974907112371869,-1.06260899751874,0.125,0.227,1
"ERP44",0.0975058808728893,-0.466769823125835,0.375,0.515,1
"AKR1B1",0.097654339218034,-0.305932764119287,0.357,0.508,1
"U2AF1L4",0.0976657777387932,1.04384004727227,0.196,0.106,1
"NOLC1",0.0978146347727779,-0.530607377402941,0.214,0.341,1
"PLCG2",0.0979893819409039,0.272054595675475,0.946,0.924,1
"S100PBP",0.0980210258761075,0.507855957775657,0.375,0.265,1
"PUM3",0.0981739653219236,-0.31108383324729,0.25,0.379,1
"NLE1",0.0982749367415471,-1.33422715586866,0.054,0.136,1
"HOOK2",0.0982749367415471,-1.09518725833492,0.054,0.136,1
"EPDR1",0.0983351505827119,-0.560625785475239,0.107,0.212,1
"KIAA1328",0.0983351505827119,1.59133240048294,0.25,0.152,1
"FBXO7",0.0984316315474674,0.331993511394083,0.75,0.705,1
"IQSEC1",0.0984394662091871,1.4728496859113,0.143,0.068,1
"CCDC34",0.0984891362236632,-1.31405251555301,0.143,0.235,1
"MED13L",0.0985406008989873,0.450445858894183,0.839,0.811,1
"PM20D2",0.0986857958655327,-0.669998354971716,0.196,0.326,1
"SELENOO",0.0988812001590442,1.36907047205094,0.179,0.098,1
"IGBP1",0.0992272283531845,-0.279962501463662,0.732,0.864,1
"AC073389.1",0.0992771658381459,1.23497553608648,0.161,0.083,1
"FAM126A",0.09933480056663,-0.2854437715801,0.125,0.242,1
"FRYL",0.0993740091852053,0.6160756780242,0.464,0.371,1
"IFI27L1",0.0995691246498557,-0.629086963233528,0.161,0.273,1
"SLC25A29",0.0996167039756714,-0.55144088078415,0.286,0.417,1
"KEAP1",0.0996408329867856,-0.912144117496787,0.107,0.205,1
"P4HB",0.0998026550139053,-0.368878234998008,0.482,0.614,1
"AC012360.3",0.0999791679710758,-0.86964140124585,0.143,0.25,1
"ATP1B1",0.10006063611503,-0.327825159051828,0.321,0.462,1
"RASSF2",0.100186248670258,0.731852051885234,0.286,0.174,1
"RAB18",0.100449292698612,0.626451113332259,0.482,0.379,1
"MPP7",0.100606303284277,1.06523510239812,0.268,0.174,1
"RFTN1",0.10078820522166,-0.459129227174061,0.143,0.273,1
"CCDC25",0.100841883321432,0.675261991244889,0.482,0.402,1
"DIPK1B",0.101004381339955,-0.480474849382972,0.446,0.553,1
"FUCA2",0.101113507902743,-0.416547256913618,0.089,0.197,1
"EBP",0.101184765990089,-0.41396567594685,0.429,0.545,1
"WRAP73",0.101217919173158,-0.879957389213363,0.089,0.182,1
"CD79B",0.101338357535595,-0.535005821655696,0.071,0.167,1
"ZMYM1",0.101589181204718,-1.01064693325586,0.054,0.136,1
"ADAM10",0.101676537183216,-1.15126927288329,0.286,0.402,1
"CEP68",0.101708221000185,0.540606480764478,0.464,0.333,1
"CLOCK",0.101753513802983,-1.04320422798046,0.071,0.159,1
"AC107375.1",0.101872615403111,1.70063793766012,0.107,0.045,1
"CEP76",0.101872615403111,1.63339671001027,0.107,0.045,1
"PDE4B",0.101942137766526,0.318315605644922,0.25,0.152,1
"NMB",0.102092412744249,-0.458754347887808,0.036,0.114,1
"CNOT9",0.102150248475735,0.950353393278869,0.339,0.227,1
"IKBKG",0.102192763930815,1.30397607990555,0.214,0.129,1
"CASC3",0.102249532541802,0.92353204739439,0.411,0.303,1
"MAN2B1",0.102775544336941,-1.12176136994445,0.143,0.235,1
"PTTG1",0.102831345979329,-0.638412436582156,0.161,0.273,1
"B9D2",0.10285435728765,0.861975102981237,0.304,0.205,1
"GATD3B",0.102860145326151,-0.747619964363746,0.107,0.212,1
"FAM189B",0.103211809333005,0.860728309396783,0.25,0.159,1
"GON4L",0.10321212860635,-0.502011146223159,0.25,0.379,1
"PSEN1",0.103660043046579,0.531092221713889,0.321,0.205,1
"POLD3",0.103847694511405,-1.06764274453324,0.054,0.136,1
"PIK3CD",0.103847858627525,0.785443747753997,0.196,0.106,1
"BORCS8",0.103847858627525,0.976383874466312,0.196,0.106,1
"USP36",0.104060405912323,1.39312081325322,0.214,0.121,1
"ZNF609",0.104170613166797,-0.739802065753281,0.339,0.455,1
"VBP1",0.10426806247012,-0.34316525001982,0.393,0.545,1
"AGA",0.104270124693686,-0.802405722100854,0.107,0.205,1
"RTF1",0.104366085921164,0.34174509301429,0.857,0.803,1
"AC090825.1",0.104587079434606,1.07472469713435,0.143,0.068,1
"MRPS15",0.104604427303741,-0.327525942701319,0.554,0.674,1
"ARPC5",0.104660336337893,0.275155999148758,0.893,0.924,1
"RFC1",0.104764466588725,1.00885699005593,0.536,0.447,1
"ERH",0.104820901721015,-0.308998468935502,0.786,0.879,1
"TRAPPC13",0.1050205270795,-1.49955610661871,0.054,0.129,1
"RAB40B",0.1050205270795,-1.23034462572724,0.054,0.129,1
"SLC12A2",0.10505977646079,1.16083649108164,0.321,0.22,1
"TRAF5",0.105159590033167,-0.311611191663869,0.286,0.432,1
"SARS2",0.105244840015776,-1.33488717345377,0.036,0.106,1
"ERI3",0.10533700763969,-0.350559940708575,0.214,0.341,1
"SP100",0.10534263470044,0.681791085461017,0.679,0.636,1
"UFD1",0.105426410001757,0.510365284246118,0.536,0.394,1
"EAF2",0.105570027944722,-0.33897857760111,0.321,0.462,1
"PLSCR3",0.105610337606867,-0.406866549429736,0.089,0.189,1
"FOS",0.105731269350067,-2.49991377843858,0.375,0.455,1
"BAALC",0.105804092173073,0.69323493234014,0.464,0.394,1
"DUSP1",0.105830658606202,-1.04667707923293,0.571,0.659,1
"ZNF350",0.105888999211124,0.953376674686746,0.321,0.22,1
"UBE2M",0.105971014935861,-0.404311293572616,0.571,0.735,1
"SCCPDH",0.106002717257691,-0.594321981304299,0.464,0.568,1
"PTGER4",0.106169013411031,-1.38019878790312,0.107,0.205,1
"PPFIA1",0.106169013411031,-1.02367719780858,0.107,0.205,1
"STARD3",0.106179399194205,0.841419257531956,0.286,0.182,1
"IL3RA",0.106179399194205,-1.16853756485868,0.143,0.242,1
"NEURL1B",0.106290866546354,1.52681270867789,0.107,0.045,1
"ALG1",0.106290866546354,1.59719495455476,0.107,0.045,1
"KLHDC10",0.106327565176117,-0.878022603050203,0.125,0.227,1
"HLA-DPA1",0.1064821385685,0.493425455153041,0.929,0.886,1
"HTATIP2",0.10672395311655,-0.327029908548787,0.161,0.288,1
"MYEF2",0.10672395311655,1.08972465080511,0.321,0.22,1
"SUZ12",0.106757196532821,0.495563875234356,0.625,0.606,1
"ABHD18",0.106903658529682,1.15490473652217,0.232,0.136,1
"GORASP2",0.106945720453621,0.870792051009617,0.357,0.25,1
"CYTOR",0.107086074726134,-0.509441816001787,0.536,0.644,1
"ARIH2",0.107225476776235,0.52485178012249,0.482,0.386,1
"AC118549.1",0.107409705765289,-0.503680421100534,0.196,0.333,1
"AC064836.4",0.107467258391564,0.501191311655096,0.125,0.053,1
"MAPK9",0.107518161682836,0.97282591228385,0.304,0.205,1
"IMMP2L",0.107635734148145,0.776659987684895,0.464,0.379,1
"ORMDL1",0.107746782900518,0.51873670951818,0.768,0.742,1
"CGREF1",0.107872458539035,-1.25807671812325,0.036,0.106,1
"CCDC138",0.107872458539035,-1.18137916715053,0.036,0.106,1
"GOLM1",0.107872458539035,-1.09741513407558,0.036,0.106,1
"GPM6B",0.107872458539035,-1.29806219622296,0.036,0.106,1
"RGS18",0.107950633428268,-0.780565321855262,0.161,0.265,1
"CWC22",0.108208188714563,-0.677613968819119,0.214,0.326,1
"STK17B",0.108243145837894,1.05892100192173,0.75,0.697,1
"MAD2L1BP",0.108419564234987,-0.394530524403117,0.036,0.114,1
"AC025181.2",0.108484302339319,-0.862166106719675,0.054,0.136,1
"MARK4",0.108591195531808,-1.10237771550084,0.054,0.129,1
"VPS36",0.108615000811518,0.476612779161704,0.661,0.583,1
"PSME3",0.108628434035531,-0.646095128864751,0.143,0.25,1
"SNRPN",0.108630718118373,0.503184834014,0.696,0.667,1
"RB1CC1",0.108645240457699,0.696437646390045,0.643,0.561,1
"NYNRIN",0.108744234474957,1.03815316654696,0.304,0.212,1
"ZMAT1",0.108833199438384,-0.349006195535485,0.161,0.288,1
"HOMER2",0.109205605498166,-1.28855363180011,0.036,0.106,1
"PRORP",0.109219205934833,-0.353624269661212,0.25,0.379,1
"MYLK",0.109319829852695,1.62881624635828,0.107,0.045,1
"RPS6KC1",0.10942064033958,0.76095252548566,0.321,0.227,1
"THOC5",0.109474077239676,-0.944103553823893,0.125,0.22,1
"CAAP1",0.109521772405054,-0.722398159817847,0.179,0.295,1
"CHMP4A",0.109884875380837,-0.453227692294999,0.5,0.583,1
"TWF1",0.109903819723738,-0.638738364514069,0.196,0.311,1
"SAMM50",0.109978698139205,-0.336561502433266,0.357,0.492,1
"DNPH1",0.110154960475424,-0.481024542176529,0.393,0.53,1
"TMEM127",0.110262956646526,1.10016640420832,0.214,0.129,1
"PSMD13",0.110330441623179,0.312725989327873,0.661,0.553,1
"ZFP62",0.110336916085519,-0.806032955358091,0.071,0.159,1
"ALG3",0.110366152307046,-0.90251507192646,0.196,0.288,1
"PCBP1-AS1",0.110369772919289,-0.390983189540349,0.214,0.333,1
"SQLE",0.110472698399979,-0.6702185393453,0.286,0.402,1
"PLD1",0.110551747015673,-1.19863605711211,0.036,0.106,1
"PREPL",0.110683179428038,-0.76892977375492,0.143,0.242,1
"MPLKIP",0.110732358022218,-0.366914903957198,0.464,0.576,1
"WDR18",0.110732842108521,-0.625814202387214,0.196,0.311,1
"PKD1",0.110765430082445,-1.20809653920891,0.071,0.152,1
"TNFAIP2",0.110859695528594,1.85948438571174,0.107,0.045,1
"SUMO4",0.11086325467229,-0.731822910083914,0.054,0.136,1
"YRDC",0.11087060275763,-0.839764195946976,0.232,0.333,1
"UBA5",0.111102238377715,-0.561353332339349,0.25,0.364,1
"PLA2G4A",0.111229025624688,-1.00942551421988,0.036,0.106,1
"TAPBPL",0.111359277007799,0.907644299536155,0.304,0.212,1
"EMC2",0.111379050721178,-0.846071588006259,0.125,0.22,1
"SURF4",0.111542197035257,-0.35319969716205,0.25,0.379,1
"MAFG",0.111674318215064,-0.883985590670857,0.214,0.318,1
"TOP1MT",0.111692915984095,1.43788014054054,0.25,0.159,1
"GDI1",0.111842060499112,-0.794956042673151,0.179,0.28,1
"SETD9",0.111900762680717,-1.07092570694623,0.071,0.152,1
"COX10",0.112068079661657,-0.848437984666083,0.054,0.136,1
"NKAIN2",0.112170577453948,0.953862591187557,0.179,0.098,1
"AC144521.1",0.112416636547189,1.10885101666944,0.107,0.045,1
"AC008393.1",0.112416636547189,1.42278949780878,0.107,0.045,1
"TMEM126A",0.112427070887236,-0.380551447304166,0.375,0.492,1
"ARHGAP26",0.112569745459134,0.783574356725349,0.196,0.106,1
"CD3E",0.112668258580349,1.17884670511494,0.25,0.159,1
"DRAM2",0.112941850294004,0.510262698882584,0.518,0.447,1
"TMED5",0.113081212514428,-0.369537945042916,0.232,0.371,1
"ICA1",0.1130981802235,-0.575989596870387,0.214,0.326,1
"NCOA4",0.113118813892736,0.529778493299512,0.768,0.697,1
"SAMD1",0.113244758504854,0.467426342372618,0.571,0.47,1
"ELMO1",0.113249856498863,-0.276314444135507,0.5,0.629,1
"MAP3K13",0.113278769411704,-0.463066419504528,0.304,0.424,1
"NUP188",0.113500715126513,-1.09026635968475,0.054,0.129,1
"SARS",0.113534802521107,-0.534304259171853,0.286,0.402,1
"NTAN1",0.113590484226276,0.865913169870106,0.321,0.22,1
"DMAC2L",0.113810928638805,-0.414703213874576,0.321,0.455,1
"POLR3C",0.113844669551158,-0.800463396466335,0.125,0.227,1
"MBD3",0.113844669551158,-0.362528928860417,0.125,0.227,1
"SLC1A5",0.113987509842669,-1.37508107725647,0.107,0.189,1
"CHD8",0.114282251523228,-0.445850791250585,0.339,0.455,1
"ERBIN",0.114618436380485,0.778975778151375,0.589,0.508,1
"NAA35",0.114665438704451,1.07599016052411,0.321,0.235,1
"VAC14",0.114668905959448,-1.04604872609197,0.036,0.106,1
"ZNF181",0.114668905959448,-1.05957180961362,0.036,0.106,1
"ABL1",0.114755014032291,1.04662066423374,0.161,0.083,1
"RFXAP",0.114755014032291,-1.15095139064973,0.054,0.129,1
"MRPS17",0.114813028375482,-0.695286030429954,0.125,0.227,1
"CIAO3",0.115055528011343,-0.762581604565208,0.107,0.205,1
"STAT1",0.115250849208253,1.15331420584114,0.446,0.379,1
"PFKFB2",0.115361896344647,-1.63128779987363,0.071,0.152,1
"URM1",0.115427721092619,-0.620288131151107,0.321,0.424,1
"BMI1",0.115531959163549,-0.263461000636837,0.321,0.485,1
"FADS2",0.115542307733963,-0.444267783322306,0.179,0.303,1
"ADSL",0.115572147917161,-0.38274138364793,0.429,0.545,1
"HMGCR",0.115574861375205,0.602218944782873,0.286,0.197,1
"CRIM1",0.115582200349455,1.6769254828126,0.107,0.045,1
"CD84",0.115794164754715,-0.327396849792581,0.214,0.341,1
"HEXD",0.11587495032445,0.771548126826497,0.429,0.341,1
"TCEA2",0.115898316833041,-0.452093775152372,0.25,0.364,1
"RAE1",0.115965468540901,-0.681250085110396,0.143,0.25,1
"TMEM8A",0.116020193334122,-1.00235691820208,0.054,0.129,1
"UBQLN4",0.116067791621609,-0.524199825503668,0.036,0.106,1
"NOMO1",0.116067791621609,-0.699205781029709,0.036,0.106,1
"PIP5K1C",0.116067791621609,-1.01020573077363,0.036,0.106,1
"RCC2",0.116406344934846,0.47035780388947,0.571,0.508,1
"DOCK1",0.116417307640144,0.995345063934675,0.143,0.068,1
"NMT2",0.116738059666377,1.12382464713479,0.304,0.212,1
"TNPO3",0.116855809231924,0.811412286990439,0.339,0.235,1
"USP48",0.11702230967048,0.401812982205318,0.571,0.485,1
"SDSL",0.117142148522384,-0.644717344437007,0.071,0.159,1
"AC010880.1",0.117191049993758,1.57136873098933,0.107,0.045,1
"CTC1",0.11748005363062,-1.10519595175327,0.036,0.106,1
"TCF20",0.11764604386461,0.82340138045308,0.25,0.159,1
"EVI2B",0.117671949575959,-0.337018879024184,0.464,0.591,1
"PSMD9",0.117729137231536,-0.252582350444584,0.518,0.689,1
"IFFO2",0.117730074768738,0.996765192117513,0.214,0.129,1
"CDC7",0.117794223893594,0.996036578200323,0.143,0.068,1
"SCAMP1-AS1",0.117837760802677,-0.513944518253227,0.214,0.333,1
"VPS37B",0.11821425864499,-0.361728111179078,0.411,0.53,1
"SUMF2",0.118466198088144,0.590186947694236,0.607,0.523,1
"C9orf43",0.118672476643579,-0.452010714571409,0.196,0.318,1
"RIT1",0.118672476643579,0.854555429606376,0.357,0.25,1
"IL17RC",0.118817428660374,1.26016393941654,0.107,0.045,1
"CXADR",0.118905767606473,-0.650230369228634,0.036,0.106,1
"OSGEPL1",0.118906662961314,-1.03279646978906,0.071,0.152,1
"CDC42SE2",0.11898396789786,0.500137992419882,0.696,0.697,1
"MAP3K7",0.119061108462445,0.834062917732201,0.321,0.227,1
"PHC3",0.119411956310293,0.706242430964255,0.446,0.341,1
"GNS",0.119482392631627,-0.745899606171728,0.071,0.159,1
"METTL18",0.119515246420449,1.57637028113336,0.161,0.091,1
"ATP9B",0.119684837934358,1.15002884001501,0.25,0.159,1
"ACTR1A",0.119767988198864,-0.372203106791037,0.232,0.364,1
"SULT1A1",0.119777246454994,-0.70671893511421,0.143,0.25,1
"CSGALNACT2",0.119792755462261,-0.409623110687478,0.25,0.394,1
"ANKRD44-IT1",0.119934440527938,1.33203047131232,0.214,0.129,1
"CEP126",0.119934863763752,-0.619348901934595,0.089,0.182,1
"GMPR",0.119965967249098,-0.867407219655552,0.196,0.295,1
"RPGR",0.119997312092134,0.796512945815096,0.321,0.235,1
"NR4A1",0.120107042257423,-1.77277831061024,0.071,0.152,1
"CHMP1B",0.120174743233433,-0.676615299034647,0.554,0.636,1
"SYNE1",0.120318017182553,1.08993373771722,0.393,0.288,1
"DCBLD2",0.120345008898115,-0.871624897536691,0.036,0.106,1
"PPT2",0.120345008898115,-0.983799665408476,0.036,0.106,1
"DPY19L1",0.120345008898115,-0.799341254071256,0.036,0.106,1
"KLRD1",0.120345008898115,-1.16990953808427,0.036,0.106,1
"USP19",0.120437675686414,0.649025593620776,0.196,0.114,1
"WBP1L",0.120666171060223,0.552895407732738,0.196,0.106,1
"FAAP100",0.120666171060223,-0.663070796357502,0.071,0.159,1
"GGNBP2",0.120687465020727,-0.261273923317778,0.464,0.629,1
"PTER",0.120762276584155,1.30473933498225,0.214,0.136,1
"LINC00960",0.121316889656664,-1.09761337221385,0.071,0.152,1
"MRPL2",0.121482706266113,1.11945754283397,0.429,0.341,1
"TYK2",0.121786352202892,0.965541645177588,0.179,0.098,1
"C5orf63",0.121797852572539,-0.9824317430941,0.036,0.106,1
"MTMR2",0.122506905598141,-0.787022272739794,0.107,0.197,1
"TIFA",0.122511253440064,-0.842124878402749,0.054,0.129,1
"RASSF5",0.122544220117302,0.853763949283689,0.393,0.303,1
"IFNGR1",0.122575813510061,-0.270497854548834,0.196,0.303,1
"HAX1",0.122640776618045,-0.536166254442202,0.339,0.5,1
"MFSD14B",0.122845024471594,0.991951604151385,0.25,0.167,1
"USPL1",0.123032334017781,1.0251707202729,0.179,0.098,1
"AC007952.4",0.12305016625574,-1.0359676597541,0.107,0.197,1
"RAB33B",0.123061247429751,-0.563082419414664,0.071,0.159,1
"DNTTIP2",0.123083293177749,-0.557740037913466,0.571,0.629,1
"AC068587.4",0.123158340056529,1.06860762038227,0.268,0.174,1
"PROSER1",0.123363717727517,0.475464929389021,0.268,0.159,1
"GCLM",0.123436606473157,-0.563836567266649,0.107,0.205,1
"ZNF267",0.123473687430275,0.788162618058479,0.375,0.265,1
"SLC30A7",0.123479823774017,0.762575118318318,0.304,0.205,1
"TMEM106B",0.123535918303477,-0.440624950841499,0.268,0.409,1
"ACAP3",0.1238428871318,0.955833185814639,0.161,0.083,1
"PTGS2",0.1238428871318,-1.61502929789241,0.054,0.129,1
"SYNC",0.124171071353979,0.795028103939115,0.393,0.288,1
"S100Z",0.124287724803908,0.877389872139994,0.179,0.098,1
"CEBPZOS",0.124297450717308,-0.491109982331877,0.5,0.576,1
"CDK13",0.124567170448163,0.420022477348493,0.643,0.561,1
"KIF5B",0.124717005705249,0.514004265743205,0.696,0.697,1
"AC093690.1",0.124744645862078,-0.901198852720553,0.036,0.106,1
"INPP5F",0.124744645862078,-0.834767981450365,0.036,0.106,1
"UTP11",0.124780697710508,-0.627453084430213,0.304,0.394,1
"GOLGA1",0.124871377089775,0.919228196457441,0.143,0.068,1
"EMID1",0.124911070327067,-0.309936979361247,0.393,0.568,1
"DCAF16",0.124991773396301,0.43099449563999,0.5,0.371,1
"MECR",0.125003674994178,-1.10566203451611,0.071,0.152,1
"ADGRA3",0.125185790115153,0.833317740218829,0.161,0.083,1
"COQ2",0.125455606998665,-0.749886286909557,0.125,0.22,1
"GSTCD",0.125500472810976,0.962252979219708,0.107,0.045,1
"CELSR1",0.125500472810976,1.03554104762185,0.107,0.045,1
"TBXAS1",0.125531407114066,-0.608822476162129,0.321,0.432,1
"TRIM33",0.125581367991488,-0.306932644765966,0.411,0.545,1
"RAB8A",0.125591000937577,0.392638099614631,0.696,0.682,1
"TFRC",0.12575675762815,-0.405919879487465,0.393,0.5,1
"MRPS2",0.125914508151994,-0.456731916376874,0.232,0.356,1
"HBS1L",0.126357306088167,-0.362304494418359,0.393,0.508,1
"CC2D1A",0.12654001714572,-0.903684320147131,0.054,0.129,1
"TTLL12",0.12654001714572,-0.809163598632512,0.054,0.129,1
"HPF1",0.126788492837113,-0.454225751367525,0.304,0.424,1
"CHPT1",0.126800215884601,-0.567176855690254,0.339,0.462,1
"DDX50",0.126852083993636,-0.317829959685114,0.429,0.561,1
"RBM38",0.126976994611163,1.62738076842564,0.321,0.258,1
"ZNF395",0.127029312979959,0.63329229943872,0.411,0.303,1
"AGTPBP1",0.127039177163389,1.19734744296811,0.25,0.159,1
"VPS45",0.127070942606374,1.62430584153057,0.196,0.121,1
"CLK2",0.127216171621565,1.04227860674181,0.107,0.045,1
"AL356055.1",0.127248398535148,1.74586344909339,0.125,0.061,1
"PKIG",0.127351630067226,-0.889440443043813,0.429,0.523,1
"ATXN10",0.127496495946368,-0.292669403192969,0.571,0.727,1
"RAB32",0.127500178039565,-0.946309948381321,0.268,0.348,1
"LINC00685",0.127509666393974,-1.01278340834212,0.071,0.152,1
"AC015802.6",0.127793388006466,0.652195518130943,0.143,0.068,1
"UTP25",0.127905622758754,-1.2174953770422,0.054,0.129,1
"ZNF548",0.127907035893186,-0.500646742043298,0.089,0.182,1
"ATRN",0.128687510909594,1.24185390406336,0.161,0.091,1
"AL353807.5",0.128897478881069,1.39682305435865,0.143,0.076,1
"STX18",0.128912107814713,-0.534319320754472,0.107,0.205,1
"AL357079.1",0.128950065816245,0.799707055963711,0.107,0.045,1
"CSTF3",0.129001935470565,-0.477344684914336,0.286,0.402,1
"GFPT1",0.12914640026474,0.768091712675952,0.232,0.144,1
"LTO1",0.129211382577558,0.671822459284305,0.196,0.106,1
"ZBTB11-AS1",0.12926871290753,-0.662699610481963,0.036,0.106,1
"AP000547.3",0.12926871290753,-0.669416876600001,0.036,0.106,1
"CEP135",0.12935935274565,1.12356831687836,0.304,0.205,1
"CKAP2",0.129490061478292,-0.295821971536268,0.357,0.485,1
"FADS3",0.129608396160333,-1.62071662524189,0.054,0.121,1
"SETDB2",0.129736152187595,-0.38259942831314,0.143,0.25,1
"RNASEH1-AS1",0.129956098125235,-0.930281438171557,0.089,0.174,1
"PDS5B",0.129978948512596,0.743922241180295,0.518,0.409,1
"TIMM22",0.130029518601827,0.87443128502988,0.232,0.152,1
"AL096803.2",0.130389400143516,1.15919702626708,0.125,0.061,1
"ATG16L1",0.130389400143516,1.84357413175436,0.125,0.061,1
"ATE1",0.130442663877871,-0.695143827745532,0.214,0.311,1
"C1orf56",0.130541335397218,1.03916988779835,0.393,0.311,1
"CEP350",0.130676089171795,0.679194219540777,0.589,0.515,1
"FANCA",0.130702264528763,0.990570074367629,0.107,0.045,1
"TMEM126B",0.130809977491129,0.46644750419965,0.429,0.326,1
"JUND",0.130839028799106,-0.297714294224348,0.982,1,1
"SNAP29",0.130945792685542,-0.262511031591717,0.339,0.523,1
"TFDP1",0.130961100978718,0.813981492747363,0.375,0.288,1
"LAMTOR5",0.131096769680937,-0.28996717435719,0.75,0.871,1
"VPS8",0.131154432632643,-0.445395982032044,0.107,0.205,1
"ERLEC1",0.131217775264512,-0.272711163778075,0.268,0.402,1
"AL132709.8",0.13134171187156,-0.834697627180009,0.071,0.152,1
"ZNF780B",0.131406195204038,1.35688819216255,0.161,0.091,1
"TMEM203",0.131600059378563,0.68205853999237,0.375,0.273,1
"INPP5B",0.131790046400334,1.48450998110708,0.268,0.189,1
"KNTC1",0.131982297295045,1.29402353350733,0.125,0.061,1
"CHMP4B",0.13246833447788,0.645674404121918,0.464,0.364,1
"ORAI3",0.132510006832481,-0.516824781597454,0.339,0.447,1
"RELT",0.132551925435401,1.71469609484847,0.143,0.076,1
"FRG1",0.13267041956524,0.364582956264492,0.768,0.727,1
"ZNF358",0.132702588660037,0.99617705770758,0.321,0.235,1
"AC009403.1",0.132752251635379,-0.538598015594136,0.143,0.235,1
"CEP120",0.132782130699725,1.69353050781399,0.161,0.091,1
"NEAT1",0.133030961793292,-0.273134344770456,0.839,0.97,1
"MBIP",0.133067189383324,0.51649974410262,0.393,0.303,1
"TRIT1",0.13314633354393,-0.729153965398801,0.107,0.197,1
"GLRX2",0.133216650734044,-0.9164055913367,0.179,0.273,1
"SPIDR",0.133265022949639,-0.534572015799132,0.179,0.288,1
"DNTT",0.133293160307423,1.02570628491877,0.143,0.076,1
"YIPF1",0.133482913648214,1.18696600978269,0.161,0.083,1
"CFP",0.133482913648214,-0.645256085618443,0.054,0.129,1
"MED12L",0.133551143445599,-0.512404429961682,0.446,0.545,1
"DNAJC6",0.133915522867661,-1.02374871629023,0.054,0.121,1
"POC5",0.133919194001853,-0.570394642457795,0.036,0.106,1
"METTL1",0.133919194001853,-0.493518328913948,0.036,0.106,1
"ABCA7",0.133945609196665,1.65747576511317,0.179,0.106,1
"ABCB1",0.134240884134878,-0.294360001409494,0.196,0.318,1
"AC074117.1",0.134262008977341,0.577098062240935,0.107,0.045,1
"AL050309.1",0.134434349832158,-0.499701339604935,0.143,0.242,1
"DGKZ",0.134631774546943,-0.374169409620368,0.321,0.455,1
"CWF19L2",0.134734500561825,0.717871599942776,0.411,0.341,1
"RALA",0.13474671022315,-0.266758849107189,0.411,0.576,1
"CENPS",0.134783890459275,1.31601566708712,0.143,0.076,1
"AL450384.2",0.134783890459275,1.46425981657962,0.143,0.076,1
"STOML2",0.134832204398368,-0.300250298976863,0.554,0.674,1
"ZNF316",0.134906222014194,-0.949093689564498,0.054,0.129,1
"HSPH1",0.134995307137749,-0.394795764855759,0.304,0.455,1
"HPGDS",0.135059262577037,-0.632114774941278,0.304,0.462,1
"KLHL13",0.135063128109467,0.508078376957894,0.214,0.129,1
"ZEB1",0.135203674255516,0.99405113726031,0.357,0.25,1
"MIR29B2CHG",0.135567438859596,1.55947539723204,0.161,0.091,1
"DYNC1LI2",0.135804475368487,0.813626415208687,0.393,0.303,1
"LMBR1L",0.136062738964587,-0.324233817638365,0.089,0.174,1
"DCTN4",0.13611589449148,0.716131147079422,0.393,0.326,1
"ARL17A",0.136285322694852,1.26886937977096,0.214,0.129,1
"SLC39A11",0.136341231165245,-0.625853654832433,0.054,0.129,1
"WAS",0.136344646014009,0.585499769767783,0.607,0.553,1
"CFLAR",0.136370634688034,0.61458298698326,0.571,0.508,1
"ZNF277",0.136395331133841,-0.477726062952692,0.446,0.545,1
"CIAO1",0.136512902414856,-0.549836896084403,0.321,0.432,1
"PHRF1",0.136892536605902,0.819317829226694,0.232,0.152,1
"SOD2",0.136912060628411,-0.486886036883934,0.696,0.758,1
"STK32C",0.136961089482644,-0.627063078742454,0.161,0.25,1
"ZNF738",0.137025865969972,0.83863957997528,0.411,0.318,1
"ACIN1",0.137127901674591,0.38489293842889,0.643,0.568,1
"TP53I3",0.137306316386245,-0.61141920082747,0.179,0.28,1
"CASC4",0.137329035490847,0.632184306963269,0.536,0.447,1
"UBE2J1",0.137423326392726,0.371475288732926,0.643,0.583,1
"DEXI",0.137516036799858,-0.538553250010003,0.089,0.182,1
"MOGS",0.137585584321862,1.2646223862947,0.232,0.159,1
"SPATC1L",0.137594369128669,-0.251172350853232,0.214,0.348,1
"VANGL1",0.137657569286885,0.676496166661522,0.196,0.114,1
"CHST14",0.137787993902759,-0.727787721989158,0.054,0.129,1
"MTMR14",0.137913712460813,-0.473785485752966,0.232,0.348,1
"POLR3D",0.138092950662066,-0.395955583046308,0.304,0.402,1
"BFAR",0.138441898932198,-0.269984524919571,0.393,0.561,1
"TMIGD2",0.138497295788285,0.762761817839165,0.339,0.235,1
"TMEM129",0.138505038360217,1.08489512045075,0.125,0.061,1
"SNRNP25",0.138542064718003,-0.80358641993635,0.304,0.402,1
"GSPT2",0.138761720119118,-0.624514033842936,0.196,0.303,1
"ZNF76",0.138771854789157,-1.27393978737092,0.071,0.144,1
"DCP1B",0.139026024213706,-0.552814747847929,0.107,0.197,1
"CMPK1",0.139112735991081,0.377142888033335,0.679,0.735,1
"HNRNPA2B1",0.139256362234083,0.260436886162963,0.964,0.992,1
"ERF",0.139272993300846,-0.673803766557086,0.071,0.152,1
"TPGS2",0.139321319099337,-0.539083045032344,0.411,0.515,1
"HMOX2",0.139346890077006,-0.709817049028081,0.179,0.273,1
"PHKG1",0.139400951639747,1.51718919738326,0.214,0.136,1
"CNOT2",0.139505625428492,0.386949503712986,0.732,0.583,1
"METTL5",0.139509436257751,-0.280380374049715,0.464,0.598,1
"SPATS2",0.139762809234865,0.689424687142994,0.339,0.242,1
"KLRB1",0.13983167130736,-1.63398844691626,0.089,0.174,1
"TXNDC15",0.139942848873283,-0.717977534670695,0.161,0.258,1
"C19orf25",0.140389066755577,0.55662079923313,0.321,0.212,1
"OSBPL9",0.14071737374413,-0.303209726055764,0.393,0.508,1
"DENND4C",0.140828367914186,1.21051699187,0.232,0.144,1
"DECR2",0.140875955090292,1.10843620332012,0.143,0.076,1
"RBM8A",0.140893277980324,0.302730051848757,0.839,0.848,1
"ZNF141",0.1409125564418,1.54480547134352,0.304,0.22,1
"C5orf30",0.141105676996645,-0.675283560543444,0.089,0.174,1
"MTLN",0.141222024658007,-0.293590932705411,0.179,0.295,1
"ACAD8",0.141259619917648,1.17692937754771,0.214,0.129,1
"RASGRP1",0.141273191271977,1.03562855382874,0.161,0.091,1
"ALDH1A1",0.141333099511064,-0.350916905480966,0.429,0.568,1
"C11orf49",0.141372966619027,-0.546252555534088,0.161,0.273,1
"RGPD5",0.141392082361809,1.0427990116739,0.268,0.174,1
"CEP95",0.141598149464423,1.04602309229764,0.464,0.394,1
"MPHOSPH8",0.141758126019588,0.440365285752809,0.732,0.72,1
"IFT122",0.141858192480924,1.21658131005316,0.125,0.061,1
"JKAMP",0.141870186768701,0.912202538377913,0.429,0.341,1
"ICMT",0.141997142039637,1.50346045221135,0.179,0.106,1
"TRIQK",0.142036759464895,-0.598210516369895,0.125,0.22,1
"PDCD11",0.142052620705685,-0.690533050007148,0.232,0.333,1
"ABCC5",0.142093252565385,-0.426201567063112,0.196,0.318,1
"NSUN6",0.142093252565385,0.791948094296477,0.339,0.258,1
"PISD",0.14252473503502,-0.42714952216535,0.089,0.182,1
"IGF2R",0.142728068808446,1.05945171147501,0.161,0.091,1
"DNAJC30",0.14279943535946,-0.548670654270152,0.196,0.303,1
"RTN3",0.142867975734287,-0.349153632036683,0.696,0.788,1
"PTDSS2",0.143130114779022,1.02756482300029,0.214,0.136,1
"VAV1",0.143199346429973,-0.538846992943427,0.125,0.22,1
"CLDND1",0.143276821517208,0.516413164747256,0.464,0.379,1
"ATP11B",0.143315799345871,-0.458791791234038,0.25,0.364,1
"WARS2",0.143374473766469,-0.646676156073901,0.071,0.152,1
"SMIM12",0.14342876691805,-0.753862273427641,0.268,0.364,1
"KANK2",0.143557985174271,1.01554393264606,0.125,0.061,1
"TMED2",0.143638459628855,0.340943112507305,0.714,0.644,1
"SPEF2",0.143680431729604,-0.596392467146796,0.089,0.174,1
"ZNF174",0.143693626959901,0.795041108619296,0.161,0.083,1
"PACC1",0.143978443938974,-0.683961103200927,0.125,0.212,1
"ELAVL1",0.144040124959684,0.47360871535127,0.679,0.614,1
"CEBPZ",0.144081653994343,0.525699101172148,0.589,0.545,1
"RBM22",0.144349274805915,-0.322002646706294,0.393,0.561,1
"ANKRD44",0.144539827002599,0.479125528971167,0.446,0.379,1
"MIR99AHG",0.144708995141411,-0.867893794952672,0.089,0.167,1
"DNAJC10",0.144731668303431,0.720012796248226,0.482,0.386,1
"PLEKHF2",0.144758739497686,-0.791652136670526,0.268,0.356,1
"TMEM167A",0.145084264614424,-0.40878967021079,0.446,0.568,1
"SFT2D2",0.145119628114917,0.388037256917701,0.446,0.333,1
"COPA",0.145213483674655,0.572755226333152,0.571,0.538,1
"C1orf216",0.145273356394088,1.43654519689745,0.125,0.061,1
"CCDC28B",0.145348697441162,-0.614853462574203,0.286,0.386,1
"SRGN",0.145429441089395,-0.303052540284628,0.875,0.909,1
"DRAP1",0.145959998653211,0.294226984738127,0.946,0.917,1
"TNRC6A",0.146007777192658,0.776062556470182,0.357,0.28,1
"ACOT13",0.14642357315635,-0.391982769774134,0.375,0.5,1
"BRIX1",0.146461124844434,-0.379700226206717,0.304,0.447,1
"CLEC16A",0.146718316940265,0.589830499337475,0.161,0.083,1
"GTF3C5",0.146934901678412,0.810780072745184,0.214,0.136,1
"SH3D21",0.146992319314778,-0.538985116343121,0.143,0.25,1
"HACE1",0.14700438157012,0.518721197541512,0.125,0.061,1
"PXMP4",0.14700438157012,1.01060531580969,0.125,0.061,1
"JAM3",0.147243769613226,1.64713708764705,0.107,0.053,1
"STK26",0.147264544828824,0.473354845037675,0.518,0.402,1
"GPATCH2L",0.147451892634429,-0.290700402604672,0.357,0.485,1
"COQ10B",0.147459595783537,-0.489159563435418,0.339,0.447,1
"TMEM64",0.147609919035722,-0.557678012014377,0.089,0.174,1
"RAB3D",0.147672313653752,-0.35231186691066,0.089,0.182,1
"FOSL2",0.147672313653752,0.507375535130327,0.214,0.129,1
"CNOT6L",0.147705804790326,0.2819190890873,0.661,0.553,1
"NAA16",0.147841592525087,0.846196625362081,0.304,0.212,1
"HDAC5",0.148305683855898,-0.603236259288095,0.161,0.265,1
"SAMD4B",0.148574944482557,-0.322793953335094,0.268,0.402,1
"MCMBP",0.14870146650997,1.00215845535303,0.286,0.205,1
"USP20",0.148786109128984,1.10150170914289,0.143,0.076,1
"ZNF519",0.148786109128984,0.884698369518301,0.143,0.076,1
"RBM10",0.148880221237478,-0.603248507062626,0.179,0.28,1
"CD74",0.148887419671563,0.467478131220023,0.982,0.939,1
"NOM1",0.148986456992155,2.14272919653117,0.179,0.106,1
"SUGP1",0.149074791540408,-1.08658205443643,0.054,0.121,1
"DNM2",0.14916679352664,-0.529061281423577,0.196,0.311,1
"AKNA",0.149169833726344,0.812172874022393,0.411,0.333,1
"ARHGAP5",0.149199385164544,0.322462633246851,0.607,0.538,1
"TSEN15",0.1494173639022,0.925355353700466,0.304,0.205,1
"INTS12",0.149499733436937,-0.769747377135718,0.143,0.235,1
"MYH10",0.149536509396659,-1.00506310472601,0.125,0.205,1
"RP9",0.149618241728595,0.37232061648389,0.339,0.227,1
"MLC1",0.149705951728413,-0.360979579492269,0.357,0.455,1
"LYRM7",0.149825095453101,0.516638344661412,0.304,0.197,1
"UQCC2",0.149978632335872,-0.479240002227326,0.304,0.432,1
"BCAS4",0.150046672411709,-0.7283866105922,0.232,0.333,1
"SWI5",0.150081594781885,-0.391321070086641,0.196,0.303,1
"MCM7",0.150081594781885,0.701648536931866,0.339,0.242,1
"ADGRG6",0.150081594781885,1.14768298958176,0.321,0.25,1
"CCT7",0.150125800863457,-0.332128275154892,0.607,0.742,1
"EIF4EBP2",0.150228063787569,0.878571328102993,0.411,0.303,1
"RUVBL2",0.150266392891678,-0.340433357574968,0.25,0.379,1
"CPEB4",0.150298813203388,1.17010424517185,0.214,0.129,1
"XPNPEP1",0.150414871716702,-0.388537275034676,0.143,0.25,1
"PREP",0.150502867183646,-0.262314816937662,0.071,0.159,1
"TERF1",0.150628408067706,-0.445294045965928,0.357,0.455,1
"DDX54",0.150753324272638,-0.704263886830705,0.286,0.371,1
"PMVK",0.150780849620412,-0.442801871593332,0.321,0.417,1
"C7orf26",0.150817472896998,0.849032569571027,0.214,0.136,1
"GPN3",0.150833127110388,-0.592924921311725,0.214,0.318,1
"CSRNP1",0.150955189502282,-0.923614468480473,0.161,0.258,1
"IDE",0.151254481363925,-0.879778173309358,0.143,0.227,1
"PSMD11",0.151387277302461,-0.468922077116122,0.464,0.576,1
"HNRNPLL",0.151522325580674,-0.54448860449182,0.161,0.258,1
"ZNF711",0.151748056488427,-0.323411361664931,0.268,0.371,1
"CASP3",0.151774943329974,-0.540195893538596,0.429,0.538,1
"AIG1",0.152027428351738,-0.520794969598401,0.196,0.295,1
"NADK",0.152128738134727,0.881202418452454,0.214,0.136,1
"TCAF1",0.152213373979216,-0.4244446006919,0.196,0.303,1
"RBM15B",0.152231491587801,0.538970016732072,0.411,0.318,1
"LUZP1",0.152256040868726,-0.286435257478595,0.179,0.273,1
"ZMYND11",0.15233635736734,-0.685298027526913,0.196,0.311,1
"FLI1",0.15245753799839,-0.31970689088708,0.339,0.492,1
"RBBP9",0.152905049931953,1.79649082941065,0.107,0.053,1
"CTSZ",0.152922442089387,0.892702129186986,0.375,0.28,1
"YIF1A",0.153131349245049,0.980884649790226,0.357,0.28,1
"ST3GAL3",0.153235498508946,1.36718955315274,0.161,0.091,1
"SEC61A2",0.153235498508946,0.824642752652681,0.161,0.091,1
"FNBP4",0.15345083733606,0.391588342136796,0.607,0.492,1
"ADK",0.15365967218469,0.610678776171961,0.411,0.326,1
"GSTZ1",0.153927746493169,-0.528211586143263,0.161,0.265,1
"NPAT",0.153993434490689,-0.520513392520086,0.125,0.22,1
"ARIH1",0.153997036839997,0.533473018112787,0.554,0.439,1
"BHLHE40",0.154106947599014,1.11408494364699,0.268,0.189,1
"PI4KA",0.154185627386669,0.815887701789461,0.286,0.197,1
"ZFP90",0.154227210110295,-0.654814682663277,0.143,0.235,1
"MIIP",0.154340854028705,-0.529309798178371,0.089,0.174,1
"ZNF264",0.15438114369962,0.998997113372753,0.304,0.227,1
"ATR",0.154612083289873,0.627399801248634,0.464,0.356,1
"HIST3H2A",0.154711215746783,-0.460315042380935,0.482,0.553,1
"STARD3NL",0.155214443562223,-0.361685555684229,0.232,0.333,1
"BRMS1",0.155310036626408,-0.472442329671096,0.179,0.288,1
"NEU3",0.155354869679428,0.87018363554839,0.143,0.076,1
"SLC25A36",0.155379963099017,0.683377605105089,0.607,0.591,1
"PGBD1",0.155492817474001,0.272108763019786,0.054,0.121,1
"NAA38",0.155571035791998,-0.288327409846078,0.661,0.795,1
"HIST2H2BE",0.155738281361655,0.680645566752085,0.375,0.273,1
"EXOSC10",0.156161427655091,-0.693779218710116,0.196,0.288,1
"AGAP2",0.156408747024573,1.34062676873564,0.214,0.144,1
"CHRM3",0.1565533670662,-0.515559396273744,0.107,0.197,1
"PIGN",0.156632900511531,0.736459085001894,0.25,0.174,1
"SAP30",0.156678785805024,-0.567891831287934,0.375,0.492,1
"SSBP2",0.156697537342612,0.365471465348646,0.714,0.652,1
"TXLNG",0.156755552067433,-0.653390936709302,0.179,0.273,1
"TSPAN4",0.157001752504094,-0.885680892836788,0.089,0.167,1
"WDR27",0.157030959328005,1.15331379639712,0.143,0.076,1
"GAB2",0.157129630542924,-0.816297091767407,0.054,0.121,1
"EED",0.157129630542924,-0.978750645425946,0.054,0.121,1
"GBP1",0.157688978568081,0.465872639066722,0.054,0.129,1
"WDR92",0.157738493667963,-0.678379823218214,0.107,0.189,1
"PREX1",0.1582530482425,0.686131598801321,0.393,0.303,1
"KCTD18",0.158354273778582,0.701186754869097,0.25,0.167,1
"SP4",0.158415069166514,1.20832960523706,0.196,0.121,1
"RHBDD2",0.158526509073459,0.528261145247587,0.232,0.144,1
"AC127502.2",0.158636747418912,-0.507183723186081,0.143,0.25,1
"SMARCD2",0.158720992295788,-0.72738712255347,0.232,0.318,1
"SASH3",0.158746740091817,0.844163597115196,0.321,0.25,1
"GALNT6",0.158779470598845,-0.944495322811585,0.054,0.121,1
"SP110",0.158798710257747,0.865157434384593,0.482,0.439,1
"RNF20",0.158828910918947,-0.528723525912578,0.196,0.311,1
"BST1",0.159837997555117,-0.819773412067967,0.089,0.167,1
"GLO1",0.159867875519856,-0.299787491774165,0.464,0.614,1
"ABCF1",0.159887246768101,-0.360091956539891,0.375,0.508,1
"NAF1",0.160079472810418,0.646080290895115,0.286,0.197,1
"ILF3-DT",0.160166101243487,-0.38224723524841,0.375,0.523,1
"NMNAT3",0.160251177050756,-0.457007941267668,0.125,0.22,1
"AKAP11",0.160294885744553,0.628272682546807,0.268,0.182,1
"SMIM29",0.160384344223815,0.515385501100486,0.268,0.174,1
"MAP3K12",0.160447007595794,0.590067808362443,0.357,0.258,1
"FAIM",0.160516240887611,-0.655132517889675,0.25,0.326,1
"BRF1",0.160574255518225,-0.717677987001922,0.071,0.144,1
"EIF3J",0.160728599154464,-0.250414822064113,0.589,0.697,1
"FMR1",0.160945491513444,0.938268685016753,0.304,0.235,1
"MEF2A",0.160957395715158,1.07273371280747,0.411,0.356,1
"NUP43",0.161007499735702,-0.853202575987829,0.143,0.227,1
"PLXNC1",0.161011620688833,0.816593873445907,0.357,0.295,1
"ZNF468",0.161094999660901,1.22835727209199,0.161,0.091,1
"SPPL3",0.161303229484837,-0.480416096989478,0.25,0.356,1
"C8orf82",0.161355172574391,-0.567969481470928,0.179,0.273,1
"RBM42",0.161405440888274,0.67272457685424,0.393,0.311,1
"PPP1R16B",0.161424994024072,0.728817631054056,0.125,0.061,1
"TAB3",0.161530241251467,-0.520877565230125,0.143,0.235,1
"SURF1",0.161672241649525,-0.302445912063962,0.321,0.432,1
"HIVEP3",0.161778670770498,1.73686325555509,0.214,0.144,1
"LARP1",0.161808182215147,-0.432363015969743,0.393,0.538,1
"AC006504.5",0.162114968467074,-0.752972332766864,0.071,0.144,1
"MAST3",0.162141482070975,0.79904788660316,0.143,0.076,1
"TP53INP1",0.162306662668309,-0.323942654296277,0.411,0.538,1
"NMRAL1",0.162367425145555,-0.311812871470835,0.268,0.379,1
"FOPNL",0.162476156741172,-0.300884611736855,0.286,0.409,1
"KMT2B",0.162597883333865,0.465958312559766,0.25,0.159,1
"NT5C3A",0.162647411978986,-0.392951636599266,0.589,0.667,1
"DPEP2",0.162712818422261,0.846632753157205,0.196,0.121,1
"CARS",0.162933088907236,-0.751608899110199,0.107,0.182,1
"GPI",0.163059216146577,0.563343018849298,0.518,0.409,1
"ZCCHC3",0.163089536226589,1.55655692319494,0.268,0.205,1
"RNF167",0.163148938081306,-0.380772398870153,0.286,0.386,1
"UBE4B",0.16324289241729,-0.282729577372853,0.179,0.288,1
"CD52",0.163243542797788,0.2966940131749,0.768,0.742,1
"BSDC1",0.16340914756084,0.310780851838566,0.589,0.508,1
"TOMM5",0.163464086009668,-0.262457635234302,0.5,0.674,1
"ZBTB8OS",0.163503491590741,-0.801658619516109,0.268,0.364,1
"EMILIN1",0.163807665301653,-0.733169997335207,0.054,0.121,1
"PARP12",0.163807665301653,-0.731791262501684,0.054,0.121,1
"RMND1",0.164021733762905,-0.595235013153949,0.143,0.235,1
"DPH6",0.16432333873582,-1.03303333032574,0.107,0.182,1
"MRPL42",0.164452810023973,-0.326815160420097,0.464,0.553,1
"ARRDC2",0.164515517413137,1.09552268481032,0.214,0.144,1
"CCDC28A",0.164609046851247,-0.547106482641163,0.339,0.417,1
"RASGRP2",0.16467380447816,-0.407695917497145,0.429,0.53,1
"WAC-AS1",0.164694889198206,-0.384683253759978,0.321,0.447,1
"POC1B-AS1",0.164722248150875,1.54813094641389,0.107,0.053,1
"MRPS27",0.165088262203295,0.408761198300769,0.482,0.394,1
"ELOC",0.165235465742811,0.34659663003507,0.661,0.598,1
"CCDC112",0.16549081780384,-0.610214852750997,0.196,0.303,1
"AC090559.1",0.165510123803987,1.3436656290207,0.143,0.083,1
"ZRANB1",0.165561692907889,0.586509538156547,0.375,0.303,1
"SAMSN1",0.165564603557827,0.802865832173047,0.321,0.227,1
"XAF1",0.165585038734257,0.895334339749773,0.393,0.318,1
"SS18L1",0.165617590092979,0.789712076160918,0.143,0.076,1
"CRPPA",0.165626470624566,-0.618980489963378,0.089,0.167,1
"PEX13",0.165722505351522,0.919453977232755,0.214,0.136,1
"GRAMD4",0.165922615183735,-0.726430425809417,0.107,0.197,1
"NELFA",0.165951063884252,0.540605198661918,0.286,0.189,1
"OXSR1",0.165953775498296,-0.579579773879447,0.232,0.333,1
"RNF217",0.166046187889992,1.03739669973616,0.25,0.167,1
"TARBP2",0.166236879995213,-0.587311052814322,0.125,0.205,1
"STMP1",0.166317254210163,-0.276228150765058,0.839,0.856,1
"SOCS4",0.166734735911556,0.617873521813972,0.321,0.227,1
"GEMIN4",0.16675691155324,1.5325461979737,0.107,0.053,1
"ATP13A1",0.16675691155324,1.5011285842928,0.107,0.053,1
"CACUL1",0.166861845112539,0.582858914337582,0.429,0.341,1
"IRF3",0.167057718307461,0.985397497618705,0.375,0.273,1
"PSMB7",0.167063412095823,0.324684081460786,0.839,0.78,1
"UBE3B",0.167097937298402,1.02214777275922,0.196,0.121,1
"COMTD1",0.167225862399429,-0.718130277846128,0.054,0.121,1
"BBS2",0.167376533885964,1.34231547067324,0.143,0.076,1
"SPART",0.167511632774653,-0.402549724049373,0.429,0.545,1
"FNDC3A",0.167520781729058,-0.387333536188056,0.214,0.326,1
"MRTO4",0.167699383288058,-0.372836960716526,0.196,0.295,1
"ATP2B1-AS1",0.168080354410579,-0.351061168950592,0.161,0.265,1
"TMEM91",0.168080354410579,-0.495488633858422,0.161,0.265,1
"DTWD1",0.168172571993331,0.28348745671718,0.464,0.364,1
"AAR2",0.168389516157095,-0.738188918138551,0.071,0.144,1
"C6orf62",0.168448239907786,0.461981042592114,0.589,0.553,1
"MAP3K2-DT",0.168470604197874,0.595946022216106,0.196,0.114,1
"CHMP6",0.168628640956935,-0.622319404524286,0.143,0.227,1
"TRAPPC10",0.168785012409644,0.637314186199697,0.393,0.318,1
"ZNF576",0.168810408453384,1.34804503883897,0.107,0.053,1
"ZNF827",0.168957415756908,0.719893364317113,0.339,0.25,1
"IRAK4",0.169045536271457,-0.257917720893497,0.179,0.273,1
"PRPF4B",0.169093102617447,0.682663301546897,0.679,0.75,1
"DPP8",0.169093632712109,0.54846533219138,0.321,0.227,1
"IBTK",0.169390670322378,0.870103357501763,0.375,0.311,1
"NXPE3",0.169897624478128,0.773625442509742,0.232,0.152,1
"NT5DC1",0.169935624904122,0.551576681335613,0.393,0.303,1
"CBWD2",0.169953024506929,-0.363505559870955,0.071,0.152,1
"AC091271.1",0.169986269533618,-0.760491304037344,0.071,0.144,1
"SLC27A5",0.170057952592278,-0.489321604890964,0.214,0.311,1
"ZNF430",0.170244806755474,-0.262856889434163,0.357,0.485,1
"PWWP2A",0.170859084230607,-0.733716861118455,0.179,0.273,1
"AC003102.1",0.170882821155613,1.1980132205279,0.107,0.053,1
"ELP2",0.171439819321385,-0.319813983375069,0.393,0.545,1
"IP6K1",0.17148656909573,0.527215217900013,0.5,0.432,1
"CRCP",0.171577538852406,-0.50765148577629,0.268,0.356,1
"BAZ1A",0.172159635609979,-0.384142216848792,0.375,0.515,1
"SMCR8",0.172164655536532,0.536544101302288,0.232,0.144,1
"LUC7L",0.172261955059826,0.647407655384528,0.536,0.455,1
"BTBD1",0.172447932766001,0.791272168841136,0.339,0.242,1
"EML2-AS1",0.1724532495193,-0.560354731872137,0.054,0.121,1
"ARPC5L",0.172836784342464,0.956577330735685,0.429,0.402,1
"ARHGAP32",0.173052098241024,-1.02371235115839,0.071,0.136,1
"COQ6",0.173082130714513,0.833656133689492,0.196,0.121,1
"TTC37",0.173165539080673,0.349154586304671,0.643,0.545,1
"ENTPD3-AS1",0.173213780959502,-0.857089632167356,0.071,0.144,1
"TSC22D2",0.173628415267744,-0.910283060922403,0.214,0.295,1
"RRP15",0.173785191390359,-0.482318162086023,0.268,0.356,1
"LACC1",0.174222596943758,-0.658621030690179,0.054,0.121,1
"ITGAL",0.17427774319865,0.626909002327678,0.268,0.182,1
"PLPBP",0.17433153769048,0.679357381568983,0.393,0.295,1
"BMT2",0.174402117134912,-0.611942439789788,0.125,0.205,1
"FANCG",0.174720648933664,0.762248232030252,0.179,0.106,1
"NDUFA8",0.17472293214533,-0.428075718148372,0.393,0.485,1
"WRNIP1",0.174896944172785,-0.714871660177897,0.268,0.356,1
"NMT1",0.175231288492555,0.301885832042132,0.518,0.432,1
"MDFIC",0.175375428511994,0.821846588758194,0.321,0.242,1
"ATP6V1B2",0.175512874996352,-0.388978589813264,0.161,0.265,1
"WWP2",0.175562173945966,0.627662354724447,0.214,0.129,1
"UBE3C",0.175592696659664,-0.410007133787405,0.143,0.235,1
"TMEM260",0.175768619730402,-0.773986613406767,0.107,0.182,1
"BCL11A",0.176250976825019,0.976864193252231,0.661,0.682,1
"ADGRE5",0.176430579162842,0.529140743619343,0.429,0.341,1
"FAM118A",0.176548771560988,1.05273062456487,0.268,0.189,1
"MAPKBP1",0.176868949324544,1.29563713391956,0.125,0.068,1
"ATG3",0.17707847711715,0.562019079502661,0.5,0.455,1
"AC132872.1",0.177214363060106,1.70997096020264,0.107,0.053,1
"JOSD2",0.177264050483634,-0.467948287612711,0.107,0.189,1
"KLHL20",0.177674368655237,0.912954252293687,0.196,0.121,1
"SLC14A1",0.177801904655725,-0.401612882851844,0.054,0.121,1
"NUBP1",0.177858453994951,-0.59515256725061,0.143,0.227,1
"DDX58",0.177954083175658,0.809229431814249,0.179,0.106,1
"NFKBIZ",0.17799080728115,0.539579822612161,0.482,0.386,1
"TRAPPC12",0.178014120307422,-0.442587422408906,0.232,0.341,1
"BAG4",0.178134221309407,-0.653782864557358,0.161,0.25,1
"IK",0.178215827138071,0.328165073955611,0.821,0.818,1
"PRPF38A",0.178216092828291,0.700163152706057,0.554,0.439,1
"ZCCHC7",0.178385207085104,-0.412423781125291,0.357,0.47,1
"PGPEP1",0.178402284065893,-0.256560134619528,0.232,0.333,1
"C21orf91",0.178440331338099,-0.512641766206956,0.232,0.318,1
"CLINT1",0.178475578927402,-0.324324790787496,0.554,0.697,1
"UBE2W",0.178507389366184,1.2163490963504,0.286,0.22,1
"MOB2",0.178670986664843,-0.673899030568423,0.214,0.318,1
"DAPP1",0.178720717539047,0.92379062038753,0.214,0.136,1
"OBI1",0.178720717539047,1.19857715868415,0.214,0.136,1
"PDHB",0.178776149955584,0.440730995379892,0.482,0.402,1
"FBRS",0.179195995256325,0.545241573161749,0.482,0.371,1
"RBM19",0.179287998962045,0.388449786920392,0.196,0.114,1
"CAVIN1",0.179513685842619,-0.512132561167032,0.179,0.273,1
"MDN1",0.179581951190955,0.752777686839998,0.268,0.182,1
"C4orf3",0.17987658714591,0.379750114390584,0.804,0.811,1
"GSR",0.180085175560099,0.641094701449172,0.286,0.197,1
"ACSF3",0.180085802354167,1.51108685594228,0.25,0.174,1
"PIP4P1",0.180194434463235,-0.497910123200551,0.107,0.189,1
"ZNF268",0.180210526017509,0.85461311532095,0.214,0.136,1
"SPN",0.180479018660025,0.381420229117084,0.804,0.818,1
"SLC35E2B",0.180624203031694,1.69544187997116,0.161,0.098,1
"UNK",0.18064263895234,0.717822838072529,0.339,0.258,1
"CAMSAP1",0.180756118310385,1.28514280780448,0.179,0.114,1
"PHKA2",0.180756118310385,1.30814059124898,0.179,0.114,1
"ICE1",0.180838379161725,-0.761940471830854,0.214,0.295,1
"KNOP1",0.181059077471306,-0.263650949793869,0.179,0.28,1
"ILKAP",0.181111630275981,-0.406459999365441,0.25,0.348,1
"PSMG1",0.181342129034361,-0.304664364319835,0.304,0.447,1
"ZNF326",0.181364509379505,0.290356621073408,0.661,0.591,1
"POP5",0.181374544832232,-0.53431795524679,0.339,0.424,1
"RFXANK",0.181424175352377,-0.256895148560359,0.411,0.545,1
"BCS1L",0.181432242920698,-0.75200369895357,0.125,0.205,1
"LRRC8C",0.181435673284006,1.1210468091052,0.143,0.083,1
"GABPB1-AS1",0.181438859433805,0.352583942516313,0.696,0.629,1
"GAS6-AS1",0.181482638909793,-0.631530385071553,0.071,0.144,1
"TTC28",0.181482638909793,-0.520232156728103,0.071,0.144,1
"PAXBP1",0.181500809699107,0.410349521749545,0.375,0.28,1
"KHDRBS2",0.181531436201641,1.01150940328996,0.107,0.053,1
"CHKB-DT",0.181531436201641,0.858502565184038,0.107,0.053,1
"ERGIC2",0.181533929196105,0.595395399618291,0.5,0.424,1
"SAYSD1",0.18170954129437,0.793891089925115,0.214,0.136,1
"UHRF2",0.182051961467388,-0.361544588984229,0.161,0.25,1
"FAM53B",0.182054826898571,0.930811455473419,0.196,0.129,1
"CTNNA1",0.182251480393407,-0.4585443113471,0.286,0.394,1
"TRNAU1AP",0.182330032985253,-0.286432641186378,0.161,0.273,1
"CHAF1A",0.182339819397307,0.989102865975888,0.161,0.098,1
"TIAL1",0.182352806968785,-0.270245687319339,0.518,0.652,1
"CTSH",0.182765453308457,1.96896106755782,0.125,0.068,1
"ACVR1",0.182897911593345,-1.06711970212004,0.054,0.114,1
"MSH3",0.182952709297934,0.711777259866859,0.304,0.227,1
"POLM",0.182978558378659,-0.552062029400561,0.125,0.212,1
"ZNF257",0.183170998129509,-0.574489156511665,0.071,0.144,1
"CCDC106",0.183202145702746,-0.863853160093546,0.071,0.136,1
"NXT2",0.183217788389239,0.840116099531343,0.214,0.136,1
"AC116407.2",0.183273094955792,0.632272297340497,0.143,0.083,1
"YOD1",0.183298755879743,-0.605887421784022,0.143,0.227,1
"RPA1",0.183458502522102,-0.406194876807437,0.214,0.318,1
"VRK3",0.183760778020395,-0.557961284715704,0.268,0.371,1
"PCCB",0.183906962318874,0.486663331028391,0.339,0.242,1
"EFCAB2",0.184069483425731,-0.925848940904736,0.125,0.197,1
"OSBPL11",0.18407897275743,-0.868209567154103,0.089,0.159,1
"PUM1",0.184377249379134,0.40231307476427,0.714,0.667,1
"MLLT11",0.18467789955946,-0.761882421579415,0.143,0.227,1
"AC012146.1",0.184735292084386,0.690452046651137,0.214,0.136,1
"ZBTB20-AS2",0.184791896204896,-0.780117162853295,0.054,0.114,1
"BTN2A1",0.184791896204896,-1.1420827897318,0.054,0.114,1
"RBM18",0.185005233680899,-0.445617192289895,0.143,0.235,1
"CARMIL1",0.185124268238313,-0.511732136803785,0.054,0.121,1
"GALNT4",0.185124268238313,1.40554605956748,0.143,0.083,1
"C2orf76",0.185499869583645,-0.39393253843956,0.179,0.28,1
"TRIM38",0.185581866097051,0.759537427594767,0.429,0.356,1
"BAZ1B",0.18560890725327,0.382160584304508,0.482,0.379,1
"GLTP",0.185664742629488,0.577305235115697,0.339,0.25,1
"TVP23C",0.185696845852433,-0.81657330565619,0.089,0.159,1
"ZC3H7A",0.185775640160905,-0.413855564077501,0.25,0.356,1
"TOMM40L",0.185926066017195,1.08944519047398,0.107,0.053,1
"AC008771.1",0.185926066017195,0.962358123530346,0.107,0.053,1
"PROCA1",0.185926066017195,0.976054991287959,0.107,0.053,1
"XPO1",0.18597879076343,0.439974782449753,0.714,0.659,1
"FNIP1",0.186115338928288,-0.342695927128341,0.446,0.583,1
"GABARAP",0.186243378311122,0.280981792238355,0.946,0.992,1
"AC004540.2",0.186402465923601,0.720475238006076,0.429,0.341,1
"ACAT1",0.18645816068095,0.765585603626735,0.286,0.212,1
"MTMR1",0.186497307548662,0.804023060665382,0.161,0.091,1
"IL6R",0.186748711435951,1.03232807212449,0.196,0.129,1
"AC104083.1",0.186776049521367,1.10910735832791,0.125,0.068,1
"SMKR1",0.186776049521367,1.40576950970265,0.125,0.068,1
"IQGAP2",0.186820040061115,0.318538290071096,0.839,0.894,1
"FOXRED1",0.187129954691954,-0.467270515424135,0.089,0.167,1
"PUS10",0.187129954691954,0.682500777149029,0.196,0.121,1
"ENDOV",0.187270977795001,-0.653448260997256,0.161,0.235,1
"ADAM17",0.187701385786286,-0.337688731736442,0.304,0.402,1
"CPNE3",0.18786728067422,0.602655116360571,0.571,0.523,1
"PCYT1B",0.188152652480136,1.25487472672681,0.107,0.053,1
"MN1",0.188290505501568,0.329193357609594,0.161,0.091,1
"CABLES1",0.188305881655208,-0.392665721930002,0.071,0.144,1
"ARFGAP3",0.18856774394592,0.490621616193052,0.5,0.455,1
"TBC1D7",0.188670526073042,-0.504299434100443,0.125,0.205,1
"AVEN",0.188722973049948,-0.514849092107951,0.161,0.25,1
"DHRS12",0.188741361639118,-0.574639757771055,0.089,0.167,1
"SCML4",0.188741361639118,0.431372013680372,0.196,0.121,1
"PPP1R7",0.188769770899329,-0.2962526390216,0.411,0.53,1
"AL121933.2",0.188868046568566,-0.317889583539305,0.054,0.121,1
"REXO5",0.188868046568566,-0.553878229569291,0.054,0.121,1
"CPA3",0.189065613580251,-0.254163197574355,0.304,0.439,1
"FXYD5",0.189157705831766,0.315350792445764,0.964,0.939,1
"TPP2",0.189258128485681,-0.534793726739696,0.411,0.508,1
"NFIX",0.189414630071229,-0.876977488352257,0.161,0.242,1
"DTX3L",0.189414630071229,1.39057186945715,0.268,0.197,1
"JAKMIP2",0.18957643143444,-0.385472669316877,0.214,0.318,1
"AC245297.3",0.189829103322604,-0.373812473056679,0.411,0.515,1
"ZNF66",0.189927260220866,-0.387550125930306,0.089,0.174,1
"TAF1B",0.18997695223361,-0.601504990811843,0.125,0.197,1
"CHTOP",0.19001771245816,0.266195604296093,0.482,0.379,1
"RAD54L2",0.190099242141405,0.957340044043657,0.268,0.197,1
"ALG2",0.190271299613737,1.05262588208576,0.25,0.182,1
"ISCA2",0.190373367637956,-0.252319239092405,0.411,0.523,1
"BDNF-AS",0.190398851328043,0.65406994073958,0.107,0.053,1
"HIBCH",0.19042890802042,0.863993652241865,0.393,0.303,1
"ASB7",0.190760738727626,1.25394127643625,0.143,0.083,1
"TNKS",0.190786443691678,0.708358642316087,0.268,0.197,1
"ZNHIT6",0.19111912191986,0.306527446156544,0.446,0.341,1
"PGM2L1",0.191417234325557,-0.322947943615606,0.268,0.386,1
"GALK1",0.191441263354295,-0.74230827874268,0.161,0.25,1
"TBCD",0.191531400759827,1.25735174803782,0.196,0.129,1
"SRRT",0.191654642942325,0.836298009885727,0.357,0.288,1
"ZNF606",0.191953142744674,0.271102419826263,0.268,0.182,1
"PNP",0.191953542313419,-0.290537547446531,0.143,0.235,1
"DEGS1",0.192111650325695,-0.326468282869272,0.196,0.28,1
"VCPIP1",0.192125314866015,0.879062540905654,0.286,0.197,1
"CMBL",0.192165556983195,-0.610965070125878,0.161,0.242,1
"VSTM1",0.192513047533133,-0.757275815908445,0.054,0.114,1
"NBPF9",0.19266473469661,1.18751289527546,0.107,0.053,1
"ZNF879",0.19266473469661,1.10859902602907,0.107,0.053,1
"SGPP1",0.192667356703782,0.87877512841693,0.143,0.083,1
"CCNG2",0.192676461606813,0.490956031879003,0.393,0.311,1
"MFSD3",0.192913284720056,1.20241385834278,0.125,0.068,1
"BRWD3",0.193298589476778,0.899734643531155,0.304,0.227,1
"TMEM43",0.193527567218042,-0.352815965603561,0.286,0.417,1
"RALGAPA2",0.194103374070823,-0.406897904607419,0.25,0.333,1
"HIST1H2AH",0.19447987022888,-0.760642304126575,0.054,0.114,1
"CCL4",0.19447987022888,-2.52981112257119,0.054,0.114,1
"CCDC61",0.19447987022888,-0.724847740199503,0.054,0.114,1
"EPC2",0.194582436477549,-0.371389498951999,0.304,0.402,1
"ZFYVE16",0.19463001332023,0.84519998114419,0.321,0.25,1
"THAP4",0.194723360020391,-0.361430572698378,0.161,0.258,1
"ING2",0.19476729649369,-0.278182106138777,0.304,0.424,1
"PAGR1",0.194767729831129,-0.355903443338952,0.196,0.288,1
"GGCX",0.19523406168012,-0.609628878703739,0.25,0.326,1
"ANKRD27",0.195289355642207,-0.336845548529177,0.089,0.167,1
"PBXIP1",0.19553072320176,0.40563715459483,0.661,0.644,1
"FAM78A",0.195593676289458,-0.73165341477279,0.071,0.136,1
"MLYCD",0.195593676289458,-0.801514255813822,0.071,0.136,1
"ZNF345",0.195593676289458,-0.736241392326224,0.071,0.136,1
"USP33",0.195610326503646,0.442326578634111,0.518,0.447,1
"TSC2",0.196098111714826,0.679755727850966,0.286,0.205,1
"ADD1",0.196619205295026,0.756781109117667,0.696,0.621,1
"EBAG9",0.197039898071121,-0.509740507258728,0.268,0.356,1
"PEX11A",0.197086297963107,1.16761265324964,0.125,0.068,1
"DCAF1",0.197098728803362,-0.361954991669955,0.071,0.144,1
"SLC25A19",0.197255837901236,0.962897186006161,0.107,0.053,1
"VDAC3",0.197303900230579,-0.251196092751176,0.643,0.765,1
"FKBP14",0.197317272590106,-0.759138401200635,0.089,0.159,1
"NEK6",0.197317272590106,-0.823939294107848,0.089,0.159,1
"ALG8",0.197634900857547,-0.548634482924008,0.125,0.205,1
"GALNT2",0.197678158681457,-0.449609776201846,0.214,0.303,1
"FO393401.1",0.197754937212737,-0.614472745430832,0.161,0.242,1
"ATP6AP1",0.197918174916834,-0.342437082165462,0.339,0.439,1
"ZNF593",0.197964041758558,-0.408504134168849,0.304,0.394,1
"RBBP4",0.198423567626635,0.310809498565838,0.768,0.811,1
"SLC12A9",0.198457673080793,-0.834004163898877,0.054,0.114,1
"LSS",0.198471184308429,0.643356034286575,0.054,0.121,1
"CMTR1",0.198536393703769,-0.385930220797973,0.107,0.189,1
"UBE2N",0.198730858780889,-0.337178806877117,0.446,0.583,1
"EXOSC4",0.198930670001532,-0.807684189379177,0.107,0.174,1
"ARMC6",0.199019856960062,-0.711809973558641,0.089,0.159,1
"MRPL54",0.199093587973482,0.276190380499748,0.75,0.742,1
"ARL8A",0.199113145766757,0.663823219134487,0.482,0.439,1
"DLST",0.199158773907688,0.464623247416389,0.232,0.159,1
"BABAM1",0.199285139155435,0.441031140256414,0.5,0.417,1
"AHR",0.199386643423254,0.483714492599075,0.536,0.432,1
"SFSWAP",0.199725928227359,-0.27482997739165,0.482,0.598,1
"OARD1",0.199927444649572,-0.388069438138335,0.482,0.545,1
"BDP1",0.200089445137878,0.336231871666318,0.589,0.53,1
"ANKRD12",0.20065368534287,0.294306340545237,0.696,0.735,1
"MLX",0.20065487388767,0.557601860990438,0.339,0.258,1
"PDLIM1",0.200661854295885,-0.310695518928527,0.393,0.508,1
"GTF2H4",0.200691215687987,-0.453226427331075,0.125,0.205,1
"BRI3BP",0.2009553751303,0.774918318043087,0.179,0.114,1
"RCAN3",0.201195462553238,0.645674485637856,0.304,0.22,1
"MED8",0.201195820032673,-0.837269170199314,0.196,0.265,1
"RFC5",0.201200222180035,-1.18079654732034,0.071,0.129,1
"GNA13",0.201210315050986,0.827183538838067,0.339,0.273,1
"DNAAF5",0.201325016746382,1.37762852268717,0.125,0.068,1
"ZNF778",0.201325016746382,0.894469197290573,0.125,0.068,1
"NUFIP1",0.20154554786723,-0.755865483637261,0.143,0.22,1
"WDFY2",0.201696930133274,0.723873222484545,0.536,0.485,1
"CCDC32",0.20172003356473,-0.272777754412481,0.304,0.409,1
"INPP5D",0.201776671235597,0.506828027841351,0.446,0.402,1
"DIS3L2",0.201830541994031,-0.50853442801838,0.143,0.227,1
"PGGT1B",0.201891428680607,0.637488417602391,0.286,0.197,1
"STAMBPL1",0.201926516360268,0.748619898139527,0.107,0.053,1
"AC104532.2",0.201926516360268,0.746134097264433,0.107,0.053,1
"DSG2",0.202045609397146,-0.65341444244048,0.107,0.182,1
"BRPF1",0.202232244989174,0.802493131757303,0.232,0.159,1
"LBR",0.202456130919195,0.518922366102665,0.571,0.492,1
"TEP1",0.202494643569796,-0.771459043844755,0.054,0.114,1
"PRKCH",0.202698332450871,0.642312315046836,0.304,0.227,1
"S100A9",0.202726318527128,-0.442099680210511,0.196,0.288,1
"HIST1H2AK",0.20275741906798,-0.366767046561043,0.179,0.258,1
"WASHC5",0.203039831189162,0.765595907685502,0.25,0.174,1
"TMEM164",0.203310696774285,-0.568999907267962,0.143,0.227,1
"ATPAF1",0.203404080395223,1.2834757125823,0.232,0.174,1
"SLC35A3",0.203432919071642,0.546133368899519,0.357,0.28,1
"AIFM1",0.203463141531935,-0.586794605168489,0.161,0.242,1
"CHCHD3",0.203608128491119,-0.300420933046708,0.375,0.462,1
"ADAM8",0.203676034784708,0.544417934269072,0.214,0.136,1
"PRIM2",0.203676034784708,-0.483207317978147,0.107,0.182,1
"JAK3",0.203970799599265,0.674741038769342,0.321,0.242,1
"BRCA1",0.204291864366477,0.758598262191267,0.107,0.053,1
"ACRBP",0.204346575747165,-0.656091048695473,0.071,0.144,1
"SNRNP48",0.204442360475567,-0.379478122851097,0.232,0.318,1
"SEMA3C",0.204476121745724,2.02693299340905,0.179,0.114,1
"FPGS",0.204766537158122,-0.289643996989301,0.232,0.341,1
"HELZ",0.204917836518741,0.689141706158391,0.5,0.439,1
"CD7",0.205094037282722,-1.37473522267145,0.232,0.318,1
"ZNF148",0.205186274774089,0.475348641729634,0.482,0.432,1
"SDF4",0.205628780365224,0.819050530837099,0.429,0.394,1
"PAK1",0.205991642036861,0.609380527905935,0.321,0.242,1
"PTOV1",0.206321389945639,0.33020419799954,0.536,0.455,1
"KIF2A",0.206334731447646,-0.255560038807206,0.607,0.689,1
"HIST1H2BH",0.206344863881421,0.612868057824223,0.179,0.106,1
"TTL",0.206694957787118,-0.700930935522168,0.071,0.136,1
"CSNK1D",0.206788179713688,-0.375535985395277,0.286,0.371,1
"TUFM",0.206909699508674,-0.297993398720078,0.696,0.848,1
"SLC25A39",0.207066483506279,0.597398305543199,0.429,0.348,1
"ZNF569",0.207254425602598,0.767019463195074,0.179,0.106,1
"ARMC8",0.207390964732008,-0.423073578025095,0.393,0.5,1
"SEMA4D",0.207584435412572,0.320576950776974,0.446,0.333,1
"TTC27",0.207693983017004,-0.756905472382912,0.089,0.159,1
"MCUB",0.207725167871583,0.50327903996617,0.446,0.348,1
"CCNYL1",0.20780717081645,1.52018378836355,0.125,0.068,1
"CPSF2",0.208162063030393,0.849892870401515,0.304,0.242,1
"TNRC6B",0.208485284544736,0.711037831231489,0.768,0.75,1
"MTRF1L",0.20851652507424,0.797617284070246,0.339,0.28,1
"ZNF846",0.208588785126231,-0.634883358159972,0.071,0.136,1
"DYNC2LI1",0.208657528788437,0.647327854633663,0.268,0.189,1
"HGSNAT",0.20903197140687,0.366362940222329,0.357,0.265,1
"BAZ2A",0.209239367012533,0.79247937237191,0.518,0.417,1
"CFAP298",0.209431729004746,-0.264835909436238,0.518,0.644,1
"LYRM4",0.209448057286411,-0.280998971461928,0.321,0.424,1
"AC090204.1",0.209752122326627,-0.391171160327644,0.286,0.386,1
"DHRS4",0.209830528102431,0.662817245019885,0.357,0.273,1
"RXRA",0.209838729931526,1.02093211766418,0.196,0.129,1
"GZMM",0.21000116978398,0.914924326022539,0.125,0.068,1
"FBXO28",0.210068817394,1.10609686714809,0.25,0.182,1
"DDX55",0.210312675377717,-1.02516076861933,0.143,0.212,1
"NHLRC2",0.210313732570763,0.828760699248953,0.375,0.303,1
"RUSC1",0.210495156967799,-0.548450782619282,0.071,0.136,1
"DXO",0.210747436721214,-0.406821896077294,0.054,0.114,1
"SPACA9",0.210747436721214,-0.644195924173358,0.054,0.114,1
"CPSF1",0.210829456063069,-0.429733023765553,0.214,0.318,1
"NIPBL",0.210856327511932,-0.354230201977731,0.482,0.606,1
"HENMT1",0.211278145449516,-0.284339455199615,0.304,0.394,1
"UBR5-AS1",0.211402754025313,0.436146357756626,0.393,0.303,1
"CHFR",0.211659782603843,-0.633042130428003,0.125,0.205,1
"VPS35L",0.211752225001663,-0.709819345658223,0.125,0.197,1
"RSPRY1",0.211752225001663,-0.737973301991609,0.125,0.197,1
"METTL26",0.212189323587378,0.421667547037132,0.643,0.591,1
"CREB3L4",0.212249815634034,-0.390837919215303,0.268,0.394,1
"L3MBTL2",0.212286927953905,-1.02092029119012,0.107,0.174,1
"CENPF",0.212414103506882,-0.778656064189682,0.071,0.136,1
"AC006333.2",0.212414103506882,-0.262652968814364,0.071,0.136,1
"NUP160",0.212426754828616,0.762917739995439,0.304,0.227,1
"HARS2",0.212508443223607,1.11180638693316,0.143,0.083,1
"ASCC1",0.212652415612543,0.556003299595269,0.25,0.167,1
"KLF10",0.212720936703327,0.658459285295241,0.482,0.409,1
"TMEM44",0.212848132913433,-0.442856339019562,0.054,0.114,1
"HLA-F",0.212969073778502,0.661030890303168,0.339,0.25,1
"ATP6V0E1",0.213069753175836,0.263720293680349,0.875,0.826,1
"TIMP2",0.213162735915834,0.726174787817825,0.214,0.144,1
"NBR1",0.213437076433854,-1.07358058331407,0.143,0.212,1
"HSPA13",0.213726190916662,0.723943847796874,0.25,0.174,1
"ORC3",0.213893523064724,-0.422079439661466,0.143,0.227,1
"R3HDM2",0.213937949332048,0.415858210369207,0.554,0.53,1
"ZNF354C",0.213954819390388,0.390873898983173,0.107,0.053,1
"PPP2R5E",0.214137723569702,0.387523858501936,0.571,0.47,1
"XPNPEP3",0.214152190880752,0.376238440223127,0.196,0.121,1
"UNC50",0.21418760590637,-0.327883047564242,0.25,0.356,1
"TRMT1L",0.214345654442167,-0.498180906421855,0.071,0.136,1
"NLK",0.214463975256515,-0.65858185456306,0.268,0.333,1
"TRIM16",0.214943456573839,-1.18974467144742,0.054,0.106,1
"KANSL1-AS1",0.214963906744433,-0.779139236844874,0.054,0.114,1
"ZNF628",0.214963906744433,-0.572269282451332,0.054,0.114,1
"NMRK1",0.214996109264365,-0.977744610007005,0.125,0.189,1
"KCTD6",0.215176942363086,1.75108558415866,0.107,0.061,1
"IRF7",0.215306528575239,0.86131754412882,0.179,0.114,1
"GOT1",0.21530712344476,-0.740953183813322,0.089,0.152,1
"GMNN",0.215316165702087,0.911916254519204,0.161,0.098,1
"NAA40",0.215316165702087,1.16811206488936,0.161,0.098,1
"BCL2L12",0.215437217022674,-0.475829383940706,0.143,0.227,1
"KAT8",0.216297757692274,0.501859703946917,0.393,0.311,1
"WTAP",0.216574315954416,-0.381708806076093,0.625,0.689,1
"AL136454.1",0.216683661656927,0.882807609815646,0.125,0.068,1
"CYHR1",0.216692893690029,-0.328339900241787,0.214,0.311,1
"SOCS1",0.2167311678666,-1.42169424585454,0.071,0.129,1
"SDAD1",0.216799120259662,-0.431697191118503,0.268,0.348,1
"CHD2",0.216819030355094,0.530407184744464,0.714,0.667,1
"AC060780.1",0.216836444295029,1.00199113642696,0.268,0.212,1
"KLRG1",0.217065186436798,-0.29397266144417,0.107,0.182,1
"PAQR8",0.217094796202891,-0.699965914260862,0.054,0.114,1
"RMC1",0.217094796202891,-0.470799855757937,0.054,0.114,1
"ZNF579",0.217094796202891,-0.517942413913854,0.054,0.114,1
"GRB10",0.217151753450094,-0.820479299976711,0.089,0.152,1
"COX20",0.217198665043375,0.386602488222535,0.714,0.674,1
"FYN",0.217223964457339,0.552805449358579,0.375,0.311,1
"ZNF652",0.217224261494557,0.731968941012965,0.375,0.311,1
"EVI2A",0.217354443699003,0.509459775884988,0.321,0.227,1
"PIGC",0.217638160236176,-0.633420942518124,0.268,0.341,1
"RYBP",0.217697567086406,1.12471938340641,0.429,0.394,1
"PHACTR1",0.218197211710698,0.583373258977228,0.429,0.364,1
"TIMM44",0.218255328743197,-0.359559068962324,0.161,0.242,1
"BCL2L13",0.218255328743197,-0.644388745835635,0.161,0.242,1
"FMNL3",0.218738259963747,0.872068238705332,0.143,0.083,1
"AACS",0.218739020129944,0.898016756382956,0.143,0.083,1
"LZTS2",0.21900772417294,0.879478509417894,0.179,0.114,1
"ANO6",0.219222504280246,0.77942628952183,0.268,0.189,1
"TGIF1",0.219348980474675,-0.530164160582245,0.196,0.288,1
"GSN",0.219367682310202,0.637186288751586,0.625,0.583,1
"THAP5",0.219501110841493,0.812073869933402,0.304,0.235,1
"ZNF493",0.219571783013475,0.531028873439972,0.464,0.424,1
"POP7",0.21957918168014,-0.739662734100557,0.196,0.273,1
"PET117",0.219579300015055,-0.810844594893499,0.196,0.265,1
"TAX1BP1",0.219739934575905,0.285136570576578,0.821,0.818,1
"MGST1",0.219848281909745,-0.731676192184761,0.268,0.356,1
"C5orf22",0.219907222014645,0.468744109506867,0.214,0.144,1
"PLEKHM1",0.220011931453671,0.654949019916462,0.25,0.174,1
"HERC2",0.220372190031837,-0.299957582248426,0.375,0.47,1
"PPP1R12A",0.220396013170061,0.268681032509577,0.696,0.629,1
"SCAF8",0.220777133207886,0.510895388150728,0.321,0.235,1
"TRIM56",0.221139187792172,-0.583251119545252,0.393,0.47,1
"ZNF282",0.221205759263735,1.11662612148819,0.161,0.098,1
"CEBPD",0.221551518876802,-1.34695987913567,0.054,0.106,1
"COG2",0.22160388607084,-0.284705671110005,0.143,0.22,1
"PHGDH",0.221617114227866,-0.602999980210318,0.125,0.197,1
"MCAT",0.22212930616174,0.690531249537681,0.196,0.129,1
"ACYP2",0.22221194091827,-0.44234034073225,0.196,0.288,1
"AC010618.3",0.222412152915952,1.61571954230669,0.107,0.061,1
"FOXO1",0.222720958444581,-0.392829700256038,0.107,0.174,1
"SNHG26",0.222772189889066,-0.960181785385321,0.071,0.129,1
"CDIP1",0.222840105998118,-0.460094327034349,0.161,0.242,1
"SLFN5",0.222964986013909,0.864883942466333,0.143,0.083,1
"PRPF39",0.223055223828003,-0.488411028001592,0.125,0.205,1
"TMCO3",0.223055223828003,0.804191491240401,0.232,0.159,1
"OMA1",0.223073090186829,0.647750747574837,0.321,0.25,1
"TCF3",0.223218095531746,0.703839222563378,0.393,0.348,1
"LOX",0.223517827716681,0.278532616730718,0.125,0.068,1
"LENG8",0.223576247891089,0.478728520735535,0.5,0.424,1
"INTS9",0.223578527249108,-0.413820732633287,0.054,0.114,1
"AC138649.1",0.223640774389723,1.03380543424025,0.321,0.265,1
"TRIM44",0.223893592088935,0.429857286873234,0.536,0.447,1
"CCNK",0.223957849369258,-0.312110492551966,0.304,0.402,1
"SLC25A33",0.223987711312437,0.797494995411066,0.304,0.22,1
"WDSUB1",0.223992332189332,-0.427129535927057,0.107,0.182,1
"COA1",0.224036835942603,-0.308489833948232,0.375,0.47,1
"AC142472.1",0.224241989101742,0.973212357794478,0.214,0.152,1
"PAIP2",0.224367814150939,0.256363536644202,0.929,0.932,1
"WIZ",0.224643915202869,-0.817056838733017,0.089,0.152,1
"KAT6A",0.224914572980842,0.402386883392136,0.536,0.523,1
"AL121603.2",0.225065127854296,0.704634943031826,0.214,0.144,1
"STX10",0.225103438672839,-0.257031173184032,0.411,0.5,1
"HOXA6",0.225273477733287,1.75101328066165,0.161,0.106,1
"FLOT1",0.22542938118379,0.61776725459849,0.268,0.189,1
"HAUS6",0.22542938118379,-0.781427353609422,0.161,0.235,1
"RHOF",0.225519216053607,0.413861035982315,0.339,0.25,1
"MCM2",0.22582978699469,0.610676630590801,0.125,0.068,1
"ACAA2",0.225894108409697,0.67968792473924,0.429,0.348,1
"LRRC34",0.226037003942379,-1.06062532135683,0.054,0.106,1
"EIF1AD",0.226037003942379,-1.08769054638964,0.054,0.106,1
"CLIP1",0.226117977516092,0.293010550580764,0.375,0.303,1
"PFKM",0.226201251517125,0.448569634891823,0.071,0.136,1
"DDX19A",0.226468141297765,-0.269518785735736,0.143,0.227,1
"SIAH2",0.226471626849546,0.829182233432122,0.411,0.341,1
"C9orf78",0.226532370079699,0.309187179757066,0.696,0.742,1
"ABCB7",0.226824785893784,-0.440427613532105,0.339,0.439,1
"MRPS18A",0.227000520217743,-0.487457704871977,0.161,0.235,1
"AC103706.1",0.22724906067397,0.881907075635126,0.143,0.083,1
"NFKB2",0.227331402171975,1.32845002525563,0.107,0.061,1
"SC5D",0.227464642528404,0.527527622968386,0.357,0.273,1
"TRUB2",0.22749340526339,-0.365046624680996,0.161,0.242,1
"LCP1",0.227898097130626,0.347675344428003,0.911,0.856,1
"SPAG16",0.227985517787023,-0.677547177822382,0.161,0.227,1
"PTPRA",0.228055786790255,0.467286637503896,0.589,0.561,1
"UBXN2B",0.228072962076803,1.10491982264552,0.196,0.136,1
"PPARA",0.228158766040183,0.386877196538193,0.125,0.068,1
"MTX2",0.228163006136389,0.729568578657204,0.286,0.205,1
"SLK",0.228205041494621,0.478669003494354,0.661,0.538,1
"PTGR2",0.228303892852362,-0.953278592980206,0.054,0.106,1
"PRNP",0.228374055299204,-0.707948732164172,0.125,0.197,1
"WWC3",0.228458502117712,-0.719159567557359,0.089,0.152,1
"DHX33",0.228538045829527,-0.740421093066338,0.125,0.189,1
"DAAM1",0.228694717969002,0.261154846089583,0.411,0.318,1
"SDHAF2",0.229031992188181,0.544395573070428,0.411,0.371,1
"KPNA4",0.229032587870513,0.412315418002287,0.589,0.583,1
"MRPS30",0.22923790939609,-0.290738119855633,0.375,0.485,1
"HIST1H2AC",0.229264551141689,-0.457306985943252,0.5,0.576,1
"SSR1",0.229285113602732,0.508058034930893,0.625,0.598,1
"CAB39",0.22928565384463,-0.413890910901222,0.25,0.341,1
"TMEM106C",0.229290423323092,-0.733222723851156,0.107,0.182,1
"RBPJ",0.229384187857797,0.377714974075698,0.518,0.447,1
"CNOT11",0.229486157124473,0.432726100588663,0.321,0.235,1
"AKAP7",0.22952865901148,0.690809704133495,0.357,0.28,1
"C12orf43",0.229760725021235,0.607851135460506,0.232,0.159,1
"KLRK1",0.229819905975832,1.4432005856202,0.107,0.061,1
"LINC01252",0.229819905975832,1.67921578620649,0.107,0.061,1
"DNAJC4",0.230420854925447,-0.278513192568787,0.571,0.727,1
"SEC63",0.230574911030153,0.512673369574982,0.554,0.538,1
"LINC00641",0.23058692772764,-0.883813537198846,0.054,0.106,1
"CCDC175",0.23058692772764,-1.03168734934557,0.054,0.106,1
"ABCF2",0.230633833538556,-0.594603779754176,0.161,0.242,1
"PIK3CG",0.230633833538556,0.666740433914598,0.268,0.197,1
"VPS33A",0.230633833538556,1.1589348827285,0.268,0.197,1
"PPP3CA",0.230769201783124,0.522883222771842,0.679,0.667,1
"RMI1",0.231013024025231,-0.584501252587133,0.071,0.129,1
"C16orf58",0.231013024025231,-0.663183830195422,0.071,0.129,1
"TRIP12",0.231154684905995,0.507987900064015,0.571,0.5,1
"STK17A",0.231179229514622,-0.405912268450199,0.393,0.485,1
"VMAC",0.23123761212082,1.75103925166232,0.161,0.106,1
"TRBC1",0.231276729223761,1.46852011668033,0.161,0.098,1
"MED25",0.231329059311476,-0.552132080637002,0.143,0.22,1
"SLC35F2",0.231650247623888,0.287800481125529,0.107,0.053,1
"HUWE1",0.232100894804341,0.529033820139383,0.571,0.508,1
"CDC37L1",0.232301457923473,-0.363396655470958,0.071,0.136,1
"AMT",0.232318994033002,-0.881065135530533,0.089,0.152,1
"SLC40A1",0.232353474596463,-0.668385572327599,0.571,0.576,1
"ATP6V1C1",0.232437295813636,-0.372878014765297,0.054,0.114,1
"CHMP4C",0.232867939483696,0.957903880003757,0.125,0.068,1
"RGS2",0.232885952312684,-0.4620331060196,0.321,0.22,1
"EXOG",0.233166729210636,0.54330409443193,0.232,0.159,1
"ZNF7",0.233363122740431,-0.537284825871561,0.161,0.235,1
"CCNQ",0.233852615160657,-0.295459752150905,0.107,0.189,1
"RAB1B",0.234137081735306,0.586002498909479,0.464,0.379,1
"SH3BP1",0.234373122159655,0.956774291692615,0.268,0.212,1
"NAA25",0.234655419959277,0.763850373532649,0.321,0.25,1
"LINC02352",0.23469038860722,-0.254542617577857,0.054,0.114,1
"FAM234A",0.23508626101112,-0.285425068202735,0.214,0.311,1
"MCL1",0.235676953451965,-0.629668100727499,0.625,0.636,1
"PPP3CC",0.235772314609829,1.09308145769622,0.143,0.091,1
"SVIL",0.23591911688508,-0.475958954623649,0.196,0.273,1
"ELK3",0.236119524991198,0.525006734292722,0.464,0.394,1
"DTX3",0.236225557941403,-0.722946085763255,0.089,0.152,1
"SLC66A3",0.236303743544174,0.600086399109145,0.25,0.174,1
"CCDC186",0.236421139473769,0.413669820972313,0.429,0.348,1
"CRNKL1",0.236448823736866,0.752335581880188,0.411,0.348,1
"SMAD1",0.236608386815089,-0.365991136180837,0.125,0.205,1
"NUDT3",0.237292948698337,0.325834999488609,0.554,0.523,1
"ZNF709",0.237334206335087,-0.748404199949751,0.071,0.129,1
"EPB41L2",0.237472754403015,0.428468945368321,0.161,0.098,1
"IREB2",0.237492191714674,0.603544533963582,0.5,0.455,1
"DCUN1D1",0.237494162468602,0.671332550176263,0.482,0.455,1
"ZNF599",0.237533255778847,-0.846198986847718,0.054,0.106,1
"NKRF",0.237533255778847,-0.801502599240315,0.054,0.106,1
"ARHGEF17",0.237533255778847,1.29086139075278,0.125,0.076,1
"RSU1",0.237533847727537,0.414357292475521,0.536,0.485,1
"UBE2F",0.237660673493284,0.396688902532561,0.446,0.379,1
"HIST1H2AE",0.237737295275868,-0.905394931531249,0.107,0.167,1
"RNF7",0.237798085943293,0.299476887814038,0.839,0.803,1
"TMEM161B",0.237941619272292,-0.710247381483984,0.143,0.212,1
"LIN37",0.237942982527863,1.15197091882565,0.143,0.091,1
"AC100810.1",0.238102647781838,-0.280821779997487,0.375,0.492,1
"PHYH",0.238320090928762,-0.498206309057905,0.304,0.371,1
"B3GAT3",0.238515805011506,-0.254704028618303,0.268,0.348,1
"MRPL11",0.23882204130204,-0.320961336467806,0.625,0.697,1
"CTNND1",0.238980122357801,1.16750931426471,0.286,0.235,1
"FAHD2A",0.239089160942149,-0.515072295995915,0.25,0.341,1
"PLEKHA1",0.239363061847907,1.23387185448422,0.161,0.106,1
"IRGQ",0.239363061847907,1.4646557614986,0.161,0.106,1
"RCN1",0.239453662098651,-0.251901410162492,0.232,0.333,1
"CRTC2",0.239468176289495,-0.760857292627386,0.071,0.129,1
"ZNF516",0.239468176289495,-0.762463182538393,0.071,0.129,1
"NUP88",0.239561463568264,0.722806081525294,0.25,0.182,1
"ARHGAP10",0.239564834457429,0.933310053757439,0.161,0.098,1
"MAML2",0.239661947842195,-0.315164236449327,0.143,0.22,1
"STRBP",0.239688961324682,0.724258305663371,0.536,0.545,1
"WSB1",0.239818938297626,0.448977369989974,0.679,0.682,1
"SMIM1",0.239851155223071,-0.631471673284863,0.161,0.235,1
"NPIPB4",0.23988121772176,1.52043060056174,0.125,0.076,1
"STAG2",0.240165245149178,0.339099039941059,0.714,0.712,1
"UNC119",0.240178353684005,0.563815560884958,0.179,0.114,1
"SFXN5",0.240206314825818,1.24387237173939,0.179,0.121,1
"HSDL2",0.240239618975453,-0.664308901512576,0.161,0.242,1
"GALK2",0.240239618975453,-0.38381043592243,0.161,0.242,1
"IGKC",0.240243053605009,-0.548561433370133,0.25,0.348,1
"LINC00173",0.240320744193256,0.740609750852704,0.339,0.273,1
"LYPLAL1",0.240603662656732,0.335780964462221,0.339,0.242,1
"SNX14",0.241188835270387,-0.551540327856766,0.304,0.386,1
"HEXIM1",0.241353610035977,0.743998723803887,0.25,0.174,1
"LINC00665",0.241580246454165,-0.536538432422608,0.179,0.258,1
"APOL2",0.241668506555188,0.687111333738641,0.161,0.098,1
"INAFM2",0.241775342318258,1.08413946241442,0.214,0.152,1
"TOR1A",0.242069040705939,0.802039611580598,0.286,0.235,1
"ANXA2R",0.24216688561425,1.13840276461844,0.179,0.121,1
"INTS7",0.242172136455313,0.836841227296203,0.179,0.114,1
"CDKN2AIP",0.242377217049021,-0.506596772750827,0.268,0.341,1
"MAF",0.242471711291893,0.979010189475232,0.196,0.129,1
"DUSP12",0.242587693186811,0.621647124918517,0.321,0.242,1
"TBC1D10B",0.242676629360086,-0.561305859993484,0.125,0.189,1
"SPATA33",0.242725547643212,0.589485724015919,0.161,0.098,1
"C17orf80",0.242793114115315,0.388890428859679,0.196,0.136,1
"CDK11A",0.243003482161686,0.386162215849383,0.321,0.235,1
"ATG4B",0.243142427817008,0.492708216117554,0.268,0.189,1
"AHCYL1",0.243176697541496,-0.375320314046213,0.375,0.515,1
"BCR",0.243191824769922,0.550478688225359,0.339,0.28,1
"ATP2B4",0.243222729824583,-0.295811009624906,0.411,0.492,1
"HLA-DQA2",0.243324778171631,1.08691497864744,0.429,0.409,1
"RBM34",0.243599089567811,-0.315017013084872,0.125,0.205,1
"MCRS1",0.243623988969718,-0.42427236309022,0.196,0.273,1
"RBM27",0.243651201194695,-0.330623243255168,0.536,0.644,1
"USP30",0.243776624315714,-0.648390261844051,0.071,0.129,1
"ETV6",0.244128924253963,-0.420172168941431,0.643,0.667,1
"AMOTL1",0.244177533817754,0.721481708650583,0.179,0.114,1
"CCDC22",0.244606478050085,-0.326798670612468,0.143,0.227,1
"PDLIM7",0.244626111647239,-0.699592088329136,0.054,0.106,1
"SNHG11",0.244626111647239,1.26109435206815,0.125,0.076,1
"C1D",0.244669076243931,-0.329196650657009,0.464,0.598,1
"SERTAD2",0.244680352483821,0.395290459068576,0.482,0.409,1
"CALHM6",0.244786504140855,0.437997097814064,0.446,0.364,1
"ZNF568",0.244971349401902,0.752309378826038,0.143,0.083,1
"TIMM23",0.245146822606042,0.592590725668551,0.268,0.197,1
"AFG3L2",0.245297571961488,0.693054748311642,0.411,0.333,1
"GDAP2",0.245394656179664,0.829305543872811,0.214,0.152,1
"SRSF6",0.245443909219051,0.31852478747326,0.768,0.735,1
"NIBAN1",0.245904769863128,-0.621341348883852,0.125,0.197,1
"SMG1",0.246001215364642,0.63569593181697,0.536,0.515,1
"SLC39A9",0.246194563681266,0.690180029208119,0.179,0.114,1
"SLA2",0.246194563681266,0.57395267370113,0.179,0.114,1
"LINC01023",0.246194563681266,-0.538909884357222,0.089,0.152,1
"INTS4",0.246194563681266,-0.523889367110338,0.089,0.152,1
"CEP41",0.246304605191151,0.564764903634194,0.25,0.182,1
"MFSD8",0.246478530028554,0.388949023353974,0.25,0.174,1
"NFATC1",0.24647897270259,-0.388422668784366,0.143,0.22,1
"ENTPD7",0.247023104139312,-0.738323439807881,0.054,0.106,1
"TBCEL",0.247023104139312,-0.911394522675956,0.054,0.106,1
"ELK4",0.247043148252096,0.840626348779849,0.357,0.311,1
"SH3GL1",0.247592854353918,-0.347676542334883,0.107,0.182,1
"ZNF397",0.247630505961835,1.0133592685601,0.304,0.242,1
"NFIL3",0.248043001227634,0.330554365898415,0.304,0.447,1
"LONP1",0.248060190213103,0.626155321422097,0.161,0.098,1
"TJAP1",0.248139235175729,-0.576508703938358,0.071,0.129,1
"RIPK1",0.248223243484194,-0.754712019379347,0.089,0.152,1
"NLRC3",0.248223243484194,-0.73451670514756,0.089,0.152,1
"AL133243.3",0.248228286174936,0.836007130193882,0.232,0.167,1
"PRPF18",0.248352344652702,0.445663831226067,0.357,0.273,1
"ERLIN2",0.248481550909528,-0.520456559318969,0.107,0.174,1
"FARS2",0.248781206728177,-0.614011972521234,0.179,0.25,1
"FRY",0.248781206728177,-0.497292057688036,0.179,0.25,1
"SLC35A4",0.248936477546133,0.571127745523953,0.232,0.159,1
"LRIG2",0.249007928732072,1.54273152938014,0.143,0.091,1
"TTN",0.249154985713164,0.676072841232484,0.232,0.174,1
"ZDHHC24",0.249240958372331,-0.312015642006634,0.321,0.402,1
"CAMK1D",0.249313663428858,-0.617280205296839,0.357,0.409,1
"NPC1",0.249436499104454,1.18771477174291,0.125,0.076,1
"CDK7",0.249937969577745,0.828455449516187,0.25,0.174,1
"ZNF561",0.249937969577745,0.919127406115487,0.232,0.182,1
"LRRC61",0.250277237467482,0.585479784382863,0.214,0.144,1
"WDR59",0.250321819892301,-0.348974469995091,0.161,0.25,1
"WBP4",0.250321819892301,0.549176726393541,0.268,0.205,1
"PACSIN1",0.250426909574173,1.21754727526922,0.107,0.061,1
"LLGL2",0.250426909574173,1.72243507881752,0.107,0.061,1
"ZNF69",0.250426909574173,1.16762740367901,0.107,0.061,1
"MAIP1",0.250912379464471,0.889059195415683,0.232,0.174,1
"ACOT9",0.250959846755405,-0.374487252144214,0.161,0.242,1
"TTLL3",0.251107231586142,0.81518876261459,0.25,0.189,1
"MYCBP2",0.251149233016781,0.498070953048627,0.821,0.826,1
"UBXN6",0.251237529589688,-0.421513470742024,0.179,0.258,1
"CCNG1",0.251471213857764,-0.282796733540666,0.571,0.659,1
"MARCH9",0.25150909527716,-0.271596521300455,0.161,0.235,1
"TRAF3IP2-AS1",0.251794313121381,-0.428985968333133,0.143,0.212,1
"ST7L",0.251866324453999,-0.822972903875124,0.054,0.106,1
"GGH",0.251866324453999,-0.751287959617353,0.054,0.106,1
"AC002558.3",0.251925339120435,1.34092743709433,0.161,0.106,1
"NUP62",0.252123093244319,0.771131543880603,0.357,0.295,1
"BCL10",0.252318548453141,0.682463220301023,0.411,0.333,1
"DPP9",0.252325249293551,-0.463359094573685,0.107,0.174,1
"TTC17",0.252380466127633,-0.361070570859838,0.429,0.561,1
"PDPR",0.252556182329542,-0.592743760782416,0.071,0.129,1
"CSF2RB",0.252746549616731,-0.493167300197117,0.196,0.28,1
"MT2A",0.253004877105048,-0.52839021588372,0.321,0.417,1
"CCDC124",0.253027981604163,-0.317439083950077,0.304,0.379,1
"LRRC23",0.25309062933964,0.570776189749616,0.214,0.144,1
"PLCB2",0.253179230751521,0.700786355863817,0.25,0.182,1
"PCYT1A",0.253179666219735,0.70343901984504,0.25,0.182,1
"ZNF562",0.253206245645609,1.11102253245624,0.268,0.189,1
"GOLGA3",0.253480951343619,-0.27111025652976,0.161,0.242,1
"IL10RB",0.253578801301128,0.50389413879589,0.286,0.22,1
"HSD17B4",0.253658234762696,-0.422257934701828,0.411,0.462,1
"CEP162",0.254062950523058,0.825896162766838,0.161,0.106,1
"BBX",0.254175812561425,0.311500326866183,0.625,0.583,1
"DNAJA2",0.254233939735239,0.574228907969258,0.536,0.447,1
"SHMT2",0.254310334751338,-0.261959453339847,0.268,0.348,1
"TADA1",0.254312607144992,-0.519989570300577,0.054,0.106,1
"BCL11B",0.254312607144992,1.08269923930449,0.125,0.076,1
"TAPT1",0.254343308726535,-0.550675621636682,0.25,0.318,1
"TFR2",0.254539396125215,-0.544270059473875,0.161,0.227,1
"ARHGAP15",0.254809981677134,0.287521298851897,0.714,0.674,1
"CUL5",0.254811876745841,0.813121734260628,0.411,0.364,1
"PPP2R1A",0.255023541010742,-0.413687411122962,0.393,0.492,1
"ASH2L",0.25514131373065,-0.294889560704783,0.304,0.386,1
"GUF1",0.25532529144273,0.294097830584302,0.161,0.25,1
"P2RX5",0.255343655690401,-0.603129920413745,0.143,0.212,1
"OXCT1",0.255746643778414,-0.562994623029899,0.214,0.288,1
"PYROXD2",0.255774297341241,1.51572519696499,0.107,0.061,1
"TCP11L2",0.255781838752269,0.495385705158809,0.411,0.348,1
"KLHL18",0.255817030462999,0.827830997368402,0.143,0.091,1
"RAD51-AS1",0.255933816563761,-0.565326010278347,0.196,0.28,1
"NPEPL1",0.256206246021673,1.27869859494211,0.179,0.121,1
"DPY19L3",0.256210199503645,-0.438046460541187,0.107,0.174,1
"CYBC1",0.256597754947231,-0.25758727534032,0.286,0.386,1
"DOK2",0.256775373170887,-0.611967613785195,0.054,0.106,1
"NACC1",0.256775373170887,-0.48364650443634,0.054,0.106,1
"TUBGCP6",0.256775373170887,-0.903514978053835,0.054,0.106,1
"MOB1B",0.257281635413122,0.989808274921745,0.429,0.333,1
"UBL7",0.257438560628099,0.889429203490855,0.286,0.227,1
"FAN1",0.257526879236841,-0.892092342926578,0.089,0.144,1
"MED13",0.257736360819965,0.3839397872044,0.464,0.402,1
"MRPL45",0.25809014985903,-0.35100934757148,0.357,0.462,1
"IFFO1",0.258477536429034,0.973505720398792,0.107,0.061,1
"UTP6",0.258589442466014,-0.457905021435933,0.304,0.424,1
"TBCB",0.258673160837212,0.256768019960559,0.75,0.674,1
"CNRIP1",0.258902019693221,-0.729458417680824,0.25,0.318,1
"SLC43A3",0.258997223974122,-0.751394089913598,0.143,0.205,1
"PTRH1",0.259063187761449,-0.650715518186674,0.107,0.167,1
"PROSER3",0.259254647552329,-0.278937653444217,0.054,0.106,1
"STAG3",0.259283837413884,-0.502939353798393,0.071,0.129,1
"METTL4",0.259283837413884,0.344242395346654,0.071,0.129,1
"MINDY2",0.259488512972509,-0.745643998822249,0.179,0.258,1
"BCAT2",0.259657443593476,-0.849398977966461,0.089,0.144,1
"YWHAG",0.259799719935097,0.256735926844454,0.661,0.606,1
"SRSF1",0.259839753658593,0.401876586543076,0.518,0.53,1
"ARNT",0.260074532849288,-0.469743670048501,0.161,0.235,1
"GPKOW",0.260082145995399,0.258695179251843,0.071,0.136,1
"HPS4",0.26015473152528,0.393142717112569,0.429,0.333,1
"NAPG",0.260272293261459,-0.73605109424428,0.214,0.28,1
"ANAPC10",0.260592983217435,-0.472323013239837,0.125,0.197,1
"HSPB11",0.260626164033294,0.476051353966495,0.554,0.538,1
"PTBP2",0.260666057789421,0.379357332566337,0.214,0.295,1
"ADGRG1",0.260666057789421,-0.534353680077494,0.214,0.295,1
"AL590617.2",0.261200515246056,0.855447365766177,0.107,0.061,1
"OLMALINC",0.261200515246056,1.27863303273541,0.107,0.061,1
"SLC12A5",0.261200515246056,0.872711866004551,0.107,0.061,1
"ZC3HAV1",0.261294474574238,0.486039692634367,0.518,0.47,1
"DHRS4L2",0.261599284849387,0.337911186916332,0.429,0.333,1
"PELI1",0.26169413662838,-0.461155008262245,0.089,0.152,1
"SCHIP1",0.261750454327995,-0.59906540649658,0.054,0.106,1
"FKBP11",0.261972432006081,0.384860890711857,0.357,0.273,1
"ACADSB",0.262070860148258,0.959444915750349,0.196,0.129,1
"ERICH6-AS1",0.262739467917914,0.917257747196928,0.161,0.106,1
"RAB29",0.26275444053191,1.07307376407301,0.143,0.091,1
"GNG7",0.26290990037451,0.810382625185205,0.304,0.25,1
"TMF1",0.263023395708473,0.461499002935674,0.5,0.455,1
"ZNF621",0.263078757574905,-0.390483741407817,0.107,0.167,1
"HLA-DRB1",0.263200180624905,0.405620688977431,0.911,0.879,1
"ARV1",0.263262138957092,-0.800682299680143,0.161,0.227,1
"PARN",0.263262138957092,0.958112940696298,0.25,0.189,1
"DSN1",0.2634297120405,0.295252627335496,0.161,0.098,1
"MRRF",0.263596988708979,0.691999215529556,0.107,0.189,1
"PRPF19",0.263714681869121,-0.284611567593671,0.214,0.288,1
"DAP3",0.263822548135785,-0.273431754354429,0.464,0.538,1
"SOS1",0.263977871090521,1.02299061260425,0.357,0.311,1
"SSX2IP",0.264060662970183,0.693610526190894,0.214,0.152,1
"KIAA0087",0.264060662970183,0.63118306799355,0.214,0.152,1
"AL359504.2",0.26410425427391,0.759265669039632,0.196,0.136,1
"UCK2",0.26410425427391,0.760126276648095,0.196,0.136,1
"MMS22L",0.26410425427391,0.66954294702151,0.196,0.136,1
"COP1",0.264117840058276,0.620389447366055,0.375,0.288,1
"EHBP1",0.264145195476018,1.25261441620748,0.25,0.189,1
"METAP1D",0.264262816545524,-0.369085733616997,0.054,0.106,1
"ATP1B3",0.264330980102009,-0.296847832091218,0.464,0.568,1
"RIC8A",0.264368683782423,-0.592653259816903,0.143,0.212,1
"CGRRF1",0.264501362623368,0.956904462661446,0.232,0.167,1
"RFT1",0.264874013539333,-0.301662521851644,0.089,0.152,1
"YEATS4",0.265125216509519,0.660979830642989,0.375,0.318,1
"MTMR12",0.265477028248213,0.553227750774498,0.268,0.197,1
"PDCD5",0.265496774655275,-0.353312624096307,0.607,0.636,1
"FANCF",0.26551000727618,0.58503263583976,0.321,0.258,1
"CEP44",0.265905290241508,1.35380045912208,0.196,0.144,1
"SGSM2",0.266122237495007,1.09371887487897,0.161,0.114,1
"TBL1X",0.266134619034076,-0.508418346714003,0.071,0.129,1
"ZSCAN30",0.266375480121164,-0.891262195676771,0.143,0.197,1
"S100A6",0.266673098460786,-0.423047652870215,0.821,0.879,1
"MTREX",0.266735182079523,0.630381282335353,0.375,0.326,1
"SLC1A4",0.266791756252514,-0.606217017954798,0.054,0.106,1
"DUSP10",0.266839505079865,-0.336789473836401,0.232,0.318,1
"HMGN5",0.266942854232756,-0.591801842281718,0.125,0.189,1
"GXYLT1",0.267008247738023,-0.531484202730087,0.089,0.152,1
"ATG12",0.267255015557972,0.348505286739521,0.5,0.439,1
"RBBP5",0.267450917489913,0.377538433909281,0.143,0.091,1
"ATP2B1",0.267605951479145,0.433360219889428,0.625,0.523,1
"THG1L",0.267763228069245,-0.272151253269414,0.268,0.348,1
"FARSB",0.268160311853489,-0.377976840980078,0.125,0.197,1
"CDK5RAP2",0.268201511057535,1.13814525047845,0.304,0.22,1
"TRMT61B",0.268839786942272,-0.273036707893917,0.161,0.235,1
"IGLL1",0.268839786942272,-0.633266077242592,0.161,0.235,1
"PTK7",0.269182311149815,-0.486559501612648,0.107,0.167,1
"PDCL",0.269334153024239,-0.26328501491297,0.304,0.402,1
"SLC24A1",0.269337294487605,-0.3412503836438,0.054,0.106,1
"GYS1",0.269337294487605,-0.343275197756808,0.054,0.106,1
"TMEM185A",0.269379669881375,0.943991913752432,0.161,0.106,1
"MRPL44",0.269398781607032,-0.318898902000952,0.339,0.447,1
"MGAT4B",0.269465168174114,-0.540532166643274,0.25,0.326,1
"FLVCR1-DT",0.269820669280785,0.809303357791978,0.143,0.091,1
"TBL1XR1",0.270022503967329,0.338755769545316,0.696,0.636,1
"PAK1IP1",0.27004147479873,-0.573712770947338,0.214,0.28,1
"WASL",0.270085608128255,1.16621611227946,0.232,0.167,1
"MPHOSPH6",0.270211206636728,0.378467238459952,0.321,0.242,1
"ACSL4",0.27022981203077,-0.747304491386007,0.196,0.258,1
"BCL7B",0.270741031684654,-0.281933425105439,0.321,0.432,1
"PSME4",0.270759902739892,-0.441593905853624,0.393,0.47,1
"KYNU",0.27077043518415,-0.772867280452658,0.071,0.129,1
"FAM214B",0.271010175141602,0.922043315614689,0.143,0.091,1
"HS6ST1",0.271865045194589,0.271766601875453,0.089,0.159,1
"ATL2",0.271946776601838,0.601478300536786,0.321,0.258,1
"PJA2",0.272476672231573,0.33873110158032,0.696,0.773,1
"CRAT",0.272931776664358,0.858115165543149,0.179,0.121,1
"RAD23B",0.273434008144634,-0.267991396270531,0.357,0.508,1
"AC026471.1",0.273481782854489,-0.455801940906856,0.089,0.152,1
"STK16",0.273572435299638,-0.31419561590499,0.214,0.303,1
"ARPP19",0.274006722319944,0.442523989692127,0.732,0.727,1
"PPP1R12B",0.274205536322782,1.04572033910182,0.196,0.136,1
"TMEM234",0.274478245598917,-0.43936580781324,0.054,0.106,1
"ZNF586",0.274478245598917,0.861375864876402,0.125,0.076,1
"THRA",0.274507306605595,-0.297274370821843,0.196,0.273,1
"PDP1",0.274603278969886,1.43318772457093,0.143,0.091,1
"ECHS1",0.274850196268513,-0.260534011226785,0.518,0.606,1
"CASP9",0.274913037045802,-0.599669231154726,0.089,0.144,1
"TBCE",0.274913037045802,-0.828981667130349,0.089,0.144,1
"CEP63",0.275042446394949,-0.402563201021465,0.286,0.364,1
"PRR5",0.275100519091523,-0.274223419504584,0.143,0.22,1
"GALM",0.27511252038234,1.29297999480311,0.107,0.061,1
"ZNF286A",0.275877257035646,1.19547058128169,0.214,0.159,1
"NFU1",0.276022988080895,0.636656971522249,0.446,0.409,1
"PARP9",0.276066005765202,0.753738992851679,0.268,0.197,1
"G6PC3",0.276066005765202,-0.590938975967982,0.179,0.235,1
"TM9SF2",0.276626229358644,0.270714718403911,0.625,0.508,1
"CYC1",0.276821561668471,-0.266278310592492,0.5,0.568,1
"NAPRT",0.276899890077552,-0.2693036071709,0.232,0.326,1
"BRWD1",0.277025494687172,1.06437012559654,0.482,0.447,1
"ELL2",0.277073695428511,0.738640753118871,0.125,0.076,1
"MRI1",0.27736940475682,-0.439599129492869,0.143,0.212,1
"PEMT",0.277643491440061,0.857286379358954,0.25,0.189,1
"HERC3",0.277695598868336,0.610001613348804,0.214,0.152,1
"ABCE1",0.277822805966431,-0.271442088618287,0.5,0.583,1
"RNF19B",0.277827401048248,-0.267910274915649,0.071,0.129,1
"MAP10",0.277954526394359,0.780293429044374,0.107,0.061,1
"AP4E1",0.277954526394359,0.730738850126678,0.107,0.061,1
"DCP2",0.278012072480902,0.353358579788836,0.446,0.379,1
"ZFAND2A",0.278180605176129,0.612415816450082,0.304,0.235,1
"ABHD16A",0.278220088001051,-0.670013078967034,0.25,0.303,1
"KANSL3",0.278319014457059,-0.354897720408791,0.107,0.174,1
"MRFAP1L1",0.278387271126087,0.489643375072406,0.321,0.265,1
"ECPAS",0.278504267162868,0.290396942563451,0.232,0.326,1
"AC124248.1",0.278521645462527,-1.2132876687221,0.107,0.159,1
"COPS8",0.279353512901555,0.786846720716772,0.321,0.25,1
"MLH1",0.279427598667652,-0.451132888426477,0.179,0.25,1
"TYW3",0.279452775505742,-0.361809871069423,0.321,0.402,1
"C6orf89",0.279477647740688,0.835630516475595,0.25,0.189,1
"ARAP2",0.279623108273266,-0.620668211347342,0.161,0.235,1
"AHCYL2",0.279685817675703,0.969669831876291,0.125,0.076,1
"PCSK7",0.28013178350395,-0.480936477024436,0.25,0.333,1
"CNNM3",0.280145511390001,0.928545947722038,0.25,0.182,1
"CLHC1",0.280207307557031,1.32358102765102,0.143,0.098,1
"SNHG30",0.280269738852015,-0.47507918788188,0.304,0.379,1
"NFE2L1",0.28056155316242,1.34346753550712,0.25,0.205,1
"LRRFIP1",0.280593038015157,0.292171124300854,0.911,0.902,1
"SSRP1",0.280638960674532,0.296159156283982,0.5,0.432,1
"CERK",0.280658122921117,0.939860141509512,0.179,0.129,1
"IER5L",0.280700752282238,0.488097515043715,0.161,0.106,1
"CNTRL",0.280729018834201,-0.30809955925085,0.482,0.568,1
"CCSER2",0.281320892685558,0.807663947390518,0.25,0.189,1
"TYROBP",0.281431242182894,0.485566347934438,0.5,0.47,1
"TTLL5",0.281568670242618,0.695652467678915,0.179,0.121,1
"SPECC1",0.281697307717409,0.688516574201581,0.357,0.311,1
"CASP7",0.281885174082285,-0.477299379885819,0.071,0.121,1
"PUM2",0.282039061261674,0.719157905761659,0.464,0.417,1
"NCF1",0.282474290212804,0.534350379186818,0.196,0.136,1
"ZNF678",0.28260102652264,-0.324690796047232,0.071,0.129,1
"ZNF219",0.282676090192655,0.275300277420456,0.232,0.159,1
"TNPO1",0.282873357740888,0.706455334483921,0.446,0.371,1
"FBN1",0.282946108648151,-0.562097061775008,0.161,0.22,1
"WEE1",0.283273595529942,-0.307948252208708,0.304,0.424,1
"IDNK",0.283283288309198,0.874626617764493,0.268,0.197,1
"EZR",0.283530564807259,-0.511533553937741,0.446,0.515,1
"RNF141",0.283744317024688,-0.273824969456872,0.125,0.197,1
"LAMTOR3",0.283778978829917,-0.377553991387799,0.232,0.333,1
"ANXA2",0.28390004729977,-0.81091381649381,0.089,0.144,1
"ADNP2",0.28390004729977,-0.836861285407711,0.089,0.144,1
"TIMM23B",0.284341319215758,0.875058550568187,0.143,0.091,1
"RMDN3",0.284567621111771,1.14196987776717,0.196,0.136,1
"RIF1",0.284601149448489,0.60297534800662,0.5,0.53,1
"SIGMAR1",0.284689814307489,-0.443270879678963,0.125,0.189,1
"PDE6G",0.284689814307489,-0.50552517250025,0.125,0.189,1
"SNAPIN",0.284868045832419,-0.400464451702051,0.304,0.379,1
"MDH1",0.284938411609177,0.343389971194878,0.714,0.697,1
"PIK3CB",0.284960222806211,-0.582259890907977,0.196,0.258,1
"TESC",0.285107403099723,0.537229993450705,0.268,0.197,1
"USF3",0.285227014431344,-0.475950987695529,0.214,0.288,1
"NR2C1",0.285672273953021,0.257349658375027,0.286,0.205,1
"CNOT1",0.285726597265308,0.359424201714831,0.536,0.492,1
"CCDC88C",0.286147154865828,0.686223840039146,0.339,0.273,1
"HDHD3",0.28617753420216,-0.59227363508392,0.089,0.144,1
"URB1",0.28617753420216,-0.646042827505931,0.089,0.144,1
"RNF10",0.286359786542025,0.451870147907781,0.554,0.47,1
"SIRT7",0.286396660775256,-0.48585443582851,0.143,0.22,1
"JCHAIN",0.286561683534102,0.395691414261804,0.357,0.288,1
"AL391840.3",0.286600157962459,0.90199532336916,0.107,0.061,1
"PTK2",0.286600157962459,0.797242912281982,0.107,0.061,1
"AC026369.3",0.286600157962459,0.614060909926037,0.107,0.061,1
"MTRES1",0.286811907064613,0.881162653114931,0.143,0.091,1
"USP51",0.286811907064613,-0.723517097515623,0.071,0.121,1
"NECAP2",0.286908619787761,-0.489664452182526,0.214,0.295,1
"MAN1A2",0.287080586185974,0.301033997056813,0.607,0.568,1
"PAXIP1-AS2",0.287136570708323,1.08478696529798,0.179,0.129,1
"NCOR1",0.287185479223217,0.306643195174049,0.732,0.667,1
"MED21",0.287300528844664,0.482749370098724,0.411,0.356,1
"RANBP3",0.287321024365635,-0.47571223999142,0.143,0.205,1
"APOL3",0.287622372241061,0.671574120641319,0.054,0.106,1
"MSANTD3",0.288039133119725,0.928126601189686,0.268,0.22,1
"ZNF275",0.288072363360484,1.1454047091547,0.179,0.136,1
"CDK8",0.288467332342388,-0.622361618529389,0.089,0.144,1
"ATG14",0.288739570973921,-0.813868375519719,0.125,0.189,1
"COMMD2",0.28882699029257,0.354477926858162,0.571,0.553,1
"ARHGEF7",0.28885410613808,-0.268532047015556,0.143,0.212,1
"MMP28",0.289296948028314,0.768750015395678,0.143,0.091,1
"CCAR2",0.289296948028314,-0.602304322366379,0.071,0.121,1
"PRKD2",0.289296948028314,-0.804105780000842,0.071,0.121,1
"RFX3",0.289394677017999,0.965960944673216,0.268,0.227,1
"DANCR",0.289596284923657,-0.32638999115219,0.625,0.72,1
"NCAPD3",0.289612525037596,-0.341718194697935,0.125,0.182,1
"STAMBP",0.289754833975264,-0.263288447022316,0.286,0.371,1
"RBBP8",0.289758047111295,0.848460838843202,0.214,0.152,1
"EMG1",0.289763333805359,0.418957376234653,0.339,0.265,1
"SORBS3",0.289987106066348,1.33466825149866,0.161,0.106,1
"B4GALT1",0.290011206388744,0.673386874012489,0.339,0.258,1
"RNF4",0.290219677133587,0.9668986454868,0.286,0.242,1
"BBS7",0.290225770557853,-0.496368027764131,0.107,0.167,1
"CENPN",0.290301332140294,0.800871400665443,0.125,0.076,1
"PPP2CB",0.290456697477289,0.824292235715633,0.268,0.205,1
"WHAMM",0.290735863779391,-0.320084868201487,0.179,0.258,1
"NUP155",0.290769449450358,-0.3876895862375,0.089,0.144,1
"PNKP",0.290897013202518,-0.453905754290938,0.268,0.333,1
"ASPH",0.290897013202518,0.623016921048599,0.357,0.295,1
"GIT1",0.290909915238964,0.655520835382006,0.196,0.136,1
"TOMM34",0.290910466614703,0.6453250675973,0.196,0.136,1
"SIAH1",0.291117991125221,0.693506846516809,0.321,0.28,1
"MAP2K7",0.291374770216177,-0.493413297287597,0.179,0.242,1
"MIR222HG",0.29176190501492,-0.380940898690028,0.125,0.197,1
"LINC01122",0.291774652019258,0.772946047923366,0.232,0.174,1
"GADD45B",0.291796451697744,0.418915451106828,0.143,0.091,1
"TIMM8A",0.291802248227026,1.19922235488429,0.214,0.152,1
"IL16",0.292011416249006,0.802529703134792,0.268,0.212,1
"RBM14",0.292182196930035,-0.379136625380347,0.286,0.364,1
"CREBRF",0.292253666233722,0.400222580494246,0.643,0.652,1
"BAALC-AS1",0.292314236328373,1.43124936523399,0.143,0.098,1
"KIAA0040",0.292389411804198,-0.456275642750697,0.107,0.167,1
"SAP25",0.292389411804198,-0.555220286289392,0.107,0.167,1
"RBAK",0.292623014154217,0.658731673550875,0.179,0.121,1
"DCLRE1C",0.293312856877566,1.09363217581592,0.286,0.227,1
"TMEM128",0.293714604595615,-0.788066824602333,0.107,0.159,1
"COMMD8",0.293757873279694,0.405873149751855,0.411,0.348,1
"STARD9",0.293856118385814,1.27463764187331,0.214,0.152,1
"MYDGF",0.294031422221878,-0.351719614834248,0.518,0.606,1
"ZRANB3",0.294310426849628,-0.639276747453706,0.071,0.121,1
"ZSCAN29",0.294310426849628,-0.534408072210554,0.071,0.121,1
"BPGM",0.294563860081313,-0.452999632448708,0.107,0.167,1
"TMC8",0.294596975199197,0.682914702747512,0.375,0.318,1
"SCAPER",0.294714976676107,-0.422008161589313,0.143,0.212,1
"MYLPF",0.29477716814532,1.23368743204132,0.143,0.098,1
"RASA2",0.295261803201527,-0.507264479587255,0.25,0.326,1
"CHCHD6",0.295410668537428,0.501753517247569,0.089,0.144,1
"ATXN2",0.295466441745684,0.97548927560868,0.446,0.386,1
"GABARAPL2",0.296145011900297,0.269063790301208,0.804,0.795,1
"GABPB1",0.296187229982012,-0.309251953322429,0.268,0.356,1
"MED10",0.296662668441367,-0.275965861885681,0.518,0.583,1
"PPP1R16A",0.296838881441008,-0.705429128785146,0.071,0.121,1
"FAM13B",0.29696750211914,0.384178838434286,0.446,0.364,1
"TMEM154",0.29725396744658,1.63045944539928,0.143,0.098,1
"SLCO3A1",0.297519288205908,-0.358874973099179,0.179,0.25,1
"MDK",0.297891559476457,-0.859453120702509,0.232,0.295,1
"CEPT1",0.298009952430177,0.396687240651329,0.286,0.212,1
"MYLK-AS1",0.298131002940525,-0.293377771577418,0.089,0.152,1
"STK25",0.298141616932627,-0.501006085123571,0.214,0.273,1
"SHPRH",0.298199413650313,0.544486287688193,0.446,0.409,1
"GINS2",0.29840741837627,0.538031372151492,0.107,0.061,1
"PARP11",0.298927688878072,0.73817306573517,0.268,0.22,1
"SETD1A",0.29894519744611,-0.370009873079374,0.107,0.167,1
"COPS7B",0.29921514548882,0.469696812141292,0.143,0.205,1
"ZNF256",0.299381822603795,0.736013265899537,0.143,0.091,1
"TRIM25",0.299966347585875,1.20953375774171,0.232,0.182,1
"PROM1",0.300814436419109,1.07677321672918,0.286,0.242,1
"ZMYM3",0.300844140899387,-0.367993285430049,0.214,0.28,1
"ERG",0.300911470049822,0.319785114473994,0.393,0.326,1
"PPCDC",0.300954816918245,0.770197144861044,0.196,0.144,1
"ALDH2",0.301190559602739,0.298237550186245,0.5,0.462,1
"ZBTB25",0.301673618682608,0.525985669695332,0.179,0.121,1
"PIGB",0.301882822032458,0.724072589502591,0.161,0.106,1
"MAP4K5",0.30196127076304,-0.296209160345627,0.25,0.326,1
"BIN1",0.302164707889706,0.804730700139609,0.393,0.341,1
"USP5",0.302184214124272,-0.484035218651674,0.125,0.182,1
"MFSD11",0.302184214124272,1.39615548067527,0.196,0.152,1
"U2SURP",0.30246444589256,0.37190034398821,0.786,0.811,1
"ANKFY1",0.302465048574194,-0.583908895887646,0.089,0.144,1
"ANAPC7",0.302941253131907,-0.373385022369881,0.25,0.311,1
"DMTF1",0.303194316539716,0.285622454720976,0.429,0.371,1
"ATG2B",0.303218297446114,-0.424062439382493,0.125,0.189,1
"LXN",0.303540536920975,-0.258853195568569,0.268,0.356,1
"STXBP3",0.303921940323367,0.254748342143681,0.607,0.591,1
"STK24",0.303983236891552,0.952083617366704,0.375,0.341,1
"CHMP1A",0.304059176137636,-0.629004631012056,0.161,0.22,1
"CD58",0.304059176137636,1.3075368775293,0.232,0.189,1
"BLZF1",0.30411014595104,-0.251385086025729,0.268,0.333,1
"TMEM183A",0.304165881480803,0.360706998293925,0.518,0.455,1
"NDUFV2-AS1",0.304300398252738,0.886465102224105,0.161,0.106,1
"S100A8",0.304314279094581,-0.536216154309546,0.125,0.182,1
"PACS1",0.304316207036695,0.711070216233058,0.393,0.348,1
"PDZD2",0.304511189013353,-0.491166460961349,0.071,0.121,1
"MIB2",0.304948402330386,1.02045345315535,0.25,0.197,1
"TAOK1",0.305043202566649,0.284270271605145,0.429,0.379,1
"SPG11",0.305084877531571,-0.359909090403862,0.268,0.341,1
"PILRB",0.305283710296617,0.466176490113783,0.232,0.167,1
"TCTN3",0.305283710296617,-0.283168575620107,0.143,0.205,1
"GTF3C3",0.305348651484854,0.602115022643826,0.357,0.28,1
"NREP",0.30588201784014,0.280540453231232,0.661,0.629,1
"GSKIP",0.306077766096593,0.630883687500691,0.196,0.136,1
"ZNF84",0.306196622001751,-0.454437465132837,0.214,0.28,1
"UPF2",0.30620952261763,0.56413601681228,0.518,0.553,1
"ST6GALNAC6",0.306268075955844,0.597187509475151,0.179,0.121,1
"PARP14",0.306459745749687,0.734722743459719,0.411,0.364,1
"SEPSECS-AS1",0.306726981448342,0.843965856635548,0.125,0.076,1
"CKMT2-AS1",0.306726981448342,0.560570393050781,0.125,0.076,1
"TOM1L2",0.306726981448342,0.480865053566215,0.125,0.076,1
"UHRF1BP1",0.306730796065178,0.512766696356795,0.161,0.106,1
"HLA-DRA",0.307068694623983,0.342164698055069,0.964,0.962,1
"VPS50",0.307097624350186,-0.719189230353647,0.071,0.121,1
"B4GALT7",0.307229724871818,-0.381646599304065,0.089,0.144,1
"MGST3",0.307297295136602,-0.3952600113094,0.482,0.553,1
"CMC4",0.307324584697844,0.488625832953579,0.232,0.167,1
"NPTN",0.307324584697844,-0.458030295343378,0.143,0.205,1
"PARG",0.307685214505031,0.672209893501347,0.232,0.174,1
"ITGA9-AS1",0.307837747522303,-0.439420683423218,0.107,0.167,1
"CMC1",0.308044607363708,0.322300795065704,0.286,0.379,1
"MRPS33",0.308256905564394,-0.37002110634774,0.536,0.614,1
"OCEL1",0.308286562589405,0.832580706423279,0.196,0.136,1
"HIST1H1B",0.30874169963121,0.527615646428479,0.268,0.212,1
"EDRF1",0.309374472054,-0.551377776548151,0.143,0.205,1
"SLX4IP",0.309453729659287,0.945093036129617,0.179,0.129,1
"PLA2G12A",0.30950238167103,-0.540513299010984,0.232,0.288,1
"CCDC88B",0.309630600476956,-0.490369066348144,0.089,0.144,1
"AC016876.1",0.309630600476956,-0.37901701076302,0.089,0.144,1
"TRA2B",0.3099241178792,0.273534498459034,0.839,0.871,1
"PATZ1",0.309929415443925,-0.81604853956178,0.143,0.197,1
"SLFN11",0.31008796030605,1.17601896958751,0.179,0.136,1
"CENPB",0.310353390759861,0.785187204886508,0.214,0.159,1
"KIAA1958",0.310535147817441,0.267451101572074,0.107,0.061,1
"CCDC97",0.310990530836282,-0.475946197203703,0.161,0.22,1
"KIF22",0.311105003771541,0.734693920771176,0.268,0.205,1
"GTF2H2C",0.31121712948924,0.337560159171927,0.196,0.129,1
"NAAA",0.311478888895885,-0.389008079353391,0.161,0.242,1
"PFDN6",0.311556139354636,-0.320807303468077,0.25,0.333,1
"RAB33A",0.311746845826881,-0.615217102595735,0.107,0.159,1
"KRCC1",0.311927807630621,-0.41001089089956,0.161,0.227,1
"RPF1",0.31199503676431,0.621602148635187,0.464,0.394,1
"CCR7",0.312015008902638,1.02834046038434,0.214,0.167,1
"NFE2L3",0.312043837650155,-0.507280177529432,0.089,0.144,1
"SYCE1L",0.312043837650155,-0.409766901068068,0.089,0.144,1
"FAM50B",0.312314018174109,0.616674755506343,0.143,0.091,1
"DDB2",0.312336429269034,0.564824104149815,0.125,0.076,1
"SCO2",0.312934023583674,-0.544945708739422,0.125,0.182,1
"MAF1",0.313354805983763,-0.319561180222458,0.536,0.606,1
"TMEM238",0.31342223146881,-0.653735066866332,0.179,0.235,1
"NFYB",0.313659107845591,0.511834553303744,0.339,0.28,1
"HECA",0.313911009887131,0.935851916884926,0.25,0.189,1
"POLR2A",0.31407651246349,0.398323979329036,0.589,0.568,1
"AC011139.1",0.314317061882148,-0.632758059229497,0.196,0.265,1
"LINC01138",0.31446943806328,-0.425946925771413,0.089,0.144,1
"AC078846.1",0.31446943806328,0.865862193028332,0.161,0.114,1
"PHF19",0.31462089023036,-0.52756940235293,0.107,0.167,1
"TUBA1A",0.31468409359661,0.280800084629584,0.857,0.848,1
"ZSWIM7",0.31468419582461,0.469887211003124,0.554,0.523,1
"SWSAP1",0.314943981658635,-0.406352918944183,0.071,0.121,1
"SAT1",0.315046308985359,-0.299985275939514,0.625,0.727,1
"PARL",0.315310409967744,-0.398614410776746,0.429,0.515,1
"PIGP",0.315310409967744,0.403193506481473,0.536,0.47,1
"TIPIN",0.315595424658867,0.499014912550522,0.179,0.121,1
"RAD51B",0.31568622488025,-0.367191548906857,0.089,0.144,1
"BLOC1S6",0.315967858933961,0.550426084042578,0.554,0.515,1
"GOLGA4",0.315970992561042,0.630422131357921,0.482,0.477,1
"HIF1AN",0.315991435858044,0.290629848836546,0.143,0.22,1
"LINC01089",0.315992461264284,0.346497679458528,0.5,0.447,1
"SCAP",0.316006405024028,-0.267636622761993,0.125,0.189,1
"FLVCR1",0.316580657632312,-0.882922468920595,0.089,0.136,1
"LSM1",0.316720566863449,-0.261450845899351,0.393,0.455,1
"MIF4GD",0.316853399225714,-0.534476067393928,0.268,0.333,1
"SATB1",0.317001630162223,0.448052460019488,0.643,0.621,1
"DBN1",0.317127536897419,0.468469682285792,0.286,0.227,1
"VPS41",0.317516626029254,0.624355445173975,0.446,0.402,1
"AC008555.4",0.317588458090922,0.313642713435032,0.143,0.091,1
"ADAR",0.317885622828176,0.413952293706144,0.643,0.614,1
"AC010332.3",0.31801305033395,0.508940016260095,0.125,0.076,1
"SRP19",0.318085134685776,0.310294276418961,0.679,0.667,1
"XRCC4",0.318171180963965,-0.52515185359902,0.125,0.189,1
"ADAM28",0.31819727178334,0.399607881459304,0.482,0.424,1
"VPS4B",0.31821035421619,0.422340824897963,0.554,0.492,1
"NPHP3",0.318497149343219,0.912289063933827,0.304,0.258,1
"DEDD2",0.318693242764622,0.713214575155704,0.179,0.129,1
"AVL9",0.319065629675907,0.702408446189453,0.286,0.235,1
"YARS2",0.31907880898782,-0.409826540876363,0.232,0.295,1
"TPT1-AS1",0.3191241665582,0.553784105437101,0.321,0.273,1
"GANC",0.319357732169451,-0.538080180038123,0.089,0.144,1
"PSMB8-AS1",0.319360431424752,0.651538055883958,0.375,0.318,1
"MACROD1",0.319503330572253,-0.619199920402899,0.125,0.182,1
"AC008014.1",0.319503330572253,1.31516719369651,0.196,0.152,1
"CCNT2",0.319508676390845,0.447810261260191,0.375,0.303,1
"P2RY14",0.319802226836405,2.1110240970832,0.107,0.068,1
"SLC11A1",0.319841532100045,0.439628844275674,0.107,0.061,1
"CUX1",0.319976963435846,0.504775961945595,0.732,0.75,1
"IGFBP6",0.320625642381394,1.12637142477902,0.125,0.083,1
"ING3",0.321042533587528,-0.278716518787661,0.375,0.485,1
"REPIN1",0.321416898147015,0.649531353611716,0.518,0.477,1
"LPIN2",0.321501288526865,0.600810283837069,0.464,0.417,1
"TMEM14A",0.321519156431813,0.652107708479078,0.268,0.22,1
"HSF1",0.321805169306367,-0.280468297664082,0.232,0.311,1
"PTPN12",0.321832170624424,0.961085998211741,0.304,0.235,1
"FEM1B",0.321832170624424,0.342150695999147,0.304,0.235,1
"MAD2L1",0.321863125741363,-0.336106518825886,0.143,0.205,1
"RIOK2",0.322069510294951,0.541405079981399,0.232,0.174,1
"OBSCN",0.322581416043711,-0.422745070102005,0.143,0.197,1
"ZNF266",0.322685999751693,-0.75933489417311,0.071,0.114,1
"ATP11C",0.322766235604952,0.643260755285456,0.268,0.205,1
"SULT1C4",0.322785731605427,1.14346608215898,0.143,0.098,1
"SCPEP1",0.322949351211613,1.23737696453691,0.196,0.144,1
"GANAB",0.322960393205978,0.638780590633415,0.393,0.333,1
"CDC16",0.323345251598271,0.416484186660518,0.304,0.25,1
"CNDP2",0.323444662741767,0.402345409480018,0.286,0.364,1
"PTP4A2",0.323467632838514,0.401396784114605,0.857,0.871,1
"DHX8",0.324419511017009,0.43145523466243,0.286,0.212,1
"LINC02573",0.325219527442503,0.506680629409772,0.482,0.508,1
"ZNF680",0.325249519311497,-0.594337045448281,0.179,0.235,1
"KLF12",0.325249519311497,-0.538143522568687,0.179,0.235,1
"PTPN1",0.325397079300896,0.767478069133897,0.482,0.417,1
"MX2",0.325608964144759,0.660232828806615,0.143,0.091,1
"CBWD3",0.325608964144759,-0.325301837813252,0.071,0.121,1
"UCHL3",0.325612265281388,0.414551099455679,0.411,0.356,1
"IRF8",0.325740216715045,0.814437234909009,0.179,0.129,1
"MYO18A",0.325740216715045,0.933617708317737,0.179,0.129,1
"PPM1M",0.325907949829804,1.3242221348594,0.107,0.068,1
"TFCP2",0.326247647803324,0.356704678217298,0.268,0.197,1
"CDK12",0.326319291762709,-0.419191455812145,0.411,0.5,1
"MVB12A",0.326418746525176,-0.402218173343666,0.268,0.333,1
"CDADC1",0.326534696088485,0.565017569636288,0.286,0.22,1
"TMBIM6",0.326771599417216,0.264199745071703,0.911,0.917,1
"MAP4K3",0.326782903324495,0.950827332542076,0.161,0.114,1
"JMY",0.326872582614491,-0.524521963759324,0.143,0.197,1
"BAG1",0.327013054806261,0.353326074518771,0.589,0.621,1
"PDE6D",0.327223155646304,-0.440905182721681,0.161,0.22,1
"SETD1B",0.327248603528064,0.549063312506144,0.25,0.205,1
"PITPNA-AS1",0.32733684719933,0.832293950804607,0.268,0.22,1
"VHL",0.32778809946031,0.808045580705397,0.339,0.28,1
"PSMD14",0.327789984469721,0.371187163915074,0.464,0.424,1
"MRPS35",0.327953597659903,0.431039045897798,0.464,0.402,1
"HNRNPR",0.328110507131858,0.278722098176239,0.786,0.864,1
"ZNF317",0.328311487064722,0.466122087192475,0.143,0.091,1
"ZFYVE27",0.328311487064722,-0.442111597015242,0.071,0.121,1
"TRAK1",0.329032006035287,1.14008710058669,0.214,0.167,1
"IQCB1",0.329946669574209,-0.443746105667828,0.268,0.341,1
"ACTN4",0.330003387698845,0.422759918268669,0.625,0.606,1
"NTHL1",0.330311365053553,-0.371889274511682,0.214,0.273,1
"RRM1",0.330427563080596,-0.458661716415693,0.196,0.273,1
"COQ7",0.330494062692671,0.817684649574351,0.179,0.129,1
"ZNF410",0.330732149207919,0.655250320279641,0.25,0.197,1
"TEX2",0.33082747482578,-0.445058599498533,0.107,0.167,1
"AL136038.5",0.330953133199022,0.54170080789858,0.107,0.174,1
"GRK2",0.330988461960327,0.282754526854741,0.607,0.523,1
"TAF5L",0.331740338066638,-0.925557245653077,0.089,0.136,1
"NSFL1C",0.331970971115819,-0.363437258368368,0.357,0.432,1
"BTF3L4",0.331984466564711,-0.262750815395788,0.518,0.606,1
"PRPS2",0.332361321808668,-0.37251606109351,0.196,0.258,1
"HELQ",0.332482375051469,0.700315432265175,0.214,0.152,1
"TGS1",0.332721006903576,0.900527557687652,0.429,0.394,1
"IL2RG",0.333043307371614,0.315042190547925,0.571,0.523,1
"EFCAB14",0.333149601755775,0.524672121171913,0.429,0.348,1
"SMIM3",0.333244731504629,0.623116538080008,0.411,0.341,1
"TAF2",0.333293612701642,0.905089406217348,0.25,0.205,1
"TMEM62",0.333386772835002,0.555187713414079,0.143,0.098,1
"SFI1",0.333387502639608,0.812501488954064,0.143,0.098,1
"TRAF3IP3",0.334070261802829,0.420873430731565,0.536,0.492,1
"QSOX1",0.33431931095251,-0.264293505352095,0.089,0.144,1
"NPW",0.334330086988313,-0.826724598933122,0.125,0.174,1
"TBC1D10C",0.334347503652689,-0.516158977018222,0.25,0.333,1
"ZNF362",0.33467632176725,-0.252462406349546,0.143,0.205,1
"FLNB",0.334742664745249,0.669206509352496,0.232,0.174,1
"KIAA1586",0.335155652365614,0.304937900735039,0.357,0.28,1
"SREBF1",0.335180024977105,-0.679917866289931,0.125,0.182,1
"TMLHE",0.335180024977105,1.09132205576659,0.196,0.152,1
"BBS9",0.335207681692812,1.1541524675312,0.107,0.068,1
"CYB561A3",0.335245042152852,0.915104419501829,0.339,0.295,1
"POLR2M",0.33531159354227,-0.343749580280587,0.196,0.265,1
"OSGEP",0.335315458674508,0.668058676245143,0.464,0.447,1
"ARID1B",0.3357163915222,0.266673046673717,0.786,0.765,1
"MANBA",0.335804655789623,0.664694151875884,0.393,0.348,1
"ANKH",0.336072664648165,1.32986873850971,0.143,0.098,1
"FBRSL1",0.336205536744838,-0.274908795453556,0.196,0.273,1
"CUEDC2",0.336226131091743,0.604500446151373,0.518,0.462,1
"ZDHHC20",0.336441378864324,0.958190330290801,0.304,0.25,1
"RRNAD1",0.336506074133737,-0.335478793628587,0.071,0.121,1
"KIF3A",0.336583539765013,-0.795765771155559,0.071,0.114,1
"KBTBD7",0.336583539765013,-0.859022413349389,0.071,0.114,1
"GOLT1B",0.336856151607585,-0.3597421147065,0.089,0.144,1
"NPRL2",0.337458813152728,-0.482491944405819,0.125,0.182,1
"ARHGAP19",0.337708578701903,0.962426596759239,0.179,0.129,1
"CEP57L1",0.337738474166862,-0.396334434404161,0.179,0.242,1
"RPUSD1",0.337935616291775,-0.287165247739358,0.107,0.167,1
"TAF11",0.338226320659824,0.460691201146453,0.518,0.47,1
"MED11",0.338953909636221,0.420641626600495,0.196,0.144,1
"EPS15L1",0.339019454712726,-0.382259378883343,0.143,0.205,1
"MR1",0.33940533733269,-0.460661342069604,0.089,0.144,1
"GNPDA2",0.33940533733269,0.932197795189122,0.161,0.114,1
"GCNT1",0.33940533733269,0.544009042508622,0.161,0.114,1
"TAF1D",0.340048501040971,0.336968456951126,0.875,0.841,1
"AGGF1",0.340093418125463,-0.305468225697524,0.196,0.273,1
"ARHGAP35",0.340116723413492,-0.44213449070789,0.143,0.212,1
"ARMH1",0.340263805886841,0.336636627604725,0.75,0.735,1
"SRA1",0.340301746709929,-0.343845215210952,0.25,0.311,1
"MIOS",0.340357691455993,0.410722567489617,0.125,0.189,1
"GBP2",0.340776002044985,-0.472735398670615,0.232,0.288,1
"MPZL1",0.340810486410342,-0.516764340233396,0.161,0.22,1
"C8orf33",0.340943984163722,-0.392507988571031,0.357,0.417,1
"ZNF24",0.341163401770875,0.455278766103244,0.571,0.553,1
"IRAK1BP1",0.341198134622355,0.527602739402454,0.232,0.174,1
"DIS3",0.341331776603353,0.363159930696634,0.321,0.386,1
"SLC25A4",0.3414846171243,0.814963575597848,0.143,0.098,1
"TFIP11",0.3414846171243,0.861451914579495,0.143,0.098,1
"FBXO45",0.342041595655639,0.265836544844801,0.143,0.091,1
"ZNF85",0.342041595655639,0.402330399017881,0.143,0.091,1
"MDC1",0.342103209758276,-0.571756963662996,0.089,0.136,1
"RBMS2",0.342103209758276,-0.514091228122008,0.089,0.136,1
"COMMD5",0.342574043964071,-0.410619693038973,0.107,0.159,1
"C5orf56",0.342676591074519,0.715945286408264,0.304,0.258,1
"SNHG5",0.342931353179948,0.254621126554217,0.929,0.909,1
"CCDC12",0.342966321063527,0.48638192172039,0.643,0.652,1
"C10orf95",0.343513467187558,1.50734113186291,0.125,0.083,1
"TMTC3",0.343513467187558,1.07468577300508,0.125,0.083,1
"WDR76",0.343513467187558,1.14349699374897,0.125,0.083,1
"TMEM220",0.344022812868725,-0.402385889588847,0.304,0.379,1
"KRAS",0.344161128307278,0.421428759158248,0.589,0.53,1
"ERCC5",0.344169201267263,0.281435783849693,0.232,0.326,1
"CRIP1",0.344600296753806,-0.450913231143658,0.5,0.545,1
"ADA2",0.344676627194632,1.09287165926477,0.107,0.068,1
"CREB1",0.344785218202587,-0.379522577343314,0.321,0.386,1
"CDT1",0.345023498593202,0.786203155383109,0.179,0.129,1
"ZNF10",0.345104138331312,-0.669750971353557,0.071,0.114,1
"CRKL",0.345545762770858,0.559434320433442,0.232,0.174,1
"CARS2",0.345585158107454,0.32101439806134,0.429,0.364,1
"TEFM",0.345598349400149,0.337859343157033,0.268,0.197,1
"FBXW11",0.345770734331429,-0.357274530018187,0.304,0.379,1
"DDHD2",0.345964224179293,1.00210270483036,0.321,0.258,1
"RUNX3",0.346005973146883,0.950426568910763,0.429,0.386,1
"YLPM1",0.346091550436816,0.52407719389191,0.446,0.394,1
"CHCHD1",0.346116275388434,-0.315307390186483,0.429,0.477,1
"RP2",0.346675905300637,-0.355766108141621,0.125,0.182,1
"ZNF236",0.346952028818229,1.02790046570533,0.143,0.098,1
"ARHGEF18",0.346952028818229,0.758613419439993,0.143,0.098,1
"CXorf21",0.346952028818229,0.955627787788795,0.143,0.098,1
"LRRC8A",0.347126907905177,0.658104932219776,0.089,0.144,1
"DNASE1",0.347126907905177,0.644389852408935,0.161,0.114,1
"RIDA",0.347219338421848,0.624250819984612,0.268,0.22,1
"RBM4B",0.347360787542903,-0.497261328750842,0.089,0.136,1
"SNX29",0.347564557886165,1.32677830106474,0.179,0.136,1
"SERPINE2",0.347777560501968,0.52149239102324,0.429,0.402,1
"SPIN1",0.347777560501968,0.605479176049716,0.429,0.402,1
"POMT1",0.347870497766944,0.913674520206728,0.107,0.068,1
"ANKRD52",0.347870497766944,0.766495681495869,0.107,0.068,1
"NEK5",0.347870497766944,0.85612596385507,0.107,0.068,1
"RUNDC1",0.348326812071215,0.824766257134958,0.143,0.098,1
"GNA12",0.348363030352763,0.503931957999465,0.375,0.333,1
"TCEAL9",0.348463831957024,0.715674394296323,0.411,0.386,1
"MIGA1",0.348682179268004,0.476602520503111,0.304,0.235,1
"PANK2",0.348810684735092,-0.329545122276656,0.25,0.318,1
"YIPF2",0.348891235281239,-0.30005922284271,0.161,0.227,1
"CCDC144A",0.34919264270422,1.23741511315637,0.161,0.121,1
"PPM1K",0.349319139993384,0.563906102018158,0.429,0.379,1
"ULK3",0.349694563895727,-0.747970233470918,0.107,0.152,1
"RAD51D",0.350009763587961,-0.528374700287725,0.089,0.136,1
"PRPF4",0.350034703279537,-0.284910835075088,0.143,0.205,1
"PMAIP1",0.350740202775293,0.558903786442929,0.25,0.333,1
"ZNF667-AS1",0.350823967419204,0.54649941556409,0.268,0.364,1
"TMEM177",0.350860276355749,-0.577457591097376,0.071,0.114,1
"MTSS1",0.350860276355749,-0.767089288023088,0.071,0.114,1
"TOR3A",0.351022808896129,0.323001681850047,0.161,0.227,1
"SUGP2",0.351034694203876,0.447592035949983,0.5,0.447,1
"ASCC3",0.351063310132421,-0.33227491954858,0.232,0.303,1
"CRY1",0.351083123934753,1.03271059407382,0.107,0.068,1
"FLNA",0.351130806741391,0.293857497258593,0.518,0.455,1
"TMEM69",0.351641080120038,-0.381713532893481,0.214,0.273,1
"CNOT3",0.351857917642402,-0.354746370596611,0.179,0.235,1
"INO80B",0.35225663330472,0.641609490485045,0.268,0.212,1
"FAM102B",0.352260357268729,0.382745905413568,0.304,0.242,1
"PKP4",0.352474833567303,1.22012686144913,0.143,0.098,1
"GNG11",0.35297257415422,0.509597093070015,0.214,0.152,1
"AZIN1-AS1",0.353070215256047,-0.618327469620793,0.125,0.174,1
"RBM6",0.35315167006243,0.511243250715486,0.625,0.598,1
"TBK1",0.353330887545378,-0.545796340538135,0.196,0.25,1
"ZXDC",0.353393832326564,0.94515130681631,0.214,0.167,1
"MED7",0.353622489807734,-0.321667173989233,0.214,0.273,1
"ABHD4",0.353761036260148,-0.572455117676681,0.071,0.114,1
"PARP6",0.353761036260148,-0.750184005562671,0.071,0.114,1
"IFITM2",0.353916321766476,-0.294695806177649,0.75,0.818,1
"SDF2L1",0.354222036115336,0.815393434644663,0.304,0.258,1
"LPCAT1",0.354314490119266,1.03086605548613,0.107,0.068,1
"TRIM24",0.355242135666482,0.551754571129229,0.482,0.47,1
"C9orf139",0.355338465512032,0.517661418068215,0.125,0.083,1
"GPR107",0.355339298995985,1.14367781771118,0.125,0.083,1
"AC009107.2",0.355610942222178,-0.467578294545264,0.214,0.273,1
"PEX1",0.355663728940554,1.08044643886262,0.214,0.167,1
"MXD1",0.356106946714126,0.388041896085666,0.429,0.371,1
"PKM",0.356166794429489,0.381609152909073,0.536,0.485,1
"ZNF664",0.356262065481703,0.55882080495183,0.232,0.182,1
"OSER1",0.356376802509394,-0.313111722994517,0.304,0.379,1
"MARS",0.356568522653791,0.455106401028893,0.232,0.174,1
"FAM122B",0.356709379249867,-0.520210304104959,0.143,0.189,1
"PECAM1",0.357158863337647,0.446874948810314,0.446,0.386,1
"DNAJC9",0.35717243834253,0.473171098681723,0.446,0.439,1
"DMAC2",0.357312329019617,0.490844741982025,0.393,0.326,1
"NDRG2",0.357564579188436,0.696295855241109,0.107,0.068,1
"FEM1A",0.357594764782186,0.601942535598126,0.161,0.114,1
"GUCY1A1",0.358332909447032,0.377334794444748,0.5,0.492,1
"B3GALNT2",0.358335429820798,0.98559492940224,0.125,0.083,1
"NACA2",0.358335429820798,0.839521083879059,0.125,0.083,1
"GLB1",0.358419726865312,0.750288689181831,0.196,0.152,1
"ZNF75A",0.358686295144067,-0.280251759167934,0.214,0.288,1
"GK5",0.358693864693961,0.794311027552302,0.179,0.129,1
"MRPS23",0.358839588301135,0.336830611778705,0.5,0.439,1
"SMIM14",0.359008515938408,0.370975108437183,0.232,0.167,1
"SPRY2",0.359514255761332,-1.18407423656637,0.107,0.144,1
"CEP97",0.359539920339076,0.620384454328933,0.196,0.136,1
"ZNF140",0.359607876430965,-0.679036014195674,0.071,0.114,1
"MRPL30",0.359673993773631,0.627769394141834,0.304,0.25,1
"MKNK1",0.359843580454272,1.57159588675231,0.179,0.136,1
"SFT2D3",0.359953930193431,-0.396447307300283,0.107,0.159,1
"ISG15",0.360443686050788,0.860061313240482,0.393,0.318,1
"RNF144A",0.360566685720772,0.269131412379931,0.268,0.212,1
"C2orf69",0.360681630726848,0.698596342734523,0.232,0.182,1
"AGBL5",0.360730633161734,-0.308520800253481,0.089,0.136,1
"AL354733.3",0.36083337244993,0.75001188675611,0.107,0.068,1
"OSTM1",0.360862724785364,0.794278969514833,0.143,0.098,1
"MAP2K1",0.361038992515917,0.430240356006552,0.232,0.174,1
"MBD6",0.361341587939777,0.58167934652196,0.214,0.159,1
"AJ009632.2",0.361398407377024,0.381270712667009,0.321,0.258,1
"AKT2",0.361547978845408,0.366228881030485,0.268,0.205,1
"IFT57",0.361682987207108,0.45901385089784,0.482,0.439,1
"CTPS1",0.361990219984561,-0.523719144291617,0.125,0.167,1
"VPS54",0.362084412645411,-0.37313956063894,0.089,0.136,1
"MTIF3",0.362118750799994,0.618430319889005,0.536,0.523,1
"LONRF1",0.362331691362015,1.27917512782964,0.179,0.136,1
"CLCC1",0.362408197130282,-0.415009553926151,0.161,0.22,1
"C19orf38",0.362481213485365,0.663937578873782,0.179,0.129,1
"CNTLN",0.362496557912144,0.596405496904231,0.286,0.22,1
"UBFD1",0.362496557912144,0.507919153273953,0.286,0.22,1
"LRMDA",0.36262757184293,-0.514618838098697,0.232,0.303,1
"TP53",0.36265272118696,0.59652888798202,0.375,0.318,1
"SNHG10",0.362663268245337,1.01692029466782,0.25,0.22,1
"TRAM2",0.362902432070334,0.648636494902695,0.161,0.114,1
"USP3",0.3629723457291,0.481910808354395,0.339,0.28,1
"UBXN2A",0.362990818056031,0.328998342265251,0.429,0.364,1
"TAB2",0.363108012481749,0.473440341634207,0.393,0.386,1
"TMEM115",0.363186504619533,0.718018059578881,0.196,0.152,1
"AMMECR1",0.363442712096808,0.669919371952068,0.161,0.106,1
"OGFOD2",0.363442712096808,-0.409602933006898,0.089,0.136,1
"RCOR3",0.363554974900442,0.268598946183716,0.429,0.492,1
"CHD1",0.363807547128058,-0.259158010617698,0.429,0.515,1
"SUDS3",0.364175552430698,0.388523617622176,0.411,0.348,1
"CEP85L",0.364564617225282,-0.472555150989065,0.196,0.258,1
"NMD3",0.364645541852607,-0.341417212845493,0.268,0.333,1
"PIK3IP1",0.364842354216062,-0.270870649820524,0.286,0.348,1
"RING1",0.364848926930692,-0.291028254409687,0.25,0.311,1
"TSR1",0.365019580737146,-0.291179647037803,0.107,0.159,1
"TRIM27",0.365182529971845,0.556920067083574,0.304,0.242,1
"IFIT3",0.365515049991231,-0.497568455162179,0.071,0.114,1
"DPH3",0.365574663527158,0.684137043619939,0.161,0.114,1
"SDHAF1",0.365574663527158,0.986590369230865,0.161,0.114,1
"MCM4",0.366010831499466,0.353988553933777,0.214,0.159,1
"TAMM41",0.366167512387372,-0.518936483866554,0.089,0.136,1
"CREBL2",0.36652363410892,0.673384324677231,0.143,0.098,1
"ZNF564",0.36652363410892,0.624021721552206,0.143,0.098,1
"UTP15",0.36755276605283,0.966693110672317,0.196,0.144,1
"NVL",0.36755276605283,-0.520222605951877,0.125,0.174,1
"KLHL12",0.36758953895229,0.570057651886509,0.179,0.121,1
"FAM32A",0.368038658410733,0.507550136226716,0.429,0.424,1
"TP53BP1",0.368675460763328,0.317259299031154,0.411,0.348,1
"GALNT10",0.368722801624518,-0.392823493997045,0.196,0.258,1
"HDGFL3",0.368897269711907,-0.438496041163875,0.339,0.386,1
"LINC02328",0.36890502112223,-0.579637655316935,0.089,0.136,1
"OIP5-AS1",0.369297709938829,0.361817121037078,0.625,0.644,1
"RAB6A",0.369943842298856,0.466149508614031,0.464,0.432,1
"TET3",0.370025461816524,1.16715442016506,0.161,0.121,1
"ARHGAP12",0.370025461816524,1.10550666857781,0.161,0.121,1
"MRPS5",0.370071217130715,0.677360679921545,0.446,0.402,1
"CALCRL",0.370191746864316,0.252852226117892,0.179,0.121,1
"SPICE1",0.370191746864316,-0.665413181418219,0.107,0.152,1
"TBC1D15",0.370225771887233,-0.290648494097127,0.304,0.386,1
"BCO2",0.370750788468172,0.862813403520879,0.107,0.068,1
"PGAP1",0.370751766918957,0.902531774402237,0.107,0.068,1
"TADA2B",0.370751766918957,0.921338233625379,0.107,0.068,1
"NELFB",0.370812914911081,0.615818654590068,0.268,0.227,1
"MADD",0.370878507562702,-0.654495142979306,0.179,0.227,1
"NDUFAF4",0.371245019223985,-0.351743757688231,0.214,0.28,1
"BAHD1",0.371482430093956,-0.715564389783488,0.071,0.114,1
"DYRK2",0.371708409700737,0.413083153055222,0.357,0.311,1
"FBH1",0.371809504881416,0.668009157590854,0.214,0.167,1
"FDX2",0.371809504881416,0.638082123012102,0.214,0.167,1
"MRPL16",0.371915932590187,0.263713304899059,0.643,0.652,1
"SPPL2B",0.371995027634792,0.399312755108291,0.214,0.295,1
"LLPH",0.372133078604039,0.273759209991361,0.518,0.5,1
"TCP11L1",0.372239598217581,0.700301666714755,0.143,0.098,1
"NR2F6",0.372239598217581,0.911397594720754,0.143,0.098,1
"AC064807.1",0.372461377430731,-0.604821600580045,0.125,0.174,1
"DROSHA",0.372701080824456,0.9189845845145,0.179,0.129,1
"DNAJC18",0.372701080824456,0.61237339318633,0.179,0.129,1
"CCDC167",0.372838422008572,0.712538763605508,0.196,0.152,1
"JAML",0.372838422008572,0.780794209247001,0.196,0.152,1
"RNF144B",0.373519744514999,0.278653979089132,0.071,0.121,1
"TSEN2",0.373553361318476,0.887251009105333,0.125,0.083,1
"AC010623.1",0.373553361318476,0.623184240117964,0.125,0.083,1
"DNAJB14",0.373575464332669,0.381347489739098,0.482,0.508,1
"PHTF1",0.373805873876397,-0.465507436881082,0.357,0.417,1
"CHD1L",0.374095158586316,0.731414651539018,0.107,0.068,1
"CASTOR3",0.374095158586316,0.714161840132976,0.107,0.068,1
"GOLGA8N",0.374095158586316,0.68105896819643,0.107,0.068,1
"ZDHHC7",0.374095158586316,0.817581301858163,0.107,0.068,1
"RFX5",0.374152594780996,1.08351339558086,0.214,0.167,1
"SPG21",0.374402544618627,0.436714002597245,0.5,0.477,1
"SHMT1",0.374488653453117,0.961572798151276,0.071,0.114,1
"ECD",0.374694879852205,-0.450577725412225,0.214,0.258,1
"PTK2B",0.374728739810032,0.682601745260846,0.375,0.318,1
"AL592183.1",0.374792035533567,0.482557472111623,0.393,0.348,1
"PDSS2",0.374933269390093,0.905818932561981,0.179,0.136,1
"INPPL1",0.375118186498153,1.21453909011186,0.143,0.098,1
"MDP1",0.375301334187138,-0.307238269279819,0.25,0.333,1
"NUDT8",0.375418775651638,1.09438505846167,0.25,0.205,1
"SUSD1",0.375430387768001,-0.761648735473242,0.107,0.152,1
"AMZ2",0.37576929561275,0.867499570132641,0.232,0.189,1
"HSH2D",0.376398522390571,0.402538654484226,0.411,0.371,1
"CDKN2AIPNL",0.376432468393188,-0.391767396806529,0.375,0.417,1
"FMNL1",0.376466387349699,0.25793993631379,0.589,0.545,1
"NCOA2",0.376542036969595,-0.482854532853863,0.25,0.311,1
"IPMK",0.376644274960669,0.521506685200852,0.125,0.083,1
"PPP6R1",0.376763319768088,0.48970186893534,0.429,0.424,1
"ACBD6",0.376999832932611,0.308025077481692,0.536,0.523,1
"GSE1",0.377219660108637,0.394239679422668,0.464,0.614,1
"L3MBTL3",0.377410406463469,0.692968028150403,0.196,0.144,1
"SLC8B1",0.377457137348558,0.543809507440047,0.107,0.068,1
"HOXB3",0.377457137348558,0.704843145555059,0.107,0.068,1
"ELP1",0.377509873401831,-0.67170523054853,0.071,0.114,1
"AC048341.1",0.377509873401831,-0.565030485506243,0.071,0.114,1
"POLR1E",0.377552276197072,-0.551831460670404,0.196,0.242,1
"BOLA3-AS1",0.378032847290761,1.33246373868541,0.161,0.121,1
"DYNLL2",0.378412619744788,0.685086509898459,0.304,0.273,1
"LGALS1",0.378430619930858,0.417859983893599,0.482,0.462,1
"NSD2",0.378455417877413,0.573877497601878,0.286,0.235,1
"ARL2BP",0.378804648932013,0.569771229550692,0.482,0.439,1
"RAB30-DT",0.379301905340778,-0.486936853331777,0.286,0.341,1
"CCDC92",0.379424846004882,0.643189976472222,0.286,0.25,1
"MEF2C",0.379748422225089,0.499256111472897,0.643,0.72,1
"DHX37",0.379750916353519,0.392734121799993,0.125,0.083,1
"NEIL2",0.379981856483455,0.281635392203609,0.089,0.136,1
"RAD9A",0.379981856483455,-0.270845822005238,0.089,0.136,1
"LAS1L",0.380491009626763,0.62218235031688,0.321,0.28,1
"SYTL4",0.380546069427825,-0.551517628954359,0.071,0.114,1
"HDHD5",0.380593383209291,-0.428265515212984,0.196,0.25,1
"UAP1",0.380714575442396,-0.42015072338226,0.107,0.152,1
"FAM49A",0.380837675015661,1.0411168944663,0.107,0.068,1
"PPP3CB-AS1",0.381236495782744,0.99102335901278,0.214,0.167,1
"ABR",0.38153515928374,2.03645476234758,0.107,0.076,1
"TET2",0.382170098899171,0.815188858312204,0.393,0.348,1
"MBOAT7",0.382276830511576,0.366308514943622,0.607,0.598,1
"DCAF11",0.382277207294047,0.762488709831303,0.339,0.288,1
"ADCY3",0.382782687942923,-0.446704797781548,0.089,0.136,1
"ZDHHC18",0.382873262618898,0.62809485120796,0.125,0.083,1
"AC027279.1",0.382873262618898,0.677786700307868,0.125,0.083,1
"PSMB9",0.382913060682582,0.403869750345023,0.643,0.591,1
"SNAPC3",0.383097569778211,-0.258741820651425,0.107,0.159,1
"LINC01578",0.383143681984306,0.435915165271864,0.929,0.917,1
"SNHG20",0.383291940775713,-0.355774973096262,0.161,0.212,1
"TMEM38B",0.383393518218196,0.809635951317156,0.339,0.28,1
"ZNF227",0.38359721997448,-0.318238640806926,0.071,0.114,1
"PSD4",0.383615973257341,-0.323952537228574,0.143,0.197,1
"PRSS21",0.383615973257341,0.439703047840498,0.214,0.167,1
"PDCD6IP",0.383681536083949,0.341823133365888,0.571,0.583,1
"HMGA2",0.383889269977995,0.610020361608279,0.304,0.25,1
"FAM199X",0.38415995440442,-0.52616049874538,0.179,0.227,1
"CATSPER2",0.384236741793966,0.535488935417158,0.107,0.068,1
"TRMT5",0.384440317614071,-0.721914750626726,0.071,0.106,1
"AL356599.1",0.385170781283218,0.743245717835276,0.196,0.159,1
"TRAPPC11",0.385281981939759,0.275655734391548,0.268,0.205,1
"ZNF292",0.385585360142729,0.353142241849027,0.571,0.614,1
"RFWD3",0.385596134851026,-0.307696236642499,0.089,0.136,1
"TECPR1",0.386011289725234,0.82127981281747,0.125,0.083,1
"MKRN1",0.38607949603291,0.264650616446031,0.518,0.462,1
"MRPL43",0.38628372297682,-0.304480781480918,0.518,0.598,1
"NR1H3",0.386322717104134,-0.640937434583517,0.089,0.129,1
"PTPN22",0.38638295337673,-0.443880153299341,0.179,0.242,1
"ANAPC1",0.38638295337673,-0.265309731093093,0.179,0.242,1
"TUT7",0.386443082871598,-0.252770391397248,0.179,0.235,1
"LRBA",0.386495136589271,0.446280388718038,0.518,0.561,1
"EIF3C",0.386663302437712,-0.283192539017965,0.071,0.114,1
"ZFP30",0.386663302437712,-0.383639021715358,0.071,0.114,1
"ACAT2",0.386910650329824,0.31757986970907,0.286,0.371,1
"CHRAC1",0.386926178568247,0.492426549525753,0.446,0.402,1
"HPS3",0.387429353863407,-0.448161571379483,0.125,0.174,1
"NINJ1",0.387802180014353,0.407175373180578,0.107,0.167,1
"HK1",0.387916042037651,-0.377266167387392,0.161,0.212,1
"LMBR1",0.387916042037651,0.674357187059342,0.232,0.182,1
"TTBK2",0.388192782317879,0.386784040638906,0.232,0.333,1
"MAPKAP1",0.388209952979262,-0.302881475132939,0.357,0.417,1
"TM2D2",0.388248889519772,0.453124299011938,0.304,0.258,1
"CYB5B",0.388404582269597,-0.436953134817937,0.232,0.295,1
"PARP16",0.388422179100226,-0.32337499565822,0.089,0.136,1
"ACD",0.388650991703029,-0.338838008230097,0.179,0.227,1
"GCAT",0.388671425198706,-0.371136567258426,0.179,0.235,1
"TMEM98",0.389164972484077,0.598183901860847,0.125,0.083,1
"ZNHIT2",0.389744293162956,-0.398784388814789,0.071,0.114,1
"MRPL47",0.389826922811493,0.466475300545686,0.536,0.538,1
"AKIP1",0.389917523869155,0.583262129071282,0.214,0.159,1
"ST3GAL4",0.389959203484525,-0.358444557503562,0.125,0.174,1
"ZNF136",0.389959203484525,-0.305014665360333,0.125,0.174,1
"TMBIM1",0.390107358999307,1.17344186824614,0.196,0.152,1
"ARHGAP18",0.390907573479038,-0.419477581730564,0.179,0.235,1
"C21orf58",0.390947154540671,-0.648095902396862,0.161,0.205,1
"NUP205",0.391010335828077,0.480909889435893,0.179,0.129,1
"PRELID3B",0.391296437097714,0.282304481663852,0.393,0.341,1
"ERVK3-1",0.39147933156812,0.33074689761929,0.321,0.258,1
"PACS2",0.391541605605715,0.869647601471163,0.214,0.174,1
"DDX60L",0.392126739901086,0.850224186032519,0.214,0.182,1
"ANO10",0.392334284546809,0.831464682314557,0.125,0.083,1
"AL133453.1",0.392334284546809,0.278685784781198,0.125,0.083,1
"AP000787.1",0.392499071449878,0.696907514559312,0.196,0.144,1
"PWWP2B",0.392499071449878,-0.298766427290599,0.125,0.174,1
"CCDC137",0.392562533192607,1.01534045689318,0.196,0.159,1
"DBNDD2",0.392840167442282,-0.808550244144878,0.071,0.114,1
"ZFPM1",0.393151108825867,-0.277662124674865,0.179,0.235,1
"SLC35B2",0.393669825815425,-0.271337782884594,0.107,0.159,1
"ARRDC1",0.394003765929468,-0.280341586554223,0.214,0.28,1
"ZNF736",0.394003765929468,-0.615073149327128,0.232,0.273,1
"EZH1",0.394050349780269,0.912554245183682,0.232,0.189,1
"DNASE1L1",0.394111983437087,-0.323397073457461,0.089,0.136,1
"B3GNTL1",0.394123550145564,-0.54493629292299,0.107,0.152,1
"DCUN1D5",0.394707716762572,0.599272546125377,0.411,0.364,1
"OGDH",0.394810375501131,-0.458194039810832,0.143,0.189,1
"UCKL1",0.394810375501131,-0.554884782465585,0.143,0.189,1
"SLC38A10",0.394915608508079,-0.363543959211117,0.161,0.212,1
"ZNF496",0.395048943540684,-0.34825790404282,0.125,0.174,1
"PIP4K2B",0.395259284764918,-0.290513695836556,0.179,0.242,1
"APOL6",0.395259686118386,1.03158571618121,0.25,0.212,1
"NCBP3",0.395260963146983,0.730192781773239,0.429,0.402,1
"RABIF",0.395651159610015,0.643176584085154,0.179,0.136,1
"GALNS",0.395651242362215,0.595210458108292,0.143,0.098,1
"SPEN",0.395763824559804,0.327467250891355,0.571,0.515,1
"ENO2",0.395950899511619,-0.308227445920635,0.071,0.114,1
"MICAL3",0.395950899511619,-0.394160913787527,0.071,0.114,1
"DNMT3A",0.396607695520718,0.456367265505181,0.411,0.371,1
"BAX",0.396639261936728,0.437249132803097,0.571,0.553,1
"MTRNR2L8",0.397133302507638,0.458120644384137,0.518,0.477,1
"IFT88",0.397265664067568,-0.527473841167848,0.161,0.212,1
"ACO1",0.397270663037728,-0.504255878738393,0.143,0.189,1
"E2F3",0.39730893363057,0.606804309055054,0.446,0.417,1
"AC092620.1",0.39801764772609,0.331164624134079,0.107,0.068,1
"SH3BP4",0.39801764772609,0.406476690756397,0.107,0.068,1
"MAN1B1-DT",0.39801764772609,0.515680868921963,0.107,0.068,1
"TRPT1",0.398082924423701,-0.381268808257378,0.143,0.197,1
"TASOR2",0.398175164273445,0.648573270878034,0.321,0.295,1
"GOSR1",0.398175210424645,0.758165347876287,0.411,0.402,1
"ZSCAN16-AS1",0.398285621672065,-0.280982122782392,0.518,0.583,1
"DCK",0.39892759663429,0.308906371390863,0.464,0.386,1
"SNRNP200",0.399678283155774,0.300091040632829,0.625,0.561,1
"RAB5A",0.399750599147321,0.32218421517453,0.321,0.258,1
"NUMA1",0.399847176320784,0.390697364910958,0.446,0.394,1
"METTL2B",0.399871340938622,0.907555205280695,0.232,0.189,1
"GFM2",0.399902234260895,0.801007261264957,0.161,0.121,1
"POLR2G",0.40010994643016,-0.277585212189842,0.518,0.568,1
"NAB1",0.400189554463592,1.27341956838763,0.196,0.152,1
"LYSMD2",0.400390260366857,0.379803002604318,0.411,0.515,1
"ST6GALNAC4",0.40044412870941,0.319524338480282,0.232,0.174,1
"APAF1",0.40044412870941,0.731032741004399,0.232,0.174,1
"MTHFD2",0.400573945690018,-0.564695157793743,0.232,0.28,1
"PPP2R5D",0.400878277629665,-0.56695061639763,0.089,0.129,1
"TFB1M",0.400878277629665,-0.605865457605063,0.089,0.129,1
"POLD2",0.401476689632056,-0.367686124814858,0.375,0.432,1
"HOOK1",0.401508856667178,0.517431253761369,0.107,0.068,1
"KCTD13",0.401508856667178,0.320378378378903,0.107,0.068,1
"SLC9A8",0.401508856667178,0.739558306199468,0.107,0.068,1
"LARP7",0.401852571932047,0.270470433753074,0.554,0.53,1
"ZCCHC10",0.401956890676095,-0.264154686894468,0.304,0.386,1
"LRRC57",0.402820103277508,0.610595170734472,0.304,0.258,1
"VOPP1",0.403127057635938,0.283885439875462,0.268,0.205,1
"ICA1L",0.403276736772923,-0.302717647695128,0.214,0.273,1
"WDR41",0.403937619893827,0.482493539922521,0.268,0.212,1
"RAPGEF6",0.403937619893827,0.443239419603817,0.268,0.212,1
"GRAMD1A",0.403937619893827,0.891485958136616,0.25,0.22,1
"FBXO9",0.403983332024745,0.435640683193226,0.464,0.402,1
"KDELR2",0.404026068502232,0.420717804384141,0.464,0.455,1
"TRIOBP",0.404104030731645,0.483687286267303,0.357,0.318,1
"EDC4",0.404265342036451,0.519171426370563,0.161,0.114,1
"LINC02021",0.404655103128307,0.535640316058761,0.143,0.098,1
"MFSD4B",0.404661620201282,0.758242829116047,0.268,0.235,1
"TAF1",0.404706327363618,0.460067453110287,0.214,0.159,1
"NT5C3B",0.404706809948023,-0.660572976593625,0.143,0.189,1
"ZNF33B",0.404903574409472,0.421536074206758,0.446,0.409,1
"SPTLC2",0.405157722780341,0.473502636144271,0.554,0.568,1
"CITED2",0.405164996995251,-0.259208239563677,0.375,0.432,1
"IGHM",0.405164996995251,1.10867116872343,0.411,0.417,1
"AL451165.2",0.405348171973365,-0.262628502952182,0.125,0.174,1
"GOLGA8A",0.405371968922015,1.13632780235278,0.125,0.091,1
"PDIA5",0.405486189713309,-0.888861263637378,0.107,0.144,1
"TOX",0.405552893027246,0.491823307453715,0.339,0.303,1
"PCMTD2",0.405825596636904,0.439216926087548,0.429,0.417,1
"TRIP11",0.406271342324085,-0.643282538897426,0.268,0.318,1
"DRG1",0.406772339915391,-0.268746273956909,0.25,0.311,1
"GEMIN5",0.407119660423961,0.829119649098883,0.161,0.114,1
"CNKSR3",0.407130781029861,-0.311433709502609,0.179,0.129,1
"DNAJC14",0.407814441002904,-0.431133823832105,0.107,0.152,1
"KATNB1",0.407814441002904,-0.451785940884546,0.107,0.152,1
"FBXO33",0.407853901271339,0.661831937761626,0.196,0.152,1
"ALDH5A1",0.407869462132947,1.03909940900182,0.179,0.144,1
"MSL3",0.408359918358527,-0.261819964277767,0.214,0.265,1
"EEF1AKMT3",0.408541853297567,0.276972269594058,0.071,0.114,1
"SLAIN1",0.408541853297567,0.762047350725978,0.125,0.091,1
"TMEM248",0.408791083034848,0.305846811849056,0.304,0.394,1
"MAP1A",0.408837876037732,0.777338039568896,0.321,0.28,1
"SEC14L1",0.409525145972338,0.761742782359034,0.429,0.417,1
"VPS26C",0.409710167745211,0.596589905897057,0.214,0.159,1
"EMD",0.409738480667498,0.325859953991557,0.446,0.364,1
"NFYA",0.409985964104902,1.15801341644802,0.089,0.144,1
"HCG18",0.410049705552231,0.516160402884683,0.446,0.394,1
"HIPK2",0.41014759618928,0.273557796985184,0.214,0.288,1
"C18orf21",0.410236184979999,0.425907318838554,0.321,0.258,1
"RELL1",0.410416574617257,0.55896327614281,0.161,0.235,1
"DLG1",0.410452895513057,0.455517050270085,0.446,0.409,1
"ZFP36",0.410577039719107,-1.03551909103182,0.5,0.553,1
"UBE2Q1",0.410765433031457,0.645593677848248,0.375,0.326,1
"TSPYL5",0.410966250211998,-0.283973217091428,0.143,0.189,1
"RPS6KA1",0.41114034881677,0.392413428383634,0.268,0.341,1
"C1orf54",0.411260453001887,0.7396085526756,0.143,0.106,1
"F8A1",0.411291349070552,0.450316838183987,0.304,0.258,1
"BANK1",0.411542259549391,0.404398123514873,0.232,0.182,1
"MTPAP",0.411542259549391,0.724914593571696,0.232,0.182,1
"NSMCE2",0.411612792537816,0.415078712279231,0.25,0.341,1
"SPATA13",0.411633759292226,0.524733082061351,0.179,0.136,1
"ST3GAL2",0.411634309761861,0.823410493990109,0.179,0.136,1
"MREG",0.411676749834268,0.76406750996655,0.125,0.083,1
"FAM160A2",0.411676749834268,0.420340992173889,0.125,0.083,1
"LTB4R",0.411726450712057,1.29157872394849,0.125,0.091,1
"COMMD10",0.411940776822116,-0.259039793028835,0.214,0.273,1
"ZNF766",0.412035850340688,0.950618730595481,0.339,0.295,1
"SDHC",0.412303573704092,0.266007514613891,0.554,0.545,1
"HNRNPU",0.412669122517949,0.251747405582538,0.929,0.955,1
"CNPPD1",0.412744007896897,0.356298983567895,0.286,0.235,1
"C11orf71",0.412972308653699,-0.274718471624724,0.196,0.242,1
"UBE2E1",0.413132479182956,0.389125485082869,0.536,0.561,1
"PSPH",0.413172712782966,-0.479415258872426,0.125,0.167,1
"ENG",0.413370598197148,0.527223577443146,0.214,0.174,1
"DDX23",0.41337855289491,-0.359507408040713,0.179,0.242,1
"ATAD1",0.413413453309484,0.401966487755346,0.304,0.265,1
"MAPKAPK5-AS1",0.413518416385756,0.432834481830532,0.5,0.47,1
"ZDHHC6",0.413696131442073,0.534948470266184,0.25,0.205,1
"INTS6-AS1",0.413918267916133,0.351074470377676,0.25,0.197,1
"PNPLA6",0.413948935252126,0.757927277111868,0.161,0.121,1
"CD2AP",0.414024231985103,0.469359334796847,0.411,0.402,1
"AF117829.1",0.414039288771549,0.280271100707566,0.25,0.189,1
"ACAP2",0.414836057547793,0.374451809842166,0.589,0.591,1
"TRAFD1",0.414925729013116,0.923806805913194,0.125,0.091,1
"RIPOR3",0.414954631180617,0.469555197948915,0.125,0.083,1
"TTC5",0.415682408079343,-0.366813748976078,0.268,0.333,1
"CCDC102A",0.415754433779429,0.250678428691955,0.161,0.114,1
"TRIM41",0.415758375999772,-0.47050584729111,0.089,0.129,1
"CLYBL",0.415758375999772,-0.471478778032973,0.089,0.129,1
"RNF135",0.415839582327823,-0.532852987196097,0.125,0.167,1
"BNIP3",0.416017448635141,-0.259761220157665,0.179,0.235,1
"GLA",0.416163311154297,-0.386200096463843,0.107,0.152,1
"RAMAC",0.416313523990314,0.446289573413077,0.286,0.242,1
"SLC35D2",0.416459678839711,0.802074151617829,0.375,0.356,1
"S100A11",0.416531304828083,-0.400447239098437,0.339,0.379,1
"GPHN",0.416599340282957,-0.999088011542749,0.071,0.106,1
"GDE1",0.416713949836364,-0.286047223611455,0.304,0.356,1
"PGM3",0.416792911899131,1.16429205412771,0.161,0.121,1
"TMEM167B",0.417162235154046,0.794678024195887,0.321,0.28,1
"PAXIP1-AS1",0.417162235154046,0.454428536376713,0.321,0.28,1
"HIST1H2BN",0.418207276948255,0.349527400581384,0.196,0.152,1
"CD244",0.4184453937309,-0.381206936635063,0.125,0.174,1
"TMEM192",0.418510670009911,-0.260777179758069,0.214,0.273,1
"ME2",0.418515972978497,0.464836961078157,0.464,0.409,1
"PSTK",0.418773063914237,-0.546140360556897,0.089,0.129,1
"CLTC",0.419043265624926,0.340189831701202,0.5,0.508,1
"ABCC4",0.419811531455351,-0.409456729379364,0.232,0.295,1
"RLF",0.420168280858372,-0.305061309576732,0.214,0.258,1
"CACNB2",0.420334156799215,0.277887469913933,0.089,0.136,1
"PPBP",0.420561653723654,1.40074732213355,0.321,0.273,1
"G2E3",0.420804089137157,0.865927378786325,0.143,0.205,1
"TAF13",0.420819599217867,0.719244265137238,0.125,0.182,1
"AC004951.1",0.420862523474195,0.30028742720224,0.179,0.129,1
"EDEM3",0.421080034691312,0.634516916076883,0.143,0.212,1
"GLCCI1",0.421226891815532,-0.442784299368212,0.161,0.212,1
"PAFAH1B2",0.421466842475853,0.463075446825174,0.446,0.447,1
"MORC2",0.421570556823991,0.70227087998625,0.161,0.114,1
"ZW10",0.421800576858046,-0.615960596951606,0.089,0.129,1
"TTPAL",0.421800576858046,-0.487757993697045,0.089,0.129,1
"ITGB3BP",0.421939467151386,0.605749446400588,0.375,0.333,1
"PSMF1",0.422017582561176,-0.29483047409681,0.518,0.561,1
"AC244090.1",0.422321070022533,1.22447720695157,0.107,0.076,1
"SIN3A",0.42274989883481,0.468903013637361,0.357,0.311,1
"ZZEF1",0.42291275300391,0.709382958257566,0.214,0.167,1
"MTHFS",0.423121821199222,0.562484626360785,0.214,0.288,1
"ZNF91",0.423254553022726,-0.340344845542294,0.339,0.402,1
"NUDT14",0.423319133607703,0.865324028017395,0.143,0.106,1
"AC009061.2",0.423319133607703,1.07698895160693,0.143,0.106,1
"PRPF8",0.423414707451691,0.371248589910171,0.589,0.644,1
"SSH1",0.423640578069024,0.264374668776701,0.179,0.129,1
"ZNF669",0.423783641360025,-0.590113070229968,0.196,0.235,1
"SPTY2D1",0.424140335563917,-0.279715093758701,0.286,0.348,1
"RAMP1",0.424225225376971,0.431205229215967,0.411,0.371,1
"UBE2J2",0.424237806815258,0.379301546371086,0.393,0.341,1
"IFT80",0.424432407271665,0.497570067620413,0.268,0.212,1
"TMEM50B",0.424432407271665,1.02195294420268,0.25,0.22,1
"NDUFA6",0.42452853750388,0.337050937012423,0.571,0.553,1
"TCTE3",0.424611311619204,0.289065357467074,0.071,0.114,1
"ZC3HC1",0.424611311619204,0.923479119172791,0.125,0.091,1
"RHNO1",0.424611311619204,0.899496235806467,0.125,0.091,1
"LCLAT1",0.424840885581013,-0.878814754872689,0.089,0.129,1
"TCAIM",0.425444654653861,-0.286648798115815,0.143,0.197,1
"FBXL20",0.425731073789167,0.301817068090708,0.393,0.318,1
"MIGA2",0.425831488490233,1.33553566617243,0.107,0.076,1
"DNAJC17",0.426062537396545,-0.432691153965064,0.214,0.265,1
"MICAL1",0.426062537396545,0.279523706844988,0.286,0.235,1
"ITFG1",0.426101196812746,0.710544999057891,0.304,0.273,1
"GTSF1",0.42654805986181,-0.777936214895959,0.071,0.106,1
"RAB5C",0.42663194776186,0.352761130349448,0.607,0.598,1
"PTBP3",0.426784243329978,0.254044596386988,0.625,0.667,1
"ZBED3-AS1",0.427868970473842,0.825749599446561,0.071,0.114,1
"MRPL14",0.427953247457983,0.654953361738385,0.375,0.333,1
"AL109811.2",0.427993849811486,0.628325338119319,0.179,0.136,1
"ADRM1",0.42812099155302,0.379993397019298,0.5,0.47,1
"P3H1",0.428509717452383,0.646856456907799,0.214,0.182,1
"MSRB3",0.428889372017753,-0.259352664643402,0.393,0.439,1
"DNMT1",0.429098344853283,0.500544548712649,0.411,0.371,1
"DOCK5",0.429596152874928,0.596480053524272,0.286,0.242,1
"CWF19L1",0.429746043451929,0.85967921485753,0.232,0.189,1
"RTP4",0.429894836512493,-0.565295562671508,0.071,0.106,1
"ELMOD3",0.430300106923,0.47344154195623,0.107,0.152,1
"HIGD1A",0.430719877771469,0.496639080533678,0.411,0.386,1
"ABHD5",0.43095976920986,-0.554359687350538,0.089,0.129,1
"KCNMB4",0.431184678614166,0.665753983366973,0.161,0.121,1
"SLFN13",0.431184678614166,0.861818731339483,0.161,0.121,1
"CLIC4",0.431363742150868,1.03858319656401,0.196,0.152,1
"DENND4B",0.4323922465197,0.354894749192145,0.143,0.098,1
"AC097448.1",0.432497439470672,0.935987763326028,0.143,0.106,1
"BRD8",0.432780884046127,0.354011921550593,0.304,0.265,1
"HSPBP1",0.432890403875254,-0.522270451095678,0.179,0.227,1
"ZNF420",0.432903187500782,1.77233065265111,0.107,0.076,1
"UBE2L3",0.433032332004621,0.251038752730976,0.714,0.72,1
"ITM2C",0.433063641464899,0.452548111784231,0.696,0.811,1
"SLC25A32",0.433366119041133,-0.576635054765214,0.161,0.197,1
"OAZ2",0.433374388508572,0.656437550413813,0.321,0.273,1
"TRAPPC9",0.433530742574722,0.631210684244741,0.179,0.136,1
"YME1L1",0.433712566209029,0.493763063753467,0.554,0.621,1
"SIVA1",0.434469773256324,0.28105744319733,0.679,0.727,1
"KIAA0232",0.434964433782448,0.704149374992199,0.304,0.265,1
"MAP3K2",0.4350799999151,0.717631453150175,0.429,0.394,1
"AAK1",0.435172032977618,0.300517966624938,0.536,0.477,1
"PF4",0.435273265915422,1.27384885602131,0.214,0.159,1
"HIP1",0.436076293543826,-0.321945360163403,0.196,0.242,1
"UVRAG",0.436269717562846,0.414626526011873,0.393,0.348,1
"PRKAA1",0.436333226389902,-0.311449833546626,0.214,0.288,1
"SLC38A7",0.436464370673985,1.02865195060258,0.107,0.076,1
"ZNF274",0.436531073235379,-0.277730063473191,0.196,0.25,1
"TMEM39A",0.436633950353449,-0.305986562262582,0.071,0.106,1
"DNAJC5",0.436633950353449,-0.611535178318254,0.071,0.106,1
"MED31",0.437021116502764,-0.266596370764272,0.107,0.144,1
"PRKCB",0.437196231634484,0.43277104121735,0.589,0.538,1
"ZNF529",0.437273328579389,-0.687150527410181,0.161,0.205,1
"MDM2",0.437332963668242,0.785014747428926,0.304,0.258,1
"RAB2B",0.437487321434919,0.725952927259754,0.286,0.25,1
"TCF12",0.43797671268786,-0.254510137627776,0.268,0.311,1
"LRCH1",0.438074533644287,0.6384594293511,0.232,0.197,1
"EXOC4",0.438195720748425,0.303176292192084,0.393,0.333,1
"RPRD2",0.438259823796304,-0.261578979910993,0.321,0.371,1
"DYRK1A",0.438292597234622,0.607855103704925,0.429,0.409,1
"CTDSP2",0.438448674221579,0.470807190447054,0.446,0.417,1
"GTF2H1",0.438533641196287,0.722536278218225,0.214,0.182,1
"SLC26A2",0.438691058142184,0.761954514912068,0.196,0.159,1
"TMEM67",0.439108279358892,0.675530089682836,0.179,0.136,1
"PKN1",0.439325372336533,0.344099154109,0.571,0.576,1
"TFPI",0.439933637009606,-0.283840138130035,0.429,0.53,1
"C16orf72",0.439956311617185,1.50989247375759,0.161,0.121,1
"DDX20",0.440026201827168,-0.711334391096222,0.071,0.106,1
"CXCL3",0.440026201827168,-0.356602261908287,0.071,0.106,1
"NEDD4L",0.440233283933467,-0.348702348238971,0.089,0.129,1
"FIBP",0.440304521304087,0.358959256408851,0.625,0.644,1
"UBE2Z",0.440653452239462,0.267173446161567,0.393,0.477,1
"TAF6",0.440784923403662,0.587625185597839,0.268,0.212,1
"ABHD10",0.440820816430243,0.291918749783492,0.214,0.167,1
"IDH3A",0.440820816430243,0.526262338564241,0.214,0.167,1
"ELMOD2",0.440992451323666,-0.334760770457527,0.161,0.212,1
"SLC25A46",0.441010815434057,0.545829676979146,0.375,0.326,1
"ZNF383",0.441044254477839,0.308037875861788,0.071,0.114,1
"CAPN1",0.441132449695984,0.285098107456002,0.571,0.576,1
"DNAJC3",0.441782554615188,-0.292373196941364,0.393,0.462,1
"AC110611.2",0.441789922039515,0.822543646470281,0.143,0.106,1
"ASH1L-AS1",0.442327081516198,-0.52515686437222,0.161,0.205,1
"AP3M2",0.442902194472776,0.596646339164241,0.161,0.121,1
"ALKBH3",0.443062368594599,-0.337824807208451,0.125,0.167,1
"SFXN3",0.443062368594599,0.808191688555692,0.179,0.144,1
"TEX30",0.443122108764026,0.909620212499751,0.286,0.242,1
"NOP2",0.443318343327271,-0.607429519967471,0.125,0.159,1
"TADA3",0.443485622805307,-0.319952999252439,0.446,0.477,1
"SLC44A1",0.444103695528654,0.502799389301888,0.375,0.326,1
"MAP3K4",0.444240059253953,-0.319627562958044,0.232,0.273,1
"CPED1",0.444374036465914,0.992169662860929,0.125,0.091,1
"COPG2",0.444374036465914,0.784522528782418,0.125,0.091,1
"SMU1",0.44458544039389,0.303826100599527,0.518,0.492,1
"DBI",0.444586449809528,0.389143969980426,0.768,0.902,1
"G3BP1",0.444809241531772,0.299145580483699,0.643,0.682,1
"LST1",0.445282701675902,0.623140707857567,0.625,0.682,1
"VIM-AS1",0.44537485483194,-0.26910716635722,0.125,0.174,1
"ATF1",0.445438191144697,0.658165252308547,0.232,0.197,1
"SH3KBP1",0.445620629372248,0.309937385904766,0.446,0.439,1
"USF2",0.445658457992546,0.420769800266051,0.589,0.621,1
"ATP10A",0.44586050948074,0.353704484669173,0.161,0.121,1
"ATG101",0.44616791993391,1.2513112207519,0.161,0.129,1
"ARFGEF1",0.446440539413522,0.714411463336906,0.411,0.386,1
"PACRGL",0.446478696789423,-0.311517714257171,0.089,0.129,1
"CBWD1",0.446504123605898,-0.287899039772957,0.232,0.273,1
"SCAI",0.446634370363093,0.723426455535149,0.429,0.417,1
"ATM",0.447056259272903,0.407884024688238,0.446,0.402,1
"TNFAIP8L2",0.447248639658244,1.00573969981592,0.107,0.076,1
"TELO2",0.447248639658244,1.21030740189461,0.107,0.076,1
"CST7",0.447414086694585,-0.868612631771718,0.161,0.205,1
"STYX",0.447547651825778,0.366578236401606,0.286,0.227,1
"FUCA1",0.447551378556941,0.646728888728955,0.179,0.136,1
"IFIH1",0.447626786336186,0.415836267208529,0.107,0.152,1
"COIL",0.447735143511199,0.497243735336604,0.446,0.492,1
"ACTR1B",0.447882956870131,0.256482215337141,0.232,0.303,1
"STK39",0.448047893637928,0.459766743702476,0.143,0.106,1
"C4orf48",0.448431098547638,-0.320902787698253,0.357,0.432,1
"ZNF814",0.448529187596419,0.925340159747669,0.268,0.227,1
"UBE2D1",0.449084980704565,-0.313173219578053,0.268,0.333,1
"ARL11",0.449088360266918,0.822462560834432,0.161,0.129,1
"SLBP",0.449477385298969,0.65802487554623,0.446,0.439,1
"TFAP4",0.449841260400513,-1.19472283960022,0.107,0.136,1
"MAP3K5",0.449896330380106,0.707614267072002,0.25,0.197,1
"TCTEX1D2",0.449896330380106,-0.376757651221905,0.179,0.227,1
"ZNF418",0.45029319510945,-0.478638565886775,0.071,0.106,1
"RASAL3",0.450479246657088,0.311732080054038,0.393,0.333,1
"UXS1",0.450487982518571,0.50806829974193,0.375,0.348,1
"CIAO2A",0.450688815250263,0.707790455511725,0.411,0.379,1
"GCC1",0.45087678962999,1.59701827445229,0.107,0.076,1
"BCOR",0.45131229601214,0.386861315227066,0.214,0.174,1
"DDX28",0.451749935270012,0.427581001467829,0.25,0.205,1
"RNF14",0.451809583447274,0.658243732094958,0.161,0.121,1
"POGLUT1",0.452267188048642,-0.362933416297243,0.196,0.235,1
"CCDC59",0.452440198200227,0.426674663109912,0.643,0.674,1
"PPP2R2D",0.452544633052051,-0.306326192842442,0.321,0.371,1
"ACOX1",0.452906909178682,0.641555629863543,0.196,0.152,1
"CDKN2C",0.453383825128227,-0.286880209708399,0.143,0.182,1
"SLC37A4",0.453736050360506,0.637202949448961,0.089,0.136,1
"BTRC",0.453745449037051,-0.377442111404976,0.071,0.106,1
"ZNF414",0.453909483255934,0.484861674251902,0.214,0.174,1
"GIMAP1",0.45423040067623,-0.323851591869162,0.125,0.167,1
"HEXIM2",0.454449006104271,0.416221897720934,0.071,0.114,1
"C22orf34",0.454449006104271,1.0455306250334,0.125,0.091,1
"BIRC6",0.455057949047495,0.569228165659071,0.5,0.53,1
"RTCA-AS1",0.455106603248177,0.572557637466259,0.161,0.205,1
"TBL2",0.455641812789515,0.508647933066036,0.196,0.152,1
"MANF",0.455743057950294,0.343597197568357,0.339,0.432,1
"TMEM19",0.455940710627747,-0.349224494456056,0.089,0.129,1
"LMBRD2",0.456086003619065,0.491438523190672,0.179,0.136,1
"GIGYF1",0.456395891510033,0.999926987051975,0.214,0.182,1
"STK10",0.45666924821608,0.406713220608583,0.375,0.333,1
"PALM2-AKAP2",0.457300283178708,-0.487158782226001,0.286,0.318,1
"AFF3",0.457733769798705,0.950839680177075,0.375,0.341,1
"ODC1",0.457796764166836,-0.285984804550261,0.482,0.553,1
"PSKH1",0.457835720181848,0.300162692759288,0.071,0.114,1
"LACTB2",0.457835720181848,0.830417031920388,0.125,0.091,1
"ISCU",0.457850497295201,0.315589661198541,0.661,0.667,1
"FAM210A",0.457946790774598,-0.813216542763506,0.089,0.121,1
"EIF2B2",0.458096436391408,-0.299967983496324,0.214,0.265,1
"C1orf50",0.458334582685721,0.288976849168688,0.179,0.242,1
"RBM26",0.458404860325678,0.411622298187241,0.589,0.598,1
"ALG13",0.458510373025219,0.255137091666936,0.536,0.47,1
"DGKA",0.459047453416407,-0.271958832670147,0.143,0.189,1
"NSUN3",0.459155839559538,0.421060703273884,0.214,0.167,1
"CREM",0.459155839559538,0.315917635098121,0.214,0.167,1
"PRKCQ-AS1",0.459330086949785,-0.701264255148489,0.464,0.492,1
"RNF115",0.459574566953151,0.298535559977679,0.518,0.485,1
"PHF12",0.459608721910754,0.365224263444552,0.232,0.189,1
"CLK1",0.459659347855161,0.425336943136944,0.554,0.477,1
"HACD2",0.459873390742344,-0.253869758996309,0.125,0.167,1
"MTOR",0.459873390742344,0.732746180679258,0.179,0.144,1
"AUXG01000058.1",0.460694546374614,-0.576160544265641,0.071,0.106,1
"ETAA1",0.460713695979928,0.975800463681336,0.143,0.106,1
"CARD11",0.460713695979928,0.551327115242551,0.143,0.106,1
"DLEU2",0.460816786710096,0.874262664498909,0.161,0.121,1
"DIDO1",0.461123124786503,-0.271197723444635,0.357,0.417,1
"TRMU",0.461236551799168,1.51609881746351,0.125,0.091,1
"GAB3",0.461488429216714,0.298580030160633,0.411,0.356,1
"UBQLN2",0.461529309162298,0.60494483015827,0.286,0.242,1
"SMAD3",0.461753192466276,-0.557461913952707,0.161,0.197,1
"MEN1",0.46180956561673,-0.449934747036293,0.143,0.197,1
"MCM9",0.461826234657805,0.509929843094061,0.179,0.136,1
"ABCF3",0.461860625099377,0.931639743885182,0.107,0.076,1
"TAF1C",0.461860625099377,0.854518385918076,0.107,0.076,1
"TCERG1",0.461908475404625,0.422373548786429,0.375,0.341,1
"RNF213",0.462052446601616,0.369821934491474,0.5,0.47,1
"MZF1",0.462330918451312,-0.3814749532377,0.196,0.242,1
"FRA10AC1",0.462475292056139,-0.364037563326721,0.25,0.311,1
"PHF21A",0.46257147789602,0.50357361365729,0.268,0.22,1
"FHL3",0.462780514964017,-0.320565572895998,0.214,0.265,1
"IMPACT",0.462791778755802,0.525605807802254,0.268,0.235,1
"SLC66A2",0.462960622223279,0.308567290490706,0.268,0.379,1
"CYP20A1",0.463221187416025,0.569515880382135,0.25,0.212,1
"CHP1",0.463333538520377,0.528355347548125,0.411,0.364,1
"AL157938.3",0.463911144282264,1.07556930687135,0.143,0.106,1
"COA6",0.464094121546703,0.291914746060195,0.339,0.28,1
"ZNF721",0.464164390526183,0.337031301675979,0.339,0.303,1
"BGLAP",0.464191287342926,-0.699940780907891,0.071,0.106,1
"FKBP2",0.464427723485604,0.661604824125858,0.196,0.167,1
"ALAS1",0.464651452592668,0.353983954878017,0.125,0.091,1
"RCN2",0.464863538215671,0.297147820351277,0.625,0.583,1
"HHEX",0.465094334342177,0.405814993557988,0.518,0.47,1
"MED28",0.465366745735579,0.389688941204397,0.589,0.629,1
"TP53I13",0.465385206220623,0.589862946906338,0.446,0.409,1
"AC245060.5",0.465524475000192,1.0459034182499,0.339,0.311,1
"PTCD2",0.46555483286116,1.87938113739769,0.107,0.076,1
"TSPAN13",0.465555407186964,-0.409678940978635,0.125,0.167,1
"MINCR",0.465608959924966,0.894016395455596,0.196,0.159,1
"ACBD5",0.465675336918399,0.459477317390937,0.25,0.212,1
"AL499604.1",0.465759078718093,0.340869461542097,0.286,0.258,1
"LYRM9",0.466243664810717,0.884011905175443,0.143,0.114,1
"HINT3",0.466673863660367,0.433289202263858,0.196,0.152,1
"MTX1",0.466830286778271,0.860499226959313,0.375,0.364,1
"ZNF143",0.466876932593312,-0.669654288049921,0.107,0.144,1
"TTC7B",0.467120911888591,0.789664106374325,0.143,0.106,1
"DNMT3B",0.467120911888591,0.847490211877753,0.143,0.106,1
"AC092338.3",0.467130962285297,-0.250690573949664,0.143,0.189,1
"STK38",0.467173892402626,-0.43556461442821,0.232,0.273,1
"MAN1A1",0.467263811918879,0.57075147963259,0.482,0.455,1
"DNAL1",0.467606580919085,0.52530843023243,0.179,0.136,1
"FAM76A",0.467949101771892,0.61342873473387,0.232,0.197,1
"SMAGP",0.468080373113489,0.898582616037644,0.125,0.091,1
"CCDC130",0.468136693366886,0.629768841821246,0.25,0.212,1
"RAP1GAP2",0.468730402539826,-0.296375606256489,0.089,0.129,1
"VKORC1L1",0.469001542058225,-0.258617082556109,0.179,0.235,1
"FUNDC2",0.469681553697232,0.640279264465707,0.429,0.462,1
"RABEPK",0.4697243432675,-0.338778021399925,0.143,0.182,1
"MAGEH1",0.46991360257949,0.550442121822988,0.268,0.227,1
"STAP1",0.46992350575668,0.529847258166178,0.161,0.121,1
"POLR1B",0.46992350575668,-0.47203469886664,0.107,0.144,1
"C12orf65",0.469924022752973,0.496901914384473,0.268,0.235,1
"FARSA",0.47041336128741,-0.296019709908475,0.286,0.318,1
"VPS13D",0.471276222371595,0.722280030471807,0.179,0.144,1
"MPP5",0.471495468776547,-0.382811582000803,0.179,0.235,1
"KCTD10",0.471523262827669,0.489362712833753,0.071,0.114,1
"DCAF17",0.472244986480939,-0.550493468237067,0.143,0.174,1
"STAM",0.472670283729356,-0.502823174860936,0.375,0.402,1
"SELL",0.472821442421964,0.273442844061568,0.536,0.538,1
"EBLN3P",0.472925613057618,0.283367804948957,0.446,0.402,1
"UBAC2",0.472925613057618,0.382745978912347,0.446,0.402,1
"RBM41",0.473035670069459,-0.340479532293166,0.179,0.22,1
"TOPORS",0.473340967102855,0.409118608461866,0.536,0.561,1
"TSR2",0.47349780288999,0.634487225920739,0.357,0.348,1
"IRF1",0.473655882215197,0.905213863646841,0.464,0.424,1
"GTF2E2",0.473859751564052,0.338183742702771,0.196,0.159,1
"SUPT7L",0.473996690775628,0.707844218755061,0.25,0.205,1
"PEX6",0.474339297746099,-0.549444963282279,0.089,0.121,1
"TRNT1",0.474530980967975,0.295802262878132,0.357,0.318,1
"SNX10",0.474635741527113,1.02099851150614,0.339,0.341,1
"INO80C",0.474712041425458,-0.282016967028796,0.214,0.258,1
"MMS19",0.474888057784424,-0.372390564398702,0.125,0.159,1
"CD2",0.474980070116472,0.376286482966239,0.125,0.091,1
"FAM122A",0.474980070116472,0.847357116991771,0.125,0.091,1
"DGCR8",0.474980070116472,0.511602166452251,0.125,0.091,1
"ZNF33A",0.475343284896559,0.566648072903203,0.411,0.394,1
"TMEM138",0.475563815770654,0.459671334109359,0.25,0.212,1
"SPAST",0.475684912049521,-0.34488264870955,0.286,0.356,1
"SPATA7",0.47585526489612,0.713329632690716,0.161,0.129,1
"TIGD5",0.476049474345779,-0.416125125786312,0.107,0.144,1
"AP000873.2",0.476351786745861,0.500443570888562,0.179,0.136,1
"FHL2",0.476627771096826,0.999119205026599,0.196,0.159,1
"MRPL53",0.476735365666001,0.529241498939978,0.107,0.076,1
"CLEC9A",0.476735365666001,0.554538548086622,0.107,0.076,1
"ITGAM",0.476735365666001,0.535280854555329,0.107,0.076,1
"FUOM",0.476823712794731,0.651460839363521,0.143,0.106,1
"COMMD3",0.477772159617351,0.309507249238649,0.661,0.72,1
"PTCD3",0.477969866011374,0.388031023760005,0.429,0.394,1
"FUBP3",0.47797995429144,0.339914918053033,0.286,0.242,1
"TRIP4",0.478152517607664,0.879701980497736,0.232,0.197,1
"TET1",0.478450742276863,0.529053483198657,0.125,0.091,1
"FADD",0.478450742276863,0.56071379210323,0.125,0.091,1
"ERV3-1",0.478841600600851,0.45865922087151,0.411,0.386,1
"DGAT1",0.478882427640938,0.830131389588609,0.161,0.129,1
"FAM126B",0.479020940558274,0.594367787337859,0.25,0.205,1
"BET1",0.479128796491118,0.473417246594685,0.161,0.121,1
"SIRT5",0.479128796491118,-0.575069607017271,0.107,0.144,1
"ZNF101",0.479128796491118,-0.425095698999758,0.107,0.144,1
"ANGEL2",0.479595634256525,0.642867656929144,0.268,0.227,1
"RPS6KA5",0.479866330059887,0.563089786889617,0.357,0.311,1
"NKIRAS2",0.479958415561578,0.416260507709107,0.304,0.265,1
"SNHG25",0.48001394542078,0.354262455667658,0.357,0.333,1
"LINC01473",0.480082335699639,0.797304075864757,0.143,0.106,1
"TC2N",0.480082335699639,0.742731257525405,0.143,0.106,1
"HDAC6",0.480145874017685,0.459394316218744,0.232,0.189,1
"WDR74",0.480382871202024,0.264789862486027,0.339,0.295,1
"ATAD3A",0.480757768680046,-0.402173720519582,0.125,0.159,1
"UBE2O",0.481802127086543,-0.422471575429217,0.196,0.235,1
"LENG8-AS1",0.481934502410698,0.64701220210083,0.125,0.091,1
"ZNF770",0.482059618364121,0.670222099999349,0.321,0.326,1
"MSRB2",0.48212136888173,0.282112249342654,0.286,0.371,1
"SV2A",0.482143814240612,1.30530357866024,0.143,0.114,1
"FAM120C",0.4821902811598,0.590753627235515,0.196,0.159,1
"STK40",0.482218960568612,0.442717760762771,0.161,0.121,1
"USP42",0.482218960568612,-0.644917715747263,0.107,0.144,1
"ARG2",0.482218960568612,0.267885645651404,0.107,0.144,1
"ABCA5",0.482218960568612,-0.254427446823787,0.107,0.144,1
"TPM4",0.48236745468525,0.270012863790803,0.714,0.72,1
"KIFAP3",0.482705222384598,-0.293947094292039,0.25,0.311,1
"TMEM94",0.483034051835949,0.714833323330538,0.214,0.174,1
"C8orf88",0.483940486614558,-0.35882903638523,0.161,0.205,1
"EMC8",0.484015834213835,0.602361153968211,0.304,0.273,1
"SURF6",0.484074128313487,0.357764827567709,0.25,0.205,1
"ITGA6",0.484269984812296,0.593719525821884,0.107,0.076,1
"SGTB",0.484269984812296,0.456480571181721,0.107,0.076,1
"CPNE2",0.484269984812296,0.832958922986217,0.107,0.076,1
"SF3A1",0.484352912078127,0.442859631115329,0.446,0.424,1
"HOXA10",0.484725205499867,0.527779261634767,0.5,0.492,1
"COG4",0.484984715984741,0.689050568437467,0.196,0.159,1
"COX19",0.485137623032593,0.402430535888894,0.446,0.402,1
"SMARCAL1",0.48518585687106,0.259853454744041,0.179,0.136,1
"TLK1",0.485292665581789,0.369081626948082,0.589,0.712,1
"ABHD13",0.485357241614958,0.40488423887225,0.232,0.189,1
"C20orf27",0.485357241614958,0.527318342597825,0.232,0.189,1
"ATPSCKMT",0.485433464982537,0.736770302218216,0.125,0.091,1
"AC027097.1",0.485479010094558,-0.280683466430124,0.071,0.106,1
"PRDM2",0.485646053214601,0.459089590123025,0.393,0.402,1
"LDB1",0.485699498521912,-0.319517238216054,0.268,0.318,1
"ABCD3",0.486295881138106,0.485829322074324,0.143,0.189,1
"WDPCP",0.486331734116239,0.854650958322249,0.196,0.152,1
"GSTA4",0.486331734116239,0.25889866556293,0.196,0.152,1
"RAB27A",0.486331734116239,0.448717490734277,0.196,0.152,1
"NUFIP2",0.486433872747311,0.250847940104246,0.589,0.576,1
"HCFC1",0.486525578025872,0.253728006603907,0.357,0.318,1
"BCL9L",0.48663584847436,0.744004336897849,0.143,0.106,1
"DUSP22",0.486919792681514,-0.268872088107141,0.232,0.295,1
"OTUD6B",0.48735487481179,0.396936053689454,0.232,0.182,1
"RUFY3",0.487640737590987,0.444118140207914,0.321,0.288,1
"MLH3",0.488436296169703,0.345496978635865,0.214,0.174,1
"TTC9C",0.488476357650141,-0.328236293272305,0.179,0.22,1
"PHF3",0.488894126290095,0.255390097699951,0.696,0.705,1
"ANPEP",0.488945404706399,0.697924209228037,0.125,0.091,1
"AP1AR",0.489068016622814,0.652784072120865,0.196,0.167,1
"EIF4ENIF1",0.489155710371026,0.688198036515034,0.25,0.205,1
"NXF1",0.489456249803431,0.637421899559677,0.268,0.22,1
"CNOT10",0.489777333784193,0.323825426242131,0.375,0.326,1
"ZNF518B",0.490154799130774,-0.437702980609212,0.179,0.227,1
"KLC1",0.490269070123268,-0.284688142758581,0.357,0.409,1
"DPPA4",0.490639407521205,0.599891941194634,0.5,0.508,1
"TDRD3",0.490749575728662,0.709931755740121,0.286,0.25,1
"KLHL42",0.491149584144171,0.467741547329737,0.214,0.174,1
"IGF2BP2",0.491377849780382,0.535312864189381,0.429,0.394,1
"ZNF514",0.491554117938012,0.453225826023537,0.161,0.121,1
"PEAK1",0.491554117938012,0.440588408784696,0.161,0.121,1
"GUCY1B1",0.49195148276673,-0.323641467568594,0.196,0.242,1
"AC026979.2",0.49202940162013,-0.630856632069486,0.143,0.174,1
"LINC01184",0.492165252040899,-0.263943954387718,0.232,0.288,1
"INPP4A",0.492470987660918,0.567884070395488,0.125,0.091,1
"CAMK2D",0.492470987660918,0.896815415214146,0.125,0.091,1
"ZNF512B",0.492470987660918,0.49538414605665,0.125,0.091,1
"THAP7",0.492614819874291,-0.490922527305783,0.125,0.159,1
"AFF1",0.49274299120177,0.457908249942629,0.589,0.561,1
"AHCY",0.492802047301366,0.380604786271502,0.375,0.341,1
"MEAF6",0.4931282421156,0.394909677478323,0.696,0.742,1
"ABL2",0.493420396146319,0.979658766607026,0.196,0.159,1
"GUCD1",0.494550340863338,-0.45123765232874,0.179,0.212,1
"UHRF1BP1L",0.49468725995143,-0.298348712408219,0.107,0.144,1
"RRP36",0.494984278406191,-0.388941091751529,0.286,0.318,1
"ARHGAP30",0.495151555484723,0.333872951560513,0.339,0.303,1
"TOPBP1",0.495540283464886,0.409287813339762,0.214,0.28,1
"RPS6KA4",0.495691921620777,0.516431649617052,0.107,0.076,1
"AMDHD2",0.495691921620777,0.466255559232684,0.107,0.076,1
"AC124283.1",0.495691921620777,1.07365328221759,0.107,0.076,1
"CDK5RAP1",0.495871198831675,1.2225196198703,0.232,0.189,1
"ARHGAP27",0.496010155733445,0.975139882148464,0.125,0.091,1
"GHDC",0.496015259656989,0.87068358729988,0.214,0.182,1
"FASTKD3",0.496317805909952,0.304176740927665,0.071,0.106,1
"PLCB1",0.496388214942257,0.533218770083388,0.339,0.311,1
"LTBP3",0.496777615571222,0.441400996002309,0.321,0.288,1
"EML4",0.497042529901843,0.437197926343745,0.321,0.295,1
"NOP56",0.497287860793284,0.288008849866268,0.571,0.576,1
"FHIT",0.497529972632577,0.574420532531504,0.286,0.356,1
"PPIF",0.497762688469657,0.362830584926628,0.196,0.152,1
"MYOM2",0.497831045666178,-0.281746172027189,0.107,0.144,1
"PRKAG1",0.497926107120127,0.393243989670345,0.339,0.28,1
"MYNN",0.498518552759423,0.407101654093496,0.232,0.189,1
"EXOC7",0.498852287968026,0.272574506758475,0.286,0.394,1
"STT3A",0.499405617127578,-0.336965183799038,0.196,0.227,1
"RNF25",0.499530945203572,0.580764126255436,0.107,0.076,1
"MFSD5",0.499530945203572,0.618435018535563,0.107,0.076,1
"ZNF3",0.499847420577596,0.295452489080255,0.143,0.197,1
"C2orf49",0.500726854249608,0.427655794733855,0.321,0.273,1
"JADE1",0.501083493106325,0.501761855574507,0.232,0.318,1
"HMG20A",0.5011988963233,-0.332642994119596,0.214,0.265,1
"SHF",0.501224708755917,-0.697995464442733,0.089,0.121,1
"TM7SF2",0.501548307394635,-0.320996767579467,0.179,0.22,1
"MBOAT1",0.50193401794452,0.650485401448708,0.196,0.159,1
"SLC52A2",0.502046617209042,-0.353075101562248,0.196,0.242,1
"DHX57",0.502083220043993,0.693350104349607,0.214,0.174,1
"CDC40",0.502650950819915,0.305034618601772,0.536,0.545,1
"TMEM175",0.503129009390539,0.393196801374084,0.125,0.091,1
"HECTD3",0.503384876161845,0.33789739230443,0.107,0.076,1
"SETD5",0.5034661461354,0.490174966513914,0.375,0.348,1
"CARF",0.503556569633916,0.899762509876127,0.179,0.152,1
"GMDS-DT",0.503997492372054,0.540200822065594,0.268,0.235,1
"FBXL5",0.50400527641804,0.370221333806996,0.411,0.477,1
"KDM3B",0.504035759662052,0.550962183248675,0.304,0.258,1
"EXOC6",0.504186051912969,-0.371896249878279,0.304,0.348,1
"GLIPR2",0.505402440714862,0.392033287802839,0.357,0.303,1
"CEBPB",0.505402440714862,-0.534902772328787,0.286,0.333,1
"EXOSC1",0.505651358446191,0.382717135871867,0.357,0.356,1
"FAM207A",0.505651620434535,-0.257012149986687,0.321,0.371,1
"PRMT3",0.506245688686357,-0.938744768981475,0.107,0.136,1
"TMX3",0.506375482431024,-0.275647234911291,0.25,0.333,1
"UBE2D4",0.506708573362902,0.298643634370342,0.125,0.091,1
"FAM92A",0.506882660563572,0.573173292226547,0.214,0.182,1
"FAR1",0.507054860500064,0.410106719198635,0.304,0.25,1
"ZNF528",0.507256105415311,0.428075284543871,0.107,0.076,1
"PLCB4",0.507325845253235,-0.256186817206867,0.107,0.144,1
"SMIM19",0.507659250307456,-0.256004454271713,0.518,0.606,1
"POLE4",0.507842078733664,0.332628675396511,0.375,0.348,1
"NAMPT",0.508069719082735,0.278453058890438,0.321,0.28,1
"SKAP1",0.508070016969345,-0.472289058675146,0.089,0.121,1
"MFHAS1",0.508185612235325,0.789624047582637,0.143,0.114,1
"MGAT1",0.508586447580738,0.421680451297405,0.411,0.364,1
"TBC1D22A",0.508709063750922,0.311154975653435,0.143,0.189,1
"C11orf54",0.508799303088079,-0.326037246924338,0.286,0.341,1
"CTSO",0.509182679657533,0.525551942309492,0.232,0.189,1
"CPT2",0.509335105047368,-0.372485715313656,0.143,0.174,1
"PRPF31",0.509553466547957,0.267239218389052,0.446,0.439,1
"ARMCX6",0.509871642363154,-0.379871797900353,0.304,0.341,1
"WASHC2C",0.510037506686631,0.324200557366963,0.393,0.341,1
"MRPS9",0.511229910597473,-0.706601834501836,0.232,0.288,1
"CLASRP",0.511867260473138,0.476755861900606,0.232,0.189,1
"NFATC3",0.511963978054825,-0.394174203467478,0.143,0.182,1
"PLD4",0.512362703972426,0.642168512375609,0.214,0.182,1
"USP12",0.512520837243964,0.394595017167789,0.393,0.333,1
"ACOT7",0.512864982076253,0.591398371110732,0.161,0.129,1
"NFRKB",0.512864982076253,0.613892967728173,0.161,0.129,1
"CBX1",0.512879012794652,0.412994612268353,0.429,0.424,1
"COPRS",0.513456210939094,0.363593894137062,0.411,0.402,1
"EIPR1",0.51354211952503,-0.666777008008232,0.232,0.258,1
"LMO4",0.513611142953797,-0.690469693994417,0.5,0.47,1
"SAFB2",0.514112565557193,0.293599613067566,0.393,0.348,1
"NDEL1",0.514535395336783,0.355128682837062,0.214,0.174,1
"FTSJ3",0.514559208282781,0.359413178007392,0.232,0.189,1
"MBNL3",0.514559208282781,0.63376417097295,0.232,0.189,1
"ZFAND2B",0.514628957548723,0.452120971437014,0.321,0.424,1
"LRP12",0.514964056357163,-0.480000841896306,0.089,0.121,1
"TTLL7",0.515043559102145,0.415847250431694,0.107,0.076,1
"DALRD3",0.515383048164206,-0.349117004070836,0.304,0.348,1
"PFKP",0.515383048164206,-0.280049109053436,0.304,0.348,1
"TMEM216",0.515393865646696,-0.270048403270041,0.125,0.167,1
"ATAT1",0.515393865646696,0.580409673764176,0.179,0.144,1
"FGD5-AS1",0.515652286540823,0.560756049593392,0.5,0.47,1
"MYH9",0.516027503212463,0.537054127296629,0.661,0.712,1
"GSDMD",0.516029643263734,0.444075231768323,0.429,0.424,1
"MPDU1",0.516503489640505,0.617167308826767,0.286,0.273,1
"EIF2AK2",0.516742717303902,0.29752757261185,0.482,0.591,1
"STAM2",0.516791581652258,-0.438363029920214,0.125,0.159,1
"SLC25A45",0.516791581652258,-0.437626814533874,0.125,0.159,1
"ATF6",0.516791926995737,0.650472445979513,0.321,0.311,1
"DTNBP1",0.517852357890675,0.499733160104018,0.429,0.379,1
"TRMT2B",0.518057006571887,0.885412427059757,0.161,0.136,1
"UBAP1",0.518138140019796,0.907346394443119,0.143,0.114,1
"TVP23B",0.518429209972047,-0.264669053024395,0.089,0.121,1
"WDR11",0.518928816287192,0.263986674383017,0.429,0.379,1
"SS18",0.518929059157751,0.29453713175603,0.339,0.417,1
"ACADM",0.519428131552108,0.392539039360584,0.536,0.576,1
"TRIP6",0.519667628294719,-0.579346001165485,0.179,0.205,1
"CFH",0.519856327058974,-0.546117326078621,0.125,0.159,1
"TMEM189",0.520115380121902,0.734368947445531,0.196,0.167,1
"ALKBH2",0.520155644044076,0.349761528780738,0.232,0.197,1
"ZDHHC21",0.520419869763799,0.446680865997287,0.214,0.288,1
"SMARCE1",0.520872418358105,0.326483312158989,0.804,0.78,1
"RHOQ",0.52090487996884,0.685344121984862,0.286,0.265,1
"UFSP2",0.52090487996884,0.78846159583958,0.286,0.265,1
"NIN",0.520928549876068,0.480868284990546,0.411,0.402,1
"ZDHHC13",0.521434105134175,0.842702296436805,0.179,0.144,1
"SERPINB9",0.52151066064337,0.508705581369683,0.268,0.235,1
"MTF1",0.521699558911423,0.947761972742633,0.125,0.098,1
"CD200",0.521906376269159,-0.312912899174647,0.089,0.121,1
"RIC3",0.521906376269159,-0.260445019732849,0.089,0.121,1
"MNAT1",0.522090741490774,0.488784777212668,0.393,0.364,1
"MTR",0.522198814045876,0.276318439915006,0.339,0.402,1
"PHTF2",0.522307590156986,0.293517123328943,0.143,0.197,1
"SACM1L",0.522454935310229,0.32547575174299,0.357,0.311,1
"ZNF83",0.522454935310229,0.531624250462321,0.357,0.311,1
"RARA",0.522561127359868,0.506957451174642,0.25,0.22,1
"APOL1",0.522699725582474,0.903991894854245,0.107,0.083,1
"ZNF487",0.522842593874451,0.462153989613731,0.232,0.197,1
"CACYBP",0.522905251732139,0.268310055231541,0.607,0.659,1
"PNPLA4",0.522906825665893,0.777969840902383,0.232,0.205,1
"ZKSCAN1",0.523028814276733,0.260445954725166,0.625,0.568,1
"PDXP",0.523359368035384,0.402350160163282,0.161,0.121,1
"DHRS1",0.523414760897093,0.65424868990712,0.214,0.182,1
"QSOX2",0.52352850551771,0.392130656391216,0.143,0.106,1
"PRKAR2B",0.523950436880194,1.07725985930321,0.375,0.333,1
"PLEKHM2",0.524037531598946,-0.360201839684612,0.214,0.258,1
"TOLLIP",0.524330980215535,0.366311107326394,0.214,0.174,1
"KRT18",0.524804819148522,0.614134442478307,0.161,0.205,1
"HTR1F",0.52485463379934,0.387263288400322,0.268,0.22,1
"GATA1",0.525155389977602,-0.266600090848556,0.196,0.242,1
"ALDH16A1",0.525378809307486,-0.3354066464926,0.196,0.235,1
"ZNF226",0.525520258865317,0.600415482127554,0.179,0.235,1
"DNAJC16",0.525520258865317,-0.462042671072342,0.196,0.227,1
"KIZ",0.525536653630274,0.585193493349703,0.232,0.197,1
"DAZAP1",0.526953359784407,0.31044455948546,0.482,0.477,1
"CARM1",0.526954336658394,-0.479865477840877,0.143,0.174,1
"TRIM4",0.527036059214342,-0.255266754477707,0.214,0.25,1
"SMC5",0.527833607541418,0.365828099946193,0.429,0.53,1
"NUDCD1",0.528169618550301,-0.438401229955035,0.196,0.227,1
"BORCS6",0.528249523150929,-0.388363360151969,0.196,0.22,1
"PHAX",0.528699820559263,0.555677365376586,0.393,0.364,1
"SCRN1",0.528743312128478,0.578894680958926,0.357,0.333,1
"ZMYM6",0.528985911263429,0.550218556634607,0.214,0.182,1
"RPP14",0.529144912399044,-0.515480519666836,0.107,0.136,1
"STN1",0.529331058429601,0.266655119062779,0.321,0.28,1
"KANSL1L",0.529495387593811,1.23347384992106,0.214,0.197,1
"TARBP1",0.530474308903738,0.677049399224763,0.464,0.432,1
"TUSC1",0.530562283571648,0.261597463759072,0.179,0.144,1
"TNIK",0.530825766404056,0.298776242793058,0.179,0.235,1
"GGPS1",0.530945993052614,-0.316854395369817,0.179,0.22,1
"CBLB",0.531310943374512,0.738748074211147,0.25,0.227,1
"ARRB1",0.531488372051423,0.719537481894001,0.268,0.265,1
"CPNE8",0.531652148594989,0.639697095024991,0.196,0.167,1
"TMOD3",0.53177029329638,0.307841053701618,0.679,0.667,1
"WRAP53",0.531916965496803,0.677462620730929,0.161,0.129,1
"IDS",0.532171283758657,-0.362189161491207,0.696,0.689,1
"CDC123",0.532417701221169,0.410571503987757,0.518,0.523,1
"GCNT2",0.532431327767017,-0.482263652356287,0.089,0.114,1
"ZNF525",0.532458726456286,-0.446150557529431,0.107,0.136,1
"ZNF805",0.533102788804227,0.293751930087189,0.161,0.121,1
"SPIN2B",0.533272920317935,-0.312680715418857,0.196,0.235,1
"ZBTB38",0.533488675997848,0.332639481852651,0.25,0.205,1
"CCDC174",0.53362295283791,0.633718411678235,0.375,0.364,1
"MUS81",0.534556473566755,0.551534024011398,0.196,0.167,1
"PAFAH1B1",0.534790398658768,0.446475671027041,0.607,0.614,1
"PAX8-AS1",0.53488275462898,0.298100961444951,0.268,0.242,1
"C12orf45",0.535645716278665,0.485253024259055,0.393,0.402,1
"TSGA10",0.535783013551172,-0.416371381505968,0.107,0.136,1
"IL17RA",0.535933983691795,-0.601867335800724,0.089,0.121,1
"TTF2",0.536152212495431,-0.277416062842672,0.214,0.265,1
"FBXO22",0.536174489528537,0.290289370552441,0.25,0.295,1
"FAF1",0.536625565768223,0.743303242949454,0.321,0.303,1
"TMEM18",0.537070074422812,0.465924214865802,0.518,0.568,1
"PSMC4",0.537274092780722,0.490733830314909,0.393,0.492,1
"WDFY1",0.538224835757443,-0.390449932741892,0.196,0.242,1
"B3GNT5",0.538346378565147,0.766151680691166,0.161,0.129,1
"CIAPIN1",0.53892372063081,-0.349870887262947,0.268,0.303,1
"TRAPPC2L",0.538963102211135,-0.298862494977376,0.446,0.439,1
"NRGN",0.539112631721173,0.284070834072394,0.179,0.22,1
"SBNO1-AS1",0.539486772651319,0.253888786609942,0.143,0.197,1
"IPO11",0.539594633155398,0.318461227579854,0.304,0.265,1
"BICRAL",0.539959802269774,0.798385894987623,0.107,0.152,1
"UBA1",0.540256917228038,0.307691697048974,0.411,0.379,1
"IDH1",0.540760017923006,0.316461980807183,0.143,0.106,1
"CCPG1",0.541307580333307,0.408466539770133,0.375,0.326,1
"ACSL3",0.541342207361853,0.429770994464598,0.161,0.197,1
"STRIP1",0.541746529669715,0.718092167189067,0.143,0.114,1
"PTPN2",0.541773096119482,0.373631892878167,0.571,0.644,1
"AP3D1",0.541902336258977,0.744141145954241,0.268,0.235,1
"TADA2A",0.54246279774138,-0.34688475899037,0.107,0.136,1
"RANBP9",0.542545392379796,0.295978367913518,0.339,0.295,1
"NOP58",0.542841481977446,-0.266970023993226,0.482,0.591,1
"CMTR2",0.542858112232515,0.364236011908435,0.179,0.144,1
"ZNF598",0.543018298720616,-0.374219914002663,0.089,0.121,1
"KLHDC8B",0.543254360432469,-0.389298302785692,0.125,0.152,1
"TIMM50",0.543317213706814,-0.529248169287203,0.161,0.182,1
"GOSR2",0.543497936632097,-0.290068344880009,0.196,0.242,1
"WDR43",0.543633898626811,0.372467725037518,0.482,0.47,1
"THUMPD3",0.543925141449104,0.306583333382779,0.232,0.28,1
"SAMD8",0.544240029839834,0.46841439956786,0.143,0.106,1
"RALGAPA1",0.544478989406944,0.759471054861533,0.268,0.235,1
"NEPRO",0.544591809699376,0.566697643922673,0.232,0.197,1
"WWOX",0.544607945866411,0.862565385006754,0.214,0.189,1
"METRN",0.54516246264255,0.738119819062031,0.143,0.114,1
"UPK3BL1",0.545176733491709,0.597003338680691,0.286,0.258,1
"TCEANC2",0.545640991953573,0.546936330087006,0.196,0.159,1
"SH2B3",0.545640991953573,1.07099700152535,0.196,0.159,1
"TMEM14B",0.545805538772034,0.289651974123643,0.804,0.826,1
"PIP5K1B",0.545818188540649,0.39893026280699,0.107,0.136,1
"DNMBP",0.545948345299413,0.985726689240627,0.107,0.083,1
"FKRP",0.545948345299413,1.02178420245323,0.107,0.083,1
"ZNF175",0.545948345299413,0.768939705190668,0.107,0.083,1
"METAP2",0.546032189765733,0.267635159969132,0.732,0.811,1
"KLF2",0.546198202207744,-0.359578721383247,0.375,0.424,1
"ATP6V0A1",0.546561703457474,-0.290172937930328,0.196,0.235,1
"PTPN7",0.546689972631883,-0.332460537977067,0.321,0.356,1
"NT5M",0.546742553076375,0.261172319948925,0.304,0.258,1
"LTV1",0.547323483553975,0.364708647087896,0.411,0.386,1
"TINF2",0.547407152003479,0.594214543677078,0.339,0.333,1
"PELP1",0.54742671928704,-0.299166311360561,0.179,0.212,1
"C12orf73",0.548045419389109,-0.583854667344804,0.125,0.152,1
"MCCC1",0.548283716397589,-0.269499818329904,0.196,0.25,1
"RNF111",0.548620535048072,0.303577113747145,0.196,0.159,1
"ZNF644",0.548645171346049,0.404492035838814,0.5,0.629,1
"CYB561D2",0.549008829870405,-0.31370820507709,0.214,0.25,1
"NIPSNAP2",0.549414985559229,0.334910698973401,0.518,0.5,1
"FAM8A1",0.549606613614528,0.675680586781612,0.232,0.212,1
"UMAD1",0.549647715068586,0.841771318241659,0.161,0.136,1
"CTU2",0.549872377677493,0.947559841465707,0.107,0.083,1
"GART",0.54990582476199,0.39607350030586,0.375,0.371,1
"RAB22A",0.550485137530214,0.351281807730826,0.232,0.288,1
"NDUFAF2",0.550552806967061,-0.305058247382411,0.286,0.333,1
"ATP8B2",0.550562571068021,0.712314286057143,0.125,0.098,1
"SPINDOC",0.550562571068021,0.736030950603095,0.125,0.098,1
"CDCA7",0.551499130386345,0.641959565201465,0.268,0.242,1
"ZBTB4",0.551608089046493,0.664666635154071,0.196,0.159,1
"DBP",0.551608089046493,0.371768142948122,0.196,0.159,1
"MLLT1",0.552026246031833,0.778665846552707,0.143,0.114,1
"AKAP1",0.552559696608223,-0.470224333465945,0.107,0.136,1
"DYNLT1",0.553472142429172,0.366250469505496,0.679,0.773,1
"BIN2",0.554171882275951,0.292903940443316,0.661,0.629,1
"ALDH7A1",0.554224954498935,0.478511150224351,0.125,0.098,1
"BTN3A3",0.554224954498935,0.818946222721753,0.125,0.098,1
"ITGAE",0.554319932950497,0.317335866400759,0.536,0.538,1
"CDK5RAP3",0.554395972010624,0.416491006819883,0.304,0.348,1
"PIK3C3",0.554921804249719,-0.416683645141149,0.25,0.265,1
"USP24",0.555494390032033,-0.455554776919166,0.25,0.28,1
"FBXW9",0.555682533863226,-0.250837061215385,0.286,0.318,1
"RAB7A",0.555838511799338,0.270225218311636,0.643,0.583,1
"HSD11B1L",0.55776189577185,0.82941125440264,0.107,0.083,1
"C19orf12",0.557865590267781,0.470723560493232,0.161,0.129,1
"LYN",0.558267814151407,0.25710212780096,0.768,0.697,1
"ZNF439",0.559443086133681,0.329318137787485,0.357,0.318,1
"SPPL2A",0.559500141409852,0.637091371750865,0.179,0.227,1
"SLA",0.559768548320267,-0.26923135275067,0.304,0.333,1
"KPNA3",0.559768548320267,0.395960524712041,0.339,0.318,1
"PAG1",0.560044945683724,-0.475972922392853,0.143,0.174,1
"ATP6V1D",0.560525799788137,-0.433742583072877,0.25,0.28,1
"F2R",0.560716489440394,0.457507956943824,0.393,0.356,1
"MT-ND6",0.560820969921528,0.405053961368964,0.304,0.288,1
"IFI16",0.560824924160213,0.428674542484391,0.643,0.667,1
"AHI1",0.56087894991158,0.910825331935872,0.232,0.205,1
"NFKBIB",0.561193544725392,-0.399388826672169,0.179,0.22,1
"PURB",0.561613718162238,0.36455480217097,0.429,0.402,1
"TESK2",0.561727203659617,0.939518505039816,0.107,0.083,1
"HEMK1",0.562400835451322,0.718057690436626,0.143,0.114,1
"INAFM1",0.562400835451322,0.636428999285261,0.143,0.114,1
"PRRC2C",0.562656154170213,0.366101631014361,0.75,0.795,1
"IMPDH1",0.563102409180493,0.33697008092807,0.196,0.152,1
"AAAS",0.563102409180493,-0.412703403341097,0.143,0.174,1
"DHX16",0.563102409180493,0.801841129326735,0.179,0.159,1
"MPND",0.563102409180493,0.627715899684212,0.179,0.159,1
"VGLL4",0.563637170123665,0.549421932388729,0.339,0.311,1
"CEP89",0.563725091026276,-0.292407205429443,0.125,0.159,1
"DIS3L",0.564032935045804,1.05780258403971,0.196,0.167,1
"TCF7L2",0.564408682598836,0.522921522388758,0.161,0.212,1
"PCED1B-AS1",0.564447662623736,0.947103320750628,0.161,0.129,1
"KLHL15",0.564447662623736,0.344428179653083,0.161,0.129,1
"TAF15",0.564514095264364,0.320830499524458,0.607,0.606,1
"OGFRL1",0.564543702118428,0.520582187657958,0.304,0.28,1
"TTC21B",0.564844047139793,0.409850099700465,0.196,0.242,1
"BAALC-AS2",0.565283103877417,0.614246779714664,0.125,0.098,1
"STAT5B",0.565296012022743,0.33357878721895,0.375,0.364,1
"SLC39A7",0.565654139820202,-0.262428983955649,0.179,0.212,1
"RANGAP1",0.565791557457597,-0.413259127629089,0.125,0.152,1
"PDHX",0.56641057395346,1.01145878619066,0.232,0.205,1
"RNF169",0.566541540187205,0.276380647380604,0.357,0.318,1
"GLRX",0.566570343263285,-0.320529096811158,0.464,0.508,1
"ZBTB33",0.566781372587567,0.437478418460211,0.232,0.197,1
"LINC01278",0.567077191671083,0.531640866259596,0.179,0.152,1
"ACSS1",0.567758596003267,0.464991518150165,0.321,0.303,1
"C8orf76",0.569186165821519,0.550027804954609,0.232,0.205,1
"BTBD3",0.569186165821519,0.427096473615411,0.232,0.205,1
"E2F5",0.56924137959979,-0.479881360275404,0.143,0.174,1
"LAT",0.569698463086432,0.823912691314836,0.107,0.083,1
"ZNF700",0.569698463086432,0.708774765743035,0.107,0.083,1
"C1QTNF4",0.570215704007613,-0.985697228930429,0.161,0.189,1
"RNF19A",0.570830258584641,0.286506360891214,0.411,0.53,1
"CLN5",0.571313699353848,0.365248816223995,0.446,0.432,1
"COQ8B",0.571320538592562,-0.287679020743459,0.179,0.212,1
"PHACTR2",0.571688300050719,0.948724608138832,0.321,0.326,1
"ZNF627",0.572312249155382,-0.257676023836597,0.125,0.152,1
"PTS",0.572312249155382,0.862763479483235,0.161,0.136,1
"TBC1D31",0.572713637612854,-0.349372386862694,0.089,0.114,1
"SDHAF4",0.57274198650268,0.370978633790301,0.196,0.159,1
"FCMR",0.573217483893047,0.502924898731457,0.268,0.235,1
"TMEM209",0.573321311747063,0.704769330189309,0.179,0.152,1
"ERAP1",0.573562192386927,0.783074170297575,0.25,0.227,1
"ETFRF1",0.573647515067014,0.377942045514935,0.464,0.447,1
"RAD18",0.57370422925163,0.57464975024477,0.107,0.083,1
"UBE3D",0.57370422925163,1.17659051470952,0.107,0.083,1
"GPR180",0.57370422925163,1.31745879478845,0.107,0.083,1
"KATNA1",0.574224874842176,-0.281552654762867,0.196,0.227,1
"CRISPLD1",0.574390293224815,-0.642737333191694,0.125,0.144,1
"PLPP5",0.57460721434282,0.738157178243368,0.339,0.348,1
"CISD3",0.574991233639716,0.40345562811124,0.25,0.212,1
"ZNF506",0.575129848765186,0.924104694683098,0.357,0.333,1
"GPATCH11",0.575223236722608,-0.315232949407552,0.339,0.356,1
"FBXO42",0.575412124831942,0.859976979685061,0.179,0.159,1
"CDK16",0.575463467744035,0.303147990549752,0.089,0.121,1
"QPRT",0.575756694971244,0.754256729196256,0.304,0.28,1
"PTAR1",0.575782784576858,0.325632394262614,0.446,0.439,1
"PHF7",0.575808741514832,0.34377438484392,0.25,0.295,1
"FER",0.576162073953993,-0.529041747621177,0.161,0.189,1
"TOX4",0.576345669938645,0.63911660102315,0.5,0.485,1
"ZNF8",0.576446210289997,0.586473635509129,0.125,0.098,1
"ZNF570",0.576446210289997,-0.34948092266667,0.089,0.114,1
"TPP1",0.57691273627022,0.417713552145849,0.429,0.47,1
"PITPNC1",0.57701345497837,0.487143945303348,0.214,0.197,1
"WDR83",0.57738685117164,0.551988452864106,0.125,0.167,1
"TMEM185B",0.57738685117164,0.355743379662509,0.179,0.144,1
"REEP3",0.577722352510753,0.481922596368436,0.161,0.129,1
"SWT1",0.577723294058094,0.635276256358925,0.107,0.083,1
"IQCN",0.577723294058094,1.13275777893409,0.107,0.083,1
"SPI1",0.57909798047639,0.578313784484464,0.393,0.485,1
"RINT1",0.579124273392316,0.95660316036958,0.125,0.106,1
"ASXL2",0.579597847944744,0.499387673141489,0.179,0.152,1
"UROD",0.579729748971591,0.389552144037115,0.464,0.492,1
"SETX",0.580345541135714,0.482481920165529,0.518,0.523,1
"FAM98C",0.580576412713716,0.302054630309723,0.179,0.144,1
"TBCK",0.581651893400045,0.670980476202068,0.214,0.189,1
"RDH5",0.581755561711319,0.895968466359963,0.107,0.083,1
"CEBPA",0.581755561711319,0.858728921777625,0.107,0.083,1
"RTL10",0.581755561711319,0.755840160247793,0.107,0.083,1
"CLCN7",0.582159687556433,1.17588453533356,0.161,0.136,1
"ZNF273",0.582748158293918,0.574772795595997,0.179,0.152,1
"PEX14",0.582795976904925,0.318761180643977,0.089,0.121,1
"TNFSF12",0.582795976904925,0.99378289206528,0.125,0.106,1
"NCOA6",0.583160660623155,0.413412075165347,0.232,0.205,1
"CCDC18-AS1",0.583526976225679,0.294571843791499,0.625,0.705,1
"SYNRG",0.583558318981558,0.324069472449035,0.411,0.394,1
"SIRT6",0.583945583922049,0.67584534589112,0.125,0.098,1
"WDR6",0.584060612640168,0.451945558873973,0.357,0.341,1
"POMC",0.584415063893836,0.496669596826792,0.161,0.129,1
"AC004865.2",0.584727062066698,-0.265065477648357,0.143,0.174,1
"AP006621.3",0.585121715541936,-0.46888951150127,0.161,0.182,1
"ZNF37A",0.585577950889748,0.6265146209588,0.375,0.402,1
"LINC01410",0.585800935184201,0.573923832947481,0.107,0.083,1
"RNF170",0.586002504377524,0.27116697150639,0.25,0.212,1
"NAALADL1",0.586546032193333,-0.28243300719814,0.179,0.22,1
"KIAA0355",0.586546032193333,0.435848867789372,0.232,0.197,1
"ACAD9",0.586867008293851,0.993391564111315,0.143,0.121,1
"SPINT1",0.587712228777645,-0.345022985889989,0.089,0.114,1
"ST6GAL1",0.588141810212199,-0.306114249976088,0.161,0.189,1
"HELLS",0.588141810212199,0.746181524357257,0.196,0.174,1
"YIPF6",0.588164057853449,0.42555961062051,0.196,0.167,1
"NUP153",0.588586173445688,0.254760076443534,0.286,0.265,1
"SLC25A20",0.588767851753958,0.582732110723485,0.161,0.136,1
"TMEM150A",0.588768304185435,-0.369902259405976,0.125,0.152,1
"GDF11",0.588770532470508,0.302494282066254,0.25,0.212,1
"DGKE",0.588794576954888,-0.416056097993017,0.196,0.22,1
"NTMT1",0.588794905523343,-0.535985647220898,0.196,0.22,1
"ENTPD4",0.58890783909925,0.337529499033406,0.214,0.189,1
"SFXN1",0.589190461696137,0.670783668570774,0.268,0.235,1
"FRAT2",0.58945507827736,0.593945958944287,0.268,0.242,1
"CUL4B",0.589653293348316,0.399128185778389,0.268,0.25,1
"TESK1",0.589859316223124,0.591910621263499,0.107,0.083,1
"PPP1R12C",0.590171783402505,0.261005836637842,0.089,0.121,1
"CENPK",0.590194271998669,0.509749790579486,0.125,0.167,1
"KLHL7",0.590194271998669,0.358566100037748,0.179,0.144,1
"AGO2",0.590246617571155,0.304897295321576,0.268,0.341,1
"ASAP1",0.590785418153954,0.310339037051576,0.268,0.242,1
"CSNK1G1",0.590921558017498,0.381899622951618,0.232,0.212,1
"EPS8L2",0.591490073401664,0.457630908912588,0.125,0.098,1
"ADGRD1",0.591997759225077,-0.289319394298616,0.107,0.076,1
"KMT2A",0.592428198958512,0.520559200857709,0.571,0.621,1
"TM9SF4",0.593282485802914,0.468105403027662,0.214,0.189,1
"ZC3H7B",0.593422951505257,0.454190436930315,0.107,0.144,1
"CASP10",0.593691096041557,0.44357928178938,0.286,0.273,1
"MPPE1",0.593722958509401,0.515948193811959,0.268,0.258,1
"ELOVL6",0.593845103811917,1.17989764237861,0.143,0.121,1
"ZNF333",0.593875737234059,1.15099570609805,0.125,0.106,1
"TRIO",0.594077321097672,0.315457930235682,0.143,0.114,1
"ANKRD36B",0.594174539345144,-0.33382837096056,0.161,0.189,1
"TMTC4",0.594174539345144,0.72719867872997,0.196,0.174,1
"F11R",0.594560054674116,0.513053927728697,0.268,0.235,1
"GMEB1",0.59505260773283,0.543071480362736,0.286,0.265,1
"SDCCAG8",0.595115706953835,0.576514945707475,0.518,0.462,1
"CCND2",0.595131699836722,0.35235076022641,0.643,0.705,1
"NELFCD",0.595473271703408,0.426578525727347,0.411,0.417,1
"TSPYL1",0.595725908479457,0.293071951201237,0.643,0.629,1
"PSPC1",0.595978142188439,0.578874928879642,0.339,0.348,1
"TCEAL3",0.596221836660478,-0.408306582878186,0.357,0.386,1
"CYB5D2",0.59725490444917,-0.259389533596504,0.143,0.174,1
"TTI2",0.597646719460088,0.284279154007559,0.143,0.114,1
"TANC2",0.597646719460088,0.506919395651707,0.143,0.114,1
"PSMC1",0.59795465660497,0.291622765659787,0.661,0.644,1
"IRAK1",0.598008212541781,0.565763344606609,0.25,0.227,1
"METTL8",0.59811147330491,0.681069234981453,0.214,0.182,1
"RIMKLB",0.598493360948505,0.552805489256978,0.286,0.288,1
"ZNF793",0.598618266248959,0.913797880312472,0.179,0.152,1
"CLIP4",0.598745643584784,1.31817350369872,0.161,0.136,1
"TPRA1",0.599079039727817,0.331320375294736,0.125,0.098,1
"CTDSP1",0.599903525487672,0.491274376809856,0.411,0.409,1
"ZNF677",0.600138131199635,0.415324023626201,0.232,0.205,1
"AL096865.1",0.602074714287038,0.844417798050678,0.214,0.189,1
"ABO",0.602074714287038,0.715173246022561,0.214,0.189,1
"AL451085.2",0.602111503935524,1.07397005579577,0.107,0.083,1
"SMARCA1",0.602111503935524,0.574478767800914,0.107,0.083,1
"CDCA4",0.603377220302348,0.887417015070877,0.107,0.091,1
"GTF2F2",0.6040902531536,0.286324600000448,0.464,0.477,1
"ZBTB37",0.604101461275255,0.757227689114033,0.232,0.22,1
"FAM3A",0.604161169778779,0.295680789126995,0.214,0.265,1
"SLC5A3",0.604248350267152,0.347074949801942,0.286,0.242,1
"DUSP3",0.605020743663393,0.611095098725909,0.179,0.152,1
"CCNL2",0.606413912210633,0.573798432103896,0.304,0.273,1
"TIGD1",0.606730127406789,-0.354681441848004,0.143,0.174,1
"DUS4L",0.606730127406789,0.716692504083461,0.179,0.159,1
"ATG5",0.60674859709903,0.568087940711609,0.339,0.303,1
"RNF145",0.60674859709903,0.610220473544017,0.321,0.311,1
"AL627171.2",0.606908053099272,-0.342639846248227,0.196,0.235,1
"CXXC1",0.60692703842508,0.483653225755923,0.286,0.25,1
"ETFA",0.607609734128604,0.32939599619661,0.536,0.568,1
"PANK3",0.608005292994324,0.266990654233088,0.375,0.333,1
"C4orf33",0.608233451682604,0.736751264875687,0.179,0.152,1
"TRMT6",0.608709868630809,0.587051799859639,0.232,0.205,1
"ANKRD36",0.608794612644988,0.442027843556224,0.179,0.212,1
"ASTE1",0.608796777590696,0.600634294810182,0.089,0.121,1
"LRRC27",0.608796777590696,0.274857708124802,0.089,0.121,1
"MZT1",0.609377266399336,0.254341543679627,0.393,0.379,1
"CHIC2",0.609673526094759,0.278991289769873,0.304,0.394,1
"CEP290",0.610012640756212,0.563499749504991,0.304,0.28,1
"HIST1H3B",0.610342810983287,0.455380423287421,0.107,0.083,1
"HMGA1P4",0.610342810983287,0.508140234870175,0.107,0.083,1
"MED24",0.610679096753749,0.372733182429843,0.232,0.212,1
"SCNM1",0.610778044092202,0.373726050124932,0.393,0.386,1
"RNF114",0.610920110640524,0.631687252932584,0.446,0.477,1
"MIR4435-2HG",0.610936055150336,0.706582743053685,0.268,0.25,1
"THUMPD2",0.61149783412263,0.634972464494993,0.25,0.22,1
"AZI2",0.611824602284788,0.666580938638503,0.286,0.273,1
"ALDH9A1",0.612157187452264,-0.340631311231875,0.25,0.273,1
"GPR171",0.612166684096652,-0.424878465622898,0.125,0.152,1
"ATL3",0.61270902972705,0.49567649205224,0.321,0.295,1
"ZMPSTE24",0.612761673517607,0.455296333459162,0.196,0.167,1
"SKP2",0.613084018019885,0.468940789568684,0.179,0.159,1
"METTL14",0.613188072862743,0.302281697435614,0.232,0.189,1
"SPRY1",0.613525318175809,-0.585465627935964,0.25,0.205,1
"SPATA6",0.613525318175809,0.620543694085363,0.232,0.212,1
"MLF1",0.614387774723799,0.25452788580007,0.125,0.098,1
"MAP7D1",0.614506993119223,0.344492822668106,0.357,0.348,1
"NEK3",0.614681556853657,0.442566338785249,0.179,0.152,1
"SLC44A2",0.614681556853657,0.661249739071744,0.179,0.152,1
"RPAP3",0.614911914147511,0.527796917835823,0.286,0.25,1
"WDYHV1",0.61500363651309,0.399922294804772,0.107,0.136,1
"MAP2K6",0.61500363651309,0.375668500832884,0.143,0.121,1
"RFC2",0.615163616874056,0.377583200225239,0.304,0.28,1
"STRN4",0.615542624667424,0.501492892927895,0.161,0.136,1
"ACACA",0.616271941542193,-0.36502106948398,0.143,0.174,1
"PGM2",0.616309499735746,-0.270433313469738,0.232,0.265,1
"FAM193B",0.616319339597938,1.01359672622387,0.125,0.106,1
"ADD3",0.617066095562346,0.287874807152305,0.464,0.439,1
"AIMP2",0.617335686263429,-0.26704404478696,0.196,0.22,1
"PACSIN2",0.617342667839438,0.32696923253157,0.25,0.227,1
"QRICH1",0.617656094807796,0.262020639328524,0.286,0.242,1
"TTLL1",0.617696331924337,0.519329441413408,0.107,0.144,1
"MTHFR",0.617805280141887,0.45019933528203,0.232,0.212,1
"BRAP",0.617916852894773,0.429238972919858,0.179,0.152,1
"TPD52",0.618233800287233,-0.571295069024105,0.196,0.212,1
"APPBP2",0.618583488321433,0.329499658884846,0.196,0.174,1
"ATG2A",0.618623687462852,0.504002821937086,0.107,0.083,1
"SBDS",0.619101682075475,0.26983973161584,0.554,0.53,1
"SPON2",0.619478743548661,0.271295487647761,0.179,0.144,1
"PPIL2",0.61983290251644,0.442305553080479,0.214,0.189,1
"LINC00467",0.620095852073238,0.353451062805382,0.089,0.121,1
"CD109",0.620167055049517,0.530578769376384,0.375,0.394,1
"PRPSAP2",0.62027922357711,0.294795203064175,0.268,0.227,1
"CZIB",0.620562709473923,0.271416379394904,0.464,0.432,1
"AL022311.1",0.621159576440778,-0.417130133375022,0.143,0.167,1
"CBX4",0.622101541875376,0.282204785643613,0.196,0.167,1
"TBC1D2B",0.62210619366175,0.276336739975114,0.125,0.098,1
"LRFN4",0.62210619366175,0.395847860267642,0.089,0.114,1
"TMEM97",0.622669500256534,0.907449014045904,0.179,0.159,1
"HSD17B8",0.622718427697341,0.312182154641439,0.196,0.242,1
"RTL8A",0.622776848266604,0.353053904124311,0.286,0.258,1
"MIR762HG",0.622783321053231,0.349043502940872,0.179,0.152,1
"PEX3",0.625228503127693,0.497295804539417,0.196,0.167,1
"EPRS",0.625473954626043,0.318196345525124,0.607,0.629,1
"PRMT7",0.625705770830232,0.371525571968816,0.107,0.136,1
"LIPE-AS1",0.625705770830232,0.677265774697353,0.143,0.121,1
"FASTKD5",0.625705770830232,0.489690253310363,0.143,0.121,1
"TTN-AS1",0.625879036314805,1.32538504717678,0.179,0.159,1
"AARS",0.62654573519062,0.572300629639772,0.143,0.114,1
"ZNF649",0.626953275483804,0.38697615914858,0.107,0.083,1
"BCAT1",0.627250143634468,0.431513636989296,0.393,0.386,1
"PMM2",0.627848470617944,0.580869486589603,0.196,0.174,1
"FBXO3",0.627965241939607,0.637239358016561,0.321,0.295,1
"EP400",0.628076040834392,0.253789197447364,0.214,0.182,1
"RNPEP",0.628362223268573,0.34167779344721,0.196,0.167,1
"TOB1",0.628512380942753,0.663836498269983,0.25,0.227,1
"FBXL15",0.628564842670201,0.400114915494373,0.393,0.394,1
"VARS",0.628796750852642,0.419049882093904,0.214,0.189,1
"GFER",0.628919223327291,-0.511975529522549,0.196,0.22,1
"HSD17B10",0.628933224554699,0.502677444959067,0.518,0.545,1
"AC005670.3",0.629078849149692,0.299058473382747,0.357,0.348,1
"ZSCAN32",0.629290898348563,0.540272776405224,0.143,0.121,1
"SHC1",0.629379204440318,0.343410587622979,0.179,0.144,1
"SUPT3H",0.629939081618594,0.350691628205977,0.179,0.22,1
"PHF20L1",0.630371218098414,0.80200447175882,0.482,0.485,1
"POLB",0.630519702100683,0.474540366947633,0.286,0.265,1
"LY6E",0.63064136486435,0.30458459874594,0.411,0.508,1
"IDI1",0.631127018703509,0.271975304422067,0.536,0.538,1
"TMEM263",0.632469140887125,0.285192933606279,0.339,0.311,1
"CWC15",0.632493185689214,0.251364484213566,0.714,0.667,1
"KRT8",0.632543498272276,0.647499737477602,0.161,0.136,1
"AC058791.1",0.63269073436402,0.876945461390463,0.161,0.144,1
"TMEM161A",0.63269073436402,0.592561283186489,0.161,0.144,1
"FBXL12",0.633610329667615,0.310156675894671,0.232,0.212,1
"MYBBP1A",0.63376193400982,0.426052796670318,0.125,0.098,1
"DUSP18",0.63376193400982,0.292212151398162,0.125,0.098,1
"TRPV2",0.634055337036716,0.583378305745315,0.214,0.265,1
"PGAM1",0.634615585959341,0.356696701564782,0.411,0.424,1
"FAM153CP",0.635536831433082,0.306943999450826,0.25,0.227,1
"CITED4",0.636062687911966,0.27411648308525,0.125,0.159,1
"TCHP",0.636458184991893,0.575412315055737,0.196,0.182,1
"SIL1",0.636944479211117,0.35109832110993,0.339,0.303,1
"CNOT6",0.636946025206554,0.604146640860902,0.25,0.227,1
"SRCAP",0.637482784374111,0.316811349623244,0.179,0.152,1
"TIPARP-AS1",0.637535736920679,-0.389742918263338,0.107,0.129,1
"STX17",0.637647463822638,0.318890910439299,0.304,0.371,1
"AP4S1",0.637803467661241,0.630812833619177,0.196,0.167,1
"DPYD",0.637815652820744,0.805550817107027,0.214,0.189,1
"RABEP1",0.638146611094952,0.54045852060409,0.411,0.417,1
"ACADS",0.63834383253201,0.893801980864368,0.214,0.197,1
"CFL2",0.63834383253201,0.540365976345951,0.214,0.197,1
"LANCL2",0.638787716410412,0.812906487102781,0.179,0.159,1
"NRDE2",0.639398725946834,0.26832529075465,0.304,0.356,1
"AC147067.1",0.639399278162655,0.570649269063494,0.161,0.136,1
"DNAJC24",0.639399278162655,0.707902861246221,0.161,0.136,1
"GPR174",0.639399278162655,0.486011462421542,0.161,0.136,1
"ILRUN",0.639757278897737,0.291652299584652,0.214,0.25,1
"EXOC3-AS1",0.639868912624494,1.03446189261042,0.107,0.091,1
"LAT2",0.640482719527308,0.321686556134637,0.625,0.583,1
"TOP1",0.64060915797804,0.365141116133881,0.607,0.576,1
"HMGXB4",0.640801707850149,0.941862727705445,0.304,0.303,1
"UBL3",0.641047780340587,0.875441629151993,0.339,0.326,1
"SNRK",0.642134317481113,0.541553027316735,0.304,0.265,1
"EEF1AKNMT",0.642962982113598,0.716521522267177,0.125,0.106,1
"MAPK8",0.643382107323712,0.297672344816341,0.268,0.318,1
"TRAF3IP1",0.643420674848048,0.531984232025701,0.196,0.174,1
"OTUD1",0.643717838576247,1.26396732527214,0.143,0.121,1
"TANGO2",0.643718283928592,0.673788783640266,0.143,0.121,1
"OTUD4",0.643828636183834,0.410664887852222,0.304,0.28,1
"DHODH",0.64389587295478,-0.543813788907476,0.089,0.106,1
"TAF6L",0.644907129247847,-0.318378034472258,0.107,0.129,1
"MANEA",0.645509264083214,0.277993199373225,0.089,0.114,1
"ZNF394",0.645819770659358,0.29748372299149,0.446,0.439,1
"ORMDL2",0.646133532590277,0.421633497826522,0.286,0.273,1
"NUTM2B-AS1",0.646277653165132,0.377878977635641,0.571,0.652,1
"PDLIM2",0.646461643965409,0.347829793139444,0.304,0.28,1
"NIFK",0.646731668429903,0.327644264836681,0.554,0.561,1
"ADAL",0.647346491353386,0.264281641052112,0.107,0.136,1
"RRAGC",0.64784759226688,0.266330764185328,0.268,0.242,1
"HIST1H2BF",0.648264024299853,0.283671818176463,0.196,0.25,1
"C5orf15",0.648264293258549,0.28542496747494,0.25,0.227,1
"TULP4",0.648264293258549,0.407617181936489,0.25,0.227,1
"SESN3",0.648765636907045,0.276338593096726,0.411,0.409,1
"CCP110",0.649257876240221,0.456675754504168,0.286,0.265,1
"LDOC1",0.649444968142248,0.292305445706595,0.089,0.114,1
"EIF1B-AS1",0.649526006224881,1.27502919881872,0.143,0.129,1
"YPEL1",0.650329861736385,0.945128362059714,0.214,0.197,1
"PLEKHA8",0.650983097923324,0.639713146401201,0.143,0.121,1
"BRD7",0.651031719338778,0.315618983395783,0.679,0.727,1
"CASP8AP2",0.651106738901063,0.525509786856392,0.25,0.227,1
"AC097376.3",0.651151464457559,0.435097617728742,0.25,0.22,1
"IFT52",0.651481514787213,0.547984598500406,0.286,0.273,1
"ADH5",0.652370713235304,0.27150895227677,0.714,0.765,1
"MAP4K3-DT",0.652382935711163,0.394318450721586,0.286,0.258,1
"RFC4",0.652500411719388,0.643363353490534,0.214,0.182,1
"TGFBR2",0.652580296476469,0.891662392703011,0.232,0.22,1
"CLDN15",0.653390480991778,0.446080620889953,0.089,0.114,1
"NPLOC4",0.653629075549556,0.749666330355792,0.214,0.205,1
"RFX7",0.653824853702126,0.529402306651617,0.25,0.235,1
"IGFLR1",0.653954265945919,0.524964814451951,0.25,0.227,1
"ZRSR2",0.654039736476249,0.277963673846525,0.161,0.205,1
"NDUFS7",0.654432900669523,0.25531215280732,0.571,0.621,1
"SNX27",0.655050073017551,0.528383046281549,0.161,0.197,1
"REV3L",0.655329647199445,0.447518789575029,0.339,0.311,1
"PPWD1",0.655611454521804,0.438513282223393,0.357,0.333,1
"CIZ1",0.655611454521804,0.301381453480988,0.357,0.333,1
"RNGTT",0.655992626172508,0.50071928078547,0.161,0.189,1
"ZNF704",0.656029774552666,-0.306383933466179,0.107,0.129,1
"CLEC2D",0.656299089133135,0.489968496049934,0.304,0.273,1
"LATS2",0.656443808420012,0.325123063414476,0.25,0.242,1
"SLMAP",0.656806838979307,0.518275353644111,0.25,0.227,1
"HGS",0.656899005168141,0.38091220399882,0.232,0.212,1
"RTCA",0.657251451890881,0.667002242067394,0.268,0.25,1
"PHIP",0.657937480501952,0.257497021980469,0.554,0.614,1
"PPP1R8",0.658253423132801,0.712901428298133,0.232,0.273,1
"ARRDC4",0.658281213160758,0.729397972444436,0.143,0.121,1
"LRR1",0.658399660896687,0.647437699032924,0.125,0.106,1
"PRKAR2A",0.65865671040646,0.275485559521655,0.321,0.364,1
"ZNF134",0.65960767412699,0.604494502716564,0.214,0.205,1
"REXO1",0.659754492984275,0.306413367043918,0.107,0.129,1
"SIN3B",0.659874689870135,0.78631562763779,0.161,0.144,1
"ZNF121",0.660366213487796,0.308202348051373,0.304,0.288,1
"ZNF746",0.660740939332774,1.01965926151229,0.107,0.083,1
"ZC3H14",0.660884286591072,-0.494071389042252,0.268,0.28,1
"CEBPG",0.661095081748307,0.910729819818331,0.232,0.235,1
"ZNF444",0.661310555557374,0.416371451487034,0.089,0.114,1
"RPRD1B",0.662282022372076,1.10924001996803,0.125,0.106,1
"PIGX",0.662774782355648,1.30973680055711,0.232,0.212,1
"IFIT5",0.663634496677347,0.300445434317197,0.161,0.136,1
"BPNT1",0.663634879893761,0.602720119818039,0.161,0.136,1
"NUP210",0.663756765355516,0.73475864757237,0.268,0.258,1
"WRN",0.664213920206852,0.352566571343019,0.196,0.235,1
"DYRK4",0.665564044583462,0.351294110833261,0.214,0.235,1
"BEND7",0.665612033045223,0.720922640469011,0.143,0.121,1
"PSMC5",0.665781012781683,0.314718165836105,0.75,0.78,1
"LSM10",0.66669264229717,0.263127981757399,0.393,0.364,1
"BBIP1",0.66700953038553,0.28100904482092,0.25,0.295,1
"PTBP1",0.667753835419264,0.659616122609867,0.482,0.508,1
"APP",0.668172586118822,1.04609375462249,0.304,0.326,1
"SH2D3C",0.668230694094035,0.39194254703275,0.179,0.159,1
"KCNK17",0.668478955010765,0.773038670072164,0.214,0.197,1
"POLR3E",0.668616382371177,0.602803151366385,0.214,0.205,1
"SESTD1",0.668662785179718,0.696132426327168,0.196,0.174,1
"ARID2",0.668879266813322,0.357350466393184,0.429,0.409,1
"ZNF701",0.669022673236275,0.690263894256689,0.179,0.167,1
"MON2",0.670357249162034,0.461183245716559,0.268,0.295,1
"FYTTD1",0.670560428004194,0.773816093557043,0.5,0.545,1
"DVL3",0.670655607858904,0.332208365654675,0.179,0.152,1
"TRMO",0.672974951608109,0.784995775846997,0.107,0.136,1
"AFF4",0.673462977123678,0.501784782096664,0.482,0.508,1
"LETM1",0.673639898465248,0.623980435887894,0.161,0.144,1
"SRGAP3",0.673983330604959,0.431778154677078,0.125,0.106,1
"SLC16A7",0.674845555928617,0.680045042701708,0.179,0.159,1
"BECN1",0.675269354677538,0.484274232831502,0.429,0.439,1
"LENG1",0.675469077996391,0.612491752639215,0.196,0.25,1
"ZNF280D",0.675481875835165,0.339028851298529,0.446,0.545,1
"SLC9A3R1",0.675967520521666,0.510831587209161,0.518,0.508,1
"TMEM170A",0.67626318663319,-0.260992834296234,0.304,0.333,1
"LIG4",0.676361327853106,-0.26509238791245,0.089,0.106,1
"CRIP2",0.676361327853106,-0.354872401371995,0.089,0.106,1
"ARAP1",0.676443284496661,-0.378579534373536,0.143,0.159,1
"PTPMT1",0.676546798959236,0.26352063739315,0.393,0.364,1
"STARD7",0.67657126065992,0.35925783103637,0.393,0.379,1
"SZT2",0.676668256001371,0.939605631689373,0.143,0.121,1
"RABL3",0.677191307057295,-0.430255913910462,0.161,0.174,1
"DNAJC11",0.677253322267164,0.774293901164107,0.107,0.091,1
"MIR4458HG",0.677253322267164,0.659190917012512,0.107,0.091,1
"PAM",0.677253322267164,0.887100801373718,0.107,0.091,1
"ARL4A",0.677341640265758,-0.397810830322326,0.5,0.492,1
"MRPL49",0.677370609419056,0.367931007689804,0.179,0.152,1
"ZNF740",0.677370609419056,-0.25825184510455,0.143,0.167,1
"ZNF667",0.677636283238547,-0.325964812461631,0.232,0.25,1
"SPATA20",0.677901536525954,0.762603825917353,0.125,0.106,1
"CEP250",0.677901536525954,0.563020499237436,0.125,0.106,1
"ASRGL1",0.678073242038919,-0.372185881153155,0.125,0.144,1
"NDRG3",0.679856714789038,0.708810987736769,0.161,0.152,1
"SPTAN1",0.680209717589612,0.430900801383529,0.375,0.394,1
"CSAD",0.680369353652547,0.562137397526458,0.143,0.121,1
"KIN",0.680764660812819,0.516401364168818,0.321,0.311,1
"OSBPL10",0.681458826945478,0.803268821004177,0.107,0.091,1
"SPNS2",0.681458826945478,0.629610236672831,0.107,0.091,1
"AQR",0.68168996000763,0.256792675042443,0.321,0.303,1
"HLX",0.682277498603165,-0.25334341208838,0.107,0.129,1
"NUDT2",0.682376530559944,0.469412593742324,0.429,0.439,1
"FAM120A",0.682856211368784,0.331878857477412,0.429,0.424,1
"CREB3",0.68327671934033,0.647216883314529,0.161,0.152,1
"HACL1",0.683753718500424,-0.529224326687785,0.161,0.174,1
"LEMD2",0.684036327574834,0.669782227173941,0.161,0.144,1
"TMEM161B-AS1",0.684051375683349,0.628603640768093,0.411,0.432,1
"MRGBP",0.68407816624457,0.269258619407438,0.107,0.136,1
"MUL1",0.68407816624457,0.439944056228857,0.143,0.121,1
"SLC15A4",0.68407816624457,0.43155813651993,0.143,0.121,1
"SYNJ2",0.684575619808844,-0.491357989835555,0.089,0.106,1
"NSMF",0.684575619808844,-0.706949030996374,0.089,0.106,1
"PNMA1",0.685156028779782,0.283367307953412,0.232,0.205,1
"WASHC2A",0.685306250943688,0.568951090928393,0.232,0.295,1
"RASA4",0.6856742534678,0.651117707287407,0.107,0.091,1
"BIRC2",0.685940759100488,0.336641838281766,0.411,0.447,1
"POM121C",0.685949501328303,0.356607010907763,0.286,0.25,1
"IFI6",0.685949501328303,0.562321253019521,0.268,0.258,1
"TRRAP",0.687459832727351,0.740442208740123,0.304,0.295,1
"CORO1C",0.687512684006343,0.516824444243278,0.339,0.356,1
"PARP2",0.688227607915574,0.293219169936456,0.161,0.136,1
"ATRAID",0.688968898768883,0.258487503698161,0.696,0.773,1
"C17orf67",0.689325687807859,0.533980190836776,0.089,0.114,1
"ATXN1L",0.689707719657193,0.270381542564476,0.125,0.106,1
"RAB5B",0.689800096204155,0.318527570205166,0.339,0.341,1
"SCARB1",0.689899485986167,1.27569500637727,0.107,0.091,1
"MYLIP",0.689907384924677,-0.33582895491461,0.179,0.205,1
"FAM120AOS",0.689927908606878,0.444258434451395,0.321,0.311,1
"LYAR",0.690128797085668,-0.263123289758415,0.268,0.311,1
"GATAD1",0.690620396392253,0.262312940179952,0.429,0.492,1
"KIAA1143",0.690980705203847,0.314976812721681,0.429,0.432,1
"EDEM1",0.692459680710941,0.42876523319503,0.232,0.212,1
"C2orf74",0.692871005823614,0.688789360441423,0.179,0.22,1
"TMEM168",0.692872677106264,0.509057200958833,0.161,0.197,1
"LONP2",0.692906391141701,0.284947921820173,0.375,0.432,1
"ARL15",0.692972336374792,0.84305743206821,0.143,0.129,1
"GLG1",0.693654177600513,0.424869020430329,0.429,0.455,1
"ORMDL3",0.693660728361112,0.429203706541013,0.125,0.106,1
"SETD3",0.694148769076335,0.503587334107781,0.339,0.311,1
"XAB2",0.694285129613877,0.403961719660144,0.196,0.174,1
"PCED1A",0.694285129613877,0.472610606694137,0.196,0.174,1
"MBTD1",0.69434340717866,0.306104910966814,0.268,0.258,1
"AC005332.6",0.694492993401693,0.405068980411088,0.161,0.144,1
"CDC73",0.695326696435792,0.435531866595696,0.411,0.417,1
"ARFRP1",0.695645704704433,-0.2982695980643,0.161,0.182,1
"NEU1",0.696066878190564,0.287998451748658,0.214,0.197,1
"ITGA2B",0.697021237390574,1.36740872718321,0.125,0.167,1
"LIMD1",0.697234658173373,0.256040305165098,0.196,0.22,1
"MARVELD1",0.697621645241215,0.488144627770873,0.125,0.106,1
"WDR44",0.697621645241215,0.31553516008518,0.125,0.106,1
"ZDHHC12",0.698077302002564,0.514339928097512,0.321,0.318,1
"SRP14-AS1",0.69837890104565,1.32291530814059,0.107,0.091,1
"APOBR",0.69837890104565,0.573170898930498,0.107,0.091,1
"ELP6",0.69901932741668,0.294717280836929,0.286,0.273,1
"ZBED4",0.699937914170061,0.658437377734734,0.339,0.333,1
"CBR1",0.700266489737605,-0.255329358716422,0.196,0.22,1
"TMEM63A",0.700747108510908,0.323333224684457,0.161,0.189,1
"NSUN4",0.700747108510908,0.307767021257513,0.196,0.174,1
"GMFB",0.701086233432345,0.402892902530404,0.339,0.326,1
"BRD9",0.701192654852276,0.323065180680048,0.321,0.295,1
"MYCN",0.701334608126106,0.435272451332281,0.214,0.265,1
"ARIH2OS",0.701466639481098,0.265255461143889,0.089,0.114,1
"MTX3",0.701590818026569,1.06922714540904,0.125,0.106,1
"SVBP",0.701851149887658,0.326353782808457,0.518,0.53,1
"DESI1",0.701922640817521,0.504889540053879,0.179,0.167,1
"CXorf56",0.702254133037798,0.369102912281702,0.179,0.212,1
"SLC30A9",0.702280033169089,0.408180048454312,0.286,0.28,1
"KIF27",0.702432147965883,1.13728463224104,0.125,0.152,1
"NCOR2",0.702572977623562,0.548742799963502,0.232,0.22,1
"FAM221A",0.702632847345773,0.576308484033704,0.107,0.091,1
"AFMID",0.702632847345773,0.600622177166242,0.107,0.091,1
"NET1",0.702706258528921,0.706483389716699,0.357,0.341,1
"ZNF875",0.702735173443642,1.17527619982765,0.107,0.136,1
"AC090152.1",0.703994054910456,0.297399284994155,0.464,0.447,1
"CSE1L",0.704214826912904,0.624501038744751,0.161,0.136,1
"PRKACA",0.704470395557934,0.32310716264709,0.232,0.212,1
"ERCC6L2",0.704848521037392,0.421724875367004,0.25,0.242,1
"VRK1",0.705205976750568,0.378226727269525,0.339,0.341,1
"CRYL1",0.705463632334463,0.932960354565616,0.214,0.25,1
"AGL",0.705463632334463,0.259812054547442,0.25,0.235,1
"DBT",0.705568149696197,0.442440960914632,0.125,0.106,1
"IL1RAP",0.705568149696197,0.308123672013414,0.125,0.106,1
"TNFSF13B",0.705658192305533,0.835943135028242,0.161,0.197,1
"ABCA1",0.706488600126826,0.437830405010895,0.107,0.136,1
"SPATS2L",0.706488600126826,0.372194929401692,0.143,0.121,1
"DPY19L4",0.706567048341775,0.375287050346825,0.25,0.22,1
"INTS2",0.706896127179259,0.448327364613693,0.107,0.091,1
"INTS1",0.707230814790726,0.254225670363693,0.196,0.174,1
"MTA1",0.70731478375218,0.366934502000547,0.393,0.386,1
"DHFR",0.707395585984488,1.27585979548557,0.161,0.152,1
"DPM2",0.707704485405103,0.357167168621397,0.339,0.333,1
"FLOT2",0.707765993303992,-0.466759033698631,0.286,0.28,1
"DCAF6",0.708545238019199,0.443934988554598,0.232,0.22,1
"TST",0.709553542560568,0.404350019550392,0.125,0.106,1
"B4GALT3",0.710238671020971,-0.32587395284759,0.161,0.174,1
"MINDY3",0.710249178189225,0.333685435637654,0.143,0.121,1
"REXO4",0.710368629974434,0.4397510154659,0.339,0.341,1
"EIF2B5",0.710503728315571,0.282765894157702,0.232,0.212,1
"NF2",0.710865925184951,0.837346796280989,0.161,0.152,1
"WDR49",0.71116862021099,0.368723478066391,0.107,0.091,1
"ZNF500",0.71116862021099,0.680121915126713,0.107,0.091,1
"UTP4",0.711387805159844,1.07011960934708,0.143,0.129,1
"WNK1",0.711611245875359,0.290470716802396,0.536,0.53,1
"PCGF3",0.711665809163501,0.45317261025486,0.179,0.159,1
"PSMG2",0.71173065342477,0.276122577586134,0.679,0.72,1
"VAMP3",0.712350733585809,0.309986548024778,0.268,0.273,1
"KDM5A",0.712458629497785,0.39397327120064,0.536,0.598,1
"APOBEC3G",0.712698131578926,0.323182945390224,0.339,0.318,1
"PARP8",0.713154505085058,0.350417784547234,0.125,0.152,1
"PPP5C",0.713154505085058,0.828095469024297,0.125,0.152,1
"FAM30A",0.713316822660177,0.517868189857642,0.714,0.78,1
"AC016831.5",0.713546898268668,0.310276874645271,0.125,0.106,1
"ALG6",0.714016824991425,0.415551563272679,0.143,0.121,1
"ZNF32",0.714353810245587,0.352236235782543,0.411,0.394,1
"TYMP",0.7143562603812,0.505388446663885,0.214,0.205,1
"ACTR3",0.715077668774533,0.370907274870287,0.768,0.803,1
"PDK3",0.715302136033459,0.288030685719227,0.196,0.182,1
"DNAJB1",0.715429444018894,0.38263852260645,0.339,0.326,1
"UBL4A",0.715450205237861,0.362756033403059,0.107,0.091,1
"NNT-AS1",0.715579920309481,0.506191467157313,0.161,0.144,1
"GATAD2B",0.716022706389605,0.502000204969384,0.411,0.417,1
"CDYL",0.716023372832298,0.313741861575359,0.304,0.273,1
"SERPINI1",0.716593731095049,-0.559877841700717,0.107,0.129,1
"ICE2",0.7172821728592,0.694334235181116,0.321,0.295,1
"ZNF785",0.717548117815146,0.264797278057776,0.125,0.106,1
"TOB2",0.717811493605691,0.256242924756823,0.25,0.227,1
"TMEM165",0.71798502416624,0.290383921978967,0.696,0.697,1
"PPAT",0.718184313589074,0.250637786038722,0.179,0.152,1
"SLC11A2",0.718184313589074,0.346723679098516,0.143,0.167,1
"SPTLC1",0.71878328695681,0.475364810866564,0.268,0.288,1
"ZNF138",0.719587738190811,0.864467221059361,0.232,0.212,1
"SENP5",0.719773647511311,0.3815541234821,0.286,0.273,1
"SFT2D1",0.7199068067502,0.321242761568767,0.429,0.432,1
"FEM1C",0.721471904366007,-0.300999995879661,0.125,0.144,1
"CENPT",0.721471904366007,-0.253514680554828,0.125,0.144,1
"FKTN",0.721572991678548,0.675228849997079,0.143,0.121,1
"GZMA",0.721991056042222,0.903558540741484,0.089,0.106,1
"AC246817.2",0.721991056042222,-0.263536445475933,0.089,0.106,1
"HTT",0.722187123149413,0.269537372253866,0.268,0.303,1
"DCTN1",0.722823953876816,-0.331904790642872,0.375,0.371,1
"ARL16",0.723019149296242,0.371155456011927,0.286,0.326,1
"TMEM106A",0.723154679723182,0.653447049855331,0.214,0.212,1
"GBP4",0.723188393412178,0.319916084909363,0.321,0.371,1
"SMAD2",0.723378170861191,0.35694998637369,0.375,0.432,1
"EMC7",0.724424889655194,0.354146798883891,0.464,0.5,1
"SKIL",0.724636919220772,0.653406418533742,0.304,0.28,1
"SH2B1",0.725294229956764,0.516820486470938,0.179,0.167,1
"THOC6",0.725943934616764,0.273647592817113,0.357,0.326,1
"TFEC",0.726225770774414,0.516356735437505,0.179,0.227,1
"SRF",0.726978713291746,-0.339686998031212,0.107,0.121,1
"USP38",0.728078986037925,0.578787354421256,0.25,0.326,1
"SEC24C",0.728306362582993,0.585916742844755,0.161,0.152,1
"FOXJ2",0.728348287452196,0.51973311936447,0.107,0.091,1
"RABGEF1",0.728633598807408,0.357135318461273,0.143,0.174,1
"CDK11B",0.728768405574494,-0.287584978308176,0.286,0.288,1
"LINS1",0.729597959768962,0.491329177801288,0.125,0.106,1
"PEA15",0.729760609499138,0.369272445636291,0.161,0.144,1
"CCDC93",0.729973238114396,-0.278457818734104,0.125,0.136,1
"CD46",0.730327189588236,0.270466708251611,0.554,0.606,1
"MLST8",0.730775209002218,0.447943922719665,0.214,0.189,1
"PHF23",0.730775209002218,0.909538331069122,0.214,0.189,1
"RAD17",0.731137964707703,-0.38726815265294,0.232,0.235,1
"SLC2A5",0.731811735927347,0.791851104926051,0.161,0.152,1
"SENP7",0.732283166138546,0.445877950164078,0.393,0.386,1
"RAB3GAP1",0.732637289421659,0.258891294342402,0.304,0.273,1
"COBLL1",0.733320492467315,0.877153148906298,0.125,0.159,1
"ATAD2",0.733374380087861,0.386693155819783,0.161,0.189,1
"TRG-AS1",0.73370951399036,-0.609953545893113,0.125,0.136,1
"NDRG1",0.735322715403139,0.810882685634691,0.161,0.152,1
"PLAAT4",0.735642481908808,0.42653987532969,0.554,0.576,1
"PLD3",0.736325197853557,0.804944766963088,0.304,0.311,1
"PPTC7",0.736833844820807,0.520307607167792,0.25,0.242,1
"TNFRSF4",0.736886119603365,0.373387243881112,0.161,0.144,1
"GPATCH1",0.736990208719669,0.355787997505775,0.107,0.091,1
"ARF3",0.737445338888478,0.296918105666659,0.464,0.5,1
"LINC00339",0.737668663052099,0.294239233008654,0.125,0.106,1
"RPAP1",0.738338314960919,0.822677763838076,0.089,0.114,1
"DYM",0.739532322985219,0.530561380700427,0.375,0.402,1
"PCYT2",0.739960283268432,0.345644380074519,0.196,0.174,1
"ANKRD11",0.740684622329948,0.313361667672204,0.679,0.72,1
"TACO1",0.740817358234014,0.729166855505134,0.125,0.114,1
"WDTC1",0.740992040830153,0.477786276883707,0.286,0.28,1
"TOM1",0.741201935609644,0.369775480833196,0.143,0.129,1
"GBA",0.741323753138656,0.533938175186493,0.107,0.091,1
"AL359513.1",0.741323753138656,0.849248922617549,0.107,0.091,1
"TMEM131",0.741506147590349,0.628879658380409,0.321,0.356,1
"ERG28",0.742622151279867,0.31230273566209,0.357,0.424,1
"CASK",0.743689898875028,0.575530007814294,0.107,0.129,1
"ZNF660",0.744034323197544,0.63618559171224,0.161,0.144,1
"SEC24B",0.744034323197544,0.32124866466163,0.161,0.144,1
"PIGL",0.744034323197544,0.448207433653099,0.161,0.144,1
"RIOX1",0.744786936011786,0.515241969290035,0.125,0.114,1
"CLK4",0.745464590614744,0.386407093753246,0.268,0.258,1
"SMG9",0.747316147474679,0.504180067489501,0.089,0.106,1
"B3GNT2",0.747540882610535,0.292144690105364,0.482,0.5,1
"LAIR1",0.747617651728617,0.70420687192954,0.393,0.409,1
"SEPHS2",0.747648769918129,0.285388420111199,0.446,0.568,1
"COMMD9",0.747660139298046,0.361449369077331,0.429,0.417,1
"ARID4A",0.748341460245072,0.455567156662841,0.554,0.515,1
"IFRD1",0.748439868833745,0.332582564572664,0.232,0.227,1
"GPCPD1",0.748510547174812,0.342655226493395,0.321,0.303,1
"GLMN",0.748718642240236,0.666292220177707,0.143,0.129,1
"ZNF836",0.748718642240236,0.954359803151386,0.143,0.129,1
"MRPL55",0.748897652893156,0.412831774430468,0.429,0.417,1
"OFD1",0.749347716452374,0.299434758327972,0.5,0.485,1
"REV1",0.749768805848898,0.559397577308122,0.304,0.295,1
"XPO6",0.749906691029501,0.480042013950176,0.179,0.205,1
"MGAT5",0.749906691029501,0.578289834409875,0.196,0.197,1
"INVS",0.750015374619176,0.441170250858321,0.107,0.091,1
"BTG2",0.751021111262149,0.316811750915074,0.5,0.508,1
"RRN3",0.751044309119721,-0.320285764560113,0.179,0.189,1
"IMPA1",0.751054160529164,0.430793915648139,0.339,0.326,1
"SART1",0.751107749229858,0.283454780749051,0.393,0.356,1
"ATF7IP2",0.751196534938751,-0.258549495366719,0.679,0.689,1
"NCK1-DT",0.751492042368298,0.441609874847602,0.107,0.129,1
"KLHL28",0.751711748165631,0.552346836494737,0.214,0.205,1
"AC004148.1",0.752611902700529,0.258057566607463,0.179,0.159,1
"PDE4DIP",0.752959330514727,-0.26484652516164,0.143,0.159,1
"SP1",0.753683004014153,0.284610869449737,0.375,0.364,1
"NCOA1",0.754178671948437,0.428160090459978,0.339,0.364,1
"GCFC2",0.75462924941559,0.4394500851411,0.125,0.144,1
"POT1",0.75479793042346,0.635465448475591,0.161,0.144,1
"SYNJ2BP",0.754820404690492,0.524429833138395,0.268,0.28,1
"CASTOR2",0.755402717869333,0.278197512601877,0.107,0.129,1
"GAK",0.755606700007444,0.361217833415336,0.214,0.197,1
"ARHGEF19",0.755820403966878,0.259748899897158,0.089,0.106,1
"JRK",0.755820403966878,0.404876871087408,0.089,0.106,1
"C16orf86",0.755820403966878,0.815467833406396,0.107,0.098,1
"TRMT1",0.755972792535613,0.371052344002045,0.375,0.371,1
"ZNF124",0.756309618340346,0.297121541045228,0.232,0.212,1
"AC026124.1",0.756502517458464,0.707621177106368,0.161,0.152,1
"PIP4P2",0.756736017065885,0.827626099447168,0.125,0.114,1
"MRPL50",0.757603255499351,0.334623339693335,0.196,0.182,1
"ARCN1",0.758350693362849,0.524400005257475,0.357,0.455,1
"SUSD6",0.758677830368945,0.594749552592522,0.161,0.182,1
"SLC25A37",0.758807742749678,0.599890296454165,0.375,0.394,1
"ADPGK",0.759384162286568,0.303101784720143,0.321,0.371,1
"MIS12",0.759508092979022,0.583533207786293,0.179,0.159,1
"RSAD1",0.759531289813144,0.574780418176191,0.179,0.205,1
"NIPSNAP3B",0.760050830941755,0.469282298085422,0.161,0.152,1
"CNPY2",0.760356651198752,0.306647463546151,0.643,0.667,1
"FAM120B",0.761146242053164,0.422691120829819,0.214,0.205,1
"SNAP47",0.762535874981488,0.932446443138638,0.179,0.167,1
"NECTIN2",0.762535874981488,0.642215794980891,0.179,0.167,1
"TMEM87A",0.762667097178154,0.302098820375403,0.357,0.424,1
"GOT2",0.762988015205612,0.366760517711077,0.268,0.265,1
"AC004130.2",0.76382324771477,0.388892364388054,0.143,0.129,1
"ZFP82",0.764354347974721,0.344474209948308,0.089,0.106,1
"MOB3A",0.764464910034844,0.434435605649805,0.214,0.25,1
"OTULIN",0.765580512634924,0.371115375584269,0.196,0.227,1
"WDR82",0.766134242168474,0.51972554077775,0.429,0.455,1
"PSMD1",0.766211928148499,0.35295405222484,0.411,0.477,1
"FAF2",0.766315325873446,0.495381094299758,0.268,0.311,1
"POLD4",0.767161720843695,0.311003669748279,0.589,0.652,1
"TTF1",0.767212590972288,0.327121280075287,0.357,0.356,1
"DGLUCY",0.767664499715702,-0.269947980966544,0.214,0.227,1
"RIPK2",0.768280060243771,0.335725488830675,0.393,0.439,1
"CLEC11A",0.768590009283819,-0.318571137072003,0.464,0.439,1
"PGS1",0.768632149547389,0.806955987913894,0.107,0.098,1
"C14orf119",0.769057402702945,0.363689975321727,0.286,0.28,1
"CBLL1",0.769191189083554,0.336575761133346,0.375,0.364,1
"AP2A1",0.769662877519277,0.448021642329493,0.214,0.212,1
"MCM3AP",0.770081853463657,-0.448366265933652,0.232,0.235,1
"APPL2",0.770725830636281,0.689888689116077,0.161,0.152,1
"ADPRM",0.770736632836186,-0.420468561464052,0.214,0.227,1
"CHERP",0.770773200055666,-0.312270137380603,0.179,0.189,1
"SLC12A7",0.771322046860828,0.498614214220722,0.143,0.121,1
"UNKL",0.771322046860828,0.31332740491508,0.143,0.121,1
"DOCK10",0.771536842977607,0.769460015117785,0.214,0.197,1
"CENPW",0.772171302306169,0.845245485402273,0.179,0.174,1
"MCOLN1",0.772758569793746,0.535467491007706,0.125,0.114,1
"SLC25A42",0.772758569793746,1.03279757835428,0.125,0.114,1
"MBOAT2",0.772793037897878,0.364003283283547,0.179,0.167,1
"TIMM29",0.773357481742867,0.475266988781426,0.179,0.159,1
"THADA",0.77381198778388,0.546612324128532,0.196,0.235,1
"DPP3",0.773859656202739,0.252919758026815,0.143,0.167,1
"EIF2B3",0.774076205020091,0.253970047358419,0.196,0.182,1
"DNAJC27",0.774076205020091,0.501835040913361,0.196,0.182,1
"HAGHL",0.774293948703831,-0.263617950712681,0.143,0.159,1
"AP1M1",0.77437456013893,0.428765412225312,0.232,0.273,1
"NFKB1",0.774629264719454,0.504560875281668,0.304,0.295,1
"SDR39U1",0.774629264719454,0.31005177310413,0.304,0.295,1
"BRAT1",0.775211340743609,-0.277727988347146,0.125,0.136,1
"PEPD",0.775321286550559,0.556942975352105,0.429,0.447,1
"PCDH9",0.775374641924221,0.267895495083073,0.411,0.47,1
"MYD88",0.775555642823969,1.04454846677519,0.179,0.174,1
"RABGGTB",0.775959879494736,0.282059632463817,0.464,0.47,1
"LZTFL1",0.776036790253486,1.02571477187315,0.357,0.364,1
"VPS13C",0.776510556617835,0.267563237079312,0.625,0.727,1
"MAN2A1",0.776891271255523,-0.360751868906067,0.214,0.227,1
"TRIM13",0.777018736379039,0.386610136532228,0.411,0.394,1
"CCDC171",0.777183442427014,0.286738253854022,0.286,0.318,1
"IFITM1",0.777208799555788,0.485965918051458,0.107,0.098,1
"UTP20",0.777383305065722,0.621460108261817,0.196,0.182,1
"SLC37A1",0.777993910922263,0.595489158116377,0.196,0.227,1
"MOSPD3",0.778174457513687,0.871773880950331,0.196,0.189,1
"LETMD1",0.779496410808745,0.533095746022606,0.411,0.432,1
"PSTPIP2",0.77955890906323,0.37675079092662,0.393,0.402,1
"MARCH6",0.779571241173082,0.536582722326477,0.589,0.644,1
"MSH2",0.77976671916727,0.295004842605515,0.304,0.318,1
"LINC00623",0.780066622317823,0.515869256437222,0.268,0.25,1
"SLC25A16",0.780309641393899,-0.310785635175649,0.161,0.167,1
"CMSS1",0.780348359410005,-0.306365631967418,0.268,0.273,1
"MICU1",0.780652184104534,0.292886502502901,0.357,0.348,1
"TRIM37",0.780694443575514,0.59667593036876,0.196,0.182,1
"HMBS",0.780806801021545,0.320345262247197,0.125,0.114,1
"CHEK1",0.780806801021545,0.787351664264261,0.125,0.114,1
"KDM6A",0.780974680220168,0.260925176802244,0.321,0.356,1
"AL031595.3",0.78150740115176,1.03143479706043,0.107,0.098,1
"CRTC3",0.781516481419902,0.428572699869843,0.232,0.22,1
"HAUS2",0.78173585154856,0.290034208182961,0.25,0.273,1
"SRRD",0.782337067082783,0.321805241255327,0.161,0.182,1
"ANAPC4",0.783296396828579,0.400321056090843,0.214,0.205,1
"SGPL1",0.784009357413472,0.288465194984048,0.196,0.182,1
"AASDH",0.784222142940548,0.563971418210298,0.196,0.227,1
"MINPP1",0.785189104924956,-0.342678642911262,0.357,0.364,1
"FBXO4",0.785361171773488,0.762725712911885,0.214,0.212,1
"BCKDHB",0.785463388901724,0.675351128602925,0.25,0.235,1
"FBXW2",0.786029281566298,0.32560748202083,0.25,0.265,1
"AGPAT3",0.78797517988347,0.33314141872089,0.143,0.167,1
"AKAP17A",0.788276865148772,0.40739865381636,0.321,0.394,1
"HOXA10-AS",0.788613447382593,0.863110699098033,0.161,0.152,1
"HBD",0.788787465993396,0.598848266935333,0.232,0.258,1
"MCTP1",0.78887858334446,0.441683015710375,0.125,0.114,1
"PTDSS1",0.789120899638227,0.507723793658713,0.357,0.364,1
"HSBP1L1",0.79012419747153,0.529985584121682,0.089,0.106,1
"URGCP",0.790124535730058,0.737258444305561,0.107,0.098,1
"ZC3H6",0.790124683947192,1.37940215641078,0.125,0.144,1
"PARP15",0.790470590221606,0.608648999157579,0.143,0.129,1
"AC092171.5",0.790470590221606,-0.464903571570109,0.125,0.136,1
"ANKRD26",0.790869938882098,0.979155221409657,0.107,0.129,1
"DOCK7",0.791250787667983,-0.314877189012337,0.196,0.212,1
"LITAF",0.791413428200274,0.75040996981021,0.411,0.439,1
"PI4KB",0.791492486250486,0.502105887377605,0.232,0.242,1
"DUSP28",0.791515168821091,0.381962799022018,0.143,0.167,1
"ZDHHC3",0.791614358394279,-0.456649641552145,0.179,0.182,1
"ZNF605",0.791699879576544,0.337422820116026,0.179,0.167,1
"EMSY",0.791875345913214,0.373022239745525,0.179,0.205,1
"CDK10",0.792669963575395,-0.532516599994647,0.125,0.129,1
"UIMC1",0.792931258418111,0.314079243264653,0.304,0.364,1
"AGPAT1",0.793140392476646,0.364238487238744,0.25,0.242,1
"VTI1A",0.793140392476646,0.653910118130669,0.25,0.242,1
"KLHL6",0.793244159875121,0.386473353710403,0.286,0.273,1
"CLCN3",0.793425193600185,0.364357475487501,0.179,0.167,1
"NEK9",0.79426626133151,0.4772562980857,0.179,0.159,1
"LINC01409",0.794587635205136,0.417363129574334,0.196,0.189,1
"KLHL24",0.794943261424238,0.556957556083991,0.464,0.538,1
"APTR",0.79505946237856,0.806964008119007,0.143,0.167,1
"PBX1",0.795575800466411,0.25603421530061,0.482,0.5,1
"COL24A1",0.79580040578697,0.428741952989835,0.161,0.152,1
"PBX2",0.795949174584925,0.51259947476655,0.179,0.174,1
"TM9SF1",0.79603422965424,0.431506391745859,0.214,0.205,1
"GPX7",0.797428569812871,0.595048020123052,0.286,0.28,1
"SNX16",0.797656301332889,0.708143642707881,0.143,0.136,1
"SMPD4",0.798389362596405,0.476468811389644,0.179,0.205,1
"JMJD4",0.798767409320348,0.589572260578939,0.107,0.098,1
"DIPK2A",0.798813603036332,0.741240605376954,0.107,0.129,1
"PSMG3",0.798981882263576,0.301684571348262,0.25,0.288,1
"RNH1",0.800429999918418,0.251062783372823,0.464,0.47,1
"PIK3CD-AS2",0.801028611365696,0.292486226042818,0.125,0.114,1
"MIATNB",0.801028611365696,0.338525076848867,0.125,0.114,1
"RGS1",0.801178903191614,-1.61228243736597,0.196,0.189,1
"ATF6B",0.801364542128308,0.280271812803589,0.411,0.409,1
"YPEL5",0.801680901033498,-0.495346094137701,0.696,0.697,1
"RAB11B",0.801924371034485,0.312225720143367,0.482,0.485,1
"SMN1",0.801968328677681,0.587721103685296,0.143,0.129,1
"ODF2",0.802751510289684,0.648723910949397,0.286,0.295,1
"ZNF260",0.802778870045418,0.260822655640899,0.161,0.182,1
"TRMT11",0.80300472957994,0.827870475874359,0.143,0.159,1
"NR2C2",0.80300472957994,0.273066466510507,0.161,0.152,1
"HDAC8",0.803067443480973,0.286099387006213,0.321,0.341,1
"ZFP14",0.803136561046167,0.321170513064719,0.25,0.295,1
"TCOF1",0.803200617156498,0.506530256717849,0.196,0.235,1
"TMEM87B",0.803208383456146,-0.259440685180623,0.125,0.106,1
"SELENOP",0.803797277760039,-0.560056895511056,0.143,0.152,1
"CD2BP2",0.804936974375894,0.564224626607625,0.339,0.348,1
"CRIPT",0.8052830309631,0.253682034770644,0.482,0.5,1
"TNFRSF18",0.805628283454153,-0.643761689799603,0.161,0.144,1
"AC106791.1",0.805628283454153,0.316005840607601,0.161,0.144,1
"MIEF1",0.806199410339284,0.8725044683134,0.179,0.174,1
"ZNF195",0.807215859737069,1.23701823388145,0.25,0.303,1
"EAF1",0.807261721693414,0.513303114074911,0.179,0.167,1
"GPR141",0.807356330856838,0.467616801997051,0.107,0.114,1
"FBXO38",0.807435010265552,0.484661654596006,0.089,0.106,1
"SFMBT2",0.807435010265552,0.626069844361395,0.107,0.098,1
"WDR26",0.807514626212968,0.257458829023301,0.357,0.318,1
"POMGNT1",0.807784174671574,0.307468910371725,0.196,0.189,1
"DCAF5",0.808396765837024,-0.268646344405223,0.286,0.295,1
"PAXIP1",0.809155651938179,0.531759960380639,0.125,0.114,1
"RGCC",0.80926976592446,0.787440810760933,0.196,0.227,1
"RRM2B",0.809623662093049,0.657426285924872,0.179,0.174,1
"UBN1",0.809989013716106,0.474109541483311,0.268,0.333,1
"LPGAT1",0.810010752815553,0.312835827541842,0.482,0.477,1
"ENTR1",0.810644864821219,0.363852141764211,0.304,0.303,1
"ZNF184",0.810881212281878,0.287067124191231,0.125,0.144,1
"HOXA7",0.811052329428839,0.599268311889182,0.25,0.258,1
"RANBP6",0.811052472002495,0.431898688719545,0.25,0.258,1
"IER5",0.811092259011198,0.417659272066653,0.196,0.189,1
"RNF11",0.811170894127566,0.457276986771139,0.321,0.341,1
"ARFIP2",0.811931530672503,0.322914014114083,0.268,0.28,1
"TRAF6",0.812962873208368,0.38699713259272,0.161,0.144,1
"AP3S2",0.813226698222407,0.257490025680287,0.125,0.114,1
"ZNF764",0.813226963863828,0.584128791867372,0.125,0.114,1
"DHTKD1",0.813392081694786,0.286703221570988,0.214,0.197,1
"NIPBL-DT",0.813876593036595,0.35583067773747,0.304,0.348,1
"CNOT8",0.813999475716144,0.355542267670184,0.429,0.432,1
"RAB3GAP2",0.814309693391768,0.438147034542923,0.321,0.333,1
"AL354740.1",0.814626891381136,0.668941182974328,0.161,0.159,1
"AAMP",0.816122901213463,0.422186077646307,0.339,0.341,1
"WDR75",0.816483047953577,0.612851728762392,0.179,0.174,1
"SPECC1L",0.81717779608112,0.443287242424526,0.286,0.288,1
"KDM2B",0.817365186685963,0.479424836037194,0.143,0.129,1
"UBL7-AS1",0.817366923577586,0.688784286230245,0.161,0.197,1
"LYST",0.817367099293623,-0.358773286921742,0.179,0.189,1
"THAP9-AS1",0.81801405559326,0.44777233106852,0.179,0.205,1
"APOOL",0.818320463680541,0.465121989569262,0.232,0.273,1
"PYCR2",0.818323204127627,0.33646754264985,0.339,0.386,1
"OPTN",0.819164656403808,0.519677357925263,0.357,0.348,1
"MARF1",0.819258194858551,0.261121482838327,0.321,0.318,1
"PIH1D1",0.819595920883522,0.277538473838146,0.429,0.439,1
"LTA4H",0.820049024704896,0.287333422170946,0.607,0.629,1
"ORC5",0.820480540134984,0.436869300072033,0.107,0.098,1
"SHKBP1",0.820949275792247,0.448271240312659,0.375,0.371,1
"NOP14",0.821138063374606,0.506506544951328,0.339,0.417,1
"CTSA",0.82382362685198,0.320112468224617,0.286,0.326,1
"PHC1",0.824716011372706,0.383248507810843,0.161,0.152,1
"BCL2",0.824721303280525,-0.252496806406618,0.321,0.341,1
"KRBA2",0.824840018006526,0.321257961985107,0.107,0.098,1
"AC108863.2",0.824840302385271,0.607710824184935,0.089,0.106,1
"GPR137",0.824840302385271,0.487933008784176,0.107,0.098,1
"CDC27",0.824888919950875,0.302275174957209,0.196,0.212,1
"RAVER1",0.824955664272787,0.574135125907964,0.232,0.235,1
"FAM210B",0.825391878681746,0.322997060355185,0.286,0.295,1
"ZNF318",0.825470795102712,0.452198862664865,0.125,0.114,1
"SLC35B1",0.826380171921329,0.424209589315569,0.268,0.28,1
"POM121",0.826436492393947,0.459403955335672,0.286,0.303,1
"MCM6",0.826798382094491,0.390088229040973,0.179,0.174,1
"GPAA1",0.826937880754895,0.605768734871473,0.268,0.265,1
"LIPT1",0.827515653505434,0.32163743965044,0.107,0.121,1
"BLM",0.828175171931339,-0.346386537369499,0.107,0.114,1
"SCO1",0.828432505721589,0.555642061751741,0.321,0.326,1
"POLR1A",0.829205474547692,1.08028131987299,0.107,0.098,1
"FOCAD",0.829205474547692,1.37671658980513,0.107,0.098,1
"HERPUD2",0.830029596822433,0.538237348766016,0.286,0.288,1
"LPIN1",0.83018117147465,0.341507898519857,0.429,0.447,1
"SENP1",0.8306671926365,0.876566800276802,0.143,0.144,1
"GIPC1",0.830806990303712,0.357697526110445,0.196,0.182,1
"MAP3K11",0.831008586082551,0.502151724615857,0.196,0.189,1
"NCOA3",0.831179864822678,0.410870994487384,0.304,0.333,1
"TENT5C",0.831771307335664,0.803709329375366,0.143,0.136,1
"CEP78",0.831874575303389,-0.40076536668217,0.125,0.129,1
"GEMIN8",0.831983893948037,0.29569664063634,0.161,0.152,1
"UNG",0.832516733478986,0.578150093541843,0.161,0.159,1
"DENND5A",0.833501245891113,0.465209236405184,0.304,0.295,1
"DNAH14",0.835582771212809,0.315129596823516,0.143,0.136,1
"LHPP",0.835623270650391,0.581226234643829,0.161,0.152,1
"LYRM2",0.835787031261672,0.26448311652314,0.536,0.561,1
"GOLIM4",0.835980585340523,0.336546138743708,0.429,0.439,1
"PEX19",0.836105452320708,1.45294761854129,0.161,0.159,1
"POLK",0.836746884135142,0.460867116063029,0.339,0.386,1
"RNF149",0.837230485450432,0.296529312801117,0.25,0.273,1
"SMURF2",0.837754670411472,0.636783455238179,0.196,0.22,1
"AOPEP",0.837757226131717,0.653408973535532,0.125,0.114,1
"VPS53",0.837851345902247,0.82777055030569,0.25,0.258,1
"STK3",0.838169944693157,-0.569705217208864,0.143,0.144,1
"GOLPH3",0.838460830562993,0.332719241366041,0.5,0.583,1
"SUCLG2",0.839398100135467,0.512850010772021,0.143,0.136,1
"PDGFC",0.839398100135467,0.431653026066598,0.143,0.136,1
"LHFPL2",0.839808902381583,1.03736732130881,0.107,0.121,1
"AP1G2",0.840059840640322,1.21981619064611,0.161,0.167,1
"RARS2",0.840598488528442,0.645250655173312,0.179,0.174,1
"MAML1",0.840853315856341,0.473895038375077,0.196,0.227,1
"SERINC1",0.840931442954406,0.550310277249597,0.464,0.568,1
"NUP93",0.841024851134245,0.351739920284361,0.214,0.205,1
"NUMB",0.841356861133079,0.261954504449985,0.321,0.318,1
"EFHC1",0.842003522671325,0.59633384237411,0.232,0.273,1
"CCDC14",0.84203666235754,0.583593665295626,0.446,0.492,1
"C1orf174",0.843453289728635,0.484382518042159,0.232,0.235,1
"TBC1D20",0.843863560160837,0.362014816017433,0.232,0.22,1
"ELK1",0.844347543519774,0.276659253917222,0.196,0.189,1
"PEX2",0.844537751831255,0.251146113114044,0.321,0.348,1
"FAM122C",0.844918357035566,0.389857889802257,0.107,0.114,1
"BIRC3",0.845091859880489,-0.472435122996918,0.179,0.152,1
"TRIM59",0.845322737057776,0.422015838239022,0.286,0.295,1
"CTSW",0.846303113525445,0.254816949570918,0.607,0.705,1
"RNF31",0.846717645054005,0.497257863618905,0.089,0.106,1
"TSTD2",0.847676255314973,0.411261362600678,0.179,0.189,1
"GPATCH2",0.848861614612643,0.333058047671499,0.286,0.326,1
"TUBE1",0.84911543539887,-0.370540990032147,0.107,0.114,1
"PITRM1",0.85103405120216,0.491282342385919,0.196,0.189,1
"P2RY1",0.851107899669113,0.355087894546412,0.107,0.098,1
"MICU2",0.85116857637047,0.31209870252777,0.411,0.447,1
"AC015871.1",0.851641497050459,-0.426778979005741,0.125,0.129,1
"FECH",0.851706367051064,0.33606650001498,0.232,0.258,1
"ALAD",0.851724671622006,0.720392917364461,0.143,0.152,1
"NUP50",0.852069843197461,0.271661459603288,0.232,0.25,1
"TDP1",0.852258109587605,0.440973735413705,0.143,0.129,1
"ADCY7",0.852823429219785,0.449611294490338,0.25,0.258,1
"FAM241A",0.854098809919552,0.853816745687413,0.161,0.159,1
"HOXA5",0.85444775783226,0.384695543547642,0.179,0.174,1
"MRPL20-AS1",0.855502774092071,0.330529169574079,0.107,0.098,1
"MGAT2",0.855824401324388,0.264221539653595,0.25,0.258,1
"C3orf80",0.856138816194649,0.311380545192175,0.179,0.167,1
"TMCC1",0.856180679937905,0.58629603158668,0.179,0.182,1
"RABGGTA",0.856260373333006,0.40518227377251,0.107,0.121,1
"CD33",0.856260373333006,0.263025394007391,0.107,0.121,1
"HSD17B7",0.856612567060466,0.779983755148328,0.125,0.144,1
"LINC00847",0.856612567060466,0.393044059887758,0.125,0.144,1
"MAPK1",0.857033223332132,0.288743298910851,0.482,0.538,1
"TMEM156",0.857595531711701,0.755862285496718,0.196,0.197,1
"HDAC7",0.857943116417593,0.321896903537866,0.446,0.439,1
"TMEM44-AS1",0.859512098460982,0.524502729652441,0.143,0.167,1
"ID2",0.85952897841352,0.30916726391314,0.411,0.417,1
"ASB16-AS1",0.860383312824847,0.78827269977939,0.107,0.121,1
"TSPYL4",0.860862719482622,0.290545355093504,0.304,0.341,1
"CABIN1",0.861144429200418,0.276168591365485,0.411,0.402,1
"RAP2B",0.861324894537745,0.286934818647271,0.429,0.439,1
"TLCD5",0.861325179972843,1.34778693142705,0.179,0.182,1
"MAX",0.862035336851115,0.423968463470756,0.625,0.659,1
"GOLGA8B",0.862037565689278,0.583529471900743,0.232,0.235,1
"GCLC",0.862418765402888,0.302771307811855,0.232,0.227,1
"SLC25A40",0.862446217882551,0.436857368936338,0.125,0.114,1
"NT5C2",0.863001561757219,0.660552139222666,0.357,0.394,1
"ZNF384",0.863041516400841,0.695707163702122,0.179,0.182,1
"LINC00909",0.863118474291363,0.443288957020314,0.196,0.227,1
"SMPD2",0.864541119000137,1.22710722091198,0.125,0.152,1
"IL6ST",0.864541281845388,0.3981533402431,0.143,0.144,1
"PJA1",0.865945395924996,-0.313276421810748,0.107,0.114,1
"XPO5",0.867096782216272,1.11255016173061,0.125,0.121,1
"TOP3B",0.867348545940692,-0.937540306698645,0.107,0.106,1
"SNX12",0.867863710683273,0.309464836860662,0.125,0.136,1
"HECTD4",0.868221957015821,0.282344960355849,0.286,0.295,1
"FOXK2",0.868548814117289,0.770267063922537,0.161,0.159,1
"MEF2C-AS1",0.868640508847246,0.559956842841272,0.107,0.121,1
"FCHO1",0.868713781541744,0.267723261235563,0.107,0.098,1
"GRK3",0.869500781334363,0.486384031763441,0.214,0.22,1
"WDR20",0.870049359473277,0.378375864812531,0.143,0.136,1
"ADIPOR1",0.870289224104599,0.501913841477674,0.286,0.288,1
"RECK",0.871149808368314,0.376818805507146,0.125,0.121,1
"CCDC107",0.87124709529257,0.488698006643738,0.304,0.318,1
"NPRL3",0.871490581306163,0.343927936371008,0.214,0.212,1
"SPRYD7",0.871773417435789,0.688953552001989,0.125,0.136,1
"PADI4",0.871822033576423,0.437165859868891,0.232,0.227,1
"HOTAIRM1",0.871822124048997,0.5574009929266,0.179,0.174,1
"IMMT",0.872100372577659,0.292671437249196,0.446,0.53,1
"AP4M1",0.872168242194941,0.401359695388482,0.161,0.159,1
"RHBDD3",0.873125798489124,1.11718417912428,0.107,0.098,1
"KCNQ1OT1",0.873548902798333,0.321763846700951,0.357,0.394,1
"SCAMP3",0.873850861397019,0.382907248078386,0.214,0.227,1
"MFSD10",0.873899943043941,0.253197020872661,0.429,0.462,1
"TPMT",0.873965259189738,0.331106939950073,0.232,0.242,1
"GDPD1",0.873979176515107,0.831124776173087,0.143,0.167,1
"TCTEX1D1",0.874798228462461,0.453850813653139,0.232,0.273,1
"POLR3GL",0.875004935794077,0.320811882823194,0.607,0.667,1
"GTF2A1",0.875304710307493,0.288982390169101,0.161,0.182,1
"ARRB2",0.875327133374877,0.377522549573277,0.393,0.455,1
"OPN3",0.875790630335046,0.59045937572187,0.161,0.159,1
"N4BP1",0.877583679944986,-0.296141474637144,0.232,0.235,1
"TFB2M",0.87898860521506,0.300303814299282,0.25,0.25,1
"AC087190.1",0.879032907189468,0.272277568497628,0.161,0.174,1
"ZNFX1",0.879265915129853,0.557194556446627,0.125,0.121,1
"CNNM2",0.880292514984789,0.924463395830393,0.107,0.106,1
"MYH11",0.880292514984789,0.512930904527933,0.107,0.106,1
"PPP4R1",0.880316328843256,0.318965330570675,0.25,0.288,1
"NEDD1",0.881617385217987,0.976923322809583,0.179,0.189,1
"FBXL3",0.8817829771993,0.623414496240167,0.268,0.28,1
"RPARP-AS1",0.881858803027722,0.53673275398951,0.286,0.288,1
"LCK",0.881961545527485,0.299769156415723,0.107,0.098,1
"DNTTIP1",0.882029470782417,0.262746083231227,0.25,0.25,1
"TSG101",0.882479932188628,0.293522542558575,0.304,0.318,1
"ZNF790",0.882820731903794,0.296046814062109,0.179,0.159,1
"NDUFAF7",0.882836366699523,0.301933463892226,0.107,0.114,1
"MRS2",0.883458254597009,-0.250425184483952,0.125,0.129,1
"MOAP1",0.883524598928425,0.4165574142656,0.339,0.371,1
"GPBP1L1",0.883527689496269,0.297408432132307,0.375,0.447,1
"B4GALT6",0.883684056239914,1.40029924965115,0.179,0.182,1
"LRRC75A",0.883954710094609,0.308903454796573,0.571,0.652,1
"AC090114.2",0.88440760497426,0.382500997285454,0.214,0.212,1
"GFOD1",0.886401397695199,1.13393376566779,0.161,0.167,1
"APOM",0.887394727819469,0.733013733812685,0.125,0.121,1
"ZNF117",0.887442655327654,0.373686538922694,0.125,0.136,1
"AL096870.8",0.887524234903012,0.265745402926553,0.196,0.197,1
"RAB11FIP1",0.888731781924221,0.597471407880823,0.446,0.477,1
"TRPS1",0.88875879286644,0.636102298367527,0.429,0.455,1
"HELB",0.889344344958591,1.22015508366594,0.107,0.121,1
"PLRG1",0.889368513468367,0.359109001352377,0.429,0.439,1
"SAP30L",0.890583207797183,0.932791781499922,0.179,0.182,1
"CYSTM1",0.891238856838793,0.547617320764766,0.125,0.144,1
"YAF2",0.891299994860252,0.305463324436414,0.393,0.47,1
"CTPS2",0.891367095525452,0.388628423944934,0.125,0.136,1
"LARS",0.892496060192989,0.285834729693261,0.643,0.727,1
"OGFOD1",0.893077490539858,0.83834761196677,0.196,0.212,1
"RRAGD",0.893173289336744,0.799224281643955,0.161,0.174,1
"MFSD6",0.893177040768388,0.358421266737607,0.232,0.235,1
"RAVER2",0.893268548523158,0.534227445584565,0.107,0.106,1
"SUN1",0.893498765308223,0.705748129338534,0.232,0.265,1
"AGK",0.89393942641499,0.497284285316463,0.161,0.159,1
"METTL3",0.894209888783981,0.292835810607757,0.232,0.258,1
"SETDB1",0.894209888783981,0.361011180308679,0.25,0.25,1
"PPP1R10",0.894306600239877,0.410278451887932,0.464,0.523,1
"AKAP8",0.896300872906574,0.489144022371131,0.232,0.235,1
"SLC35C2",0.898710303859989,0.329326323676812,0.232,0.242,1
"GEMIN2",0.899223869063548,0.260108767005046,0.125,0.136,1
"SLC45A3",0.899780781185612,0.604629108443438,0.107,0.114,1
"MAPK6",0.899885889377323,0.682932643395245,0.268,0.303,1
"AC012615.1",0.900256524463622,0.341520486070954,0.161,0.174,1
"TENT4B",0.900746544285141,-0.252342387759352,0.161,0.167,1
"LRRC40",0.900880172311351,0.478716528283356,0.196,0.197,1
"PLEKHA5",0.901459645825772,0.396986328220926,0.339,0.333,1
"FAM192A",0.901475713862946,0.391551589094386,0.429,0.455,1
"CKLF",0.901822328936629,0.358834708460289,0.536,0.598,1
"KCTD20",0.902274394455173,0.408574527959364,0.375,0.379,1
"SLC39A10",0.902294471750625,0.367435202941917,0.464,0.5,1
"EGLN1",0.902895899615232,0.439149638901986,0.196,0.212,1
"AC016747.1",0.903801159183781,0.694221458899216,0.161,0.174,1
"PXN-AS1",0.904223697396997,0.27278464581336,0.196,0.197,1
"PLIN3",0.90450102799538,0.331339450288252,0.554,0.545,1
"STK11",0.905681828232948,0.37079946612624,0.232,0.235,1
"PDE6B",0.906273215509451,-0.369625542448983,0.107,0.106,1
"RO60",0.906647848884147,0.252148819210336,0.554,0.591,1
"RNF146",0.906748729365908,0.487678658547227,0.179,0.174,1
"HOXB2",0.907809357655559,0.522821365761771,0.25,0.265,1
"TUBA4A",0.908042968139853,-0.62988859462719,0.125,0.114,1
"H2AFJ",0.908066947966519,0.292661193289189,0.607,0.659,1
"IMP3",0.90895434161486,0.354851351073807,0.5,0.5,1
"TRPM7",0.909470230560007,0.29487162342948,0.25,0.25,1
"FCF1",0.909946244404537,0.621441361314778,0.179,0.197,1
"C9orf72",0.9100861451038,0.759648977475434,0.143,0.144,1
"IL7R",0.910613871101375,1.43681567187087,0.107,0.106,1
"RPF2",0.910887921765911,-0.256115951705597,0.286,0.288,1
"POLR2D",0.910915785842539,0.274634297995469,0.196,0.197,1
"TNFSF13",0.911027332664091,0.497561648178496,0.125,0.136,1
"DNAJB9",0.911457749252703,0.446643405609445,0.25,0.273,1
"SIRT2",0.911837293008127,0.310727713273306,0.25,0.242,1
"METTL2A",0.911848947925116,0.286623891806374,0.125,0.121,1
"PKIA",0.912143923650743,0.275946673614566,0.161,0.159,1
"MOCS2",0.91272918212374,-0.482486814824257,0.214,0.205,1
"QARS",0.912729388258,0.372660438369584,0.589,0.659,1
"CEP164",0.913897048490827,0.503975883276874,0.143,0.144,1
"MACO1",0.914918755909129,0.427691952440514,0.25,0.242,1
"TNRC6C",0.916009990242452,-0.417972350846281,0.214,0.205,1
"STX4",0.916291206140993,0.458153745239815,0.304,0.295,1
"KIF20B",0.916380321569891,0.506001373835981,0.143,0.136,1
"FOXO3",0.916476254140775,0.488618202877349,0.393,0.424,1
"KIAA0586",0.916842651815453,0.334560162370105,0.268,0.258,1
"TMEM42",0.917335291491234,0.356128929395945,0.232,0.242,1
"TBC1D13",0.918257575634085,0.250472058690836,0.179,0.182,1
"MED15",0.91872312259906,-0.273654265540226,0.161,0.167,1
"ERI1",0.918907394563137,0.358817969428165,0.125,0.136,1
"CLN3",0.920043586996672,0.266506639758151,0.268,0.28,1
"GRINA",0.920444153057907,0.936221134261596,0.232,0.242,1
"AC093323.1",0.920773918238709,0.873476370516414,0.179,0.174,1
"CCZ1B",0.921524710103872,0.478295367023412,0.143,0.144,1
"TTYH3",0.921724547395039,0.372872343363367,0.179,0.182,1
"TCF4",0.92217487062416,0.414026680169028,0.643,0.765,1
"C16orf91",0.922323728542489,0.966952786106401,0.161,0.167,1
"PIAS2",0.923484220483062,0.300817145850027,0.268,0.311,1
"HOXB-AS1",0.923651339404126,0.38524753428746,0.107,0.106,1
"ACAA1",0.924427794324069,0.318963574149991,0.446,0.447,1
"NBN",0.924858531678382,0.333159489276582,0.393,0.485,1
"PICALM",0.925020630262401,0.880503988763463,0.339,0.364,1
"LRRC8C-DT",0.92528088066552,0.42701709374873,0.107,0.114,1
"FAM193A",0.925411276121719,0.65342543213942,0.232,0.227,1
"SRSF8",0.925446100740724,0.423981998720971,0.482,0.523,1
"ZNF587",0.926478649108787,0.43359226665302,0.143,0.152,1
"COG1",0.926795429130178,0.369408649051424,0.125,0.136,1
"GOPC",0.926872641822994,0.638015498244956,0.393,0.386,1
"RBMXL1",0.926930587855189,0.399169552097698,0.268,0.273,1
"MALT1",0.927275127258687,0.526962781765016,0.214,0.22,1
"BPHL",0.927504631978125,0.293060647661011,0.125,0.129,1
"DCAF12",0.927504631978125,0.402053994397578,0.125,0.129,1
"MFSD12",0.928199731865643,0.256288573807944,0.125,0.121,1
"VAMP5",0.928512631871086,0.288522974558579,0.482,0.553,1
"GTF3C1",0.928800504730447,0.568963116993342,0.232,0.25,1
"VIRMA",0.929243263903675,0.349751827709946,0.286,0.303,1
"XRCC1",0.929529568794608,0.592698543683848,0.161,0.167,1
"NBEA",0.929539091099405,0.292663527356225,0.107,0.114,1
"HERC1",0.930134378393861,0.263264243529044,0.554,0.545,1
"KRBOX4",0.930239092569678,0.829748177154854,0.143,0.152,1
"UBR4",0.930379949497186,0.326104922795776,0.268,0.28,1
"BAG6",0.930767354262392,0.287423089323692,0.357,0.364,1
"SLC9A7",0.931709989666184,0.439114444264916,0.286,0.295,1
"DCAF15",0.931743022603644,0.635230976527986,0.214,0.235,1
"REPS1",0.931746798819641,-0.370763325150139,0.214,0.197,1
"RHOT1",0.931857630677142,0.847815406196472,0.268,0.28,1
"TSTD3",0.932221393810156,0.627093939304394,0.161,0.174,1
"AHDC1",0.932221895506876,0.503180411044081,0.143,0.167,1
"MMRN1",0.932874964160113,0.780582033004551,0.321,0.364,1
"DCPS",0.932919898020555,0.309450513244281,0.179,0.189,1
"NDUFS6",0.93313473346041,0.252960194133258,0.768,0.803,1
"GSTM4",0.934049500617844,0.291356379237528,0.161,0.159,1
"SNAPC5",0.934384806106255,0.605329663768625,0.196,0.197,1
"BAZ2B",0.935375350693173,0.389293862042569,0.429,0.485,1
"AL035530.2",0.935541028735135,0.640676425436244,0.125,0.129,1
"TRIM52-AS1",0.936185279100057,0.363675814234974,0.357,0.364,1
"KAT5",0.936730040622846,0.676253366140247,0.196,0.205,1
"QSER1",0.937705744257287,0.478286340744292,0.161,0.159,1
"RAB28",0.939080415494622,0.477909559766284,0.179,0.182,1
"HOXA9",0.939939729225122,0.451159043173716,0.411,0.47,1
"DIAPH2",0.940410448628487,0.6278426432286,0.286,0.295,1
"ZDHHC8",0.941065981962034,0.773770604039268,0.107,0.106,1
"TMED8",0.941101632928643,0.750847627053133,0.179,0.205,1
"SENP2",0.941248622214056,0.454953399217825,0.232,0.227,1
"SLC35A1",0.941363301799441,0.727983078703705,0.161,0.159,1
"INTS13",0.941363301799441,0.447598370441056,0.161,0.159,1
"ZNF776",0.941856626630538,0.404555909480683,0.179,0.174,1
"USP15",0.941945293731332,0.295306942238412,0.571,0.75,1
"SLC25A28",0.942157222970395,-0.252970118310967,0.196,0.189,1
"KPNA2",0.942303306734931,0.539275388323656,0.196,0.212,1
"FOXP1-IT1",0.942325346426129,0.252069593420832,0.107,0.114,1
"ICK",0.942325346426129,0.555774126722496,0.107,0.114,1
"NAPB",0.942325346426129,0.301382612671811,0.107,0.114,1
"SEC22B",0.942653224089675,0.334917205921527,0.429,0.47,1
"TGIF2",0.942904051933157,0.445362214069698,0.268,0.265,1
"TYW5",0.943855627835048,0.593342446191325,0.179,0.197,1
"DHX29",0.9447918580871,0.252728052827745,0.393,0.364,1
"C6orf226",0.945182416256429,0.254776044303521,0.339,0.356,1
"CBX6",0.94535485802473,0.473721060845847,0.232,0.242,1
"KIF3B",0.945424377590266,0.543223043598549,0.107,0.106,1
"SDE2",0.946042003270357,0.306172577328729,0.321,0.348,1
"DST",0.946300282890334,0.330236181839535,0.321,0.356,1
"ATAD5",0.946466284419362,0.731872497675126,0.161,0.174,1
"ABCA2",0.946590900837814,0.388441169035538,0.107,0.114,1
"LPXN",0.946590900837814,0.348015620123859,0.107,0.114,1
"NFYC",0.9472531956931,0.741406541004748,0.179,0.197,1
"FAM215B",0.947568445023695,0.70667918329129,0.161,0.167,1
"KLHL23",0.947590425603843,0.447479756438863,0.232,0.227,1
"PDCL3",0.947886891974,0.327037015752014,0.446,0.47,1
"TMEM120B",0.949063008085273,0.301449050955977,0.143,0.152,1
"INTS5",0.949784407370213,0.421599026740849,0.107,0.106,1
"HIST1H3H",0.95085798683838,0.330455950777334,0.107,0.114,1
"RCL1",0.95117973108007,0.251136151665375,0.161,0.167,1
"RHOB",0.951632724673576,-0.50802500400833,0.125,0.129,1
"ARL5A",0.952637197517765,0.32708032386756,0.536,0.598,1
"PPP6C",0.953071406995955,0.262967819533124,0.25,0.265,1
"PER2",0.953085191652091,-0.252275289294666,0.107,0.098,1
"STRADB",0.953523768711064,0.717331043054692,0.214,0.227,1
"BUD23",0.95356601407108,0.353160646481493,0.411,0.447,1
"ATG4A",0.954145941110882,0.470837331898891,0.107,0.106,1
"MGME1",0.954331156056619,-0.323612289974033,0.25,0.227,1
"PCYOX1L",0.955126482386412,0.419435666016017,0.107,0.114,1
"VCL",0.955225893214605,0.327594489710546,0.446,0.538,1
"EIF4E3",0.955928493091597,0.534632567635205,0.143,0.144,1
"FBXL17",0.956601135126942,0.280094899430659,0.143,0.152,1
"NSF",0.956715464987103,0.279131645013944,0.25,0.28,1
"RELCH",0.957451409557497,1.22831608762719,0.179,0.197,1
"PAF1",0.957451409557497,0.521692467577917,0.179,0.197,1
"LRRC47",0.957541242569548,0.270747510035363,0.214,0.212,1
"TRADD",0.958335565386516,0.515659023676873,0.286,0.311,1
"KTI12",0.958411845616343,0.521552864849872,0.125,0.136,1
"ELP4",0.95850055801411,0.29655521557287,0.25,0.25,1
"AC103591.3",0.959051129686862,0.343750885454168,0.232,0.235,1
"NDST2",0.959396204073729,0.411971241568562,0.107,0.114,1
"EXOC8",0.959396265319204,2.02059682928709,0.107,0.114,1
"SERPINH1",0.959396265319204,0.582787227804908,0.107,0.114,1
"NOL9",0.959457359984961,0.272180676557878,0.179,0.174,1
"PI4K2B",0.959686387608113,0.4344758386798,0.125,0.129,1
"CENPJ",0.960371697007811,1.22951935991849,0.143,0.152,1
"AHCTF1",0.960409481165705,0.54413606977489,0.179,0.189,1
"SIRT1",0.960409481165705,0.84940603676716,0.179,0.189,1
"TRIM65",0.960985516323661,-0.291199855022823,0.125,0.121,1
"NEMF",0.961601439814914,0.317053546326212,0.5,0.53,1
"C12orf66",0.963667213363251,0.741144407825286,0.107,0.114,1
"PHF1",0.964074364059868,0.669498241015457,0.232,0.242,1
"MAN1B1",0.964640406122512,0.409737071277533,0.196,0.197,1
"C12orf75",0.964877627268068,0.421895835112627,0.286,0.288,1
"CLSTN3",0.965089528167035,0.270871972583508,0.125,0.121,1
"ATN1",0.965700787937642,0.334796096979172,0.214,0.212,1
"SMC6",0.965913124285808,0.3142978396341,0.232,0.25,1
"COG5",0.967196487817669,0.548986811887626,0.232,0.242,1
"VPS52",0.967238262230458,0.313726306496991,0.107,0.106,1
"TRIM14",0.967915396473948,0.376596259051831,0.143,0.152,1
"SMC2",0.968199735265994,0.283220753122887,0.25,0.265,1
"CROCC",0.969421222046182,0.258177665127978,0.107,0.106,1
"RGL2",0.970388480684179,0.38744166347074,0.179,0.182,1
"TAOK2",0.97094716740341,-0.332516125884935,0.107,0.098,1
"TUBGCP5",0.971249306619287,0.946829957552653,0.143,0.144,1
"DDX51",0.971604507376835,0.266219406254493,0.107,0.106,1
"MEF2D",0.971644297122726,0.292568983280313,0.232,0.235,1
"CPLANE1",0.971644297122726,0.37010201501525,0.232,0.235,1
"TMEM131L",0.971774343608328,0.409659272928008,0.125,0.129,1
"ITPKB",0.972493457761225,0.914887166722859,0.214,0.22,1
"ATP6V0D1",0.972575029415635,0.292983780269866,0.339,0.356,1
"SLC48A1",0.972865885357992,0.565142698377531,0.161,0.167,1
"GID8",0.973695753257272,0.270987071231957,0.482,0.5,1
"STRN",0.974064395728305,0.356525085530735,0.339,0.364,1
"SLC43A2",0.974247756277686,1.75960471731712,0.125,0.136,1
"CCDC84",0.974739095776317,0.427119001192555,0.196,0.197,1
"MPC1",0.975005667426887,0.263891614439835,0.464,0.515,1
"SLC39A6",0.975081389931902,0.263290301909777,0.143,0.144,1
"MTMR9",0.97546196819043,0.327238686157862,0.143,0.152,1
"CEP295",0.975805241078316,0.711829359279668,0.125,0.129,1
"PLEKHM3",0.975971603735938,0.422204939376844,0.107,0.106,1
"OXNAD1",0.975971603735938,0.660874245717584,0.107,0.106,1
"GDAP1",0.975971603735938,0.417831509545127,0.107,0.106,1
"WDR34",0.975971603735938,0.285067416206553,0.107,0.106,1
"RINL",0.976485823986543,0.337291900739365,0.107,0.114,1
"SEC22C",0.976578096469023,0.322136608057448,0.321,0.356,1
"INO80E",0.977353737830564,0.280823809006684,0.179,0.182,1
"USP39",0.977943711700339,0.399872025171872,0.232,0.235,1
"EMP1",0.977943729781364,0.429099461852406,0.232,0.235,1
"PAIP1",0.97813004388726,0.360304315425006,0.429,0.447,1
"AC020915.2",0.978208565127672,0.892112443539173,0.125,0.136,1
"NRM",0.978914048501747,0.302440318945455,0.143,0.144,1
"DENND1C",0.978914048501747,0.26614806840423,0.143,0.144,1
"SLC35B3",0.979836756534093,0.489578637220043,0.125,0.129,1
"BST2",0.980043145461806,0.312695980740584,0.732,0.826,1
"STK33",0.980099897388174,0.742560900902803,0.161,0.167,1
"SIPA1L3",0.980760207892481,0.472581531916214,0.107,0.114,1
"SOGA1",0.980760207892481,0.357579987308113,0.107,0.114,1
"LIAS",0.980837047282809,0.586176798261628,0.179,0.182,1
"VPS11",0.982029728581769,0.342277288851356,0.214,0.212,1
"ZBTB24",0.982362540375777,0.288881216211081,0.214,0.227,1
"SEPHS1",0.982813693584923,0.455528949208233,0.232,0.242,1
"TESMIN",0.983333735027223,0.420301927258384,0.196,0.205,1
"TLNRD1",0.983868787050401,0.362115913902882,0.125,0.129,1
"SAAL1",0.984502669828406,0.631483756646083,0.179,0.189,1
"GPSM2",0.984514221296995,0.263650855637266,0.393,0.455,1
"NOTCH1",0.985328432106477,0.821192055132857,0.161,0.159,1
"ZMYM2",0.985440929554641,0.325549467914293,0.518,0.614,1
"FGFR1OP",0.985696951806192,0.827072157943279,0.214,0.235,1
"HSD17B12",0.985930768940414,0.30327426562335,0.446,0.455,1
"ADARB1",0.986363143338663,0.290531300713508,0.143,0.136,1
"NME6",0.986785734318168,0.291963034286906,0.143,0.152,1
"MRM2",0.986785734318168,0.568906816226688,0.143,0.152,1
"P2RY8",0.986785734318168,0.444722290089128,0.143,0.152,1
"ZFPL1",0.98706435178515,0.527663605299024,0.268,0.318,1
"ARHGAP22",0.987210979222153,-0.319208561205218,0.321,0.311,1
"LRRC8D",0.987656113532203,0.486998651792097,0.179,0.174,1
"GPR183",0.987804696005919,0.3633709924422,0.179,0.182,1
"PEX11B",0.987901229662513,0.428942387306648,0.125,0.129,1
"DAPK1",0.988150654957646,0.495959568635025,0.393,0.409,1
"RALGDS",0.988210037072347,0.490628896567133,0.196,0.197,1
"NADK2",0.989062756253903,0.312079294174706,0.232,0.242,1
"KDM3A",0.989173704797165,0.355062139494959,0.357,0.371,1
"SLC2A1",0.989310510336609,0.253588064674077,0.107,0.114,1
"HMGCS1",0.989938766143449,-0.380258808304177,0.321,0.295,1
"B4GALT4",0.99041459125556,0.819560758188934,0.143,0.144,1
"CISD1",0.991908376057039,0.439858826878018,0.214,0.22,1
"FBXL4",0.992311568864955,0.687273952467782,0.232,0.258,1
"SAV1",0.992426616480158,0.383829813062582,0.25,0.265,1
"C16orf87",0.993462820665919,0.264641737721373,0.393,0.424,1
"MTFMT",0.993586183403245,0.480266600027635,0.107,0.114,1
"GET3",0.994714283668329,0.450727471758829,0.375,0.409,1
"KIAA1191",0.994773275008395,0.495162821562144,0.179,0.182,1
"ZNF737",0.994891781687457,0.535617728087555,0.179,0.197,1
"CES2",0.994947008630444,0.279203746952743,0.196,0.197,1
"ATP8A1",0.996948022483138,0.607079940654808,0.232,0.265,1
"FKBP15",0.997815272785129,0.670273796675061,0.107,0.106,1
"TSC1",0.997945789443765,-0.267381302882017,0.125,0.121,1
"FEN1",0.998051784701224,-0.296452871221605,0.143,0.136,1
"GPSM1",0.998112163215079,0.5232133531601,0.143,0.152,1
"MTMR3",0.998277967480796,0.476067352001782,0.179,0.189,1
"CEP170",0.998728044068749,0.353755367681449,0.429,0.477,1
"RHOH",1,0.365716143842859,0.464,0.492,1
"IL27RA",1,0.557125569529091,0.25,0.258,1
"BOLA2B",1,0.550531245090856,0.107,0.114,1
