"Gene","CellType_Frequency","Comparison_Frequency","Mean_Log2FC","Median_Log2FC","Mean_Abs_Log2FC","Max_Abs_Log2FC","Min_Adjusted_P","Median_Adjusted_P","Category","Safe_Min_P","Significance_Strength","Signature_Score"
"FKBP5",9,3,-1.06888538208317,-1.14727170564424,1.41180761020086,2.57260902236547,0.00000000000000000000000000000000000000000000000000000000634309470103281,0.000000000000000347159633244036,"Highly recurrent (5+)",0.00000000000000000000000000000000000000000000000000000000634309470103281,56.1976988046314,2142.18914890017
"AREG",6,3,-0.450730963444486,-1.1576024037452,1.6873349387723,2.49363174469353,0.0000000000000000000000000000000000000000000000217111239465205,0.0000000000843301430394902,"Highly recurrent (5+)",0.0000000000000000000000000000000000000000000000217111239465205,46.6633176933057,1417.25963345304
"RPS26",8,2,1.15121263543726,1.21430680281263,1.15121263543726,1.97688728354169,0.000000000000000000000000000000000000000000000000000000000000000000000000017116891371647,0.000000000000000000000000000000693480165331432,"Highly recurrent (5+)",0.000000000000000000000000000000000000000000000000000000000000000000000000017116891371647,73.7665751054723,1358.73621334962
"FOSB",5,2,-1.58482070723661,-2.6440911502486,3.29475526734159,6.14574021499246,0.0000000000000000000000000000000000000385001737996695,0.00000436887984313423,"Highly recurrent (5+)",0.0000000000000000000000000000000000000385001737996695,37.4145373099703,1232.71743877173
"IFI44L",6,2,3.48756940321037,2.7986093512884,3.48756940321037,7.33662356113122,0.000000000000000000000000000064235592856381,0.000000000861952618437103,"Highly recurrent (5+)",0.000000000000000000000000000064235592856381,28.1922242632433,1179.86806498719
"ZBTB16",7,2,-2.11699661202973,-2.10131732494514,2.11699661202973,3.47737912862193,0.00000000000000000000000000000000000019020362682923,0.000000647607029996655,"Highly recurrent (5+)",0.00000000000000000000000000000000000019020362682923,36.720781206132,1088.32877166253
"RSAD2",2,2,4.59787909211239,3.65688223880171,4.59787909211239,8.50605515956904,0.0000000000000000000000000000000000000479993436804615,0.000000000000000000000000615504729431322,"Shared across 2 cell types",0.0000000000000000000000000000000000000479993436804615,37.3187647009141,686.348671847179
"MX1",4,2,2.53331894165051,1.6591885896109,2.53331894165051,4.2009564229098,0.000000000000000000000000000285619423578037,0.0000000000000105800734348451,"Moderately recurrent (3-4)",0.000000000000000000000000000285619423578037,27.544212261651,558.226197242262
"TXNIP",7,2,-0.292448914571805,-0.573926435168723,0.675052264597908,0.929230491475598,0.00000000000000000000000000000000000000000000000000000000235144044391956,0.0000000000000000000242915007652317,"Highly recurrent (5+)",0.00000000000000000000000000000000000000000000000000000000235144044391956,56.628666016367,535.1823292971
"IL1R2",3,2,-1.89924837368473,-1.40412089872301,1.89924837368473,3.65824062453353,0.0000000000000000000000000000000000000000498388802803064,0.0000000299750623571494,"Moderately recurrent (3-4)",0.0000000000000000000000000000000000000000498388802803064,40.3024317234425,459.26596743773
"FOS",4,2,-1.58876408259777,-3.12854717833595,2.77736596126263,4.62464417948302,0.0000000000000000000343682410411232,0.00000000227010481335971,"Moderately recurrent (3-4)",0.0000000000000000000343682410411232,19.4638426943883,432.465713398115
"TSC22D3",5,2,-0.925894389293677,-0.875107628505609,0.925894389293677,1.33383760705493,0.00000000000000000000000000000000000000000000300443245809301,0.000000000000000000317599033557077,"Highly recurrent (5+)",0.00000000000000000000000000000000000000000000300443245809301,44.5222375548084,412.228899507973
"ZFP36L2",5,3,-0.526926055617611,-0.754274800364457,0.841697170810245,0.954749327009958,0.000000000000000000000000000000122634559006896,0.0000000000000000459250036980917,"Highly recurrent (5+)",0.000000000000000000000000000000122634559006896,30.9113871263019,390.270406350428
"AC020916.1",3,2,-0.752750360657232,-2.37238855794672,3.28096158319139,4.47520893024785,0.000000000000000000584773872744152,0.000000000024433958197615,"Moderately recurrent (3-4)",0.000000000000000000584773872744152,18.2330120395668,358.930872286109
"XAF1",4,2,1.99622511166035,1.40094921169982,1.99622511166035,4.29217093406629,0.00000000000000000000011332691431723,0.00000000231868730016006,"Moderately recurrent (3-4)",0.00000000000000000000011332691431723,21.9456669361088,350.467931439957
"MTRNR2L1",7,3,-1.37176346748005,-1.29279605522223,1.37176346748005,2.462117920412,0.00000000000730467449215235,0.0000458299405591312,"Highly recurrent (5+)",0.00000000000730467449215235,11.1363991321474,320.806615263884
"ISG15",4,2,1.85703965302067,1.21406040391829,1.85703965302067,4.35607483393896,0.000000000000000000000647096823040219,0.000000165511590290237,"Moderately recurrent (3-4)",0.000000000000000000000647096823040219,21.1890307323668,314.790962232629
"HBB",7,1,-0.587286599873103,-0.78190222230122,1.01780158968297,1.50680246433454,0.0000000000000000000000000000000000000000823971234519952,0.0000000000522884775589849,"Highly recurrent (5+)",0.0000000000000000000000000000000000000000823971234519952,40.0840879495982,285.583539052651
"IFIT3",2,2,2.34504711744176,2.11759893267052,2.34504711744176,3.90441070882333,0.0000000000000000000000000000245427788324472,0.0000000202621764613226,"Shared across 2 cell types",0.0000000000000000000000000000245427788324472,28.6100762662515,268.367907511847
"IRS2",5,3,-0.30843676553643,-0.96037690312856,1.16261957606903,1.36191870375631,0.000000000000000496311847262646,0.000000000210367909744039,"Highly recurrent (5+)",0.000000000000000496311847262646,15.3042453578082,266.895228749269
"HERC5",2,2,2.3562706079719,1.43989110571505,2.3562706079719,4.75052230342948,0.000000000000000000000000000890795876927089,0.0000000000000507101174727256,"Shared across 2 cell types",0.000000000000000000000000000890795876927089,27.0502218017772,254.950570282593
"SLA",4,2,-1.01011073744512,-0.941695291566392,1.01011073744512,1.47275972139124,0.000000000000000000000000000000091413931310099,0.0000000757923117948049,"Moderately recurrent (3-4)",0.000000000000000000000000000000091413931310099,31.0389876135654,250.822517343107
"JUND",5,3,0.741827321812001,0.620579894542697,0.741827321812001,1.05477384203963,0.000000000000000000000343229040790627,0.00000000120865644045113,"Highly recurrent (5+)",0.000000000000000000000343229040790627,21.4644159733829,238.843353236901
"TNFAIP3",5,3,-0.255976202279671,-0.537286150570735,0.96722689104751,1.48391036387635,0.000000000000000239822830914635,0.000000000108195579052963,"Highly recurrent (5+)",0.000000000000000239822830914635,15.6201094748307,226.622848877434
"JUN",4,2,-1.82632387085248,-2.76340151719284,2.5901550364679,3.28134606945013,0.0000000000301718286391352,0.00000123799011867084,"Moderately recurrent (3-4)",0.0000000000301718286391352,10.5203983675241,217.995702538329
"ZNF331",3,3,0.631480554019976,1.52017215253358,1.66408368754146,2.25613736655679,0.00000000000000574762220302282,0.0000501923862338896,"Moderately recurrent (3-4)",0.00000000000000574762220302282,14.2405117862119,213.276630291094
"METRNL",3,3,-0.049060027250907,-0.677602558647115,1.11687166994693,1.51655682813438,0.00000000000000000000513951366508252,0.00000000000023833427836532,"Moderately recurrent (3-4)",0.00000000000000000000513951366508252,20.2890779748887,203.942667595477
"IFI44",4,2,2.70001304787663,1.8991632286203,2.70001304787663,4.5348786010165,0.00000000123263834309352,0.00000290345956524518,"Moderately recurrent (3-4)",0.00000000123263834309352,8.90916432700374,192.438879428697
"SAP30",2,1,-2.29723985378096,-2.29723985378096,2.29723985378096,2.51618362763142,0.00000000000000000000000000000000000000000510778843762495,0.0000000000000000000000000000000040599096876783,"Shared across 2 cell types",0.00000000000000000000000000000000000000000510778843762495,41.2917670993246,189.714186027219
"SRGAP1",2,1,-3.22576477512353,-3.22576477512353,3.22576477512353,3.54438964014294,0.00000000000000000000000000153433480435543,0.0000000000000344605971153482,"Shared across 2 cell types",0.00000000000000000000000000153433480435543,26.8140798634517,172.991828601743
"PPP1R15A",4,2,-0.427499695353446,-1.28375920643991,1.93513899663233,2.94094778284452,0.00000000000669600023483929,0.0000196847497403518,"Moderately recurrent (3-4)",0.00000000000669600023483929,11.1741845397834,172.988802068008
"IFI6",3,2,1.91722049679802,1.54825994998338,1.91722049679802,3.37146730189039,0.00000000000000162404383566174,0.0000217983038862949,"Moderately recurrent (3-4)",0.00000000000000162404383566174,14.7894022526016,170.127270804471
"IFIT1",1,2,3.41655443007259,3.41655443007259,3.41655443007259,5.12520620724922,0.000000000000000000000000487477534501793,0.0000000000000000612546499349543,"Cell-type-specific",0.000000000000000000000000487477534501793,24.312045394051,166.126852790342
"IGHA1",2,1,-3.62867091014934,-3.62867091014934,3.62867091014934,5.38094886625987,0.0000000000000000000000333617884583976,0.00000253644770853868,"Shared across 2 cell types",0.0000000000000000000000333617884583976,22.4767506757563,163.121462663593
"SAMSN1",3,3,-0.476786730703727,-0.884432483849124,1.01405214120933,1.21281277612787,0.0000000000000000303224229899026,0.00137437172093175,"Moderately recurrent (3-4)",0.0000000000000000303224229899026,16.5182360982544,150.753174159925
"CXCR4",4,1,-0.970526099185958,-1.01968641678412,0.970526099185958,1.22150316995722,0.000000000000000000000000000000000000142630338831021,0.000000000000000000000988159612338831,"Moderately recurrent (3-4)",0.000000000000000000000000000000000000142630338831021,36.8457880860867,143.039195930489
"EIF2AK2",4,2,1.44425855178957,1.22175081096654,1.44425855178957,2.73149974472057,0.000000000000858835905976612,0.00000452534987929312,"Moderately recurrent (3-4)",0.000000000000858835905976612,12.0660898069913,139.412427123265
"MYADM",3,2,-0.291499750332043,-0.783288302661414,1.87794245240031,2.55698171769847,0.00000000000103934370244202,0.000330030668325298,"Moderately recurrent (3-4)",0.00000000000103934370244202,11.9832408110661,135.023019818622
"IFIT2",1,2,2.60768000701492,2.60768000701492,2.60768000701492,3.88302561126687,0.0000000000000000000000000996647965045848,0.00000000875824732047595,"Cell-type-specific",0.0000000000000000000000000996647965045848,25.0014582156463,130.39160547032
"SOCS1",4,2,-1.1875190110268,-1.19667867036749,1.1875190110268,1.8828213716395,0.000000000000029069308496773,0.000000650547684729286,"Moderately recurrent (3-4)",0.000000000000029069308496773,13.5365652991414,128.599429093889
"LY6E",2,2,2.42727262302079,1.88230311300698,2.42727262302079,3.94723879691605,0.0000000000000761351023662372,0.000000000000860342992995738,"Shared across 2 cell types",0.0000000000000761351023662372,13.1184150640035,127.367878969117
"DDIT4",6,1,-1.06598241651624,-0.949308083141021,1.06598241651624,1.69391317800434,0.000000000000000000232869771331301,0.00000000169611082572868,"Highly recurrent (5+)",0.000000000000000000232869771331301,18.6328868832818,119.173978719087
"ATF3",2,2,1.03795510436685,2.5093142119692,2.73598058815431,3.15158932681253,0.0000000000217696718228827,0.00000000279581375101631,"Shared across 2 cell types",0.0000000000217696718228827,10.6621481178852,116.68572111424
"CMPK2",2,2,4.2880522039358,1.90888806100343,4.2880522039358,9.06352077977209,0.000000231870197345733,0.00000371281194325681,"Shared across 2 cell types",0.000000231870197345733,6.63475506835235,113.80070437369
"EPSTI1",4,2,0.877546073447819,1.23711457431297,1.63234527307877,3.38413865363917,0.00000000210010493950864,0.0000000849278697842976,"Moderately recurrent (3-4)",0.00000000210010493950864,8.67775900359424,113.32079112347
"NR4A2",4,2,0.523268590609515,1.66186228773693,2.02048573297686,2.8107819507816,0.000000221759079178092,0.0000134495262565326,"Moderately recurrent (3-4)",0.000000221759079178092,6.6541185904084,107.55641341965
"OAS3",2,2,2.78228300109964,1.79606471983137,2.78228300109964,5.05632072446991,0.00000000031384407309537,0.0000000291892462323438,"Shared across 2 cell types",0.00000000031384407309537,9.50328606853081,105.763325132241
"TIPARP",3,2,-0.306708145437736,-1.38727361540048,1.95345321969064,2.31708343890762,0.00000000119205998523787,0.000195421179281026,"Moderately recurrent (3-4)",0.00000000119205998523787,8.92370189006362,104.592205132225
"MYL4",1,2,5.07134215957786,5.07134215957786,5.07134215957786,6.38429876505954,0.000000000256267704369682,0.00566920904690885,"Cell-type-specific",0.000000000256267704369682,9.59130612147002,97.2815901984561
"CCL3L1",1,2,2.19272772566281,2.19272772566281,2.19272772566281,2.51711881406348,0.000000000000000000000146843440182853,0.00000000000000000965622697094109,"Cell-type-specific",0.000000000000000000000146843440182853,21.8331454495908,95.7482867314932
"PLEK",3,3,-0.073045194155655,-0.0985583660272175,0.682661289232481,0.756462484274038,0.0000000000000273228668142176,0.0000609451927494927,"Moderately recurrent (3-4)",0.0000000000000273228668142176,13.5634737348486,83.333326196724
"TMEM176B",2,2,-0.750155186389731,-1.21022388330873,1.10217695706104,1.56827433186743,0.000000000000000000143161900429892,0.0000399139681427072,"Shared across 2 cell types",0.000000000000000000143161900429892,18.844172545119,83.0784510164501
"GIMAP4",4,2,-0.64859518880794,-0.584079438228555,0.64859518880794,0.89278335992327,0.000000000000000100660647426361,0.00000000741774596151338,"Moderately recurrent (3-4)",0.000000000000000100660647426361,15.9971402806467,83.0053457657051
"IRAK3",3,2,-1.00846164893402,-0.82964415015485,1.00846164893402,1.64050692405853,0.0000000000000463107690137045,0.00255663405728996,"Moderately recurrent (3-4)",0.0000000000000463107690137045,13.3343180072671,80.6828899501152
"HLA-DRB5",2,2,-0.829899731546172,-0.829899731546172,0.829899731546172,0.835518871821763,0.000000000000000000000000933101629747103,0.00480674433943864,"Shared across 2 cell types",0.000000000000000000000000933101629747103,24.0300710520363,79.7701980604814
"PDK4",2,2,-1.80239708902094,-2.00975395986722,1.80239708902094,2.33926360875188,0.0000000000516830427458059,0.00000000095424146688961,"Shared across 2 cell types",0.0000000000516830427458059,10.286651925957,74.1625259484662
"TAGAP",4,3,-0.100933113925332,-0.697905150092262,0.84748134321605,1.08246623530705,0.0000000746385948857712,0.000200021713884087,"Moderately recurrent (3-4)",0.0000000746385948857712,7.12703654502656,72.4803660519478
"ADAMTS2",1,1,-5.41451874608196,-5.41451874608196,5.41451874608196,5.41451874608196,0.0000000000000733818828417343,0.0000000000000733818828417343,"Cell-type-specific",0.0000000000000733818828417343,13.1344111492538,71.1165153863824
"CSRNP1",3,2,0.57279328476962,1.63915502725561,1.71595467797519,2.17547668942743,0.00000015378130314934,0.000374808765721094,"Moderately recurrent (3-4)",0.00000015378130314934,6.8130964631865,70.1457884850065
"PHC2",2,2,-1.18039802993482,-1.18039802993482,1.18039802993482,1.54450760197829,0.00000000000000161350554532028,0.00109747102428642,"Shared across 2 cell types",0.00000000000000161350554532028,14.7922295376677,69.8428744184265
"MT-ND3",2,1,-0.021775147583044,-0.021775147583044,0.630478631290464,0.652253778873508,0.0000000000000000000000000000000000000000000000000000000628663550071273,0.0000137022028558718,"Shared across 2 cell types",0.0000000000000000000000000000000000000000000000000000000628663550071273,55.201581719325,69.6068353749375
"SMAP2",3,2,-0.703749829010377,-0.746325858434204,0.703749829010377,0.848552782752252,0.000000000000000173717509876733,0.00000000000436038703846593,"Moderately recurrent (3-4)",0.000000000000000173717509876733,15.7601564045835,66.5472442494146
"MIDN",2,2,-1.42221065496332,-1.42221065496332,1.42221065496332,2.09533052870504,0.0000000000024329897678452,0.00431472132059486,"Shared across 2 cell types",0.0000000000024329897678452,11.6138597175294,66.0694201420785
"KLF6",3,3,-0.478220572347804,-0.787632658396592,1.09632132572646,1.6501562902481,0.000000223590057603263,0.00000623769516555295,"Moderately recurrent (3-4)",0.000000223590057603263,6.65054751216326,65.6202335880747
"MT2A",3,2,0.938015298483932,1.07490429481878,1.47703278992936,2.68028758718902,0.0000000821980564720249,0.00135032765813146,"Moderately recurrent (3-4)",0.0000000821980564720249,7.08513845099345,62.7898908798399
"OAS2",3,2,1.84376585011994,1.58719816742886,1.84376585011994,3.12902830805559,0.00000218108218935339,0.0000847852150214835,"Moderately recurrent (3-4)",0.00000218108218935339,5.66132796866701,62.6289790497426
"NFKBIA",3,3,0.0467963221820504,0.546597099651062,0.90674229348077,1.43812366584004,0.0000000431516801939305,0.000499977379025329,"Moderately recurrent (3-4)",0.0000000431516801939305,7.36500228952592,60.1034316074627
"PRDM1",3,1,-1.07098485320101,-0.956628029378292,1.07098485320101,1.6472366105713,0.000000000000000000535339123225746,0.000000581409844112391,"Moderately recurrent (3-4)",0.000000000000000000535339123225746,18.2713710166947,58.7050848182879
"CREM",1,3,0.562450951861173,1.49660498794677,1.54385456650968,1.66285328960951,0.000000000000367856698713274,0.00000000000652699500218439,"Cell-type-specific",0.000000000000367856698713274,12.4343213309964,57.5903513049227
"HBA2",4,1,-1.23194140584295,-1.17621269981217,1.23194140584295,1.80204569005056,0.00000000000969477140141126,0.000000998220843412901,"Moderately recurrent (3-4)",0.00000000000969477140141126,11.0134624269438,54.2717615417906
"S100A11",2,2,-0.780708383033768,-0.753998842292167,0.780708383033768,0.886408128473876,0.00000000000000000968406639826751,0.00000000000105785321514732,"Shared across 2 cell types",0.00000000000000000968406639826751,17.0139422415039,53.1317093455778
"LTB",2,2,0.718954741627299,0.718954741627299,0.718954741627299,0.908574001937011,0.000000000000000000552363537627056,0.00375733638333103,"Shared across 2 cell types",0.000000000000000000552363537627056,18.2577749975989,52.5060556243522
"CD163",2,1,-1.46596628835302,-1.46596628835302,1.46596628835302,1.71534279382973,0.00000000000000000131962425531636,0.0000000384205949974973,"Shared across 2 cell types",0.00000000000000000131962425531636,17.8795497105159,52.4216342530964
"LGALS1",2,2,-1.08111829926606,-1.08111829926606,1.08111829926606,1.44809994625207,0.00000000000115772731209551,0.00357306080968881,"Shared across 2 cell types",0.00000000000115772731209551,11.9363937210905,51.618614716462
"PF4",4,2,0.440487651870837,1.03444934037166,1.11881331457325,1.35665132540482,0.00000249833973881308,0.00808587960343068,"Moderately recurrent (3-4)",0.00000249833973881308,5.60234850404866,50.1438567936733
"ASPH",2,1,-1.72349113131864,-1.72349113131864,1.72349113131864,2.31115743895241,0.0000000000000115650524034922,0.00153855705795858,"Shared across 2 cell types",0.0000000000000115650524034922,13.9368523950165,48.0400830026158
"LMNA",2,2,-0.976250752030635,-0.848958467429815,1.58015025449882,2.98564304236436,0.0000000335200945604146,0.00000274345982335718,"Shared across 2 cell types",0.0000000335200945604146,7.47469476489235,47.2445633401824
"SRSF5",2,1,-0.622185277464444,-0.622185277464444,0.622185277464444,0.633815067749883,0.0000000000000000000000000000000000000387437498760564,0.00000000000000000000000000176396448179668,"Shared across 2 cell types",0.0000000000000000000000000000000000000387437498760564,37.4117983476937,46.5541402708072
"MAFF",2,2,-0.42008101239694,-0.42008101239694,2.02391908394752,2.44400009634446,0.00000207251544370774,0.0112287901360789,"Shared across 2 cell types",0.00000207251544370774,5.68350222454509,46.01179446366
"IFNGR1",4,3,-0.369663832498133,-0.566988316399662,0.748798757062282,0.954793177926355,0.00000761058152028676,0.00214289434351832,"Moderately recurrent (3-4)",0.00000761058152028676,5.11858215776257,45.9934554918455
"CDKN1A",2,2,0.190962714508543,0.167839896109845,1.71872997048503,2.36207196763858,0.000000242381642375189,0.0000213592599465597,"Shared across 2 cell types",0.000000242381642375189,6.6155002760778,45.4810343769876
"ARL4A",2,1,-1.25654272221619,-1.25654272221619,1.25654272221619,1.68079118565193,0.0000000000000000013934092460678,0.000335354443832275,"Shared across 2 cell types",0.0000000000000000013934092460678,17.8559213119995,44.8734559461157
"DUSP1",3,1,-1.48909855711845,-1.8265217919827,1.48909855711845,1.83760515590985,0.000000000100447591219649,0.000000024423623470293,"Moderately recurrent (3-4)",0.000000000100447591219649,9.99806047337624,44.6642922746628
"MX2",3,1,1.88030930509843,1.23582300795358,1.88030930509843,3.50183583150194,0.0000000159762484822277,0.00000533725818074573,"Moderately recurrent (3-4)",0.0000000159762484822277,7.79652519340393,43.9796366057753
"DYNLL1",4,1,-0.679664602732597,-0.662394195497963,0.679664602732597,0.891986295100542,0.000000000000000186448041782673,0.0000460278035626647,"Moderately recurrent (3-4)",0.000000000000000186448041782673,15.7294421735655,42.7629802644069
"DNAJA1",3,2,-0.280484949540133,-0.505944444885165,0.626166169137238,0.854032233130892,0.0000000000094065068791313,0.000163019495885438,"Moderately recurrent (3-4)",0.0000000000094065068791313,11.0265716225622,41.4267966697031
"RGS1",2,1,-2.29894037997548,-2.29894037997548,2.29894037997548,2.55088061619002,0.00000000100226244772354,0.0000118787646985014,"Shared across 2 cell types",0.00000000100226244772354,8.99901854126943,41.3764142093446
"SH3BP5",3,2,-0.893706774347893,-0.74123827272643,0.893706774347893,1.26383563004236,0.0000000230446744177975,0.00050095492914614,"Moderately recurrent (3-4)",0.0000000230446744177975,7.63742942334127,40.9537344854641
"CD83",1,2,0.872512820903949,0.872512820903949,0.872512820903949,0.979742384406787,0.00000000000000000000000556972042820951,0.00000000000000378139522709035,"Cell-type-specific",0.00000000000000000000000556972042820951,23.2541666036652,40.5791170022688
"PELI1",3,2,0.311242773760668,0.731574033865742,0.86237393684006,1.02885103203535,0.0000000401210293572816,0.0000781389020105768,"Moderately recurrent (3-4)",0.0000000401210293572816,7.39662793311791,38.2719549001443
"IFIT5",1,2,2.55036951852644,2.55036951852644,2.55036951852644,3.76856904890702,0.0000000791136663915375,0.000040341826743994,"Cell-type-specific",0.0000000791136663915375,7.1017484883637,36.224165745928
"WEE1",1,1,-2.21432622540732,-2.21432622540732,2.21432622540732,2.21432622540732,0.00000000000000017895917866084,0.00000000000000017895917866084,"Cell-type-specific",0.00000000000000017895917866084,15.747246022116,34.8695398447125
"IL18R1",1,1,-2.27373322999972,-2.27373322999972,2.27373322999972,2.27373322999972,0.00000000000000165311370774747,0.00000000000000165311370774747,"Cell-type-specific",0.00000000000000165311370774747,14.7816972728963,33.6096362851805
"PIK3IP1",2,2,-0.728246160478515,-0.728246160478515,0.728246160478515,0.920671742775688,0.00000000000830239719347223,0.00000000114720417924329,"Shared across 2 cell types",0.00000000000830239719347223,11.0807964934573,32.2781900056162
"ID1",1,2,-0.28164540906435,-0.28164540906435,2.52748804348437,2.80913345254872,0.000000628504885649984,0.0226510105980824,"Cell-type-specific",0.000000628504885649984,6.20169134199937,31.3494014325679
"JDP2",1,2,-0.952878051671596,-0.952878051671596,0.952878051671596,1.35448478035645,0.0000000000000000669100957345756,0.00620468832708063,"Cell-type-specific",0.0000000000000000669100957345756,16.1745083487341,30.8246680041754
"CLEC4E",2,1,-1.42307770771559,-1.42307770771559,1.42307770771559,1.69895055066969,0.000000000015532266693579,0.0000000594558111030363,"Shared across 2 cell types",0.000000000015532266693579,10.8087651610982,30.7634254973836
"CDKN2D",4,1,0.695277434601434,0.69498571029291,0.695277434601434,0.782451733260237,0.00000000000946180998802911,0.000137618058065285,"Moderately recurrent (3-4)",0.00000000000946180998802911,11.0240257776972,30.6590254467895
"BTG2",1,1,1.40574588762677,1.40574588762677,1.40574588762677,1.40574588762677,0.000000000000000000000246847374471051,0.000000000000000000000246847374471051,"Cell-type-specific",0.000000000000000000000246847374471051,21.607571487682,30.3747547604105
"SCO2",2,1,1.10725377141826,1.10725377141826,1.10725377141826,1.39242031891966,0.0000000000000516194864319978,0.0000249069942065214,"Shared across 2 cell types",0.0000000000000516194864319978,13.2871863206147,29.4245743300754
"PLIN2",2,1,-1.28433542918371,-1.28433542918371,1.28433542918371,1.56477011521864,0.00000000000421759343597568,0.00000000307174297730556,"Shared across 2 cell types",0.00000000000421759343597568,11.374935287333,29.2184647883875
"LINC01781",1,1,-1.55710816080103,-1.55710816080103,1.55710816080103,1.55710816080103,0.000000000000000000192556607000585,0.000000000000000000192556607000585,"Cell-type-specific",0.000000000000000000192556607000585,18.7154415752772,29.141966809859
"HLA-DRB1",1,1,0.686481911902112,0.686481911902112,0.686481911902112,0.686481911902112,0.0000000000000000000000000000000000000000141489150413909,0.0000000000000000000000000000000000000000141489150413909,"Cell-type-specific",0.0000000000000000000000000000000000000000141489150413909,40.8492768611717,28.0422896794758
"CD55",3,2,-0.683922186506631,-0.610780432627161,0.683922186506631,0.859102810935456,0.000000162913224758724,0.00122440807560099,"Moderately recurrent (3-4)",0.000000162913224758724,6.78804365966561,27.8549619709259
"C1orf162",3,2,-0.767624337688545,-0.807969995197593,0.767624337688545,0.869646068458216,0.00000105104043014485,0.00000146163691186745,"Moderately recurrent (3-4)",0.00000105104043014485,5.97838057773856,27.5349025886197
"SESN1",2,2,-1.25827065247417,-1.25827065247417,1.25827065247417,1.48882408612643,0.00000360469596792013,0.000102898813451895,"Shared across 2 cell types",0.00000360469596792013,5.44313135924491,27.3957297875989
"HSPA8",1,2,-0.805749783003721,-0.805749783003721,0.805749783003721,0.96344254399865,0.000000000000000138776654702148,0.0000105932096573838,"Cell-type-specific",0.000000000000000138776654702148,15.857683585659,25.5546502161728
"CCR7",2,1,-0.608751096153284,-0.608751096153284,0.608751096153284,0.698090063665636,0.00000000000000000000372359242803342,0.00244077738197421,"Shared across 2 cell types",0.00000000000000000000372359242803342,20.42903786151,24.8723983831023
"MYOM2",2,1,-1.29037732417725,-1.29037732417725,1.29037732417725,1.94885339707056,0.000000000279355234871615,0.00000518480567621624,"Shared across 2 cell types",0.000000000279355234871615,9.55384318593061,24.6561252117404
"PTGS2",1,2,0.397481394088156,0.397481394088156,0.965918004573314,1.36339939866147,0.000000000000229446660060463,0.000141301103763244,"Cell-type-specific",0.000000000000229446660060463,12.6393182597295,24.4170901452099
"RNF213",1,1,1.67434779846466,1.67434779846466,1.67434779846466,1.67434779846466,0.00000000000000561683958438362,0.00000000000000561683958438362,"Cell-type-specific",0.00000000000000561683958438362,14.2505079792949,23.8603066621355
"OASL",1,1,3.23036890755062,3.23036890755062,3.23036890755062,3.23036890755062,0.000000105537438233592,0.000000105537438233592,"Cell-type-specific",0.000000105537438233592,6.97659345189205,22.5369705676133
"SAMD9",2,2,0.584896865996084,0.584896865996084,1.23238873582486,1.81728560182094,0.0000268360837958564,0.0187596839576131,"Shared across 2 cell types",0.0000268360837958564,4.57128086070654,22.534380164106
"ZC3HAV1",1,2,1.53879220648998,1.53879220648998,1.53879220648998,1.58378675169286,0.0000000935564782424054,0.0121825513231234,"Cell-type-specific",0.0000000935564782424054,7.02892613475383,21.6321135123059
"KLF10",3,2,-0.137771347036552,0.509885732881444,0.847740913901828,1.47826839140757,0.0000649193290656937,0.000566739900916931,"Moderately recurrent (3-4)",0.0000649193290656937,4.18762597720952,21.3001312379918
"BCL7A",1,1,1.38877763510747,1.38877763510747,1.38877763510747,1.38877763510747,0.00000000000000112617028180515,0.00000000000000112617028180515,"Cell-type-specific",0.00000000000000112617028180515,14.9483959373203,20.7599979584818
"SYTL3",3,3,-0.204174101408237,-0.533854948183885,0.731162361730112,0.869149746523638,0.000723750153895263,0.00342607495635779,"Moderately recurrent (3-4)",0.000723750153895263,3.1404113309179,20.6653550896614
"PRKDC",1,1,-1.52825722943804,-1.52825722943804,1.52825722943804,1.52825722943804,0.0000000000000446706516146907,0.0000000000000446706516146907,"Cell-type-specific",0.0000000000000446706516146907,13.3499777123905,20.4021999517975
"KLF4",2,2,-0.487517210030193,-1.24222031872679,1.17371729638331,1.24963144089347,0.0000596232849245922,0.00150800277719382,"Shared across 2 cell types",0.0000596232849245922,4.22458410033755,19.8338697143685
"DYNLT1",2,2,0.241154230729878,0.660998668134034,0.69983315618247,0.750482412234489,0.0000000878078022889743,0.000665411706304382,"Shared across 2 cell types",0.0000000878078022889743,7.05646689251646,19.7533979875476
"CPD",1,1,-1.16988979276856,-1.16988979276856,1.16988979276856,1.16988979276856,0.0000000000000000204392720107327,0.0000000000000000204392720107327,"Cell-type-specific",0.0000000000000000204392720107327,16.6895345766074,19.5249161472309
"JUNB",2,1,0.852626964758447,0.852626964758447,0.852626964758447,1.10798709879971,0.0000000000041899706629339,0.0137286207681811,"Shared across 2 cell types",0.0000000000041899706629339,11.3777890178381,19.4020194318826
"ELL2",2,1,-2.09930628570149,-2.09930628570149,2.09930628570149,2.58581261673419,0.0000301456038795283,0.0000412638927323272,"Shared across 2 cell types",0.0000301456038795283,4.52077601188421,18.980986995994
"PICK1",2,1,-1.50269931309909,-1.50269931309909,1.50269931309909,1.68780272089162,0.00000049842747360206,0.000271879791834192,"Shared across 2 cell types",0.00000049842747360206,6.30239802713354,18.9412183725012
"FLT3",1,1,-2.55563283540162,-2.55563283540162,2.55563283540162,2.55563283540162,0.0000000508545565539614,0.0000000508545565539614,"Cell-type-specific",0.0000000508545565539614,7.29367012833444,18.6399428705595
"AL118516.1",1,2,-0.38237061379913,-0.38237061379913,1.89824460870531,2.28061522250444,0.0000123318183980603,0.00134176952867841,"Cell-type-specific",0.0000123318183980603,4.90897287944513,18.6368626053746
"MAP3K8",3,2,0.47070822687911,0.853307212382107,0.83782550482019,0.910453038634387,0.000213191885642208,0.00215980319235019,"Moderately recurrent (3-4)",0.000213191885642208,3.67122932913832,18.455097395976
"IGHD",1,1,0.851123549982168,0.851123549982168,0.851123549982168,0.851123549982168,0.000000000000000000000225905064427501,0.000000000000000000000225905064427501,"Cell-type-specific",0.000000000000000000000225905064427501,21.6460740327881,18.4234833739634
"YPEL5",4,2,-0.0965179910266722,-0.144622822860694,0.989831347796242,1.24543555942566,0.0050126815450611,0.00664649227245031,"Moderately recurrent (3-4)",0.0050126815450611,2.29992988517665,18.2123415846501
"IGHA2",1,1,-2.12385189269378,-2.12385189269378,2.12385189269378,2.12385189269378,0.00000000273820709460061,0.00000000273820709460061,"Cell-type-specific",0.00000000273820709460061,8.56253370863408,18.1855534233368
"HBA1",4,1,-1.48303713253638,-1.49185417826402,1.48303713253638,2.30747952575098,0.00108196555152662,0.00288291286258557,"Moderately recurrent (3-4)",0.00108196555152662,2.9657865664199,17.5934864207131
"GNG11",2,1,1.58361338292017,1.58361338292017,1.58361338292017,2.16146338383598,0.00000298528355589166,0.00462483934299746,"Shared across 2 cell types",0.00000298528355589166,5.52501441129831,17.4989735251176
"PER1",2,2,-0.905440755210475,-0.905440755210475,0.905440755210475,1.07163285842532,0.0000148060066725534,0.00517671063981743,"Shared across 2 cell types",0.0000148060066725534,4.82956205923232,17.4915292729887
"ZFP36",1,1,-1.24031009533725,-1.24031009533725,1.24031009533725,1.24031009533725,0.00000000000000819483161003276,0.00000000000000819483161003276,"Cell-type-specific",0.00000000000000819483161003276,14.0864599660209,17.4715785034197
"ADAR",2,1,0.959629936213071,0.959629936213071,0.959629936213071,1.37315670516428,0.000000000874586832674877,0.0154623563905102,"Shared across 2 cell types",0.000000000874586832674877,9.0581970654541,17.3850341442543
"CLECL1",2,2,-0.920230381756956,-0.920230381756956,0.920230381756956,1.02248605236377,0.0000217979094417313,0.0000492400890842272,"Shared across 2 cell types",0.0000217979094417313,4.66158515600349,17.1589291508066
"GLUL",1,2,-0.687834953043708,-0.687834953043708,0.687834953043708,0.86929839998914,0.000000000000658400558458452,0.00769848507190515,"Cell-type-specific",0.000000000000658400558458452,12.181509809425,16.7577364555346
"STAT1",2,1,1.02387166879404,1.02387166879404,1.02387166879404,1.10706506154634,0.00000000875816996983372,0.000413079090807206,"Shared across 2 cell types",0.00000000875816996983372,8.05758663070765,16.4998693400703
"FBXO32",2,3,-0.27170315431184,-0.699298472173325,0.868551436344576,1.0110834138113,0.000803075002347351,0.0022836052480739,"Shared across 2 cell types",0.000803075002347351,3.09524389234962,16.1302711712223
"CD69",2,2,-0.215135114367035,-0.630310637390652,0.706744614137689,0.752508955366433,0.00000206049626513523,0.00190394647362762,"Shared across 2 cell types",0.00000206049626513523,5.6860281683428,16.0742791352459
"IFITM1",2,2,0.220510696039965,0.615835988269576,0.699743752563571,0.764545684635727,0.00000185284679231789,0.0000560648465440658,"Shared across 2 cell types",0.00000185284679231789,5.73216049001826,16.0441739663281
"PIK3R1",2,2,0.541333158119828,0.534690654981345,0.541333158119828,0.582817709158745,0.0000000431114050355885,0.000000113309134107314,"Shared across 2 cell types",0.0000000431114050355885,7.36540782290674,15.9485579104584
"IFITM3",1,1,2.02795321259984,2.02795321259984,2.02795321259984,2.02795321259984,0.0000000152710343435084,0.0000000152710343435084,"Cell-type-specific",0.0000000152710343435084,7.81613154614825,15.8507490791143
"AL139020.1",1,1,-1.94066508694848,-1.94066508694848,1.94066508694848,1.94066508694848,0.00000000748660479747507,0.00000000748660479747507,"Cell-type-specific",0.00000000748660479747507,8.12571509178258,15.7692915851128
"SSPN",1,1,-1.8948214809291,-1.8948214809291,1.8948214809291,1.8948214809291,0.00000000511142271025507,0.00000000511142271025507,"Cell-type-specific",0.00000000511142271025507,8.29145820178003,15.7108331089586
"NR4A3",1,1,2.25468559483146,2.25468559483146,2.25468559483146,2.25468559483146,0.000000114817169571487,0.000000114817169571487,"Cell-type-specific",0.000000114817169571487,6.93999316339625,15.6475026137383
"PPBP",3,1,0.793168406104633,0.825536910884006,0.793168406104633,0.892987204324342,0.000000340984108964636,0.00000917424819967865,"Moderately recurrent (3-4)",0.000000340984108964636,6.46726586015642,15.3888928624655
"ISG20",2,1,-0.767538131247023,-0.767538131247023,0.767538131247023,0.937735207741854,0.000000000102020485218347,0.000000000147667671871731,"Shared across 2 cell types",0.000000000102020485218347,9.9913126152574,15.3374268268389
"PLEKHO2",1,2,0.000028496463339911,0.000028496463339911,1.05651190787619,1.05654040433953,0.0000000709218017874586,0.00115585108750842,"Cell-type-specific",0.0000000709218017874586,7.14922023956279,15.1064726302551
"KLRC2",1,1,-1.79886768581299,-1.79886768581299,1.79886768581299,1.79886768581299,0.00000000447617656792315,0.00000000447617656792315,"Cell-type-specific",0.00000000447617656792315,8.34909279056141,15.0189132267951
"TMEM123",2,1,1.17068442283965,1.17068442283965,1.17068442283965,1.70558918218991,0.00000076251314327864,0.0000619023567834763,"Shared across 2 cell types",0.00000076251314327864,6.11775266607404,14.3239154979172
"CNOT6L",1,1,-0.924633222442271,-0.924633222442271,0.924633222442271,0.924633222442271,0.000000000000000332400419590378,0.000000000000000332400419590378,"Cell-type-specific",0.000000000000000332400419590378,15.4783384366759,14.3117859467557
"GIMAP7",2,1,-0.617390835840355,-0.617390835840355,0.617390835840355,0.652062890136542,0.00000000000339752418846937,0.00000000108239630794281,"Shared across 2 cell types",0.00000000000339752418846937,11.468837442651,14.1615102696709
"COCH",1,1,-1.95872935109496,-1.95872935109496,1.95872935109496,1.95872935109496,0.0000000681821365685457,0.0000000681821365685457,"Cell-type-specific",0.0000000681821365685457,7.16632939375848,14.0368997231693
"KLF9",2,1,-0.857172600466812,-0.857172600466812,0.857172600466812,0.867401633965877,0.00000000670973845335488,0.00156768951100391,"Shared across 2 cell types",0.00000000670973845335488,8.1732944083673,14.0118480448021
"GRASP",1,1,1.67027316742188,1.67027316742188,1.67027316742188,1.67027316742188,0.0000000062083727889872,0.0000000062083727889872,"Cell-type-specific",0.0000000062083727889872,8.20702221324806,13.7079689872236
"PLEKHO1",2,2,0.171874482988165,0.171874482988165,0.681355604018737,0.853230087006903,0.00000980360625121988,0.000153208684229293,"Shared across 2 cell types",0.00000980360625121988,5.00861413992878,13.6505892504318
"RNASE6",1,2,-1.03045395104759,-1.03045395104759,1.03045395104759,1.0582201396968,0.000000322434375106772,0.000000545913290807965,"Cell-type-specific",0.000000322434375106772,6.49155866375478,13.3785045470466
"DAAM1",1,1,-1.33799224781457,-1.33799224781457,1.33799224781457,1.33799224781457,0.000000000127153693305809,0.000000000127153693305809,"Cell-type-specific",0.000000000127153693305809,9.8956710207888,13.2403311127387
"DAAM2",1,1,-3.33655065844612,-3.33655065844612,3.33655065844612,3.33655065844612,0.000113697920436804,0.000113697920436804,"Cell-type-specific",0.000113697920436804,3.94424747859353,13.1601815217757
"G0S2",1,2,0.057430941263627,0.057430941263627,0.789143058320116,0.846573999583743,0.00000000723747502259054,0.000319433936168065,"Cell-type-specific",0.00000000723747502259054,8.14041292206517,12.8479006986142
"PLSCR1",1,1,2.24661854125906,2.24661854125906,2.24661854125906,2.24661854125906,0.00000350614158428622,0.00000350614158428622,"Cell-type-specific",0.00000350614158428622,5.45517055029793,12.2556873040297
"TRIM22",1,1,2.58613562296789,2.58613562296789,2.58613562296789,2.58613562296789,0.0000184467750627659,0.0000184467750627659,"Cell-type-specific",0.0000184467750627659,4.73407954792578,12.2429717608546
"TRAF3IP3",3,1,-0.581886858988427,-0.55274941031878,0.581886858988427,0.66121214113853,0.0000000974646675361864,0.000239209165829296,"Moderately recurrent (3-4)",0.0000000974646675361864,7.01115279430224,12.2390930320934
"CEBPD",3,1,-0.611467217437566,-0.614302382574877,0.611467217437566,0.713382412788563,0.000000212837680124393,0.000261437569275535,"Moderately recurrent (3-4)",0.000000212837680124393,6.67195148341893,12.2390388253338
"HMGB2",1,1,-1.01753648226898,-1.01753648226898,1.01753648226898,1.01753648226898,0.0000000000025093748467407,0.0000000000025093748467407,"Cell-type-specific",0.0000000000025093748467407,11.6004344595656,11.8038652727783
"IL7R",2,1,-0.895537871758313,-0.895537871758313,0.895537871758313,1.15065498895196,0.000000289908661108412,0.0000220635167075427,"Shared across 2 cell types",0.000000289908661108412,6.53773880977297,11.7095853996316
"PSMB9",2,1,-0.567025585097112,-0.567025585097112,0.567025585097112,0.6142478648804,0.0000000000986063572912615,0.0000176977301823605,"Shared across 2 cell types",0.0000000000986063572912615,10.0060950845769,11.3474238397391
"MARCKS",3,1,0.337885833181728,0.531633084549181,0.675275373057984,0.988108724810386,0.00000270550664555785,0.000572604771145095,"Moderately recurrent (3-4)",0.00000270550664555785,5.56775139496904,11.2792962009955
"SRGN",2,2,-0.838593940751802,-0.838593940751802,0.838593940751802,1.10040447898922,0.000443449313565742,0.000481597960153648,"Shared across 2 cell types",0.000443449313565742,3.35315601302886,11.2477452596859
"SC5D",2,1,-1.13173086032988,-1.13173086032988,1.13173086032988,1.25942358791958,0.0000107912000346447,0.0136701896578148,"Shared across 2 cell types",0.0000107912000346447,4.96693025694406,11.2424565057796
"CRIP1",1,1,-0.935332491386491,-0.935332491386491,0.935332491386491,0.935332491386491,0.00000000000120144242622682,0.00000000000120144242622682,"Cell-type-specific",0.00000000000120144242622682,11.9202970359887,11.1494411247384
"AP001189.1",1,1,1.60457315216437,1.60457315216437,1.60457315216437,1.60457315216437,0.000000121947084806917,0.000000121947084806917,"Cell-type-specific",0.000000121947084806917,6.91382857720677,11.0937437136528
"TMCC3",2,1,-1.11185792253092,-1.11185792253092,1.11185792253092,1.18991916742393,0.0000127813922004047,0.000052099430885113,"Shared across 2 cell types",0.0000127813922004047,4.89342183850757,10.8815796788609
"PARP14",2,1,1.25883264999766,1.25883264999766,1.25883264999766,1.35488670209874,0.0000493230732564426,0.000528207887698711,"Shared across 2 cell types",0.0000493230732564426,4.3069498709098,10.8434582388089
"FAM111B",1,1,2.10871225304987,2.10871225304987,2.10871225304987,2.10871225304987,0.00000834118322617928,0.00000834118322617928,"Cell-type-specific",0.00000834118322617928,5.07877233879251,10.7096694612625
"HIPK2",1,1,-1.40699202977429,-1.40699202977429,1.40699202977429,1.40699202977429,0.0000000275721318714567,0.0000000275721318714567,"Cell-type-specific",0.0000000275721318714567,7.55952965303767,10.6361979706664
"CD79B",1,1,-0.554887970706911,-0.554887970706911,0.554887970706911,0.554887970706911,0.0000000000000000000929559800702371,0.0000000000000000000929559800702371,"Cell-type-specific",0.0000000000000000000929559800702371,19.0317226658387,10.5604739691039
"CCR2",1,1,-0.982396722843865,-0.982396722843865,0.982396722843865,0.982396722843865,0.0000000000188676057014586,0.0000000000188676057014586,"Cell-type-specific",0.0000000000188676057014586,10.7242832082939,10.5355006786775
"ASAH1",1,1,-0.921335010682233,-0.921335010682233,0.921335010682233,0.921335010682233,0.00000000000425898960829397,0.00000000000425898960829397,"Cell-type-specific",0.00000000000425898960829397,11.3706934195802,10.4762179431933
"TUBB6",2,1,-1.27312729190849,-1.27312729190849,1.27312729190849,1.82240135029275,0.0000806655936866696,0.00267387769828101,"Shared across 2 cell types",0.0000806655936866696,4.09331166550441,10.4226135912821
"AC068587.4",1,1,1.76145068657029,1.76145068657029,1.76145068657029,1.76145068657029,0.0000012364091102289,0.0000012364091102289,"Cell-type-specific",0.0000012364091102289,5.90783780358644,10.4063649552732
"CES1",1,2,-0.901266246331943,-0.901266246331943,0.901266246331943,0.998735597295792,0.00000195185964191493,0.000338599979913662,"Cell-type-specific",0.00000195185964191493,5.70955141563115,10.2916519452102
"TNFRSF13B",1,1,-1.19143655746348,-1.19143655746348,1.19143655746348,1.19143655746348,0.00000000237662103041091,0.00000000237662103041091,"Cell-type-specific",0.00000000237662103041091,8.62404006417958,10.2749966054932
"LBR",2,2,-0.668240802516793,-0.668240802516793,0.668240802516793,0.67604089983309,0.000154463519260397,0.0042192843535796,"Shared across 2 cell types",0.000154463519260397,3.81117407452186,10.1871280883587
"ACSL1",2,1,-0.983106302270676,-0.983106302270676,0.983106302270676,1.13089598379948,0.00000787456851500556,0.0000203505153574805,"Shared across 2 cell types",0.00000787456851500556,5.10377323394294,10.0351032632994
"SOD2",1,1,-0.734657624233019,-0.734657624233019,0.734657624233019,0.734657624233019,0.0000000000000427256050822879,0.0000000000000427256050822879,"Cell-type-specific",0.0000000000000427256050822879,13.3693117780622,9.82186682850167
"IGHG1",1,1,1.67276897686824,1.67276897686824,1.67276897686824,1.67276897686824,0.00000153561939159436,0.00000153561939159436,"Cell-type-specific",0.00000153561939159436,5.81371641230792,9.72500445481841
"TMEM176A",1,2,-0.097373269598412,-0.097373269598412,0.880774807842302,0.978148077440714,0.00000308740507027804,0.00208351097511357,"Cell-type-specific",0.00000308740507027804,5.51040638695923,9.70685425321403
"IDS",1,1,-1.15422870638766,-1.15422870638766,1.15422870638766,1.15422870638766,0.00000000465616839192343,0.00000000465616839192343,"Cell-type-specific",0.00000000465616839192343,8.33197132166558,9.61700048026514
"APOBEC3G",2,2,-0.627675621762484,-0.593577661039664,0.627675621762484,0.742502683672029,0.000158229153869509,0.00172503287803512,"Shared across 2 cell types",0.000158229153869509,3.80071349430138,9.54246082270671
"TMIGD2",1,1,-1.11855188443835,-1.11855188443835,1.11855188443835,1.11855188443835,0.00000000344621365370798,0.00000000344621365370798,"Cell-type-specific",0.00000000344621365370798,8.46265780124955,9.46592183094459
"TIGIT",1,1,-1.34513433092557,-1.34513433092557,1.34513433092557,1.34513433092557,0.0000000922864027815706,0.0000000922864027815706,"Cell-type-specific",0.0000000922864027815706,7.03486228198535,9.46283476883189
"IL1RAP",2,1,-0.956054782742921,-0.956054782742921,0.956054782742921,1.07605561763352,0.0000114031963376426,0.000655524708574811,"Shared across 2 cell types",0.0000114031963376426,4.94297339802919,9.45150671631366
"AHNAK",1,1,-0.84752011813123,-0.84752011813123,0.84752011813123,0.84752011813123,0.0000000000123604278350375,0.0000000000123604278350375,"Cell-type-specific",0.0000000000123604278350375,10.9079664966274,9.24472105379319
"MRPS6",2,1,-0.764030715675203,-0.764030715675203,0.764030715675203,0.885844152964507,0.00000109994774159283,0.023243981834164,"Shared across 2 cell types",0.00000109994774159283,5.95862794763904,9.10514955055383
"MAN2A2",1,1,-2.13601644790419,-2.13601644790419,2.13601644790419,2.13601644790419,0.0000685983041587958,0.0000685983041587958,"Cell-type-specific",0.0000685983041587958,4.16368662049705,8.8937031053003
"ELF1",2,1,-0.693387166334976,-0.693387166334976,0.693387166334976,0.873919834257307,0.000000439369713466249,0.0000156960742860985,"Shared across 2 cell types",0.000000439369713466249,6.3571698830728,8.8159600222678
"IGKC",1,1,-1.78614858233868,-1.78614858233868,1.78614858233868,1.78614858233868,0.0000121811338976307,0.0000121811338976307,"Cell-type-specific",0.0000121811338976307,4.91431228292126,8.77769191730937
"TCL1A",1,1,0.650574352130681,0.650574352130681,0.650574352130681,0.650574352130681,0.0000000000000675896461922619,0.0000000000000675896461922619,"Cell-type-specific",0.0000000000000675896461922619,13.1701198269276,8.56814217388684
"CCL4",1,1,-1.10697219734059,-1.10697219734059,1.10697219734059,1.10697219734059,0.0000000213661979498462,0.0000000213661979498462,"Cell-type-specific",0.0000000213661979498462,7.67027275234725,8.49077868286749
"GIMAP1",3,1,-0.683678406805868,-0.700000882047064,0.683678406805868,0.84138189331943,0.0000752618675576673,0.00533959691069341,"Moderately recurrent (3-4)",0.0000752618675576673,4.12342500924328,8.45728992270876
"NRGN",2,1,1.09069492379658,1.09069492379658,1.09069492379658,1.30357903080196,0.000138779552468431,0.0160408237472111,"Shared across 2 cell types",0.000138779552468431,3.85767451734152,8.41509202744765
"KIAA0040",1,1,-0.950482146464414,-0.950482146464414,0.950482146464414,0.950482146464414,0.00000000157392235478781,0.00000000157392235478781,"Cell-type-specific",0.00000000157392235478781,8.80301669619484,8.36711020476135
"TLR2",1,1,-0.890532407832519,-0.890532407832519,0.890532407832519,0.890532407832519,0.000000000450492944081979,0.000000000450492944081979,"Cell-type-specific",0.000000000450492944081979,9.34631200683866,8.32319373580401
"GBP1",2,1,-1.00299742877516,-1.00299742877516,1.00299742877516,1.30802147475567,0.0000750881672122145,0.00201137322583823,"Shared across 2 cell types",0.0000750881672122145,4.12442849600952,8.2735823533291
"ABI3",1,1,-0.909960697039332,-0.909960697039332,0.909960697039332,0.909960697039332,0.000000000860969369344982,0.000000000860969369344982,"Cell-type-specific",0.000000000860969369344982,9.06501229913994,8.2488049103955
"PPP4C",2,2,-0.642615493247702,-0.639883313643857,0.642615493247702,0.746934881317251,0.000649946496800336,0.0183664421420296,"Shared across 2 cell types",0.000649946496800336,3.18712239274291,8.19237691381312
"ACTR3",1,1,-0.647436578287047,-0.647436578287047,0.647436578287047,0.647436578287047,0.00000000000027604303602792,0.00000000000027604303602792,"Cell-type-specific",0.00000000000027604303602792,12.5590232047013,8.13117101027945
"CISH",1,1,-1.70213981829466,-1.70213981829466,1.70213981829466,1.70213981829466,0.0000169199288097706,0.0000169199288097706,"Cell-type-specific",0.0000169199288097706,4.77160146857766,8.12193285669931
"ARL6IP5",1,1,-0.647432706729917,-0.647432706729917,0.647432706729917,0.647432706729917,0.000000000000384100197167767,0.000000000000384100197167767,"Cell-type-specific",0.000000000000384100197167767,12.4155554699011,8.03823668343348
"FOSL2",2,2,0.842767459850811,0.842767459850811,0.842767459850811,0.844639706303476,0.00424603016971133,0.0130364252933795,"Shared across 2 cell types",0.00424603016971133,2.37201692432626,7.99623471215031
"DSEL",1,1,-1.05915171304258,-1.05915171304258,1.05915171304258,1.05915171304258,0.0000000306347206740798,0.0000000306347206740798,"Cell-type-specific",0.0000000306347206740798,7.51378607519032,7.95823939297331
"CCNL1",2,2,-0.110083049265337,-0.110083049265337,0.739759306622944,0.849842355888281,0.00214330856288165,0.0202967832763801,"Shared across 2 cell types",0.00214330856288165,2.66891530095531,7.89741972988025
"HLA-DQB1",1,1,0.531999107522971,0.531999107522971,0.531999107522971,0.531999107522971,0.00000000000000173684727282352,0.00000000000000173684727282352,"Cell-type-specific",0.00000000000000173684727282352,14.760238368937,7.85243363910079
"DUSP2",1,1,-1.65216919533459,-1.65216919533459,1.65216919533459,1.65216919533459,0.0000195119854152669,0.0000195119854152669,"Cell-type-specific",0.0000195119854152669,4.70969853731873,7.78121884267039
"SAMD9L",2,1,1.55639632618354,1.55639632618354,1.55639632618354,2.23718032309678,0.00317254357188034,0.0184509083994091,"Shared across 2 cell types",0.00317254357188034,2.49859240456903,7.77760007820267
"NAB2",1,1,-1.465372400571,-1.465372400571,1.465372400571,1.465372400571,0.00000544050412020661,0.00000544050412020661,"Cell-type-specific",0.00000544050412020661,5.26436085646354,7.71424910570799
"PKP2",1,1,-1.81156193424926,-1.81156193424926,1.81156193424926,1.81156193424926,0.0000552006769177769,0.0000552006769177769,"Cell-type-specific",0.0000552006769177769,4.25805559654883,7.71373143262489
"LIME1",1,1,-1.46639858662228,-1.46639858662228,1.46639858662228,1.46639858662228,0.00000598431534951748,0.00000598431534951748,"Cell-type-specific",0.00000598431534951748,5.22298552895597,7.65897859760965
"CDK2AP2",2,1,-0.914316739466559,-0.914316739466559,0.914316739466559,1.08292317809529,0.0000662095849466607,0.00973342201998138,"Shared across 2 cell types",0.0000662095849466607,4.17907913460683,7.64200401665289
"AHSA1",1,1,-1.15822566183536,-1.15822566183536,1.15822566183536,1.15822566183536,0.000000292470323218383,0.000000292470323218383,"Cell-type-specific",0.000000292470323218383,6.5339181949369,7.56775172570889
"VIM",1,1,-0.711955567109558,-0.711955567109558,0.711955567109558,0.711955567109558,0.0000000000286269397385391,0.0000000000286269397385391,"Cell-type-specific",0.0000000000286269397385391,10.5432250762083,7.50630778829559
"FRAT1",2,1,-0.960811463416254,-0.960811463416254,0.960811463416254,1.05572919305411,0.000131265564823197,0.0218694169193168,"Shared across 2 cell types",0.000131265564823197,3.8818491883712,7.45945039888026
"ZCCHC2",1,1,2.19090946384856,2.19090946384856,2.19090946384856,2.19090946384856,0.000410963399726903,0.000410963399726903,"Cell-type-specific",0.000410963399726903,3.38619685453375,7.41885073505222
"P2RY8",1,1,0.92168014896559,0.92168014896559,0.92168014896559,0.92168014896559,0.0000000103946699563314,0.0000000103946699563314,"Cell-type-specific",0.0000000103946699563314,7.98318929550227,7.35794709909903
"CEBPZ",1,2,0.159376763983189,0.159376763983189,0.730493841556523,0.889870605539711,0.00000982107148708905,0.0201869209990773,"Cell-type-specific",0.00000982107148708905,5.00784112773803,7.3163942066122
"FGD4",1,1,-1.22506238917861,-1.22506238917861,1.22506238917861,1.22506238917861,0.0000011478044956793,0.0000011478044956793,"Cell-type-specific",0.0000011478044956793,5.94013207855675,7.27703239619323
"DUSP6",1,1,-1.47495702385464,-1.47495702385464,1.47495702385464,1.47495702385464,0.0000116798352150029,0.0000116798352150029,"Cell-type-specific",0.0000116798352150029,4.93256328442566,7.27531886197113
"CLU",1,1,1.21971212706074,1.21971212706074,1.21971212706074,1.21971212706074,0.00000114340926201445,0.00000114340926201445,"Cell-type-specific",0.00000114340926201445,5.94179829417048,7.24728343594856
"ZFAND5",2,1,-0.791095255271308,-0.791095255271308,0.791095255271308,0.890453343702768,0.0000302174204011408,0.013043514561957,"Shared across 2 cell types",0.0000302174204011408,4.51974261323881,7.15109387276154
"C3AR1",1,1,-1.49283391820864,-1.49283391820864,1.49283391820864,1.49283391820864,0.0000168574091277061,0.0000168574091277061,"Cell-type-specific",0.0000168574091277061,4.77320917277202,7.12560855181868
"TLE3",2,1,-0.053442359727599,-0.053442359727599,0.837708067859455,0.891150427587054,0.0000617298082942664,0.00132077959173897,"Shared across 2 cell types",0.0000617298082942664,4.20950507175914,7.05267272061586
"ARID5A",1,1,-1.29863667799772,-1.29863667799772,1.29863667799772,1.29863667799772,0.000004492602831672,0.000004492602831672,"Cell-type-specific",0.000004492602831672,5.34750197349186,6.94446219844173
"FAM177A1",1,1,-0.999046491025204,-0.999046491025204,0.999046491025204,0.999046491025204,0.000000141994398760428,0.000000141994398760428,"Cell-type-specific",0.000000141994398760428,6.84772878685227,6.84119941599704
"SLC11A1",1,1,-0.736103913420447,-0.736103913420447,0.736103913420447,0.736103913420447,0.000000000593741277367968,0.000000000593741277367968,"Cell-type-specific",0.000000000593741277367968,9.22640275752503,6.79159117660738
"RIPOR2",1,1,-0.634024006366266,-0.634024006366266,0.634024006366266,0.634024006366266,0.0000000000214930299362594,0.0000000000214930299362594,"Cell-type-specific",0.0000000000214930299362594,10.6677023564098,6.76357938673382
"C19orf33",1,1,2.00850219824463,2.00850219824463,2.00850219824463,2.00850219824463,0.000443423795178683,0.000443423795178683,"Cell-type-specific",0.000443423795178683,3.35318100531825,6.73487142029384
"IGHG2",1,1,-1.32873345842336,-1.32873345842336,1.32873345842336,1.32873345842336,0.000010342312513748,0.000010342312513748,"Cell-type-specific",0.000010342312513748,4.9853823432855,6.6242443225565
"RGS14",1,1,-0.934455197486572,-0.934455197486572,0.934455197486572,0.934455197486572,0.0000000989778151359358,0.0000000989778151359358,"Cell-type-specific",0.0000000989778151359358,7.00446213715731,6.54535604966455
"EREG",1,1,-1.88556446638995,-1.88556446638995,1.88556446638995,1.88556446638995,0.000342521042058106,0.000342521042058106,"Cell-type-specific",0.000342521042058106,3.46531274338611,6.53407057385711
"SELL",1,1,0.738749164658275,0.738749164658275,0.738749164658275,0.738749164658275,0.0000000017139886883181,0.0000000017139886883181,"Cell-type-specific",0.0000000017139886883181,8.76599204858391,6.47586930329244
"CRIP2",1,1,-1.88962876162029,-1.88962876162029,1.88962876162029,1.88962876162029,0.000399385271870406,0.000399385271870406,"Cell-type-specific",0.000399385271870406,3.39860795464646,6.42210734057146
"LCK",2,1,-0.520532993165637,-0.520532993165637,0.520532993165637,0.531899181185643,0.000000754813151426268,0.00237136753116301,"Shared across 2 cell types",0.000000754813151426268,6.12216054154619,6.37357310266318
"IGHG4",1,1,-2.56623044912162,-2.56623044912162,2.56623044912162,2.56623044912162,0.00329667732899976,0.00329667732899976,"Cell-type-specific",0.00329667732899976,2.48192355849611,6.369187808205
"KDM6B",1,1,2.05857259089384,2.05857259089384,2.05857259089384,2.05857259089384,0.000821097536738579,0.000821097536738579,"Cell-type-specific",0.000821097536738579,3.08560525073521,6.35194239548162
"BIRC3",2,2,-0.0758191903277295,-0.0758191903277295,0.845846992915203,0.921666183242932,0.0136284711940712,0.0169287624502302,"Shared across 2 cell types",0.0136284711940712,1.86555285944174,6.31188910513263
"GP1BB",2,1,0.880355573463004,0.880355573463004,0.880355573463004,0.888009422287664,0.000280666809418264,0.00619378051323933,"Shared across 2 cell types",0.000280666809418264,3.55180894233089,6.25370959651346
"CSGALNACT1",2,1,-1.1455625634439,-1.1455625634439,1.1455625634439,1.2934838402951,0.001949248473111,0.00201312239899402,"Shared across 2 cell types",0.001949248473111,2.71013279729953,6.20925334909566
"FBLN5",2,1,-1.26493023621807,-1.26493023621807,1.26493023621807,1.33723391765448,0.00352057422032767,0.00643147500678782,"Shared across 2 cell types",0.00352057422032767,2.45338649550452,6.20672551858553
"TNFSF10",2,1,-0.922996808197535,-0.922996808197535,0.922996808197535,1.05223566598318,0.000436335542758391,0.00272172722525061,"Shared across 2 cell types",0.000436335542758391,3.36017940907338,6.20286973909162
"ADGRE5",1,1,-1.23780917449087,-1.23780917449087,1.23780917449087,1.23780917449087,0.0000099172835612357,0.0000099172835612357,"Cell-type-specific",0.0000099172835612357,5.00360726896692,6.19351098307646
"GLRX",1,2,-0.920883667172548,-0.920883667172548,0.920883667172548,1.03340530285004,0.000466317499437861,0.0112410741640996,"Cell-type-specific",0.000466317499437861,3.33131828652557,6.13551320042927
"CNTNAP2",1,1,-1.16604266471612,-1.16604266471612,1.16604266471612,1.16604266471612,0.00000581323743924948,0.00000581323743924948,"Cell-type-specific",0.00000581323743924948,5.23558193810505,6.10491191444759
"TMSB4X",1,1,0.599111408644201,0.599111408644201,0.599111408644201,0.599111408644201,0.0000000000671734382238603,0.0000000000671734382238603,"Cell-type-specific",0.0000000000671734382238603,10.1728024220834,6.09464198895352
"P2RY13",1,2,-0.87227032467901,-0.87227032467901,0.87227032467901,0.964309170027283,0.000400927850794575,0.000519867104418754,"Cell-type-specific",0.000400927850794575,3.39693377406557,5.92608905203453
"APOL6",1,1,1.95611833400877,1.95611833400877,1.95611833400877,1.95611833400877,0.000967656497548362,0.000967656497548362,"Cell-type-specific",0.000967656497548362,3.01427878287198,5.89628599098951
"GPR132",1,1,-1.88294976716602,-1.88294976716602,1.88294976716602,1.88294976716602,0.00074066827742924,0.00074066827742924,"Cell-type-specific",0.00074066827742924,3.13037625563524,5.89434124169042
"FMN1",1,1,-1.90795145766951,-1.90795145766951,1.90795145766951,1.90795145766951,0.000833920387675236,0.000833920387675236,"Cell-type-specific",0.000833920387675236,3.07887540840745,5.8743448234538
"NSMAF",1,1,-1.57135905882126,-1.57135905882126,1.57135905882126,1.57135905882126,0.000203321171229803,0.000203321171229803,"Cell-type-specific",0.000203321171229803,3.69181739721262,5.80117071062397
"LDLR",1,2,-0.22189954463557,-0.22189954463557,1.31206775694793,1.5339673015835,0.00646589391036148,0.0155854589428118,"Cell-type-specific",0.00646589391036148,2.18937142538524,5.7452073104622
"IER2",1,1,0.999339722097118,0.999339722097118,0.999339722097118,0.999339722097118,0.00000183648526622755,0.00000183648526622755,"Cell-type-specific",0.00000183648526622755,5.73601255156684,5.73222518922839
"PTP4A2",1,1,0.652688131002668,0.652688131002668,0.652688131002668,0.652688131002668,0.00000000166883409102939,0.00000000166883409102939,"Cell-type-specific",0.00000000166883409102939,8.77758683703672,5.72902674737912
"IRF1",2,2,0.032006971717057,0.032006971717057,0.604015964081006,0.636022935798063,0.00426592390788343,0.025407918495171,"Shared across 2 cell types",0.00426592390788343,2.36998689541286,5.7260396779686
"CPM",1,1,-1.45819974037745,-1.45819974037745,1.45819974037745,1.45819974037745,0.000121432848414601,0.000121432848414601,"Cell-type-specific",0.000121432848414601,3.9156638177458,5.70981996244229
"MEF2C",1,1,0.577723809358074,0.577723809358074,0.577723809358074,0.577723809358074,0.000000000151281895170292,0.000000000151281895170292,"Cell-type-specific",0.000000000151281895170292,9.820213043544,5.67337088822409
"AL034397.3",2,1,-0.708468681135644,-0.708468681135644,0.708468681135644,0.849089487970278,0.00010550454570293,0.00465270932177976,"Shared across 2 cell types",0.00010550454570293,3.9767288282225,5.63477565632978
"FOXP1",1,1,0.587405781275423,0.587405781275423,0.587405781275423,0.587405781275423,0.000000000285866062135883,0.000000000285866062135883,"Cell-type-specific",0.000000000285866062135883,9.54383740078746,5.60610526477516
"S100B",1,1,-1.27831503663412,-1.27831503663412,1.27831503663412,1.27831503663412,0.0000465472643316557,0.0000465472643316557,"Cell-type-specific",0.0000465472643316557,4.33210583821816,5.53779603328473
"MCTP2",1,1,-1.38160631282578,-1.38160631282578,1.38160631282578,1.38160631282578,0.000106813704126664,0.000106813704126664,"Cell-type-specific",0.000106813704126664,3.97137302404175,5.48687404060209
"HLA-DPB1",1,1,0.875240015049794,0.875240015049794,0.875240015049794,0.875240015049794,0.000000552237114291314,0.000000552237114291314,"Cell-type-specific",0.000000552237114291314,6.25787440901464,5.47714209192569
"SELENOK",1,2,0.547706043949478,0.547706043949478,0.547706043949478,0.55836885249103,0.0000107683779474761,0.0003058036151976,"Cell-type-specific",0.0000107683779474761,4.96784971002734,5.44184262322927
"APLP2",1,1,0.905744867956753,0.905744867956753,0.905744867956753,0.905744867956753,0.00000103363463542654,0.00000103363463542654,"Cell-type-specific",0.00000103363463542654,5.98563294659879,5.42145632285471
"NINJ1",1,2,-0.00861064725971006,-0.00861064725971006,1.00963295658723,1.01824360384694,0.00206911591458075,0.00629415188381123,"Cell-type-specific",0.00206911591458075,2.68421517890764,5.42014421439369
"MNDA",1,1,0.84359144017046,0.84359144017046,0.84359144017046,0.84359144017046,0.000000376476430426177,0.000000376476430426177,"Cell-type-specific",0.000000376476430426177,6.42426220792614,5.41945260801707
"AC007952.4",1,1,-2.29968542353154,-2.29968542353154,2.29968542353154,2.29968542353154,0.00454721962402363,0.00454721962402363,"Cell-type-specific",0.00454721962402363,2.34225406950324,5.38644754184404
"AKNA",2,1,-0.578641488268512,-0.578641488268512,0.578641488268512,0.635207573332104,0.0000232862332918877,0.000046295500825841,"Shared across 2 cell types",0.0000232862332918877,4.63290075589842,5.36157717678675
"NAGK",1,1,-0.523821292378434,-0.523821292378434,0.523821292378434,0.523821292378434,0.0000000000716980727929833,0.0000000000716980727929833,"Cell-type-specific",0.0000000000716980727929833,10.1444925177858,5.3139011811899
"BLK",1,1,-0.730082100193888,-0.730082100193888,0.730082100193888,0.730082100193888,0.0000000551975989628182,0.0000000551975989628182,"Cell-type-specific",0.0000000551975989628182,7.25807981321062,5.29899415340367
"MBNL1",1,1,-0.84732489204634,-0.84732489204634,0.84732489204634,0.84732489204634,0.000000724055869440285,0.000000724055869440285,"Cell-type-specific",0.000000724055869440285,6.14022792157429,5.20276796078786
"PAG1",2,1,-0.895644809909733,-0.895644809909733,0.895644809909733,0.973035969032111,0.00139604452365664,0.0043503539138802,"Shared across 2 cell types",0.00139604452365664,2.85510073065982,5.11431230236991
"NASP",2,1,-0.616694444230991,-0.616694444230991,0.616694444230991,0.664923795386473,0.0000716854461342147,0.0235218785397224,"Shared across 2 cell types",0.0000716854461342147,4.14456900758437,5.11186536141846
"PMAIP1",1,2,-0.08557174143886,-0.08557174143886,1.11618544133999,1.20175718277885,0.00533221155965249,0.0196793982419466,"Cell-type-specific",0.00533221155965249,2.27309262794405,5.0743857962568
"KLRK1",1,1,-0.569716644749715,-0.569716644749715,0.569716644749715,0.569716644749715,0.00000000132250063881219,0.00000000132250063881219,"Cell-type-specific",0.00000000132250063881219,8.87860410951392,5.0582885433333
"AIM2",1,1,-0.948878747240153,-0.948878747240153,0.948878747240153,0.948878747240153,0.00000519000847195242,0.00000519000847195242,"Cell-type-specific",0.00000519000847195242,5.28483193322684,5.01466470417504
"CAVIN2",1,1,0.948634634685583,0.948634634685583,0.948634634685583,0.948634634685583,0.00000544864097261364,0.00000544864097261364,"Cell-type-specific",0.00000544864097261364,5.26371180812631,4.9933393281921
"CCR1",1,1,1.14925396443438,1.14925396443438,1.14925396443438,1.14925396443438,0.0000485196800453844,0.0000485196800453844,"Cell-type-specific",0.0000485196800453844,4.31408207167567,4.95797592376854
"S100A10",1,1,-0.912262129562798,-0.912262129562798,0.912262129562798,0.912262129562798,0.00000368844628624226,0.00000368844628624226,"Cell-type-specific",0.00000368844628624226,5.43315653666228,4.95646295238356
"C16orf54",1,1,-1.14013897511097,-1.14013897511097,1.14013897511097,1.14013897511097,0.0000451304852342535,0.0000451304852342535,"Cell-type-specific",0.0000451304852342535,4.34552999700443,4.95450811709861
"NFIA",1,1,-1.25598851018215,-1.25598851018215,1.25598851018215,1.25598851018215,0.000129807194731453,0.000129807194731453,"Cell-type-specific",0.000129807194731453,3.88670123553585,4.8816520943438
"TMBIM6",1,1,-0.561554977616498,-0.561554977616498,0.561554977616498,0.561554977616498,0.00000000218404321551223,0.00000000218404321551223,"Cell-type-specific",0.00000000218404321551223,8.66073877252737,4.86348096754894
"HLA-DMA",1,1,0.571774164425128,0.571774164425128,0.571774164425128,0.571774164425128,0.00000000342937731501644,0.00000000342937731501644,"Cell-type-specific",0.00000000342937731501644,8.46478472928732,4.83994521562684
"SLC7A5",1,1,-1.33324907704533,-1.33324907704533,1.33324907704533,1.33324907704533,0.000253722563160337,0.000253722563160337,"Cell-type-specific",0.000253722563160337,3.59564090991541,4.79388492453115
"CX3CR1",2,1,-0.706238539813954,-0.706238539813954,0.706238539813954,0.805225866612857,0.000427670207087174,0.0042046260519911,"Shared across 2 cell types",0.000427670207087174,3.36889100307102,4.75848132560249
"CCND3",1,1,-0.613569296159371,-0.613569296159371,0.613569296159371,0.613569296159371,0.0000000198741746721366,0.0000000198741746721366,"Cell-type-specific",0.0000000198741746721366,7.70171089752831,4.7255333346194
"CLEC2D",1,1,0.769376327246259,0.769376327246259,0.769376327246259,0.769376327246259,0.000000724377779888965,0.000000724377779888965,"Cell-type-specific",0.000000724377779888965,6.14003488003056,4.72399748516183
"WDR33",1,2,-0.065764028694171,-0.065764028694171,0.731695736269766,0.797459764963937,0.000594741227436384,0.0202491818769624,"Cell-type-specific",0.000594741227436384,3.22567195518236,4.72042083242379
"RAC2",1,1,-0.541733487243951,-0.541733487243951,0.541733487243951,0.541733487243951,0.00000000204291929004584,0.00000000204291929004584,"Cell-type-specific",0.00000000204291929004584,8.68974879077339,4.70752791569957
"ERGIC1",1,1,-0.927638872442771,-0.927638872442771,0.927638872442771,0.927638872442771,0.00000925605634973007,0.00000925605634973007,"Cell-type-specific",0.00000925605634973007,5.03357401011699,4.66933891910216
"SATB1",1,1,-0.608116453376928,-0.608116453376928,0.608116453376928,0.608116453376928,0.0000000226020258851194,0.0000000226020258851194,"Cell-type-specific",0.0000000226020258851194,7.64585263203418,4.64956878563528
"PASK",1,2,-0.62236166569957,-0.62236166569957,0.62236166569957,0.679828970897813,0.000187701867579242,0.00283129571043588,"Cell-type-specific",0.000187701867579242,3.72653140625279,4.6385005865545
"CFLAR",1,1,-0.781229395856948,-0.781229395856948,0.781229395856948,0.781229395856948,0.00000125023127738667,0.00000125023127738667,"Cell-type-specific",0.00000125023127738667,5.9030096404304,4.61160465513118
"HOTAIRM1",1,1,2.07046160743915,2.07046160743915,2.07046160743915,2.07046160743915,0.00593368761036153,0.00593368761036153,"Cell-type-specific",0.00593368761036153,2.22667532163013,4.61024576566741
"TRMT112",2,1,-0.528722728406578,-0.528722728406578,0.528722728406578,0.55711574584153,0.0000454207701805732,0.00942234492177359,"Shared across 2 cell types",0.0000454207701805732,4.34274550590807,4.59221650531824
"AGO2",2,1,-0.890664173896387,-0.890664173896387,0.890664173896387,0.979467579130215,0.0029951908496644,0.0133496180360966,"Shared across 2 cell types",0.0029951908496644,2.5235754997136,4.49531657543515
"RNF125",1,1,-0.65434089914866,-0.65434089914866,0.65434089914866,0.65434089914866,0.000000161591275443645,0.000000161591275443645,"Cell-type-specific",0.000000161591275443645,6.79158209114168,4.44400993215958
"VCL",1,1,1.02588038816939,1.02588038816939,1.02588038816939,1.02588038816939,0.0000471431152024904,0.0000471431152024904,"Cell-type-specific",0.0000471431152024904,4.32658172281826,4.43855533725139
"CBX6",1,1,0.697673757749429,0.697673757749429,0.697673757749429,0.697673757749429,0.000000507592230547216,0.000000507592230547216,"Cell-type-specific",0.000000507592230547216,6.29448503404836,4.39149702680206
"BAZ1A",1,1,-0.542544771567948,-0.542544771567948,0.542544771567948,0.542544771567948,0.00000000836616135477128,0.00000000836616135477128,"Cell-type-specific",0.00000000836616135477128,8.07747376361255,4.38239115792526
"KLRF1",1,1,-1.01803501041235,-1.01803501041235,1.01803501041235,1.01803501041235,0.0000501994586603474,0.0000501994586603474,"Cell-type-specific",0.0000501994586603474,4.29930096616358,4.37683890385416
"GPN3",1,1,-0.845846204169039,-0.845846204169039,0.845846204169039,0.845846204169039,0.00000709229347237753,0.00000709229347237753,"Cell-type-specific",0.00000709229347237753,5.14921330200553,4.3554425259581
"AC044849.1",2,1,-1.17747869689047,-1.17747869689047,1.17747869689047,1.22848209006795,0.0153353042651157,0.0248276562163143,"Shared across 2 cell types",0.0153353042651157,1.81430760283442,4.27261710388791
"CD93",1,1,-0.908986640169287,-0.908986640169287,0.908986640169287,0.908986640169287,0.0000218721663347497,0.0000218721663347497,"Cell-type-specific",0.0000218721663347497,4.66010820001522,4.23597609555718
"SMDT1",1,1,0.575504464506269,0.575504464506269,0.575504464506269,0.575504464506269,0.0000000563599616235208,0.0000000563599616235208,"Cell-type-specific",0.0000000563599616235208,7.24902931128126,4.17184873197917
"B3GNT5",1,1,-1.22539663873631,-1.22539663873631,1.22539663873631,1.22539663873631,0.000413102942009567,0.000413102942009567,"Cell-type-specific",0.000413102942009567,3.38394171208231,4.14667079966525
"PDE4B",1,1,-0.980256034375757,-0.980256034375757,0.980256034375757,0.980256034375757,0.0000631406193308024,0.0000631406193308024,"Cell-type-specific",0.0000631406193308024,4.19969116253517,4.11677260458964
"CCL5",1,1,0.939111826788095,0.939111826788095,0.939111826788095,0.939111826788095,0.0000413801594212328,0.0000413801594212328,"Cell-type-specific",0.0000413801594212328,4.38320784050382,4.11632232228744
"ARHGAP24",1,1,0.939633194307666,0.939633194307666,0.939633194307666,0.939633194307666,0.0000451805366356993,0.0000451805366356993,"Cell-type-specific",0.0000451805366356993,4.34504861501506,4.0827519095487
"SHISA5",1,1,1.91320671073579,1.91320671073579,1.91320671073579,1.91320671073579,0.00758372365885166,0.00758372365885166,"Cell-type-specific",0.00758372365885166,2.12011750051471,4.05622302953314
"PLPP5",1,1,0.711084918225332,0.711084918225332,0.711084918225332,0.711084918225332,0.00000268313528032078,0.00000268313528032078,"Cell-type-specific",0.00000268313528032078,5.57135743019213,3.96170824265226
"LSM10",1,1,-0.67194668668803,-0.67194668668803,0.67194668668803,0.67194668668803,0.00000153899808243087,0.00000153899808243087,"Cell-type-specific",0.00000153899808243087,5.81276192129276,3.90586611351902
"SNX9",1,1,1.03809270909189,1.03809270909189,1.03809270909189,1.03809270909189,0.000212170527111171,0.000212170527111171,"Cell-type-specific",0.000212170527111171,3.67331494466639,3.81324146225646
"PDE4D",1,1,0.951515324694384,0.951515324694384,0.951515324694384,0.951515324694384,0.000100957025399528,0.000100957025399528,"Cell-type-specific",0.000100957025399528,3.99586345397556,3.80212531184398
"PTPN18",1,1,-0.945160048057404,-0.945160048057404,0.945160048057404,0.945160048057404,0.000100045568289747,0.000100045568289747,"Cell-type-specific",0.000100045568289747,3.99980214450839,3.78045318712366
"AFF3",1,1,0.5664599339393,0.5664599339393,0.5664599339393,0.5664599339393,0.000000221615472436615,0.000000221615472436615,"Cell-type-specific",0.000000221615472436615,6.65439992192525,3.76945094017946
"ID2",1,1,-0.859310385102201,-0.859310385102201,0.859310385102201,0.859310385102201,0.0000435187757409507,0.0000435187757409507,"Cell-type-specific",0.0000435187757409507,4.36132333059913,3.74773043077235
"CRK",1,1,-0.981644322872445,-0.981644322872445,0.981644322872445,0.981644322872445,0.00016357110700929,0.00016357110700929,"Cell-type-specific",0.00016357110700929,3.78629340711092,3.71679342781981
"TPM4",1,1,0.926133274179886,0.926133274179886,0.926133274179886,0.926133274179886,0.0000984227893306315,0.0000984227893306315,"Cell-type-specific",0.0000984227893306315,4.00690433109491,3.7109274274825
"ZFPM1",1,1,-1.19551260635418,-1.19551260635418,1.19551260635418,1.19551260635418,0.000866211076597417,0.000866211076597417,"Cell-type-specific",0.000866211076597417,3.06237626706845,3.66110943268019
"LINC01138",1,1,0.674278388832889,0.674278388832889,0.674278388832889,0.674278388832889,0.00000397537509601315,0.00000397537509601315,"Cell-type-specific",0.00000397537509601315,5.40062188727339,3.64152262484633
"NIPBL",1,1,-0.509137601650656,-0.509137601650656,0.509137601650656,0.509137601650656,0.0000000737268579560371,0.0000000737268579560371,"Cell-type-specific",0.0000000737268579560371,7.13237427418631,3.63135993203405
"PHLDA2",1,1,1.75822219594521,1.75822219594521,1.75822219594521,1.75822219594521,0.00878037036987565,0.00878037036987565,"Cell-type-specific",0.00878037036987565,2.05648716448105,3.61576137826702
"PLP2",2,1,-0.558617513182826,-0.558617513182826,0.558617513182826,0.596055361120563,0.000586054317190519,0.00109578350656469,"Shared across 2 cell types",0.000586054317190519,3.2320621304616,3.61097301954169
"TOR3A",1,1,-0.907634938160281,-0.907634938160281,0.907634938160281,0.907634938160281,0.000117569041466832,0.000117569041466832,"Cell-type-specific",0.000117569041466832,3.92970702256402,3.56673939041291
"KMT2E",1,1,0.584819149358583,0.584819149358583,0.584819149358583,0.584819149358583,0.00000084925795942495,0.00000084925795942495,"Cell-type-specific",0.00000084925795942495,6.07096037413926,3.55041388179379
"ACOX1",1,1,0.867577690299847,0.867577690299847,0.867577690299847,0.867577690299847,0.000103054956248784,0.000103054956248784,"Cell-type-specific",0.000103054956248784,3.98693111674515,3.45897248965035
"TMEM35B",1,1,-1.07302412047055,-1.07302412047055,1.07302412047055,1.07302412047055,0.000599595460134068,0.000599595460134068,"Cell-type-specific",0.000599595460134068,3.22214166409292,3.45743572514482
"B3GNT7",1,1,1.32269056827551,1.32269056827551,1.32269056827551,1.32269056827551,0.00246619543181153,0.00246619543181153,"Cell-type-specific",0.00246619543181153,2.60797251103537,3.44954064266828
"KIR2DL4",1,1,-1.83839484681635,-1.83839484681635,1.83839484681635,1.83839484681635,0.0133931981266456,0.0133931981266456,"Cell-type-specific",0.0133931981266456,1.87311570656439,3.44352626243873
"IRF2BP2",1,1,0.794595313137488,0.794595313137488,0.794595313137488,0.794595313137488,0.0000489268637974588,0.0000489268637974588,"Cell-type-specific",0.0000489268637974588,4.31045262154049,3.42506545057727
"KLF2",1,2,-0.0385504487626795,-0.0385504487626795,0.580235327803744,0.618785776566423,0.00113918256421559,0.00434644701514591,"Cell-type-specific",0.00113918256421559,2.94340667076033,3.41573706893669
"MKNK1",1,1,-1.50049998761792,-1.50049998761792,1.50049998761792,1.50049998761792,0.0054953799571923,0.0054953799571923,"Cell-type-specific",0.0054953799571923,2.26000227455856,3.39113338499158
"NUDT16",1,1,-0.972324287230312,-0.972324287230312,0.972324287230312,0.972324287230312,0.000392516331730674,0.000392516331730674,"Cell-type-specific",0.000392516331730674,3.4061422685163,3.31187485344015
"BLVRB",1,1,-0.661461764238996,-0.661461764238996,0.661461764238996,0.661461764238996,0.0000116248966732871,0.0000116248966732871,"Cell-type-specific",0.0000116248966732871,4.93461089860323,3.26405643082307
"STX7",1,1,-0.512155092475916,-0.512155092475916,0.512155092475916,0.512155092475916,0.000000475231781504108,0.000000475231781504108,"Cell-type-specific",0.000000475231781504108,6.32309452326608,3.2384050602973
"USP10",1,1,-1.14996360862595,-1.14996360862595,1.14996360862595,1.14996360862595,0.00156126496826869,0.00156126496826869,"Cell-type-specific",0.00156126496826869,2.80652338489942,3.22739975939205
"B4GALT4",1,1,-1.18003807759233,-1.18003807759233,1.18003807759233,1.18003807759233,0.00196182792674066,0.00196182792674066,"Cell-type-specific",0.00196182792674066,2.70733908754947,3.19476321226245
"DEPTOR",1,1,-1.02217197356517,-1.02217197356517,1.02217197356517,1.02217197356517,0.000763202817999334,0.000763202817999334,"Cell-type-specific",0.000763202817999334,3.11736003474094,3.18647805902433
"FAM102A",1,1,-1.04175260193592,-1.04175260193592,1.04175260193592,1.04175260193592,0.000879931649067492,0.000879931649067492,"Cell-type-specific",0.000879931649067492,3.05555106146994,3.18312826863438
"GGNBP2",1,1,-0.640401331652409,-0.640401331652409,0.640401331652409,0.640401331652409,0.0000120754979932895,0.0000120754979932895,"Cell-type-specific",0.0000120754979932895,4.91809494991161,3.14955455511638
"TUBB1",1,1,0.758429445442468,0.758429445442468,0.758429445442468,0.758429445442468,0.000072012188219532,0.000072012188219532,"Cell-type-specific",0.000072012188219532,4.14259399206161,3.14186526409259
"CCT5",1,1,-0.785909784041741,-0.785909784041741,0.785909784041741,0.785909784041741,0.00011648395421485,0.00011648395421485,"Cell-type-specific",0.00011648395421485,3.93373389503189,3.09155995592219
"BRD1",1,1,-0.826596364892528,-0.826596364892528,0.826596364892528,0.826596364892528,0.000183608388165941,0.000183608388165941,"Cell-type-specific",0.000183608388165941,3.73610748189858,3.08825286338514
"BHLHE41",1,1,-1.26470745358124,-1.26470745358124,1.26470745358124,1.26470745358124,0.00362624362093351,0.00362624362093351,"Cell-type-specific",0.00362624362093351,2.44054302217296,3.08657295092782
"TMEM238",1,1,-0.857793932307059,-0.857793932307059,0.857793932307059,0.857793932307059,0.000256342917065729,0.000256342917065729,"Cell-type-specific",0.000256342917065729,3.5911786779184,3.08049127974889
"VOPP1",1,1,-0.741149793485753,-0.741149793485753,0.741149793485753,0.741149793485753,0.0000722206756674891,0.0000722206756674891,"Cell-type-specific",0.0000722206756674891,4.14133845280632,3.06935213905201
"REL",1,1,0.800162829888075,0.800162829888075,0.800162829888075,0.800162829888075,0.000149703511459046,0.000149703511459046,"Cell-type-specific",0.000149703511459046,3.824768012687,3.06043719669702
"LYSMD2",1,1,-0.775310307035328,-0.775310307035328,0.775310307035328,0.775310307035328,0.000113504677256933,0.000113504677256933,"Cell-type-specific",0.000113504677256933,3.94498624186272,3.05858849442873
"HSPE1",1,1,-0.535379649134947,-0.535379649134947,0.535379649134947,0.535379649134947,0.00000208993032121195,0.00000208993032121195,"Cell-type-specific",0.00000208993032121195,5.67986819313182,3.04088584037166
"GIMAP5",1,1,-0.79095398116053,-0.79095398116053,0.79095398116053,0.79095398116053,0.000148730645813094,0.000148730645813094,"Cell-type-specific",0.000148730645813094,3.82759953627804,3.02745509150731
"ENPP4",1,1,-0.793780430214877,-0.793780430214877,0.793780430214877,0.793780430214877,0.000173166009609381,0.000173166009609381,"Cell-type-specific",0.000173166009609381,3.76153735070074,2.98583473650856
"TSTD1",1,1,0.680233615300479,0.680233615300479,0.680233615300479,0.680233615300479,0.00004245291435733,0.00004245291435733,"Cell-type-specific",0.00004245291435733,4.37209249044096,2.97404428120073
"TGFB1",1,1,0.900129360737985,0.900129360737985,0.900129360737985,0.900129360737985,0.000520942313798018,0.000520942313798018,"Cell-type-specific",0.000520942313798018,3.28321036534972,2.95531404733057
"S1PR4",1,1,-0.825313321382163,-0.825313321382163,0.825313321382163,0.825313321382163,0.000271361577008349,0.000271361577008349,"Cell-type-specific",0.000271361577008349,3.5664516455288,2.94344005312025
"AC020656.1",1,1,0.886649583033705,0.886649583033705,0.886649583033705,0.886649583033705,0.000491381269149559,0.000491381269149559,"Cell-type-specific",0.000491381269149559,3.30858140231265,2.93355232079358
"CEACAM4",1,1,-1.22790786438135,-1.22790786438135,1.22790786438135,1.22790786438135,0.00410249744940586,0.00410249744940586,"Cell-type-specific",0.00410249744940586,2.38695168028323,2.93095674011806
"ANXA1",1,1,-0.656661772972836,-0.656661772972836,0.656661772972836,0.656661772972836,0.0000350267677808506,0.0000350267677808506,"Cell-type-specific",0.0000350267677808506,4.45559993689602,2.92582215421979
"ZFP36L1",1,1,-0.74623469493275,-0.74623469493275,0.74623469493275,0.74623469493275,0.000124240435206642,0.000124240435206642,"Cell-type-specific",0.000124240435206642,3.90573703596984,2.9145964855245
"DEGS1",1,1,-0.532667110841221,-0.532667110841221,0.532667110841221,0.532667110841221,0.00000342099639178746,0.00000342099639178746,"Cell-type-specific",0.00000342099639178746,5.46584738387621,2.91147713426839
"AC144652.1",1,1,-1.12818643232088,-1.12818643232088,1.12818643232088,1.12818643232088,0.00275476060075894,0.00275476060075894,"Cell-type-specific",0.00275476060075894,2.55991613702523,2.88806265367115
"PTS",1,1,1.6516889957365,1.6516889957365,1.6516889957365,1.6516889957365,0.0179218312788302,0.0179218312788302,"Cell-type-specific",0.0179218312788302,1.74661761556361,2.88486909538595
"CCDC71L",1,1,-1.11456258850977,-1.11456258850977,1.11456258850977,1.11456258850977,0.00258845566540772,0.00258845566540772,"Cell-type-specific",0.00258845566540772,2.58695926913439,2.88332801937576
"APOBEC3A",1,1,0.970452211269902,0.970452211269902,0.970452211269902,0.970452211269902,0.00116848355826576,0.00116848355826576,"Cell-type-specific",0.00116848355826576,2.93237739418719,2.84573212646683
"PRDX1",1,1,-0.631611788242707,-0.631611788242707,0.631611788242707,0.631611788242707,0.00003123876509377,0.00003123876509377,"Cell-type-specific",0.00003123876509377,4.50530614264243,2.84560446933523
"EGR1",1,1,1.53645335310307,1.53645335310307,1.53645335310307,1.53645335310307,0.0160778640317108,0.0160778640317108,"Cell-type-specific",0.0160778640317108,1.79377164842699,2.75604646392687
"FURIN",1,1,1.59934414774354,1.59934414774354,1.59934414774354,1.59934414774354,0.019170478342313,0.019170478342313,"Cell-type-specific",0.019170478342313,1.71736705045865,2.74666094167863
"PYCARD",2,1,-0.678201610306792,-0.678201610306792,0.678201610306792,0.801591155813754,0.0094826337066821,0.021987639349094,"Shared across 2 cell types",0.0094826337066821,2.02307102495896,2.74410005378436
"BHLHE40",1,1,1.11467180660446,1.11467180660446,1.11467180660446,1.11467180660446,0.00350017802680393,0.00350017802680393,"Cell-type-specific",0.00350017802680393,2.45590986590906,2.73753348709057
"PHACTR1",1,1,-0.694639828559564,-0.694639828559564,0.694639828559564,0.694639828559564,0.000118621966983795,0.000118621966983795,"Cell-type-specific",0.000118621966983795,3.92583487879261,2.72704126715765
"CD300A",1,1,-0.548658920378592,-0.548658920378592,0.548658920378592,0.548658920378592,0.0000111902444161967,0.0000111902444161967,"Cell-type-specific",0.0000111902444161967,4.95116042755152,2.71649833480162
"GAPT",1,1,-0.642650625301499,-0.642650625301499,0.642650625301499,0.642650625301499,0.0000605508075545997,0.0000605508075545997,"Cell-type-specific",0.0000605508075545997,4.21788006037943,2.71062325824957
"H1FX",1,1,0.760876027653454,0.760876027653454,0.760876027653454,0.760876027653454,0.000281493794617678,0.000281493794617678,"Cell-type-specific",0.000281493794617678,3.55053117450004,2.70151405611334
"AC004556.3",1,1,-1.33546441397416,-1.33546441397416,1.33546441397416,1.33546441397416,0.00962496399453775,0.00962496399453775,"Cell-type-specific",0.00962496399453775,2.01660088644313,2.69309872103355
"LINC00926",1,1,0.551397707093167,0.551397707093167,0.551397707093167,0.551397707093167,0.0000131673138809839,0.0000131673138809839,"Cell-type-specific",0.0000131673138809839,4.88050281164775,2.69109805980432
"TRIM38",1,1,1.12380825802034,1.12380825802034,1.12380825802034,1.12380825802034,0.00428487680078165,0.00428487680078165,"Cell-type-specific",0.00428487680078165,2.36806166044087,2.66124724950481
"SLC31A2",1,1,-0.806241511787402,-0.806241511787402,0.806241511787402,0.806241511787402,0.000501976566209868,0.000501976566209868,"Cell-type-specific",0.000501976566209868,3.29931655656672,2.66004596843155
"MARCH2",1,1,1.07827409521712,1.07827409521712,1.07827409521712,1.07827409521712,0.00343642957732012,0.00343642957732012,"Cell-type-specific",0.00343642957732012,2.46389255165152,2.65675151184424
"HNRNPF",1,1,-0.626719751229605,-0.626719751229605,0.626719751229605,0.626719751229605,0.0000611787394067089,0.0000611787394067089,"Cell-type-specific",0.0000611787394067089,4.21339947593504,2.64062067138895
"USP3",1,1,-0.85045504462558,-0.85045504462558,0.85045504462558,0.85045504462558,0.000853697662929056,0.000853697662929056,"Cell-type-specific",0.000853697662929056,3.06869590749528,2.60978791495123
"ANKRD28",1,1,-1.05555186483558,-1.05555186483558,1.05555186483558,1.05555186483558,0.00357153406624618,0.00357153406624618,"Cell-type-specific",0.00357153406624618,2.44714520310288,2.58308868265869
"IL6R",1,1,-0.515694804758864,-0.515694804758864,0.515694804758864,0.515694804758864,0.0000107441256724516,0.0000107441256724516,"Cell-type-specific",0.0000107441256724516,4.9688289204312,2.56239926000196
"CASP8",1,1,-0.77814815374058,-0.77814815374058,0.77814815374058,0.77814815374058,0.000520718741183438,0.000520718741183438,"Cell-type-specific",0.000520718741183438,3.2833967913543,2.5549691511901
"CSGALNACT2",1,1,-0.726542053570267,-0.726542053570267,0.726542053570267,0.726542053570267,0.000307116179642094,0.000307116179642094,"Cell-type-specific",0.000307116179642094,3.51269730324373,2.55212231226944
"ANXA2",1,1,-0.666488048269804,-0.666488048269804,0.666488048269804,0.666488048269804,0.000150294636290012,0.000150294636290012,"Cell-type-specific",0.000150294636290012,3.82305651822358,2.54802147725599
"HAGHL",1,1,-1.28085718260147,-1.28085718260147,1.28085718260147,1.28085718260147,0.0104519093452199,0.0104519093452199,"Cell-type-specific",0.0104519093452199,1.98080436578756,2.53712749924735
"SPIB",1,1,-0.607919910482961,-0.607919910482961,0.607919910482961,0.607919910482961,0.0000707884485623387,0.0000707884485623387,"Cell-type-specific",0.0000707884485623387,4.15003760579799,2.52289048981763
"IER5",1,1,1.68870502362767,1.68870502362767,1.68870502362767,1.68870502362767,0.0323378685380054,0.0323378685380054,"Cell-type-specific",0.0323378685380054,1.49028860881703,2.51665786036441
"CD300E",1,1,0.911097862323954,0.911097862323954,0.911097862323954,0.911097862323954,0.00185304727322852,0.00185304727322852,"Cell-type-specific",0.00185304727322852,2.73211350122055,2.48922277058845
"FEZ2",1,1,-0.571005246242929,-0.571005246242929,0.571005246242929,0.571005246242929,0.0000460725916312744,0.0000460725916312744,"Cell-type-specific",0.0000460725916312744,4.33655735754318,2.47619700179053
"GAPDH",1,1,-0.538773538007528,-0.538773538007528,0.538773538007528,0.538773538007528,0.0000256041199159892,0.0000256041199159892,"Cell-type-specific",0.0000256041199159892,4.59169014746865,2.47388114618599
"DDX6",1,1,0.520667537048289,0.520667537048289,0.520667537048289,0.520667537048289,0.0000182861518319783,0.0000182861518319783,"Cell-type-specific",0.0000182861518319783,4.73787767855715,2.46685910173042
"HERPUD1",1,1,-0.67227714500736,-0.67227714500736,0.67227714500736,0.67227714500736,0.00021445854614257,0.00021445854614257,"Cell-type-specific",0.00021445854614257,3.66865664250671,2.4663540136367
"RESF1",1,1,-0.597048001003007,-0.597048001003007,0.597048001003007,0.597048001003007,0.0000741235178696621,0.0000741235178696621,"Cell-type-specific",0.0000741235178696621,4.13004397743831,2.46583450078405
"RILPL2",1,1,-0.71491183797178,-0.71491183797178,0.71491183797178,0.71491183797178,0.000368363744504637,0.000368363744504637,"Cell-type-specific",0.000368363744504637,3.43372312097359,2.45480930750143
"MIR181A1HG",1,1,-0.67884559808424,-0.67884559808424,0.67884559808424,0.67884559808424,0.00024216361064918,0.00024216361064918,"Cell-type-specific",0.00024216361064918,3.61589111669088,2.45463176771751
"VASP",1,1,-0.644545579858408,-0.644545579858408,0.644545579858408,0.644545579858408,0.000159870080236224,0.000159870080236224,"Cell-type-specific",0.000159870080236224,3.79623280707395,2.44684507591299
"CDC37L1",2,1,-0.786035291056576,-0.786035291056576,0.786035291056576,0.803677936557058,0.028904672281999,0.0353835551961659,"Shared across 2 cell types",0.028904672281999,1.53903195024411,2.419466853911
"TNFSF8",1,1,-1.01462215427214,-1.01462215427214,1.01462215427214,1.01462215427214,0.00436242423437758,0.00436242423437758,"Cell-type-specific",0.00436242423437758,2.36027210269809,2.39478436550797
"RGS18",1,1,1.37283458389861,1.37283458389861,1.37283458389861,1.37283458389861,0.0184019672722106,0.0184019672722106,"Cell-type-specific",0.0184019672722106,1.73513574602334,2.38205435989955
"TAP1",1,1,-0.670798861919754,-0.670798861919754,0.670798861919754,0.670798861919754,0.000283845130598907,0.000283845130598907,"Cell-type-specific",0.000283845130598907,3.54691855175445,2.37926892783895
"SNHG9",1,1,0.74167088620251,0.74167088620251,0.74167088620251,0.74167088620251,0.000688867367540728,0.000688867367540728,"Cell-type-specific",0.000688867367540728,3.16186438780216,2.34506276255338
"AIF1",1,1,-0.816666030685721,-0.816666030685721,0.816666030685721,0.816666030685721,0.00140531488370671,0.00140531488370671,"Cell-type-specific",0.00140531488370671,2.85222635409745,2.32931637521797
"CD27",1,1,-0.862441922479064,-0.862441922479064,0.862441922479064,0.862441922479064,0.0021079128113151,0.0021079128113151,"Cell-type-specific",0.0021079128113151,2.6761473566226,2.30802167108286
"NUB1",1,1,1.56322958882429,1.56322958882429,1.56322958882429,1.56322958882429,0.0338207289401082,0.0338207289401082,"Cell-type-specific",0.0338207289401082,1.47081703626356,2.29922471083404
"PUS3",1,1,-1.35188307124409,-1.35188307124409,1.35188307124409,1.35188307124409,0.0201099566563838,0.0201099566563838,"Cell-type-specific",0.0201099566563838,1.69658886545068,2.29358976606399
"PCNX1",1,1,-0.759914976308991,-0.759914976308991,0.759914976308991,0.759914976308991,0.000969797489632034,0.000969797489632034,"Cell-type-specific",0.000969797489632034,3.01331894441143,2.28986619425384
"NEDD9",1,1,-0.977631600662605,-0.977631600662605,0.977631600662605,0.977631600662605,0.00460665827583212,0.00460665827583212,"Cell-type-specific",0.00460665827583212,2.33661400272992,2.28434768761951
"TMEM40",1,1,1.18817094138888,1.18817094138888,1.18817094138888,1.18817094138888,0.0121171873285587,0.0121171873285587,"Cell-type-specific",0.0121171873285587,1.91659817797892,2.27724626139343
"NAP1L1",1,1,0.707292643918739,0.707292643918739,0.707292643918739,0.707292643918739,0.000613149905288075,0.000613149905288075,"Cell-type-specific",0.000613149905288075,3.21243333448575,2.27213046656112
"IFNGR2",1,1,-0.719317519318241,-0.719317519318241,0.719317519318241,0.719317519318241,0.000710914512563964,0.000710914512563964,"Cell-type-specific",0.000710914512563964,3.14818262002114,2.26454291259441
"RHOU",1,1,0.889691298456283,0.889691298456283,0.889691298456283,0.889691298456283,0.00291082474359176,0.00291082474359176,"Cell-type-specific",0.00291082474359176,2.53598394199585,2.25624284621857
"LAT2",1,1,-0.61308774153367,-0.61308774153367,0.61308774153367,0.61308774153367,0.000218093548784469,0.000218093548784469,"Cell-type-specific",0.000218093548784469,3.66135718067872,2.2447332048504
"TRIP11",1,1,-0.732516130725861,-0.732516130725861,0.732516130725861,0.732516130725861,0.000889798342918805,0.000889798342918805,"Cell-type-specific",0.000889798342918805,3.05070840737859,2.23469311854582
"PRPF38B",1,1,0.692295281513768,0.692295281513768,0.692295281513768,0.692295281513768,0.000605218152129068,0.000605218152129068,"Cell-type-specific",0.000605218152129068,3.21808805478754,2.22786717582523
"SH3GLB2",1,1,-0.9196345834705,-0.9196345834705,0.9196345834705,0.9196345834705,0.00384239401532484,0.00384239401532484,"Cell-type-specific",0.00384239401532484,2.41539810279878,2.22128362818279
"DHRS4",1,1,-0.752100722263443,-0.752100722263443,0.752100722263443,0.752100722263443,0.00130464564601487,0.00130464564601487,"Cell-type-specific",0.00130464564601487,2.88450743076096,2.16944012204959
"TAGLN2",1,1,-0.701733248592489,-0.701733248592489,0.701733248592489,0.701733248592489,0.000869462921899528,0.000869462921899528,"Cell-type-specific",0.000869462921899528,3.06074893368172,2.14782929235847
"CLEC5A",1,1,-1.57704525916933,-1.57704525916933,1.57704525916933,1.57704525916933,0.0449712015629835,0.0449712015629835,"Cell-type-specific",0.0449712015629835,1.34706550858056,2.12438327409749
"ITGB3",1,1,1.39066298450494,1.39066298450494,1.39066298450494,1.39066298450494,0.0297891353660614,0.0297891353660614,"Cell-type-specific",0.0297891353660614,1.52594210206182,2.12207119783504
"LINC00877",1,1,0.982882495189104,0.982882495189104,0.982882495189104,0.982882495189104,0.00696894755461758,0.00696894755461758,"Cell-type-specific",0.00696894755461758,2.1568328037863,2.11991320789119
"DCTN6",1,1,-1.15089596279484,-1.15089596279484,1.15089596279484,1.15089596279484,0.0145992980449646,0.0145992980449646,"Cell-type-specific",0.0145992980449646,1.83566802521058,2.11266291924643
"TNFAIP8L2",1,1,-0.657974976663371,-0.657974976663371,0.657974976663371,0.657974976663371,0.000662534709000901,0.000662534709000901,"Cell-type-specific",0.000662534709000901,3.17879136488895,2.09156517413053
"PLEKHF2",1,1,-0.533579421346458,-0.533579421346458,0.533579421346458,0.533579421346458,0.000120928021771506,0.000120928021771506,"Cell-type-specific",0.000120928021771506,3.91747305157404,2.09028300399922
"PSMB10",1,1,-0.596037312024635,-0.596037312024635,0.596037312024635,0.596037312024635,0.000315446471814869,0.000315446471814869,"Cell-type-specific",0.000315446471814869,3.50107432569944,2.08677093028835
"LINC00402",1,1,-0.902449284528017,-0.902449284528017,0.902449284528017,0.902449284528017,0.00491771542399869,0.00491771542399869,"Cell-type-specific",0.00491771542399869,2.3082366064153,2.08306647398086
"ATP2B1",1,1,-0.664405391452071,-0.664405391452071,0.664405391452071,0.664405391452071,0.000737268810263881,0.000737268810263881,"Cell-type-specific",0.000737268810263881,3.13237413828841,2.08116626552386
"ICAM2",1,1,-0.761639862495825,-0.761639862495825,0.761639862495825,0.761639862495825,0.00187188511256601,0.00187188511256601,"Cell-type-specific",0.00187188511256601,2.72772080971637,2.07754090243938
"ORAI1",1,1,-0.781646901697326,-0.781646901697326,0.781646901697326,0.781646901697326,0.00230861220323833,0.00230861220323833,"Cell-type-specific",0.00230861220323833,2.63664901300668,2.06092853187998
"FCER2",1,1,0.676146775288374,0.676146775288374,0.676146775288374,0.676146775288374,0.000922266023529155,0.000922266023529155,"Cell-type-specific",0.000922266023529155,3.03514379056596,2.0522026865277
"RTN4",1,1,-0.695248038314179,-0.695248038314179,0.695248038314179,0.695248038314179,0.00116615084627857,0.00116615084627857,"Cell-type-specific",0.00116615084627857,2.93324526821413,2.03933301862022
"TLN1",1,1,0.874858556179777,0.874858556179777,0.874858556179777,0.874858556179777,0.00468086176556635,0.00468086176556635,"Cell-type-specific",0.00468086176556635,2.32967418419582,2.03813539315486
"ALOX5AP",1,1,-0.709299115813392,-0.709299115813392,0.709299115813392,0.709299115813392,0.00134352623299055,0.00134352623299055,"Cell-type-specific",0.00134352623299055,2.87175384934111,2.03693246617136
"IFI30",1,1,-0.978441800172383,-0.978441800172383,0.978441800172383,0.978441800172383,0.00840842987327736,0.00840842987327736,"Cell-type-specific",0.00840842987327736,2.07528509350456,2.03054568275951
"FCRL3",1,1,1.1250549581927,1.1250549581927,1.1250549581927,1.1250549581927,0.0166693119674821,0.0166693119674821,"Cell-type-specific",0.0166693119674821,1.77808232548048,2.00044033635663
"NDFIP1",1,1,-0.557614490027871,-0.557614490027871,0.557614490027871,0.557614490027871,0.000260063364209228,0.000260063364209228,"Cell-type-specific",0.000260063364209228,3.58492082366884,1.9990037968804
"NUP214",1,1,-0.51680666392656,-0.51680666392656,0.51680666392656,0.51680666392656,0.000137932058862687,0.000137932058862687,"Cell-type-specific",0.000137932058862687,3.86033478118448,1.99504673990362
"TMEM223",1,1,-0.751381911443873,-0.751381911443873,0.751381911443873,0.751381911443873,0.00229424661028257,0.00229424661028257,"Cell-type-specific",0.00229424661028257,2.6393599012872,1.98316728761749
"DENND2D",1,1,-0.752628185995753,-0.752628185995753,0.752628185995753,0.752628185995753,0.00232536202420713,0.00232536202420713,"Cell-type-specific",0.00232536202420713,2.63350942433272,1.98205342083826
"SUSD3",1,1,-0.763573991495446,-0.763573991495446,0.763573991495446,0.763573991495446,0.00274401698363146,0.00274401698363146,"Cell-type-specific",0.00274401698363146,2.56161320496434,1.95598121958206
"BCL2L11",1,1,-1.00213603014349,-1.00213603014349,1.00213603014349,1.00213603014349,0.011292402150492,0.011292402150492,"Cell-type-specific",0.011292402150492,1.94721366394438,1.95137297102639
"CLN8",1,1,-0.884913995729278,-0.884913995729278,0.884913995729278,0.884913995729278,0.00626001307060359,0.00626001307060359,"Cell-type-specific",0.00626001307060359,2.20342476000281,1.94984140866292
"CHKA",1,1,-0.86469302124247,-0.86469302124247,0.86469302124247,0.86469302124247,0.00559937186542312,0.00559937186542312,"Cell-type-specific",0.00559937186542312,2.25186068918685,1.94716822275013
"ATP6V1B2",1,1,-0.791618673468116,-0.791618673468116,0.791618673468116,0.791618673468116,0.00349540828452802,0.00349540828452802,"Cell-type-specific",0.00349540828452802,2.45650208877055,1.9446129248842
"HCLS1",1,1,-0.602398794554202,-0.602398794554202,0.602398794554202,0.602398794554202,0.000596674128113707,0.000596674128113707,"Cell-type-specific",0.000596674128113707,3.22426279282634,1.94229201972455
"APOL2",1,1,-1.19756273341802,-1.19756273341802,1.19756273341802,1.19756273341802,0.0239897167966925,0.0239897167966925,"Cell-type-specific",0.0239897167966925,1.61997487893337,1.94002154408397
"SNHG16",1,1,-0.634359987235953,-0.634359987235953,0.634359987235953,0.634359987235953,0.00091518469877613,0.00091518469877613,"Cell-type-specific",0.00091518469877613,3.03849124957885,1.9274972702994
"RNF144B",1,1,-0.620027018285112,-0.620027018285112,0.620027018285112,0.620027018285112,0.000804715229350434,0.000804715229350434,"Cell-type-specific",0.000804715229350434,3.09435777951029,1.9185854275371
"RGCC",1,1,-1.09354628862988,-1.09354628862988,1.09354628862988,1.09354628862988,0.0176196412967682,0.0176196412967682,"Cell-type-specific",0.0176196412967682,1.75400293726449,1.91808340229149
"PSMB8",1,1,-0.510245001040799,-0.510245001040799,0.510245001040799,0.510245001040799,0.000178604863654431,0.000178604863654431,"Cell-type-specific",0.000178604863654431,3.74810671885441,1.91245271666289
"ATP1B3",1,1,-0.944900000861288,-0.944900000861288,0.944900000861288,0.944900000861288,0.00982310034528439,0.00982310034528439,"Cell-type-specific",0.00982310034528439,2.00775141951011,1.89712431802436
"LDLRAD3",1,1,-1.42673845156251,-1.42673845156251,1.42673845156251,1.42673845156251,0.0482445590746078,0.0482445590746078,"Cell-type-specific",0.0482445590746078,1.31655165842619,1.87837487454503
"ELOA",1,1,-0.906171825519867,-0.906171825519867,0.906171825519867,0.906171825519867,0.00846276109116807,0.00846276109116807,"Cell-type-specific",0.00846276109116807,2.07248791934616,1.87803016124178
"FNIP1",1,1,-0.665927058393383,-0.665927058393383,0.665927058393383,0.665927058393383,0.00151723758634245,0.00151723758634245,"Cell-type-specific",0.00151723758634245,2.81894640711153,1.87721268865638
"APBB1IP",1,1,-0.680540801885448,-0.680540801885448,0.680540801885448,0.680540801885448,0.00179066985005332,0.00179066985005332,"Cell-type-specific",0.00179066985005332,2.74698447864963,1.8694350198671
"FPR2",1,1,-0.930745860983895,-0.930745860983895,0.930745860983895,0.930745860983895,0.010148423615837,0.010148423615837,"Cell-type-specific",0.010148423615837,1.99360141273719,1.85553626335679
"TSC22D2",1,1,1.19045700233011,1.19045700233011,1.19045700233011,1.19045700233011,0.0284733951763617,0.0284733951763617,"Cell-type-specific",0.0284733951763617,1.54556074435831,1.83992361064788
"RABGEF1",1,1,-0.911605660549484,-0.911605660549484,0.911605660549484,0.911605660549484,0.00959052479735447,0.00959052479735447,"Cell-type-specific",0.00959052479735447,2.01815762741128,1.83976391702924
"NUP210",1,1,-0.841165398882591,-0.841165398882591,0.841165398882591,0.841165398882591,0.00656312024409548,0.00656312024409548,"Cell-type-specific",0.00656312024409548,2.1828896388836,1.8361712338082
"GBP4",1,1,-0.909627667182036,-0.909627667182036,0.909627667182036,0.909627667182036,0.00993161989031202,0.00993161989031202,"Cell-type-specific",0.00993161989031202,2.00297991041218,1.82196594332071
"TWISTNB",1,1,0.938522220165634,0.938522220165634,0.938522220165634,0.938522220165634,0.0117000974965321,0.0117000974965321,"Cell-type-specific",0.0117000974965321,1.93181051927696,1.81304709749114
"CELF2",1,1,-0.610500589009048,-0.610500589009048,0.610500589009048,0.610500589009048,0.00118750300736263,0.00118750300736263,"Cell-type-specific",0.00118750300736263,2.92536528184681,1.7859372276341
"GK",1,1,-0.802099574235209,-0.802099574235209,0.802099574235209,0.802099574235209,0.00602395115101561,0.00602395115101561,"Cell-type-specific",0.00602395115101561,2.22011855854215,1.78075615055834
"CBFA2T3",1,1,-1.07449471630117,-1.07449471630117,1.07449471630117,1.07449471630117,0.0223102869228992,0.0223102869228992,"Cell-type-specific",0.0223102869228992,1.65149484440775,1.77452248431475
"AL121944.1",1,1,-0.961571463315954,-0.961571463315954,0.961571463315954,0.961571463315954,0.0142805889994848,0.0142805889994848,"Cell-type-specific",0.0142805889994848,1.84525387981819,1.77434347340622
"DDX60L",1,1,1.16435052543081,1.16435052543081,1.16435052543081,1.16435052543081,0.0306907085939352,0.0306907085939352,"Cell-type-specific",0.0306907085939352,1.51299308436442,1.76165429275289
"HPGD",1,1,-1.05245859167239,-1.05245859167239,1.05245859167239,1.05245859167239,0.021474232837563,0.021474232837563,"Cell-type-specific",0.021474232837563,1.66808234229832,1.75558759276887
"ACAP1",1,1,-0.516429726443193,-0.516429726443193,0.516429726443193,0.516429726443193,0.000409600104332016,0.000409600104332016,"Cell-type-specific",0.000409600104332016,3.38763994141012,1.74947796823046
"FCMR",1,1,-0.59551537962891,-0.59551537962891,0.59551537962891,0.59551537962891,0.00117058056656722,0.00117058056656722,"Cell-type-specific",0.00117058056656722,2.93159869011649,1.74581210686434
"S100A4",1,1,-0.74304142816182,-0.74304142816182,0.74304142816182,0.74304142816182,0.00476833050206954,0.00476833050206954,"Cell-type-specific",0.00476833050206954,2.32163365044681,1.72506998329653
"CEBPB",1,1,0.693921930879517,0.693921930879517,0.693921930879517,0.693921930879517,0.00329401023929184,0.00329401023929184,"Cell-type-specific",0.00329401023929184,2.48227505517809,1.72250509926324
"LMAN2",1,1,-0.73726899551964,-0.73726899551964,0.73726899551964,0.73726899551964,0.00494912015680694,0.00494912015680694,"Cell-type-specific",0.00494912015680694,2.30547200207796,1.69975302717067
"SMARCB1",1,1,-0.590133086049087,-0.590133086049087,0.590133086049087,0.590133086049087,0.0013242177572985,0.0013242177572985,"Cell-type-specific",0.0013242177572985,2.87804059267805,1.69842697673164
"FAM107B",1,1,0.580979189125871,0.580979189125871,0.580979189125871,0.580979189125871,0.00122703714050326,0.00122703714050326,"Cell-type-specific",0.00122703714050326,2.91114229165645,1.69131308803659
"BACH1",1,1,0.814671070448622,0.814671070448622,0.814671070448622,0.814671070448622,0.00843892326717681,0.00843892326717681,"Cell-type-specific",0.00843892326717681,2.07371296201823,1.68939395857057
"GCLC",1,1,-0.585525285184888,-0.585525285184888,0.585525285184888,0.585525285184888,0.00133349663449725,0.00133349663449725,"Cell-type-specific",0.00133349663449725,2.87500807605293,1.68338992363975
"CMTM5",1,1,0.995109825846514,0.995109825846514,0.995109825846514,0.995109825846514,0.0204668825898405,0.0204668825898405,"Cell-type-specific",0.0204668825898405,1.68894830179926,1.68068905046723
"POLR2J3",1,1,0.766530673929318,0.766530673929318,0.766530673929318,0.766530673929318,0.00646799647391655,0.00646799647391655,"Cell-type-specific",0.00646799647391655,2.18923022552491,1.67811212015804
"SERTAD1",1,1,-1.18533173463856,-1.18533173463856,1.18533173463856,1.18533173463856,0.039931049117791,0.039931049117791,"Cell-type-specific",0.039931049117791,1.39868927933529,1.65791078969485
"HSPA1A",1,1,-0.85614013136778,-0.85614013136778,0.85614013136778,0.85614013136778,0.0118778884404815,0.0118778884404815,"Cell-type-specific",0.0118778884404815,1.92526075802101,1.64829299828934
"PTGER4",1,1,-1.24214572693917,-1.24214572693917,1.24214572693917,1.24214572693917,0.0478853997191499,0.0478853997191499,"Cell-type-specific",0.0478853997191499,1.31979688299397,1.6393800586386
"DAXX",1,1,-0.616883132800695,-0.616883132800695,0.616883132800695,0.616883132800695,0.0022371596431374,0.0022371596431374,"Cell-type-specific",0.0022371596431374,2.6503030236549,1.63492723210339
"PTGDR",1,1,-1.1057334333358,-1.1057334333358,1.1057334333358,1.1057334333358,0.0334384039185875,0.0334384039185875,"Cell-type-specific",0.0334384039185875,1.47575446047623,1.63179104634301
"RAD50",1,1,-0.741103281539516,-0.741103281539516,0.741103281539516,0.741103281539516,0.00633219922619025,0.00633219922619025,"Cell-type-specific",0.00633219922619025,2.19844542964765,1.62927512219743
"TUT7",1,1,-0.667827748607918,-0.667827748607918,0.667827748607918,0.667827748607918,0.00365437588776149,0.00365437588776149,"Cell-type-specific",0.00365437588776149,2.437186783315,1.62762096243823
"APAF1",1,1,-0.548826161196855,-0.548826161196855,0.548826161196855,0.548826161196855,0.00114614718888209,0.00114614718888209,"Cell-type-specific",0.00114614718888209,2.94075960643968,1.61396580580506
"BATF3",1,1,-0.753815472648502,-0.753815472648502,0.753815472648502,0.753815472648502,0.00761685929563151,0.00761685929563151,"Cell-type-specific",0.00761685929563151,2.11822406694767,1.59675007620159
"LCP2",1,1,-0.525060297637394,-0.525060297637394,0.525060297637394,0.525060297637394,0.000965041035219383,0.000965041035219383,"Cell-type-specific",0.000965041035219383,3.0154542193086,1.58329528990211
"IFT57",1,1,-0.516065041729962,-0.516065041729962,0.516065041729962,0.516065041729962,0.000859954456248832,0.000859954456248832,"Cell-type-specific",0.000859954456248832,3.06552454866756,1.58201005413235
"TFEB",1,1,-0.894533061452623,-0.894533061452623,0.894533061452623,0.894533061452623,0.0170481797637301,0.0170481797637301,"Cell-type-specific",0.0170481797637301,1.76832198387196,1.58182247786696
"TUBB",1,1,-0.768875284009626,-0.768875284009626,0.768875284009626,0.768875284009626,0.00883133369920474,0.00883133369920474,"Cell-type-specific",0.00883133369920474,2.05397370475013,1.57924961558806
"HMGB1",1,1,0.581693851772167,0.581693851772167,0.581693851772167,0.581693851772167,0.0020390745633396,0.0020390745633396,"Cell-type-specific",0.0020390745633396,2.69056689297867,1.56508621942743
"SPN",1,1,-0.642251939782998,-0.642251939782998,0.642251939782998,0.642251939782998,0.00386667848157318,0.00386667848157318,"Cell-type-specific",0.00386667848157318,2.41266193847356,1.54953681002525
"CKLF",1,1,0.55014691862416,0.55014691862416,0.55014691862416,0.55014691862416,0.00166452840991751,0.00166452840991751,"Cell-type-specific",0.00166452840991751,2.77870878797195,1.52869807745664
"ETV3",1,1,0.995818049507502,0.995818049507502,0.995818049507502,0.995818049507502,0.0300683647920304,0.0300683647920304,"Cell-type-specific",0.0300683647920304,1.52189018949536,1.51552572006787
"GPR183",1,1,-0.54767159471746,-0.54767159471746,0.54767159471746,0.54767159471746,0.00175810258097466,0.00175810258097466,"Cell-type-specific",0.00175810258097466,2.75495578850484,1.50881103006654
"GSPT1",1,1,-0.667662831761945,-0.667662831761945,0.667662831761945,0.667662831761945,0.00573679069014556,0.00573679069014556,"Cell-type-specific",0.00573679069014556,2.24133099529327,1.49645339923333
"SP110",1,1,0.54425340937491,0.54425340937491,0.54425340937491,0.54425340937491,0.00178752433525481,0.00178752433525481,"Cell-type-specific",0.00178752433525481,2.74774803702622,1.49547123725473
"CCDC107",1,1,-0.6497098833499,-0.6497098833499,0.6497098833499,0.6497098833499,0.00499264717230045,0.00499264717230045,"Cell-type-specific",0.00499264717230045,2.30166912421872,1.49541717820621
"LYN",1,1,0.629173584277951,0.629173584277951,0.629173584277951,0.629173584277951,0.00420907467151311,0.00420907467151311,"Cell-type-specific",0.00420907467151311,2.37581336953864,1.4947990132881
"ROCK2",1,1,-0.641949422242036,-0.641949422242036,0.641949422242036,0.641949422242036,0.00483380511759153,0.00483380511759153,"Cell-type-specific",0.00483380511759153,2.31571086283625,1.48656925047734
"EMB",1,1,-0.544769961123667,-0.544769961123667,0.544769961123667,0.544769961123667,0.00188399435803492,0.00188399435803492,"Cell-type-specific",0.00188399435803492,2.72492040211531,1.48445478152545
"UNC50",1,1,-0.540592300905697,-0.540592300905697,0.540592300905697,0.540592300905697,0.0018022565442531,0.0018022565442531,"Cell-type-specific",0.0018022565442531,2.74418338881572,1.48348441226708
"TRDC",1,1,0.522328531538601,0.522328531538601,0.522328531538601,0.522328531538601,0.00176092396578486,0.00176092396578486,"Cell-type-specific",0.00176092396578486,2.75425939585156,1.43862826571154
"CIAPIN1",1,1,-0.806866292323044,-0.806866292323044,0.806866292323044,0.806866292323044,0.0168030639080456,0.0168030639080456,"Cell-type-specific",0.0168030639080456,1.77461152083163,1.43187421812718
"PDE3B",1,1,1.04068929555878,1.04068929555878,1.04068929555878,1.04068929555878,0.0422365764130418,0.0422365764130418,"Cell-type-specific",0.0422365764130418,1.374311291828,1.43023105017096
"PPP1R10",1,1,-0.957363421990421,-0.957363421990421,0.957363421990421,0.957363421990421,0.032265636784213,0.032265636784213,"Cell-type-specific",0.032265636784213,1.49125975937629,1.4276775463131
"JPT1",1,1,-0.696508233511228,-0.696508233511228,0.696508233511228,0.696508233511228,0.00895100679277578,0.00895100679277578,"Cell-type-specific",0.00895100679277578,2.04812811329238,1.42653809419396
"CTSW",1,1,0.660051562684875,0.660051562684875,0.660051562684875,0.660051562684875,0.00692033145704545,0.00692033145704545,"Cell-type-specific",0.00692033145704545,2.15987310402324,1.42562761751157
"SSNA1",1,1,-0.62300435628762,-0.62300435628762,0.62300435628762,0.62300435628762,0.00525120617573631,0.00525120617573631,"Cell-type-specific",0.00525120617573631,2.2797409298701,1.42028853051626
"CWC22",1,1,-0.729844527269522,-0.729844527269522,0.729844527269522,0.729844527269522,0.0114112759272918,0.0114112759272918,"Cell-type-specific",0.0114112759272918,1.94266579316271,1.41784399745351
"XRRA1",1,1,-0.897840671233612,-0.897840671233612,0.897840671233612,0.897840671233612,0.0266091773470744,0.0266091773470744,"Cell-type-specific",0.0266091773470744,1.574968551948,1.41407082185282
"EGLN2",1,1,-0.947605530864793,-0.947605530864793,0.947605530864793,0.947605530864793,0.0322207395181891,0.0322207395181891,"Cell-type-specific",0.0322207395181891,1.49186449604023,1.41369904774854
"OST4",1,1,0.724929050400774,0.724929050400774,0.724929050400774,0.724929050400774,0.0114514827395481,0.0114514827395481,"Cell-type-specific",0.0114514827395481,1.94113827717449,1.4071875279687
"ST3GAL1",1,1,-0.784399302557693,-0.784399302557693,0.784399302557693,0.784399302557693,0.0161359937107937,0.0161359937107937,"Cell-type-specific",0.0161359937107937,1.79220428406699,1.40580379046306
"GBP2",1,1,-0.676345939597145,-0.676345939597145,0.676345939597145,0.676345939597145,0.00842622868092719,0.00842622868092719,"Cell-type-specific",0.00842622868092719,2.07436675865361,1.40298953445066
"DDX58",1,1,-1.04545232939185,-1.04545232939185,1.04545232939185,1.04545232939185,0.0470797696404017,0.0470797696404017,"Cell-type-specific",0.0470797696404017,1.32716567081049,1.38748844203772
"NIT1",1,1,-0.804873390410555,-0.804873390410555,0.804873390410555,0.804873390410555,0.0192814170200943,0.0192814170200943,"Cell-type-specific",0.0192814170200943,1.71486105231111,1.38024602925665
"XPO1",1,1,0.680834320896978,0.680834320896978,0.680834320896978,0.680834320896978,0.00950440102290056,0.00950440102290056,"Cell-type-specific",0.00950440102290056,2.02207524761977,1.37669822801579
"AGFG1",1,1,-0.691615034949016,-0.691615034949016,0.691615034949016,0.691615034949016,0.0102384186587508,0.0102384186587508,"Cell-type-specific",0.0102384186587508,1.98976711570511,1.37615285326879
"CAPG",1,1,-0.691268862200186,-0.691268862200186,0.691268862200186,0.691268862200186,0.0104629146692945,0.0104629146692945,"Cell-type-specific",0.0104629146692945,1.98034731657166,1.36895243628768
"RSBN1L",1,1,-0.543465170602416,-0.543465170602416,0.543465170602416,0.543465170602416,0.00332858071436408,0.00332858071436408,"Cell-type-specific",0.00332858071436408,2.47774090742857,1.34656588496425
"PPDPF",1,1,0.837652899089497,0.837652899089497,0.837652899089497,0.837652899089497,0.0247103303633863,0.0247103303633863,"Cell-type-specific",0.0247103303633863,1.60712144828321,1.34620994034334
"ARL2",1,1,-0.977226297808545,-0.977226297808545,0.977226297808545,0.977226297808545,0.0441096756651901,0.0441096756651901,"Cell-type-specific",0.0441096756651901,1.35546613554139,1.32459715343996
"TMEM156",1,1,0.90433811064884,0.90433811064884,0.90433811064884,0.90433811064884,0.0350510604718537,0.0350510604718537,"Cell-type-specific",0.0350510604718537,1.45529883789398,1.3160822014905
"PNP",1,1,-0.836398147418637,-0.836398147418637,0.836398147418637,0.836398147418637,0.0269479195070225,0.0269479195070225,"Cell-type-specific",0.0269479195070225,1.56947475854766,1.31270578046957
"IL2RB",1,1,0.604098932364457,0.604098932364457,0.604098932364457,0.604098932364457,0.00686025963522052,0.00686025963522052,"Cell-type-specific",0.00686025963522052,2.16365944755712,1.30706436226953
"CNEP1R1",1,1,-0.935883051683969,-0.935883051683969,0.935883051683969,0.935883051683969,0.0404731491924687,0.0404731491924687,"Cell-type-specific",0.0404731491924687,1.39283300208975,1.3035288004819
"RAP1B",1,1,0.754548384316711,0.754548384316711,0.754548384316711,0.754548384316711,0.019741495131919,0.019741495131919,"Cell-type-specific",0.019741495131919,1.70461995891294,1.28621823587178
"ZNF267",1,1,0.975137334817538,0.975137334817538,0.975137334817538,0.975137334817538,0.0491077506321645,0.0491077506321645,"Cell-type-specific",0.0491077506321645,1.3088499581594,1.27630845987561
"ITGB2",1,1,-0.624119587677746,-0.624119587677746,0.624119587677746,0.624119587677746,0.00926975408165804,0.00926975408165804,"Cell-type-specific",0.00926975408165804,2.03293178714952,1.26879254877274
"ITGAX",1,1,-0.709450581483706,-0.709450581483706,0.709450581483706,0.709450581483706,0.0164360041395152,0.0164360041395152,"Cell-type-specific",0.0164360041395152,1.78420375803025,1.26580439361997
"MPHOSPH9",1,1,-0.930910424882221,-0.930910424882221,0.930910424882221,0.930910424882221,0.0468104223763276,0.0468104223763276,"Cell-type-specific",0.0468104223763276,1.32965744016115,1.23779197256823
"FCRLA",1,1,-0.560718384837563,-0.560718384837563,0.560718384837563,0.560718384837563,0.00624087777252988,0.00624087777252988,"Cell-type-specific",0.00624087777252988,2.20475432298483,1.23624628294769
"METTL7A",1,1,-0.621793064601322,-0.621793064601322,0.621793064601322,0.621793064601322,0.0106832812795505,0.0106832812795505,"Cell-type-specific",0.0106832812795505,1.971295336939,1.22573776878959
"WIPI2",1,1,-0.730102855768852,-0.730102855768852,0.730102855768852,0.730102855768852,0.0211708447561725,0.0211708447561725,"Cell-type-specific",0.0211708447561725,1.67426181247541,1.22238333059303
"CCNH",1,1,-0.753114784200778,-0.753114784200778,0.753114784200778,0.753114784200778,0.0244574999094121,0.0244574999094121,"Cell-type-specific",0.0244574999094121,1.61158793941092,1.21371070321003
"CSK",1,1,-0.500286523685174,-0.500286523685174,0.500286523685174,0.500286523685174,0.00390618954287245,0.00390618954287245,"Cell-type-specific",0.00390618954287245,2.40824668695027,1.20481336319069
"COA3",1,1,-0.909070698552197,-0.909070698552197,0.909070698552197,0.909070698552197,0.0483390371641103,0.0483390371641103,"Cell-type-specific",0.0483390371641103,1.31570200428994,1.19606614012638
"CRYBG1",1,1,-0.67127550889103,-0.67127550889103,0.67127550889103,0.67127550889103,0.0171314018427519,0.0171314018427519,"Cell-type-specific",0.0171314018427519,1.76620709776644,1.18561156836011
"CCDC32",1,1,-0.5766897115945,-0.5766897115945,0.5766897115945,0.5766897115945,0.00882609557472074,0.00882609557472074,"Cell-type-specific",0.00882609557472074,2.05423137403939,1.18465409864315
"NCOR1",1,1,-0.543822644982354,-0.543822644982354,0.543822644982354,0.543822644982354,0.00668289615954388,0.00668289615954388,"Cell-type-specific",0.00668289615954388,2.17503528699653,1.18283344270441
"F13A1",1,1,0.781866691146116,0.781866691146116,0.781866691146116,0.781866691146116,0.0319282379487421,0.0319282379487421,"Cell-type-specific",0.0319282379487421,1.49582504858407,1.16953578126991
"IPCEF1",1,1,-0.719612933817494,-0.719612933817494,0.719612933817494,0.719612933817494,0.0238825434535892,0.0238825434535892,"Cell-type-specific",0.0238825434535892,1.62191942339538,1.16715419468513
"NDUFA8",1,1,-0.520286729389711,-0.520286729389711,0.520286729389711,0.520286729389711,0.0058006277847414,0.0058006277847414,"Cell-type-specific",0.0058006277847414,2.23652500148969,1.16363427822339
"DOCK10",1,1,-0.620893652444926,-0.620893652444926,0.620893652444926,0.620893652444926,0.0134158424086118,0.0134158424086118,"Cell-type-specific",0.0134158424086118,1.87238205188321,1.16255013096609
"ETS2",1,1,-0.565526260779033,-0.565526260779033,0.565526260779033,0.565526260779033,0.00921864035330089,0.00921864035330089,"Cell-type-specific",0.00921864035330089,2.03533312781858,1.15103433321493
"TXN",1,1,-0.635551278767526,-0.635551278767526,0.635551278767526,0.635551278767526,0.0160272194881847,0.0160272194881847,"Cell-type-specific",0.0160272194881847,1.7951418154924,1.14090467640526
"CARS",1,1,-0.574004667698908,-0.574004667698908,0.574004667698908,0.574004667698908,0.0113524046800476,0.0113524046800476,"Cell-type-specific",0.0113524046800476,1.94491213594566,1.11638864429706
"BACH2",1,1,0.793867961598144,0.793867961598144,0.793867961598144,0.793867961598144,0.0393162574016887,0.0393162574016887,"Cell-type-specific",0.0393162574016887,1.4054278302894,1.11572412680515
"OSBPL10",1,1,-0.556302156552301,-0.556302156552301,0.556302156552301,0.556302156552301,0.0100207620839084,0.0100207620839084,"Cell-type-specific",0.0100207620839084,1.99909924890284,1.11210322332673
"DNMT1",1,1,-0.626927087208137,-0.626927087208137,0.626927087208137,0.626927087208137,0.0172163338385322,0.0172163338385322,"Cell-type-specific",0.0172163338385322,1.76405932461346,1.10593657404227
"C15orf39",1,1,0.767861342614483,0.767861342614483,0.767861342614483,0.767861342614483,0.0382963941186721,0.0382963941186721,"Cell-type-specific",0.0382963941186721,1.41684211605975,1.08793828951038
"HSPD1",1,1,-0.571936124509598,-0.571936124509598,0.571936124509598,0.571936124509598,0.0127780070352922,0.0127780070352922,"Cell-type-specific",0.0127780070352922,1.89353687709074,1.08298214309928
"SRSF10",1,1,0.568785363327027,0.568785363327027,0.568785363327027,0.568785363327027,0.0128835679765042,0.0128835679765042,"Cell-type-specific",0.0128835679765042,1.88996384676496,1.07498377325715
"SLC9A3R1",1,1,0.553210444324205,0.553210444324205,0.553210444324205,0.553210444324205,0.0117181307049929,0.0117181307049929,"Cell-type-specific",0.0117181307049929,1.93114166214514,1.0683277369683
"MTFP1",1,1,-0.72598787347194,-0.72598787347194,0.72598787347194,0.72598787347194,0.03446416935858,0.03446416935858,"Cell-type-specific",0.03446416935858,1.46263218423297,1.06185322910291
"IRF2",1,1,-0.507598003189809,-0.507598003189809,0.507598003189809,0.507598003189809,0.0088432581894075,0.0088432581894075,"Cell-type-specific",0.0088432581894075,2.05338769505746,1.04229549378569
"TALDO1",1,1,-0.770329057602331,-0.770329057602331,0.770329057602331,0.770329057602331,0.0451012478238097,0.0451012478238097,"Cell-type-specific",0.0451012478238097,1.34581144225734,1.03671766002453
"POU2AF1",1,1,-0.538995710068916,-0.538995710068916,0.538995710068916,0.538995710068916,0.012208149420466,0.012208149420466,"Cell-type-specific",0.012208149420466,1.91335016385129,1.0312875301755
"SF3B1",1,1,-0.502995249466683,-0.502995249466683,0.502995249466683,0.502995249466683,0.009142444405832,0.009142444405832,"Cell-type-specific",0.009142444405832,2.0389376718774,1.02557596291299
"KLRG1",1,1,-0.665553729419117,-0.665553729419117,0.665553729419117,0.665553729419117,0.0290185363002973,0.0290185363002973,"Cell-type-specific",0.0290185363002973,1.53732449723032,1.02317205245901
"NUFIP2",1,1,-0.573555959660299,-0.573555959660299,0.573555959660299,0.573555959660299,0.016560257418601,0.016560257418601,"Cell-type-specific",0.016560257418601,1.78093291666895,1.02146468811067
"TXNDC5",1,1,-0.561535868043821,-0.561535868043821,0.561535868043821,0.561535868043821,0.0155342034663008,0.0155342034663008,"Cell-type-specific",0.0155342034663008,1.80871101077457,1.01565610747572
"ISCA2",1,1,-0.545519685141296,-0.545519685141296,0.545519685141296,0.545519685141296,0.0143968801907526,0.0143968801907526,"Cell-type-specific",0.0143968801907526,1.84173160948361,1.00470084772027
"IL6ST",1,1,-0.606708276935029,-0.606708276935029,0.606708276935029,0.606708276935029,0.0222369985276176,0.0222369985276176,"Cell-type-specific",0.0222369985276176,1.65292383268628,1.00284257043394
"SAT1",1,1,-0.596606081849552,-0.596606081849552,0.596606081849552,0.596606081849552,0.0211259067808415,0.0211259067808415,"Cell-type-specific",0.0211259067808415,1.67518464088885,0.999425344975247
"SYNRG",1,1,-0.576466054777403,-0.576466054777403,0.576466054777403,0.576466054777403,0.0190844718710839,0.0190844718710839,"Cell-type-specific",0.0190844718710839,1.71931985387823,0.991129533065647
"RBM38",1,1,0.610807098985359,0.610807098985359,0.610807098985359,0.610807098985359,0.0241877633301044,0.0241877633301044,"Cell-type-specific",0.0241877633301044,1.61640428948451,0.987311214847523
"MYL9",1,1,0.600067598387361,0.600067598387361,0.600067598387361,0.600067598387361,0.023908357437068,0.023908357437068,"Cell-type-specific",0.023908357437068,1.6214502599579,0.972979763397501
"SH2D2A",1,1,-0.691753986640208,-0.691753986640208,0.691753986640208,0.691753986640208,0.0396753270474578,0.0396753270474578,"Cell-type-specific",0.0396753270474578,1.40147948462804,0.969479020685911
"HSH2D",1,1,0.739852976435544,0.739852976435544,0.739852976435544,0.739852976435544,0.0491175458356109,0.0491175458356109,"Cell-type-specific",0.0491175458356109,1.30876334090351,0.968292453217185
"SMIM25",1,1,-0.627979045128342,-0.627979045128342,0.627979045128342,0.627979045128342,0.0301475466720739,0.0301475466720739,"Cell-type-specific",0.0301475466720739,1.52074802382671,0.954997891883511
"FDX1",1,1,-0.649920635071626,-0.649920635071626,0.649920635071626,0.649920635071626,0.034080235633175,0.034080235633175,"Cell-type-specific",0.034080235633175,1.467497411152,0.953756849421872
"IAH1",1,1,-0.727793247464525,-0.727793247464525,0.727793247464525,0.727793247464525,0.0493322708339449,0.0493322708339449,"Cell-type-specific",0.0493322708339449,1.30686889289073,0.951130355567312
"PSTPIP2",1,1,-0.672492207712647,-0.672492207712647,0.672492207712647,0.672492207712647,0.0470087644043742,0.0470087644043742,"Cell-type-specific",0.0470087644043742,1.32782116381737,0.89294938590312
"TKT",1,1,-0.524702569383347,-0.524702569383347,0.524702569383347,0.524702569383347,0.0208370627708718,0.0208370627708718,"Cell-type-specific",0.0208370627708718,1.68116349997449,0.882110807990116
"TP53INP1",1,1,-0.635974322332837,-0.635974322332837,0.635974322332837,0.635974322332837,0.0415611029589679,0.0415611029589679,"Cell-type-specific",0.0415611029589679,1.38131293554611,0.878479558113516
"NFKBID",1,1,0.593112324877033,0.593112324877033,0.593112324877033,0.593112324877033,0.0363953398480331,0.0363953398480331,"Cell-type-specific",0.0363953398480331,1.4389542209622,0.853461483386512
"USP28",1,1,-0.593875991551996,-0.593875991551996,0.593875991551996,0.593875991551996,0.0387061828069488,0.0387061828069488,"Cell-type-specific",0.0387061828069488,1.41221965657102,0.838683348835335
"SIRT1",1,1,-0.574212823345492,-0.574212823345492,0.574212823345492,0.574212823345492,0.0356618952009652,0.0356618952009652,"Cell-type-specific",0.0356618952009652,1.44779558058158,0.831342787952872
"ARHGAP45",1,1,-0.54628700205792,-0.54628700205792,0.54628700205792,0.54628700205792,0.0315121644497112,0.0315121644497112,"Cell-type-specific",0.0315121644497112,1.50152176577927,0.820261823952273
"VAV1",1,1,-0.511859325013719,-0.511859325013719,0.511859325013719,0.511859325013719,0.0318594860877326,0.0318594860877326,"Cell-type-specific",0.0318594860877326,1.49676123390406,0.766131194892836
"PSTPIP1",1,1,-0.555930775550008,-0.555930775550008,0.555930775550008,0.555930775550008,0.0419606232716617,0.0419606232716617,"Cell-type-specific",0.0419606232716617,1.3771580695387,0.765604553653603
"PLCG2",1,1,0.530546620903132,0.530546620903132,0.530546620903132,0.530546620903132,0.0370036925057518,0.0370036925057518,"Cell-type-specific",0.0370036925057518,1.43175493661251,0.759612743581144
"SNX17",1,1,-0.5194612841368,-0.5194612841368,0.5194612841368,0.5194612841368,0.036056143803665,0.036056143803665,"Cell-type-specific",0.036056143803665,1.44302072282554,0.749593397714968
"PREX1",1,1,-0.513327831191295,-0.513327831191295,0.513327831191295,0.513327831191295,0.0353282269680694,0.0353282269680694,"Cell-type-specific",0.0353282269680694,1.45187815813,0.745289466066885
"NIBAN1",1,1,-0.526098508032694,-0.526098508032694,0.526098508032694,0.526098508032694,0.0396294471271101,0.0396294471271101,"Cell-type-specific",0.0396294471271101,1.40198198649297,0.737580631382662
"TYMP",1,1,0.537152798906357,0.537152798906357,0.537152798906357,0.537152798906357,0.0439430202516512,0.0439430202516512,"Cell-type-specific",0.0439430202516512,1.35711009685683,0.728975486950722
